<?xml version="1.0" encoding="UTF-8"?><gpx creator="Wikiloc - http://www.wikiloc.com" version="1.1" xmlns="http://www.topografix.com/GPX/1/1" xmlns:xsi="http://www.w3.org/2001/XMLSchema-instance" xsi:schemaLocation="http://www.topografix.com/GPX/1/1 http://www.topografix.com/GPX/1/1/gpx.xsd"><wpt lat="61.090518" lon="-149.668716"><ele>1064.2</ele><name><![CDATA[Foto]]></name><cmt><![CDATA[Foto]]></cmt><desc><![CDATA[]]></desc><type>36</type></wpt><wpt lat="61.088491" lon="-149.673485"><ele>980.2</ele><name><![CDATA[Foto]]></name><cmt><![CDATA[Foto]]></cmt><desc><![CDATA[]]></desc><type>36</type></wpt><wpt lat="61.092729" lon="-149.670826"><ele>927.4000000000001</ele><name><![CDATA[Foto]]></name><cmt><![CDATA[Foto]]></cmt><desc><![CDATA[]]></desc><type>36</type></wpt><trk><name><![CDATA[Anchorage - Flattop Mountain - Anchorage]]></name><cmt><![CDATA[Basher]]></cmt><desc><![CDATA[Basher]]></desc><trkseg><trkpt lat="61.102961" lon="-149.684099"><ele>668.858</ele><time>2026-08-07T18:16:44Z</time></trkpt><trkpt lat="61.10293" lon="-149.683882"><ele>669.252</ele><time>2026-08-07T18:16:51Z</time></trkpt><trkpt lat="61.102952" lon="-149.683799"><ele>669.417</ele><time>2026-08-07T18:16:54Z</time></trkpt><trkpt lat="61.10297" lon="-149.683707"><ele>669.409</ele><time>2026-08-07T18:16:58Z</time></trkpt><trkpt lat="61.103015" lon="-149.683529"><ele>669.867</ele><time>2026-08-07T18:17:06Z</time></trkpt><trkpt lat="61.103017" lon="-149.683511"><ele>669.862</ele><time>2026-08-07T18:17:07Z</time></trkpt><trkpt lat="61.103035" lon="-149.683385"><ele>670.293</ele><time>2026-08-07T18:17:13Z</time></trkpt><trkpt lat="61.103042" lon="-149.683288"><ele>670.648</ele><time>2026-08-07T18:17:18Z</time></trkpt><trkpt lat="61.103037" lon="-149.683292"><ele>670.623</ele><time>2026-08-07T18:17:19Z</time></trkpt><trkpt lat="61.103032" lon="-149.683285"><ele>670.618</ele><time>2026-08-07T18:17:20Z</time></trkpt><trkpt lat="61.103026" lon="-149.683282"><ele>670.829</ele><time>2026-08-07T18:17:22Z</time></trkpt><trkpt lat="61.103024" lon="-149.683288"><ele>670.865</ele><time>2026-08-07T18:17:24Z</time></trkpt><trkpt lat="61.103016" lon="-149.683294"><ele>670.690</ele><time>2026-08-07T18:17:27Z</time></trkpt><trkpt lat="61.103019" lon="-149.683268"><ele>670.686</ele><time>2026-08-07T18:17:33Z</time></trkpt><trkpt lat="61.10301" lon="-149.683225"><ele>670.660</ele><time>2026-08-07T18:17:38Z</time></trkpt><trkpt lat="61.102975" lon="-149.683147"><ele>670.826</ele><time>2026-08-07T18:17:44Z</time></trkpt><trkpt lat="61.102974" lon="-149.683148"><ele>671.009</ele><time>2026-08-07T18:17:45Z</time></trkpt><trkpt lat="61.102974" lon="-149.683126"><ele>671.070</ele><time>2026-08-07T18:17:56Z</time></trkpt><trkpt lat="61.102977" lon="-149.68314"><ele>671.035</ele><time>2026-08-07T18:18:03Z</time></trkpt><trkpt lat="61.10297" lon="-149.683136"><ele>671.036</ele><time>2026-08-07T18:18:07Z</time></trkpt><trkpt lat="61.102966" lon="-149.683136"><ele>671.041</ele><time>2026-08-07T18:18:09Z</time></trkpt><trkpt lat="61.102965" lon="-149.683139"><ele>671.056</ele><time>2026-08-07T18:18:11Z</time></trkpt><trkpt lat="61.102959" lon="-149.683119"><ele>671.081</ele><time>2026-08-07T18:18:21Z</time></trkpt><trkpt lat="61.102998" lon="-149.683159"><ele>671.052</ele><time>2026-08-07T18:18:31Z</time></trkpt><trkpt lat="61.103033" lon="-149.683122"><ele>671.438</ele><time>2026-08-07T18:18:38Z</time></trkpt><trkpt lat="61.103024" lon="-149.68302"><ele>672.023</ele><time>2026-08-07T18:18:43Z</time></trkpt><trkpt lat="61.103015" lon="-149.682964"><ele>672.448</ele><time>2026-08-07T18:18:47Z</time></trkpt><trkpt lat="61.103013" lon="-149.682863"><ele>672.861</ele><time>2026-08-07T18:18:52Z</time></trkpt><trkpt lat="61.103012" lon="-149.682812"><ele>672.817</ele><time>2026-08-07T18:18:54Z</time></trkpt><trkpt lat="61.103014" lon="-149.682752"><ele>673.009</ele><time>2026-08-07T18:18:57Z</time></trkpt><trkpt lat="61.103015" lon="-149.682733"><ele>673.086</ele><time>2026-08-07T18:18:58Z</time></trkpt><trkpt lat="61.103025" lon="-149.682543"><ele>673.651</ele><time>2026-08-07T18:19:09Z</time></trkpt><trkpt lat="61.103018" lon="-149.682518"><ele>673.822</ele><time>2026-08-07T18:19:13Z</time></trkpt><trkpt lat="61.10301" lon="-149.682554"><ele>674.017</ele><time>2026-08-07T18:19:16Z</time></trkpt><trkpt lat="61.102983" lon="-149.682664"><ele>675.212</ele><time>2026-08-07T18:19:24Z</time></trkpt><trkpt lat="61.102959" lon="-149.682729"><ele>675.677</ele><time>2026-08-07T18:19:27Z</time></trkpt><trkpt lat="61.102905" lon="-149.682827"><ele>676.258</ele><time>2026-08-07T18:19:33Z</time></trkpt><trkpt lat="61.102885" lon="-149.682846"><ele>676.434</ele><time>2026-08-07T18:19:36Z</time></trkpt><trkpt lat="61.102808" lon="-149.682917"><ele>677.259</ele><time>2026-08-07T18:19:44Z</time></trkpt><trkpt lat="61.102801" lon="-149.682915"><ele>677.459</ele><time>2026-08-07T18:19:45Z</time></trkpt><trkpt lat="61.102783" lon="-149.68284"><ele>678.203</ele><time>2026-08-07T18:19:52Z</time></trkpt><trkpt lat="61.102778" lon="-149.682812"><ele>678.423</ele><time>2026-08-07T18:19:53Z</time></trkpt><trkpt lat="61.102765" lon="-149.682765"><ele>678.809</ele><time>2026-08-07T18:19:55Z</time></trkpt><trkpt lat="61.102747" lon="-149.682698"><ele>679.637</ele><time>2026-08-07T18:19:59Z</time></trkpt><trkpt lat="61.102726" lon="-149.682632"><ele>680.642</ele><time>2026-08-07T18:20:04Z</time></trkpt><trkpt lat="61.102724" lon="-149.682621"><ele>680.643</ele><time>2026-08-07T18:20:05Z</time></trkpt><trkpt lat="61.102709" lon="-149.68251"><ele>681.898</ele><time>2026-08-07T18:20:12Z</time></trkpt><trkpt lat="61.102707" lon="-149.6825"><ele>681.843</ele><time>2026-08-07T18:20:13Z</time></trkpt><trkpt lat="61.102695" lon="-149.68238"><ele>682.858</ele><time>2026-08-07T18:20:21Z</time></trkpt><trkpt lat="61.102692" lon="-149.682356"><ele>682.869</ele><time>2026-08-07T18:20:22Z</time></trkpt><trkpt lat="61.102676" lon="-149.68229"><ele>683.895</ele><time>2026-08-07T18:20:27Z</time></trkpt><trkpt lat="61.102658" lon="-149.682257"><ele>684.420</ele><time>2026-08-07T18:20:31Z</time></trkpt><trkpt lat="61.102652" lon="-149.682248"><ele>684.641</ele><time>2026-08-07T18:20:32Z</time></trkpt><trkpt lat="61.102642" lon="-149.682234"><ele>684.881</ele><time>2026-08-07T18:20:34Z</time></trkpt><trkpt lat="61.10261" lon="-149.68216"><ele>685.809</ele><time>2026-08-07T18:20:40Z</time></trkpt><trkpt lat="61.102607" lon="-149.682147"><ele>686.009</ele><time>2026-08-07T18:20:41Z</time></trkpt><trkpt lat="61.102597" lon="-149.682098"><ele>686.676</ele><time>2026-08-07T18:20:46Z</time></trkpt><trkpt lat="61.102588" lon="-149.68207"><ele>687.081</ele><time>2026-08-07T18:20:49Z</time></trkpt><trkpt lat="61.102566" lon="-149.681955"><ele>688.032</ele><time>2026-08-07T18:20:57Z</time></trkpt><trkpt lat="61.10256" lon="-149.681928"><ele>688.437</ele><time>2026-08-07T18:20:59Z</time></trkpt><trkpt lat="61.102543" lon="-149.681847"><ele>689.252</ele><time>2026-08-07T18:21:05Z</time></trkpt><trkpt lat="61.102537" lon="-149.681828"><ele>689.457</ele><time>2026-08-07T18:21:07Z</time></trkpt><trkpt lat="61.102523" lon="-149.681787"><ele>690.298</ele><time>2026-08-07T18:21:11Z</time></trkpt><trkpt lat="61.102508" lon="-149.681703"><ele>691.234</ele><time>2026-08-07T18:21:17Z</time></trkpt><trkpt lat="61.102506" lon="-149.681681"><ele>691.279</ele><time>2026-08-07T18:21:18Z</time></trkpt><trkpt lat="61.102492" lon="-149.681591"><ele>692.272</ele><time>2026-08-07T18:21:24Z</time></trkpt><trkpt lat="61.102475" lon="-149.681554"><ele>692.813</ele><time>2026-08-07T18:21:27Z</time></trkpt><trkpt lat="61.102454" lon="-149.681517"><ele>693.414</ele><time>2026-08-07T18:21:30Z</time></trkpt><trkpt lat="61.102438" lon="-149.681482"><ele>694.009</ele><time>2026-08-07T18:21:33Z</time></trkpt><trkpt lat="61.102432" lon="-149.681473"><ele>694.289</ele><time>2026-08-07T18:21:34Z</time></trkpt><trkpt lat="61.102425" lon="-149.681464"><ele>694.494</ele><time>2026-08-07T18:21:35Z</time></trkpt><trkpt lat="61.102419" lon="-149.681452"><ele>694.455</ele><time>2026-08-07T18:21:36Z</time></trkpt><trkpt lat="61.102382" lon="-149.681407"><ele>695.660</ele><time>2026-08-07T18:21:42Z</time></trkpt><trkpt lat="61.102364" lon="-149.681394"><ele>696.095</ele><time>2026-08-07T18:21:44Z</time></trkpt><trkpt lat="61.102336" lon="-149.681367"><ele>696.640</ele><time>2026-08-07T18:21:48Z</time></trkpt><trkpt lat="61.10231" lon="-149.681383"><ele>697.421</ele><time>2026-08-07T18:21:53Z</time></trkpt><trkpt lat="61.102295" lon="-149.681389"><ele>697.627</ele><time>2026-08-07T18:21:55Z</time></trkpt><trkpt lat="61.102258" lon="-149.681406"><ele>698.452</ele><time>2026-08-07T18:21:59Z</time></trkpt><trkpt lat="61.102228" lon="-149.681411"><ele>698.872</ele><time>2026-08-07T18:22:03Z</time></trkpt><trkpt lat="61.102197" lon="-149.681409"><ele>699.413</ele><time>2026-08-07T18:22:07Z</time></trkpt><trkpt lat="61.102179" lon="-149.681413"><ele>699.814</ele><time>2026-08-07T18:22:10Z</time></trkpt><trkpt lat="61.102144" lon="-149.681385"><ele>700.609</ele><time>2026-08-07T18:22:15Z</time></trkpt><trkpt lat="61.102116" lon="-149.68136"><ele>700.819</ele><time>2026-08-07T18:22:18Z</time></trkpt><trkpt lat="61.102075" lon="-149.681306"><ele>701.244</ele><time>2026-08-07T18:22:24Z</time></trkpt><trkpt lat="61.102056" lon="-149.681281"><ele>701.275</ele><time>2026-08-07T18:22:26Z</time></trkpt><trkpt lat="61.102039" lon="-149.681257"><ele>701.410</ele><time>2026-08-07T18:22:28Z</time></trkpt><trkpt lat="61.102013" lon="-149.681229"><ele>701.655</ele><time>2026-08-07T18:22:31Z</time></trkpt><trkpt lat="61.101984" lon="-149.68119"><ele>701.630</ele><time>2026-08-07T18:22:35Z</time></trkpt><trkpt lat="61.101888" lon="-149.681083"><ele>701.641</ele><time>2026-08-07T18:22:46Z</time></trkpt><trkpt lat="61.101878" lon="-149.681075"><ele>701.637</ele><time>2026-08-07T18:22:47Z</time></trkpt><trkpt lat="61.101838" lon="-149.681031"><ele>701.692</ele><time>2026-08-07T18:22:51Z</time></trkpt><trkpt lat="61.101809" lon="-149.680986"><ele>701.668</ele><time>2026-08-07T18:22:55Z</time></trkpt><trkpt lat="61.101746" lon="-149.680925"><ele>701.042</ele><time>2026-08-07T18:23:02Z</time></trkpt><trkpt lat="61.101738" lon="-149.680914"><ele>701.026</ele><time>2026-08-07T18:23:03Z</time></trkpt><trkpt lat="61.101729" lon="-149.680892"><ele>701.009</ele><time>2026-08-07T18:23:09Z</time></trkpt><trkpt lat="61.101739" lon="-149.68089"><ele>701.238</ele><time>2026-08-07T18:23:14Z</time></trkpt><trkpt lat="61.101736" lon="-149.680896"><ele>701.243</ele><time>2026-08-07T18:23:16Z</time></trkpt><trkpt lat="61.101719" lon="-149.680889"><ele>700.854</ele><time>2026-08-07T18:23:26Z</time></trkpt><trkpt lat="61.101718" lon="-149.680889"><ele>700.669</ele><time>2026-08-07T18:23:29Z</time></trkpt><trkpt lat="61.101728" lon="-149.680883"><ele>700.844</ele><time>2026-08-07T18:23:34Z</time></trkpt><trkpt lat="61.101717" lon="-149.680892"><ele>700.859</ele><time>2026-08-07T18:23:42Z</time></trkpt><trkpt lat="61.101717" lon="-149.680889"><ele>700.850</ele><time>2026-08-07T18:23:44Z</time></trkpt><trkpt lat="61.101705" lon="-149.680883"><ele>700.626</ele><time>2026-08-07T18:23:47Z</time></trkpt><trkpt lat="61.101673" lon="-149.680857"><ele>700.481</ele><time>2026-08-07T18:23:51Z</time></trkpt><trkpt lat="61.101611" lon="-149.680726"><ele>700.878</ele><time>2026-08-07T18:23:59Z</time></trkpt><trkpt lat="61.101604" lon="-149.680708"><ele>701.033</ele><time>2026-08-07T18:24:00Z</time></trkpt><trkpt lat="61.101585" lon="-149.680641"><ele>701.226</ele><time>2026-08-07T18:24:03Z</time></trkpt><trkpt lat="61.101551" lon="-149.680592"><ele>701.609</ele><time>2026-08-07T18:24:07Z</time></trkpt><trkpt lat="61.101492" lon="-149.680551"><ele>702.259</ele><time>2026-08-07T18:24:13Z</time></trkpt><trkpt lat="61.101472" lon="-149.680535"><ele>702.444</ele><time>2026-08-07T18:24:15Z</time></trkpt><trkpt lat="61.101462" lon="-149.680525"><ele>702.685</ele><time>2026-08-07T18:24:16Z</time></trkpt><trkpt lat="61.101416" lon="-149.680472"><ele>703.650</ele><time>2026-08-07T18:24:22Z</time></trkpt><trkpt lat="61.101379" lon="-149.680391"><ele>704.815</ele><time>2026-08-07T18:24:28Z</time></trkpt><trkpt lat="61.101368" lon="-149.680371"><ele>705.010</ele><time>2026-08-07T18:24:30Z</time></trkpt><trkpt lat="61.101346" lon="-149.680336"><ele>705.421</ele><time>2026-08-07T18:24:34Z</time></trkpt><trkpt lat="61.10134" lon="-149.680329"><ele>705.617</ele><time>2026-08-07T18:24:35Z</time></trkpt><trkpt lat="61.101335" lon="-149.680318"><ele>705.842</ele><time>2026-08-07T18:24:36Z</time></trkpt><trkpt lat="61.101325" lon="-149.680291"><ele>706.289</ele><time>2026-08-07T18:24:38Z</time></trkpt><trkpt lat="61.10129" lon="-149.680215"><ele>706.806</ele><time>2026-08-07T18:24:43Z</time></trkpt><trkpt lat="61.101254" lon="-149.68013"><ele>707.426</ele><time>2026-08-07T18:24:48Z</time></trkpt><trkpt lat="61.101229" lon="-149.680039"><ele>708.009</ele><time>2026-08-07T18:24:53Z</time></trkpt><trkpt lat="61.101219" lon="-149.680007"><ele>708.010</ele><time>2026-08-07T18:24:55Z</time></trkpt><trkpt lat="61.101172" lon="-149.679917"><ele>708.825</ele><time>2026-08-07T18:25:02Z</time></trkpt><trkpt lat="61.101159" lon="-149.679908"><ele>709.066</ele><time>2026-08-07T18:25:03Z</time></trkpt><trkpt lat="61.101115" lon="-149.679877"><ele>710.091</ele><time>2026-08-07T18:25:09Z</time></trkpt><trkpt lat="61.101108" lon="-149.67987"><ele>710.066</ele><time>2026-08-07T18:25:10Z</time></trkpt><trkpt lat="61.10104" lon="-149.67979"><ele>711.291</ele><time>2026-08-07T18:25:18Z</time></trkpt><trkpt lat="61.100988" lon="-149.679801"><ele>712.032</ele><time>2026-08-07T18:25:24Z</time></trkpt><trkpt lat="61.100978" lon="-149.679815"><ele>712.288</ele><time>2026-08-07T18:25:26Z</time></trkpt><trkpt lat="61.100946" lon="-149.67984"><ele>712.873</ele><time>2026-08-07T18:25:30Z</time></trkpt><trkpt lat="61.100922" lon="-149.679862"><ele>713.269</ele><time>2026-08-07T18:25:33Z</time></trkpt><trkpt lat="61.100896" lon="-149.679891"><ele>714.004</ele><time>2026-08-07T18:25:38Z</time></trkpt><trkpt lat="61.100885" lon="-149.679907"><ele>714.424</ele><time>2026-08-07T18:25:40Z</time></trkpt><trkpt lat="61.100851" lon="-149.679939"><ele>715.209</ele><time>2026-08-07T18:25:46Z</time></trkpt><trkpt lat="61.100843" lon="-149.679941"><ele>715.458</ele><time>2026-08-07T18:25:47Z</time></trkpt><trkpt lat="61.100791" lon="-149.679979"><ele>716.493</ele><time>2026-08-07T18:25:55Z</time></trkpt><trkpt lat="61.100736" lon="-149.680023"><ele>717.664</ele><time>2026-08-07T18:26:03Z</time></trkpt><trkpt lat="61.100721" lon="-149.680029"><ele>718.229</ele><time>2026-08-07T18:26:06Z</time></trkpt><trkpt lat="61.100709" lon="-149.680047"><ele>718.844</ele><time>2026-08-07T18:26:10Z</time></trkpt><trkpt lat="61.100684" lon="-149.680097"><ele>719.829</ele><time>2026-08-07T18:26:16Z</time></trkpt><trkpt lat="61.100681" lon="-149.680108"><ele>720.060</ele><time>2026-08-07T18:26:17Z</time></trkpt><trkpt lat="61.100646" lon="-149.680158"><ele>721.086</ele><time>2026-08-07T18:26:24Z</time></trkpt><trkpt lat="61.100642" lon="-149.680161"><ele>721.281</ele><time>2026-08-07T18:26:25Z</time></trkpt><trkpt lat="61.100626" lon="-149.680202"><ele>722.042</ele><time>2026-08-07T18:26:31Z</time></trkpt><trkpt lat="61.100618" lon="-149.680218"><ele>722.422</ele><time>2026-08-07T18:26:33Z</time></trkpt><trkpt lat="61.100592" lon="-149.680253"><ele>723.214</ele><time>2026-08-07T18:26:38Z</time></trkpt><trkpt lat="61.100576" lon="-149.680267"><ele>723.809</ele><time>2026-08-07T18:26:41Z</time></trkpt><trkpt lat="61.100562" lon="-149.680267"><ele>724.226</ele><time>2026-08-07T18:26:44Z</time></trkpt><trkpt lat="61.100532" lon="-149.680267"><ele>725.471</ele><time>2026-08-07T18:26:51Z</time></trkpt><trkpt lat="61.100528" lon="-149.680267"><ele>725.472</ele><time>2026-08-07T18:26:52Z</time></trkpt><trkpt lat="61.100524" lon="-149.680266"><ele>725.827</ele><time>2026-08-07T18:26:53Z</time></trkpt><trkpt lat="61.100513" lon="-149.680267"><ele>726.222</ele><time>2026-08-07T18:26:55Z</time></trkpt><trkpt lat="61.100507" lon="-149.680276"><ele>726.447</ele><time>2026-08-07T18:26:57Z</time></trkpt><trkpt lat="61.100489" lon="-149.680286"><ele>727.088</ele><time>2026-08-07T18:27:01Z</time></trkpt><trkpt lat="61.100473" lon="-149.680292"><ele>727.664</ele><time>2026-08-07T18:27:04Z</time></trkpt><trkpt lat="61.100448" lon="-149.680284"><ele>728.299</ele><time>2026-08-07T18:27:09Z</time></trkpt><trkpt lat="61.100439" lon="-149.680278"><ele>728.671</ele><time>2026-08-07T18:27:12Z</time></trkpt><trkpt lat="61.100409" lon="-149.680257"><ele>729.441</ele><time>2026-08-07T18:27:17Z</time></trkpt><trkpt lat="61.100396" lon="-149.680248"><ele>729.615</ele><time>2026-08-07T18:27:19Z</time></trkpt><trkpt lat="61.100357" lon="-149.68024"><ele>730.609</ele><time>2026-08-07T18:27:25Z</time></trkpt><trkpt lat="61.100349" lon="-149.680246"><ele>730.849</ele><time>2026-08-07T18:27:26Z</time></trkpt><trkpt lat="61.100305" lon="-149.680286"><ele>731.624</ele><time>2026-08-07T18:27:32Z</time></trkpt><trkpt lat="61.100295" lon="-149.680303"><ele>731.845</ele><time>2026-08-07T18:27:34Z</time></trkpt><trkpt lat="61.10025" lon="-149.680392"><ele>732.850</ele><time>2026-08-07T18:27:42Z</time></trkpt><trkpt lat="61.100197" lon="-149.680497"><ele>733.885</ele><time>2026-08-07T18:27:52Z</time></trkpt><trkpt lat="61.100192" lon="-149.680507"><ele>733.810</ele><time>2026-08-07T18:27:53Z</time></trkpt><trkpt lat="61.100137" lon="-149.680559"><ele>734.821</ele><time>2026-08-07T18:28:00Z</time></trkpt><trkpt lat="61.100126" lon="-149.680569"><ele>734.877</ele><time>2026-08-07T18:28:01Z</time></trkpt><trkpt lat="61.100073" lon="-149.68066"><ele>735.642</ele><time>2026-08-07T18:28:08Z</time></trkpt><trkpt lat="61.100069" lon="-149.680683"><ele>735.672</ele><time>2026-08-07T18:28:09Z</time></trkpt><trkpt lat="61.100063" lon="-149.680725"><ele>735.613</ele><time>2026-08-07T18:28:11Z</time></trkpt><trkpt lat="61.100051" lon="-149.680827"><ele>735.814</ele><time>2026-08-07T18:28:17Z</time></trkpt><trkpt lat="61.100043" lon="-149.680875"><ele>736.009</ele><time>2026-08-07T18:28:19Z</time></trkpt><trkpt lat="61.100035" lon="-149.680954"><ele>736.479</ele><time>2026-08-07T18:28:24Z</time></trkpt><trkpt lat="61.100019" lon="-149.681013"><ele>737.064</ele><time>2026-08-07T18:28:30Z</time></trkpt><trkpt lat="61.100017" lon="-149.681019"><ele>737.055</ele><time>2026-08-07T18:28:33Z</time></trkpt><trkpt lat="61.10002" lon="-149.681014"><ele>737.280</ele><time>2026-08-07T18:28:38Z</time></trkpt><trkpt lat="61.10002" lon="-149.681014"><ele>737.275</ele><time>2026-08-07T18:28:40Z</time></trkpt><trkpt lat="61.100018" lon="-149.681021"><ele>737.240</ele><time>2026-08-07T18:28:41Z</time></trkpt><trkpt lat="61.10002" lon="-149.681014"><ele>737.431</ele><time>2026-08-07T18:28:45Z</time></trkpt><trkpt lat="61.10002" lon="-149.681014"><ele>737.477</ele><time>2026-08-07T18:28:47Z</time></trkpt><trkpt lat="61.10" lon="-149.681085"><ele>737.642</ele><time>2026-08-07T18:28:57Z</time></trkpt><trkpt lat="61.09999" lon="-149.681138"><ele>738.074</ele><time>2026-08-07T18:29:00Z</time></trkpt><trkpt lat="61.09997" lon="-149.681221"><ele>738.856</ele><time>2026-08-07T18:29:05Z</time></trkpt><trkpt lat="61.099967" lon="-149.681238"><ele>738.821</ele><time>2026-08-07T18:29:06Z</time></trkpt><trkpt lat="61.099965" lon="-149.681255"><ele>739.009</ele><time>2026-08-07T18:29:07Z</time></trkpt><trkpt lat="61.099944" lon="-149.681365"><ele>740.279</ele><time>2026-08-07T18:29:13Z</time></trkpt><trkpt lat="61.099939" lon="-149.6814"><ele>740.494</ele><time>2026-08-07T18:29:15Z</time></trkpt><trkpt lat="61.099933" lon="-149.681453"><ele>740.835</ele><time>2026-08-07T18:29:18Z</time></trkpt><trkpt lat="61.099928" lon="-149.681486"><ele>741.230</ele><time>2026-08-07T18:29:20Z</time></trkpt><trkpt lat="61.099919" lon="-149.681554"><ele>741.875</ele><time>2026-08-07T18:29:24Z</time></trkpt><trkpt lat="61.099903" lon="-149.681631"><ele>742.260</ele><time>2026-08-07T18:29:28Z</time></trkpt><trkpt lat="61.099889" lon="-149.681698"><ele>742.811</ele><time>2026-08-07T18:29:32Z</time></trkpt><trkpt lat="61.099876" lon="-149.681734"><ele>743.447</ele><time>2026-08-07T18:29:35Z</time></trkpt><trkpt lat="61.099863" lon="-149.681799"><ele>744.292</ele><time>2026-08-07T18:29:40Z</time></trkpt><trkpt lat="61.099861" lon="-149.681813"><ele>744.481</ele><time>2026-08-07T18:29:41Z</time></trkpt><trkpt lat="61.099858" lon="-149.681899"><ele>745.661</ele><time>2026-08-07T18:29:48Z</time></trkpt><trkpt lat="61.099851" lon="-149.681907"><ele>745.817</ele><time>2026-08-07T18:29:50Z</time></trkpt><trkpt lat="61.099834" lon="-149.681979"><ele>746.609</ele><time>2026-08-07T18:29:55Z</time></trkpt><trkpt lat="61.099821" lon="-149.682027"><ele>747.220</ele><time>2026-08-07T18:29:59Z</time></trkpt><trkpt lat="61.099811" lon="-149.682071"><ele>747.655</ele><time>2026-08-07T18:30:02Z</time></trkpt><trkpt lat="61.099809" lon="-149.682092"><ele>748.256</ele><time>2026-08-07T18:30:05Z</time></trkpt><trkpt lat="61.09981" lon="-149.682104"><ele>748.421</ele><time>2026-08-07T18:30:06Z</time></trkpt><trkpt lat="61.0998" lon="-149.682147"><ele>748.816</ele><time>2026-08-07T18:30:09Z</time></trkpt><trkpt lat="61.099789" lon="-149.682194"><ele>749.631</ele><time>2026-08-07T18:30:13Z</time></trkpt><trkpt lat="61.09978" lon="-149.682243"><ele>750.042</ele><time>2026-08-07T18:30:16Z</time></trkpt><trkpt lat="61.099769" lon="-149.682294"><ele>750.858</ele><time>2026-08-07T18:30:21Z</time></trkpt><trkpt lat="61.099766" lon="-149.682318"><ele>751.063</ele><time>2026-08-07T18:30:23Z</time></trkpt><trkpt lat="61.099755" lon="-149.682401"><ele>751.893</ele><time>2026-08-07T18:30:29Z</time></trkpt><trkpt lat="61.099752" lon="-149.682428"><ele>752.065</ele><time>2026-08-07T18:30:31Z</time></trkpt><trkpt lat="61.099737" lon="-149.682517"><ele>752.821</ele><time>2026-08-07T18:30:38Z</time></trkpt><trkpt lat="61.099731" lon="-149.682545"><ele>753.209</ele><time>2026-08-07T18:30:40Z</time></trkpt><trkpt lat="61.09972" lon="-149.68263"><ele>753.651</ele><time>2026-08-07T18:30:45Z</time></trkpt><trkpt lat="61.0997" lon="-149.682706"><ele>754.236</ele><time>2026-08-07T18:30:51Z</time></trkpt><trkpt lat="61.099697" lon="-149.68273"><ele>754.617</ele><time>2026-08-07T18:30:53Z</time></trkpt><trkpt lat="61.099675" lon="-149.682815"><ele>755.482</ele><time>2026-08-07T18:30:59Z</time></trkpt><trkpt lat="61.09967" lon="-149.682832"><ele>755.667</ele><time>2026-08-07T18:31:01Z</time></trkpt><trkpt lat="61.09965" lon="-149.682893"><ele>756.462</ele><time>2026-08-07T18:31:07Z</time></trkpt><trkpt lat="61.099636" lon="-149.682934"><ele>756.833</ele><time>2026-08-07T18:31:10Z</time></trkpt><trkpt lat="61.09963" lon="-149.682967"><ele>757.289</ele><time>2026-08-07T18:31:13Z</time></trkpt><trkpt lat="61.099627" lon="-149.682975"><ele>757.464</ele><time>2026-08-07T18:31:14Z</time></trkpt><trkpt lat="61.099623" lon="-149.682989"><ele>757.663</ele><time>2026-08-07T18:31:15Z</time></trkpt><trkpt lat="61.099614" lon="-149.683036"><ele>758.244</ele><time>2026-08-07T18:31:19Z</time></trkpt><trkpt lat="61.099608" lon="-149.683066"><ele>758.618</ele><time>2026-08-07T18:31:22Z</time></trkpt><trkpt lat="61.099588" lon="-149.683131"><ele>759.209</ele><time>2026-08-07T18:31:27Z</time></trkpt><trkpt lat="61.099573" lon="-149.683171"><ele>759.858</ele><time>2026-08-07T18:31:30Z</time></trkpt><trkpt lat="61.09955" lon="-149.683252"><ele>760.483</ele><time>2026-08-07T18:31:36Z</time></trkpt><trkpt lat="61.099537" lon="-149.683284"><ele>760.844</ele><time>2026-08-07T18:31:40Z</time></trkpt><trkpt lat="61.099532" lon="-149.683308"><ele>761.069</ele><time>2026-08-07T18:31:43Z</time></trkpt><trkpt lat="61.099512" lon="-149.683357"><ele>761.254</ele><time>2026-08-07T18:31:50Z</time></trkpt><trkpt lat="61.099488" lon="-149.683401"><ele>761.419</ele><time>2026-08-07T18:31:53Z</time></trkpt><trkpt lat="61.099468" lon="-149.68344"><ele>761.450</ele><time>2026-08-07T18:31:56Z</time></trkpt><trkpt lat="61.099452" lon="-149.683476"><ele>761.826</ele><time>2026-08-07T18:31:59Z</time></trkpt><trkpt lat="61.099407" lon="-149.683542"><ele>762.251</ele><time>2026-08-07T18:32:05Z</time></trkpt><trkpt lat="61.099345" lon="-149.683613"><ele>762.438</ele><time>2026-08-07T18:32:12Z</time></trkpt><trkpt lat="61.099267" lon="-149.683654"><ele>762.470</ele><time>2026-08-07T18:32:20Z</time></trkpt><trkpt lat="61.099196" lon="-149.683675"><ele>762.617</ele><time>2026-08-07T18:32:28Z</time></trkpt><trkpt lat="61.099188" lon="-149.683679"><ele>762.609</ele><time>2026-08-07T18:32:29Z</time></trkpt><trkpt lat="61.099153" lon="-149.683684"><ele>762.835</ele><time>2026-08-07T18:32:33Z</time></trkpt><trkpt lat="61.099123" lon="-149.68369"><ele>763.030</ele><time>2026-08-07T18:32:36Z</time></trkpt><trkpt lat="61.099098" lon="-149.683692"><ele>763.241</ele><time>2026-08-07T18:32:39Z</time></trkpt><trkpt lat="61.099066" lon="-149.68369"><ele>764.056</ele><time>2026-08-07T18:32:43Z</time></trkpt><trkpt lat="61.099061" lon="-149.683688"><ele>764.281</ele><time>2026-08-07T18:32:44Z</time></trkpt><trkpt lat="61.099051" lon="-149.683683"><ele>764.416</ele><time>2026-08-07T18:32:45Z</time></trkpt><trkpt lat="61.099035" lon="-149.683687"><ele>765.047</ele><time>2026-08-07T18:32:48Z</time></trkpt><trkpt lat="61.099035" lon="-149.683686"><ele>765.283</ele><time>2026-08-07T18:32:49Z</time></trkpt><trkpt lat="61.099029" lon="-149.683693"><ele>765.618</ele><time>2026-08-07T18:32:51Z</time></trkpt><trkpt lat="61.098992" lon="-149.683706"><ele>766.298</ele><time>2026-08-07T18:32:56Z</time></trkpt><trkpt lat="61.098967" lon="-149.683715"><ele>766.615</ele><time>2026-08-07T18:32:59Z</time></trkpt><trkpt lat="61.098935" lon="-149.683726"><ele>767.226</ele><time>2026-08-07T18:33:03Z</time></trkpt><trkpt lat="61.098922" lon="-149.683732"><ele>767.409</ele><time>2026-08-07T18:33:05Z</time></trkpt><trkpt lat="61.098908" lon="-149.683737"><ele>767.611</ele><time>2026-08-07T18:33:07Z</time></trkpt><trkpt lat="61.098864" lon="-149.683748"><ele>768.096</ele><time>2026-08-07T18:33:12Z</time></trkpt><trkpt lat="61.098823" lon="-149.683767"><ele>768.277</ele><time>2026-08-07T18:33:17Z</time></trkpt><trkpt lat="61.098804" lon="-149.683774"><ele>768.432</ele><time>2026-08-07T18:33:19Z</time></trkpt><trkpt lat="61.098747" lon="-149.683812"><ele>768.867</ele><time>2026-08-07T18:33:26Z</time></trkpt><trkpt lat="61.098724" lon="-149.683816"><ele>768.872</ele><time>2026-08-07T18:33:29Z</time></trkpt><trkpt lat="61.098717" lon="-149.683821"><ele>769.063</ele><time>2026-08-07T18:33:30Z</time></trkpt><trkpt lat="61.098671" lon="-149.683845"><ele>769.269</ele><time>2026-08-07T18:33:36Z</time></trkpt><trkpt lat="61.098664" lon="-149.683845"><ele>769.454</ele><time>2026-08-07T18:33:37Z</time></trkpt><trkpt lat="61.098592" lon="-149.68384"><ele>769.651</ele><time>2026-08-07T18:33:46Z</time></trkpt><trkpt lat="61.098585" lon="-149.683838"><ele>769.601</ele><time>2026-08-07T18:33:47Z</time></trkpt><trkpt lat="61.098534" lon="-149.683797"><ele>769.811</ele><time>2026-08-07T18:33:53Z</time></trkpt><trkpt lat="61.098465" lon="-149.683707"><ele>770.009</ele><time>2026-08-07T18:34:02Z</time></trkpt><trkpt lat="61.098393" lon="-149.683619"><ele>770.227</ele><time>2026-08-07T18:34:11Z</time></trkpt><trkpt lat="61.098362" lon="-149.683574"><ele>770.252</ele><time>2026-08-07T18:34:15Z</time></trkpt><trkpt lat="61.098319" lon="-149.683503"><ele>770.033</ele><time>2026-08-07T18:34:21Z</time></trkpt><trkpt lat="61.098305" lon="-149.683479"><ele>770.248</ele><time>2026-08-07T18:34:23Z</time></trkpt><trkpt lat="61.098282" lon="-149.683434"><ele>770.433</ele><time>2026-08-07T18:34:26Z</time></trkpt><trkpt lat="61.098271" lon="-149.683409"><ele>770.468</ele><time>2026-08-07T18:34:28Z</time></trkpt><trkpt lat="61.098201" lon="-149.683284"><ele>770.429</ele><time>2026-08-07T18:34:37Z</time></trkpt><trkpt lat="61.098186" lon="-149.683263"><ele>770.495</ele><time>2026-08-07T18:34:39Z</time></trkpt><trkpt lat="61.098115" lon="-149.683132"><ele>770.060</ele><time>2026-08-07T18:34:48Z</time></trkpt><trkpt lat="61.098035" lon="-149.683016"><ele>769.898</ele><time>2026-08-07T18:34:57Z</time></trkpt><trkpt lat="61.097957" lon="-149.682903"><ele>769.215</ele><time>2026-08-07T18:35:07Z</time></trkpt><trkpt lat="61.097949" lon="-149.682889"><ele>769.226</ele><time>2026-08-07T18:35:08Z</time></trkpt><trkpt lat="61.097864" lon="-149.682764"><ele>768.409</ele><time>2026-08-07T18:35:18Z</time></trkpt><trkpt lat="61.097847" lon="-149.682734"><ele>768.251</ele><time>2026-08-07T18:35:20Z</time></trkpt><trkpt lat="61.097777" lon="-149.682631"><ele>767.826</ele><time>2026-08-07T18:35:29Z</time></trkpt><trkpt lat="61.09767" lon="-149.682493"><ele>767.427</ele><time>2026-08-07T18:35:41Z</time></trkpt><trkpt lat="61.097632" lon="-149.682409"><ele>767.222</ele><time>2026-08-07T18:35:47Z</time></trkpt><trkpt lat="61.097613" lon="-149.682341"><ele>767.417</ele><time>2026-08-07T18:35:51Z</time></trkpt><trkpt lat="61.097585" lon="-149.682212"><ele>767.862</ele><time>2026-08-07T18:35:59Z</time></trkpt><trkpt lat="61.097563" lon="-149.682078"><ele>768.683</ele><time>2026-08-07T18:36:07Z</time></trkpt><trkpt lat="61.097542" lon="-149.681985"><ele>769.039</ele><time>2026-08-07T18:36:13Z</time></trkpt><trkpt lat="61.097539" lon="-149.681967"><ele>769.234</ele><time>2026-08-07T18:36:14Z</time></trkpt><trkpt lat="61.097534" lon="-149.681954"><ele>769.268</ele><time>2026-08-07T18:36:15Z</time></trkpt><trkpt lat="61.097511" lon="-149.681817"><ele>769.842</ele><time>2026-08-07T18:36:23Z</time></trkpt><trkpt lat="61.097499" lon="-149.681732"><ele>770.226</ele><time>2026-08-07T18:36:28Z</time></trkpt><trkpt lat="61.09749" lon="-149.681644"><ele>770.609</ele><time>2026-08-07T18:36:33Z</time></trkpt><trkpt lat="61.097464" lon="-149.681491"><ele>771.278</ele><time>2026-08-07T18:36:42Z</time></trkpt><trkpt lat="61.097453" lon="-149.681434"><ele>771.453</ele><time>2026-08-07T18:36:45Z</time></trkpt><trkpt lat="61.097436" lon="-149.681281"><ele>771.424</ele><time>2026-08-07T18:36:53Z</time></trkpt><trkpt lat="61.097432" lon="-149.681264"><ele>771.459</ele><time>2026-08-07T18:36:54Z</time></trkpt><trkpt lat="61.097397" lon="-149.681106"><ele>771.294</ele><time>2026-08-07T18:37:02Z</time></trkpt><trkpt lat="61.097352" lon="-149.680934"><ele>771.259</ele><time>2026-08-07T18:37:11Z</time></trkpt><trkpt lat="61.09734" lon="-149.680819"><ele>771.480</ele><time>2026-08-07T18:37:17Z</time></trkpt><trkpt lat="61.097322" lon="-149.680699"><ele>771.876</ele><time>2026-08-07T18:37:23Z</time></trkpt><trkpt lat="61.097317" lon="-149.680656"><ele>772.091</ele><time>2026-08-07T18:37:26Z</time></trkpt><trkpt lat="61.097303" lon="-149.68059"><ele>772.435</ele><time>2026-08-07T18:37:30Z</time></trkpt><trkpt lat="61.097294" lon="-149.680552"><ele>772.686</ele><time>2026-08-07T18:37:32Z</time></trkpt><trkpt lat="61.097259" lon="-149.680424"><ele>773.214</ele><time>2026-08-07T18:37:40Z</time></trkpt><trkpt lat="61.097249" lon="-149.68039"><ele>773.409</ele><time>2026-08-07T18:37:42Z</time></trkpt><trkpt lat="61.097217" lon="-149.680307"><ele>773.885</ele><time>2026-08-07T18:37:48Z</time></trkpt><trkpt lat="61.097172" lon="-149.680169"><ele>774.040</ele><time>2026-08-07T18:37:56Z</time></trkpt><trkpt lat="61.097167" lon="-149.680158"><ele>774.241</ele><time>2026-08-07T18:37:58Z</time></trkpt><trkpt lat="61.097165" lon="-149.680159"><ele>774.226</ele><time>2026-08-07T18:38:07Z</time></trkpt><trkpt lat="61.097163" lon="-149.680155"><ele>774.431</ele><time>2026-08-07T18:38:08Z</time></trkpt><trkpt lat="61.097163" lon="-149.680155"><ele>774.436</ele><time>2026-08-07T18:38:09Z</time></trkpt><trkpt lat="61.097156" lon="-149.680137"><ele>774.427</ele><time>2026-08-07T18:38:14Z</time></trkpt><trkpt lat="61.097094" lon="-149.679996"><ele>774.463</ele><time>2026-08-07T18:38:22Z</time></trkpt><trkpt lat="61.097044" lon="-149.679878"><ele>774.638</ele><time>2026-08-07T18:38:29Z</time></trkpt><trkpt lat="61.096995" lon="-149.679783"><ele>775.468</ele><time>2026-08-07T18:38:36Z</time></trkpt><trkpt lat="61.09697" lon="-149.679741"><ele>776.042</ele><time>2026-08-07T18:38:39Z</time></trkpt><trkpt lat="61.096911" lon="-149.679654"><ele>776.426</ele><time>2026-08-07T18:38:46Z</time></trkpt><trkpt lat="61.096892" lon="-149.679626"><ele>776.609</ele><time>2026-08-07T18:38:49Z</time></trkpt><trkpt lat="61.096855" lon="-149.679559"><ele>776.878</ele><time>2026-08-07T18:38:54Z</time></trkpt><trkpt lat="61.096821" lon="-149.679501"><ele>776.873</ele><time>2026-08-07T18:38:58Z</time></trkpt><trkpt lat="61.096742" lon="-149.679378"><ele>777.044</ele><time>2026-08-07T18:39:08Z</time></trkpt><trkpt lat="61.096657" lon="-149.679265"><ele>776.429</ele><time>2026-08-07T18:39:18Z</time></trkpt><trkpt lat="61.096581" lon="-149.679163"><ele>775.884</ele><time>2026-08-07T18:39:26Z</time></trkpt><trkpt lat="61.096523" lon="-149.679061"><ele>775.659</ele><time>2026-08-07T18:39:33Z</time></trkpt><trkpt lat="61.096447" lon="-149.678943"><ele>776.040</ele><time>2026-08-07T18:39:42Z</time></trkpt><trkpt lat="61.09639" lon="-149.678864"><ele>776.486</ele><time>2026-08-07T18:39:49Z</time></trkpt><trkpt lat="61.096326" lon="-149.678764"><ele>776.671</ele><time>2026-08-07T18:39:57Z</time></trkpt><trkpt lat="61.096276" lon="-149.678685"><ele>776.646</ele><time>2026-08-07T18:40:03Z</time></trkpt><trkpt lat="61.09623" lon="-149.678594"><ele>776.488</ele><time>2026-08-07T18:40:09Z</time></trkpt><trkpt lat="61.096203" lon="-149.678539"><ele>776.016</ele><time>2026-08-07T18:40:14Z</time></trkpt><trkpt lat="61.096198" lon="-149.678539"><ele>776.009</ele><time>2026-08-07T18:40:16Z</time></trkpt><trkpt lat="61.096208" lon="-149.678559"><ele>776.016</ele><time>2026-08-07T18:40:18Z</time></trkpt><trkpt lat="61.096214" lon="-149.678569"><ele>776.271</ele><time>2026-08-07T18:40:19Z</time></trkpt><trkpt lat="61.096219" lon="-149.678649"><ele>775.812</ele><time>2026-08-07T18:40:24Z</time></trkpt><trkpt lat="61.096208" lon="-149.678634"><ele>775.657</ele><time>2026-08-07T18:40:25Z</time></trkpt><trkpt lat="61.096202" lon="-149.678619"><ele>775.412</ele><time>2026-08-07T18:40:26Z</time></trkpt><trkpt lat="61.096153" lon="-149.678503"><ele>775.217</ele><time>2026-08-07T18:40:32Z</time></trkpt><trkpt lat="61.096104" lon="-149.678417"><ele>774.228</ele><time>2026-08-07T18:40:38Z</time></trkpt><trkpt lat="61.096087" lon="-149.678386"><ele>773.894</ele><time>2026-08-07T18:40:40Z</time></trkpt><trkpt lat="61.096064" lon="-149.678338"><ele>773.039</ele><time>2026-08-07T18:40:43Z</time></trkpt><trkpt lat="61.096028" lon="-149.67824"><ele>771.898</ele><time>2026-08-07T18:40:48Z</time></trkpt><trkpt lat="61.095981" lon="-149.678122"><ele>771.015</ele><time>2026-08-07T18:40:54Z</time></trkpt><trkpt lat="61.095964" lon="-149.678061"><ele>770.826</ele><time>2026-08-07T18:40:57Z</time></trkpt><trkpt lat="61.095906" lon="-149.677945"><ele>771.209</ele><time>2026-08-07T18:41:04Z</time></trkpt><trkpt lat="61.095876" lon="-149.677892"><ele>771.871</ele><time>2026-08-07T18:41:09Z</time></trkpt><trkpt lat="61.095853" lon="-149.677852"><ele>772.626</ele><time>2026-08-07T18:41:13Z</time></trkpt><trkpt lat="61.09584" lon="-149.677836"><ele>773.097</ele><time>2026-08-07T18:41:15Z</time></trkpt><trkpt lat="61.095811" lon="-149.677804"><ele>774.052</ele><time>2026-08-07T18:41:20Z</time></trkpt><trkpt lat="61.095809" lon="-149.677804"><ele>774.217</ele><time>2026-08-07T18:41:21Z</time></trkpt><trkpt lat="61.095774" lon="-149.677762"><ele>775.062</ele><time>2026-08-07T18:41:27Z</time></trkpt><trkpt lat="61.095767" lon="-149.677748"><ele>775.243</ele><time>2026-08-07T18:41:28Z</time></trkpt><trkpt lat="61.095698" lon="-149.67761"><ele>775.489</ele><time>2026-08-07T18:41:37Z</time></trkpt><trkpt lat="61.095646" lon="-149.677569"><ele>775.234</ele><time>2026-08-07T18:41:42Z</time></trkpt><trkpt lat="61.095628" lon="-149.677555"><ele>775.272</ele><time>2026-08-07T18:41:44Z</time></trkpt><trkpt lat="61.09561" lon="-149.677547"><ele>775.213</ele><time>2026-08-07T18:41:46Z</time></trkpt><trkpt lat="61.095562" lon="-149.677511"><ele>775.814</ele><time>2026-08-07T18:41:53Z</time></trkpt><trkpt lat="61.095554" lon="-149.6775"><ele>776.209</ele><time>2026-08-07T18:41:55Z</time></trkpt><trkpt lat="61.095511" lon="-149.677465"><ele>777.459</ele><time>2026-08-07T18:42:01Z</time></trkpt><trkpt lat="61.095479" lon="-149.677412"><ele>778.664</ele><time>2026-08-07T18:42:07Z</time></trkpt><trkpt lat="61.095468" lon="-149.677413"><ele>779.045</ele><time>2026-08-07T18:42:09Z</time></trkpt><trkpt lat="61.095452" lon="-149.677428"><ele>779.660</ele><time>2026-08-07T18:42:12Z</time></trkpt><trkpt lat="61.095422" lon="-149.677465"><ele>780.485</ele><time>2026-08-07T18:42:17Z</time></trkpt><trkpt lat="61.095409" lon="-149.677476"><ele>780.640</ele><time>2026-08-07T18:42:19Z</time></trkpt><trkpt lat="61.095381" lon="-149.677506"><ele>781.681</ele><time>2026-08-07T18:42:25Z</time></trkpt><trkpt lat="61.095375" lon="-149.677511"><ele>781.667</ele><time>2026-08-07T18:42:26Z</time></trkpt><trkpt lat="61.095337" lon="-149.677584"><ele>782.892</ele><time>2026-08-07T18:42:33Z</time></trkpt><trkpt lat="61.095331" lon="-149.677596"><ele>783.036</ele><time>2026-08-07T18:42:34Z</time></trkpt><trkpt lat="61.095317" lon="-149.677616"><ele>783.017</ele><time>2026-08-07T18:42:36Z</time></trkpt><trkpt lat="61.095303" lon="-149.677634"><ele>783.018</ele><time>2026-08-07T18:42:38Z</time></trkpt><trkpt lat="61.095262" lon="-149.67769"><ele>783.809</ele><time>2026-08-07T18:42:45Z</time></trkpt><trkpt lat="61.095256" lon="-149.677693"><ele>784.055</ele><time>2026-08-07T18:42:46Z</time></trkpt><trkpt lat="61.09521" lon="-149.677719"><ele>785.010</ele><time>2026-08-07T18:42:53Z</time></trkpt><trkpt lat="61.095205" lon="-149.677723"><ele>785.081</ele><time>2026-08-07T18:42:54Z</time></trkpt><trkpt lat="61.095173" lon="-149.677748"><ele>786.016</ele><time>2026-08-07T18:43:01Z</time></trkpt><trkpt lat="61.095161" lon="-149.677758"><ele>786.281</ele><time>2026-08-07T18:43:03Z</time></trkpt><trkpt lat="61.09512" lon="-149.677795"><ele>787.076</ele><time>2026-08-07T18:43:10Z</time></trkpt><trkpt lat="61.095107" lon="-149.677813"><ele>787.417</ele><time>2026-08-07T18:43:12Z</time></trkpt><trkpt lat="61.095076" lon="-149.677855"><ele>788.033</ele><time>2026-08-07T18:43:18Z</time></trkpt><trkpt lat="61.095045" lon="-149.677882"><ele>788.688</ele><time>2026-08-07T18:43:23Z</time></trkpt><trkpt lat="61.094991" lon="-149.677947"><ele>789.212</ele><time>2026-08-07T18:43:31Z</time></trkpt><trkpt lat="61.094972" lon="-149.677971"><ele>789.232</ele><time>2026-08-07T18:43:33Z</time></trkpt><trkpt lat="61.094918" lon="-149.678035"><ele>789.205</ele><time>2026-08-07T18:43:39Z</time></trkpt><trkpt lat="61.09491" lon="-149.678045"><ele>789.209</ele><time>2026-08-07T18:43:40Z</time></trkpt><trkpt lat="61.094835" lon="-149.678092"><ele>789.273</ele><time>2026-08-07T18:43:48Z</time></trkpt><trkpt lat="61.094768" lon="-149.678117"><ele>790.238</ele><time>2026-08-07T18:43:55Z</time></trkpt><trkpt lat="61.094751" lon="-149.678126"><ele>790.419</ele><time>2026-08-07T18:43:57Z</time></trkpt><trkpt lat="61.094638" lon="-149.67817"><ele>791.094</ele><time>2026-08-07T18:44:09Z</time></trkpt><trkpt lat="61.094628" lon="-149.678164"><ele>791.249</ele><time>2026-08-07T18:44:11Z</time></trkpt><trkpt lat="61.094542" lon="-149.678177"><ele>792.034</ele><time>2026-08-07T18:44:20Z</time></trkpt><trkpt lat="61.09448" lon="-149.678192"><ele>792.415</ele><time>2026-08-07T18:44:27Z</time></trkpt><trkpt lat="61.094438" lon="-149.678204"><ele>792.681</ele><time>2026-08-07T18:44:31Z</time></trkpt><trkpt lat="61.094386" lon="-149.678224"><ele>793.236</ele><time>2026-08-07T18:44:38Z</time></trkpt><trkpt lat="61.09438" lon="-149.678226"><ele>793.434</ele><time>2026-08-07T18:44:39Z</time></trkpt><trkpt lat="61.094358" lon="-149.67824"><ele>793.655</ele><time>2026-08-07T18:44:41Z</time></trkpt><trkpt lat="61.094265" lon="-149.678255"><ele>794.010</ele><time>2026-08-07T18:44:50Z</time></trkpt><trkpt lat="61.094214" lon="-149.678275"><ele>793.809</ele><time>2026-08-07T18:44:58Z</time></trkpt><trkpt lat="61.094203" lon="-149.678278"><ele>793.885</ele><time>2026-08-07T18:44:59Z</time></trkpt><trkpt lat="61.094135" lon="-149.678286"><ele>794.010</ele><time>2026-08-07T18:45:08Z</time></trkpt><trkpt lat="61.094121" lon="-149.678277"><ele>794.411</ele><time>2026-08-07T18:45:11Z</time></trkpt><trkpt lat="61.094081" lon="-149.678268"><ele>795.626</ele><time>2026-08-07T18:45:17Z</time></trkpt><trkpt lat="61.094075" lon="-149.678272"><ele>795.821</ele><time>2026-08-07T18:45:18Z</time></trkpt><trkpt lat="61.094055" lon="-149.678287"><ele>796.066</ele><time>2026-08-07T18:45:21Z</time></trkpt><trkpt lat="61.094048" lon="-149.678293"><ele>796.217</ele><time>2026-08-07T18:45:22Z</time></trkpt><trkpt lat="61.094043" lon="-149.678295"><ele>796.233</ele><time>2026-08-07T18:45:23Z</time></trkpt><trkpt lat="61.093998" lon="-149.678314"><ele>796.688</ele><time>2026-08-07T18:45:28Z</time></trkpt><trkpt lat="61.09399" lon="-149.678319"><ele>796.883</ele><time>2026-08-07T18:45:29Z</time></trkpt><trkpt lat="61.093945" lon="-149.678339"><ele>796.825</ele><time>2026-08-07T18:45:33Z</time></trkpt><trkpt lat="61.093921" lon="-149.678337"><ele>797.017</ele><time>2026-08-07T18:45:36Z</time></trkpt><trkpt lat="61.093883" lon="-149.678342"><ele>797.209</ele><time>2026-08-07T18:45:40Z</time></trkpt><trkpt lat="61.093825" lon="-149.678357"><ele>797.270</ele><time>2026-08-07T18:45:45Z</time></trkpt><trkpt lat="61.0938" lon="-149.678373"><ele>797.035</ele><time>2026-08-07T18:45:48Z</time></trkpt><trkpt lat="61.093768" lon="-149.6784"><ele>796.826</ele><time>2026-08-07T18:45:54Z</time></trkpt><trkpt lat="61.093746" lon="-149.678442"><ele>796.251</ele><time>2026-08-07T18:45:58Z</time></trkpt><trkpt lat="61.093685" lon="-149.678493"><ele>795.616</ele><time>2026-08-07T18:46:04Z</time></trkpt><trkpt lat="61.093667" lon="-149.6785"><ele>795.481</ele><time>2026-08-07T18:46:06Z</time></trkpt><trkpt lat="61.093629" lon="-149.678536"><ele>794.682</ele><time>2026-08-07T18:46:11Z</time></trkpt><trkpt lat="61.093611" lon="-149.678539"><ele>794.068</ele><time>2026-08-07T18:46:14Z</time></trkpt><trkpt lat="61.093583" lon="-149.678551"><ele>793.433</ele><time>2026-08-07T18:46:17Z</time></trkpt><trkpt lat="61.093541" lon="-149.678574"><ele>792.845</ele><time>2026-08-07T18:46:21Z</time></trkpt><trkpt lat="61.093525" lon="-149.678566"><ele>792.847</ele><time>2026-08-07T18:46:25Z</time></trkpt><trkpt lat="61.093507" lon="-149.678552"><ele>792.811</ele><time>2026-08-07T18:46:27Z</time></trkpt><trkpt lat="61.093422" lon="-149.678525"><ele>793.609</ele><time>2026-08-07T18:46:35Z</time></trkpt><trkpt lat="61.093347" lon="-149.67849"><ele>794.416</ele><time>2026-08-07T18:46:43Z</time></trkpt><trkpt lat="61.093336" lon="-149.678491"><ele>794.491</ele><time>2026-08-07T18:46:44Z</time></trkpt><trkpt lat="61.0933" lon="-149.678459"><ele>795.632</ele><time>2026-08-07T18:46:51Z</time></trkpt><trkpt lat="61.093281" lon="-149.678405"><ele>796.657</ele><time>2026-08-07T18:46:56Z</time></trkpt><trkpt lat="61.093267" lon="-149.678386"><ele>797.272</ele><time>2026-08-07T18:46:59Z</time></trkpt><trkpt lat="61.093251" lon="-149.678366"><ele>797.647</ele><time>2026-08-07T18:47:02Z</time></trkpt><trkpt lat="61.093218" lon="-149.67831"><ele>797.638</ele><time>2026-08-07T18:47:07Z</time></trkpt><trkpt lat="61.093202" lon="-149.678244"><ele>798.894</ele><time>2026-08-07T18:47:14Z</time></trkpt><trkpt lat="61.093164" lon="-149.678146"><ele>799.889</ele><time>2026-08-07T18:47:23Z</time></trkpt><trkpt lat="61.093151" lon="-149.678073"><ele>800.871</ele><time>2026-08-07T18:47:32Z</time></trkpt><trkpt lat="61.093152" lon="-149.678065"><ele>801.041</ele><time>2026-08-07T18:47:33Z</time></trkpt><trkpt lat="61.093149" lon="-149.678049"><ele>801.615</ele><time>2026-08-07T18:47:35Z</time></trkpt><trkpt lat="61.093144" lon="-149.678028"><ele>802.009</ele><time>2026-08-07T18:47:37Z</time></trkpt><trkpt lat="61.093129" lon="-149.677964"><ele>803.299</ele><time>2026-08-07T18:47:43Z</time></trkpt><trkpt lat="61.093121" lon="-149.677926"><ele>804.484</ele><time>2026-08-07T18:47:49Z</time></trkpt><trkpt lat="61.093118" lon="-149.677872"><ele>805.295</ele><time>2026-08-07T18:47:54Z</time></trkpt><trkpt lat="61.093119" lon="-149.67786"><ele>805.660</ele><time>2026-08-07T18:47:55Z</time></trkpt><trkpt lat="61.093123" lon="-149.677862"><ele>806.295</ele><time>2026-08-07T18:47:58Z</time></trkpt><trkpt lat="61.093125" lon="-149.677852"><ele>806.680</ele><time>2026-08-07T18:48:00Z</time></trkpt><trkpt lat="61.093124" lon="-149.677817"><ele>807.291</ele><time>2026-08-07T18:48:03Z</time></trkpt><trkpt lat="61.093127" lon="-149.677794"><ele>807.697</ele><time>2026-08-07T18:48:05Z</time></trkpt><trkpt lat="61.09314" lon="-149.677766"><ele>808.812</ele><time>2026-08-07T18:48:11Z</time></trkpt><trkpt lat="61.093147" lon="-149.677767"><ele>809.225</ele><time>2026-08-07T18:48:13Z</time></trkpt><trkpt lat="61.093156" lon="-149.677765"><ele>810.026</ele><time>2026-08-07T18:48:16Z</time></trkpt><trkpt lat="61.093179" lon="-149.677755"><ele>811.008</ele><time>2026-08-07T18:48:22Z</time></trkpt><trkpt lat="61.093186" lon="-149.677755"><ele>811.409</ele><time>2026-08-07T18:48:24Z</time></trkpt><trkpt lat="61.093209" lon="-149.677763"><ele>812.254</ele><time>2026-08-07T18:48:29Z</time></trkpt><trkpt lat="61.093238" lon="-149.677785"><ele>813.269</ele><time>2026-08-07T18:48:35Z</time></trkpt><trkpt lat="61.09324" lon="-149.677787"><ele>813.490</ele><time>2026-08-07T18:48:36Z</time></trkpt><trkpt lat="61.093265" lon="-149.67779"><ele>814.235</ele><time>2026-08-07T18:48:41Z</time></trkpt><trkpt lat="61.093302" lon="-149.677778"><ele>815.260</ele><time>2026-08-07T18:48:46Z</time></trkpt><trkpt lat="61.093306" lon="-149.677777"><ele>815.495</ele><time>2026-08-07T18:48:47Z</time></trkpt><trkpt lat="61.093337" lon="-149.67778"><ele>816.496</ele><time>2026-08-07T18:48:55Z</time></trkpt><trkpt lat="61.09334" lon="-149.677779"><ele>816.452</ele><time>2026-08-07T18:48:56Z</time></trkpt><trkpt lat="61.093372" lon="-149.677813"><ele>817.657</ele><time>2026-08-07T18:49:03Z</time></trkpt><trkpt lat="61.093386" lon="-149.677827"><ele>818.076</ele><time>2026-08-07T18:49:05Z</time></trkpt><trkpt lat="61.093395" lon="-149.677852"><ele>818.690</ele><time>2026-08-07T18:49:09Z</time></trkpt><trkpt lat="61.093415" lon="-149.67786"><ele>819.219</ele><time>2026-08-07T18:49:14Z</time></trkpt><trkpt lat="61.093433" lon="-149.677857"><ele>819.809</ele><time>2026-08-07T18:49:19Z</time></trkpt><trkpt lat="61.093449" lon="-149.67786"><ele>820.499</ele><time>2026-08-07T18:49:22Z</time></trkpt><trkpt lat="61.093469" lon="-149.677835"><ele>820.844</ele><time>2026-08-07T18:49:26Z</time></trkpt><trkpt lat="61.093463" lon="-149.6778"><ele>821.225</ele><time>2026-08-07T18:49:29Z</time></trkpt><trkpt lat="61.093462" lon="-149.677797"><ele>821.890</ele><time>2026-08-07T18:49:36Z</time></trkpt><trkpt lat="61.093454" lon="-149.677785"><ele>821.465</ele><time>2026-08-07T18:49:45Z</time></trkpt><trkpt lat="61.093417" lon="-149.6777"><ele>821.610</ele><time>2026-08-07T18:49:53Z</time></trkpt><trkpt lat="61.093411" lon="-149.677662"><ele>822.071</ele><time>2026-08-07T18:49:56Z</time></trkpt><trkpt lat="61.093405" lon="-149.67761"><ele>822.487</ele><time>2026-08-07T18:50:01Z</time></trkpt><trkpt lat="61.093411" lon="-149.677611"><ele>823.042</ele><time>2026-08-07T18:50:06Z</time></trkpt><trkpt lat="61.093412" lon="-149.677611"><ele>823.099</ele><time>2026-08-07T18:50:08Z</time></trkpt><trkpt lat="61.093402" lon="-149.67758"><ele>822.807</ele><time>2026-08-07T18:50:12Z</time></trkpt><trkpt lat="61.093388" lon="-149.677524"><ele>823.227</ele><time>2026-08-07T18:50:15Z</time></trkpt><trkpt lat="61.09338" lon="-149.677478"><ele>824.009</ele><time>2026-08-07T18:50:20Z</time></trkpt><trkpt lat="61.093377" lon="-149.677468"><ele>824.211</ele><time>2026-08-07T18:50:21Z</time></trkpt><trkpt lat="61.093344" lon="-149.677376"><ele>825.266</ele><time>2026-08-07T18:50:28Z</time></trkpt><trkpt lat="61.093325" lon="-149.677352"><ele>825.267</ele><time>2026-08-07T18:50:30Z</time></trkpt><trkpt lat="61.093284" lon="-149.677299"><ele>825.262</ele><time>2026-08-07T18:50:37Z</time></trkpt><trkpt lat="61.09326" lon="-149.677221"><ele>826.077</ele><time>2026-08-07T18:50:42Z</time></trkpt><trkpt lat="61.093251" lon="-149.677188"><ele>826.272</ele><time>2026-08-07T18:50:44Z</time></trkpt><trkpt lat="61.093246" lon="-149.677176"><ele>826.423</ele><time>2026-08-07T18:50:45Z</time></trkpt><trkpt lat="61.093207" lon="-149.677116"><ele>826.869</ele><time>2026-08-07T18:50:52Z</time></trkpt><trkpt lat="61.093193" lon="-149.67709"><ele>827.484</ele><time>2026-08-07T18:50:55Z</time></trkpt><trkpt lat="61.093154" lon="-149.676991"><ele>828.493</ele><time>2026-08-07T18:51:02Z</time></trkpt><trkpt lat="61.093148" lon="-149.676975"><ele>828.465</ele><time>2026-08-07T18:51:03Z</time></trkpt><trkpt lat="61.093123" lon="-149.676874"><ele>829.221</ele><time>2026-08-07T18:51:11Z</time></trkpt><trkpt lat="61.093113" lon="-149.67683"><ele>829.609</ele><time>2026-08-07T18:51:14Z</time></trkpt><trkpt lat="61.093103" lon="-149.676785"><ele>830.221</ele><time>2026-08-07T18:51:18Z</time></trkpt><trkpt lat="61.093102" lon="-149.676761"><ele>830.686</ele><time>2026-08-07T18:51:21Z</time></trkpt><trkpt lat="61.093092" lon="-149.676679"><ele>831.897</ele><time>2026-08-07T18:51:28Z</time></trkpt><trkpt lat="61.093093" lon="-149.67666"><ele>832.072</ele><time>2026-08-07T18:51:30Z</time></trkpt><trkpt lat="61.093078" lon="-149.67664"><ele>832.857</ele><time>2026-08-07T18:51:34Z</time></trkpt><trkpt lat="61.093063" lon="-149.676569"><ele>834.052</ele><time>2026-08-07T18:51:41Z</time></trkpt><trkpt lat="61.093062" lon="-149.676562"><ele>834.273</ele><time>2026-08-07T18:51:42Z</time></trkpt><trkpt lat="61.093062" lon="-149.676539"><ele>834.669</ele><time>2026-08-07T18:51:44Z</time></trkpt><trkpt lat="61.093063" lon="-149.676521"><ele>835.074</ele><time>2026-08-07T18:51:46Z</time></trkpt><trkpt lat="61.09306" lon="-149.676467"><ele>836.082</ele><time>2026-08-07T18:51:52Z</time></trkpt><trkpt lat="61.093053" lon="-149.676419"><ele>837.043</ele><time>2026-08-07T18:51:57Z</time></trkpt><trkpt lat="61.093047" lon="-149.67637"><ele>838.217</ele><time>2026-08-07T18:52:03Z</time></trkpt><trkpt lat="61.093048" lon="-149.676337"><ele>839.209</ele><time>2026-08-07T18:52:08Z</time></trkpt><trkpt lat="61.093053" lon="-149.676302"><ele>840.490</ele><time>2026-08-07T18:52:14Z</time></trkpt><trkpt lat="61.093057" lon="-149.676281"><ele>841.415</ele><time>2026-08-07T18:52:19Z</time></trkpt><trkpt lat="61.093067" lon="-149.676265"><ele>842.476</ele><time>2026-08-07T18:52:24Z</time></trkpt><trkpt lat="61.093067" lon="-149.676257"><ele>842.611</ele><time>2026-08-07T18:52:25Z</time></trkpt><trkpt lat="61.093062" lon="-149.676217"><ele>843.636</ele><time>2026-08-07T18:52:31Z</time></trkpt><trkpt lat="61.093053" lon="-149.676183"><ele>844.691</ele><time>2026-08-07T18:52:36Z</time></trkpt><trkpt lat="61.093051" lon="-149.676178"><ele>844.642</ele><time>2026-08-07T18:52:37Z</time></trkpt><trkpt lat="61.093041" lon="-149.676149"><ele>845.658</ele><time>2026-08-07T18:52:44Z</time></trkpt><trkpt lat="61.09304" lon="-149.676141"><ele>846.063</ele><time>2026-08-07T18:52:46Z</time></trkpt><trkpt lat="61.093043" lon="-149.676115"><ele>847.022</ele><time>2026-08-07T18:52:51Z</time></trkpt><trkpt lat="61.093043" lon="-149.676068"><ele>848.062</ele><time>2026-08-07T18:52:57Z</time></trkpt><trkpt lat="61.093038" lon="-149.676003"><ele>849.208</ele><time>2026-08-07T18:53:04Z</time></trkpt><trkpt lat="61.093044" lon="-149.675988"><ele>849.809</ele><time>2026-08-07T18:53:07Z</time></trkpt><trkpt lat="61.093047" lon="-149.675967"><ele>850.474</ele><time>2026-08-07T18:53:10Z</time></trkpt><trkpt lat="61.093052" lon="-149.675922"><ele>851.489</ele><time>2026-08-07T18:53:16Z</time></trkpt><trkpt lat="61.093053" lon="-149.675915"><ele>851.670</ele><time>2026-08-07T18:53:17Z</time></trkpt><trkpt lat="61.093043" lon="-149.675896"><ele>852.425</ele><time>2026-08-07T18:53:22Z</time></trkpt><trkpt lat="61.093038" lon="-149.675864"><ele>853.230</ele><time>2026-08-07T18:53:27Z</time></trkpt><trkpt lat="61.093037" lon="-149.67585"><ele>853.655</ele><time>2026-08-07T18:53:29Z</time></trkpt><trkpt lat="61.093035" lon="-149.6758"><ele>854.856</ele><time>2026-08-07T18:53:36Z</time></trkpt><trkpt lat="61.093033" lon="-149.675783"><ele>855.062</ele><time>2026-08-07T18:53:38Z</time></trkpt><trkpt lat="61.093027" lon="-149.675747"><ele>855.837</ele><time>2026-08-07T18:53:42Z</time></trkpt><trkpt lat="61.093019" lon="-149.67571"><ele>856.616</ele><time>2026-08-07T18:53:48Z</time></trkpt><trkpt lat="61.093018" lon="-149.675706"><ele>856.876</ele><time>2026-08-07T18:53:49Z</time></trkpt><trkpt lat="61.093013" lon="-149.675686"><ele>857.813</ele><time>2026-08-07T18:53:54Z</time></trkpt><trkpt lat="61.093013" lon="-149.675645"><ele>858.809</ele><time>2026-08-07T18:54:00Z</time></trkpt><trkpt lat="61.093013" lon="-149.67563"><ele>859.043</ele><time>2026-08-07T18:54:01Z</time></trkpt><trkpt lat="61.093021" lon="-149.675594"><ele>860.058</ele><time>2026-08-07T18:54:06Z</time></trkpt><trkpt lat="61.09302" lon="-149.675581"><ele>860.459</ele><time>2026-08-07T18:54:09Z</time></trkpt><trkpt lat="61.093017" lon="-149.675557"><ele>861.014</ele><time>2026-08-07T18:54:14Z</time></trkpt><trkpt lat="61.093017" lon="-149.675525"><ele>862.249</ele><time>2026-08-07T18:54:21Z</time></trkpt><trkpt lat="61.093016" lon="-149.675511"><ele>862.444</ele><time>2026-08-07T18:54:23Z</time></trkpt><trkpt lat="61.093003" lon="-149.67546"><ele>863.225</ele><time>2026-08-07T18:54:29Z</time></trkpt><trkpt lat="61.092991" lon="-149.675424"><ele>864.261</ele><time>2026-08-07T18:54:34Z</time></trkpt><trkpt lat="61.092989" lon="-149.675415"><ele>864.476</ele><time>2026-08-07T18:54:35Z</time></trkpt><trkpt lat="61.092967" lon="-149.67536"><ele>865.497</ele><time>2026-08-07T18:54:42Z</time></trkpt><trkpt lat="61.09295" lon="-149.675312"><ele>865.823</ele><time>2026-08-07T18:54:46Z</time></trkpt><trkpt lat="61.092929" lon="-149.675274"><ele>866.625</ele><time>2026-08-07T18:54:52Z</time></trkpt><trkpt lat="61.092914" lon="-149.675246"><ele>867.209</ele><time>2026-08-07T18:54:58Z</time></trkpt><trkpt lat="61.092914" lon="-149.675237"><ele>867.421</ele><time>2026-08-07T18:54:59Z</time></trkpt><trkpt lat="61.092913" lon="-149.675216"><ele>867.686</ele><time>2026-08-07T18:55:01Z</time></trkpt><trkpt lat="61.092896" lon="-149.675134"><ele>868.837</ele><time>2026-08-07T18:55:10Z</time></trkpt><trkpt lat="61.092859" lon="-149.675039"><ele>869.482</ele><time>2026-08-07T18:55:17Z</time></trkpt><trkpt lat="61.092851" lon="-149.674951"><ele>869.817</ele><time>2026-08-07T18:55:24Z</time></trkpt><trkpt lat="61.092848" lon="-149.674945"><ele>870.012</ele><time>2026-08-07T18:55:25Z</time></trkpt><trkpt lat="61.092824" lon="-149.674874"><ele>871.083</ele><time>2026-08-07T18:55:32Z</time></trkpt><trkpt lat="61.092792" lon="-149.674808"><ele>872.239</ele><time>2026-08-07T18:55:40Z</time></trkpt><trkpt lat="61.09279" lon="-149.674799"><ele>872.244</ele><time>2026-08-07T18:55:41Z</time></trkpt><trkpt lat="61.092781" lon="-149.674761"><ele>872.864</ele><time>2026-08-07T18:55:46Z</time></trkpt><trkpt lat="61.092776" lon="-149.674734"><ele>873.206</ele><time>2026-08-07T18:55:49Z</time></trkpt><trkpt lat="61.092767" lon="-149.674675"><ele>874.016</ele><time>2026-08-07T18:55:56Z</time></trkpt><trkpt lat="61.092764" lon="-149.674662"><ele>874.209</ele><time>2026-08-07T18:55:57Z</time></trkpt><trkpt lat="61.092759" lon="-149.674642"><ele>874.248</ele><time>2026-08-07T18:55:59Z</time></trkpt><trkpt lat="61.092749" lon="-149.674562"><ele>875.473</ele><time>2026-08-07T18:56:07Z</time></trkpt><trkpt lat="61.092753" lon="-149.674506"><ele>876.494</ele><time>2026-08-07T18:56:13Z</time></trkpt><trkpt lat="61.092755" lon="-149.674493"><ele>876.439</ele><time>2026-08-07T18:56:14Z</time></trkpt><trkpt lat="61.09276" lon="-149.674463"><ele>877.064</ele><time>2026-08-07T18:56:17Z</time></trkpt><trkpt lat="61.092771" lon="-149.674447"><ele>877.699</ele><time>2026-08-07T18:56:20Z</time></trkpt><trkpt lat="61.092769" lon="-149.674416"><ele>878.860</ele><time>2026-08-07T18:56:25Z</time></trkpt><trkpt lat="61.092765" lon="-149.674402"><ele>879.286</ele><time>2026-08-07T18:56:27Z</time></trkpt><trkpt lat="61.092761" lon="-149.674374"><ele>879.861</ele><time>2026-08-07T18:56:31Z</time></trkpt><trkpt lat="61.092765" lon="-149.674331"><ele>880.433</ele><time>2026-08-07T18:56:35Z</time></trkpt><trkpt lat="61.092768" lon="-149.674306"><ele>880.823</ele><time>2026-08-07T18:56:37Z</time></trkpt><trkpt lat="61.092769" lon="-149.674297"><ele>881.015</ele><time>2026-08-07T18:56:38Z</time></trkpt><trkpt lat="61.092785" lon="-149.674273"><ele>882.009</ele><time>2026-08-07T18:56:44Z</time></trkpt><trkpt lat="61.092788" lon="-149.674265"><ele>882.615</ele><time>2026-08-07T18:56:47Z</time></trkpt><trkpt lat="61.092792" lon="-149.674246"><ele>883.230</ele><time>2026-08-07T18:56:50Z</time></trkpt><trkpt lat="61.092808" lon="-149.674206"><ele>884.481</ele><time>2026-08-07T18:56:55Z</time></trkpt><trkpt lat="61.092814" lon="-149.674184"><ele>885.096</ele><time>2026-08-07T18:56:58Z</time></trkpt><trkpt lat="61.092812" lon="-149.674161"><ele>885.491</ele><time>2026-08-07T18:57:02Z</time></trkpt><trkpt lat="61.092817" lon="-149.674104"><ele>886.436</ele><time>2026-08-07T18:57:09Z</time></trkpt><trkpt lat="61.092809" lon="-149.674057"><ele>887.437</ele><time>2026-08-07T18:57:16Z</time></trkpt><trkpt lat="61.092808" lon="-149.674042"><ele>887.653</ele><time>2026-08-07T18:57:17Z</time></trkpt><trkpt lat="61.092813" lon="-149.674002"><ele>888.648</ele><time>2026-08-07T18:57:22Z</time></trkpt><trkpt lat="61.092822" lon="-149.673947"><ele>889.658</ele><time>2026-08-07T18:57:27Z</time></trkpt><trkpt lat="61.092824" lon="-149.673941"><ele>889.652</ele><time>2026-08-07T18:57:28Z</time></trkpt><trkpt lat="61.092832" lon="-149.673906"><ele>890.817</ele><time>2026-08-07T18:57:34Z</time></trkpt><trkpt lat="61.092839" lon="-149.67388"><ele>891.809</ele><time>2026-08-07T18:57:40Z</time></trkpt><trkpt lat="61.092844" lon="-149.673848"><ele>892.217</ele><time>2026-08-07T18:57:43Z</time></trkpt><trkpt lat="61.092846" lon="-149.673811"><ele>892.852</ele><time>2026-08-07T18:57:47Z</time></trkpt><trkpt lat="61.092845" lon="-149.673791"><ele>893.433</ele><time>2026-08-07T18:57:50Z</time></trkpt><trkpt lat="61.092851" lon="-149.673753"><ele>894.068</ele><time>2026-08-07T18:57:54Z</time></trkpt><trkpt lat="61.092857" lon="-149.673721"><ele>894.813</ele><time>2026-08-07T18:57:58Z</time></trkpt><trkpt lat="61.092857" lon="-149.673719"><ele>895.088</ele><time>2026-08-07T18:57:59Z</time></trkpt><trkpt lat="61.092843" lon="-149.67365"><ele>895.869</ele><time>2026-08-07T18:58:06Z</time></trkpt><trkpt lat="61.092841" lon="-149.673623"><ele>896.215</ele><time>2026-08-07T18:58:08Z</time></trkpt><trkpt lat="61.092826" lon="-149.673545"><ele>896.830</ele><time>2026-08-07T18:58:15Z</time></trkpt><trkpt lat="61.092822" lon="-149.673468"><ele>897.228</ele><time>2026-08-07T18:58:19Z</time></trkpt><trkpt lat="61.092821" lon="-149.673392"><ele>898.289</ele><time>2026-08-07T18:58:24Z</time></trkpt><trkpt lat="61.092818" lon="-149.673377"><ele>898.617</ele><time>2026-08-07T18:58:25Z</time></trkpt><trkpt lat="61.092801" lon="-149.673292"><ele>899.409</ele><time>2026-08-07T18:58:31Z</time></trkpt><trkpt lat="61.092784" lon="-149.673249"><ele>900.054</ele><time>2026-08-07T18:58:35Z</time></trkpt><trkpt lat="61.092772" lon="-149.673152"><ele>900.669</ele><time>2026-08-07T18:58:43Z</time></trkpt><trkpt lat="61.092772" lon="-149.673124"><ele>901.080</ele><time>2026-08-07T18:58:45Z</time></trkpt><trkpt lat="61.092768" lon="-149.673078"><ele>901.695</ele><time>2026-08-07T18:58:49Z</time></trkpt><trkpt lat="61.092762" lon="-149.673044"><ele>902.060</ele><time>2026-08-07T18:58:53Z</time></trkpt><trkpt lat="61.092757" lon="-149.672982"><ele>902.825</ele><time>2026-08-07T18:58:58Z</time></trkpt><trkpt lat="61.092753" lon="-149.672933"><ele>903.226</ele><time>2026-08-07T18:59:02Z</time></trkpt><trkpt lat="61.092754" lon="-149.672867"><ele>903.812</ele><time>2026-08-07T18:59:07Z</time></trkpt><trkpt lat="61.092753" lon="-149.672837"><ele>904.497</ele><time>2026-08-07T18:59:10Z</time></trkpt><trkpt lat="61.092753" lon="-149.672814"><ele>905.027</ele><time>2026-08-07T18:59:13Z</time></trkpt><trkpt lat="61.092746" lon="-149.672779"><ele>905.868</ele><time>2026-08-07T18:59:18Z</time></trkpt><trkpt lat="61.092747" lon="-149.672773"><ele>906.014</ele><time>2026-08-07T18:59:19Z</time></trkpt><trkpt lat="61.092765" lon="-149.672717"><ele>907.209</ele><time>2026-08-07T18:59:26Z</time></trkpt><trkpt lat="61.092779" lon="-149.672653"><ele>908.284</ele><time>2026-08-07T18:59:33Z</time></trkpt><trkpt lat="61.092772" lon="-149.672612"><ele>909.099</ele><time>2026-08-07T18:59:37Z</time></trkpt><trkpt lat="61.092773" lon="-149.672601"><ele>909.280</ele><time>2026-08-07T18:59:39Z</time></trkpt><trkpt lat="61.092774" lon="-149.67255"><ele>910.095</ele><time>2026-08-07T18:59:45Z</time></trkpt><trkpt lat="61.092785" lon="-149.672517"><ele>910.440</ele><time>2026-08-07T18:59:49Z</time></trkpt><trkpt lat="61.092786" lon="-149.67248"><ele>911.235</ele><time>2026-08-07T18:59:54Z</time></trkpt><trkpt lat="61.092787" lon="-149.672463"><ele>911.426</ele><time>2026-08-07T18:59:57Z</time></trkpt><trkpt lat="61.092785" lon="-149.672393"><ele>912.242</ele><time>2026-08-07T19:00:03Z</time></trkpt><trkpt lat="61.092786" lon="-149.672377"><ele>912.477</ele><time>2026-08-07T19:00:05Z</time></trkpt><trkpt lat="61.092781" lon="-149.672333"><ele>913.228</ele><time>2026-08-07T19:00:10Z</time></trkpt><trkpt lat="61.092775" lon="-149.672303"><ele>913.689</ele><time>2026-08-07T19:00:13Z</time></trkpt><trkpt lat="61.092776" lon="-149.672255"><ele>914.217</ele><time>2026-08-07T19:00:18Z</time></trkpt><trkpt lat="61.092774" lon="-149.672237"><ele>914.609</ele><time>2026-08-07T19:00:21Z</time></trkpt><trkpt lat="61.092778" lon="-149.672189"><ele>915.094</ele><time>2026-08-07T19:00:25Z</time></trkpt><trkpt lat="61.092786" lon="-149.672119"><ele>915.419</ele><time>2026-08-07T19:00:30Z</time></trkpt><trkpt lat="61.092795" lon="-149.672073"><ele>915.650</ele><time>2026-08-07T19:00:33Z</time></trkpt><trkpt lat="61.092794" lon="-149.672058"><ele>915.635</ele><time>2026-08-07T19:00:34Z</time></trkpt><trkpt lat="61.092777" lon="-149.671976"><ele>916.260</ele><time>2026-08-07T19:00:41Z</time></trkpt><trkpt lat="61.092775" lon="-149.671899"><ele>916.675</ele><time>2026-08-07T19:00:48Z</time></trkpt><trkpt lat="61.09277" lon="-149.671885"><ele>916.836</ele><time>2026-08-07T19:00:50Z</time></trkpt><trkpt lat="61.092762" lon="-149.671884"><ele>917.282</ele><time>2026-08-07T19:00:54Z</time></trkpt><trkpt lat="61.09277" lon="-149.671876"><ele>917.297</ele><time>2026-08-07T19:01:03Z</time></trkpt><trkpt lat="61.092772" lon="-149.671816"><ele>917.244</ele><time>2026-08-07T19:01:09Z</time></trkpt><trkpt lat="61.092766" lon="-149.671802"><ele>917.405</ele><time>2026-08-07T19:01:10Z</time></trkpt><trkpt lat="61.092756" lon="-149.671787"><ele>917.815</ele><time>2026-08-07T19:01:12Z</time></trkpt><trkpt lat="61.092759" lon="-149.671756"><ele>918.409</ele><time>2026-08-07T19:01:17Z</time></trkpt><trkpt lat="61.092758" lon="-149.671734"><ele>918.886</ele><time>2026-08-07T19:01:19Z</time></trkpt><trkpt lat="61.092745" lon="-149.671693"><ele>919.421</ele><time>2026-08-07T19:01:23Z</time></trkpt><trkpt lat="61.09274" lon="-149.671676"><ele>919.812</ele><time>2026-08-07T19:01:25Z</time></trkpt><trkpt lat="61.092766" lon="-149.671619"><ele>920.627</ele><time>2026-08-07T19:01:31Z</time></trkpt><trkpt lat="61.092775" lon="-149.671596"><ele>921.072</ele><time>2026-08-07T19:01:33Z</time></trkpt><trkpt lat="61.092797" lon="-149.671553"><ele>921.867</ele><time>2026-08-07T19:01:39Z</time></trkpt><trkpt lat="61.092804" lon="-149.671536"><ele>922.038</ele><time>2026-08-07T19:01:41Z</time></trkpt><trkpt lat="61.092819" lon="-149.671493"><ele>922.694</ele><time>2026-08-07T19:01:46Z</time></trkpt><trkpt lat="61.092828" lon="-149.671472"><ele>923.019</ele><time>2026-08-07T19:01:49Z</time></trkpt><trkpt lat="61.092828" lon="-149.671472"><ele>923.461</ele><time>2026-08-07T19:01:53Z</time></trkpt><trkpt lat="61.092825" lon="-149.671429"><ele>923.621</ele><time>2026-08-07T19:01:57Z</time></trkpt><trkpt lat="61.092819" lon="-149.671422"><ele>923.813</ele><time>2026-08-07T19:01:58Z</time></trkpt><trkpt lat="61.092815" lon="-149.671417"><ele>924.009</ele><time>2026-08-07T19:01:59Z</time></trkpt><trkpt lat="61.092808" lon="-149.671408"><ele>924.038</ele><time>2026-08-07T19:02:00Z</time></trkpt><trkpt lat="61.0928" lon="-149.6714"><ele>924.293</ele><time>2026-08-07T19:02:01Z</time></trkpt><trkpt lat="61.092776" lon="-149.671389"><ele>925.274</ele><time>2026-08-07T19:02:06Z</time></trkpt><trkpt lat="61.092772" lon="-149.671383"><ele>925.219</ele><time>2026-08-07T19:02:07Z</time></trkpt><trkpt lat="61.092735" lon="-149.671356"><ele>926.234</ele><time>2026-08-07T19:02:14Z</time></trkpt><trkpt lat="61.092729" lon="-149.67136"><ele>926.499</ele><time>2026-08-07T19:02:15Z</time></trkpt><trkpt lat="61.092691" lon="-149.671371"><ele>926.830</ele><time>2026-08-07T19:02:21Z</time></trkpt><trkpt lat="61.092663" lon="-149.671377"><ele>927.266</ele><time>2026-08-07T19:02:26Z</time></trkpt><trkpt lat="61.092652" lon="-149.671377"><ele>927.251</ele><time>2026-08-07T19:02:27Z</time></trkpt><trkpt lat="61.092636" lon="-149.671377"><ele>927.215</ele><time>2026-08-07T19:02:29Z</time></trkpt><trkpt lat="61.092624" lon="-149.671375"><ele>927.465</ele><time>2026-08-07T19:02:32Z</time></trkpt><trkpt lat="61.092614" lon="-149.671353"><ele>927.611</ele><time>2026-08-07T19:02:35Z</time></trkpt><trkpt lat="61.092592" lon="-149.67134"><ele>928.409</ele><time>2026-08-07T19:02:39Z</time></trkpt><trkpt lat="61.092583" lon="-149.671333"><ele>928.693</ele><time>2026-08-07T19:02:41Z</time></trkpt><trkpt lat="61.092564" lon="-149.671285"><ele>929.418</ele><time>2026-08-07T19:02:48Z</time></trkpt><trkpt lat="61.092565" lon="-149.671245"><ele>930.479</ele><time>2026-08-07T19:02:53Z</time></trkpt><trkpt lat="61.092562" lon="-149.671241"><ele>930.634</ele><time>2026-08-07T19:02:54Z</time></trkpt><trkpt lat="61.092544" lon="-149.67121"><ele>931.429</ele><time>2026-08-07T19:03:00Z</time></trkpt><trkpt lat="61.092538" lon="-149.671209"><ele>931.624</ele><time>2026-08-07T19:03:01Z</time></trkpt><trkpt lat="61.092524" lon="-149.67117"><ele>932.235</ele><time>2026-08-07T19:03:06Z</time></trkpt><trkpt lat="61.092522" lon="-149.671163"><ele>932.491</ele><time>2026-08-07T19:03:07Z</time></trkpt><trkpt lat="61.092514" lon="-149.671154"><ele>932.636</ele><time>2026-08-07T19:03:09Z</time></trkpt><trkpt lat="61.092514" lon="-149.671112"><ele>933.418</ele><time>2026-08-07T19:03:14Z</time></trkpt><trkpt lat="61.092517" lon="-149.671096"><ele>933.898</ele><time>2026-08-07T19:03:16Z</time></trkpt><trkpt lat="61.092518" lon="-149.671051"><ele>934.417</ele><time>2026-08-07T19:03:21Z</time></trkpt><trkpt lat="61.092524" lon="-149.671026"><ele>934.809</ele><time>2026-08-07T19:03:24Z</time></trkpt><trkpt lat="61.092523" lon="-149.670988"><ele>935.423</ele><time>2026-08-07T19:03:28Z</time></trkpt><trkpt lat="61.092523" lon="-149.670969"><ele>935.828</ele><time>2026-08-07T19:03:31Z</time></trkpt><trkpt lat="61.092525" lon="-149.670915"><ele>936.889</ele><time>2026-08-07T19:03:36Z</time></trkpt><trkpt lat="61.092523" lon="-149.670906"><ele>936.874</ele><time>2026-08-07T19:03:37Z</time></trkpt><trkpt lat="61.092525" lon="-149.670898"><ele>937.069</ele><time>2026-08-07T19:03:38Z</time></trkpt><trkpt lat="61.092502" lon="-149.67088"><ele>937.864</ele><time>2026-08-07T19:03:43Z</time></trkpt><trkpt lat="61.092498" lon="-149.670867"><ele>938.075</ele><time>2026-08-07T19:03:45Z</time></trkpt><trkpt lat="61.092497" lon="-149.670836"><ele>938.691</ele><time>2026-08-07T19:03:50Z</time></trkpt><trkpt lat="61.092485" lon="-149.6708"><ele>939.216</ele><time>2026-08-07T19:03:54Z</time></trkpt><trkpt lat="61.092476" lon="-149.670797"><ele>939.423</ele><time>2026-08-07T19:03:56Z</time></trkpt><trkpt lat="61.092454" lon="-149.67075"><ele>940.483</ele><time>2026-08-07T19:04:02Z</time></trkpt><trkpt lat="61.092453" lon="-149.670737"><ele>940.411</ele><time>2026-08-07T19:04:03Z</time></trkpt><trkpt lat="61.092461" lon="-149.670697"><ele>940.809</ele><time>2026-08-07T19:04:08Z</time></trkpt><trkpt lat="61.092458" lon="-149.670659"><ele>941.444</ele><time>2026-08-07T19:04:12Z</time></trkpt><trkpt lat="61.092449" lon="-149.67064"><ele>941.679</ele><time>2026-08-07T19:04:14Z</time></trkpt><trkpt lat="61.092427" lon="-149.670619"><ele>942.260</ele><time>2026-08-07T19:04:20Z</time></trkpt><trkpt lat="61.092424" lon="-149.670607"><ele>942.455</ele><time>2026-08-07T19:04:22Z</time></trkpt><trkpt lat="61.092418" lon="-149.670544"><ele>943.060</ele><time>2026-08-07T19:04:28Z</time></trkpt><trkpt lat="61.092417" lon="-149.67049"><ele>943.435</ele><time>2026-08-07T19:04:33Z</time></trkpt><trkpt lat="61.092415" lon="-149.670466"><ele>943.896</ele><time>2026-08-07T19:04:35Z</time></trkpt><trkpt lat="61.092399" lon="-149.670429"><ele>944.672</ele><time>2026-08-07T19:04:42Z</time></trkpt><trkpt lat="61.092391" lon="-149.670358"><ele>945.247</ele><time>2026-08-07T19:04:49Z</time></trkpt><trkpt lat="61.09239" lon="-149.67032"><ele>945.676</ele><time>2026-08-07T19:04:52Z</time></trkpt><trkpt lat="61.092388" lon="-149.670283"><ele>946.090</ele><time>2026-08-07T19:04:55Z</time></trkpt><trkpt lat="61.092368" lon="-149.670222"><ele>946.819</ele><time>2026-08-07T19:05:01Z</time></trkpt><trkpt lat="61.092357" lon="-149.670234"><ele>947.009</ele><time>2026-08-07T19:05:03Z</time></trkpt><trkpt lat="61.092342" lon="-149.670269"><ele>947.839</ele><time>2026-08-07T19:05:09Z</time></trkpt><trkpt lat="61.092336" lon="-149.670274"><ele>948.274</ele><time>2026-08-07T19:05:11Z</time></trkpt><trkpt lat="61.092325" lon="-149.670278"><ele>949.085</ele><time>2026-08-07T19:05:15Z</time></trkpt><trkpt lat="61.092321" lon="-149.670287"><ele>949.630</ele><time>2026-08-07T19:05:19Z</time></trkpt><trkpt lat="61.092309" lon="-149.670311"><ele>950.095</ele><time>2026-08-07T19:05:22Z</time></trkpt><trkpt lat="61.092296" lon="-149.670343"><ele>950.660</ele><time>2026-08-07T19:05:26Z</time></trkpt><trkpt lat="61.092289" lon="-149.670369"><ele>951.091</ele><time>2026-08-07T19:05:30Z</time></trkpt><trkpt lat="61.092283" lon="-149.670393"><ele>951.427</ele><time>2026-08-07T19:05:33Z</time></trkpt><trkpt lat="61.092269" lon="-149.670442"><ele>952.212</ele><time>2026-08-07T19:05:40Z</time></trkpt><trkpt lat="61.092242" lon="-149.67046"><ele>953.244</ele><time>2026-08-07T19:05:47Z</time></trkpt><trkpt lat="61.092238" lon="-149.670464"><ele>953.605</ele><time>2026-08-07T19:05:49Z</time></trkpt><trkpt lat="61.092221" lon="-149.670488"><ele>954.415</ele><time>2026-08-07T19:05:54Z</time></trkpt><trkpt lat="61.092215" lon="-149.670488"><ele>954.609</ele><time>2026-08-07T19:05:56Z</time></trkpt><trkpt lat="61.092191" lon="-149.670498"><ele>955.446</ele><time>2026-08-07T19:06:02Z</time></trkpt><trkpt lat="61.092188" lon="-149.670503"><ele>955.631</ele><time>2026-08-07T19:06:03Z</time></trkpt><trkpt lat="61.092162" lon="-149.670519"><ele>956.432</ele><time>2026-08-07T19:06:10Z</time></trkpt><trkpt lat="61.092155" lon="-149.670523"><ele>956.817</ele><time>2026-08-07T19:06:12Z</time></trkpt><trkpt lat="61.092141" lon="-149.670544"><ele>957.642</ele><time>2026-08-07T19:06:18Z</time></trkpt><trkpt lat="61.092131" lon="-149.670551"><ele>957.897</ele><time>2026-08-07T19:06:21Z</time></trkpt><trkpt lat="61.092115" lon="-149.670552"><ele>958.658</ele><time>2026-08-07T19:06:27Z</time></trkpt><trkpt lat="61.092107" lon="-149.670557"><ele>959.044</ele><time>2026-08-07T19:06:30Z</time></trkpt><trkpt lat="61.092095" lon="-149.670564"><ele>959.699</ele><time>2026-08-07T19:06:33Z</time></trkpt><trkpt lat="61.09207" lon="-149.670587"><ele>960.612</ele><time>2026-08-07T19:06:40Z</time></trkpt><trkpt lat="61.092038" lon="-149.670639"><ele>961.632</ele><time>2026-08-07T19:06:49Z</time></trkpt><trkpt lat="61.092033" lon="-149.670642"><ele>961.805</ele><time>2026-08-07T19:06:50Z</time></trkpt><trkpt lat="61.092021" lon="-149.670662"><ele>962.809</ele><time>2026-08-07T19:06:55Z</time></trkpt><trkpt lat="61.092003" lon="-149.670672"><ele>963.873</ele><time>2026-08-07T19:06:59Z</time></trkpt><trkpt lat="61.091999" lon="-149.670672"><ele>963.828</ele><time>2026-08-07T19:07:00Z</time></trkpt><trkpt lat="61.091996" lon="-149.670616"><ele>965.099</ele><time>2026-08-07T19:07:10Z</time></trkpt><trkpt lat="61.091983" lon="-149.670606"><ele>966.244</ele><time>2026-08-07T19:07:16Z</time></trkpt><trkpt lat="61.091969" lon="-149.6706"><ele>966.669</ele><time>2026-08-07T19:07:19Z</time></trkpt><trkpt lat="61.091948" lon="-149.67058"><ele>967.264</ele><time>2026-08-07T19:07:26Z</time></trkpt><trkpt lat="61.091943" lon="-149.670582"><ele>967.455</ele><time>2026-08-07T19:07:27Z</time></trkpt><trkpt lat="61.091929" lon="-149.670615"><ele>968.241</ele><time>2026-08-07T19:07:33Z</time></trkpt><trkpt lat="61.091915" lon="-149.670636"><ele>968.686</ele><time>2026-08-07T19:07:36Z</time></trkpt><trkpt lat="61.091899" lon="-149.670652"><ele>969.219</ele><time>2026-08-07T19:07:42Z</time></trkpt><trkpt lat="61.091886" lon="-149.670667"><ele>969.809</ele><time>2026-08-07T19:07:45Z</time></trkpt><trkpt lat="61.091887" lon="-149.670641"><ele>970.419</ele><time>2026-08-07T19:07:49Z</time></trkpt><trkpt lat="61.091889" lon="-149.670603"><ele>970.809</ele><time>2026-08-07T19:07:52Z</time></trkpt><trkpt lat="61.091889" lon="-149.670591"><ele>971.463</ele><time>2026-08-07T19:07:54Z</time></trkpt><trkpt lat="61.091878" lon="-149.670568"><ele>972.448</ele><time>2026-08-07T19:08:00Z</time></trkpt><trkpt lat="61.091877" lon="-149.670508"><ele>973.499</ele><time>2026-08-07T19:08:08Z</time></trkpt><trkpt lat="61.091873" lon="-149.670512"><ele>973.694</ele><time>2026-08-07T19:08:09Z</time></trkpt><trkpt lat="61.091852" lon="-149.670514"><ele>974.459</ele><time>2026-08-07T19:08:13Z</time></trkpt><trkpt lat="61.091843" lon="-149.67048"><ele>975.424</ele><time>2026-08-07T19:08:18Z</time></trkpt><trkpt lat="61.091844" lon="-149.670466"><ele>975.655</ele><time>2026-08-07T19:08:20Z</time></trkpt><trkpt lat="61.091826" lon="-149.670467"><ele>976.691</ele><time>2026-08-07T19:08:25Z</time></trkpt><trkpt lat="61.091801" lon="-149.670503"><ele>977.246</ele><time>2026-08-07T19:08:32Z</time></trkpt><trkpt lat="61.091795" lon="-149.67051"><ele>977.858</ele><time>2026-08-07T19:08:36Z</time></trkpt><trkpt lat="61.091781" lon="-149.670527"><ele>978.052</ele><time>2026-08-07T19:08:40Z</time></trkpt><trkpt lat="61.091755" lon="-149.670517"><ele>978.817</ele><time>2026-08-07T19:08:46Z</time></trkpt><trkpt lat="61.091745" lon="-149.670503"><ele>979.409</ele><time>2026-08-07T19:08:51Z</time></trkpt><trkpt lat="61.091749" lon="-149.67048"><ele>979.887</ele><time>2026-08-07T19:08:54Z</time></trkpt><trkpt lat="61.091753" lon="-149.670468"><ele>980.282</ele><time>2026-08-07T19:08:58Z</time></trkpt><trkpt lat="61.091749" lon="-149.670457"><ele>980.423</ele><time>2026-08-07T19:09:00Z</time></trkpt><trkpt lat="61.091745" lon="-149.670441"><ele>980.878</ele><time>2026-08-07T19:09:02Z</time></trkpt><trkpt lat="61.091747" lon="-149.670359"><ele>981.633</ele><time>2026-08-07T19:09:09Z</time></trkpt><trkpt lat="61.091744" lon="-149.670342"><ele>981.828</ele><time>2026-08-07T19:09:11Z</time></trkpt><trkpt lat="61.091744" lon="-149.670312"><ele>982.899</ele><time>2026-08-07T19:09:17Z</time></trkpt><trkpt lat="61.091739" lon="-149.670306"><ele>983.065</ele><time>2026-08-07T19:09:18Z</time></trkpt><trkpt lat="61.091715" lon="-149.670318"><ele>984.010</ele><time>2026-08-07T19:09:23Z</time></trkpt><trkpt lat="61.091708" lon="-149.670316"><ele>984.435</ele><time>2026-08-07T19:09:25Z</time></trkpt><trkpt lat="61.09168" lon="-149.670339"><ele>985.286</ele><time>2026-08-07T19:09:32Z</time></trkpt><trkpt lat="61.091679" lon="-149.670334"><ele>985.414</ele><time>2026-08-07T19:09:34Z</time></trkpt><trkpt lat="61.091658" lon="-149.67032"><ele>986.209</ele><time>2026-08-07T19:09:42Z</time></trkpt><trkpt lat="61.091631" lon="-149.670345"><ele>987.025</ele><time>2026-08-07T19:09:49Z</time></trkpt><trkpt lat="61.09162" lon="-149.670349"><ele>987.450</ele><time>2026-08-07T19:09:52Z</time></trkpt><trkpt lat="61.091612" lon="-149.670296"><ele>988.261</ele><time>2026-08-07T19:09:59Z</time></trkpt><trkpt lat="61.09161" lon="-149.670287"><ele>988.486</ele><time>2026-08-07T19:10:00Z</time></trkpt><trkpt lat="61.091594" lon="-149.670306"><ele>989.691</ele><time>2026-08-07T19:10:07Z</time></trkpt><trkpt lat="61.091592" lon="-149.670305"><ele>989.686</ele><time>2026-08-07T19:10:08Z</time></trkpt><trkpt lat="61.091576" lon="-149.670265"><ele>990.837</ele><time>2026-08-07T19:10:16Z</time></trkpt><trkpt lat="61.091575" lon="-149.670258"><ele>991.013</ele><time>2026-08-07T19:10:17Z</time></trkpt><trkpt lat="61.091563" lon="-149.670251"><ele>991.698</ele><time>2026-08-07T19:10:21Z</time></trkpt><trkpt lat="61.091553" lon="-149.670249"><ele>991.883</ele><time>2026-08-07T19:10:23Z</time></trkpt><trkpt lat="61.091537" lon="-149.670245"><ele>992.225</ele><time>2026-08-07T19:10:25Z</time></trkpt><trkpt lat="61.091523" lon="-149.670247"><ele>993.017</ele><time>2026-08-07T19:10:30Z</time></trkpt><trkpt lat="61.091519" lon="-149.670242"><ele>993.209</ele><time>2026-08-07T19:10:32Z</time></trkpt><trkpt lat="61.091493" lon="-149.670244"><ele>994.070</ele><time>2026-08-07T19:10:39Z</time></trkpt><trkpt lat="61.091491" lon="-149.670241"><ele>994.645</ele><time>2026-08-07T19:10:43Z</time></trkpt><trkpt lat="61.091491" lon="-149.670224"><ele>995.036</ele><time>2026-08-07T19:10:46Z</time></trkpt><trkpt lat="61.091472" lon="-149.670222"><ele>996.271</ele><time>2026-08-07T19:10:52Z</time></trkpt><trkpt lat="61.091438" lon="-149.670277"><ele>997.216</ele><time>2026-08-07T19:11:01Z</time></trkpt><trkpt lat="61.091434" lon="-149.670271"><ele>997.481</ele><time>2026-08-07T19:11:04Z</time></trkpt><trkpt lat="61.091431" lon="-149.67018"><ele>998.212</ele><time>2026-08-07T19:11:13Z</time></trkpt><trkpt lat="61.091428" lon="-149.670176"><ele>998.458</ele><time>2026-08-07T19:11:14Z</time></trkpt><trkpt lat="61.091407" lon="-149.670209"><ele>999.453</ele><time>2026-08-07T19:11:21Z</time></trkpt><trkpt lat="61.091402" lon="-149.670209"><ele>999.652</ele><time>2026-08-07T19:11:22Z</time></trkpt><trkpt lat="61.091396" lon="-149.670143"><ele>1000.453</ele><time>2026-08-07T19:11:31Z</time></trkpt><trkpt lat="61.091395" lon="-149.670143"><ele>1000.608</ele><time>2026-08-07T19:11:32Z</time></trkpt><trkpt lat="61.091389" lon="-149.670091"><ele>1001.609</ele><time>2026-08-07T19:11:40Z</time></trkpt><trkpt lat="61.091371" lon="-149.670087"><ele>1002.677</ele><time>2026-08-07T19:11:46Z</time></trkpt><trkpt lat="61.091361" lon="-149.670069"><ele>1003.212</ele><time>2026-08-07T19:11:50Z</time></trkpt><trkpt lat="61.091357" lon="-149.670063"><ele>1003.433</ele><time>2026-08-07T19:11:52Z</time></trkpt><trkpt lat="61.09135" lon="-149.670061"><ele>1003.828</ele><time>2026-08-07T19:11:54Z</time></trkpt><trkpt lat="61.091329" lon="-149.670078"><ele>1004.873</ele><time>2026-08-07T19:12:00Z</time></trkpt><trkpt lat="61.09131" lon="-149.670095"><ele>1005.628</ele><time>2026-08-07T19:12:06Z</time></trkpt><trkpt lat="61.091312" lon="-149.670075"><ele>1006.099</ele><time>2026-08-07T19:12:10Z</time></trkpt><trkpt lat="61.091303" lon="-149.670072"><ele>1006.235</ele><time>2026-08-07T19:12:13Z</time></trkpt><trkpt lat="61.091284" lon="-149.670042"><ele>1007.080</ele><time>2026-08-07T19:12:19Z</time></trkpt><trkpt lat="61.091259" lon="-149.669993"><ele>1008.029</ele><time>2026-08-07T19:12:28Z</time></trkpt><trkpt lat="61.091255" lon="-149.669997"><ele>1008.200</ele><time>2026-08-07T19:12:29Z</time></trkpt><trkpt lat="61.091231" lon="-149.669993"><ele>1009.020</ele><time>2026-08-07T19:12:35Z</time></trkpt><trkpt lat="61.091229" lon="-149.669999"><ele>1009.209</ele><time>2026-08-07T19:12:36Z</time></trkpt><trkpt lat="61.091207" lon="-149.670045"><ele>1010.094</ele><time>2026-08-07T19:12:44Z</time></trkpt><trkpt lat="61.091205" lon="-149.670053"><ele>1010.229</ele><time>2026-08-07T19:12:46Z</time></trkpt><trkpt lat="61.091189" lon="-149.670086"><ele>1011.090</ele><time>2026-08-07T19:12:52Z</time></trkpt><trkpt lat="61.091183" lon="-149.670098"><ele>1011.245</ele><time>2026-08-07T19:12:54Z</time></trkpt><trkpt lat="61.091176" lon="-149.670092"><ele>1012.090</ele><time>2026-08-07T19:12:59Z</time></trkpt><trkpt lat="61.09117" lon="-149.670098"><ele>1012.215</ele><time>2026-08-07T19:13:01Z</time></trkpt><trkpt lat="61.091156" lon="-149.67011"><ele>1012.846</ele><time>2026-08-07T19:13:06Z</time></trkpt><trkpt lat="61.09114" lon="-149.670071"><ele>1013.062</ele><time>2026-08-07T19:13:13Z</time></trkpt><trkpt lat="61.091105" lon="-149.670035"><ele>1012.847</ele><time>2026-08-07T19:13:21Z</time></trkpt><trkpt lat="61.091061" lon="-149.670023"><ele>1011.857</ele><time>2026-08-07T19:13:28Z</time></trkpt><trkpt lat="61.09105" lon="-149.670059"><ele>1011.200</ele><time>2026-08-07T19:13:31Z</time></trkpt><trkpt lat="61.091028" lon="-149.670065"><ele>1010.220</ele><time>2026-08-07T19:13:35Z</time></trkpt><trkpt lat="61.090988" lon="-149.670031"><ele>1010.009</ele><time>2026-08-07T19:13:40Z</time></trkpt><trkpt lat="61.090977" lon="-149.670014"><ele>1010.457</ele><time>2026-08-07T19:13:42Z</time></trkpt><trkpt lat="61.090938" lon="-149.669991"><ele>1011.022</ele><time>2026-08-07T19:13:49Z</time></trkpt><trkpt lat="61.090933" lon="-149.669993"><ele>1011.273</ele><time>2026-08-07T19:13:50Z</time></trkpt><trkpt lat="61.090923" lon="-149.66999"><ele>1011.678</ele><time>2026-08-07T19:13:53Z</time></trkpt><trkpt lat="61.090925" lon="-149.669971"><ele>1012.213</ele><time>2026-08-07T19:13:58Z</time></trkpt><trkpt lat="61.090926" lon="-149.66996"><ele>1012.278</ele><time>2026-08-07T19:13:59Z</time></trkpt><trkpt lat="61.090942" lon="-149.669926"><ele>1013.469</ele><time>2026-08-07T19:14:04Z</time></trkpt><trkpt lat="61.090959" lon="-149.669918"><ele>1014.485</ele><time>2026-08-07T19:14:09Z</time></trkpt><trkpt lat="61.090956" lon="-149.669906"><ele>1014.630</ele><time>2026-08-07T19:14:10Z</time></trkpt><trkpt lat="61.090925" lon="-149.669852"><ele>1015.623</ele><time>2026-08-07T19:14:17Z</time></trkpt><trkpt lat="61.090923" lon="-149.669844"><ele>1015.883</ele><time>2026-08-07T19:14:18Z</time></trkpt><trkpt lat="61.090893" lon="-149.669839"><ele>1016.811</ele><time>2026-08-07T19:14:24Z</time></trkpt><trkpt lat="61.090859" lon="-149.669828"><ele>1017.809</ele><time>2026-08-07T19:14:32Z</time></trkpt><trkpt lat="61.090855" lon="-149.669823"><ele>1018.074</ele><time>2026-08-07T19:14:33Z</time></trkpt><trkpt lat="61.090837" lon="-149.669836"><ele>1018.879</ele><time>2026-08-07T19:14:38Z</time></trkpt><trkpt lat="61.090834" lon="-149.669832"><ele>1019.420</ele><time>2026-08-07T19:14:41Z</time></trkpt><trkpt lat="61.090823" lon="-149.669824"><ele>1020.065</ele><time>2026-08-07T19:14:44Z</time></trkpt><trkpt lat="61.090814" lon="-149.669822"><ele>1020.260</ele><time>2026-08-07T19:14:46Z</time></trkpt><trkpt lat="61.090801" lon="-149.669838"><ele>1020.825</ele><time>2026-08-07T19:14:50Z</time></trkpt><trkpt lat="61.09079" lon="-149.669834"><ele>1021.086</ele><time>2026-08-07T19:14:53Z</time></trkpt><trkpt lat="61.090782" lon="-149.669809"><ele>1021.682</ele><time>2026-08-07T19:14:58Z</time></trkpt><trkpt lat="61.090783" lon="-149.669794"><ele>1022.037</ele><time>2026-08-07T19:15:02Z</time></trkpt><trkpt lat="61.090768" lon="-149.669787"><ele>1022.468</ele><time>2026-08-07T19:15:05Z</time></trkpt><trkpt lat="61.090747" lon="-149.669768"><ele>1023.242</ele><time>2026-08-07T19:15:11Z</time></trkpt><trkpt lat="61.090741" lon="-149.669761"><ele>1023.426</ele><time>2026-08-07T19:15:12Z</time></trkpt><trkpt lat="61.09072" lon="-149.669768"><ele>1024.209</ele><time>2026-08-07T19:15:17Z</time></trkpt><trkpt lat="61.090711" lon="-149.66977"><ele>1024.818</ele><time>2026-08-07T19:15:20Z</time></trkpt><trkpt lat="61.090703" lon="-149.669771"><ele>1025.283</ele><time>2026-08-07T19:15:22Z</time></trkpt><trkpt lat="61.090681" lon="-149.669761"><ele>1026.284</ele><time>2026-08-07T19:15:28Z</time></trkpt><trkpt lat="61.090677" lon="-149.669758"><ele>1026.219</ele><time>2026-08-07T19:15:29Z</time></trkpt><trkpt lat="61.090661" lon="-149.669755"><ele>1027.044</ele><time>2026-08-07T19:15:36Z</time></trkpt><trkpt lat="61.090665" lon="-149.669748"><ele>1027.469</ele><time>2026-08-07T19:15:38Z</time></trkpt><trkpt lat="61.090686" lon="-149.669727"><ele>1028.480</ele><time>2026-08-07T19:15:44Z</time></trkpt><trkpt lat="61.09065" lon="-149.669714"><ele>1029.436</ele><time>2026-08-07T19:15:52Z</time></trkpt><trkpt lat="61.090635" lon="-149.669705"><ele>1030.481</ele><time>2026-08-07T19:16:00Z</time></trkpt><trkpt lat="61.090638" lon="-149.669703"><ele>1030.643</ele><time>2026-08-07T19:16:01Z</time></trkpt><trkpt lat="61.090643" lon="-149.669678"><ele>1031.664</ele><time>2026-08-07T19:16:05Z</time></trkpt><trkpt lat="61.090645" lon="-149.669668"><ele>1032.010</ele><time>2026-08-07T19:16:08Z</time></trkpt><trkpt lat="61.09064" lon="-149.669644"><ele>1032.809</ele><time>2026-08-07T19:16:13Z</time></trkpt><trkpt lat="61.090639" lon="-149.669645"><ele>1033.066</ele><time>2026-08-07T19:16:14Z</time></trkpt><trkpt lat="61.090643" lon="-149.669619"><ele>1034.011</ele><time>2026-08-07T19:16:20Z</time></trkpt><trkpt lat="61.090646" lon="-149.669627"><ele>1034.212</ele><time>2026-08-07T19:16:21Z</time></trkpt><trkpt lat="61.09066" lon="-149.669585"><ele>1034.837</ele><time>2026-08-07T19:16:26Z</time></trkpt><trkpt lat="61.090653" lon="-149.669581"><ele>1035.072</ele><time>2026-08-07T19:16:27Z</time></trkpt><trkpt lat="61.090668" lon="-149.66956"><ele>1035.857</ele><time>2026-08-07T19:16:32Z</time></trkpt><trkpt lat="61.090678" lon="-149.669543"><ele>1036.278</ele><time>2026-08-07T19:16:34Z</time></trkpt><trkpt lat="61.090681" lon="-149.669526"><ele>1037.294</ele><time>2026-08-07T19:16:38Z</time></trkpt><trkpt lat="61.090685" lon="-149.669517"><ele>1037.879</ele><time>2026-08-07T19:16:40Z</time></trkpt><trkpt lat="61.09068" lon="-149.669495"><ele>1038.271</ele><time>2026-08-07T19:16:46Z</time></trkpt><trkpt lat="61.090669" lon="-149.669479"><ele>1038.441</ele><time>2026-08-07T19:16:53Z</time></trkpt><trkpt lat="61.090666" lon="-149.669476"><ele>1038.415</ele><time>2026-08-07T19:16:54Z</time></trkpt><trkpt lat="61.090641" lon="-149.669478"><ele>1039.209</ele><time>2026-08-07T19:17:01Z</time></trkpt><trkpt lat="61.090642" lon="-149.66948"><ele>1039.489</ele><time>2026-08-07T19:17:02Z</time></trkpt><trkpt lat="61.090648" lon="-149.669444"><ele>1040.244</ele><time>2026-08-07T19:17:07Z</time></trkpt><trkpt lat="61.090643" lon="-149.66944"><ele>1040.475</ele><time>2026-08-07T19:17:09Z</time></trkpt><trkpt lat="61.090638" lon="-149.669434"><ele>1040.260</ele><time>2026-08-07T19:17:15Z</time></trkpt><trkpt lat="61.090621" lon="-149.669431"><ele>1041.065</ele><time>2026-08-07T19:17:22Z</time></trkpt><trkpt lat="61.090619" lon="-149.669433"><ele>1041.650</ele><time>2026-08-07T19:17:28Z</time></trkpt><trkpt lat="61.090596" lon="-149.669422"><ele>1042.881</ele><time>2026-08-07T19:17:33Z</time></trkpt><trkpt lat="61.0906" lon="-149.669416"><ele>1043.097</ele><time>2026-08-07T19:17:34Z</time></trkpt><trkpt lat="61.090627" lon="-149.669374"><ele>1043.622</ele><time>2026-08-07T19:17:41Z</time></trkpt><trkpt lat="61.090633" lon="-149.669369"><ele>1043.892</ele><time>2026-08-07T19:17:42Z</time></trkpt><trkpt lat="61.090639" lon="-149.669334"><ele>1045.073</ele><time>2026-08-07T19:17:46Z</time></trkpt><trkpt lat="61.090642" lon="-149.669327"><ele>1045.220</ele><time>2026-08-07T19:17:47Z</time></trkpt><trkpt lat="61.090623" lon="-149.669305"><ele>1046.209</ele><time>2026-08-07T19:17:52Z</time></trkpt><trkpt lat="61.0906" lon="-149.669336"><ele>1047.211</ele><time>2026-08-07T19:17:57Z</time></trkpt><trkpt lat="61.090601" lon="-149.669335"><ele>1047.496</ele><time>2026-08-07T19:17:58Z</time></trkpt><trkpt lat="61.090606" lon="-149.669304"><ele>1047.657</ele><time>2026-08-07T19:18:07Z</time></trkpt><trkpt lat="61.09061" lon="-149.669271"><ele>1048.212</ele><time>2026-08-07T19:18:17Z</time></trkpt><trkpt lat="61.090608" lon="-149.66927"><ele>1048.257</ele><time>2026-08-07T19:18:18Z</time></trkpt><trkpt lat="61.090585" lon="-149.669255"><ele>1049.452</ele><time>2026-08-07T19:18:24Z</time></trkpt><trkpt lat="61.090583" lon="-149.669252"><ele>1049.673</ele><time>2026-08-07T19:18:25Z</time></trkpt><trkpt lat="61.090577" lon="-149.669246"><ele>1050.479</ele><time>2026-08-07T19:18:28Z</time></trkpt><trkpt lat="61.090579" lon="-149.669242"><ele>1050.614</ele><time>2026-08-07T19:18:29Z</time></trkpt><trkpt lat="61.090575" lon="-149.669241"><ele>1051.463</ele><time>2026-08-07T19:18:33Z</time></trkpt><trkpt lat="61.090569" lon="-149.669241"><ele>1051.644</ele><time>2026-08-07T19:18:35Z</time></trkpt><trkpt lat="61.090563" lon="-149.669229"><ele>1052.818</ele><time>2026-08-07T19:18:40Z</time></trkpt><trkpt lat="61.090551" lon="-149.669217"><ele>1053.809</ele><time>2026-08-07T19:18:45Z</time></trkpt><trkpt lat="61.090544" lon="-149.669204"><ele>1054.458</ele><time>2026-08-07T19:18:48Z</time></trkpt><trkpt lat="61.090542" lon="-149.669177"><ele>1055.013</ele><time>2026-08-07T19:18:51Z</time></trkpt><trkpt lat="61.090537" lon="-149.669165"><ele>1055.494</ele><time>2026-08-07T19:18:53Z</time></trkpt><trkpt lat="61.090531" lon="-149.669161"><ele>1056.039</ele><time>2026-08-07T19:18:56Z</time></trkpt><trkpt lat="61.090506" lon="-149.669199"><ele>1057.254</ele><time>2026-08-07T19:19:02Z</time></trkpt><trkpt lat="61.090497" lon="-149.669203"><ele>1057.419</ele><time>2026-08-07T19:19:03Z</time></trkpt><trkpt lat="61.090481" lon="-149.669213"><ele>1058.690</ele><time>2026-08-07T19:19:08Z</time></trkpt><trkpt lat="61.090487" lon="-149.669186"><ele>1059.016</ele><time>2026-08-07T19:19:11Z</time></trkpt><trkpt lat="61.090496" lon="-149.669118"><ele>1059.051</ele><time>2026-08-07T19:19:17Z</time></trkpt><trkpt lat="61.090505" lon="-149.669084"><ele>1059.871</ele><time>2026-08-07T19:19:20Z</time></trkpt><trkpt lat="61.090512" lon="-149.669051"><ele>1060.441</ele><time>2026-08-07T19:19:23Z</time></trkpt><trkpt lat="61.09051" lon="-149.66904"><ele>1060.815</ele><time>2026-08-07T19:19:25Z</time></trkpt><trkpt lat="61.090507" lon="-149.668978"><ele>1061.609</ele><time>2026-08-07T19:19:30Z</time></trkpt><trkpt lat="61.090506" lon="-149.668957"><ele>1061.899</ele><time>2026-08-07T19:19:32Z</time></trkpt><trkpt lat="61.090507" lon="-149.668909"><ele>1062.494</ele><time>2026-08-07T19:19:36Z</time></trkpt><trkpt lat="61.090504" lon="-149.668889"><ele>1063.045</ele><time>2026-08-07T19:19:38Z</time></trkpt><trkpt lat="61.09049" lon="-149.668822"><ele>1064.030</ele><time>2026-08-07T19:19:44Z</time></trkpt><trkpt lat="61.090489" lon="-149.668814"><ele>1064.235</ele><time>2026-08-07T19:19:45Z</time></trkpt><trkpt lat="61.090466" lon="-149.668765"><ele>1064.410</ele><time>2026-08-07T19:19:51Z</time></trkpt><trkpt lat="61.090443" lon="-149.668714"><ele>1065.221</ele><time>2026-08-07T19:19:58Z</time></trkpt><trkpt lat="61.090451" lon="-149.668709"><ele>1065.497</ele><time>2026-08-07T19:19:59Z</time></trkpt><trkpt lat="61.090512" lon="-149.668699"><ele>1065.482</ele><time>2026-08-07T19:20:05Z</time></trkpt><trkpt lat="61.090538" lon="-149.668693"><ele>1064.284</ele><time>2026-08-07T19:20:08Z</time></trkpt><trkpt lat="61.090552" lon="-149.668674"><ele>1064.207</ele><time>2026-08-07T19:20:12Z</time></trkpt><trkpt lat="61.090555" lon="-149.668677"><ele>1064.417</ele><time>2026-08-07T19:20:13Z</time></trkpt><trkpt lat="61.090552" lon="-149.668689"><ele>1065.409</ele><time>2026-08-07T19:20:19Z</time></trkpt><trkpt lat="61.090552" lon="-149.668686"><ele>1065.450</ele><time>2026-08-07T19:20:29Z</time></trkpt><trkpt lat="61.090545" lon="-149.668676"><ele>1065.245</ele><time>2026-08-07T19:20:31Z</time></trkpt><trkpt lat="61.090555" lon="-149.668702"><ele>1065.016</ele><time>2026-08-07T19:20:36Z</time></trkpt><trkpt lat="61.09055" lon="-149.668703"><ele>1065.271</ele><time>2026-08-07T19:20:40Z</time></trkpt><trkpt lat="61.090552" lon="-149.668695"><ele>1065.026</ele><time>2026-08-07T19:20:43Z</time></trkpt><trkpt lat="61.090551" lon="-149.668691"><ele>1065.041</ele><time>2026-08-07T19:20:47Z</time></trkpt><trkpt lat="61.090555" lon="-149.668692"><ele>1065.252</ele><time>2026-08-07T19:20:51Z</time></trkpt><trkpt lat="61.090553" lon="-149.668681"><ele>1064.838</ele><time>2026-08-07T19:20:56Z</time></trkpt><trkpt lat="61.09053" lon="-149.668679"><ele>1064.863</ele><time>2026-08-07T19:20:59Z</time></trkpt><trkpt lat="61.090513" lon="-149.668699"><ele>1064.455</ele><time>2026-08-07T19:21:05Z</time></trkpt><trkpt lat="61.090517" lon="-149.668698"><ele>1064.407</ele><time>2026-08-07T19:21:06Z</time></trkpt><trkpt lat="61.090517" lon="-149.668693"><ele>1064.417</ele><time>2026-08-07T19:21:08Z</time></trkpt><trkpt lat="61.090513" lon="-149.668695"><ele>1064.409</ele><time>2026-08-07T19:21:09Z</time></trkpt><trkpt lat="61.090512" lon="-149.668696"><ele>1064.227</ele><time>2026-08-07T19:21:10Z</time></trkpt><trkpt lat="61.090511" lon="-149.668703"><ele>1063.852</ele><time>2026-08-07T19:21:13Z</time></trkpt><trkpt lat="61.090518" lon="-149.668716"><ele>1064.273</ele><time>2026-08-07T19:21:21Z</time></trkpt><trkpt lat="61.090507" lon="-149.668655"><ele>1065.458</ele><time>2026-08-07T19:21:28Z</time></trkpt><trkpt lat="61.090499" lon="-149.668606"><ele>1065.493</ele><time>2026-08-07T19:21:32Z</time></trkpt><trkpt lat="61.090477" lon="-149.668576"><ele>1065.698</ele><time>2026-08-07T19:21:35Z</time></trkpt><trkpt lat="61.09046" lon="-149.668517"><ele>1066.079</ele><time>2026-08-07T19:21:41Z</time></trkpt><trkpt lat="61.090456" lon="-149.668512"><ele>1066.065</ele><time>2026-08-07T19:21:42Z</time></trkpt><trkpt lat="61.090435" lon="-149.668475"><ele>1066.090</ele><time>2026-08-07T19:21:47Z</time></trkpt><trkpt lat="61.090436" lon="-149.66846"><ele>1066.063</ele><time>2026-08-07T19:21:49Z</time></trkpt><trkpt lat="61.090437" lon="-149.668444"><ele>1066.044</ele><time>2026-08-07T19:21:55Z</time></trkpt><trkpt lat="61.090433" lon="-149.668421"><ele>1066.018</ele><time>2026-08-07T19:21:57Z</time></trkpt><trkpt lat="61.090409" lon="-149.668374"><ele>1065.609</ele><time>2026-08-07T19:22:04Z</time></trkpt><trkpt lat="61.090412" lon="-149.668377"><ele>1065.438</ele><time>2026-08-07T19:22:11Z</time></trkpt><trkpt lat="61.090414" lon="-149.668366"><ele>1065.483</ele><time>2026-08-07T19:22:19Z</time></trkpt><trkpt lat="61.090414" lon="-149.668376"><ele>1065.464</ele><time>2026-08-07T19:22:27Z</time></trkpt><trkpt lat="61.090412" lon="-149.668377"><ele>1065.299</ele><time>2026-08-07T19:22:34Z</time></trkpt><trkpt lat="61.090412" lon="-149.668377"><ele>1065.014</ele><time>2026-08-07T19:22:47Z</time></trkpt><trkpt lat="61.090412" lon="-149.668377"><ele>1064.839</ele><time>2026-08-07T19:22:49Z</time></trkpt><trkpt lat="61.090409" lon="-149.668395"><ele>1064.440</ele><time>2026-08-07T19:22:58Z</time></trkpt><trkpt lat="61.090406" lon="-149.668381"><ele>1064.476</ele><time>2026-08-07T19:23:06Z</time></trkpt><trkpt lat="61.090403" lon="-149.668381"><ele>1064.641</ele><time>2026-08-07T19:23:15Z</time></trkpt><trkpt lat="61.090399" lon="-149.668375"><ele>1064.417</ele><time>2026-08-07T19:23:22Z</time></trkpt><trkpt lat="61.090402" lon="-149.668382"><ele>1064.487</ele><time>2026-08-07T19:23:28Z</time></trkpt><trkpt lat="61.090403" lon="-149.668379"><ele>1064.415</ele><time>2026-08-07T19:23:32Z</time></trkpt><trkpt lat="61.090412" lon="-149.668377"><ele>1064.209</ele><time>2026-08-07T19:23:40Z</time></trkpt><trkpt lat="61.090412" lon="-149.668377"><ele>1064.043</ele><time>2026-08-07T19:23:48Z</time></trkpt><trkpt lat="61.090412" lon="-149.668377"><ele>1064.278</ele><time>2026-08-07T19:23:52Z</time></trkpt><trkpt lat="61.090412" lon="-149.668377"><ele>1064.259</ele><time>2026-08-07T19:23:53Z</time></trkpt><trkpt lat="61.090406" lon="-149.668379"><ele>1064.254</ele><time>2026-08-07T19:23:55Z</time></trkpt><trkpt lat="61.090412" lon="-149.668377"><ele>1064.219</ele><time>2026-08-07T19:23:59Z</time></trkpt><trkpt lat="61.090412" lon="-149.668377"><ele>1064.254</ele><time>2026-08-07T19:24:02Z</time></trkpt><trkpt lat="61.090412" lon="-149.668377"><ele>1064.045</ele><time>2026-08-07T19:24:14Z</time></trkpt><trkpt lat="61.090392" lon="-149.668341"><ele>1063.661</ele><time>2026-08-07T19:24:22Z</time></trkpt><trkpt lat="61.090385" lon="-149.668345"><ele>1063.426</ele><time>2026-08-07T19:24:27Z</time></trkpt><trkpt lat="61.090386" lon="-149.668333"><ele>1063.299</ele><time>2026-08-07T19:24:29Z</time></trkpt><trkpt lat="61.090392" lon="-149.668338"><ele>1062.807</ele><time>2026-08-07T19:24:35Z</time></trkpt><trkpt lat="61.090394" lon="-149.668339"><ele>1062.827</ele><time>2026-08-07T19:24:45Z</time></trkpt><trkpt lat="61.090394" lon="-149.668339"><ele>1062.609</ele><time>2026-08-07T19:24:52Z</time></trkpt><trkpt lat="61.090394" lon="-149.668339"><ele>1062.861</ele><time>2026-08-07T19:24:53Z</time></trkpt><trkpt lat="61.090394" lon="-149.668339"><ele>1062.626</ele><time>2026-08-07T19:25:04Z</time></trkpt><trkpt lat="61.09039" lon="-149.668336"><ele>1062.657</ele><time>2026-08-07T19:25:12Z</time></trkpt><trkpt lat="61.090391" lon="-149.668348"><ele>1062.662</ele><time>2026-08-07T19:25:24Z</time></trkpt><trkpt lat="61.090394" lon="-149.668339"><ele>1062.697</ele><time>2026-08-07T19:25:30Z</time></trkpt><trkpt lat="61.090394" lon="-149.668339"><ele>1062.682</ele><time>2026-08-07T19:25:32Z</time></trkpt><trkpt lat="61.090394" lon="-149.668339"><ele>1062.633</ele><time>2026-08-07T19:25:36Z</time></trkpt><trkpt lat="61.09039" lon="-149.668346"><ele>1062.659</ele><time>2026-08-07T19:25:48Z</time></trkpt><trkpt lat="61.090394" lon="-149.668339"><ele>1062.274</ele><time>2026-08-07T19:25:56Z</time></trkpt><trkpt lat="61.090394" lon="-149.668339"><ele>1062.237</ele><time>2026-08-07T19:25:58Z</time></trkpt><trkpt lat="61.090394" lon="-149.668339"><ele>1062.249</ele><time>2026-08-07T19:26:04Z</time></trkpt><trkpt lat="61.090394" lon="-149.668339"><ele>1062.213</ele><time>2026-08-07T19:26:08Z</time></trkpt><trkpt lat="61.090394" lon="-149.668339"><ele>1062.209</ele><time>2026-08-07T19:26:23Z</time></trkpt><trkpt lat="61.090394" lon="-149.668339"><ele>1062.085</ele><time>2026-08-07T19:26:25Z</time></trkpt><trkpt lat="61.090394" lon="-149.668339"><ele>1061.870</ele><time>2026-08-07T19:26:33Z</time></trkpt><trkpt lat="61.090394" lon="-149.668339"><ele>1061.871</ele><time>2026-08-07T19:26:38Z</time></trkpt><trkpt lat="61.090394" lon="-149.668339"><ele>1062.016</ele><time>2026-08-07T19:26:53Z</time></trkpt><trkpt lat="61.090394" lon="-149.668339"><ele>1061.841</ele><time>2026-08-07T19:26:59Z</time></trkpt><trkpt lat="61.090394" lon="-149.668339"><ele>1061.876</ele><time>2026-08-07T19:27:01Z</time></trkpt><trkpt lat="61.090394" lon="-149.668339"><ele>1061.687</ele><time>2026-08-07T19:27:14Z</time></trkpt><trkpt lat="61.090394" lon="-149.668339"><ele>1061.473</ele><time>2026-08-07T19:27:21Z</time></trkpt><trkpt lat="61.090394" lon="-149.668339"><ele>1061.658</ele><time>2026-08-07T19:27:32Z</time></trkpt><trkpt lat="61.090394" lon="-149.668339"><ele>1061.479</ele><time>2026-08-07T19:27:49Z</time></trkpt><trkpt lat="61.090394" lon="-149.668339"><ele>1061.205</ele><time>2026-08-07T19:27:53Z</time></trkpt><trkpt lat="61.090394" lon="-149.668339"><ele>1061.225</ele><time>2026-08-07T19:28:05Z</time></trkpt><trkpt lat="61.090394" lon="-149.668339"><ele>1061.209</ele><time>2026-08-07T19:28:08Z</time></trkpt><trkpt lat="61.090393" lon="-149.668346"><ele>1061.219</ele><time>2026-08-07T19:28:22Z</time></trkpt><trkpt lat="61.090394" lon="-149.668339"><ele>1061.424</ele><time>2026-08-07T19:28:37Z</time></trkpt><trkpt lat="61.090394" lon="-149.668339"><ele>1061.235</ele><time>2026-08-07T19:28:43Z</time></trkpt><trkpt lat="61.090394" lon="-149.668339"><ele>1061.290</ele><time>2026-08-07T19:28:44Z</time></trkpt><trkpt lat="61.090394" lon="-149.668339"><ele>1061.245</ele><time>2026-08-07T19:28:48Z</time></trkpt><trkpt lat="61.090389" lon="-149.668342"><ele>1061.420</ele><time>2026-08-07T19:28:53Z</time></trkpt><trkpt lat="61.090394" lon="-149.668339"><ele>1061.211</ele><time>2026-08-07T19:29:02Z</time></trkpt><trkpt lat="61.090394" lon="-149.668339"><ele>1061.087</ele><time>2026-08-07T19:29:06Z</time></trkpt><trkpt lat="61.090394" lon="-149.668339"><ele>1060.892</ele><time>2026-08-07T19:29:17Z</time></trkpt><trkpt lat="61.090394" lon="-149.668339"><ele>1061.042</ele><time>2026-08-07T19:29:31Z</time></trkpt><trkpt lat="61.090394" lon="-149.668339"><ele>1061.022</ele><time>2026-08-07T19:29:34Z</time></trkpt><trkpt lat="61.090394" lon="-149.668339"><ele>1061.214</ele><time>2026-08-07T19:29:44Z</time></trkpt><trkpt lat="61.090394" lon="-149.668334"><ele>1061.009</ele><time>2026-08-07T19:30:00Z</time></trkpt><trkpt lat="61.090394" lon="-149.668339"><ele>1061.476</ele><time>2026-08-07T19:30:20Z</time></trkpt><trkpt lat="61.090394" lon="-149.668339"><ele>1061.661</ele><time>2026-08-07T19:30:34Z</time></trkpt><trkpt lat="61.090394" lon="-149.668339"><ele>1061.682</ele><time>2026-08-07T19:30:36Z</time></trkpt><trkpt lat="61.090394" lon="-149.668339"><ele>1061.637</ele><time>2026-08-07T19:30:39Z</time></trkpt><trkpt lat="61.090394" lon="-149.668339"><ele>1061.642</ele><time>2026-08-07T19:30:48Z</time></trkpt><trkpt lat="61.090394" lon="-149.668338"><ele>1061.477</ele><time>2026-08-07T19:31:00Z</time></trkpt><trkpt lat="61.090395" lon="-149.668333"><ele>1061.428</ele><time>2026-08-07T19:31:12Z</time></trkpt><trkpt lat="61.090392" lon="-149.66834"><ele>1061.454</ele><time>2026-08-07T19:31:28Z</time></trkpt><trkpt lat="61.090389" lon="-149.668343"><ele>1061.259</ele><time>2026-08-07T19:31:33Z</time></trkpt><trkpt lat="61.090389" lon="-149.668334"><ele>1061.462</ele><time>2026-08-07T19:31:41Z</time></trkpt><trkpt lat="61.090389" lon="-149.668331"><ele>1061.283</ele><time>2026-08-07T19:31:50Z</time></trkpt><trkpt lat="61.09039" lon="-149.668327"><ele>1061.211</ele><time>2026-08-07T19:31:51Z</time></trkpt><trkpt lat="61.090386" lon="-149.668344"><ele>1061.209</ele><time>2026-08-07T19:31:56Z</time></trkpt><trkpt lat="61.090394" lon="-149.668339"><ele>1061.278</ele><time>2026-08-07T19:32:00Z</time></trkpt><trkpt lat="61.090394" lon="-149.668339"><ele>1061.463</ele><time>2026-08-07T19:32:04Z</time></trkpt><trkpt lat="61.090394" lon="-149.668339"><ele>1061.434</ele><time>2026-08-07T19:32:06Z</time></trkpt><trkpt lat="61.090394" lon="-149.668339"><ele>1061.659</ele><time>2026-08-07T19:32:17Z</time></trkpt><trkpt lat="61.090395" lon="-149.668315"><ele>1061.684</ele><time>2026-08-07T19:32:27Z</time></trkpt><trkpt lat="61.090367" lon="-149.668332"><ele>1063.079</ele><time>2026-08-07T19:41:54Z</time></trkpt><trkpt lat="61.090338" lon="-149.668349"><ele>1062.620</ele><time>2026-08-07T19:42:00Z</time></trkpt><trkpt lat="61.090333" lon="-149.668352"><ele>1062.486</ele><time>2026-08-07T19:42:08Z</time></trkpt><trkpt lat="61.090311" lon="-149.668381"><ele>1062.491</ele><time>2026-08-07T19:42:11Z</time></trkpt><trkpt lat="61.090284" lon="-149.668423"><ele>1062.269</ele><time>2026-08-07T19:42:16Z</time></trkpt><trkpt lat="61.090243" lon="-149.668477"><ele>1062.204</ele><time>2026-08-07T19:42:23Z</time></trkpt><trkpt lat="61.090233" lon="-149.66849"><ele>1062.224</ele><time>2026-08-07T19:42:25Z</time></trkpt><trkpt lat="61.090186" lon="-149.668544"><ele>1062.609</ele><time>2026-08-07T19:42:34Z</time></trkpt><trkpt lat="61.090165" lon="-149.66856"><ele>1062.688</ele><time>2026-08-07T19:42:44Z</time></trkpt><trkpt lat="61.090146" lon="-149.668593"><ele>1062.623</ele><time>2026-08-07T19:42:50Z</time></trkpt><trkpt lat="61.090149" lon="-149.668591"><ele>1062.694</ele><time>2026-08-07T19:43:01Z</time></trkpt><trkpt lat="61.090155" lon="-149.668597"><ele>1062.639</ele><time>2026-08-07T19:43:07Z</time></trkpt><trkpt lat="61.090112" lon="-149.668646"><ele>1062.814</ele><time>2026-08-07T19:43:16Z</time></trkpt><trkpt lat="61.09007" lon="-149.668747"><ele>1063.059</ele><time>2026-08-07T19:43:24Z</time></trkpt><trkpt lat="61.090039" lon="-149.66889"><ele>1063.030</ele><time>2026-08-07T19:43:33Z</time></trkpt><trkpt lat="61.090029" lon="-149.66895"><ele>1063.296</ele><time>2026-08-07T19:43:37Z</time></trkpt><trkpt lat="61.090015" lon="-149.669005"><ele>1063.231</ele><time>2026-08-07T19:43:41Z</time></trkpt><trkpt lat="61.090014" lon="-149.669026"><ele>1063.235</ele><time>2026-08-07T19:43:48Z</time></trkpt><trkpt lat="61.089996" lon="-149.669079"><ele>1063.286</ele><time>2026-08-07T19:43:52Z</time></trkpt><trkpt lat="61.089991" lon="-149.669092"><ele>1063.214</ele><time>2026-08-07T19:43:53Z</time></trkpt><trkpt lat="61.089983" lon="-149.669106"><ele>1063.209</ele><time>2026-08-07T19:43:54Z</time></trkpt><trkpt lat="61.089977" lon="-149.669119"><ele>1063.035</ele><time>2026-08-07T19:43:55Z</time></trkpt><trkpt lat="61.089974" lon="-149.669132"><ele>1063.040</ele><time>2026-08-07T19:43:56Z</time></trkpt><trkpt lat="61.089976" lon="-149.669155"><ele>1062.891</ele><time>2026-08-07T19:43:57Z</time></trkpt><trkpt lat="61.089947" lon="-149.66923"><ele>1062.876</ele><time>2026-08-07T19:44:02Z</time></trkpt><trkpt lat="61.089919" lon="-149.669294"><ele>1063.061</ele><time>2026-08-07T19:44:11Z</time></trkpt><trkpt lat="61.08992" lon="-149.669294"><ele>1063.296</ele><time>2026-08-07T19:44:21Z</time></trkpt><trkpt lat="61.089896" lon="-149.66935"><ele>1063.047</ele><time>2026-08-07T19:44:26Z</time></trkpt><trkpt lat="61.089894" lon="-149.669348"><ele>1063.213</ele><time>2026-08-07T19:44:27Z</time></trkpt><trkpt lat="61.08985" lon="-149.669417"><ele>1063.228</ele><time>2026-08-07T19:44:33Z</time></trkpt><trkpt lat="61.089849" lon="-149.66942"><ele>1063.695</ele><time>2026-08-07T19:44:38Z</time></trkpt><trkpt lat="61.089825" lon="-149.669488"><ele>1063.249</ele><time>2026-08-07T19:44:44Z</time></trkpt><trkpt lat="61.08976" lon="-149.669548"><ele>1062.823</ele><time>2026-08-07T19:44:49Z</time></trkpt><trkpt lat="61.089702" lon="-149.669621"><ele>1062.009</ele><time>2026-08-07T19:44:54Z</time></trkpt><trkpt lat="61.089634" lon="-149.669689"><ele>1061.471</ele><time>2026-08-07T19:45:00Z</time></trkpt><trkpt lat="61.089577" lon="-149.669828"><ele>1061.036</ele><time>2026-08-07T19:45:07Z</time></trkpt><trkpt lat="61.089558" lon="-149.669867"><ele>1061.087</ele><time>2026-08-07T19:45:09Z</time></trkpt><trkpt lat="61.089531" lon="-149.669928"><ele>1060.862</ele><time>2026-08-07T19:45:13Z</time></trkpt><trkpt lat="61.089479" lon="-149.670097"><ele>1060.637</ele><time>2026-08-07T19:45:21Z</time></trkpt><trkpt lat="61.089437" lon="-149.670142"><ele>1060.832</ele><time>2026-08-07T19:45:25Z</time></trkpt><trkpt lat="61.089419" lon="-149.670154"><ele>1060.673</ele><time>2026-08-07T19:45:27Z</time></trkpt><trkpt lat="61.089352" lon="-149.67026"><ele>1060.459</ele><time>2026-08-07T19:45:35Z</time></trkpt><trkpt lat="61.089354" lon="-149.670284"><ele>1060.484</ele><time>2026-08-07T19:45:36Z</time></trkpt><trkpt lat="61.089369" lon="-149.670399"><ele>1060.684</ele><time>2026-08-07T19:45:41Z</time></trkpt><trkpt lat="61.089372" lon="-149.670592"><ele>1060.407</ele><time>2026-08-07T19:45:49Z</time></trkpt><trkpt lat="61.089365" lon="-149.670675"><ele>1060.017</ele><time>2026-08-07T19:45:54Z</time></trkpt><trkpt lat="61.089363" lon="-149.670683"><ele>1060.009</ele><time>2026-08-07T19:45:56Z</time></trkpt><trkpt lat="61.089356" lon="-149.670749"><ele>1059.280</ele><time>2026-08-07T19:46:05Z</time></trkpt><trkpt lat="61.089355" lon="-149.670771"><ele>1058.875</ele><time>2026-08-07T19:46:06Z</time></trkpt><trkpt lat="61.089341" lon="-149.670837"><ele>1057.436</ele><time>2026-08-07T19:46:09Z</time></trkpt><trkpt lat="61.089328" lon="-149.670858"><ele>1056.681</ele><time>2026-08-07T19:46:11Z</time></trkpt><trkpt lat="61.089324" lon="-149.670866"><ele>1056.256</ele><time>2026-08-07T19:46:12Z</time></trkpt><trkpt lat="61.089321" lon="-149.670872"><ele>1056.011</ele><time>2026-08-07T19:46:18Z</time></trkpt><trkpt lat="61.089313" lon="-149.670921"><ele>1055.652</ele><time>2026-08-07T19:46:22Z</time></trkpt><trkpt lat="61.089301" lon="-149.670937"><ele>1055.228</ele><time>2026-08-07T19:46:24Z</time></trkpt><trkpt lat="61.089271" lon="-149.670939"><ele>1054.043</ele><time>2026-08-07T19:46:28Z</time></trkpt><trkpt lat="61.089275" lon="-149.671019"><ele>1052.671</ele><time>2026-08-07T19:46:32Z</time></trkpt><trkpt lat="61.089269" lon="-149.671042"><ele>1052.041</ele><time>2026-08-07T19:46:33Z</time></trkpt><trkpt lat="61.089261" lon="-149.671058"><ele>1051.415</ele><time>2026-08-07T19:46:34Z</time></trkpt><trkpt lat="61.089244" lon="-149.671075"><ele>1050.209</ele><time>2026-08-07T19:46:36Z</time></trkpt><trkpt lat="61.089235" lon="-149.671094"><ele>1049.259</ele><time>2026-08-07T19:46:38Z</time></trkpt><trkpt lat="61.089234" lon="-149.671096"><ele>1048.644</ele><time>2026-08-07T19:46:40Z</time></trkpt><trkpt lat="61.08922" lon="-149.671124"><ele>1048.035</ele><time>2026-08-07T19:46:48Z</time></trkpt><trkpt lat="61.089184" lon="-149.671154"><ele>1047.010</ele><time>2026-08-07T19:46:52Z</time></trkpt><trkpt lat="61.089171" lon="-149.671152"><ele>1046.665</ele><time>2026-08-07T19:46:54Z</time></trkpt><trkpt lat="61.089153" lon="-149.671166"><ele>1045.890</ele><time>2026-08-07T19:46:57Z</time></trkpt><trkpt lat="61.089155" lon="-149.671207"><ele>1045.071</ele><time>2026-08-07T19:46:59Z</time></trkpt><trkpt lat="61.089159" lon="-149.671237"><ele>1044.617</ele><time>2026-08-07T19:47:00Z</time></trkpt><trkpt lat="61.089174" lon="-149.671294"><ele>1043.632</ele><time>2026-08-07T19:47:03Z</time></trkpt><trkpt lat="61.089174" lon="-149.671307"><ele>1043.235</ele><time>2026-08-07T19:47:04Z</time></trkpt><trkpt lat="61.089171" lon="-149.671325"><ele>1042.486</ele><time>2026-08-07T19:47:06Z</time></trkpt><trkpt lat="61.089165" lon="-149.671333"><ele>1042.214</ele><time>2026-08-07T19:47:07Z</time></trkpt><trkpt lat="61.089158" lon="-149.671372"><ele>1041.409</ele><time>2026-08-07T19:47:09Z</time></trkpt><trkpt lat="61.089158" lon="-149.6714"><ele>1041.025</ele><time>2026-08-07T19:47:10Z</time></trkpt><trkpt lat="61.089153" lon="-149.671445"><ele>1040.240</ele><time>2026-08-07T19:47:12Z</time></trkpt><trkpt lat="61.089146" lon="-149.671483"><ele>1038.871</ele><time>2026-08-07T19:47:14Z</time></trkpt><trkpt lat="61.089135" lon="-149.671505"><ele>1037.836</ele><time>2026-08-07T19:47:16Z</time></trkpt><trkpt lat="61.089128" lon="-149.671522"><ele>1037.441</ele><time>2026-08-07T19:47:17Z</time></trkpt><trkpt lat="61.089121" lon="-149.671545"><ele>1036.826</ele><time>2026-08-07T19:47:19Z</time></trkpt><trkpt lat="61.089121" lon="-149.671559"><ele>1036.627</ele><time>2026-08-07T19:47:20Z</time></trkpt><trkpt lat="61.089126" lon="-149.671576"><ele>1036.423</ele><time>2026-08-07T19:47:21Z</time></trkpt><trkpt lat="61.089137" lon="-149.671632"><ele>1035.218</ele><time>2026-08-07T19:47:24Z</time></trkpt><trkpt lat="61.089132" lon="-149.671638"><ele>1034.613</ele><time>2026-08-07T19:47:25Z</time></trkpt><trkpt lat="61.089122" lon="-149.671652"><ele>1034.043</ele><time>2026-08-07T19:47:27Z</time></trkpt><trkpt lat="61.089101" lon="-149.671714"><ele>1033.207</ele><time>2026-08-07T19:47:31Z</time></trkpt><trkpt lat="61.089096" lon="-149.671723"><ele>1032.809</ele><time>2026-08-07T19:47:32Z</time></trkpt><trkpt lat="61.089099" lon="-149.671758"><ele>1031.643</ele><time>2026-08-07T19:47:35Z</time></trkpt><trkpt lat="61.0891" lon="-149.671763"><ele>1031.218</ele><time>2026-08-07T19:47:36Z</time></trkpt><trkpt lat="61.08909" lon="-149.671785"><ele>1030.479</ele><time>2026-08-07T19:47:38Z</time></trkpt><trkpt lat="61.089077" lon="-149.671829"><ele>1029.674</ele><time>2026-08-07T19:47:40Z</time></trkpt><trkpt lat="61.089064" lon="-149.67183"><ele>1029.069</ele><time>2026-08-07T19:47:41Z</time></trkpt><trkpt lat="61.089035" lon="-149.671877"><ele>1028.054</ele><time>2026-08-07T19:47:44Z</time></trkpt><trkpt lat="61.089028" lon="-149.671901"><ele>1027.655</ele><time>2026-08-07T19:47:45Z</time></trkpt><trkpt lat="61.08902" lon="-149.671937"><ele>1026.871</ele><time>2026-08-07T19:47:47Z</time></trkpt><trkpt lat="61.088995" lon="-149.671995"><ele>1025.626</ele><time>2026-08-07T19:47:50Z</time></trkpt><trkpt lat="61.088973" lon="-149.672051"><ele>1024.462</ele><time>2026-08-07T19:47:53Z</time></trkpt><trkpt lat="61.088944" lon="-149.672115"><ele>1023.883</ele><time>2026-08-07T19:47:57Z</time></trkpt><trkpt lat="61.088934" lon="-149.672188"><ele>1023.211</ele><time>2026-08-07T19:48:00Z</time></trkpt><trkpt lat="61.08893" lon="-149.672242"><ele>1022.009</ele><time>2026-08-07T19:48:03Z</time></trkpt><trkpt lat="61.088925" lon="-149.672256"><ele>1021.628</ele><time>2026-08-07T19:48:04Z</time></trkpt><trkpt lat="61.088908" lon="-149.672282"><ele>1020.873</ele><time>2026-08-07T19:48:06Z</time></trkpt><trkpt lat="61.088886" lon="-149.672316"><ele>1020.034</ele><time>2026-08-07T19:48:09Z</time></trkpt><trkpt lat="61.088881" lon="-149.672338"><ele>1019.629</ele><time>2026-08-07T19:48:10Z</time></trkpt><trkpt lat="61.088882" lon="-149.672405"><ele>1018.454</ele><time>2026-08-07T19:48:13Z</time></trkpt><trkpt lat="61.08888" lon="-149.672468"><ele>1017.419</ele><time>2026-08-07T19:48:16Z</time></trkpt><trkpt lat="61.08888" lon="-149.672492"><ele>1017.260</ele><time>2026-08-07T19:48:17Z</time></trkpt><trkpt lat="61.08886" lon="-149.672542"><ele>1016.286</ele><time>2026-08-07T19:48:21Z</time></trkpt><trkpt lat="61.088859" lon="-149.672543"><ele>1016.081</ele><time>2026-08-07T19:48:22Z</time></trkpt><trkpt lat="61.088839" lon="-149.672605"><ele>1015.239</ele><time>2026-08-07T19:48:27Z</time></trkpt><trkpt lat="61.088835" lon="-149.672616"><ele>1015.001</ele><time>2026-08-07T19:48:28Z</time></trkpt><trkpt lat="61.088832" lon="-149.672618"><ele>1014.821</ele><time>2026-08-07T19:48:29Z</time></trkpt><trkpt lat="61.088821" lon="-149.672617"><ele>1014.009</ele><time>2026-08-07T19:48:32Z</time></trkpt><trkpt lat="61.088821" lon="-149.672617"><ele>1013.695</ele><time>2026-08-07T19:48:35Z</time></trkpt><trkpt lat="61.088808" lon="-149.672647"><ele>1013.270</ele><time>2026-08-07T19:48:43Z</time></trkpt><trkpt lat="61.088808" lon="-149.67266"><ele>1012.881</ele><time>2026-08-07T19:48:44Z</time></trkpt><trkpt lat="61.088821" lon="-149.672687"><ele>1011.836</ele><time>2026-08-07T19:48:47Z</time></trkpt><trkpt lat="61.088844" lon="-149.672721"><ele>1011.241</ele><time>2026-08-07T19:48:49Z</time></trkpt><trkpt lat="61.088851" lon="-149.672737"><ele>1010.876</ele><time>2026-08-07T19:48:50Z</time></trkpt><trkpt lat="61.088864" lon="-149.672782"><ele>1009.477</ele><time>2026-08-07T19:48:53Z</time></trkpt><trkpt lat="61.088863" lon="-149.672805"><ele>1009.073</ele><time>2026-08-07T19:48:54Z</time></trkpt><trkpt lat="61.088851" lon="-149.672829"><ele>1008.018</ele><time>2026-08-07T19:48:56Z</time></trkpt><trkpt lat="61.08885" lon="-149.672855"><ele>1007.272</ele><time>2026-08-07T19:48:58Z</time></trkpt><trkpt lat="61.088852" lon="-149.67287"><ele>1007.013</ele><time>2026-08-07T19:48:59Z</time></trkpt><trkpt lat="61.088859" lon="-149.672885"><ele>1006.614</ele><time>2026-08-07T19:49:00Z</time></trkpt><trkpt lat="61.088868" lon="-149.672928"><ele>1005.809</ele><time>2026-08-07T19:49:03Z</time></trkpt><trkpt lat="61.088858" lon="-149.672944"><ele>1005.489</ele><time>2026-08-07T19:49:04Z</time></trkpt><trkpt lat="61.088848" lon="-149.672964"><ele>1004.644</ele><time>2026-08-07T19:49:06Z</time></trkpt><trkpt lat="61.088838" lon="-149.672956"><ele>1004.025</ele><time>2026-08-07T19:49:09Z</time></trkpt><trkpt lat="61.088821" lon="-149.67296"><ele>1003.860</ele><time>2026-08-07T19:49:11Z</time></trkpt><trkpt lat="61.088804" lon="-149.672968"><ele>1003.475</ele><time>2026-08-07T19:49:13Z</time></trkpt><trkpt lat="61.08878" lon="-149.672991"><ele>1002.290</ele><time>2026-08-07T19:49:16Z</time></trkpt><trkpt lat="61.088775" lon="-149.67299"><ele>1001.821</ele><time>2026-08-07T19:49:17Z</time></trkpt><trkpt lat="61.088765" lon="-149.672977"><ele>1001.097</ele><time>2026-08-07T19:49:19Z</time></trkpt><trkpt lat="61.08874" lon="-149.672994"><ele>999.892</ele><time>2026-08-07T19:49:22Z</time></trkpt><trkpt lat="61.088734" lon="-149.673021"><ele>998.873</ele><time>2026-08-07T19:49:24Z</time></trkpt><trkpt lat="61.088738" lon="-149.673029"><ele>997.685</ele><time>2026-08-07T19:49:27Z</time></trkpt><trkpt lat="61.088738" lon="-149.673044"><ele>997.613</ele><time>2026-08-07T19:49:28Z</time></trkpt><trkpt lat="61.088731" lon="-149.673078"><ele>996.809</ele><time>2026-08-07T19:49:34Z</time></trkpt><trkpt lat="61.088728" lon="-149.673102"><ele>996.419</ele><time>2026-08-07T19:49:36Z</time></trkpt><trkpt lat="61.088715" lon="-149.673145"><ele>995.494</ele><time>2026-08-07T19:49:40Z</time></trkpt><trkpt lat="61.088706" lon="-149.673141"><ele>995.235</ele><time>2026-08-07T19:49:41Z</time></trkpt><trkpt lat="61.088672" lon="-149.673112"><ele>994.490</ele><time>2026-08-07T19:49:45Z</time></trkpt><trkpt lat="61.08866" lon="-149.673099"><ele>994.235</ele><time>2026-08-07T19:49:46Z</time></trkpt><trkpt lat="61.088647" lon="-149.673105"><ele>993.210</ele><time>2026-08-07T19:49:49Z</time></trkpt><trkpt lat="61.088641" lon="-149.6731"><ele>992.821</ele><time>2026-08-07T19:49:50Z</time></trkpt><trkpt lat="61.088619" lon="-149.673109"><ele>992.047</ele><time>2026-08-07T19:49:54Z</time></trkpt><trkpt lat="61.088605" lon="-149.673121"><ele>991.292</ele><time>2026-08-07T19:49:56Z</time></trkpt><trkpt lat="61.088599" lon="-149.673124"><ele>990.895</ele><time>2026-08-07T19:49:57Z</time></trkpt><trkpt lat="61.08859" lon="-149.67315"><ele>989.649</ele><time>2026-08-07T19:50:00Z</time></trkpt><trkpt lat="61.088596" lon="-149.67317"><ele>989.423</ele><time>2026-08-07T19:50:01Z</time></trkpt><trkpt lat="61.088612" lon="-149.673231"><ele>989.209</ele><time>2026-08-07T19:50:08Z</time></trkpt><trkpt lat="61.088589" lon="-149.673312"><ele>988.281</ele><time>2026-08-07T19:50:12Z</time></trkpt><trkpt lat="61.088578" lon="-149.673315"><ele>987.016</ele><time>2026-08-07T19:50:14Z</time></trkpt><trkpt lat="61.088563" lon="-149.673316"><ele>985.897</ele><time>2026-08-07T19:50:17Z</time></trkpt><trkpt lat="61.088539" lon="-149.673304"><ele>984.882</ele><time>2026-08-07T19:50:20Z</time></trkpt><trkpt lat="61.088524" lon="-149.673297"><ele>984.457</ele><time>2026-08-07T19:50:21Z</time></trkpt><trkpt lat="61.088486" lon="-149.673279"><ele>983.662</ele><time>2026-08-07T19:50:24Z</time></trkpt><trkpt lat="61.088477" lon="-149.673297"><ele>983.283</ele><time>2026-08-07T19:50:25Z</time></trkpt><trkpt lat="61.088461" lon="-149.673311"><ele>982.849</ele><time>2026-08-07T19:50:27Z</time></trkpt><trkpt lat="61.088455" lon="-149.673318"><ele>982.494</ele><time>2026-08-07T19:50:28Z</time></trkpt><trkpt lat="61.088456" lon="-149.673353"><ele>981.816</ele><time>2026-08-07T19:50:33Z</time></trkpt><trkpt lat="61.088462" lon="-149.673391"><ele>981.276</ele><time>2026-08-07T19:50:36Z</time></trkpt><trkpt lat="61.08847" lon="-149.673391"><ele>980.613</ele><time>2026-08-07T19:50:38Z</time></trkpt><trkpt lat="61.088501" lon="-149.673424"><ele>981.009</ele><time>2026-08-07T19:50:43Z</time></trkpt><trkpt lat="61.088493" lon="-149.673422"><ele>981.043</ele><time>2026-08-07T19:50:53Z</time></trkpt><trkpt lat="61.088496" lon="-149.673457"><ele>980.848</ele><time>2026-08-07T19:50:59Z</time></trkpt><trkpt lat="61.088486" lon="-149.673485"><ele>980.289</ele><time>2026-08-07T19:51:02Z</time></trkpt><trkpt lat="61.08848" lon="-149.673477"><ele>979.454</ele><time>2026-08-07T19:51:05Z</time></trkpt><trkpt lat="61.088482" lon="-149.673473"><ele>979.079</ele><time>2026-08-07T19:51:07Z</time></trkpt><trkpt lat="61.088486" lon="-149.673477"><ele>979.294</ele><time>2026-08-07T19:51:13Z</time></trkpt><trkpt lat="61.088474" lon="-149.673489"><ele>979.295</ele><time>2026-08-07T19:51:18Z</time></trkpt><trkpt lat="61.088474" lon="-149.673487"><ele>979.291</ele><time>2026-08-07T19:51:28Z</time></trkpt><trkpt lat="61.088474" lon="-149.673478"><ele>979.286</ele><time>2026-08-07T19:51:43Z</time></trkpt><trkpt lat="61.088476" lon="-149.673475"><ele>979.863</ele><time>2026-08-07T19:51:53Z</time></trkpt><trkpt lat="61.088479" lon="-149.67347"><ele>979.844</ele><time>2026-08-07T19:51:56Z</time></trkpt><trkpt lat="61.088474" lon="-149.673478"><ele>979.818</ele><time>2026-08-07T19:51:59Z</time></trkpt><trkpt lat="61.088466" lon="-149.673476"><ele>979.809</ele><time>2026-08-07T19:52:03Z</time></trkpt><trkpt lat="61.088471" lon="-149.673473"><ele>979.858</ele><time>2026-08-07T19:52:13Z</time></trkpt><trkpt lat="61.088477" lon="-149.673484"><ele>979.823</ele><time>2026-08-07T19:52:22Z</time></trkpt><trkpt lat="61.088474" lon="-149.673487"><ele>979.864</ele><time>2026-08-07T19:52:31Z</time></trkpt><trkpt lat="61.088474" lon="-149.673487"><ele>979.879</ele><time>2026-08-07T19:52:36Z</time></trkpt><trkpt lat="61.088474" lon="-149.673487"><ele>979.814</ele><time>2026-08-07T19:52:44Z</time></trkpt><trkpt lat="61.088474" lon="-149.673487"><ele>979.849</ele><time>2026-08-07T19:52:56Z</time></trkpt><trkpt lat="61.088473" lon="-149.67348"><ele>979.840</ele><time>2026-08-07T19:53:04Z</time></trkpt><trkpt lat="61.088474" lon="-149.673477"><ele>979.896</ele><time>2026-08-07T19:53:07Z</time></trkpt><trkpt lat="61.088474" lon="-149.673487"><ele>979.811</ele><time>2026-08-07T19:53:14Z</time></trkpt><trkpt lat="61.088472" lon="-149.673471"><ele>980.099</ele><time>2026-08-07T19:53:17Z</time></trkpt><trkpt lat="61.088472" lon="-149.673454"><ele>979.407</ele><time>2026-08-07T19:53:24Z</time></trkpt><trkpt lat="61.088474" lon="-149.673472"><ele>980.027</ele><time>2026-08-07T19:53:30Z</time></trkpt><trkpt lat="61.088471" lon="-149.673468"><ele>980.009</ele><time>2026-08-07T19:53:31Z</time></trkpt><trkpt lat="61.088468" lon="-149.673477"><ele>980.471</ele><time>2026-08-07T19:53:38Z</time></trkpt><trkpt lat="61.08846" lon="-149.673465"><ele>980.296</ele><time>2026-08-07T19:53:43Z</time></trkpt><trkpt lat="61.088467" lon="-149.673475"><ele>980.057</ele><time>2026-08-07T19:53:45Z</time></trkpt><trkpt lat="61.088474" lon="-149.673484"><ele>980.022</ele><time>2026-08-07T19:53:49Z</time></trkpt><trkpt lat="61.088491" lon="-149.673485"><ele>980.217</ele><time>2026-08-07T19:53:56Z</time></trkpt><trkpt lat="61.088505" lon="-149.673411"><ele>981.242</ele><time>2026-08-07T19:54:00Z</time></trkpt><trkpt lat="61.088506" lon="-149.67337"><ele>982.213</ele><time>2026-08-07T19:54:02Z</time></trkpt><trkpt lat="61.088502" lon="-149.673352"><ele>982.619</ele><time>2026-08-07T19:54:03Z</time></trkpt><trkpt lat="61.088494" lon="-149.673284"><ele>983.894</ele><time>2026-08-07T19:54:08Z</time></trkpt><trkpt lat="61.0885" lon="-149.673277"><ele>984.085</ele><time>2026-08-07T19:54:09Z</time></trkpt><trkpt lat="61.088516" lon="-149.673277"><ele>984.689</ele><time>2026-08-07T19:54:12Z</time></trkpt><trkpt lat="61.08852" lon="-149.673274"><ele>985.017</ele><time>2026-08-07T19:54:13Z</time></trkpt><trkpt lat="61.088532" lon="-149.673273"><ele>985.809</ele><time>2026-08-07T19:54:15Z</time></trkpt><trkpt lat="61.088537" lon="-149.673278"><ele>986.280</ele><time>2026-08-07T19:54:16Z</time></trkpt><trkpt lat="61.088568" lon="-149.673279"><ele>987.445</ele><time>2026-08-07T19:54:22Z</time></trkpt><trkpt lat="61.088583" lon="-149.673272"><ele>987.876</ele><time>2026-08-07T19:54:25Z</time></trkpt><trkpt lat="61.088587" lon="-149.673259"><ele>988.261</ele><time>2026-08-07T19:54:27Z</time></trkpt><trkpt lat="61.088593" lon="-149.673243"><ele>988.416</ele><time>2026-08-07T19:54:28Z</time></trkpt><trkpt lat="61.088594" lon="-149.673236"><ele>988.871</ele><time>2026-08-07T19:54:29Z</time></trkpt><trkpt lat="61.088596" lon="-149.67321"><ele>989.682</ele><time>2026-08-07T19:54:31Z</time></trkpt><trkpt lat="61.088603" lon="-149.673181"><ele>990.448</ele><time>2026-08-07T19:54:33Z</time></trkpt><trkpt lat="61.088606" lon="-149.673169"><ele>990.653</ele><time>2026-08-07T19:54:34Z</time></trkpt><trkpt lat="61.088618" lon="-149.673161"><ele>991.284</ele><time>2026-08-07T19:54:36Z</time></trkpt><trkpt lat="61.08863" lon="-149.673172"><ele>991.607</ele><time>2026-08-07T19:54:38Z</time></trkpt><trkpt lat="61.088636" lon="-149.673181"><ele>991.817</ele><time>2026-08-07T19:54:39Z</time></trkpt><trkpt lat="61.088657" lon="-149.67319"><ele>992.809</ele><time>2026-08-07T19:54:43Z</time></trkpt><trkpt lat="61.088667" lon="-149.673198"><ele>993.240</ele><time>2026-08-07T19:54:45Z</time></trkpt><trkpt lat="61.088672" lon="-149.67321"><ele>993.815</ele><time>2026-08-07T19:54:47Z</time></trkpt><trkpt lat="61.088665" lon="-149.673197"><ele>995.096</ele><time>2026-08-07T19:54:53Z</time></trkpt><trkpt lat="61.088664" lon="-149.673191"><ele>995.271</ele><time>2026-08-07T19:54:54Z</time></trkpt><trkpt lat="61.088661" lon="-149.673143"><ele>996.016</ele><time>2026-08-07T19:54:59Z</time></trkpt><trkpt lat="61.088696" lon="-149.673106"><ele>996.451</ele><time>2026-08-07T19:55:05Z</time></trkpt><trkpt lat="61.088737" lon="-149.67313"><ele>997.232</ele><time>2026-08-07T19:55:09Z</time></trkpt><trkpt lat="61.08876" lon="-149.673152"><ele>997.678</ele><time>2026-08-07T19:55:11Z</time></trkpt><trkpt lat="61.088786" lon="-149.673172"><ele>998.413</ele><time>2026-08-07T19:55:14Z</time></trkpt><trkpt lat="61.0888" lon="-149.673167"><ele>999.415</ele><time>2026-08-07T19:55:17Z</time></trkpt><trkpt lat="61.088806" lon="-149.673163"><ele>999.665</ele><time>2026-08-07T19:55:18Z</time></trkpt><trkpt lat="61.088826" lon="-149.673178"><ele>1000.611</ele><time>2026-08-07T19:55:22Z</time></trkpt><trkpt lat="61.088841" lon="-149.673155"><ele>1001.209</ele><time>2026-08-07T19:55:25Z</time></trkpt><trkpt lat="61.088861" lon="-149.6731"><ele>1001.863</ele><time>2026-08-07T19:55:29Z</time></trkpt><trkpt lat="61.088881" lon="-149.673053"><ele>1002.298</ele><time>2026-08-07T19:55:32Z</time></trkpt><trkpt lat="61.088895" lon="-149.673009"><ele>1003.079</ele><time>2026-08-07T19:55:35Z</time></trkpt><trkpt lat="61.088905" lon="-149.672988"><ele>1003.654</ele><time>2026-08-07T19:55:38Z</time></trkpt><trkpt lat="61.088917" lon="-149.672939"><ele>1004.069</ele><time>2026-08-07T19:55:41Z</time></trkpt><trkpt lat="61.088922" lon="-149.672893"><ele>1005.484</ele><time>2026-08-07T19:55:44Z</time></trkpt><trkpt lat="61.088933" lon="-149.672837"><ele>1006.635</ele><time>2026-08-07T19:55:48Z</time></trkpt><trkpt lat="61.088938" lon="-149.672816"><ele>1007.261</ele><time>2026-08-07T19:55:50Z</time></trkpt><trkpt lat="61.088948" lon="-149.672797"><ele>1007.896</ele><time>2026-08-07T19:55:52Z</time></trkpt><trkpt lat="61.088953" lon="-149.672771"><ele>1009.021</ele><time>2026-08-07T19:55:55Z</time></trkpt><trkpt lat="61.088954" lon="-149.672719"><ele>1009.841</ele><time>2026-08-07T19:55:58Z</time></trkpt><trkpt lat="61.088951" lon="-149.672708"><ele>1010.005</ele><time>2026-08-07T19:55:59Z</time></trkpt><trkpt lat="61.08895" lon="-149.672684"><ele>1010.609</ele><time>2026-08-07T19:56:01Z</time></trkpt><trkpt lat="61.088959" lon="-149.672667"><ele>1011.034</ele><time>2026-08-07T19:56:03Z</time></trkpt><trkpt lat="61.088964" lon="-149.672658"><ele>1011.299</ele><time>2026-08-07T19:56:04Z</time></trkpt><trkpt lat="61.088973" lon="-149.672632"><ele>1011.640</ele><time>2026-08-07T19:56:07Z</time></trkpt><trkpt lat="61.088978" lon="-149.67261"><ele>1012.045</ele><time>2026-08-07T19:56:09Z</time></trkpt><trkpt lat="61.088959" lon="-149.672597"><ele>1013.440</ele><time>2026-08-07T19:56:13Z</time></trkpt><trkpt lat="61.08895" lon="-149.672592"><ele>1013.615</ele><time>2026-08-07T19:56:15Z</time></trkpt><trkpt lat="61.088962" lon="-149.672562"><ele>1014.456</ele><time>2026-08-07T19:56:20Z</time></trkpt><trkpt lat="61.08897" lon="-149.672547"><ele>1014.662</ele><time>2026-08-07T19:56:21Z</time></trkpt><trkpt lat="61.088982" lon="-149.672467"><ele>1015.687</ele><time>2026-08-07T19:56:28Z</time></trkpt><trkpt lat="61.088998" lon="-149.672422"><ele>1016.666</ele><time>2026-08-07T19:56:34Z</time></trkpt><trkpt lat="61.088998" lon="-149.672416"><ele>1016.829</ele><time>2026-08-07T19:56:35Z</time></trkpt><trkpt lat="61.089005" lon="-149.672357"><ele>1018.021</ele><time>2026-08-07T19:56:40Z</time></trkpt><trkpt lat="61.089011" lon="-149.672342"><ele>1018.209</ele><time>2026-08-07T19:56:41Z</time></trkpt><trkpt lat="61.089024" lon="-149.672265"><ele>1019.018</ele><time>2026-08-07T19:56:46Z</time></trkpt><trkpt lat="61.089024" lon="-149.672255"><ele>1019.483</ele><time>2026-08-07T19:56:47Z</time></trkpt><trkpt lat="61.089016" lon="-149.672216"><ele>1020.444</ele><time>2026-08-07T19:56:50Z</time></trkpt><trkpt lat="61.089023" lon="-149.672187"><ele>1021.299</ele><time>2026-08-07T19:56:53Z</time></trkpt><trkpt lat="61.089027" lon="-149.672165"><ele>1021.494</ele><time>2026-08-07T19:56:55Z</time></trkpt><trkpt lat="61.089016" lon="-149.672138"><ele>1022.639</ele><time>2026-08-07T19:56:59Z</time></trkpt><trkpt lat="61.08901" lon="-149.67211"><ele>1023.630</ele><time>2026-08-07T19:57:03Z</time></trkpt><trkpt lat="61.089016" lon="-149.672086"><ele>1024.226</ele><time>2026-08-07T19:57:06Z</time></trkpt><trkpt lat="61.089022" lon="-149.672071"><ele>1024.691</ele><time>2026-08-07T19:57:08Z</time></trkpt><trkpt lat="61.089039" lon="-149.672022"><ele>1025.466</ele><time>2026-08-07T19:57:12Z</time></trkpt><trkpt lat="61.089036" lon="-149.672008"><ele>1025.829</ele><time>2026-08-07T19:57:13Z</time></trkpt><trkpt lat="61.089027" lon="-149.672002"><ele>1026.421</ele><time>2026-08-07T19:57:15Z</time></trkpt><trkpt lat="61.089008" lon="-149.671983"><ele>1026.809</ele><time>2026-08-07T19:57:18Z</time></trkpt><trkpt lat="61.08902" lon="-149.671917"><ele>1028.078</ele><time>2026-08-07T19:57:24Z</time></trkpt><trkpt lat="61.089025" lon="-149.671894"><ele>1028.223</ele><time>2026-08-07T19:57:26Z</time></trkpt><trkpt lat="61.089067" lon="-149.671839"><ele>1029.054</ele><time>2026-08-07T19:57:33Z</time></trkpt><trkpt lat="61.089073" lon="-149.671825"><ele>1029.459</ele><time>2026-08-07T19:57:34Z</time></trkpt><trkpt lat="61.089088" lon="-149.671796"><ele>1030.254</ele><time>2026-08-07T19:57:37Z</time></trkpt><trkpt lat="61.0891" lon="-149.671772"><ele>1031.499</ele><time>2026-08-07T19:57:41Z</time></trkpt><trkpt lat="61.089095" lon="-149.671745"><ele>1032.450</ele><time>2026-08-07T19:57:44Z</time></trkpt><trkpt lat="61.089101" lon="-149.671724"><ele>1033.246</ele><time>2026-08-07T19:57:47Z</time></trkpt><trkpt lat="61.089104" lon="-149.671701"><ele>1033.451</ele><time>2026-08-07T19:57:49Z</time></trkpt><trkpt lat="61.089114" lon="-149.671669"><ele>1034.438</ele><time>2026-08-07T19:57:54Z</time></trkpt><trkpt lat="61.089118" lon="-149.671661"><ele>1034.470</ele><time>2026-08-07T19:57:55Z</time></trkpt><trkpt lat="61.089136" lon="-149.671624"><ele>1035.417</ele><time>2026-08-07T19:58:00Z</time></trkpt><trkpt lat="61.089136" lon="-149.6716"><ele>1035.809</ele><time>2026-08-07T19:58:02Z</time></trkpt><trkpt lat="61.089121" lon="-149.671562"><ele>1036.685</ele><time>2026-08-07T19:58:06Z</time></trkpt><trkpt lat="61.089123" lon="-149.671544"><ele>1037.880</ele><time>2026-08-07T19:58:10Z</time></trkpt><trkpt lat="61.089131" lon="-149.671507"><ele>1038.051</ele><time>2026-08-07T19:58:13Z</time></trkpt><trkpt lat="61.089121" lon="-149.671494"><ele>1038.076</ele><time>2026-08-07T19:58:15Z</time></trkpt><trkpt lat="61.089122" lon="-149.67148"><ele>1038.411</ele><time>2026-08-07T19:58:17Z</time></trkpt><trkpt lat="61.089124" lon="-149.671466"><ele>1038.616</ele><time>2026-08-07T19:58:18Z</time></trkpt><trkpt lat="61.089126" lon="-149.671455"><ele>1039.067</ele><time>2026-08-07T19:58:19Z</time></trkpt><trkpt lat="61.089119" lon="-149.671405"><ele>1040.043</ele><time>2026-08-07T19:58:22Z</time></trkpt><trkpt lat="61.089119" lon="-149.671397"><ele>1040.298</ele><time>2026-08-07T19:58:23Z</time></trkpt><trkpt lat="61.089143" lon="-149.671351"><ele>1041.048</ele><time>2026-08-07T19:58:31Z</time></trkpt><trkpt lat="61.089144" lon="-149.671345"><ele>1041.261</ele><time>2026-08-07T19:58:32Z</time></trkpt><trkpt lat="61.089143" lon="-149.671283"><ele>1042.217</ele><time>2026-08-07T19:58:37Z</time></trkpt><trkpt lat="61.089141" lon="-149.671237"><ele>1043.409</ele><time>2026-08-07T19:58:42Z</time></trkpt><trkpt lat="61.089145" lon="-149.671234"><ele>1043.426</ele><time>2026-08-07T19:58:43Z</time></trkpt><trkpt lat="61.089163" lon="-149.671204"><ele>1044.431</ele><time>2026-08-07T19:58:48Z</time></trkpt><trkpt lat="61.089168" lon="-149.671191"><ele>1044.832</ele><time>2026-08-07T19:58:49Z</time></trkpt><trkpt lat="61.089162" lon="-149.67117"><ele>1045.697</ele><time>2026-08-07T19:58:53Z</time></trkpt><trkpt lat="61.089162" lon="-149.671157"><ele>1045.892</ele><time>2026-08-07T19:58:54Z</time></trkpt><trkpt lat="61.089162" lon="-149.671116"><ele>1046.887</ele><time>2026-08-07T19:58:58Z</time></trkpt><trkpt lat="61.089162" lon="-149.671096"><ele>1047.228</ele><time>2026-08-07T19:59:00Z</time></trkpt><trkpt lat="61.089165" lon="-149.671084"><ele>1047.834</ele><time>2026-08-07T19:59:02Z</time></trkpt><trkpt lat="61.089163" lon="-149.671024"><ele>1048.889</ele><time>2026-08-07T19:59:08Z</time></trkpt><trkpt lat="61.089156" lon="-149.670969"><ele>1050.024</ele><time>2026-08-07T19:59:14Z</time></trkpt><trkpt lat="61.089165" lon="-149.670918"><ele>1051.004</ele><time>2026-08-07T19:59:20Z</time></trkpt><trkpt lat="61.089165" lon="-149.670925"><ele>1051.214</ele><time>2026-08-07T19:59:21Z</time></trkpt><trkpt lat="61.089163" lon="-149.670881"><ele>1052.209</ele><time>2026-08-07T19:59:26Z</time></trkpt><trkpt lat="61.089176" lon="-149.670853"><ele>1053.234</ele><time>2026-08-07T19:59:32Z</time></trkpt><trkpt lat="61.089193" lon="-149.670826"><ele>1054.439</ele><time>2026-08-07T19:59:38Z</time></trkpt><trkpt lat="61.089201" lon="-149.670823"><ele>1054.620</ele><time>2026-08-07T19:59:39Z</time></trkpt><trkpt lat="61.08923" lon="-149.670793"><ele>1055.625</ele><time>2026-08-07T19:59:44Z</time></trkpt><trkpt lat="61.089232" lon="-149.67079"><ele>1056.060</ele><time>2026-08-07T19:59:45Z</time></trkpt><trkpt lat="61.089233" lon="-149.670779"><ele>1056.835</ele><time>2026-08-07T19:59:47Z</time></trkpt><trkpt lat="61.089241" lon="-149.67074"><ele>1057.666</ele><time>2026-08-07T19:59:50Z</time></trkpt><trkpt lat="61.089242" lon="-149.670729"><ele>1058.082</ele><time>2026-08-07T19:59:51Z</time></trkpt><trkpt lat="61.089252" lon="-149.670718"><ele>1059.077</ele><time>2026-08-07T19:59:56Z</time></trkpt><trkpt lat="61.089254" lon="-149.670706"><ele>1059.221</ele><time>2026-08-07T19:59:57Z</time></trkpt><trkpt lat="61.089255" lon="-149.670704"><ele>1059.041</ele><time>2026-08-07T20:00:03Z</time></trkpt><trkpt lat="61.089263" lon="-149.670692"><ele>1058.205</ele><time>2026-08-07T20:00:13Z</time></trkpt><trkpt lat="61.089262" lon="-149.670691"><ele>1058.209</ele><time>2026-08-07T20:00:15Z</time></trkpt><trkpt lat="61.089264" lon="-149.670696"><ele>1058.254</ele><time>2026-08-07T20:00:29Z</time></trkpt><trkpt lat="61.089263" lon="-149.670702"><ele>1058.269</ele><time>2026-08-07T20:00:37Z</time></trkpt><trkpt lat="61.089259" lon="-149.670701"><ele>1058.060</ele><time>2026-08-07T20:00:41Z</time></trkpt><trkpt lat="61.089261" lon="-149.670688"><ele>1058.075</ele><time>2026-08-07T20:00:47Z</time></trkpt><trkpt lat="61.089259" lon="-149.670698"><ele>1057.820</ele><time>2026-08-07T20:00:58Z</time></trkpt><trkpt lat="61.089256" lon="-149.670703"><ele>1057.485</ele><time>2026-08-07T20:01:11Z</time></trkpt><trkpt lat="61.089262" lon="-149.67071"><ele>1057.226</ele><time>2026-08-07T20:01:20Z</time></trkpt><trkpt lat="61.089261" lon="-149.670711"><ele>1057.272</ele><time>2026-08-07T20:01:21Z</time></trkpt><trkpt lat="61.08926" lon="-149.670714"><ele>1057.247</ele><time>2026-08-07T20:01:23Z</time></trkpt><trkpt lat="61.089259" lon="-149.670698"><ele>1057.229</ele><time>2026-08-07T20:01:25Z</time></trkpt><trkpt lat="61.089258" lon="-149.670702"><ele>1057.400</ele><time>2026-08-07T20:01:37Z</time></trkpt><trkpt lat="61.089259" lon="-149.670698"><ele>1057.020</ele><time>2026-08-07T20:01:48Z</time></trkpt><trkpt lat="61.089259" lon="-149.670698"><ele>1056.809</ele><time>2026-08-07T20:01:49Z</time></trkpt><trkpt lat="61.089254" lon="-149.67069"><ele>1056.864</ele><time>2026-08-07T20:01:59Z</time></trkpt><trkpt lat="61.089259" lon="-149.670698"><ele>1056.839</ele><time>2026-08-07T20:02:07Z</time></trkpt><trkpt lat="61.089259" lon="-149.670698"><ele>1056.650</ele><time>2026-08-07T20:02:10Z</time></trkpt><trkpt lat="61.089255" lon="-149.670692"><ele>1056.895</ele><time>2026-08-07T20:02:13Z</time></trkpt><trkpt lat="61.089259" lon="-149.670698"><ele>1056.820</ele><time>2026-08-07T20:02:14Z</time></trkpt><trkpt lat="61.089259" lon="-149.670698"><ele>1056.815</ele><time>2026-08-07T20:02:19Z</time></trkpt><trkpt lat="61.089259" lon="-149.670698"><ele>1056.856</ele><time>2026-08-07T20:02:24Z</time></trkpt><trkpt lat="61.089259" lon="-149.670698"><ele>1056.452</ele><time>2026-08-07T20:02:33Z</time></trkpt><trkpt lat="61.089259" lon="-149.670698"><ele>1056.627</ele><time>2026-08-07T20:02:41Z</time></trkpt><trkpt lat="61.089259" lon="-149.670698"><ele>1056.636</ele><time>2026-08-07T20:02:43Z</time></trkpt><trkpt lat="61.089259" lon="-149.670698"><ele>1056.417</ele><time>2026-08-07T20:02:46Z</time></trkpt><trkpt lat="61.089259" lon="-149.670698"><ele>1056.218</ele><time>2026-08-07T20:03:00Z</time></trkpt><trkpt lat="61.089259" lon="-149.670698"><ele>1056.209</ele><time>2026-08-07T20:03:02Z</time></trkpt><trkpt lat="61.089258" lon="-149.670691"><ele>1056.425</ele><time>2026-08-07T20:03:11Z</time></trkpt><trkpt lat="61.089246" lon="-149.670677"><ele>1056.630</ele><time>2026-08-07T20:03:17Z</time></trkpt><trkpt lat="61.08926" lon="-149.670575"><ele>1057.031</ele><time>2026-08-07T20:03:23Z</time></trkpt><trkpt lat="61.089282" lon="-149.670384"><ele>1057.696</ele><time>2026-08-07T20:03:32Z</time></trkpt><trkpt lat="61.089267" lon="-149.6702"><ele>1057.081</ele><time>2026-08-07T20:03:41Z</time></trkpt><trkpt lat="61.089278" lon="-149.670038"><ele>1056.846</ele><time>2026-08-07T20:03:49Z</time></trkpt><trkpt lat="61.089287" lon="-149.669823"><ele>1056.667</ele><time>2026-08-07T20:04:00Z</time></trkpt><trkpt lat="61.089251" lon="-149.669668"><ele>1056.673</ele><time>2026-08-07T20:04:09Z</time></trkpt><trkpt lat="61.089183" lon="-149.669635"><ele>1055.898</ele><time>2026-08-07T20:04:16Z</time></trkpt><trkpt lat="61.089165" lon="-149.669625"><ele>1055.623</ele><time>2026-08-07T20:04:18Z</time></trkpt><trkpt lat="61.089118" lon="-149.669616"><ele>1054.883</ele><time>2026-08-07T20:04:23Z</time></trkpt><trkpt lat="61.08909" lon="-149.669609"><ele>1054.211</ele><time>2026-08-07T20:04:26Z</time></trkpt><trkpt lat="61.089058" lon="-149.669621"><ele>1053.609</ele><time>2026-08-07T20:04:30Z</time></trkpt><trkpt lat="61.089054" lon="-149.669635"><ele>1053.644</ele><time>2026-08-07T20:04:31Z</time></trkpt><trkpt lat="61.089035" lon="-149.669656"><ele>1053.289</ele><time>2026-08-07T20:04:34Z</time></trkpt><trkpt lat="61.089014" lon="-149.66965"><ele>1052.690</ele><time>2026-08-07T20:04:37Z</time></trkpt><trkpt lat="61.088993" lon="-149.669653"><ele>1052.235</ele><time>2026-08-07T20:04:40Z</time></trkpt><trkpt lat="61.088993" lon="-149.669649"><ele>1051.810</ele><time>2026-08-07T20:04:49Z</time></trkpt><trkpt lat="61.088993" lon="-149.669649"><ele>1051.865</ele><time>2026-08-07T20:04:55Z</time></trkpt><trkpt lat="61.088993" lon="-149.669649"><ele>1051.876</ele><time>2026-08-07T20:04:57Z</time></trkpt><trkpt lat="61.088991" lon="-149.669647"><ele>1051.822</ele><time>2026-08-07T20:04:58Z</time></trkpt><trkpt lat="61.088981" lon="-149.669653"><ele>1051.847</ele><time>2026-08-07T20:04:59Z</time></trkpt><trkpt lat="61.088974" lon="-149.66966"><ele>1051.663</ele><time>2026-08-07T20:05:00Z</time></trkpt><trkpt lat="61.088969" lon="-149.669664"><ele>1051.644</ele><time>2026-08-07T20:05:01Z</time></trkpt><trkpt lat="61.088965" lon="-149.669672"><ele>1051.618</ele><time>2026-08-07T20:05:02Z</time></trkpt><trkpt lat="61.088965" lon="-149.669683"><ele>1051.809</ele><time>2026-08-07T20:05:09Z</time></trkpt><trkpt lat="61.088969" lon="-149.66963"><ele>1051.288</ele><time>2026-08-07T20:05:16Z</time></trkpt><trkpt lat="61.088952" lon="-149.669604"><ele>1050.683</ele><time>2026-08-07T20:05:19Z</time></trkpt><trkpt lat="61.088946" lon="-149.669636"><ele>1049.814</ele><time>2026-08-07T20:05:22Z</time></trkpt><trkpt lat="61.088949" lon="-149.669638"><ele>1049.669</ele><time>2026-08-07T20:05:23Z</time></trkpt><trkpt lat="61.088952" lon="-149.669642"><ele>1049.474</ele><time>2026-08-07T20:05:29Z</time></trkpt><trkpt lat="61.088955" lon="-149.669673"><ele>1049.819</ele><time>2026-08-07T20:05:35Z</time></trkpt><trkpt lat="61.088958" lon="-149.669671"><ele>1049.440</ele><time>2026-08-07T20:05:43Z</time></trkpt><trkpt lat="61.088952" lon="-149.66967"><ele>1049.286</ele><time>2026-08-07T20:05:49Z</time></trkpt><trkpt lat="61.088952" lon="-149.669653"><ele>1049.081</ele><time>2026-08-07T20:05:57Z</time></trkpt><trkpt lat="61.088955" lon="-149.669676"><ele>1049.059</ele><time>2026-08-07T20:06:07Z</time></trkpt><trkpt lat="61.088959" lon="-149.669648"><ele>1048.803</ele><time>2026-08-07T20:06:16Z</time></trkpt><trkpt lat="61.088954" lon="-149.669656"><ele>1049.023</ele><time>2026-08-07T20:06:29Z</time></trkpt><trkpt lat="61.088955" lon="-149.669676"><ele>1049.009</ele><time>2026-08-07T20:06:40Z</time></trkpt><trkpt lat="61.088955" lon="-149.669676"><ele>1049.027</ele><time>2026-08-07T20:06:41Z</time></trkpt><trkpt lat="61.088955" lon="-149.669676"><ele>1049.072</ele><time>2026-08-07T20:06:42Z</time></trkpt><trkpt lat="61.088955" lon="-149.669676"><ele>1049.253</ele><time>2026-08-07T20:06:49Z</time></trkpt><trkpt lat="61.088955" lon="-149.669676"><ele>1049.468</ele><time>2026-08-07T20:07:02Z</time></trkpt><trkpt lat="61.088955" lon="-149.669676"><ele>1049.423</ele><time>2026-08-07T20:07:05Z</time></trkpt><trkpt lat="61.088954" lon="-149.669658"><ele>1049.258</ele><time>2026-08-07T20:07:08Z</time></trkpt><trkpt lat="61.088956" lon="-149.66965"><ele>1049.289</ele><time>2026-08-07T20:07:21Z</time></trkpt><trkpt lat="61.088957" lon="-149.669651"><ele>1049.275</ele><time>2026-08-07T20:07:22Z</time></trkpt><trkpt lat="61.088958" lon="-149.669655"><ele>1049.270</ele><time>2026-08-07T20:07:28Z</time></trkpt><trkpt lat="61.088957" lon="-149.669655"><ele>1049.271</ele><time>2026-08-07T20:07:35Z</time></trkpt><trkpt lat="61.088952" lon="-149.669648"><ele>1049.441</ele><time>2026-08-07T20:07:52Z</time></trkpt><trkpt lat="61.088954" lon="-149.669643"><ele>1049.215</ele><time>2026-08-07T20:08:01Z</time></trkpt><trkpt lat="61.088952" lon="-149.669648"><ele>1049.609</ele><time>2026-08-07T20:08:19Z</time></trkpt><trkpt lat="61.088961" lon="-149.669643"><ele>1049.699</ele><time>2026-08-07T20:08:31Z</time></trkpt><trkpt lat="61.088965" lon="-149.669645"><ele>1049.654</ele><time>2026-08-07T20:08:35Z</time></trkpt><trkpt lat="61.088952" lon="-149.669648"><ele>1049.855</ele><time>2026-08-07T20:08:49Z</time></trkpt><trkpt lat="61.088955" lon="-149.669654"><ele>1050.660</ele><time>2026-08-07T20:08:54Z</time></trkpt><trkpt lat="61.088952" lon="-149.669659"><ele>1050.685</ele><time>2026-08-07T20:08:55Z</time></trkpt><trkpt lat="61.088958" lon="-149.669672"><ele>1050.440</ele><time>2026-08-07T20:09:03Z</time></trkpt><trkpt lat="61.088952" lon="-149.669648"><ele>1050.411</ele><time>2026-08-07T20:09:07Z</time></trkpt><trkpt lat="61.08895" lon="-149.669677"><ele>1050.417</ele><time>2026-08-07T20:09:16Z</time></trkpt><trkpt lat="61.088947" lon="-149.66967"><ele>1050.692</ele><time>2026-08-07T20:09:20Z</time></trkpt><trkpt lat="61.088954" lon="-149.669614"><ele>1051.424</ele><time>2026-08-07T20:09:27Z</time></trkpt><trkpt lat="61.088968" lon="-149.669616"><ele>1051.604</ele><time>2026-08-07T20:09:31Z</time></trkpt><trkpt lat="61.088978" lon="-149.669616"><ele>1052.414</ele><time>2026-08-07T20:09:34Z</time></trkpt><trkpt lat="61.088984" lon="-149.669627"><ele>1052.809</ele><time>2026-08-07T20:09:36Z</time></trkpt><trkpt lat="61.089007" lon="-149.669657"><ele>1053.654</ele><time>2026-08-07T20:09:42Z</time></trkpt><trkpt lat="61.089011" lon="-149.669666"><ele>1053.839</ele><time>2026-08-07T20:09:43Z</time></trkpt><trkpt lat="61.08905" lon="-149.669738"><ele>1055.010</ele><time>2026-08-07T20:09:51Z</time></trkpt><trkpt lat="61.089062" lon="-149.669755"><ele>1055.235</ele><time>2026-08-07T20:09:53Z</time></trkpt><trkpt lat="61.089072" lon="-149.669766"><ele>1055.610</ele><time>2026-08-07T20:09:55Z</time></trkpt><trkpt lat="61.089084" lon="-149.669778"><ele>1055.865</ele><time>2026-08-07T20:09:57Z</time></trkpt><trkpt lat="61.089091" lon="-149.669786"><ele>1056.096</ele><time>2026-08-07T20:09:58Z</time></trkpt><trkpt lat="61.089099" lon="-149.669805"><ele>1056.412</ele><time>2026-08-07T20:10:03Z</time></trkpt><trkpt lat="61.089102" lon="-149.669809"><ele>1056.457</ele><time>2026-08-07T20:10:05Z</time></trkpt><trkpt lat="61.089105" lon="-149.669828"><ele>1056.852</ele><time>2026-08-07T20:10:08Z</time></trkpt><trkpt lat="61.089104" lon="-149.669834"><ele>1057.053</ele><time>2026-08-07T20:10:09Z</time></trkpt><trkpt lat="61.089112" lon="-149.669871"><ele>1057.408</ele><time>2026-08-07T20:10:14Z</time></trkpt><trkpt lat="61.089117" lon="-149.669928"><ele>1057.609</ele><time>2026-08-07T20:10:20Z</time></trkpt><trkpt lat="61.089131" lon="-149.670002"><ele>1058.257</ele><time>2026-08-07T20:10:24Z</time></trkpt><trkpt lat="61.089151" lon="-149.670059"><ele>1058.482</ele><time>2026-08-07T20:10:28Z</time></trkpt><trkpt lat="61.089169" lon="-149.670214"><ele>1058.613</ele><time>2026-08-07T20:10:38Z</time></trkpt><trkpt lat="61.089177" lon="-149.670315"><ele>1058.828</ele><time>2026-08-07T20:10:43Z</time></trkpt><trkpt lat="61.089184" lon="-149.670345"><ele>1058.673</ele><time>2026-08-07T20:10:50Z</time></trkpt><trkpt lat="61.089203" lon="-149.67031"><ele>1059.018</ele><time>2026-08-07T20:10:58Z</time></trkpt><trkpt lat="61.089219" lon="-149.670296"><ele>1059.489</ele><time>2026-08-07T20:11:01Z</time></trkpt><trkpt lat="61.089244" lon="-149.6703"><ele>1059.685</ele><time>2026-08-07T20:11:06Z</time></trkpt><trkpt lat="61.08925" lon="-149.670301"><ele>1059.470</ele><time>2026-08-07T20:11:16Z</time></trkpt><trkpt lat="61.08925" lon="-149.6703"><ele>1059.418</ele><time>2026-08-07T20:11:17Z</time></trkpt><trkpt lat="61.089256" lon="-149.670306"><ele>1059.498</ele><time>2026-08-07T20:11:22Z</time></trkpt><trkpt lat="61.089252" lon="-149.6703"><ele>1059.217</ele><time>2026-08-07T20:11:23Z</time></trkpt><trkpt lat="61.089252" lon="-149.670295"><ele>1059.209</ele><time>2026-08-07T20:11:34Z</time></trkpt><trkpt lat="61.089257" lon="-149.670299"><ele>1059.643</ele><time>2026-08-07T20:11:41Z</time></trkpt><trkpt lat="61.089256" lon="-149.670303"><ele>1059.638</ele><time>2026-08-07T20:11:46Z</time></trkpt><trkpt lat="61.089254" lon="-149.670301"><ele>1059.649</ele><time>2026-08-07T20:11:47Z</time></trkpt><trkpt lat="61.08925" lon="-149.670301"><ele>1059.674</ele><time>2026-08-07T20:11:49Z</time></trkpt><trkpt lat="61.089266" lon="-149.67031"><ele>1059.679</ele><time>2026-08-07T20:11:56Z</time></trkpt><trkpt lat="61.089272" lon="-149.670306"><ele>1059.644</ele><time>2026-08-07T20:12:03Z</time></trkpt><trkpt lat="61.089275" lon="-149.670289"><ele>1059.685</ele><time>2026-08-07T20:12:05Z</time></trkpt><trkpt lat="61.089286" lon="-149.670264"><ele>1059.651</ele><time>2026-08-07T20:12:08Z</time></trkpt><trkpt lat="61.089296" lon="-149.670253"><ele>1059.476</ele><time>2026-08-07T20:12:10Z</time></trkpt><trkpt lat="61.08931" lon="-149.670238"><ele>1059.895</ele><time>2026-08-07T20:12:16Z</time></trkpt><trkpt lat="61.089305" lon="-149.670236"><ele>1059.649</ele><time>2026-08-07T20:12:25Z</time></trkpt><trkpt lat="61.089305" lon="-149.670236"><ele>1059.623</ele><time>2026-08-07T20:12:33Z</time></trkpt><trkpt lat="61.089303" lon="-149.670234"><ele>1059.409</ele><time>2026-08-07T20:12:41Z</time></trkpt><trkpt lat="61.089315" lon="-149.670261"><ele>1059.211</ele><time>2026-08-07T20:12:46Z</time></trkpt><trkpt lat="61.08931" lon="-149.670268"><ele>1059.416</ele><time>2026-08-07T20:12:56Z</time></trkpt><trkpt lat="61.08931" lon="-149.670258"><ele>1059.297</ele><time>2026-08-07T20:13:07Z</time></trkpt><trkpt lat="61.089308" lon="-149.670257"><ele>1059.432</ele><time>2026-08-07T20:13:16Z</time></trkpt><trkpt lat="61.089308" lon="-149.670265"><ele>1059.497</ele><time>2026-08-07T20:13:25Z</time></trkpt><trkpt lat="61.089304" lon="-149.670247"><ele>1059.662</ele><time>2026-08-07T20:13:31Z</time></trkpt><trkpt lat="61.089311" lon="-149.670249"><ele>1059.673</ele><time>2026-08-07T20:13:41Z</time></trkpt><trkpt lat="61.089317" lon="-149.670253"><ele>1059.289</ele><time>2026-08-07T20:13:51Z</time></trkpt><trkpt lat="61.089346" lon="-149.67019"><ele>1059.884</ele><time>2026-08-07T20:13:57Z</time></trkpt><trkpt lat="61.089389" lon="-149.670122"><ele>1060.018</ele><time>2026-08-07T20:14:04Z</time></trkpt><trkpt lat="61.089452" lon="-149.670063"><ele>1060.098</ele><time>2026-08-07T20:14:11Z</time></trkpt><trkpt lat="61.089474" lon="-149.670037"><ele>1059.617</ele><time>2026-08-07T20:14:19Z</time></trkpt><trkpt lat="61.089475" lon="-149.670033"><ele>1059.609</ele><time>2026-08-07T20:14:32Z</time></trkpt><trkpt lat="61.089526" lon="-149.669967"><ele>1060.433</ele><time>2026-08-07T20:14:37Z</time></trkpt><trkpt lat="61.089539" lon="-149.669959"><ele>1060.458</ele><time>2026-08-07T20:14:38Z</time></trkpt><trkpt lat="61.089651" lon="-149.66986"><ele>1061.019</ele><time>2026-08-07T20:14:47Z</time></trkpt><trkpt lat="61.089714" lon="-149.669734"><ele>1061.624</ele><time>2026-08-07T20:14:55Z</time></trkpt><trkpt lat="61.089769" lon="-149.669648"><ele>1062.049</ele><time>2026-08-07T20:15:02Z</time></trkpt><trkpt lat="61.089799" lon="-149.669614"><ele>1062.684</ele><time>2026-08-07T20:15:06Z</time></trkpt><trkpt lat="61.089811" lon="-149.669609"><ele>1062.845</ele><time>2026-08-07T20:15:08Z</time></trkpt><trkpt lat="61.089821" lon="-149.669588"><ele>1063.081</ele><time>2026-08-07T20:15:10Z</time></trkpt><trkpt lat="61.089834" lon="-149.669566"><ele>1063.436</ele><time>2026-08-07T20:15:12Z</time></trkpt><trkpt lat="61.089847" lon="-149.66954"><ele>1063.655</ele><time>2026-08-07T20:15:14Z</time></trkpt><trkpt lat="61.089881" lon="-149.669466"><ele>1063.607</ele><time>2026-08-07T20:15:19Z</time></trkpt><trkpt lat="61.089921" lon="-149.669377"><ele>1063.817</ele><time>2026-08-07T20:15:24Z</time></trkpt><trkpt lat="61.089998" lon="-149.66927"><ele>1063.809</ele><time>2026-08-07T20:15:33Z</time></trkpt><trkpt lat="61.090061" lon="-149.66919"><ele>1063.477</ele><time>2026-08-07T20:15:40Z</time></trkpt><trkpt lat="61.09013" lon="-149.669086"><ele>1064.232</ele><time>2026-08-07T20:15:49Z</time></trkpt><trkpt lat="61.090187" lon="-149.669009"><ele>1064.693</ele><time>2026-08-07T20:15:56Z</time></trkpt><trkpt lat="61.090196" lon="-149.668999"><ele>1064.818</ele><time>2026-08-07T20:15:57Z</time></trkpt><trkpt lat="61.090252" lon="-149.66892"><ele>1065.243</ele><time>2026-08-07T20:16:03Z</time></trkpt><trkpt lat="61.090321" lon="-149.668872"><ele>1065.278</ele><time>2026-08-07T20:16:10Z</time></trkpt><trkpt lat="61.090375" lon="-149.668828"><ele>1065.279</ele><time>2026-08-07T20:16:17Z</time></trkpt><trkpt lat="61.090424" lon="-149.668787"><ele>1065.085</ele><time>2026-08-07T20:16:23Z</time></trkpt><trkpt lat="61.090479" lon="-149.668855"><ele>1064.620</ele><time>2026-08-07T20:16:31Z</time></trkpt><trkpt lat="61.090495" lon="-149.668884"><ele>1064.045</ele><time>2026-08-07T20:16:34Z</time></trkpt><trkpt lat="61.090498" lon="-149.668918"><ele>1063.647</ele><time>2026-08-07T20:16:36Z</time></trkpt><trkpt lat="61.090498" lon="-149.668932"><ele>1063.211</ele><time>2026-08-07T20:16:37Z</time></trkpt><trkpt lat="61.090498" lon="-149.668955"><ele>1062.609</ele><time>2026-08-07T20:16:39Z</time></trkpt><trkpt lat="61.090504" lon="-149.668978"><ele>1061.276</ele><time>2026-08-07T20:16:43Z</time></trkpt><trkpt lat="61.090504" lon="-149.668979"><ele>1061.021</ele><time>2026-08-07T20:16:44Z</time></trkpt><trkpt lat="61.090499" lon="-149.668982"><ele>1060.842</ele><time>2026-08-07T20:16:50Z</time></trkpt><trkpt lat="61.090491" lon="-149.669058"><ele>1060.237</ele><time>2026-08-07T20:16:56Z</time></trkpt><trkpt lat="61.090503" lon="-149.669098"><ele>1059.032</ele><time>2026-08-07T20:17:00Z</time></trkpt><trkpt lat="61.090511" lon="-149.66911"><ele>1058.837</ele><time>2026-08-07T20:17:02Z</time></trkpt><trkpt lat="61.090527" lon="-149.669108"><ele>1058.048</ele><time>2026-08-07T20:17:05Z</time></trkpt><trkpt lat="61.090533" lon="-149.669107"><ele>1057.094</ele><time>2026-08-07T20:17:08Z</time></trkpt><trkpt lat="61.090533" lon="-149.669108"><ele>1056.899</ele><time>2026-08-07T20:17:09Z</time></trkpt><trkpt lat="61.090539" lon="-149.669128"><ele>1056.021</ele><time>2026-08-07T20:17:13Z</time></trkpt><trkpt lat="61.090554" lon="-149.66915"><ele>1055.641</ele><time>2026-08-07T20:17:18Z</time></trkpt><trkpt lat="61.090553" lon="-149.66915"><ele>1055.405</ele><time>2026-08-07T20:17:19Z</time></trkpt><trkpt lat="61.090548" lon="-149.669175"><ele>1054.809</ele><time>2026-08-07T20:17:23Z</time></trkpt><trkpt lat="61.090549" lon="-149.669179"><ele>1054.664</ele><time>2026-08-07T20:17:24Z</time></trkpt><trkpt lat="61.090555" lon="-149.66918"><ele>1054.429</ele><time>2026-08-07T20:17:25Z</time></trkpt><trkpt lat="61.090562" lon="-149.669176"><ele>1053.840</ele><time>2026-08-07T20:17:27Z</time></trkpt><trkpt lat="61.090567" lon="-149.66918"><ele>1053.465</ele><time>2026-08-07T20:17:28Z</time></trkpt><trkpt lat="61.090581" lon="-149.669192"><ele>1052.410</ele><time>2026-08-07T20:17:32Z</time></trkpt><trkpt lat="61.090584" lon="-149.669197"><ele>1052.295</ele><time>2026-08-07T20:17:33Z</time></trkpt><trkpt lat="61.090569" lon="-149.669195"><ele>1051.216</ele><time>2026-08-07T20:17:39Z</time></trkpt><trkpt lat="61.090562" lon="-149.669203"><ele>1051.262</ele><time>2026-08-07T20:17:42Z</time></trkpt><trkpt lat="61.090552" lon="-149.669234"><ele>1050.477</ele><time>2026-08-07T20:17:47Z</time></trkpt><trkpt lat="61.090544" lon="-149.669254"><ele>1050.055</ele><time>2026-08-07T20:17:49Z</time></trkpt><trkpt lat="61.090556" lon="-149.669275"><ele>1049.207</ele><time>2026-08-07T20:17:52Z</time></trkpt><trkpt lat="61.090561" lon="-149.669272"><ele>1048.817</ele><time>2026-08-07T20:17:53Z</time></trkpt><trkpt lat="61.090587" lon="-149.669278"><ele>1047.809</ele><time>2026-08-07T20:18:00Z</time></trkpt><trkpt lat="61.090587" lon="-149.669296"><ele>1046.817</ele><time>2026-08-07T20:18:06Z</time></trkpt><trkpt lat="61.090588" lon="-149.6693"><ele>1046.672</ele><time>2026-08-07T20:18:07Z</time></trkpt><trkpt lat="61.090588" lon="-149.669345"><ele>1045.633</ele><time>2026-08-07T20:18:12Z</time></trkpt><trkpt lat="61.090588" lon="-149.669341"><ele>1045.628</ele><time>2026-08-07T20:18:13Z</time></trkpt><trkpt lat="61.090618" lon="-149.669299"><ele>1044.873</ele><time>2026-08-07T20:18:19Z</time></trkpt><trkpt lat="61.090615" lon="-149.66931"><ele>1044.828</ele><time>2026-08-07T20:18:26Z</time></trkpt><trkpt lat="61.090613" lon="-149.669307"><ele>1044.659</ele><time>2026-08-07T20:18:27Z</time></trkpt><trkpt lat="61.090636" lon="-149.669309"><ele>1044.085</ele><time>2026-08-07T20:18:31Z</time></trkpt><trkpt lat="61.09063" lon="-149.669323"><ele>1043.620</ele><time>2026-08-07T20:18:38Z</time></trkpt><trkpt lat="61.090625" lon="-149.669336"><ele>1043.676</ele><time>2026-08-07T20:18:39Z</time></trkpt><trkpt lat="61.090608" lon="-149.669348"><ele>1043.290</ele><time>2026-08-07T20:18:44Z</time></trkpt><trkpt lat="61.090599" lon="-149.669385"><ele>1042.619</ele><time>2026-08-07T20:18:53Z</time></trkpt><trkpt lat="61.090596" lon="-149.6694"><ele>1042.409</ele><time>2026-08-07T20:18:54Z</time></trkpt><trkpt lat="61.090569" lon="-149.669452"><ele>1041.239</ele><time>2026-08-07T20:18:59Z</time></trkpt><trkpt lat="61.090573" lon="-149.669461"><ele>1040.644</ele><time>2026-08-07T20:19:08Z</time></trkpt><trkpt lat="61.09058" lon="-149.669488"><ele>1040.275</ele><time>2026-08-07T20:19:12Z</time></trkpt><trkpt lat="61.090587" lon="-149.669499"><ele>1039.430</ele><time>2026-08-07T20:19:14Z</time></trkpt><trkpt lat="61.090582" lon="-149.6695"><ele>1039.055</ele><time>2026-08-07T20:19:16Z</time></trkpt><trkpt lat="61.090569" lon="-149.669523"><ele>1038.460</ele><time>2026-08-07T20:19:20Z</time></trkpt><trkpt lat="61.09057" lon="-149.669541"><ele>1037.861</ele><time>2026-08-07T20:19:22Z</time></trkpt><trkpt lat="61.090598" lon="-149.669538"><ele>1036.827</ele><time>2026-08-07T20:19:27Z</time></trkpt><trkpt lat="61.090586" lon="-149.66955"><ele>1036.232</ele><time>2026-08-07T20:19:32Z</time></trkpt><trkpt lat="61.090592" lon="-149.669571"><ele>1035.688</ele><time>2026-08-07T20:19:35Z</time></trkpt><trkpt lat="61.090619" lon="-149.669564"><ele>1034.824</ele><time>2026-08-07T20:19:39Z</time></trkpt><trkpt lat="61.090629" lon="-149.669571"><ele>1034.426</ele><time>2026-08-07T20:19:41Z</time></trkpt><trkpt lat="61.090657" lon="-149.669577"><ele>1034.009</ele><time>2026-08-07T20:19:45Z</time></trkpt><trkpt lat="61.090673" lon="-149.669578"><ele>1033.490</ele><time>2026-08-07T20:19:48Z</time></trkpt><trkpt lat="61.090696" lon="-149.669591"><ele>1032.625</ele><time>2026-08-07T20:19:52Z</time></trkpt><trkpt lat="61.0907" lon="-149.669593"><ele>1032.456</ele><time>2026-08-07T20:19:53Z</time></trkpt><trkpt lat="61.090714" lon="-149.669599"><ele>1031.261</ele><time>2026-08-07T20:19:59Z</time></trkpt><trkpt lat="61.090739" lon="-149.669585"><ele>1030.246</ele><time>2026-08-07T20:20:05Z</time></trkpt><trkpt lat="61.090743" lon="-149.669588"><ele>1029.881</ele><time>2026-08-07T20:20:06Z</time></trkpt><trkpt lat="61.09076" lon="-149.669583"><ele>1029.012</ele><time>2026-08-07T20:20:09Z</time></trkpt><trkpt lat="61.090786" lon="-149.669589"><ele>1028.248</ele><time>2026-08-07T20:20:14Z</time></trkpt><trkpt lat="61.090792" lon="-149.669596"><ele>1028.033</ele><time>2026-08-07T20:20:19Z</time></trkpt><trkpt lat="61.09081" lon="-149.669613"><ele>1027.022</ele><time>2026-08-07T20:20:26Z</time></trkpt><trkpt lat="61.090825" lon="-149.66963"><ele>1027.062</ele><time>2026-08-07T20:20:31Z</time></trkpt><trkpt lat="61.090829" lon="-149.669634"><ele>1026.808</ele><time>2026-08-07T20:20:33Z</time></trkpt><trkpt lat="61.090817" lon="-149.669655"><ele>1026.009</ele><time>2026-08-07T20:20:39Z</time></trkpt><trkpt lat="61.090791" lon="-149.669686"><ele>1024.834</ele><time>2026-08-07T20:20:44Z</time></trkpt><trkpt lat="61.090776" lon="-149.669713"><ele>1023.889</ele><time>2026-08-07T20:20:48Z</time></trkpt><trkpt lat="61.090769" lon="-149.669739"><ele>1023.230</ele><time>2026-08-07T20:20:50Z</time></trkpt><trkpt lat="61.090771" lon="-149.669761"><ele>1022.835</ele><time>2026-08-07T20:20:52Z</time></trkpt><trkpt lat="61.09077" lon="-149.669776"><ele>1022.640</ele><time>2026-08-07T20:20:53Z</time></trkpt><trkpt lat="61.090773" lon="-149.6698"><ele>1021.695</ele><time>2026-08-07T20:20:57Z</time></trkpt><trkpt lat="61.090791" lon="-149.669807"><ele>1021.636</ele><time>2026-08-07T20:21:00Z</time></trkpt><trkpt lat="61.090806" lon="-149.669847"><ele>1020.682</ele><time>2026-08-07T20:21:05Z</time></trkpt><trkpt lat="61.090809" lon="-149.669849"><ele>1020.447</ele><time>2026-08-07T20:21:06Z</time></trkpt><trkpt lat="61.090816" lon="-149.669855"><ele>1019.874</ele><time>2026-08-07T20:21:14Z</time></trkpt><trkpt lat="61.090819" lon="-149.66985"><ele>1019.856</ele><time>2026-08-07T20:21:20Z</time></trkpt><trkpt lat="61.090829" lon="-149.66983"><ele>1019.621</ele><time>2026-08-07T20:21:22Z</time></trkpt><trkpt lat="61.090854" lon="-149.669816"><ele>1018.809</ele><time>2026-08-07T20:21:26Z</time></trkpt><trkpt lat="61.090868" lon="-149.669819"><ele>1018.419</ele><time>2026-08-07T20:21:28Z</time></trkpt><trkpt lat="61.090876" lon="-149.669837"><ele>1018.224</ele><time>2026-08-07T20:21:29Z</time></trkpt><trkpt lat="61.090885" lon="-149.669855"><ele>1018.025</ele><time>2026-08-07T20:21:30Z</time></trkpt><trkpt lat="61.090908" lon="-149.669868"><ele>1017.210</ele><time>2026-08-07T20:21:33Z</time></trkpt><trkpt lat="61.090935" lon="-149.669885"><ele>1016.475</ele><time>2026-08-07T20:21:36Z</time></trkpt><trkpt lat="61.090944" lon="-149.669893"><ele>1016.050</ele><time>2026-08-07T20:21:37Z</time></trkpt><trkpt lat="61.090964" lon="-149.669908"><ele>1015.291</ele><time>2026-08-07T20:21:41Z</time></trkpt><trkpt lat="61.090972" lon="-149.669916"><ele>1015.037</ele><time>2026-08-07T20:21:42Z</time></trkpt><trkpt lat="61.090976" lon="-149.669919"><ele>1015.092</ele><time>2026-08-07T20:21:43Z</time></trkpt><trkpt lat="61.090989" lon="-149.669949"><ele>1014.042</ele><time>2026-08-07T20:21:47Z</time></trkpt><trkpt lat="61.09099" lon="-149.669954"><ele>1013.822</ele><time>2026-08-07T20:21:48Z</time></trkpt><trkpt lat="61.09099" lon="-149.669959"><ele>1013.614</ele><time>2026-08-07T20:21:49Z</time></trkpt><trkpt lat="61.090984" lon="-149.669957"><ele>1013.209</ele><time>2026-08-07T20:21:50Z</time></trkpt><trkpt lat="61.090968" lon="-149.669971"><ele>1012.616</ele><time>2026-08-07T20:21:52Z</time></trkpt><trkpt lat="61.090957" lon="-149.669985"><ele>1011.841</ele><time>2026-08-07T20:21:54Z</time></trkpt><trkpt lat="61.090959" lon="-149.669984"><ele>1011.472</ele><time>2026-08-07T20:21:56Z</time></trkpt><trkpt lat="61.090967" lon="-149.670001"><ele>1011.477</ele><time>2026-08-07T20:22:02Z</time></trkpt><trkpt lat="61.091026" lon="-149.670063"><ele>1010.882</ele><time>2026-08-07T20:22:08Z</time></trkpt><trkpt lat="61.091084" lon="-149.670091"><ele>1011.277</ele><time>2026-08-07T20:22:14Z</time></trkpt><trkpt lat="61.091092" lon="-149.670078"><ele>1011.438</ele><time>2026-08-07T20:22:15Z</time></trkpt><trkpt lat="61.091115" lon="-149.670035"><ele>1012.434</ele><time>2026-08-07T20:22:19Z</time></trkpt><trkpt lat="61.091136" lon="-149.67002"><ele>1013.249</ele><time>2026-08-07T20:22:22Z</time></trkpt><trkpt lat="61.091138" lon="-149.670028"><ele>1013.686</ele><time>2026-08-07T20:22:23Z</time></trkpt><trkpt lat="61.091145" lon="-149.670047"><ele>1014.460</ele><time>2026-08-07T20:22:27Z</time></trkpt><trkpt lat="61.091147" lon="-149.670053"><ele>1014.626</ele><time>2026-08-07T20:22:28Z</time></trkpt><trkpt lat="61.091158" lon="-149.670111"><ele>1013.209</ele><time>2026-08-07T20:22:34Z</time></trkpt><trkpt lat="61.091165" lon="-149.670109"><ele>1013.050</ele><time>2026-08-07T20:22:35Z</time></trkpt><trkpt lat="61.091175" lon="-149.67007"><ele>1012.025</ele><time>2026-08-07T20:22:39Z</time></trkpt><trkpt lat="61.091184" lon="-149.670051"><ele>1011.896</ele><time>2026-08-07T20:22:41Z</time></trkpt><trkpt lat="61.091197" lon="-149.670052"><ele>1011.031</ele><time>2026-08-07T20:22:45Z</time></trkpt><trkpt lat="61.0912" lon="-149.670045"><ele>1010.886</ele><time>2026-08-07T20:22:46Z</time></trkpt><trkpt lat="61.09122" lon="-149.670013"><ele>1010.021</ele><time>2026-08-07T20:22:50Z</time></trkpt><trkpt lat="61.091226" lon="-149.670018"><ele>1009.812</ele><time>2026-08-07T20:22:52Z</time></trkpt><trkpt lat="61.091239" lon="-149.670028"><ele>1009.078</ele><time>2026-08-07T20:22:56Z</time></trkpt><trkpt lat="61.091242" lon="-149.670037"><ele>1008.893</ele><time>2026-08-07T20:22:57Z</time></trkpt><trkpt lat="61.091243" lon="-149.670059"><ele>1008.223</ele><time>2026-08-07T20:23:04Z</time></trkpt><trkpt lat="61.091257" lon="-149.670077"><ele>1007.883</ele><time>2026-08-07T20:23:08Z</time></trkpt><trkpt lat="61.091262" lon="-149.670073"><ele>1007.611</ele><time>2026-08-07T20:23:09Z</time></trkpt><trkpt lat="61.091274" lon="-149.670056"><ele>1007.209</ele><time>2026-08-07T20:23:11Z</time></trkpt><trkpt lat="61.091277" lon="-149.670045"><ele>1006.814</ele><time>2026-08-07T20:23:12Z</time></trkpt><trkpt lat="61.0913" lon="-149.670031"><ele>1005.899</ele><time>2026-08-07T20:23:16Z</time></trkpt><trkpt lat="61.091336" lon="-149.670047"><ele>1004.630</ele><time>2026-08-07T20:23:21Z</time></trkpt><trkpt lat="61.09135" lon="-149.670045"><ele>1003.645</ele><time>2026-08-07T20:23:24Z</time></trkpt><trkpt lat="61.091361" lon="-149.670071"><ele>1002.420</ele><time>2026-08-07T20:23:29Z</time></trkpt><trkpt lat="61.091364" lon="-149.670076"><ele>1002.445</ele><time>2026-08-07T20:23:30Z</time></trkpt><trkpt lat="61.09137" lon="-149.670099"><ele>1001.436</ele><time>2026-08-07T20:23:35Z</time></trkpt><trkpt lat="61.09137" lon="-149.67013"><ele>1000.432</ele><time>2026-08-07T20:23:40Z</time></trkpt><trkpt lat="61.091385" lon="-149.67016"><ele>999.237</ele><time>2026-08-07T20:23:44Z</time></trkpt><trkpt lat="61.091386" lon="-149.670176"><ele>998.668</ele><time>2026-08-07T20:23:46Z</time></trkpt><trkpt lat="61.091388" lon="-149.670175"><ele>998.242</ele><time>2026-08-07T20:23:49Z</time></trkpt><trkpt lat="61.091382" lon="-149.670184"><ele>998.226</ele><time>2026-08-07T20:23:57Z</time></trkpt><trkpt lat="61.091422" lon="-149.670147"><ele>997.809</ele><time>2026-08-07T20:24:02Z</time></trkpt><trkpt lat="61.091421" lon="-149.670172"><ele>997.048</ele><time>2026-08-07T20:24:04Z</time></trkpt><trkpt lat="61.091417" lon="-149.670204"><ele>996.663</ele><time>2026-08-07T20:24:07Z</time></trkpt><trkpt lat="61.091427" lon="-149.670243"><ele>996.034</ele><time>2026-08-07T20:24:10Z</time></trkpt><trkpt lat="61.091434" lon="-149.670244"><ele>995.429</ele><time>2026-08-07T20:24:13Z</time></trkpt><trkpt lat="61.091464" lon="-149.670205"><ele>995.054</ele><time>2026-08-07T20:24:19Z</time></trkpt><trkpt lat="61.091481" lon="-149.670196"><ele>994.689</ele><time>2026-08-07T20:24:21Z</time></trkpt><trkpt lat="61.09149" lon="-149.670233"><ele>993.880</ele><time>2026-08-07T20:24:24Z</time></trkpt><trkpt lat="61.091503" lon="-149.670259"><ele>993.076</ele><time>2026-08-07T20:24:27Z</time></trkpt><trkpt lat="61.091507" lon="-149.670255"><ele>992.431</ele><time>2026-08-07T20:24:29Z</time></trkpt><trkpt lat="61.091511" lon="-149.670247"><ele>991.881</ele><time>2026-08-07T20:24:32Z</time></trkpt><trkpt lat="61.091526" lon="-149.670246"><ele>991.261</ele><time>2026-08-07T20:24:36Z</time></trkpt><trkpt lat="61.091544" lon="-149.67023"><ele>990.417</ele><time>2026-08-07T20:24:39Z</time></trkpt><trkpt lat="61.091549" lon="-149.670229"><ele>990.209</ele><time>2026-08-07T20:24:40Z</time></trkpt><trkpt lat="61.091562" lon="-149.670252"><ele>989.670</ele><time>2026-08-07T20:24:43Z</time></trkpt><trkpt lat="61.091568" lon="-149.670246"><ele>989.435</ele><time>2026-08-07T20:24:44Z</time></trkpt><trkpt lat="61.091575" lon="-149.670244"><ele>989.066</ele><time>2026-08-07T20:24:45Z</time></trkpt><trkpt lat="61.091606" lon="-149.670256"><ele>988.041</ele><time>2026-08-07T20:24:50Z</time></trkpt><trkpt lat="61.09161" lon="-149.670256"><ele>987.686</ele><time>2026-08-07T20:24:51Z</time></trkpt><trkpt lat="61.091612" lon="-149.670297"><ele>986.851</ele><time>2026-08-07T20:24:54Z</time></trkpt><trkpt lat="61.09161" lon="-149.670317"><ele>986.432</ele><time>2026-08-07T20:24:56Z</time></trkpt><trkpt lat="61.091619" lon="-149.670352"><ele>985.838</ele><time>2026-08-07T20:24:59Z</time></trkpt><trkpt lat="61.091627" lon="-149.670354"><ele>985.283</ele><time>2026-08-07T20:25:02Z</time></trkpt><trkpt lat="61.091632" lon="-149.670381"><ele>984.815</ele><time>2026-08-07T20:25:04Z</time></trkpt><trkpt lat="61.091649" lon="-149.670384"><ele>984.065</ele><time>2026-08-07T20:25:07Z</time></trkpt><trkpt lat="61.091654" lon="-149.670379"><ele>983.611</ele><time>2026-08-07T20:25:08Z</time></trkpt><trkpt lat="61.091689" lon="-149.670337"><ele>982.809</ele><time>2026-08-07T20:25:12Z</time></trkpt><trkpt lat="61.091694" lon="-149.670326"><ele>982.643</ele><time>2026-08-07T20:25:13Z</time></trkpt><trkpt lat="61.091725" lon="-149.670298"><ele>981.478</ele><time>2026-08-07T20:25:17Z</time></trkpt><trkpt lat="61.091736" lon="-149.670313"><ele>980.669</ele><time>2026-08-07T20:25:19Z</time></trkpt><trkpt lat="61.091744" lon="-149.67033"><ele>980.264</ele><time>2026-08-07T20:25:21Z</time></trkpt><trkpt lat="61.09176" lon="-149.670308"><ele>979.279</ele><time>2026-08-07T20:25:25Z</time></trkpt><trkpt lat="61.091768" lon="-149.670307"><ele>979.084</ele><time>2026-08-07T20:25:26Z</time></trkpt><trkpt lat="61.091783" lon="-149.670327"><ele>978.035</ele><time>2026-08-07T20:25:29Z</time></trkpt><trkpt lat="61.091789" lon="-149.670353"><ele>977.491</ele><time>2026-08-07T20:25:31Z</time></trkpt><trkpt lat="61.09179" lon="-149.670403"><ele>976.816</ele><time>2026-08-07T20:25:34Z</time></trkpt><trkpt lat="61.091802" lon="-149.670415"><ele>976.226</ele><time>2026-08-07T20:25:37Z</time></trkpt><trkpt lat="61.09181" lon="-149.670424"><ele>975.647</ele><time>2026-08-07T20:25:39Z</time></trkpt><trkpt lat="61.091819" lon="-149.670452"><ele>974.411</ele><time>2026-08-07T20:25:44Z</time></trkpt><trkpt lat="61.091829" lon="-149.670417"><ele>973.809</ele><time>2026-08-07T20:25:49Z</time></trkpt><trkpt lat="61.091854" lon="-149.670425"><ele>973.494</ele><time>2026-08-07T20:25:53Z</time></trkpt><trkpt lat="61.091861" lon="-149.67041"><ele>972.839</ele><time>2026-08-07T20:25:55Z</time></trkpt><trkpt lat="61.09187" lon="-149.670389"><ele>972.260</ele><time>2026-08-07T20:25:58Z</time></trkpt><trkpt lat="61.091892" lon="-149.670384"><ele>971.495</ele><time>2026-08-07T20:26:02Z</time></trkpt><trkpt lat="61.091894" lon="-149.670383"><ele>971.050</ele><time>2026-08-07T20:26:04Z</time></trkpt><trkpt lat="61.091915" lon="-149.670371"><ele>970.075</ele><time>2026-08-07T20:26:09Z</time></trkpt><trkpt lat="61.091922" lon="-149.670377"><ele>969.846</ele><time>2026-08-07T20:26:10Z</time></trkpt><trkpt lat="61.091943" lon="-149.670352"><ele>969.052</ele><time>2026-08-07T20:26:16Z</time></trkpt><trkpt lat="61.091953" lon="-149.67035"><ele>968.837</ele><time>2026-08-07T20:26:18Z</time></trkpt><trkpt lat="61.091976" lon="-149.670349"><ele>967.659</ele><time>2026-08-07T20:26:23Z</time></trkpt><trkpt lat="61.09198" lon="-149.670358"><ele>967.403</ele><time>2026-08-07T20:26:24Z</time></trkpt><trkpt lat="61.091994" lon="-149.670365"><ele>966.423</ele><time>2026-08-07T20:26:28Z</time></trkpt><trkpt lat="61.091992" lon="-149.670372"><ele>966.009</ele><time>2026-08-07T20:26:30Z</time></trkpt><trkpt lat="61.092002" lon="-149.670364"><ele>965.427</ele><time>2026-08-07T20:26:32Z</time></trkpt><trkpt lat="61.092026" lon="-149.67034"><ele>964.612</ele><time>2026-08-07T20:26:38Z</time></trkpt><trkpt lat="61.092028" lon="-149.670341"><ele>964.493</ele><time>2026-08-07T20:26:39Z</time></trkpt><trkpt lat="61.092031" lon="-149.670363"><ele>964.038</ele><time>2026-08-07T20:26:47Z</time></trkpt><trkpt lat="61.092046" lon="-149.670368"><ele>963.453</ele><time>2026-08-07T20:26:50Z</time></trkpt><trkpt lat="61.09205" lon="-149.670352"><ele>963.048</ele><time>2026-08-07T20:26:52Z</time></trkpt><trkpt lat="61.092071" lon="-149.670306"><ele>962.249</ele><time>2026-08-07T20:26:55Z</time></trkpt><trkpt lat="61.092086" lon="-149.670263"><ele>961.665</ele><time>2026-08-07T20:27:00Z</time></trkpt><trkpt lat="61.092096" lon="-149.670237"><ele>961.230</ele><time>2026-08-07T20:27:03Z</time></trkpt><trkpt lat="61.0921" lon="-149.670225"><ele>961.016</ele><time>2026-08-07T20:27:04Z</time></trkpt><trkpt lat="61.092115" lon="-149.6702"><ele>960.476</ele><time>2026-08-07T20:27:06Z</time></trkpt><trkpt lat="61.092127" lon="-149.670227"><ele>960.013</ele><time>2026-08-07T20:27:09Z</time></trkpt><trkpt lat="61.092129" lon="-149.670266"><ele>959.609</ele><time>2026-08-07T20:27:11Z</time></trkpt><trkpt lat="61.09214" lon="-149.670276"><ele>958.813</ele><time>2026-08-07T20:27:14Z</time></trkpt><trkpt lat="61.092146" lon="-149.670294"><ele>958.478</ele><time>2026-08-07T20:27:16Z</time></trkpt><trkpt lat="61.092155" lon="-149.670327"><ele>957.839</ele><time>2026-08-07T20:27:18Z</time></trkpt><trkpt lat="61.092162" lon="-149.670349"><ele>957.054</ele><time>2026-08-07T20:27:21Z</time></trkpt><trkpt lat="61.092171" lon="-149.670367"><ele>956.839</ele><time>2026-08-07T20:27:23Z</time></trkpt><trkpt lat="61.092175" lon="-149.670381"><ele>956.224</ele><time>2026-08-07T20:27:25Z</time></trkpt><trkpt lat="61.092177" lon="-149.670406"><ele>955.635</ele><time>2026-08-07T20:27:27Z</time></trkpt><trkpt lat="61.09218" lon="-149.67044"><ele>955.031</ele><time>2026-08-07T20:27:30Z</time></trkpt><trkpt lat="61.092184" lon="-149.670465"><ele>954.486</ele><time>2026-08-07T20:27:32Z</time></trkpt><trkpt lat="61.092198" lon="-149.670486"><ele>953.442</ele><time>2026-08-07T20:27:36Z</time></trkpt><trkpt lat="61.092237" lon="-149.670477"><ele>952.222</ele><time>2026-08-07T20:27:42Z</time></trkpt><trkpt lat="61.092242" lon="-149.670469"><ele>952.014</ele><time>2026-08-07T20:27:43Z</time></trkpt><trkpt lat="61.092265" lon="-149.670439"><ele>951.209</ele><time>2026-08-07T20:27:45Z</time></trkpt><trkpt lat="61.092273" lon="-149.670404"><ele>950.086</ele><time>2026-08-07T20:27:47Z</time></trkpt><trkpt lat="61.092274" lon="-149.67038"><ele>949.611</ele><time>2026-08-07T20:27:48Z</time></trkpt><trkpt lat="61.09228" lon="-149.670344"><ele>948.892</ele><time>2026-08-07T20:27:50Z</time></trkpt><trkpt lat="61.092301" lon="-149.670302"><ele>947.837</ele><time>2026-08-07T20:27:54Z</time></trkpt><trkpt lat="61.092311" lon="-149.670294"><ele>947.482</ele><time>2026-08-07T20:27:55Z</time></trkpt><trkpt lat="61.092322" lon="-149.670277"><ele>946.697</ele><time>2026-08-07T20:27:57Z</time></trkpt><trkpt lat="61.092345" lon="-149.670244"><ele>945.418</ele><time>2026-08-07T20:28:00Z</time></trkpt><trkpt lat="61.092352" lon="-149.670238"><ele>945.254</ele><time>2026-08-07T20:28:01Z</time></trkpt><trkpt lat="61.092379" lon="-149.670258"><ele>944.279</ele><time>2026-08-07T20:28:04Z</time></trkpt><trkpt lat="61.092396" lon="-149.670329"><ele>943.625</ele><time>2026-08-07T20:28:07Z</time></trkpt><trkpt lat="61.092397" lon="-149.670356"><ele>943.426</ele><time>2026-08-07T20:28:08Z</time></trkpt><trkpt lat="61.092398" lon="-149.670374"><ele>943.008</ele><time>2026-08-07T20:28:09Z</time></trkpt><trkpt lat="61.092402" lon="-149.670433"><ele>942.009</ele><time>2026-08-07T20:28:12Z</time></trkpt><trkpt lat="61.09241" lon="-149.670471"><ele>941.474</ele><time>2026-08-07T20:28:14Z</time></trkpt><trkpt lat="61.092413" lon="-149.670513"><ele>940.829</ele><time>2026-08-07T20:28:16Z</time></trkpt><trkpt lat="61.092414" lon="-149.670601"><ele>939.840</ele><time>2026-08-07T20:28:20Z</time></trkpt><trkpt lat="61.092418" lon="-149.670619"><ele>939.685</ele><time>2026-08-07T20:28:21Z</time></trkpt><trkpt lat="61.092449" lon="-149.670647"><ele>938.870</ele><time>2026-08-07T20:28:25Z</time></trkpt><trkpt lat="61.092485" lon="-149.670663"><ele>938.015</ele><time>2026-08-07T20:28:28Z</time></trkpt><trkpt lat="61.09251" lon="-149.670664"><ele>937.856</ele><time>2026-08-07T20:28:30Z</time></trkpt><trkpt lat="61.09252" lon="-149.670676"><ele>937.422</ele><time>2026-08-07T20:28:33Z</time></trkpt><trkpt lat="61.092523" lon="-149.67068"><ele>937.247</ele><time>2026-08-07T20:28:34Z</time></trkpt><trkpt lat="61.092527" lon="-149.67066"><ele>936.837</ele><time>2026-08-07T20:28:37Z</time></trkpt><trkpt lat="61.092548" lon="-149.670691"><ele>936.649</ele><time>2026-08-07T20:28:40Z</time></trkpt><trkpt lat="61.092598" lon="-149.670725"><ele>935.413</ele><time>2026-08-07T20:28:44Z</time></trkpt><trkpt lat="61.092625" lon="-149.670725"><ele>934.809</ele><time>2026-08-07T20:28:46Z</time></trkpt><trkpt lat="61.092645" lon="-149.670723"><ele>934.445</ele><time>2026-08-07T20:28:47Z</time></trkpt><trkpt lat="61.092679" lon="-149.67074"><ele>933.450</ele><time>2026-08-07T20:28:50Z</time></trkpt><trkpt lat="61.092687" lon="-149.670748"><ele>933.061</ele><time>2026-08-07T20:28:51Z</time></trkpt><trkpt lat="61.092722" lon="-149.670773"><ele>932.036</ele><time>2026-08-07T20:28:54Z</time></trkpt><trkpt lat="61.092729" lon="-149.670772"><ele>931.611</ele><time>2026-08-07T20:28:55Z</time></trkpt><trkpt lat="61.092758" lon="-149.670791"><ele>930.626</ele><time>2026-08-07T20:28:58Z</time></trkpt><trkpt lat="61.092787" lon="-149.670803"><ele>929.287</ele><time>2026-08-07T20:29:01Z</time></trkpt><trkpt lat="61.092794" lon="-149.670805"><ele>929.063</ele><time>2026-08-07T20:29:02Z</time></trkpt><trkpt lat="61.092795" lon="-149.670834"><ele>928.628</ele><time>2026-08-07T20:29:07Z</time></trkpt><trkpt lat="61.092817" lon="-149.670841"><ele>928.236</ele><time>2026-08-07T20:29:10Z</time></trkpt><trkpt lat="61.092822" lon="-149.670835"><ele>927.617</ele><time>2026-08-07T20:29:12Z</time></trkpt><trkpt lat="61.092822" lon="-149.670835"><ele>927.618</ele><time>2026-08-07T20:29:19Z</time></trkpt><trkpt lat="61.092836" lon="-149.67089"><ele>927.409</ele><time>2026-08-07T20:29:25Z</time></trkpt><trkpt lat="61.092851" lon="-149.671001"><ele>927.085</ele><time>2026-08-07T20:29:30Z</time></trkpt><trkpt lat="61.092861" lon="-149.671"><ele>926.450</ele><time>2026-08-07T20:29:31Z</time></trkpt><trkpt lat="61.092868" lon="-149.670988"><ele>926.081</ele><time>2026-08-07T20:29:32Z</time></trkpt><trkpt lat="61.092874" lon="-149.670976"><ele>925.456</ele><time>2026-08-07T20:29:33Z</time></trkpt><trkpt lat="61.092879" lon="-149.670967"><ele>924.471</ele><time>2026-08-07T20:29:36Z</time></trkpt><trkpt lat="61.092867" lon="-149.671012"><ele>925.036</ele><time>2026-08-07T20:29:42Z</time></trkpt><trkpt lat="61.09286" lon="-149.671069"><ele>925.037</ele><time>2026-08-07T20:29:50Z</time></trkpt><trkpt lat="61.092841" lon="-149.671158"><ele>924.663</ele><time>2026-08-07T20:29:55Z</time></trkpt><trkpt lat="61.092835" lon="-149.671173"><ele>924.228</ele><time>2026-08-07T20:29:56Z</time></trkpt><trkpt lat="61.09283" lon="-149.671187"><ele>924.022</ele><time>2026-08-07T20:29:57Z</time></trkpt><trkpt lat="61.092807" lon="-149.671233"><ele>923.262</ele><time>2026-08-07T20:30:01Z</time></trkpt><trkpt lat="61.092808" lon="-149.671236"><ele>923.208</ele><time>2026-08-07T20:30:03Z</time></trkpt><trkpt lat="61.092795" lon="-149.671258"><ele>922.809</ele><time>2026-08-07T20:30:11Z</time></trkpt><trkpt lat="61.092788" lon="-149.671264"><ele>923.034</ele><time>2026-08-07T20:30:19Z</time></trkpt><trkpt lat="61.092788" lon="-149.671264"><ele>922.879</ele><time>2026-08-07T20:30:24Z</time></trkpt><trkpt lat="61.092788" lon="-149.671264"><ele>922.870</ele><time>2026-08-07T20:30:32Z</time></trkpt><trkpt lat="61.092779" lon="-149.671233"><ele>922.855</ele><time>2026-08-07T20:30:39Z</time></trkpt><trkpt lat="61.092766" lon="-149.671137"><ele>924.490</ele><time>2026-08-07T20:30:42Z</time></trkpt><trkpt lat="61.092767" lon="-149.671103"><ele>925.295</ele><time>2026-08-07T20:30:43Z</time></trkpt><trkpt lat="61.092762" lon="-149.671072"><ele>926.026</ele><time>2026-08-07T20:30:44Z</time></trkpt><trkpt lat="61.092756" lon="-149.671029"><ele>926.852</ele><time>2026-08-07T20:30:46Z</time></trkpt><trkpt lat="61.092749" lon="-149.670998"><ele>927.247</ele><time>2026-08-07T20:30:48Z</time></trkpt><trkpt lat="61.092748" lon="-149.670992"><ele>927.253</ele><time>2026-08-07T20:30:49Z</time></trkpt><trkpt lat="61.092731" lon="-149.670972"><ele>927.404</ele><time>2026-08-07T20:30:54Z</time></trkpt><trkpt lat="61.092725" lon="-149.670938"><ele>927.614</ele><time>2026-08-07T20:30:56Z</time></trkpt><trkpt lat="61.09273" lon="-149.670853"><ele>928.009</ele><time>2026-08-07T20:31:00Z</time></trkpt><trkpt lat="61.092732" lon="-149.670831"><ele>927.817</ele><time>2026-08-07T20:31:02Z</time></trkpt><trkpt lat="61.092729" lon="-149.670826"><ele>927.452</ele><time>2026-08-07T20:31:14Z</time></trkpt><trkpt lat="61.092729" lon="-149.670826"><ele>927.493</ele><time>2026-08-07T20:31:19Z</time></trkpt><trkpt lat="61.092729" lon="-149.670826"><ele>927.288</ele><time>2026-08-07T20:31:21Z</time></trkpt><trkpt lat="61.092729" lon="-149.670826"><ele>927.213</ele><time>2026-08-07T20:31:25Z</time></trkpt><trkpt lat="61.092729" lon="-149.670826"><ele>927.018</ele><time>2026-08-07T20:31:34Z</time></trkpt><trkpt lat="61.092732" lon="-149.670833"><ele>927.479</ele><time>2026-08-07T20:31:38Z</time></trkpt><trkpt lat="61.092726" lon="-149.670918"><ele>927.885</ele><time>2026-08-07T20:31:41Z</time></trkpt><trkpt lat="61.092723" lon="-149.670985"><ele>927.830</ele><time>2026-08-07T20:31:43Z</time></trkpt><trkpt lat="61.092711" lon="-149.671059"><ele>927.083</ele><time>2026-08-07T20:31:46Z</time></trkpt><trkpt lat="61.09269" lon="-149.671076"><ele>926.825</ele><time>2026-08-07T20:31:48Z</time></trkpt><trkpt lat="61.09266" lon="-149.67112"><ele>926.617</ele><time>2026-08-07T20:31:51Z</time></trkpt><trkpt lat="61.092616" lon="-149.671151"><ele>926.209</ele><time>2026-08-07T20:31:55Z</time></trkpt><trkpt lat="61.092574" lon="-149.671169"><ele>926.270</ele><time>2026-08-07T20:31:58Z</time></trkpt><trkpt lat="61.092474" lon="-149.671219"><ele>927.285</ele><time>2026-08-07T20:32:05Z</time></trkpt><trkpt lat="61.092453" lon="-149.671234"><ele>927.226</ele><time>2026-08-07T20:32:06Z</time></trkpt><trkpt lat="61.092404" lon="-149.671312"><ele>927.811</ele><time>2026-08-07T20:32:11Z</time></trkpt><trkpt lat="61.092353" lon="-149.671389"><ele>928.056</ele><time>2026-08-07T20:32:17Z</time></trkpt><trkpt lat="61.092349" lon="-149.671388"><ele>928.011</ele><time>2026-08-07T20:32:18Z</time></trkpt><trkpt lat="61.092357" lon="-149.671383"><ele>928.222</ele><time>2026-08-07T20:32:25Z</time></trkpt><trkpt lat="61.092355" lon="-149.671386"><ele>928.238</ele><time>2026-08-07T20:32:33Z</time></trkpt><trkpt lat="61.09234" lon="-149.671395"><ele>928.423</ele><time>2026-08-07T20:32:36Z</time></trkpt><trkpt lat="61.092322" lon="-149.671412"><ele>928.891</ele><time>2026-08-07T20:32:44Z</time></trkpt><trkpt lat="61.092317" lon="-149.671408"><ele>929.281</ele><time>2026-08-07T20:32:51Z</time></trkpt><trkpt lat="61.092318" lon="-149.671414"><ele>929.619</ele><time>2026-08-07T20:32:57Z</time></trkpt><trkpt lat="61.092318" lon="-149.671414"><ele>929.609</ele><time>2026-08-07T20:33:01Z</time></trkpt><trkpt lat="61.092318" lon="-149.671414"><ele>929.861</ele><time>2026-08-07T20:33:03Z</time></trkpt><trkpt lat="61.092318" lon="-149.671414"><ele>929.636</ele><time>2026-08-07T20:33:04Z</time></trkpt><trkpt lat="61.092343" lon="-149.671391"><ele>929.277</ele><time>2026-08-07T20:33:10Z</time></trkpt><trkpt lat="61.092379" lon="-149.6714"><ele>928.622</ele><time>2026-08-07T20:33:15Z</time></trkpt><trkpt lat="61.092369" lon="-149.671408"><ele>928.247</ele><time>2026-08-07T20:33:18Z</time></trkpt><trkpt lat="61.092361" lon="-149.671386"><ele>928.472</ele><time>2026-08-07T20:33:21Z</time></trkpt><trkpt lat="61.092366" lon="-149.671388"><ele>928.863</ele><time>2026-08-07T20:33:30Z</time></trkpt><trkpt lat="61.09236" lon="-149.671383"><ele>929.099</ele><time>2026-08-07T20:33:34Z</time></trkpt><trkpt lat="61.092361" lon="-149.671377"><ele>928.894</ele><time>2026-08-07T20:33:43Z</time></trkpt><trkpt lat="61.092363" lon="-149.671392"><ele>929.039</ele><time>2026-08-07T20:33:44Z</time></trkpt><trkpt lat="61.09236" lon="-149.671411"><ele>928.801</ele><time>2026-08-07T20:33:46Z</time></trkpt><trkpt lat="61.092357" lon="-149.671456"><ele>928.421</ele><time>2026-08-07T20:33:49Z</time></trkpt><trkpt lat="61.09236" lon="-149.671476"><ele>928.009</ele><time>2026-08-07T20:33:50Z</time></trkpt><trkpt lat="61.09236" lon="-149.671488"><ele>927.235</ele><time>2026-08-07T20:33:54Z</time></trkpt><trkpt lat="61.092356" lon="-149.671483"><ele>927.290</ele><time>2026-08-07T20:33:55Z</time></trkpt><trkpt lat="61.092366" lon="-149.671499"><ele>927.221</ele><time>2026-08-07T20:34:02Z</time></trkpt><trkpt lat="61.092428" lon="-149.67151"><ele>926.046</ele><time>2026-08-07T20:34:08Z</time></trkpt><trkpt lat="61.092473" lon="-149.671477"><ele>925.011</ele><time>2026-08-07T20:34:12Z</time></trkpt><trkpt lat="61.092487" lon="-149.671479"><ele>924.636</ele><time>2026-08-07T20:34:13Z</time></trkpt><trkpt lat="61.092504" lon="-149.671513"><ele>923.827</ele><time>2026-08-07T20:34:15Z</time></trkpt><trkpt lat="61.092517" lon="-149.671563"><ele>922.493</ele><time>2026-08-07T20:34:17Z</time></trkpt><trkpt lat="61.092523" lon="-149.671569"><ele>921.858</ele><time>2026-08-07T20:34:18Z</time></trkpt><trkpt lat="61.092533" lon="-149.671565"><ele>921.282</ele><time>2026-08-07T20:34:19Z</time></trkpt><trkpt lat="61.092564" lon="-149.671598"><ele>920.043</ele><time>2026-08-07T20:34:23Z</time></trkpt><trkpt lat="61.09257" lon="-149.671612"><ele>919.817</ele><time>2026-08-07T20:34:24Z</time></trkpt><trkpt lat="61.092597" lon="-149.671686"><ele>919.009</ele><time>2026-08-07T20:34:27Z</time></trkpt><trkpt lat="61.092627" lon="-149.671752"><ele>918.050</ele><time>2026-08-07T20:34:29Z</time></trkpt><trkpt lat="61.092653" lon="-149.671802"><ele>917.085</ele><time>2026-08-07T20:34:31Z</time></trkpt><trkpt lat="61.092654" lon="-149.671835"><ele>916.056</ele><time>2026-08-07T20:34:33Z</time></trkpt><trkpt lat="61.092658" lon="-149.671867"><ele>915.841</ele><time>2026-08-07T20:34:34Z</time></trkpt><trkpt lat="61.092681" lon="-149.671975"><ele>914.636</ele><time>2026-08-07T20:34:36Z</time></trkpt><trkpt lat="61.092714" lon="-149.672069"><ele>913.231</ele><time>2026-08-07T20:34:38Z</time></trkpt><trkpt lat="61.092738" lon="-149.672152"><ele>912.292</ele><time>2026-08-07T20:34:41Z</time></trkpt><trkpt lat="61.092739" lon="-149.672197"><ele>912.068</ele><time>2026-08-07T20:34:43Z</time></trkpt><trkpt lat="61.092754" lon="-149.672264"><ele>911.033</ele><time>2026-08-07T20:34:49Z</time></trkpt><trkpt lat="61.092754" lon="-149.672263"><ele>910.848</ele><time>2026-08-07T20:34:50Z</time></trkpt><trkpt lat="61.09276" lon="-149.672362"><ele>910.261</ele><time>2026-08-07T20:34:57Z</time></trkpt><trkpt lat="61.09276" lon="-149.67238"><ele>909.817</ele><time>2026-08-07T20:34:58Z</time></trkpt><trkpt lat="61.092767" lon="-149.672458"><ele>908.809</ele><time>2026-08-07T20:35:02Z</time></trkpt><trkpt lat="61.092769" lon="-149.672507"><ele>908.446</ele><time>2026-08-07T20:35:04Z</time></trkpt><trkpt lat="61.092766" lon="-149.672582"><ele>907.631</ele><time>2026-08-07T20:35:06Z</time></trkpt><trkpt lat="61.092759" lon="-149.672681"><ele>906.072</ele><time>2026-08-07T20:35:09Z</time></trkpt><trkpt lat="61.092743" lon="-149.672756"><ele>904.827</ele><time>2026-08-07T20:35:11Z</time></trkpt><trkpt lat="61.092731" lon="-149.672813"><ele>903.642</ele><time>2026-08-07T20:35:13Z</time></trkpt><trkpt lat="61.092732" lon="-149.672894"><ele>902.487</ele><time>2026-08-07T20:35:15Z</time></trkpt><trkpt lat="61.092733" lon="-149.672932"><ele>901.638</ele><time>2026-08-07T20:35:16Z</time></trkpt><trkpt lat="61.092733" lon="-149.672958"><ele>901.044</ele><time>2026-08-07T20:35:17Z</time></trkpt><trkpt lat="61.092738" lon="-149.673054"><ele>900.079</ele><time>2026-08-07T20:35:20Z</time></trkpt><trkpt lat="61.09275" lon="-149.673179"><ele>899.283</ele><time>2026-08-07T20:35:22Z</time></trkpt><trkpt lat="61.092757" lon="-149.673238"><ele>898.425</ele><time>2026-08-07T20:35:23Z</time></trkpt><trkpt lat="61.092791" lon="-149.673336"><ele>897.217</ele><time>2026-08-07T20:35:26Z</time></trkpt><trkpt lat="61.092796" lon="-149.673358"><ele>897.009</ele><time>2026-08-07T20:35:27Z</time></trkpt><trkpt lat="61.092805" lon="-149.673367"><ele>896.280</ele><time>2026-08-07T20:35:31Z</time></trkpt><trkpt lat="61.092806" lon="-149.673387"><ele>896.215</ele><time>2026-08-07T20:35:32Z</time></trkpt><trkpt lat="61.09281" lon="-149.673411"><ele>896.266</ele><time>2026-08-07T20:35:33Z</time></trkpt><trkpt lat="61.092813" lon="-149.673511"><ele>895.281</ele><time>2026-08-07T20:35:38Z</time></trkpt><trkpt lat="61.092816" lon="-149.673537"><ele>895.046</ele><time>2026-08-07T20:35:39Z</time></trkpt><trkpt lat="61.092834" lon="-149.673639"><ele>894.011</ele><time>2026-08-07T20:35:44Z</time></trkpt><trkpt lat="61.092834" lon="-149.673662"><ele>893.842</ele><time>2026-08-07T20:35:45Z</time></trkpt><trkpt lat="61.092832" lon="-149.673775"><ele>892.838</ele><time>2026-08-07T20:35:50Z</time></trkpt><trkpt lat="61.09282" lon="-149.673839"><ele>891.493</ele><time>2026-08-07T20:35:53Z</time></trkpt><trkpt lat="61.092808" lon="-149.673872"><ele>890.439</ele><time>2026-08-07T20:35:55Z</time></trkpt><trkpt lat="61.092794" lon="-149.673908"><ele>889.801</ele><time>2026-08-07T20:35:57Z</time></trkpt><trkpt lat="61.092787" lon="-149.673923"><ele>889.421</ele><time>2026-08-07T20:35:58Z</time></trkpt><trkpt lat="61.092776" lon="-149.67398"><ele>887.809</ele><time>2026-08-07T20:36:01Z</time></trkpt><trkpt lat="61.092779" lon="-149.674015"><ele>886.855</ele><time>2026-08-07T20:36:03Z</time></trkpt><trkpt lat="61.092783" lon="-149.674043"><ele>886.210</ele><time>2026-08-07T20:36:05Z</time></trkpt><trkpt lat="61.092782" lon="-149.674091"><ele>885.651</ele><time>2026-08-07T20:36:07Z</time></trkpt><trkpt lat="61.092784" lon="-149.674167"><ele>884.486</ele><time>2026-08-07T20:36:11Z</time></trkpt><trkpt lat="61.092784" lon="-149.674187"><ele>884.221</ele><time>2026-08-07T20:36:12Z</time></trkpt><trkpt lat="61.092778" lon="-149.67424"><ele>883.086</ele><time>2026-08-07T20:36:15Z</time></trkpt><trkpt lat="61.092773" lon="-149.674258"><ele>881.817</ele><time>2026-08-07T20:36:18Z</time></trkpt><trkpt lat="61.09277" lon="-149.674274"><ele>881.643</ele><time>2026-08-07T20:36:19Z</time></trkpt><trkpt lat="61.092768" lon="-149.674313"><ele>880.668</ele><time>2026-08-07T20:36:22Z</time></trkpt><trkpt lat="61.092773" lon="-149.674364"><ele>879.819</ele><time>2026-08-07T20:36:25Z</time></trkpt><trkpt lat="61.092774" lon="-149.674395"><ele>879.409</ele><time>2026-08-07T20:36:26Z</time></trkpt><trkpt lat="61.092765" lon="-149.674418"><ele>878.619</ele><time>2026-08-07T20:36:28Z</time></trkpt><trkpt lat="61.092755" lon="-149.674433"><ele>878.009</ele><time>2026-08-07T20:36:29Z</time></trkpt><trkpt lat="61.09275" lon="-149.674443"><ele>877.443</ele><time>2026-08-07T20:36:30Z</time></trkpt><trkpt lat="61.092747" lon="-149.674459"><ele>877.078</ele><time>2026-08-07T20:36:31Z</time></trkpt><trkpt lat="61.092745" lon="-149.674494"><ele>876.289</ele><time>2026-08-07T20:36:33Z</time></trkpt><trkpt lat="61.092749" lon="-149.674536"><ele>875.884</ele><time>2026-08-07T20:36:35Z</time></trkpt><trkpt lat="61.092756" lon="-149.674561"><ele>875.239</ele><time>2026-08-07T20:36:37Z</time></trkpt><trkpt lat="61.092763" lon="-149.674574"><ele>874.674</ele><time>2026-08-07T20:36:40Z</time></trkpt><trkpt lat="61.092777" lon="-149.674616"><ele>874.465</ele><time>2026-08-07T20:36:43Z</time></trkpt><trkpt lat="61.092793" lon="-149.674716"><ele>873.281</ele><time>2026-08-07T20:36:47Z</time></trkpt><trkpt lat="61.092805" lon="-149.674775"><ele>872.286</ele><time>2026-08-07T20:36:49Z</time></trkpt><trkpt lat="61.09281" lon="-149.674797"><ele>871.895</ele><time>2026-08-07T20:36:50Z</time></trkpt><trkpt lat="61.092823" lon="-149.674874"><ele>870.849</ele><time>2026-08-07T20:36:54Z</time></trkpt><trkpt lat="61.092833" lon="-149.674917"><ele>870.223</ele><time>2026-08-07T20:36:56Z</time></trkpt><trkpt lat="61.09284" lon="-149.67495"><ele>869.409</ele><time>2026-08-07T20:36:58Z</time></trkpt><trkpt lat="61.092851" lon="-149.675016"><ele>868.411</ele><time>2026-08-07T20:37:01Z</time></trkpt><trkpt lat="61.092901" lon="-149.675152"><ele>867.616</ele><time>2026-08-07T20:37:08Z</time></trkpt><trkpt lat="61.092904" lon="-149.675181"><ele>867.437</ele><time>2026-08-07T20:37:09Z</time></trkpt><trkpt lat="61.092927" lon="-149.675292"><ele>866.052</ele><time>2026-08-07T20:37:14Z</time></trkpt><trkpt lat="61.092934" lon="-149.67531"><ele>865.827</ele><time>2026-08-07T20:37:15Z</time></trkpt><trkpt lat="61.092956" lon="-149.675366"><ele>865.062</ele><time>2026-08-07T20:37:18Z</time></trkpt><trkpt lat="61.092971" lon="-149.675432"><ele>864.013</ele><time>2026-08-07T20:37:22Z</time></trkpt><trkpt lat="61.092975" lon="-149.675441"><ele>863.899</ele><time>2026-08-07T20:37:23Z</time></trkpt><trkpt lat="61.092981" lon="-149.675491"><ele>862.614</ele><time>2026-08-07T20:37:27Z</time></trkpt><trkpt lat="61.092994" lon="-149.67556"><ele>861.446</ele><time>2026-08-07T20:37:31Z</time></trkpt><trkpt lat="61.09301" lon="-149.675606"><ele>860.288</ele><time>2026-08-07T20:37:34Z</time></trkpt><trkpt lat="61.093022" lon="-149.675641"><ele>859.016</ele><time>2026-08-07T20:37:38Z</time></trkpt><trkpt lat="61.093024" lon="-149.675654"><ele>858.609</ele><time>2026-08-07T20:37:40Z</time></trkpt><trkpt lat="61.09303" lon="-149.675692"><ele>858.056</ele><time>2026-08-07T20:37:43Z</time></trkpt><trkpt lat="61.093026" lon="-149.675744"><ele>857.081</ele><time>2026-08-07T20:37:48Z</time></trkpt><trkpt lat="61.093028" lon="-149.675744"><ele>856.832</ele><time>2026-08-07T20:37:49Z</time></trkpt><trkpt lat="61.093017" lon="-149.675745"><ele>855.837</ele><time>2026-08-07T20:37:53Z</time></trkpt><trkpt lat="61.093016" lon="-149.675754"><ele>855.612</ele><time>2026-08-07T20:37:54Z</time></trkpt><trkpt lat="61.09301" lon="-149.67578"><ele>854.887</ele><time>2026-08-07T20:37:57Z</time></trkpt><trkpt lat="61.093023" lon="-149.675846"><ele>853.628</ele><time>2026-08-07T20:38:01Z</time></trkpt><trkpt lat="61.093023" lon="-149.675909"><ele>852.474</ele><time>2026-08-07T20:38:04Z</time></trkpt><trkpt lat="61.093037" lon="-149.675981"><ele>851.479</ele><time>2026-08-07T20:38:07Z</time></trkpt><trkpt lat="61.093045" lon="-149.67603"><ele>849.814</ele><time>2026-08-07T20:38:10Z</time></trkpt><trkpt lat="61.093044" lon="-149.676056"><ele>848.854</ele><time>2026-08-07T20:38:13Z</time></trkpt><trkpt lat="61.093039" lon="-149.676045"><ele>848.609</ele><time>2026-08-07T20:38:15Z</time></trkpt><trkpt lat="61.093036" lon="-149.676075"><ele>847.809</ele><time>2026-08-07T20:38:20Z</time></trkpt><trkpt lat="61.093036" lon="-149.676088"><ele>847.653</ele><time>2026-08-07T20:38:21Z</time></trkpt><trkpt lat="61.093033" lon="-149.676146"><ele>846.498</ele><time>2026-08-07T20:38:25Z</time></trkpt><trkpt lat="61.093033" lon="-149.676179"><ele>845.649</ele><time>2026-08-07T20:38:28Z</time></trkpt><trkpt lat="61.093032" lon="-149.676187"><ele>845.264</ele><time>2026-08-07T20:38:29Z</time></trkpt><trkpt lat="61.093053" lon="-149.676211"><ele>844.289</ele><time>2026-08-07T20:38:33Z</time></trkpt><trkpt lat="61.093059" lon="-149.676234"><ele>843.844</ele><time>2026-08-07T20:38:35Z</time></trkpt><trkpt lat="61.093057" lon="-149.676245"><ele>843.825</ele><time>2026-08-07T20:38:36Z</time></trkpt><trkpt lat="61.09306" lon="-149.676261"><ele>843.221</ele><time>2026-08-07T20:38:39Z</time></trkpt><trkpt lat="61.09306" lon="-149.676262"><ele>843.026</ele><time>2026-08-07T20:38:41Z</time></trkpt><trkpt lat="61.093046" lon="-149.6763"><ele>842.046</ele><time>2026-08-07T20:38:47Z</time></trkpt><trkpt lat="61.093046" lon="-149.676307"><ele>841.888</ele><time>2026-08-07T20:38:48Z</time></trkpt><trkpt lat="61.09305" lon="-149.676309"><ele>840.816</ele><time>2026-08-07T20:38:52Z</time></trkpt><trkpt lat="61.093049" lon="-149.67631"><ele>840.609</ele><time>2026-08-07T20:38:53Z</time></trkpt><trkpt lat="61.093042" lon="-149.676313"><ele>840.646</ele><time>2026-08-07T20:39:02Z</time></trkpt><trkpt lat="61.09303" lon="-149.67629"><ele>840.821</ele><time>2026-08-07T20:39:15Z</time></trkpt><trkpt lat="61.093028" lon="-149.676285"><ele>840.842</ele><time>2026-08-07T20:39:26Z</time></trkpt><trkpt lat="61.093046" lon="-149.676289"><ele>841.027</ele><time>2026-08-07T20:39:39Z</time></trkpt><trkpt lat="61.093038" lon="-149.676272"><ele>841.222</ele><time>2026-08-07T20:39:52Z</time></trkpt><trkpt lat="61.093029" lon="-149.676301"><ele>841.217</ele><time>2026-08-07T20:40:00Z</time></trkpt><trkpt lat="61.093035" lon="-149.676395"><ele>841.048</ele><time>2026-08-07T20:40:05Z</time></trkpt><trkpt lat="61.093046" lon="-149.676447"><ele>839.814</ele><time>2026-08-07T20:40:07Z</time></trkpt><trkpt lat="61.093061" lon="-149.676483"><ele>838.419</ele><time>2026-08-07T20:40:09Z</time></trkpt><trkpt lat="61.09307" lon="-149.676524"><ele>837.679</ele><time>2026-08-07T20:40:11Z</time></trkpt><trkpt lat="61.093076" lon="-149.676547"><ele>837.205</ele><time>2026-08-07T20:40:12Z</time></trkpt><trkpt lat="61.093086" lon="-149.676628"><ele>835.825</ele><time>2026-08-07T20:40:15Z</time></trkpt><trkpt lat="61.093085" lon="-149.676671"><ele>834.809</ele><time>2026-08-07T20:40:17Z</time></trkpt><trkpt lat="61.093092" lon="-149.676754"><ele>833.889</ele><time>2026-08-07T20:40:20Z</time></trkpt><trkpt lat="61.093136" lon="-149.676855"><ele>832.644</ele><time>2026-08-07T20:40:24Z</time></trkpt><trkpt lat="61.093144" lon="-149.676897"><ele>831.825</ele><time>2026-08-07T20:40:26Z</time></trkpt><trkpt lat="61.093152" lon="-149.676923"><ele>831.480</ele><time>2026-08-07T20:40:27Z</time></trkpt><trkpt lat="61.093178" lon="-149.676992"><ele>830.455</ele><time>2026-08-07T20:40:30Z</time></trkpt><trkpt lat="61.093188" lon="-149.677051"><ele>830.010</ele><time>2026-08-07T20:40:33Z</time></trkpt><trkpt lat="61.093219" lon="-149.677129"><ele>829.291</ele><time>2026-08-07T20:40:37Z</time></trkpt><trkpt lat="61.093256" lon="-149.67717"><ele>828.267</ele><time>2026-08-07T20:40:41Z</time></trkpt><trkpt lat="61.093264" lon="-149.677181"><ele>828.022</ele><time>2026-08-07T20:40:42Z</time></trkpt><trkpt lat="61.093291" lon="-149.677222"><ele>828.069</ele><time>2026-08-07T20:40:46Z</time></trkpt><trkpt lat="61.093301" lon="-149.677261"><ele>828.004</ele><time>2026-08-07T20:40:48Z</time></trkpt><trkpt lat="61.093338" lon="-149.677342"><ele>827.224</ele><time>2026-08-07T20:40:55Z</time></trkpt><trkpt lat="61.09337" lon="-149.677383"><ele>827.009</ele><time>2026-08-07T20:40:58Z</time></trkpt><trkpt lat="61.093388" lon="-149.677457"><ele>826.498</ele><time>2026-08-07T20:41:02Z</time></trkpt><trkpt lat="61.093391" lon="-149.677494"><ele>825.873</ele><time>2026-08-07T20:41:04Z</time></trkpt><trkpt lat="61.093414" lon="-149.677618"><ele>824.674</ele><time>2026-08-07T20:41:10Z</time></trkpt><trkpt lat="61.093419" lon="-149.677643"><ele>824.439</ele><time>2026-08-07T20:41:11Z</time></trkpt><trkpt lat="61.093436" lon="-149.677707"><ele>823.414</ele><time>2026-08-07T20:41:14Z</time></trkpt><trkpt lat="61.093452" lon="-149.677791"><ele>822.499</ele><time>2026-08-07T20:41:18Z</time></trkpt><trkpt lat="61.093456" lon="-149.677812"><ele>822.280</ele><time>2026-08-07T20:41:19Z</time></trkpt><trkpt lat="61.093444" lon="-149.677847"><ele>821.466</ele><time>2026-08-07T20:41:23Z</time></trkpt><trkpt lat="61.093435" lon="-149.677842"><ele>821.291</ele><time>2026-08-07T20:41:24Z</time></trkpt><trkpt lat="61.093427" lon="-149.677841"><ele>820.884</ele><time>2026-08-07T20:41:25Z</time></trkpt><trkpt lat="61.093411" lon="-149.677831"><ele>820.207</ele><time>2026-08-07T20:41:27Z</time></trkpt><trkpt lat="61.093402" lon="-149.677822"><ele>820.017</ele><time>2026-08-07T20:41:28Z</time></trkpt><trkpt lat="61.093384" lon="-149.677785"><ele>819.009</ele><time>2026-08-07T20:41:32Z</time></trkpt><trkpt lat="61.093379" lon="-149.677775"><ele>818.850</ele><time>2026-08-07T20:41:33Z</time></trkpt><trkpt lat="61.093348" lon="-149.677768"><ele>817.695</ele><time>2026-08-07T20:41:37Z</time></trkpt><trkpt lat="61.093335" lon="-149.677762"><ele>817.036</ele><time>2026-08-07T20:41:39Z</time></trkpt><trkpt lat="61.093324" lon="-149.677755"><ele>816.661</ele><time>2026-08-07T20:41:40Z</time></trkpt><trkpt lat="61.093292" lon="-149.677753"><ele>815.696</ele><time>2026-08-07T20:41:44Z</time></trkpt><trkpt lat="61.093266" lon="-149.677747"><ele>814.671</ele><time>2026-08-07T20:41:47Z</time></trkpt><trkpt lat="61.09324" lon="-149.677738"><ele>813.632</ele><time>2026-08-07T20:41:50Z</time></trkpt><trkpt lat="61.093209" lon="-149.677738"><ele>812.678</ele><time>2026-08-07T20:41:54Z</time></trkpt><trkpt lat="61.093196" lon="-149.677742"><ele>812.233</ele><time>2026-08-07T20:41:56Z</time></trkpt><trkpt lat="61.093184" lon="-149.677725"><ele>811.886</ele><time>2026-08-07T20:41:58Z</time></trkpt><trkpt lat="61.093171" lon="-149.677726"><ele>811.260</ele><time>2026-08-07T20:42:00Z</time></trkpt><trkpt lat="61.093158" lon="-149.677732"><ele>810.426</ele><time>2026-08-07T20:42:03Z</time></trkpt><trkpt lat="61.09315" lon="-149.677735"><ele>810.009</ele><time>2026-08-07T20:42:04Z</time></trkpt><trkpt lat="61.093117" lon="-149.67776"><ele>808.820</ele><time>2026-08-07T20:42:07Z</time></trkpt><trkpt lat="61.093111" lon="-149.677785"><ele>807.895</ele><time>2026-08-07T20:42:09Z</time></trkpt><trkpt lat="61.093115" lon="-149.677794"><ele>807.426</ele><time>2026-08-07T20:42:10Z</time></trkpt><trkpt lat="61.093121" lon="-149.677829"><ele>806.891</ele><time>2026-08-07T20:42:12Z</time></trkpt><trkpt lat="61.093121" lon="-149.677881"><ele>806.096</ele><time>2026-08-07T20:42:16Z</time></trkpt><trkpt lat="61.093125" lon="-149.677896"><ele>805.641</ele><time>2026-08-07T20:42:17Z</time></trkpt><trkpt lat="61.093136" lon="-149.67794"><ele>804.622</ele><time>2026-08-07T20:42:21Z</time></trkpt><trkpt lat="61.093151" lon="-149.67798"><ele>803.838</ele><time>2026-08-07T20:42:24Z</time></trkpt><trkpt lat="61.093155" lon="-149.677996"><ele>803.463</ele><time>2026-08-07T20:42:25Z</time></trkpt><trkpt lat="61.093162" lon="-149.678032"><ele>802.474</ele><time>2026-08-07T20:42:28Z</time></trkpt><trkpt lat="61.093163" lon="-149.678087"><ele>801.456</ele><time>2026-08-07T20:42:32Z</time></trkpt><trkpt lat="61.093166" lon="-149.678114"><ele>801.221</ele><time>2026-08-07T20:42:33Z</time></trkpt><trkpt lat="61.093184" lon="-149.678161"><ele>800.009</ele><time>2026-08-07T20:42:36Z</time></trkpt><trkpt lat="61.093207" lon="-149.678215"><ele>799.679</ele><time>2026-08-07T20:42:39Z</time></trkpt><trkpt lat="61.093229" lon="-149.678263"><ele>799.084</ele><time>2026-08-07T20:42:43Z</time></trkpt><trkpt lat="61.093227" lon="-149.678294"><ele>798.435</ele><time>2026-08-07T20:42:45Z</time></trkpt><trkpt lat="61.093228" lon="-149.678333"><ele>797.830</ele><time>2026-08-07T20:42:47Z</time></trkpt><trkpt lat="61.093243" lon="-149.678356"><ele>797.275</ele><time>2026-08-07T20:42:49Z</time></trkpt><trkpt lat="61.09326" lon="-149.678362"><ele>797.020</ele><time>2026-08-07T20:42:52Z</time></trkpt><trkpt lat="61.093312" lon="-149.678437"><ele>796.641</ele><time>2026-08-07T20:42:58Z</time></trkpt><trkpt lat="61.093333" lon="-149.678459"><ele>795.487</ele><time>2026-08-07T20:43:01Z</time></trkpt><trkpt lat="61.093371" lon="-149.678466"><ele>794.462</ele><time>2026-08-07T20:43:04Z</time></trkpt><trkpt lat="61.093382" lon="-149.678473"><ele>794.217</ele><time>2026-08-07T20:43:05Z</time></trkpt><trkpt lat="61.093452" lon="-149.678481"><ele>793.287</ele><time>2026-08-07T20:43:11Z</time></trkpt><trkpt lat="61.093465" lon="-149.678486"><ele>793.015</ele><time>2026-08-07T20:43:12Z</time></trkpt><trkpt lat="61.093544" lon="-149.678558"><ele>792.609</ele><time>2026-08-07T20:43:19Z</time></trkpt><trkpt lat="61.093596" lon="-149.678547"><ele>792.243</ele><time>2026-08-07T20:43:25Z</time></trkpt><trkpt lat="61.093645" lon="-149.678513"><ele>793.068</ele><time>2026-08-07T20:43:33Z</time></trkpt><trkpt lat="61.093672" lon="-149.678476"><ele>794.289</ele><time>2026-08-07T20:43:40Z</time></trkpt><trkpt lat="61.093699" lon="-149.678473"><ele>794.624</ele><time>2026-08-07T20:43:43Z</time></trkpt><trkpt lat="61.093743" lon="-149.678431"><ele>795.219</ele><time>2026-08-07T20:43:49Z</time></trkpt><trkpt lat="61.093746" lon="-149.678422"><ele>795.224</ele><time>2026-08-07T20:43:50Z</time></trkpt><trkpt lat="61.093777" lon="-149.678386"><ele>796.065</ele><time>2026-08-07T20:43:56Z</time></trkpt><trkpt lat="61.093789" lon="-149.678375"><ele>796.241</ele><time>2026-08-07T20:43:58Z</time></trkpt><trkpt lat="61.093794" lon="-149.678363"><ele>796.426</ele><time>2026-08-07T20:43:59Z</time></trkpt><trkpt lat="61.093838" lon="-149.678331"><ele>796.695</ele><time>2026-08-07T20:44:03Z</time></trkpt><trkpt lat="61.093855" lon="-149.678324"><ele>796.649</ele><time>2026-08-07T20:44:05Z</time></trkpt><trkpt lat="61.093916" lon="-149.678303"><ele>796.823</ele><time>2026-08-07T20:44:12Z</time></trkpt><trkpt lat="61.093972" lon="-149.678314"><ele>796.409</ele><time>2026-08-07T20:44:18Z</time></trkpt><trkpt lat="61.094051" lon="-149.678274"><ele>796.081</ele><time>2026-08-07T20:44:25Z</time></trkpt><trkpt lat="61.09411" lon="-149.678241"><ele>795.226</ele><time>2026-08-07T20:44:31Z</time></trkpt><trkpt lat="61.09412" lon="-149.678238"><ele>795.067</ele><time>2026-08-07T20:44:32Z</time></trkpt><trkpt lat="61.094155" lon="-149.678248"><ele>794.082</ele><time>2026-08-07T20:44:37Z</time></trkpt><trkpt lat="61.094171" lon="-149.67825"><ele>793.897</ele><time>2026-08-07T20:44:39Z</time></trkpt><trkpt lat="61.094207" lon="-149.678262"><ele>793.462</ele><time>2026-08-07T20:44:45Z</time></trkpt><trkpt lat="61.094248" lon="-149.678249"><ele>793.883</ele><time>2026-08-07T20:44:50Z</time></trkpt><trkpt lat="61.094275" lon="-149.678251"><ele>793.839</ele><time>2026-08-07T20:44:52Z</time></trkpt><trkpt lat="61.09435" lon="-149.678232"><ele>794.094</ele><time>2026-08-07T20:44:59Z</time></trkpt><trkpt lat="61.09446" lon="-149.678173"><ele>793.259</ele><time>2026-08-07T20:45:09Z</time></trkpt><trkpt lat="61.094487" lon="-149.678176"><ele>793.003</ele><time>2026-08-07T20:45:12Z</time></trkpt><trkpt lat="61.094524" lon="-149.678182"><ele>792.823</ele><time>2026-08-07T20:45:16Z</time></trkpt><trkpt lat="61.094622" lon="-149.678206"><ele>792.409</ele><time>2026-08-07T20:45:24Z</time></trkpt><trkpt lat="61.094672" lon="-149.678193"><ele>792.037</ele><time>2026-08-07T20:45:28Z</time></trkpt><trkpt lat="61.094709" lon="-149.678172"><ele>791.662</ele><time>2026-08-07T20:45:31Z</time></trkpt><trkpt lat="61.094786" lon="-149.678101"><ele>791.223</ele><time>2026-08-07T20:45:39Z</time></trkpt><trkpt lat="61.094858" lon="-149.678084"><ele>790.838</ele><time>2026-08-07T20:45:45Z</time></trkpt><trkpt lat="61.09494" lon="-149.678023"><ele>790.223</ele><time>2026-08-07T20:45:53Z</time></trkpt><trkpt lat="61.094965" lon="-149.677986"><ele>790.438</ele><time>2026-08-07T20:45:56Z</time></trkpt><trkpt lat="61.094989" lon="-149.677934"><ele>790.429</ele><time>2026-08-07T20:45:59Z</time></trkpt><trkpt lat="61.094994" lon="-149.677924"><ele>790.465</ele><time>2026-08-07T20:46:00Z</time></trkpt><trkpt lat="61.09501" lon="-149.677904"><ele>790.440</ele><time>2026-08-07T20:46:02Z</time></trkpt><trkpt lat="61.095088" lon="-149.677848"><ele>789.826</ele><time>2026-08-07T20:46:09Z</time></trkpt><trkpt lat="61.095119" lon="-149.677835"><ele>789.447</ele><time>2026-08-07T20:46:11Z</time></trkpt><trkpt lat="61.095149" lon="-149.677794"><ele>788.611</ele><time>2026-08-07T20:46:16Z</time></trkpt><trkpt lat="61.095163" lon="-149.677794"><ele>788.009</ele><time>2026-08-07T20:46:18Z</time></trkpt><trkpt lat="61.09519" lon="-149.677777"><ele>787.634</ele><time>2026-08-07T20:46:21Z</time></trkpt><trkpt lat="61.095235" lon="-149.677732"><ele>786.649</ele><time>2026-08-07T20:46:26Z</time></trkpt><trkpt lat="61.095246" lon="-149.677719"><ele>786.440</ele><time>2026-08-07T20:46:27Z</time></trkpt><trkpt lat="61.095296" lon="-149.677689"><ele>785.675</ele><time>2026-08-07T20:46:32Z</time></trkpt><trkpt lat="61.095307" lon="-149.677676"><ele>785.410</ele><time>2026-08-07T20:46:33Z</time></trkpt><trkpt lat="61.095362" lon="-149.677589"><ele>784.475</ele><time>2026-08-07T20:46:39Z</time></trkpt><trkpt lat="61.09537" lon="-149.677576"><ele>784.466</ele><time>2026-08-07T20:46:40Z</time></trkpt><trkpt lat="61.09542" lon="-149.677487"><ele>783.252</ele><time>2026-08-07T20:46:47Z</time></trkpt><trkpt lat="61.095425" lon="-149.677479"><ele>783.097</ele><time>2026-08-07T20:46:48Z</time></trkpt><trkpt lat="61.095464" lon="-149.677438"><ele>782.279</ele><time>2026-08-07T20:46:52Z</time></trkpt><trkpt lat="61.095498" lon="-149.677446"><ele>781.005</ele><time>2026-08-07T20:46:56Z</time></trkpt><trkpt lat="61.095538" lon="-149.677463"><ele>780.025</ele><time>2026-08-07T20:47:00Z</time></trkpt><trkpt lat="61.095582" lon="-149.67746"><ele>779.009</ele><time>2026-08-07T20:47:04Z</time></trkpt><trkpt lat="61.095594" lon="-149.67745"><ele>778.889</ele><time>2026-08-07T20:47:05Z</time></trkpt><trkpt lat="61.095652" lon="-149.67733"><ele>778.224</ele><time>2026-08-07T20:47:12Z</time></trkpt><trkpt lat="61.095707" lon="-149.677227"><ele>778.475</ele><time>2026-08-07T20:47:19Z</time></trkpt><trkpt lat="61.095757" lon="-149.677062"><ele>778.090</ele><time>2026-08-07T20:47:27Z</time></trkpt><trkpt lat="61.095758" lon="-149.67704"><ele>777.895</ele><time>2026-08-07T20:47:28Z</time></trkpt><trkpt lat="61.095775" lon="-149.676892"><ele>777.450</ele><time>2026-08-07T20:47:36Z</time></trkpt><trkpt lat="61.095798" lon="-149.676845"><ele>776.831</ele><time>2026-08-07T20:47:39Z</time></trkpt><trkpt lat="61.095838" lon="-149.676781"><ele>775.687</ele><time>2026-08-07T20:47:43Z</time></trkpt><trkpt lat="61.09585" lon="-149.67677"><ele>775.272</ele><time>2026-08-07T20:47:44Z</time></trkpt><trkpt lat="61.095906" lon="-149.676715"><ele>774.491</ele><time>2026-08-07T20:47:50Z</time></trkpt><trkpt lat="61.095969" lon="-149.676605"><ele>774.481</ele><time>2026-08-07T20:47:56Z</time></trkpt><trkpt lat="61.095988" lon="-149.676511"><ele>774.619</ele><time>2026-08-07T20:48:01Z</time></trkpt><trkpt lat="61.095984" lon="-149.676357"><ele>774.409</ele><time>2026-08-07T20:48:07Z</time></trkpt><trkpt lat="61.095976" lon="-149.676149"><ele>774.281</ele><time>2026-08-07T20:48:16Z</time></trkpt><trkpt lat="61.095986" lon="-149.675952"><ele>774.026</ele><time>2026-08-07T20:48:24Z</time></trkpt><trkpt lat="61.095988" lon="-149.675786"><ele>773.817</ele><time>2026-08-07T20:48:31Z</time></trkpt><trkpt lat="61.095995" lon="-149.675616"><ele>773.852</ele><time>2026-08-07T20:48:38Z</time></trkpt><trkpt lat="61.095992" lon="-149.67549"><ele>773.467</ele><time>2026-08-07T20:48:43Z</time></trkpt><trkpt lat="61.095998" lon="-149.675443"><ele>773.272</ele><time>2026-08-07T20:48:45Z</time></trkpt><trkpt lat="61.095997" lon="-149.675288"><ele>772.453</ele><time>2026-08-07T20:48:51Z</time></trkpt><trkpt lat="61.096" lon="-149.675242"><ele>772.079</ele><time>2026-08-07T20:48:53Z</time></trkpt><trkpt lat="61.096004" lon="-149.675218"><ele>771.874</ele><time>2026-08-07T20:48:54Z</time></trkpt><trkpt lat="61.096008" lon="-149.675145"><ele>771.222</ele><time>2026-08-07T20:48:57Z</time></trkpt><trkpt lat="61.096009" lon="-149.674979"><ele>770.462</ele><time>2026-08-07T20:49:03Z</time></trkpt><trkpt lat="61.096011" lon="-149.674924"><ele>770.208</ele><time>2026-08-07T20:49:05Z</time></trkpt><trkpt lat="61.096028" lon="-149.674771"><ele>769.009</ele><time>2026-08-07T20:49:12Z</time></trkpt><trkpt lat="61.096065" lon="-149.674585"><ele>768.484</ele><time>2026-08-07T20:49:19Z</time></trkpt><trkpt lat="61.096115" lon="-149.674459"><ele>768.469</ele><time>2026-08-07T20:49:25Z</time></trkpt><trkpt lat="61.096156" lon="-149.67432"><ele>768.660</ele><time>2026-08-07T20:49:32Z</time></trkpt><trkpt lat="61.09621" lon="-149.674219"><ele>769.465</ele><time>2026-08-07T20:49:39Z</time></trkpt><trkpt lat="61.096228" lon="-149.67418"><ele>769.630</ele><time>2026-08-07T20:49:41Z</time></trkpt><trkpt lat="61.096262" lon="-149.674111"><ele>770.085</ele><time>2026-08-07T20:49:46Z</time></trkpt><trkpt lat="61.096278" lon="-149.674081"><ele>770.286</ele><time>2026-08-07T20:49:48Z</time></trkpt><trkpt lat="61.096301" lon="-149.674051"><ele>770.692</ele><time>2026-08-07T20:49:51Z</time></trkpt><trkpt lat="61.096321" lon="-149.674027"><ele>771.257</ele><time>2026-08-07T20:49:54Z</time></trkpt><trkpt lat="61.096339" lon="-149.674007"><ele>771.816</ele><time>2026-08-07T20:49:58Z</time></trkpt><trkpt lat="61.096356" lon="-149.67399"><ele>772.276</ele><time>2026-08-07T20:50:01Z</time></trkpt><trkpt lat="61.096364" lon="-149.673984"><ele>772.413</ele><time>2026-08-07T20:50:02Z</time></trkpt><trkpt lat="61.096406" lon="-149.673936"><ele>773.009</ele><time>2026-08-07T20:50:07Z</time></trkpt><trkpt lat="61.096424" lon="-149.673922"><ele>773.043</ele><time>2026-08-07T20:50:09Z</time></trkpt><trkpt lat="61.096459" lon="-149.673925"><ele>772.898</ele><time>2026-08-07T20:50:12Z</time></trkpt><trkpt lat="61.096493" lon="-149.67393"><ele>773.019</ele><time>2026-08-07T20:50:15Z</time></trkpt><trkpt lat="61.096563" lon="-149.674026"><ele>772.674</ele><time>2026-08-07T20:50:23Z</time></trkpt><trkpt lat="61.096623" lon="-149.674118"><ele>772.479</ele><time>2026-08-07T20:50:31Z</time></trkpt><trkpt lat="61.096685" lon="-149.674241"><ele>771.864</ele><time>2026-08-07T20:50:38Z</time></trkpt><trkpt lat="61.096752" lon="-149.674407"><ele>772.065</ele><time>2026-08-07T20:50:47Z</time></trkpt><trkpt lat="61.096778" lon="-149.67451"><ele>772.081</ele><time>2026-08-07T20:50:53Z</time></trkpt><trkpt lat="61.09679" lon="-149.674534"><ele>772.456</ele><time>2026-08-07T20:50:55Z</time></trkpt><trkpt lat="61.09686" lon="-149.674721"><ele>772.219</ele><time>2026-08-07T20:51:06Z</time></trkpt><trkpt lat="61.096937" lon="-149.674862"><ele>772.809</ele><time>2026-08-07T20:51:15Z</time></trkpt><trkpt lat="61.097002" lon="-149.674959"><ele>772.819</ele><time>2026-08-07T20:51:22Z</time></trkpt><trkpt lat="61.09707" lon="-149.675055"><ele>772.809</ele><time>2026-08-07T20:51:30Z</time></trkpt><trkpt lat="61.097121" lon="-149.675108"><ele>772.663</ele><time>2026-08-07T20:51:35Z</time></trkpt><trkpt lat="61.097131" lon="-149.675121"><ele>772.648</ele><time>2026-08-07T20:51:36Z</time></trkpt><trkpt lat="61.097187" lon="-149.675207"><ele>772.489</ele><time>2026-08-07T20:51:42Z</time></trkpt><trkpt lat="61.097261" lon="-149.675298"><ele>771.464</ele><time>2026-08-07T20:51:50Z</time></trkpt><trkpt lat="61.097288" lon="-149.675343"><ele>771.219</ele><time>2026-08-07T20:51:53Z</time></trkpt><trkpt lat="61.097339" lon="-149.675444"><ele>770.494</ele><time>2026-08-07T20:51:59Z</time></trkpt><trkpt lat="61.097386" lon="-149.675532"><ele>770.065</ele><time>2026-08-07T20:52:06Z</time></trkpt><trkpt lat="61.097416" lon="-149.67558"><ele>769.631</ele><time>2026-08-07T20:52:09Z</time></trkpt><trkpt lat="61.09748" lon="-149.675713"><ele>769.226</ele><time>2026-08-07T20:52:17Z</time></trkpt><trkpt lat="61.097485" lon="-149.675724"><ele>769.057</ele><time>2026-08-07T20:52:18Z</time></trkpt><trkpt lat="61.09753" lon="-149.675806"><ele>768.600</ele><time>2026-08-07T20:52:23Z</time></trkpt><trkpt lat="61.097593" lon="-149.675921"><ele>768.420</ele><time>2026-08-07T20:52:30Z</time></trkpt><trkpt lat="61.097631" lon="-149.676018"><ele>768.609</ele><time>2026-08-07T20:52:36Z</time></trkpt><trkpt lat="61.097687" lon="-149.67615"><ele>768.697</ele><time>2026-08-07T20:52:44Z</time></trkpt><trkpt lat="61.097755" lon="-149.676244"><ele>768.262</ele><time>2026-08-07T20:52:51Z</time></trkpt><trkpt lat="61.097787" lon="-149.6763"><ele>768.073</ele><time>2026-08-07T20:52:55Z</time></trkpt><trkpt lat="61.097822" lon="-149.676353"><ele>767.878</ele><time>2026-08-07T20:52:59Z</time></trkpt><trkpt lat="61.097877" lon="-149.676427"><ele>767.043</ele><time>2026-08-07T20:53:06Z</time></trkpt><trkpt lat="61.097887" lon="-149.67644"><ele>767.088</ele><time>2026-08-07T20:53:07Z</time></trkpt><trkpt lat="61.097941" lon="-149.676499"><ele>765.839</ele><time>2026-08-07T20:53:12Z</time></trkpt><trkpt lat="61.097951" lon="-149.676505"><ele>765.655</ele><time>2026-08-07T20:53:13Z</time></trkpt><trkpt lat="61.097981" lon="-149.676526"><ele>764.830</ele><time>2026-08-07T20:53:16Z</time></trkpt><trkpt lat="61.098022" lon="-149.676569"><ele>763.619</ele><time>2026-08-07T20:53:20Z</time></trkpt><trkpt lat="61.098065" lon="-149.676594"><ele>762.609</ele><time>2026-08-07T20:53:24Z</time></trkpt><trkpt lat="61.098123" lon="-149.676665"><ele>761.819</ele><time>2026-08-07T20:53:30Z</time></trkpt><trkpt lat="61.09813" lon="-149.676675"><ele>761.609</ele><time>2026-08-07T20:53:31Z</time></trkpt><trkpt lat="61.09819" lon="-149.676769"><ele>760.633</ele><time>2026-08-07T20:53:37Z</time></trkpt><trkpt lat="61.098214" lon="-149.676798"><ele>760.648</ele><time>2026-08-07T20:53:39Z</time></trkpt><trkpt lat="61.09825" lon="-149.676846"><ele>760.029</ele><time>2026-08-07T20:53:43Z</time></trkpt><trkpt lat="61.098297" lon="-149.676913"><ele>759.484</ele><time>2026-08-07T20:53:49Z</time></trkpt><trkpt lat="61.098325" lon="-149.676949"><ele>758.849</ele><time>2026-08-07T20:53:52Z</time></trkpt><trkpt lat="61.098334" lon="-149.676944"><ele>758.454</ele><time>2026-08-07T20:53:53Z</time></trkpt><trkpt lat="61.098384" lon="-149.676959"><ele>757.225</ele><time>2026-08-07T20:53:57Z</time></trkpt><trkpt lat="61.098395" lon="-149.676961"><ele>757.251</ele><time>2026-08-07T20:53:58Z</time></trkpt><trkpt lat="61.098441" lon="-149.677009"><ele>755.846</ele><time>2026-08-07T20:54:04Z</time></trkpt><trkpt lat="61.098454" lon="-149.677014"><ele>755.659</ele><time>2026-08-07T20:54:05Z</time></trkpt><trkpt lat="61.098502" lon="-149.677066"><ele>754.803</ele><time>2026-08-07T20:54:09Z</time></trkpt><trkpt lat="61.098526" lon="-149.677109"><ele>754.623</ele><time>2026-08-07T20:54:12Z</time></trkpt><trkpt lat="61.098604" lon="-149.677176"><ele>753.609</ele><time>2026-08-07T20:54:20Z</time></trkpt><trkpt lat="61.09866" lon="-149.677192"><ele>752.447</ele><time>2026-08-07T20:54:26Z</time></trkpt><trkpt lat="61.098694" lon="-149.677225"><ele>752.032</ele><time>2026-08-07T20:54:29Z</time></trkpt><trkpt lat="61.098726" lon="-149.677243"><ele>751.413</ele><time>2026-08-07T20:54:32Z</time></trkpt><trkpt lat="61.098792" lon="-149.677281"><ele>750.888</ele><time>2026-08-07T20:54:37Z</time></trkpt><trkpt lat="61.098848" lon="-149.677337"><ele>750.213</ele><time>2026-08-07T20:54:42Z</time></trkpt><trkpt lat="61.098883" lon="-149.677389"><ele>750.098</ele><time>2026-08-07T20:54:46Z</time></trkpt><trkpt lat="61.098959" lon="-149.67742"><ele>749.269</ele><time>2026-08-07T20:54:52Z</time></trkpt><trkpt lat="61.099027" lon="-149.677512"><ele>749.215</ele><time>2026-08-07T20:54:59Z</time></trkpt><trkpt lat="61.099099" lon="-149.67756"><ele>748.080</ele><time>2026-08-07T20:55:06Z</time></trkpt><trkpt lat="61.09911" lon="-149.677563"><ele>748.088</ele><time>2026-08-07T20:55:07Z</time></trkpt><trkpt lat="61.099181" lon="-149.677603"><ele>747.424</ele><time>2026-08-07T20:55:13Z</time></trkpt><trkpt lat="61.099201" lon="-149.677616"><ele>747.026</ele><time>2026-08-07T20:55:15Z</time></trkpt><trkpt lat="61.099275" lon="-149.677677"><ele>746.209</ele><time>2026-08-07T20:55:22Z</time></trkpt><trkpt lat="61.099303" lon="-149.677701"><ele>746.080</ele><time>2026-08-07T20:55:25Z</time></trkpt><trkpt lat="61.099369" lon="-149.677807"><ele>745.465</ele><time>2026-08-07T20:55:33Z</time></trkpt><trkpt lat="61.099446" lon="-149.677889"><ele>745.286</ele><time>2026-08-07T20:55:41Z</time></trkpt><trkpt lat="61.099464" lon="-149.677917"><ele>744.811</ele><time>2026-08-07T20:55:43Z</time></trkpt><trkpt lat="61.099522" lon="-149.677978"><ele>743.826</ele><time>2026-08-07T20:55:49Z</time></trkpt><trkpt lat="61.099538" lon="-149.678003"><ele>743.631</ele><time>2026-08-07T20:55:51Z</time></trkpt><trkpt lat="61.099573" lon="-149.678029"><ele>743.022</ele><time>2026-08-07T20:55:57Z</time></trkpt><trkpt lat="61.099576" lon="-149.678013"><ele>743.098</ele><time>2026-08-07T20:56:01Z</time></trkpt><trkpt lat="61.09957" lon="-149.678021"><ele>743.023</ele><time>2026-08-07T20:56:05Z</time></trkpt><trkpt lat="61.099565" lon="-149.678024"><ele>742.647</ele><time>2026-08-07T20:56:18Z</time></trkpt><trkpt lat="61.099565" lon="-149.678024"><ele>742.629</ele><time>2026-08-07T20:56:21Z</time></trkpt><trkpt lat="61.099614" lon="-149.678094"><ele>742.621</ele><time>2026-08-07T20:56:27Z</time></trkpt><trkpt lat="61.099621" lon="-149.678115"><ele>742.609</ele><time>2026-08-07T20:56:28Z</time></trkpt><trkpt lat="61.099652" lon="-149.678171"><ele>741.616</ele><time>2026-08-07T20:56:35Z</time></trkpt><trkpt lat="61.099657" lon="-149.678181"><ele>741.691</ele><time>2026-08-07T20:56:41Z</time></trkpt><trkpt lat="61.099658" lon="-149.678179"><ele>741.612</ele><time>2026-08-07T20:56:42Z</time></trkpt><trkpt lat="61.099648" lon="-149.678189"><ele>741.627</ele><time>2026-08-07T20:56:50Z</time></trkpt><trkpt lat="61.099645" lon="-149.678177"><ele>741.642</ele><time>2026-08-07T20:56:52Z</time></trkpt><trkpt lat="61.099607" lon="-149.678092"><ele>741.847</ele><time>2026-08-07T20:56:57Z</time></trkpt><trkpt lat="61.09957" lon="-149.67803"><ele>742.468</ele><time>2026-08-07T20:57:02Z</time></trkpt><trkpt lat="61.099562" lon="-149.678006"><ele>742.644</ele><time>2026-08-07T20:57:04Z</time></trkpt><trkpt lat="61.099558" lon="-149.677998"><ele>742.619</ele><time>2026-08-07T20:57:06Z</time></trkpt><trkpt lat="61.099561" lon="-149.678014"><ele>742.864</ele><time>2026-08-07T20:57:10Z</time></trkpt><trkpt lat="61.099565" lon="-149.678024"><ele>742.806</ele><time>2026-08-07T20:57:15Z</time></trkpt><trkpt lat="61.099565" lon="-149.678024"><ele>743.016</ele><time>2026-08-07T20:57:16Z</time></trkpt><trkpt lat="61.099573" lon="-149.678026"><ele>742.809</ele><time>2026-08-07T20:57:17Z</time></trkpt><trkpt lat="61.099563" lon="-149.678038"><ele>742.628</ele><time>2026-08-07T20:57:24Z</time></trkpt><trkpt lat="61.099569" lon="-149.678029"><ele>742.813</ele><time>2026-08-07T20:57:31Z</time></trkpt><trkpt lat="61.099573" lon="-149.678031"><ele>742.644</ele><time>2026-08-07T20:57:32Z</time></trkpt><trkpt lat="61.099574" lon="-149.67803"><ele>742.699</ele><time>2026-08-07T20:57:33Z</time></trkpt><trkpt lat="61.099577" lon="-149.678018"><ele>742.424</ele><time>2026-08-07T20:57:40Z</time></trkpt><trkpt lat="61.099541" lon="-149.677976"><ele>742.619</ele><time>2026-08-07T20:57:46Z</time></trkpt><trkpt lat="61.099532" lon="-149.677957"><ele>743.030</ele><time>2026-08-07T20:57:51Z</time></trkpt><trkpt lat="61.099545" lon="-149.67797"><ele>743.026</ele><time>2026-08-07T20:57:52Z</time></trkpt><trkpt lat="61.099565" lon="-149.678016"><ele>742.411</ele><time>2026-08-07T20:57:58Z</time></trkpt><trkpt lat="61.099575" lon="-149.67803"><ele>742.694</ele><time>2026-08-07T20:58:06Z</time></trkpt><trkpt lat="61.099565" lon="-149.678024"><ele>742.457</ele><time>2026-08-07T20:58:13Z</time></trkpt><trkpt lat="61.099564" lon="-149.678026"><ele>742.622</ele><time>2026-08-07T20:58:23Z</time></trkpt><trkpt lat="61.099564" lon="-149.678024"><ele>742.409</ele><time>2026-08-07T20:58:27Z</time></trkpt><trkpt lat="61.09954" lon="-149.677979"><ele>742.441</ele><time>2026-08-07T20:58:31Z</time></trkpt><trkpt lat="61.099482" lon="-149.677906"><ele>743.036</ele><time>2026-08-07T20:58:39Z</time></trkpt><trkpt lat="61.099431" lon="-149.677834"><ele>743.647</ele><time>2026-08-07T20:58:47Z</time></trkpt><trkpt lat="61.099425" lon="-149.677846"><ele>743.822</ele><time>2026-08-07T20:58:49Z</time></trkpt><trkpt lat="61.099434" lon="-149.677848"><ele>743.887</ele><time>2026-08-07T20:58:52Z</time></trkpt><trkpt lat="61.099453" lon="-149.677857"><ele>743.832</ele><time>2026-08-07T20:58:55Z</time></trkpt><trkpt lat="61.099476" lon="-149.677883"><ele>743.433</ele><time>2026-08-07T20:58:59Z</time></trkpt><trkpt lat="61.099488" lon="-149.677893"><ele>743.489</ele><time>2026-08-07T20:59:01Z</time></trkpt><trkpt lat="61.099511" lon="-149.677921"><ele>743.094</ele><time>2026-08-07T20:59:06Z</time></trkpt><trkpt lat="61.099532" lon="-149.677947"><ele>742.832</ele><time>2026-08-07T20:59:09Z</time></trkpt><trkpt lat="61.099548" lon="-149.677961"><ele>742.892</ele><time>2026-08-07T20:59:11Z</time></trkpt><trkpt lat="61.099571" lon="-149.678002"><ele>742.211</ele><time>2026-08-07T20:59:17Z</time></trkpt><trkpt lat="61.09957" lon="-149.678012"><ele>742.609</ele><time>2026-08-07T20:59:24Z</time></trkpt><trkpt lat="61.099572" lon="-149.678016"><ele>742.485</ele><time>2026-08-07T20:59:25Z</time></trkpt><trkpt lat="61.099565" lon="-149.678023"><ele>742.010</ele><time>2026-08-07T20:59:34Z</time></trkpt><trkpt lat="61.099582" lon="-149.678025"><ele>741.841</ele><time>2026-08-07T20:59:41Z</time></trkpt><trkpt lat="61.099577" lon="-149.678016"><ele>741.836</ele><time>2026-08-07T20:59:46Z</time></trkpt><trkpt lat="61.099576" lon="-149.678022"><ele>742.071</ele><time>2026-08-07T20:59:49Z</time></trkpt><trkpt lat="61.099583" lon="-149.678026"><ele>742.216</ele><time>2026-08-07T20:59:56Z</time></trkpt><trkpt lat="61.099583" lon="-149.678026"><ele>741.847</ele><time>2026-08-07T21:00:05Z</time></trkpt><trkpt lat="61.099582" lon="-149.678032"><ele>742.063</ele><time>2026-08-07T21:00:08Z</time></trkpt><trkpt lat="61.09958" lon="-149.678038"><ele>742.068</ele><time>2026-08-07T21:00:09Z</time></trkpt><trkpt lat="61.09958" lon="-149.678045"><ele>742.082</ele><time>2026-08-07T21:00:10Z</time></trkpt><trkpt lat="61.09958" lon="-149.678044"><ele>741.843</ele><time>2026-08-07T21:00:11Z</time></trkpt><trkpt lat="61.099578" lon="-149.678047"><ele>741.817</ele><time>2026-08-07T21:00:12Z</time></trkpt><trkpt lat="61.09958" lon="-149.678044"><ele>741.609</ele><time>2026-08-07T21:00:13Z</time></trkpt><trkpt lat="61.099583" lon="-149.678026"><ele>741.680</ele><time>2026-08-07T21:00:17Z</time></trkpt><trkpt lat="61.099583" lon="-149.678026"><ele>741.835</ele><time>2026-08-07T21:00:28Z</time></trkpt><trkpt lat="61.099588" lon="-149.678064"><ele>741.646</ele><time>2026-08-07T21:00:36Z</time></trkpt><trkpt lat="61.099617" lon="-149.67809"><ele>741.431</ele><time>2026-08-07T21:00:41Z</time></trkpt><trkpt lat="61.099612" lon="-149.678102"><ele>741.456</ele><time>2026-08-07T21:00:49Z</time></trkpt><trkpt lat="61.099647" lon="-149.678184"><ele>741.251</ele><time>2026-08-07T21:00:55Z</time></trkpt><trkpt lat="61.099709" lon="-149.678286"><ele>740.682</ele><time>2026-08-07T21:01:02Z</time></trkpt><trkpt lat="61.099729" lon="-149.678317"><ele>740.448</ele><time>2026-08-07T21:01:04Z</time></trkpt><trkpt lat="61.099784" lon="-149.678412"><ele>740.053</ele><time>2026-08-07T21:01:10Z</time></trkpt><trkpt lat="61.099807" lon="-149.678441"><ele>739.632</ele><time>2026-08-07T21:01:12Z</time></trkpt><trkpt lat="61.09984" lon="-149.67851"><ele>738.892</ele><time>2026-08-07T21:01:16Z</time></trkpt><trkpt lat="61.09987" lon="-149.678578"><ele>738.611</ele><time>2026-08-07T21:01:20Z</time></trkpt><trkpt lat="61.099903" lon="-149.67865"><ele>738.009</ele><time>2026-08-07T21:01:24Z</time></trkpt><trkpt lat="61.099946" lon="-149.678757"><ele>737.415</ele><time>2026-08-07T21:01:29Z</time></trkpt><trkpt lat="61.099968" lon="-149.678827"><ele>736.840</ele><time>2026-08-07T21:01:33Z</time></trkpt><trkpt lat="61.100001" lon="-149.678953"><ele>736.431</ele><time>2026-08-07T21:01:39Z</time></trkpt><trkpt lat="61.100014" lon="-149.679009"><ele>736.066</ele><time>2026-08-07T21:01:42Z</time></trkpt><trkpt lat="61.100048" lon="-149.679131"><ele>735.261</ele><time>2026-08-07T21:01:48Z</time></trkpt><trkpt lat="61.10006" lon="-149.679169"><ele>734.856</ele><time>2026-08-07T21:01:50Z</time></trkpt><trkpt lat="61.100092" lon="-149.679189"><ele>734.297</ele><time>2026-08-07T21:01:54Z</time></trkpt><trkpt lat="61.100124" lon="-149.679213"><ele>733.223</ele><time>2026-08-07T21:01:57Z</time></trkpt><trkpt lat="61.100133" lon="-149.679215"><ele>732.888</ele><time>2026-08-07T21:01:58Z</time></trkpt><trkpt lat="61.100143" lon="-149.679221"><ele>732.489</ele><time>2026-08-07T21:02:00Z</time></trkpt><trkpt lat="61.100163" lon="-149.679234"><ele>732.006</ele><time>2026-08-07T21:02:02Z</time></trkpt><trkpt lat="61.100173" lon="-149.679239"><ele>731.826</ele><time>2026-08-07T21:02:03Z</time></trkpt><trkpt lat="61.100212" lon="-149.679269"><ele>730.409</ele><time>2026-08-07T21:02:07Z</time></trkpt><trkpt lat="61.100246" lon="-149.679299"><ele>729.810</ele><time>2026-08-07T21:02:10Z</time></trkpt><trkpt lat="61.100281" lon="-149.679355"><ele>729.235</ele><time>2026-08-07T21:02:13Z</time></trkpt><trkpt lat="61.100315" lon="-149.679421"><ele>728.696</ele><time>2026-08-07T21:02:17Z</time></trkpt><trkpt lat="61.100343" lon="-149.679432"><ele>728.691</ele><time>2026-08-07T21:02:20Z</time></trkpt><trkpt lat="61.100374" lon="-149.679394"><ele>728.656</ele><time>2026-08-07T21:02:23Z</time></trkpt><trkpt lat="61.100411" lon="-149.679357"><ele>728.271</ele><time>2026-08-07T21:02:26Z</time></trkpt><trkpt lat="61.100435" lon="-149.679338"><ele>728.052</ele><time>2026-08-07T21:02:28Z</time></trkpt><trkpt lat="61.100456" lon="-149.679333"><ele>727.678</ele><time>2026-08-07T21:02:30Z</time></trkpt><trkpt lat="61.100463" lon="-149.679326"><ele>727.433</ele><time>2026-08-07T21:02:31Z</time></trkpt><trkpt lat="61.100472" lon="-149.679335"><ele>727.284</ele><time>2026-08-07T21:02:33Z</time></trkpt><trkpt lat="61.10049" lon="-149.67933"><ele>726.807</ele><time>2026-08-07T21:02:36Z</time></trkpt><trkpt lat="61.100494" lon="-149.679334"><ele>726.217</ele><time>2026-08-07T21:02:41Z</time></trkpt><trkpt lat="61.1005" lon="-149.679341"><ele>726.209</ele><time>2026-08-07T21:02:42Z</time></trkpt><trkpt lat="61.100527" lon="-149.679371"><ele>726.260</ele><time>2026-08-07T21:02:45Z</time></trkpt><trkpt lat="61.100566" lon="-149.679428"><ele>725.015</ele><time>2026-08-07T21:02:50Z</time></trkpt><trkpt lat="61.100577" lon="-149.67945"><ele>724.856</ele><time>2026-08-07T21:02:51Z</time></trkpt><trkpt lat="61.100613" lon="-149.679505"><ele>723.841</ele><time>2026-08-07T21:02:54Z</time></trkpt><trkpt lat="61.100655" lon="-149.679542"><ele>722.676</ele><time>2026-08-07T21:02:57Z</time></trkpt><trkpt lat="61.100682" lon="-149.679551"><ele>721.451</ele><time>2026-08-07T21:03:00Z</time></trkpt><trkpt lat="61.100677" lon="-149.679541"><ele>720.852</ele><time>2026-08-07T21:03:03Z</time></trkpt><trkpt lat="61.100672" lon="-149.679548"><ele>720.848</ele><time>2026-08-07T21:03:12Z</time></trkpt><trkpt lat="61.100717" lon="-149.679571"><ele>720.433</ele><time>2026-08-07T21:03:19Z</time></trkpt><trkpt lat="61.100797" lon="-149.679619"><ele>718.878</ele><time>2026-08-07T21:03:23Z</time></trkpt><trkpt lat="61.10081" lon="-149.679635"><ele>718.433</ele><time>2026-08-07T21:03:24Z</time></trkpt><trkpt lat="61.100828" lon="-149.679648"><ele>717.826</ele><time>2026-08-07T21:03:26Z</time></trkpt><trkpt lat="61.10084" lon="-149.679653"><ele>717.209</ele><time>2026-08-07T21:03:30Z</time></trkpt><trkpt lat="61.100895" lon="-149.679705"><ele>716.849</ele><time>2026-08-07T21:03:36Z</time></trkpt><trkpt lat="61.10091" lon="-149.679721"><ele>716.634</ele><time>2026-08-07T21:03:37Z</time></trkpt><trkpt lat="61.100975" lon="-149.679791"><ele>715.625</ele><time>2026-08-07T21:03:42Z</time></trkpt><trkpt lat="61.100986" lon="-149.679797"><ele>715.450</ele><time>2026-08-07T21:03:43Z</time></trkpt><trkpt lat="61.10106" lon="-149.679831"><ele>714.425</ele><time>2026-08-07T21:03:49Z</time></trkpt><trkpt lat="61.101071" lon="-149.679832"><ele>714.210</ele><time>2026-08-07T21:03:50Z</time></trkpt><trkpt lat="61.101131" lon="-149.679831"><ele>713.221</ele><time>2026-08-07T21:03:55Z</time></trkpt><trkpt lat="61.101157" lon="-149.679855"><ele>712.497</ele><time>2026-08-07T21:03:57Z</time></trkpt><trkpt lat="61.101166" lon="-149.679871"><ele>712.092</ele><time>2026-08-07T21:03:58Z</time></trkpt><trkpt lat="61.101204" lon="-149.679959"><ele>711.465</ele><time>2026-08-07T21:04:02Z</time></trkpt><trkpt lat="61.101223" lon="-149.680024"><ele>711.068</ele><time>2026-08-07T21:04:05Z</time></trkpt><trkpt lat="61.101265" lon="-149.680179"><ele>710.014</ele><time>2026-08-07T21:04:11Z</time></trkpt><trkpt lat="61.101272" lon="-149.680199"><ele>710.009</ele><time>2026-08-07T21:04:12Z</time></trkpt><trkpt lat="61.101312" lon="-149.680278"><ele>709.478</ele><time>2026-08-07T21:04:17Z</time></trkpt><trkpt lat="61.101335" lon="-149.680318"><ele>708.843</ele><time>2026-08-07T21:04:20Z</time></trkpt><trkpt lat="61.101349" lon="-149.68035"><ele>708.234</ele><time>2026-08-07T21:04:22Z</time></trkpt><trkpt lat="61.101365" lon="-149.680381"><ele>707.829</ele><time>2026-08-07T21:04:24Z</time></trkpt><trkpt lat="61.101374" lon="-149.680407"><ele>707.474</ele><time>2026-08-07T21:04:26Z</time></trkpt><trkpt lat="61.101412" lon="-149.68048"><ele>706.659</ele><time>2026-08-07T21:04:30Z</time></trkpt><trkpt lat="61.101457" lon="-149.680538"><ele>705.850</ele><time>2026-08-07T21:04:34Z</time></trkpt><trkpt lat="61.101468" lon="-149.680549"><ele>705.656</ele><time>2026-08-07T21:04:35Z</time></trkpt><trkpt lat="61.101542" lon="-149.68058"><ele>704.421</ele><time>2026-08-07T21:04:41Z</time></trkpt><trkpt lat="61.101552" lon="-149.680592"><ele>704.437</ele><time>2026-08-07T21:04:42Z</time></trkpt><trkpt lat="61.101599" lon="-149.680661"><ele>703.449</ele><time>2026-08-07T21:04:48Z</time></trkpt><trkpt lat="61.101606" lon="-149.680675"><ele>703.413</ele><time>2026-08-07T21:04:49Z</time></trkpt><trkpt lat="61.101613" lon="-149.680732"><ele>703.209</ele><time>2026-08-07T21:04:51Z</time></trkpt><trkpt lat="61.101634" lon="-149.680818"><ele>702.855</ele><time>2026-08-07T21:04:55Z</time></trkpt><trkpt lat="61.101736" lon="-149.680894"><ele>702.640</ele><time>2026-08-07T21:05:03Z</time></trkpt><trkpt lat="61.101833" lon="-149.681021"><ele>703.431</ele><time>2026-08-07T21:05:12Z</time></trkpt><trkpt lat="61.101874" lon="-149.681069"><ele>703.646</ele><time>2026-08-07T21:05:16Z</time></trkpt><trkpt lat="61.101907" lon="-149.681093"><ele>703.471</ele><time>2026-08-07T21:05:19Z</time></trkpt><trkpt lat="61.101976" lon="-149.681178"><ele>703.286</ele><time>2026-08-07T21:05:26Z</time></trkpt><trkpt lat="61.102044" lon="-149.681272"><ele>702.887</ele><time>2026-08-07T21:05:33Z</time></trkpt><trkpt lat="61.102075" lon="-149.681321"><ele>702.443</ele><time>2026-08-07T21:05:36Z</time></trkpt><trkpt lat="61.102113" lon="-149.681362"><ele>701.888</ele><time>2026-08-07T21:05:40Z</time></trkpt><trkpt lat="61.102158" lon="-149.681372"><ele>701.429</ele><time>2026-08-07T21:05:44Z</time></trkpt><trkpt lat="61.102206" lon="-149.681401"><ele>700.400</ele><time>2026-08-07T21:05:48Z</time></trkpt><trkpt lat="61.102219" lon="-149.681406"><ele>700.020</ele><time>2026-08-07T21:05:49Z</time></trkpt><trkpt lat="61.102269" lon="-149.681387"><ele>699.009</ele><time>2026-08-07T21:05:53Z</time></trkpt><trkpt lat="61.102295" lon="-149.681379"><ele>698.454</ele><time>2026-08-07T21:05:55Z</time></trkpt><trkpt lat="61.102318" lon="-149.681372"><ele>697.859</ele><time>2026-08-07T21:05:57Z</time></trkpt><trkpt lat="61.102383" lon="-149.681379"><ele>696.840</ele><time>2026-08-07T21:06:02Z</time></trkpt><trkpt lat="61.102393" lon="-149.681391"><ele>696.685</ele><time>2026-08-07T21:06:03Z</time></trkpt><trkpt lat="61.10242" lon="-149.681443"><ele>695.410</ele><time>2026-08-07T21:06:07Z</time></trkpt><trkpt lat="61.102445" lon="-149.681507"><ele>694.435</ele><time>2026-08-07T21:06:10Z</time></trkpt><trkpt lat="61.102459" lon="-149.68155"><ele>693.216</ele><time>2026-08-07T21:06:13Z</time></trkpt><trkpt lat="61.102461" lon="-149.681588"><ele>692.442</ele><time>2026-08-07T21:06:18Z</time></trkpt><trkpt lat="61.102477" lon="-149.681631"><ele>692.277</ele><time>2026-08-07T21:06:22Z</time></trkpt><trkpt lat="61.102503" lon="-149.681704"><ele>691.268</ele><time>2026-08-07T21:06:26Z</time></trkpt><trkpt lat="61.10251" lon="-149.681724"><ele>690.842</ele><time>2026-08-07T21:06:27Z</time></trkpt><trkpt lat="61.102539" lon="-149.681796"><ele>690.026</ele><time>2026-08-07T21:06:31Z</time></trkpt><trkpt lat="61.102564" lon="-149.681897"><ele>688.809</ele><time>2026-08-07T21:06:36Z</time></trkpt><trkpt lat="61.102567" lon="-149.681911"><ele>688.658</ele><time>2026-08-07T21:06:37Z</time></trkpt><trkpt lat="61.102574" lon="-149.681952"><ele>688.073</ele><time>2026-08-07T21:06:39Z</time></trkpt><trkpt lat="61.102582" lon="-149.681996"><ele>687.634</ele><time>2026-08-07T21:06:41Z</time></trkpt><trkpt lat="61.102601" lon="-149.682127"><ele>686.659</ele><time>2026-08-07T21:06:46Z</time></trkpt><trkpt lat="61.102604" lon="-149.682157"><ele>686.444</ele><time>2026-08-07T21:06:47Z</time></trkpt><trkpt lat="61.102628" lon="-149.68225"><ele>685.489</ele><time>2026-08-07T21:06:51Z</time></trkpt><trkpt lat="61.102651" lon="-149.682273"><ele>684.810</ele><time>2026-08-07T21:06:53Z</time></trkpt><trkpt lat="61.102667" lon="-149.682308"><ele>684.256</ele><time>2026-08-07T21:06:55Z</time></trkpt><trkpt lat="61.102687" lon="-149.682409"><ele>683.051</ele><time>2026-08-07T21:07:00Z</time></trkpt><trkpt lat="61.102701" lon="-149.682493"><ele>681.895</ele><time>2026-08-07T21:07:04Z</time></trkpt><trkpt lat="61.102719" lon="-149.682574"><ele>681.249</ele><time>2026-08-07T21:07:08Z</time></trkpt><trkpt lat="61.102724" lon="-149.682631"><ele>680.823</ele><time>2026-08-07T21:07:10Z</time></trkpt><trkpt lat="61.102736" lon="-149.682725"><ele>679.409</ele><time>2026-08-07T21:07:14Z</time></trkpt><trkpt lat="61.102763" lon="-149.682828"><ele>678.441</ele><time>2026-08-07T21:07:19Z</time></trkpt><trkpt lat="61.102777" lon="-149.682876"><ele>677.896</ele><time>2026-08-07T21:07:22Z</time></trkpt><trkpt lat="61.102824" lon="-149.682922"><ele>677.447</ele><time>2026-08-07T21:07:26Z</time></trkpt><trkpt lat="61.102836" lon="-149.682916"><ele>677.412</ele><time>2026-08-07T21:07:27Z</time></trkpt><trkpt lat="61.102856" lon="-149.682902"><ele>677.097</ele><time>2026-08-07T21:07:29Z</time></trkpt><trkpt lat="61.102915" lon="-149.682804"><ele>676.272</ele><time>2026-08-07T21:07:36Z</time></trkpt><trkpt lat="61.102955" lon="-149.682692"><ele>675.663</ele><time>2026-08-07T21:07:43Z</time></trkpt><trkpt lat="61.102973" lon="-149.682609"><ele>675.229</ele><time>2026-08-07T21:07:47Z</time></trkpt><trkpt lat="61.102999" lon="-149.682507"><ele>674.414</ele><time>2026-08-07T21:07:51Z</time></trkpt><trkpt lat="61.103023" lon="-149.682509"><ele>674.025</ele><time>2026-08-07T21:07:54Z</time></trkpt><trkpt lat="61.103025" lon="-149.682561"><ele>673.826</ele><time>2026-08-07T21:07:56Z</time></trkpt><trkpt lat="61.103022" lon="-149.68272"><ele>673.408</ele><time>2026-08-07T21:08:02Z</time></trkpt><trkpt lat="61.103012" lon="-149.682833"><ele>673.209</ele><time>2026-08-07T21:08:10Z</time></trkpt><trkpt lat="61.10302" lon="-149.682988"><ele>672.844</ele><time>2026-08-07T21:08:17Z</time></trkpt><trkpt lat="61.103026" lon="-149.68303"><ele>672.429</ele><time>2026-08-07T21:08:19Z</time></trkpt><trkpt lat="61.10307" lon="-149.683128"><ele>671.660</ele><time>2026-08-07T21:08:23Z</time></trkpt><trkpt lat="61.1031" lon="-149.683151"><ele>671.695</ele><time>2026-08-07T21:08:25Z</time></trkpt><trkpt lat="61.103243" lon="-149.683237"><ele>671.690</ele><time>2026-08-07T21:08:35Z</time></trkpt><trkpt lat="61.103376" lon="-149.683289"><ele>672.075</ele><time>2026-08-07T21:08:45Z</time></trkpt><trkpt lat="61.103487" lon="-149.683303"><ele>672.866</ele><time>2026-08-07T21:08:53Z</time></trkpt><trkpt lat="61.103509" lon="-149.683283"><ele>672.882</ele><time>2026-08-07T21:08:55Z</time></trkpt><trkpt lat="61.103531" lon="-149.683245"><ele>672.877</ele><time>2026-08-07T21:08:59Z</time></trkpt><trkpt lat="61.103535" lon="-149.683248"><ele>672.869</ele><time>2026-08-07T21:09:01Z</time></trkpt><trkpt lat="61.103532" lon="-149.683317"><ele>672.604</ele><time>2026-08-07T21:09:15Z</time></trkpt><trkpt lat="61.103525" lon="-149.68336"><ele>672.424</ele><time>2026-08-07T21:09:17Z</time></trkpt><trkpt lat="61.103495" lon="-149.683491"><ele>672.609</ele><time>2026-08-07T21:09:25Z</time></trkpt><trkpt lat="61.103497" lon="-149.683506"><ele>672.248</ele><time>2026-08-07T21:09:32Z</time></trkpt><trkpt lat="61.103487" lon="-149.683622"><ele>672.613</ele><time>2026-08-07T21:09:39Z</time></trkpt><trkpt lat="61.10349" lon="-149.683529"><ele>672.624</ele><time>2026-08-07T21:09:45Z</time></trkpt><trkpt lat="61.103487" lon="-149.683479"><ele>672.629</ele><time>2026-08-07T21:09:48Z</time></trkpt><trkpt lat="61.103471" lon="-149.683471"><ele>672.414</ele><time>2026-08-07T21:09:51Z</time></trkpt><trkpt lat="61.103473" lon="-149.68347"><ele>672.279</ele><time>2026-08-07T21:09:59Z</time></trkpt><trkpt lat="61.103488" lon="-149.683469"><ele>672.230</ele><time>2026-08-07T21:10:04Z</time></trkpt><trkpt lat="61.103495" lon="-149.683426"><ele>672.296</ele><time>2026-08-07T21:10:10Z</time></trkpt><trkpt lat="61.103496" lon="-149.683431"><ele>672.231</ele><time>2026-08-07T21:10:19Z</time></trkpt><trkpt lat="61.103511" lon="-149.683432"><ele>672.481</ele><time>2026-08-07T21:10:25Z</time></trkpt><trkpt lat="61.103511" lon="-149.683432"><ele>672.461</ele><time>2026-08-07T21:10:34Z</time></trkpt><trkpt lat="61.103511" lon="-149.683432"><ele>672.217</ele><time>2026-08-07T21:10:53Z</time></trkpt><trkpt lat="61.103511" lon="-149.683432"><ele>672.209</ele><time>2026-08-07T21:11:05Z</time></trkpt><trkpt lat="61.103512" lon="-149.683436"><ele>672.610</ele><time>2026-08-07T21:11:11Z</time></trkpt><trkpt lat="61.103511" lon="-149.683432"><ele>672.665</ele><time>2026-08-07T21:11:25Z</time></trkpt><trkpt lat="61.103511" lon="-149.683432"><ele>672.616</ele><time>2026-08-07T21:11:37Z</time></trkpt><trkpt lat="61.10349" lon="-149.683449"><ele>672.651</ele><time>2026-08-07T21:11:47Z</time></trkpt><trkpt lat="61.103472" lon="-149.683462"><ele>672.456</ele><time>2026-08-07T21:11:54Z</time></trkpt><trkpt lat="61.103457" lon="-149.683442"><ele>672.451</ele><time>2026-08-07T21:12:05Z</time></trkpt><trkpt lat="61.103393" lon="-149.683434"><ele>672.232</ele><time>2026-08-07T21:12:10Z</time></trkpt><trkpt lat="61.103366" lon="-149.683443"><ele>672.228</ele><time>2026-08-07T21:12:12Z</time></trkpt><trkpt lat="61.10329" lon="-149.683458"><ele>671.663</ele><time>2026-08-07T21:12:18Z</time></trkpt><trkpt lat="61.10324" lon="-149.683467"><ele>671.478</ele><time>2026-08-07T21:12:22Z</time></trkpt><trkpt lat="61.103156" lon="-149.683603"><ele>671.233</ele><time>2026-08-07T21:12:31Z</time></trkpt><trkpt lat="61.103076" lon="-149.683779"><ele>671.026</ele><time>2026-08-07T21:12:39Z</time></trkpt><trkpt lat="61.10305" lon="-149.683868"><ele>670.609</ele><time>2026-08-07T21:12:43Z</time></trkpt><trkpt lat="61.103037" lon="-149.683941"><ele>670.499</ele><time>2026-08-07T21:12:46Z</time></trkpt><trkpt lat="61.10298" lon="-149.684114"><ele>670.274</ele><time>2026-08-07T21:12:54Z</time></trkpt><trkpt lat="61.102904" lon="-149.684196"><ele>669.415</ele><time>2026-08-07T21:13:02Z</time></trkpt><trkpt lat="61.102888" lon="-149.684223"><ele>669.210</ele><time>2026-08-07T21:13:08Z</time></trkpt><trkpt lat="61.102885" lon="-149.684195"><ele>669.675</ele><time>2026-08-07T21:13:19Z</time></trkpt><trkpt lat="61.10288" lon="-149.68418"><ele>669.620</ele><time>2026-08-07T21:13:28Z</time></trkpt><trkpt lat="61.102881" lon="-149.684179"><ele>669.691</ele><time>2026-08-07T21:13:29Z</time></trkpt><trkpt lat="61.102882" lon="-149.684175"><ele>670.087</ele><time>2026-08-07T21:13:39Z</time></trkpt><trkpt lat="61.102864" lon="-149.684144"><ele>669.692</ele><time>2026-08-07T21:13:50Z</time></trkpt><trkpt lat="61.102863" lon="-149.684127"><ele>669.673</ele><time>2026-08-07T21:13:53Z</time></trkpt><trkpt lat="61.102853" lon="-149.68411"><ele>669.885</ele><time>2026-08-07T21:13:56Z</time></trkpt><trkpt lat="61.102845" lon="-149.684102"><ele>669.813</ele><time>2026-08-07T21:14:00Z</time></trkpt><trkpt lat="61.102846" lon="-149.684102"><ele>669.809</ele><time>2026-08-07T21:14:01Z</time></trkpt><trkpt lat="61.102854" lon="-149.684105"><ele>669.849</ele><time>2026-08-07T21:14:13Z</time></trkpt><trkpt lat="61.102874" lon="-149.684147"><ele>670.074</ele><time>2026-08-07T21:14:25Z</time></trkpt><trkpt lat="61.102887" lon="-149.684174"><ele>670.695</ele><time>2026-08-07T21:14:31Z</time></trkpt><trkpt lat="61.102903" lon="-149.684207"><ele>670.810</ele><time>2026-08-07T21:14:36Z</time></trkpt><trkpt lat="61.102898" lon="-149.684165"><ele>670.485</ele><time>2026-08-07T21:14:47Z</time></trkpt><trkpt lat="61.102897" lon="-149.684153"><ele>670.230</ele><time>2026-08-07T21:14:58Z</time></trkpt><trkpt lat="61.10289" lon="-149.684141"><ele>670.261</ele><time>2026-08-07T21:15:01Z</time></trkpt><trkpt lat="61.102889" lon="-149.684141"><ele>670.647</ele><time>2026-08-07T21:15:07Z</time></trkpt><trkpt lat="61.102885" lon="-149.68416"><ele>670.612</ele><time>2026-08-07T21:15:12Z</time></trkpt><trkpt lat="61.102881" lon="-149.684162"><ele>670.843</ele><time>2026-08-07T21:15:21Z</time></trkpt><trkpt lat="61.102886" lon="-149.684193"><ele>670.464</ele><time>2026-08-07T21:15:33Z</time></trkpt><trkpt lat="61.102889" lon="-149.684191"><ele>670.610</ele><time>2026-08-07T21:15:42Z</time></trkpt><trkpt lat="61.102886" lon="-149.68417"><ele>670.609</ele><time>2026-08-07T21:15:52Z</time></trkpt><trkpt lat="61.102886" lon="-149.684171"><ele>670.646</ele><time>2026-08-07T21:15:53Z</time></trkpt><trkpt lat="61.102906" lon="-149.684152"><ele>670.831</ele><time>2026-08-07T21:16:03Z</time></trkpt><trkpt lat="61.102898" lon="-149.684147"><ele>670.832</ele><time>2026-08-07T21:16:14Z</time></trkpt><trkpt lat="61.10289" lon="-149.684188"><ele>670.657</ele><time>2026-08-07T21:16:27Z</time></trkpt><trkpt lat="61.102895" lon="-149.684228"><ele>670.872</ele><time>2026-08-07T21:16:36Z</time></trkpt><trkpt lat="61.102891" lon="-149.684211"><ele>670.817</ele><time>2026-08-07T21:16:38Z</time></trkpt><trkpt lat="61.10289" lon="-149.684189"><ele>670.848</ele><time>2026-08-07T21:16:47Z</time></trkpt><trkpt lat="61.10289" lon="-149.684204"><ele>670.864</ele><time>2026-08-07T21:17:00Z</time></trkpt><trkpt lat="61.102882" lon="-149.684183"><ele>671.289</ele><time>2026-08-07T21:17:11Z</time></trkpt><trkpt lat="61.10288" lon="-149.684137"><ele>670.824</ele><time>2026-08-07T21:17:23Z</time></trkpt><trkpt lat="61.102881" lon="-149.684219"><ele>671.604</ele><time>2026-08-07T21:17:30Z</time></trkpt><trkpt lat="61.102882" lon="-149.684231"><ele>671.814</ele><time>2026-08-07T21:17:33Z</time></trkpt><trkpt lat="61.102883" lon="-149.684252"><ele>672.009</ele><time>2026-08-07T21:17:41Z</time></trkpt><trkpt lat="61.102883" lon="-149.684239"><ele>672.064</ele><time>2026-08-07T21:17:45Z</time></trkpt><trkpt lat="61.102878" lon="-149.684237"><ele>672.069</ele><time>2026-08-07T21:17:54Z</time></trkpt><trkpt lat="61.102879" lon="-149.68424"><ele>672.090</ele><time>2026-08-07T21:17:55Z</time></trkpt><trkpt lat="61.102881" lon="-149.684244"><ele>672.085</ele><time>2026-08-07T21:17:58Z</time></trkpt><trkpt lat="61.102881" lon="-149.684228"><ele>671.690</ele><time>2026-08-07T21:18:06Z</time></trkpt></trkseg></trk></gpx>