<?xml version="1.0" encoding="UTF-8"?><gpx creator="Wikiloc - http://www.wikiloc.com" version="1.1" xmlns="http://www.topografix.com/GPX/1/1" xmlns:xsi="http://www.w3.org/2001/XMLSchema-instance" xsi:schemaLocation="http://www.topografix.com/GPX/1/1 http://www.topografix.com/GPX/1/1/gpx.xsd"><trk><name><![CDATA[Banff National Park: Moraine Lake - Eiffel Lake - Moraine Lake]]></name><cmt><![CDATA[Eldon]]></cmt><desc><![CDATA[Eldon]]></desc><trkseg><trkpt lat="51.329355" lon="-116.181559"><ele>1869.675</ele><time>2026-06-16T15:43:08Z</time></trkpt><trkpt lat="51.329326" lon="-116.181586"><ele>1869.628</ele><time>2026-06-16T15:43:13Z</time></trkpt><trkpt lat="51.329301" lon="-116.181628"><ele>1869.620</ele><time>2026-06-16T15:43:20Z</time></trkpt><trkpt lat="51.329298" lon="-116.181625"><ele>1869.209</ele><time>2026-06-16T15:43:21Z</time></trkpt><trkpt lat="51.329299" lon="-116.181626"><ele>1869.029</ele><time>2026-06-16T15:43:22Z</time></trkpt><trkpt lat="51.329291" lon="-116.181617"><ele>1868.623</ele><time>2026-06-16T15:43:25Z</time></trkpt><trkpt lat="51.329286" lon="-116.181601"><ele>1868.816</ele><time>2026-06-16T15:43:28Z</time></trkpt><trkpt lat="51.329282" lon="-116.181593"><ele>1868.894</ele><time>2026-06-16T15:43:37Z</time></trkpt><trkpt lat="51.329294" lon="-116.181612"><ele>1868.855</ele><time>2026-06-16T15:43:47Z</time></trkpt><trkpt lat="51.329298" lon="-116.181619"><ele>1869.045</ele><time>2026-06-16T15:43:52Z</time></trkpt><trkpt lat="51.329297" lon="-116.181619"><ele>1868.860</ele><time>2026-06-16T15:43:53Z</time></trkpt><trkpt lat="51.3293" lon="-116.181624"><ele>1868.865</ele><time>2026-06-16T15:43:58Z</time></trkpt><trkpt lat="51.329321" lon="-116.181637"><ele>1869.018</ele><time>2026-06-16T15:44:07Z</time></trkpt><trkpt lat="51.329327" lon="-116.181641"><ele>1868.672</ele><time>2026-06-16T15:44:16Z</time></trkpt><trkpt lat="51.329323" lon="-116.18163"><ele>1868.213</ele><time>2026-06-16T15:44:27Z</time></trkpt><trkpt lat="51.329272" lon="-116.181615"><ele>1868.214</ele><time>2026-06-16T15:44:35Z</time></trkpt><trkpt lat="51.329257" lon="-116.181612"><ele>1868.009</ele><time>2026-06-16T15:44:43Z</time></trkpt><trkpt lat="51.329263" lon="-116.181634"><ele>1868.249</ele><time>2026-06-16T15:44:49Z</time></trkpt><trkpt lat="51.329261" lon="-116.181624"><ele>1868.283</ele><time>2026-06-16T15:44:52Z</time></trkpt><trkpt lat="51.329264" lon="-116.181622"><ele>1868.256</ele><time>2026-06-16T15:45:07Z</time></trkpt><trkpt lat="51.329264" lon="-116.181622"><ele>1867.834</ele><time>2026-06-16T15:45:13Z</time></trkpt><trkpt lat="51.329264" lon="-116.181622"><ele>1867.665</ele><time>2026-06-16T15:45:16Z</time></trkpt><trkpt lat="51.329255" lon="-116.181612"><ele>1867.665</ele><time>2026-06-16T15:45:21Z</time></trkpt><trkpt lat="51.329254" lon="-116.181598"><ele>1868.210</ele><time>2026-06-16T15:45:28Z</time></trkpt><trkpt lat="51.329268" lon="-116.181599"><ele>1868.015</ele><time>2026-06-16T15:45:33Z</time></trkpt><trkpt lat="51.329276" lon="-116.181599"><ele>1868.468</ele><time>2026-06-16T15:45:36Z</time></trkpt><trkpt lat="51.32929" lon="-116.181589"><ele>1868.275</ele><time>2026-06-16T15:45:43Z</time></trkpt><trkpt lat="51.329259" lon="-116.181576"><ele>1868.228</ele><time>2026-06-16T15:45:52Z</time></trkpt><trkpt lat="51.32927" lon="-116.181565"><ele>1868.620</ele><time>2026-06-16T15:46:00Z</time></trkpt><trkpt lat="51.329276" lon="-116.181562"><ele>1869.009</ele><time>2026-06-16T15:46:02Z</time></trkpt><trkpt lat="51.329279" lon="-116.181593"><ele>1868.479</ele><time>2026-06-16T15:46:13Z</time></trkpt><trkpt lat="51.329277" lon="-116.181602"><ele>1868.233</ele><time>2026-06-16T15:46:22Z</time></trkpt><trkpt lat="51.329256" lon="-116.181638"><ele>1868.236</ele><time>2026-06-16T15:46:29Z</time></trkpt><trkpt lat="51.329198" lon="-116.181668"><ele>1868.444</ele><time>2026-06-16T15:46:37Z</time></trkpt><trkpt lat="51.329112" lon="-116.181704"><ele>1868.665</ele><time>2026-06-16T15:46:46Z</time></trkpt><trkpt lat="51.329026" lon="-116.181736"><ele>1868.845</ele><time>2026-06-16T15:46:53Z</time></trkpt><trkpt lat="51.328954" lon="-116.181753"><ele>1869.030</ele><time>2026-06-16T15:47:01Z</time></trkpt><trkpt lat="51.328869" lon="-116.181764"><ele>1868.675</ele><time>2026-06-16T15:47:09Z</time></trkpt><trkpt lat="51.328772" lon="-116.181776"><ele>1868.838</ele><time>2026-06-16T15:47:18Z</time></trkpt><trkpt lat="51.32869" lon="-116.181755"><ele>1868.627</ele><time>2026-06-16T15:47:27Z</time></trkpt><trkpt lat="51.328603" lon="-116.181798"><ele>1868.668</ele><time>2026-06-16T15:47:36Z</time></trkpt><trkpt lat="51.328529" lon="-116.181822"><ele>1868.214</ele><time>2026-06-16T15:47:44Z</time></trkpt><trkpt lat="51.328507" lon="-116.181818"><ele>1868.609</ele><time>2026-06-16T15:47:46Z</time></trkpt><trkpt lat="51.3285" lon="-116.181812"><ele>1868.694</ele><time>2026-06-16T15:47:47Z</time></trkpt><trkpt lat="51.328409" lon="-116.181787"><ele>1869.618</ele><time>2026-06-16T15:47:56Z</time></trkpt><trkpt lat="51.328384" lon="-116.181782"><ele>1870.871</ele><time>2026-06-16T15:47:59Z</time></trkpt><trkpt lat="51.328345" lon="-116.181775"><ele>1869.659</ele><time>2026-06-16T15:48:04Z</time></trkpt><trkpt lat="51.328304" lon="-116.181768"><ele>1869.460</ele><time>2026-06-16T15:48:08Z</time></trkpt><trkpt lat="51.328264" lon="-116.181748"><ele>1868.650</ele><time>2026-06-16T15:48:12Z</time></trkpt><trkpt lat="51.328224" lon="-116.181729"><ele>1868.665</ele><time>2026-06-16T15:48:16Z</time></trkpt><trkpt lat="51.328169" lon="-116.181642"><ele>1867.840</ele><time>2026-06-16T15:48:23Z</time></trkpt><trkpt lat="51.328149" lon="-116.181613"><ele>1867.693</ele><time>2026-06-16T15:48:25Z</time></trkpt><trkpt lat="51.328121" lon="-116.181579"><ele>1867.489</ele><time>2026-06-16T15:48:28Z</time></trkpt><trkpt lat="51.328056" lon="-116.181562"><ele>1867.206</ele><time>2026-06-16T15:48:35Z</time></trkpt><trkpt lat="51.327993" lon="-116.181571"><ele>1866.826</ele><time>2026-06-16T15:48:43Z</time></trkpt><trkpt lat="51.327986" lon="-116.181567"><ele>1867.009</ele><time>2026-06-16T15:48:44Z</time></trkpt><trkpt lat="51.327925" lon="-116.181522"><ele>1867.220</ele><time>2026-06-16T15:48:52Z</time></trkpt><trkpt lat="51.327873" lon="-116.181549"><ele>1866.424</ele><time>2026-06-16T15:49:00Z</time></trkpt><trkpt lat="51.327859" lon="-116.181538"><ele>1866.647</ele><time>2026-06-16T15:49:07Z</time></trkpt><trkpt lat="51.327891" lon="-116.18153"><ele>1866.215</ele><time>2026-06-16T15:49:16Z</time></trkpt><trkpt lat="51.327892" lon="-116.181528"><ele>1866.816</ele><time>2026-06-16T15:49:24Z</time></trkpt><trkpt lat="51.327908" lon="-116.181577"><ele>1867.086</ele><time>2026-06-16T15:49:32Z</time></trkpt><trkpt lat="51.327912" lon="-116.181657"><ele>1867.051</ele><time>2026-06-16T15:49:37Z</time></trkpt><trkpt lat="51.327906" lon="-116.18167"><ele>1867.096</ele><time>2026-06-16T15:49:39Z</time></trkpt><trkpt lat="51.327905" lon="-116.181659"><ele>1867.489</ele><time>2026-06-16T15:49:45Z</time></trkpt><trkpt lat="51.327902" lon="-116.181655"><ele>1867.496</ele><time>2026-06-16T15:49:47Z</time></trkpt><trkpt lat="51.327893" lon="-116.181652"><ele>1867.231</ele><time>2026-06-16T15:49:53Z</time></trkpt><trkpt lat="51.327903" lon="-116.181657"><ele>1867.224</ele><time>2026-06-16T15:49:59Z</time></trkpt><trkpt lat="51.327895" lon="-116.181662"><ele>1867.009</ele><time>2026-06-16T15:50:01Z</time></trkpt><trkpt lat="51.327899" lon="-116.181666"><ele>1866.871</ele><time>2026-06-16T15:50:04Z</time></trkpt><trkpt lat="51.3279" lon="-116.181689"><ele>1867.215</ele><time>2026-06-16T15:50:09Z</time></trkpt><trkpt lat="51.327822" lon="-116.181791"><ele>1867.298</ele><time>2026-06-16T15:50:19Z</time></trkpt><trkpt lat="51.327739" lon="-116.181905"><ele>1867.496</ele><time>2026-06-16T15:50:29Z</time></trkpt><trkpt lat="51.327668" lon="-116.181965"><ele>1867.427</ele><time>2026-06-16T15:50:37Z</time></trkpt><trkpt lat="51.327606" lon="-116.181954"><ele>1867.277</ele><time>2026-06-16T15:50:44Z</time></trkpt><trkpt lat="51.327575" lon="-116.181966"><ele>1866.682</ele><time>2026-06-16T15:50:51Z</time></trkpt><trkpt lat="51.327571" lon="-116.182014"><ele>1866.417</ele><time>2026-06-16T15:50:55Z</time></trkpt><trkpt lat="51.327558" lon="-116.182084"><ele>1867.030</ele><time>2026-06-16T15:51:00Z</time></trkpt><trkpt lat="51.327505" lon="-116.182204"><ele>1866.815</ele><time>2026-06-16T15:51:09Z</time></trkpt><trkpt lat="51.327468" lon="-116.182271"><ele>1866.865</ele><time>2026-06-16T15:51:15Z</time></trkpt><trkpt lat="51.327405" lon="-116.18239"><ele>1866.611</ele><time>2026-06-16T15:51:24Z</time></trkpt><trkpt lat="51.327357" lon="-116.18245"><ele>1866.809</ele><time>2026-06-16T15:51:30Z</time></trkpt><trkpt lat="51.327326" lon="-116.182472"><ele>1866.633</ele><time>2026-06-16T15:51:33Z</time></trkpt><trkpt lat="51.327299" lon="-116.182476"><ele>1866.297</ele><time>2026-06-16T15:51:36Z</time></trkpt><trkpt lat="51.327251" lon="-116.182482"><ele>1865.660</ele><time>2026-06-16T15:51:42Z</time></trkpt><trkpt lat="51.327227" lon="-116.182463"><ele>1865.478</ele><time>2026-06-16T15:51:46Z</time></trkpt><trkpt lat="51.327208" lon="-116.182444"><ele>1865.249</ele><time>2026-06-16T15:51:50Z</time></trkpt><trkpt lat="51.327203" lon="-116.182442"><ele>1865.239</ele><time>2026-06-16T15:51:51Z</time></trkpt><trkpt lat="51.327202" lon="-116.182435"><ele>1865.094</ele><time>2026-06-16T15:51:53Z</time></trkpt><trkpt lat="51.327181" lon="-116.182448"><ele>1865.089</ele><time>2026-06-16T15:51:56Z</time></trkpt><trkpt lat="51.327181" lon="-116.182452"><ele>1864.422</ele><time>2026-06-16T15:52:03Z</time></trkpt><trkpt lat="51.327188" lon="-116.182436"><ele>1864.043</ele><time>2026-06-16T15:52:08Z</time></trkpt><trkpt lat="51.327197" lon="-116.182429"><ele>1863.864</ele><time>2026-06-16T15:52:11Z</time></trkpt><trkpt lat="51.327187" lon="-116.182436"><ele>1863.010</ele><time>2026-06-16T15:52:14Z</time></trkpt><trkpt lat="51.327181" lon="-116.182447"><ele>1863.609</ele><time>2026-06-16T15:52:22Z</time></trkpt><trkpt lat="51.327183" lon="-116.182452"><ele>1863.616</ele><time>2026-06-16T15:52:25Z</time></trkpt><trkpt lat="51.327186" lon="-116.182485"><ele>1863.820</ele><time>2026-06-16T15:52:32Z</time></trkpt><trkpt lat="51.32719" lon="-116.182501"><ele>1864.043</ele><time>2026-06-16T15:52:34Z</time></trkpt><trkpt lat="51.327206" lon="-116.182512"><ele>1864.271</ele><time>2026-06-16T15:52:38Z</time></trkpt><trkpt lat="51.327244" lon="-116.182574"><ele>1864.212</ele><time>2026-06-16T15:52:46Z</time></trkpt><trkpt lat="51.327218" lon="-116.182664"><ele>1864.452</ele><time>2026-06-16T15:52:54Z</time></trkpt><trkpt lat="51.327198" lon="-116.182763"><ele>1864.877</ele><time>2026-06-16T15:53:03Z</time></trkpt><trkpt lat="51.327195" lon="-116.182783"><ele>1864.872</ele><time>2026-06-16T15:53:12Z</time></trkpt><trkpt lat="51.327183" lon="-116.182836"><ele>1864.825</ele><time>2026-06-16T15:53:23Z</time></trkpt><trkpt lat="51.327141" lon="-116.182872"><ele>1864.885</ele><time>2026-06-16T15:53:31Z</time></trkpt><trkpt lat="51.327106" lon="-116.18294"><ele>1865.089</ele><time>2026-06-16T15:53:38Z</time></trkpt><trkpt lat="51.327105" lon="-116.182962"><ele>1865.417</ele><time>2026-06-16T15:53:40Z</time></trkpt><trkpt lat="51.327103" lon="-116.182975"><ele>1865.609</ele><time>2026-06-16T15:53:41Z</time></trkpt><trkpt lat="51.3271" lon="-116.183002"><ele>1866.240</ele><time>2026-06-16T15:53:44Z</time></trkpt><trkpt lat="51.327086" lon="-116.183032"><ele>1867.234</ele><time>2026-06-16T15:53:49Z</time></trkpt><trkpt lat="51.327073" lon="-116.183054"><ele>1867.897</ele><time>2026-06-16T15:53:52Z</time></trkpt><trkpt lat="51.327058" lon="-116.183103"><ele>1868.435</ele><time>2026-06-16T15:53:57Z</time></trkpt><trkpt lat="51.327027" lon="-116.183163"><ele>1868.666</ele><time>2026-06-16T15:54:03Z</time></trkpt><trkpt lat="51.326944" lon="-116.183208"><ele>1868.246</ele><time>2026-06-16T15:54:11Z</time></trkpt><trkpt lat="51.326932" lon="-116.183213"><ele>1868.281</ele><time>2026-06-16T15:54:12Z</time></trkpt><trkpt lat="51.326847" lon="-116.183255"><ele>1868.236</ele><time>2026-06-16T15:54:21Z</time></trkpt><trkpt lat="51.32679" lon="-116.18335"><ele>1868.819</ele><time>2026-06-16T15:54:29Z</time></trkpt><trkpt lat="51.326759" lon="-116.183404"><ele>1869.096</ele><time>2026-06-16T15:54:38Z</time></trkpt><trkpt lat="51.326757" lon="-116.183406"><ele>1869.031</ele><time>2026-06-16T15:54:39Z</time></trkpt><trkpt lat="51.326753" lon="-116.1834"><ele>1869.024</ele><time>2026-06-16T15:54:51Z</time></trkpt><trkpt lat="51.326755" lon="-116.183393"><ele>1869.009</ele><time>2026-06-16T15:54:57Z</time></trkpt><trkpt lat="51.326737" lon="-116.183432"><ele>1869.241</ele><time>2026-06-16T15:55:01Z</time></trkpt><trkpt lat="51.326736" lon="-116.183439"><ele>1869.425</ele><time>2026-06-16T15:55:02Z</time></trkpt><trkpt lat="51.326718" lon="-116.183492"><ele>1870.488</ele><time>2026-06-16T15:55:08Z</time></trkpt><trkpt lat="51.326718" lon="-116.183507"><ele>1870.686</ele><time>2026-06-16T15:55:10Z</time></trkpt><trkpt lat="51.326706" lon="-116.183593"><ele>1871.697</ele><time>2026-06-16T15:55:16Z</time></trkpt><trkpt lat="51.326702" lon="-116.183645"><ele>1871.877</ele><time>2026-06-16T15:55:20Z</time></trkpt><trkpt lat="51.326696" lon="-116.183694"><ele>1872.012</ele><time>2026-06-16T15:55:23Z</time></trkpt><trkpt lat="51.326689" lon="-116.183716"><ele>1872.427</ele><time>2026-06-16T15:55:25Z</time></trkpt><trkpt lat="51.326682" lon="-116.183739"><ele>1872.690</ele><time>2026-06-16T15:55:27Z</time></trkpt><trkpt lat="51.326676" lon="-116.183759"><ele>1873.033</ele><time>2026-06-16T15:55:29Z</time></trkpt><trkpt lat="51.326671" lon="-116.18377"><ele>1873.023</ele><time>2026-06-16T15:55:30Z</time></trkpt><trkpt lat="51.326653" lon="-116.183812"><ele>1873.615</ele><time>2026-06-16T15:55:34Z</time></trkpt><trkpt lat="51.32664" lon="-116.183857"><ele>1874.409</ele><time>2026-06-16T15:55:40Z</time></trkpt><trkpt lat="51.326634" lon="-116.183874"><ele>1874.865</ele><time>2026-06-16T15:55:42Z</time></trkpt><trkpt lat="51.326623" lon="-116.183951"><ele>1875.879</ele><time>2026-06-16T15:55:48Z</time></trkpt><trkpt lat="51.326619" lon="-116.183965"><ele>1876.042</ele><time>2026-06-16T15:55:49Z</time></trkpt><trkpt lat="51.326621" lon="-116.183999"><ele>1876.230</ele><time>2026-06-16T15:55:51Z</time></trkpt><trkpt lat="51.326626" lon="-116.184037"><ele>1876.421</ele><time>2026-06-16T15:55:55Z</time></trkpt><trkpt lat="51.326642" lon="-116.184064"><ele>1877.061</ele><time>2026-06-16T15:55:59Z</time></trkpt><trkpt lat="51.326648" lon="-116.184062"><ele>1877.276</ele><time>2026-06-16T15:56:00Z</time></trkpt><trkpt lat="51.326664" lon="-116.184051"><ele>1877.681</ele><time>2026-06-16T15:56:02Z</time></trkpt><trkpt lat="51.32669" lon="-116.184053"><ele>1878.074</ele><time>2026-06-16T15:56:05Z</time></trkpt><trkpt lat="51.326726" lon="-116.184068"><ele>1878.661</ele><time>2026-06-16T15:56:09Z</time></trkpt><trkpt lat="51.326736" lon="-116.184068"><ele>1879.221</ele><time>2026-06-16T15:56:11Z</time></trkpt><trkpt lat="51.326786" lon="-116.184081"><ele>1880.013</ele><time>2026-06-16T15:56:18Z</time></trkpt><trkpt lat="51.326805" lon="-116.184085"><ele>1880.209</ele><time>2026-06-16T15:56:20Z</time></trkpt><trkpt lat="51.326835" lon="-116.184078"><ele>1881.258</ele><time>2026-06-16T15:56:28Z</time></trkpt><trkpt lat="51.326836" lon="-116.184076"><ele>1881.482</ele><time>2026-06-16T15:56:29Z</time></trkpt><trkpt lat="51.326874" lon="-116.184075"><ele>1882.245</ele><time>2026-06-16T15:56:38Z</time></trkpt><trkpt lat="51.326909" lon="-116.184083"><ele>1882.463</ele><time>2026-06-16T15:56:41Z</time></trkpt><trkpt lat="51.326943" lon="-116.184082"><ele>1883.444</ele><time>2026-06-16T15:56:48Z</time></trkpt><trkpt lat="51.326985" lon="-116.184087"><ele>1884.444</ele><time>2026-06-16T15:56:54Z</time></trkpt><trkpt lat="51.327011" lon="-116.184098"><ele>1885.059</ele><time>2026-06-16T15:56:58Z</time></trkpt><trkpt lat="51.327026" lon="-116.184105"><ele>1885.664</ele><time>2026-06-16T15:57:02Z</time></trkpt><trkpt lat="51.32706" lon="-116.184128"><ele>1885.897</ele><time>2026-06-16T15:57:07Z</time></trkpt><trkpt lat="51.327096" lon="-116.18417"><ele>1886.627</ele><time>2026-06-16T15:57:12Z</time></trkpt><trkpt lat="51.327103" lon="-116.18421"><ele>1887.468</ele><time>2026-06-16T15:57:17Z</time></trkpt><trkpt lat="51.327103" lon="-116.184222"><ele>1887.614</ele><time>2026-06-16T15:57:19Z</time></trkpt><trkpt lat="51.327105" lon="-116.184271"><ele>1888.609</ele><time>2026-06-16T15:57:26Z</time></trkpt><trkpt lat="51.327106" lon="-116.184282"><ele>1888.884</ele><time>2026-06-16T15:57:27Z</time></trkpt><trkpt lat="51.327111" lon="-116.184334"><ele>1889.898</ele><time>2026-06-16T15:57:33Z</time></trkpt><trkpt lat="51.32712" lon="-116.184372"><ele>1890.431</ele><time>2026-06-16T15:57:36Z</time></trkpt><trkpt lat="51.327127" lon="-116.184399"><ele>1890.899</ele><time>2026-06-16T15:57:39Z</time></trkpt><trkpt lat="51.327131" lon="-116.184454"><ele>1891.670</ele><time>2026-06-16T15:57:48Z</time></trkpt><trkpt lat="51.327129" lon="-116.184462"><ele>1891.890</ele><time>2026-06-16T15:57:49Z</time></trkpt><trkpt lat="51.327122" lon="-116.184499"><ele>1892.695</ele><time>2026-06-16T15:57:54Z</time></trkpt><trkpt lat="51.32712" lon="-116.18452"><ele>1893.060</ele><time>2026-06-16T15:57:57Z</time></trkpt><trkpt lat="51.327114" lon="-116.184526"><ele>1893.223</ele><time>2026-06-16T15:57:59Z</time></trkpt><trkpt lat="51.327075" lon="-116.184568"><ele>1894.016</ele><time>2026-06-16T15:58:06Z</time></trkpt><trkpt lat="51.327065" lon="-116.184582"><ele>1894.276</ele><time>2026-06-16T15:58:08Z</time></trkpt><trkpt lat="51.327059" lon="-116.184582"><ele>1895.013</ele><time>2026-06-16T15:58:13Z</time></trkpt><trkpt lat="51.327053" lon="-116.184606"><ele>1895.609</ele><time>2026-06-16T15:58:17Z</time></trkpt><trkpt lat="51.327043" lon="-116.184667"><ele>1896.033</ele><time>2026-06-16T15:58:24Z</time></trkpt><trkpt lat="51.327042" lon="-116.184702"><ele>1896.457</ele><time>2026-06-16T15:58:28Z</time></trkpt><trkpt lat="51.32704" lon="-116.184799"><ele>1897.250</ele><time>2026-06-16T15:58:38Z</time></trkpt><trkpt lat="51.327036" lon="-116.184812"><ele>1897.268</ele><time>2026-06-16T15:58:39Z</time></trkpt><trkpt lat="51.326985" lon="-116.184906"><ele>1898.089</ele><time>2026-06-16T15:58:49Z</time></trkpt><trkpt lat="51.326977" lon="-116.184925"><ele>1898.299</ele><time>2026-06-16T15:58:51Z</time></trkpt><trkpt lat="51.326952" lon="-116.185014"><ele>1899.274</ele><time>2026-06-16T15:58:59Z</time></trkpt><trkpt lat="51.326946" lon="-116.185047"><ele>1899.449</ele><time>2026-06-16T15:59:01Z</time></trkpt><trkpt lat="51.32692" lon="-116.185112"><ele>1900.442</ele><time>2026-06-16T15:59:08Z</time></trkpt><trkpt lat="51.326918" lon="-116.185121"><ele>1900.656</ele><time>2026-06-16T15:59:09Z</time></trkpt><trkpt lat="51.326906" lon="-116.185223"><ele>1901.459</ele><time>2026-06-16T15:59:18Z</time></trkpt><trkpt lat="51.326905" lon="-116.185234"><ele>1901.614</ele><time>2026-06-16T15:59:20Z</time></trkpt><trkpt lat="51.326892" lon="-116.185311"><ele>1902.609</ele><time>2026-06-16T15:59:27Z</time></trkpt><trkpt lat="51.32689" lon="-116.185341"><ele>1903.057</ele><time>2026-06-16T15:59:30Z</time></trkpt><trkpt lat="51.326874" lon="-116.185411"><ele>1903.631</ele><time>2026-06-16T15:59:35Z</time></trkpt><trkpt lat="51.326869" lon="-116.185463"><ele>1904.054</ele><time>2026-06-16T15:59:40Z</time></trkpt><trkpt lat="51.326852" lon="-116.18556"><ele>1904.642</ele><time>2026-06-16T15:59:50Z</time></trkpt><trkpt lat="51.326849" lon="-116.185566"><ele>1904.853</ele><time>2026-06-16T15:59:51Z</time></trkpt><trkpt lat="51.326826" lon="-116.185633"><ele>1905.613</ele><time>2026-06-16T15:59:59Z</time></trkpt><trkpt lat="51.326821" lon="-116.185645"><ele>1905.838</ele><time>2026-06-16T16:00:00Z</time></trkpt><trkpt lat="51.326786" lon="-116.18571"><ele>1906.643</ele><time>2026-06-16T16:00:08Z</time></trkpt><trkpt lat="51.326778" lon="-116.185718"><ele>1906.836</ele><time>2026-06-16T16:00:09Z</time></trkpt><trkpt lat="51.326729" lon="-116.185776"><ele>1907.864</ele><time>2026-06-16T16:00:17Z</time></trkpt><trkpt lat="51.326719" lon="-116.18579"><ele>1908.006</ele><time>2026-06-16T16:00:19Z</time></trkpt><trkpt lat="51.326693" lon="-116.185852"><ele>1909.016</ele><time>2026-06-16T16:00:27Z</time></trkpt><trkpt lat="51.32667" lon="-116.185887"><ele>1909.009</ele><time>2026-06-16T16:00:30Z</time></trkpt><trkpt lat="51.326621" lon="-116.185978"><ele>1910.018</ele><time>2026-06-16T16:00:40Z</time></trkpt><trkpt lat="51.326618" lon="-116.18599"><ele>1910.232</ele><time>2026-06-16T16:00:41Z</time></trkpt><trkpt lat="51.326604" lon="-116.186041"><ele>1910.615</ele><time>2026-06-16T16:00:47Z</time></trkpt><trkpt lat="51.326588" lon="-116.186076"><ele>1910.883</ele><time>2026-06-16T16:00:51Z</time></trkpt><trkpt lat="51.326575" lon="-116.186108"><ele>1911.064</ele><time>2026-06-16T16:00:54Z</time></trkpt><trkpt lat="51.326519" lon="-116.186175"><ele>1912.054</ele><time>2026-06-16T16:01:02Z</time></trkpt><trkpt lat="51.326472" lon="-116.186225"><ele>1912.899</ele><time>2026-06-16T16:01:09Z</time></trkpt><trkpt lat="51.326466" lon="-116.186242"><ele>1913.094</ele><time>2026-06-16T16:01:11Z</time></trkpt><trkpt lat="51.326454" lon="-116.18626"><ele>1913.287</ele><time>2026-06-16T16:01:13Z</time></trkpt><trkpt lat="51.326432" lon="-116.186339"><ele>1913.673</ele><time>2026-06-16T16:01:20Z</time></trkpt><trkpt lat="51.326428" lon="-116.186351"><ele>1913.685</ele><time>2026-06-16T16:01:21Z</time></trkpt><trkpt lat="51.326418" lon="-116.186391"><ele>1914.013</ele><time>2026-06-16T16:01:24Z</time></trkpt><trkpt lat="51.326415" lon="-116.186404"><ele>1914.209</ele><time>2026-06-16T16:01:25Z</time></trkpt><trkpt lat="51.326417" lon="-116.186475"><ele>1914.839</ele><time>2026-06-16T16:01:29Z</time></trkpt><trkpt lat="51.326422" lon="-116.186502"><ele>1915.413</ele><time>2026-06-16T16:01:32Z</time></trkpt><trkpt lat="51.326426" lon="-116.186569"><ele>1916.416</ele><time>2026-06-16T16:01:38Z</time></trkpt><trkpt lat="51.326422" lon="-116.186618"><ele>1917.024</ele><time>2026-06-16T16:01:43Z</time></trkpt><trkpt lat="51.326418" lon="-116.186672"><ele>1917.445</ele><time>2026-06-16T16:01:48Z</time></trkpt><trkpt lat="51.326422" lon="-116.186746"><ele>1918.265</ele><time>2026-06-16T16:01:56Z</time></trkpt><trkpt lat="51.326437" lon="-116.186795"><ele>1918.630</ele><time>2026-06-16T16:02:00Z</time></trkpt><trkpt lat="51.326444" lon="-116.186819"><ele>1919.015</ele><time>2026-06-16T16:02:02Z</time></trkpt><trkpt lat="51.326444" lon="-116.186837"><ele>1919.228</ele><time>2026-06-16T16:02:04Z</time></trkpt><trkpt lat="51.326444" lon="-116.186878"><ele>1919.675</ele><time>2026-06-16T16:02:07Z</time></trkpt><trkpt lat="51.326445" lon="-116.186962"><ele>1920.028</ele><time>2026-06-16T16:02:13Z</time></trkpt><trkpt lat="51.326447" lon="-116.186991"><ele>1920.220</ele><time>2026-06-16T16:02:16Z</time></trkpt><trkpt lat="51.326449" lon="-116.187022"><ele>1920.609</ele><time>2026-06-16T16:02:19Z</time></trkpt><trkpt lat="51.326448" lon="-116.187086"><ele>1921.089</ele><time>2026-06-16T16:02:24Z</time></trkpt><trkpt lat="51.326441" lon="-116.18717"><ele>1921.823</ele><time>2026-06-16T16:02:30Z</time></trkpt><trkpt lat="51.326439" lon="-116.187208"><ele>1922.236</ele><time>2026-06-16T16:02:34Z</time></trkpt><trkpt lat="51.32644" lon="-116.187271"><ele>1922.824</ele><time>2026-06-16T16:02:39Z</time></trkpt><trkpt lat="51.326451" lon="-116.187364"><ele>1923.625</ele><time>2026-06-16T16:02:45Z</time></trkpt><trkpt lat="51.326444" lon="-116.187393"><ele>1924.085</ele><time>2026-06-16T16:02:48Z</time></trkpt><trkpt lat="51.326407" lon="-116.187455"><ele>1924.840</ele><time>2026-06-16T16:02:56Z</time></trkpt><trkpt lat="51.326393" lon="-116.18747"><ele>1925.055</ele><time>2026-06-16T16:02:58Z</time></trkpt><trkpt lat="51.326367" lon="-116.187506"><ele>1925.048</ele><time>2026-06-16T16:03:02Z</time></trkpt><trkpt lat="51.326333" lon="-116.187551"><ele>1925.024</ele><time>2026-06-16T16:03:07Z</time></trkpt><trkpt lat="51.326325" lon="-116.18756"><ele>1925.004</ele><time>2026-06-16T16:03:08Z</time></trkpt><trkpt lat="51.326272" lon="-116.187638"><ele>1926.214</ele><time>2026-06-16T16:03:15Z</time></trkpt><trkpt lat="51.326252" lon="-116.187677"><ele>1926.609</ele><time>2026-06-16T16:03:18Z</time></trkpt><trkpt lat="51.326244" lon="-116.187709"><ele>1927.224</ele><time>2026-06-16T16:03:21Z</time></trkpt><trkpt lat="51.32622" lon="-116.187788"><ele>1927.648</ele><time>2026-06-16T16:03:28Z</time></trkpt><trkpt lat="51.326208" lon="-116.18783"><ele>1928.411</ele><time>2026-06-16T16:03:32Z</time></trkpt><trkpt lat="51.326187" lon="-116.187887"><ele>1928.619</ele><time>2026-06-16T16:03:36Z</time></trkpt><trkpt lat="51.326149" lon="-116.18798"><ele>1928.690</ele><time>2026-06-16T16:03:45Z</time></trkpt><trkpt lat="51.326128" lon="-116.188033"><ele>1929.210</ele><time>2026-06-16T16:03:50Z</time></trkpt><trkpt lat="51.326124" lon="-116.188043"><ele>1929.485</ele><time>2026-06-16T16:03:51Z</time></trkpt><trkpt lat="51.326113" lon="-116.18806"><ele>1929.840</ele><time>2026-06-16T16:03:53Z</time></trkpt><trkpt lat="51.326102" lon="-116.188084"><ele>1930.443</ele><time>2026-06-16T16:03:56Z</time></trkpt><trkpt lat="51.326088" lon="-116.188144"><ele>1931.438</ele><time>2026-06-16T16:04:01Z</time></trkpt><trkpt lat="51.326088" lon="-116.188156"><ele>1931.670</ele><time>2026-06-16T16:04:02Z</time></trkpt><trkpt lat="51.326088" lon="-116.188254"><ele>1932.417</ele><time>2026-06-16T16:04:09Z</time></trkpt><trkpt lat="51.326087" lon="-116.188262"><ele>1932.609</ele><time>2026-06-16T16:04:10Z</time></trkpt><trkpt lat="51.326077" lon="-116.188397"><ele>1933.295</ele><time>2026-06-16T16:04:19Z</time></trkpt><trkpt lat="51.326055" lon="-116.18843"><ele>1933.669</ele><time>2026-06-16T16:04:23Z</time></trkpt><trkpt lat="51.326013" lon="-116.188475"><ele>1934.452</ele><time>2026-06-16T16:04:29Z</time></trkpt><trkpt lat="51.32601" lon="-116.188481"><ele>1934.620</ele><time>2026-06-16T16:04:30Z</time></trkpt><trkpt lat="51.325991" lon="-116.188544"><ele>1935.051</ele><time>2026-06-16T16:04:35Z</time></trkpt><trkpt lat="51.325989" lon="-116.188588"><ele>1935.661</ele><time>2026-06-16T16:04:38Z</time></trkpt><trkpt lat="51.325986" lon="-116.188611"><ele>1936.076</ele><time>2026-06-16T16:04:40Z</time></trkpt><trkpt lat="51.325961" lon="-116.188642"><ele>1936.691</ele><time>2026-06-16T16:04:45Z</time></trkpt><trkpt lat="51.325942" lon="-116.188663"><ele>1937.074</ele><time>2026-06-16T16:04:48Z</time></trkpt><trkpt lat="51.32593" lon="-116.188679"><ele>1937.475</ele><time>2026-06-16T16:04:50Z</time></trkpt><trkpt lat="51.32592" lon="-116.188701"><ele>1937.828</ele><time>2026-06-16T16:04:53Z</time></trkpt><trkpt lat="51.325925" lon="-116.188732"><ele>1938.620</ele><time>2026-06-16T16:04:57Z</time></trkpt><trkpt lat="51.325923" lon="-116.188743"><ele>1938.809</ele><time>2026-06-16T16:04:58Z</time></trkpt><trkpt lat="51.325925" lon="-116.188757"><ele>1939.069</ele><time>2026-06-16T16:04:59Z</time></trkpt><trkpt lat="51.325925" lon="-116.188882"><ele>1938.893</ele><time>2026-06-16T16:05:10Z</time></trkpt><trkpt lat="51.325899" lon="-116.188985"><ele>1939.626</ele><time>2026-06-16T16:05:20Z</time></trkpt><trkpt lat="51.325887" lon="-116.189012"><ele>1940.064</ele><time>2026-06-16T16:05:23Z</time></trkpt><trkpt lat="51.325858" lon="-116.189065"><ele>1941.225</ele><time>2026-06-16T16:05:30Z</time></trkpt><trkpt lat="51.325841" lon="-116.189155"><ele>1942.085</ele><time>2026-06-16T16:05:40Z</time></trkpt><trkpt lat="51.325838" lon="-116.189159"><ele>1942.220</ele><time>2026-06-16T16:05:41Z</time></trkpt><trkpt lat="51.325807" lon="-116.18921"><ele>1943.265</ele><time>2026-06-16T16:05:48Z</time></trkpt><trkpt lat="51.325805" lon="-116.189217"><ele>1943.438</ele><time>2026-06-16T16:05:49Z</time></trkpt><trkpt lat="51.325778" lon="-116.18929"><ele>1944.299</ele><time>2026-06-16T16:05:58Z</time></trkpt><trkpt lat="51.32577" lon="-116.189318"><ele>1944.407</ele><time>2026-06-16T16:06:00Z</time></trkpt><trkpt lat="51.325761" lon="-116.189388"><ele>1945.427</ele><time>2026-06-16T16:06:07Z</time></trkpt><trkpt lat="51.325758" lon="-116.189399"><ele>1945.609</ele><time>2026-06-16T16:06:08Z</time></trkpt><trkpt lat="51.325753" lon="-116.189465"><ele>1946.441</ele><time>2026-06-16T16:06:15Z</time></trkpt><trkpt lat="51.325755" lon="-116.189502"><ele>1946.825</ele><time>2026-06-16T16:06:19Z</time></trkpt><trkpt lat="51.32574" lon="-116.189613"><ele>1947.418</ele><time>2026-06-16T16:06:30Z</time></trkpt><trkpt lat="51.325739" lon="-116.189625"><ele>1947.686</ele><time>2026-06-16T16:06:32Z</time></trkpt><trkpt lat="51.325719" lon="-116.189694"><ele>1948.637</ele><time>2026-06-16T16:06:39Z</time></trkpt><trkpt lat="51.325715" lon="-116.189707"><ele>1948.657</ele><time>2026-06-16T16:06:40Z</time></trkpt><trkpt lat="51.325697" lon="-116.189799"><ele>1949.872</ele><time>2026-06-16T16:06:48Z</time></trkpt><trkpt lat="51.325689" lon="-116.189912"><ele>1950.867</ele><time>2026-06-16T16:06:57Z</time></trkpt><trkpt lat="51.325686" lon="-116.189927"><ele>1951.260</ele><time>2026-06-16T16:06:59Z</time></trkpt><trkpt lat="51.325629" lon="-116.189997"><ele>1952.052</ele><time>2026-06-16T16:07:08Z</time></trkpt><trkpt lat="51.32562" lon="-116.190004"><ele>1952.053</ele><time>2026-06-16T16:07:09Z</time></trkpt><trkpt lat="51.325578" lon="-116.190064"><ele>1952.808</ele><time>2026-06-16T16:07:17Z</time></trkpt><trkpt lat="51.325573" lon="-116.190088"><ele>1953.009</ele><time>2026-06-16T16:07:19Z</time></trkpt><trkpt lat="51.325573" lon="-116.190152"><ele>1953.487</ele><time>2026-06-16T16:07:23Z</time></trkpt><trkpt lat="51.325577" lon="-116.190175"><ele>1953.631</ele><time>2026-06-16T16:07:25Z</time></trkpt><trkpt lat="51.325583" lon="-116.190227"><ele>1954.044</ele><time>2026-06-16T16:07:29Z</time></trkpt><trkpt lat="51.325573" lon="-116.190287"><ele>1954.622</ele><time>2026-06-16T16:07:35Z</time></trkpt><trkpt lat="51.32555" lon="-116.190244"><ele>1955.063</ele><time>2026-06-16T16:07:42Z</time></trkpt><trkpt lat="51.325546" lon="-116.190233"><ele>1954.453</ele><time>2026-06-16T16:07:57Z</time></trkpt><trkpt lat="51.325537" lon="-116.190217"><ele>1953.848</ele><time>2026-06-16T16:08:04Z</time></trkpt><trkpt lat="51.325534" lon="-116.19021"><ele>1953.873</ele><time>2026-06-16T16:08:08Z</time></trkpt><trkpt lat="51.325545" lon="-116.190242"><ele>1953.896</ele><time>2026-06-16T16:08:13Z</time></trkpt><trkpt lat="51.32555" lon="-116.190241"><ele>1954.461</ele><time>2026-06-16T16:08:19Z</time></trkpt><trkpt lat="51.325556" lon="-116.190239"><ele>1954.821</ele><time>2026-06-16T16:08:22Z</time></trkpt><trkpt lat="51.325574" lon="-116.190278"><ele>1954.613</ele><time>2026-06-16T16:08:30Z</time></trkpt><trkpt lat="51.325544" lon="-116.190306"><ele>1954.409</ele><time>2026-06-16T16:08:39Z</time></trkpt><trkpt lat="51.325555" lon="-116.1903"><ele>1955.098</ele><time>2026-06-16T16:08:49Z</time></trkpt><trkpt lat="51.32556" lon="-116.190301"><ele>1955.262</ele><time>2026-06-16T16:08:51Z</time></trkpt><trkpt lat="51.325559" lon="-116.190283"><ele>1955.665</ele><time>2026-06-16T16:08:57Z</time></trkpt><trkpt lat="51.325521" lon="-116.190393"><ele>1956.073</ele><time>2026-06-16T16:09:07Z</time></trkpt><trkpt lat="51.325516" lon="-116.190412"><ele>1956.274</ele><time>2026-06-16T16:09:09Z</time></trkpt><trkpt lat="51.325499" lon="-116.190467"><ele>1956.824</ele><time>2026-06-16T16:09:14Z</time></trkpt><trkpt lat="51.32549" lon="-116.190529"><ele>1957.449</ele><time>2026-06-16T16:09:19Z</time></trkpt><trkpt lat="51.32547" lon="-116.190593"><ele>1957.814</ele><time>2026-06-16T16:09:24Z</time></trkpt><trkpt lat="51.325438" lon="-116.190641"><ele>1958.417</ele><time>2026-06-16T16:09:32Z</time></trkpt><trkpt lat="51.325438" lon="-116.190645"><ele>1958.626</ele><time>2026-06-16T16:09:33Z</time></trkpt><trkpt lat="51.32541" lon="-116.190669"><ele>1959.447</ele><time>2026-06-16T16:09:42Z</time></trkpt><trkpt lat="51.325408" lon="-116.190671"><ele>1959.611</ele><time>2026-06-16T16:09:43Z</time></trkpt><trkpt lat="51.325383" lon="-116.190737"><ele>1960.409</ele><time>2026-06-16T16:09:50Z</time></trkpt><trkpt lat="51.325364" lon="-116.190787"><ele>1961.084</ele><time>2026-06-16T16:09:53Z</time></trkpt><trkpt lat="51.325338" lon="-116.190821"><ele>1961.468</ele><time>2026-06-16T16:09:57Z</time></trkpt><trkpt lat="51.325326" lon="-116.190862"><ele>1962.061</ele><time>2026-06-16T16:10:01Z</time></trkpt><trkpt lat="51.325322" lon="-116.190877"><ele>1962.029</ele><time>2026-06-16T16:10:02Z</time></trkpt><trkpt lat="51.325304" lon="-116.190995"><ele>1962.480</ele><time>2026-06-16T16:10:11Z</time></trkpt><trkpt lat="51.325303" lon="-116.191035"><ele>1962.690</ele><time>2026-06-16T16:10:13Z</time></trkpt><trkpt lat="51.325308" lon="-116.191101"><ele>1963.625</ele><time>2026-06-16T16:10:18Z</time></trkpt><trkpt lat="51.325309" lon="-116.191115"><ele>1963.840</ele><time>2026-06-16T16:10:19Z</time></trkpt><trkpt lat="51.32531" lon="-116.191192"><ele>1964.633</ele><time>2026-06-16T16:10:28Z</time></trkpt><trkpt lat="51.325311" lon="-116.191291"><ele>1965.693</ele><time>2026-06-16T16:10:38Z</time></trkpt><trkpt lat="51.32531" lon="-116.191306"><ele>1965.865</ele><time>2026-06-16T16:10:40Z</time></trkpt><trkpt lat="51.325293" lon="-116.191382"><ele>1966.621</ele><time>2026-06-16T16:10:49Z</time></trkpt><trkpt lat="51.325285" lon="-116.191477"><ele>1967.809</ele><time>2026-06-16T16:10:57Z</time></trkpt><trkpt lat="51.325289" lon="-116.191508"><ele>1968.071</ele><time>2026-06-16T16:10:59Z</time></trkpt><trkpt lat="51.325316" lon="-116.191606"><ele>1968.225</ele><time>2026-06-16T16:11:08Z</time></trkpt><trkpt lat="51.32529" lon="-116.191693"><ele>1968.898</ele><time>2026-06-16T16:11:16Z</time></trkpt><trkpt lat="51.325284" lon="-116.191703"><ele>1969.036</ele><time>2026-06-16T16:11:17Z</time></trkpt><trkpt lat="51.325274" lon="-116.191821"><ele>1969.877</ele><time>2026-06-16T16:11:27Z</time></trkpt><trkpt lat="51.325274" lon="-116.191829"><ele>1970.087</ele><time>2026-06-16T16:11:28Z</time></trkpt><trkpt lat="51.325262" lon="-116.191895"><ele>1970.682</ele><time>2026-06-16T16:11:35Z</time></trkpt><trkpt lat="51.32523" lon="-116.191963"><ele>1970.617</ele><time>2026-06-16T16:11:42Z</time></trkpt><trkpt lat="51.325223" lon="-116.191968"><ele>1970.670</ele><time>2026-06-16T16:11:43Z</time></trkpt><trkpt lat="51.325184" lon="-116.191988"><ele>1971.069</ele><time>2026-06-16T16:11:48Z</time></trkpt><trkpt lat="51.325143" lon="-116.192026"><ele>1971.404</ele><time>2026-06-16T16:11:54Z</time></trkpt><trkpt lat="51.325134" lon="-116.192085"><ele>1971.224</ele><time>2026-06-16T16:11:58Z</time></trkpt><trkpt lat="51.325141" lon="-116.192135"><ele>1971.209</ele><time>2026-06-16T16:12:01Z</time></trkpt><trkpt lat="51.325146" lon="-116.192162"><ele>1971.468</ele><time>2026-06-16T16:12:03Z</time></trkpt><trkpt lat="51.325162" lon="-116.19227"><ele>1971.892</ele><time>2026-06-16T16:12:11Z</time></trkpt><trkpt lat="51.325162" lon="-116.192283"><ele>1971.865</ele><time>2026-06-16T16:12:12Z</time></trkpt><trkpt lat="51.325161" lon="-116.192295"><ele>1972.023</ele><time>2026-06-16T16:12:13Z</time></trkpt><trkpt lat="51.325155" lon="-116.192399"><ele>1972.854</ele><time>2026-06-16T16:12:21Z</time></trkpt><trkpt lat="51.325152" lon="-116.19242"><ele>1973.054</ele><time>2026-06-16T16:12:23Z</time></trkpt><trkpt lat="51.32511" lon="-116.192448"><ele>1973.429</ele><time>2026-06-16T16:12:28Z</time></trkpt><trkpt lat="51.325052" lon="-116.192518"><ele>1973.294</ele><time>2026-06-16T16:12:36Z</time></trkpt><trkpt lat="51.325069" lon="-116.192588"><ele>1974.257</ele><time>2026-06-16T16:12:42Z</time></trkpt><trkpt lat="51.325088" lon="-116.192608"><ele>1974.857</ele><time>2026-06-16T16:12:45Z</time></trkpt><trkpt lat="51.325109" lon="-116.192628"><ele>1975.200</ele><time>2026-06-16T16:12:49Z</time></trkpt><trkpt lat="51.325123" lon="-116.192642"><ele>1976.020</ele><time>2026-06-16T16:12:54Z</time></trkpt><trkpt lat="51.325136" lon="-116.192654"><ele>1976.409</ele><time>2026-06-16T16:12:56Z</time></trkpt><trkpt lat="51.32516" lon="-116.192702"><ele>1977.057</ele><time>2026-06-16T16:13:02Z</time></trkpt><trkpt lat="51.325163" lon="-116.192743"><ele>1977.471</ele><time>2026-06-16T16:13:06Z</time></trkpt><trkpt lat="51.325139" lon="-116.192783"><ele>1977.864</ele><time>2026-06-16T16:13:11Z</time></trkpt><trkpt lat="51.325101" lon="-116.192842"><ele>1978.442</ele><time>2026-06-16T16:13:17Z</time></trkpt><trkpt lat="51.325077" lon="-116.192862"><ele>1978.853</ele><time>2026-06-16T16:13:22Z</time></trkpt><trkpt lat="51.325059" lon="-116.192879"><ele>1978.823</ele><time>2026-06-16T16:13:26Z</time></trkpt><trkpt lat="51.325055" lon="-116.192885"><ele>1979.078</ele><time>2026-06-16T16:13:27Z</time></trkpt><trkpt lat="51.325048" lon="-116.192895"><ele>1979.033</ele><time>2026-06-16T16:13:28Z</time></trkpt><trkpt lat="51.325031" lon="-116.192917"><ele>1979.096</ele><time>2026-06-16T16:13:31Z</time></trkpt><trkpt lat="51.325025" lon="-116.192926"><ele>1979.071</ele><time>2026-06-16T16:13:32Z</time></trkpt><trkpt lat="51.324993" lon="-116.192971"><ele>1979.441</ele><time>2026-06-16T16:13:38Z</time></trkpt><trkpt lat="51.324976" lon="-116.193004"><ele>1979.815</ele><time>2026-06-16T16:13:41Z</time></trkpt><trkpt lat="51.324974" lon="-116.193119"><ele>1980.009</ele><time>2026-06-16T16:13:50Z</time></trkpt><trkpt lat="51.32496" lon="-116.193209"><ele>1980.469</ele><time>2026-06-16T16:13:59Z</time></trkpt><trkpt lat="51.32496" lon="-116.19322"><ele>1980.693</ele><time>2026-06-16T16:14:00Z</time></trkpt><trkpt lat="51.324944" lon="-116.193257"><ele>1981.236</ele><time>2026-06-16T16:14:05Z</time></trkpt><trkpt lat="51.324934" lon="-116.193279"><ele>1981.224</ele><time>2026-06-16T16:14:06Z</time></trkpt><trkpt lat="51.324934" lon="-116.193308"><ele>1981.475</ele><time>2026-06-16T16:14:10Z</time></trkpt><trkpt lat="51.324935" lon="-116.193329"><ele>1981.655</ele><time>2026-06-16T16:14:12Z</time></trkpt><trkpt lat="51.324916" lon="-116.19341"><ele>1982.430</ele><time>2026-06-16T16:14:18Z</time></trkpt><trkpt lat="51.324912" lon="-116.193424"><ele>1982.635</ele><time>2026-06-16T16:14:19Z</time></trkpt><trkpt lat="51.324907" lon="-116.193438"><ele>1982.868</ele><time>2026-06-16T16:14:20Z</time></trkpt><trkpt lat="51.324886" lon="-116.193517"><ele>1983.824</ele><time>2026-06-16T16:14:27Z</time></trkpt><trkpt lat="51.324886" lon="-116.193547"><ele>1984.204</ele><time>2026-06-16T16:14:30Z</time></trkpt><trkpt lat="51.324868" lon="-116.193615"><ele>1985.014</ele><time>2026-06-16T16:14:39Z</time></trkpt><trkpt lat="51.324852" lon="-116.193668"><ele>1986.009</ele><time>2026-06-16T16:14:44Z</time></trkpt><trkpt lat="51.324837" lon="-116.193741"><ele>1987.064</ele><time>2026-06-16T16:14:49Z</time></trkpt><trkpt lat="51.324794" lon="-116.193819"><ele>1988.038</ele><time>2026-06-16T16:14:58Z</time></trkpt><trkpt lat="51.324765" lon="-116.193898"><ele>1988.431</ele><time>2026-06-16T16:15:04Z</time></trkpt><trkpt lat="51.324765" lon="-116.193927"><ele>1988.689</ele><time>2026-06-16T16:15:06Z</time></trkpt><trkpt lat="51.324773" lon="-116.194003"><ele>1989.260</ele><time>2026-06-16T16:15:12Z</time></trkpt><trkpt lat="51.324774" lon="-116.194028"><ele>1989.230</ele><time>2026-06-16T16:15:14Z</time></trkpt><trkpt lat="51.324742" lon="-116.1941"><ele>1990.085</ele><time>2026-06-16T16:15:23Z</time></trkpt><trkpt lat="51.324734" lon="-116.194111"><ele>1990.270</ele><time>2026-06-16T16:15:25Z</time></trkpt><trkpt lat="51.324727" lon="-116.194118"><ele>1990.433</ele><time>2026-06-16T16:15:27Z</time></trkpt><trkpt lat="51.324703" lon="-116.194156"><ele>1990.667</ele><time>2026-06-16T16:15:31Z</time></trkpt><trkpt lat="51.32469" lon="-116.194186"><ele>1991.081</ele><time>2026-06-16T16:15:33Z</time></trkpt><trkpt lat="51.32468" lon="-116.194223"><ele>1991.219</ele><time>2026-06-16T16:15:35Z</time></trkpt><trkpt lat="51.324677" lon="-116.194232"><ele>1991.209</ele><time>2026-06-16T16:15:36Z</time></trkpt><trkpt lat="51.324666" lon="-116.194282"><ele>1991.848</ele><time>2026-06-16T16:15:40Z</time></trkpt><trkpt lat="51.324657" lon="-116.194316"><ele>1992.282</ele><time>2026-06-16T16:15:44Z</time></trkpt><trkpt lat="51.324649" lon="-116.194357"><ele>1992.615</ele><time>2026-06-16T16:15:50Z</time></trkpt><trkpt lat="51.324641" lon="-116.194398"><ele>1993.483</ele><time>2026-06-16T16:15:56Z</time></trkpt><trkpt lat="51.324635" lon="-116.194427"><ele>1993.664</ele><time>2026-06-16T16:15:59Z</time></trkpt><trkpt lat="51.324595" lon="-116.194528"><ele>1994.094</ele><time>2026-06-16T16:16:09Z</time></trkpt><trkpt lat="51.324566" lon="-116.194565"><ele>1994.459</ele><time>2026-06-16T16:16:14Z</time></trkpt><trkpt lat="51.324543" lon="-116.194589"><ele>1994.694</ele><time>2026-06-16T16:16:18Z</time></trkpt><trkpt lat="51.324499" lon="-116.194673"><ele>1995.037</ele><time>2026-06-16T16:16:27Z</time></trkpt><trkpt lat="51.324499" lon="-116.194695"><ele>1995.482</ele><time>2026-06-16T16:16:29Z</time></trkpt><trkpt lat="51.324493" lon="-116.194752"><ele>1996.643</ele><time>2026-06-16T16:16:34Z</time></trkpt><trkpt lat="51.324483" lon="-116.194778"><ele>1997.017</ele><time>2026-06-16T16:16:37Z</time></trkpt><trkpt lat="51.324473" lon="-116.194809"><ele>1997.609</ele><time>2026-06-16T16:16:41Z</time></trkpt><trkpt lat="51.32446" lon="-116.194859"><ele>1998.450</ele><time>2026-06-16T16:16:46Z</time></trkpt><trkpt lat="51.324432" lon="-116.194946"><ele>1998.644</ele><time>2026-06-16T16:16:55Z</time></trkpt><trkpt lat="51.324425" lon="-116.194961"><ele>1998.627</ele><time>2026-06-16T16:16:57Z</time></trkpt><trkpt lat="51.324407" lon="-116.195036"><ele>1998.645</ele><time>2026-06-16T16:17:04Z</time></trkpt><trkpt lat="51.324404" lon="-116.195056"><ele>1998.616</ele><time>2026-06-16T16:17:06Z</time></trkpt><trkpt lat="51.32438" lon="-116.195139"><ele>1999.866</ele><time>2026-06-16T16:17:13Z</time></trkpt><trkpt lat="51.324376" lon="-116.19515"><ele>2000.081</ele><time>2026-06-16T16:17:14Z</time></trkpt><trkpt lat="51.32437" lon="-116.195179"><ele>2000.866</ele><time>2026-06-16T16:17:18Z</time></trkpt><trkpt lat="51.324356" lon="-116.19522"><ele>2001.679</ele><time>2026-06-16T16:17:25Z</time></trkpt><trkpt lat="51.324346" lon="-116.19525"><ele>2002.024</ele><time>2026-06-16T16:17:28Z</time></trkpt><trkpt lat="51.324348" lon="-116.195353"><ele>2002.804</ele><time>2026-06-16T16:17:35Z</time></trkpt><trkpt lat="51.324348" lon="-116.19538"><ele>2003.014</ele><time>2026-06-16T16:17:37Z</time></trkpt><trkpt lat="51.324323" lon="-116.195429"><ele>2004.209</ele><time>2026-06-16T16:17:43Z</time></trkpt><trkpt lat="51.324316" lon="-116.19545"><ele>2004.664</ele><time>2026-06-16T16:17:45Z</time></trkpt><trkpt lat="51.324291" lon="-116.195511"><ele>2005.248</ele><time>2026-06-16T16:17:52Z</time></trkpt><trkpt lat="51.324281" lon="-116.19554"><ele>2006.051</ele><time>2026-06-16T16:17:57Z</time></trkpt><trkpt lat="51.324274" lon="-116.195555"><ele>2006.489</ele><time>2026-06-16T16:17:59Z</time></trkpt><trkpt lat="51.324246" lon="-116.195617"><ele>2007.460</ele><time>2026-06-16T16:18:04Z</time></trkpt><trkpt lat="51.324221" lon="-116.195664"><ele>2007.610</ele><time>2026-06-16T16:18:06Z</time></trkpt><trkpt lat="51.324209" lon="-116.195688"><ele>2008.025</ele><time>2026-06-16T16:18:10Z</time></trkpt><trkpt lat="51.324208" lon="-116.195698"><ele>2008.210</ele><time>2026-06-16T16:18:12Z</time></trkpt><trkpt lat="51.32421" lon="-116.195704"><ele>2008.413</ele><time>2026-06-16T16:18:13Z</time></trkpt><trkpt lat="51.324212" lon="-116.195717"><ele>2008.625</ele><time>2026-06-16T16:18:15Z</time></trkpt><trkpt lat="51.32422" lon="-116.195771"><ele>2009.626</ele><time>2026-06-16T16:18:20Z</time></trkpt><trkpt lat="51.324232" lon="-116.195762"><ele>2010.008</ele><time>2026-06-16T16:18:23Z</time></trkpt><trkpt lat="51.324256" lon="-116.195749"><ele>2010.609</ele><time>2026-06-16T16:18:26Z</time></trkpt><trkpt lat="51.324305" lon="-116.195718"><ele>2011.274</ele><time>2026-06-16T16:18:31Z</time></trkpt><trkpt lat="51.324334" lon="-116.195693"><ele>2011.258</ele><time>2026-06-16T16:18:34Z</time></trkpt><trkpt lat="51.324368" lon="-116.195669"><ele>2011.641</ele><time>2026-06-16T16:18:39Z</time></trkpt><trkpt lat="51.32438" lon="-116.195669"><ele>2012.029</ele><time>2026-06-16T16:18:43Z</time></trkpt><trkpt lat="51.32444" lon="-116.195628"><ele>2012.640</ele><time>2026-06-16T16:18:50Z</time></trkpt><trkpt lat="51.324445" lon="-116.195628"><ele>2012.870</ele><time>2026-06-16T16:18:51Z</time></trkpt><trkpt lat="51.324455" lon="-116.195645"><ele>2013.225</ele><time>2026-06-16T16:18:54Z</time></trkpt><trkpt lat="51.324487" lon="-116.195645"><ele>2013.820</ele><time>2026-06-16T16:18:59Z</time></trkpt><trkpt lat="51.324518" lon="-116.195615"><ele>2014.893</ele><time>2026-06-16T16:19:08Z</time></trkpt><trkpt lat="51.324515" lon="-116.195624"><ele>2014.831</ele><time>2026-06-16T16:19:09Z</time></trkpt><trkpt lat="51.324493" lon="-116.195656"><ele>2015.861</ele><time>2026-06-16T16:19:17Z</time></trkpt><trkpt lat="51.324489" lon="-116.195667"><ele>2016.007</ele><time>2026-06-16T16:19:18Z</time></trkpt><trkpt lat="51.324461" lon="-116.195726"><ele>2017.009</ele><time>2026-06-16T16:19:24Z</time></trkpt><trkpt lat="51.324445" lon="-116.195777"><ele>2017.695</ele><time>2026-06-16T16:19:29Z</time></trkpt><trkpt lat="51.324437" lon="-116.195811"><ele>2018.059</ele><time>2026-06-16T16:19:32Z</time></trkpt><trkpt lat="51.324417" lon="-116.195866"><ele>2018.812</ele><time>2026-06-16T16:19:39Z</time></trkpt><trkpt lat="51.324409" lon="-116.195883"><ele>2019.210</ele><time>2026-06-16T16:19:41Z</time></trkpt><trkpt lat="51.32437" lon="-116.195955"><ele>2020.081</ele><time>2026-06-16T16:19:48Z</time></trkpt><trkpt lat="51.324365" lon="-116.195993"><ele>2020.281</ele><time>2026-06-16T16:19:52Z</time></trkpt><trkpt lat="51.324376" lon="-116.196028"><ele>2021.286</ele><time>2026-06-16T16:19:57Z</time></trkpt><trkpt lat="51.324381" lon="-116.196023"><ele>2021.461</ele><time>2026-06-16T16:19:58Z</time></trkpt><trkpt lat="51.32443" lon="-116.196008"><ele>2022.494</ele><time>2026-06-16T16:20:04Z</time></trkpt><trkpt lat="51.324448" lon="-116.196005"><ele>2022.832</ele><time>2026-06-16T16:20:07Z</time></trkpt><trkpt lat="51.324479" lon="-116.195987"><ele>2023.492</ele><time>2026-06-16T16:20:12Z</time></trkpt><trkpt lat="51.324506" lon="-116.195954"><ele>2024.011</ele><time>2026-06-16T16:20:15Z</time></trkpt><trkpt lat="51.324539" lon="-116.195929"><ele>2024.409</ele><time>2026-06-16T16:20:20Z</time></trkpt><trkpt lat="51.324581" lon="-116.195919"><ele>2025.285</ele><time>2026-06-16T16:20:25Z</time></trkpt><trkpt lat="51.324598" lon="-116.195907"><ele>2025.649</ele><time>2026-06-16T16:20:27Z</time></trkpt><trkpt lat="51.324637" lon="-116.195879"><ele>2026.842</ele><time>2026-06-16T16:20:33Z</time></trkpt><trkpt lat="51.324652" lon="-116.195861"><ele>2026.850</ele><time>2026-06-16T16:20:35Z</time></trkpt><trkpt lat="51.324665" lon="-116.195842"><ele>2027.221</ele><time>2026-06-16T16:20:38Z</time></trkpt><trkpt lat="51.324698" lon="-116.195809"><ele>2027.871</ele><time>2026-06-16T16:20:42Z</time></trkpt><trkpt lat="51.32471" lon="-116.195808"><ele>2028.286</ele><time>2026-06-16T16:20:45Z</time></trkpt><trkpt lat="51.324723" lon="-116.19581"><ele>2029.091</ele><time>2026-06-16T16:20:49Z</time></trkpt><trkpt lat="51.32473" lon="-116.195809"><ele>2030.034</ele><time>2026-06-16T16:20:54Z</time></trkpt><trkpt lat="51.324735" lon="-116.19581"><ele>2030.218</ele><time>2026-06-16T16:20:55Z</time></trkpt><trkpt lat="51.324796" lon="-116.195775"><ele>2031.298</ele><time>2026-06-16T16:21:02Z</time></trkpt><trkpt lat="51.32481" lon="-116.195765"><ele>2031.617</ele><time>2026-06-16T16:21:04Z</time></trkpt><trkpt lat="51.324818" lon="-116.19579"><ele>2032.009</ele><time>2026-06-16T16:21:08Z</time></trkpt><trkpt lat="51.324815" lon="-116.195806"><ele>2032.423</ele><time>2026-06-16T16:21:10Z</time></trkpt><trkpt lat="51.324812" lon="-116.195811"><ele>2032.697</ele><time>2026-06-16T16:21:11Z</time></trkpt><trkpt lat="51.324801" lon="-116.195811"><ele>2032.630</ele><time>2026-06-16T16:21:12Z</time></trkpt><trkpt lat="51.324763" lon="-116.195854"><ele>2033.278</ele><time>2026-06-16T16:21:18Z</time></trkpt><trkpt lat="51.32475" lon="-116.195882"><ele>2033.479</ele><time>2026-06-16T16:21:20Z</time></trkpt><trkpt lat="51.324727" lon="-116.195947"><ele>2034.449</ele><time>2026-06-16T16:21:27Z</time></trkpt><trkpt lat="51.324725" lon="-116.195956"><ele>2034.664</ele><time>2026-06-16T16:21:28Z</time></trkpt><trkpt lat="51.324693" lon="-116.196048"><ele>2035.469</ele><time>2026-06-16T16:21:37Z</time></trkpt><trkpt lat="51.324689" lon="-116.196062"><ele>2035.652</ele><time>2026-06-16T16:21:38Z</time></trkpt><trkpt lat="51.324655" lon="-116.196159"><ele>2036.615</ele><time>2026-06-16T16:21:46Z</time></trkpt><trkpt lat="51.324654" lon="-116.196168"><ele>2036.865</ele><time>2026-06-16T16:21:47Z</time></trkpt><trkpt lat="51.324624" lon="-116.196257"><ele>2037.611</ele><time>2026-06-16T16:21:56Z</time></trkpt><trkpt lat="51.324592" lon="-116.19635"><ele>2038.609</ele><time>2026-06-16T16:22:04Z</time></trkpt><trkpt lat="51.324589" lon="-116.196361"><ele>2038.833</ele><time>2026-06-16T16:22:05Z</time></trkpt><trkpt lat="51.324559" lon="-116.196412"><ele>2039.477</ele><time>2026-06-16T16:22:14Z</time></trkpt><trkpt lat="51.324563" lon="-116.196431"><ele>2039.810</ele><time>2026-06-16T16:22:16Z</time></trkpt><trkpt lat="51.3246" lon="-116.196435"><ele>2041.078</ele><time>2026-06-16T16:22:22Z</time></trkpt><trkpt lat="51.324633" lon="-116.196416"><ele>2042.079</ele><time>2026-06-16T16:22:27Z</time></trkpt><trkpt lat="51.324688" lon="-116.196394"><ele>2043.059</ele><time>2026-06-16T16:22:35Z</time></trkpt><trkpt lat="51.324721" lon="-116.196387"><ele>2043.024</ele><time>2026-06-16T16:22:39Z</time></trkpt><trkpt lat="51.324739" lon="-116.196375"><ele>2043.619</ele><time>2026-06-16T16:22:44Z</time></trkpt><trkpt lat="51.324774" lon="-116.196347"><ele>2044.052</ele><time>2026-06-16T16:22:49Z</time></trkpt><trkpt lat="51.324801" lon="-116.19633"><ele>2044.659</ele><time>2026-06-16T16:22:53Z</time></trkpt><trkpt lat="51.324809" lon="-116.196329"><ele>2045.003</ele><time>2026-06-16T16:22:55Z</time></trkpt><trkpt lat="51.324857" lon="-116.196305"><ele>2045.823</ele><time>2026-06-16T16:23:04Z</time></trkpt><trkpt lat="51.324889" lon="-116.196284"><ele>2046.209</ele><time>2026-06-16T16:23:09Z</time></trkpt><trkpt lat="51.324918" lon="-116.196269"><ele>2046.477</ele><time>2026-06-16T16:23:12Z</time></trkpt><trkpt lat="51.32495" lon="-116.196242"><ele>2047.211</ele><time>2026-06-16T16:23:20Z</time></trkpt><trkpt lat="51.324965" lon="-116.196229"><ele>2047.434</ele><time>2026-06-16T16:23:22Z</time></trkpt><trkpt lat="51.325027" lon="-116.196189"><ele>2048.242</ele><time>2026-06-16T16:23:29Z</time></trkpt><trkpt lat="51.325028" lon="-116.196188"><ele>2048.413</ele><time>2026-06-16T16:23:32Z</time></trkpt><trkpt lat="51.325067" lon="-116.196165"><ele>2049.213</ele><time>2026-06-16T16:23:39Z</time></trkpt><trkpt lat="51.325077" lon="-116.196142"><ele>2049.218</ele><time>2026-06-16T16:23:41Z</time></trkpt><trkpt lat="51.325135" lon="-116.196096"><ele>2050.493</ele><time>2026-06-16T16:23:49Z</time></trkpt><trkpt lat="51.325145" lon="-116.196094"><ele>2050.876</ele><time>2026-06-16T16:23:50Z</time></trkpt><trkpt lat="51.32516" lon="-116.196099"><ele>2051.834</ele><time>2026-06-16T16:23:53Z</time></trkpt><trkpt lat="51.325184" lon="-116.196104"><ele>2052.855</ele><time>2026-06-16T16:23:57Z</time></trkpt><trkpt lat="51.32519" lon="-116.196105"><ele>2052.810</ele><time>2026-06-16T16:23:58Z</time></trkpt><trkpt lat="51.325227" lon="-116.196107"><ele>2052.809</ele><time>2026-06-16T16:24:02Z</time></trkpt><trkpt lat="51.325254" lon="-116.196098"><ele>2053.065</ele><time>2026-06-16T16:24:07Z</time></trkpt><trkpt lat="51.325272" lon="-116.196062"><ele>2053.899</ele><time>2026-06-16T16:24:14Z</time></trkpt><trkpt lat="51.3253" lon="-116.196041"><ele>2054.632</ele><time>2026-06-16T16:24:18Z</time></trkpt><trkpt lat="51.325324" lon="-116.196023"><ele>2054.860</ele><time>2026-06-16T16:24:20Z</time></trkpt><trkpt lat="51.325371" lon="-116.195971"><ele>2055.651</ele><time>2026-06-16T16:24:26Z</time></trkpt><trkpt lat="51.325395" lon="-116.195954"><ele>2056.061</ele><time>2026-06-16T16:24:30Z</time></trkpt><trkpt lat="51.325436" lon="-116.19591"><ele>2056.816</ele><time>2026-06-16T16:24:37Z</time></trkpt><trkpt lat="51.325441" lon="-116.195907"><ele>2057.021</ele><time>2026-06-16T16:24:38Z</time></trkpt><trkpt lat="51.325472" lon="-116.195885"><ele>2058.014</ele><time>2026-06-16T16:24:43Z</time></trkpt><trkpt lat="51.325506" lon="-116.195852"><ele>2058.699</ele><time>2026-06-16T16:24:47Z</time></trkpt><trkpt lat="51.325534" lon="-116.195812"><ele>2058.607</ele><time>2026-06-16T16:24:51Z</time></trkpt><trkpt lat="51.32557" lon="-116.195775"><ele>2059.027</ele><time>2026-06-16T16:24:57Z</time></trkpt><trkpt lat="51.325624" lon="-116.195747"><ele>2060.209</ele><time>2026-06-16T16:25:04Z</time></trkpt><trkpt lat="51.325626" lon="-116.195748"><ele>2060.261</ele><time>2026-06-16T16:25:05Z</time></trkpt><trkpt lat="51.325681" lon="-116.195724"><ele>2061.215</ele><time>2026-06-16T16:25:14Z</time></trkpt><trkpt lat="51.325689" lon="-116.195714"><ele>2061.468</ele><time>2026-06-16T16:25:16Z</time></trkpt><trkpt lat="51.325709" lon="-116.195686"><ele>2062.466</ele><time>2026-06-16T16:25:21Z</time></trkpt><trkpt lat="51.325752" lon="-116.195665"><ele>2063.477</ele><time>2026-06-16T16:25:26Z</time></trkpt><trkpt lat="51.325762" lon="-116.195657"><ele>2063.487</ele><time>2026-06-16T16:25:27Z</time></trkpt><trkpt lat="51.325782" lon="-116.195651"><ele>2063.672</ele><time>2026-06-16T16:25:30Z</time></trkpt><trkpt lat="51.325807" lon="-116.195635"><ele>2064.457</ele><time>2026-06-16T16:25:35Z</time></trkpt><trkpt lat="51.325816" lon="-116.195626"><ele>2064.450</ele><time>2026-06-16T16:25:36Z</time></trkpt><trkpt lat="51.325858" lon="-116.195598"><ele>2065.678</ele><time>2026-06-16T16:25:40Z</time></trkpt><trkpt lat="51.325898" lon="-116.195563"><ele>2066.233</ele><time>2026-06-16T16:25:44Z</time></trkpt><trkpt lat="51.325917" lon="-116.195555"><ele>2066.826</ele><time>2026-06-16T16:25:46Z</time></trkpt><trkpt lat="51.325966" lon="-116.195526"><ele>2067.809</ele><time>2026-06-16T16:25:54Z</time></trkpt><trkpt lat="51.325975" lon="-116.19552"><ele>2068.069</ele><time>2026-06-16T16:25:55Z</time></trkpt><trkpt lat="51.326046" lon="-116.19546"><ele>2069.083</ele><time>2026-06-16T16:26:02Z</time></trkpt><trkpt lat="51.326054" lon="-116.195451"><ele>2069.276</ele><time>2026-06-16T16:26:03Z</time></trkpt><trkpt lat="51.326082" lon="-116.195432"><ele>2070.254</ele><time>2026-06-16T16:26:07Z</time></trkpt><trkpt lat="51.326085" lon="-116.195455"><ele>2071.445</ele><time>2026-06-16T16:26:12Z</time></trkpt><trkpt lat="51.326081" lon="-116.195464"><ele>2071.685</ele><time>2026-06-16T16:26:13Z</time></trkpt><trkpt lat="51.326058" lon="-116.195486"><ele>2072.080</ele><time>2026-06-16T16:26:15Z</time></trkpt><trkpt lat="51.326039" lon="-116.195535"><ele>2072.645</ele><time>2026-06-16T16:26:18Z</time></trkpt><trkpt lat="51.326022" lon="-116.195575"><ele>2073.268</ele><time>2026-06-16T16:26:21Z</time></trkpt><trkpt lat="51.326004" lon="-116.195629"><ele>2073.868</ele><time>2026-06-16T16:26:25Z</time></trkpt><trkpt lat="51.325994" lon="-116.195669"><ele>2074.242</ele><time>2026-06-16T16:26:29Z</time></trkpt><trkpt lat="51.325991" lon="-116.195682"><ele>2074.626</ele><time>2026-06-16T16:26:31Z</time></trkpt><trkpt lat="51.325986" lon="-116.195695"><ele>2074.809</ele><time>2026-06-16T16:26:33Z</time></trkpt><trkpt lat="51.325975" lon="-116.195743"><ele>2076.018</ele><time>2026-06-16T16:26:39Z</time></trkpt><trkpt lat="51.325969" lon="-116.195768"><ele>2076.232</ele><time>2026-06-16T16:26:42Z</time></trkpt><trkpt lat="51.325969" lon="-116.195849"><ele>2077.025</ele><time>2026-06-16T16:26:51Z</time></trkpt><trkpt lat="51.325968" lon="-116.195858"><ele>2077.283</ele><time>2026-06-16T16:26:52Z</time></trkpt><trkpt lat="51.325932" lon="-116.195891"><ele>2078.264</ele><time>2026-06-16T16:27:01Z</time></trkpt><trkpt lat="51.325917" lon="-116.195897"><ele>2078.474</ele><time>2026-06-16T16:27:03Z</time></trkpt><trkpt lat="51.325902" lon="-116.195903"><ele>2078.829</ele><time>2026-06-16T16:27:11Z</time></trkpt><trkpt lat="51.325916" lon="-116.195898"><ele>2079.214</ele><time>2026-06-16T16:27:16Z</time></trkpt><trkpt lat="51.325916" lon="-116.195913"><ele>2079.447</ele><time>2026-06-16T16:27:19Z</time></trkpt><trkpt lat="51.325904" lon="-116.196012"><ele>2080.082</ele><time>2026-06-16T16:27:28Z</time></trkpt><trkpt lat="51.325896" lon="-116.196036"><ele>2080.243</ele><time>2026-06-16T16:27:30Z</time></trkpt><trkpt lat="51.325879" lon="-116.196063"><ele>2080.817</ele><time>2026-06-16T16:27:37Z</time></trkpt><trkpt lat="51.325867" lon="-116.19611"><ele>2081.409</ele><time>2026-06-16T16:27:41Z</time></trkpt><trkpt lat="51.325866" lon="-116.196141"><ele>2081.840</ele><time>2026-06-16T16:27:45Z</time></trkpt><trkpt lat="51.325828" lon="-116.196234"><ele>2082.454</ele><time>2026-06-16T16:27:55Z</time></trkpt><trkpt lat="51.325828" lon="-116.196229"><ele>2082.637</ele><time>2026-06-16T16:27:56Z</time></trkpt><trkpt lat="51.325801" lon="-116.196263"><ele>2083.075</ele><time>2026-06-16T16:28:03Z</time></trkpt><trkpt lat="51.325776" lon="-116.196318"><ele>2083.476</ele><time>2026-06-16T16:28:13Z</time></trkpt><trkpt lat="51.325761" lon="-116.196378"><ele>2084.076</ele><time>2026-06-16T16:28:17Z</time></trkpt><trkpt lat="51.325734" lon="-116.196445"><ele>2084.651</ele><time>2026-06-16T16:28:23Z</time></trkpt><trkpt lat="51.325683" lon="-116.196521"><ele>2085.686</ele><time>2026-06-16T16:28:32Z</time></trkpt><trkpt lat="51.325682" lon="-116.196529"><ele>2085.879</ele><time>2026-06-16T16:28:33Z</time></trkpt><trkpt lat="51.325661" lon="-116.196572"><ele>2086.884</ele><time>2026-06-16T16:28:38Z</time></trkpt><trkpt lat="51.325645" lon="-116.196601"><ele>2088.007</ele><time>2026-06-16T16:28:43Z</time></trkpt><trkpt lat="51.325643" lon="-116.196607"><ele>2088.217</ele><time>2026-06-16T16:28:44Z</time></trkpt><trkpt lat="51.325634" lon="-116.196623"><ele>2089.009</ele><time>2026-06-16T16:28:47Z</time></trkpt><trkpt lat="51.325592" lon="-116.196687"><ele>2089.680</ele><time>2026-06-16T16:28:54Z</time></trkpt><trkpt lat="51.32558" lon="-116.196717"><ele>2090.234</ele><time>2026-06-16T16:28:57Z</time></trkpt><trkpt lat="51.32557" lon="-116.196745"><ele>2091.267</ele><time>2026-06-16T16:29:01Z</time></trkpt><trkpt lat="51.325564" lon="-116.196764"><ele>2091.685</ele><time>2026-06-16T16:29:03Z</time></trkpt><trkpt lat="51.325551" lon="-116.19683"><ele>2092.456</ele><time>2026-06-16T16:29:09Z</time></trkpt><trkpt lat="51.325529" lon="-116.19687"><ele>2092.886</ele><time>2026-06-16T16:29:13Z</time></trkpt><trkpt lat="51.32551" lon="-116.196945"><ele>2092.671</ele><time>2026-06-16T16:29:20Z</time></trkpt><trkpt lat="51.325505" lon="-116.196967"><ele>2092.436</ele><time>2026-06-16T16:29:22Z</time></trkpt><trkpt lat="51.325462" lon="-116.197056"><ele>2092.679</ele><time>2026-06-16T16:29:31Z</time></trkpt><trkpt lat="51.325396" lon="-116.197133"><ele>2093.247</ele><time>2026-06-16T16:29:40Z</time></trkpt><trkpt lat="51.325394" lon="-116.197142"><ele>2093.429</ele><time>2026-06-16T16:29:41Z</time></trkpt><trkpt lat="51.325374" lon="-116.19721"><ele>2094.421</ele><time>2026-06-16T16:29:47Z</time></trkpt><trkpt lat="51.325373" lon="-116.197221"><ele>2094.609</ele><time>2026-06-16T16:29:48Z</time></trkpt><trkpt lat="51.325387" lon="-116.197224"><ele>2095.216</ele><time>2026-06-16T16:29:51Z</time></trkpt><trkpt lat="51.325398" lon="-116.197212"><ele>2095.660</ele><time>2026-06-16T16:29:53Z</time></trkpt><trkpt lat="51.325408" lon="-116.197206"><ele>2095.893</ele><time>2026-06-16T16:29:54Z</time></trkpt><trkpt lat="51.325435" lon="-116.197184"><ele>2096.661</ele><time>2026-06-16T16:29:57Z</time></trkpt><trkpt lat="51.325459" lon="-116.197181"><ele>2097.852</ele><time>2026-06-16T16:30:01Z</time></trkpt><trkpt lat="51.325466" lon="-116.197184"><ele>2098.062</ele><time>2026-06-16T16:30:02Z</time></trkpt><trkpt lat="51.325533" lon="-116.197158"><ele>2098.847</ele><time>2026-06-16T16:30:11Z</time></trkpt><trkpt lat="51.32555" lon="-116.197143"><ele>2099.212</ele><time>2026-06-16T16:30:13Z</time></trkpt><trkpt lat="51.325607" lon="-116.197099"><ele>2099.685</ele><time>2026-06-16T16:30:21Z</time></trkpt><trkpt lat="51.325642" lon="-116.197081"><ele>2100.075</ele><time>2026-06-16T16:30:26Z</time></trkpt><trkpt lat="51.325667" lon="-116.19705"><ele>2101.028</ele><time>2026-06-16T16:30:31Z</time></trkpt><trkpt lat="51.325671" lon="-116.197038"><ele>2101.220</ele><time>2026-06-16T16:30:32Z</time></trkpt><trkpt lat="51.32568" lon="-116.197024"><ele>2101.809</ele><time>2026-06-16T16:30:35Z</time></trkpt><trkpt lat="51.325703" lon="-116.197006"><ele>2101.659</ele><time>2026-06-16T16:30:39Z</time></trkpt><trkpt lat="51.325748" lon="-116.196964"><ele>2102.063</ele><time>2026-06-16T16:30:47Z</time></trkpt><trkpt lat="51.325754" lon="-116.19696"><ele>2102.266</ele><time>2026-06-16T16:30:48Z</time></trkpt><trkpt lat="51.325784" lon="-116.196948"><ele>2103.284</ele><time>2026-06-16T16:30:52Z</time></trkpt><trkpt lat="51.325811" lon="-116.19694"><ele>2103.895</ele><time>2026-06-16T16:30:55Z</time></trkpt><trkpt lat="51.325869" lon="-116.196916"><ele>2104.435</ele><time>2026-06-16T16:31:04Z</time></trkpt><trkpt lat="51.325877" lon="-116.196893"><ele>2105.450</ele><time>2026-06-16T16:31:10Z</time></trkpt><trkpt lat="51.325903" lon="-116.196882"><ele>2105.865</ele><time>2026-06-16T16:31:12Z</time></trkpt><trkpt lat="51.325943" lon="-116.196868"><ele>2106.698</ele><time>2026-06-16T16:31:17Z</time></trkpt><trkpt lat="51.325966" lon="-116.196856"><ele>2107.225</ele><time>2026-06-16T16:31:20Z</time></trkpt><trkpt lat="51.325977" lon="-116.196848"><ele>2107.626</ele><time>2026-06-16T16:31:21Z</time></trkpt><trkpt lat="51.326006" lon="-116.196822"><ele>2109.008</ele><time>2026-06-16T16:31:24Z</time></trkpt><trkpt lat="51.326034" lon="-116.196796"><ele>2109.809</ele><time>2026-06-16T16:31:28Z</time></trkpt><trkpt lat="51.326083" lon="-116.196759"><ele>2110.064</ele><time>2026-06-16T16:31:34Z</time></trkpt><trkpt lat="51.32609" lon="-116.196736"><ele>2110.698</ele><time>2026-06-16T16:31:38Z</time></trkpt><trkpt lat="51.326115" lon="-116.196715"><ele>2111.221</ele><time>2026-06-16T16:31:42Z</time></trkpt><trkpt lat="51.326141" lon="-116.196704"><ele>2111.449</ele><time>2026-06-16T16:31:47Z</time></trkpt><trkpt lat="51.326173" lon="-116.196698"><ele>2112.270</ele><time>2026-06-16T16:31:52Z</time></trkpt><trkpt lat="51.326182" lon="-116.196707"><ele>2113.270</ele><time>2026-06-16T16:31:59Z</time></trkpt><trkpt lat="51.326186" lon="-116.196713"><ele>2113.425</ele><time>2026-06-16T16:32:01Z</time></trkpt><trkpt lat="51.326179" lon="-116.196738"><ele>2114.410</ele><time>2026-06-16T16:32:05Z</time></trkpt><trkpt lat="51.326164" lon="-116.196753"><ele>2115.293</ele><time>2026-06-16T16:32:10Z</time></trkpt><trkpt lat="51.326158" lon="-116.196755"><ele>2115.481</ele><time>2026-06-16T16:32:11Z</time></trkpt><trkpt lat="51.326139" lon="-116.196804"><ele>2116.061</ele><time>2026-06-16T16:32:18Z</time></trkpt><trkpt lat="51.326123" lon="-116.196852"><ele>2116.417</ele><time>2026-06-16T16:32:26Z</time></trkpt><trkpt lat="51.326103" lon="-116.196918"><ele>2117.609</ele><time>2026-06-16T16:32:31Z</time></trkpt><trkpt lat="51.326085" lon="-116.196935"><ele>2118.220</ele><time>2026-06-16T16:32:35Z</time></trkpt><trkpt lat="51.326038" lon="-116.196989"><ele>2118.474</ele><time>2026-06-16T16:32:42Z</time></trkpt><trkpt lat="51.326029" lon="-116.197008"><ele>2118.687</ele><time>2026-06-16T16:32:44Z</time></trkpt><trkpt lat="51.326006" lon="-116.197046"><ele>2119.875</ele><time>2026-06-16T16:32:48Z</time></trkpt><trkpt lat="51.325999" lon="-116.197061"><ele>2120.066</ele><time>2026-06-16T16:32:50Z</time></trkpt><trkpt lat="51.32597" lon="-116.197116"><ele>2120.846</ele><time>2026-06-16T16:32:56Z</time></trkpt><trkpt lat="51.325953" lon="-116.197153"><ele>2121.491</ele><time>2026-06-16T16:32:59Z</time></trkpt><trkpt lat="51.325933" lon="-116.197203"><ele>2121.616</ele><time>2026-06-16T16:33:04Z</time></trkpt><trkpt lat="51.325929" lon="-116.197215"><ele>2121.869</ele><time>2026-06-16T16:33:06Z</time></trkpt><trkpt lat="51.325914" lon="-116.197251"><ele>2122.687</ele><time>2026-06-16T16:33:10Z</time></trkpt><trkpt lat="51.325876" lon="-116.19732"><ele>2123.242</ele><time>2026-06-16T16:33:17Z</time></trkpt><trkpt lat="51.325866" lon="-116.197336"><ele>2124.426</ele><time>2026-06-16T16:33:20Z</time></trkpt><trkpt lat="51.325834" lon="-116.197414"><ele>2124.409</ele><time>2026-06-16T16:33:29Z</time></trkpt><trkpt lat="51.325788" lon="-116.197469"><ele>2125.210</ele><time>2026-06-16T16:33:38Z</time></trkpt><trkpt lat="51.325771" lon="-116.197514"><ele>2125.474</ele><time>2026-06-16T16:33:45Z</time></trkpt><trkpt lat="51.325762" lon="-116.197538"><ele>2126.087</ele><time>2026-06-16T16:33:47Z</time></trkpt><trkpt lat="51.325744" lon="-116.197583"><ele>2126.625</ele><time>2026-06-16T16:33:52Z</time></trkpt><trkpt lat="51.325723" lon="-116.197612"><ele>2126.496</ele><time>2026-06-16T16:33:56Z</time></trkpt><trkpt lat="51.325673" lon="-116.197689"><ele>2126.456</ele><time>2026-06-16T16:34:05Z</time></trkpt><trkpt lat="51.325647" lon="-116.197741"><ele>2127.651</ele><time>2026-06-16T16:34:10Z</time></trkpt><trkpt lat="51.325636" lon="-116.197774"><ele>2127.866</ele><time>2026-06-16T16:34:14Z</time></trkpt><trkpt lat="51.325626" lon="-116.197788"><ele>2128.649</ele><time>2026-06-16T16:34:18Z</time></trkpt><trkpt lat="51.325614" lon="-116.197831"><ele>2129.855</ele><time>2026-06-16T16:34:21Z</time></trkpt><trkpt lat="51.32561" lon="-116.197846"><ele>2130.607</ele><time>2026-06-16T16:34:23Z</time></trkpt><trkpt lat="51.325609" lon="-116.197851"><ele>2130.817</ele><time>2026-06-16T16:34:24Z</time></trkpt><trkpt lat="51.325581" lon="-116.197914"><ele>2131.009</ele><time>2026-06-16T16:34:32Z</time></trkpt><trkpt lat="51.325554" lon="-116.197963"><ele>2131.867</ele><time>2026-06-16T16:34:37Z</time></trkpt><trkpt lat="51.325521" lon="-116.198016"><ele>2132.621</ele><time>2026-06-16T16:34:43Z</time></trkpt><trkpt lat="51.325514" lon="-116.19803"><ele>2133.034</ele><time>2026-06-16T16:34:44Z</time></trkpt><trkpt lat="51.325479" lon="-116.198094"><ele>2132.882</ele><time>2026-06-16T16:34:52Z</time></trkpt><trkpt lat="51.325437" lon="-116.19819"><ele>2133.063</ele><time>2026-06-16T16:35:01Z</time></trkpt><trkpt lat="51.325417" lon="-116.198229"><ele>2134.023</ele><time>2026-06-16T16:35:06Z</time></trkpt><trkpt lat="51.325392" lon="-116.198269"><ele>2134.458</ele><time>2026-06-16T16:35:10Z</time></trkpt><trkpt lat="51.325351" lon="-116.198354"><ele>2134.693</ele><time>2026-06-16T16:35:20Z</time></trkpt><trkpt lat="51.325328" lon="-116.198383"><ele>2135.076</ele><time>2026-06-16T16:35:24Z</time></trkpt><trkpt lat="51.325317" lon="-116.198421"><ele>2136.456</ele><time>2026-06-16T16:35:28Z</time></trkpt><trkpt lat="51.325315" lon="-116.198486"><ele>2136.459</ele><time>2026-06-16T16:35:36Z</time></trkpt><trkpt lat="51.325363" lon="-116.198428"><ele>2137.014</ele><time>2026-06-16T16:35:43Z</time></trkpt><trkpt lat="51.325426" lon="-116.198388"><ele>2137.609</ele><time>2026-06-16T16:35:51Z</time></trkpt><trkpt lat="51.325468" lon="-116.198352"><ele>2138.667</ele><time>2026-06-16T16:35:56Z</time></trkpt><trkpt lat="51.32549" lon="-116.198325"><ele>2139.061</ele><time>2026-06-16T16:36:00Z</time></trkpt><trkpt lat="51.325555" lon="-116.198246"><ele>2139.234</ele><time>2026-06-16T16:36:09Z</time></trkpt><trkpt lat="51.325574" lon="-116.198239"><ele>2140.032</ele><time>2026-06-16T16:36:11Z</time></trkpt><trkpt lat="51.325592" lon="-116.198218"><ele>2141.023</ele><time>2026-06-16T16:36:14Z</time></trkpt><trkpt lat="51.325617" lon="-116.198187"><ele>2141.253</ele><time>2026-06-16T16:36:17Z</time></trkpt><trkpt lat="51.325672" lon="-116.198157"><ele>2141.888</ele><time>2026-06-16T16:36:25Z</time></trkpt><trkpt lat="51.32573" lon="-116.198131"><ele>2142.253</ele><time>2026-06-16T16:36:35Z</time></trkpt><trkpt lat="51.325748" lon="-116.198119"><ele>2142.296</ele><time>2026-06-16T16:36:37Z</time></trkpt><trkpt lat="51.325817" lon="-116.198083"><ele>2143.254</ele><time>2026-06-16T16:36:46Z</time></trkpt><trkpt lat="51.325877" lon="-116.198029"><ele>2144.256</ele><time>2026-06-16T16:36:54Z</time></trkpt><trkpt lat="51.325882" lon="-116.198026"><ele>2144.411</ele><time>2026-06-16T16:36:55Z</time></trkpt><trkpt lat="51.325901" lon="-116.198013"><ele>2145.409</ele><time>2026-06-16T16:36:59Z</time></trkpt><trkpt lat="51.325949" lon="-116.19796"><ele>2146.467</ele><time>2026-06-16T16:37:05Z</time></trkpt><trkpt lat="51.325957" lon="-116.197953"><ele>2146.481</ele><time>2026-06-16T16:37:06Z</time></trkpt><trkpt lat="51.325989" lon="-116.197907"><ele>2146.464</ele><time>2026-06-16T16:37:14Z</time></trkpt><trkpt lat="51.326047" lon="-116.197843"><ele>2147.292</ele><time>2026-06-16T16:37:23Z</time></trkpt><trkpt lat="51.326092" lon="-116.197819"><ele>2147.663</ele><time>2026-06-16T16:37:29Z</time></trkpt><trkpt lat="51.326137" lon="-116.197819"><ele>2148.293</ele><time>2026-06-16T16:37:34Z</time></trkpt><trkpt lat="51.326155" lon="-116.197814"><ele>2148.638</ele><time>2026-06-16T16:37:36Z</time></trkpt><trkpt lat="51.326235" lon="-116.197749"><ele>2149.483</ele><time>2026-06-16T16:37:46Z</time></trkpt><trkpt lat="51.326246" lon="-116.197731"><ele>2149.636</ele><time>2026-06-16T16:37:49Z</time></trkpt><trkpt lat="51.326263" lon="-116.197723"><ele>2150.644</ele><time>2026-06-16T16:37:54Z</time></trkpt><trkpt lat="51.326265" lon="-116.197719"><ele>2150.805</ele><time>2026-06-16T16:37:55Z</time></trkpt><trkpt lat="51.326311" lon="-116.197686"><ele>2151.815</ele><time>2026-06-16T16:38:02Z</time></trkpt><trkpt lat="51.32632" lon="-116.197677"><ele>2152.209</ele><time>2026-06-16T16:38:05Z</time></trkpt><trkpt lat="51.326332" lon="-116.197678"><ele>2153.056</ele><time>2026-06-16T16:38:09Z</time></trkpt><trkpt lat="51.326363" lon="-116.197656"><ele>2154.070</ele><time>2026-06-16T16:38:13Z</time></trkpt><trkpt lat="51.326406" lon="-116.197631"><ele>2155.083</ele><time>2026-06-16T16:38:18Z</time></trkpt><trkpt lat="51.326455" lon="-116.197602"><ele>2156.051</ele><time>2026-06-16T16:38:24Z</time></trkpt><trkpt lat="51.326474" lon="-116.197595"><ele>2156.252</ele><time>2026-06-16T16:38:27Z</time></trkpt><trkpt lat="51.326507" lon="-116.197576"><ele>2156.482</ele><time>2026-06-16T16:38:33Z</time></trkpt><trkpt lat="51.326595" lon="-116.197482"><ele>2156.897</ele><time>2026-06-16T16:38:43Z</time></trkpt><trkpt lat="51.326659" lon="-116.197395"><ele>2157.282</ele><time>2026-06-16T16:38:51Z</time></trkpt><trkpt lat="51.326691" lon="-116.19736"><ele>2158.485</ele><time>2026-06-16T16:38:56Z</time></trkpt><trkpt lat="51.326715" lon="-116.197332"><ele>2158.414</ele><time>2026-06-16T16:39:00Z</time></trkpt><trkpt lat="51.326726" lon="-116.197308"><ele>2158.054</ele><time>2026-06-16T16:39:03Z</time></trkpt><trkpt lat="51.326739" lon="-116.197303"><ele>2158.209</ele><time>2026-06-16T16:39:07Z</time></trkpt><trkpt lat="51.326782" lon="-116.197282"><ele>2159.609</ele><time>2026-06-16T16:39:14Z</time></trkpt><trkpt lat="51.326789" lon="-116.197278"><ele>2159.893</ele><time>2026-06-16T16:39:15Z</time></trkpt><trkpt lat="51.3268" lon="-116.197264"><ele>2160.877</ele><time>2026-06-16T16:39:18Z</time></trkpt><trkpt lat="51.326829" lon="-116.197241"><ele>2161.410</ele><time>2026-06-16T16:39:24Z</time></trkpt><trkpt lat="51.326879" lon="-116.197191"><ele>2161.698</ele><time>2026-06-16T16:39:32Z</time></trkpt><trkpt lat="51.326887" lon="-116.197185"><ele>2161.869</ele><time>2026-06-16T16:39:33Z</time></trkpt><trkpt lat="51.32692" lon="-116.197155"><ele>2163.099</ele><time>2026-06-16T16:39:38Z</time></trkpt><trkpt lat="51.326927" lon="-116.197151"><ele>2163.454</ele><time>2026-06-16T16:39:41Z</time></trkpt><trkpt lat="51.326955" lon="-116.197124"><ele>2164.299</ele><time>2026-06-16T16:39:46Z</time></trkpt><trkpt lat="51.326979" lon="-116.197107"><ele>2165.212</ele><time>2026-06-16T16:39:50Z</time></trkpt><trkpt lat="51.326987" lon="-116.1971"><ele>2165.448</ele><time>2026-06-16T16:39:51Z</time></trkpt><trkpt lat="51.326995" lon="-116.197088"><ele>2165.861</ele><time>2026-06-16T16:39:58Z</time></trkpt><trkpt lat="51.327011" lon="-116.19708"><ele>2166.217</ele><time>2026-06-16T16:40:01Z</time></trkpt><trkpt lat="51.327018" lon="-116.197078"><ele>2166.409</ele><time>2026-06-16T16:40:02Z</time></trkpt><trkpt lat="51.327076" lon="-116.197081"><ele>2167.256</ele><time>2026-06-16T16:40:10Z</time></trkpt><trkpt lat="51.327097" lon="-116.197078"><ele>2167.450</ele><time>2026-06-16T16:40:12Z</time></trkpt><trkpt lat="51.327145" lon="-116.197027"><ele>2168.053</ele><time>2026-06-16T16:40:20Z</time></trkpt><trkpt lat="51.327159" lon="-116.197016"><ele>2168.481</ele><time>2026-06-16T16:40:24Z</time></trkpt><trkpt lat="51.327161" lon="-116.196959"><ele>2169.232</ele><time>2026-06-16T16:40:32Z</time></trkpt><trkpt lat="51.327168" lon="-116.196998"><ele>2169.442</ele><time>2026-06-16T16:40:38Z</time></trkpt><trkpt lat="51.32717" lon="-116.196991"><ele>2169.687</ele><time>2026-06-16T16:40:39Z</time></trkpt><trkpt lat="51.327171" lon="-116.196991"><ele>2169.882</ele><time>2026-06-16T16:40:40Z</time></trkpt><trkpt lat="51.327158" lon="-116.197036"><ele>2170.495</ele><time>2026-06-16T16:40:47Z</time></trkpt><trkpt lat="51.327148" lon="-116.19708"><ele>2170.646</ele><time>2026-06-16T16:40:51Z</time></trkpt><trkpt lat="51.327127" lon="-116.197105"><ele>2171.288</ele><time>2026-06-16T16:40:56Z</time></trkpt><trkpt lat="51.327117" lon="-116.197133"><ele>2171.616</ele><time>2026-06-16T16:41:00Z</time></trkpt><trkpt lat="51.327097" lon="-116.19716"><ele>2172.209</ele><time>2026-06-16T16:41:07Z</time></trkpt><trkpt lat="51.327066" lon="-116.197217"><ele>2172.836</ele><time>2026-06-16T16:41:13Z</time></trkpt><trkpt lat="51.32705" lon="-116.19724"><ele>2173.270</ele><time>2026-06-16T16:41:15Z</time></trkpt><trkpt lat="51.327034" lon="-116.19728"><ele>2173.853</ele><time>2026-06-16T16:41:19Z</time></trkpt><trkpt lat="51.327015" lon="-116.197314"><ele>2174.471</ele><time>2026-06-16T16:41:23Z</time></trkpt><trkpt lat="51.327002" lon="-116.197356"><ele>2175.042</ele><time>2026-06-16T16:41:26Z</time></trkpt><trkpt lat="51.326969" lon="-116.197404"><ele>2175.852</ele><time>2026-06-16T16:41:33Z</time></trkpt><trkpt lat="51.326964" lon="-116.197426"><ele>2176.077</ele><time>2026-06-16T16:41:36Z</time></trkpt><trkpt lat="51.326951" lon="-116.197471"><ele>2177.042</ele><time>2026-06-16T16:41:42Z</time></trkpt><trkpt lat="51.326942" lon="-116.197499"><ele>2177.485</ele><time>2026-06-16T16:41:44Z</time></trkpt><trkpt lat="51.326926" lon="-116.197563"><ele>2177.493</ele><time>2026-06-16T16:41:50Z</time></trkpt><trkpt lat="51.326917" lon="-116.197588"><ele>2177.665</ele><time>2026-06-16T16:41:52Z</time></trkpt><trkpt lat="51.326869" lon="-116.197665"><ele>2178.021</ele><time>2026-06-16T16:42:00Z</time></trkpt><trkpt lat="51.32685" lon="-116.197703"><ele>2178.009</ele><time>2026-06-16T16:42:04Z</time></trkpt><trkpt lat="51.326839" lon="-116.197723"><ele>2178.051</ele><time>2026-06-16T16:42:06Z</time></trkpt><trkpt lat="51.326822" lon="-116.197764"><ele>2178.695</ele><time>2026-06-16T16:42:10Z</time></trkpt><trkpt lat="51.326822" lon="-116.197788"><ele>2179.298</ele><time>2026-06-16T16:42:13Z</time></trkpt><trkpt lat="51.326824" lon="-116.197801"><ele>2180.296</ele><time>2026-06-16T16:42:18Z</time></trkpt><trkpt lat="51.326796" lon="-116.197886"><ele>2181.437</ele><time>2026-06-16T16:42:28Z</time></trkpt><trkpt lat="51.326766" lon="-116.197933"><ele>2182.687</ele><time>2026-06-16T16:42:33Z</time></trkpt><trkpt lat="51.326744" lon="-116.197983"><ele>2183.662</ele><time>2026-06-16T16:42:38Z</time></trkpt><trkpt lat="51.32674" lon="-116.197991"><ele>2183.697</ele><time>2026-06-16T16:42:39Z</time></trkpt><trkpt lat="51.326715" lon="-116.198036"><ele>2183.830</ele><time>2026-06-16T16:42:46Z</time></trkpt><trkpt lat="51.326709" lon="-116.19807"><ele>2184.878</ele><time>2026-06-16T16:42:53Z</time></trkpt><trkpt lat="51.326699" lon="-116.198089"><ele>2185.433</ele><time>2026-06-16T16:42:55Z</time></trkpt><trkpt lat="51.326655" lon="-116.198193"><ele>2186.026</ele><time>2026-06-16T16:43:03Z</time></trkpt><trkpt lat="51.32665" lon="-116.19821"><ele>2186.409</ele><time>2026-06-16T16:43:06Z</time></trkpt><trkpt lat="51.326617" lon="-116.198264"><ele>2187.089</ele><time>2026-06-16T16:43:14Z</time></trkpt><trkpt lat="51.326559" lon="-116.198328"><ele>2188.073</ele><time>2026-06-16T16:43:22Z</time></trkpt><trkpt lat="51.326546" lon="-116.198356"><ele>2188.416</ele><time>2026-06-16T16:43:24Z</time></trkpt><trkpt lat="51.32652" lon="-116.198395"><ele>2189.254</ele><time>2026-06-16T16:43:29Z</time></trkpt><trkpt lat="51.326514" lon="-116.198398"><ele>2189.445</ele><time>2026-06-16T16:43:32Z</time></trkpt><trkpt lat="51.326492" lon="-116.198462"><ele>2189.815</ele><time>2026-06-16T16:43:40Z</time></trkpt><trkpt lat="51.326467" lon="-116.198508"><ele>2190.240</ele><time>2026-06-16T16:43:47Z</time></trkpt><trkpt lat="51.326457" lon="-116.198524"><ele>2190.625</ele><time>2026-06-16T16:43:49Z</time></trkpt><trkpt lat="51.326407" lon="-116.19858"><ele>2191.028</ele><time>2026-06-16T16:43:58Z</time></trkpt><trkpt lat="51.326372" lon="-116.198631"><ele>2191.424</ele><time>2026-06-16T16:44:04Z</time></trkpt><trkpt lat="51.326338" lon="-116.19868"><ele>2192.004</ele><time>2026-06-16T16:44:10Z</time></trkpt><trkpt lat="51.326314" lon="-116.198716"><ele>2192.414</ele><time>2026-06-16T16:44:13Z</time></trkpt><trkpt lat="51.326278" lon="-116.198776"><ele>2192.609</ele><time>2026-06-16T16:44:19Z</time></trkpt><trkpt lat="51.326228" lon="-116.198834"><ele>2193.674</ele><time>2026-06-16T16:44:27Z</time></trkpt><trkpt lat="51.326227" lon="-116.198841"><ele>2193.878</ele><time>2026-06-16T16:44:28Z</time></trkpt><trkpt lat="51.326221" lon="-116.198886"><ele>2194.621</ele><time>2026-06-16T16:44:35Z</time></trkpt><trkpt lat="51.326217" lon="-116.19894"><ele>2194.829</ele><time>2026-06-16T16:44:39Z</time></trkpt><trkpt lat="51.326194" lon="-116.199"><ele>2195.850</ele><time>2026-06-16T16:44:45Z</time></trkpt><trkpt lat="51.326171" lon="-116.19902"><ele>2196.610</ele><time>2026-06-16T16:44:48Z</time></trkpt><trkpt lat="51.326164" lon="-116.199027"><ele>2196.845</ele><time>2026-06-16T16:44:49Z</time></trkpt><trkpt lat="51.326133" lon="-116.199078"><ele>2197.810</ele><time>2026-06-16T16:44:54Z</time></trkpt><trkpt lat="51.326121" lon="-116.19911"><ele>2198.033</ele><time>2026-06-16T16:44:57Z</time></trkpt><trkpt lat="51.3261" lon="-116.199174"><ele>2198.876</ele><time>2026-06-16T16:45:04Z</time></trkpt><trkpt lat="51.326092" lon="-116.199199"><ele>2199.090</ele><time>2026-06-16T16:45:06Z</time></trkpt><trkpt lat="51.326082" lon="-116.199231"><ele>2200.019</ele><time>2026-06-16T16:45:11Z</time></trkpt><trkpt lat="51.326078" lon="-116.19926"><ele>2200.809</ele><time>2026-06-16T16:45:15Z</time></trkpt><trkpt lat="51.326055" lon="-116.199315"><ele>2201.079</ele><time>2026-06-16T16:45:23Z</time></trkpt><trkpt lat="51.326048" lon="-116.199347"><ele>2201.433</ele><time>2026-06-16T16:45:25Z</time></trkpt><trkpt lat="51.326041" lon="-116.199396"><ele>2202.256</ele><time>2026-06-16T16:45:31Z</time></trkpt><trkpt lat="51.326035" lon="-116.199414"><ele>2202.864</ele><time>2026-06-16T16:45:34Z</time></trkpt><trkpt lat="51.326028" lon="-116.199443"><ele>2203.415</ele><time>2026-06-16T16:45:37Z</time></trkpt><trkpt lat="51.326016" lon="-116.199489"><ele>2204.415</ele><time>2026-06-16T16:45:42Z</time></trkpt><trkpt lat="51.326013" lon="-116.199503"><ele>2204.470</ele><time>2026-06-16T16:45:43Z</time></trkpt><trkpt lat="51.326008" lon="-116.199661"><ele>2204.615</ele><time>2026-06-16T16:45:53Z</time></trkpt><trkpt lat="51.326021" lon="-116.199779"><ele>2205.278</ele><time>2026-06-16T16:46:03Z</time></trkpt><trkpt lat="51.326023" lon="-116.199804"><ele>2205.614</ele><time>2026-06-16T16:46:06Z</time></trkpt><trkpt lat="51.326028" lon="-116.19985"><ele>2205.454</ele><time>2026-06-16T16:46:12Z</time></trkpt><trkpt lat="51.326008" lon="-116.199918"><ele>2206.809</ele><time>2026-06-16T16:46:18Z</time></trkpt><trkpt lat="51.32601" lon="-116.199952"><ele>2207.809</ele><time>2026-06-16T16:46:21Z</time></trkpt><trkpt lat="51.32601" lon="-116.199964"><ele>2208.033</ele><time>2026-06-16T16:46:22Z</time></trkpt><trkpt lat="51.325996" lon="-116.200005"><ele>2209.037</ele><time>2026-06-16T16:46:26Z</time></trkpt><trkpt lat="51.325984" lon="-116.200052"><ele>2209.210</ele><time>2026-06-16T16:46:31Z</time></trkpt><trkpt lat="51.326007" lon="-116.200051"><ele>2208.248</ele><time>2026-06-16T16:46:39Z</time></trkpt><trkpt lat="51.325994" lon="-116.200067"><ele>2208.269</ele><time>2026-06-16T16:46:45Z</time></trkpt><trkpt lat="51.32599" lon="-116.200074"><ele>2208.059</ele><time>2026-06-16T16:46:47Z</time></trkpt><trkpt lat="51.325988" lon="-116.200064"><ele>2207.674</ele><time>2026-06-16T16:46:52Z</time></trkpt><trkpt lat="51.325995" lon="-116.200055"><ele>2207.649</ele><time>2026-06-16T16:46:57Z</time></trkpt><trkpt lat="51.32599" lon="-116.200052"><ele>2207.442</ele><time>2026-06-16T16:47:04Z</time></trkpt><trkpt lat="51.325985" lon="-116.200046"><ele>2207.045</ele><time>2026-06-16T16:47:06Z</time></trkpt><trkpt lat="51.325981" lon="-116.200041"><ele>2206.847</ele><time>2026-06-16T16:47:08Z</time></trkpt><trkpt lat="51.32598" lon="-116.200018"><ele>2206.611</ele><time>2026-06-16T16:47:11Z</time></trkpt><trkpt lat="51.325987" lon="-116.199993"><ele>2207.009</ele><time>2026-06-16T16:47:18Z</time></trkpt><trkpt lat="51.325986" lon="-116.199992"><ele>2207.256</ele><time>2026-06-16T16:47:19Z</time></trkpt><trkpt lat="51.325961" lon="-116.200003"><ele>2207.640</ele><time>2026-06-16T16:47:23Z</time></trkpt><trkpt lat="51.325944" lon="-116.200023"><ele>2207.493</ele><time>2026-06-16T16:47:25Z</time></trkpt><trkpt lat="51.325931" lon="-116.200061"><ele>2207.271</ele><time>2026-06-16T16:47:27Z</time></trkpt><trkpt lat="51.325878" lon="-116.200178"><ele>2207.812</ele><time>2026-06-16T16:47:34Z</time></trkpt><trkpt lat="51.325816" lon="-116.200296"><ele>2207.272</ele><time>2026-06-16T16:47:43Z</time></trkpt><trkpt lat="51.32581" lon="-116.200305"><ele>2207.267</ele><time>2026-06-16T16:47:44Z</time></trkpt><trkpt lat="51.32578" lon="-116.200347"><ele>2208.062</ele><time>2026-06-16T16:47:48Z</time></trkpt><trkpt lat="51.325766" lon="-116.200359"><ele>2208.255</ele><time>2026-06-16T16:47:50Z</time></trkpt><trkpt lat="51.325686" lon="-116.200409"><ele>2208.294</ele><time>2026-06-16T16:47:58Z</time></trkpt><trkpt lat="51.325636" lon="-116.200484"><ele>2208.657</ele><time>2026-06-16T16:48:04Z</time></trkpt><trkpt lat="51.325618" lon="-116.200497"><ele>2208.622</ele><time>2026-06-16T16:48:06Z</time></trkpt><trkpt lat="51.325549" lon="-116.200574"><ele>2208.409</ele><time>2026-06-16T16:48:13Z</time></trkpt><trkpt lat="51.325486" lon="-116.200667"><ele>2209.031</ele><time>2026-06-16T16:48:21Z</time></trkpt><trkpt lat="51.325428" lon="-116.20077"><ele>2208.075</ele><time>2026-06-16T16:48:30Z</time></trkpt><trkpt lat="51.325377" lon="-116.200842"><ele>2208.028</ele><time>2026-06-16T16:48:37Z</time></trkpt><trkpt lat="51.325323" lon="-116.200918"><ele>2209.236</ele><time>2026-06-16T16:48:42Z</time></trkpt><trkpt lat="51.32531" lon="-116.200949"><ele>2209.427</ele><time>2026-06-16T16:48:44Z</time></trkpt><trkpt lat="51.325279" lon="-116.201045"><ele>2209.867</ele><time>2026-06-16T16:48:52Z</time></trkpt><trkpt lat="51.325247" lon="-116.201094"><ele>2210.482</ele><time>2026-06-16T16:48:58Z</time></trkpt><trkpt lat="51.325226" lon="-116.201116"><ele>2210.657</ele><time>2026-06-16T16:49:00Z</time></trkpt><trkpt lat="51.325215" lon="-116.201129"><ele>2210.880</ele><time>2026-06-16T16:49:01Z</time></trkpt><trkpt lat="51.325149" lon="-116.201216"><ele>2211.242</ele><time>2026-06-16T16:49:09Z</time></trkpt><trkpt lat="51.325143" lon="-116.201225"><ele>2211.422</ele><time>2026-06-16T16:49:10Z</time></trkpt><trkpt lat="51.325089" lon="-116.2013"><ele>2211.414</ele><time>2026-06-16T16:49:18Z</time></trkpt><trkpt lat="51.325033" lon="-116.201384"><ele>2211.809</ele><time>2026-06-16T16:49:25Z</time></trkpt><trkpt lat="51.32495" lon="-116.201497"><ele>2211.266</ele><time>2026-06-16T16:49:36Z</time></trkpt><trkpt lat="51.32494" lon="-116.201505"><ele>2211.220</ele><time>2026-06-16T16:49:37Z</time></trkpt><trkpt lat="51.324877" lon="-116.20156"><ele>2211.223</ele><time>2026-06-16T16:49:44Z</time></trkpt><trkpt lat="51.324857" lon="-116.20158"><ele>2211.021</ele><time>2026-06-16T16:49:46Z</time></trkpt><trkpt lat="51.324815" lon="-116.201685"><ele>2210.632</ele><time>2026-06-16T16:49:54Z</time></trkpt><trkpt lat="51.324759" lon="-116.201747"><ele>2210.832</ele><time>2026-06-16T16:50:02Z</time></trkpt><trkpt lat="51.324683" lon="-116.201832"><ele>2211.447</ele><time>2026-06-16T16:50:10Z</time></trkpt><trkpt lat="51.324637" lon="-116.201923"><ele>2212.432</ele><time>2026-06-16T16:50:19Z</time></trkpt><trkpt lat="51.324637" lon="-116.20193"><ele>2212.685</ele><time>2026-06-16T16:50:20Z</time></trkpt><trkpt lat="51.324636" lon="-116.201944"><ele>2212.861</ele><time>2026-06-16T16:50:29Z</time></trkpt><trkpt lat="51.324636" lon="-116.201943"><ele>2212.621</ele><time>2026-06-16T16:50:34Z</time></trkpt><trkpt lat="51.324618" lon="-116.201972"><ele>2212.413</ele><time>2026-06-16T16:50:40Z</time></trkpt><trkpt lat="51.324622" lon="-116.202005"><ele>2213.209</ele><time>2026-06-16T16:50:47Z</time></trkpt><trkpt lat="51.32462" lon="-116.202016"><ele>2213.238</ele><time>2026-06-16T16:50:48Z</time></trkpt><trkpt lat="51.32462" lon="-116.202061"><ele>2213.212</ele><time>2026-06-16T16:50:56Z</time></trkpt><trkpt lat="51.324621" lon="-116.202062"><ele>2213.285</ele><time>2026-06-16T16:50:58Z</time></trkpt><trkpt lat="51.324626" lon="-116.202055"><ele>2213.083</ele><time>2026-06-16T16:51:02Z</time></trkpt><trkpt lat="51.324627" lon="-116.202053"><ele>2212.694</ele><time>2026-06-16T16:51:05Z</time></trkpt><trkpt lat="51.324626" lon="-116.20206"><ele>2212.214</ele><time>2026-06-16T16:51:16Z</time></trkpt><trkpt lat="51.324627" lon="-116.202061"><ele>2212.249</ele><time>2026-06-16T16:51:18Z</time></trkpt><trkpt lat="51.324601" lon="-116.202086"><ele>2212.294</ele><time>2026-06-16T16:51:25Z</time></trkpt><trkpt lat="51.32458" lon="-116.202079"><ele>2212.267</ele><time>2026-06-16T16:51:28Z</time></trkpt><trkpt lat="51.32454" lon="-116.202049"><ele>2213.049</ele><time>2026-06-16T16:51:34Z</time></trkpt><trkpt lat="51.324514" lon="-116.202047"><ele>2213.002</ele><time>2026-06-16T16:51:37Z</time></trkpt><trkpt lat="51.324513" lon="-116.202048"><ele>2212.822</ele><time>2026-06-16T16:51:40Z</time></trkpt><trkpt lat="51.324518" lon="-116.202049"><ele>2212.809</ele><time>2026-06-16T16:51:45Z</time></trkpt><trkpt lat="51.32447" lon="-116.202059"><ele>2212.466</ele><time>2026-06-16T16:51:53Z</time></trkpt><trkpt lat="51.324425" lon="-116.202136"><ele>2212.080</ele><time>2026-06-16T16:52:02Z</time></trkpt><trkpt lat="51.324423" lon="-116.202171"><ele>2211.433</ele><time>2026-06-16T16:52:06Z</time></trkpt><trkpt lat="51.324397" lon="-116.202231"><ele>2211.411</ele><time>2026-06-16T16:52:11Z</time></trkpt><trkpt lat="51.324356" lon="-116.202332"><ele>2212.282</ele><time>2026-06-16T16:52:20Z</time></trkpt><trkpt lat="51.324345" lon="-116.202364"><ele>2212.622</ele><time>2026-06-16T16:52:22Z</time></trkpt><trkpt lat="51.324336" lon="-116.202403"><ele>2213.897</ele><time>2026-06-16T16:52:26Z</time></trkpt><trkpt lat="51.324337" lon="-116.202415"><ele>2214.052</ele><time>2026-06-16T16:52:27Z</time></trkpt><trkpt lat="51.324309" lon="-116.202494"><ele>2213.685</ele><time>2026-06-16T16:52:33Z</time></trkpt><trkpt lat="51.324292" lon="-116.202523"><ele>2213.837</ele><time>2026-06-16T16:52:36Z</time></trkpt><trkpt lat="51.324248" lon="-116.202636"><ele>2214.049</ele><time>2026-06-16T16:52:45Z</time></trkpt><trkpt lat="51.324219" lon="-116.20269"><ele>2214.613</ele><time>2026-06-16T16:52:50Z</time></trkpt><trkpt lat="51.324195" lon="-116.202722"><ele>2214.409</ele><time>2026-06-16T16:52:53Z</time></trkpt><trkpt lat="51.324181" lon="-116.202744"><ele>2214.855</ele><time>2026-06-16T16:52:55Z</time></trkpt><trkpt lat="51.324131" lon="-116.20286"><ele>2215.019</ele><time>2026-06-16T16:53:03Z</time></trkpt><trkpt lat="51.324075" lon="-116.202998"><ele>2214.892</ele><time>2026-06-16T16:53:14Z</time></trkpt><trkpt lat="51.324069" lon="-116.203025"><ele>2215.250</ele><time>2026-06-16T16:53:22Z</time></trkpt><trkpt lat="51.324062" lon="-116.20302"><ele>2214.821</ele><time>2026-06-16T16:53:32Z</time></trkpt><trkpt lat="51.324039" lon="-116.203101"><ele>2214.081</ele><time>2026-06-16T16:53:39Z</time></trkpt><trkpt lat="51.324018" lon="-116.203252"><ele>2214.666</ele><time>2026-06-16T16:53:48Z</time></trkpt><trkpt lat="51.323962" lon="-116.203327"><ele>2215.411</ele><time>2026-06-16T16:53:55Z</time></trkpt><trkpt lat="51.323905" lon="-116.203447"><ele>2215.234</ele><time>2026-06-16T16:54:02Z</time></trkpt><trkpt lat="51.323866" lon="-116.203568"><ele>2215.628</ele><time>2026-06-16T16:54:10Z</time></trkpt><trkpt lat="51.323855" lon="-116.203613"><ele>2215.889</ele><time>2026-06-16T16:54:13Z</time></trkpt><trkpt lat="51.323837" lon="-116.203671"><ele>2216.817</ele><time>2026-06-16T16:54:17Z</time></trkpt><trkpt lat="51.32383" lon="-116.203689"><ele>2217.209</ele><time>2026-06-16T16:54:19Z</time></trkpt><trkpt lat="51.323793" lon="-116.203797"><ele>2217.474</ele><time>2026-06-16T16:54:26Z</time></trkpt><trkpt lat="51.323772" lon="-116.203862"><ele>2217.488</ele><time>2026-06-16T16:54:30Z</time></trkpt><trkpt lat="51.323719" lon="-116.204013"><ele>2217.011</ele><time>2026-06-16T16:54:40Z</time></trkpt><trkpt lat="51.323696" lon="-116.20416"><ele>2217.279</ele><time>2026-06-16T16:54:49Z</time></trkpt><trkpt lat="51.323688" lon="-116.204264"><ele>2217.010</ele><time>2026-06-16T16:54:56Z</time></trkpt><trkpt lat="51.323664" lon="-116.20442"><ele>2217.880</ele><time>2026-06-16T16:55:05Z</time></trkpt><trkpt lat="51.323657" lon="-116.204458"><ele>2218.485</ele><time>2026-06-16T16:55:07Z</time></trkpt><trkpt lat="51.323629" lon="-116.204622"><ele>2218.650</ele><time>2026-06-16T16:55:15Z</time></trkpt><trkpt lat="51.323628" lon="-116.204655"><ele>2219.033</ele><time>2026-06-16T16:55:17Z</time></trkpt><trkpt lat="51.323629" lon="-116.204786"><ele>2218.848</ele><time>2026-06-16T16:55:25Z</time></trkpt><trkpt lat="51.323581" lon="-116.204901"><ele>2218.861</ele><time>2026-06-16T16:55:33Z</time></trkpt><trkpt lat="51.323573" lon="-116.205021"><ele>2219.217</ele><time>2026-06-16T16:55:41Z</time></trkpt><trkpt lat="51.32354" lon="-116.205164"><ele>2219.209</ele><time>2026-06-16T16:55:49Z</time></trkpt><trkpt lat="51.323524" lon="-116.205302"><ele>2219.246</ele><time>2026-06-16T16:55:58Z</time></trkpt><trkpt lat="51.323506" lon="-116.205453"><ele>2219.050</ele><time>2026-06-16T16:56:06Z</time></trkpt><trkpt lat="51.323496" lon="-116.205488"><ele>2219.493</ele><time>2026-06-16T16:56:12Z</time></trkpt><trkpt lat="51.323478" lon="-116.205572"><ele>2220.051</ele><time>2026-06-16T16:56:17Z</time></trkpt><trkpt lat="51.323467" lon="-116.205621"><ele>2220.462</ele><time>2026-06-16T16:56:20Z</time></trkpt><trkpt lat="51.323426" lon="-116.205786"><ele>2220.652</ele><time>2026-06-16T16:56:30Z</time></trkpt><trkpt lat="51.323431" lon="-116.205774"><ele>2220.857</ele><time>2026-06-16T16:56:37Z</time></trkpt><trkpt lat="51.323409" lon="-116.205801"><ele>2220.272</ele><time>2026-06-16T16:56:46Z</time></trkpt><trkpt lat="51.323403" lon="-116.205817"><ele>2220.055</ele><time>2026-06-16T16:56:47Z</time></trkpt><trkpt lat="51.32339" lon="-116.205848"><ele>2220.067</ele><time>2026-06-16T16:56:49Z</time></trkpt><trkpt lat="51.323335" lon="-116.206019"><ele>2220.281</ele><time>2026-06-16T16:56:59Z</time></trkpt><trkpt lat="51.323295" lon="-116.206173"><ele>2219.819</ele><time>2026-06-16T16:57:09Z</time></trkpt><trkpt lat="51.323253" lon="-116.20628"><ele>2220.809</ele><time>2026-06-16T16:57:16Z</time></trkpt><trkpt lat="51.323218" lon="-116.206375"><ele>2220.638</ele><time>2026-06-16T16:57:22Z</time></trkpt><trkpt lat="51.323214" lon="-116.206394"><ele>2220.412</ele><time>2026-06-16T16:57:23Z</time></trkpt><trkpt lat="51.323195" lon="-116.206447"><ele>2220.245</ele><time>2026-06-16T16:57:27Z</time></trkpt><trkpt lat="51.323166" lon="-116.206523"><ele>2220.093</ele><time>2026-06-16T16:57:31Z</time></trkpt><trkpt lat="51.323136" lon="-116.20667"><ele>2221.074</ele><time>2026-06-16T16:57:41Z</time></trkpt><trkpt lat="51.323131" lon="-116.20669"><ele>2221.084</ele><time>2026-06-16T16:57:42Z</time></trkpt><trkpt lat="51.323116" lon="-116.206781"><ele>2221.289</ele><time>2026-06-16T16:57:48Z</time></trkpt><trkpt lat="51.323111" lon="-116.206813"><ele>2221.264</ele><time>2026-06-16T16:57:50Z</time></trkpt><trkpt lat="51.323059" lon="-116.206972"><ele>2221.227</ele><time>2026-06-16T16:57:59Z</time></trkpt><trkpt lat="51.323036" lon="-116.207072"><ele>2221.435</ele><time>2026-06-16T16:58:06Z</time></trkpt><trkpt lat="51.323001" lon="-116.20723"><ele>2221.286</ele><time>2026-06-16T16:58:16Z</time></trkpt><trkpt lat="51.322966" lon="-116.207378"><ele>2221.414</ele><time>2026-06-16T16:58:25Z</time></trkpt><trkpt lat="51.322953" lon="-116.207464"><ele>2220.609</ele><time>2026-06-16T16:58:32Z</time></trkpt><trkpt lat="51.322965" lon="-116.207451"><ele>2222.665</ele><time>2026-06-16T16:58:39Z</time></trkpt><trkpt lat="51.322965" lon="-116.207451"><ele>2223.479</ele><time>2026-06-16T16:58:41Z</time></trkpt><trkpt lat="51.322966" lon="-116.207448"><ele>2223.862</ele><time>2026-06-16T16:58:42Z</time></trkpt><trkpt lat="51.322957" lon="-116.207431"><ele>2223.460</ele><time>2026-06-16T16:58:47Z</time></trkpt><trkpt lat="51.322949" lon="-116.207438"><ele>2222.851</ele><time>2026-06-16T16:58:49Z</time></trkpt><trkpt lat="51.322928" lon="-116.207491"><ele>2221.811</ele><time>2026-06-16T16:58:54Z</time></trkpt><trkpt lat="51.322904" lon="-116.207641"><ele>2222.866</ele><time>2026-06-16T16:59:02Z</time></trkpt><trkpt lat="51.32284" lon="-116.207814"><ele>2223.031</ele><time>2026-06-16T16:59:12Z</time></trkpt><trkpt lat="51.322791" lon="-116.207906"><ele>2223.844</ele><time>2026-06-16T16:59:19Z</time></trkpt><trkpt lat="51.322784" lon="-116.207924"><ele>2224.039</ele><time>2026-06-16T16:59:20Z</time></trkpt><trkpt lat="51.322714" lon="-116.208061"><ele>2223.801</ele><time>2026-06-16T16:59:29Z</time></trkpt><trkpt lat="51.322676" lon="-116.208149"><ele>2224.621</ele><time>2026-06-16T16:59:36Z</time></trkpt><trkpt lat="51.322691" lon="-116.208182"><ele>2224.809</ele><time>2026-06-16T16:59:42Z</time></trkpt><trkpt lat="51.322693" lon="-116.20819"><ele>2225.075</ele><time>2026-06-16T16:59:44Z</time></trkpt><trkpt lat="51.322695" lon="-116.208193"><ele>2225.839</ele><time>2026-06-16T16:59:49Z</time></trkpt><trkpt lat="51.322689" lon="-116.208136"><ele>2225.232</ele><time>2026-06-16T16:59:56Z</time></trkpt><trkpt lat="51.322688" lon="-116.20814"><ele>2225.480</ele><time>2026-06-16T17:00:05Z</time></trkpt><trkpt lat="51.322646" lon="-116.208274"><ele>2225.681</ele><time>2026-06-16T17:00:12Z</time></trkpt><trkpt lat="51.322577" lon="-116.208432"><ele>2225.641</ele><time>2026-06-16T17:00:21Z</time></trkpt><trkpt lat="51.322539" lon="-116.208564"><ele>2225.696</ele><time>2026-06-16T17:00:30Z</time></trkpt><trkpt lat="51.322478" lon="-116.208676"><ele>2225.631</ele><time>2026-06-16T17:00:38Z</time></trkpt><trkpt lat="51.32246" lon="-116.208727"><ele>2226.274</ele><time>2026-06-16T17:00:41Z</time></trkpt><trkpt lat="51.32243" lon="-116.208798"><ele>2226.616</ele><time>2026-06-16T17:00:46Z</time></trkpt><trkpt lat="51.322405" lon="-116.208937"><ele>2226.076</ele><time>2026-06-16T17:00:53Z</time></trkpt><trkpt lat="51.322363" lon="-116.209063"><ele>2226.213</ele><time>2026-06-16T17:01:01Z</time></trkpt><trkpt lat="51.322321" lon="-116.20918"><ele>2225.609</ele><time>2026-06-16T17:01:08Z</time></trkpt><trkpt lat="51.322259" lon="-116.209341"><ele>2225.823</ele><time>2026-06-16T17:01:17Z</time></trkpt><trkpt lat="51.322233" lon="-116.209519"><ele>2225.477</ele><time>2026-06-16T17:01:26Z</time></trkpt><trkpt lat="51.322224" lon="-116.209636"><ele>2225.090</ele><time>2026-06-16T17:01:32Z</time></trkpt><trkpt lat="51.322215" lon="-116.209699"><ele>2225.098</ele><time>2026-06-16T17:01:35Z</time></trkpt><trkpt lat="51.322189" lon="-116.209856"><ele>2225.449</ele><time>2026-06-16T17:01:44Z</time></trkpt><trkpt lat="51.322165" lon="-116.210001"><ele>2225.279</ele><time>2026-06-16T17:01:52Z</time></trkpt><trkpt lat="51.322126" lon="-116.210164"><ele>2225.424</ele><time>2026-06-16T17:02:01Z</time></trkpt><trkpt lat="51.32209" lon="-116.210321"><ele>2225.649</ele><time>2026-06-16T17:02:09Z</time></trkpt><trkpt lat="51.322084" lon="-116.210413"><ele>2226.082</ele><time>2026-06-16T17:02:14Z</time></trkpt><trkpt lat="51.322067" lon="-116.210534"><ele>2226.248</ele><time>2026-06-16T17:02:20Z</time></trkpt><trkpt lat="51.322046" lon="-116.210645"><ele>2226.461</ele><time>2026-06-16T17:02:26Z</time></trkpt><trkpt lat="51.322038" lon="-116.210682"><ele>2226.417</ele><time>2026-06-16T17:02:28Z</time></trkpt><trkpt lat="51.322028" lon="-116.210793"><ele>2226.609</ele><time>2026-06-16T17:02:35Z</time></trkpt><trkpt lat="51.322017" lon="-116.210946"><ele>2226.236</ele><time>2026-06-16T17:02:43Z</time></trkpt><trkpt lat="51.321992" lon="-116.211106"><ele>2226.040</ele><time>2026-06-16T17:02:52Z</time></trkpt><trkpt lat="51.321994" lon="-116.211221"><ele>2226.293</ele><time>2026-06-16T17:02:59Z</time></trkpt><trkpt lat="51.321974" lon="-116.21135"><ele>2226.231</ele><time>2026-06-16T17:03:08Z</time></trkpt><trkpt lat="51.321974" lon="-116.21145"><ele>2226.852</ele><time>2026-06-16T17:03:13Z</time></trkpt><trkpt lat="51.321974" lon="-116.211492"><ele>2227.282</ele><time>2026-06-16T17:03:15Z</time></trkpt><trkpt lat="51.321974" lon="-116.211535"><ele>2227.677</ele><time>2026-06-16T17:03:17Z</time></trkpt><trkpt lat="51.321957" lon="-116.21167"><ele>2227.652</ele><time>2026-06-16T17:03:25Z</time></trkpt><trkpt lat="51.321931" lon="-116.211771"><ele>2227.435</ele><time>2026-06-16T17:03:32Z</time></trkpt><trkpt lat="51.321906" lon="-116.211906"><ele>2227.651</ele><time>2026-06-16T17:03:41Z</time></trkpt><trkpt lat="51.321894" lon="-116.212055"><ele>2227.401</ele><time>2026-06-16T17:03:51Z</time></trkpt><trkpt lat="51.32189" lon="-116.212212"><ele>2228.011</ele><time>2026-06-16T17:03:59Z</time></trkpt><trkpt lat="51.321891" lon="-116.21226"><ele>2227.809</ele><time>2026-06-16T17:04:02Z</time></trkpt><trkpt lat="51.321893" lon="-116.212322"><ele>2228.217</ele><time>2026-06-16T17:04:05Z</time></trkpt><trkpt lat="51.321892" lon="-116.21234"><ele>2228.291</ele><time>2026-06-16T17:04:06Z</time></trkpt><trkpt lat="51.321891" lon="-116.212524"><ele>2229.234</ele><time>2026-06-16T17:04:16Z</time></trkpt><trkpt lat="51.321892" lon="-116.212582"><ele>2229.212</ele><time>2026-06-16T17:04:19Z</time></trkpt><trkpt lat="51.321888" lon="-116.212699"><ele>2230.063</ele><time>2026-06-16T17:04:26Z</time></trkpt><trkpt lat="51.321891" lon="-116.212845"><ele>2230.233</ele><time>2026-06-16T17:04:35Z</time></trkpt><trkpt lat="51.321892" lon="-116.21286"><ele>2230.228</ele><time>2026-06-16T17:04:36Z</time></trkpt><trkpt lat="51.321897" lon="-116.213072"><ele>2230.443</ele><time>2026-06-16T17:04:47Z</time></trkpt><trkpt lat="51.321917" lon="-116.213182"><ele>2230.496</ele><time>2026-06-16T17:04:55Z</time></trkpt><trkpt lat="51.32193" lon="-116.213339"><ele>2230.874</ele><time>2026-06-16T17:05:04Z</time></trkpt><trkpt lat="51.321919" lon="-116.213479"><ele>2231.256</ele><time>2026-06-16T17:05:14Z</time></trkpt><trkpt lat="51.321919" lon="-116.213544"><ele>2231.221</ele><time>2026-06-16T17:05:19Z</time></trkpt><trkpt lat="51.321928" lon="-116.213643"><ele>2230.809</ele><time>2026-06-16T17:05:26Z</time></trkpt><trkpt lat="51.321927" lon="-116.213652"><ele>2231.069</ele><time>2026-06-16T17:05:27Z</time></trkpt><trkpt lat="51.321929" lon="-116.213664"><ele>2231.063</ele><time>2026-06-16T17:05:28Z</time></trkpt><trkpt lat="51.321928" lon="-116.213748"><ele>2231.656</ele><time>2026-06-16T17:05:36Z</time></trkpt><trkpt lat="51.321931" lon="-116.213882"><ele>2231.214</ele><time>2026-06-16T17:05:47Z</time></trkpt><trkpt lat="51.321924" lon="-116.214028"><ele>2231.275</ele><time>2026-06-16T17:05:55Z</time></trkpt><trkpt lat="51.321925" lon="-116.214165"><ele>2232.295</ele><time>2026-06-16T17:06:03Z</time></trkpt><trkpt lat="51.321918" lon="-116.214226"><ele>2232.410</ele><time>2026-06-16T17:06:07Z</time></trkpt><trkpt lat="51.32191" lon="-116.2143"><ele>2232.655</ele><time>2026-06-16T17:06:11Z</time></trkpt><trkpt lat="51.321934" lon="-116.214457"><ele>2233.238</ele><time>2026-06-16T17:06:21Z</time></trkpt><trkpt lat="51.321937" lon="-116.214474"><ele>2233.445</ele><time>2026-06-16T17:06:22Z</time></trkpt><trkpt lat="51.321963" lon="-116.214587"><ele>2233.447</ele><time>2026-06-16T17:06:29Z</time></trkpt><trkpt lat="51.321968" lon="-116.214607"><ele>2233.411</ele><time>2026-06-16T17:06:30Z</time></trkpt><trkpt lat="51.32199" lon="-116.214732"><ele>2233.409</ele><time>2026-06-16T17:06:36Z</time></trkpt><trkpt lat="51.322017" lon="-116.214823"><ele>2233.686</ele><time>2026-06-16T17:06:44Z</time></trkpt><trkpt lat="51.32204" lon="-116.214953"><ele>2234.050</ele><time>2026-06-16T17:06:53Z</time></trkpt><trkpt lat="51.322055" lon="-116.215091"><ele>2233.823</ele><time>2026-06-16T17:07:02Z</time></trkpt><trkpt lat="51.322071" lon="-116.215165"><ele>2234.491</ele><time>2026-06-16T17:07:09Z</time></trkpt><trkpt lat="51.322078" lon="-116.215205"><ele>2234.662</ele><time>2026-06-16T17:07:12Z</time></trkpt><trkpt lat="51.32208" lon="-116.215324"><ele>2235.072</ele><time>2026-06-16T17:07:20Z</time></trkpt><trkpt lat="51.322074" lon="-116.215396"><ele>2235.677</ele><time>2026-06-16T17:07:24Z</time></trkpt><trkpt lat="51.322063" lon="-116.215462"><ele>2235.672</ele><time>2026-06-16T17:07:29Z</time></trkpt><trkpt lat="51.322066" lon="-116.21557"><ele>2236.285</ele><time>2026-06-16T17:07:36Z</time></trkpt><trkpt lat="51.322066" lon="-116.215611"><ele>2236.665</ele><time>2026-06-16T17:07:38Z</time></trkpt><trkpt lat="51.322056" lon="-116.215724"><ele>2236.268</ele><time>2026-06-16T17:07:45Z</time></trkpt><trkpt lat="51.322056" lon="-116.215792"><ele>2236.214</ele><time>2026-06-16T17:07:51Z</time></trkpt><trkpt lat="51.322053" lon="-116.21585"><ele>2235.409</ele><time>2026-06-16T17:07:55Z</time></trkpt><trkpt lat="51.32206" lon="-116.215945"><ele>2234.848</ele><time>2026-06-16T17:08:01Z</time></trkpt><trkpt lat="51.32207" lon="-116.21608"><ele>2235.612</ele><time>2026-06-16T17:08:10Z</time></trkpt><trkpt lat="51.32209" lon="-116.216102"><ele>2235.685</ele><time>2026-06-16T17:08:14Z</time></trkpt><trkpt lat="51.322097" lon="-116.216099"><ele>2235.823</ele><time>2026-06-16T17:08:16Z</time></trkpt><trkpt lat="51.322109" lon="-116.216098"><ele>2235.254</ele><time>2026-06-16T17:08:25Z</time></trkpt><trkpt lat="51.322103" lon="-116.216103"><ele>2236.274</ele><time>2026-06-16T17:08:33Z</time></trkpt><trkpt lat="51.3221" lon="-116.216099"><ele>2236.089</ele><time>2026-06-16T17:08:41Z</time></trkpt><trkpt lat="51.322112" lon="-116.216101"><ele>2236.284</ele><time>2026-06-16T17:08:49Z</time></trkpt><trkpt lat="51.322113" lon="-116.216102"><ele>2236.427</ele><time>2026-06-16T17:08:51Z</time></trkpt><trkpt lat="51.322112" lon="-116.216101"><ele>2236.429</ele><time>2026-06-16T17:08:52Z</time></trkpt><trkpt lat="51.322108" lon="-116.21611"><ele>2236.800</ele><time>2026-06-16T17:09:01Z</time></trkpt><trkpt lat="51.322112" lon="-116.216102"><ele>2236.820</ele><time>2026-06-16T17:09:05Z</time></trkpt><trkpt lat="51.322112" lon="-116.216093"><ele>2237.009</ele><time>2026-06-16T17:09:07Z</time></trkpt><trkpt lat="51.322105" lon="-116.216099"><ele>2237.064</ele><time>2026-06-16T17:09:10Z</time></trkpt><trkpt lat="51.322093" lon="-116.216082"><ele>2237.228</ele><time>2026-06-16T17:09:20Z</time></trkpt><trkpt lat="51.322087" lon="-116.216072"><ele>2237.241</ele><time>2026-06-16T17:09:25Z</time></trkpt><trkpt lat="51.322068" lon="-116.216091"><ele>2237.469</ele><time>2026-06-16T17:09:34Z</time></trkpt><trkpt lat="51.322075" lon="-116.216183"><ele>2237.450</ele><time>2026-06-16T17:09:40Z</time></trkpt><trkpt lat="51.322083" lon="-116.216198"><ele>2237.640</ele><time>2026-06-16T17:09:42Z</time></trkpt><trkpt lat="51.322111" lon="-116.216349"><ele>2238.445</ele><time>2026-06-16T17:09:50Z</time></trkpt><trkpt lat="51.322118" lon="-116.216388"><ele>2238.420</ele><time>2026-06-16T17:09:53Z</time></trkpt><trkpt lat="51.322129" lon="-116.216463"><ele>2238.883</ele><time>2026-06-16T17:09:58Z</time></trkpt><trkpt lat="51.322131" lon="-116.216568"><ele>2238.678</ele><time>2026-06-16T17:10:04Z</time></trkpt><trkpt lat="51.322125" lon="-116.216691"><ele>2238.433</ele><time>2026-06-16T17:10:11Z</time></trkpt><trkpt lat="51.322115" lon="-116.216828"><ele>2238.626</ele><time>2026-06-16T17:10:19Z</time></trkpt><trkpt lat="51.322119" lon="-116.216943"><ele>2238.609</ele><time>2026-06-16T17:10:26Z</time></trkpt><trkpt lat="51.32212" lon="-116.217149"><ele>2238.459</ele><time>2026-06-16T17:10:37Z</time></trkpt><trkpt lat="51.32211" lon="-116.217336"><ele>2239.063</ele><time>2026-06-16T17:10:47Z</time></trkpt><trkpt lat="51.322093" lon="-116.217538"><ele>2239.426</ele><time>2026-06-16T17:10:58Z</time></trkpt><trkpt lat="51.322089" lon="-116.217556"><ele>2239.614</ele><time>2026-06-16T17:10:59Z</time></trkpt><trkpt lat="51.322067" lon="-116.217717"><ele>2239.445</ele><time>2026-06-16T17:11:07Z</time></trkpt><trkpt lat="51.322068" lon="-116.217832"><ele>2239.845</ele><time>2026-06-16T17:11:14Z</time></trkpt><trkpt lat="51.322065" lon="-116.218007"><ele>2240.290</ele><time>2026-06-16T17:11:23Z</time></trkpt><trkpt lat="51.322065" lon="-116.218023"><ele>2240.275</ele><time>2026-06-16T17:11:24Z</time></trkpt><trkpt lat="51.322065" lon="-116.218107"><ele>2240.628</ele><time>2026-06-16T17:11:28Z</time></trkpt><trkpt lat="51.32206" lon="-116.218185"><ele>2240.837</ele><time>2026-06-16T17:11:32Z</time></trkpt><trkpt lat="51.322059" lon="-116.218274"><ele>2241.049</ele><time>2026-06-16T17:11:38Z</time></trkpt><trkpt lat="51.322063" lon="-116.218335"><ele>2241.013</ele><time>2026-06-16T17:11:41Z</time></trkpt><trkpt lat="51.322064" lon="-116.218352"><ele>2241.209</ele><time>2026-06-16T17:11:42Z</time></trkpt><trkpt lat="51.322051" lon="-116.218495"><ele>2241.475</ele><time>2026-06-16T17:11:52Z</time></trkpt><trkpt lat="51.322062" lon="-116.218622"><ele>2241.829</ele><time>2026-06-16T17:12:00Z</time></trkpt><trkpt lat="51.322043" lon="-116.218741"><ele>2241.692</ele><time>2026-06-16T17:12:08Z</time></trkpt><trkpt lat="51.322052" lon="-116.218854"><ele>2241.470</ele><time>2026-06-16T17:12:15Z</time></trkpt><trkpt lat="51.322052" lon="-116.218867"><ele>2241.241</ele><time>2026-06-16T17:12:16Z</time></trkpt><trkpt lat="51.322028" lon="-116.219003"><ele>2240.821</ele><time>2026-06-16T17:12:25Z</time></trkpt><trkpt lat="51.32201" lon="-116.219139"><ele>2242.646</ele><time>2026-06-16T17:12:34Z</time></trkpt><trkpt lat="51.322006" lon="-116.21916"><ele>2243.231</ele><time>2026-06-16T17:12:35Z</time></trkpt><trkpt lat="51.321979" lon="-116.219291"><ele>2243.464</ele><time>2026-06-16T17:12:43Z</time></trkpt><trkpt lat="51.321958" lon="-116.2194"><ele>2243.048</ele><time>2026-06-16T17:12:49Z</time></trkpt><trkpt lat="51.321924" lon="-116.219572"><ele>2243.061</ele><time>2026-06-16T17:12:58Z</time></trkpt><trkpt lat="51.321924" lon="-116.219724"><ele>2243.217</ele><time>2026-06-16T17:13:06Z</time></trkpt><trkpt lat="51.321928" lon="-116.219802"><ele>2244.209</ele><time>2026-06-16T17:13:10Z</time></trkpt><trkpt lat="51.321938" lon="-116.219864"><ele>2245.296</ele><time>2026-06-16T17:13:14Z</time></trkpt><trkpt lat="51.321955" lon="-116.219967"><ele>2245.260</ele><time>2026-06-16T17:13:20Z</time></trkpt><trkpt lat="51.321958" lon="-116.219981"><ele>2245.453</ele><time>2026-06-16T17:13:21Z</time></trkpt><trkpt lat="51.321965" lon="-116.220023"><ele>2245.631</ele><time>2026-06-16T17:13:24Z</time></trkpt><trkpt lat="51.321965" lon="-116.220036"><ele>2245.882</ele><time>2026-06-16T17:13:25Z</time></trkpt><trkpt lat="51.321965" lon="-116.22005"><ele>2246.472</ele><time>2026-06-16T17:13:26Z</time></trkpt><trkpt lat="51.321962" lon="-116.220095"><ele>2247.687</ele><time>2026-06-16T17:13:29Z</time></trkpt><trkpt lat="51.321965" lon="-116.220142"><ele>2246.842</ele><time>2026-06-16T17:13:33Z</time></trkpt><trkpt lat="51.321965" lon="-116.220155"><ele>2246.615</ele><time>2026-06-16T17:13:34Z</time></trkpt><trkpt lat="51.321952" lon="-116.220283"><ele>2245.812</ele><time>2026-06-16T17:13:42Z</time></trkpt><trkpt lat="51.32197" lon="-116.220401"><ele>2246.232</ele><time>2026-06-16T17:13:50Z</time></trkpt><trkpt lat="51.321972" lon="-116.220431"><ele>2246.405</ele><time>2026-06-16T17:13:52Z</time></trkpt><trkpt lat="51.321983" lon="-116.220511"><ele>2247.009</ele><time>2026-06-16T17:13:57Z</time></trkpt><trkpt lat="51.321994" lon="-116.220557"><ele>2247.653</ele><time>2026-06-16T17:14:00Z</time></trkpt><trkpt lat="51.321986" lon="-116.22064"><ele>2248.037</ele><time>2026-06-16T17:14:05Z</time></trkpt><trkpt lat="51.321983" lon="-116.220657"><ele>2248.010</ele><time>2026-06-16T17:14:06Z</time></trkpt><trkpt lat="51.321979" lon="-116.220687"><ele>2248.258</ele><time>2026-06-16T17:14:08Z</time></trkpt><trkpt lat="51.321982" lon="-116.220769"><ele>2248.659</ele><time>2026-06-16T17:14:13Z</time></trkpt><trkpt lat="51.321988" lon="-116.220803"><ele>2248.879</ele><time>2026-06-16T17:14:15Z</time></trkpt><trkpt lat="51.321994" lon="-116.220948"><ele>2249.474</ele><time>2026-06-16T17:14:24Z</time></trkpt><trkpt lat="51.322014" lon="-116.221095"><ele>2248.859</ele><time>2026-06-16T17:14:34Z</time></trkpt><trkpt lat="51.322024" lon="-116.221189"><ele>2249.822</ele><time>2026-06-16T17:14:40Z</time></trkpt><trkpt lat="51.322034" lon="-116.221263"><ele>2250.411</ele><time>2026-06-16T17:14:45Z</time></trkpt><trkpt lat="51.322048" lon="-116.221426"><ele>2250.621</ele><time>2026-06-16T17:14:56Z</time></trkpt><trkpt lat="51.322059" lon="-116.221472"><ele>2250.803</ele><time>2026-06-16T17:14:59Z</time></trkpt><trkpt lat="51.322079" lon="-116.221534"><ele>2252.209</ele><time>2026-06-16T17:15:04Z</time></trkpt><trkpt lat="51.322082" lon="-116.221547"><ele>2252.223</ele><time>2026-06-16T17:15:05Z</time></trkpt><trkpt lat="51.322064" lon="-116.221689"><ele>2252.077</ele><time>2026-06-16T17:15:13Z</time></trkpt><trkpt lat="51.322069" lon="-116.221824"><ele>2252.490</ele><time>2026-06-16T17:15:21Z</time></trkpt><trkpt lat="51.322084" lon="-116.221943"><ele>2253.248</ele><time>2026-06-16T17:15:29Z</time></trkpt><trkpt lat="51.322086" lon="-116.221992"><ele>2252.869</ele><time>2026-06-16T17:15:32Z</time></trkpt><trkpt lat="51.322087" lon="-116.222126"><ele>2253.829</ele><time>2026-06-16T17:15:40Z</time></trkpt><trkpt lat="51.322106" lon="-116.222211"><ele>2254.254</ele><time>2026-06-16T17:15:46Z</time></trkpt><trkpt lat="51.32211" lon="-116.222223"><ele>2254.489</ele><time>2026-06-16T17:15:47Z</time></trkpt><trkpt lat="51.322138" lon="-116.222329"><ele>2255.272</ele><time>2026-06-16T17:15:55Z</time></trkpt><trkpt lat="51.322144" lon="-116.222341"><ele>2255.496</ele><time>2026-06-16T17:15:56Z</time></trkpt><trkpt lat="51.322166" lon="-116.222421"><ele>2256.031</ele><time>2026-06-16T17:16:02Z</time></trkpt><trkpt lat="51.322171" lon="-116.222469"><ele>2256.424</ele><time>2026-06-16T17:16:06Z</time></trkpt><trkpt lat="51.322175" lon="-116.222521"><ele>2257.009</ele><time>2026-06-16T17:16:10Z</time></trkpt><trkpt lat="51.322197" lon="-116.222592"><ele>2257.431</ele><time>2026-06-16T17:16:18Z</time></trkpt><trkpt lat="51.322199" lon="-116.222603"><ele>2257.465</ele><time>2026-06-16T17:16:19Z</time></trkpt><trkpt lat="51.322225" lon="-116.222707"><ele>2257.668</ele><time>2026-06-16T17:16:25Z</time></trkpt><trkpt lat="51.322238" lon="-116.222746"><ele>2258.416</ele><time>2026-06-16T17:16:30Z</time></trkpt><trkpt lat="51.32224" lon="-116.22278"><ele>2258.867</ele><time>2026-06-16T17:16:33Z</time></trkpt><trkpt lat="51.322254" lon="-116.222821"><ele>2258.867</ele><time>2026-06-16T17:16:37Z</time></trkpt><trkpt lat="51.322266" lon="-116.222871"><ele>2258.852</ele><time>2026-06-16T17:16:40Z</time></trkpt><trkpt lat="51.322297" lon="-116.222976"><ele>2259.227</ele><time>2026-06-16T17:16:48Z</time></trkpt><trkpt lat="51.322304" lon="-116.223048"><ele>2259.440</ele><time>2026-06-16T17:16:53Z</time></trkpt><trkpt lat="51.322308" lon="-116.223086"><ele>2259.692</ele><time>2026-06-16T17:16:56Z</time></trkpt><trkpt lat="51.322299" lon="-116.223162"><ele>2260.673</ele><time>2026-06-16T17:17:01Z</time></trkpt><trkpt lat="51.322299" lon="-116.223211"><ele>2261.220</ele><time>2026-06-16T17:17:04Z</time></trkpt><trkpt lat="51.322311" lon="-116.223259"><ele>2261.609</ele><time>2026-06-16T17:17:07Z</time></trkpt><trkpt lat="51.322317" lon="-116.223269"><ele>2261.671</ele><time>2026-06-16T17:17:08Z</time></trkpt><trkpt lat="51.322336" lon="-116.223323"><ele>2262.815</ele><time>2026-06-16T17:17:12Z</time></trkpt><trkpt lat="51.322359" lon="-116.22344"><ele>2263.688</ele><time>2026-06-16T17:17:21Z</time></trkpt><trkpt lat="51.322362" lon="-116.223454"><ele>2264.066</ele><time>2026-06-16T17:17:22Z</time></trkpt><trkpt lat="51.322381" lon="-116.223565"><ele>2263.487</ele><time>2026-06-16T17:17:30Z</time></trkpt><trkpt lat="51.322375" lon="-116.223658"><ele>2262.877</ele><time>2026-06-16T17:17:36Z</time></trkpt><trkpt lat="51.322374" lon="-116.223698"><ele>2263.252</ele><time>2026-06-16T17:17:39Z</time></trkpt><trkpt lat="51.32238" lon="-116.223774"><ele>2262.847</ele><time>2026-06-16T17:17:47Z</time></trkpt><trkpt lat="51.32237" lon="-116.223871"><ele>2263.880</ele><time>2026-06-16T17:17:53Z</time></trkpt><trkpt lat="51.322363" lon="-116.223893"><ele>2263.828</ele><time>2026-06-16T17:17:56Z</time></trkpt><trkpt lat="51.322357" lon="-116.223916"><ele>2263.889</ele><time>2026-06-16T17:17:58Z</time></trkpt><trkpt lat="51.322349" lon="-116.223992"><ele>2264.217</ele><time>2026-06-16T17:18:02Z</time></trkpt><trkpt lat="51.322354" lon="-116.224069"><ele>2265.009</ele><time>2026-06-16T17:18:07Z</time></trkpt><trkpt lat="51.322357" lon="-116.224103"><ele>2265.264</ele><time>2026-06-16T17:18:09Z</time></trkpt><trkpt lat="51.322362" lon="-116.224132"><ele>2265.258</ele><time>2026-06-16T17:18:11Z</time></trkpt><trkpt lat="51.322364" lon="-116.224206"><ele>2266.091</ele><time>2026-06-16T17:18:16Z</time></trkpt><trkpt lat="51.322361" lon="-116.224228"><ele>2266.049</ele><time>2026-06-16T17:18:18Z</time></trkpt><trkpt lat="51.322369" lon="-116.224358"><ele>2267.040</ele><time>2026-06-16T17:18:27Z</time></trkpt><trkpt lat="51.322375" lon="-116.224372"><ele>2267.410</ele><time>2026-06-16T17:18:28Z</time></trkpt><trkpt lat="51.322388" lon="-116.224411"><ele>2268.645</ele><time>2026-06-16T17:18:31Z</time></trkpt><trkpt lat="51.322394" lon="-116.224476"><ele>2269.840</ele><time>2026-06-16T17:18:36Z</time></trkpt><trkpt lat="51.322389" lon="-116.224574"><ele>2270.233</ele><time>2026-06-16T17:18:42Z</time></trkpt><trkpt lat="51.322388" lon="-116.224647"><ele>2270.896</ele><time>2026-06-16T17:18:46Z</time></trkpt><trkpt lat="51.322388" lon="-116.224663"><ele>2271.031</ele><time>2026-06-16T17:18:47Z</time></trkpt><trkpt lat="51.322404" lon="-116.224778"><ele>2272.224</ele><time>2026-06-16T17:18:54Z</time></trkpt><trkpt lat="51.32242" lon="-116.224905"><ele>2272.209</ele><time>2026-06-16T17:19:02Z</time></trkpt><trkpt lat="51.322424" lon="-116.22495"><ele>2271.691</ele><time>2026-06-16T17:19:09Z</time></trkpt><trkpt lat="51.322412" lon="-116.22503"><ele>2271.625</ele><time>2026-06-16T17:19:15Z</time></trkpt><trkpt lat="51.32244" lon="-116.225179"><ele>2273.088</ele><time>2026-06-16T17:19:24Z</time></trkpt><trkpt lat="51.322444" lon="-116.225262"><ele>2273.026</ele><time>2026-06-16T17:19:29Z</time></trkpt><trkpt lat="51.322444" lon="-116.225274"><ele>2272.867</ele><time>2026-06-16T17:19:30Z</time></trkpt><trkpt lat="51.322448" lon="-116.225303"><ele>2273.077</ele><time>2026-06-16T17:19:32Z</time></trkpt><trkpt lat="51.322448" lon="-116.225334"><ele>2273.212</ele><time>2026-06-16T17:19:34Z</time></trkpt><trkpt lat="51.322449" lon="-116.225408"><ele>2273.297</ele><time>2026-06-16T17:19:38Z</time></trkpt><trkpt lat="51.322469" lon="-116.225485"><ele>2274.280</ele><time>2026-06-16T17:19:44Z</time></trkpt><trkpt lat="51.322471" lon="-116.225498"><ele>2274.428</ele><time>2026-06-16T17:19:45Z</time></trkpt><trkpt lat="51.322491" lon="-116.225627"><ele>2273.889</ele><time>2026-06-16T17:19:53Z</time></trkpt><trkpt lat="51.322496" lon="-116.22564"><ele>2273.817</ele><time>2026-06-16T17:19:54Z</time></trkpt><trkpt lat="51.322525" lon="-116.225725"><ele>2275.209</ele><time>2026-06-16T17:20:00Z</time></trkpt><trkpt lat="51.322537" lon="-116.225755"><ele>2275.614</ele><time>2026-06-16T17:20:02Z</time></trkpt><trkpt lat="51.322545" lon="-116.22577"><ele>2275.658</ele><time>2026-06-16T17:20:03Z</time></trkpt><trkpt lat="51.322566" lon="-116.225873"><ele>2274.251</ele><time>2026-06-16T17:20:10Z</time></trkpt><trkpt lat="51.322572" lon="-116.225898"><ele>2273.839</ele><time>2026-06-16T17:20:12Z</time></trkpt><trkpt lat="51.322581" lon="-116.225979"><ele>2275.280</ele><time>2026-06-16T17:20:17Z</time></trkpt><trkpt lat="51.322584" lon="-116.226051"><ele>2275.480</ele><time>2026-06-16T17:20:22Z</time></trkpt><trkpt lat="51.322588" lon="-116.226182"><ele>2276.475</ele><time>2026-06-16T17:20:31Z</time></trkpt><trkpt lat="51.322592" lon="-116.226287"><ele>2277.460</ele><time>2026-06-16T17:20:37Z</time></trkpt><trkpt lat="51.322601" lon="-116.226361"><ele>2277.843</ele><time>2026-06-16T17:20:41Z</time></trkpt><trkpt lat="51.322666" lon="-116.226469"><ele>2278.455</ele><time>2026-06-16T17:20:50Z</time></trkpt><trkpt lat="51.322703" lon="-116.226556"><ele>2279.207</ele><time>2026-06-16T17:20:58Z</time></trkpt><trkpt lat="51.32269" lon="-116.226579"><ele>2279.417</ele><time>2026-06-16T17:21:00Z</time></trkpt><trkpt lat="51.322682" lon="-116.226589"><ele>2279.609</ele><time>2026-06-16T17:21:01Z</time></trkpt><trkpt lat="51.322651" lon="-116.226626"><ele>2279.277</ele><time>2026-06-16T17:21:04Z</time></trkpt><trkpt lat="51.322644" lon="-116.226759"><ele>2280.021</ele><time>2026-06-16T17:21:12Z</time></trkpt><trkpt lat="51.322663" lon="-116.226826"><ele>2280.494</ele><time>2026-06-16T17:21:17Z</time></trkpt><trkpt lat="51.322662" lon="-116.226873"><ele>2280.812</ele><time>2026-06-16T17:21:20Z</time></trkpt><trkpt lat="51.322621" lon="-116.226976"><ele>2281.653</ele><time>2026-06-16T17:21:27Z</time></trkpt><trkpt lat="51.322612" lon="-116.226986"><ele>2281.813</ele><time>2026-06-16T17:21:28Z</time></trkpt><trkpt lat="51.322592" lon="-116.227092"><ele>2281.218</ele><time>2026-06-16T17:21:35Z</time></trkpt><trkpt lat="51.3226" lon="-116.227184"><ele>2282.043</ele><time>2026-06-16T17:21:42Z</time></trkpt><trkpt lat="51.322597" lon="-116.227263"><ele>2281.636</ele><time>2026-06-16T17:21:47Z</time></trkpt><trkpt lat="51.322593" lon="-116.227312"><ele>2280.658</ele><time>2026-06-16T17:21:50Z</time></trkpt><trkpt lat="51.322592" lon="-116.227329"><ele>2280.452</ele><time>2026-06-16T17:21:51Z</time></trkpt><trkpt lat="51.322608" lon="-116.22741"><ele>2280.817</ele><time>2026-06-16T17:21:58Z</time></trkpt><trkpt lat="51.322609" lon="-116.227438"><ele>2281.609</ele><time>2026-06-16T17:22:01Z</time></trkpt><trkpt lat="51.322613" lon="-116.227504"><ele>2281.847</ele><time>2026-06-16T17:22:06Z</time></trkpt><trkpt lat="51.32261" lon="-116.227568"><ele>2282.281</ele><time>2026-06-16T17:22:12Z</time></trkpt><trkpt lat="51.322609" lon="-116.227591"><ele>2282.644</ele><time>2026-06-16T17:22:14Z</time></trkpt><trkpt lat="51.322625" lon="-116.227644"><ele>2282.832</ele><time>2026-06-16T17:22:19Z</time></trkpt><trkpt lat="51.322633" lon="-116.227656"><ele>2283.463</ele><time>2026-06-16T17:22:21Z</time></trkpt><trkpt lat="51.322637" lon="-116.227659"><ele>2283.683</ele><time>2026-06-16T17:22:22Z</time></trkpt><trkpt lat="51.322674" lon="-116.227721"><ele>2284.218</ele><time>2026-06-16T17:22:31Z</time></trkpt><trkpt lat="51.322688" lon="-116.227777"><ele>2284.673</ele><time>2026-06-16T17:22:37Z</time></trkpt><trkpt lat="51.322683" lon="-116.227808"><ele>2284.896</ele><time>2026-06-16T17:22:39Z</time></trkpt><trkpt lat="51.322668" lon="-116.227893"><ele>2285.681</ele><time>2026-06-16T17:22:47Z</time></trkpt><trkpt lat="51.322648" lon="-116.227996"><ele>2285.661</ele><time>2026-06-16T17:22:55Z</time></trkpt><trkpt lat="51.32265" lon="-116.228048"><ele>2285.817</ele><time>2026-06-16T17:22:59Z</time></trkpt><trkpt lat="51.322651" lon="-116.228074"><ele>2286.009</ele><time>2026-06-16T17:23:01Z</time></trkpt><trkpt lat="51.322658" lon="-116.228136"><ele>2286.890</ele><time>2026-06-16T17:23:08Z</time></trkpt><trkpt lat="51.322658" lon="-116.228169"><ele>2286.644</ele><time>2026-06-16T17:23:13Z</time></trkpt><trkpt lat="51.322657" lon="-116.228188"><ele>2287.067</ele><time>2026-06-16T17:23:16Z</time></trkpt><trkpt lat="51.322656" lon="-116.228266"><ele>2288.035</ele><time>2026-06-16T17:23:23Z</time></trkpt><trkpt lat="51.322657" lon="-116.228272"><ele>2288.276</ele><time>2026-06-16T17:23:24Z</time></trkpt><trkpt lat="51.32265" lon="-116.228344"><ele>2288.426</ele><time>2026-06-16T17:23:33Z</time></trkpt><trkpt lat="51.322656" lon="-116.228442"><ele>2288.831</ele><time>2026-06-16T17:23:39Z</time></trkpt><trkpt lat="51.322659" lon="-116.228456"><ele>2289.016</ele><time>2026-06-16T17:23:40Z</time></trkpt><trkpt lat="51.322679" lon="-116.228544"><ele>2289.019</ele><time>2026-06-16T17:23:47Z</time></trkpt><trkpt lat="51.322678" lon="-116.228607"><ele>2289.661</ele><time>2026-06-16T17:23:51Z</time></trkpt><trkpt lat="51.322678" lon="-116.228688"><ele>2289.821</ele><time>2026-06-16T17:23:56Z</time></trkpt><trkpt lat="51.322682" lon="-116.228721"><ele>2290.013</ele><time>2026-06-16T17:23:58Z</time></trkpt><trkpt lat="51.3227" lon="-116.228801"><ele>2290.209</ele><time>2026-06-16T17:24:04Z</time></trkpt><trkpt lat="51.322708" lon="-116.228912"><ele>2291.098</ele><time>2026-06-16T17:24:12Z</time></trkpt><trkpt lat="51.322708" lon="-116.228927"><ele>2291.292</ele><time>2026-06-16T17:24:13Z</time></trkpt><trkpt lat="51.322723" lon="-116.229094"><ele>2292.015</ele><time>2026-06-16T17:24:24Z</time></trkpt><trkpt lat="51.322725" lon="-116.229159"><ele>2292.253</ele><time>2026-06-16T17:24:29Z</time></trkpt><trkpt lat="51.322722" lon="-116.229212"><ele>2292.464</ele><time>2026-06-16T17:24:33Z</time></trkpt><trkpt lat="51.322721" lon="-116.229291"><ele>2292.254</ele><time>2026-06-16T17:24:39Z</time></trkpt><trkpt lat="51.322716" lon="-116.229335"><ele>2292.449</ele><time>2026-06-16T17:24:42Z</time></trkpt><trkpt lat="51.322733" lon="-116.229428"><ele>2291.624</ele><time>2026-06-16T17:24:49Z</time></trkpt><trkpt lat="51.322742" lon="-116.229455"><ele>2292.247</ele><time>2026-06-16T17:24:55Z</time></trkpt><trkpt lat="51.322746" lon="-116.229481"><ele>2291.876</ele><time>2026-06-16T17:25:02Z</time></trkpt><trkpt lat="51.322751" lon="-116.229515"><ele>2292.090</ele><time>2026-06-16T17:25:09Z</time></trkpt><trkpt lat="51.322744" lon="-116.229555"><ele>2293.219</ele><time>2026-06-16T17:25:14Z</time></trkpt><trkpt lat="51.322742" lon="-116.229569"><ele>2293.209</ele><time>2026-06-16T17:25:16Z</time></trkpt><trkpt lat="51.32274" lon="-116.229612"><ele>2293.229</ele><time>2026-06-16T17:25:24Z</time></trkpt><trkpt lat="51.322737" lon="-116.229624"><ele>2293.613</ele><time>2026-06-16T17:25:30Z</time></trkpt><trkpt lat="51.322744" lon="-116.229681"><ele>2294.416</ele><time>2026-06-16T17:25:37Z</time></trkpt><trkpt lat="51.322753" lon="-116.229749"><ele>2295.424</ele><time>2026-06-16T17:25:44Z</time></trkpt><trkpt lat="51.322754" lon="-116.229761"><ele>2295.655</ele><time>2026-06-16T17:25:45Z</time></trkpt><trkpt lat="51.322734" lon="-116.22984"><ele>2296.285</ele><time>2026-06-16T17:25:52Z</time></trkpt><trkpt lat="51.322718" lon="-116.229948"><ele>2296.640</ele><time>2026-06-16T17:26:00Z</time></trkpt><trkpt lat="51.322704" lon="-116.230044"><ele>2295.855</ele><time>2026-06-16T17:26:06Z</time></trkpt><trkpt lat="51.322706" lon="-116.230034"><ele>2296.078</ele><time>2026-06-16T17:26:12Z</time></trkpt><trkpt lat="51.322706" lon="-116.230034"><ele>2296.028</ele><time>2026-06-16T17:26:17Z</time></trkpt><trkpt lat="51.322706" lon="-116.230034"><ele>2296.089</ele><time>2026-06-16T17:26:18Z</time></trkpt><trkpt lat="51.322706" lon="-116.230034"><ele>2296.017</ele><time>2026-06-16T17:26:22Z</time></trkpt><trkpt lat="51.322706" lon="-116.230034"><ele>2296.209</ele><time>2026-06-16T17:26:28Z</time></trkpt><trkpt lat="51.322713" lon="-116.230031"><ele>2296.654</ele><time>2026-06-16T17:26:35Z</time></trkpt><trkpt lat="51.322713" lon="-116.230041"><ele>2296.698</ele><time>2026-06-16T17:26:38Z</time></trkpt><trkpt lat="51.322712" lon="-116.230044"><ele>2296.491</ele><time>2026-06-16T17:26:47Z</time></trkpt><trkpt lat="51.322711" lon="-116.230087"><ele>2296.879</ele><time>2026-06-16T17:26:53Z</time></trkpt><trkpt lat="51.322712" lon="-116.230084"><ele>2296.680</ele><time>2026-06-16T17:26:59Z</time></trkpt><trkpt lat="51.322712" lon="-116.230084"><ele>2296.630</ele><time>2026-06-16T17:27:01Z</time></trkpt><trkpt lat="51.322712" lon="-116.230084"><ele>2296.675</ele><time>2026-06-16T17:27:03Z</time></trkpt><trkpt lat="51.322712" lon="-116.230084"><ele>2297.450</ele><time>2026-06-16T17:27:10Z</time></trkpt><trkpt lat="51.322712" lon="-116.230084"><ele>2297.493</ele><time>2026-06-16T17:27:21Z</time></trkpt><trkpt lat="51.322712" lon="-116.230084"><ele>2297.273</ele><time>2026-06-16T17:27:27Z</time></trkpt><trkpt lat="51.322712" lon="-116.230084"><ele>2297.485</ele><time>2026-06-16T17:27:29Z</time></trkpt><trkpt lat="51.322712" lon="-116.230084"><ele>2297.413</ele><time>2026-06-16T17:27:31Z</time></trkpt><trkpt lat="51.322712" lon="-116.230084"><ele>2297.609</ele><time>2026-06-16T17:27:35Z</time></trkpt><trkpt lat="51.322721" lon="-116.23008"><ele>2297.899</ele><time>2026-06-16T17:27:41Z</time></trkpt><trkpt lat="51.322722" lon="-116.230083"><ele>2297.243</ele><time>2026-06-16T17:27:49Z</time></trkpt><trkpt lat="51.322712" lon="-116.230084"><ele>2297.026</ele><time>2026-06-16T17:28:03Z</time></trkpt><trkpt lat="51.322714" lon="-116.230089"><ele>2297.434</ele><time>2026-06-16T17:28:10Z</time></trkpt><trkpt lat="51.322696" lon="-116.230111"><ele>2297.665</ele><time>2026-06-16T17:28:13Z</time></trkpt><trkpt lat="51.322691" lon="-116.23012"><ele>2297.675</ele><time>2026-06-16T17:28:14Z</time></trkpt><trkpt lat="51.322677" lon="-116.230127"><ele>2298.430</ele><time>2026-06-16T17:28:20Z</time></trkpt><trkpt lat="51.322678" lon="-116.230137"><ele>2298.675</ele><time>2026-06-16T17:28:22Z</time></trkpt><trkpt lat="51.322679" lon="-116.230151"><ele>2299.228</ele><time>2026-06-16T17:28:25Z</time></trkpt><trkpt lat="51.322679" lon="-116.230151"><ele>2299.645</ele><time>2026-06-16T17:28:28Z</time></trkpt><trkpt lat="51.322678" lon="-116.230162"><ele>2299.647</ele><time>2026-06-16T17:28:29Z</time></trkpt><trkpt lat="51.322669" lon="-116.230171"><ele>2300.211</ele><time>2026-06-16T17:28:31Z</time></trkpt><trkpt lat="51.322664" lon="-116.230179"><ele>2300.609</ele><time>2026-06-16T17:28:32Z</time></trkpt><trkpt lat="51.32266" lon="-116.230179"><ele>2300.886</ele><time>2026-06-16T17:28:33Z</time></trkpt><trkpt lat="51.322679" lon="-116.230151"><ele>2300.610</ele><time>2026-06-16T17:28:38Z</time></trkpt><trkpt lat="51.322673" lon="-116.230163"><ele>2300.653</ele><time>2026-06-16T17:28:50Z</time></trkpt><trkpt lat="51.322655" lon="-116.230172"><ele>2300.641</ele><time>2026-06-16T17:28:58Z</time></trkpt><trkpt lat="51.322641" lon="-116.2302"><ele>2300.622</ele><time>2026-06-16T17:29:05Z</time></trkpt><trkpt lat="51.322624" lon="-116.230243"><ele>2300.262</ele><time>2026-06-16T17:29:10Z</time></trkpt><trkpt lat="51.322617" lon="-116.230264"><ele>2300.297</ele><time>2026-06-16T17:29:12Z</time></trkpt><trkpt lat="51.322613" lon="-116.23027"><ele>2300.012</ele><time>2026-06-16T17:29:13Z</time></trkpt><trkpt lat="51.32261" lon="-116.230281"><ele>2300.075</ele><time>2026-06-16T17:29:14Z</time></trkpt><trkpt lat="51.322586" lon="-116.230341"><ele>2299.695</ele><time>2026-06-16T17:29:22Z</time></trkpt><trkpt lat="51.322582" lon="-116.230353"><ele>2299.649</ele><time>2026-06-16T17:29:24Z</time></trkpt><trkpt lat="51.322553" lon="-116.230398"><ele>2299.223</ele><time>2026-06-16T17:29:31Z</time></trkpt><trkpt lat="51.322528" lon="-116.23044"><ele>2298.809</ele><time>2026-06-16T17:29:37Z</time></trkpt><trkpt lat="51.322526" lon="-116.230447"><ele>2298.841</ele><time>2026-06-16T17:29:38Z</time></trkpt><trkpt lat="51.322513" lon="-116.23047"><ele>2298.875</ele><time>2026-06-16T17:29:41Z</time></trkpt><trkpt lat="51.32251" lon="-116.230481"><ele>2298.648</ele><time>2026-06-16T17:29:42Z</time></trkpt><trkpt lat="51.322498" lon="-116.230501"><ele>2298.256</ele><time>2026-06-16T17:29:45Z</time></trkpt><trkpt lat="51.322463" lon="-116.230581"><ele>2297.647</ele><time>2026-06-16T17:29:51Z</time></trkpt><trkpt lat="51.322451" lon="-116.230601"><ele>2297.417</ele><time>2026-06-16T17:29:54Z</time></trkpt><trkpt lat="51.322432" lon="-116.230648"><ele>2297.292</ele><time>2026-06-16T17:30:00Z</time></trkpt><trkpt lat="51.322438" lon="-116.230699"><ele>2297.287</ele><time>2026-06-16T17:30:07Z</time></trkpt><trkpt lat="51.322436" lon="-116.230702"><ele>2296.850</ele><time>2026-06-16T17:30:15Z</time></trkpt><trkpt lat="51.322436" lon="-116.230702"><ele>2296.845</ele><time>2026-06-16T17:30:17Z</time></trkpt><trkpt lat="51.322427" lon="-116.230707"><ele>2297.247</ele><time>2026-06-16T17:30:24Z</time></trkpt><trkpt lat="51.322414" lon="-116.230792"><ele>2297.611</ele><time>2026-06-16T17:30:31Z</time></trkpt><trkpt lat="51.322412" lon="-116.230807"><ele>2297.609</ele><time>2026-06-16T17:30:32Z</time></trkpt><trkpt lat="51.322412" lon="-116.230826"><ele>2297.416</ele><time>2026-06-16T17:30:37Z</time></trkpt><trkpt lat="51.322404" lon="-116.23088"><ele>2297.460</ele><time>2026-06-16T17:30:42Z</time></trkpt><trkpt lat="51.3224" lon="-116.230897"><ele>2297.613</ele><time>2026-06-16T17:30:43Z</time></trkpt><trkpt lat="51.322368" lon="-116.231066"><ele>2298.021</ele><time>2026-06-16T17:30:53Z</time></trkpt><trkpt lat="51.322374" lon="-116.23123"><ele>2297.282</ele><time>2026-06-16T17:31:02Z</time></trkpt><trkpt lat="51.322377" lon="-116.231408"><ele>2297.472</ele><time>2026-06-16T17:31:11Z</time></trkpt><trkpt lat="51.322375" lon="-116.231491"><ele>2297.867</ele><time>2026-06-16T17:31:19Z</time></trkpt><trkpt lat="51.322382" lon="-116.231528"><ele>2297.872</ele><time>2026-06-16T17:31:24Z</time></trkpt><trkpt lat="51.322383" lon="-116.231596"><ele>2298.025</ele><time>2026-06-16T17:31:30Z</time></trkpt><trkpt lat="51.322385" lon="-116.23167"><ele>2297.838</ele><time>2026-06-16T17:31:37Z</time></trkpt><trkpt lat="51.322375" lon="-116.23174"><ele>2297.070</ele><time>2026-06-16T17:31:43Z</time></trkpt><trkpt lat="51.322368" lon="-116.231852"><ele>2297.217</ele><time>2026-06-16T17:31:49Z</time></trkpt><trkpt lat="51.32237" lon="-116.231954"><ele>2297.009</ele><time>2026-06-16T17:31:56Z</time></trkpt><trkpt lat="51.322369" lon="-116.232169"><ele>2297.425</ele><time>2026-06-16T17:32:07Z</time></trkpt><trkpt lat="51.322386" lon="-116.232369"><ele>2297.099</ele><time>2026-06-16T17:32:17Z</time></trkpt><trkpt lat="51.322429" lon="-116.232522"><ele>2297.442</ele><time>2026-06-16T17:32:26Z</time></trkpt><trkpt lat="51.322472" lon="-116.232667"><ele>2297.210</ele><time>2026-06-16T17:32:35Z</time></trkpt><trkpt lat="51.322498" lon="-116.232747"><ele>2297.671</ele><time>2026-06-16T17:32:41Z</time></trkpt><trkpt lat="51.322524" lon="-116.232837"><ele>2297.051</ele><time>2026-06-16T17:32:47Z</time></trkpt><trkpt lat="51.32255" lon="-116.23293"><ele>2296.616</ele><time>2026-06-16T17:32:53Z</time></trkpt><trkpt lat="51.322554" lon="-116.232947"><ele>2296.691</ele><time>2026-06-16T17:32:54Z</time></trkpt><trkpt lat="51.322565" lon="-116.232972"><ele>2296.284</ele><time>2026-06-16T17:32:59Z</time></trkpt><trkpt lat="51.32257" lon="-116.232981"><ele>2296.425</ele><time>2026-06-16T17:33:06Z</time></trkpt><trkpt lat="51.322575" lon="-116.232994"><ele>2296.026</ele><time>2026-06-16T17:33:12Z</time></trkpt><trkpt lat="51.322575" lon="-116.232994"><ele>2296.408</ele><time>2026-06-16T17:33:21Z</time></trkpt><trkpt lat="51.322575" lon="-116.232994"><ele>2296.409</ele><time>2026-06-16T17:33:23Z</time></trkpt><trkpt lat="51.322589" lon="-116.232994"><ele>2295.864</ele><time>2026-06-16T17:33:32Z</time></trkpt><trkpt lat="51.322569" lon="-116.232985"><ele>2296.018</ele><time>2026-06-16T17:33:40Z</time></trkpt><trkpt lat="51.322567" lon="-116.232986"><ele>2296.051</ele><time>2026-06-16T17:33:41Z</time></trkpt><trkpt lat="51.322562" lon="-116.232988"><ele>2296.069</ele><time>2026-06-16T17:33:43Z</time></trkpt><trkpt lat="51.322556" lon="-116.232992"><ele>2296.230</ele><time>2026-06-16T17:33:45Z</time></trkpt><trkpt lat="51.322557" lon="-116.233018"><ele>2296.240</ele><time>2026-06-16T17:33:53Z</time></trkpt><trkpt lat="51.322561" lon="-116.233028"><ele>2295.635</ele><time>2026-06-16T17:33:56Z</time></trkpt><trkpt lat="51.322548" lon="-116.23294"><ele>2297.080</ele><time>2026-06-16T17:34:01Z</time></trkpt><trkpt lat="51.322518" lon="-116.232798"><ele>2297.253</ele><time>2026-06-16T17:34:09Z</time></trkpt><trkpt lat="51.322495" lon="-116.232708"><ele>2297.636</ele><time>2026-06-16T17:34:14Z</time></trkpt><trkpt lat="51.322477" lon="-116.232656"><ele>2297.617</ele><time>2026-06-16T17:34:17Z</time></trkpt><trkpt lat="51.322437" lon="-116.232512"><ele>2297.218</ele><time>2026-06-16T17:34:25Z</time></trkpt><trkpt lat="51.322387" lon="-116.232322"><ele>2298.209</ele><time>2026-06-16T17:34:36Z</time></trkpt><trkpt lat="51.322379" lon="-116.232198"><ele>2297.065</ele><time>2026-06-16T17:34:43Z</time></trkpt><trkpt lat="51.32238" lon="-116.232061"><ele>2297.289</ele><time>2026-06-16T17:34:51Z</time></trkpt><trkpt lat="51.322371" lon="-116.232053"><ele>2296.862</ele><time>2026-06-16T17:34:57Z</time></trkpt><trkpt lat="51.322373" lon="-116.232038"><ele>2296.660</ele><time>2026-06-16T17:35:01Z</time></trkpt><trkpt lat="51.322382" lon="-116.231983"><ele>2296.471</ele><time>2026-06-16T17:35:04Z</time></trkpt><trkpt lat="51.322384" lon="-116.231942"><ele>2295.661</ele><time>2026-06-16T17:35:11Z</time></trkpt><trkpt lat="51.322379" lon="-116.231951"><ele>2295.696</ele><time>2026-06-16T17:35:21Z</time></trkpt><trkpt lat="51.322378" lon="-116.231938"><ele>2297.031</ele><time>2026-06-16T17:35:31Z</time></trkpt><trkpt lat="51.322379" lon="-116.231943"><ele>2295.864</ele><time>2026-06-16T17:35:38Z</time></trkpt><trkpt lat="51.322379" lon="-116.231945"><ele>2295.666</ele><time>2026-06-16T17:35:42Z</time></trkpt><trkpt lat="51.322383" lon="-116.231905"><ele>2295.229</ele><time>2026-06-16T17:35:46Z</time></trkpt><trkpt lat="51.322378" lon="-116.231827"><ele>2295.421</ele><time>2026-06-16T17:35:50Z</time></trkpt><trkpt lat="51.322385" lon="-116.231704"><ele>2296.609</ele><time>2026-06-16T17:35:59Z</time></trkpt><trkpt lat="51.322393" lon="-116.231631"><ele>2297.618</ele><time>2026-06-16T17:36:06Z</time></trkpt><trkpt lat="51.322393" lon="-116.231601"><ele>2297.882</ele><time>2026-06-16T17:36:09Z</time></trkpt><trkpt lat="51.322394" lon="-116.231533"><ele>2298.015</ele><time>2026-06-16T17:36:14Z</time></trkpt><trkpt lat="51.322385" lon="-116.23149"><ele>2298.043</ele><time>2026-06-16T17:36:18Z</time></trkpt><trkpt lat="51.322386" lon="-116.231369"><ele>2297.214</ele><time>2026-06-16T17:36:26Z</time></trkpt><trkpt lat="51.322384" lon="-116.231349"><ele>2297.244</ele><time>2026-06-16T17:36:27Z</time></trkpt><trkpt lat="51.322376" lon="-116.231198"><ele>2298.249</ele><time>2026-06-16T17:36:35Z</time></trkpt><trkpt lat="51.322379" lon="-116.231175"><ele>2298.654</ele><time>2026-06-16T17:36:37Z</time></trkpt><trkpt lat="51.322383" lon="-116.231119"><ele>2297.897</ele><time>2026-06-16T17:36:41Z</time></trkpt><trkpt lat="51.322392" lon="-116.231111"><ele>2297.623</ele><time>2026-06-16T17:36:43Z</time></trkpt><trkpt lat="51.322401" lon="-116.231092"><ele>2298.683</ele><time>2026-06-16T17:36:47Z</time></trkpt><trkpt lat="51.322397" lon="-116.231096"><ele>2298.611</ele><time>2026-06-16T17:36:53Z</time></trkpt><trkpt lat="51.322401" lon="-116.231097"><ele>2297.609</ele><time>2026-06-16T17:36:58Z</time></trkpt><trkpt lat="51.322401" lon="-116.231097"><ele>2297.864</ele><time>2026-06-16T17:37:01Z</time></trkpt><trkpt lat="51.3224" lon="-116.231095"><ele>2298.898</ele><time>2026-06-16T17:37:03Z</time></trkpt><trkpt lat="51.322402" lon="-116.231095"><ele>2298.841</ele><time>2026-06-16T17:37:07Z</time></trkpt><trkpt lat="51.32241" lon="-116.231091"><ele>2299.279</ele><time>2026-06-16T17:37:17Z</time></trkpt><trkpt lat="51.322401" lon="-116.231097"><ele>2299.030</ele><time>2026-06-16T17:37:27Z</time></trkpt><trkpt lat="51.322404" lon="-116.231092"><ele>2299.030</ele><time>2026-06-16T17:37:36Z</time></trkpt><trkpt lat="51.322403" lon="-116.231103"><ele>2298.885</ele><time>2026-06-16T17:37:41Z</time></trkpt><trkpt lat="51.322387" lon="-116.231017"><ele>2300.080</ele><time>2026-06-16T17:43:04Z</time></trkpt><trkpt lat="51.322388" lon="-116.231018"><ele>2299.873</ele><time>2026-06-16T17:43:05Z</time></trkpt><trkpt lat="51.322388" lon="-116.231019"><ele>2299.861</ele><time>2026-06-16T17:43:06Z</time></trkpt><trkpt lat="51.322398" lon="-116.23102"><ele>2299.821</ele><time>2026-06-16T17:43:13Z</time></trkpt><trkpt lat="51.322397" lon="-116.231017"><ele>2299.213</ele><time>2026-06-16T17:43:15Z</time></trkpt><trkpt lat="51.322397" lon="-116.231016"><ele>2299.009</ele><time>2026-06-16T17:43:17Z</time></trkpt><trkpt lat="51.322388" lon="-116.231027"><ele>2299.668</ele><time>2026-06-16T17:43:23Z</time></trkpt><trkpt lat="51.322394" lon="-116.231008"><ele>2299.462</ele><time>2026-06-16T17:43:29Z</time></trkpt><trkpt lat="51.322401" lon="-116.230977"><ele>2299.045</ele><time>2026-06-16T17:43:32Z</time></trkpt><trkpt lat="51.322416" lon="-116.23088"><ele>2299.443</ele><time>2026-06-16T17:43:41Z</time></trkpt><trkpt lat="51.322417" lon="-116.230793"><ele>2299.034</ele><time>2026-06-16T17:43:47Z</time></trkpt><trkpt lat="51.32243" lon="-116.230697"><ele>2298.654</ele><time>2026-06-16T17:43:55Z</time></trkpt><trkpt lat="51.322433" lon="-116.230685"><ele>2298.669</ele><time>2026-06-16T17:43:56Z</time></trkpt><trkpt lat="51.322447" lon="-116.230622"><ele>2298.264</ele><time>2026-06-16T17:44:00Z</time></trkpt><trkpt lat="51.322455" lon="-116.230608"><ele>2297.897</ele><time>2026-06-16T17:44:02Z</time></trkpt><trkpt lat="51.322459" lon="-116.230606"><ele>2298.093</ele><time>2026-06-16T17:44:05Z</time></trkpt><trkpt lat="51.322462" lon="-116.230603"><ele>2298.065</ele><time>2026-06-16T17:44:07Z</time></trkpt><trkpt lat="51.322463" lon="-116.230601"><ele>2298.021</ele><time>2026-06-16T17:44:20Z</time></trkpt><trkpt lat="51.322461" lon="-116.230601"><ele>2298.009</ele><time>2026-06-16T17:44:29Z</time></trkpt><trkpt lat="51.322458" lon="-116.230608"><ele>2297.671</ele><time>2026-06-16T17:44:43Z</time></trkpt><trkpt lat="51.322459" lon="-116.230615"><ele>2297.635</ele><time>2026-06-16T17:44:49Z</time></trkpt><trkpt lat="51.322475" lon="-116.230604"><ele>2297.898</ele><time>2026-06-16T17:44:55Z</time></trkpt><trkpt lat="51.322513" lon="-116.23053"><ele>2298.076</ele><time>2026-06-16T17:45:05Z</time></trkpt><trkpt lat="51.322527" lon="-116.23051"><ele>2297.857</ele><time>2026-06-16T17:45:09Z</time></trkpt><trkpt lat="51.322531" lon="-116.230492"><ele>2298.037</ele><time>2026-06-16T17:45:11Z</time></trkpt><trkpt lat="51.322554" lon="-116.230431"><ele>2298.472</ele><time>2026-06-16T17:45:16Z</time></trkpt><trkpt lat="51.322575" lon="-116.23039"><ele>2298.877</ele><time>2026-06-16T17:45:24Z</time></trkpt><trkpt lat="51.322588" lon="-116.230368"><ele>2299.090</ele><time>2026-06-16T17:45:27Z</time></trkpt><trkpt lat="51.322617" lon="-116.230304"><ele>2299.023</ele><time>2026-06-16T17:45:35Z</time></trkpt><trkpt lat="51.322656" lon="-116.230218"><ele>2298.883</ele><time>2026-06-16T17:45:46Z</time></trkpt><trkpt lat="51.322687" lon="-116.230175"><ele>2298.411</ele><time>2026-06-16T17:45:57Z</time></trkpt><trkpt lat="51.322695" lon="-116.230153"><ele>2297.809</ele><time>2026-06-16T17:46:01Z</time></trkpt><trkpt lat="51.322706" lon="-116.230124"><ele>2297.034</ele><time>2026-06-16T17:46:05Z</time></trkpt><trkpt lat="51.322716" lon="-116.230088"><ele>2296.878</ele><time>2026-06-16T17:46:07Z</time></trkpt><trkpt lat="51.322722" lon="-116.230057"><ele>2296.891</ele><time>2026-06-16T17:46:10Z</time></trkpt><trkpt lat="51.322728" lon="-116.230032"><ele>2296.659</ele><time>2026-06-16T17:46:18Z</time></trkpt><trkpt lat="51.322758" lon="-116.229938"><ele>2296.870</ele><time>2026-06-16T17:46:25Z</time></trkpt><trkpt lat="51.322767" lon="-116.229834"><ele>2296.860</ele><time>2026-06-16T17:46:31Z</time></trkpt><trkpt lat="51.32277" lon="-116.229773"><ele>2296.845</ele><time>2026-06-16T17:46:36Z</time></trkpt><trkpt lat="51.322769" lon="-116.229729"><ele>2296.870</ele><time>2026-06-16T17:46:39Z</time></trkpt><trkpt lat="51.322769" lon="-116.229652"><ele>2296.073</ele><time>2026-06-16T17:46:47Z</time></trkpt><trkpt lat="51.322766" lon="-116.229601"><ele>2296.087</ele><time>2026-06-16T17:46:55Z</time></trkpt><trkpt lat="51.322771" lon="-116.229558"><ele>2296.042</ele><time>2026-06-16T17:46:59Z</time></trkpt><trkpt lat="51.322773" lon="-116.229542"><ele>2296.026</ele><time>2026-06-16T17:47:02Z</time></trkpt><trkpt lat="51.322777" lon="-116.229485"><ele>2296.409</ele><time>2026-06-16T17:47:08Z</time></trkpt><trkpt lat="51.322773" lon="-116.229447"><ele>2295.850</ele><time>2026-06-16T17:47:11Z</time></trkpt><trkpt lat="51.322771" lon="-116.229428"><ele>2295.644</ele><time>2026-06-16T17:47:13Z</time></trkpt><trkpt lat="51.322765" lon="-116.229416"><ele>2295.437</ele><time>2026-06-16T17:47:15Z</time></trkpt><trkpt lat="51.322762" lon="-116.229399"><ele>2295.295</ele><time>2026-06-16T17:47:16Z</time></trkpt><trkpt lat="51.322757" lon="-116.229369"><ele>2294.836</ele><time>2026-06-16T17:47:20Z</time></trkpt><trkpt lat="51.322759" lon="-116.229324"><ele>2294.416</ele><time>2026-06-16T17:47:24Z</time></trkpt><trkpt lat="51.322761" lon="-116.229299"><ele>2294.471</ele><time>2026-06-16T17:47:26Z</time></trkpt><trkpt lat="51.322753" lon="-116.229257"><ele>2294.246</ele><time>2026-06-16T17:47:32Z</time></trkpt><trkpt lat="51.322757" lon="-116.229205"><ele>2294.459</ele><time>2026-06-16T17:47:41Z</time></trkpt><trkpt lat="51.322763" lon="-116.229103"><ele>2294.251</ele><time>2026-06-16T17:47:49Z</time></trkpt><trkpt lat="51.322744" lon="-116.229024"><ele>2293.601</ele><time>2026-06-16T17:47:55Z</time></trkpt><trkpt lat="51.322735" lon="-116.228958"><ele>2293.211</ele><time>2026-06-16T17:47:59Z</time></trkpt><trkpt lat="51.322728" lon="-116.228862"><ele>2292.609</ele><time>2026-06-16T17:48:05Z</time></trkpt><trkpt lat="51.322724" lon="-116.228789"><ele>2292.247</ele><time>2026-06-16T17:48:09Z</time></trkpt><trkpt lat="51.322715" lon="-116.228672"><ele>2291.811</ele><time>2026-06-16T17:48:15Z</time></trkpt><trkpt lat="51.322713" lon="-116.228584"><ele>2291.414</ele><time>2026-06-16T17:48:19Z</time></trkpt><trkpt lat="51.322694" lon="-116.228494"><ele>2291.262</ele><time>2026-06-16T17:48:24Z</time></trkpt><trkpt lat="51.322682" lon="-116.228373"><ele>2290.483</ele><time>2026-06-16T17:48:31Z</time></trkpt><trkpt lat="51.322681" lon="-116.228362"><ele>2290.463</ele><time>2026-06-16T17:48:32Z</time></trkpt><trkpt lat="51.322687" lon="-116.228317"><ele>2290.028</ele><time>2026-06-16T17:48:38Z</time></trkpt><trkpt lat="51.322692" lon="-116.228291"><ele>2289.693</ele><time>2026-06-16T17:48:46Z</time></trkpt><trkpt lat="51.322702" lon="-116.228231"><ele>2290.436</ele><time>2026-06-16T17:48:53Z</time></trkpt><trkpt lat="51.322699" lon="-116.228172"><ele>2289.287</ele><time>2026-06-16T17:48:58Z</time></trkpt><trkpt lat="51.322694" lon="-116.228117"><ele>2288.842</ele><time>2026-06-16T17:49:01Z</time></trkpt><trkpt lat="51.322682" lon="-116.228044"><ele>2288.426</ele><time>2026-06-16T17:49:08Z</time></trkpt><trkpt lat="51.322681" lon="-116.22799"><ele>2288.009</ele><time>2026-06-16T17:49:11Z</time></trkpt><trkpt lat="51.322691" lon="-116.227942"><ele>2287.680</ele><time>2026-06-16T17:49:14Z</time></trkpt><trkpt lat="51.322714" lon="-116.22783"><ele>2287.844</ele><time>2026-06-16T17:49:22Z</time></trkpt><trkpt lat="51.322707" lon="-116.227727"><ele>2288.037</ele><time>2026-06-16T17:49:29Z</time></trkpt><trkpt lat="51.322693" lon="-116.227705"><ele>2287.685</ele><time>2026-06-16T17:49:31Z</time></trkpt><trkpt lat="51.322681" lon="-116.227665"><ele>2286.866</ele><time>2026-06-16T17:49:34Z</time></trkpt><trkpt lat="51.322674" lon="-116.22763"><ele>2286.426</ele><time>2026-06-16T17:49:37Z</time></trkpt><trkpt lat="51.322677" lon="-116.2276"><ele>2286.471</ele><time>2026-06-16T17:49:41Z</time></trkpt><trkpt lat="51.322675" lon="-116.227609"><ele>2286.076</ele><time>2026-06-16T17:49:44Z</time></trkpt><trkpt lat="51.322667" lon="-116.227597"><ele>2285.619</ele><time>2026-06-16T17:49:46Z</time></trkpt><trkpt lat="51.322658" lon="-116.227543"><ele>2285.235</ele><time>2026-06-16T17:49:50Z</time></trkpt><trkpt lat="51.322652" lon="-116.22747"><ele>2285.686</ele><time>2026-06-16T17:49:55Z</time></trkpt><trkpt lat="51.322666" lon="-116.227422"><ele>2285.814</ele><time>2026-06-16T17:50:02Z</time></trkpt><trkpt lat="51.322629" lon="-116.227402"><ele>2284.809</ele><time>2026-06-16T17:50:10Z</time></trkpt><trkpt lat="51.322627" lon="-116.227377"><ele>2284.415</ele><time>2026-06-16T17:50:12Z</time></trkpt><trkpt lat="51.322623" lon="-116.227324"><ele>2283.629</ele><time>2026-06-16T17:50:15Z</time></trkpt><trkpt lat="51.322635" lon="-116.227257"><ele>2283.432</ele><time>2026-06-16T17:50:20Z</time></trkpt><trkpt lat="51.322638" lon="-116.227243"><ele>2283.460</ele><time>2026-06-16T17:50:21Z</time></trkpt><trkpt lat="51.322644" lon="-116.227144"><ele>2283.661</ele><time>2026-06-16T17:50:29Z</time></trkpt><trkpt lat="51.32265" lon="-116.227094"><ele>2282.621</ele><time>2026-06-16T17:50:33Z</time></trkpt><trkpt lat="51.322648" lon="-116.227058"><ele>2282.496</ele><time>2026-06-16T17:50:35Z</time></trkpt><trkpt lat="51.322647" lon="-116.227043"><ele>2282.271</ele><time>2026-06-16T17:50:36Z</time></trkpt><trkpt lat="51.322672" lon="-116.226969"><ele>2282.424</ele><time>2026-06-16T17:50:43Z</time></trkpt><trkpt lat="51.322697" lon="-116.226797"><ele>2281.475</ele><time>2026-06-16T17:50:52Z</time></trkpt><trkpt lat="51.322694" lon="-116.226775"><ele>2281.228</ele><time>2026-06-16T17:50:53Z</time></trkpt><trkpt lat="51.322678" lon="-116.226696"><ele>2281.020</ele><time>2026-06-16T17:51:00Z</time></trkpt><trkpt lat="51.322695" lon="-116.226623"><ele>2280.209</ele><time>2026-06-16T17:51:06Z</time></trkpt><trkpt lat="51.32271" lon="-116.226608"><ele>2280.239</ele><time>2026-06-16T17:51:07Z</time></trkpt><trkpt lat="51.322739" lon="-116.22654"><ele>2280.033</ele><time>2026-06-16T17:51:11Z</time></trkpt><trkpt lat="51.322738" lon="-116.226518"><ele>2280.086</ele><time>2026-06-16T17:51:12Z</time></trkpt><trkpt lat="51.322723" lon="-116.226474"><ele>2279.674</ele><time>2026-06-16T17:51:14Z</time></trkpt><trkpt lat="51.322686" lon="-116.226431"><ele>2279.255</ele><time>2026-06-16T17:51:18Z</time></trkpt><trkpt lat="51.322641" lon="-116.226346"><ele>2278.265</ele><time>2026-06-16T17:51:23Z</time></trkpt><trkpt lat="51.322638" lon="-116.226323"><ele>2278.020</ele><time>2026-06-16T17:51:24Z</time></trkpt><trkpt lat="51.322631" lon="-116.226237"><ele>2276.825</ele><time>2026-06-16T17:51:28Z</time></trkpt><trkpt lat="51.322628" lon="-116.226176"><ele>2276.248</ele><time>2026-06-16T17:51:31Z</time></trkpt><trkpt lat="51.322626" lon="-116.226102"><ele>2275.811</ele><time>2026-06-16T17:51:35Z</time></trkpt><trkpt lat="51.322616" lon="-116.226053"><ele>2275.421</ele><time>2026-06-16T17:51:39Z</time></trkpt><trkpt lat="51.32262" lon="-116.226034"><ele>2275.003</ele><time>2026-06-16T17:51:47Z</time></trkpt><trkpt lat="51.322632" lon="-116.225994"><ele>2275.609</ele><time>2026-06-16T17:51:54Z</time></trkpt><trkpt lat="51.322625" lon="-116.22586"><ele>2274.673</ele><time>2026-06-16T17:52:01Z</time></trkpt><trkpt lat="51.32261" lon="-116.225794"><ele>2274.257</ele><time>2026-06-16T17:52:04Z</time></trkpt><trkpt lat="51.322554" lon="-116.225655"><ele>2273.690</ele><time>2026-06-16T17:52:12Z</time></trkpt><trkpt lat="51.32254" lon="-116.225619"><ele>2273.218</ele><time>2026-06-16T17:52:14Z</time></trkpt><trkpt lat="51.3225" lon="-116.225442"><ele>2272.459</ele><time>2026-06-16T17:52:23Z</time></trkpt><trkpt lat="51.322484" lon="-116.225256"><ele>2271.479</ele><time>2026-06-16T17:52:32Z</time></trkpt><trkpt lat="51.322485" lon="-116.225244"><ele>2271.434</ele><time>2026-06-16T17:52:33Z</time></trkpt><trkpt lat="51.322469" lon="-116.225149"><ele>2271.299</ele><time>2026-06-16T17:52:39Z</time></trkpt><trkpt lat="51.32246" lon="-116.224974"><ele>2270.432</ele><time>2026-06-16T17:52:47Z</time></trkpt><trkpt lat="51.322445" lon="-116.224781"><ele>2270.236</ele><time>2026-06-16T17:52:57Z</time></trkpt><trkpt lat="51.322425" lon="-116.22462"><ele>2270.817</ele><time>2026-06-16T17:53:05Z</time></trkpt><trkpt lat="51.322435" lon="-116.224505"><ele>2269.018</ele><time>2026-06-16T17:53:10Z</time></trkpt><trkpt lat="51.322442" lon="-116.224444"><ele>2268.409</ele><time>2026-06-16T17:53:13Z</time></trkpt><trkpt lat="51.322436" lon="-116.224429"><ele>2268.485</ele><time>2026-06-16T17:53:14Z</time></trkpt><trkpt lat="51.322426" lon="-116.224395"><ele>2267.839</ele><time>2026-06-16T17:53:16Z</time></trkpt><trkpt lat="51.322409" lon="-116.224338"><ele>2266.692</ele><time>2026-06-16T17:53:19Z</time></trkpt><trkpt lat="51.322401" lon="-116.224263"><ele>2265.870</ele><time>2026-06-16T17:53:22Z</time></trkpt><trkpt lat="51.322399" lon="-116.224234"><ele>2265.691</ele><time>2026-06-16T17:53:23Z</time></trkpt><trkpt lat="51.322394" lon="-116.224047"><ele>2264.631</ele><time>2026-06-16T17:53:31Z</time></trkpt><trkpt lat="51.32239" lon="-116.22401"><ele>2264.426</ele><time>2026-06-16T17:53:33Z</time></trkpt><trkpt lat="51.322406" lon="-116.223904"><ele>2263.411</ele><time>2026-06-16T17:53:38Z</time></trkpt><trkpt lat="51.322412" lon="-116.223858"><ele>2263.414</ele><time>2026-06-16T17:53:40Z</time></trkpt><trkpt lat="51.322412" lon="-116.223674"><ele>2263.052</ele><time>2026-06-16T17:53:49Z</time></trkpt><trkpt lat="51.322422" lon="-116.22358"><ele>2262.453</ele><time>2026-06-16T17:53:53Z</time></trkpt><trkpt lat="51.322422" lon="-116.223515"><ele>2262.408</ele><time>2026-06-16T17:53:56Z</time></trkpt><trkpt lat="51.322385" lon="-116.22336"><ele>2261.209</ele><time>2026-06-16T17:54:04Z</time></trkpt><trkpt lat="51.322377" lon="-116.223339"><ele>2260.837</ele><time>2026-06-16T17:54:05Z</time></trkpt><trkpt lat="51.322349" lon="-116.223281"><ele>2260.081</ele><time>2026-06-16T17:54:08Z</time></trkpt><trkpt lat="51.322337" lon="-116.223223"><ele>2259.624</ele><time>2026-06-16T17:54:11Z</time></trkpt><trkpt lat="51.322336" lon="-116.223035"><ele>2259.042</ele><time>2026-06-16T17:54:19Z</time></trkpt><trkpt lat="51.322334" lon="-116.222993"><ele>2258.633</ele><time>2026-06-16T17:54:21Z</time></trkpt><trkpt lat="51.322331" lon="-116.222902"><ele>2258.023</ele><time>2026-06-16T17:54:25Z</time></trkpt><trkpt lat="51.32232" lon="-116.222835"><ele>2257.688</ele><time>2026-06-16T17:54:29Z</time></trkpt><trkpt lat="51.322279" lon="-116.222728"><ele>2256.843</ele><time>2026-06-16T17:54:36Z</time></trkpt><trkpt lat="51.32227" lon="-116.222712"><ele>2256.436</ele><time>2026-06-16T17:54:37Z</time></trkpt><trkpt lat="51.322255" lon="-116.222677"><ele>2255.624</ele><time>2026-06-16T17:54:39Z</time></trkpt><trkpt lat="51.322224" lon="-116.222566"><ele>2254.804</ele><time>2026-06-16T17:54:45Z</time></trkpt><trkpt lat="51.32221" lon="-116.222507"><ele>2254.614</ele><time>2026-06-16T17:54:48Z</time></trkpt><trkpt lat="51.322205" lon="-116.222432"><ele>2253.409</ele><time>2026-06-16T17:54:52Z</time></trkpt><trkpt lat="51.322197" lon="-116.222406"><ele>2253.284</ele><time>2026-06-16T17:54:53Z</time></trkpt><trkpt lat="51.322158" lon="-116.222293"><ele>2252.458</ele><time>2026-06-16T17:54:58Z</time></trkpt><trkpt lat="51.322152" lon="-116.22227"><ele>2252.211</ele><time>2026-06-16T17:54:59Z</time></trkpt><trkpt lat="51.322121" lon="-116.22208"><ele>2251.439</ele><time>2026-06-16T17:55:07Z</time></trkpt><trkpt lat="51.322113" lon="-116.221858"><ele>2250.430</ele><time>2026-06-16T17:55:17Z</time></trkpt><trkpt lat="51.322103" lon="-116.221773"><ele>2250.280</ele><time>2026-06-16T17:55:21Z</time></trkpt><trkpt lat="51.322095" lon="-116.221651"><ele>2250.015</ele><time>2026-06-16T17:55:27Z</time></trkpt><trkpt lat="51.322125" lon="-116.221519"><ele>2249.460</ele><time>2026-06-16T17:55:34Z</time></trkpt><trkpt lat="51.322111" lon="-116.221482"><ele>2249.073</ele><time>2026-06-16T17:55:36Z</time></trkpt><trkpt lat="51.322092" lon="-116.221414"><ele>2248.898</ele><time>2026-06-16T17:55:39Z</time></trkpt><trkpt lat="51.322088" lon="-116.221365"><ele>2248.615</ele><time>2026-06-16T17:55:45Z</time></trkpt><trkpt lat="51.322089" lon="-116.221359"><ele>2248.426</ele><time>2026-06-16T17:55:52Z</time></trkpt><trkpt lat="51.322085" lon="-116.221277"><ele>2248.009</ele><time>2026-06-16T17:55:59Z</time></trkpt><trkpt lat="51.322055" lon="-116.221102"><ele>2247.071</ele><time>2026-06-16T17:56:07Z</time></trkpt><trkpt lat="51.322052" lon="-116.221079"><ele>2247.095</ele><time>2026-06-16T17:56:08Z</time></trkpt><trkpt lat="51.322036" lon="-116.220909"><ele>2246.818</ele><time>2026-06-16T17:56:15Z</time></trkpt><trkpt lat="51.322042" lon="-116.220871"><ele>2246.856</ele><time>2026-06-16T17:56:17Z</time></trkpt><trkpt lat="51.322032" lon="-116.220711"><ele>2246.297</ele><time>2026-06-16T17:56:24Z</time></trkpt><trkpt lat="51.322033" lon="-116.220661"><ele>2246.057</ele><time>2026-06-16T17:56:26Z</time></trkpt><trkpt lat="51.32204" lon="-116.22052"><ele>2245.682</ele><time>2026-06-16T17:56:33Z</time></trkpt><trkpt lat="51.322024" lon="-116.220465"><ele>2245.057</ele><time>2026-06-16T17:56:36Z</time></trkpt><trkpt lat="51.322021" lon="-116.220437"><ele>2244.880</ele><time>2026-06-16T17:56:37Z</time></trkpt><trkpt lat="51.322018" lon="-116.220389"><ele>2244.456</ele><time>2026-06-16T17:56:39Z</time></trkpt><trkpt lat="51.322004" lon="-116.220291"><ele>2243.859</ele><time>2026-06-16T17:56:44Z</time></trkpt><trkpt lat="51.32201" lon="-116.220128"><ele>2242.814</ele><time>2026-06-16T17:56:52Z</time></trkpt><trkpt lat="51.322011" lon="-116.220108"><ele>2242.809</ele><time>2026-06-16T17:56:53Z</time></trkpt><trkpt lat="51.322017" lon="-116.21996"><ele>2241.897</ele><time>2026-06-16T17:57:00Z</time></trkpt><trkpt lat="51.322015" lon="-116.219936"><ele>2241.661</ele><time>2026-06-16T17:57:01Z</time></trkpt><trkpt lat="51.321982" lon="-116.219723"><ele>2240.444</ele><time>2026-06-16T17:57:10Z</time></trkpt><trkpt lat="51.321977" lon="-116.219527"><ele>2239.642</ele><time>2026-06-16T17:57:19Z</time></trkpt><trkpt lat="51.32198" lon="-116.219483"><ele>2239.473</ele><time>2026-06-16T17:57:21Z</time></trkpt><trkpt lat="51.322007" lon="-116.219358"><ele>2239.263</ele><time>2026-06-16T17:57:28Z</time></trkpt><trkpt lat="51.322041" lon="-116.219178"><ele>2239.238</ele><time>2026-06-16T17:57:37Z</time></trkpt><trkpt lat="51.32206" lon="-116.219003"><ele>2239.063</ele><time>2026-06-16T17:57:46Z</time></trkpt><trkpt lat="51.322089" lon="-116.218906"><ele>2238.826</ele><time>2026-06-16T17:57:51Z</time></trkpt><trkpt lat="51.322093" lon="-116.218824"><ele>2239.066</ele><time>2026-06-16T17:57:55Z</time></trkpt><trkpt lat="51.322098" lon="-116.218688"><ele>2238.829</ele><time>2026-06-16T17:58:02Z</time></trkpt><trkpt lat="51.322091" lon="-116.218529"><ele>2238.621</ele><time>2026-06-16T17:58:11Z</time></trkpt><trkpt lat="51.322107" lon="-116.218402"><ele>2238.809</ele><time>2026-06-16T17:58:19Z</time></trkpt><trkpt lat="51.322114" lon="-116.218249"><ele>2238.888</ele><time>2026-06-16T17:58:27Z</time></trkpt><trkpt lat="51.322112" lon="-116.218189"><ele>2238.492</ele><time>2026-06-16T17:58:30Z</time></trkpt><trkpt lat="51.322105" lon="-116.218084"><ele>2238.475</ele><time>2026-06-16T17:58:35Z</time></trkpt><trkpt lat="51.322103" lon="-116.217923"><ele>2237.863</ele><time>2026-06-16T17:58:43Z</time></trkpt><trkpt lat="51.322107" lon="-116.217835"><ele>2237.474</ele><time>2026-06-16T17:58:48Z</time></trkpt><trkpt lat="51.322113" lon="-116.217754"><ele>2236.894</ele><time>2026-06-16T17:58:52Z</time></trkpt><trkpt lat="51.322118" lon="-116.21756"><ele>2236.219</ele><time>2026-06-16T17:59:00Z</time></trkpt><trkpt lat="51.322142" lon="-116.217368"><ele>2236.614</ele><time>2026-06-16T17:59:09Z</time></trkpt><trkpt lat="51.322157" lon="-116.217189"><ele>2236.687</ele><time>2026-06-16T17:59:18Z</time></trkpt><trkpt lat="51.322146" lon="-116.217109"><ele>2236.431</ele><time>2026-06-16T17:59:25Z</time></trkpt><trkpt lat="51.322145" lon="-116.217087"><ele>2236.461</ele><time>2026-06-16T17:59:31Z</time></trkpt><trkpt lat="51.322148" lon="-116.217084"><ele>2236.407</ele><time>2026-06-16T17:59:42Z</time></trkpt><trkpt lat="51.322148" lon="-116.217021"><ele>2236.209</ele><time>2026-06-16T17:59:48Z</time></trkpt><trkpt lat="51.322148" lon="-116.216999"><ele>2236.295</ele><time>2026-06-16T17:59:49Z</time></trkpt><trkpt lat="51.322151" lon="-116.216877"><ele>2235.859</ele><time>2026-06-16T17:59:55Z</time></trkpt><trkpt lat="51.322151" lon="-116.216794"><ele>2236.082</ele><time>2026-06-16T17:59:59Z</time></trkpt><trkpt lat="51.322165" lon="-116.216629"><ele>2235.880</ele><time>2026-06-16T18:00:08Z</time></trkpt><trkpt lat="51.32218" lon="-116.216477"><ele>2235.821</ele><time>2026-06-16T18:00:16Z</time></trkpt><trkpt lat="51.322136" lon="-116.21632"><ele>2235.461</ele><time>2026-06-16T18:00:25Z</time></trkpt><trkpt lat="51.322131" lon="-116.216304"><ele>2235.216</ele><time>2026-06-16T18:00:26Z</time></trkpt><trkpt lat="51.322105" lon="-116.21616"><ele>2235.081</ele><time>2026-06-16T18:00:34Z</time></trkpt><trkpt lat="51.3221" lon="-116.215947"><ele>2234.874</ele><time>2026-06-16T18:00:44Z</time></trkpt><trkpt lat="51.322089" lon="-116.215823"><ele>2234.496</ele><time>2026-06-16T18:00:50Z</time></trkpt><trkpt lat="51.322092" lon="-116.215767"><ele>2234.231</ele><time>2026-06-16T18:00:53Z</time></trkpt><trkpt lat="51.32209" lon="-116.215697"><ele>2234.624</ele><time>2026-06-16T18:00:57Z</time></trkpt><trkpt lat="51.322091" lon="-116.215655"><ele>2234.609</ele><time>2026-06-16T18:00:59Z</time></trkpt><trkpt lat="51.322097" lon="-116.215596"><ele>2234.431</ele><time>2026-06-16T18:01:02Z</time></trkpt><trkpt lat="51.322098" lon="-116.215478"><ele>2234.295</ele><time>2026-06-16T18:01:08Z</time></trkpt><trkpt lat="51.322105" lon="-116.215418"><ele>2233.868</ele><time>2026-06-16T18:01:11Z</time></trkpt><trkpt lat="51.322113" lon="-116.215221"><ele>2233.686</ele><time>2026-06-16T18:01:21Z</time></trkpt><trkpt lat="51.322107" lon="-116.21514"><ele>2233.647</ele><time>2026-06-16T18:01:26Z</time></trkpt><trkpt lat="51.3221" lon="-116.215101"><ele>2233.657</ele><time>2026-06-16T18:01:29Z</time></trkpt><trkpt lat="51.322097" lon="-116.215084"><ele>2233.672</ele><time>2026-06-16T18:01:30Z</time></trkpt><trkpt lat="51.322077" lon="-116.214916"><ele>2233.677</ele><time>2026-06-16T18:01:40Z</time></trkpt><trkpt lat="51.32204" lon="-116.214798"><ele>2233.650</ele><time>2026-06-16T18:01:48Z</time></trkpt><trkpt lat="51.322005" lon="-116.214669"><ele>2233.219</ele><time>2026-06-16T18:01:56Z</time></trkpt><trkpt lat="51.322001" lon="-116.214653"><ele>2233.209</ele><time>2026-06-16T18:01:57Z</time></trkpt><trkpt lat="51.321982" lon="-116.214526"><ele>2233.019</ele><time>2026-06-16T18:02:04Z</time></trkpt><trkpt lat="51.321959" lon="-116.214362"><ele>2232.609</ele><time>2026-06-16T18:02:13Z</time></trkpt><trkpt lat="51.321956" lon="-116.214225"><ele>2232.443</ele><time>2026-06-16T18:02:21Z</time></trkpt><trkpt lat="51.321956" lon="-116.21421"><ele>2232.437</ele><time>2026-06-16T18:02:22Z</time></trkpt><trkpt lat="51.321962" lon="-116.214074"><ele>2232.010</ele><time>2026-06-16T18:02:29Z</time></trkpt><trkpt lat="51.321963" lon="-116.214031"><ele>2232.048</ele><time>2026-06-16T18:02:31Z</time></trkpt><trkpt lat="51.321965" lon="-116.213904"><ele>2232.089</ele><time>2026-06-16T18:02:39Z</time></trkpt><trkpt lat="51.321974" lon="-116.213822"><ele>2232.059</ele><time>2026-06-16T18:02:46Z</time></trkpt><trkpt lat="51.321977" lon="-116.213823"><ele>2232.034</ele><time>2026-06-16T18:02:47Z</time></trkpt><trkpt lat="51.32198" lon="-116.213813"><ele>2232.079</ele><time>2026-06-16T18:02:49Z</time></trkpt><trkpt lat="51.321985" lon="-116.213809"><ele>2231.822</ele><time>2026-06-16T18:02:51Z</time></trkpt><trkpt lat="51.321994" lon="-116.2138"><ele>2231.826</ele><time>2026-06-16T18:02:56Z</time></trkpt><trkpt lat="51.321982" lon="-116.213751"><ele>2231.847</ele><time>2026-06-16T18:03:05Z</time></trkpt><trkpt lat="51.321981" lon="-116.213722"><ele>2231.811</ele><time>2026-06-16T18:03:09Z</time></trkpt><trkpt lat="51.321988" lon="-116.213688"><ele>2231.809</ele><time>2026-06-16T18:03:14Z</time></trkpt><trkpt lat="51.321983" lon="-116.213556"><ele>2231.484</ele><time>2026-06-16T18:03:22Z</time></trkpt><trkpt lat="51.321976" lon="-116.213415"><ele>2231.068</ele><time>2026-06-16T18:03:30Z</time></trkpt><trkpt lat="51.321977" lon="-116.213398"><ele>2230.841</ele><time>2026-06-16T18:03:31Z</time></trkpt><trkpt lat="51.32197" lon="-116.213241"><ele>2230.449</ele><time>2026-06-16T18:03:40Z</time></trkpt><trkpt lat="51.321954" lon="-116.213094"><ele>2230.440</ele><time>2026-06-16T18:03:48Z</time></trkpt><trkpt lat="51.321936" lon="-116.212958"><ele>2230.060</ele><time>2026-06-16T18:03:55Z</time></trkpt><trkpt lat="51.321934" lon="-116.212932"><ele>2229.845</ele><time>2026-06-16T18:03:57Z</time></trkpt><trkpt lat="51.321936" lon="-116.212752"><ele>2229.460</ele><time>2026-06-16T18:04:05Z</time></trkpt><trkpt lat="51.321932" lon="-116.212586"><ele>2229.073</ele><time>2026-06-16T18:04:14Z</time></trkpt><trkpt lat="51.321939" lon="-116.212391"><ele>2228.678</ele><time>2026-06-16T18:04:24Z</time></trkpt><trkpt lat="51.321938" lon="-116.212372"><ele>2228.633</ele><time>2026-06-16T18:04:25Z</time></trkpt><trkpt lat="51.321938" lon="-116.212207"><ele>2228.226</ele><time>2026-06-16T18:04:34Z</time></trkpt><trkpt lat="51.321945" lon="-116.212102"><ele>2228.209</ele><time>2026-06-16T18:04:41Z</time></trkpt><trkpt lat="51.321963" lon="-116.211937"><ele>2228.059</ele><time>2026-06-16T18:04:51Z</time></trkpt><trkpt lat="51.321976" lon="-116.211845"><ele>2227.873</ele><time>2026-06-16T18:04:58Z</time></trkpt><trkpt lat="51.321977" lon="-116.21183"><ele>2227.896</ele><time>2026-06-16T18:04:59Z</time></trkpt><trkpt lat="51.322007" lon="-116.211655"><ele>2227.834</ele><time>2026-06-16T18:05:08Z</time></trkpt><trkpt lat="51.322023" lon="-116.211555"><ele>2228.625</ele><time>2026-06-16T18:05:16Z</time></trkpt><trkpt lat="51.32202" lon="-116.211488"><ele>2228.625</ele><time>2026-06-16T18:05:20Z</time></trkpt><trkpt lat="51.322021" lon="-116.211408"><ele>2227.860</ele><time>2026-06-16T18:05:26Z</time></trkpt><trkpt lat="51.32202" lon="-116.2114"><ele>2228.495</ele><time>2026-06-16T18:05:35Z</time></trkpt><trkpt lat="51.322019" lon="-116.211404"><ele>2228.048</ele><time>2026-06-16T18:05:43Z</time></trkpt><trkpt lat="51.322019" lon="-116.211386"><ele>2228.099</ele><time>2026-06-16T18:05:51Z</time></trkpt><trkpt lat="51.322025" lon="-116.211376"><ele>2228.207</ele><time>2026-06-16T18:05:57Z</time></trkpt><trkpt lat="51.322038" lon="-116.211268"><ele>2227.427</ele><time>2026-06-16T18:06:04Z</time></trkpt><trkpt lat="51.322044" lon="-116.211153"><ele>2227.209</ele><time>2026-06-16T18:06:11Z</time></trkpt><trkpt lat="51.322058" lon="-116.211015"><ele>2227.051</ele><time>2026-06-16T18:06:18Z</time></trkpt><trkpt lat="51.322068" lon="-116.210837"><ele>2226.885</ele><time>2026-06-16T18:06:27Z</time></trkpt><trkpt lat="51.322087" lon="-116.210685"><ele>2226.288</ele><time>2026-06-16T18:06:37Z</time></trkpt><trkpt lat="51.322103" lon="-116.210525"><ele>2225.856</ele><time>2026-06-16T18:06:45Z</time></trkpt><trkpt lat="51.322112" lon="-116.210482"><ele>2225.657</ele><time>2026-06-16T18:06:47Z</time></trkpt><trkpt lat="51.322134" lon="-116.210346"><ele>2225.817</ele><time>2026-06-16T18:06:55Z</time></trkpt><trkpt lat="51.322168" lon="-116.210169"><ele>2225.212</ele><time>2026-06-16T18:07:04Z</time></trkpt><trkpt lat="51.322202" lon="-116.21004"><ele>2225.477</ele><time>2026-06-16T18:07:11Z</time></trkpt><trkpt lat="51.322234" lon="-116.20985"><ele>2225.240</ele><time>2026-06-16T18:07:20Z</time></trkpt><trkpt lat="51.322261" lon="-116.209687"><ele>2225.035</ele><time>2026-06-16T18:07:28Z</time></trkpt><trkpt lat="51.322276" lon="-116.209567"><ele>2225.286</ele><time>2026-06-16T18:07:35Z</time></trkpt><trkpt lat="51.32229" lon="-116.209451"><ele>2225.214</ele><time>2026-06-16T18:07:43Z</time></trkpt><trkpt lat="51.322325" lon="-116.209304"><ele>2225.209</ele><time>2026-06-16T18:07:51Z</time></trkpt><trkpt lat="51.322371" lon="-116.209172"><ele>2225.035</ele><time>2026-06-16T18:07:59Z</time></trkpt><trkpt lat="51.322394" lon="-116.20911"><ele>2225.049</ele><time>2026-06-16T18:08:05Z</time></trkpt><trkpt lat="51.32241" lon="-116.209063"><ele>2225.042</ele><time>2026-06-16T18:08:08Z</time></trkpt><trkpt lat="51.322427" lon="-116.208988"><ele>2225.210</ele><time>2026-06-16T18:08:12Z</time></trkpt><trkpt lat="51.322442" lon="-116.208941"><ele>2225.281</ele><time>2026-06-16T18:08:18Z</time></trkpt><trkpt lat="51.322474" lon="-116.208826"><ele>2224.881</ele><time>2026-06-16T18:08:26Z</time></trkpt><trkpt lat="51.322478" lon="-116.208813"><ele>2224.666</ele><time>2026-06-16T18:08:27Z</time></trkpt><trkpt lat="51.322526" lon="-116.208716"><ele>2224.881</ele><time>2026-06-16T18:08:36Z</time></trkpt><trkpt lat="51.322584" lon="-116.208581"><ele>2224.434</ele><time>2026-06-16T18:08:44Z</time></trkpt><trkpt lat="51.322608" lon="-116.208473"><ele>2224.453</ele><time>2026-06-16T18:08:51Z</time></trkpt><trkpt lat="51.322661" lon="-116.208351"><ele>2224.204</ele><time>2026-06-16T18:08:59Z</time></trkpt><trkpt lat="51.322711" lon="-116.208195"><ele>2224.414</ele><time>2026-06-16T18:09:07Z</time></trkpt><trkpt lat="51.322767" lon="-116.208113"><ele>2223.809</ele><time>2026-06-16T18:09:14Z</time></trkpt><trkpt lat="51.322775" lon="-116.208096"><ele>2223.637</ele><time>2026-06-16T18:09:15Z</time></trkpt><trkpt lat="51.32283" lon="-116.207957"><ele>2223.271</ele><time>2026-06-16T18:09:23Z</time></trkpt><trkpt lat="51.322885" lon="-116.207858"><ele>2223.454</ele><time>2026-06-16T18:09:30Z</time></trkpt><trkpt lat="51.322932" lon="-116.207761"><ele>2222.622</ele><time>2026-06-16T18:09:36Z</time></trkpt><trkpt lat="51.322966" lon="-116.207683"><ele>2222.853</ele><time>2026-06-16T18:09:40Z</time></trkpt><trkpt lat="51.322975" lon="-116.207534"><ele>2222.673</ele><time>2026-06-16T18:09:47Z</time></trkpt><trkpt lat="51.322995" lon="-116.207435"><ele>2222.428</ele><time>2026-06-16T18:09:53Z</time></trkpt><trkpt lat="51.323028" lon="-116.207273"><ele>2221.613</ele><time>2026-06-16T18:10:01Z</time></trkpt><trkpt lat="51.323038" lon="-116.207246"><ele>2221.666</ele><time>2026-06-16T18:10:03Z</time></trkpt><trkpt lat="51.323071" lon="-116.20709"><ele>2221.484</ele><time>2026-06-16T18:10:11Z</time></trkpt><trkpt lat="51.323098" lon="-116.20698"><ele>2221.007</ele><time>2026-06-16T18:10:18Z</time></trkpt><trkpt lat="51.323152" lon="-116.206856"><ele>2220.617</ele><time>2026-06-16T18:10:25Z</time></trkpt><trkpt lat="51.323158" lon="-116.206836"><ele>2220.609</ele><time>2026-06-16T18:10:26Z</time></trkpt><trkpt lat="51.323187" lon="-116.206708"><ele>2220.270</ele><time>2026-06-16T18:10:33Z</time></trkpt><trkpt lat="51.323208" lon="-116.206625"><ele>2220.274</ele><time>2026-06-16T18:10:38Z</time></trkpt><trkpt lat="51.323221" lon="-116.206537"><ele>2219.857</ele><time>2026-06-16T18:10:42Z</time></trkpt><trkpt lat="51.32323" lon="-116.2065"><ele>2219.665</ele><time>2026-06-16T18:10:44Z</time></trkpt><trkpt lat="51.323255" lon="-116.206424"><ele>2219.616</ele><time>2026-06-16T18:10:49Z</time></trkpt><trkpt lat="51.32331" lon="-116.206275"><ele>2219.886</ele><time>2026-06-16T18:10:58Z</time></trkpt><trkpt lat="51.323359" lon="-116.206122"><ele>2220.241</ele><time>2026-06-16T18:11:07Z</time></trkpt><trkpt lat="51.323396" lon="-116.205975"><ele>2220.256</ele><time>2026-06-16T18:11:14Z</time></trkpt><trkpt lat="51.3234" lon="-116.205963"><ele>2220.249</ele><time>2026-06-16T18:11:15Z</time></trkpt><trkpt lat="51.323439" lon="-116.205876"><ele>2220.464</ele><time>2026-06-16T18:11:21Z</time></trkpt><trkpt lat="51.323443" lon="-116.205859"><ele>2220.406</ele><time>2026-06-16T18:11:22Z</time></trkpt><trkpt lat="51.323474" lon="-116.205775"><ele>2220.416</ele><time>2026-06-16T18:11:27Z</time></trkpt><trkpt lat="51.323486" lon="-116.205724"><ele>2220.209</ele><time>2026-06-16T18:11:30Z</time></trkpt><trkpt lat="51.323516" lon="-116.205582"><ele>2219.818</ele><time>2026-06-16T18:11:38Z</time></trkpt><trkpt lat="51.323539" lon="-116.205444"><ele>2219.892</ele><time>2026-06-16T18:11:45Z</time></trkpt><trkpt lat="51.323567" lon="-116.205305"><ele>2219.675</ele><time>2026-06-16T18:11:53Z</time></trkpt><trkpt lat="51.323586" lon="-116.205147"><ele>2219.053</ele><time>2026-06-16T18:12:01Z</time></trkpt><trkpt lat="51.323609" lon="-116.205034"><ele>2218.894</ele><time>2026-06-16T18:12:08Z</time></trkpt><trkpt lat="51.323616" lon="-116.205001"><ele>2218.434</ele><time>2026-06-16T18:12:10Z</time></trkpt><trkpt lat="51.323643" lon="-116.204893"><ele>2217.819</ele><time>2026-06-16T18:12:15Z</time></trkpt><trkpt lat="51.323686" lon="-116.204721"><ele>2217.684</ele><time>2026-06-16T18:12:25Z</time></trkpt><trkpt lat="51.323682" lon="-116.204572"><ele>2217.817</ele><time>2026-06-16T18:12:32Z</time></trkpt><trkpt lat="51.323701" lon="-116.204396"><ele>2217.667</ele><time>2026-06-16T18:12:42Z</time></trkpt><trkpt lat="51.323735" lon="-116.204247"><ele>2218.081</ele><time>2026-06-16T18:12:50Z</time></trkpt><trkpt lat="51.323737" lon="-116.204227"><ele>2218.019</ele><time>2026-06-16T18:12:51Z</time></trkpt><trkpt lat="51.323752" lon="-116.204138"><ele>2217.409</ele><time>2026-06-16T18:12:56Z</time></trkpt><trkpt lat="51.323762" lon="-116.204075"><ele>2217.458</ele><time>2026-06-16T18:13:00Z</time></trkpt><trkpt lat="51.323792" lon="-116.20394"><ele>2217.482</ele><time>2026-06-16T18:13:08Z</time></trkpt><trkpt lat="51.323833" lon="-116.203816"><ele>2217.095</ele><time>2026-06-16T18:13:16Z</time></trkpt><trkpt lat="51.323884" lon="-116.203679"><ele>2216.633</ele><time>2026-06-16T18:13:24Z</time></trkpt><trkpt lat="51.323917" lon="-116.203561"><ele>2216.624</ele><time>2026-06-16T18:13:32Z</time></trkpt><trkpt lat="51.323956" lon="-116.203455"><ele>2216.694</ele><time>2026-06-16T18:13:38Z</time></trkpt><trkpt lat="51.323963" lon="-116.203445"><ele>2216.449</ele><time>2026-06-16T18:13:39Z</time></trkpt><trkpt lat="51.323996" lon="-116.203375"><ele>2216.464</ele><time>2026-06-16T18:13:44Z</time></trkpt><trkpt lat="51.32407" lon="-116.203223"><ele>2215.837</ele><time>2026-06-16T18:13:53Z</time></trkpt><trkpt lat="51.324085" lon="-116.203099"><ele>2216.032</ele><time>2026-06-16T18:14:00Z</time></trkpt><trkpt lat="51.324128" lon="-116.203012"><ele>2215.692</ele><time>2026-06-16T18:14:06Z</time></trkpt><trkpt lat="51.32414" lon="-116.202983"><ele>2215.411</ele><time>2026-06-16T18:14:08Z</time></trkpt><trkpt lat="51.324189" lon="-116.202871"><ele>2215.009</ele><time>2026-06-16T18:14:15Z</time></trkpt><trkpt lat="51.324245" lon="-116.202743"><ele>2214.415</ele><time>2026-06-16T18:14:23Z</time></trkpt><trkpt lat="51.324253" lon="-116.202725"><ele>2214.279</ele><time>2026-06-16T18:14:24Z</time></trkpt><trkpt lat="51.324312" lon="-116.202596"><ele>2213.662</ele><time>2026-06-16T18:14:33Z</time></trkpt><trkpt lat="51.32432" lon="-116.202566"><ele>2213.490</ele><time>2026-06-16T18:14:35Z</time></trkpt><trkpt lat="51.324359" lon="-116.202434"><ele>2213.461</ele><time>2026-06-16T18:14:43Z</time></trkpt><trkpt lat="51.324416" lon="-116.202325"><ele>2212.891</ele><time>2026-06-16T18:14:50Z</time></trkpt><trkpt lat="51.324473" lon="-116.202219"><ele>2212.856</ele><time>2026-06-16T18:14:57Z</time></trkpt><trkpt lat="51.324542" lon="-116.202108"><ele>2212.261</ele><time>2026-06-16T18:15:05Z</time></trkpt><trkpt lat="51.324552" lon="-116.202097"><ele>2212.294</ele><time>2026-06-16T18:15:06Z</time></trkpt><trkpt lat="51.324632" lon="-116.202028"><ele>2212.228</ele><time>2026-06-16T18:15:15Z</time></trkpt><trkpt lat="51.324694" lon="-116.201912"><ele>2212.289</ele><time>2026-06-16T18:15:22Z</time></trkpt><trkpt lat="51.324772" lon="-116.201826"><ele>2212.417</ele><time>2026-06-16T18:15:31Z</time></trkpt><trkpt lat="51.324845" lon="-116.201723"><ele>2211.809</ele><time>2026-06-16T18:15:40Z</time></trkpt><trkpt lat="51.324915" lon="-116.201616"><ele>2211.694</ele><time>2026-06-16T18:15:49Z</time></trkpt><trkpt lat="51.324991" lon="-116.201529"><ele>2211.458</ele><time>2026-06-16T18:15:57Z</time></trkpt><trkpt lat="51.325072" lon="-116.201417"><ele>2211.471</ele><time>2026-06-16T18:16:05Z</time></trkpt><trkpt lat="51.325139" lon="-116.201324"><ele>2211.899</ele><time>2026-06-16T18:16:13Z</time></trkpt><trkpt lat="51.325187" lon="-116.20125"><ele>2212.020</ele><time>2026-06-16T18:16:19Z</time></trkpt><trkpt lat="51.325234" lon="-116.201169"><ele>2211.660</ele><time>2026-06-16T18:16:25Z</time></trkpt><trkpt lat="51.325268" lon="-116.20112"><ele>2211.245</ele><time>2026-06-16T18:16:29Z</time></trkpt><trkpt lat="51.325327" lon="-116.201041"><ele>2210.810</ele><time>2026-06-16T18:16:34Z</time></trkpt><trkpt lat="51.325371" lon="-116.200951"><ele>2210.493</ele><time>2026-06-16T18:16:41Z</time></trkpt><trkpt lat="51.325438" lon="-116.200869"><ele>2210.876</ele><time>2026-06-16T18:16:49Z</time></trkpt><trkpt lat="51.325498" lon="-116.200786"><ele>2210.290</ele><time>2026-06-16T18:16:57Z</time></trkpt><trkpt lat="51.325505" lon="-116.200775"><ele>2210.219</ele><time>2026-06-16T18:16:58Z</time></trkpt><trkpt lat="51.325554" lon="-116.200694"><ele>2209.809</ele><time>2026-06-16T18:17:06Z</time></trkpt><trkpt lat="51.325582" lon="-116.200602"><ele>2210.219</ele><time>2026-06-16T18:17:14Z</time></trkpt><trkpt lat="51.325565" lon="-116.200592"><ele>2210.433</ele><time>2026-06-16T18:17:18Z</time></trkpt><trkpt lat="51.325552" lon="-116.200574"><ele>2210.296</ele><time>2026-06-16T18:17:23Z</time></trkpt><trkpt lat="51.325559" lon="-116.200564"><ele>2210.234</ele><time>2026-06-16T18:17:32Z</time></trkpt><trkpt lat="51.325637" lon="-116.200508"><ele>2209.465</ele><time>2026-06-16T18:17:38Z</time></trkpt><trkpt lat="51.325729" lon="-116.200463"><ele>2209.695</ele><time>2026-06-16T18:17:45Z</time></trkpt><trkpt lat="51.325758" lon="-116.200447"><ele>2209.610</ele><time>2026-06-16T18:17:48Z</time></trkpt><trkpt lat="51.325828" lon="-116.200369"><ele>2209.285</ele><time>2026-06-16T18:17:55Z</time></trkpt><trkpt lat="51.325839" lon="-116.200334"><ele>2209.018</ele><time>2026-06-16T18:17:57Z</time></trkpt><trkpt lat="51.325888" lon="-116.200238"><ele>2209.043</ele><time>2026-06-16T18:18:03Z</time></trkpt><trkpt lat="51.325942" lon="-116.200148"><ele>2209.264</ele><time>2026-06-16T18:18:11Z</time></trkpt><trkpt lat="51.326016" lon="-116.200038"><ele>2208.410</ele><time>2026-06-16T18:18:20Z</time></trkpt><trkpt lat="51.326037" lon="-116.199965"><ele>2208.009</ele><time>2026-06-16T18:18:24Z</time></trkpt><trkpt lat="51.326046" lon="-116.199895"><ele>2207.236</ele><time>2026-06-16T18:18:28Z</time></trkpt><trkpt lat="51.326049" lon="-116.199882"><ele>2207.020</ele><time>2026-06-16T18:18:29Z</time></trkpt><trkpt lat="51.326066" lon="-116.199782"><ele>2206.063</ele><time>2026-06-16T18:18:34Z</time></trkpt><trkpt lat="51.32606" lon="-116.19974"><ele>2204.831</ele><time>2026-06-16T18:18:37Z</time></trkpt><trkpt lat="51.326043" lon="-116.199582"><ele>2203.622</ele><time>2026-06-16T18:18:44Z</time></trkpt><trkpt lat="51.326055" lon="-116.199443"><ele>2202.652</ele><time>2026-06-16T18:18:50Z</time></trkpt><trkpt lat="51.326071" lon="-116.199395"><ele>2201.897</ele><time>2026-06-16T18:18:53Z</time></trkpt><trkpt lat="51.32609" lon="-116.199342"><ele>2201.462</ele><time>2026-06-16T18:18:56Z</time></trkpt><trkpt lat="51.326114" lon="-116.199276"><ele>2200.255</ele><time>2026-06-16T18:19:00Z</time></trkpt><trkpt lat="51.326128" lon="-116.199244"><ele>2199.037</ele><time>2026-06-16T18:19:03Z</time></trkpt><trkpt lat="51.326148" lon="-116.199209"><ele>2197.849</ele><time>2026-06-16T18:19:07Z</time></trkpt><trkpt lat="51.326163" lon="-116.199161"><ele>2196.813</ele><time>2026-06-16T18:19:11Z</time></trkpt><trkpt lat="51.326167" lon="-116.199146"><ele>2196.609</ele><time>2026-06-16T18:19:12Z</time></trkpt><trkpt lat="51.326196" lon="-116.199079"><ele>2195.475</ele><time>2026-06-16T18:19:17Z</time></trkpt><trkpt lat="51.326227" lon="-116.199028"><ele>2194.889</ele><time>2026-06-16T18:19:21Z</time></trkpt><trkpt lat="51.326242" lon="-116.199001"><ele>2194.442</ele><time>2026-06-16T18:19:23Z</time></trkpt><trkpt lat="51.326271" lon="-116.198927"><ele>2193.450</ele><time>2026-06-16T18:19:28Z</time></trkpt><trkpt lat="51.326304" lon="-116.198843"><ele>2192.281</ele><time>2026-06-16T18:19:33Z</time></trkpt><trkpt lat="51.326347" lon="-116.198784"><ele>2191.221</ele><time>2026-06-16T18:19:38Z</time></trkpt><trkpt lat="51.326357" lon="-116.198779"><ele>2191.086</ele><time>2026-06-16T18:19:39Z</time></trkpt><trkpt lat="51.326392" lon="-116.19871"><ele>2189.831</ele><time>2026-06-16T18:19:44Z</time></trkpt><trkpt lat="51.326396" lon="-116.198695"><ele>2189.424</ele><time>2026-06-16T18:19:45Z</time></trkpt><trkpt lat="51.32646" lon="-116.198622"><ele>2188.675</ele><time>2026-06-16T18:19:51Z</time></trkpt><trkpt lat="51.326475" lon="-116.198611"><ele>2188.228</ele><time>2026-06-16T18:19:53Z</time></trkpt><trkpt lat="51.326523" lon="-116.198554"><ele>2187.620</ele><time>2026-06-16T18:19:58Z</time></trkpt><trkpt lat="51.326549" lon="-116.198504"><ele>2186.809</ele><time>2026-06-16T18:20:01Z</time></trkpt><trkpt lat="51.326563" lon="-116.198473"><ele>2186.669</ele><time>2026-06-16T18:20:03Z</time></trkpt><trkpt lat="51.326599" lon="-116.19839"><ele>2186.283</ele><time>2026-06-16T18:20:09Z</time></trkpt><trkpt lat="51.326621" lon="-116.198359"><ele>2185.476</ele><time>2026-06-16T18:20:12Z</time></trkpt><trkpt lat="51.326678" lon="-116.198275"><ele>2184.444</ele><time>2026-06-16T18:20:18Z</time></trkpt><trkpt lat="51.326686" lon="-116.198267"><ele>2184.475</ele><time>2026-06-16T18:20:19Z</time></trkpt><trkpt lat="51.326726" lon="-116.198203"><ele>2183.235</ele><time>2026-06-16T18:20:25Z</time></trkpt><trkpt lat="51.326754" lon="-116.198146"><ele>2182.090</ele><time>2026-06-16T18:20:30Z</time></trkpt><trkpt lat="51.326767" lon="-116.198101"><ele>2181.645</ele><time>2026-06-16T18:20:32Z</time></trkpt><trkpt lat="51.326788" lon="-116.198068"><ele>2181.098</ele><time>2026-06-16T18:20:35Z</time></trkpt><trkpt lat="51.32682" lon="-116.198007"><ele>2179.866</ele><time>2026-06-16T18:20:39Z</time></trkpt><trkpt lat="51.326828" lon="-116.197992"><ele>2179.629</ele><time>2026-06-16T18:20:40Z</time></trkpt><trkpt lat="51.326851" lon="-116.197934"><ele>2178.621</ele><time>2026-06-16T18:20:44Z</time></trkpt><trkpt lat="51.326874" lon="-116.197868"><ele>2177.409</ele><time>2026-06-16T18:20:48Z</time></trkpt><trkpt lat="51.326899" lon="-116.197766"><ele>2176.438</ele><time>2026-06-16T18:20:54Z</time></trkpt><trkpt lat="51.326918" lon="-116.197714"><ele>2175.452</ele><time>2026-06-16T18:20:57Z</time></trkpt><trkpt lat="51.326928" lon="-116.197702"><ele>2175.085</ele><time>2026-06-16T18:20:58Z</time></trkpt><trkpt lat="51.326952" lon="-116.197659"><ele>2174.453</ele><time>2026-06-16T18:21:01Z</time></trkpt><trkpt lat="51.326968" lon="-116.197634"><ele>2174.074</ele><time>2026-06-16T18:21:03Z</time></trkpt><trkpt lat="51.326981" lon="-116.197607"><ele>2173.694</ele><time>2026-06-16T18:21:05Z</time></trkpt><trkpt lat="51.327024" lon="-116.197525"><ele>2172.869</ele><time>2026-06-16T18:21:09Z</time></trkpt><trkpt lat="51.327035" lon="-116.19749"><ele>2172.214</ele><time>2026-06-16T18:21:11Z</time></trkpt><trkpt lat="51.327052" lon="-116.197435"><ele>2171.687</ele><time>2026-06-16T18:21:14Z</time></trkpt><trkpt lat="51.327088" lon="-116.197353"><ele>2170.628</ele><time>2026-06-16T18:21:20Z</time></trkpt><trkpt lat="51.327094" lon="-116.197342"><ele>2170.489</ele><time>2026-06-16T18:21:21Z</time></trkpt><trkpt lat="51.327129" lon="-116.197249"><ele>2169.417</ele><time>2026-06-16T18:21:27Z</time></trkpt><trkpt lat="51.327146" lon="-116.197226"><ele>2169.009</ele><time>2026-06-16T18:21:29Z</time></trkpt><trkpt lat="51.327168" lon="-116.197186"><ele>2168.464</ele><time>2026-06-16T18:21:32Z</time></trkpt><trkpt lat="51.327203" lon="-116.197105"><ele>2167.268</ele><time>2026-06-16T18:21:38Z</time></trkpt><trkpt lat="51.327236" lon="-116.197003"><ele>2166.291</ele><time>2026-06-16T18:21:43Z</time></trkpt><trkpt lat="51.327248" lon="-116.196981"><ele>2165.859</ele><time>2026-06-16T18:21:45Z</time></trkpt><trkpt lat="51.327237" lon="-116.196951"><ele>2165.020</ele><time>2026-06-16T18:21:49Z</time></trkpt><trkpt lat="51.327212" lon="-116.196965"><ele>2164.420</ele><time>2026-06-16T18:21:51Z</time></trkpt><trkpt lat="51.327136" lon="-116.197049"><ele>2163.815</ele><time>2026-06-16T18:21:58Z</time></trkpt><trkpt lat="51.327105" lon="-116.19707"><ele>2163.020</ele><time>2026-06-16T18:22:01Z</time></trkpt><trkpt lat="51.327086" lon="-116.197089"><ele>2162.833</ele><time>2026-06-16T18:22:03Z</time></trkpt><trkpt lat="51.327042" lon="-116.197118"><ele>2161.695</ele><time>2026-06-16T18:22:07Z</time></trkpt><trkpt lat="51.327015" lon="-116.197132"><ele>2161.049</ele><time>2026-06-16T18:22:09Z</time></trkpt><trkpt lat="51.326989" lon="-116.197147"><ele>2160.623</ele><time>2026-06-16T18:22:11Z</time></trkpt><trkpt lat="51.326962" lon="-116.197204"><ele>2159.609</ele><time>2026-06-16T18:22:16Z</time></trkpt><trkpt lat="51.326952" lon="-116.197215"><ele>2159.441</ele><time>2026-06-16T18:22:17Z</time></trkpt><trkpt lat="51.326914" lon="-116.197241"><ele>2158.435</ele><time>2026-06-16T18:22:20Z</time></trkpt><trkpt lat="51.32688" lon="-116.19726"><ele>2157.268</ele><time>2026-06-16T18:22:23Z</time></trkpt><trkpt lat="51.326862" lon="-116.197268"><ele>2156.826</ele><time>2026-06-16T18:22:25Z</time></trkpt><trkpt lat="51.326803" lon="-116.197301"><ele>2156.227</ele><time>2026-06-16T18:22:31Z</time></trkpt><trkpt lat="51.326781" lon="-116.197302"><ele>2155.827</ele><time>2026-06-16T18:22:33Z</time></trkpt><trkpt lat="51.326756" lon="-116.197321"><ele>2155.092</ele><time>2026-06-16T18:22:36Z</time></trkpt><trkpt lat="51.326732" lon="-116.197337"><ele>2154.237</ele><time>2026-06-16T18:22:38Z</time></trkpt><trkpt lat="51.326719" lon="-116.197344"><ele>2153.810</ele><time>2026-06-16T18:22:39Z</time></trkpt><trkpt lat="51.326653" lon="-116.197433"><ele>2152.697</ele><time>2026-06-16T18:22:46Z</time></trkpt><trkpt lat="51.326582" lon="-116.197538"><ele>2151.623</ele><time>2026-06-16T18:22:54Z</time></trkpt><trkpt lat="51.326573" lon="-116.197555"><ele>2151.625</ele><time>2026-06-16T18:22:55Z</time></trkpt><trkpt lat="51.326495" lon="-116.197642"><ele>2150.809</ele><time>2026-06-16T18:23:03Z</time></trkpt><trkpt lat="51.326467" lon="-116.197664"><ele>2150.681</ele><time>2026-06-16T18:23:06Z</time></trkpt><trkpt lat="51.326409" lon="-116.1977"><ele>2150.265</ele><time>2026-06-16T18:23:11Z</time></trkpt><trkpt lat="51.326373" lon="-116.197722"><ele>2149.638</ele><time>2026-06-16T18:23:14Z</time></trkpt><trkpt lat="51.326325" lon="-116.19774"><ele>2148.466</ele><time>2026-06-16T18:23:19Z</time></trkpt><trkpt lat="51.326318" lon="-116.197749"><ele>2148.267</ele><time>2026-06-16T18:23:20Z</time></trkpt><trkpt lat="51.326251" lon="-116.197797"><ele>2147.447</ele><time>2026-06-16T18:23:27Z</time></trkpt><trkpt lat="51.326232" lon="-116.197793"><ele>2147.272</ele><time>2026-06-16T18:23:28Z</time></trkpt><trkpt lat="51.326176" lon="-116.197808"><ele>2146.447</ele><time>2026-06-16T18:23:32Z</time></trkpt><trkpt lat="51.326133" lon="-116.197841"><ele>2145.670</ele><time>2026-06-16T18:23:36Z</time></trkpt><trkpt lat="51.326101" lon="-116.197865"><ele>2145.227</ele><time>2026-06-16T18:23:39Z</time></trkpt><trkpt lat="51.326042" lon="-116.197922"><ele>2144.268</ele><time>2026-06-16T18:23:45Z</time></trkpt><trkpt lat="51.326035" lon="-116.197933"><ele>2144.214</ele><time>2026-06-16T18:23:46Z</time></trkpt><trkpt lat="51.325977" lon="-116.197983"><ele>2144.009</ele><time>2026-06-16T18:23:53Z</time></trkpt><trkpt lat="51.325903" lon="-116.19806"><ele>2143.694</ele><time>2026-06-16T18:24:00Z</time></trkpt><trkpt lat="51.325869" lon="-116.198084"><ele>2143.228</ele><time>2026-06-16T18:24:04Z</time></trkpt><trkpt lat="51.325848" lon="-116.198097"><ele>2142.441</ele><time>2026-06-16T18:24:06Z</time></trkpt><trkpt lat="51.325837" lon="-116.198106"><ele>2142.069</ele><time>2026-06-16T18:24:07Z</time></trkpt><trkpt lat="51.325784" lon="-116.198142"><ele>2141.070</ele><time>2026-06-16T18:24:14Z</time></trkpt><trkpt lat="51.325715" lon="-116.198179"><ele>2140.090</ele><time>2026-06-16T18:24:21Z</time></trkpt><trkpt lat="51.325707" lon="-116.198187"><ele>2140.015</ele><time>2026-06-16T18:24:22Z</time></trkpt><trkpt lat="51.325636" lon="-116.198244"><ele>2139.430</ele><time>2026-06-16T18:24:29Z</time></trkpt><trkpt lat="51.325602" lon="-116.198271"><ele>2138.863</ele><time>2026-06-16T18:24:32Z</time></trkpt><trkpt lat="51.325545" lon="-116.198333"><ele>2138.097</ele><time>2026-06-16T18:24:38Z</time></trkpt><trkpt lat="51.325527" lon="-116.198355"><ele>2137.623</ele><time>2026-06-16T18:24:40Z</time></trkpt><trkpt lat="51.325477" lon="-116.198397"><ele>2137.025</ele><time>2026-06-16T18:24:45Z</time></trkpt><trkpt lat="51.325463" lon="-116.198423"><ele>2136.609</ele><time>2026-06-16T18:24:47Z</time></trkpt><trkpt lat="51.325406" lon="-116.198478"><ele>2135.661</ele><time>2026-06-16T18:24:53Z</time></trkpt><trkpt lat="51.325353" lon="-116.198541"><ele>2134.475</ele><time>2026-06-16T18:25:01Z</time></trkpt><trkpt lat="51.325353" lon="-116.198519"><ele>2134.058</ele><time>2026-06-16T18:25:04Z</time></trkpt><trkpt lat="51.32537" lon="-116.198473"><ele>2133.266</ele><time>2026-06-16T18:25:07Z</time></trkpt><trkpt lat="51.325379" lon="-116.198458"><ele>2133.087</ele><time>2026-06-16T18:25:08Z</time></trkpt><trkpt lat="51.325429" lon="-116.19838"><ele>2132.277</ele><time>2026-06-16T18:25:14Z</time></trkpt><trkpt lat="51.325439" lon="-116.19837"><ele>2132.292</ele><time>2026-06-16T18:25:15Z</time></trkpt><trkpt lat="51.325496" lon="-116.198295"><ele>2131.057</ele><time>2026-06-16T18:25:22Z</time></trkpt><trkpt lat="51.325514" lon="-116.198263"><ele>2130.440</ele><time>2026-06-16T18:25:24Z</time></trkpt><trkpt lat="51.325544" lon="-116.198183"><ele>2129.894</ele><time>2026-06-16T18:25:28Z</time></trkpt><trkpt lat="51.325557" lon="-116.198134"><ele>2129.657</ele><time>2026-06-16T18:25:31Z</time></trkpt><trkpt lat="51.325593" lon="-116.198038"><ele>2128.822</ele><time>2026-06-16T18:25:37Z</time></trkpt><trkpt lat="51.32563" lon="-116.197979"><ele>2128.409</ele><time>2026-06-16T18:25:41Z</time></trkpt><trkpt lat="51.32566" lon="-116.197916"><ele>2127.871</ele><time>2026-06-16T18:25:45Z</time></trkpt><trkpt lat="51.3257" lon="-116.197849"><ele>2126.685</ele><time>2026-06-16T18:25:50Z</time></trkpt><trkpt lat="51.325707" lon="-116.197832"><ele>2126.478</ele><time>2026-06-16T18:25:51Z</time></trkpt><trkpt lat="51.325744" lon="-116.19775"><ele>2125.686</ele><time>2026-06-16T18:25:57Z</time></trkpt><trkpt lat="51.325771" lon="-116.197715"><ele>2125.297</ele><time>2026-06-16T18:26:00Z</time></trkpt><trkpt lat="51.32582" lon="-116.197654"><ele>2124.667</ele><time>2026-06-16T18:26:06Z</time></trkpt><trkpt lat="51.325835" lon="-116.197621"><ele>2124.452</ele><time>2026-06-16T18:26:08Z</time></trkpt><trkpt lat="51.325875" lon="-116.19756"><ele>2123.437</ele><time>2026-06-16T18:26:12Z</time></trkpt><trkpt lat="51.325916" lon="-116.197489"><ele>2122.490</ele><time>2026-06-16T18:26:17Z</time></trkpt><trkpt lat="51.325946" lon="-116.19743"><ele>2121.225</ele><time>2026-06-16T18:26:21Z</time></trkpt><trkpt lat="51.325969" lon="-116.197389"><ele>2120.426</ele><time>2026-06-16T18:26:25Z</time></trkpt><trkpt lat="51.325982" lon="-116.19736"><ele>2120.208</ele><time>2026-06-16T18:26:27Z</time></trkpt><trkpt lat="51.326004" lon="-116.197314"><ele>2119.409</ele><time>2026-06-16T18:26:31Z</time></trkpt><trkpt lat="51.326025" lon="-116.197277"><ele>2119.064</ele><time>2026-06-16T18:26:33Z</time></trkpt><trkpt lat="51.326048" lon="-116.197239"><ele>2118.458</ele><time>2026-06-16T18:26:36Z</time></trkpt><trkpt lat="51.326067" lon="-116.197192"><ele>2118.041</ele><time>2026-06-16T18:26:39Z</time></trkpt><trkpt lat="51.326099" lon="-116.197117"><ele>2117.089</ele><time>2026-06-16T18:26:44Z</time></trkpt><trkpt lat="51.326119" lon="-116.197086"><ele>2116.690</ele><time>2026-06-16T18:26:46Z</time></trkpt><trkpt lat="51.326147" lon="-116.197039"><ele>2115.860</ele><time>2026-06-16T18:26:50Z</time></trkpt><trkpt lat="51.326188" lon="-116.196952"><ele>2114.695</ele><time>2026-06-16T18:26:55Z</time></trkpt><trkpt lat="51.326194" lon="-116.196915"><ele>2114.470</ele><time>2026-06-16T18:26:57Z</time></trkpt><trkpt lat="51.326222" lon="-116.196835"><ele>2113.693</ele><time>2026-06-16T18:27:03Z</time></trkpt><trkpt lat="51.326235" lon="-116.196801"><ele>2113.088</ele><time>2026-06-16T18:27:06Z</time></trkpt><trkpt lat="51.326234" lon="-116.19674"><ele>2112.424</ele><time>2026-06-16T18:27:13Z</time></trkpt><trkpt lat="51.326214" lon="-116.196746"><ele>2112.026</ele><time>2026-06-16T18:27:15Z</time></trkpt><trkpt lat="51.326134" lon="-116.196778"><ele>2111.409</ele><time>2026-06-16T18:27:20Z</time></trkpt><trkpt lat="51.326122" lon="-116.196784"><ele>2111.250</ele><time>2026-06-16T18:27:21Z</time></trkpt><trkpt lat="51.326073" lon="-116.196829"><ele>2110.274</ele><time>2026-06-16T18:27:25Z</time></trkpt><trkpt lat="51.326039" lon="-116.19685"><ele>2109.417</ele><time>2026-06-16T18:27:29Z</time></trkpt><trkpt lat="51.326027" lon="-116.196858"><ele>2109.215</ele><time>2026-06-16T18:27:30Z</time></trkpt><trkpt lat="51.325952" lon="-116.196906"><ele>2108.026</ele><time>2026-06-16T18:27:37Z</time></trkpt><trkpt lat="51.325946" lon="-116.196917"><ele>2107.846</ele><time>2026-06-16T18:27:38Z</time></trkpt><trkpt lat="51.325922" lon="-116.19695"><ele>2106.821</ele><time>2026-06-16T18:27:41Z</time></trkpt><trkpt lat="51.32586" lon="-116.196998"><ele>2106.436</ele><time>2026-06-16T18:27:46Z</time></trkpt><trkpt lat="51.325838" lon="-116.197015"><ele>2105.819</ele><time>2026-06-16T18:27:48Z</time></trkpt><trkpt lat="51.325805" lon="-116.197029"><ele>2104.864</ele><time>2026-06-16T18:27:51Z</time></trkpt><trkpt lat="51.325758" lon="-116.197049"><ele>2103.606</ele><time>2026-06-16T18:27:55Z</time></trkpt><trkpt lat="51.325689" lon="-116.197072"><ele>2102.416</ele><time>2026-06-16T18:28:01Z</time></trkpt><trkpt lat="51.325653" lon="-116.197112"><ele>2101.409</ele><time>2026-06-16T18:28:05Z</time></trkpt><trkpt lat="51.325581" lon="-116.197176"><ele>2100.638</ele><time>2026-06-16T18:28:12Z</time></trkpt><trkpt lat="51.325559" lon="-116.197191"><ele>2100.272</ele><time>2026-06-16T18:28:14Z</time></trkpt><trkpt lat="51.325508" lon="-116.197226"><ele>2099.015</ele><time>2026-06-16T18:28:19Z</time></trkpt><trkpt lat="51.325465" lon="-116.197254"><ele>2097.823</ele><time>2026-06-16T18:28:23Z</time></trkpt><trkpt lat="51.325424" lon="-116.197276"><ele>2096.844</ele><time>2026-06-16T18:28:26Z</time></trkpt><trkpt lat="51.325421" lon="-116.197265"><ele>2096.654</ele><time>2026-06-16T18:28:27Z</time></trkpt><trkpt lat="51.325441" lon="-116.197229"><ele>2096.239</ele><time>2026-06-16T18:28:29Z</time></trkpt><trkpt lat="51.325446" lon="-116.197215"><ele>2096.084</ele><time>2026-06-16T18:28:30Z</time></trkpt><trkpt lat="51.325453" lon="-116.197207"><ele>2095.677</ele><time>2026-06-16T18:28:31Z</time></trkpt><trkpt lat="51.325479" lon="-116.197163"><ele>2094.482</ele><time>2026-06-16T18:28:34Z</time></trkpt><trkpt lat="51.325521" lon="-116.197113"><ele>2093.243</ele><time>2026-06-16T18:28:38Z</time></trkpt><trkpt lat="51.325584" lon="-116.197025"><ele>2092.217</ele><time>2026-06-16T18:28:44Z</time></trkpt><trkpt lat="51.325592" lon="-116.197009"><ele>2092.009</ele><time>2026-06-16T18:28:45Z</time></trkpt><trkpt lat="51.325609" lon="-116.196967"><ele>2091.240</ele><time>2026-06-16T18:28:49Z</time></trkpt><trkpt lat="51.325614" lon="-116.196951"><ele>2091.024</ele><time>2026-06-16T18:28:50Z</time></trkpt><trkpt lat="51.325632" lon="-116.196891"><ele>2090.217</ele><time>2026-06-16T18:28:53Z</time></trkpt><trkpt lat="51.325638" lon="-116.196878"><ele>2089.895</ele><time>2026-06-16T18:28:54Z</time></trkpt><trkpt lat="51.325658" lon="-116.19682"><ele>2088.816</ele><time>2026-06-16T18:28:58Z</time></trkpt><trkpt lat="51.325676" lon="-116.196768"><ele>2088.096</ele><time>2026-06-16T18:29:02Z</time></trkpt><trkpt lat="51.325705" lon="-116.196721"><ele>2087.661</ele><time>2026-06-16T18:29:06Z</time></trkpt><trkpt lat="51.325745" lon="-116.196643"><ele>2086.866</ele><time>2026-06-16T18:29:11Z</time></trkpt><trkpt lat="51.325761" lon="-116.196602"><ele>2086.419</ele><time>2026-06-16T18:29:14Z</time></trkpt><trkpt lat="51.325809" lon="-116.196491"><ele>2085.687</ele><time>2026-06-16T18:29:21Z</time></trkpt><trkpt lat="51.325815" lon="-116.196477"><ele>2085.242</ele><time>2026-06-16T18:29:22Z</time></trkpt><trkpt lat="51.325857" lon="-116.196358"><ele>2084.226</ele><time>2026-06-16T18:29:29Z</time></trkpt><trkpt lat="51.325863" lon="-116.196347"><ele>2084.009</ele><time>2026-06-16T18:29:30Z</time></trkpt><trkpt lat="51.325895" lon="-116.19627"><ele>2083.060</ele><time>2026-06-16T18:29:34Z</time></trkpt><trkpt lat="51.325916" lon="-116.196229"><ele>2082.464</ele><time>2026-06-16T18:29:37Z</time></trkpt><trkpt lat="51.325928" lon="-116.196148"><ele>2081.827</ele><time>2026-06-16T18:29:41Z</time></trkpt><trkpt lat="51.325941" lon="-116.196067"><ele>2080.875</ele><time>2026-06-16T18:29:45Z</time></trkpt><trkpt lat="51.325946" lon="-116.196044"><ele>2080.696</ele><time>2026-06-16T18:29:46Z</time></trkpt><trkpt lat="51.325966" lon="-116.195949"><ele>2079.616</ele><time>2026-06-16T18:29:51Z</time></trkpt><trkpt lat="51.325985" lon="-116.195913"><ele>2078.871</ele><time>2026-06-16T18:29:54Z</time></trkpt><trkpt lat="51.326009" lon="-116.195885"><ele>2078.456</ele><time>2026-06-16T18:29:57Z</time></trkpt><trkpt lat="51.326042" lon="-116.195834"><ele>2077.689</ele><time>2026-06-16T18:30:02Z</time></trkpt><trkpt lat="51.326038" lon="-116.195827"><ele>2077.284</ele><time>2026-06-16T18:30:03Z</time></trkpt><trkpt lat="51.326046" lon="-116.195792"><ele>2076.007</ele><time>2026-06-16T18:30:06Z</time></trkpt><trkpt lat="51.326055" lon="-116.195767"><ele>2075.417</ele><time>2026-06-16T18:30:08Z</time></trkpt><trkpt lat="51.326058" lon="-116.195733"><ele>2075.009</ele><time>2026-06-16T18:30:10Z</time></trkpt><trkpt lat="51.326057" lon="-116.195668"><ele>2074.080</ele><time>2026-06-16T18:30:14Z</time></trkpt><trkpt lat="51.326061" lon="-116.195639"><ele>2073.424</ele><time>2026-06-16T18:30:16Z</time></trkpt><trkpt lat="51.326069" lon="-116.195598"><ele>2072.847</ele><time>2026-06-16T18:30:18Z</time></trkpt><trkpt lat="51.326084" lon="-116.195517"><ele>2071.885</ele><time>2026-06-16T18:30:23Z</time></trkpt><trkpt lat="51.326081" lon="-116.195507"><ele>2071.686</ele><time>2026-06-16T18:30:24Z</time></trkpt><trkpt lat="51.326014" lon="-116.195532"><ele>2070.636</ele><time>2026-06-16T18:30:30Z</time></trkpt><trkpt lat="51.325937" lon="-116.195592"><ele>2069.491</ele><time>2026-06-16T18:30:37Z</time></trkpt><trkpt lat="51.325911" lon="-116.195614"><ele>2069.056</ele><time>2026-06-16T18:30:39Z</time></trkpt><trkpt lat="51.325882" lon="-116.195635"><ele>2068.429</ele><time>2026-06-16T18:30:42Z</time></trkpt><trkpt lat="51.32583" lon="-116.19566"><ele>2067.467</ele><time>2026-06-16T18:30:47Z</time></trkpt><trkpt lat="51.32582" lon="-116.195665"><ele>2067.281</ele><time>2026-06-16T18:30:48Z</time></trkpt><trkpt lat="51.325769" lon="-116.195688"><ele>2066.219</ele><time>2026-06-16T18:30:53Z</time></trkpt><trkpt lat="51.325749" lon="-116.1957"><ele>2065.609</ele><time>2026-06-16T18:30:55Z</time></trkpt><trkpt lat="51.325706" lon="-116.195724"><ele>2065.048</ele><time>2026-06-16T18:30:59Z</time></trkpt><trkpt lat="51.325653" lon="-116.195764"><ele>2063.862</ele><time>2026-06-16T18:31:03Z</time></trkpt><trkpt lat="51.325612" lon="-116.195795"><ele>2063.215</ele><time>2026-06-16T18:31:06Z</time></trkpt><trkpt lat="51.32559" lon="-116.195814"><ele>2062.883</ele><time>2026-06-16T18:31:08Z</time></trkpt><trkpt lat="51.325566" lon="-116.195836"><ele>2061.634</ele><time>2026-06-16T18:31:12Z</time></trkpt><trkpt lat="51.325556" lon="-116.195848"><ele>2061.244</ele><time>2026-06-16T18:31:13Z</time></trkpt><trkpt lat="51.325515" lon="-116.195899"><ele>2060.479</ele><time>2026-06-16T18:31:17Z</time></trkpt><trkpt lat="51.325478" lon="-116.195939"><ele>2059.624</ele><time>2026-06-16T18:31:21Z</time></trkpt><trkpt lat="51.325458" lon="-116.195951"><ele>2059.217</ele><time>2026-06-16T18:31:23Z</time></trkpt><trkpt lat="51.325421" lon="-116.195984"><ele>2058.085</ele><time>2026-06-16T18:31:28Z</time></trkpt><trkpt lat="51.325409" lon="-116.195991"><ele>2057.889</ele><time>2026-06-16T18:31:29Z</time></trkpt><trkpt lat="51.325375" lon="-116.196007"><ele>2056.817</ele><time>2026-06-16T18:31:32Z</time></trkpt><trkpt lat="51.325341" lon="-116.196026"><ele>2055.609</ele><time>2026-06-16T18:31:35Z</time></trkpt><trkpt lat="51.325325" lon="-116.196044"><ele>2054.870</ele><time>2026-06-16T18:31:38Z</time></trkpt><trkpt lat="51.325239" lon="-116.196114"><ele>2054.614</ele><time>2026-06-16T18:31:45Z</time></trkpt><trkpt lat="51.325221" lon="-116.196122"><ele>2054.497</ele><time>2026-06-16T18:31:46Z</time></trkpt><trkpt lat="51.32519" lon="-116.196124"><ele>2053.255</ele><time>2026-06-16T18:31:49Z</time></trkpt><trkpt lat="51.325151" lon="-116.19614"><ele>2052.046</ele><time>2026-06-16T18:31:52Z</time></trkpt><trkpt lat="51.325139" lon="-116.196146"><ele>2051.656</ele><time>2026-06-16T18:31:53Z</time></trkpt><trkpt lat="51.325123" lon="-116.196159"><ele>2050.811</ele><time>2026-06-16T18:31:55Z</time></trkpt><trkpt lat="51.325063" lon="-116.196233"><ele>2050.686</ele><time>2026-06-16T18:32:02Z</time></trkpt><trkpt lat="51.324975" lon="-116.196313"><ele>2049.839</ele><time>2026-06-16T18:32:11Z</time></trkpt><trkpt lat="51.324968" lon="-116.196314"><ele>2049.669</ele><time>2026-06-16T18:32:12Z</time></trkpt><trkpt lat="51.324891" lon="-116.196365"><ele>2048.604</ele><time>2026-06-16T18:32:19Z</time></trkpt><trkpt lat="51.324849" lon="-116.196385"><ele>2047.624</ele><time>2026-06-16T18:32:23Z</time></trkpt><trkpt lat="51.324824" lon="-116.196395"><ele>2046.609</ele><time>2026-06-16T18:32:26Z</time></trkpt><trkpt lat="51.32482" lon="-116.196395"><ele>2046.498</ele><time>2026-06-16T18:32:27Z</time></trkpt><trkpt lat="51.324745" lon="-116.196437"><ele>2045.062</ele><time>2026-06-16T18:32:33Z</time></trkpt><trkpt lat="51.324698" lon="-116.196465"><ele>2044.095</ele><time>2026-06-16T18:32:38Z</time></trkpt><trkpt lat="51.324685" lon="-116.19648"><ele>2043.643</ele><time>2026-06-16T18:32:40Z</time></trkpt><trkpt lat="51.324645" lon="-116.196514"><ele>2042.844</ele><time>2026-06-16T18:32:45Z</time></trkpt><trkpt lat="51.324627" lon="-116.196513"><ele>2042.414</ele><time>2026-06-16T18:32:47Z</time></trkpt><trkpt lat="51.324616" lon="-116.196514"><ele>2042.279</ele><time>2026-06-16T18:32:48Z</time></trkpt><trkpt lat="51.324599" lon="-116.196508"><ele>2041.644</ele><time>2026-06-16T18:32:50Z</time></trkpt><trkpt lat="51.324611" lon="-116.196487"><ele>2041.287</ele><time>2026-06-16T18:32:52Z</time></trkpt><trkpt lat="51.324628" lon="-116.196459"><ele>2040.628</ele><time>2026-06-16T18:32:54Z</time></trkpt><trkpt lat="51.32468" lon="-116.196358"><ele>2039.689</ele><time>2026-06-16T18:33:00Z</time></trkpt><trkpt lat="51.32472" lon="-116.196238"><ele>2038.417</ele><time>2026-06-16T18:33:07Z</time></trkpt><trkpt lat="51.324726" lon="-116.19623"><ele>2038.009</ele><time>2026-06-16T18:33:08Z</time></trkpt><trkpt lat="51.324766" lon="-116.196155"><ele>2037.224</ele><time>2026-06-16T18:33:13Z</time></trkpt><trkpt lat="51.324792" lon="-116.19609"><ele>2036.228</ele><time>2026-06-16T18:33:16Z</time></trkpt><trkpt lat="51.324797" lon="-116.196062"><ele>2036.031</ele><time>2026-06-16T18:33:17Z</time></trkpt><trkpt lat="51.32482" lon="-116.195974"><ele>2035.279</ele><time>2026-06-16T18:33:21Z</time></trkpt><trkpt lat="51.324824" lon="-116.195957"><ele>2035.040</ele><time>2026-06-16T18:33:22Z</time></trkpt><trkpt lat="51.324843" lon="-116.195861"><ele>2033.890</ele><time>2026-06-16T18:33:27Z</time></trkpt><trkpt lat="51.324819" lon="-116.195853"><ele>2033.225</ele><time>2026-06-16T18:33:30Z</time></trkpt><trkpt lat="51.324793" lon="-116.195872"><ele>2032.680</ele><time>2026-06-16T18:33:32Z</time></trkpt><trkpt lat="51.324755" lon="-116.195882"><ele>2031.643</ele><time>2026-06-16T18:33:35Z</time></trkpt><trkpt lat="51.324708" lon="-116.1959"><ele>2030.496</ele><time>2026-06-16T18:33:39Z</time></trkpt><trkpt lat="51.324699" lon="-116.195906"><ele>2030.031</ele><time>2026-06-16T18:33:40Z</time></trkpt><trkpt lat="51.324665" lon="-116.195941"><ele>2029.424</ele><time>2026-06-16T18:33:43Z</time></trkpt><trkpt lat="51.324631" lon="-116.195954"><ele>2028.809</ele><time>2026-06-16T18:33:47Z</time></trkpt><trkpt lat="51.324609" lon="-116.195961"><ele>2028.251</ele><time>2026-06-16T18:33:49Z</time></trkpt><trkpt lat="51.324572" lon="-116.195991"><ele>2027.265</ele><time>2026-06-16T18:33:53Z</time></trkpt><trkpt lat="51.324533" lon="-116.196029"><ele>2025.878</ele><time>2026-06-16T18:33:57Z</time></trkpt><trkpt lat="51.324495" lon="-116.196055"><ele>2024.836</ele><time>2026-06-16T18:34:00Z</time></trkpt><trkpt lat="51.324482" lon="-116.196068"><ele>2024.477</ele><time>2026-06-16T18:34:02Z</time></trkpt><trkpt lat="51.324454" lon="-116.196073"><ele>2023.687</ele><time>2026-06-16T18:34:07Z</time></trkpt><trkpt lat="51.324422" lon="-116.196092"><ele>2023.212</ele><time>2026-06-16T18:34:10Z</time></trkpt><trkpt lat="51.324411" lon="-116.196088"><ele>2022.427</ele><time>2026-06-16T18:34:13Z</time></trkpt><trkpt lat="51.324416" lon="-116.196078"><ele>2022.080</ele><time>2026-06-16T18:34:14Z</time></trkpt><trkpt lat="51.324421" lon="-116.196061"><ele>2021.235</ele><time>2026-06-16T18:34:16Z</time></trkpt><trkpt lat="51.324428" lon="-116.196046"><ele>2020.686</ele><time>2026-06-16T18:34:17Z</time></trkpt><trkpt lat="51.324448" lon="-116.196012"><ele>2020.014</ele><time>2026-06-16T18:34:19Z</time></trkpt><trkpt lat="51.324477" lon="-116.195958"><ele>2019.009</ele><time>2026-06-16T18:34:23Z</time></trkpt><trkpt lat="51.324501" lon="-116.195913"><ele>2018.275</ele><time>2026-06-16T18:34:26Z</time></trkpt><trkpt lat="51.324507" lon="-116.195898"><ele>2018.099</ele><time>2026-06-16T18:34:27Z</time></trkpt><trkpt lat="51.324531" lon="-116.195844"><ele>2016.882</ele><time>2026-06-16T18:34:30Z</time></trkpt><trkpt lat="51.324545" lon="-116.19579"><ele>2015.880</ele><time>2026-06-16T18:34:34Z</time></trkpt><trkpt lat="51.324547" lon="-116.19578"><ele>2015.421</ele><time>2026-06-16T18:34:35Z</time></trkpt><trkpt lat="51.324555" lon="-116.195731"><ele>2014.681</ele><time>2026-06-16T18:34:39Z</time></trkpt><trkpt lat="51.324535" lon="-116.195688"><ele>2014.236</ele><time>2026-06-16T18:34:43Z</time></trkpt><trkpt lat="51.324526" lon="-116.195693"><ele>2014.081</ele><time>2026-06-16T18:34:44Z</time></trkpt><trkpt lat="51.324501" lon="-116.1957"><ele>2013.654</ele><time>2026-06-16T18:34:46Z</time></trkpt><trkpt lat="51.324435" lon="-116.195716"><ele>2012.639</ele><time>2026-06-16T18:34:51Z</time></trkpt><trkpt lat="51.324409" lon="-116.195729"><ele>2012.201</ele><time>2026-06-16T18:34:53Z</time></trkpt><trkpt lat="51.32438" lon="-116.195746"><ele>2011.621</ele><time>2026-06-16T18:34:56Z</time></trkpt><trkpt lat="51.324325" lon="-116.195797"><ele>2011.009</ele><time>2026-06-16T18:35:02Z</time></trkpt><trkpt lat="51.324297" lon="-116.195818"><ele>2010.465</ele><time>2026-06-16T18:35:05Z</time></trkpt><trkpt lat="51.324255" lon="-116.195853"><ele>2009.059</ele><time>2026-06-16T18:35:10Z</time></trkpt><trkpt lat="51.324254" lon="-116.195856"><ele>2008.682</ele><time>2026-06-16T18:35:11Z</time></trkpt><trkpt lat="51.324262" lon="-116.195852"><ele>2008.240</ele><time>2026-06-16T18:35:13Z</time></trkpt><trkpt lat="51.324265" lon="-116.195828"><ele>2008.091</ele><time>2026-06-16T18:35:15Z</time></trkpt><trkpt lat="51.324296" lon="-116.195772"><ele>2007.291</ele><time>2026-06-16T18:35:18Z</time></trkpt><trkpt lat="51.324312" lon="-116.195741"><ele>2006.836</ele><time>2026-06-16T18:35:20Z</time></trkpt><trkpt lat="51.324348" lon="-116.195666"><ele>2005.611</ele><time>2026-06-16T18:35:24Z</time></trkpt><trkpt lat="51.32437" lon="-116.195616"><ele>2004.884</ele><time>2026-06-16T18:35:27Z</time></trkpt><trkpt lat="51.324374" lon="-116.195605"><ele>2004.677</ele><time>2026-06-16T18:35:28Z</time></trkpt><trkpt lat="51.324406" lon="-116.195493"><ele>2003.461</ele><time>2026-06-16T18:35:34Z</time></trkpt><trkpt lat="51.324414" lon="-116.195442"><ele>2002.827</ele><time>2026-06-16T18:35:37Z</time></trkpt><trkpt lat="51.324416" lon="-116.195402"><ele>2002.409</ele><time>2026-06-16T18:35:40Z</time></trkpt><trkpt lat="51.324432" lon="-116.195315"><ele>2001.299</ele><time>2026-06-16T18:35:45Z</time></trkpt><trkpt lat="51.324442" lon="-116.195229"><ele>2000.663</ele><time>2026-06-16T18:35:48Z</time></trkpt><trkpt lat="51.324456" lon="-116.195172"><ele>2000.016</ele><time>2026-06-16T18:35:50Z</time></trkpt><trkpt lat="51.324478" lon="-116.195114"><ele>1999.034</ele><time>2026-06-16T18:35:54Z</time></trkpt><trkpt lat="51.324483" lon="-116.195103"><ele>1998.855</ele><time>2026-06-16T18:35:56Z</time></trkpt><trkpt lat="51.324533" lon="-116.194964"><ele>1998.415</ele><time>2026-06-16T18:36:04Z</time></trkpt><trkpt lat="51.324543" lon="-116.194922"><ele>1998.050</ele><time>2026-06-16T18:36:07Z</time></trkpt><trkpt lat="51.32456" lon="-116.194848"><ele>1997.235</ele><time>2026-06-16T18:36:12Z</time></trkpt><trkpt lat="51.324564" lon="-116.194809"><ele>1996.868</ele><time>2026-06-16T18:36:14Z</time></trkpt><trkpt lat="51.324601" lon="-116.194728"><ele>1995.877</ele><time>2026-06-16T18:36:21Z</time></trkpt><trkpt lat="51.324658" lon="-116.194606"><ele>1994.661</ele><time>2026-06-16T18:36:29Z</time></trkpt><trkpt lat="51.324665" lon="-116.194589"><ele>1994.427</ele><time>2026-06-16T18:36:30Z</time></trkpt><trkpt lat="51.324703" lon="-116.194474"><ele>1993.609</ele><time>2026-06-16T18:36:37Z</time></trkpt><trkpt lat="51.32472" lon="-116.194419"><ele>1992.839</ele><time>2026-06-16T18:36:39Z</time></trkpt><trkpt lat="51.324727" lon="-116.194393"><ele>1992.473</ele><time>2026-06-16T18:36:40Z</time></trkpt><trkpt lat="51.324744" lon="-116.194271"><ele>1991.626</ele><time>2026-06-16T18:36:46Z</time></trkpt><trkpt lat="51.324752" lon="-116.194255"><ele>1991.494</ele><time>2026-06-16T18:36:48Z</time></trkpt><trkpt lat="51.324788" lon="-116.194192"><ele>1991.435</ele><time>2026-06-16T18:36:52Z</time></trkpt><trkpt lat="51.324828" lon="-116.194049"><ele>1991.625</ele><time>2026-06-16T18:37:01Z</time></trkpt><trkpt lat="51.324821" lon="-116.193947"><ele>1990.030</ele><time>2026-06-16T18:37:06Z</time></trkpt><trkpt lat="51.324848" lon="-116.193872"><ele>1989.235</ele><time>2026-06-16T18:37:10Z</time></trkpt><trkpt lat="51.324865" lon="-116.193843"><ele>1989.088</ele><time>2026-06-16T18:37:12Z</time></trkpt><trkpt lat="51.324903" lon="-116.193758"><ele>1988.428</ele><time>2026-06-16T18:37:18Z</time></trkpt><trkpt lat="51.324914" lon="-116.19372"><ele>1988.089</ele><time>2026-06-16T18:37:20Z</time></trkpt><trkpt lat="51.324944" lon="-116.193631"><ele>1986.817</ele><time>2026-06-16T18:37:25Z</time></trkpt><trkpt lat="51.324958" lon="-116.193567"><ele>1986.009</ele><time>2026-06-16T18:37:28Z</time></trkpt><trkpt lat="51.324961" lon="-116.193545"><ele>1985.894</ele><time>2026-06-16T18:37:29Z</time></trkpt><trkpt lat="51.324984" lon="-116.193419"><ele>1985.828</ele><time>2026-06-16T18:37:37Z</time></trkpt><trkpt lat="51.324999" lon="-116.193289"><ele>1984.661</ele><time>2026-06-16T18:37:44Z</time></trkpt><trkpt lat="51.325004" lon="-116.193249"><ele>1984.269</ele><time>2026-06-16T18:37:46Z</time></trkpt><trkpt lat="51.325009" lon="-116.193219"><ele>1983.610</ele><time>2026-06-16T18:37:50Z</time></trkpt><trkpt lat="51.32502" lon="-116.193153"><ele>1982.830</ele><time>2026-06-16T18:37:54Z</time></trkpt><trkpt lat="51.325029" lon="-116.193129"><ele>1982.695</ele><time>2026-06-16T18:37:55Z</time></trkpt><trkpt lat="51.325058" lon="-116.193086"><ele>1981.470</ele><time>2026-06-16T18:37:59Z</time></trkpt><trkpt lat="51.325088" lon="-116.193051"><ele>1980.613</ele><time>2026-06-16T18:38:02Z</time></trkpt><trkpt lat="51.325125" lon="-116.193004"><ele>1980.241</ele><time>2026-06-16T18:38:07Z</time></trkpt><trkpt lat="51.32514" lon="-116.192967"><ele>1979.681</ele><time>2026-06-16T18:38:10Z</time></trkpt><trkpt lat="51.325152" lon="-116.192937"><ele>1979.009</ele><time>2026-06-16T18:38:12Z</time></trkpt><trkpt lat="51.325199" lon="-116.192812"><ele>1978.209</ele><time>2026-06-16T18:38:19Z</time></trkpt><trkpt lat="51.325183" lon="-116.19274"><ele>1978.096</ele><time>2026-06-16T18:38:26Z</time></trkpt><trkpt lat="51.325175" lon="-116.192743"><ele>1977.850</ele><time>2026-06-16T18:38:27Z</time></trkpt><trkpt lat="51.325163" lon="-116.192746"><ele>1977.673</ele><time>2026-06-16T18:38:28Z</time></trkpt><trkpt lat="51.325149" lon="-116.192741"><ele>1976.611</ele><time>2026-06-16T18:38:30Z</time></trkpt><trkpt lat="51.325111" lon="-116.192708"><ele>1975.422</ele><time>2026-06-16T18:38:34Z</time></trkpt><trkpt lat="51.325105" lon="-116.192595"><ele>1974.632</ele><time>2026-06-16T18:38:39Z</time></trkpt><trkpt lat="51.325113" lon="-116.192576"><ele>1974.647</ele><time>2026-06-16T18:38:40Z</time></trkpt><trkpt lat="51.325176" lon="-116.192532"><ele>1975.092</ele><time>2026-06-16T18:38:47Z</time></trkpt><trkpt lat="51.325224" lon="-116.192388"><ele>1974.615</ele><time>2026-06-16T18:38:54Z</time></trkpt><trkpt lat="51.325224" lon="-116.192349"><ele>1974.244</ele><time>2026-06-16T18:38:56Z</time></trkpt><trkpt lat="51.325194" lon="-116.192217"><ele>1973.405</ele><time>2026-06-16T18:39:02Z</time></trkpt><trkpt lat="51.325187" lon="-116.192121"><ele>1973.215</ele><time>2026-06-16T18:39:07Z</time></trkpt><trkpt lat="51.325216" lon="-116.192078"><ele>1972.809</ele><time>2026-06-16T18:39:11Z</time></trkpt><trkpt lat="51.325289" lon="-116.19205"><ele>1972.226</ele><time>2026-06-16T18:39:16Z</time></trkpt><trkpt lat="51.325313" lon="-116.192035"><ele>1971.850</ele><time>2026-06-16T18:39:18Z</time></trkpt><trkpt lat="51.325353" lon="-116.191932"><ele>1971.233</ele><time>2026-06-16T18:39:24Z</time></trkpt><trkpt lat="51.325352" lon="-116.191924"><ele>1971.071</ele><time>2026-06-16T18:39:25Z</time></trkpt><trkpt lat="51.325342" lon="-116.191835"><ele>1970.242</ele><time>2026-06-16T18:39:31Z</time></trkpt><trkpt lat="51.325352" lon="-116.191784"><ele>1969.462</ele><time>2026-06-16T18:39:33Z</time></trkpt><trkpt lat="51.325363" lon="-116.191744"><ele>1969.067</ele><time>2026-06-16T18:39:35Z</time></trkpt><trkpt lat="51.325355" lon="-116.191616"><ele>1968.062</ele><time>2026-06-16T18:39:42Z</time></trkpt><trkpt lat="51.325353" lon="-116.191476"><ele>1966.855</ele><time>2026-06-16T18:39:48Z</time></trkpt><trkpt lat="51.325364" lon="-116.19142"><ele>1966.273</ele><time>2026-06-16T18:39:51Z</time></trkpt><trkpt lat="51.325379" lon="-116.191303"><ele>1965.685</ele><time>2026-06-16T18:39:58Z</time></trkpt><trkpt lat="51.325376" lon="-116.191273"><ele>1965.013</ele><time>2026-06-16T18:40:00Z</time></trkpt><trkpt lat="51.325376" lon="-116.191243"><ele>1964.409</ele><time>2026-06-16T18:40:02Z</time></trkpt><trkpt lat="51.325367" lon="-116.191155"><ele>1963.469</ele><time>2026-06-16T18:40:06Z</time></trkpt><trkpt lat="51.325365" lon="-116.191137"><ele>1963.253</ele><time>2026-06-16T18:40:07Z</time></trkpt><trkpt lat="51.325374" lon="-116.190954"><ele>1963.446</ele><time>2026-06-16T18:40:16Z</time></trkpt><trkpt lat="51.325416" lon="-116.190888"><ele>1962.094</ele><time>2026-06-16T18:40:21Z</time></trkpt><trkpt lat="51.325443" lon="-116.190864"><ele>1961.025</ele><time>2026-06-16T18:40:23Z</time></trkpt><trkpt lat="51.325456" lon="-116.19085"><ele>1960.695</ele><time>2026-06-16T18:40:24Z</time></trkpt><trkpt lat="51.325479" lon="-116.190812"><ele>1959.620</ele><time>2026-06-16T18:40:28Z</time></trkpt><trkpt lat="51.325492" lon="-116.190787"><ele>1959.465</ele><time>2026-06-16T18:40:30Z</time></trkpt><trkpt lat="51.325548" lon="-116.190669"><ele>1958.678</ele><time>2026-06-16T18:40:38Z</time></trkpt><trkpt lat="51.325559" lon="-116.190648"><ele>1958.474</ele><time>2026-06-16T18:40:39Z</time></trkpt><trkpt lat="51.325611" lon="-116.190542"><ele>1957.856</ele><time>2026-06-16T18:40:45Z</time></trkpt><trkpt lat="51.325628" lon="-116.190503"><ele>1957.421</ele><time>2026-06-16T18:40:47Z</time></trkpt><trkpt lat="51.325657" lon="-116.190409"><ele>1956.009</ele><time>2026-06-16T18:40:51Z</time></trkpt><trkpt lat="51.325663" lon="-116.190345"><ele>1954.839</ele><time>2026-06-16T18:40:54Z</time></trkpt><trkpt lat="51.32565" lon="-116.190289"><ele>1953.683</ele><time>2026-06-16T18:40:58Z</time></trkpt><trkpt lat="51.325647" lon="-116.19023"><ele>1953.086</ele><time>2026-06-16T18:41:01Z</time></trkpt><trkpt lat="51.325686" lon="-116.19013"><ele>1952.644</ele><time>2026-06-16T18:41:08Z</time></trkpt><trkpt lat="51.325707" lon="-116.190101"><ele>1952.235</ele><time>2026-06-16T18:41:10Z</time></trkpt><trkpt lat="51.325743" lon="-116.190019"><ele>1951.625</ele><time>2026-06-16T18:41:16Z</time></trkpt><trkpt lat="51.325748" lon="-116.190007"><ele>1951.470</ele><time>2026-06-16T18:41:17Z</time></trkpt><trkpt lat="51.325769" lon="-116.189896"><ele>1950.635</ele><time>2026-06-16T18:41:22Z</time></trkpt><trkpt lat="51.325777" lon="-116.189833"><ele>1949.838</ele><time>2026-06-16T18:41:25Z</time></trkpt><trkpt lat="51.325778" lon="-116.189802"><ele>1949.289</ele><time>2026-06-16T18:41:27Z</time></trkpt><trkpt lat="51.325788" lon="-116.189688"><ele>1948.206</ele><time>2026-06-16T18:41:33Z</time></trkpt><trkpt lat="51.32579" lon="-116.189673"><ele>1948.226</ele><time>2026-06-16T18:41:34Z</time></trkpt><trkpt lat="51.325807" lon="-116.18955"><ele>1947.009</ele><time>2026-06-16T18:41:41Z</time></trkpt><trkpt lat="51.325821" lon="-116.189493"><ele>1946.210</ele><time>2026-06-16T18:41:44Z</time></trkpt><trkpt lat="51.325826" lon="-116.18947"><ele>1945.854</ele><time>2026-06-16T18:41:45Z</time></trkpt><trkpt lat="51.32584" lon="-116.189407"><ele>1944.817</ele><time>2026-06-16T18:41:48Z</time></trkpt><trkpt lat="51.325872" lon="-116.189339"><ele>1944.845</ele><time>2026-06-16T18:41:53Z</time></trkpt><trkpt lat="51.325917" lon="-116.189288"><ele>1943.666</ele><time>2026-06-16T18:41:58Z</time></trkpt><trkpt lat="51.325939" lon="-116.189201"><ele>1942.836</ele><time>2026-06-16T18:42:02Z</time></trkpt><trkpt lat="51.325941" lon="-116.189178"><ele>1942.691</ele><time>2026-06-16T18:42:03Z</time></trkpt><trkpt lat="51.32597" lon="-116.189018"><ele>1942.256</ele><time>2026-06-16T18:42:11Z</time></trkpt><trkpt lat="51.325973" lon="-116.188963"><ele>1941.699</ele><time>2026-06-16T18:42:14Z</time></trkpt><trkpt lat="51.325968" lon="-116.188875"><ele>1940.662</ele><time>2026-06-16T18:42:19Z</time></trkpt><trkpt lat="51.325971" lon="-116.188859"><ele>1940.483</ele><time>2026-06-16T18:42:20Z</time></trkpt><trkpt lat="51.325986" lon="-116.188816"><ele>1939.411</ele><time>2026-06-16T18:42:23Z</time></trkpt><trkpt lat="51.326015" lon="-116.188762"><ele>1938.409</ele><time>2026-06-16T18:42:27Z</time></trkpt><trkpt lat="51.326023" lon="-116.18875"><ele>1938.288</ele><time>2026-06-16T18:42:28Z</time></trkpt><trkpt lat="51.326059" lon="-116.188688"><ele>1937.432</ele><time>2026-06-16T18:42:32Z</time></trkpt><trkpt lat="51.326072" lon="-116.188633"><ele>1937.055</ele><time>2026-06-16T18:42:36Z</time></trkpt><trkpt lat="51.326098" lon="-116.188502"><ele>1936.463</ele><time>2026-06-16T18:42:45Z</time></trkpt><trkpt lat="51.326102" lon="-116.188488"><ele>1936.434</ele><time>2026-06-16T18:42:46Z</time></trkpt><trkpt lat="51.32611" lon="-116.188394"><ele>1935.274</ele><time>2026-06-16T18:42:52Z</time></trkpt><trkpt lat="51.32611" lon="-116.188385"><ele>1934.869</ele><time>2026-06-16T18:42:53Z</time></trkpt><trkpt lat="51.326113" lon="-116.188327"><ele>1934.084</ele><time>2026-06-16T18:42:56Z</time></trkpt><trkpt lat="51.326127" lon="-116.188219"><ele>1933.217</ele><time>2026-06-16T18:43:01Z</time></trkpt><trkpt lat="51.326139" lon="-116.188181"><ele>1932.873</ele><time>2026-06-16T18:43:03Z</time></trkpt><trkpt lat="51.326181" lon="-116.188075"><ele>1931.885</ele><time>2026-06-16T18:43:09Z</time></trkpt><trkpt lat="51.32619" lon="-116.188057"><ele>1931.813</ele><time>2026-06-16T18:43:10Z</time></trkpt><trkpt lat="51.326245" lon="-116.187899"><ele>1932.209</ele><time>2026-06-16T18:43:19Z</time></trkpt><trkpt lat="51.326283" lon="-116.187804"><ele>1930.699</ele><time>2026-06-16T18:43:26Z</time></trkpt><trkpt lat="51.326296" lon="-116.187771"><ele>1930.273</ele><time>2026-06-16T18:43:28Z</time></trkpt><trkpt lat="51.326318" lon="-116.187722"><ele>1929.696</ele><time>2026-06-16T18:43:31Z</time></trkpt><trkpt lat="51.326359" lon="-116.187664"><ele>1928.244</ele><time>2026-06-16T18:43:36Z</time></trkpt><trkpt lat="51.326386" lon="-116.18763"><ele>1928.045</ele><time>2026-06-16T18:43:39Z</time></trkpt><trkpt lat="51.326431" lon="-116.187542"><ele>1929.055</ele><time>2026-06-16T18:43:47Z</time></trkpt><trkpt lat="51.326479" lon="-116.187465"><ele>1928.640</ele><time>2026-06-16T18:43:54Z</time></trkpt><trkpt lat="51.32648" lon="-116.187383"><ele>1927.235</ele><time>2026-06-16T18:43:59Z</time></trkpt><trkpt lat="51.326465" lon="-116.187313"><ele>1926.088</ele><time>2026-06-16T18:44:02Z</time></trkpt><trkpt lat="51.326457" lon="-116.187228"><ele>1925.017</ele><time>2026-06-16T18:44:06Z</time></trkpt><trkpt lat="51.32646" lon="-116.187162"><ele>1924.087</ele><time>2026-06-16T18:44:09Z</time></trkpt><trkpt lat="51.326463" lon="-116.187145"><ele>1923.615</ele><time>2026-06-16T18:44:10Z</time></trkpt><trkpt lat="51.326467" lon="-116.187099"><ele>1922.609</ele><time>2026-06-16T18:44:13Z</time></trkpt><trkpt lat="51.326473" lon="-116.187021"><ele>1921.623</ele><time>2026-06-16T18:44:18Z</time></trkpt><trkpt lat="51.326477" lon="-116.186951"><ele>1921.287</ele><time>2026-06-16T18:44:22Z</time></trkpt><trkpt lat="51.326472" lon="-116.186856"><ele>1920.290</ele><time>2026-06-16T18:44:27Z</time></trkpt><trkpt lat="51.326466" lon="-116.186785"><ele>1919.688</ele><time>2026-06-16T18:44:31Z</time></trkpt><trkpt lat="51.326458" lon="-116.186732"><ele>1919.239</ele><time>2026-06-16T18:44:34Z</time></trkpt><trkpt lat="51.326446" lon="-116.186609"><ele>1918.269</ele><time>2026-06-16T18:44:39Z</time></trkpt><trkpt lat="51.326442" lon="-116.186542"><ele>1917.284</ele><time>2026-06-16T18:44:43Z</time></trkpt><trkpt lat="51.32646" lon="-116.186445"><ele>1916.469</ele><time>2026-06-16T18:44:48Z</time></trkpt><trkpt lat="51.326473" lon="-116.186416"><ele>1916.062</ele><time>2026-06-16T18:44:50Z</time></trkpt><trkpt lat="51.326539" lon="-116.186298"><ele>1915.031</ele><time>2026-06-16T18:44:57Z</time></trkpt><trkpt lat="51.326545" lon="-116.18629"><ele>1914.861</ele><time>2026-06-16T18:44:58Z</time></trkpt><trkpt lat="51.326585" lon="-116.186248"><ele>1914.007</ele><time>2026-06-16T18:45:03Z</time></trkpt><trkpt lat="51.326605" lon="-116.1862"><ele>1913.209</ele><time>2026-06-16T18:45:06Z</time></trkpt><trkpt lat="51.326619" lon="-116.186166"><ele>1912.875</ele><time>2026-06-16T18:45:08Z</time></trkpt><trkpt lat="51.326653" lon="-116.186068"><ele>1911.829</ele><time>2026-06-16T18:45:13Z</time></trkpt><trkpt lat="51.326661" lon="-116.186033"><ele>1911.212</ele><time>2026-06-16T18:45:15Z</time></trkpt><trkpt lat="51.326685" lon="-116.185976"><ele>1910.640</ele><time>2026-06-16T18:45:18Z</time></trkpt><trkpt lat="51.326714" lon="-116.185913"><ele>1909.421</ele><time>2026-06-16T18:45:22Z</time></trkpt><trkpt lat="51.326722" lon="-116.185896"><ele>1909.281</ele><time>2026-06-16T18:45:23Z</time></trkpt><trkpt lat="51.326756" lon="-116.185857"><ele>1908.266</ele><time>2026-06-16T18:45:27Z</time></trkpt><trkpt lat="51.326783" lon="-116.185814"><ele>1907.271</ele><time>2026-06-16T18:45:31Z</time></trkpt><trkpt lat="51.326792" lon="-116.1858"><ele>1907.034</ele><time>2026-06-16T18:45:32Z</time></trkpt><trkpt lat="51.326852" lon="-116.185673"><ele>1906.291</ele><time>2026-06-16T18:45:40Z</time></trkpt><trkpt lat="51.326864" lon="-116.18565"><ele>1906.081</ele><time>2026-06-16T18:45:41Z</time></trkpt><trkpt lat="51.326894" lon="-116.185525"><ele>1905.619</ele><time>2026-06-16T18:45:49Z</time></trkpt><trkpt lat="51.326906" lon="-116.185467"><ele>1905.209</ele><time>2026-06-16T18:45:53Z</time></trkpt><trkpt lat="51.326923" lon="-116.185414"><ele>1904.891</ele><time>2026-06-16T18:45:56Z</time></trkpt><trkpt lat="51.326928" lon="-116.185388"><ele>1904.265</ele><time>2026-06-16T18:45:58Z</time></trkpt><trkpt lat="51.326931" lon="-116.18536"><ele>1903.658</ele><time>2026-06-16T18:46:00Z</time></trkpt><trkpt lat="51.326945" lon="-116.185287"><ele>1902.666</ele><time>2026-06-16T18:46:04Z</time></trkpt><trkpt lat="51.326952" lon="-116.185249"><ele>1902.057</ele><time>2026-06-16T18:46:06Z</time></trkpt><trkpt lat="51.326969" lon="-116.185188"><ele>1901.457</ele><time>2026-06-16T18:46:09Z</time></trkpt><trkpt lat="51.326992" lon="-116.185113"><ele>1900.092</ele><time>2026-06-16T18:46:13Z</time></trkpt><trkpt lat="51.327011" lon="-116.185065"><ele>1899.047</ele><time>2026-06-16T18:46:16Z</time></trkpt><trkpt lat="51.327016" lon="-116.18505"><ele>1898.690</ele><time>2026-06-16T18:46:17Z</time></trkpt><trkpt lat="51.327055" lon="-116.184948"><ele>1897.627</ele><time>2026-06-16T18:46:23Z</time></trkpt><trkpt lat="51.327063" lon="-116.184915"><ele>1897.668</ele><time>2026-06-16T18:46:25Z</time></trkpt><trkpt lat="51.327094" lon="-116.184773"><ele>1897.414</ele><time>2026-06-16T18:46:33Z</time></trkpt><trkpt lat="51.327109" lon="-116.184702"><ele>1896.609</ele><time>2026-06-16T18:46:37Z</time></trkpt><trkpt lat="51.32714" lon="-116.184642"><ele>1895.244</ele><time>2026-06-16T18:46:41Z</time></trkpt><trkpt lat="51.327176" lon="-116.184579"><ele>1894.298</ele><time>2026-06-16T18:46:45Z</time></trkpt><trkpt lat="51.327187" lon="-116.184516"><ele>1893.481</ele><time>2026-06-16T18:46:49Z</time></trkpt><trkpt lat="51.327189" lon="-116.184481"><ele>1893.089</ele><time>2026-06-16T18:46:51Z</time></trkpt><trkpt lat="51.327179" lon="-116.184379"><ele>1892.010</ele><time>2026-06-16T18:46:57Z</time></trkpt><trkpt lat="51.327152" lon="-116.184302"><ele>1890.810</ele><time>2026-06-16T18:47:01Z</time></trkpt><trkpt lat="51.32713" lon="-116.184228"><ele>1889.865</ele><time>2026-06-16T18:47:05Z</time></trkpt><trkpt lat="51.327123" lon="-116.184209"><ele>1889.430</ele><time>2026-06-16T18:47:06Z</time></trkpt><trkpt lat="51.327105" lon="-116.184188"><ele>1888.623</ele><time>2026-06-16T18:47:08Z</time></trkpt><trkpt lat="51.327062" lon="-116.184169"><ele>1887.213</ele><time>2026-06-16T18:47:11Z</time></trkpt><trkpt lat="51.327048" lon="-116.184166"><ele>1886.643</ele><time>2026-06-16T18:47:12Z</time></trkpt><trkpt lat="51.327035" lon="-116.184165"><ele>1886.007</ele><time>2026-06-16T18:47:13Z</time></trkpt><trkpt lat="51.327" lon="-116.184162"><ele>1884.809</ele><time>2026-06-16T18:47:16Z</time></trkpt><trkpt lat="51.326949" lon="-116.184157"><ele>1884.263</ele><time>2026-06-16T18:47:20Z</time></trkpt><trkpt lat="51.326902" lon="-116.184118"><ele>1883.817</ele><time>2026-06-16T18:47:24Z</time></trkpt><trkpt lat="51.326879" lon="-116.184112"><ele>1883.450</ele><time>2026-06-16T18:47:26Z</time></trkpt><trkpt lat="51.326837" lon="-116.184099"><ele>1882.838</ele><time>2026-06-16T18:47:29Z</time></trkpt><trkpt lat="51.326764" lon="-116.184098"><ele>1882.089</ele><time>2026-06-16T18:47:34Z</time></trkpt><trkpt lat="51.326739" lon="-116.184094"><ele>1881.639</ele><time>2026-06-16T18:47:36Z</time></trkpt><trkpt lat="51.326688" lon="-116.184079"><ele>1880.634</ele><time>2026-06-16T18:47:41Z</time></trkpt><trkpt lat="51.326675" lon="-116.184068"><ele>1879.839</ele><time>2026-06-16T18:47:43Z</time></trkpt><trkpt lat="51.326669" lon="-116.184062"><ele>1879.682</ele><time>2026-06-16T18:47:44Z</time></trkpt><trkpt lat="51.326655" lon="-116.184022"><ele>1878.421</ele><time>2026-06-16T18:47:48Z</time></trkpt><trkpt lat="51.326662" lon="-116.183999"><ele>1878.041</ele><time>2026-06-16T18:47:50Z</time></trkpt><trkpt lat="51.326664" lon="-116.183983"><ele>1877.805</ele><time>2026-06-16T18:47:51Z</time></trkpt><trkpt lat="51.32668" lon="-116.183911"><ele>1877.209</ele><time>2026-06-16T18:47:54Z</time></trkpt><trkpt lat="51.326702" lon="-116.183821"><ele>1876.014</ele><time>2026-06-16T18:47:59Z</time></trkpt><trkpt lat="51.326741" lon="-116.183686"><ele>1874.828</ele><time>2026-06-16T18:48:06Z</time></trkpt><trkpt lat="51.326743" lon="-116.183673"><ele>1874.631</ele><time>2026-06-16T18:48:07Z</time></trkpt><trkpt lat="51.326765" lon="-116.183582"><ele>1873.829</ele><time>2026-06-16T18:48:15Z</time></trkpt><trkpt lat="51.326802" lon="-116.183515"><ele>1872.650</ele><time>2026-06-16T18:48:21Z</time></trkpt><trkpt lat="51.326801" lon="-116.183507"><ele>1872.020</ele><time>2026-06-16T18:48:23Z</time></trkpt><trkpt lat="51.326789" lon="-116.183506"><ele>1871.865</ele><time>2026-06-16T18:48:25Z</time></trkpt><trkpt lat="51.326719" lon="-116.183473"><ele>1871.860</ele><time>2026-06-16T18:48:30Z</time></trkpt><trkpt lat="51.326703" lon="-116.183468"><ele>1871.223</ele><time>2026-06-16T18:48:32Z</time></trkpt><trkpt lat="51.326678" lon="-116.183483"><ele>1870.856</ele><time>2026-06-16T18:48:35Z</time></trkpt><trkpt lat="51.326663" lon="-116.183503"><ele>1870.659</ele><time>2026-06-16T18:48:37Z</time></trkpt><trkpt lat="51.326643" lon="-116.183522"><ele>1870.214</ele><time>2026-06-16T18:48:40Z</time></trkpt><trkpt lat="51.326592" lon="-116.183568"><ele>1870.609</ele><time>2026-06-16T18:48:45Z</time></trkpt><trkpt lat="51.326584" lon="-116.18359"><ele>1870.037</ele><time>2026-06-16T18:48:54Z</time></trkpt><trkpt lat="51.326605" lon="-116.183576"><ele>1869.671</ele><time>2026-06-16T18:49:02Z</time></trkpt><trkpt lat="51.326601" lon="-116.18358"><ele>1869.614</ele><time>2026-06-16T18:49:06Z</time></trkpt><trkpt lat="51.326599" lon="-116.183582"><ele>1869.862</ele><time>2026-06-16T18:49:09Z</time></trkpt><trkpt lat="51.326595" lon="-116.183582"><ele>1869.843</ele><time>2026-06-16T18:49:12Z</time></trkpt><trkpt lat="51.326633" lon="-116.183533"><ele>1870.493</ele><time>2026-06-16T18:49:20Z</time></trkpt><trkpt lat="51.326709" lon="-116.183463"><ele>1870.828</ele><time>2026-06-16T18:49:29Z</time></trkpt><trkpt lat="51.326774" lon="-116.183428"><ele>1871.293</ele><time>2026-06-16T18:49:35Z</time></trkpt><trkpt lat="51.326777" lon="-116.183427"><ele>1871.446</ele><time>2026-06-16T18:49:36Z</time></trkpt><trkpt lat="51.326797" lon="-116.183457"><ele>1871.858</ele><time>2026-06-16T18:49:42Z</time></trkpt><trkpt lat="51.326805" lon="-116.18348"><ele>1871.652</ele><time>2026-06-16T18:49:47Z</time></trkpt><trkpt lat="51.326805" lon="-116.183489"><ele>1871.417</ele><time>2026-06-16T18:49:50Z</time></trkpt><trkpt lat="51.326826" lon="-116.183452"><ele>1871.609</ele><time>2026-06-16T18:49:59Z</time></trkpt><trkpt lat="51.326805" lon="-116.183463"><ele>1871.427</ele><time>2026-06-16T18:50:08Z</time></trkpt><trkpt lat="51.326835" lon="-116.183504"><ele>1871.621</ele><time>2026-06-16T18:50:17Z</time></trkpt><trkpt lat="51.326857" lon="-116.18351"><ele>1871.694</ele><time>2026-06-16T18:50:27Z</time></trkpt><trkpt lat="51.326874" lon="-116.183435"><ele>1871.022</ele><time>2026-06-16T18:50:35Z</time></trkpt><trkpt lat="51.326928" lon="-116.183339"><ele>1870.613</ele><time>2026-06-16T18:50:43Z</time></trkpt><trkpt lat="51.326934" lon="-116.183316"><ele>1870.813</ele><time>2026-06-16T18:50:51Z</time></trkpt><trkpt lat="51.32698" lon="-116.183242"><ele>1870.868</ele><time>2026-06-16T18:50:59Z</time></trkpt><trkpt lat="51.327029" lon="-116.1832"><ele>1870.873</ele><time>2026-06-16T18:51:06Z</time></trkpt><trkpt lat="51.327067" lon="-116.183136"><ele>1871.076</ele><time>2026-06-16T18:51:14Z</time></trkpt><trkpt lat="51.327069" lon="-116.183128"><ele>1871.237</ele><time>2026-06-16T18:51:15Z</time></trkpt><trkpt lat="51.327083" lon="-116.183066"><ele>1871.049</ele><time>2026-06-16T18:51:22Z</time></trkpt><trkpt lat="51.327095" lon="-116.18302"><ele>1870.813</ele><time>2026-06-16T18:51:31Z</time></trkpt><trkpt lat="51.327096" lon="-116.183031"><ele>1870.809</ele><time>2026-06-16T18:51:34Z</time></trkpt><trkpt lat="51.327102" lon="-116.183001"><ele>1870.455</ele><time>2026-06-16T18:51:40Z</time></trkpt><trkpt lat="51.327106" lon="-116.18299"><ele>1870.269</ele><time>2026-06-16T18:51:41Z</time></trkpt><trkpt lat="51.327166" lon="-116.182883"><ele>1869.452</ele><time>2026-06-16T18:51:49Z</time></trkpt><trkpt lat="51.327159" lon="-116.18287"><ele>1869.410</ele><time>2026-06-16T18:51:56Z</time></trkpt><trkpt lat="51.327166" lon="-116.182866"><ele>1869.661</ele><time>2026-06-16T18:52:06Z</time></trkpt><trkpt lat="51.327175" lon="-116.182875"><ele>1869.431</ele><time>2026-06-16T18:52:11Z</time></trkpt><trkpt lat="51.327178" lon="-116.182872"><ele>1869.496</ele><time>2026-06-16T18:52:15Z</time></trkpt><trkpt lat="51.327204" lon="-116.18282"><ele>1869.451</ele><time>2026-06-16T18:52:22Z</time></trkpt><trkpt lat="51.327199" lon="-116.18279"><ele>1869.674</ele><time>2026-06-16T18:52:28Z</time></trkpt><trkpt lat="51.327219" lon="-116.182689"><ele>1869.699</ele><time>2026-06-16T18:52:35Z</time></trkpt><trkpt lat="51.327226" lon="-116.182613"><ele>1869.207</ele><time>2026-06-16T18:52:40Z</time></trkpt><trkpt lat="51.32723" lon="-116.182586"><ele>1868.827</ele><time>2026-06-16T18:52:43Z</time></trkpt><trkpt lat="51.327258" lon="-116.182498"><ele>1868.609</ele><time>2026-06-16T18:52:51Z</time></trkpt><trkpt lat="51.327269" lon="-116.182412"><ele>1868.441</ele><time>2026-06-16T18:52:56Z</time></trkpt><trkpt lat="51.327261" lon="-116.182365"><ele>1868.215</ele><time>2026-06-16T18:53:00Z</time></trkpt><trkpt lat="51.32726" lon="-116.182349"><ele>1868.038</ele><time>2026-06-16T18:53:02Z</time></trkpt><trkpt lat="51.327267" lon="-116.182358"><ele>1867.866</ele><time>2026-06-16T18:53:09Z</time></trkpt><trkpt lat="51.327276" lon="-116.182447"><ele>1868.277</ele><time>2026-06-16T18:53:15Z</time></trkpt><trkpt lat="51.327307" lon="-116.182474"><ele>1868.487</ele><time>2026-06-16T18:53:21Z</time></trkpt><trkpt lat="51.327354" lon="-116.182431"><ele>1868.872</ele><time>2026-06-16T18:53:28Z</time></trkpt><trkpt lat="51.327368" lon="-116.182407"><ele>1868.827</ele><time>2026-06-16T18:53:30Z</time></trkpt><trkpt lat="51.327441" lon="-116.182304"><ele>1868.430</ele><time>2026-06-16T18:53:38Z</time></trkpt><trkpt lat="51.327428" lon="-116.182208"><ele>1867.298</ele><time>2026-06-16T18:53:45Z</time></trkpt><trkpt lat="51.327423" lon="-116.182199"><ele>1867.015</ele><time>2026-06-16T18:53:46Z</time></trkpt><trkpt lat="51.327423" lon="-116.182198"><ele>1866.626</ele><time>2026-06-16T18:53:50Z</time></trkpt><trkpt lat="51.327415" lon="-116.182186"><ele>1866.409</ele><time>2026-06-16T18:53:56Z</time></trkpt><trkpt lat="51.327418" lon="-116.18218"><ele>1866.491</ele><time>2026-06-16T18:53:58Z</time></trkpt><trkpt lat="51.327414" lon="-116.182188"><ele>1866.455</ele><time>2026-06-16T18:54:00Z</time></trkpt><trkpt lat="51.327416" lon="-116.182177"><ele>1866.878</ele><time>2026-06-16T18:54:03Z</time></trkpt><trkpt lat="51.327429" lon="-116.182204"><ele>1866.626</ele><time>2026-06-16T18:54:09Z</time></trkpt><trkpt lat="51.327423" lon="-116.182226"><ele>1866.427</ele><time>2026-06-16T18:54:15Z</time></trkpt><trkpt lat="51.327419" lon="-116.182176"><ele>1866.247</ele><time>2026-06-16T18:54:23Z</time></trkpt><trkpt lat="51.327429" lon="-116.182164"><ele>1866.462</ele><time>2026-06-16T18:54:31Z</time></trkpt><trkpt lat="51.327408" lon="-116.18215"><ele>1866.097</ele><time>2026-06-16T18:54:35Z</time></trkpt><trkpt lat="51.327408" lon="-116.18215"><ele>1866.410</ele><time>2026-06-16T18:54:42Z</time></trkpt><trkpt lat="51.327397" lon="-116.182133"><ele>1866.832</ele><time>2026-06-16T18:54:53Z</time></trkpt><trkpt lat="51.327418" lon="-116.182138"><ele>1866.892</ele><time>2026-06-16T18:55:04Z</time></trkpt><trkpt lat="51.327425" lon="-116.182174"><ele>1866.611</ele><time>2026-06-16T18:55:09Z</time></trkpt><trkpt lat="51.327431" lon="-116.182187"><ele>1866.409</ele><time>2026-06-16T18:55:13Z</time></trkpt><trkpt lat="51.327432" lon="-116.182145"><ele>1866.445</ele><time>2026-06-16T18:55:22Z</time></trkpt><trkpt lat="51.327432" lon="-116.182166"><ele>1866.059</ele><time>2026-06-16T18:55:29Z</time></trkpt><trkpt lat="51.327394" lon="-116.182265"><ele>1865.872</ele><time>2026-06-16T18:55:37Z</time></trkpt><trkpt lat="51.327366" lon="-116.182292"><ele>1865.270</ele><time>2026-06-16T18:55:44Z</time></trkpt><trkpt lat="51.327366" lon="-116.182266"><ele>1865.421</ele><time>2026-06-16T18:55:51Z</time></trkpt><trkpt lat="51.327372" lon="-116.182308"><ele>1865.451</ele><time>2026-06-16T18:56:00Z</time></trkpt><trkpt lat="51.32737" lon="-116.182317"><ele>1865.016</ele><time>2026-06-16T18:56:04Z</time></trkpt><trkpt lat="51.327367" lon="-116.182329"><ele>1864.621</ele><time>2026-06-16T18:56:09Z</time></trkpt><trkpt lat="51.327364" lon="-116.182337"><ele>1864.464</ele><time>2026-06-16T18:56:11Z</time></trkpt><trkpt lat="51.327381" lon="-116.182324"><ele>1864.226</ele><time>2026-06-16T18:56:16Z</time></trkpt><trkpt lat="51.327387" lon="-116.182306"><ele>1864.047</ele><time>2026-06-16T18:56:23Z</time></trkpt><trkpt lat="51.327367" lon="-116.18233"><ele>1863.811</ele><time>2026-06-16T18:56:32Z</time></trkpt><trkpt lat="51.327366" lon="-116.182329"><ele>1863.809</ele><time>2026-06-16T18:56:34Z</time></trkpt><trkpt lat="51.327361" lon="-116.18232"><ele>1863.214</ele><time>2026-06-16T18:56:42Z</time></trkpt><trkpt lat="51.32736" lon="-116.18232"><ele>1863.268</ele><time>2026-06-16T18:56:44Z</time></trkpt><trkpt lat="51.327363" lon="-116.182317"><ele>1863.691</ele><time>2026-06-16T18:56:48Z</time></trkpt><trkpt lat="51.327363" lon="-116.182297"><ele>1864.029</ele><time>2026-06-16T18:57:03Z</time></trkpt><trkpt lat="51.327366" lon="-116.182279"><ele>1864.050</ele><time>2026-06-16T18:57:05Z</time></trkpt><trkpt lat="51.327357" lon="-116.18229"><ele>1864.030</ele><time>2026-06-16T18:57:14Z</time></trkpt><trkpt lat="51.327357" lon="-116.18229"><ele>1863.825</ele><time>2026-06-16T18:57:23Z</time></trkpt><trkpt lat="51.327357" lon="-116.18229"><ele>1863.870</ele><time>2026-06-16T18:57:26Z</time></trkpt><trkpt lat="51.327357" lon="-116.18229"><ele>1863.623</ele><time>2026-06-16T18:57:34Z</time></trkpt><trkpt lat="51.327357" lon="-116.18229"><ele>1863.637</ele><time>2026-06-16T18:57:36Z</time></trkpt><trkpt lat="51.327357" lon="-116.18229"><ele>1863.849</ele><time>2026-06-16T18:57:41Z</time></trkpt><trkpt lat="51.327357" lon="-116.18229"><ele>1863.813</ele><time>2026-06-16T18:57:46Z</time></trkpt><trkpt lat="51.327357" lon="-116.18229"><ele>1863.609</ele><time>2026-06-16T18:57:48Z</time></trkpt><trkpt lat="51.327357" lon="-116.18229"><ele>1863.625</ele><time>2026-06-16T18:57:49Z</time></trkpt><trkpt lat="51.327357" lon="-116.18229"><ele>1863.269</ele><time>2026-06-16T18:57:56Z</time></trkpt><trkpt lat="51.327357" lon="-116.18229"><ele>1863.222</ele><time>2026-06-16T18:57:58Z</time></trkpt><trkpt lat="51.327345" lon="-116.182286"><ele>1863.420</ele><time>2026-06-16T18:58:09Z</time></trkpt></trkseg></trk></gpx>