<?xml version="1.0" encoding="UTF-8"?><gpx creator="Wikiloc - http://www.wikiloc.com" version="1.1" xmlns="http://www.topografix.com/GPX/1/1" xmlns:xsi="http://www.w3.org/2001/XMLSchema-instance" xsi:schemaLocation="http://www.topografix.com/GPX/1/1 http://www.topografix.com/GPX/1/1/gpx.xsd"><trk><name><![CDATA[Banff National Park: Lake Minnewanka - Steward Canyon]]></name><cmt><![CDATA[Anthracite]]></cmt><desc><![CDATA[Anthracite]]></desc><trkseg><trkpt lat="51.248143" lon="-115.500136"><ele>1487.887</ele><time>2026-06-24T16:16:15Z</time></trkpt><trkpt lat="51.24814" lon="-115.500164"><ele>1487.442</ele><time>2026-06-24T16:16:17Z</time></trkpt><trkpt lat="51.248104" lon="-115.500149"><ele>1487.026</ele><time>2026-06-24T16:16:21Z</time></trkpt><trkpt lat="51.248047" lon="-115.500136"><ele>1486.409</ele><time>2026-06-24T16:16:28Z</time></trkpt><trkpt lat="51.248028" lon="-115.500131"><ele>1486.420</ele><time>2026-06-24T16:16:29Z</time></trkpt><trkpt lat="51.247971" lon="-115.50012"><ele>1485.895</ele><time>2026-06-24T16:16:34Z</time></trkpt><trkpt lat="51.247946" lon="-115.500151"><ele>1485.688</ele><time>2026-06-24T16:16:38Z</time></trkpt><trkpt lat="51.247928" lon="-115.500168"><ele>1485.817</ele><time>2026-06-24T16:16:42Z</time></trkpt><trkpt lat="51.247923" lon="-115.500173"><ele>1485.816</ele><time>2026-06-24T16:16:46Z</time></trkpt><trkpt lat="51.24792" lon="-115.500171"><ele>1485.846</ele><time>2026-06-24T16:16:49Z</time></trkpt><trkpt lat="51.247927" lon="-115.500156"><ele>1485.831</ele><time>2026-06-24T16:16:56Z</time></trkpt><trkpt lat="51.247925" lon="-115.500157"><ele>1485.819</ele><time>2026-06-24T16:16:58Z</time></trkpt><trkpt lat="51.247926" lon="-115.500167"><ele>1485.635</ele><time>2026-06-24T16:17:04Z</time></trkpt><trkpt lat="51.247928" lon="-115.50017"><ele>1485.653</ele><time>2026-06-24T16:17:06Z</time></trkpt><trkpt lat="51.247915" lon="-115.500157"><ele>1485.804</ele><time>2026-06-24T16:17:18Z</time></trkpt><trkpt lat="51.247875" lon="-115.500111"><ele>1485.814</ele><time>2026-06-24T16:17:23Z</time></trkpt><trkpt lat="51.247864" lon="-115.499982"><ele>1486.209</ele><time>2026-06-24T16:17:30Z</time></trkpt><trkpt lat="51.247852" lon="-115.49986"><ele>1485.627</ele><time>2026-06-24T16:17:37Z</time></trkpt><trkpt lat="51.247832" lon="-115.499695"><ele>1485.842</ele><time>2026-06-24T16:17:46Z</time></trkpt><trkpt lat="51.247833" lon="-115.499579"><ele>1486.015</ele><time>2026-06-24T16:17:52Z</time></trkpt><trkpt lat="51.247833" lon="-115.49956"><ele>1486.014</ele><time>2026-06-24T16:17:53Z</time></trkpt><trkpt lat="51.247846" lon="-115.499349"><ele>1485.643</ele><time>2026-06-24T16:18:03Z</time></trkpt><trkpt lat="51.247878" lon="-115.499224"><ele>1485.493</ele><time>2026-06-24T16:18:10Z</time></trkpt><trkpt lat="51.247916" lon="-115.499064"><ele>1485.448</ele><time>2026-06-24T16:18:19Z</time></trkpt><trkpt lat="51.247945" lon="-115.499016"><ele>1485.226</ele><time>2026-06-24T16:18:23Z</time></trkpt><trkpt lat="51.247974" lon="-115.498941"><ele>1485.432</ele><time>2026-06-24T16:18:28Z</time></trkpt><trkpt lat="51.24802" lon="-115.498814"><ele>1485.439</ele><time>2026-06-24T16:18:36Z</time></trkpt><trkpt lat="51.248056" lon="-115.498684"><ele>1485.201</ele><time>2026-06-24T16:18:42Z</time></trkpt><trkpt lat="51.248099" lon="-115.498558"><ele>1485.021</ele><time>2026-06-24T16:18:49Z</time></trkpt><trkpt lat="51.24815" lon="-115.498425"><ele>1484.809</ele><time>2026-06-24T16:18:57Z</time></trkpt><trkpt lat="51.248174" lon="-115.498298"><ele>1484.665</ele><time>2026-06-24T16:19:04Z</time></trkpt><trkpt lat="51.248177" lon="-115.498278"><ele>1484.690</ele><time>2026-06-24T16:19:05Z</time></trkpt><trkpt lat="51.248203" lon="-115.498119"><ele>1484.453</ele><time>2026-06-24T16:19:13Z</time></trkpt><trkpt lat="51.248231" lon="-115.497955"><ele>1484.462</ele><time>2026-06-24T16:19:21Z</time></trkpt><trkpt lat="51.248228" lon="-115.497936"><ele>1484.271</ele><time>2026-06-24T16:19:22Z</time></trkpt><trkpt lat="51.248228" lon="-115.497819"><ele>1484.071</ele><time>2026-06-24T16:19:28Z</time></trkpt><trkpt lat="51.248207" lon="-115.497602"><ele>1483.876</ele><time>2026-06-24T16:19:38Z</time></trkpt><trkpt lat="51.248165" lon="-115.497459"><ele>1483.684</ele><time>2026-06-24T16:19:46Z</time></trkpt><trkpt lat="51.248188" lon="-115.497317"><ele>1483.410</ele><time>2026-06-24T16:19:53Z</time></trkpt><trkpt lat="51.248214" lon="-115.497172"><ele>1483.461</ele><time>2026-06-24T16:20:00Z</time></trkpt><trkpt lat="51.248217" lon="-115.497153"><ele>1483.421</ele><time>2026-06-24T16:20:01Z</time></trkpt><trkpt lat="51.248221" lon="-115.497133"><ele>1483.413</ele><time>2026-06-24T16:20:02Z</time></trkpt><trkpt lat="51.248224" lon="-115.497008"><ele>1483.409</ele><time>2026-06-24T16:20:09Z</time></trkpt><trkpt lat="51.248222" lon="-115.496847"><ele>1483.428</ele><time>2026-06-24T16:20:17Z</time></trkpt><trkpt lat="51.248259" lon="-115.496723"><ele>1483.473</ele><time>2026-06-24T16:20:24Z</time></trkpt><trkpt lat="51.248308" lon="-115.496606"><ele>1483.496</ele><time>2026-06-24T16:20:31Z</time></trkpt><trkpt lat="51.248351" lon="-115.496492"><ele>1483.265</ele><time>2026-06-24T16:20:38Z</time></trkpt><trkpt lat="51.248411" lon="-115.496414"><ele>1483.044</ele><time>2026-06-24T16:20:45Z</time></trkpt><trkpt lat="51.248419" lon="-115.4964"><ele>1483.054</ele><time>2026-06-24T16:20:46Z</time></trkpt><trkpt lat="51.248471" lon="-115.496323"><ele>1483.039</ele><time>2026-06-24T16:20:52Z</time></trkpt><trkpt lat="51.248538" lon="-115.496273"><ele>1483.417</ele><time>2026-06-24T16:20:58Z</time></trkpt><trkpt lat="51.248627" lon="-115.496146"><ele>1482.883</ele><time>2026-06-24T16:21:07Z</time></trkpt><trkpt lat="51.248691" lon="-115.496041"><ele>1482.829</ele><time>2026-06-24T16:21:15Z</time></trkpt><trkpt lat="51.24876" lon="-115.495952"><ele>1482.400</ele><time>2026-06-24T16:21:23Z</time></trkpt><trkpt lat="51.248789" lon="-115.495923"><ele>1482.220</ele><time>2026-06-24T16:21:26Z</time></trkpt><trkpt lat="51.248835" lon="-115.495868"><ele>1481.809</ele><time>2026-06-24T16:21:31Z</time></trkpt><trkpt lat="51.248921" lon="-115.495802"><ele>1481.864</ele><time>2026-06-24T16:21:39Z</time></trkpt><trkpt lat="51.248988" lon="-115.495776"><ele>1482.099</ele><time>2026-06-24T16:21:46Z</time></trkpt><trkpt lat="51.249102" lon="-115.495748"><ele>1482.282</ele><time>2026-06-24T16:21:55Z</time></trkpt><trkpt lat="51.249191" lon="-115.495722"><ele>1482.031</ele><time>2026-06-24T16:22:03Z</time></trkpt><trkpt lat="51.249265" lon="-115.495689"><ele>1481.880</ele><time>2026-06-24T16:22:10Z</time></trkpt><trkpt lat="51.24937" lon="-115.495706"><ele>1481.630</ele><time>2026-06-24T16:22:19Z</time></trkpt><trkpt lat="51.249485" lon="-115.49574"><ele>1481.625</ele><time>2026-06-24T16:22:29Z</time></trkpt><trkpt lat="51.249625" lon="-115.495763"><ele>1481.813</ele><time>2026-06-24T16:22:41Z</time></trkpt><trkpt lat="51.24968" lon="-115.495826"><ele>1481.819</ele><time>2026-06-24T16:22:47Z</time></trkpt><trkpt lat="51.249689" lon="-115.49584"><ele>1481.811</ele><time>2026-06-24T16:22:48Z</time></trkpt><trkpt lat="51.249713" lon="-115.495899"><ele>1482.021</ele><time>2026-06-24T16:22:52Z</time></trkpt><trkpt lat="51.249729" lon="-115.495963"><ele>1482.003</ele><time>2026-06-24T16:22:56Z</time></trkpt><trkpt lat="51.249791" lon="-115.4961"><ele>1482.409</ele><time>2026-06-24T16:23:04Z</time></trkpt><trkpt lat="51.2499" lon="-115.49615"><ele>1482.493</ele><time>2026-06-24T16:23:12Z</time></trkpt><trkpt lat="51.25002" lon="-115.496112"><ele>1482.288</ele><time>2026-06-24T16:23:21Z</time></trkpt><trkpt lat="51.250085" lon="-115.49612"><ele>1482.211</ele><time>2026-06-24T16:23:27Z</time></trkpt><trkpt lat="51.250203" lon="-115.496123"><ele>1482.290</ele><time>2026-06-24T16:23:36Z</time></trkpt><trkpt lat="51.250314" lon="-115.496134"><ele>1482.469</ele><time>2026-06-24T16:23:45Z</time></trkpt><trkpt lat="51.250388" lon="-115.496117"><ele>1482.439</ele><time>2026-06-24T16:23:51Z</time></trkpt><trkpt lat="51.250423" lon="-115.496112"><ele>1482.294</ele><time>2026-06-24T16:23:55Z</time></trkpt><trkpt lat="51.250501" lon="-115.496094"><ele>1482.082</ele><time>2026-06-24T16:24:02Z</time></trkpt><trkpt lat="51.250514" lon="-115.496089"><ele>1482.068</ele><time>2026-06-24T16:24:03Z</time></trkpt><trkpt lat="51.250538" lon="-115.496085"><ele>1482.066</ele><time>2026-06-24T16:24:05Z</time></trkpt><trkpt lat="51.25063" lon="-115.496105"><ele>1482.029</ele><time>2026-06-24T16:24:12Z</time></trkpt><trkpt lat="51.250739" lon="-115.49616"><ele>1481.621</ele><time>2026-06-24T16:24:23Z</time></trkpt><trkpt lat="51.250812" lon="-115.496207"><ele>1481.409</ele><time>2026-06-24T16:24:31Z</time></trkpt><trkpt lat="51.250801" lon="-115.496198"><ele>1481.418</ele><time>2026-06-24T16:24:37Z</time></trkpt><trkpt lat="51.250886" lon="-115.49618"><ele>1481.423</ele><time>2026-06-24T16:24:44Z</time></trkpt><trkpt lat="51.250913" lon="-115.496137"><ele>1481.016</ele><time>2026-06-24T16:24:49Z</time></trkpt><trkpt lat="51.250915" lon="-115.49613"><ele>1481.055</ele><time>2026-06-24T16:24:50Z</time></trkpt><trkpt lat="51.250952" lon="-115.496039"><ele>1480.434</ele><time>2026-06-24T16:24:57Z</time></trkpt><trkpt lat="51.250956" lon="-115.495961"><ele>1480.014</ele><time>2026-06-24T16:25:03Z</time></trkpt><trkpt lat="51.250947" lon="-115.495958"><ele>1479.879</ele><time>2026-06-24T16:25:04Z</time></trkpt><trkpt lat="51.250916" lon="-115.495928"><ele>1479.867</ele><time>2026-06-24T16:25:09Z</time></trkpt><trkpt lat="51.250933" lon="-115.495936"><ele>1480.093</ele><time>2026-06-24T16:25:18Z</time></trkpt><trkpt lat="51.251013" lon="-115.495892"><ele>1479.658</ele><time>2026-06-24T16:25:24Z</time></trkpt><trkpt lat="51.251028" lon="-115.495877"><ele>1479.652</ele><time>2026-06-24T16:25:25Z</time></trkpt><trkpt lat="51.251107" lon="-115.495812"><ele>1479.817</ele><time>2026-06-24T16:25:32Z</time></trkpt><trkpt lat="51.251185" lon="-115.495754"><ele>1480.409</ele><time>2026-06-24T16:25:39Z</time></trkpt><trkpt lat="51.251222" lon="-115.49571"><ele>1480.697</ele><time>2026-06-24T16:25:43Z</time></trkpt><trkpt lat="51.251229" lon="-115.495705"><ele>1480.862</ele><time>2026-06-24T16:25:44Z</time></trkpt><trkpt lat="51.251236" lon="-115.4957"><ele>1480.885</ele><time>2026-06-24T16:25:45Z</time></trkpt><trkpt lat="51.251244" lon="-115.495695"><ele>1480.864</ele><time>2026-06-24T16:25:46Z</time></trkpt><trkpt lat="51.25132" lon="-115.495674"><ele>1481.673</ele><time>2026-06-24T16:25:53Z</time></trkpt><trkpt lat="51.25133" lon="-115.495667"><ele>1481.863</ele><time>2026-06-24T16:25:54Z</time></trkpt><trkpt lat="51.251367" lon="-115.495615"><ele>1482.468</ele><time>2026-06-24T16:25:58Z</time></trkpt><trkpt lat="51.251387" lon="-115.495584"><ele>1482.826</ele><time>2026-06-24T16:26:01Z</time></trkpt><trkpt lat="51.251394" lon="-115.495571"><ele>1482.812</ele><time>2026-06-24T16:26:02Z</time></trkpt><trkpt lat="51.251429" lon="-115.495506"><ele>1483.241</ele><time>2026-06-24T16:26:07Z</time></trkpt><trkpt lat="51.251445" lon="-115.49548"><ele>1483.481</ele><time>2026-06-24T16:26:09Z</time></trkpt><trkpt lat="51.251498" lon="-115.495379"><ele>1483.409</ele><time>2026-06-24T16:26:16Z</time></trkpt><trkpt lat="51.251554" lon="-115.495273"><ele>1483.209</ele><time>2026-06-24T16:26:23Z</time></trkpt><trkpt lat="51.251651" lon="-115.495152"><ele>1483.486</ele><time>2026-06-24T16:26:33Z</time></trkpt><trkpt lat="51.251735" lon="-115.495095"><ele>1483.481</ele><time>2026-06-24T16:26:41Z</time></trkpt><trkpt lat="51.251837" lon="-115.495021"><ele>1483.664</ele><time>2026-06-24T16:26:49Z</time></trkpt><trkpt lat="51.251927" lon="-115.494958"><ele>1483.833</ele><time>2026-06-24T16:26:57Z</time></trkpt><trkpt lat="51.251994" lon="-115.494945"><ele>1483.812</ele><time>2026-06-24T16:27:05Z</time></trkpt><trkpt lat="51.252087" lon="-115.494898"><ele>1484.412</ele><time>2026-06-24T16:27:12Z</time></trkpt><trkpt lat="51.25221" lon="-115.494842"><ele>1484.857</ele><time>2026-06-24T16:27:22Z</time></trkpt><trkpt lat="51.252265" lon="-115.494821"><ele>1485.075</ele><time>2026-06-24T16:27:28Z</time></trkpt><trkpt lat="51.252285" lon="-115.494811"><ele>1485.021</ele><time>2026-06-24T16:27:30Z</time></trkpt><trkpt lat="51.252375" lon="-115.494797"><ele>1485.229</ele><time>2026-06-24T16:27:38Z</time></trkpt><trkpt lat="51.252471" lon="-115.494813"><ele>1485.600</ele><time>2026-06-24T16:27:47Z</time></trkpt><trkpt lat="51.252511" lon="-115.494831"><ele>1486.020</ele><time>2026-06-24T16:27:51Z</time></trkpt><trkpt lat="51.252571" lon="-115.494869"><ele>1486.209</ele><time>2026-06-24T16:27:56Z</time></trkpt><trkpt lat="51.252638" lon="-115.494917"><ele>1486.484</ele><time>2026-06-24T16:28:04Z</time></trkpt><trkpt lat="51.252697" lon="-115.494985"><ele>1486.449</ele><time>2026-06-24T16:28:12Z</time></trkpt><trkpt lat="51.252734" lon="-115.494991"><ele>1486.452</ele><time>2026-06-24T16:28:21Z</time></trkpt><trkpt lat="51.252702" lon="-115.494994"><ele>1486.421</ele><time>2026-06-24T16:28:31Z</time></trkpt><trkpt lat="51.252767" lon="-115.494976"><ele>1486.430</ele><time>2026-06-24T16:28:36Z</time></trkpt><trkpt lat="51.252865" lon="-115.494979"><ele>1486.680</ele><time>2026-06-24T16:28:44Z</time></trkpt><trkpt lat="51.252989" lon="-115.494991"><ele>1486.445</ele><time>2026-06-24T16:28:54Z</time></trkpt><trkpt lat="51.253132" lon="-115.495042"><ele>1485.483</ele><time>2026-06-24T16:29:04Z</time></trkpt><trkpt lat="51.253243" lon="-115.495086"><ele>1485.869</ele><time>2026-06-24T16:29:14Z</time></trkpt><trkpt lat="51.253312" lon="-115.495113"><ele>1486.621</ele><time>2026-06-24T16:29:19Z</time></trkpt><trkpt lat="51.253341" lon="-115.495132"><ele>1487.041</ele><time>2026-06-24T16:29:21Z</time></trkpt><trkpt lat="51.253357" lon="-115.495132"><ele>1487.605</ele><time>2026-06-24T16:29:23Z</time></trkpt><trkpt lat="51.253434" lon="-115.495129"><ele>1487.409</ele><time>2026-06-24T16:29:32Z</time></trkpt><trkpt lat="51.253473" lon="-115.495169"><ele>1487.094</ele><time>2026-06-24T16:29:38Z</time></trkpt><trkpt lat="51.253543" lon="-115.49522"><ele>1487.029</ele><time>2026-06-24T16:29:45Z</time></trkpt><trkpt lat="51.253569" lon="-115.495231"><ele>1487.022</ele><time>2026-06-24T16:29:47Z</time></trkpt><trkpt lat="51.25366" lon="-115.495275"><ele>1486.691</ele><time>2026-06-24T16:29:53Z</time></trkpt><trkpt lat="51.253765" lon="-115.495318"><ele>1486.680</ele><time>2026-06-24T16:30:02Z</time></trkpt><trkpt lat="51.253791" lon="-115.495335"><ele>1487.020</ele><time>2026-06-24T16:30:06Z</time></trkpt><trkpt lat="51.253835" lon="-115.495356"><ele>1487.015</ele><time>2026-06-24T16:30:10Z</time></trkpt><trkpt lat="51.253955" lon="-115.495385"><ele>1487.223</ele><time>2026-06-24T16:30:21Z</time></trkpt><trkpt lat="51.254046" lon="-115.495402"><ele>1488.259</ele><time>2026-06-24T16:30:31Z</time></trkpt><trkpt lat="51.254093" lon="-115.495431"><ele>1489.271</ele><time>2026-06-24T16:30:38Z</time></trkpt><trkpt lat="51.254114" lon="-115.495435"><ele>1489.441</ele><time>2026-06-24T16:30:40Z</time></trkpt><trkpt lat="51.254162" lon="-115.495438"><ele>1490.015</ele><time>2026-06-24T16:30:45Z</time></trkpt><trkpt lat="51.254187" lon="-115.495431"><ele>1490.209</ele><time>2026-06-24T16:30:48Z</time></trkpt><trkpt lat="51.254198" lon="-115.495425"><ele>1490.459</ele><time>2026-06-24T16:30:49Z</time></trkpt><trkpt lat="51.254248" lon="-115.495378"><ele>1490.884</ele><time>2026-06-24T16:30:57Z</time></trkpt><trkpt lat="51.25426" lon="-115.495366"><ele>1490.867</ele><time>2026-06-24T16:31:01Z</time></trkpt><trkpt lat="51.254294" lon="-115.495349"><ele>1490.226</ele><time>2026-06-24T16:31:06Z</time></trkpt><trkpt lat="51.254331" lon="-115.495336"><ele>1489.255</ele><time>2026-06-24T16:31:10Z</time></trkpt><trkpt lat="51.254362" lon="-115.495336"><ele>1488.435</ele><time>2026-06-24T16:31:13Z</time></trkpt><trkpt lat="51.254382" lon="-115.495331"><ele>1488.010</ele><time>2026-06-24T16:31:15Z</time></trkpt><trkpt lat="51.254464" lon="-115.495278"><ele>1487.218</ele><time>2026-06-24T16:31:23Z</time></trkpt><trkpt lat="51.254478" lon="-115.495268"><ele>1487.054</ele><time>2026-06-24T16:31:25Z</time></trkpt><trkpt lat="51.254556" lon="-115.495246"><ele>1486.018</ele><time>2026-06-24T16:31:32Z</time></trkpt><trkpt lat="51.254573" lon="-115.495247"><ele>1486.098</ele><time>2026-06-24T16:31:34Z</time></trkpt><trkpt lat="51.254635" lon="-115.495284"><ele>1486.417</ele><time>2026-06-24T16:31:40Z</time></trkpt><trkpt lat="51.254655" lon="-115.49529"><ele>1486.409</ele><time>2026-06-24T16:31:42Z</time></trkpt><trkpt lat="51.254747" lon="-115.495276"><ele>1486.273</ele><time>2026-06-24T16:31:50Z</time></trkpt><trkpt lat="51.254755" lon="-115.495276"><ele>1486.228</ele><time>2026-06-24T16:31:51Z</time></trkpt><trkpt lat="51.254858" lon="-115.495277"><ele>1486.491</ele><time>2026-06-24T16:32:01Z</time></trkpt><trkpt lat="51.254914" lon="-115.495252"><ele>1487.090</ele><time>2026-06-24T16:32:08Z</time></trkpt><trkpt lat="51.254926" lon="-115.495238"><ele>1487.289</ele><time>2026-06-24T16:32:10Z</time></trkpt><trkpt lat="51.254979" lon="-115.495166"><ele>1487.879</ele><time>2026-06-24T16:32:18Z</time></trkpt><trkpt lat="51.255024" lon="-115.495138"><ele>1488.044</ele><time>2026-06-24T16:32:23Z</time></trkpt><trkpt lat="51.255046" lon="-115.495121"><ele>1488.452</ele><time>2026-06-24T16:32:26Z</time></trkpt><trkpt lat="51.25509" lon="-115.495109"><ele>1489.018</ele><time>2026-06-24T16:32:32Z</time></trkpt><trkpt lat="51.255093" lon="-115.495083"><ele>1488.646</ele><time>2026-06-24T16:32:40Z</time></trkpt><trkpt lat="51.255091" lon="-115.495073"><ele>1488.688</ele><time>2026-06-24T16:32:52Z</time></trkpt><trkpt lat="51.25512" lon="-115.495057"><ele>1488.616</ele><time>2026-06-24T16:32:58Z</time></trkpt><trkpt lat="51.255133" lon="-115.495051"><ele>1488.409</ele><time>2026-06-24T16:32:59Z</time></trkpt><trkpt lat="51.255216" lon="-115.495021"><ele>1488.296</ele><time>2026-06-24T16:33:05Z</time></trkpt><trkpt lat="51.255319" lon="-115.494991"><ele>1487.811</ele><time>2026-06-24T16:33:14Z</time></trkpt><trkpt lat="51.255422" lon="-115.494938"><ele>1486.884</ele><time>2026-06-24T16:33:23Z</time></trkpt><trkpt lat="51.255423" lon="-115.494784"><ele>1486.053</ele><time>2026-06-24T16:33:30Z</time></trkpt><trkpt lat="51.255387" lon="-115.494667"><ele>1487.032</ele><time>2026-06-24T16:33:36Z</time></trkpt><trkpt lat="51.25539" lon="-115.494583"><ele>1487.252</ele><time>2026-06-24T16:33:43Z</time></trkpt><trkpt lat="51.255427" lon="-115.494502"><ele>1487.467</ele><time>2026-06-24T16:33:50Z</time></trkpt><trkpt lat="51.255472" lon="-115.494471"><ele>1488.035</ele><time>2026-06-24T16:33:55Z</time></trkpt><trkpt lat="51.2555" lon="-115.494454"><ele>1488.481</ele><time>2026-06-24T16:33:59Z</time></trkpt><trkpt lat="51.255546" lon="-115.494424"><ele>1488.645</ele><time>2026-06-24T16:34:04Z</time></trkpt><trkpt lat="51.255562" lon="-115.494414"><ele>1488.847</ele><time>2026-06-24T16:34:06Z</time></trkpt><trkpt lat="51.255574" lon="-115.494408"><ele>1488.811</ele><time>2026-06-24T16:34:07Z</time></trkpt><trkpt lat="51.255591" lon="-115.494394"><ele>1489.009</ele><time>2026-06-24T16:34:09Z</time></trkpt><trkpt lat="51.255624" lon="-115.494383"><ele>1489.426</ele><time>2026-06-24T16:34:13Z</time></trkpt><trkpt lat="51.255698" lon="-115.494345"><ele>1489.221</ele><time>2026-06-24T16:34:21Z</time></trkpt><trkpt lat="51.255772" lon="-115.494248"><ele>1488.284</ele><time>2026-06-24T16:34:29Z</time></trkpt><trkpt lat="51.255819" lon="-115.494124"><ele>1489.083</ele><time>2026-06-24T16:34:38Z</time></trkpt><trkpt lat="51.25588" lon="-115.49406"><ele>1489.092</ele><time>2026-06-24T16:34:45Z</time></trkpt><trkpt lat="51.255964" lon="-115.494007"><ele>1489.412</ele><time>2026-06-24T16:34:55Z</time></trkpt><trkpt lat="51.256064" lon="-115.49397"><ele>1490.067</ele><time>2026-06-24T16:35:04Z</time></trkpt><trkpt lat="51.256077" lon="-115.493965"><ele>1490.025</ele><time>2026-06-24T16:35:05Z</time></trkpt><trkpt lat="51.256136" lon="-115.493912"><ele>1490.691</ele><time>2026-06-24T16:35:13Z</time></trkpt><trkpt lat="51.256192" lon="-115.493884"><ele>1490.619</ele><time>2026-06-24T16:35:20Z</time></trkpt><trkpt lat="51.25626" lon="-115.493868"><ele>1490.409</ele><time>2026-06-24T16:35:27Z</time></trkpt><trkpt lat="51.256342" lon="-115.493801"><ele>1489.819</ele><time>2026-06-24T16:35:35Z</time></trkpt><trkpt lat="51.256369" lon="-115.493779"><ele>1489.809</ele><time>2026-06-24T16:35:39Z</time></trkpt><trkpt lat="51.256427" lon="-115.493775"><ele>1490.453</ele><time>2026-06-24T16:35:44Z</time></trkpt><trkpt lat="51.256443" lon="-115.493791"><ele>1490.898</ele><time>2026-06-24T16:35:47Z</time></trkpt><trkpt lat="51.256459" lon="-115.4938"><ele>1491.091</ele><time>2026-06-24T16:35:49Z</time></trkpt><trkpt lat="51.256479" lon="-115.493824"><ele>1491.440</ele><time>2026-06-24T16:35:52Z</time></trkpt><trkpt lat="51.256498" lon="-115.493831"><ele>1491.619</ele><time>2026-06-24T16:35:54Z</time></trkpt><trkpt lat="51.256538" lon="-115.493852"><ele>1492.269</ele><time>2026-06-24T16:35:59Z</time></trkpt><trkpt lat="51.256574" lon="-115.493856"><ele>1492.654</ele><time>2026-06-24T16:36:02Z</time></trkpt><trkpt lat="51.256601" lon="-115.493866"><ele>1492.632</ele><time>2026-06-24T16:36:06Z</time></trkpt><trkpt lat="51.256633" lon="-115.493889"><ele>1493.038</ele><time>2026-06-24T16:36:11Z</time></trkpt><trkpt lat="51.256651" lon="-115.493889"><ele>1493.213</ele><time>2026-06-24T16:36:13Z</time></trkpt><trkpt lat="51.256702" lon="-115.493917"><ele>1493.643</ele><time>2026-06-24T16:36:19Z</time></trkpt><trkpt lat="51.256783" lon="-115.493973"><ele>1494.007</ele><time>2026-06-24T16:36:29Z</time></trkpt><trkpt lat="51.25682" lon="-115.493984"><ele>1493.809</ele><time>2026-06-24T16:36:33Z</time></trkpt><trkpt lat="51.256873" lon="-115.493966"><ele>1493.423</ele><time>2026-06-24T16:36:37Z</time></trkpt><trkpt lat="51.256994" lon="-115.493952"><ele>1492.848</ele><time>2026-06-24T16:36:47Z</time></trkpt><trkpt lat="51.257085" lon="-115.493959"><ele>1493.241</ele><time>2026-06-24T16:36:55Z</time></trkpt><trkpt lat="51.257189" lon="-115.493969"><ele>1492.430</ele><time>2026-06-24T16:37:03Z</time></trkpt><trkpt lat="51.25723" lon="-115.49398"><ele>1492.499</ele><time>2026-06-24T16:37:07Z</time></trkpt><trkpt lat="51.257261" lon="-115.493974"><ele>1492.489</ele><time>2026-06-24T16:37:10Z</time></trkpt><trkpt lat="51.257326" lon="-115.493996"><ele>1492.624</ele><time>2026-06-24T16:37:18Z</time></trkpt><trkpt lat="51.257396" lon="-115.494025"><ele>1493.692</ele><time>2026-06-24T16:37:27Z</time></trkpt><trkpt lat="51.257486" lon="-115.494062"><ele>1494.028</ele><time>2026-06-24T16:37:37Z</time></trkpt><trkpt lat="51.257561" lon="-115.494094"><ele>1493.872</ele><time>2026-06-24T16:37:45Z</time></trkpt><trkpt lat="51.257673" lon="-115.494074"><ele>1493.013</ele><time>2026-06-24T16:37:55Z</time></trkpt><trkpt lat="51.257713" lon="-115.494088"><ele>1492.614</ele><time>2026-06-24T16:38:00Z</time></trkpt><trkpt lat="51.257739" lon="-115.494096"><ele>1492.409</ele><time>2026-06-24T16:38:03Z</time></trkpt><trkpt lat="51.257791" lon="-115.494106"><ele>1492.089</ele><time>2026-06-24T16:38:07Z</time></trkpt><trkpt lat="51.257884" lon="-115.494111"><ele>1491.434</ele><time>2026-06-24T16:38:14Z</time></trkpt><trkpt lat="51.257954" lon="-115.494158"><ele>1491.637</ele><time>2026-06-24T16:38:22Z</time></trkpt><trkpt lat="51.258063" lon="-115.494195"><ele>1491.456</ele><time>2026-06-24T16:38:32Z</time></trkpt><trkpt lat="51.258203" lon="-115.494209"><ele>1491.295</ele><time>2026-06-24T16:38:43Z</time></trkpt><trkpt lat="51.258244" lon="-115.494227"><ele>1491.025</ele><time>2026-06-24T16:38:47Z</time></trkpt><trkpt lat="51.258281" lon="-115.494248"><ele>1490.880</ele><time>2026-06-24T16:38:52Z</time></trkpt><trkpt lat="51.258385" lon="-115.494303"><ele>1490.478</ele><time>2026-06-24T16:39:02Z</time></trkpt><trkpt lat="51.258483" lon="-115.494364"><ele>1490.494</ele><time>2026-06-24T16:39:11Z</time></trkpt><trkpt lat="51.258548" lon="-115.494394"><ele>1490.047</ele><time>2026-06-24T16:39:18Z</time></trkpt><trkpt lat="51.258588" lon="-115.494405"><ele>1489.629</ele><time>2026-06-24T16:39:22Z</time></trkpt><trkpt lat="51.258644" lon="-115.494412"><ele>1488.821</ele><time>2026-06-24T16:39:28Z</time></trkpt><trkpt lat="51.258713" lon="-115.494433"><ele>1488.409</ele><time>2026-06-24T16:39:33Z</time></trkpt><trkpt lat="51.25883" lon="-115.494471"><ele>1488.046</ele><time>2026-06-24T16:39:43Z</time></trkpt><trkpt lat="51.258921" lon="-115.494508"><ele>1487.811</ele><time>2026-06-24T16:39:52Z</time></trkpt><trkpt lat="51.259072" lon="-115.494529"><ele>1487.854</ele><time>2026-06-24T16:40:04Z</time></trkpt><trkpt lat="51.259162" lon="-115.494543"><ele>1488.443</ele><time>2026-06-24T16:40:12Z</time></trkpt><trkpt lat="51.259177" lon="-115.494556"><ele>1488.842</ele><time>2026-06-24T16:40:15Z</time></trkpt><trkpt lat="51.259213" lon="-115.494604"><ele>1489.292</ele><time>2026-06-24T16:40:20Z</time></trkpt><trkpt lat="51.259257" lon="-115.494613"><ele>1489.877</ele><time>2026-06-24T16:40:25Z</time></trkpt><trkpt lat="51.259272" lon="-115.494614"><ele>1490.035</ele><time>2026-06-24T16:40:27Z</time></trkpt><trkpt lat="51.25929" lon="-115.494614"><ele>1490.241</ele><time>2026-06-24T16:40:29Z</time></trkpt><trkpt lat="51.259318" lon="-115.494622"><ele>1490.644</ele><time>2026-06-24T16:40:32Z</time></trkpt><trkpt lat="51.259355" lon="-115.49463"><ele>1490.805</ele><time>2026-06-24T16:40:36Z</time></trkpt><trkpt lat="51.259366" lon="-115.494642"><ele>1490.815</ele><time>2026-06-24T16:40:38Z</time></trkpt><trkpt lat="51.259386" lon="-115.494681"><ele>1491.009</ele><time>2026-06-24T16:40:42Z</time></trkpt><trkpt lat="51.259397" lon="-115.494718"><ele>1491.026</ele><time>2026-06-24T16:40:46Z</time></trkpt><trkpt lat="51.259405" lon="-115.494727"><ele>1491.031</ele><time>2026-06-24T16:40:47Z</time></trkpt><trkpt lat="51.259426" lon="-115.494719"><ele>1491.424</ele><time>2026-06-24T16:40:49Z</time></trkpt><trkpt lat="51.259461" lon="-115.494663"><ele>1491.663</ele><time>2026-06-24T16:40:52Z</time></trkpt><trkpt lat="51.259504" lon="-115.494555"><ele>1491.822</ele><time>2026-06-24T16:40:59Z</time></trkpt><trkpt lat="51.259506" lon="-115.494543"><ele>1492.032</ele><time>2026-06-24T16:41:05Z</time></trkpt><trkpt lat="51.259533" lon="-115.494444"><ele>1491.657</ele><time>2026-06-24T16:41:11Z</time></trkpt><trkpt lat="51.259553" lon="-115.494381"><ele>1492.295</ele><time>2026-06-24T16:41:19Z</time></trkpt><trkpt lat="51.259568" lon="-115.494365"><ele>1491.821</ele><time>2026-06-24T16:41:22Z</time></trkpt><trkpt lat="51.259589" lon="-115.494308"><ele>1491.853</ele><time>2026-06-24T16:41:25Z</time></trkpt><trkpt lat="51.259637" lon="-115.494291"><ele>1492.404</ele><time>2026-06-24T16:41:31Z</time></trkpt><trkpt lat="51.259652" lon="-115.494305"><ele>1492.814</ele><time>2026-06-24T16:41:33Z</time></trkpt><trkpt lat="51.25966" lon="-115.494323"><ele>1493.209</ele><time>2026-06-24T16:41:35Z</time></trkpt><trkpt lat="51.25968" lon="-115.494349"><ele>1493.477</ele><time>2026-06-24T16:41:38Z</time></trkpt><trkpt lat="51.2597" lon="-115.494347"><ele>1494.032</ele><time>2026-06-24T16:41:41Z</time></trkpt><trkpt lat="51.259712" lon="-115.494338"><ele>1494.245</ele><time>2026-06-24T16:41:43Z</time></trkpt><trkpt lat="51.259735" lon="-115.494319"><ele>1494.864</ele><time>2026-06-24T16:41:46Z</time></trkpt><trkpt lat="51.259767" lon="-115.494301"><ele>1495.473</ele><time>2026-06-24T16:41:51Z</time></trkpt><trkpt lat="51.2598" lon="-115.494285"><ele>1496.063</ele><time>2026-06-24T16:41:57Z</time></trkpt><trkpt lat="51.259808" lon="-115.494282"><ele>1496.498</ele><time>2026-06-24T16:41:59Z</time></trkpt><trkpt lat="51.259827" lon="-115.494275"><ele>1496.816</ele><time>2026-06-24T16:42:03Z</time></trkpt><trkpt lat="51.259845" lon="-115.494263"><ele>1497.242</ele><time>2026-06-24T16:42:06Z</time></trkpt><trkpt lat="51.259858" lon="-115.494251"><ele>1497.642</ele><time>2026-06-24T16:42:08Z</time></trkpt><trkpt lat="51.259902" lon="-115.494254"><ele>1498.422</ele><time>2026-06-24T16:42:15Z</time></trkpt><trkpt lat="51.259925" lon="-115.494251"><ele>1498.614</ele><time>2026-06-24T16:42:18Z</time></trkpt><trkpt lat="51.259972" lon="-115.494254"><ele>1499.209</ele><time>2026-06-24T16:42:24Z</time></trkpt><trkpt lat="51.260056" lon="-115.494269"><ele>1499.626</ele><time>2026-06-24T16:42:34Z</time></trkpt><trkpt lat="51.260084" lon="-115.494272"><ele>1499.831</ele><time>2026-06-24T16:42:37Z</time></trkpt><trkpt lat="51.260155" lon="-115.494271"><ele>1500.234</ele><time>2026-06-24T16:42:45Z</time></trkpt><trkpt lat="51.260239" lon="-115.494291"><ele>1500.463</ele><time>2026-06-24T16:42:57Z</time></trkpt><trkpt lat="51.260319" lon="-115.494339"><ele>1500.232</ele><time>2026-06-24T16:43:08Z</time></trkpt><trkpt lat="51.260328" lon="-115.494341"><ele>1500.482</ele><time>2026-06-24T16:43:09Z</time></trkpt><trkpt lat="51.260371" lon="-115.494362"><ele>1500.867</ele><time>2026-06-24T16:43:14Z</time></trkpt><trkpt lat="51.260441" lon="-115.49439"><ele>1501.015</ele><time>2026-06-24T16:43:20Z</time></trkpt><trkpt lat="51.260494" lon="-115.494406"><ele>1501.831</ele><time>2026-06-24T16:43:28Z</time></trkpt><trkpt lat="51.260524" lon="-115.49441"><ele>1501.846</ele><time>2026-06-24T16:43:31Z</time></trkpt><trkpt lat="51.260551" lon="-115.494407"><ele>1502.088</ele><time>2026-06-24T16:43:34Z</time></trkpt><trkpt lat="51.26056" lon="-115.494405"><ele>1502.216</ele><time>2026-06-24T16:43:35Z</time></trkpt><trkpt lat="51.260567" lon="-115.494405"><ele>1502.209</ele><time>2026-06-24T16:43:36Z</time></trkpt><trkpt lat="51.260612" lon="-115.494412"><ele>1502.636</ele><time>2026-06-24T16:43:42Z</time></trkpt><trkpt lat="51.260641" lon="-115.494416"><ele>1502.861</ele><time>2026-06-24T16:43:45Z</time></trkpt><trkpt lat="51.260712" lon="-115.494464"><ele>1502.624</ele><time>2026-06-24T16:43:53Z</time></trkpt><trkpt lat="51.260799" lon="-115.49456"><ele>1503.893</ele><time>2026-06-24T16:44:04Z</time></trkpt><trkpt lat="51.260809" lon="-115.494568"><ele>1503.812</ele><time>2026-06-24T16:44:05Z</time></trkpt><trkpt lat="51.260901" lon="-115.494606"><ele>1504.492</ele><time>2026-06-24T16:44:16Z</time></trkpt><trkpt lat="51.260975" lon="-115.49462"><ele>1504.447</ele><time>2026-06-24T16:44:25Z</time></trkpt><trkpt lat="51.261051" lon="-115.494676"><ele>1503.885</ele><time>2026-06-24T16:44:34Z</time></trkpt><trkpt lat="51.261101" lon="-115.494718"><ele>1504.471</ele><time>2026-06-24T16:44:40Z</time></trkpt><trkpt lat="51.261127" lon="-115.494735"><ele>1504.678</ele><time>2026-06-24T16:44:43Z</time></trkpt><trkpt lat="51.261135" lon="-115.49474"><ele>1504.833</ele><time>2026-06-24T16:44:44Z</time></trkpt><trkpt lat="51.261155" lon="-115.494747"><ele>1504.826</ele><time>2026-06-24T16:44:47Z</time></trkpt><trkpt lat="51.261198" lon="-115.494797"><ele>1505.009</ele><time>2026-06-24T16:44:53Z</time></trkpt><trkpt lat="51.261226" lon="-115.494869"><ele>1504.049</ele><time>2026-06-24T16:45:02Z</time></trkpt><trkpt lat="51.26123" lon="-115.494879"><ele>1503.824</ele><time>2026-06-24T16:45:03Z</time></trkpt><trkpt lat="51.261282" lon="-115.494997"><ele>1503.067</ele><time>2026-06-24T16:45:12Z</time></trkpt><trkpt lat="51.26129" lon="-115.495023"><ele>1502.896</ele><time>2026-06-24T16:45:14Z</time></trkpt><trkpt lat="51.261326" lon="-115.495097"><ele>1502.065</ele><time>2026-06-24T16:45:20Z</time></trkpt><trkpt lat="51.261373" lon="-115.495152"><ele>1501.695</ele><time>2026-06-24T16:45:25Z</time></trkpt><trkpt lat="51.261404" lon="-115.495168"><ele>1501.410</ele><time>2026-06-24T16:45:29Z</time></trkpt><trkpt lat="51.261452" lon="-115.495193"><ele>1501.498</ele><time>2026-06-24T16:45:35Z</time></trkpt><trkpt lat="51.261478" lon="-115.495219"><ele>1501.444</ele><time>2026-06-24T16:45:38Z</time></trkpt><trkpt lat="51.261539" lon="-115.495264"><ele>1501.614</ele><time>2026-06-24T16:45:46Z</time></trkpt><trkpt lat="51.26155" lon="-115.495269"><ele>1501.854</ele><time>2026-06-24T16:45:47Z</time></trkpt><trkpt lat="51.261608" lon="-115.495316"><ele>1502.209</ele><time>2026-06-24T16:45:56Z</time></trkpt><trkpt lat="51.261636" lon="-115.495361"><ele>1502.209</ele><time>2026-06-24T16:46:00Z</time></trkpt><trkpt lat="51.261675" lon="-115.495398"><ele>1502.433</ele><time>2026-06-24T16:46:05Z</time></trkpt><trkpt lat="51.261705" lon="-115.495429"><ele>1502.628</ele><time>2026-06-24T16:46:09Z</time></trkpt><trkpt lat="51.26173" lon="-115.495458"><ele>1502.621</ele><time>2026-06-24T16:46:12Z</time></trkpt><trkpt lat="51.261759" lon="-115.495498"><ele>1502.850</ele><time>2026-06-24T16:46:16Z</time></trkpt><trkpt lat="51.261841" lon="-115.495579"><ele>1503.239</ele><time>2026-06-24T16:46:26Z</time></trkpt><trkpt lat="51.261875" lon="-115.49561"><ele>1503.469</ele><time>2026-06-24T16:46:31Z</time></trkpt><trkpt lat="51.26192" lon="-115.495645"><ele>1503.484</ele><time>2026-06-24T16:46:35Z</time></trkpt><trkpt lat="51.261942" lon="-115.495662"><ele>1503.472</ele><time>2026-06-24T16:46:37Z</time></trkpt><trkpt lat="51.262003" lon="-115.495735"><ele>1502.868</ele><time>2026-06-24T16:46:46Z</time></trkpt><trkpt lat="51.262026" lon="-115.495772"><ele>1502.877</ele><time>2026-06-24T16:46:49Z</time></trkpt><trkpt lat="51.262086" lon="-115.495808"><ele>1502.661</ele><time>2026-06-24T16:46:55Z</time></trkpt><trkpt lat="51.262191" lon="-115.495893"><ele>1502.627</ele><time>2026-06-24T16:47:05Z</time></trkpt><trkpt lat="51.262253" lon="-115.495979"><ele>1502.809</ele><time>2026-06-24T16:47:13Z</time></trkpt><trkpt lat="51.26229" lon="-115.496038"><ele>1502.459</ele><time>2026-06-24T16:47:18Z</time></trkpt><trkpt lat="51.262313" lon="-115.496068"><ele>1502.694</ele><time>2026-06-24T16:47:22Z</time></trkpt><trkpt lat="51.262361" lon="-115.49607"><ele>1503.227</ele><time>2026-06-24T16:47:29Z</time></trkpt><trkpt lat="51.262395" lon="-115.496087"><ele>1503.496</ele><time>2026-06-24T16:47:33Z</time></trkpt><trkpt lat="51.262446" lon="-115.496127"><ele>1503.655</ele><time>2026-06-24T16:47:39Z</time></trkpt><trkpt lat="51.262509" lon="-115.496173"><ele>1503.875</ele><time>2026-06-24T16:47:47Z</time></trkpt><trkpt lat="51.262516" lon="-115.496177"><ele>1503.860</ele><time>2026-06-24T16:47:48Z</time></trkpt><trkpt lat="51.262581" lon="-115.496216"><ele>1504.228</ele><time>2026-06-24T16:47:57Z</time></trkpt><trkpt lat="51.262692" lon="-115.496262"><ele>1504.244</ele><time>2026-06-24T16:48:10Z</time></trkpt><trkpt lat="51.262788" lon="-115.496332"><ele>1504.482</ele><time>2026-06-24T16:48:21Z</time></trkpt><trkpt lat="51.262823" lon="-115.496347"><ele>1504.843</ele><time>2026-06-24T16:48:25Z</time></trkpt><trkpt lat="51.262865" lon="-115.496391"><ele>1504.617</ele><time>2026-06-24T16:48:32Z</time></trkpt><trkpt lat="51.262913" lon="-115.496433"><ele>1503.809</ele><time>2026-06-24T16:48:39Z</time></trkpt><trkpt lat="51.26295" lon="-115.49646"><ele>1503.850</ele><time>2026-06-24T16:48:44Z</time></trkpt><trkpt lat="51.263015" lon="-115.496502"><ele>1504.265</ele><time>2026-06-24T16:48:52Z</time></trkpt><trkpt lat="51.263083" lon="-115.496561"><ele>1504.438</ele><time>2026-06-24T16:49:00Z</time></trkpt><trkpt lat="51.263146" lon="-115.496562"><ele>1505.237</ele><time>2026-06-24T16:49:09Z</time></trkpt><trkpt lat="51.263186" lon="-115.496553"><ele>1505.816</ele><time>2026-06-24T16:49:14Z</time></trkpt><trkpt lat="51.26322" lon="-115.496556"><ele>1506.086</ele><time>2026-06-24T16:49:18Z</time></trkpt><trkpt lat="51.263272" lon="-115.496592"><ele>1506.681</ele><time>2026-06-24T16:49:25Z</time></trkpt><trkpt lat="51.26328" lon="-115.496595"><ele>1506.669</ele><time>2026-06-24T16:49:26Z</time></trkpt><trkpt lat="51.263297" lon="-115.496602"><ele>1506.895</ele><time>2026-06-24T16:49:28Z</time></trkpt><trkpt lat="51.263355" lon="-115.496602"><ele>1508.058</ele><time>2026-06-24T16:49:37Z</time></trkpt><trkpt lat="51.263406" lon="-115.496611"><ele>1508.252</ele><time>2026-06-24T16:49:46Z</time></trkpt><trkpt lat="51.263454" lon="-115.496641"><ele>1508.217</ele><time>2026-06-24T16:49:53Z</time></trkpt><trkpt lat="51.263474" lon="-115.496646"><ele>1508.409</ele><time>2026-06-24T16:49:57Z</time></trkpt><trkpt lat="51.263503" lon="-115.496668"><ele>1509.087</ele><time>2026-06-24T16:50:03Z</time></trkpt><trkpt lat="51.263538" lon="-115.496695"><ele>1509.252</ele><time>2026-06-24T16:50:07Z</time></trkpt><trkpt lat="51.263593" lon="-115.496747"><ele>1509.215</ele><time>2026-06-24T16:50:15Z</time></trkpt><trkpt lat="51.263611" lon="-115.49676"><ele>1509.424</ele><time>2026-06-24T16:50:17Z</time></trkpt><trkpt lat="51.263655" lon="-115.496798"><ele>1510.023</ele><time>2026-06-24T16:50:22Z</time></trkpt><trkpt lat="51.26368" lon="-115.496809"><ele>1510.273</ele><time>2026-06-24T16:50:26Z</time></trkpt><trkpt lat="51.26373" lon="-115.496807"><ele>1511.248</ele><time>2026-06-24T16:50:33Z</time></trkpt><trkpt lat="51.263749" lon="-115.496804"><ele>1511.246</ele><time>2026-06-24T16:50:35Z</time></trkpt><trkpt lat="51.263812" lon="-115.496775"><ele>1512.262</ele><time>2026-06-24T16:50:42Z</time></trkpt><trkpt lat="51.263827" lon="-115.496772"><ele>1512.436</ele><time>2026-06-24T16:50:44Z</time></trkpt><trkpt lat="51.26385" lon="-115.496798"><ele>1513.417</ele><time>2026-06-24T16:50:49Z</time></trkpt><trkpt lat="51.263867" lon="-115.496824"><ele>1514.018</ele><time>2026-06-24T16:50:54Z</time></trkpt><trkpt lat="51.263885" lon="-115.496844"><ele>1514.409</ele><time>2026-06-24T16:50:57Z</time></trkpt><trkpt lat="51.26392" lon="-115.496864"><ele>1515.025</ele><time>2026-06-24T16:51:04Z</time></trkpt><trkpt lat="51.263942" lon="-115.496868"><ele>1515.210</ele><time>2026-06-24T16:51:07Z</time></trkpt><trkpt lat="51.26396" lon="-115.496867"><ele>1515.293</ele><time>2026-06-24T16:51:09Z</time></trkpt><trkpt lat="51.263983" lon="-115.49688"><ele>1515.432</ele><time>2026-06-24T16:51:12Z</time></trkpt><trkpt lat="51.264066" lon="-115.496946"><ele>1515.461</ele><time>2026-06-24T16:51:20Z</time></trkpt><trkpt lat="51.264117" lon="-115.496983"><ele>1516.031</ele><time>2026-06-24T16:51:28Z</time></trkpt><trkpt lat="51.264216" lon="-115.497023"><ele>1516.266</ele><time>2026-06-24T16:51:37Z</time></trkpt><trkpt lat="51.264274" lon="-115.49705"><ele>1516.484</ele><time>2026-06-24T16:51:44Z</time></trkpt><trkpt lat="51.264278" lon="-115.497056"><ele>1516.680</ele><time>2026-06-24T16:51:46Z</time></trkpt><trkpt lat="51.264341" lon="-115.497094"><ele>1516.899</ele><time>2026-06-24T16:51:53Z</time></trkpt><trkpt lat="51.264406" lon="-115.497198"><ele>1516.607</ele><time>2026-06-24T16:52:03Z</time></trkpt><trkpt lat="51.264472" lon="-115.497243"><ele>1517.227</ele><time>2026-06-24T16:52:10Z</time></trkpt><trkpt lat="51.264519" lon="-115.497274"><ele>1517.409</ele><time>2026-06-24T16:52:15Z</time></trkpt><trkpt lat="51.264547" lon="-115.497287"><ele>1517.491</ele><time>2026-06-24T16:52:18Z</time></trkpt><trkpt lat="51.264628" lon="-115.497292"><ele>1517.466</ele><time>2026-06-24T16:52:27Z</time></trkpt><trkpt lat="51.264669" lon="-115.497316"><ele>1516.439</ele><time>2026-06-24T16:52:33Z</time></trkpt><trkpt lat="51.26471" lon="-115.497325"><ele>1515.418</ele><time>2026-06-24T16:52:37Z</time></trkpt><trkpt lat="51.264719" lon="-115.497326"><ele>1515.237</ele><time>2026-06-24T16:52:39Z</time></trkpt><trkpt lat="51.264717" lon="-115.497331"><ele>1515.417</ele><time>2026-06-24T16:52:41Z</time></trkpt><trkpt lat="51.264735" lon="-115.497373"><ele>1515.472</ele><time>2026-06-24T16:52:48Z</time></trkpt><trkpt lat="51.264782" lon="-115.49747"><ele>1514.690</ele><time>2026-06-24T16:52:58Z</time></trkpt><trkpt lat="51.264806" lon="-115.497503"><ele>1514.236</ele><time>2026-06-24T16:53:02Z</time></trkpt><trkpt lat="51.264865" lon="-115.497552"><ele>1513.855</ele><time>2026-06-24T16:53:08Z</time></trkpt><trkpt lat="51.264911" lon="-115.497601"><ele>1513.207</ele><time>2026-06-24T16:53:14Z</time></trkpt><trkpt lat="51.264922" lon="-115.49764"><ele>1512.817</ele><time>2026-06-24T16:53:17Z</time></trkpt><trkpt lat="51.264965" lon="-115.497703"><ele>1512.209</ele><time>2026-06-24T16:53:24Z</time></trkpt><trkpt lat="51.265039" lon="-115.497776"><ele>1511.817</ele><time>2026-06-24T16:53:34Z</time></trkpt><trkpt lat="51.26512" lon="-115.49787"><ele>1511.052</ele><time>2026-06-24T16:53:42Z</time></trkpt><trkpt lat="51.265139" lon="-115.497884"><ele>1510.855</ele><time>2026-06-24T16:53:44Z</time></trkpt><trkpt lat="51.2652" lon="-115.497942"><ele>1510.024</ele><time>2026-06-24T16:53:52Z</time></trkpt><trkpt lat="51.265216" lon="-115.497962"><ele>1509.843</ele><time>2026-06-24T16:53:54Z</time></trkpt><trkpt lat="51.265244" lon="-115.498006"><ele>1509.073</ele><time>2026-06-24T16:53:58Z</time></trkpt><trkpt lat="51.265269" lon="-115.498034"><ele>1508.488</ele><time>2026-06-24T16:54:03Z</time></trkpt><trkpt lat="51.265302" lon="-115.498085"><ele>1508.036</ele><time>2026-06-24T16:54:08Z</time></trkpt><trkpt lat="51.265334" lon="-115.49812"><ele>1507.462</ele><time>2026-06-24T16:54:12Z</time></trkpt><trkpt lat="51.26535" lon="-115.498143"><ele>1507.058</ele><time>2026-06-24T16:54:15Z</time></trkpt><trkpt lat="51.265386" lon="-115.498209"><ele>1506.052</ele><time>2026-06-24T16:54:21Z</time></trkpt><trkpt lat="51.265392" lon="-115.49822"><ele>1505.817</ele><time>2026-06-24T16:54:22Z</time></trkpt><trkpt lat="51.265462" lon="-115.498292"><ele>1506.209</ele><time>2026-06-24T16:54:32Z</time></trkpt><trkpt lat="51.265475" lon="-115.498295"><ele>1506.647</ele><time>2026-06-24T16:54:34Z</time></trkpt><trkpt lat="51.265523" lon="-115.498316"><ele>1506.872</ele><time>2026-06-24T16:54:40Z</time></trkpt><trkpt lat="51.265527" lon="-115.498321"><ele>1506.815</ele><time>2026-06-24T16:54:41Z</time></trkpt><trkpt lat="51.265575" lon="-115.498372"><ele>1507.274</ele><time>2026-06-24T16:54:48Z</time></trkpt><trkpt lat="51.265595" lon="-115.498383"><ele>1507.673</ele><time>2026-06-24T16:54:52Z</time></trkpt><trkpt lat="51.265601" lon="-115.49839"><ele>1507.813</ele><time>2026-06-24T16:54:53Z</time></trkpt><trkpt lat="51.265624" lon="-115.498422"><ele>1508.028</ele><time>2026-06-24T16:54:56Z</time></trkpt><trkpt lat="51.265651" lon="-115.498521"><ele>1507.616</ele><time>2026-06-24T16:55:04Z</time></trkpt><trkpt lat="51.265657" lon="-115.498541"><ele>1507.642</ele><time>2026-06-24T16:55:05Z</time></trkpt><trkpt lat="51.265745" lon="-115.49864"><ele>1507.445</ele><time>2026-06-24T16:55:15Z</time></trkpt><trkpt lat="51.265804" lon="-115.498689"><ele>1507.447</ele><time>2026-06-24T16:55:24Z</time></trkpt><trkpt lat="51.265813" lon="-115.498729"><ele>1506.611</ele><time>2026-06-24T16:55:29Z</time></trkpt><trkpt lat="51.265795" lon="-115.498721"><ele>1505.609</ele><time>2026-06-24T16:55:34Z</time></trkpt><trkpt lat="51.265787" lon="-115.498731"><ele>1505.246</ele><time>2026-06-24T16:55:43Z</time></trkpt><trkpt lat="51.265796" lon="-115.498738"><ele>1505.031</ele><time>2026-06-24T16:55:47Z</time></trkpt><trkpt lat="51.265811" lon="-115.498732"><ele>1505.044</ele><time>2026-06-24T16:55:49Z</time></trkpt><trkpt lat="51.265827" lon="-115.49872"><ele>1505.683</ele><time>2026-06-24T16:55:51Z</time></trkpt><trkpt lat="51.26585" lon="-115.498689"><ele>1506.642</ele><time>2026-06-24T16:55:56Z</time></trkpt><trkpt lat="51.265856" lon="-115.498682"><ele>1506.882</ele><time>2026-06-24T16:55:57Z</time></trkpt><trkpt lat="51.265896" lon="-115.498698"><ele>1507.877</ele><time>2026-06-24T16:56:03Z</time></trkpt><trkpt lat="51.265917" lon="-115.498714"><ele>1507.655</ele><time>2026-06-24T16:56:06Z</time></trkpt><trkpt lat="51.265932" lon="-115.498726"><ele>1507.871</ele><time>2026-06-24T16:56:09Z</time></trkpt><trkpt lat="51.265949" lon="-115.498732"><ele>1508.051</ele><time>2026-06-24T16:56:13Z</time></trkpt><trkpt lat="51.265983" lon="-115.498751"><ele>1508.201</ele><time>2026-06-24T16:56:16Z</time></trkpt><trkpt lat="51.266059" lon="-115.498822"><ele>1508.411</ele><time>2026-06-24T16:56:24Z</time></trkpt><trkpt lat="51.266077" lon="-115.498845"><ele>1508.209</ele><time>2026-06-24T16:56:26Z</time></trkpt><trkpt lat="51.266105" lon="-115.498913"><ele>1507.827</ele><time>2026-06-24T16:56:33Z</time></trkpt><trkpt lat="51.266206" lon="-115.498991"><ele>1508.452</ele><time>2026-06-24T16:56:43Z</time></trkpt><trkpt lat="51.266242" lon="-115.498994"><ele>1508.825</ele><time>2026-06-24T16:56:48Z</time></trkpt><trkpt lat="51.266254" lon="-115.499005"><ele>1509.044</ele><time>2026-06-24T16:56:52Z</time></trkpt><trkpt lat="51.266317" lon="-115.499065"><ele>1508.643</ele><time>2026-06-24T16:57:00Z</time></trkpt><trkpt lat="51.266398" lon="-115.499143"><ele>1508.813</ele><time>2026-06-24T16:57:09Z</time></trkpt><trkpt lat="51.266457" lon="-115.499176"><ele>1508.848</ele><time>2026-06-24T16:57:18Z</time></trkpt><trkpt lat="51.266537" lon="-115.499248"><ele>1509.046</ele><time>2026-06-24T16:57:28Z</time></trkpt><trkpt lat="51.266581" lon="-115.499375"><ele>1508.692</ele><time>2026-06-24T16:57:38Z</time></trkpt><trkpt lat="51.266648" lon="-115.499488"><ele>1508.816</ele><time>2026-06-24T16:57:48Z</time></trkpt><trkpt lat="51.266677" lon="-115.499583"><ele>1507.876</ele><time>2026-06-24T16:57:56Z</time></trkpt><trkpt lat="51.266754" lon="-115.49965"><ele>1508.013</ele><time>2026-06-24T16:58:04Z</time></trkpt><trkpt lat="51.266849" lon="-115.499683"><ele>1508.209</ele><time>2026-06-24T16:58:12Z</time></trkpt><trkpt lat="51.266926" lon="-115.499749"><ele>1508.253</ele><time>2026-06-24T16:58:22Z</time></trkpt><trkpt lat="51.267026" lon="-115.499839"><ele>1508.648</ele><time>2026-06-24T16:58:33Z</time></trkpt><trkpt lat="51.267052" lon="-115.499883"><ele>1508.451</ele><time>2026-06-24T16:58:37Z</time></trkpt><trkpt lat="51.267088" lon="-115.49993"><ele>1508.690</ele><time>2026-06-24T16:58:44Z</time></trkpt><trkpt lat="51.267133" lon="-115.499961"><ele>1508.819</ele><time>2026-06-24T16:58:49Z</time></trkpt><trkpt lat="51.267151" lon="-115.499967"><ele>1509.029</ele><time>2026-06-24T16:58:51Z</time></trkpt><trkpt lat="51.267166" lon="-115.499974"><ele>1509.484</ele><time>2026-06-24T16:58:53Z</time></trkpt><trkpt lat="51.267174" lon="-115.499978"><ele>1509.442</ele><time>2026-06-24T16:58:54Z</time></trkpt><trkpt lat="51.267194" lon="-115.499996"><ele>1509.838</ele><time>2026-06-24T16:58:57Z</time></trkpt><trkpt lat="51.267226" lon="-115.500027"><ele>1510.463</ele><time>2026-06-24T16:59:01Z</time></trkpt><trkpt lat="51.267259" lon="-115.500044"><ele>1511.044</ele><time>2026-06-24T16:59:05Z</time></trkpt><trkpt lat="51.267282" lon="-115.500053"><ele>1511.618</ele><time>2026-06-24T16:59:11Z</time></trkpt><trkpt lat="51.267367" lon="-115.500125"><ele>1511.609</ele><time>2026-06-24T16:59:14Z</time></trkpt><trkpt lat="51.267404" lon="-115.5002"><ele>1511.668</ele><time>2026-06-24T16:59:21Z</time></trkpt><trkpt lat="51.267418" lon="-115.500222"><ele>1512.063</ele><time>2026-06-24T16:59:24Z</time></trkpt><trkpt lat="51.267444" lon="-115.500255"><ele>1512.066</ele><time>2026-06-24T16:59:30Z</time></trkpt><trkpt lat="51.267526" lon="-115.500343"><ele>1511.085</ele><time>2026-06-24T16:59:39Z</time></trkpt><trkpt lat="51.267531" lon="-115.500351"><ele>1511.034</ele><time>2026-06-24T16:59:40Z</time></trkpt><trkpt lat="51.267579" lon="-115.500436"><ele>1510.854</ele><time>2026-06-24T16:59:48Z</time></trkpt><trkpt lat="51.267639" lon="-115.500477"><ele>1511.699</ele><time>2026-06-24T16:59:56Z</time></trkpt><trkpt lat="51.267717" lon="-115.50053"><ele>1512.067</ele><time>2026-06-24T17:00:04Z</time></trkpt><trkpt lat="51.267727" lon="-115.500537"><ele>1512.023</ele><time>2026-06-24T17:00:05Z</time></trkpt><trkpt lat="51.267773" lon="-115.5006"><ele>1513.265</ele><time>2026-06-24T17:00:14Z</time></trkpt><trkpt lat="51.267777" lon="-115.500607"><ele>1513.268</ele><time>2026-06-24T17:00:15Z</time></trkpt><trkpt lat="51.26782" lon="-115.500659"><ele>1514.214</ele><time>2026-06-24T17:00:24Z</time></trkpt><trkpt lat="51.267827" lon="-115.500671"><ele>1514.209</ele><time>2026-06-24T17:00:25Z</time></trkpt><trkpt lat="51.267851" lon="-115.500725"><ele>1514.458</ele><time>2026-06-24T17:00:31Z</time></trkpt><trkpt lat="51.267863" lon="-115.500738"><ele>1514.893</ele><time>2026-06-24T17:00:34Z</time></trkpt><trkpt lat="51.267875" lon="-115.500752"><ele>1515.426</ele><time>2026-06-24T17:00:37Z</time></trkpt><trkpt lat="51.267884" lon="-115.50079"><ele>1515.835</ele><time>2026-06-24T17:00:40Z</time></trkpt><trkpt lat="51.267929" lon="-115.500888"><ele>1516.484</ele><time>2026-06-24T17:00:49Z</time></trkpt><trkpt lat="51.267939" lon="-115.500902"><ele>1516.484</ele><time>2026-06-24T17:00:50Z</time></trkpt><trkpt lat="51.267981" lon="-115.500964"><ele>1517.479</ele><time>2026-06-24T17:00:57Z</time></trkpt><trkpt lat="51.268006" lon="-115.501012"><ele>1517.217</ele><time>2026-06-24T17:01:04Z</time></trkpt><trkpt lat="51.268028" lon="-115.501129"><ele>1517.643</ele><time>2026-06-24T17:01:11Z</time></trkpt><trkpt lat="51.268033" lon="-115.501147"><ele>1517.633</ele><time>2026-06-24T17:01:13Z</time></trkpt><trkpt lat="51.268065" lon="-115.501187"><ele>1518.023</ele><time>2026-06-24T17:01:18Z</time></trkpt><trkpt lat="51.268081" lon="-115.501202"><ele>1518.215</ele><time>2026-06-24T17:01:20Z</time></trkpt><trkpt lat="51.268102" lon="-115.501221"><ele>1518.609</ele><time>2026-06-24T17:01:23Z</time></trkpt><trkpt lat="51.268141" lon="-115.501276"><ele>1519.665</ele><time>2026-06-24T17:01:30Z</time></trkpt><trkpt lat="51.268186" lon="-115.501385"><ele>1520.430</ele><time>2026-06-24T17:01:39Z</time></trkpt><trkpt lat="51.268231" lon="-115.501468"><ele>1520.873</ele><time>2026-06-24T17:01:47Z</time></trkpt><trkpt lat="51.26833" lon="-115.501562"><ele>1521.042</ele><time>2026-06-24T17:01:57Z</time></trkpt><trkpt lat="51.268398" lon="-115.501613"><ele>1521.041</ele><time>2026-06-24T17:02:04Z</time></trkpt><trkpt lat="51.268455" lon="-115.501635"><ele>1520.841</ele><time>2026-06-24T17:02:12Z</time></trkpt><trkpt lat="51.268534" lon="-115.501625"><ele>1520.086</ele><time>2026-06-24T17:02:21Z</time></trkpt><trkpt lat="51.268626" lon="-115.501626"><ele>1519.814</ele><time>2026-06-24T17:02:29Z</time></trkpt><trkpt lat="51.268707" lon="-115.501652"><ele>1520.220</ele><time>2026-06-24T17:02:37Z</time></trkpt><trkpt lat="51.268741" lon="-115.501715"><ele>1520.611</ele><time>2026-06-24T17:02:44Z</time></trkpt><trkpt lat="51.268797" lon="-115.501793"><ele>1521.221</ele><time>2026-06-24T17:02:51Z</time></trkpt><trkpt lat="51.268851" lon="-115.501811"><ele>1521.603</ele><time>2026-06-24T17:02:58Z</time></trkpt><trkpt lat="51.268889" lon="-115.501836"><ele>1521.809</ele><time>2026-06-24T17:03:02Z</time></trkpt><trkpt lat="51.268924" lon="-115.501877"><ele>1521.893</ele><time>2026-06-24T17:03:05Z</time></trkpt><trkpt lat="51.269008" lon="-115.501899"><ele>1521.818</ele><time>2026-06-24T17:03:14Z</time></trkpt><trkpt lat="51.269018" lon="-115.501918"><ele>1521.811</ele><time>2026-06-24T17:03:16Z</time></trkpt><trkpt lat="51.269067" lon="-115.501925"><ele>1521.610</ele><time>2026-06-24T17:03:21Z</time></trkpt><trkpt lat="51.269156" lon="-115.501881"><ele>1522.079</ele><time>2026-06-24T17:03:30Z</time></trkpt><trkpt lat="51.269208" lon="-115.501848"><ele>1521.089</ele><time>2026-06-24T17:03:39Z</time></trkpt><trkpt lat="51.269215" lon="-115.501848"><ele>1520.624</ele><time>2026-06-24T17:03:40Z</time></trkpt><trkpt lat="51.269248" lon="-115.50185"><ele>1519.662</ele><time>2026-06-24T17:03:44Z</time></trkpt><trkpt lat="51.269297" lon="-115.501857"><ele>1518.858</ele><time>2026-06-24T17:03:49Z</time></trkpt><trkpt lat="51.269332" lon="-115.501861"><ele>1518.616</ele><time>2026-06-24T17:03:58Z</time></trkpt><trkpt lat="51.269322" lon="-115.501776"><ele>1518.876</ele><time>2026-06-24T17:04:04Z</time></trkpt><trkpt lat="51.269344" lon="-115.501703"><ele>1518.813</ele><time>2026-06-24T17:04:09Z</time></trkpt><trkpt lat="51.269353" lon="-115.501691"><ele>1518.409</ele><time>2026-06-24T17:04:11Z</time></trkpt><trkpt lat="51.269366" lon="-115.501689"><ele>1517.823</ele><time>2026-06-24T17:04:13Z</time></trkpt><trkpt lat="51.269384" lon="-115.50167"><ele>1517.278</ele><time>2026-06-24T17:04:16Z</time></trkpt><trkpt lat="51.269406" lon="-115.501639"><ele>1516.641</ele><time>2026-06-24T17:04:19Z</time></trkpt><trkpt lat="51.269421" lon="-115.501633"><ele>1516.070</ele><time>2026-06-24T17:04:21Z</time></trkpt><trkpt lat="51.26944" lon="-115.501618"><ele>1514.889</ele><time>2026-06-24T17:04:25Z</time></trkpt><trkpt lat="51.269444" lon="-115.501625"><ele>1514.459</ele><time>2026-06-24T17:04:26Z</time></trkpt><trkpt lat="51.269439" lon="-115.501654"><ele>1513.484</ele><time>2026-06-24T17:04:28Z</time></trkpt><trkpt lat="51.269451" lon="-115.50169"><ele>1512.292</ele><time>2026-06-24T17:04:31Z</time></trkpt><trkpt lat="51.269471" lon="-115.501756"><ele>1511.228</ele><time>2026-06-24T17:04:37Z</time></trkpt><trkpt lat="51.269487" lon="-115.501777"><ele>1510.841</ele><time>2026-06-24T17:04:40Z</time></trkpt><trkpt lat="51.269524" lon="-115.501829"><ele>1510.481</ele><time>2026-06-24T17:04:46Z</time></trkpt><trkpt lat="51.269542" lon="-115.501847"><ele>1510.009</ele><time>2026-06-24T17:04:48Z</time></trkpt><trkpt lat="51.269573" lon="-115.50185"><ele>1509.609</ele><time>2026-06-24T17:04:53Z</time></trkpt><trkpt lat="51.269625" lon="-115.50183"><ele>1510.246</ele><time>2026-06-24T17:04:59Z</time></trkpt><trkpt lat="51.26967" lon="-115.501854"><ele>1509.841</ele><time>2026-06-24T17:05:04Z</time></trkpt><trkpt lat="51.269677" lon="-115.501863"><ele>1509.674</ele><time>2026-06-24T17:05:05Z</time></trkpt><trkpt lat="51.269715" lon="-115.501862"><ele>1509.413</ele><time>2026-06-24T17:05:11Z</time></trkpt><trkpt lat="51.269751" lon="-115.50185"><ele>1509.032</ele><time>2026-06-24T17:05:16Z</time></trkpt><trkpt lat="51.269764" lon="-115.501864"><ele>1508.672</ele><time>2026-06-24T17:05:19Z</time></trkpt><trkpt lat="51.269798" lon="-115.501882"><ele>1507.847</ele><time>2026-06-24T17:05:23Z</time></trkpt><trkpt lat="51.269828" lon="-115.501906"><ele>1507.665</ele><time>2026-06-24T17:05:27Z</time></trkpt><trkpt lat="51.26989" lon="-115.501953"><ele>1506.891</ele><time>2026-06-24T17:05:33Z</time></trkpt><trkpt lat="51.269913" lon="-115.501969"><ele>1506.494</ele><time>2026-06-24T17:05:35Z</time></trkpt><trkpt lat="51.26996" lon="-115.501978"><ele>1505.857</ele><time>2026-06-24T17:05:42Z</time></trkpt><trkpt lat="51.269965" lon="-115.502016"><ele>1505.622</ele><time>2026-06-24T17:05:46Z</time></trkpt><trkpt lat="51.269971" lon="-115.502033"><ele>1505.209</ele><time>2026-06-24T17:05:50Z</time></trkpt><trkpt lat="51.269966" lon="-115.501965"><ele>1505.281</ele><time>2026-06-24T17:05:59Z</time></trkpt><trkpt lat="51.269941" lon="-115.502008"><ele>1505.656</ele><time>2026-06-24T17:06:05Z</time></trkpt><trkpt lat="51.26994" lon="-115.502019"><ele>1505.689</ele><time>2026-06-24T17:06:14Z</time></trkpt><trkpt lat="51.26992" lon="-115.502015"><ele>1505.018</ele><time>2026-06-24T17:06:22Z</time></trkpt><trkpt lat="51.26992" lon="-115.502002"><ele>1505.227</ele><time>2026-06-24T17:06:25Z</time></trkpt><trkpt lat="51.269937" lon="-115.502005"><ele>1505.487</ele><time>2026-06-24T17:06:31Z</time></trkpt><trkpt lat="51.269938" lon="-115.502019"><ele>1505.042</ele><time>2026-06-24T17:06:34Z</time></trkpt><trkpt lat="51.269937" lon="-115.502024"><ele>1504.810</ele><time>2026-06-24T17:06:35Z</time></trkpt><trkpt lat="51.269935" lon="-115.502028"><ele>1504.846</ele><time>2026-06-24T17:06:36Z</time></trkpt><trkpt lat="51.269934" lon="-115.502039"><ele>1505.068</ele><time>2026-06-24T17:06:37Z</time></trkpt><trkpt lat="51.269934" lon="-115.502057"><ele>1505.242</ele><time>2026-06-24T17:06:39Z</time></trkpt><trkpt lat="51.269942" lon="-115.50207"><ele>1505.426</ele><time>2026-06-24T17:06:47Z</time></trkpt><trkpt lat="51.269951" lon="-115.502016"><ele>1509.209</ele><time>2026-06-24T17:24:12Z</time></trkpt><trkpt lat="51.269955" lon="-115.502017"><ele>1509.428</ele><time>2026-06-24T17:24:13Z</time></trkpt><trkpt lat="51.269958" lon="-115.501965"><ele>1509.823</ele><time>2026-06-24T17:24:16Z</time></trkpt><trkpt lat="51.269941" lon="-115.5019"><ele>1510.466</ele><time>2026-06-24T17:24:21Z</time></trkpt><trkpt lat="51.26992" lon="-115.501867"><ele>1510.885</ele><time>2026-06-24T17:24:24Z</time></trkpt><trkpt lat="51.269888" lon="-115.501842"><ele>1511.414</ele><time>2026-06-24T17:24:28Z</time></trkpt><trkpt lat="51.269875" lon="-115.501835"><ele>1511.624</ele><time>2026-06-24T17:24:29Z</time></trkpt><trkpt lat="51.26981" lon="-115.501827"><ele>1511.859</ele><time>2026-06-24T17:24:35Z</time></trkpt><trkpt lat="51.26973" lon="-115.501853"><ele>1512.437</ele><time>2026-06-24T17:24:41Z</time></trkpt><trkpt lat="51.269716" lon="-115.501849"><ele>1512.653</ele><time>2026-06-24T17:24:42Z</time></trkpt><trkpt lat="51.269687" lon="-115.501817"><ele>1513.872</ele><time>2026-06-24T17:24:47Z</time></trkpt><trkpt lat="51.269667" lon="-115.501845"><ele>1514.013</ele><time>2026-06-24T17:24:55Z</time></trkpt><trkpt lat="51.269644" lon="-115.501838"><ele>1513.814</ele><time>2026-06-24T17:25:06Z</time></trkpt><trkpt lat="51.269666" lon="-115.501803"><ele>1513.609</ele><time>2026-06-24T17:25:15Z</time></trkpt><trkpt lat="51.269668" lon="-115.501798"><ele>1513.679</ele><time>2026-06-24T17:25:17Z</time></trkpt><trkpt lat="51.269653" lon="-115.501797"><ele>1513.674</ele><time>2026-06-24T17:25:24Z</time></trkpt><trkpt lat="51.269653" lon="-115.501787"><ele>1513.637</ele><time>2026-06-24T17:25:26Z</time></trkpt><trkpt lat="51.269645" lon="-115.501749"><ele>1513.616</ele><time>2026-06-24T17:25:34Z</time></trkpt><trkpt lat="51.269608" lon="-115.501746"><ele>1514.095</ele><time>2026-06-24T17:25:43Z</time></trkpt><trkpt lat="51.269537" lon="-115.501754"><ele>1513.625</ele><time>2026-06-24T17:25:52Z</time></trkpt><trkpt lat="51.269511" lon="-115.501724"><ele>1514.610</ele><time>2026-06-24T17:26:01Z</time></trkpt><trkpt lat="51.269505" lon="-115.501714"><ele>1514.858</ele><time>2026-06-24T17:26:03Z</time></trkpt><trkpt lat="51.2695" lon="-115.501705"><ele>1515.064</ele><time>2026-06-24T17:26:04Z</time></trkpt><trkpt lat="51.269462" lon="-115.501678"><ele>1515.064</ele><time>2026-06-24T17:26:10Z</time></trkpt><trkpt lat="51.269448" lon="-115.50165"><ele>1515.606</ele><time>2026-06-24T17:26:18Z</time></trkpt><trkpt lat="51.269445" lon="-115.501638"><ele>1515.816</ele><time>2026-06-24T17:26:24Z</time></trkpt><trkpt lat="51.26943" lon="-115.501589"><ele>1515.609</ele><time>2026-06-24T17:26:36Z</time></trkpt><trkpt lat="51.269415" lon="-115.501591"><ele>1515.828</ele><time>2026-06-24T17:26:51Z</time></trkpt><trkpt lat="51.269418" lon="-115.5016"><ele>1516.023</ele><time>2026-06-24T17:26:54Z</time></trkpt><trkpt lat="51.269427" lon="-115.501599"><ele>1517.256</ele><time>2026-06-24T17:27:01Z</time></trkpt><trkpt lat="51.269396" lon="-115.501596"><ele>1518.275</ele><time>2026-06-24T17:27:06Z</time></trkpt><trkpt lat="51.269387" lon="-115.501603"><ele>1519.064</ele><time>2026-06-24T17:27:09Z</time></trkpt><trkpt lat="51.269381" lon="-115.501611"><ele>1519.474</ele><time>2026-06-24T17:27:11Z</time></trkpt><trkpt lat="51.269382" lon="-115.501611"><ele>1519.829</ele><time>2026-06-24T17:27:13Z</time></trkpt><trkpt lat="51.269379" lon="-115.501615"><ele>1520.657</ele><time>2026-06-24T17:27:16Z</time></trkpt><trkpt lat="51.269373" lon="-115.501629"><ele>1520.863</ele><time>2026-06-24T17:27:18Z</time></trkpt><trkpt lat="51.269336" lon="-115.501667"><ele>1521.648</ele><time>2026-06-24T17:27:23Z</time></trkpt><trkpt lat="51.269316" lon="-115.501696"><ele>1522.061</ele><time>2026-06-24T17:27:27Z</time></trkpt><trkpt lat="51.269295" lon="-115.501732"><ele>1522.617</ele><time>2026-06-24T17:27:31Z</time></trkpt><trkpt lat="51.269283" lon="-115.501739"><ele>1523.009</ele><time>2026-06-24T17:27:34Z</time></trkpt><trkpt lat="51.269229" lon="-115.501793"><ele>1523.276</ele><time>2026-06-24T17:27:44Z</time></trkpt><trkpt lat="51.269221" lon="-115.501794"><ele>1523.611</ele><time>2026-06-24T17:27:47Z</time></trkpt><trkpt lat="51.269215" lon="-115.501796"><ele>1523.624</ele><time>2026-06-24T17:27:48Z</time></trkpt><trkpt lat="51.269184" lon="-115.501808"><ele>1524.233</ele><time>2026-06-24T17:27:52Z</time></trkpt><trkpt lat="51.269155" lon="-115.501819"><ele>1524.862</ele><time>2026-06-24T17:27:57Z</time></trkpt><trkpt lat="51.269126" lon="-115.501845"><ele>1525.042</ele><time>2026-06-24T17:28:02Z</time></trkpt><trkpt lat="51.269084" lon="-115.501871"><ele>1524.687</ele><time>2026-06-24T17:28:08Z</time></trkpt><trkpt lat="51.269058" lon="-115.501873"><ele>1524.215</ele><time>2026-06-24T17:28:11Z</time></trkpt><trkpt lat="51.269015" lon="-115.50183"><ele>1524.611</ele><time>2026-06-24T17:28:19Z</time></trkpt><trkpt lat="51.26897" lon="-115.50183"><ele>1524.628</ele><time>2026-06-24T17:28:24Z</time></trkpt><trkpt lat="51.268915" lon="-115.501774"><ele>1524.489</ele><time>2026-06-24T17:28:31Z</time></trkpt><trkpt lat="51.26891" lon="-115.501766"><ele>1524.417</ele><time>2026-06-24T17:28:32Z</time></trkpt><trkpt lat="51.268879" lon="-115.501749"><ele>1524.209</ele><time>2026-06-24T17:28:36Z</time></trkpt><trkpt lat="51.26883" lon="-115.501746"><ele>1524.214</ele><time>2026-06-24T17:28:40Z</time></trkpt><trkpt lat="51.268796" lon="-115.501696"><ele>1523.649</ele><time>2026-06-24T17:28:45Z</time></trkpt><trkpt lat="51.268775" lon="-115.501683"><ele>1523.412</ele><time>2026-06-24T17:28:47Z</time></trkpt><trkpt lat="51.26871" lon="-115.501607"><ele>1522.621</ele><time>2026-06-24T17:28:53Z</time></trkpt><trkpt lat="51.268625" lon="-115.501555"><ele>1522.430</ele><time>2026-06-24T17:29:03Z</time></trkpt><trkpt lat="51.268576" lon="-115.501558"><ele>1522.280</ele><time>2026-06-24T17:29:07Z</time></trkpt><trkpt lat="51.268528" lon="-115.501551"><ele>1522.435</ele><time>2026-06-24T17:29:13Z</time></trkpt><trkpt lat="51.268461" lon="-115.501552"><ele>1523.273</ele><time>2026-06-24T17:29:23Z</time></trkpt><trkpt lat="51.268455" lon="-115.501556"><ele>1523.279</ele><time>2026-06-24T17:29:24Z</time></trkpt><trkpt lat="51.268418" lon="-115.501565"><ele>1523.215</ele><time>2026-06-24T17:29:30Z</time></trkpt><trkpt lat="51.268408" lon="-115.501551"><ele>1523.265</ele><time>2026-06-24T17:29:32Z</time></trkpt><trkpt lat="51.268402" lon="-115.501548"><ele>1523.211</ele><time>2026-06-24T17:29:33Z</time></trkpt><trkpt lat="51.268349" lon="-115.501507"><ele>1523.409</ele><time>2026-06-24T17:29:43Z</time></trkpt><trkpt lat="51.268282" lon="-115.501443"><ele>1523.613</ele><time>2026-06-24T17:29:51Z</time></trkpt><trkpt lat="51.268234" lon="-115.5014"><ele>1523.448</ele><time>2026-06-24T17:29:57Z</time></trkpt><trkpt lat="51.268225" lon="-115.501365"><ele>1523.061</ele><time>2026-06-24T17:30:00Z</time></trkpt><trkpt lat="51.268192" lon="-115.5013"><ele>1522.280</ele><time>2026-06-24T17:30:07Z</time></trkpt><trkpt lat="51.268195" lon="-115.501318"><ele>1521.879</ele><time>2026-06-24T17:30:16Z</time></trkpt><trkpt lat="51.268197" lon="-115.501311"><ele>1522.219</ele><time>2026-06-24T17:30:22Z</time></trkpt><trkpt lat="51.268173" lon="-115.501271"><ele>1521.814</ele><time>2026-06-24T17:30:25Z</time></trkpt><trkpt lat="51.268163" lon="-115.501251"><ele>1521.672</ele><time>2026-06-24T17:30:27Z</time></trkpt><trkpt lat="51.26811" lon="-115.501168"><ele>1520.888</ele><time>2026-06-24T17:30:34Z</time></trkpt><trkpt lat="51.268102" lon="-115.501158"><ele>1520.691</ele><time>2026-06-24T17:30:35Z</time></trkpt><trkpt lat="51.268049" lon="-115.501068"><ele>1519.881</ele><time>2026-06-24T17:30:42Z</time></trkpt><trkpt lat="51.268045" lon="-115.501054"><ele>1519.619</ele><time>2026-06-24T17:30:43Z</time></trkpt><trkpt lat="51.26804" lon="-115.501029"><ele>1519.609</ele><time>2026-06-24T17:30:45Z</time></trkpt><trkpt lat="51.268023" lon="-115.500959"><ele>1519.481</ele><time>2026-06-24T17:30:49Z</time></trkpt><trkpt lat="51.267985" lon="-115.500845"><ele>1519.426</ele><time>2026-06-24T17:30:57Z</time></trkpt><trkpt lat="51.267957" lon="-115.500818"><ele>1518.469</ele><time>2026-06-24T17:31:02Z</time></trkpt><trkpt lat="51.267937" lon="-115.500773"><ele>1518.018</ele><time>2026-06-24T17:31:05Z</time></trkpt><trkpt lat="51.267904" lon="-115.500717"><ele>1517.637</ele><time>2026-06-24T17:31:11Z</time></trkpt><trkpt lat="51.267899" lon="-115.500706"><ele>1517.487</ele><time>2026-06-24T17:31:12Z</time></trkpt><trkpt lat="51.267858" lon="-115.500624"><ele>1516.492</ele><time>2026-06-24T17:31:17Z</time></trkpt><trkpt lat="51.267828" lon="-115.500572"><ele>1516.080</ele><time>2026-06-24T17:31:21Z</time></trkpt><trkpt lat="51.26779" lon="-115.500528"><ele>1515.446</ele><time>2026-06-24T17:31:24Z</time></trkpt><trkpt lat="51.267746" lon="-115.500476"><ele>1514.622</ele><time>2026-06-24T17:31:28Z</time></trkpt><trkpt lat="51.267729" lon="-115.500461"><ele>1514.462</ele><time>2026-06-24T17:31:30Z</time></trkpt><trkpt lat="51.26772" lon="-115.500459"><ele>1514.408</ele><time>2026-06-24T17:31:31Z</time></trkpt><trkpt lat="51.267647" lon="-115.500425"><ele>1513.809</ele><time>2026-06-24T17:31:38Z</time></trkpt><trkpt lat="51.267588" lon="-115.500343"><ele>1513.464</ele><time>2026-06-24T17:31:45Z</time></trkpt><trkpt lat="51.267586" lon="-115.500329"><ele>1513.249</ele><time>2026-06-24T17:31:46Z</time></trkpt><trkpt lat="51.267531" lon="-115.500259"><ele>1513.682</ele><time>2026-06-24T17:31:54Z</time></trkpt><trkpt lat="51.267475" lon="-115.500211"><ele>1514.451</ele><time>2026-06-24T17:32:00Z</time></trkpt><trkpt lat="51.267447" lon="-115.500179"><ele>1514.650</ele><time>2026-06-24T17:32:03Z</time></trkpt><trkpt lat="51.267388" lon="-115.500117"><ele>1514.490</ele><time>2026-06-24T17:32:09Z</time></trkpt><trkpt lat="51.267331" lon="-115.500017"><ele>1514.015</ele><time>2026-06-24T17:32:17Z</time></trkpt><trkpt lat="51.267247" lon="-115.499946"><ele>1513.283</ele><time>2026-06-24T17:32:26Z</time></trkpt><trkpt lat="51.267231" lon="-115.499939"><ele>1513.059</ele><time>2026-06-24T17:32:28Z</time></trkpt><trkpt lat="51.267161" lon="-115.499893"><ele>1512.247</ele><time>2026-06-24T17:32:35Z</time></trkpt><trkpt lat="51.267154" lon="-115.499881"><ele>1512.029</ele><time>2026-06-24T17:32:36Z</time></trkpt><trkpt lat="51.267074" lon="-115.499819"><ele>1511.821</ele><time>2026-06-24T17:32:44Z</time></trkpt><trkpt lat="51.267011" lon="-115.499774"><ele>1511.809</ele><time>2026-06-24T17:32:51Z</time></trkpt><trkpt lat="51.266941" lon="-115.499723"><ele>1511.626</ele><time>2026-06-24T17:32:59Z</time></trkpt><trkpt lat="51.266888" lon="-115.499666"><ele>1512.081</ele><time>2026-06-24T17:33:06Z</time></trkpt><trkpt lat="51.266805" lon="-115.499626"><ele>1511.614</ele><time>2026-06-24T17:33:14Z</time></trkpt><trkpt lat="51.26671" lon="-115.499584"><ele>1511.693</ele><time>2026-06-24T17:33:23Z</time></trkpt><trkpt lat="51.266661" lon="-115.499512"><ele>1511.642</ele><time>2026-06-24T17:33:29Z</time></trkpt><trkpt lat="51.26664" lon="-115.499445"><ele>1512.262</ele><time>2026-06-24T17:33:37Z</time></trkpt><trkpt lat="51.266591" lon="-115.499309"><ele>1512.617</ele><time>2026-06-24T17:33:48Z</time></trkpt><trkpt lat="51.266568" lon="-115.499304"><ele>1513.075</ele><time>2026-06-24T17:33:51Z</time></trkpt><trkpt lat="51.266546" lon="-115.499306"><ele>1512.811</ele><time>2026-06-24T17:33:56Z</time></trkpt><trkpt lat="51.266554" lon="-115.499331"><ele>1513.065</ele><time>2026-06-24T17:34:02Z</time></trkpt><trkpt lat="51.266549" lon="-115.499334"><ele>1513.068</ele><time>2026-06-24T17:34:07Z</time></trkpt><trkpt lat="51.266554" lon="-115.49923"><ele>1513.014</ele><time>2026-06-24T17:34:16Z</time></trkpt><trkpt lat="51.266551" lon="-115.499205"><ele>1513.209</ele><time>2026-06-24T17:34:18Z</time></trkpt><trkpt lat="51.266497" lon="-115.499123"><ele>1513.668</ele><time>2026-06-24T17:34:24Z</time></trkpt><trkpt lat="51.266422" lon="-115.499063"><ele>1513.293</ele><time>2026-06-24T17:34:34Z</time></trkpt><trkpt lat="51.266336" lon="-115.499"><ele>1513.046</ele><time>2026-06-24T17:34:42Z</time></trkpt><trkpt lat="51.266291" lon="-115.498932"><ele>1513.815</ele><time>2026-06-24T17:34:49Z</time></trkpt><trkpt lat="51.266217" lon="-115.498877"><ele>1513.664</ele><time>2026-06-24T17:34:55Z</time></trkpt><trkpt lat="51.2661" lon="-115.498797"><ele>1512.874</ele><time>2026-06-24T17:35:05Z</time></trkpt><trkpt lat="51.266048" lon="-115.49875"><ele>1513.429</ele><time>2026-06-24T17:35:12Z</time></trkpt><trkpt lat="51.265985" lon="-115.498719"><ele>1513.487</ele><time>2026-06-24T17:35:19Z</time></trkpt><trkpt lat="51.265921" lon="-115.498655"><ele>1513.023</ele><time>2026-06-24T17:35:27Z</time></trkpt><trkpt lat="51.265831" lon="-115.498546"><ele>1513.087</ele><time>2026-06-24T17:35:37Z</time></trkpt><trkpt lat="51.265787" lon="-115.498501"><ele>1513.242</ele><time>2026-06-24T17:35:44Z</time></trkpt><trkpt lat="51.265723" lon="-115.498459"><ele>1513.226</ele><time>2026-06-24T17:35:52Z</time></trkpt><trkpt lat="51.265671" lon="-115.498366"><ele>1513.209</ele><time>2026-06-24T17:36:00Z</time></trkpt><trkpt lat="51.265598" lon="-115.498299"><ele>1513.250</ele><time>2026-06-24T17:36:08Z</time></trkpt><trkpt lat="51.265522" lon="-115.498224"><ele>1512.455</ele><time>2026-06-24T17:36:17Z</time></trkpt><trkpt lat="51.265479" lon="-115.498202"><ele>1512.248</ele><time>2026-06-24T17:36:22Z</time></trkpt><trkpt lat="51.265445" lon="-115.498179"><ele>1511.677</ele><time>2026-06-24T17:36:26Z</time></trkpt><trkpt lat="51.265396" lon="-115.498132"><ele>1511.486</ele><time>2026-06-24T17:36:33Z</time></trkpt><trkpt lat="51.265381" lon="-115.498125"><ele>1511.626</ele><time>2026-06-24T17:36:35Z</time></trkpt><trkpt lat="51.265339" lon="-115.498091"><ele>1512.651</ele><time>2026-06-24T17:36:42Z</time></trkpt><trkpt lat="51.265324" lon="-115.498075"><ele>1513.059</ele><time>2026-06-24T17:36:44Z</time></trkpt><trkpt lat="51.265319" lon="-115.498068"><ele>1513.015</ele><time>2026-06-24T17:36:45Z</time></trkpt><trkpt lat="51.265313" lon="-115.498057"><ele>1513.215</ele><time>2026-06-24T17:36:47Z</time></trkpt><trkpt lat="51.265306" lon="-115.498036"><ele>1513.665</ele><time>2026-06-24T17:36:51Z</time></trkpt><trkpt lat="51.265299" lon="-115.498021"><ele>1513.611</ele><time>2026-06-24T17:36:53Z</time></trkpt><trkpt lat="51.265283" lon="-115.497966"><ele>1513.809</ele><time>2026-06-24T17:37:00Z</time></trkpt><trkpt lat="51.265278" lon="-115.497952"><ele>1514.213</ele><time>2026-06-24T17:37:03Z</time></trkpt><trkpt lat="51.265247" lon="-115.497914"><ele>1515.048</ele><time>2026-06-24T17:37:09Z</time></trkpt><trkpt lat="51.265245" lon="-115.497909"><ele>1515.031</ele><time>2026-06-24T17:37:10Z</time></trkpt><trkpt lat="51.265226" lon="-115.497886"><ele>1515.430</ele><time>2026-06-24T17:37:13Z</time></trkpt><trkpt lat="51.265181" lon="-115.497826"><ele>1515.879</ele><time>2026-06-24T17:37:19Z</time></trkpt><trkpt lat="51.265132" lon="-115.497774"><ele>1516.419</ele><time>2026-06-24T17:37:28Z</time></trkpt><trkpt lat="51.265093" lon="-115.497736"><ele>1516.894</ele><time>2026-06-24T17:37:33Z</time></trkpt><trkpt lat="51.265056" lon="-115.497706"><ele>1517.292</ele><time>2026-06-24T17:37:37Z</time></trkpt><trkpt lat="51.265043" lon="-115.497698"><ele>1517.268</ele><time>2026-06-24T17:37:38Z</time></trkpt><trkpt lat="51.264967" lon="-115.497613"><ele>1517.464</ele><time>2026-06-24T17:37:47Z</time></trkpt><trkpt lat="51.264955" lon="-115.497592"><ele>1517.606</ele><time>2026-06-24T17:37:51Z</time></trkpt><trkpt lat="51.264932" lon="-115.497562"><ele>1518.216</ele><time>2026-06-24T17:37:56Z</time></trkpt><trkpt lat="51.264888" lon="-115.497538"><ele>1518.409</ele><time>2026-06-24T17:38:01Z</time></trkpt><trkpt lat="51.26485" lon="-115.497503"><ele>1519.038</ele><time>2026-06-24T17:38:06Z</time></trkpt><trkpt lat="51.264818" lon="-115.497437"><ele>1519.473</ele><time>2026-06-24T17:38:13Z</time></trkpt><trkpt lat="51.264811" lon="-115.497419"><ele>1519.896</ele><time>2026-06-24T17:38:15Z</time></trkpt><trkpt lat="51.264761" lon="-115.497354"><ele>1520.435</ele><time>2026-06-24T17:38:25Z</time></trkpt><trkpt lat="51.264753" lon="-115.497341"><ele>1520.634</ele><time>2026-06-24T17:38:26Z</time></trkpt><trkpt lat="51.264686" lon="-115.497258"><ele>1520.894</ele><time>2026-06-24T17:38:34Z</time></trkpt><trkpt lat="51.264671" lon="-115.497239"><ele>1521.629</ele><time>2026-06-24T17:38:40Z</time></trkpt><trkpt lat="51.26467" lon="-115.497238"><ele>1521.697</ele><time>2026-06-24T17:38:41Z</time></trkpt><trkpt lat="51.264663" lon="-115.497231"><ele>1521.893</ele><time>2026-06-24T17:38:43Z</time></trkpt><trkpt lat="51.2646" lon="-115.497226"><ele>1522.431</ele><time>2026-06-24T17:38:51Z</time></trkpt><trkpt lat="51.264589" lon="-115.497236"><ele>1522.461</ele><time>2026-06-24T17:38:52Z</time></trkpt><trkpt lat="51.264567" lon="-115.497248"><ele>1522.007</ele><time>2026-06-24T17:39:00Z</time></trkpt><trkpt lat="51.264535" lon="-115.497199"><ele>1521.809</ele><time>2026-06-24T17:39:11Z</time></trkpt><trkpt lat="51.264466" lon="-115.497145"><ele>1521.815</ele><time>2026-06-24T17:39:19Z</time></trkpt><trkpt lat="51.264419" lon="-115.497117"><ele>1521.440</ele><time>2026-06-24T17:39:24Z</time></trkpt><trkpt lat="51.264368" lon="-115.497054"><ele>1521.073</ele><time>2026-06-24T17:39:31Z</time></trkpt><trkpt lat="51.264315" lon="-115.497009"><ele>1521.062</ele><time>2026-06-24T17:39:37Z</time></trkpt><trkpt lat="51.264236" lon="-115.496999"><ele>1520.691</ele><time>2026-06-24T17:39:45Z</time></trkpt><trkpt lat="51.264219" lon="-115.496987"><ele>1520.441</ele><time>2026-06-24T17:39:47Z</time></trkpt><trkpt lat="51.264151" lon="-115.496948"><ele>1520.246</ele><time>2026-06-24T17:39:55Z</time></trkpt><trkpt lat="51.264098" lon="-115.4969"><ele>1519.454</ele><time>2026-06-24T17:40:02Z</time></trkpt><trkpt lat="51.264072" lon="-115.496893"><ele>1519.420</ele><time>2026-06-24T17:40:04Z</time></trkpt><trkpt lat="51.264036" lon="-115.49693"><ele>1519.065</ele><time>2026-06-24T17:40:10Z</time></trkpt><trkpt lat="51.264027" lon="-115.496916"><ele>1519.268</ele><time>2026-06-24T17:40:18Z</time></trkpt><trkpt lat="51.264016" lon="-115.496889"><ele>1519.214</ele><time>2026-06-24T17:40:20Z</time></trkpt><trkpt lat="51.263941" lon="-115.496833"><ele>1518.609</ele><time>2026-06-24T17:40:27Z</time></trkpt><trkpt lat="51.263935" lon="-115.496833"><ele>1518.428</ele><time>2026-06-24T17:40:28Z</time></trkpt><trkpt lat="51.263876" lon="-115.496773"><ele>1517.843</ele><time>2026-06-24T17:40:34Z</time></trkpt><trkpt lat="51.263849" lon="-115.496754"><ele>1517.456</ele><time>2026-06-24T17:40:37Z</time></trkpt><trkpt lat="51.263805" lon="-115.496746"><ele>1516.685</ele><time>2026-06-24T17:40:40Z</time></trkpt><trkpt lat="51.263793" lon="-115.496743"><ele>1516.484</ele><time>2026-06-24T17:40:41Z</time></trkpt><trkpt lat="51.263731" lon="-115.496753"><ele>1515.224</ele><time>2026-06-24T17:40:45Z</time></trkpt><trkpt lat="51.263691" lon="-115.49676"><ele>1514.699</ele><time>2026-06-24T17:40:48Z</time></trkpt><trkpt lat="51.263679" lon="-115.49676"><ele>1514.217</ele><time>2026-06-24T17:40:49Z</time></trkpt><trkpt lat="51.263652" lon="-115.496727"><ele>1513.013</ele><time>2026-06-24T17:40:53Z</time></trkpt><trkpt lat="51.26362" lon="-115.496687"><ele>1512.648</ele><time>2026-06-24T17:40:56Z</time></trkpt><trkpt lat="51.263585" lon="-115.496661"><ele>1511.861</ele><time>2026-06-24T17:40:59Z</time></trkpt><trkpt lat="51.26355" lon="-115.496633"><ele>1511.617</ele><time>2026-06-24T17:41:03Z</time></trkpt><trkpt lat="51.263483" lon="-115.496603"><ele>1511.409</ele><time>2026-06-24T17:41:08Z</time></trkpt><trkpt lat="51.263443" lon="-115.496596"><ele>1510.896</ele><time>2026-06-24T17:41:11Z</time></trkpt><trkpt lat="51.26343" lon="-115.496587"><ele>1510.681</ele><time>2026-06-24T17:41:12Z</time></trkpt><trkpt lat="51.263362" lon="-115.496545"><ele>1510.644</ele><time>2026-06-24T17:41:21Z</time></trkpt><trkpt lat="51.263309" lon="-115.496547"><ele>1509.853</ele><time>2026-06-24T17:41:27Z</time></trkpt><trkpt lat="51.263297" lon="-115.496544"><ele>1509.682</ele><time>2026-06-24T17:41:28Z</time></trkpt><trkpt lat="51.26324" lon="-115.496522"><ele>1508.642</ele><time>2026-06-24T17:41:33Z</time></trkpt><trkpt lat="51.263204" lon="-115.496496"><ele>1508.457</ele><time>2026-06-24T17:41:37Z</time></trkpt><trkpt lat="51.263123" lon="-115.496492"><ele>1507.615</ele><time>2026-06-24T17:41:45Z</time></trkpt><trkpt lat="51.263062" lon="-115.496472"><ele>1506.651</ele><time>2026-06-24T17:41:52Z</time></trkpt><trkpt lat="51.263001" lon="-115.496448"><ele>1506.419</ele><time>2026-06-24T17:41:58Z</time></trkpt><trkpt lat="51.262982" lon="-115.496434"><ele>1506.209</ele><time>2026-06-24T17:42:00Z</time></trkpt><trkpt lat="51.262909" lon="-115.496403"><ele>1505.819</ele><time>2026-06-24T17:42:09Z</time></trkpt><trkpt lat="51.262867" lon="-115.496345"><ele>1506.209</ele><time>2026-06-24T17:42:16Z</time></trkpt><trkpt lat="51.262817" lon="-115.496279"><ele>1506.413</ele><time>2026-06-24T17:42:23Z</time></trkpt><trkpt lat="51.262734" lon="-115.496244"><ele>1506.028</ele><time>2026-06-24T17:42:30Z</time></trkpt><trkpt lat="51.262676" lon="-115.496218"><ele>1506.041</ele><time>2026-06-24T17:42:37Z</time></trkpt><trkpt lat="51.262644" lon="-115.496193"><ele>1505.680</ele><time>2026-06-24T17:42:41Z</time></trkpt><trkpt lat="51.262603" lon="-115.496175"><ele>1505.899</ele><time>2026-06-24T17:42:46Z</time></trkpt><trkpt lat="51.262549" lon="-115.496133"><ele>1505.039</ele><time>2026-06-24T17:42:53Z</time></trkpt><trkpt lat="51.262475" lon="-115.496096"><ele>1504.894</ele><time>2026-06-24T17:43:01Z</time></trkpt><trkpt lat="51.262431" lon="-115.496047"><ele>1504.872</ele><time>2026-06-24T17:43:07Z</time></trkpt><trkpt lat="51.262354" lon="-115.496025"><ele>1504.688</ele><time>2026-06-24T17:43:15Z</time></trkpt><trkpt lat="51.262346" lon="-115.496027"><ele>1504.479</ele><time>2026-06-24T17:43:16Z</time></trkpt><trkpt lat="51.262271" lon="-115.495974"><ele>1503.605</ele><time>2026-06-24T17:43:24Z</time></trkpt><trkpt lat="51.262212" lon="-115.495895"><ele>1503.825</ele><time>2026-06-24T17:43:32Z</time></trkpt><trkpt lat="51.262136" lon="-115.495815"><ele>1503.609</ele><time>2026-06-24T17:43:40Z</time></trkpt><trkpt lat="51.26207" lon="-115.495759"><ele>1503.649</ele><time>2026-06-24T17:43:48Z</time></trkpt><trkpt lat="51.26201" lon="-115.495676"><ele>1503.844</ele><time>2026-06-24T17:43:56Z</time></trkpt><trkpt lat="51.261914" lon="-115.49558"><ele>1504.027</ele><time>2026-06-24T17:44:07Z</time></trkpt><trkpt lat="51.261838" lon="-115.495542"><ele>1504.016</ele><time>2026-06-24T17:44:14Z</time></trkpt><trkpt lat="51.261794" lon="-115.495503"><ele>1503.425</ele><time>2026-06-24T17:44:19Z</time></trkpt><trkpt lat="51.261782" lon="-115.49547"><ele>1503.255</ele><time>2026-06-24T17:44:23Z</time></trkpt><trkpt lat="51.261736" lon="-115.495393"><ele>1503.220</ele><time>2026-06-24T17:44:29Z</time></trkpt><trkpt lat="51.261662" lon="-115.495309"><ele>1502.658</ele><time>2026-06-24T17:44:36Z</time></trkpt><trkpt lat="51.261623" lon="-115.495268"><ele>1502.474</ele><time>2026-06-24T17:44:41Z</time></trkpt><trkpt lat="51.261567" lon="-115.49524"><ele>1502.464</ele><time>2026-06-24T17:44:46Z</time></trkpt><trkpt lat="51.261526" lon="-115.495228"><ele>1502.006</ele><time>2026-06-24T17:44:51Z</time></trkpt><trkpt lat="51.261512" lon="-115.49522"><ele>1501.816</ele><time>2026-06-24T17:44:53Z</time></trkpt><trkpt lat="51.261502" lon="-115.495212"><ele>1501.609</ele><time>2026-06-24T17:44:54Z</time></trkpt><trkpt lat="51.261472" lon="-115.495184"><ele>1501.488</ele><time>2026-06-24T17:44:57Z</time></trkpt><trkpt lat="51.261447" lon="-115.495168"><ele>1501.463</ele><time>2026-06-24T17:45:01Z</time></trkpt><trkpt lat="51.261359" lon="-115.495131"><ele>1501.436</ele><time>2026-06-24T17:45:09Z</time></trkpt><trkpt lat="51.26128" lon="-115.495086"><ele>1501.845</ele><time>2026-06-24T17:45:18Z</time></trkpt><trkpt lat="51.261269" lon="-115.495095"><ele>1501.454</ele><time>2026-06-24T17:45:28Z</time></trkpt><trkpt lat="51.261236" lon="-115.495035"><ele>1501.814</ele><time>2026-06-24T17:45:34Z</time></trkpt><trkpt lat="51.261229" lon="-115.495016"><ele>1501.869</ele><time>2026-06-24T17:45:36Z</time></trkpt><trkpt lat="51.261125" lon="-115.494973"><ele>1501.467</ele><time>2026-06-24T17:45:44Z</time></trkpt><trkpt lat="51.261045" lon="-115.494927"><ele>1501.253</ele><time>2026-06-24T17:45:53Z</time></trkpt><trkpt lat="51.260973" lon="-115.494933"><ele>1500.696</ele><time>2026-06-24T17:45:59Z</time></trkpt><trkpt lat="51.260962" lon="-115.494932"><ele>1500.431</ele><time>2026-06-24T17:46:00Z</time></trkpt><trkpt lat="51.260898" lon="-115.494921"><ele>1499.224</ele><time>2026-06-24T17:46:06Z</time></trkpt><trkpt lat="51.260884" lon="-115.494919"><ele>1499.209</ele><time>2026-06-24T17:46:08Z</time></trkpt><trkpt lat="51.260851" lon="-115.494888"><ele>1499.851</ele><time>2026-06-24T17:46:16Z</time></trkpt><trkpt lat="51.260804" lon="-115.494865"><ele>1499.496</ele><time>2026-06-24T17:46:21Z</time></trkpt><trkpt lat="51.260767" lon="-115.494859"><ele>1498.869</ele><time>2026-06-24T17:46:25Z</time></trkpt><trkpt lat="51.260741" lon="-115.494853"><ele>1498.268</ele><time>2026-06-24T17:46:30Z</time></trkpt><trkpt lat="51.260702" lon="-115.494852"><ele>1497.877</ele><time>2026-06-24T17:46:35Z</time></trkpt><trkpt lat="51.260685" lon="-115.494844"><ele>1497.257</ele><time>2026-06-24T17:46:38Z</time></trkpt><trkpt lat="51.260643" lon="-115.494845"><ele>1496.492</ele><time>2026-06-24T17:46:43Z</time></trkpt><trkpt lat="51.260621" lon="-115.494839"><ele>1496.020</ele><time>2026-06-24T17:46:45Z</time></trkpt><trkpt lat="51.26057" lon="-115.494819"><ele>1495.426</ele><time>2026-06-24T17:46:51Z</time></trkpt><trkpt lat="51.260557" lon="-115.494811"><ele>1495.037</ele><time>2026-06-24T17:46:53Z</time></trkpt><trkpt lat="51.260524" lon="-115.494774"><ele>1494.849</ele><time>2026-06-24T17:47:00Z</time></trkpt><trkpt lat="51.260516" lon="-115.494763"><ele>1494.813</ele><time>2026-06-24T17:47:01Z</time></trkpt><trkpt lat="51.260483" lon="-115.494714"><ele>1494.409</ele><time>2026-06-24T17:47:06Z</time></trkpt><trkpt lat="51.260457" lon="-115.49466"><ele>1494.285</ele><time>2026-06-24T17:47:13Z</time></trkpt><trkpt lat="51.260402" lon="-115.494607"><ele>1494.480</ele><time>2026-06-24T17:47:22Z</time></trkpt><trkpt lat="51.260401" lon="-115.494603"><ele>1494.413</ele><time>2026-06-24T17:47:23Z</time></trkpt><trkpt lat="51.260404" lon="-115.494592"><ele>1494.422</ele><time>2026-06-24T17:47:30Z</time></trkpt><trkpt lat="51.260409" lon="-115.494576"><ele>1495.421</ele><time>2026-06-24T17:47:34Z</time></trkpt><trkpt lat="51.260407" lon="-115.494565"><ele>1496.241</ele><time>2026-06-24T17:47:36Z</time></trkpt><trkpt lat="51.260365" lon="-115.494481"><ele>1496.816</ele><time>2026-06-24T17:47:44Z</time></trkpt><trkpt lat="51.260317" lon="-115.494433"><ele>1497.274</ele><time>2026-06-24T17:47:53Z</time></trkpt><trkpt lat="51.260312" lon="-115.494434"><ele>1497.260</ele><time>2026-06-24T17:47:54Z</time></trkpt><trkpt lat="51.260295" lon="-115.494435"><ele>1497.497</ele><time>2026-06-24T17:47:58Z</time></trkpt><trkpt lat="51.260276" lon="-115.494402"><ele>1498.023</ele><time>2026-06-24T17:48:04Z</time></trkpt><trkpt lat="51.260216" lon="-115.494357"><ele>1498.225</ele><time>2026-06-24T17:48:12Z</time></trkpt><trkpt lat="51.260191" lon="-115.494329"><ele>1498.209</ele><time>2026-06-24T17:48:15Z</time></trkpt><trkpt lat="51.260149" lon="-115.494298"><ele>1498.641</ele><time>2026-06-24T17:48:20Z</time></trkpt><trkpt lat="51.260141" lon="-115.494293"><ele>1498.696</ele><time>2026-06-24T17:48:21Z</time></trkpt><trkpt lat="51.260084" lon="-115.494256"><ele>1499.079</ele><time>2026-06-24T17:48:28Z</time></trkpt><trkpt lat="51.260036" lon="-115.494228"><ele>1499.478</ele><time>2026-06-24T17:48:33Z</time></trkpt><trkpt lat="51.260008" lon="-115.494209"><ele>1499.277</ele><time>2026-06-24T17:48:37Z</time></trkpt><trkpt lat="51.259926" lon="-115.494196"><ele>1498.887</ele><time>2026-06-24T17:48:45Z</time></trkpt><trkpt lat="51.259903" lon="-115.494198"><ele>1498.632</ele><time>2026-06-24T17:48:47Z</time></trkpt><trkpt lat="51.259868" lon="-115.494212"><ele>1498.270</ele><time>2026-06-24T17:48:50Z</time></trkpt><trkpt lat="51.259818" lon="-115.494236"><ele>1497.436</ele><time>2026-06-24T17:48:55Z</time></trkpt><trkpt lat="51.259813" lon="-115.494245"><ele>1497.086</ele><time>2026-06-24T17:48:57Z</time></trkpt><trkpt lat="51.259775" lon="-115.494256"><ele>1496.060</ele><time>2026-06-24T17:49:03Z</time></trkpt><trkpt lat="51.259719" lon="-115.494316"><ele>1495.026</ele><time>2026-06-24T17:49:09Z</time></trkpt><trkpt lat="51.259704" lon="-115.494315"><ele>1494.609</ele><time>2026-06-24T17:49:11Z</time></trkpt><trkpt lat="51.259666" lon="-115.494291"><ele>1493.840</ele><time>2026-06-24T17:49:18Z</time></trkpt><trkpt lat="51.259661" lon="-115.494284"><ele>1493.855</ele><time>2026-06-24T17:49:19Z</time></trkpt><trkpt lat="51.259653" lon="-115.494271"><ele>1493.428</ele><time>2026-06-24T17:49:24Z</time></trkpt><trkpt lat="51.259642" lon="-115.494257"><ele>1493.477</ele><time>2026-06-24T17:49:26Z</time></trkpt><trkpt lat="51.259609" lon="-115.494225"><ele>1492.816</ele><time>2026-06-24T17:49:30Z</time></trkpt><trkpt lat="51.259594" lon="-115.494226"><ele>1492.686</ele><time>2026-06-24T17:49:31Z</time></trkpt><trkpt lat="51.259548" lon="-115.494328"><ele>1491.891</ele><time>2026-06-24T17:49:38Z</time></trkpt><trkpt lat="51.259517" lon="-115.49443"><ele>1491.849</ele><time>2026-06-24T17:49:47Z</time></trkpt><trkpt lat="51.259501" lon="-115.494449"><ele>1492.055</ele><time>2026-06-24T17:49:53Z</time></trkpt><trkpt lat="51.259496" lon="-115.494458"><ele>1492.057</ele><time>2026-06-24T17:49:57Z</time></trkpt><trkpt lat="51.25952" lon="-115.494467"><ele>1492.000</ele><time>2026-06-24T17:50:03Z</time></trkpt><trkpt lat="51.259521" lon="-115.494464"><ele>1492.020</ele><time>2026-06-24T17:50:04Z</time></trkpt><trkpt lat="51.259509" lon="-115.494455"><ele>1492.009</ele><time>2026-06-24T17:50:05Z</time></trkpt><trkpt lat="51.259522" lon="-115.494451"><ele>1491.837</ele><time>2026-06-24T17:50:12Z</time></trkpt><trkpt lat="51.259495" lon="-115.49444"><ele>1491.822</ele><time>2026-06-24T17:50:20Z</time></trkpt><trkpt lat="51.25951" lon="-115.494497"><ele>1492.015</ele><time>2026-06-24T17:50:27Z</time></trkpt><trkpt lat="51.259506" lon="-115.494522"><ele>1492.084</ele><time>2026-06-24T17:50:29Z</time></trkpt><trkpt lat="51.259471" lon="-115.494607"><ele>1491.883</ele><time>2026-06-24T17:50:37Z</time></trkpt><trkpt lat="51.259423" lon="-115.49467"><ele>1491.853</ele><time>2026-06-24T17:50:45Z</time></trkpt><trkpt lat="51.259417" lon="-115.49466"><ele>1491.678</ele><time>2026-06-24T17:50:46Z</time></trkpt><trkpt lat="51.259382" lon="-115.494634"><ele>1491.696</ele><time>2026-06-24T17:50:50Z</time></trkpt><trkpt lat="51.259337" lon="-115.494585"><ele>1491.422</ele><time>2026-06-24T17:50:56Z</time></trkpt><trkpt lat="51.259255" lon="-115.494522"><ele>1490.822</ele><time>2026-06-24T17:51:04Z</time></trkpt><trkpt lat="51.259181" lon="-115.494488"><ele>1489.862</ele><time>2026-06-24T17:51:12Z</time></trkpt><trkpt lat="51.259169" lon="-115.494486"><ele>1489.808</ele><time>2026-06-24T17:51:14Z</time></trkpt><trkpt lat="51.259133" lon="-115.494481"><ele>1489.209</ele><time>2026-06-24T17:51:18Z</time></trkpt><trkpt lat="51.259087" lon="-115.494474"><ele>1488.634</ele><time>2026-06-24T17:51:22Z</time></trkpt><trkpt lat="51.259053" lon="-115.494471"><ele>1488.659</ele><time>2026-06-24T17:51:26Z</time></trkpt><trkpt lat="51.258982" lon="-115.494466"><ele>1488.672</ele><time>2026-06-24T17:51:33Z</time></trkpt><trkpt lat="51.258929" lon="-115.494457"><ele>1489.021</ele><time>2026-06-24T17:51:41Z</time></trkpt><trkpt lat="51.25886" lon="-115.494455"><ele>1489.620</ele><time>2026-06-24T17:51:50Z</time></trkpt><trkpt lat="51.258754" lon="-115.49441"><ele>1489.240</ele><time>2026-06-24T17:51:59Z</time></trkpt><trkpt lat="51.258713" lon="-115.494395"><ele>1489.675</ele><time>2026-06-24T17:52:03Z</time></trkpt><trkpt lat="51.258673" lon="-115.494381"><ele>1489.823</ele><time>2026-06-24T17:52:07Z</time></trkpt><trkpt lat="51.258615" lon="-115.494373"><ele>1490.489</ele><time>2026-06-24T17:52:15Z</time></trkpt><trkpt lat="51.258592" lon="-115.494366"><ele>1490.619</ele><time>2026-06-24T17:52:18Z</time></trkpt><trkpt lat="51.258564" lon="-115.494357"><ele>1491.209</ele><time>2026-06-24T17:52:22Z</time></trkpt><trkpt lat="51.258517" lon="-115.494356"><ele>1491.819</ele><time>2026-06-24T17:52:28Z</time></trkpt><trkpt lat="51.258494" lon="-115.494349"><ele>1491.809</ele><time>2026-06-24T17:52:31Z</time></trkpt><trkpt lat="51.258479" lon="-115.494343"><ele>1491.823</ele><time>2026-06-24T17:52:33Z</time></trkpt><trkpt lat="51.258418" lon="-115.494287"><ele>1492.248</ele><time>2026-06-24T17:52:41Z</time></trkpt><trkpt lat="51.258367" lon="-115.494241"><ele>1492.481</ele><time>2026-06-24T17:52:49Z</time></trkpt><trkpt lat="51.258307" lon="-115.49421"><ele>1492.640</ele><time>2026-06-24T17:52:56Z</time></trkpt><trkpt lat="51.258269" lon="-115.49419"><ele>1492.829</ele><time>2026-06-24T17:53:00Z</time></trkpt><trkpt lat="51.258238" lon="-115.494171"><ele>1492.859</ele><time>2026-06-24T17:53:03Z</time></trkpt><trkpt lat="51.25815" lon="-115.494134"><ele>1493.414</ele><time>2026-06-24T17:53:14Z</time></trkpt><trkpt lat="51.258062" lon="-115.494134"><ele>1493.642</ele><time>2026-06-24T17:53:22Z</time></trkpt><trkpt lat="51.257999" lon="-115.494122"><ele>1493.848</ele><time>2026-06-24T17:53:28Z</time></trkpt><trkpt lat="51.257988" lon="-115.494119"><ele>1493.827</ele><time>2026-06-24T17:53:29Z</time></trkpt><trkpt lat="51.257903" lon="-115.494105"><ele>1494.068</ele><time>2026-06-24T17:53:38Z</time></trkpt><trkpt lat="51.257838" lon="-115.494082"><ele>1494.014</ele><time>2026-06-24T17:53:46Z</time></trkpt><trkpt lat="51.257764" lon="-115.494046"><ele>1494.409</ele><time>2026-06-24T17:53:55Z</time></trkpt><trkpt lat="51.257734" lon="-115.494032"><ele>1494.824</ele><time>2026-06-24T17:53:59Z</time></trkpt><trkpt lat="51.2577" lon="-115.494023"><ele>1495.299</ele><time>2026-06-24T17:54:03Z</time></trkpt><trkpt lat="51.257629" lon="-115.494021"><ele>1495.812</ele><time>2026-06-24T17:54:13Z</time></trkpt><trkpt lat="51.25762" lon="-115.494017"><ele>1495.831</ele><time>2026-06-24T17:54:14Z</time></trkpt><trkpt lat="51.257553" lon="-115.494009"><ele>1496.280</ele><time>2026-06-24T17:54:21Z</time></trkpt><trkpt lat="51.257532" lon="-115.494006"><ele>1496.840</ele><time>2026-06-24T17:54:26Z</time></trkpt><trkpt lat="51.257529" lon="-115.494013"><ele>1497.015</ele><time>2026-06-24T17:54:29Z</time></trkpt><trkpt lat="51.257514" lon="-115.493987"><ele>1497.033</ele><time>2026-06-24T17:54:38Z</time></trkpt><trkpt lat="51.257488" lon="-115.493973"><ele>1496.699</ele><time>2026-06-24T17:54:46Z</time></trkpt><trkpt lat="51.257485" lon="-115.493972"><ele>1496.622</ele><time>2026-06-24T17:54:47Z</time></trkpt><trkpt lat="51.2575" lon="-115.494008"><ele>1496.862</ele><time>2026-06-24T17:54:59Z</time></trkpt><trkpt lat="51.257495" lon="-115.494076"><ele>1496.608</ele><time>2026-06-24T17:55:09Z</time></trkpt><trkpt lat="51.257487" lon="-115.494082"><ele>1496.609</ele><time>2026-06-24T17:55:18Z</time></trkpt><trkpt lat="51.257458" lon="-115.494001"><ele>1497.014</ele><time>2026-06-24T17:55:27Z</time></trkpt><trkpt lat="51.257404" lon="-115.493968"><ele>1496.859</ele><time>2026-06-24T17:55:35Z</time></trkpt><trkpt lat="51.257341" lon="-115.493941"><ele>1496.222</ele><time>2026-06-24T17:55:43Z</time></trkpt><trkpt lat="51.257305" lon="-115.49392"><ele>1495.851</ele><time>2026-06-24T17:55:46Z</time></trkpt><trkpt lat="51.257249" lon="-115.493896"><ele>1495.610</ele><time>2026-06-24T17:55:52Z</time></trkpt><trkpt lat="51.257185" lon="-115.493905"><ele>1495.490</ele><time>2026-06-24T17:56:00Z</time></trkpt><trkpt lat="51.257115" lon="-115.493896"><ele>1495.695</ele><time>2026-06-24T17:56:06Z</time></trkpt><trkpt lat="51.257092" lon="-115.4939"><ele>1495.663</ele><time>2026-06-24T17:56:08Z</time></trkpt><trkpt lat="51.257042" lon="-115.493892"><ele>1496.469</ele><time>2026-06-24T17:56:16Z</time></trkpt><trkpt lat="51.257021" lon="-115.493886"><ele>1496.477</ele><time>2026-06-24T17:56:18Z</time></trkpt><trkpt lat="51.256955" lon="-115.493873"><ele>1496.061</ele><time>2026-06-24T17:56:24Z</time></trkpt><trkpt lat="51.256859" lon="-115.4939"><ele>1496.027</ele><time>2026-06-24T17:56:34Z</time></trkpt><trkpt lat="51.256826" lon="-115.49391"><ele>1496.609</ele><time>2026-06-24T17:56:39Z</time></trkpt><trkpt lat="51.256823" lon="-115.49391"><ele>1496.869</ele><time>2026-06-24T17:56:40Z</time></trkpt><trkpt lat="51.256778" lon="-115.493897"><ele>1497.094</ele><time>2026-06-24T17:56:46Z</time></trkpt><trkpt lat="51.256711" lon="-115.49386"><ele>1496.657</ele><time>2026-06-24T17:56:52Z</time></trkpt><trkpt lat="51.256664" lon="-115.493822"><ele>1496.666</ele><time>2026-06-24T17:56:58Z</time></trkpt><trkpt lat="51.256642" lon="-115.493808"><ele>1496.255</ele><time>2026-06-24T17:57:01Z</time></trkpt><trkpt lat="51.256611" lon="-115.493804"><ele>1495.815</ele><time>2026-06-24T17:57:04Z</time></trkpt><trkpt lat="51.256553" lon="-115.493793"><ele>1495.260</ele><time>2026-06-24T17:57:09Z</time></trkpt><trkpt lat="51.256516" lon="-115.493771"><ele>1494.898</ele><time>2026-06-24T17:57:14Z</time></trkpt><trkpt lat="51.256504" lon="-115.493764"><ele>1494.414</ele><time>2026-06-24T17:57:16Z</time></trkpt><trkpt lat="51.25646" lon="-115.493743"><ele>1493.648</ele><time>2026-06-24T17:57:20Z</time></trkpt><trkpt lat="51.256438" lon="-115.493735"><ele>1493.461</ele><time>2026-06-24T17:57:24Z</time></trkpt><trkpt lat="51.256392" lon="-115.493719"><ele>1492.617</ele><time>2026-06-24T17:57:30Z</time></trkpt><trkpt lat="51.256381" lon="-115.493728"><ele>1492.209</ele><time>2026-06-24T17:57:32Z</time></trkpt><trkpt lat="51.256321" lon="-115.493768"><ele>1491.696</ele><time>2026-06-24T17:57:38Z</time></trkpt><trkpt lat="51.25628" lon="-115.493837"><ele>1491.871</ele><time>2026-06-24T17:57:45Z</time></trkpt><trkpt lat="51.256243" lon="-115.493867"><ele>1492.044</ele><time>2026-06-24T17:57:51Z</time></trkpt><trkpt lat="51.256204" lon="-115.493885"><ele>1492.023</ele><time>2026-06-24T17:57:54Z</time></trkpt><trkpt lat="51.256125" lon="-115.493904"><ele>1492.062</ele><time>2026-06-24T17:58:02Z</time></trkpt><trkpt lat="51.256057" lon="-115.493929"><ele>1491.672</ele><time>2026-06-24T17:58:11Z</time></trkpt><trkpt lat="51.256044" lon="-115.493933"><ele>1491.477</ele><time>2026-06-24T17:58:13Z</time></trkpt><trkpt lat="51.255961" lon="-115.493983"><ele>1490.415</ele><time>2026-06-24T17:58:21Z</time></trkpt><trkpt lat="51.255879" lon="-115.494049"><ele>1490.271</ele><time>2026-06-24T17:58:30Z</time></trkpt><trkpt lat="51.255822" lon="-115.494116"><ele>1489.856</ele><time>2026-06-24T17:58:38Z</time></trkpt><trkpt lat="51.255757" lon="-115.494201"><ele>1489.459</ele><time>2026-06-24T17:58:46Z</time></trkpt><trkpt lat="51.255754" lon="-115.494208"><ele>1489.214</ele><time>2026-06-24T17:58:47Z</time></trkpt><trkpt lat="51.255703" lon="-115.494272"><ele>1489.009</ele><time>2026-06-24T17:58:54Z</time></trkpt><trkpt lat="51.255646" lon="-115.494315"><ele>1489.637</ele><time>2026-06-24T17:59:01Z</time></trkpt><trkpt lat="51.255583" lon="-115.494371"><ele>1489.622</ele><time>2026-06-24T17:59:10Z</time></trkpt><trkpt lat="51.255538" lon="-115.494394"><ele>1489.045</ele><time>2026-06-24T17:59:17Z</time></trkpt><trkpt lat="51.255543" lon="-115.494397"><ele>1488.414</ele><time>2026-06-24T17:59:25Z</time></trkpt><trkpt lat="51.255543" lon="-115.494396"><ele>1488.473</ele><time>2026-06-24T17:59:26Z</time></trkpt><trkpt lat="51.255533" lon="-115.4944"><ele>1488.283</ele><time>2026-06-24T17:59:28Z</time></trkpt><trkpt lat="51.255507" lon="-115.494415"><ele>1488.228</ele><time>2026-06-24T17:59:32Z</time></trkpt><trkpt lat="51.255453" lon="-115.494467"><ele>1488.026</ele><time>2026-06-24T17:59:39Z</time></trkpt><trkpt lat="51.255415" lon="-115.494521"><ele>1487.632</ele><time>2026-06-24T17:59:45Z</time></trkpt><trkpt lat="51.255402" lon="-115.494554"><ele>1487.288</ele><time>2026-06-24T17:59:48Z</time></trkpt><trkpt lat="51.25538" lon="-115.494577"><ele>1487.024</ele><time>2026-06-24T17:59:52Z</time></trkpt><trkpt lat="51.255365" lon="-115.494605"><ele>1486.626</ele><time>2026-06-24T17:59:57Z</time></trkpt><trkpt lat="51.255379" lon="-115.494705"><ele>1486.409</ele><time>2026-06-24T18:00:03Z</time></trkpt><trkpt lat="51.255383" lon="-115.494719"><ele>1486.210</ele><time>2026-06-24T18:00:04Z</time></trkpt><trkpt lat="51.255407" lon="-115.494806"><ele>1485.675</ele><time>2026-06-24T18:00:10Z</time></trkpt><trkpt lat="51.255401" lon="-115.494912"><ele>1485.638</ele><time>2026-06-24T18:00:17Z</time></trkpt><trkpt lat="51.255384" lon="-115.49493"><ele>1486.447</ele><time>2026-06-24T18:00:20Z</time></trkpt><trkpt lat="51.255351" lon="-115.494941"><ele>1487.086</ele><time>2026-06-24T18:00:24Z</time></trkpt><trkpt lat="51.255322" lon="-115.494944"><ele>1487.496</ele><time>2026-06-24T18:00:27Z</time></trkpt><trkpt lat="51.255271" lon="-115.494967"><ele>1487.021</ele><time>2026-06-24T18:00:32Z</time></trkpt><trkpt lat="51.25521" lon="-115.494975"><ele>1487.699</ele><time>2026-06-24T18:00:39Z</time></trkpt><trkpt lat="51.25519" lon="-115.494975"><ele>1487.875</ele><time>2026-06-24T18:00:41Z</time></trkpt><trkpt lat="51.255117" lon="-115.495005"><ele>1488.276</ele><time>2026-06-24T18:00:49Z</time></trkpt><trkpt lat="51.255102" lon="-115.49501"><ele>1488.490</ele><time>2026-06-24T18:00:51Z</time></trkpt><trkpt lat="51.255059" lon="-115.495033"><ele>1488.819</ele><time>2026-06-24T18:00:56Z</time></trkpt><trkpt lat="51.255052" lon="-115.495037"><ele>1488.809</ele><time>2026-06-24T18:00:57Z</time></trkpt><trkpt lat="51.255035" lon="-115.495054"><ele>1489.059</ele><time>2026-06-24T18:00:59Z</time></trkpt><trkpt lat="51.254997" lon="-115.495081"><ele>1488.624</ele><time>2026-06-24T18:01:03Z</time></trkpt><trkpt lat="51.254978" lon="-115.495096"><ele>1488.497</ele><time>2026-06-24T18:01:05Z</time></trkpt><trkpt lat="51.254912" lon="-115.495172"><ele>1488.016</ele><time>2026-06-24T18:01:14Z</time></trkpt><trkpt lat="51.25484" lon="-115.495208"><ele>1487.255</ele><time>2026-06-24T18:01:22Z</time></trkpt><trkpt lat="51.254831" lon="-115.495209"><ele>1487.265</ele><time>2026-06-24T18:01:23Z</time></trkpt><trkpt lat="51.254764" lon="-115.495185"><ele>1486.650</ele><time>2026-06-24T18:01:30Z</time></trkpt><trkpt lat="51.254748" lon="-115.495195"><ele>1486.628</ele><time>2026-06-24T18:01:32Z</time></trkpt><trkpt lat="51.25472" lon="-115.495196"><ele>1487.064</ele><time>2026-06-24T18:01:36Z</time></trkpt><trkpt lat="51.254649" lon="-115.495215"><ele>1487.221</ele><time>2026-06-24T18:01:43Z</time></trkpt><trkpt lat="51.25459" lon="-115.495207"><ele>1487.641</ele><time>2026-06-24T18:01:49Z</time></trkpt><trkpt lat="51.254562" lon="-115.495197"><ele>1487.405</ele><time>2026-06-24T18:01:52Z</time></trkpt><trkpt lat="51.254492" lon="-115.495191"><ele>1487.609</ele><time>2026-06-24T18:02:00Z</time></trkpt><trkpt lat="51.254427" lon="-115.495226"><ele>1488.464</ele><time>2026-06-24T18:02:07Z</time></trkpt><trkpt lat="51.254419" lon="-115.49523"><ele>1488.489</ele><time>2026-06-24T18:02:08Z</time></trkpt><trkpt lat="51.254393" lon="-115.495256"><ele>1488.862</ele><time>2026-06-24T18:02:12Z</time></trkpt><trkpt lat="51.254348" lon="-115.495265"><ele>1489.241</ele><time>2026-06-24T18:02:18Z</time></trkpt><trkpt lat="51.254338" lon="-115.495262"><ele>1489.410</ele><time>2026-06-24T18:02:19Z</time></trkpt><trkpt lat="51.254298" lon="-115.495256"><ele>1490.680</ele><time>2026-06-24T18:02:25Z</time></trkpt><trkpt lat="51.254274" lon="-115.495263"><ele>1491.215</ele><time>2026-06-24T18:02:29Z</time></trkpt><trkpt lat="51.254262" lon="-115.495272"><ele>1491.643</ele><time>2026-06-24T18:02:31Z</time></trkpt><trkpt lat="51.254208" lon="-115.495296"><ele>1492.489</ele><time>2026-06-24T18:02:39Z</time></trkpt><trkpt lat="51.254195" lon="-115.495305"><ele>1492.684</ele><time>2026-06-24T18:02:41Z</time></trkpt><trkpt lat="51.254146" lon="-115.495351"><ele>1492.207</ele><time>2026-06-24T18:02:48Z</time></trkpt><trkpt lat="51.254081" lon="-115.495349"><ele>1491.617</ele><time>2026-06-24T18:02:55Z</time></trkpt><trkpt lat="51.254035" lon="-115.495319"><ele>1490.409</ele><time>2026-06-24T18:03:01Z</time></trkpt><trkpt lat="51.254016" lon="-115.495314"><ele>1490.250</ele><time>2026-06-24T18:03:03Z</time></trkpt><trkpt lat="51.253915" lon="-115.495312"><ele>1489.625</ele><time>2026-06-24T18:03:12Z</time></trkpt><trkpt lat="51.253889" lon="-115.495306"><ele>1489.438</ele><time>2026-06-24T18:03:14Z</time></trkpt><trkpt lat="51.253838" lon="-115.495282"><ele>1489.247</ele><time>2026-06-24T18:03:19Z</time></trkpt><trkpt lat="51.25382" lon="-115.495278"><ele>1489.476</ele><time>2026-06-24T18:03:21Z</time></trkpt><trkpt lat="51.2538" lon="-115.495271"><ele>1489.476</ele><time>2026-06-24T18:03:23Z</time></trkpt><trkpt lat="51.253736" lon="-115.495238"><ele>1489.471</ele><time>2026-06-24T18:03:30Z</time></trkpt><trkpt lat="51.253633" lon="-115.495215"><ele>1489.459</ele><time>2026-06-24T18:03:39Z</time></trkpt><trkpt lat="51.253572" lon="-115.495173"><ele>1489.665</ele><time>2026-06-24T18:03:46Z</time></trkpt><trkpt lat="51.253521" lon="-115.495165"><ele>1489.861</ele><time>2026-06-24T18:03:53Z</time></trkpt><trkpt lat="51.253462" lon="-115.495138"><ele>1490.221</ele><time>2026-06-24T18:03:59Z</time></trkpt><trkpt lat="51.253414" lon="-115.495121"><ele>1490.213</ele><time>2026-06-24T18:04:03Z</time></trkpt><trkpt lat="51.253408" lon="-115.495115"><ele>1490.209</ele><time>2026-06-24T18:04:04Z</time></trkpt><trkpt lat="51.253381" lon="-115.495101"><ele>1490.268</ele><time>2026-06-24T18:04:07Z</time></trkpt><trkpt lat="51.25329" lon="-115.495062"><ele>1489.663</ele><time>2026-06-24T18:04:16Z</time></trkpt><trkpt lat="51.253217" lon="-115.495016"><ele>1488.486</ele><time>2026-06-24T18:04:23Z</time></trkpt><trkpt lat="51.253197" lon="-115.495015"><ele>1488.415</ele><time>2026-06-24T18:04:25Z</time></trkpt><trkpt lat="51.253113" lon="-115.494982"><ele>1488.464</ele><time>2026-06-24T18:04:33Z</time></trkpt><trkpt lat="51.253044" lon="-115.494947"><ele>1488.864</ele><time>2026-06-24T18:04:40Z</time></trkpt><trkpt lat="51.253014" lon="-115.494937"><ele>1489.049</ele><time>2026-06-24T18:04:46Z</time></trkpt><trkpt lat="51.252994" lon="-115.494937"><ele>1489.467</ele><time>2026-06-24T18:04:50Z</time></trkpt><trkpt lat="51.252928" lon="-115.494955"><ele>1490.023</ele><time>2026-06-24T18:04:56Z</time></trkpt><trkpt lat="51.252865" lon="-115.494953"><ele>1489.484</ele><time>2026-06-24T18:05:02Z</time></trkpt><trkpt lat="51.252826" lon="-115.494956"><ele>1489.207</ele><time>2026-06-24T18:05:05Z</time></trkpt><trkpt lat="51.252712" lon="-115.494916"><ele>1489.217</ele><time>2026-06-24T18:05:13Z</time></trkpt><trkpt lat="51.252644" lon="-115.494848"><ele>1489.409</ele><time>2026-06-24T18:05:20Z</time></trkpt><trkpt lat="51.252563" lon="-115.494812"><ele>1489.270</ele><time>2026-06-24T18:05:28Z</time></trkpt><trkpt lat="51.252478" lon="-115.494773"><ele>1488.615</ele><time>2026-06-24T18:05:36Z</time></trkpt><trkpt lat="51.252438" lon="-115.49477"><ele>1488.448</ele><time>2026-06-24T18:05:40Z</time></trkpt><trkpt lat="51.252361" lon="-115.494779"><ele>1488.067</ele><time>2026-06-24T18:05:46Z</time></trkpt><trkpt lat="51.252259" lon="-115.494802"><ele>1487.886</ele><time>2026-06-24T18:05:56Z</time></trkpt><trkpt lat="51.252169" lon="-115.494824"><ele>1487.236</ele><time>2026-06-24T18:06:04Z</time></trkpt><trkpt lat="51.252133" lon="-115.494837"><ele>1487.291</ele><time>2026-06-24T18:06:08Z</time></trkpt><trkpt lat="51.252119" lon="-115.494843"><ele>1487.049</ele><time>2026-06-24T18:06:10Z</time></trkpt><trkpt lat="51.252079" lon="-115.494868"><ele>1486.865</ele><time>2026-06-24T18:06:15Z</time></trkpt><trkpt lat="51.251967" lon="-115.494932"><ele>1486.644</ele><time>2026-06-24T18:06:26Z</time></trkpt><trkpt lat="51.251934" lon="-115.49495"><ele>1486.205</ele><time>2026-06-24T18:06:29Z</time></trkpt><trkpt lat="51.25185" lon="-115.494991"><ele>1486.015</ele><time>2026-06-24T18:06:37Z</time></trkpt><trkpt lat="51.251755" lon="-115.495067"><ele>1485.609</ele><time>2026-06-24T18:06:46Z</time></trkpt><trkpt lat="51.251686" lon="-115.495129"><ele>1485.276</ele><time>2026-06-24T18:06:53Z</time></trkpt><trkpt lat="51.251674" lon="-115.49514"><ele>1485.251</ele><time>2026-06-24T18:06:54Z</time></trkpt><trkpt lat="51.251592" lon="-115.495236"><ele>1485.424</ele><time>2026-06-24T18:07:04Z</time></trkpt><trkpt lat="51.251533" lon="-115.495319"><ele>1485.443</ele><time>2026-06-24T18:07:11Z</time></trkpt><trkpt lat="51.251467" lon="-115.495444"><ele>1485.222</ele><time>2026-06-24T18:07:20Z</time></trkpt><trkpt lat="51.251422" lon="-115.495541"><ele>1485.082</ele><time>2026-06-24T18:07:27Z</time></trkpt><trkpt lat="51.251388" lon="-115.495614"><ele>1485.257</ele><time>2026-06-24T18:07:33Z</time></trkpt><trkpt lat="51.251374" lon="-115.49575"><ele>1485.485</ele><time>2026-06-24T18:07:41Z</time></trkpt><trkpt lat="51.251334" lon="-115.495889"><ele>1485.821</ele><time>2026-06-24T18:07:50Z</time></trkpt><trkpt lat="51.251302" lon="-115.496012"><ele>1486.245</ele><time>2026-06-24T18:07:58Z</time></trkpt><trkpt lat="51.251293" lon="-115.496042"><ele>1486.247</ele><time>2026-06-24T18:08:00Z</time></trkpt><trkpt lat="51.251232" lon="-115.496156"><ele>1487.011</ele><time>2026-06-24T18:08:08Z</time></trkpt><trkpt lat="51.251217" lon="-115.496181"><ele>1487.009</ele><time>2026-06-24T18:08:10Z</time></trkpt><trkpt lat="51.251181" lon="-115.496193"><ele>1487.226</ele><time>2026-06-24T18:08:14Z</time></trkpt><trkpt lat="51.251136" lon="-115.496245"><ele>1487.271</ele><time>2026-06-24T18:08:18Z</time></trkpt><trkpt lat="51.251111" lon="-115.496266"><ele>1487.284</ele><time>2026-06-24T18:08:21Z</time></trkpt><trkpt lat="51.251061" lon="-115.496324"><ele>1487.483</ele><time>2026-06-24T18:08:27Z</time></trkpt><trkpt lat="51.251001" lon="-115.496362"><ele>1487.642</ele><time>2026-06-24T18:08:33Z</time></trkpt><trkpt lat="51.250975" lon="-115.496373"><ele>1487.882</ele><time>2026-06-24T18:08:36Z</time></trkpt><trkpt lat="51.250968" lon="-115.496392"><ele>1487.657</ele><time>2026-06-24T18:08:41Z</time></trkpt><trkpt lat="51.250958" lon="-115.496443"><ele>1487.495</ele><time>2026-06-24T18:08:51Z</time></trkpt><trkpt lat="51.250967" lon="-115.49649"><ele>1487.621</ele><time>2026-06-24T18:09:01Z</time></trkpt><trkpt lat="51.250981" lon="-115.496468"><ele>1487.699</ele><time>2026-06-24T18:09:09Z</time></trkpt><trkpt lat="51.251004" lon="-115.496487"><ele>1487.407</ele><time>2026-06-24T18:09:19Z</time></trkpt><trkpt lat="51.250999" lon="-115.496449"><ele>1487.427</ele><time>2026-06-24T18:09:21Z</time></trkpt><trkpt lat="51.250977" lon="-115.496407"><ele>1487.609</ele><time>2026-06-24T18:09:27Z</time></trkpt><trkpt lat="51.250974" lon="-115.496435"><ele>1487.651</ele><time>2026-06-24T18:09:37Z</time></trkpt><trkpt lat="51.250978" lon="-115.49646"><ele>1487.476</ele><time>2026-06-24T18:09:44Z</time></trkpt><trkpt lat="51.250971" lon="-115.496444"><ele>1487.459</ele><time>2026-06-24T18:09:54Z</time></trkpt><trkpt lat="51.251007" lon="-115.496462"><ele>1487.478</ele><time>2026-06-24T18:10:03Z</time></trkpt><trkpt lat="51.251009" lon="-115.496465"><ele>1487.457</ele><time>2026-06-24T18:10:04Z</time></trkpt><trkpt lat="51.251012" lon="-115.496481"><ele>1487.457</ele><time>2026-06-24T18:10:13Z</time></trkpt><trkpt lat="51.251045" lon="-115.496494"><ele>1487.422</ele><time>2026-06-24T18:10:24Z</time></trkpt><trkpt lat="51.251045" lon="-115.496545"><ele>1487.480</ele><time>2026-06-24T18:10:35Z</time></trkpt><trkpt lat="51.251038" lon="-115.496555"><ele>1487.236</ele><time>2026-06-24T18:10:39Z</time></trkpt><trkpt lat="51.251032" lon="-115.496559"><ele>1487.266</ele><time>2026-06-24T18:10:41Z</time></trkpt><trkpt lat="51.251009" lon="-115.496531"><ele>1487.229</ele><time>2026-06-24T18:10:47Z</time></trkpt><trkpt lat="51.251026" lon="-115.496517"><ele>1487.421</ele><time>2026-06-24T18:10:57Z</time></trkpt><trkpt lat="51.251005" lon="-115.496446"><ele>1487.809</ele><time>2026-06-24T18:11:06Z</time></trkpt><trkpt lat="51.250986" lon="-115.496415"><ele>1487.888</ele><time>2026-06-24T18:11:14Z</time></trkpt><trkpt lat="51.250978" lon="-115.496421"><ele>1487.823</ele><time>2026-06-24T18:11:18Z</time></trkpt><trkpt lat="51.250936" lon="-115.496419"><ele>1487.876</ele><time>2026-06-24T18:11:29Z</time></trkpt><trkpt lat="51.250855" lon="-115.496413"><ele>1488.045</ele><time>2026-06-24T18:11:36Z</time></trkpt><trkpt lat="51.250816" lon="-115.496414"><ele>1488.084</ele><time>2026-06-24T18:11:40Z</time></trkpt><trkpt lat="51.250778" lon="-115.496417"><ele>1488.064</ele><time>2026-06-24T18:11:43Z</time></trkpt><trkpt lat="51.25069" lon="-115.496457"><ele>1487.889</ele><time>2026-06-24T18:11:51Z</time></trkpt><trkpt lat="51.250614" lon="-115.496486"><ele>1488.087</ele><time>2026-06-24T18:11:58Z</time></trkpt><trkpt lat="51.250479" lon="-115.496549"><ele>1488.053</ele><time>2026-06-24T18:12:09Z</time></trkpt><trkpt lat="51.250412" lon="-115.496564"><ele>1488.027</ele><time>2026-06-24T18:12:14Z</time></trkpt><trkpt lat="51.250363" lon="-115.496561"><ele>1487.868</ele><time>2026-06-24T18:12:18Z</time></trkpt><trkpt lat="51.25027" lon="-115.496612"><ele>1487.814</ele><time>2026-06-24T18:12:26Z</time></trkpt><trkpt lat="51.2502" lon="-115.496638"><ele>1488.209</ele><time>2026-06-24T18:12:33Z</time></trkpt><trkpt lat="51.250191" lon="-115.49664"><ele>1488.234</ele><time>2026-06-24T18:12:34Z</time></trkpt><trkpt lat="51.250111" lon="-115.496658"><ele>1488.259</ele><time>2026-06-24T18:12:41Z</time></trkpt><trkpt lat="51.250029" lon="-115.496635"><ele>1488.232</ele><time>2026-06-24T18:12:47Z</time></trkpt><trkpt lat="51.250003" lon="-115.496622"><ele>1488.431</ele><time>2026-06-24T18:12:49Z</time></trkpt><trkpt lat="51.249869" lon="-115.496558"><ele>1488.470</ele><time>2026-06-24T18:13:00Z</time></trkpt><trkpt lat="51.249784" lon="-115.496515"><ele>1488.470</ele><time>2026-06-24T18:13:07Z</time></trkpt><trkpt lat="51.249682" lon="-115.496451"><ele>1488.245</ele><time>2026-06-24T18:13:16Z</time></trkpt><trkpt lat="51.249598" lon="-115.496386"><ele>1488.033</ele><time>2026-06-24T18:13:24Z</time></trkpt><trkpt lat="51.249563" lon="-115.496331"><ele>1487.889</ele><time>2026-06-24T18:13:31Z</time></trkpt><trkpt lat="51.249586" lon="-115.496334"><ele>1487.858</ele><time>2026-06-24T18:13:33Z</time></trkpt><trkpt lat="51.249586" lon="-115.496331"><ele>1487.852</ele><time>2026-06-24T18:13:37Z</time></trkpt><trkpt lat="51.249474" lon="-115.496308"><ele>1487.817</ele><time>2026-06-24T18:13:45Z</time></trkpt><trkpt lat="51.249398" lon="-115.496308"><ele>1487.809</ele><time>2026-06-24T18:13:51Z</time></trkpt><trkpt lat="51.2493" lon="-115.496312"><ele>1487.857</ele><time>2026-06-24T18:13:59Z</time></trkpt><trkpt lat="51.249208" lon="-115.496294"><ele>1487.842</ele><time>2026-06-24T18:14:07Z</time></trkpt><trkpt lat="51.249125" lon="-115.496302"><ele>1487.855</ele><time>2026-06-24T18:14:14Z</time></trkpt><trkpt lat="51.24903" lon="-115.4963"><ele>1487.844</ele><time>2026-06-24T18:14:22Z</time></trkpt><trkpt lat="51.248943" lon="-115.496303"><ele>1487.893</ele><time>2026-06-24T18:14:29Z</time></trkpt><trkpt lat="51.248839" lon="-115.496295"><ele>1488.023</ele><time>2026-06-24T18:14:37Z</time></trkpt><trkpt lat="51.248755" lon="-115.496289"><ele>1488.078</ele><time>2026-06-24T18:14:44Z</time></trkpt><trkpt lat="51.248651" lon="-115.496292"><ele>1488.036</ele><time>2026-06-24T18:14:53Z</time></trkpt><trkpt lat="51.24856" lon="-115.496297"><ele>1488.052</ele><time>2026-06-24T18:15:00Z</time></trkpt><trkpt lat="51.248516" lon="-115.496311"><ele>1488.059</ele><time>2026-06-24T18:15:03Z</time></trkpt><trkpt lat="51.248421" lon="-115.496357"><ele>1488.003</ele><time>2026-06-24T18:15:12Z</time></trkpt><trkpt lat="51.248322" lon="-115.496462"><ele>1487.823</ele><time>2026-06-24T18:15:21Z</time></trkpt><trkpt lat="51.248255" lon="-115.496606"><ele>1488.009</ele><time>2026-06-24T18:15:30Z</time></trkpt><trkpt lat="51.24821" lon="-115.49676"><ele>1487.817</ele><time>2026-06-24T18:15:39Z</time></trkpt><trkpt lat="51.248198" lon="-115.496866"><ele>1488.072</ele><time>2026-06-24T18:15:45Z</time></trkpt><trkpt lat="51.248194" lon="-115.497066"><ele>1487.835</ele><time>2026-06-24T18:15:55Z</time></trkpt><trkpt lat="51.248194" lon="-115.497229"><ele>1487.854</ele><time>2026-06-24T18:16:04Z</time></trkpt><trkpt lat="51.248169" lon="-115.497367"><ele>1487.893</ele><time>2026-06-24T18:16:12Z</time></trkpt><trkpt lat="51.248169" lon="-115.497555"><ele>1488.073</ele><time>2026-06-24T18:16:22Z</time></trkpt><trkpt lat="51.248183" lon="-115.497688"><ele>1488.018</ele><time>2026-06-24T18:16:29Z</time></trkpt><trkpt lat="51.24817" lon="-115.497826"><ele>1488.276</ele><time>2026-06-24T18:16:37Z</time></trkpt><trkpt lat="51.248119" lon="-115.497953"><ele>1488.452</ele><time>2026-06-24T18:16:45Z</time></trkpt><trkpt lat="51.248102" lon="-115.498073"><ele>1488.442</ele><time>2026-06-24T18:16:52Z</time></trkpt><trkpt lat="51.248081" lon="-115.498206"><ele>1488.422</ele><time>2026-06-24T18:17:00Z</time></trkpt><trkpt lat="51.248038" lon="-115.498348"><ele>1488.814</ele><time>2026-06-24T18:17:08Z</time></trkpt><trkpt lat="51.247996" lon="-115.498481"><ele>1489.209</ele><time>2026-06-24T18:17:17Z</time></trkpt><trkpt lat="51.247961" lon="-115.498617"><ele>1488.846</ele><time>2026-06-24T18:17:25Z</time></trkpt><trkpt lat="51.247948" lon="-115.49878"><ele>1489.241</ele><time>2026-06-24T18:17:34Z</time></trkpt><trkpt lat="51.247879" lon="-115.498898"><ele>1488.814</ele><time>2026-06-24T18:17:43Z</time></trkpt><trkpt lat="51.247875" lon="-115.499038"><ele>1488.833</ele><time>2026-06-24T18:17:51Z</time></trkpt><trkpt lat="51.247865" lon="-115.499193"><ele>1489.082</ele><time>2026-06-24T18:17:59Z</time></trkpt><trkpt lat="51.247852" lon="-115.499326"><ele>1489.232</ele><time>2026-06-24T18:18:07Z</time></trkpt><trkpt lat="51.247847" lon="-115.499518"><ele>1489.417</ele><time>2026-06-24T18:18:17Z</time></trkpt><trkpt lat="51.24785" lon="-115.499733"><ele>1489.285</ele><time>2026-06-24T18:18:29Z</time></trkpt><trkpt lat="51.247864" lon="-115.499927"><ele>1489.031</ele><time>2026-06-24T18:18:39Z</time></trkpt><trkpt lat="51.247924" lon="-115.500071"><ele>1489.072</ele><time>2026-06-24T18:18:48Z</time></trkpt><trkpt lat="51.248021" lon="-115.500137"><ele>1489.213</ele><time>2026-06-24T18:18:58Z</time></trkpt><trkpt lat="51.248092" lon="-115.500173"><ele>1489.614</ele><time>2026-06-24T18:19:05Z</time></trkpt><trkpt lat="51.248113" lon="-115.500184"><ele>1489.809</ele><time>2026-06-24T18:19:07Z</time></trkpt><trkpt lat="51.248123" lon="-115.500191"><ele>1490.099</ele><time>2026-06-24T18:19:08Z</time></trkpt><trkpt lat="51.248183" lon="-115.500219"><ele>1490.474</ele><time>2026-06-24T18:19:14Z</time></trkpt><trkpt lat="51.248209" lon="-115.500231"><ele>1490.697</ele><time>2026-06-24T18:19:17Z</time></trkpt><trkpt lat="51.248217" lon="-115.500225"><ele>1490.656</ele><time>2026-06-24T18:19:18Z</time></trkpt><trkpt lat="51.248243" lon="-115.500181"><ele>1490.815</ele><time>2026-06-24T18:19:21Z</time></trkpt><trkpt lat="51.248247" lon="-115.500152"><ele>1490.875</ele><time>2026-06-24T18:19:23Z</time></trkpt><trkpt lat="51.248269" lon="-115.500094"><ele>1491.070</ele><time>2026-06-24T18:19:27Z</time></trkpt></trkseg></trk></gpx>