<?xml version="1.0" encoding="UTF-8"?><gpx creator="Wikiloc - http://www.wikiloc.com" version="1.1" xmlns="http://www.topografix.com/GPX/1/1" xmlns:xsi="http://www.w3.org/2001/XMLSchema-instance" xsi:schemaLocation="http://www.topografix.com/GPX/1/1 http://www.topografix.com/GPX/1/1/gpx.xsd"><trk><name><![CDATA[Glacier National Park: McDonald Falls - Johns Lake]]></name><cmt><![CDATA[Ruta circular des de Geduhn passant per:
- Johns Lake (3.3 km)]]></cmt><desc><![CDATA[Ruta circular des de Geduhn passant per:
- Johns Lake (3.3 km)]]></desc><trkseg><trkpt lat="48.633534" lon="-113.86245"><ele>974.691</ele><time>2026-05-29T15:00:43Z</time></trkpt><trkpt lat="48.633485" lon="-113.862478"><ele>974.681</ele><time>2026-05-29T15:00:46Z</time></trkpt><trkpt lat="48.633457" lon="-113.862598"><ele>974.619</ele><time>2026-05-29T15:00:51Z</time></trkpt><trkpt lat="48.63347" lon="-113.86269"><ele>974.609</ele><time>2026-05-29T15:00:55Z</time></trkpt><trkpt lat="48.633471" lon="-113.862711"><ele>974.681</ele><time>2026-05-29T15:00:56Z</time></trkpt><trkpt lat="48.633494" lon="-113.862806"><ele>974.665</ele><time>2026-05-29T15:01:05Z</time></trkpt><trkpt lat="48.633521" lon="-113.862866"><ele>974.415</ele><time>2026-05-29T15:01:13Z</time></trkpt><trkpt lat="48.633524" lon="-113.862877"><ele>974.696</ele><time>2026-05-29T15:01:15Z</time></trkpt><trkpt lat="48.633558" lon="-113.862961"><ele>974.254</ele><time>2026-05-29T15:01:26Z</time></trkpt><trkpt lat="48.633573" lon="-113.86303"><ele>974.415</ele><time>2026-05-29T15:01:35Z</time></trkpt><trkpt lat="48.633578" lon="-113.863047"><ele>974.252</ele><time>2026-05-29T15:01:36Z</time></trkpt><trkpt lat="48.633589" lon="-113.863122"><ele>974.287</ele><time>2026-05-29T15:01:43Z</time></trkpt><trkpt lat="48.633596" lon="-113.863151"><ele>974.427</ele><time>2026-05-29T15:01:48Z</time></trkpt><trkpt lat="48.633646" lon="-113.863222"><ele>974.265</ele><time>2026-05-29T15:01:57Z</time></trkpt><trkpt lat="48.633687" lon="-113.863277"><ele>974.268</ele><time>2026-05-29T15:02:07Z</time></trkpt><trkpt lat="48.633707" lon="-113.863323"><ele>974.214</ele><time>2026-05-29T15:02:17Z</time></trkpt><trkpt lat="48.633769" lon="-113.863345"><ele>974.209</ele><time>2026-05-29T15:02:27Z</time></trkpt><trkpt lat="48.633794" lon="-113.863342"><ele>974.458</ele><time>2026-05-29T15:02:37Z</time></trkpt><trkpt lat="48.633801" lon="-113.863359"><ele>974.422</ele><time>2026-05-29T15:02:40Z</time></trkpt><trkpt lat="48.63384" lon="-113.863376"><ele>974.622</ele><time>2026-05-29T15:02:45Z</time></trkpt><trkpt lat="48.633906" lon="-113.863375"><ele>974.833</ele><time>2026-05-29T15:02:53Z</time></trkpt><trkpt lat="48.633916" lon="-113.863374"><ele>974.851</ele><time>2026-05-29T15:02:54Z</time></trkpt><trkpt lat="48.63397" lon="-113.863384"><ele>974.612</ele><time>2026-05-29T15:03:03Z</time></trkpt><trkpt lat="48.633975" lon="-113.863383"><ele>974.419</ele><time>2026-05-29T15:03:11Z</time></trkpt><trkpt lat="48.634008" lon="-113.863358"><ele>974.274</ele><time>2026-05-29T15:03:22Z</time></trkpt><trkpt lat="48.634012" lon="-113.863362"><ele>974.044</ele><time>2026-05-29T15:03:32Z</time></trkpt><trkpt lat="48.634009" lon="-113.86336"><ele>974.414</ele><time>2026-05-29T15:03:38Z</time></trkpt><trkpt lat="48.634011" lon="-113.863357"><ele>974.454</ele><time>2026-05-29T15:03:39Z</time></trkpt><trkpt lat="48.634014" lon="-113.863355"><ele>974.609</ele><time>2026-05-29T15:03:40Z</time></trkpt><trkpt lat="48.634026" lon="-113.863359"><ele>974.609</ele><time>2026-05-29T15:03:42Z</time></trkpt><trkpt lat="48.634033" lon="-113.863362"><ele>974.663</ele><time>2026-05-29T15:03:43Z</time></trkpt><trkpt lat="48.634077" lon="-113.863398"><ele>974.657</ele><time>2026-05-29T15:03:53Z</time></trkpt><trkpt lat="48.634077" lon="-113.863426"><ele>974.637</ele><time>2026-05-29T15:03:58Z</time></trkpt><trkpt lat="48.634083" lon="-113.863442"><ele>974.658</ele><time>2026-05-29T15:04:03Z</time></trkpt><trkpt lat="48.634088" lon="-113.863396"><ele>974.896</ele><time>2026-05-29T15:04:12Z</time></trkpt><trkpt lat="48.634067" lon="-113.863364"><ele>974.237</ele><time>2026-05-29T15:04:22Z</time></trkpt><trkpt lat="48.634082" lon="-113.863373"><ele>974.624</ele><time>2026-05-29T15:04:27Z</time></trkpt><trkpt lat="48.634095" lon="-113.863376"><ele>974.699</ele><time>2026-05-29T15:04:30Z</time></trkpt><trkpt lat="48.634115" lon="-113.863405"><ele>974.699</ele><time>2026-05-29T15:04:37Z</time></trkpt><trkpt lat="48.634148" lon="-113.863398"><ele>974.643</ele><time>2026-05-29T15:04:46Z</time></trkpt><trkpt lat="48.634202" lon="-113.863365"><ele>975.064</ele><time>2026-05-29T15:04:55Z</time></trkpt><trkpt lat="48.634221" lon="-113.863342"><ele>975.010</ele><time>2026-05-29T15:05:02Z</time></trkpt><trkpt lat="48.634227" lon="-113.863335"><ele>974.809</ele><time>2026-05-29T15:05:05Z</time></trkpt><trkpt lat="48.634252" lon="-113.863308"><ele>975.296</ele><time>2026-05-29T15:05:13Z</time></trkpt><trkpt lat="48.634298" lon="-113.863306"><ele>975.090</ele><time>2026-05-29T15:05:20Z</time></trkpt><trkpt lat="48.634345" lon="-113.863299"><ele>974.620</ele><time>2026-05-29T15:05:30Z</time></trkpt><trkpt lat="48.63439" lon="-113.8633"><ele>974.861</ele><time>2026-05-29T15:05:41Z</time></trkpt><trkpt lat="48.634265" lon="-113.86329"><ele>975.479</ele><time>2026-05-29T15:05:48Z</time></trkpt><trkpt lat="48.63426" lon="-113.863303"><ele>975.230</ele><time>2026-05-29T15:05:52Z</time></trkpt><trkpt lat="48.634277" lon="-113.863315"><ele>975.257</ele><time>2026-05-29T15:05:53Z</time></trkpt><trkpt lat="48.634304" lon="-113.86333"><ele>975.472</ele><time>2026-05-29T15:05:55Z</time></trkpt><trkpt lat="48.634371" lon="-113.863347"><ele>975.062</ele><time>2026-05-29T15:06:04Z</time></trkpt><trkpt lat="48.63445" lon="-113.863406"><ele>975.064</ele><time>2026-05-29T15:06:14Z</time></trkpt><trkpt lat="48.634516" lon="-113.863462"><ele>975.206</ele><time>2026-05-29T15:06:24Z</time></trkpt><trkpt lat="48.634652" lon="-113.863541"><ele>975.016</ele><time>2026-05-29T15:06:35Z</time></trkpt><trkpt lat="48.634779" lon="-113.863633"><ele>974.609</ele><time>2026-05-29T15:06:46Z</time></trkpt><trkpt lat="48.634823" lon="-113.863709"><ele>973.648</ele><time>2026-05-29T15:06:52Z</time></trkpt><trkpt lat="48.634829" lon="-113.86374"><ele>973.622</ele><time>2026-05-29T15:06:54Z</time></trkpt><trkpt lat="48.634819" lon="-113.863814"><ele>973.462</ele><time>2026-05-29T15:06:59Z</time></trkpt><trkpt lat="48.634806" lon="-113.863854"><ele>973.233</ele><time>2026-05-29T15:07:02Z</time></trkpt><trkpt lat="48.634778" lon="-113.864015"><ele>972.681</ele><time>2026-05-29T15:07:12Z</time></trkpt><trkpt lat="48.634756" lon="-113.864165"><ele>972.212</ele><time>2026-05-29T15:07:21Z</time></trkpt><trkpt lat="48.634732" lon="-113.864286"><ele>972.039</ele><time>2026-05-29T15:07:29Z</time></trkpt><trkpt lat="48.634725" lon="-113.864314"><ele>972.014</ele><time>2026-05-29T15:07:31Z</time></trkpt><trkpt lat="48.634717" lon="-113.864336"><ele>972.074</ele><time>2026-05-29T15:07:33Z</time></trkpt><trkpt lat="48.634664" lon="-113.864413"><ele>971.874</ele><time>2026-05-29T15:07:40Z</time></trkpt><trkpt lat="48.634644" lon="-113.864467"><ele>971.856</ele><time>2026-05-29T15:07:43Z</time></trkpt><trkpt lat="48.634641" lon="-113.864515"><ele>971.621</ele><time>2026-05-29T15:07:46Z</time></trkpt><trkpt lat="48.634647" lon="-113.864578"><ele>971.609</ele><time>2026-05-29T15:07:49Z</time></trkpt><trkpt lat="48.634659" lon="-113.864716"><ele>971.669</ele><time>2026-05-29T15:07:59Z</time></trkpt><trkpt lat="48.634658" lon="-113.864847"><ele>971.463</ele><time>2026-05-29T15:08:06Z</time></trkpt><trkpt lat="48.634709" lon="-113.86503"><ele>971.613</ele><time>2026-05-29T15:08:17Z</time></trkpt><trkpt lat="48.634807" lon="-113.865123"><ele>971.644</ele><time>2026-05-29T15:08:26Z</time></trkpt><trkpt lat="48.634873" lon="-113.865187"><ele>971.222</ele><time>2026-05-29T15:08:35Z</time></trkpt><trkpt lat="48.634896" lon="-113.865307"><ele>971.663</ele><time>2026-05-29T15:08:43Z</time></trkpt><trkpt lat="48.634906" lon="-113.8654"><ele>971.680</ele><time>2026-05-29T15:08:50Z</time></trkpt><trkpt lat="48.63492" lon="-113.865529"><ele>971.645</ele><time>2026-05-29T15:08:57Z</time></trkpt><trkpt lat="48.634948" lon="-113.865687"><ele>971.465</ele><time>2026-05-29T15:09:06Z</time></trkpt><trkpt lat="48.634982" lon="-113.865837"><ele>971.886</ele><time>2026-05-29T15:09:16Z</time></trkpt><trkpt lat="48.635019" lon="-113.865952"><ele>972.060</ele><time>2026-05-29T15:09:24Z</time></trkpt><trkpt lat="48.635029" lon="-113.866035"><ele>972.226</ele><time>2026-05-29T15:09:29Z</time></trkpt><trkpt lat="48.635049" lon="-113.866106"><ele>972.209</ele><time>2026-05-29T15:09:34Z</time></trkpt><trkpt lat="48.635117" lon="-113.866261"><ele>972.670</ele><time>2026-05-29T15:09:46Z</time></trkpt><trkpt lat="48.635164" lon="-113.866374"><ele>972.644</ele><time>2026-05-29T15:09:54Z</time></trkpt><trkpt lat="48.63518" lon="-113.8664"><ele>972.624</ele><time>2026-05-29T15:09:56Z</time></trkpt><trkpt lat="48.635206" lon="-113.866465"><ele>972.865</ele><time>2026-05-29T15:10:01Z</time></trkpt><trkpt lat="48.635236" lon="-113.866519"><ele>972.853</ele><time>2026-05-29T15:10:05Z</time></trkpt><trkpt lat="48.635279" lon="-113.866633"><ele>972.864</ele><time>2026-05-29T15:10:15Z</time></trkpt><trkpt lat="48.635271" lon="-113.866628"><ele>972.651</ele><time>2026-05-29T15:10:22Z</time></trkpt><trkpt lat="48.635277" lon="-113.866642"><ele>972.286</ele><time>2026-05-29T15:10:33Z</time></trkpt><trkpt lat="48.635271" lon="-113.86665"><ele>972.436</ele><time>2026-05-29T15:10:41Z</time></trkpt><trkpt lat="48.635332" lon="-113.866681"><ele>972.054</ele><time>2026-05-29T15:10:48Z</time></trkpt><trkpt lat="48.635355" lon="-113.866701"><ele>972.056</ele><time>2026-05-29T15:10:56Z</time></trkpt><trkpt lat="48.63536" lon="-113.866732"><ele>971.811</ele><time>2026-05-29T15:10:59Z</time></trkpt><trkpt lat="48.635366" lon="-113.866764"><ele>972.009</ele><time>2026-05-29T15:11:01Z</time></trkpt><trkpt lat="48.63537" lon="-113.866782"><ele>972.077</ele><time>2026-05-29T15:11:02Z</time></trkpt><trkpt lat="48.635422" lon="-113.866927"><ele>972.041</ele><time>2026-05-29T15:11:11Z</time></trkpt><trkpt lat="48.635458" lon="-113.867043"><ele>972.011</ele><time>2026-05-29T15:11:19Z</time></trkpt><trkpt lat="48.63551" lon="-113.867178"><ele>972.062</ele><time>2026-05-29T15:11:28Z</time></trkpt><trkpt lat="48.635575" lon="-113.867358"><ele>971.890</ele><time>2026-05-29T15:11:39Z</time></trkpt><trkpt lat="48.635587" lon="-113.867394"><ele>972.011</ele><time>2026-05-29T15:11:41Z</time></trkpt><trkpt lat="48.635645" lon="-113.867605"><ele>971.438</ele><time>2026-05-29T15:11:53Z</time></trkpt><trkpt lat="48.63572" lon="-113.867727"><ele>971.023</ele><time>2026-05-29T15:12:02Z</time></trkpt><trkpt lat="48.635747" lon="-113.867762"><ele>971.043</ele><time>2026-05-29T15:12:05Z</time></trkpt><trkpt lat="48.635806" lon="-113.867844"><ele>970.699</ele><time>2026-05-29T15:12:12Z</time></trkpt><trkpt lat="48.6359" lon="-113.867955"><ele>970.207</ele><time>2026-05-29T15:12:22Z</time></trkpt><trkpt lat="48.635985" lon="-113.868017"><ele>969.827</ele><time>2026-05-29T15:12:30Z</time></trkpt><trkpt lat="48.636006" lon="-113.868028"><ele>969.809</ele><time>2026-05-29T15:12:32Z</time></trkpt><trkpt lat="48.636065" lon="-113.868059"><ele>969.831</ele><time>2026-05-29T15:12:37Z</time></trkpt><trkpt lat="48.636123" lon="-113.868074"><ele>969.815</ele><time>2026-05-29T15:12:42Z</time></trkpt><trkpt lat="48.636214" lon="-113.868095"><ele>969.675</ele><time>2026-05-29T15:12:50Z</time></trkpt><trkpt lat="48.636321" lon="-113.868119"><ele>969.826</ele><time>2026-05-29T15:12:58Z</time></trkpt><trkpt lat="48.6364" lon="-113.868128"><ele>970.064</ele><time>2026-05-29T15:13:06Z</time></trkpt><trkpt lat="48.636473" lon="-113.868151"><ele>970.275</ele><time>2026-05-29T15:13:14Z</time></trkpt><trkpt lat="48.636579" lon="-113.868172"><ele>970.462</ele><time>2026-05-29T15:13:23Z</time></trkpt><trkpt lat="48.636623" lon="-113.868171"><ele>970.447</ele><time>2026-05-29T15:13:30Z</time></trkpt><trkpt lat="48.636682" lon="-113.868222"><ele>970.637</ele><time>2026-05-29T15:13:39Z</time></trkpt><trkpt lat="48.636713" lon="-113.868236"><ele>970.612</ele><time>2026-05-29T15:13:42Z</time></trkpt><trkpt lat="48.636786" lon="-113.868284"><ele>970.632</ele><time>2026-05-29T15:13:50Z</time></trkpt><trkpt lat="48.636843" lon="-113.868316"><ele>970.605</ele><time>2026-05-29T15:13:56Z</time></trkpt><trkpt lat="48.636865" lon="-113.868332"><ele>970.409</ele><time>2026-05-29T15:13:58Z</time></trkpt><trkpt lat="48.636982" lon="-113.868423"><ele>970.443</ele><time>2026-05-29T15:14:09Z</time></trkpt><trkpt lat="48.637068" lon="-113.868496"><ele>970.417</ele><time>2026-05-29T15:14:19Z</time></trkpt><trkpt lat="48.637079" lon="-113.868507"><ele>970.427</ele><time>2026-05-29T15:14:20Z</time></trkpt><trkpt lat="48.637097" lon="-113.868525"><ele>970.428</ele><time>2026-05-29T15:14:22Z</time></trkpt><trkpt lat="48.637154" lon="-113.868556"><ele>970.636</ele><time>2026-05-29T15:14:27Z</time></trkpt><trkpt lat="48.63721" lon="-113.868572"><ele>970.417</ele><time>2026-05-29T15:14:31Z</time></trkpt><trkpt lat="48.637328" lon="-113.868511"><ele>970.644</ele><time>2026-05-29T15:14:40Z</time></trkpt><trkpt lat="48.637386" lon="-113.868457"><ele>970.659</ele><time>2026-05-29T15:14:47Z</time></trkpt><trkpt lat="48.637413" lon="-113.868438"><ele>970.859</ele><time>2026-05-29T15:14:51Z</time></trkpt><trkpt lat="48.637468" lon="-113.868399"><ele>971.235</ele><time>2026-05-29T15:14:55Z</time></trkpt><trkpt lat="48.637512" lon="-113.868351"><ele>971.486</ele><time>2026-05-29T15:14:59Z</time></trkpt><trkpt lat="48.637552" lon="-113.868301"><ele>971.414</ele><time>2026-05-29T15:15:03Z</time></trkpt><trkpt lat="48.637598" lon="-113.868222"><ele>971.209</ele><time>2026-05-29T15:15:12Z</time></trkpt><trkpt lat="48.637699" lon="-113.86806"><ele>971.235</ele><time>2026-05-29T15:15:22Z</time></trkpt><trkpt lat="48.637715" lon="-113.867993"><ele>971.479</ele><time>2026-05-29T15:15:28Z</time></trkpt><trkpt lat="48.63772" lon="-113.867965"><ele>971.479</ele><time>2026-05-29T15:15:30Z</time></trkpt><trkpt lat="48.63772" lon="-113.867823"><ele>972.050</ele><time>2026-05-29T15:15:39Z</time></trkpt><trkpt lat="48.637718" lon="-113.867807"><ele>972.038</ele><time>2026-05-29T15:15:40Z</time></trkpt><trkpt lat="48.637704" lon="-113.867711"><ele>972.419</ele><time>2026-05-29T15:15:45Z</time></trkpt><trkpt lat="48.637695" lon="-113.867647"><ele>972.866</ele><time>2026-05-29T15:15:49Z</time></trkpt><trkpt lat="48.637671" lon="-113.867556"><ele>973.041</ele><time>2026-05-29T15:15:55Z</time></trkpt><trkpt lat="48.637666" lon="-113.867536"><ele>973.011</ele><time>2026-05-29T15:15:57Z</time></trkpt><trkpt lat="48.63766" lon="-113.867524"><ele>973.259</ele><time>2026-05-29T15:15:59Z</time></trkpt><trkpt lat="48.637632" lon="-113.867441"><ele>973.203</ele><time>2026-05-29T15:16:06Z</time></trkpt><trkpt lat="48.637585" lon="-113.867374"><ele>973.423</ele><time>2026-05-29T15:16:15Z</time></trkpt><trkpt lat="48.637568" lon="-113.867403"><ele>974.009</ele><time>2026-05-29T15:16:18Z</time></trkpt><trkpt lat="48.637544" lon="-113.867388"><ele>974.287</ele><time>2026-05-29T15:16:23Z</time></trkpt><trkpt lat="48.637572" lon="-113.867268"><ele>973.411</ele><time>2026-05-29T15:16:29Z</time></trkpt><trkpt lat="48.637561" lon="-113.867185"><ele>973.871</ele><time>2026-05-29T15:16:35Z</time></trkpt><trkpt lat="48.637551" lon="-113.867141"><ele>974.082</ele><time>2026-05-29T15:16:37Z</time></trkpt><trkpt lat="48.637556" lon="-113.866969"><ele>973.830</ele><time>2026-05-29T15:16:48Z</time></trkpt><trkpt lat="48.637608" lon="-113.866851"><ele>973.441</ele><time>2026-05-29T15:16:56Z</time></trkpt><trkpt lat="48.637626" lon="-113.866767"><ele>973.098</ele><time>2026-05-29T15:17:04Z</time></trkpt><trkpt lat="48.637624" lon="-113.866764"><ele>973.093</ele><time>2026-05-29T15:17:05Z</time></trkpt><trkpt lat="48.637645" lon="-113.866769"><ele>973.423</ele><time>2026-05-29T15:17:12Z</time></trkpt><trkpt lat="48.637655" lon="-113.866768"><ele>973.414</ele><time>2026-05-29T15:17:14Z</time></trkpt><trkpt lat="48.63766" lon="-113.866763"><ele>973.454</ele><time>2026-05-29T15:17:15Z</time></trkpt><trkpt lat="48.637697" lon="-113.866737"><ele>973.009</ele><time>2026-05-29T15:17:21Z</time></trkpt><trkpt lat="48.637705" lon="-113.866731"><ele>973.009</ele><time>2026-05-29T15:17:22Z</time></trkpt><trkpt lat="48.637774" lon="-113.866672"><ele>973.033</ele><time>2026-05-29T15:17:30Z</time></trkpt><trkpt lat="48.637783" lon="-113.866663"><ele>973.037</ele><time>2026-05-29T15:17:31Z</time></trkpt><trkpt lat="48.637871" lon="-113.866546"><ele>972.817</ele><time>2026-05-29T15:17:41Z</time></trkpt><trkpt lat="48.637938" lon="-113.866435"><ele>972.848</ele><time>2026-05-29T15:17:49Z</time></trkpt><trkpt lat="48.638015" lon="-113.866296"><ele>973.046</ele><time>2026-05-29T15:17:59Z</time></trkpt><trkpt lat="48.638089" lon="-113.866179"><ele>973.287</ele><time>2026-05-29T15:18:09Z</time></trkpt><trkpt lat="48.638101" lon="-113.86615"><ele>973.654</ele><time>2026-05-29T15:18:12Z</time></trkpt><trkpt lat="48.638139" lon="-113.866081"><ele>973.879</ele><time>2026-05-29T15:18:18Z</time></trkpt><trkpt lat="48.638159" lon="-113.866053"><ele>974.059</ele><time>2026-05-29T15:18:20Z</time></trkpt><trkpt lat="48.638213" lon="-113.865959"><ele>974.264</ele><time>2026-05-29T15:18:27Z</time></trkpt><trkpt lat="48.638222" lon="-113.865938"><ele>974.206</ele><time>2026-05-29T15:18:28Z</time></trkpt><trkpt lat="48.638263" lon="-113.865811"><ele>974.216</ele><time>2026-05-29T15:18:36Z</time></trkpt><trkpt lat="48.638312" lon="-113.865712"><ele>974.609</ele><time>2026-05-29T15:18:44Z</time></trkpt><trkpt lat="48.63836" lon="-113.865602"><ele>975.098</ele><time>2026-05-29T15:18:54Z</time></trkpt><trkpt lat="48.638337" lon="-113.865567"><ele>975.022</ele><time>2026-05-29T15:18:57Z</time></trkpt><trkpt lat="48.638295" lon="-113.865501"><ele>975.092</ele><time>2026-05-29T15:19:01Z</time></trkpt><trkpt lat="48.638263" lon="-113.865387"><ele>974.853</ele><time>2026-05-29T15:19:08Z</time></trkpt><trkpt lat="48.638233" lon="-113.865327"><ele>974.211</ele><time>2026-05-29T15:19:15Z</time></trkpt><trkpt lat="48.638226" lon="-113.865321"><ele>974.082</ele><time>2026-05-29T15:19:18Z</time></trkpt><trkpt lat="48.638231" lon="-113.865335"><ele>973.829</ele><time>2026-05-29T15:19:25Z</time></trkpt><trkpt lat="48.638225" lon="-113.865342"><ele>973.674</ele><time>2026-05-29T15:19:27Z</time></trkpt><trkpt lat="48.638229" lon="-113.86542"><ele>974.294</ele><time>2026-05-29T15:19:35Z</time></trkpt><trkpt lat="48.638263" lon="-113.865552"><ele>974.827</ele><time>2026-05-29T15:19:44Z</time></trkpt><trkpt lat="48.638315" lon="-113.865604"><ele>974.868</ele><time>2026-05-29T15:19:51Z</time></trkpt><trkpt lat="48.638326" lon="-113.865607"><ele>974.814</ele><time>2026-05-29T15:19:52Z</time></trkpt><trkpt lat="48.638348" lon="-113.865592"><ele>975.009</ele><time>2026-05-29T15:19:54Z</time></trkpt><trkpt lat="48.638391" lon="-113.865557"><ele>975.214</ele><time>2026-05-29T15:19:57Z</time></trkpt><trkpt lat="48.638416" lon="-113.865542"><ele>975.238</ele><time>2026-05-29T15:19:59Z</time></trkpt><trkpt lat="48.638512" lon="-113.865484"><ele>975.688</ele><time>2026-05-29T15:20:08Z</time></trkpt><trkpt lat="48.638575" lon="-113.8654"><ele>975.839</ele><time>2026-05-29T15:20:15Z</time></trkpt><trkpt lat="48.638592" lon="-113.86538"><ele>976.077</ele><time>2026-05-29T15:20:17Z</time></trkpt><trkpt lat="48.63865" lon="-113.865303"><ele>976.218</ele><time>2026-05-29T15:20:24Z</time></trkpt><trkpt lat="48.63866" lon="-113.865295"><ele>976.275</ele><time>2026-05-29T15:20:25Z</time></trkpt><trkpt lat="48.638706" lon="-113.86517"><ele>976.460</ele><time>2026-05-29T15:20:35Z</time></trkpt><trkpt lat="48.638701" lon="-113.865154"><ele>976.460</ele><time>2026-05-29T15:20:36Z</time></trkpt><trkpt lat="48.638652" lon="-113.865041"><ele>975.492</ele><time>2026-05-29T15:20:43Z</time></trkpt><trkpt lat="48.638652" lon="-113.865011"><ele>975.273</ele><time>2026-05-29T15:20:45Z</time></trkpt><trkpt lat="48.638645" lon="-113.865051"><ele>975.220</ele><time>2026-05-29T15:20:50Z</time></trkpt><trkpt lat="48.638658" lon="-113.865055"><ele>974.809</ele><time>2026-05-29T15:20:58Z</time></trkpt><trkpt lat="48.638655" lon="-113.865045"><ele>975.021</ele><time>2026-05-29T15:21:06Z</time></trkpt><trkpt lat="48.638652" lon="-113.865044"><ele>975.075</ele><time>2026-05-29T15:21:09Z</time></trkpt><trkpt lat="48.638679" lon="-113.865084"><ele>975.685</ele><time>2026-05-29T15:21:16Z</time></trkpt><trkpt lat="48.638755" lon="-113.865087"><ele>976.066</ele><time>2026-05-29T15:21:23Z</time></trkpt><trkpt lat="48.638773" lon="-113.865097"><ele>976.224</ele><time>2026-05-29T15:21:25Z</time></trkpt><trkpt lat="48.638835" lon="-113.865037"><ele>976.685</ele><time>2026-05-29T15:21:31Z</time></trkpt><trkpt lat="48.638913" lon="-113.864947"><ele>977.232</ele><time>2026-05-29T15:21:40Z</time></trkpt><trkpt lat="48.638923" lon="-113.864942"><ele>977.497</ele><time>2026-05-29T15:21:41Z</time></trkpt><trkpt lat="48.63898" lon="-113.864925"><ele>978.077</ele><time>2026-05-29T15:21:48Z</time></trkpt><trkpt lat="48.63901" lon="-113.864907"><ele>978.261</ele><time>2026-05-29T15:21:51Z</time></trkpt><trkpt lat="48.639066" lon="-113.86489"><ele>978.221</ele><time>2026-05-29T15:21:56Z</time></trkpt><trkpt lat="48.639171" lon="-113.864863"><ele>979.013</ele><time>2026-05-29T15:22:05Z</time></trkpt><trkpt lat="48.63926" lon="-113.864796"><ele>978.809</ele><time>2026-05-29T15:22:13Z</time></trkpt><trkpt lat="48.63935" lon="-113.864692"><ele>978.818</ele><time>2026-05-29T15:22:22Z</time></trkpt><trkpt lat="48.639396" lon="-113.864589"><ele>978.862</ele><time>2026-05-29T15:22:30Z</time></trkpt><trkpt lat="48.639438" lon="-113.864506"><ele>978.812</ele><time>2026-05-29T15:22:37Z</time></trkpt><trkpt lat="48.639476" lon="-113.864471"><ele>978.833</ele><time>2026-05-29T15:22:45Z</time></trkpt><trkpt lat="48.63948" lon="-113.864462"><ele>978.851</ele><time>2026-05-29T15:22:48Z</time></trkpt><trkpt lat="48.639476" lon="-113.864432"><ele>978.682</ele><time>2026-05-29T15:22:54Z</time></trkpt><trkpt lat="48.639464" lon="-113.864428"><ele>978.449</ele><time>2026-05-29T15:23:06Z</time></trkpt><trkpt lat="48.639453" lon="-113.864424"><ele>978.684</ele><time>2026-05-29T15:23:17Z</time></trkpt><trkpt lat="48.639445" lon="-113.864429"><ele>978.694</ele><time>2026-05-29T15:23:19Z</time></trkpt><trkpt lat="48.639455" lon="-113.864449"><ele>978.649</ele><time>2026-05-29T15:23:28Z</time></trkpt><trkpt lat="48.639454" lon="-113.864474"><ele>978.602</ele><time>2026-05-29T15:23:35Z</time></trkpt><trkpt lat="48.639457" lon="-113.864486"><ele>979.222</ele><time>2026-05-29T15:23:44Z</time></trkpt><trkpt lat="48.63946" lon="-113.864518"><ele>978.809</ele><time>2026-05-29T15:23:53Z</time></trkpt><trkpt lat="48.639472" lon="-113.864531"><ele>978.816</ele><time>2026-05-29T15:24:02Z</time></trkpt><trkpt lat="48.639467" lon="-113.864497"><ele>979.090</ele><time>2026-05-29T15:24:11Z</time></trkpt><trkpt lat="48.639457" lon="-113.864491"><ele>978.660</ele><time>2026-05-29T15:24:14Z</time></trkpt><trkpt lat="48.639438" lon="-113.86449"><ele>978.271</ele><time>2026-05-29T15:24:20Z</time></trkpt><trkpt lat="48.639439" lon="-113.864485"><ele>978.649</ele><time>2026-05-29T15:24:25Z</time></trkpt><trkpt lat="48.639433" lon="-113.864496"><ele>978.670</ele><time>2026-05-29T15:24:28Z</time></trkpt><trkpt lat="48.639434" lon="-113.864502"><ele>978.647</ele><time>2026-05-29T15:24:29Z</time></trkpt><trkpt lat="48.639441" lon="-113.864525"><ele>978.672</ele><time>2026-05-29T15:24:33Z</time></trkpt><trkpt lat="48.639451" lon="-113.864544"><ele>978.832</ele><time>2026-05-29T15:24:38Z</time></trkpt><trkpt lat="48.639463" lon="-113.864472"><ele>978.882</ele><time>2026-05-29T15:24:50Z</time></trkpt><trkpt lat="48.639462" lon="-113.864419"><ele>979.043</ele><time>2026-05-29T15:24:59Z</time></trkpt><trkpt lat="48.639439" lon="-113.864441"><ele>978.817</ele><time>2026-05-29T15:25:07Z</time></trkpt><trkpt lat="48.639394" lon="-113.864433"><ele>979.009</ele><time>2026-05-29T15:25:15Z</time></trkpt><trkpt lat="48.639384" lon="-113.864436"><ele>979.010</ele><time>2026-05-29T15:25:16Z</time></trkpt><trkpt lat="48.63936" lon="-113.864454"><ele>978.694</ele><time>2026-05-29T15:25:25Z</time></trkpt><trkpt lat="48.639361" lon="-113.864417"><ele>978.474</ele><time>2026-05-29T15:25:37Z</time></trkpt><trkpt lat="48.639356" lon="-113.86442"><ele>978.265</ele><time>2026-05-29T15:25:44Z</time></trkpt><trkpt lat="48.639363" lon="-113.864422"><ele>978.473</ele><time>2026-05-29T15:25:46Z</time></trkpt><trkpt lat="48.639359" lon="-113.864457"><ele>978.664</ele><time>2026-05-29T15:25:54Z</time></trkpt><trkpt lat="48.639382" lon="-113.864496"><ele>979.481</ele><time>2026-05-29T15:25:59Z</time></trkpt><trkpt lat="48.639421" lon="-113.864522"><ele>979.226</ele><time>2026-05-29T15:26:03Z</time></trkpt><trkpt lat="48.639441" lon="-113.864561"><ele>980.096</ele><time>2026-05-29T15:26:10Z</time></trkpt><trkpt lat="48.639499" lon="-113.864613"><ele>980.469</ele><time>2026-05-29T15:26:17Z</time></trkpt><trkpt lat="48.639514" lon="-113.864633"><ele>980.804</ele><time>2026-05-29T15:26:19Z</time></trkpt><trkpt lat="48.639545" lon="-113.864645"><ele>981.424</ele><time>2026-05-29T15:26:24Z</time></trkpt><trkpt lat="48.639575" lon="-113.864638"><ele>982.209</ele><time>2026-05-29T15:26:29Z</time></trkpt><trkpt lat="48.639586" lon="-113.864638"><ele>982.658</ele><time>2026-05-29T15:26:31Z</time></trkpt><trkpt lat="48.639605" lon="-113.864637"><ele>983.062</ele><time>2026-05-29T15:26:34Z</time></trkpt><trkpt lat="48.639624" lon="-113.864638"><ele>983.292</ele><time>2026-05-29T15:26:36Z</time></trkpt><trkpt lat="48.639627" lon="-113.864646"><ele>983.223</ele><time>2026-05-29T15:26:37Z</time></trkpt><trkpt lat="48.639651" lon="-113.86467"><ele>983.471</ele><time>2026-05-29T15:26:41Z</time></trkpt><trkpt lat="48.639664" lon="-113.86468"><ele>983.682</ele><time>2026-05-29T15:26:43Z</time></trkpt><trkpt lat="48.639677" lon="-113.864695"><ele>984.099</ele><time>2026-05-29T15:26:46Z</time></trkpt><trkpt lat="48.639685" lon="-113.864721"><ele>984.694</ele><time>2026-05-29T15:26:50Z</time></trkpt><trkpt lat="48.639684" lon="-113.864732"><ele>984.824</ele><time>2026-05-29T15:26:51Z</time></trkpt><trkpt lat="48.639682" lon="-113.864739"><ele>985.079</ele><time>2026-05-29T15:26:52Z</time></trkpt><trkpt lat="48.639683" lon="-113.864761"><ele>985.205</ele><time>2026-05-29T15:26:54Z</time></trkpt><trkpt lat="48.639689" lon="-113.864826"><ele>985.425</ele><time>2026-05-29T15:26:58Z</time></trkpt><trkpt lat="48.639729" lon="-113.864898"><ele>985.809</ele><time>2026-05-29T15:27:05Z</time></trkpt><trkpt lat="48.639747" lon="-113.864914"><ele>985.819</ele><time>2026-05-29T15:27:07Z</time></trkpt><trkpt lat="48.639797" lon="-113.864945"><ele>986.283</ele><time>2026-05-29T15:27:14Z</time></trkpt><trkpt lat="48.639828" lon="-113.864973"><ele>986.673</ele><time>2026-05-29T15:27:17Z</time></trkpt><trkpt lat="48.639842" lon="-113.864986"><ele>986.664</ele><time>2026-05-29T15:27:18Z</time></trkpt><trkpt lat="48.639878" lon="-113.86499"><ele>986.812</ele><time>2026-05-29T15:27:26Z</time></trkpt><trkpt lat="48.639882" lon="-113.865001"><ele>986.813</ele><time>2026-05-29T15:27:29Z</time></trkpt><trkpt lat="48.639905" lon="-113.865039"><ele>987.050</ele><time>2026-05-29T15:27:34Z</time></trkpt><trkpt lat="48.63999" lon="-113.865119"><ele>986.895</ele><time>2026-05-29T15:27:44Z</time></trkpt><trkpt lat="48.639998" lon="-113.865126"><ele>986.815</ele><time>2026-05-29T15:27:45Z</time></trkpt><trkpt lat="48.640034" lon="-113.865149"><ele>986.826</ele><time>2026-05-29T15:27:48Z</time></trkpt><trkpt lat="48.640077" lon="-113.865181"><ele>986.847</ele><time>2026-05-29T15:27:53Z</time></trkpt><trkpt lat="48.640149" lon="-113.865206"><ele>987.811</ele><time>2026-05-29T15:28:01Z</time></trkpt><trkpt lat="48.640224" lon="-113.865179"><ele>988.809</ele><time>2026-05-29T15:28:09Z</time></trkpt><trkpt lat="48.640282" lon="-113.865133"><ele>989.024</ele><time>2026-05-29T15:28:17Z</time></trkpt><trkpt lat="48.640357" lon="-113.865075"><ele>988.258</ele><time>2026-05-29T15:28:26Z</time></trkpt><trkpt lat="48.640431" lon="-113.864984"><ele>988.288</ele><time>2026-05-29T15:28:35Z</time></trkpt><trkpt lat="48.640491" lon="-113.86493"><ele>987.899</ele><time>2026-05-29T15:28:41Z</time></trkpt><trkpt lat="48.640529" lon="-113.864909"><ele>987.687</ele><time>2026-05-29T15:28:45Z</time></trkpt><trkpt lat="48.640564" lon="-113.864874"><ele>987.238</ele><time>2026-05-29T15:28:49Z</time></trkpt><trkpt lat="48.640587" lon="-113.864832"><ele>987.245</ele><time>2026-05-29T15:28:52Z</time></trkpt><trkpt lat="48.640647" lon="-113.86473"><ele>987.490</ele><time>2026-05-29T15:29:00Z</time></trkpt><trkpt lat="48.640655" lon="-113.864724"><ele>987.440</ele><time>2026-05-29T15:29:01Z</time></trkpt><trkpt lat="48.64071" lon="-113.864636"><ele>987.422</ele><time>2026-05-29T15:29:10Z</time></trkpt><trkpt lat="48.640741" lon="-113.864526"><ele>987.862</ele><time>2026-05-29T15:29:18Z</time></trkpt><trkpt lat="48.640811" lon="-113.864408"><ele>988.608</ele><time>2026-05-29T15:29:28Z</time></trkpt><trkpt lat="48.640849" lon="-113.864321"><ele>989.009</ele><time>2026-05-29T15:29:35Z</time></trkpt><trkpt lat="48.640851" lon="-113.864274"><ele>988.814</ele><time>2026-05-29T15:29:38Z</time></trkpt><trkpt lat="48.640882" lon="-113.86419"><ele>988.648</ele><time>2026-05-29T15:29:46Z</time></trkpt><trkpt lat="48.640945" lon="-113.864064"><ele>989.678</ele><time>2026-05-29T15:29:56Z</time></trkpt><trkpt lat="48.640979" lon="-113.863958"><ele>990.059</ele><time>2026-05-29T15:30:04Z</time></trkpt><trkpt lat="48.640985" lon="-113.863945"><ele>990.097</ele><time>2026-05-29T15:30:05Z</time></trkpt><trkpt lat="48.641008" lon="-113.863887"><ele>990.298</ele><time>2026-05-29T15:30:11Z</time></trkpt><trkpt lat="48.641018" lon="-113.863849"><ele>990.235</ele><time>2026-05-29T15:30:14Z</time></trkpt><trkpt lat="48.641066" lon="-113.863757"><ele>990.440</ele><time>2026-05-29T15:30:22Z</time></trkpt><trkpt lat="48.64114" lon="-113.863657"><ele>990.850</ele><time>2026-05-29T15:30:31Z</time></trkpt><trkpt lat="48.641169" lon="-113.863571"><ele>990.858</ele><time>2026-05-29T15:30:38Z</time></trkpt><trkpt lat="48.641175" lon="-113.86354"><ele>991.052</ele><time>2026-05-29T15:30:40Z</time></trkpt><trkpt lat="48.64118" lon="-113.863516"><ele>991.017</ele><time>2026-05-29T15:30:42Z</time></trkpt><trkpt lat="48.641213" lon="-113.863422"><ele>991.209</ele><time>2026-05-29T15:30:48Z</time></trkpt><trkpt lat="48.641251" lon="-113.863322"><ele>991.447</ele><time>2026-05-29T15:30:56Z</time></trkpt><trkpt lat="48.641304" lon="-113.863242"><ele>992.051</ele><time>2026-05-29T15:31:04Z</time></trkpt><trkpt lat="48.641311" lon="-113.86324"><ele>992.221</ele><time>2026-05-29T15:31:05Z</time></trkpt><trkpt lat="48.641368" lon="-113.863199"><ele>992.862</ele><time>2026-05-29T15:31:13Z</time></trkpt><trkpt lat="48.641392" lon="-113.863168"><ele>993.090</ele><time>2026-05-29T15:31:16Z</time></trkpt><trkpt lat="48.641439" lon="-113.863083"><ele>993.441</ele><time>2026-05-29T15:31:23Z</time></trkpt><trkpt lat="48.641479" lon="-113.862973"><ele>994.248</ele><time>2026-05-29T15:31:32Z</time></trkpt><trkpt lat="48.641493" lon="-113.862925"><ele>995.283</ele><time>2026-05-29T15:31:38Z</time></trkpt><trkpt lat="48.641497" lon="-113.86289"><ele>996.043</ele><time>2026-05-29T15:31:42Z</time></trkpt><trkpt lat="48.641504" lon="-113.862872"><ele>996.253</ele><time>2026-05-29T15:31:44Z</time></trkpt><trkpt lat="48.641533" lon="-113.862796"><ele>996.604</ele><time>2026-05-29T15:31:50Z</time></trkpt><trkpt lat="48.641581" lon="-113.862653"><ele>997.014</ele><time>2026-05-29T15:32:01Z</time></trkpt><trkpt lat="48.64161" lon="-113.862532"><ele>996.809</ele><time>2026-05-29T15:32:09Z</time></trkpt><trkpt lat="48.641663" lon="-113.862413"><ele>997.237</ele><time>2026-05-29T15:32:18Z</time></trkpt><trkpt lat="48.641673" lon="-113.862271"><ele>997.231</ele><time>2026-05-29T15:32:27Z</time></trkpt><trkpt lat="48.641672" lon="-113.862218"><ele>997.271</ele><time>2026-05-29T15:32:31Z</time></trkpt><trkpt lat="48.641692" lon="-113.862151"><ele>997.492</ele><time>2026-05-29T15:32:38Z</time></trkpt><trkpt lat="48.641711" lon="-113.861976"><ele>997.880</ele><time>2026-05-29T15:32:48Z</time></trkpt><trkpt lat="48.641669" lon="-113.861838"><ele>997.621</ele><time>2026-05-29T15:32:57Z</time></trkpt><trkpt lat="48.641618" lon="-113.861734"><ele>996.648</ele><time>2026-05-29T15:33:07Z</time></trkpt><trkpt lat="48.64161" lon="-113.861698"><ele>996.253</ele><time>2026-05-29T15:33:10Z</time></trkpt><trkpt lat="48.641606" lon="-113.861635"><ele>995.823</ele><time>2026-05-29T15:33:14Z</time></trkpt><trkpt lat="48.64161" lon="-113.8616"><ele>995.876</ele><time>2026-05-29T15:33:16Z</time></trkpt><trkpt lat="48.641609" lon="-113.861577"><ele>995.690</ele><time>2026-05-29T15:33:18Z</time></trkpt><trkpt lat="48.64161" lon="-113.86152"><ele>995.419</ele><time>2026-05-29T15:33:22Z</time></trkpt><trkpt lat="48.641612" lon="-113.861506"><ele>995.209</ele><time>2026-05-29T15:33:23Z</time></trkpt><trkpt lat="48.641608" lon="-113.861436"><ele>994.279</ele><time>2026-05-29T15:33:28Z</time></trkpt><trkpt lat="48.641607" lon="-113.861373"><ele>993.433</ele><time>2026-05-29T15:33:33Z</time></trkpt><trkpt lat="48.641605" lon="-113.861355"><ele>993.043</ele><time>2026-05-29T15:33:35Z</time></trkpt><trkpt lat="48.641582" lon="-113.861258"><ele>992.024</ele><time>2026-05-29T15:33:42Z</time></trkpt><trkpt lat="48.641575" lon="-113.861213"><ele>991.632</ele><time>2026-05-29T15:33:44Z</time></trkpt><trkpt lat="48.641567" lon="-113.861148"><ele>990.873</ele><time>2026-05-29T15:33:48Z</time></trkpt><trkpt lat="48.64156" lon="-113.861095"><ele>989.820</ele><time>2026-05-29T15:33:52Z</time></trkpt><trkpt lat="48.641556" lon="-113.861083"><ele>989.425</ele><time>2026-05-29T15:33:53Z</time></trkpt><trkpt lat="48.64154" lon="-113.861029"><ele>988.625</ele><time>2026-05-29T15:33:57Z</time></trkpt><trkpt lat="48.641516" lon="-113.860945"><ele>987.875</ele><time>2026-05-29T15:34:03Z</time></trkpt><trkpt lat="48.641509" lon="-113.860931"><ele>987.628</ele><time>2026-05-29T15:34:04Z</time></trkpt><trkpt lat="48.641447" lon="-113.86082"><ele>987.620</ele><time>2026-05-29T15:34:12Z</time></trkpt><trkpt lat="48.641385" lon="-113.860753"><ele>987.609</ele><time>2026-05-29T15:34:20Z</time></trkpt><trkpt lat="48.641296" lon="-113.860677"><ele>987.469</ele><time>2026-05-29T15:34:30Z</time></trkpt><trkpt lat="48.641274" lon="-113.860535"><ele>986.823</ele><time>2026-05-29T15:34:39Z</time></trkpt><trkpt lat="48.641278" lon="-113.860468"><ele>987.033</ele><time>2026-05-29T15:34:45Z</time></trkpt><trkpt lat="48.641274" lon="-113.86044"><ele>987.034</ele><time>2026-05-29T15:34:47Z</time></trkpt><trkpt lat="48.641273" lon="-113.860429"><ele>987.012</ele><time>2026-05-29T15:34:48Z</time></trkpt><trkpt lat="48.641269" lon="-113.860414"><ele>987.063</ele><time>2026-05-29T15:34:49Z</time></trkpt><trkpt lat="48.641268" lon="-113.860387"><ele>987.290</ele><time>2026-05-29T15:34:51Z</time></trkpt><trkpt lat="48.641263" lon="-113.860306"><ele>987.285</ele><time>2026-05-29T15:34:58Z</time></trkpt><trkpt lat="48.641292" lon="-113.860213"><ele>987.865</ele><time>2026-05-29T15:35:07Z</time></trkpt><trkpt lat="48.641319" lon="-113.860097"><ele>988.638</ele><time>2026-05-29T15:35:16Z</time></trkpt><trkpt lat="48.641333" lon="-113.860008"><ele>989.670</ele><time>2026-05-29T15:35:23Z</time></trkpt><trkpt lat="48.641338" lon="-113.859975"><ele>990.017</ele><time>2026-05-29T15:35:26Z</time></trkpt><trkpt lat="48.64135" lon="-113.859934"><ele>990.809</ele><time>2026-05-29T15:35:30Z</time></trkpt><trkpt lat="48.641369" lon="-113.859875"><ele>991.265</ele><time>2026-05-29T15:35:35Z</time></trkpt><trkpt lat="48.641375" lon="-113.85982"><ele>991.839</ele><time>2026-05-29T15:35:40Z</time></trkpt><trkpt lat="48.641374" lon="-113.859779"><ele>992.019</ele><time>2026-05-29T15:35:43Z</time></trkpt><trkpt lat="48.641375" lon="-113.859758"><ele>992.040</ele><time>2026-05-29T15:35:44Z</time></trkpt><trkpt lat="48.641378" lon="-113.859752"><ele>992.038</ele><time>2026-05-29T15:35:45Z</time></trkpt><trkpt lat="48.641383" lon="-113.859677"><ele>992.239</ele><time>2026-05-29T15:35:50Z</time></trkpt><trkpt lat="48.641384" lon="-113.859664"><ele>992.276</ele><time>2026-05-29T15:35:51Z</time></trkpt><trkpt lat="48.641351" lon="-113.85957"><ele>992.481</ele><time>2026-05-29T15:35:59Z</time></trkpt><trkpt lat="48.641368" lon="-113.859495"><ele>992.231</ele><time>2026-05-29T15:36:06Z</time></trkpt><trkpt lat="48.641382" lon="-113.859364"><ele>992.018</ele><time>2026-05-29T15:36:15Z</time></trkpt><trkpt lat="48.641384" lon="-113.859289"><ele>992.298</ele><time>2026-05-29T15:36:20Z</time></trkpt><trkpt lat="48.641371" lon="-113.859201"><ele>992.417</ele><time>2026-05-29T15:36:24Z</time></trkpt><trkpt lat="48.641368" lon="-113.859056"><ele>992.409</ele><time>2026-05-29T15:36:32Z</time></trkpt><trkpt lat="48.641361" lon="-113.859021"><ele>992.213</ele><time>2026-05-29T15:36:34Z</time></trkpt><trkpt lat="48.641358" lon="-113.858875"><ele>991.647</ele><time>2026-05-29T15:36:44Z</time></trkpt><trkpt lat="48.641358" lon="-113.858785"><ele>991.867</ele><time>2026-05-29T15:36:53Z</time></trkpt><trkpt lat="48.641344" lon="-113.858753"><ele>991.888</ele><time>2026-05-29T15:36:57Z</time></trkpt><trkpt lat="48.641337" lon="-113.858735"><ele>991.816</ele><time>2026-05-29T15:36:59Z</time></trkpt><trkpt lat="48.641335" lon="-113.858733"><ele>991.837</ele><time>2026-05-29T15:37:01Z</time></trkpt><trkpt lat="48.641333" lon="-113.858726"><ele>991.814</ele><time>2026-05-29T15:37:02Z</time></trkpt><trkpt lat="48.641331" lon="-113.858719"><ele>991.819</ele><time>2026-05-29T15:37:03Z</time></trkpt><trkpt lat="48.641388" lon="-113.858739"><ele>992.289</ele><time>2026-05-29T15:37:13Z</time></trkpt><trkpt lat="48.641427" lon="-113.858725"><ele>992.481</ele><time>2026-05-29T15:37:17Z</time></trkpt><trkpt lat="48.641434" lon="-113.858704"><ele>992.661</ele><time>2026-05-29T15:37:19Z</time></trkpt><trkpt lat="48.641437" lon="-113.858692"><ele>992.817</ele><time>2026-05-29T15:37:20Z</time></trkpt><trkpt lat="48.641442" lon="-113.858669"><ele>993.009</ele><time>2026-05-29T15:37:22Z</time></trkpt><trkpt lat="48.64145" lon="-113.858547"><ele>993.840</ele><time>2026-05-29T15:37:32Z</time></trkpt><trkpt lat="48.641451" lon="-113.858537"><ele>994.014</ele><time>2026-05-29T15:37:33Z</time></trkpt><trkpt lat="48.641465" lon="-113.858447"><ele>994.874</ele><time>2026-05-29T15:37:40Z</time></trkpt><trkpt lat="48.641468" lon="-113.858423"><ele>995.225</ele><time>2026-05-29T15:37:42Z</time></trkpt><trkpt lat="48.641469" lon="-113.85833"><ele>996.033</ele><time>2026-05-29T15:37:48Z</time></trkpt><trkpt lat="48.64147" lon="-113.858293"><ele>996.464</ele><time>2026-05-29T15:37:51Z</time></trkpt><trkpt lat="48.641474" lon="-113.858212"><ele>997.041</ele><time>2026-05-29T15:37:58Z</time></trkpt><trkpt lat="48.641486" lon="-113.858165"><ele>997.496</ele><time>2026-05-29T15:38:02Z</time></trkpt><trkpt lat="48.641491" lon="-113.858153"><ele>997.476</ele><time>2026-05-29T15:38:03Z</time></trkpt><trkpt lat="48.641509" lon="-113.858104"><ele>998.085</ele><time>2026-05-29T15:38:10Z</time></trkpt><trkpt lat="48.641512" lon="-113.85809"><ele>998.289</ele><time>2026-05-29T15:38:11Z</time></trkpt><trkpt lat="48.641514" lon="-113.857985"><ele>998.617</ele><time>2026-05-29T15:38:19Z</time></trkpt><trkpt lat="48.641512" lon="-113.857797"><ele>997.809</ele><time>2026-05-29T15:38:29Z</time></trkpt><trkpt lat="48.641486" lon="-113.857793"><ele>997.410</ele><time>2026-05-29T15:38:32Z</time></trkpt><trkpt lat="48.641475" lon="-113.857796"><ele>997.224</ele><time>2026-05-29T15:38:33Z</time></trkpt><trkpt lat="48.641466" lon="-113.857798"><ele>996.884</ele><time>2026-05-29T15:38:34Z</time></trkpt><trkpt lat="48.641416" lon="-113.857796"><ele>996.075</ele><time>2026-05-29T15:38:38Z</time></trkpt><trkpt lat="48.641377" lon="-113.85779"><ele>995.483</ele><time>2026-05-29T15:38:42Z</time></trkpt><trkpt lat="48.641355" lon="-113.857783"><ele>995.464</ele><time>2026-05-29T15:38:45Z</time></trkpt><trkpt lat="48.641326" lon="-113.857778"><ele>995.471</ele><time>2026-05-29T15:38:49Z</time></trkpt><trkpt lat="48.641335" lon="-113.857798"><ele>996.056</ele><time>2026-05-29T15:38:56Z</time></trkpt><trkpt lat="48.641337" lon="-113.857802"><ele>995.856</ele><time>2026-05-29T15:38:57Z</time></trkpt><trkpt lat="48.641316" lon="-113.857798"><ele>995.464</ele><time>2026-05-29T15:39:03Z</time></trkpt><trkpt lat="48.641249" lon="-113.857793"><ele>995.606</ele><time>2026-05-29T15:39:09Z</time></trkpt><trkpt lat="48.641185" lon="-113.857778"><ele>995.816</ele><time>2026-05-29T15:39:16Z</time></trkpt><trkpt lat="48.64117" lon="-113.857713"><ele>995.409</ele><time>2026-05-29T15:39:23Z</time></trkpt><trkpt lat="48.64119" lon="-113.857658"><ele>995.618</ele><time>2026-05-29T15:39:32Z</time></trkpt><trkpt lat="48.641191" lon="-113.85759"><ele>996.082</ele><time>2026-05-29T15:39:42Z</time></trkpt><trkpt lat="48.641228" lon="-113.857503"><ele>997.072</ele><time>2026-05-29T15:39:51Z</time></trkpt><trkpt lat="48.64128" lon="-113.85744"><ele>998.053</ele><time>2026-05-29T15:40:00Z</time></trkpt><trkpt lat="48.64129" lon="-113.857425"><ele>998.461</ele><time>2026-05-29T15:40:02Z</time></trkpt><trkpt lat="48.641293" lon="-113.857417"><ele>998.482</ele><time>2026-05-29T15:40:03Z</time></trkpt><trkpt lat="48.641309" lon="-113.857357"><ele>999.299</ele><time>2026-05-29T15:40:09Z</time></trkpt><trkpt lat="48.641314" lon="-113.857347"><ele>999.664</ele><time>2026-05-29T15:40:12Z</time></trkpt><trkpt lat="48.641322" lon="-113.857312"><ele>1000.244</ele><time>2026-05-29T15:40:18Z</time></trkpt><trkpt lat="48.64134" lon="-113.857253"><ele>1001.064</ele><time>2026-05-29T15:40:25Z</time></trkpt><trkpt lat="48.641342" lon="-113.857237"><ele>1001.206</ele><time>2026-05-29T15:40:28Z</time></trkpt><trkpt lat="48.64134" lon="-113.85723"><ele>1001.416</ele><time>2026-05-29T15:40:29Z</time></trkpt><trkpt lat="48.641337" lon="-113.857217"><ele>1001.409</ele><time>2026-05-29T15:40:30Z</time></trkpt><trkpt lat="48.64132" lon="-113.857173"><ele>1002.238</ele><time>2026-05-29T15:40:36Z</time></trkpt><trkpt lat="48.641318" lon="-113.857163"><ele>1002.482</ele><time>2026-05-29T15:40:38Z</time></trkpt><trkpt lat="48.64132" lon="-113.857112"><ele>1003.282</ele><time>2026-05-29T15:40:45Z</time></trkpt><trkpt lat="48.641327" lon="-113.857067"><ele>1003.443</ele><time>2026-05-29T15:40:49Z</time></trkpt><trkpt lat="48.641333" lon="-113.857043"><ele>1003.881</ele><time>2026-05-29T15:40:52Z</time></trkpt><trkpt lat="48.641337" lon="-113.857026"><ele>1004.212</ele><time>2026-05-29T15:40:54Z</time></trkpt><trkpt lat="48.641339" lon="-113.857011"><ele>1004.669</ele><time>2026-05-29T15:40:56Z</time></trkpt><trkpt lat="48.641354" lon="-113.856945"><ele>1005.214</ele><time>2026-05-29T15:41:02Z</time></trkpt><trkpt lat="48.641358" lon="-113.856911"><ele>1005.684</ele><time>2026-05-29T15:41:06Z</time></trkpt><trkpt lat="48.641341" lon="-113.856883"><ele>1006.094</ele><time>2026-05-29T15:41:10Z</time></trkpt><trkpt lat="48.641317" lon="-113.8569"><ele>1005.857</ele><time>2026-05-29T15:41:12Z</time></trkpt><trkpt lat="48.641272" lon="-113.856956"><ele>1005.822</ele><time>2026-05-29T15:41:19Z</time></trkpt><trkpt lat="48.641224" lon="-113.857041"><ele>1005.409</ele><time>2026-05-29T15:41:26Z</time></trkpt><trkpt lat="48.641173" lon="-113.857172"><ele>1004.831</ele><time>2026-05-29T15:41:36Z</time></trkpt><trkpt lat="48.641114" lon="-113.857304"><ele>1004.665</ele><time>2026-05-29T15:41:45Z</time></trkpt><trkpt lat="48.641108" lon="-113.857316"><ele>1004.625</ele><time>2026-05-29T15:41:46Z</time></trkpt><trkpt lat="48.64109" lon="-113.857371"><ele>1004.476</ele><time>2026-05-29T15:41:50Z</time></trkpt><trkpt lat="48.641082" lon="-113.857402"><ele>1004.424</ele><time>2026-05-29T15:41:52Z</time></trkpt><trkpt lat="48.641063" lon="-113.857459"><ele>1004.215</ele><time>2026-05-29T15:41:56Z</time></trkpt><trkpt lat="48.640998" lon="-113.857487"><ele>1004.482</ele><time>2026-05-29T15:42:04Z</time></trkpt><trkpt lat="48.640975" lon="-113.857485"><ele>1004.617</ele><time>2026-05-29T15:42:07Z</time></trkpt><trkpt lat="48.640955" lon="-113.857479"><ele>1004.677</ele><time>2026-05-29T15:42:10Z</time></trkpt><trkpt lat="48.640946" lon="-113.857469"><ele>1004.874</ele><time>2026-05-29T15:42:12Z</time></trkpt><trkpt lat="48.640921" lon="-113.857451"><ele>1005.656</ele><time>2026-05-29T15:42:17Z</time></trkpt><trkpt lat="48.640893" lon="-113.857429"><ele>1006.421</ele><time>2026-05-29T15:42:22Z</time></trkpt><trkpt lat="48.640879" lon="-113.857426"><ele>1006.809</ele><time>2026-05-29T15:42:24Z</time></trkpt><trkpt lat="48.640819" lon="-113.857443"><ele>1007.899</ele><time>2026-05-29T15:42:33Z</time></trkpt><trkpt lat="48.640814" lon="-113.857451"><ele>1007.823</ele><time>2026-05-29T15:42:34Z</time></trkpt><trkpt lat="48.640806" lon="-113.857457"><ele>1008.093</ele><time>2026-05-29T15:42:35Z</time></trkpt><trkpt lat="48.640785" lon="-113.857447"><ele>1008.624</ele><time>2026-05-29T15:42:42Z</time></trkpt><trkpt lat="48.640787" lon="-113.857434"><ele>1008.612</ele><time>2026-05-29T15:42:43Z</time></trkpt><trkpt lat="48.640784" lon="-113.857414"><ele>1008.873</ele><time>2026-05-29T15:42:45Z</time></trkpt><trkpt lat="48.640782" lon="-113.857403"><ele>1009.210</ele><time>2026-05-29T15:42:47Z</time></trkpt><trkpt lat="48.640781" lon="-113.857383"><ele>1009.695</ele><time>2026-05-29T15:42:50Z</time></trkpt><trkpt lat="48.640775" lon="-113.857362"><ele>1010.065</ele><time>2026-05-29T15:42:52Z</time></trkpt><trkpt lat="48.640773" lon="-113.85736"><ele>1010.251</ele><time>2026-05-29T15:42:53Z</time></trkpt><trkpt lat="48.640758" lon="-113.857362"><ele>1010.801</ele><time>2026-05-29T15:42:56Z</time></trkpt><trkpt lat="48.640752" lon="-113.857362"><ele>1011.011</ele><time>2026-05-29T15:42:57Z</time></trkpt><trkpt lat="48.64074" lon="-113.857366"><ele>1011.209</ele><time>2026-05-29T15:42:59Z</time></trkpt><trkpt lat="48.640704" lon="-113.857372"><ele>1012.087</ele><time>2026-05-29T15:43:03Z</time></trkpt><trkpt lat="48.640697" lon="-113.857372"><ele>1012.291</ele><time>2026-05-29T15:43:04Z</time></trkpt><trkpt lat="48.640611" lon="-113.857361"><ele>1012.851</ele><time>2026-05-29T15:43:13Z</time></trkpt><trkpt lat="48.640607" lon="-113.857363"><ele>1012.842</ele><time>2026-05-29T15:43:14Z</time></trkpt><trkpt lat="48.640578" lon="-113.857386"><ele>1013.020</ele><time>2026-05-29T15:43:18Z</time></trkpt><trkpt lat="48.640561" lon="-113.857404"><ele>1013.241</ele><time>2026-05-29T15:43:23Z</time></trkpt><trkpt lat="48.640506" lon="-113.857512"><ele>1013.878</ele><time>2026-05-29T15:43:34Z</time></trkpt><trkpt lat="48.640497" lon="-113.85752"><ele>1014.033</ele><time>2026-05-29T15:43:36Z</time></trkpt><trkpt lat="48.640464" lon="-113.857512"><ele>1015.293</ele><time>2026-05-29T15:43:45Z</time></trkpt><trkpt lat="48.640419" lon="-113.85742"><ele>1016.225</ele><time>2026-05-29T15:43:55Z</time></trkpt><trkpt lat="48.640415" lon="-113.85741"><ele>1016.226</ele><time>2026-05-29T15:43:56Z</time></trkpt><trkpt lat="48.640369" lon="-113.8573"><ele>1017.408</ele><time>2026-05-29T15:44:07Z</time></trkpt><trkpt lat="48.640366" lon="-113.857299"><ele>1017.609</ele><time>2026-05-29T15:44:08Z</time></trkpt><trkpt lat="48.640353" lon="-113.857306"><ele>1018.444</ele><time>2026-05-29T15:44:14Z</time></trkpt><trkpt lat="48.640354" lon="-113.857321"><ele>1018.458</ele><time>2026-05-29T15:44:15Z</time></trkpt><trkpt lat="48.640352" lon="-113.857327"><ele>1018.648</ele><time>2026-05-29T15:44:16Z</time></trkpt><trkpt lat="48.640343" lon="-113.857343"><ele>1018.879</ele><time>2026-05-29T15:44:18Z</time></trkpt><trkpt lat="48.640299" lon="-113.857354"><ele>1019.467</ele><time>2026-05-29T15:44:26Z</time></trkpt><trkpt lat="48.640296" lon="-113.857347"><ele>1019.418</ele><time>2026-05-29T15:44:27Z</time></trkpt><trkpt lat="48.640232" lon="-113.857323"><ele>1020.425</ele><time>2026-05-29T15:44:35Z</time></trkpt><trkpt lat="48.640208" lon="-113.85732"><ele>1020.450</ele><time>2026-05-29T15:44:38Z</time></trkpt><trkpt lat="48.640194" lon="-113.857271"><ele>1021.040</ele><time>2026-05-29T15:44:48Z</time></trkpt><trkpt lat="48.640201" lon="-113.85726"><ele>1021.446</ele><time>2026-05-29T15:44:51Z</time></trkpt><trkpt lat="48.6402" lon="-113.857227"><ele>1022.288</ele><time>2026-05-29T15:44:57Z</time></trkpt><trkpt lat="48.640188" lon="-113.85718"><ele>1022.416</ele><time>2026-05-29T15:45:06Z</time></trkpt><trkpt lat="48.640184" lon="-113.857178"><ele>1022.609</ele><time>2026-05-29T15:45:07Z</time></trkpt><trkpt lat="48.640169" lon="-113.857132"><ele>1023.666</ele><time>2026-05-29T15:45:16Z</time></trkpt><trkpt lat="48.640161" lon="-113.857141"><ele>1023.220</ele><time>2026-05-29T15:45:21Z</time></trkpt><trkpt lat="48.64016" lon="-113.857151"><ele>1023.230</ele><time>2026-05-29T15:45:24Z</time></trkpt><trkpt lat="48.64014" lon="-113.857104"><ele>1023.021</ele><time>2026-05-29T15:45:32Z</time></trkpt><trkpt lat="48.640142" lon="-113.857064"><ele>1022.859</ele><time>2026-05-29T15:45:35Z</time></trkpt><trkpt lat="48.640145" lon="-113.856989"><ele>1022.690</ele><time>2026-05-29T15:45:40Z</time></trkpt><trkpt lat="48.640148" lon="-113.856975"><ele>1022.637</ele><time>2026-05-29T15:45:41Z</time></trkpt><trkpt lat="48.64013" lon="-113.856853"><ele>1022.212</ele><time>2026-05-29T15:45:49Z</time></trkpt><trkpt lat="48.640102" lon="-113.856843"><ele>1022.242</ele><time>2026-05-29T15:46:00Z</time></trkpt><trkpt lat="48.640064" lon="-113.856754"><ele>1021.427</ele><time>2026-05-29T15:46:07Z</time></trkpt><trkpt lat="48.640059" lon="-113.856737"><ele>1021.268</ele><time>2026-05-29T15:46:08Z</time></trkpt><trkpt lat="48.64004" lon="-113.856672"><ele>1020.814</ele><time>2026-05-29T15:46:14Z</time></trkpt><trkpt lat="48.640038" lon="-113.856663"><ele>1020.609</ele><time>2026-05-29T15:46:15Z</time></trkpt><trkpt lat="48.640035" lon="-113.85665"><ele>1020.694</ele><time>2026-05-29T15:46:16Z</time></trkpt><trkpt lat="48.640007" lon="-113.856489"><ele>1020.658</ele><time>2026-05-29T15:46:27Z</time></trkpt><trkpt lat="48.639965" lon="-113.856385"><ele>1020.448</ele><time>2026-05-29T15:46:38Z</time></trkpt><trkpt lat="48.639888" lon="-113.856257"><ele>1020.419</ele><time>2026-05-29T15:46:47Z</time></trkpt><trkpt lat="48.639856" lon="-113.856221"><ele>1020.467</ele><time>2026-05-29T15:46:50Z</time></trkpt><trkpt lat="48.639776" lon="-113.856187"><ele>1020.628</ele><time>2026-05-29T15:46:56Z</time></trkpt><trkpt lat="48.639676" lon="-113.856188"><ele>1021.265</ele><time>2026-05-29T15:47:06Z</time></trkpt><trkpt lat="48.639651" lon="-113.85618"><ele>1021.420</ele><time>2026-05-29T15:47:08Z</time></trkpt><trkpt lat="48.639597" lon="-113.856149"><ele>1022.240</ele><time>2026-05-29T15:47:15Z</time></trkpt><trkpt lat="48.63959" lon="-113.856142"><ele>1022.631</ele><time>2026-05-29T15:47:17Z</time></trkpt><trkpt lat="48.639533" lon="-113.85608"><ele>1023.261</ele><time>2026-05-29T15:47:26Z</time></trkpt><trkpt lat="48.639529" lon="-113.856073"><ele>1023.407</ele><time>2026-05-29T15:47:27Z</time></trkpt><trkpt lat="48.639507" lon="-113.856045"><ele>1023.609</ele><time>2026-05-29T15:47:30Z</time></trkpt><trkpt lat="48.639465" lon="-113.856032"><ele>1024.245</ele><time>2026-05-29T15:47:36Z</time></trkpt><trkpt lat="48.639465" lon="-113.856037"><ele>1024.429</ele><time>2026-05-29T15:47:37Z</time></trkpt><trkpt lat="48.639437" lon="-113.856042"><ele>1024.689</ele><time>2026-05-29T15:47:43Z</time></trkpt><trkpt lat="48.639422" lon="-113.856037"><ele>1025.050</ele><time>2026-05-29T15:47:46Z</time></trkpt><trkpt lat="48.639408" lon="-113.85602"><ele>1025.268</ele><time>2026-05-29T15:47:50Z</time></trkpt><trkpt lat="48.639364" lon="-113.855998"><ele>1025.829</ele><time>2026-05-29T15:47:56Z</time></trkpt><trkpt lat="48.639339" lon="-113.855989"><ele>1026.026</ele><time>2026-05-29T15:47:58Z</time></trkpt><trkpt lat="48.639276" lon="-113.855973"><ele>1026.841</ele><time>2026-05-29T15:48:06Z</time></trkpt><trkpt lat="48.639266" lon="-113.855966"><ele>1027.211</ele><time>2026-05-29T15:48:09Z</time></trkpt><trkpt lat="48.639253" lon="-113.85596"><ele>1027.695</ele><time>2026-05-29T15:48:11Z</time></trkpt><trkpt lat="48.639241" lon="-113.855954"><ele>1027.849</ele><time>2026-05-29T15:48:13Z</time></trkpt><trkpt lat="48.639241" lon="-113.855955"><ele>1028.023</ele><time>2026-05-29T15:48:14Z</time></trkpt><trkpt lat="48.639225" lon="-113.855949"><ele>1028.809</ele><time>2026-05-29T15:48:19Z</time></trkpt><trkpt lat="48.639219" lon="-113.855948"><ele>1029.281</ele><time>2026-05-29T15:48:20Z</time></trkpt><trkpt lat="48.639146" lon="-113.855882"><ele>1029.845</ele><time>2026-05-29T15:48:29Z</time></trkpt><trkpt lat="48.639068" lon="-113.855826"><ele>1029.415</ele><time>2026-05-29T15:48:38Z</time></trkpt><trkpt lat="48.639048" lon="-113.855806"><ele>1029.676</ele><time>2026-05-29T15:48:40Z</time></trkpt><trkpt lat="48.639037" lon="-113.855784"><ele>1029.624</ele><time>2026-05-29T15:48:42Z</time></trkpt><trkpt lat="48.639027" lon="-113.855752"><ele>1029.845</ele><time>2026-05-29T15:48:45Z</time></trkpt><trkpt lat="48.639003" lon="-113.855674"><ele>1029.812</ele><time>2026-05-29T15:48:51Z</time></trkpt><trkpt lat="48.638964" lon="-113.855626"><ele>1029.627</ele><time>2026-05-29T15:48:56Z</time></trkpt><trkpt lat="48.63891" lon="-113.85557"><ele>1030.237</ele><time>2026-05-29T15:49:03Z</time></trkpt><trkpt lat="48.638886" lon="-113.855528"><ele>1030.274</ele><time>2026-05-29T15:49:06Z</time></trkpt><trkpt lat="48.638826" lon="-113.85547"><ele>1030.256</ele><time>2026-05-29T15:49:14Z</time></trkpt><trkpt lat="48.638761" lon="-113.855411"><ele>1031.221</ele><time>2026-05-29T15:49:22Z</time></trkpt><trkpt lat="48.638754" lon="-113.855405"><ele>1031.409</ele><time>2026-05-29T15:49:23Z</time></trkpt><trkpt lat="48.638671" lon="-113.855403"><ele>1030.429</ele><time>2026-05-29T15:49:32Z</time></trkpt><trkpt lat="48.638663" lon="-113.855407"><ele>1030.243</ele><time>2026-05-29T15:49:33Z</time></trkpt><trkpt lat="48.638646" lon="-113.855419"><ele>1029.853</ele><time>2026-05-29T15:49:35Z</time></trkpt><trkpt lat="48.638589" lon="-113.855462"><ele>1029.044</ele><time>2026-05-29T15:49:40Z</time></trkpt><trkpt lat="48.638565" lon="-113.855469"><ele>1028.632</ele><time>2026-05-29T15:49:48Z</time></trkpt><trkpt lat="48.638525" lon="-113.855464"><ele>1028.623</ele><time>2026-05-29T15:49:57Z</time></trkpt><trkpt lat="48.638451" lon="-113.855444"><ele>1028.260</ele><time>2026-05-29T15:50:05Z</time></trkpt><trkpt lat="48.638402" lon="-113.855425"><ele>1028.455</ele><time>2026-05-29T15:50:12Z</time></trkpt><trkpt lat="48.638338" lon="-113.85539"><ele>1028.285</ele><time>2026-05-29T15:50:23Z</time></trkpt><trkpt lat="48.638288" lon="-113.855377"><ele>1028.083</ele><time>2026-05-29T15:50:28Z</time></trkpt><trkpt lat="48.638245" lon="-113.855363"><ele>1028.025</ele><time>2026-05-29T15:50:33Z</time></trkpt><trkpt lat="48.638154" lon="-113.855344"><ele>1027.217</ele><time>2026-05-29T15:50:42Z</time></trkpt><trkpt lat="48.638133" lon="-113.85534"><ele>1026.809</ele><time>2026-05-29T15:50:44Z</time></trkpt><trkpt lat="48.638027" lon="-113.855289"><ele>1026.880</ele><time>2026-05-29T15:50:52Z</time></trkpt><trkpt lat="48.637997" lon="-113.85525"><ele>1028.034</ele><time>2026-05-29T15:50:58Z</time></trkpt><trkpt lat="48.637959" lon="-113.855227"><ele>1028.264</ele><time>2026-05-29T15:51:03Z</time></trkpt><trkpt lat="48.637896" lon="-113.855207"><ele>1026.815</ele><time>2026-05-29T15:51:10Z</time></trkpt><trkpt lat="48.637872" lon="-113.855195"><ele>1026.483</ele><time>2026-05-29T15:51:12Z</time></trkpt><trkpt lat="48.637794" lon="-113.855199"><ele>1026.444</ele><time>2026-05-29T15:51:21Z</time></trkpt><trkpt lat="48.637781" lon="-113.855213"><ele>1026.411</ele><time>2026-05-29T15:51:27Z</time></trkpt><trkpt lat="48.637733" lon="-113.855239"><ele>1026.296</ele><time>2026-05-29T15:51:31Z</time></trkpt><trkpt lat="48.63764" lon="-113.855322"><ele>1026.056</ele><time>2026-05-29T15:51:40Z</time></trkpt><trkpt lat="48.63762" lon="-113.855345"><ele>1025.826</ele><time>2026-05-29T15:51:42Z</time></trkpt><trkpt lat="48.637564" lon="-113.855381"><ele>1025.047</ele><time>2026-05-29T15:51:47Z</time></trkpt><trkpt lat="48.637539" lon="-113.855395"><ele>1024.811</ele><time>2026-05-29T15:51:50Z</time></trkpt><trkpt lat="48.637508" lon="-113.855435"><ele>1024.209</ele><time>2026-05-29T15:51:54Z</time></trkpt><trkpt lat="48.637501" lon="-113.855455"><ele>1023.884</ele><time>2026-05-29T15:51:55Z</time></trkpt><trkpt lat="48.637496" lon="-113.855471"><ele>1023.668</ele><time>2026-05-29T15:51:56Z</time></trkpt><trkpt lat="48.637497" lon="-113.855517"><ele>1022.478</ele><time>2026-05-29T15:52:00Z</time></trkpt><trkpt lat="48.637501" lon="-113.855531"><ele>1022.459</ele><time>2026-05-29T15:52:02Z</time></trkpt><trkpt lat="48.637521" lon="-113.855602"><ele>1022.467</ele><time>2026-05-29T15:52:13Z</time></trkpt><trkpt lat="48.637527" lon="-113.855601"><ele>1022.428</ele><time>2026-05-29T15:52:22Z</time></trkpt><trkpt lat="48.637521" lon="-113.855596"><ele>1022.685</ele><time>2026-05-29T15:52:26Z</time></trkpt><trkpt lat="48.637522" lon="-113.855603"><ele>1022.650</ele><time>2026-05-29T15:52:29Z</time></trkpt><trkpt lat="48.637523" lon="-113.8556"><ele>1022.690</ele><time>2026-05-29T15:52:33Z</time></trkpt><trkpt lat="48.637527" lon="-113.855589"><ele>1023.013</ele><time>2026-05-29T15:52:44Z</time></trkpt><trkpt lat="48.63754" lon="-113.85558"><ele>1022.643</ele><time>2026-05-29T15:52:56Z</time></trkpt><trkpt lat="48.63753" lon="-113.855587"><ele>1022.407</ele><time>2026-05-29T15:53:00Z</time></trkpt><trkpt lat="48.637518" lon="-113.855624"><ele>1022.609</ele><time>2026-05-29T15:53:06Z</time></trkpt><trkpt lat="48.637518" lon="-113.855631"><ele>1022.633</ele><time>2026-05-29T15:53:07Z</time></trkpt><trkpt lat="48.637528" lon="-113.855594"><ele>1023.057</ele><time>2026-05-29T15:53:18Z</time></trkpt><trkpt lat="48.637527" lon="-113.855573"><ele>1023.267</ele><time>2026-05-29T15:53:22Z</time></trkpt><trkpt lat="48.637525" lon="-113.85555"><ele>1023.298</ele><time>2026-05-29T15:53:28Z</time></trkpt><trkpt lat="48.637524" lon="-113.85553"><ele>1023.226</ele><time>2026-05-29T15:53:39Z</time></trkpt><trkpt lat="48.637526" lon="-113.855531"><ele>1023.037</ele><time>2026-05-29T15:53:40Z</time></trkpt><trkpt lat="48.637531" lon="-113.85553"><ele>1023.224</ele><time>2026-05-29T15:53:43Z</time></trkpt><trkpt lat="48.637532" lon="-113.855532"><ele>1023.259</ele><time>2026-05-29T15:53:54Z</time></trkpt><trkpt lat="48.637557" lon="-113.855542"><ele>1023.239</ele><time>2026-05-29T15:54:08Z</time></trkpt><trkpt lat="48.637609" lon="-113.855533"><ele>1023.459</ele><time>2026-05-29T15:54:21Z</time></trkpt><trkpt lat="48.637621" lon="-113.855536"><ele>1023.403</ele><time>2026-05-29T15:54:30Z</time></trkpt><trkpt lat="48.637614" lon="-113.855545"><ele>1023.423</ele><time>2026-05-29T15:54:34Z</time></trkpt><trkpt lat="48.637608" lon="-113.85557"><ele>1023.409</ele><time>2026-05-29T15:54:47Z</time></trkpt><trkpt lat="48.63763" lon="-113.855584"><ele>1023.417</ele><time>2026-05-29T15:54:55Z</time></trkpt><trkpt lat="48.637627" lon="-113.855579"><ele>1023.651</ele><time>2026-05-29T15:54:58Z</time></trkpt><trkpt lat="48.637626" lon="-113.855549"><ele>1023.661</ele><time>2026-05-29T15:55:07Z</time></trkpt><trkpt lat="48.637624" lon="-113.855544"><ele>1023.692</ele><time>2026-05-29T15:55:12Z</time></trkpt><trkpt lat="48.637587" lon="-113.855541"><ele>1023.870</ele><time>2026-05-29T15:55:23Z</time></trkpt><trkpt lat="48.637584" lon="-113.855541"><ele>1023.831</ele><time>2026-05-29T15:55:24Z</time></trkpt><trkpt lat="48.637533" lon="-113.855522"><ele>1023.628</ele><time>2026-05-29T15:55:30Z</time></trkpt><trkpt lat="48.637496" lon="-113.855508"><ele>1023.813</ele><time>2026-05-29T15:55:36Z</time></trkpt><trkpt lat="48.637466" lon="-113.855541"><ele>1024.023</ele><time>2026-05-29T15:55:45Z</time></trkpt><trkpt lat="48.637488" lon="-113.855507"><ele>1024.067</ele><time>2026-05-29T15:55:53Z</time></trkpt><trkpt lat="48.637477" lon="-113.8555"><ele>1024.081</ele><time>2026-05-29T15:56:04Z</time></trkpt><trkpt lat="48.637474" lon="-113.85552"><ele>1024.219</ele><time>2026-05-29T15:56:11Z</time></trkpt><trkpt lat="48.63748" lon="-113.855528"><ele>1024.409</ele><time>2026-05-29T15:56:16Z</time></trkpt><trkpt lat="48.637482" lon="-113.855528"><ele>1024.638</ele><time>2026-05-29T15:56:17Z</time></trkpt><trkpt lat="48.63751" lon="-113.855535"><ele>1024.422</ele><time>2026-05-29T15:56:27Z</time></trkpt><trkpt lat="48.637474" lon="-113.855549"><ele>1024.422</ele><time>2026-05-29T15:56:34Z</time></trkpt><trkpt lat="48.637439" lon="-113.855531"><ele>1024.643</ele><time>2026-05-29T15:56:38Z</time></trkpt><trkpt lat="48.63738" lon="-113.855491"><ele>1024.811</ele><time>2026-05-29T15:56:46Z</time></trkpt><trkpt lat="48.637346" lon="-113.855384"><ele>1025.852</ele><time>2026-05-29T15:56:57Z</time></trkpt><trkpt lat="48.637312" lon="-113.855354"><ele>1027.049</ele><time>2026-05-29T15:57:03Z</time></trkpt><trkpt lat="48.637296" lon="-113.855365"><ele>1027.664</ele><time>2026-05-29T15:57:07Z</time></trkpt><trkpt lat="48.637289" lon="-113.855368"><ele>1027.844</ele><time>2026-05-29T15:57:08Z</time></trkpt><trkpt lat="48.637277" lon="-113.855381"><ele>1028.059</ele><time>2026-05-29T15:57:10Z</time></trkpt><trkpt lat="48.637204" lon="-113.855431"><ele>1028.803</ele><time>2026-05-29T15:57:18Z</time></trkpt><trkpt lat="48.637135" lon="-113.855463"><ele>1028.623</ele><time>2026-05-29T15:57:27Z</time></trkpt><trkpt lat="48.637113" lon="-113.855541"><ele>1027.009</ele><time>2026-05-29T15:57:36Z</time></trkpt><trkpt lat="48.637119" lon="-113.855552"><ele>1026.827</ele><time>2026-05-29T15:57:37Z</time></trkpt><trkpt lat="48.637136" lon="-113.855626"><ele>1025.611</ele><time>2026-05-29T15:57:44Z</time></trkpt><trkpt lat="48.637127" lon="-113.855657"><ele>1025.091</ele><time>2026-05-29T15:57:46Z</time></trkpt><trkpt lat="48.637122" lon="-113.855684"><ele>1024.682</ele><time>2026-05-29T15:57:48Z</time></trkpt><trkpt lat="48.637113" lon="-113.855757"><ele>1024.820</ele><time>2026-05-29T15:57:54Z</time></trkpt><trkpt lat="48.637115" lon="-113.855811"><ele>1024.841</ele><time>2026-05-29T15:57:59Z</time></trkpt><trkpt lat="48.637113" lon="-113.855818"><ele>1024.638</ele><time>2026-05-29T15:58:01Z</time></trkpt><trkpt lat="48.637097" lon="-113.855853"><ele>1024.883</ele><time>2026-05-29T15:58:08Z</time></trkpt><trkpt lat="48.637071" lon="-113.855857"><ele>1024.873</ele><time>2026-05-29T15:58:16Z</time></trkpt><trkpt lat="48.637073" lon="-113.855855"><ele>1024.888</ele><time>2026-05-29T15:58:17Z</time></trkpt><trkpt lat="48.637086" lon="-113.855851"><ele>1024.624</ele><time>2026-05-29T15:58:25Z</time></trkpt><trkpt lat="48.637066" lon="-113.855846"><ele>1024.626</ele><time>2026-05-29T15:58:31Z</time></trkpt><trkpt lat="48.637059" lon="-113.855901"><ele>1024.609</ele><time>2026-05-29T15:58:39Z</time></trkpt><trkpt lat="48.637043" lon="-113.85592"><ele>1024.620</ele><time>2026-05-29T15:58:48Z</time></trkpt><trkpt lat="48.637032" lon="-113.855973"><ele>1024.644</ele><time>2026-05-29T15:59:00Z</time></trkpt><trkpt lat="48.637" lon="-113.855977"><ele>1024.694</ele><time>2026-05-29T15:59:07Z</time></trkpt><trkpt lat="48.637047" lon="-113.855984"><ele>1024.625</ele><time>2026-05-29T15:59:17Z</time></trkpt><trkpt lat="48.637071" lon="-113.855974"><ele>1024.463</ele><time>2026-05-29T15:59:30Z</time></trkpt><trkpt lat="48.63706" lon="-113.855971"><ele>1024.424</ele><time>2026-05-29T15:59:35Z</time></trkpt><trkpt lat="48.637058" lon="-113.855962"><ele>1024.481</ele><time>2026-05-29T15:59:41Z</time></trkpt><trkpt lat="48.637048" lon="-113.855973"><ele>1024.486</ele><time>2026-05-29T15:59:49Z</time></trkpt><trkpt lat="48.637038" lon="-113.855977"><ele>1024.416</ele><time>2026-05-29T15:59:51Z</time></trkpt><trkpt lat="48.637052" lon="-113.855944"><ele>1024.256</ele><time>2026-05-29T15:59:58Z</time></trkpt><trkpt lat="48.637059" lon="-113.855933"><ele>1024.259</ele><time>2026-05-29T15:59:59Z</time></trkpt><trkpt lat="48.637123" lon="-113.855866"><ele>1024.414</ele><time>2026-05-29T16:00:06Z</time></trkpt><trkpt lat="48.637139" lon="-113.855875"><ele>1024.409</ele><time>2026-05-29T16:00:09Z</time></trkpt><trkpt lat="48.637151" lon="-113.855851"><ele>1024.447</ele><time>2026-05-29T16:00:12Z</time></trkpt><trkpt lat="48.637156" lon="-113.855843"><ele>1024.491</ele><time>2026-05-29T16:00:13Z</time></trkpt><trkpt lat="48.637155" lon="-113.85583"><ele>1024.451</ele><time>2026-05-29T16:00:14Z</time></trkpt><trkpt lat="48.637143" lon="-113.855727"><ele>1024.222</ele><time>2026-05-29T16:00:21Z</time></trkpt><trkpt lat="48.637147" lon="-113.855719"><ele>1024.680</ele><time>2026-05-29T16:00:30Z</time></trkpt><trkpt lat="48.637166" lon="-113.855608"><ele>1024.421</ele><time>2026-05-29T16:00:40Z</time></trkpt><trkpt lat="48.637168" lon="-113.855557"><ele>1025.858</ele><time>2026-05-29T16:00:47Z</time></trkpt><trkpt lat="48.637149" lon="-113.855549"><ele>1026.223</ele><time>2026-05-29T16:00:49Z</time></trkpt><trkpt lat="48.6371" lon="-113.855528"><ele>1026.473</ele><time>2026-05-29T16:00:52Z</time></trkpt><trkpt lat="48.637068" lon="-113.855524"><ele>1026.451</ele><time>2026-05-29T16:00:55Z</time></trkpt><trkpt lat="48.637038" lon="-113.855522"><ele>1026.601</ele><time>2026-05-29T16:00:58Z</time></trkpt><trkpt lat="48.637021" lon="-113.855515"><ele>1026.411</ele><time>2026-05-29T16:01:00Z</time></trkpt><trkpt lat="48.63699" lon="-113.855504"><ele>1026.409</ele><time>2026-05-29T16:01:04Z</time></trkpt><trkpt lat="48.636956" lon="-113.855486"><ele>1026.627</ele><time>2026-05-29T16:01:10Z</time></trkpt><trkpt lat="48.636956" lon="-113.855481"><ele>1026.851</ele><time>2026-05-29T16:01:11Z</time></trkpt><trkpt lat="48.636931" lon="-113.855465"><ele>1027.291</ele><time>2026-05-29T16:01:15Z</time></trkpt><trkpt lat="48.636911" lon="-113.855447"><ele>1027.662</ele><time>2026-05-29T16:01:18Z</time></trkpt><trkpt lat="48.636899" lon="-113.855436"><ele>1027.850</ele><time>2026-05-29T16:01:20Z</time></trkpt><trkpt lat="48.636894" lon="-113.855432"><ele>1028.011</ele><time>2026-05-29T16:01:21Z</time></trkpt><trkpt lat="48.636871" lon="-113.855425"><ele>1028.678</ele><time>2026-05-29T16:01:28Z</time></trkpt><trkpt lat="48.636866" lon="-113.855429"><ele>1028.663</ele><time>2026-05-29T16:01:31Z</time></trkpt><trkpt lat="48.636829" lon="-113.8554"><ele>1029.023</ele><time>2026-05-29T16:01:39Z</time></trkpt><trkpt lat="48.636798" lon="-113.855371"><ele>1029.676</ele><time>2026-05-29T16:01:44Z</time></trkpt><trkpt lat="48.636748" lon="-113.855323"><ele>1030.090</ele><time>2026-05-29T16:01:50Z</time></trkpt><trkpt lat="48.636648" lon="-113.855332"><ele>1030.619</ele><time>2026-05-29T16:01:58Z</time></trkpt><trkpt lat="48.63659" lon="-113.855368"><ele>1030.209</ele><time>2026-05-29T16:02:05Z</time></trkpt><trkpt lat="48.636509" lon="-113.855408"><ele>1029.039</ele><time>2026-05-29T16:02:13Z</time></trkpt><trkpt lat="48.636501" lon="-113.855415"><ele>1028.833</ele><time>2026-05-29T16:02:14Z</time></trkpt><trkpt lat="48.636485" lon="-113.855455"><ele>1028.613</ele><time>2026-05-29T16:02:18Z</time></trkpt><trkpt lat="48.636474" lon="-113.855506"><ele>1028.064</ele><time>2026-05-29T16:02:21Z</time></trkpt><trkpt lat="48.63647" lon="-113.855527"><ele>1027.872</ele><time>2026-05-29T16:02:22Z</time></trkpt><trkpt lat="48.636466" lon="-113.855545"><ele>1027.883</ele><time>2026-05-29T16:02:23Z</time></trkpt><trkpt lat="48.636439" lon="-113.855636"><ele>1028.090</ele><time>2026-05-29T16:02:29Z</time></trkpt><trkpt lat="48.63641" lon="-113.855689"><ele>1028.035</ele><time>2026-05-29T16:02:33Z</time></trkpt><trkpt lat="48.636347" lon="-113.855756"><ele>1027.825</ele><time>2026-05-29T16:02:42Z</time></trkpt><trkpt lat="48.636297" lon="-113.855844"><ele>1027.898</ele><time>2026-05-29T16:02:51Z</time></trkpt><trkpt lat="48.636255" lon="-113.855916"><ele>1029.015</ele><time>2026-05-29T16:02:58Z</time></trkpt><trkpt lat="48.63625" lon="-113.855941"><ele>1029.426</ele><time>2026-05-29T16:03:01Z</time></trkpt><trkpt lat="48.636209" lon="-113.856034"><ele>1030.009</ele><time>2026-05-29T16:03:09Z</time></trkpt><trkpt lat="48.636205" lon="-113.856043"><ele>1029.841</ele><time>2026-05-29T16:03:10Z</time></trkpt><trkpt lat="48.636178" lon="-113.856091"><ele>1030.065</ele><time>2026-05-29T16:03:15Z</time></trkpt><trkpt lat="48.636157" lon="-113.856118"><ele>1030.445</ele><time>2026-05-29T16:03:19Z</time></trkpt><trkpt lat="48.636138" lon="-113.856245"><ele>1029.036</ele><time>2026-05-29T16:03:27Z</time></trkpt><trkpt lat="48.636133" lon="-113.856267"><ele>1028.894</ele><time>2026-05-29T16:03:28Z</time></trkpt><trkpt lat="48.636088" lon="-113.856389"><ele>1028.455</ele><time>2026-05-29T16:03:36Z</time></trkpt><trkpt lat="48.636026" lon="-113.856484"><ele>1029.252</ele><time>2026-05-29T16:03:45Z</time></trkpt><trkpt lat="48.635967" lon="-113.85656"><ele>1029.617</ele><time>2026-05-29T16:03:54Z</time></trkpt><trkpt lat="48.635941" lon="-113.856581"><ele>1030.037</ele><time>2026-05-29T16:03:57Z</time></trkpt><trkpt lat="48.635883" lon="-113.856635"><ele>1030.655</ele><time>2026-05-29T16:04:04Z</time></trkpt><trkpt lat="48.635856" lon="-113.856656"><ele>1031.007</ele><time>2026-05-29T16:04:10Z</time></trkpt><trkpt lat="48.635839" lon="-113.85668"><ele>1031.617</ele><time>2026-05-29T16:04:14Z</time></trkpt><trkpt lat="48.635824" lon="-113.856712"><ele>1032.209</ele><time>2026-05-29T16:04:18Z</time></trkpt><trkpt lat="48.6358" lon="-113.856773"><ele>1032.697</ele><time>2026-05-29T16:04:23Z</time></trkpt><trkpt lat="48.63574" lon="-113.856834"><ele>1031.831</ele><time>2026-05-29T16:04:33Z</time></trkpt><trkpt lat="48.635672" lon="-113.856957"><ele>1031.251</ele><time>2026-05-29T16:04:43Z</time></trkpt><trkpt lat="48.635628" lon="-113.85711"><ele>1031.432</ele><time>2026-05-29T16:04:53Z</time></trkpt><trkpt lat="48.635607" lon="-113.857216"><ele>1031.270</ele><time>2026-05-29T16:05:00Z</time></trkpt><trkpt lat="48.635603" lon="-113.857235"><ele>1031.221</ele><time>2026-05-29T16:05:02Z</time></trkpt><trkpt lat="48.635555" lon="-113.857322"><ele>1031.868</ele><time>2026-05-29T16:05:11Z</time></trkpt><trkpt lat="48.635521" lon="-113.857414"><ele>1031.823</ele><time>2026-05-29T16:05:18Z</time></trkpt><trkpt lat="48.635483" lon="-113.857507"><ele>1031.223</ele><time>2026-05-29T16:05:23Z</time></trkpt><trkpt lat="48.635439" lon="-113.85764"><ele>1031.654</ele><time>2026-05-29T16:05:31Z</time></trkpt><trkpt lat="48.635422" lon="-113.857721"><ele>1032.256</ele><time>2026-05-29T16:05:39Z</time></trkpt><trkpt lat="48.635389" lon="-113.857764"><ele>1032.211</ele><time>2026-05-29T16:05:45Z</time></trkpt><trkpt lat="48.635383" lon="-113.85775"><ele>1032.209</ele><time>2026-05-29T16:05:47Z</time></trkpt><trkpt lat="48.635381" lon="-113.857729"><ele>1032.297</ele><time>2026-05-29T16:05:49Z</time></trkpt><trkpt lat="48.635393" lon="-113.857702"><ele>1032.091</ele><time>2026-05-29T16:05:52Z</time></trkpt><trkpt lat="48.635409" lon="-113.857689"><ele>1032.071</ele><time>2026-05-29T16:05:55Z</time></trkpt><trkpt lat="48.635452" lon="-113.857709"><ele>1032.092</ele><time>2026-05-29T16:06:04Z</time></trkpt><trkpt lat="48.635413" lon="-113.85766"><ele>1031.670</ele><time>2026-05-29T16:06:13Z</time></trkpt><trkpt lat="48.635419" lon="-113.857655"><ele>1031.461</ele><time>2026-05-29T16:06:22Z</time></trkpt><trkpt lat="48.635404" lon="-113.857646"><ele>1031.618</ele><time>2026-05-29T16:06:27Z</time></trkpt><trkpt lat="48.635389" lon="-113.857648"><ele>1031.463</ele><time>2026-05-29T16:06:33Z</time></trkpt><trkpt lat="48.635398" lon="-113.857642"><ele>1031.413</ele><time>2026-05-29T16:06:42Z</time></trkpt><trkpt lat="48.635424" lon="-113.857737"><ele>1031.642</ele><time>2026-05-29T16:06:49Z</time></trkpt><trkpt lat="48.63542" lon="-113.857728"><ele>1031.622</ele><time>2026-05-29T16:06:52Z</time></trkpt><trkpt lat="48.63541" lon="-113.857701"><ele>1031.814</ele><time>2026-05-29T16:06:58Z</time></trkpt><trkpt lat="48.635396" lon="-113.857709"><ele>1031.809</ele><time>2026-05-29T16:07:02Z</time></trkpt><trkpt lat="48.635395" lon="-113.857716"><ele>1031.086</ele><time>2026-05-29T16:07:09Z</time></trkpt><trkpt lat="48.6354" lon="-113.85772"><ele>1030.810</ele><time>2026-05-29T16:07:11Z</time></trkpt><trkpt lat="48.635411" lon="-113.857719"><ele>1030.690</ele><time>2026-05-29T16:07:14Z</time></trkpt><trkpt lat="48.63544" lon="-113.857758"><ele>1030.611</ele><time>2026-05-29T16:07:21Z</time></trkpt><trkpt lat="48.635463" lon="-113.857797"><ele>1030.439</ele><time>2026-05-29T16:07:28Z</time></trkpt><trkpt lat="48.635486" lon="-113.857812"><ele>1030.420</ele><time>2026-05-29T16:07:31Z</time></trkpt><trkpt lat="48.635495" lon="-113.857815"><ele>1030.457</ele><time>2026-05-29T16:07:32Z</time></trkpt><trkpt lat="48.63551" lon="-113.857823"><ele>1030.482</ele><time>2026-05-29T16:07:33Z</time></trkpt><trkpt lat="48.635517" lon="-113.857826"><ele>1030.432</ele><time>2026-05-29T16:07:34Z</time></trkpt><trkpt lat="48.635522" lon="-113.857827"><ele>1030.483</ele><time>2026-05-29T16:07:35Z</time></trkpt><trkpt lat="48.635492" lon="-113.8578"><ele>1030.225</ele><time>2026-05-29T16:07:43Z</time></trkpt><trkpt lat="48.635482" lon="-113.857801"><ele>1030.217</ele><time>2026-05-29T16:07:50Z</time></trkpt><trkpt lat="48.635484" lon="-113.857799"><ele>1030.209</ele><time>2026-05-29T16:07:53Z</time></trkpt><trkpt lat="48.635482" lon="-113.857803"><ele>1030.080</ele><time>2026-05-29T16:07:55Z</time></trkpt><trkpt lat="48.635466" lon="-113.857806"><ele>1030.434</ele><time>2026-05-29T16:08:06Z</time></trkpt><trkpt lat="48.635459" lon="-113.857803"><ele>1030.274</ele><time>2026-05-29T16:08:17Z</time></trkpt><trkpt lat="48.635446" lon="-113.857772"><ele>1030.095</ele><time>2026-05-29T16:08:25Z</time></trkpt><trkpt lat="48.635439" lon="-113.857766"><ele>1030.073</ele><time>2026-05-29T16:08:26Z</time></trkpt><trkpt lat="48.635431" lon="-113.857774"><ele>1030.064</ele><time>2026-05-29T16:08:28Z</time></trkpt><trkpt lat="48.635434" lon="-113.857783"><ele>1030.011</ele><time>2026-05-29T16:08:32Z</time></trkpt><trkpt lat="48.635442" lon="-113.857799"><ele>1029.896</ele><time>2026-05-29T16:08:37Z</time></trkpt><trkpt lat="48.635436" lon="-113.857785"><ele>1029.896</ele><time>2026-05-29T16:08:47Z</time></trkpt><trkpt lat="48.635439" lon="-113.85779"><ele>1029.869</ele><time>2026-05-29T16:08:49Z</time></trkpt><trkpt lat="48.63544" lon="-113.857807"><ele>1029.804</ele><time>2026-05-29T16:08:53Z</time></trkpt><trkpt lat="48.635439" lon="-113.857811"><ele>1029.824</ele><time>2026-05-29T16:08:57Z</time></trkpt><trkpt lat="48.635436" lon="-113.857809"><ele>1029.809</ele><time>2026-05-29T16:08:59Z</time></trkpt><trkpt lat="48.635438" lon="-113.857797"><ele>1029.628</ele><time>2026-05-29T16:09:02Z</time></trkpt><trkpt lat="48.635445" lon="-113.85777"><ele>1029.612</ele><time>2026-05-29T16:09:07Z</time></trkpt><trkpt lat="48.635497" lon="-113.857783"><ele>1029.822</ele><time>2026-05-29T16:09:18Z</time></trkpt><trkpt lat="48.635473" lon="-113.857768"><ele>1029.653</ele><time>2026-05-29T16:09:29Z</time></trkpt><trkpt lat="48.63545" lon="-113.857743"><ele>1029.611</ele><time>2026-05-29T16:09:41Z</time></trkpt><trkpt lat="48.635437" lon="-113.85774"><ele>1029.652</ele><time>2026-05-29T16:09:51Z</time></trkpt><trkpt lat="48.635445" lon="-113.857747"><ele>1029.859</ele><time>2026-05-29T16:09:59Z</time></trkpt><trkpt lat="48.635444" lon="-113.857757"><ele>1029.854</ele><time>2026-05-29T16:10:02Z</time></trkpt><trkpt lat="48.635481" lon="-113.85781"><ele>1029.814</ele><time>2026-05-29T16:10:12Z</time></trkpt><trkpt lat="48.635489" lon="-113.857806"><ele>1029.611</ele><time>2026-05-29T16:10:22Z</time></trkpt><trkpt lat="48.63547" lon="-113.857799"><ele>1029.621</ele><time>2026-05-29T16:10:25Z</time></trkpt><trkpt lat="48.635459" lon="-113.857855"><ele>1029.403</ele><time>2026-05-29T16:10:37Z</time></trkpt><trkpt lat="48.635491" lon="-113.857856"><ele>1029.409</ele><time>2026-05-29T16:10:46Z</time></trkpt><trkpt lat="48.635493" lon="-113.857798"><ele>1029.413</ele><time>2026-05-29T16:10:57Z</time></trkpt><trkpt lat="48.635485" lon="-113.857762"><ele>1029.467</ele><time>2026-05-29T16:11:02Z</time></trkpt><trkpt lat="48.635471" lon="-113.857751"><ele>1029.497</ele><time>2026-05-29T16:11:05Z</time></trkpt><trkpt lat="48.635463" lon="-113.85775"><ele>1029.458</ele><time>2026-05-29T16:11:07Z</time></trkpt><trkpt lat="48.635421" lon="-113.857765"><ele>1029.276</ele><time>2026-05-29T16:11:18Z</time></trkpt><trkpt lat="48.635419" lon="-113.857771"><ele>1029.287</ele><time>2026-05-29T16:11:22Z</time></trkpt><trkpt lat="48.635406" lon="-113.857788"><ele>1029.474</ele><time>2026-05-29T16:11:27Z</time></trkpt><trkpt lat="48.635405" lon="-113.857806"><ele>1029.259</ele><time>2026-05-29T16:11:30Z</time></trkpt><trkpt lat="48.635396" lon="-113.85781"><ele>1029.279</ele><time>2026-05-29T16:11:33Z</time></trkpt><trkpt lat="48.63539" lon="-113.857799"><ele>1029.242</ele><time>2026-05-29T16:11:36Z</time></trkpt><trkpt lat="48.635386" lon="-113.857785"><ele>1029.222</ele><time>2026-05-29T16:11:40Z</time></trkpt><trkpt lat="48.635384" lon="-113.857715"><ele>1029.014</ele><time>2026-05-29T16:11:50Z</time></trkpt><trkpt lat="48.63538" lon="-113.857709"><ele>1029.009</ele><time>2026-05-29T16:11:52Z</time></trkpt><trkpt lat="48.635405" lon="-113.85773"><ele>1029.046</ele><time>2026-05-29T16:12:02Z</time></trkpt><trkpt lat="48.635413" lon="-113.85774"><ele>1029.270</ele><time>2026-05-29T16:12:10Z</time></trkpt><trkpt lat="48.635428" lon="-113.857715"><ele>1029.220</ele><time>2026-05-29T16:12:19Z</time></trkpt><trkpt lat="48.635429" lon="-113.857721"><ele>1029.221</ele><time>2026-05-29T16:12:21Z</time></trkpt><trkpt lat="48.635437" lon="-113.857743"><ele>1029.249</ele><time>2026-05-29T16:12:25Z</time></trkpt><trkpt lat="48.635438" lon="-113.857754"><ele>1029.010</ele><time>2026-05-29T16:12:28Z</time></trkpt><trkpt lat="48.63544" lon="-113.85781"><ele>1029.067</ele><time>2026-05-29T16:12:38Z</time></trkpt><trkpt lat="48.635444" lon="-113.857814"><ele>1029.012</ele><time>2026-05-29T16:12:39Z</time></trkpt><trkpt lat="48.635446" lon="-113.857824"><ele>1029.012</ele><time>2026-05-29T16:12:41Z</time></trkpt><trkpt lat="48.63543" lon="-113.857865"><ele>1028.816</ele><time>2026-05-29T16:12:50Z</time></trkpt><trkpt lat="48.635401" lon="-113.857802"><ele>1028.876</ele><time>2026-05-29T16:13:05Z</time></trkpt><trkpt lat="48.63544" lon="-113.857768"><ele>1028.813</ele><time>2026-05-29T16:13:15Z</time></trkpt><trkpt lat="48.635472" lon="-113.857816"><ele>1028.809</ele><time>2026-05-29T16:13:25Z</time></trkpt><trkpt lat="48.63544" lon="-113.857776"><ele>1028.613</ele><time>2026-05-29T16:13:35Z</time></trkpt><trkpt lat="48.635476" lon="-113.857677"><ele>1028.627</ele><time>2026-05-29T16:13:45Z</time></trkpt><trkpt lat="48.635473" lon="-113.857712"><ele>1028.687</ele><time>2026-05-29T16:13:51Z</time></trkpt><trkpt lat="48.635459" lon="-113.857764"><ele>1028.688</ele><time>2026-05-29T16:13:57Z</time></trkpt><trkpt lat="48.635463" lon="-113.857753"><ele>1028.696</ele><time>2026-05-29T16:14:02Z</time></trkpt><trkpt lat="48.63549" lon="-113.85773"><ele>1028.667</ele><time>2026-05-29T16:14:08Z</time></trkpt><trkpt lat="48.635495" lon="-113.857786"><ele>1028.484</ele><time>2026-05-29T16:14:19Z</time></trkpt><trkpt lat="48.635484" lon="-113.857812"><ele>1028.489</ele><time>2026-05-29T16:14:25Z</time></trkpt><trkpt lat="48.635478" lon="-113.857816"><ele>1028.489</ele><time>2026-05-29T16:14:26Z</time></trkpt><trkpt lat="48.635469" lon="-113.857823"><ele>1028.652</ele><time>2026-05-29T16:14:30Z</time></trkpt><trkpt lat="48.635467" lon="-113.857823"><ele>1028.653</ele><time>2026-05-29T16:14:31Z</time></trkpt><trkpt lat="48.635467" lon="-113.857814"><ele>1028.408</ele><time>2026-05-29T16:14:39Z</time></trkpt><trkpt lat="48.635465" lon="-113.857816"><ele>1028.409</ele><time>2026-05-29T16:14:40Z</time></trkpt><trkpt lat="48.635474" lon="-113.857819"><ele>1028.487</ele><time>2026-05-29T16:14:42Z</time></trkpt><trkpt lat="48.635477" lon="-113.857821"><ele>1028.411</ele><time>2026-05-29T16:14:43Z</time></trkpt><trkpt lat="48.635468" lon="-113.857844"><ele>1028.261</ele><time>2026-05-29T16:14:55Z</time></trkpt><trkpt lat="48.635469" lon="-113.857848"><ele>1028.282</ele><time>2026-05-29T16:14:56Z</time></trkpt><trkpt lat="48.635471" lon="-113.857853"><ele>1028.210</ele><time>2026-05-29T16:14:58Z</time></trkpt><trkpt lat="48.63546" lon="-113.85784"><ele>1028.241</ele><time>2026-05-29T16:15:07Z</time></trkpt><trkpt lat="48.635452" lon="-113.857887"><ele>1028.268</ele><time>2026-05-29T16:15:17Z</time></trkpt><trkpt lat="48.63546" lon="-113.857853"><ele>1028.213</ele><time>2026-05-29T16:15:24Z</time></trkpt><trkpt lat="48.635469" lon="-113.857805"><ele>1028.223</ele><time>2026-05-29T16:15:29Z</time></trkpt><trkpt lat="48.635455" lon="-113.857778"><ele>1028.425</ele><time>2026-05-29T16:15:38Z</time></trkpt><trkpt lat="48.635456" lon="-113.857779"><ele>1028.426</ele><time>2026-05-29T16:15:39Z</time></trkpt><trkpt lat="48.635465" lon="-113.857809"><ele>1028.408</ele><time>2026-05-29T16:15:48Z</time></trkpt><trkpt lat="48.635462" lon="-113.857811"><ele>1028.209</ele><time>2026-05-29T16:15:49Z</time></trkpt><trkpt lat="48.635472" lon="-113.857797"><ele>1028.234</ele><time>2026-05-29T16:16:01Z</time></trkpt><trkpt lat="48.63547" lon="-113.857821"><ele>1028.258</ele><time>2026-05-29T16:16:10Z</time></trkpt><trkpt lat="48.635447" lon="-113.857813"><ele>1028.238</ele><time>2026-05-29T16:16:14Z</time></trkpt><trkpt lat="48.635413" lon="-113.857821"><ele>1028.049</ele><time>2026-05-29T16:16:20Z</time></trkpt><trkpt lat="48.635414" lon="-113.857824"><ele>1028.067</ele><time>2026-05-29T16:16:22Z</time></trkpt><trkpt lat="48.635429" lon="-113.857819"><ele>1028.028</ele><time>2026-05-29T16:16:26Z</time></trkpt><trkpt lat="48.635434" lon="-113.857813"><ele>1028.035</ele><time>2026-05-29T16:16:29Z</time></trkpt><trkpt lat="48.635426" lon="-113.857796"><ele>1028.050</ele><time>2026-05-29T16:16:36Z</time></trkpt><trkpt lat="48.635419" lon="-113.857794"><ele>1027.850</ele><time>2026-05-29T16:16:42Z</time></trkpt><trkpt lat="48.635422" lon="-113.857802"><ele>1027.835</ele><time>2026-05-29T16:16:49Z</time></trkpt><trkpt lat="48.635407" lon="-113.857804"><ele>1028.086</ele><time>2026-05-29T16:16:55Z</time></trkpt><trkpt lat="48.63542" lon="-113.857786"><ele>1028.214</ele><time>2026-05-29T16:17:02Z</time></trkpt><trkpt lat="48.635439" lon="-113.857747"><ele>1028.009</ele><time>2026-05-29T16:17:14Z</time></trkpt><trkpt lat="48.635442" lon="-113.857742"><ele>1028.225</ele><time>2026-05-29T16:17:17Z</time></trkpt><trkpt lat="48.635474" lon="-113.857751"><ele>1028.069</ele><time>2026-05-29T16:17:26Z</time></trkpt><trkpt lat="48.635477" lon="-113.857774"><ele>1027.899</ele><time>2026-05-29T16:17:37Z</time></trkpt><trkpt lat="48.635483" lon="-113.857797"><ele>1028.050</ele><time>2026-05-29T16:17:42Z</time></trkpt><trkpt lat="48.635486" lon="-113.85779"><ele>1028.068</ele><time>2026-05-29T16:17:46Z</time></trkpt><trkpt lat="48.635481" lon="-113.857787"><ele>1028.089</ele><time>2026-05-29T16:17:48Z</time></trkpt><trkpt lat="48.635484" lon="-113.857755"><ele>1028.016</ele><time>2026-05-29T16:17:58Z</time></trkpt><trkpt lat="48.635498" lon="-113.857745"><ele>1028.051</ele><time>2026-05-29T16:18:01Z</time></trkpt><trkpt lat="48.635545" lon="-113.857742"><ele>1028.251</ele><time>2026-05-29T16:18:08Z</time></trkpt><trkpt lat="48.635547" lon="-113.857753"><ele>1028.278</ele><time>2026-05-29T16:18:10Z</time></trkpt><trkpt lat="48.635513" lon="-113.85776"><ele>1028.033</ele><time>2026-05-29T16:18:18Z</time></trkpt><trkpt lat="48.635474" lon="-113.857786"><ele>1028.026</ele><time>2026-05-29T16:18:28Z</time></trkpt><trkpt lat="48.635469" lon="-113.857804"><ele>1028.009</ele><time>2026-05-29T16:18:34Z</time></trkpt><trkpt lat="48.635452" lon="-113.857818"><ele>1028.079</ele><time>2026-05-29T16:18:36Z</time></trkpt><trkpt lat="48.635452" lon="-113.857823"><ele>1028.023</ele><time>2026-05-29T16:18:37Z</time></trkpt><trkpt lat="48.635453" lon="-113.857826"><ele>1028.033</ele><time>2026-05-29T16:18:45Z</time></trkpt><trkpt lat="48.635454" lon="-113.857808"><ele>1027.814</ele><time>2026-05-29T16:18:50Z</time></trkpt><trkpt lat="48.635454" lon="-113.857805"><ele>1027.812</ele><time>2026-05-29T16:18:51Z</time></trkpt><trkpt lat="48.635472" lon="-113.85778"><ele>1028.013</ele><time>2026-05-29T16:18:57Z</time></trkpt><trkpt lat="48.635527" lon="-113.85775"><ele>1028.040</ele><time>2026-05-29T16:19:08Z</time></trkpt><trkpt lat="48.63549" lon="-113.857811"><ele>1028.095</ele><time>2026-05-29T16:19:19Z</time></trkpt><trkpt lat="48.635465" lon="-113.85779"><ele>1027.875</ele><time>2026-05-29T16:19:28Z</time></trkpt><trkpt lat="48.635485" lon="-113.857768"><ele>1027.824</ele><time>2026-05-29T16:19:38Z</time></trkpt><trkpt lat="48.635486" lon="-113.857761"><ele>1027.804</ele><time>2026-05-29T16:19:40Z</time></trkpt><trkpt lat="48.63546" lon="-113.857724"><ele>1027.814</ele><time>2026-05-29T16:19:45Z</time></trkpt><trkpt lat="48.63545" lon="-113.857708"><ele>1027.809</ele><time>2026-05-29T16:19:48Z</time></trkpt><trkpt lat="48.635489" lon="-113.857741"><ele>1027.654</ele><time>2026-05-29T16:19:59Z</time></trkpt><trkpt lat="48.635508" lon="-113.857762"><ele>1027.658</ele><time>2026-05-29T16:20:09Z</time></trkpt><trkpt lat="48.635483" lon="-113.857759"><ele>1027.638</ele><time>2026-05-29T16:20:14Z</time></trkpt><trkpt lat="48.635463" lon="-113.857771"><ele>1027.889</ele><time>2026-05-29T16:20:20Z</time></trkpt><trkpt lat="48.635502" lon="-113.857756"><ele>1027.827</ele><time>2026-05-29T16:20:31Z</time></trkpt><trkpt lat="48.635507" lon="-113.857762"><ele>1027.828</ele><time>2026-05-29T16:20:42Z</time></trkpt><trkpt lat="48.635497" lon="-113.857755"><ele>1027.825</ele><time>2026-05-29T16:20:48Z</time></trkpt><trkpt lat="48.635475" lon="-113.857756"><ele>1027.640</ele><time>2026-05-29T16:20:54Z</time></trkpt><trkpt lat="48.635445" lon="-113.85772"><ele>1027.830</ele><time>2026-05-29T16:21:03Z</time></trkpt><trkpt lat="48.635408" lon="-113.857711"><ele>1027.626</ele><time>2026-05-29T16:21:11Z</time></trkpt><trkpt lat="48.635412" lon="-113.857729"><ele>1027.447</ele><time>2026-05-29T16:21:14Z</time></trkpt><trkpt lat="48.63542" lon="-113.857741"><ele>1028.011</ele><time>2026-05-29T16:21:24Z</time></trkpt><trkpt lat="48.635463" lon="-113.857736"><ele>1027.809</ele><time>2026-05-29T16:21:28Z</time></trkpt><trkpt lat="48.63549" lon="-113.857734"><ele>1027.884</ele><time>2026-05-29T16:21:31Z</time></trkpt><trkpt lat="48.635495" lon="-113.857733"><ele>1027.878</ele><time>2026-05-29T16:21:32Z</time></trkpt><trkpt lat="48.635492" lon="-113.857758"><ele>1027.678</ele><time>2026-05-29T16:21:38Z</time></trkpt><trkpt lat="48.635479" lon="-113.857781"><ele>1027.819</ele><time>2026-05-29T16:21:42Z</time></trkpt><trkpt lat="48.635444" lon="-113.857821"><ele>1027.477</ele><time>2026-05-29T16:21:51Z</time></trkpt><trkpt lat="48.635438" lon="-113.857825"><ele>1027.448</ele><time>2026-05-29T16:21:54Z</time></trkpt><trkpt lat="48.635457" lon="-113.857824"><ele>1027.435</ele><time>2026-05-29T16:22:03Z</time></trkpt><trkpt lat="48.635449" lon="-113.857813"><ele>1027.460</ele><time>2026-05-29T16:22:09Z</time></trkpt><trkpt lat="48.635448" lon="-113.857811"><ele>1027.470</ele><time>2026-05-29T16:22:10Z</time></trkpt><trkpt lat="48.635441" lon="-113.857786"><ele>1027.674</ele><time>2026-05-29T16:22:15Z</time></trkpt><trkpt lat="48.635436" lon="-113.857788"><ele>1027.656</ele><time>2026-05-29T16:22:27Z</time></trkpt><trkpt lat="48.635441" lon="-113.857801"><ele>1027.621</ele><time>2026-05-29T16:22:28Z</time></trkpt><trkpt lat="48.635467" lon="-113.857901"><ele>1027.609</ele><time>2026-05-29T16:22:40Z</time></trkpt><trkpt lat="48.635437" lon="-113.857823"><ele>1027.849</ele><time>2026-05-29T16:22:49Z</time></trkpt><trkpt lat="48.635427" lon="-113.857767"><ele>1027.693</ele><time>2026-05-29T16:23:00Z</time></trkpt><trkpt lat="48.635428" lon="-113.857794"><ele>1027.413</ele><time>2026-05-29T16:23:12Z</time></trkpt><trkpt lat="48.635398" lon="-113.85777"><ele>1027.674</ele><time>2026-05-29T16:23:25Z</time></trkpt><trkpt lat="48.635437" lon="-113.85775"><ele>1027.682</ele><time>2026-05-29T16:23:34Z</time></trkpt><trkpt lat="48.635399" lon="-113.857743"><ele>1027.453</ele><time>2026-05-29T16:23:43Z</time></trkpt><trkpt lat="48.635353" lon="-113.857742"><ele>1027.280</ele><time>2026-05-29T16:23:49Z</time></trkpt><trkpt lat="48.635347" lon="-113.857746"><ele>1027.465</ele><time>2026-05-29T16:23:52Z</time></trkpt><trkpt lat="48.635416" lon="-113.857726"><ele>1027.675</ele><time>2026-05-29T16:24:01Z</time></trkpt><trkpt lat="48.63542" lon="-113.857739"><ele>1027.669</ele><time>2026-05-29T16:24:10Z</time></trkpt><trkpt lat="48.635437" lon="-113.857799"><ele>1027.604</ele><time>2026-05-29T16:24:22Z</time></trkpt><trkpt lat="48.635457" lon="-113.85773"><ele>1027.424</ele><time>2026-05-29T16:24:33Z</time></trkpt><trkpt lat="48.635458" lon="-113.857746"><ele>1027.209</ele><time>2026-05-29T16:24:43Z</time></trkpt><trkpt lat="48.635481" lon="-113.85774"><ele>1027.438</ele><time>2026-05-29T16:24:56Z</time></trkpt><trkpt lat="48.635495" lon="-113.857716"><ele>1027.292</ele><time>2026-05-29T16:25:04Z</time></trkpt><trkpt lat="48.635491" lon="-113.857681"><ele>1027.222</ele><time>2026-05-29T16:25:08Z</time></trkpt><trkpt lat="48.635485" lon="-113.857666"><ele>1027.293</ele><time>2026-05-29T16:25:09Z</time></trkpt><trkpt lat="48.635455" lon="-113.857643"><ele>1027.291</ele><time>2026-05-29T16:25:19Z</time></trkpt><trkpt lat="48.635435" lon="-113.857617"><ele>1027.212</ele><time>2026-05-29T16:25:23Z</time></trkpt><trkpt lat="48.63543" lon="-113.857612"><ele>1027.229</ele><time>2026-05-29T16:25:24Z</time></trkpt><trkpt lat="48.635394" lon="-113.857599"><ele>1027.074</ele><time>2026-05-29T16:25:29Z</time></trkpt><trkpt lat="48.635377" lon="-113.857612"><ele>1027.294</ele><time>2026-05-29T16:25:32Z</time></trkpt><trkpt lat="48.635358" lon="-113.857642"><ele>1027.081</ele><time>2026-05-29T16:25:41Z</time></trkpt><trkpt lat="48.635356" lon="-113.857645"><ele>1027.061</ele><time>2026-05-29T16:25:42Z</time></trkpt><trkpt lat="48.635415" lon="-113.857759"><ele>1027.017</ele><time>2026-05-29T16:25:49Z</time></trkpt><trkpt lat="48.635442" lon="-113.857789"><ele>1026.809</ele><time>2026-05-29T16:25:52Z</time></trkpt><trkpt lat="48.635479" lon="-113.857833"><ele>1026.870</ele><time>2026-05-29T16:25:58Z</time></trkpt><trkpt lat="48.635489" lon="-113.85784"><ele>1027.034</ele><time>2026-05-29T16:26:00Z</time></trkpt><trkpt lat="48.635501" lon="-113.857784"><ele>1027.044</ele><time>2026-05-29T16:26:12Z</time></trkpt><trkpt lat="48.635516" lon="-113.857828"><ele>1027.065</ele><time>2026-05-29T16:26:26Z</time></trkpt><trkpt lat="48.635477" lon="-113.857831"><ele>1027.243</ele><time>2026-05-29T16:26:38Z</time></trkpt><trkpt lat="48.63546" lon="-113.857829"><ele>1027.074</ele><time>2026-05-29T16:26:49Z</time></trkpt><trkpt lat="48.635417" lon="-113.857789"><ele>1028.061</ele><time>2026-05-29T16:27:00Z</time></trkpt><trkpt lat="48.635425" lon="-113.857792"><ele>1028.016</ele><time>2026-05-29T16:27:01Z</time></trkpt><trkpt lat="48.635433" lon="-113.857788"><ele>1028.016</ele><time>2026-05-29T16:27:03Z</time></trkpt><trkpt lat="48.63543" lon="-113.857761"><ele>1027.685</ele><time>2026-05-29T16:27:08Z</time></trkpt><trkpt lat="48.635427" lon="-113.857825"><ele>1027.889</ele><time>2026-05-29T16:27:16Z</time></trkpt><trkpt lat="48.63542" lon="-113.857831"><ele>1027.817</ele><time>2026-05-29T16:27:17Z</time></trkpt><trkpt lat="48.635396" lon="-113.857823"><ele>1027.609</ele><time>2026-05-29T16:27:23Z</time></trkpt><trkpt lat="48.635387" lon="-113.857803"><ele>1027.840</ele><time>2026-05-29T16:27:26Z</time></trkpt><trkpt lat="48.635389" lon="-113.857713"><ele>1027.624</ele><time>2026-05-29T16:27:35Z</time></trkpt><trkpt lat="48.635381" lon="-113.8577"><ele>1027.424</ele><time>2026-05-29T16:27:40Z</time></trkpt><trkpt lat="48.635409" lon="-113.857705"><ele>1027.685</ele><time>2026-05-29T16:27:45Z</time></trkpt><trkpt lat="48.635408" lon="-113.857697"><ele>1027.453</ele><time>2026-05-29T16:27:54Z</time></trkpt><trkpt lat="48.635401" lon="-113.857696"><ele>1027.474</ele><time>2026-05-29T16:27:56Z</time></trkpt><trkpt lat="48.635392" lon="-113.857705"><ele>1027.651</ele><time>2026-05-29T16:28:03Z</time></trkpt><trkpt lat="48.635401" lon="-113.857705"><ele>1027.486</ele><time>2026-05-29T16:28:14Z</time></trkpt><trkpt lat="48.635409" lon="-113.857768"><ele>1027.086</ele><time>2026-05-29T16:28:22Z</time></trkpt><trkpt lat="48.635411" lon="-113.857779"><ele>1026.838</ele><time>2026-05-29T16:28:24Z</time></trkpt><trkpt lat="48.635449" lon="-113.857815"><ele>1026.670</ele><time>2026-05-29T16:28:33Z</time></trkpt><trkpt lat="48.635432" lon="-113.85781"><ele>1026.417</ele><time>2026-05-29T16:28:42Z</time></trkpt><trkpt lat="48.635433" lon="-113.857804"><ele>1026.409</ele><time>2026-05-29T16:28:49Z</time></trkpt><trkpt lat="48.635448" lon="-113.857825"><ele>1026.295</ele><time>2026-05-29T16:28:53Z</time></trkpt><trkpt lat="48.63547" lon="-113.857843"><ele>1026.049</ele><time>2026-05-29T16:28:58Z</time></trkpt><trkpt lat="48.635474" lon="-113.85785"><ele>1026.099</ele><time>2026-05-29T16:29:02Z</time></trkpt><trkpt lat="48.635448" lon="-113.857774"><ele>1026.220</ele><time>2026-05-29T16:29:12Z</time></trkpt><trkpt lat="48.635419" lon="-113.857839"><ele>1026.858</ele><time>2026-05-29T16:29:22Z</time></trkpt><trkpt lat="48.635373" lon="-113.85788"><ele>1026.479</ele><time>2026-05-29T16:29:31Z</time></trkpt><trkpt lat="48.635319" lon="-113.858003"><ele>1025.276</ele><time>2026-05-29T16:29:40Z</time></trkpt><trkpt lat="48.635291" lon="-113.858053"><ele>1025.231</ele><time>2026-05-29T16:29:45Z</time></trkpt><trkpt lat="48.635272" lon="-113.85806"><ele>1025.051</ele><time>2026-05-29T16:29:47Z</time></trkpt><trkpt lat="48.63526" lon="-113.858059"><ele>1025.016</ele><time>2026-05-29T16:29:48Z</time></trkpt><trkpt lat="48.63518" lon="-113.858102"><ele>1024.076</ele><time>2026-05-29T16:29:56Z</time></trkpt><trkpt lat="48.63517" lon="-113.85811"><ele>1023.813</ele><time>2026-05-29T16:29:57Z</time></trkpt><trkpt lat="48.635148" lon="-113.858137"><ele>1023.409</ele><time>2026-05-29T16:30:00Z</time></trkpt><trkpt lat="48.635111" lon="-113.858187"><ele>1023.233</ele><time>2026-05-29T16:30:04Z</time></trkpt><trkpt lat="48.635102" lon="-113.858198"><ele>1023.037</ele><time>2026-05-29T16:30:05Z</time></trkpt><trkpt lat="48.635085" lon="-113.858232"><ele>1022.847</ele><time>2026-05-29T16:30:07Z</time></trkpt><trkpt lat="48.635064" lon="-113.85835"><ele>1022.098</ele><time>2026-05-29T16:30:13Z</time></trkpt><trkpt lat="48.635063" lon="-113.858385"><ele>1021.886</ele><time>2026-05-29T16:30:15Z</time></trkpt><trkpt lat="48.635021" lon="-113.858517"><ele>1021.697</ele><time>2026-05-29T16:30:22Z</time></trkpt><trkpt lat="48.634976" lon="-113.858617"><ele>1021.024</ele><time>2026-05-29T16:30:29Z</time></trkpt><trkpt lat="48.634964" lon="-113.858649"><ele>1020.879</ele><time>2026-05-29T16:30:31Z</time></trkpt><trkpt lat="48.634979" lon="-113.858823"><ele>1020.049</ele><time>2026-05-29T16:30:39Z</time></trkpt><trkpt lat="48.634981" lon="-113.85886"><ele>1019.696</ele><time>2026-05-29T16:30:41Z</time></trkpt><trkpt lat="48.634978" lon="-113.858936"><ele>1018.431</ele><time>2026-05-29T16:30:47Z</time></trkpt><trkpt lat="48.63491" lon="-113.85905"><ele>1017.824</ele><time>2026-05-29T16:30:56Z</time></trkpt><trkpt lat="48.63483" lon="-113.859156"><ele>1017.609</ele><time>2026-05-29T16:31:05Z</time></trkpt><trkpt lat="48.634818" lon="-113.859171"><ele>1017.471</ele><time>2026-05-29T16:31:07Z</time></trkpt><trkpt lat="48.634765" lon="-113.859208"><ele>1016.615</ele><time>2026-05-29T16:31:14Z</time></trkpt><trkpt lat="48.634755" lon="-113.859214"><ele>1016.415</ele><time>2026-05-29T16:31:15Z</time></trkpt><trkpt lat="48.634673" lon="-113.859232"><ele>1015.276</ele><time>2026-05-29T16:31:22Z</time></trkpt><trkpt lat="48.634663" lon="-113.859235"><ele>1015.054</ele><time>2026-05-29T16:31:23Z</time></trkpt><trkpt lat="48.634615" lon="-113.859266"><ele>1014.045</ele><time>2026-05-29T16:31:28Z</time></trkpt><trkpt lat="48.63457" lon="-113.859324"><ele>1013.472</ele><time>2026-05-29T16:31:33Z</time></trkpt><trkpt lat="48.634555" lon="-113.859346"><ele>1013.097</ele><time>2026-05-29T16:31:35Z</time></trkpt><trkpt lat="48.634527" lon="-113.859416"><ele>1011.857</ele><time>2026-05-29T16:31:42Z</time></trkpt><trkpt lat="48.634521" lon="-113.85943"><ele>1011.668</ele><time>2026-05-29T16:31:43Z</time></trkpt><trkpt lat="48.63447" lon="-113.859521"><ele>1010.842</ele><time>2026-05-29T16:31:50Z</time></trkpt><trkpt lat="48.634463" lon="-113.859531"><ele>1010.826</ele><time>2026-05-29T16:31:51Z</time></trkpt><trkpt lat="48.634387" lon="-113.859591"><ele>1010.209</ele><time>2026-05-29T16:32:00Z</time></trkpt><trkpt lat="48.634319" lon="-113.859619"><ele>1009.618</ele><time>2026-05-29T16:32:06Z</time></trkpt><trkpt lat="48.634261" lon="-113.859642"><ele>1008.612</ele><time>2026-05-29T16:32:12Z</time></trkpt><trkpt lat="48.634241" lon="-113.859653"><ele>1008.272</ele><time>2026-05-29T16:32:14Z</time></trkpt><trkpt lat="48.63419" lon="-113.859683"><ele>1007.473</ele><time>2026-05-29T16:32:19Z</time></trkpt><trkpt lat="48.634152" lon="-113.85971"><ele>1006.851</ele><time>2026-05-29T16:32:23Z</time></trkpt><trkpt lat="48.634122" lon="-113.859732"><ele>1006.272</ele><time>2026-05-29T16:32:26Z</time></trkpt><trkpt lat="48.634066" lon="-113.85978"><ele>1005.659</ele><time>2026-05-29T16:32:32Z</time></trkpt><trkpt lat="48.634042" lon="-113.859813"><ele>1005.264</ele><time>2026-05-29T16:32:35Z</time></trkpt><trkpt lat="48.634006" lon="-113.859894"><ele>1004.424</ele><time>2026-05-29T16:32:40Z</time></trkpt><trkpt lat="48.633992" lon="-113.859926"><ele>1004.258</ele><time>2026-05-29T16:32:42Z</time></trkpt><trkpt lat="48.633986" lon="-113.859938"><ele>1004.052</ele><time>2026-05-29T16:32:43Z</time></trkpt><trkpt lat="48.633929" lon="-113.860006"><ele>1003.017</ele><time>2026-05-29T16:32:50Z</time></trkpt><trkpt lat="48.633891" lon="-113.860088"><ele>1002.009</ele><time>2026-05-29T16:32:58Z</time></trkpt><trkpt lat="48.633885" lon="-113.860104"><ele>1001.847</ele><time>2026-05-29T16:32:59Z</time></trkpt><trkpt lat="48.633832" lon="-113.860238"><ele>1000.861</ele><time>2026-05-29T16:33:08Z</time></trkpt><trkpt lat="48.63382" lon="-113.860271"><ele>1000.621</ele><time>2026-05-29T16:33:10Z</time></trkpt><trkpt lat="48.633781" lon="-113.860322"><ele>999.842</ele><time>2026-05-29T16:33:15Z</time></trkpt><trkpt lat="48.633745" lon="-113.86036"><ele>999.290</ele><time>2026-05-29T16:33:19Z</time></trkpt><trkpt lat="48.633711" lon="-113.860389"><ele>998.841</ele><time>2026-05-29T16:33:22Z</time></trkpt><trkpt lat="48.633687" lon="-113.860401"><ele>998.288</ele><time>2026-05-29T16:33:25Z</time></trkpt><trkpt lat="48.633662" lon="-113.860407"><ele>997.653</ele><time>2026-05-29T16:33:28Z</time></trkpt><trkpt lat="48.633657" lon="-113.860413"><ele>997.433</ele><time>2026-05-29T16:33:29Z</time></trkpt><trkpt lat="48.633632" lon="-113.860438"><ele>997.088</ele><time>2026-05-29T16:33:32Z</time></trkpt><trkpt lat="48.633598" lon="-113.860463"><ele>996.624</ele><time>2026-05-29T16:33:35Z</time></trkpt><trkpt lat="48.633542" lon="-113.860477"><ele>995.826</ele><time>2026-05-29T16:33:41Z</time></trkpt><trkpt lat="48.63353" lon="-113.860481"><ele>995.609</ele><time>2026-05-29T16:33:43Z</time></trkpt><trkpt lat="48.63345" lon="-113.860507"><ele>994.840</ele><time>2026-05-29T16:33:52Z</time></trkpt><trkpt lat="48.633408" lon="-113.860534"><ele>994.424</ele><time>2026-05-29T16:33:55Z</time></trkpt><trkpt lat="48.633357" lon="-113.860565"><ele>993.624</ele><time>2026-05-29T16:34:00Z</time></trkpt><trkpt lat="48.633343" lon="-113.860574"><ele>993.255</ele><time>2026-05-29T16:34:03Z</time></trkpt><trkpt lat="48.633311" lon="-113.860618"><ele>992.053</ele><time>2026-05-29T16:34:08Z</time></trkpt><trkpt lat="48.633293" lon="-113.860641"><ele>991.694</ele><time>2026-05-29T16:34:10Z</time></trkpt><trkpt lat="48.63325" lon="-113.860701"><ele>991.081</ele><time>2026-05-29T16:34:15Z</time></trkpt><trkpt lat="48.633225" lon="-113.860805"><ele>990.026</ele><time>2026-05-29T16:34:20Z</time></trkpt><trkpt lat="48.633224" lon="-113.860824"><ele>989.826</ele><time>2026-05-29T16:34:21Z</time></trkpt><trkpt lat="48.633226" lon="-113.860959"><ele>988.895</ele><time>2026-05-29T16:34:28Z</time></trkpt><trkpt lat="48.633228" lon="-113.860974"><ele>988.849</ele><time>2026-05-29T16:34:29Z</time></trkpt><trkpt lat="48.633258" lon="-113.8611"><ele>988.023</ele><time>2026-05-29T16:34:37Z</time></trkpt><trkpt lat="48.633259" lon="-113.861131"><ele>987.809</ele><time>2026-05-29T16:34:39Z</time></trkpt><trkpt lat="48.633253" lon="-113.861237"><ele>986.671</ele><time>2026-05-29T16:34:46Z</time></trkpt><trkpt lat="48.633252" lon="-113.861251"><ele>986.425</ele><time>2026-05-29T16:34:47Z</time></trkpt><trkpt lat="48.633242" lon="-113.861306"><ele>985.695</ele><time>2026-05-29T16:34:51Z</time></trkpt><trkpt lat="48.633217" lon="-113.86141"><ele>984.436</ele><time>2026-05-29T16:34:57Z</time></trkpt><trkpt lat="48.633208" lon="-113.861537"><ele>983.254</ele><time>2026-05-29T16:35:03Z</time></trkpt><trkpt lat="48.633208" lon="-113.861559"><ele>982.835</ele><time>2026-05-29T16:35:05Z</time></trkpt><trkpt lat="48.6332" lon="-113.861601"><ele>982.212</ele><time>2026-05-29T16:35:09Z</time></trkpt><trkpt lat="48.6332" lon="-113.861694"><ele>981.237</ele><time>2026-05-29T16:35:15Z</time></trkpt><trkpt lat="48.633203" lon="-113.861718"><ele>981.217</ele><time>2026-05-29T16:35:16Z</time></trkpt><trkpt lat="48.633229" lon="-113.861819"><ele>980.236</ele><time>2026-05-29T16:35:22Z</time></trkpt><trkpt lat="48.633238" lon="-113.861843"><ele>980.017</ele><time>2026-05-29T16:35:24Z</time></trkpt><trkpt lat="48.633274" lon="-113.861924"><ele>978.818</ele><time>2026-05-29T16:35:31Z</time></trkpt><trkpt lat="48.633283" lon="-113.861978"><ele>978.409</ele><time>2026-05-29T16:35:35Z</time></trkpt><trkpt lat="48.633294" lon="-113.862063"><ele>977.835</ele><time>2026-05-29T16:35:39Z</time></trkpt><trkpt lat="48.63331" lon="-113.862168"><ele>977.239</ele><time>2026-05-29T16:35:44Z</time></trkpt><trkpt lat="48.633321" lon="-113.862216"><ele>976.829</ele><time>2026-05-29T16:35:47Z</time></trkpt><trkpt lat="48.633383" lon="-113.862321"><ele>976.640</ele><time>2026-05-29T16:35:55Z</time></trkpt><trkpt lat="48.633481" lon="-113.862376"><ele>976.478</ele><time>2026-05-29T16:36:04Z</time></trkpt><trkpt lat="48.633504" lon="-113.862377"><ele>976.219</ele><time>2026-05-29T16:36:09Z</time></trkpt><trkpt lat="48.633493" lon="-113.862367"><ele>976.276</ele><time>2026-05-29T16:36:11Z</time></trkpt><trkpt lat="48.633495" lon="-113.862342"><ele>976.451</ele><time>2026-05-29T16:36:17Z</time></trkpt><trkpt lat="48.633494" lon="-113.86234"><ele>976.431</ele><time>2026-05-29T16:36:19Z</time></trkpt><trkpt lat="48.633495" lon="-113.862309"><ele>976.416</ele><time>2026-05-29T16:36:24Z</time></trkpt></trkseg></trk></gpx>