<?xml version="1.0" encoding="UTF-8"?><gpx creator="Wikiloc - http://www.wikiloc.com" version="1.1" xmlns="http://www.topografix.com/GPX/1/1" xmlns:xsi="http://www.w3.org/2001/XMLSchema-instance" xsi:schemaLocation="http://www.topografix.com/GPX/1/1 http://www.topografix.com/GPX/1/1/gpx.xsd"><trk><name><![CDATA[Glacier National Park: Many Glacier Hotel - Hidden Falls - Grinnell Lake - Many Glacier Hotel]]></name><cmt><![CDATA[Ruta circular des de Swiftcurrent passant per:
- Hidden Falls (5.5 km)
- Grinnell Lake (6.2 km)]]></cmt><desc><![CDATA[Ruta circular des de Swiftcurrent passant per:
- Hidden Falls (5.5 km)
- Grinnell Lake (6.2 km)]]></desc><trkseg><trkpt lat="48.795905" lon="-113.656024"><ele>1509.287</ele><time>2026-06-02T15:50:22Z</time></trkpt><trkpt lat="48.795903" lon="-113.656021"><ele>1509.442</ele><time>2026-06-02T15:50:23Z</time></trkpt><trkpt lat="48.795861" lon="-113.656004"><ele>1509.026</ele><time>2026-06-02T15:50:28Z</time></trkpt><trkpt lat="48.795852" lon="-113.656003"><ele>1509.009</ele><time>2026-06-02T15:50:29Z</time></trkpt><trkpt lat="48.795841" lon="-113.656005"><ele>1508.820</ele><time>2026-06-02T15:50:30Z</time></trkpt><trkpt lat="48.795803" lon="-113.656009"><ele>1509.074</ele><time>2026-06-02T15:50:34Z</time></trkpt><trkpt lat="48.795741" lon="-113.656003"><ele>1508.475</ele><time>2026-06-02T15:50:39Z</time></trkpt><trkpt lat="48.795648" lon="-113.656012"><ele>1509.232</ele><time>2026-06-02T15:50:47Z</time></trkpt><trkpt lat="48.795558" lon="-113.65599"><ele>1508.445</ele><time>2026-06-02T15:50:55Z</time></trkpt><trkpt lat="48.795547" lon="-113.65599"><ele>1508.255</ele><time>2026-06-02T15:50:56Z</time></trkpt><trkpt lat="48.795451" lon="-113.656001"><ele>1507.234</ele><time>2026-06-02T15:51:04Z</time></trkpt><trkpt lat="48.79544" lon="-113.655992"><ele>1507.085</ele><time>2026-06-02T15:51:05Z</time></trkpt><trkpt lat="48.795439" lon="-113.655989"><ele>1506.851</ele><time>2026-06-02T15:51:12Z</time></trkpt><trkpt lat="48.79543" lon="-113.655998"><ele>1507.024</ele><time>2026-06-02T15:51:23Z</time></trkpt><trkpt lat="48.79545" lon="-113.655986"><ele>1507.004</ele><time>2026-06-02T15:51:32Z</time></trkpt><trkpt lat="48.795468" lon="-113.656004"><ele>1507.414</ele><time>2026-06-02T15:51:41Z</time></trkpt><trkpt lat="48.795451" lon="-113.656007"><ele>1507.209</ele><time>2026-06-02T15:51:50Z</time></trkpt><trkpt lat="48.79545" lon="-113.655972"><ele>1506.634</ele><time>2026-06-02T15:52:01Z</time></trkpt><trkpt lat="48.795449" lon="-113.655979"><ele>1506.428</ele><time>2026-06-02T15:52:07Z</time></trkpt><trkpt lat="48.795442" lon="-113.65601"><ele>1507.069</ele><time>2026-06-02T15:52:19Z</time></trkpt><trkpt lat="48.795394" lon="-113.656066"><ele>1506.626</ele><time>2026-06-02T15:52:26Z</time></trkpt><trkpt lat="48.795329" lon="-113.656095"><ele>1506.259</ele><time>2026-06-02T15:52:32Z</time></trkpt><trkpt lat="48.795296" lon="-113.65611"><ele>1506.259</ele><time>2026-06-02T15:52:35Z</time></trkpt><trkpt lat="48.795226" lon="-113.656146"><ele>1506.888</ele><time>2026-06-02T15:52:42Z</time></trkpt><trkpt lat="48.79512" lon="-113.656138"><ele>1506.469</ele><time>2026-06-02T15:52:50Z</time></trkpt><trkpt lat="48.795035" lon="-113.656106"><ele>1507.085</ele><time>2026-06-02T15:52:59Z</time></trkpt><trkpt lat="48.794991" lon="-113.656073"><ele>1507.699</ele><time>2026-06-02T15:53:05Z</time></trkpt><trkpt lat="48.794939" lon="-113.656036"><ele>1507.807</ele><time>2026-06-02T15:53:10Z</time></trkpt><trkpt lat="48.794948" lon="-113.656026"><ele>1508.027</ele><time>2026-06-02T15:53:15Z</time></trkpt><trkpt lat="48.79495" lon="-113.656026"><ele>1508.009</ele><time>2026-06-02T15:53:16Z</time></trkpt><trkpt lat="48.794907" lon="-113.656023"><ele>1508.261</ele><time>2026-06-02T15:53:22Z</time></trkpt><trkpt lat="48.794884" lon="-113.656029"><ele>1508.485</ele><time>2026-06-02T15:53:24Z</time></trkpt><trkpt lat="48.794782" lon="-113.656062"><ele>1509.016</ele><time>2026-06-02T15:53:33Z</time></trkpt><trkpt lat="48.794777" lon="-113.656065"><ele>1509.263</ele><time>2026-06-02T15:53:34Z</time></trkpt><trkpt lat="48.794733" lon="-113.656056"><ele>1509.636</ele><time>2026-06-02T15:53:40Z</time></trkpt><trkpt lat="48.79472" lon="-113.656053"><ele>1509.846</ele><time>2026-06-02T15:53:41Z</time></trkpt><trkpt lat="48.794645" lon="-113.656026"><ele>1510.235</ele><time>2026-06-02T15:53:47Z</time></trkpt><trkpt lat="48.794623" lon="-113.656008"><ele>1510.266</ele><time>2026-06-02T15:53:50Z</time></trkpt><trkpt lat="48.794565" lon="-113.655931"><ele>1511.452</ele><time>2026-06-02T15:53:58Z</time></trkpt><trkpt lat="48.794541" lon="-113.655893"><ele>1512.022</ele><time>2026-06-02T15:54:02Z</time></trkpt><trkpt lat="48.794473" lon="-113.655836"><ele>1512.462</ele><time>2026-06-02T15:54:10Z</time></trkpt><trkpt lat="48.794435" lon="-113.65583"><ele>1512.808</ele><time>2026-06-02T15:54:14Z</time></trkpt><trkpt lat="48.794384" lon="-113.655819"><ele>1513.409</ele><time>2026-06-02T15:54:18Z</time></trkpt><trkpt lat="48.794365" lon="-113.655811"><ele>1513.654</ele><time>2026-06-02T15:54:20Z</time></trkpt><trkpt lat="48.794351" lon="-113.655804"><ele>1514.088</ele><time>2026-06-02T15:54:22Z</time></trkpt><trkpt lat="48.794301" lon="-113.65579"><ele>1514.859</ele><time>2026-06-02T15:54:27Z</time></trkpt><trkpt lat="48.794258" lon="-113.655782"><ele>1515.616</ele><time>2026-06-02T15:54:31Z</time></trkpt><trkpt lat="48.794245" lon="-113.655778"><ele>1515.849</ele><time>2026-06-02T15:54:32Z</time></trkpt><trkpt lat="48.79422" lon="-113.655763"><ele>1516.029</ele><time>2026-06-02T15:54:35Z</time></trkpt><trkpt lat="48.794208" lon="-113.655723"><ele>1516.858</ele><time>2026-06-02T15:54:40Z</time></trkpt><trkpt lat="48.794201" lon="-113.655713"><ele>1517.069</ele><time>2026-06-02T15:54:41Z</time></trkpt><trkpt lat="48.794147" lon="-113.655636"><ele>1518.055</ele><time>2026-06-02T15:54:49Z</time></trkpt><trkpt lat="48.794138" lon="-113.655627"><ele>1518.266</ele><time>2026-06-02T15:54:50Z</time></trkpt><trkpt lat="48.794088" lon="-113.655614"><ele>1519.229</ele><time>2026-06-02T15:54:55Z</time></trkpt><trkpt lat="48.794036" lon="-113.655617"><ele>1519.621</ele><time>2026-06-02T15:54:59Z</time></trkpt><trkpt lat="48.793936" lon="-113.655669"><ele>1519.809</ele><time>2026-06-02T15:55:08Z</time></trkpt><trkpt lat="48.793907" lon="-113.655698"><ele>1520.058</ele><time>2026-06-02T15:55:11Z</time></trkpt><trkpt lat="48.793855" lon="-113.65575"><ele>1519.822</ele><time>2026-06-02T15:55:16Z</time></trkpt><trkpt lat="48.793849" lon="-113.655841"><ele>1519.223</ele><time>2026-06-02T15:55:23Z</time></trkpt><trkpt lat="48.79386" lon="-113.655899"><ele>1519.020</ele><time>2026-06-02T15:55:26Z</time></trkpt><trkpt lat="48.793865" lon="-113.655993"><ele>1518.413</ele><time>2026-06-02T15:55:33Z</time></trkpt><trkpt lat="48.793838" lon="-113.656068"><ele>1517.833</ele><time>2026-06-02T15:55:37Z</time></trkpt><trkpt lat="48.793824" lon="-113.656135"><ele>1516.812</ele><time>2026-06-02T15:55:41Z</time></trkpt><trkpt lat="48.793835" lon="-113.656168"><ele>1516.473</ele><time>2026-06-02T15:55:44Z</time></trkpt><trkpt lat="48.793863" lon="-113.656215"><ele>1515.879</ele><time>2026-06-02T15:55:47Z</time></trkpt><trkpt lat="48.793871" lon="-113.656228"><ele>1515.445</ele><time>2026-06-02T15:55:48Z</time></trkpt><trkpt lat="48.793882" lon="-113.656251"><ele>1515.047</ele><time>2026-06-02T15:55:51Z</time></trkpt><trkpt lat="48.793883" lon="-113.656251"><ele>1514.811</ele><time>2026-06-02T15:55:52Z</time></trkpt><trkpt lat="48.793892" lon="-113.656262"><ele>1514.809</ele><time>2026-06-02T15:55:54Z</time></trkpt><trkpt lat="48.793896" lon="-113.656274"><ele>1514.646</ele><time>2026-06-02T15:55:55Z</time></trkpt><trkpt lat="48.793888" lon="-113.656302"><ele>1513.890</ele><time>2026-06-02T15:55:58Z</time></trkpt><trkpt lat="48.79388" lon="-113.656319"><ele>1513.441</ele><time>2026-06-02T15:56:00Z</time></trkpt><trkpt lat="48.793876" lon="-113.65633"><ele>1513.048</ele><time>2026-06-02T15:56:01Z</time></trkpt><trkpt lat="48.793859" lon="-113.656376"><ele>1512.281</ele><time>2026-06-02T15:56:05Z</time></trkpt><trkpt lat="48.793835" lon="-113.656417"><ele>1511.491</ele><time>2026-06-02T15:56:09Z</time></trkpt><trkpt lat="48.79383" lon="-113.656428"><ele>1511.220</ele><time>2026-06-02T15:56:10Z</time></trkpt><trkpt lat="48.793815" lon="-113.656496"><ele>1510.861</ele><time>2026-06-02T15:56:15Z</time></trkpt><trkpt lat="48.793805" lon="-113.656549"><ele>1510.647</ele><time>2026-06-02T15:56:20Z</time></trkpt><trkpt lat="48.793789" lon="-113.656594"><ele>1510.262</ele><time>2026-06-02T15:56:26Z</time></trkpt><trkpt lat="48.793769" lon="-113.656673"><ele>1509.683</ele><time>2026-06-02T15:56:30Z</time></trkpt><trkpt lat="48.793758" lon="-113.656706"><ele>1509.211</ele><time>2026-06-02T15:56:32Z</time></trkpt><trkpt lat="48.793743" lon="-113.656821"><ele>1508.609</ele><time>2026-06-02T15:56:39Z</time></trkpt><trkpt lat="48.79374" lon="-113.656982"><ele>1508.048</ele><time>2026-06-02T15:56:48Z</time></trkpt><trkpt lat="48.793724" lon="-113.657064"><ele>1507.852</ele><time>2026-06-02T15:56:53Z</time></trkpt><trkpt lat="48.793696" lon="-113.657126"><ele>1507.823</ele><time>2026-06-02T15:56:57Z</time></trkpt><trkpt lat="48.793594" lon="-113.657245"><ele>1508.230</ele><time>2026-06-02T15:57:06Z</time></trkpt><trkpt lat="48.793514" lon="-113.657359"><ele>1509.023</ele><time>2026-06-02T15:57:14Z</time></trkpt><trkpt lat="48.793497" lon="-113.657382"><ele>1509.053</ele><time>2026-06-02T15:57:16Z</time></trkpt><trkpt lat="48.793477" lon="-113.657403"><ele>1509.292</ele><time>2026-06-02T15:57:18Z</time></trkpt><trkpt lat="48.793438" lon="-113.657458"><ele>1510.073</ele><time>2026-06-02T15:57:23Z</time></trkpt><trkpt lat="48.793432" lon="-113.65747"><ele>1510.279</ele><time>2026-06-02T15:57:24Z</time></trkpt><trkpt lat="48.793427" lon="-113.657481"><ele>1510.267</ele><time>2026-06-02T15:57:25Z</time></trkpt><trkpt lat="48.793422" lon="-113.657502"><ele>1510.681</ele><time>2026-06-02T15:57:27Z</time></trkpt><trkpt lat="48.793407" lon="-113.657577"><ele>1510.819</ele><time>2026-06-02T15:57:31Z</time></trkpt><trkpt lat="48.793399" lon="-113.657622"><ele>1511.009</ele><time>2026-06-02T15:57:34Z</time></trkpt><trkpt lat="48.793393" lon="-113.657654"><ele>1511.278</ele><time>2026-06-02T15:57:36Z</time></trkpt><trkpt lat="48.793325" lon="-113.657776"><ele>1510.852</ele><time>2026-06-02T15:57:45Z</time></trkpt><trkpt lat="48.793219" lon="-113.65787"><ele>1510.223</ele><time>2026-06-02T15:57:53Z</time></trkpt><trkpt lat="48.793206" lon="-113.657877"><ele>1510.280</ele><time>2026-06-02T15:57:54Z</time></trkpt><trkpt lat="48.793119" lon="-113.657907"><ele>1509.453</ele><time>2026-06-02T15:58:01Z</time></trkpt><trkpt lat="48.793068" lon="-113.657924"><ele>1509.223</ele><time>2026-06-02T15:58:05Z</time></trkpt><trkpt lat="48.793026" lon="-113.657939"><ele>1508.442</ele><time>2026-06-02T15:58:09Z</time></trkpt><trkpt lat="48.792985" lon="-113.657955"><ele>1508.053</ele><time>2026-06-02T15:58:13Z</time></trkpt><trkpt lat="48.792923" lon="-113.657992"><ele>1507.289</ele><time>2026-06-02T15:58:18Z</time></trkpt><trkpt lat="48.792908" lon="-113.658002"><ele>1507.074</ele><time>2026-06-02T15:58:19Z</time></trkpt><trkpt lat="48.792831" lon="-113.658052"><ele>1506.056</ele><time>2026-06-02T15:58:26Z</time></trkpt><trkpt lat="48.792798" lon="-113.658085"><ele>1505.621</ele><time>2026-06-02T15:58:29Z</time></trkpt><trkpt lat="48.792768" lon="-113.658147"><ele>1505.209</ele><time>2026-06-02T15:58:33Z</time></trkpt><trkpt lat="48.792712" lon="-113.658267"><ele>1504.869</ele><time>2026-06-02T15:58:40Z</time></trkpt><trkpt lat="48.792634" lon="-113.65839"><ele>1504.043</ele><time>2026-06-02T15:58:49Z</time></trkpt><trkpt lat="48.792626" lon="-113.658401"><ele>1503.834</ele><time>2026-06-02T15:58:50Z</time></trkpt><trkpt lat="48.792549" lon="-113.658542"><ele>1503.031</ele><time>2026-06-02T15:58:59Z</time></trkpt><trkpt lat="48.79254" lon="-113.658561"><ele>1502.814</ele><time>2026-06-02T15:59:00Z</time></trkpt><trkpt lat="48.79248" lon="-113.658636"><ele>1502.084</ele><time>2026-06-02T15:59:09Z</time></trkpt><trkpt lat="48.792454" lon="-113.658648"><ele>1501.893</ele><time>2026-06-02T15:59:11Z</time></trkpt><trkpt lat="48.792362" lon="-113.658717"><ele>1501.294</ele><time>2026-06-02T15:59:18Z</time></trkpt><trkpt lat="48.79232" lon="-113.65876"><ele>1501.460</ele><time>2026-06-02T15:59:25Z</time></trkpt><trkpt lat="48.792237" lon="-113.65881"><ele>1501.428</ele><time>2026-06-02T15:59:32Z</time></trkpt><trkpt lat="48.792143" lon="-113.658868"><ele>1500.889</ele><time>2026-06-02T15:59:41Z</time></trkpt><trkpt lat="48.792132" lon="-113.658876"><ele>1500.617</ele><time>2026-06-02T15:59:42Z</time></trkpt><trkpt lat="48.792027" lon="-113.658933"><ele>1500.209</ele><time>2026-06-02T15:59:51Z</time></trkpt><trkpt lat="48.791977" lon="-113.658974"><ele>1500.094</ele><time>2026-06-02T15:59:56Z</time></trkpt><trkpt lat="48.79195" lon="-113.659004"><ele>1499.898</ele><time>2026-06-02T15:59:58Z</time></trkpt><trkpt lat="48.791941" lon="-113.659023"><ele>1499.629</ele><time>2026-06-02T15:59:59Z</time></trkpt><trkpt lat="48.791934" lon="-113.65904"><ele>1499.646</ele><time>2026-06-02T16:00:00Z</time></trkpt><trkpt lat="48.791927" lon="-113.659055"><ele>1499.499</ele><time>2026-06-02T16:00:01Z</time></trkpt><trkpt lat="48.791871" lon="-113.659154"><ele>1499.479</ele><time>2026-06-02T16:00:10Z</time></trkpt><trkpt lat="48.791806" lon="-113.659263"><ele>1499.218</ele><time>2026-06-02T16:00:20Z</time></trkpt><trkpt lat="48.79173" lon="-113.659346"><ele>1499.299</ele><time>2026-06-02T16:00:28Z</time></trkpt><trkpt lat="48.79165" lon="-113.659418"><ele>1499.255</ele><time>2026-06-02T16:00:37Z</time></trkpt><trkpt lat="48.791605" lon="-113.659543"><ele>1499.289</ele><time>2026-06-02T16:00:44Z</time></trkpt><trkpt lat="48.791551" lon="-113.659625"><ele>1499.006</ele><time>2026-06-02T16:00:50Z</time></trkpt><trkpt lat="48.791541" lon="-113.659634"><ele>1499.026</ele><time>2026-06-02T16:00:51Z</time></trkpt><trkpt lat="48.79148" lon="-113.659687"><ele>1498.609</ele><time>2026-06-02T16:00:57Z</time></trkpt><trkpt lat="48.79147" lon="-113.659698"><ele>1498.440</ele><time>2026-06-02T16:00:58Z</time></trkpt><trkpt lat="48.791412" lon="-113.659758"><ele>1497.634</ele><time>2026-06-02T16:01:04Z</time></trkpt><trkpt lat="48.791379" lon="-113.659793"><ele>1497.035</ele><time>2026-06-02T16:01:07Z</time></trkpt><trkpt lat="48.791345" lon="-113.65985"><ele>1496.692</ele><time>2026-06-02T16:01:11Z</time></trkpt><trkpt lat="48.791307" lon="-113.659906"><ele>1496.215</ele><time>2026-06-02T16:01:16Z</time></trkpt><trkpt lat="48.791266" lon="-113.660049"><ele>1495.435</ele><time>2026-06-02T16:01:25Z</time></trkpt><trkpt lat="48.79122" lon="-113.660173"><ele>1495.264</ele><time>2026-06-02T16:01:33Z</time></trkpt><trkpt lat="48.791157" lon="-113.660272"><ele>1495.225</ele><time>2026-06-02T16:01:41Z</time></trkpt><trkpt lat="48.791076" lon="-113.660303"><ele>1495.041</ele><time>2026-06-02T16:01:48Z</time></trkpt><trkpt lat="48.791001" lon="-113.6603"><ele>1494.892</ele><time>2026-06-02T16:01:53Z</time></trkpt><trkpt lat="48.790978" lon="-113.660284"><ele>1494.873</ele><time>2026-06-02T16:01:55Z</time></trkpt><trkpt lat="48.790902" lon="-113.660238"><ele>1494.820</ele><time>2026-06-02T16:02:02Z</time></trkpt><trkpt lat="48.790897" lon="-113.660233"><ele>1494.809</ele><time>2026-06-02T16:02:03Z</time></trkpt><trkpt lat="48.790826" lon="-113.660173"><ele>1494.611</ele><time>2026-06-02T16:02:10Z</time></trkpt><trkpt lat="48.790802" lon="-113.660142"><ele>1494.855</ele><time>2026-06-02T16:02:14Z</time></trkpt><trkpt lat="48.790749" lon="-113.660092"><ele>1494.896</ele><time>2026-06-02T16:02:19Z</time></trkpt><trkpt lat="48.790663" lon="-113.660021"><ele>1495.263</ele><time>2026-06-02T16:02:27Z</time></trkpt><trkpt lat="48.790645" lon="-113.659996"><ele>1495.456</ele><time>2026-06-02T16:02:29Z</time></trkpt><trkpt lat="48.790637" lon="-113.65998"><ele>1495.476</ele><time>2026-06-02T16:02:30Z</time></trkpt><trkpt lat="48.790625" lon="-113.659931"><ele>1495.675</ele><time>2026-06-02T16:02:34Z</time></trkpt><trkpt lat="48.790619" lon="-113.659906"><ele>1495.646</ele><time>2026-06-02T16:02:36Z</time></trkpt><trkpt lat="48.790593" lon="-113.659799"><ele>1495.862</ele><time>2026-06-02T16:02:43Z</time></trkpt><trkpt lat="48.790589" lon="-113.659788"><ele>1496.087</ele><time>2026-06-02T16:02:44Z</time></trkpt><trkpt lat="48.790547" lon="-113.659665"><ele>1496.442</ele><time>2026-06-02T16:02:53Z</time></trkpt><trkpt lat="48.790541" lon="-113.659582"><ele>1496.626</ele><time>2026-06-02T16:02:59Z</time></trkpt><trkpt lat="48.79054" lon="-113.65956"><ele>1496.609</ele><time>2026-06-02T16:03:01Z</time></trkpt><trkpt lat="48.790511" lon="-113.659494"><ele>1496.820</ele><time>2026-06-02T16:03:05Z</time></trkpt><trkpt lat="48.790487" lon="-113.659443"><ele>1496.864</ele><time>2026-06-02T16:03:08Z</time></trkpt><trkpt lat="48.790481" lon="-113.659428"><ele>1496.875</ele><time>2026-06-02T16:03:09Z</time></trkpt><trkpt lat="48.79042" lon="-113.659333"><ele>1496.822</ele><time>2026-06-02T16:03:17Z</time></trkpt><trkpt lat="48.790321" lon="-113.659276"><ele>1497.445</ele><time>2026-06-02T16:03:27Z</time></trkpt><trkpt lat="48.790274" lon="-113.659236"><ele>1497.675</ele><time>2026-06-02T16:03:31Z</time></trkpt><trkpt lat="48.790225" lon="-113.65922"><ele>1498.064</ele><time>2026-06-02T16:03:36Z</time></trkpt><trkpt lat="48.790134" lon="-113.659185"><ele>1498.025</ele><time>2026-06-02T16:03:45Z</time></trkpt><trkpt lat="48.790046" lon="-113.659183"><ele>1498.241</ele><time>2026-06-02T16:03:53Z</time></trkpt><trkpt lat="48.789994" lon="-113.659199"><ele>1498.825</ele><time>2026-06-02T16:03:58Z</time></trkpt><trkpt lat="48.789968" lon="-113.659213"><ele>1499.226</ele><time>2026-06-02T16:04:01Z</time></trkpt><trkpt lat="48.789909" lon="-113.659246"><ele>1499.808</ele><time>2026-06-02T16:04:06Z</time></trkpt><trkpt lat="48.78989" lon="-113.659258"><ele>1500.009</ele><time>2026-06-02T16:04:08Z</time></trkpt><trkpt lat="48.789831" lon="-113.659297"><ele>1499.624</ele><time>2026-06-02T16:04:14Z</time></trkpt><trkpt lat="48.789815" lon="-113.659314"><ele>1499.298</ele><time>2026-06-02T16:04:17Z</time></trkpt><trkpt lat="48.789724" lon="-113.659388"><ele>1499.069</ele><time>2026-06-02T16:04:25Z</time></trkpt><trkpt lat="48.789693" lon="-113.65951"><ele>1499.256</ele><time>2026-06-02T16:04:32Z</time></trkpt><trkpt lat="48.789618" lon="-113.659582"><ele>1499.039</ele><time>2026-06-02T16:04:41Z</time></trkpt><trkpt lat="48.789498" lon="-113.659573"><ele>1499.249</ele><time>2026-06-02T16:04:50Z</time></trkpt><trkpt lat="48.789426" lon="-113.659644"><ele>1499.668</ele><time>2026-06-02T16:04:58Z</time></trkpt><trkpt lat="48.789395" lon="-113.659722"><ele>1500.239</ele><time>2026-06-02T16:05:03Z</time></trkpt><trkpt lat="48.78937" lon="-113.659767"><ele>1500.465</ele><time>2026-06-02T16:05:06Z</time></trkpt><trkpt lat="48.78933" lon="-113.65981"><ele>1500.448</ele><time>2026-06-02T16:05:11Z</time></trkpt><trkpt lat="48.7893" lon="-113.659845"><ele>1500.261</ele><time>2026-06-02T16:05:14Z</time></trkpt><trkpt lat="48.789278" lon="-113.659865"><ele>1500.017</ele><time>2026-06-02T16:05:16Z</time></trkpt><trkpt lat="48.789232" lon="-113.659905"><ele>1499.809</ele><time>2026-06-02T16:05:20Z</time></trkpt><trkpt lat="48.789198" lon="-113.659923"><ele>1499.856</ele><time>2026-06-02T16:05:23Z</time></trkpt><trkpt lat="48.789117" lon="-113.659975"><ele>1499.270</ele><time>2026-06-02T16:05:31Z</time></trkpt><trkpt lat="48.78902" lon="-113.66003"><ele>1498.861</ele><time>2026-06-02T16:05:39Z</time></trkpt><trkpt lat="48.789005" lon="-113.660034"><ele>1498.838</ele><time>2026-06-02T16:05:40Z</time></trkpt><trkpt lat="48.788933" lon="-113.660089"><ele>1498.421</ele><time>2026-06-02T16:05:47Z</time></trkpt><trkpt lat="48.788885" lon="-113.66019"><ele>1498.251</ele><time>2026-06-02T16:05:56Z</time></trkpt><trkpt lat="48.7888" lon="-113.660357"><ele>1497.870</ele><time>2026-06-02T16:06:05Z</time></trkpt><trkpt lat="48.788746" lon="-113.660519"><ele>1497.811</ele><time>2026-06-02T16:06:16Z</time></trkpt><trkpt lat="48.78874" lon="-113.660532"><ele>1497.687</ele><time>2026-06-02T16:06:17Z</time></trkpt><trkpt lat="48.788674" lon="-113.660625"><ele>1498.026</ele><time>2026-06-02T16:06:24Z</time></trkpt><trkpt lat="48.788589" lon="-113.66074"><ele>1498.047</ele><time>2026-06-02T16:06:33Z</time></trkpt><trkpt lat="48.78854" lon="-113.660895"><ele>1498.011</ele><time>2026-06-02T16:06:42Z</time></trkpt><trkpt lat="48.788471" lon="-113.661026"><ele>1497.809</ele><time>2026-06-02T16:06:52Z</time></trkpt><trkpt lat="48.788421" lon="-113.661196"><ele>1498.834</ele><time>2026-06-02T16:07:02Z</time></trkpt><trkpt lat="48.788415" lon="-113.661212"><ele>1498.878</ele><time>2026-06-02T16:07:03Z</time></trkpt><trkpt lat="48.788365" lon="-113.661312"><ele>1499.419</ele><time>2026-06-02T16:07:10Z</time></trkpt><trkpt lat="48.788361" lon="-113.66133"><ele>1499.496</ele><time>2026-06-02T16:07:11Z</time></trkpt><trkpt lat="48.788333" lon="-113.661402"><ele>1499.819</ele><time>2026-06-02T16:07:15Z</time></trkpt><trkpt lat="48.788301" lon="-113.661455"><ele>1500.229</ele><time>2026-06-02T16:07:19Z</time></trkpt><trkpt lat="48.788222" lon="-113.661516"><ele>1500.488</ele><time>2026-06-02T16:07:28Z</time></trkpt><trkpt lat="48.788137" lon="-113.661515"><ele>1500.889</ele><time>2026-06-02T16:07:35Z</time></trkpt><trkpt lat="48.788126" lon="-113.661521"><ele>1500.835</ele><time>2026-06-02T16:07:36Z</time></trkpt><trkpt lat="48.788049" lon="-113.661515"><ele>1500.214</ele><time>2026-06-02T16:07:43Z</time></trkpt><trkpt lat="48.78797" lon="-113.661498"><ele>1499.854</ele><time>2026-06-02T16:07:50Z</time></trkpt><trkpt lat="48.787938" lon="-113.661476"><ele>1499.409</ele><time>2026-06-02T16:07:53Z</time></trkpt><trkpt lat="48.78787" lon="-113.661371"><ele>1499.609</ele><time>2026-06-02T16:08:00Z</time></trkpt><trkpt lat="48.787813" lon="-113.661223"><ele>1499.023</ele><time>2026-06-02T16:08:10Z</time></trkpt><trkpt lat="48.78779" lon="-113.661175"><ele>1498.667</ele><time>2026-06-02T16:08:13Z</time></trkpt><trkpt lat="48.787739" lon="-113.661118"><ele>1498.458</ele><time>2026-06-02T16:08:17Z</time></trkpt><trkpt lat="48.787643" lon="-113.661127"><ele>1497.895</ele><time>2026-06-02T16:08:25Z</time></trkpt><trkpt lat="48.787606" lon="-113.661142"><ele>1497.878</ele><time>2026-06-02T16:08:28Z</time></trkpt><trkpt lat="48.787582" lon="-113.661155"><ele>1497.628</ele><time>2026-06-02T16:08:30Z</time></trkpt><trkpt lat="48.787526" lon="-113.661192"><ele>1497.697</ele><time>2026-06-02T16:08:35Z</time></trkpt><trkpt lat="48.787504" lon="-113.661213"><ele>1497.448</ele><time>2026-06-02T16:08:37Z</time></trkpt><trkpt lat="48.787493" lon="-113.661224"><ele>1497.424</ele><time>2026-06-02T16:08:38Z</time></trkpt><trkpt lat="48.787483" lon="-113.661236"><ele>1497.279</ele><time>2026-06-02T16:08:39Z</time></trkpt><trkpt lat="48.78745" lon="-113.661315"><ele>1497.205</ele><time>2026-06-02T16:08:44Z</time></trkpt><trkpt lat="48.787421" lon="-113.661324"><ele>1497.225</ele><time>2026-06-02T16:08:51Z</time></trkpt><trkpt lat="48.787389" lon="-113.661381"><ele>1497.209</ele><time>2026-06-02T16:08:59Z</time></trkpt><trkpt lat="48.787364" lon="-113.661415"><ele>1497.259</ele><time>2026-06-02T16:09:02Z</time></trkpt><trkpt lat="48.787326" lon="-113.661486"><ele>1497.213</ele><time>2026-06-02T16:09:07Z</time></trkpt><trkpt lat="48.787276" lon="-113.661566"><ele>1497.064</ele><time>2026-06-02T16:09:15Z</time></trkpt><trkpt lat="48.787205" lon="-113.661727"><ele>1497.231</ele><time>2026-06-02T16:09:26Z</time></trkpt><trkpt lat="48.78716" lon="-113.661826"><ele>1497.014</ele><time>2026-06-02T16:09:35Z</time></trkpt><trkpt lat="48.787131" lon="-113.66194"><ele>1496.624</ele><time>2026-06-02T16:09:43Z</time></trkpt><trkpt lat="48.787115" lon="-113.661997"><ele>1496.653</ele><time>2026-06-02T16:09:46Z</time></trkpt><trkpt lat="48.787051" lon="-113.662131"><ele>1496.214</ele><time>2026-06-02T16:09:55Z</time></trkpt><trkpt lat="48.786981" lon="-113.662174"><ele>1496.690</ele><time>2026-06-02T16:10:04Z</time></trkpt><trkpt lat="48.786904" lon="-113.662174"><ele>1496.874</ele><time>2026-06-02T16:10:11Z</time></trkpt><trkpt lat="48.78682" lon="-113.662186"><ele>1496.256</ele><time>2026-06-02T16:10:19Z</time></trkpt><trkpt lat="48.786728" lon="-113.662186"><ele>1495.821</ele><time>2026-06-02T16:10:30Z</time></trkpt><trkpt lat="48.786584" lon="-113.662224"><ele>1496.009</ele><time>2026-06-02T16:10:42Z</time></trkpt><trkpt lat="48.78643" lon="-113.662272"><ele>1495.639</ele><time>2026-06-02T16:10:53Z</time></trkpt><trkpt lat="48.786415" lon="-113.662278"><ele>1495.633</ele><time>2026-06-02T16:10:54Z</time></trkpt><trkpt lat="48.786332" lon="-113.662341"><ele>1495.284</ele><time>2026-06-02T16:11:02Z</time></trkpt><trkpt lat="48.786256" lon="-113.662418"><ele>1495.261</ele><time>2026-06-02T16:11:11Z</time></trkpt><trkpt lat="48.786166" lon="-113.662484"><ele>1494.664</ele><time>2026-06-02T16:11:19Z</time></trkpt><trkpt lat="48.786154" lon="-113.662496"><ele>1494.434</ele><time>2026-06-02T16:11:20Z</time></trkpt><trkpt lat="48.786113" lon="-113.662549"><ele>1494.283</ele><time>2026-06-02T16:11:24Z</time></trkpt><trkpt lat="48.786051" lon="-113.662595"><ele>1494.254</ele><time>2026-06-02T16:11:29Z</time></trkpt><trkpt lat="48.785967" lon="-113.662639"><ele>1495.010</ele><time>2026-06-02T16:11:38Z</time></trkpt><trkpt lat="48.785881" lon="-113.662708"><ele>1495.625</ele><time>2026-06-02T16:11:46Z</time></trkpt><trkpt lat="48.785799" lon="-113.662796"><ele>1496.026</ele><time>2026-06-02T16:11:54Z</time></trkpt><trkpt lat="48.785788" lon="-113.662803"><ele>1496.208</ele><time>2026-06-02T16:11:55Z</time></trkpt><trkpt lat="48.785723" lon="-113.662883"><ele>1496.009</ele><time>2026-06-02T16:12:02Z</time></trkpt><trkpt lat="48.785645" lon="-113.662976"><ele>1496.074</ele><time>2026-06-02T16:12:11Z</time></trkpt><trkpt lat="48.785585" lon="-113.663045"><ele>1495.818</ele><time>2026-06-02T16:12:18Z</time></trkpt><trkpt lat="48.785532" lon="-113.663134"><ele>1495.689</ele><time>2026-06-02T16:12:24Z</time></trkpt><trkpt lat="48.785442" lon="-113.663244"><ele>1495.686</ele><time>2026-06-02T16:12:33Z</time></trkpt><trkpt lat="48.785395" lon="-113.663309"><ele>1495.019</ele><time>2026-06-02T16:12:40Z</time></trkpt><trkpt lat="48.785373" lon="-113.663333"><ele>1494.639</ele><time>2026-06-02T16:12:42Z</time></trkpt><trkpt lat="48.785315" lon="-113.663384"><ele>1494.628</ele><time>2026-06-02T16:12:47Z</time></trkpt><trkpt lat="48.785239" lon="-113.663422"><ele>1494.229</ele><time>2026-06-02T16:12:53Z</time></trkpt><trkpt lat="48.785226" lon="-113.663431"><ele>1494.245</ele><time>2026-06-02T16:12:54Z</time></trkpt><trkpt lat="48.785112" lon="-113.663499"><ele>1494.289</ele><time>2026-06-02T16:13:03Z</time></trkpt><trkpt lat="48.785036" lon="-113.663608"><ele>1494.006</ele><time>2026-06-02T16:13:13Z</time></trkpt><trkpt lat="48.785022" lon="-113.663635"><ele>1494.026</ele><time>2026-06-02T16:13:15Z</time></trkpt><trkpt lat="48.784963" lon="-113.663724"><ele>1493.609</ele><time>2026-06-02T16:13:21Z</time></trkpt><trkpt lat="48.784929" lon="-113.663781"><ele>1493.820</ele><time>2026-06-02T16:13:25Z</time></trkpt><trkpt lat="48.784895" lon="-113.663829"><ele>1494.014</ele><time>2026-06-02T16:13:30Z</time></trkpt><trkpt lat="48.784842" lon="-113.663934"><ele>1494.295</ele><time>2026-06-02T16:13:37Z</time></trkpt><trkpt lat="48.784785" lon="-113.664044"><ele>1494.212</ele><time>2026-06-02T16:13:45Z</time></trkpt><trkpt lat="48.784739" lon="-113.664159"><ele>1494.475</ele><time>2026-06-02T16:13:53Z</time></trkpt><trkpt lat="48.784721" lon="-113.664224"><ele>1494.845</ele><time>2026-06-02T16:13:58Z</time></trkpt><trkpt lat="48.784716" lon="-113.66426"><ele>1495.034</ele><time>2026-06-02T16:14:01Z</time></trkpt><trkpt lat="48.784713" lon="-113.66427"><ele>1495.215</ele><time>2026-06-02T16:14:02Z</time></trkpt><trkpt lat="48.784685" lon="-113.664341"><ele>1495.871</ele><time>2026-06-02T16:14:06Z</time></trkpt><trkpt lat="48.784679" lon="-113.664378"><ele>1496.045</ele><time>2026-06-02T16:14:09Z</time></trkpt><trkpt lat="48.784658" lon="-113.664457"><ele>1496.247</ele><time>2026-06-02T16:14:14Z</time></trkpt><trkpt lat="48.784646" lon="-113.664527"><ele>1496.611</ele><time>2026-06-02T16:14:18Z</time></trkpt><trkpt lat="48.784642" lon="-113.664565"><ele>1496.809</ele><time>2026-06-02T16:14:20Z</time></trkpt><trkpt lat="48.784621" lon="-113.664658"><ele>1497.686</ele><time>2026-06-02T16:14:27Z</time></trkpt><trkpt lat="48.784618" lon="-113.664678"><ele>1498.030</ele><time>2026-06-02T16:14:29Z</time></trkpt><trkpt lat="48.7846" lon="-113.664744"><ele>1498.021</ele><time>2026-06-02T16:14:36Z</time></trkpt><trkpt lat="48.784594" lon="-113.664771"><ele>1497.858</ele><time>2026-06-02T16:14:38Z</time></trkpt><trkpt lat="48.784583" lon="-113.66482"><ele>1497.641</ele><time>2026-06-02T16:14:41Z</time></trkpt><trkpt lat="48.784556" lon="-113.664935"><ele>1497.871</ele><time>2026-06-02T16:14:48Z</time></trkpt><trkpt lat="48.784534" lon="-113.665093"><ele>1497.880</ele><time>2026-06-02T16:14:57Z</time></trkpt><trkpt lat="48.784536" lon="-113.66511"><ele>1497.811</ele><time>2026-06-02T16:14:58Z</time></trkpt><trkpt lat="48.784539" lon="-113.665138"><ele>1498.067</ele><time>2026-06-02T16:15:00Z</time></trkpt><trkpt lat="48.784541" lon="-113.665187"><ele>1497.891</ele><time>2026-06-02T16:15:03Z</time></trkpt><trkpt lat="48.784525" lon="-113.665287"><ele>1497.681</ele><time>2026-06-02T16:15:09Z</time></trkpt><trkpt lat="48.784522" lon="-113.665301"><ele>1497.619</ele><time>2026-06-02T16:15:10Z</time></trkpt><trkpt lat="48.784499" lon="-113.665455"><ele>1497.209</ele><time>2026-06-02T16:15:19Z</time></trkpt><trkpt lat="48.784478" lon="-113.665596"><ele>1496.871</ele><time>2026-06-02T16:15:27Z</time></trkpt><trkpt lat="48.784421" lon="-113.665744"><ele>1496.435</ele><time>2026-06-02T16:15:37Z</time></trkpt><trkpt lat="48.784376" lon="-113.665863"><ele>1496.246</ele><time>2026-06-02T16:15:44Z</time></trkpt><trkpt lat="48.784345" lon="-113.665998"><ele>1496.413</ele><time>2026-06-02T16:15:53Z</time></trkpt><trkpt lat="48.784338" lon="-113.666086"><ele>1496.686</ele><time>2026-06-02T16:15:59Z</time></trkpt><trkpt lat="48.784334" lon="-113.666114"><ele>1496.626</ele><time>2026-06-02T16:16:01Z</time></trkpt><trkpt lat="48.784295" lon="-113.666211"><ele>1496.815</ele><time>2026-06-02T16:16:07Z</time></trkpt><trkpt lat="48.78428" lon="-113.666223"><ele>1496.826</ele><time>2026-06-02T16:16:09Z</time></trkpt><trkpt lat="48.784233" lon="-113.666336"><ele>1497.012</ele><time>2026-06-02T16:16:17Z</time></trkpt><trkpt lat="48.784166" lon="-113.666426"><ele>1497.459</ele><time>2026-06-02T16:16:25Z</time></trkpt><trkpt lat="48.78412" lon="-113.666469"><ele>1498.003</ele><time>2026-06-02T16:16:29Z</time></trkpt><trkpt lat="48.784082" lon="-113.666504"><ele>1497.823</ele><time>2026-06-02T16:16:33Z</time></trkpt><trkpt lat="48.784042" lon="-113.666584"><ele>1497.809</ele><time>2026-06-02T16:16:43Z</time></trkpt><trkpt lat="48.784037" lon="-113.66658"><ele>1498.037</ele><time>2026-06-02T16:16:53Z</time></trkpt><trkpt lat="48.783997" lon="-113.666583"><ele>1498.031</ele><time>2026-06-02T16:17:02Z</time></trkpt><trkpt lat="48.78399" lon="-113.66658"><ele>1498.232</ele><time>2026-06-02T16:17:06Z</time></trkpt><trkpt lat="48.784007" lon="-113.666567"><ele>1498.019</ele><time>2026-06-02T16:17:12Z</time></trkpt><trkpt lat="48.783994" lon="-113.666565"><ele>1497.882</ele><time>2026-06-02T16:17:24Z</time></trkpt><trkpt lat="48.783994" lon="-113.666566"><ele>1498.022</ele><time>2026-06-02T16:17:34Z</time></trkpt><trkpt lat="48.784011" lon="-113.666594"><ele>1497.631</ele><time>2026-06-02T16:17:43Z</time></trkpt><trkpt lat="48.784006" lon="-113.666587"><ele>1497.422</ele><time>2026-06-02T16:17:52Z</time></trkpt><trkpt lat="48.783994" lon="-113.666594"><ele>1497.268</ele><time>2026-06-02T16:17:54Z</time></trkpt><trkpt lat="48.783957" lon="-113.666631"><ele>1497.024</ele><time>2026-06-02T16:17:59Z</time></trkpt><trkpt lat="48.783933" lon="-113.666669"><ele>1497.204</ele><time>2026-06-02T16:18:03Z</time></trkpt><trkpt lat="48.783909" lon="-113.666679"><ele>1497.414</ele><time>2026-06-02T16:18:13Z</time></trkpt><trkpt lat="48.783909" lon="-113.666677"><ele>1497.409</ele><time>2026-06-02T16:18:14Z</time></trkpt><trkpt lat="48.783922" lon="-113.666667"><ele>1497.434</ele><time>2026-06-02T16:18:18Z</time></trkpt><trkpt lat="48.78393" lon="-113.66667"><ele>1497.648</ele><time>2026-06-02T16:18:24Z</time></trkpt><trkpt lat="48.78394" lon="-113.666659"><ele>1497.479</ele><time>2026-06-02T16:18:33Z</time></trkpt><trkpt lat="48.78393" lon="-113.666665"><ele>1497.296</ele><time>2026-06-02T16:18:38Z</time></trkpt><trkpt lat="48.783937" lon="-113.666651"><ele>1497.239</ele><time>2026-06-02T16:18:42Z</time></trkpt><trkpt lat="48.783933" lon="-113.666657"><ele>1497.259</ele><time>2026-06-02T16:18:44Z</time></trkpt><trkpt lat="48.783907" lon="-113.666708"><ele>1497.228</ele><time>2026-06-02T16:18:52Z</time></trkpt><trkpt lat="48.783898" lon="-113.666717"><ele>1497.289</ele><time>2026-06-02T16:18:53Z</time></trkpt><trkpt lat="48.783822" lon="-113.666809"><ele>1497.065</ele><time>2026-06-02T16:19:02Z</time></trkpt><trkpt lat="48.783805" lon="-113.66685"><ele>1496.896</ele><time>2026-06-02T16:19:05Z</time></trkpt><trkpt lat="48.783753" lon="-113.666921"><ele>1496.631</ele><time>2026-06-02T16:19:11Z</time></trkpt><trkpt lat="48.783687" lon="-113.667031"><ele>1496.024</ele><time>2026-06-02T16:19:19Z</time></trkpt><trkpt lat="48.783645" lon="-113.667087"><ele>1495.809</ele><time>2026-06-02T16:19:24Z</time></trkpt><trkpt lat="48.783632" lon="-113.667099"><ele>1495.671</ele><time>2026-06-02T16:19:25Z</time></trkpt><trkpt lat="48.783497" lon="-113.667158"><ele>1494.835</ele><time>2026-06-02T16:19:35Z</time></trkpt><trkpt lat="48.783485" lon="-113.667165"><ele>1494.696</ele><time>2026-06-02T16:19:36Z</time></trkpt><trkpt lat="48.78341" lon="-113.667201"><ele>1494.653</ele><time>2026-06-02T16:19:42Z</time></trkpt><trkpt lat="48.783301" lon="-113.667209"><ele>1494.216</ele><time>2026-06-02T16:19:50Z</time></trkpt><trkpt lat="48.78318" lon="-113.667227"><ele>1494.066</ele><time>2026-06-02T16:20:00Z</time></trkpt><trkpt lat="48.783049" lon="-113.667221"><ele>1493.655</ele><time>2026-06-02T16:20:10Z</time></trkpt><trkpt lat="48.783038" lon="-113.667222"><ele>1493.646</ele><time>2026-06-02T16:20:11Z</time></trkpt><trkpt lat="48.782973" lon="-113.667237"><ele>1493.692</ele><time>2026-06-02T16:20:16Z</time></trkpt><trkpt lat="48.782923" lon="-113.667255"><ele>1493.447</ele><time>2026-06-02T16:20:20Z</time></trkpt><trkpt lat="48.782829" lon="-113.667277"><ele>1492.829</ele><time>2026-06-02T16:20:27Z</time></trkpt><trkpt lat="48.782767" lon="-113.667302"><ele>1492.621</ele><time>2026-06-02T16:20:32Z</time></trkpt><trkpt lat="48.782718" lon="-113.667325"><ele>1492.809</ele><time>2026-06-02T16:20:36Z</time></trkpt><trkpt lat="48.782665" lon="-113.667405"><ele>1492.276</ele><time>2026-06-02T16:20:44Z</time></trkpt><trkpt lat="48.782636" lon="-113.66751"><ele>1491.820</ele><time>2026-06-02T16:20:50Z</time></trkpt><trkpt lat="48.782579" lon="-113.667622"><ele>1491.651</ele><time>2026-06-02T16:20:57Z</time></trkpt><trkpt lat="48.782555" lon="-113.667735"><ele>1492.098</ele><time>2026-06-02T16:21:04Z</time></trkpt><trkpt lat="48.782542" lon="-113.667786"><ele>1491.491</ele><time>2026-06-02T16:21:07Z</time></trkpt><trkpt lat="48.782507" lon="-113.667854"><ele>1491.251</ele><time>2026-06-02T16:21:13Z</time></trkpt><trkpt lat="48.782506" lon="-113.667845"><ele>1491.450</ele><time>2026-06-02T16:21:23Z</time></trkpt><trkpt lat="48.78251" lon="-113.66784"><ele>1491.411</ele><time>2026-06-02T16:21:30Z</time></trkpt><trkpt lat="48.782508" lon="-113.66785"><ele>1491.217</ele><time>2026-06-02T16:21:37Z</time></trkpt><trkpt lat="48.782429" lon="-113.667874"><ele>1491.649</ele><time>2026-06-02T16:21:45Z</time></trkpt><trkpt lat="48.782368" lon="-113.66791"><ele>1492.002</ele><time>2026-06-02T16:21:52Z</time></trkpt><trkpt lat="48.782312" lon="-113.667907"><ele>1492.222</ele><time>2026-06-02T16:22:00Z</time></trkpt><trkpt lat="48.782325" lon="-113.667893"><ele>1492.209</ele><time>2026-06-02T16:22:03Z</time></trkpt><trkpt lat="48.782323" lon="-113.667852"><ele>1492.026</ele><time>2026-06-02T16:22:05Z</time></trkpt><trkpt lat="48.782298" lon="-113.667756"><ele>1492.450</ele><time>2026-06-02T16:22:11Z</time></trkpt><trkpt lat="48.782293" lon="-113.667751"><ele>1492.461</ele><time>2026-06-02T16:22:12Z</time></trkpt><trkpt lat="48.782285" lon="-113.667745"><ele>1492.658</ele><time>2026-06-02T16:22:13Z</time></trkpt><trkpt lat="48.782229" lon="-113.667676"><ele>1493.611</ele><time>2026-06-02T16:22:19Z</time></trkpt><trkpt lat="48.782202" lon="-113.667672"><ele>1493.821</ele><time>2026-06-02T16:22:22Z</time></trkpt><trkpt lat="48.782192" lon="-113.667676"><ele>1493.820</ele><time>2026-06-02T16:22:23Z</time></trkpt><trkpt lat="48.782137" lon="-113.667755"><ele>1493.881</ele><time>2026-06-02T16:22:30Z</time></trkpt><trkpt lat="48.782084" lon="-113.667819"><ele>1493.477</ele><time>2026-06-02T16:22:37Z</time></trkpt><trkpt lat="48.782015" lon="-113.667948"><ele>1492.888</ele><time>2026-06-02T16:22:46Z</time></trkpt><trkpt lat="48.78192" lon="-113.668098"><ele>1493.024</ele><time>2026-06-02T16:22:57Z</time></trkpt><trkpt lat="48.781858" lon="-113.668187"><ele>1493.226</ele><time>2026-06-02T16:23:04Z</time></trkpt><trkpt lat="48.781779" lon="-113.668284"><ele>1493.209</ele><time>2026-06-02T16:23:12Z</time></trkpt><trkpt lat="48.78172" lon="-113.668408"><ele>1493.230</ele><time>2026-06-02T16:23:20Z</time></trkpt><trkpt lat="48.781674" lon="-113.668537"><ele>1493.264</ele><time>2026-06-02T16:23:29Z</time></trkpt><trkpt lat="48.781638" lon="-113.668676"><ele>1493.245</ele><time>2026-06-02T16:23:36Z</time></trkpt><trkpt lat="48.781593" lon="-113.668794"><ele>1493.482</ele><time>2026-06-02T16:23:43Z</time></trkpt><trkpt lat="48.781587" lon="-113.668814"><ele>1493.435</ele><time>2026-06-02T16:23:44Z</time></trkpt><trkpt lat="48.781583" lon="-113.668832"><ele>1493.455</ele><time>2026-06-02T16:23:45Z</time></trkpt><trkpt lat="48.78152" lon="-113.668975"><ele>1493.474</ele><time>2026-06-02T16:23:55Z</time></trkpt><trkpt lat="48.781431" lon="-113.669074"><ele>1493.825</ele><time>2026-06-02T16:24:03Z</time></trkpt><trkpt lat="48.781382" lon="-113.669181"><ele>1494.091</ele><time>2026-06-02T16:24:11Z</time></trkpt><trkpt lat="48.78135" lon="-113.669249"><ele>1494.273</ele><time>2026-06-02T16:24:16Z</time></trkpt><trkpt lat="48.781308" lon="-113.669303"><ele>1494.285</ele><time>2026-06-02T16:24:21Z</time></trkpt><trkpt lat="48.781224" lon="-113.669383"><ele>1494.613</ele><time>2026-06-02T16:24:29Z</time></trkpt><trkpt lat="48.781137" lon="-113.669464"><ele>1495.009</ele><time>2026-06-02T16:24:37Z</time></trkpt><trkpt lat="48.781079" lon="-113.669524"><ele>1495.239</ele><time>2026-06-02T16:24:43Z</time></trkpt><trkpt lat="48.781062" lon="-113.66956"><ele>1495.283</ele><time>2026-06-02T16:24:47Z</time></trkpt><trkpt lat="48.781031" lon="-113.669703"><ele>1495.264</ele><time>2026-06-02T16:24:55Z</time></trkpt><trkpt lat="48.781022" lon="-113.669878"><ele>1494.681</ele><time>2026-06-02T16:25:03Z</time></trkpt><trkpt lat="48.780993" lon="-113.670019"><ele>1494.484</ele><time>2026-06-02T16:25:11Z</time></trkpt><trkpt lat="48.780962" lon="-113.670131"><ele>1494.244</ele><time>2026-06-02T16:25:18Z</time></trkpt><trkpt lat="48.780961" lon="-113.670148"><ele>1494.273</ele><time>2026-06-02T16:25:19Z</time></trkpt><trkpt lat="48.780945" lon="-113.67024"><ele>1494.464</ele><time>2026-06-02T16:25:25Z</time></trkpt><trkpt lat="48.780915" lon="-113.670392"><ele>1494.490</ele><time>2026-06-02T16:25:34Z</time></trkpt><trkpt lat="48.78086" lon="-113.670519"><ele>1494.637</ele><time>2026-06-02T16:25:43Z</time></trkpt><trkpt lat="48.780822" lon="-113.670571"><ele>1494.649</ele><time>2026-06-02T16:25:48Z</time></trkpt><trkpt lat="48.780808" lon="-113.670597"><ele>1494.413</ele><time>2026-06-02T16:25:50Z</time></trkpt><trkpt lat="48.780717" lon="-113.670671"><ele>1494.209</ele><time>2026-06-02T16:25:58Z</time></trkpt><trkpt lat="48.780609" lon="-113.670717"><ele>1495.235</ele><time>2026-06-02T16:26:08Z</time></trkpt><trkpt lat="48.780565" lon="-113.670825"><ele>1495.639</ele><time>2026-06-02T16:26:16Z</time></trkpt><trkpt lat="48.780468" lon="-113.670879"><ele>1495.850</ele><time>2026-06-02T16:26:24Z</time></trkpt><trkpt lat="48.780385" lon="-113.670848"><ele>1496.627</ele><time>2026-06-02T16:26:32Z</time></trkpt><trkpt lat="48.780377" lon="-113.670843"><ele>1496.860</ele><time>2026-06-02T16:26:33Z</time></trkpt><trkpt lat="48.780285" lon="-113.67081"><ele>1497.410</ele><time>2026-06-02T16:26:41Z</time></trkpt><trkpt lat="48.780265" lon="-113.670807"><ele>1497.449</ele><time>2026-06-02T16:26:43Z</time></trkpt><trkpt lat="48.780231" lon="-113.670804"><ele>1497.890</ele><time>2026-06-02T16:26:46Z</time></trkpt><trkpt lat="48.780173" lon="-113.670816"><ele>1498.066</ele><time>2026-06-02T16:26:52Z</time></trkpt><trkpt lat="48.780109" lon="-113.670863"><ele>1498.891</ele><time>2026-06-02T16:27:01Z</time></trkpt><trkpt lat="48.780051" lon="-113.670836"><ele>1499.481</ele><time>2026-06-02T16:27:10Z</time></trkpt><trkpt lat="48.780012" lon="-113.670774"><ele>1500.019</ele><time>2026-06-02T16:27:16Z</time></trkpt><trkpt lat="48.779993" lon="-113.670741"><ele>1500.209</ele><time>2026-06-02T16:27:19Z</time></trkpt><trkpt lat="48.779931" lon="-113.670692"><ele>1501.021</ele><time>2026-06-02T16:27:27Z</time></trkpt><trkpt lat="48.779897" lon="-113.670697"><ele>1501.465</ele><time>2026-06-02T16:27:30Z</time></trkpt><trkpt lat="48.779872" lon="-113.670701"><ele>1501.666</ele><time>2026-06-02T16:27:32Z</time></trkpt><trkpt lat="48.779857" lon="-113.670704"><ele>1501.813</ele><time>2026-06-02T16:27:34Z</time></trkpt><trkpt lat="48.779831" lon="-113.670714"><ele>1501.886</ele><time>2026-06-02T16:27:37Z</time></trkpt><trkpt lat="48.779785" lon="-113.670714"><ele>1502.096</ele><time>2026-06-02T16:27:42Z</time></trkpt><trkpt lat="48.779755" lon="-113.670716"><ele>1502.295</ele><time>2026-06-02T16:27:45Z</time></trkpt><trkpt lat="48.779687" lon="-113.670763"><ele>1503.276</ele><time>2026-06-02T16:27:55Z</time></trkpt><trkpt lat="48.779604" lon="-113.670759"><ele>1503.852</ele><time>2026-06-02T16:28:05Z</time></trkpt><trkpt lat="48.779571" lon="-113.670742"><ele>1504.289</ele><time>2026-06-02T16:28:09Z</time></trkpt><trkpt lat="48.779539" lon="-113.670727"><ele>1504.606</ele><time>2026-06-02T16:28:13Z</time></trkpt><trkpt lat="48.779518" lon="-113.670717"><ele>1505.026</ele><time>2026-06-02T16:28:16Z</time></trkpt><trkpt lat="48.779499" lon="-113.67071"><ele>1505.209</ele><time>2026-06-02T16:28:18Z</time></trkpt><trkpt lat="48.779431" lon="-113.670718"><ele>1505.810</ele><time>2026-06-02T16:28:26Z</time></trkpt><trkpt lat="48.779395" lon="-113.670733"><ele>1506.234</ele><time>2026-06-02T16:28:32Z</time></trkpt><trkpt lat="48.77937" lon="-113.670754"><ele>1506.655</ele><time>2026-06-02T16:28:37Z</time></trkpt><trkpt lat="48.779305" lon="-113.670828"><ele>1506.682</ele><time>2026-06-02T16:28:45Z</time></trkpt><trkpt lat="48.779284" lon="-113.670849"><ele>1506.865</ele><time>2026-06-02T16:28:47Z</time></trkpt><trkpt lat="48.779238" lon="-113.670902"><ele>1507.215</ele><time>2026-06-02T16:28:52Z</time></trkpt><trkpt lat="48.779214" lon="-113.670918"><ele>1507.024</ele><time>2026-06-02T16:28:55Z</time></trkpt><trkpt lat="48.779132" lon="-113.671014"><ele>1507.445</ele><time>2026-06-02T16:29:05Z</time></trkpt><trkpt lat="48.779086" lon="-113.671111"><ele>1507.691</ele><time>2026-06-02T16:29:13Z</time></trkpt><trkpt lat="48.779042" lon="-113.671183"><ele>1507.466</ele><time>2026-06-02T16:29:20Z</time></trkpt><trkpt lat="48.779018" lon="-113.671219"><ele>1507.429</ele><time>2026-06-02T16:29:23Z</time></trkpt><trkpt lat="48.779" lon="-113.671247"><ele>1507.621</ele><time>2026-06-02T16:29:25Z</time></trkpt><trkpt lat="48.778913" lon="-113.671347"><ele>1507.409</ele><time>2026-06-02T16:29:35Z</time></trkpt><trkpt lat="48.778904" lon="-113.671354"><ele>1507.658</ele><time>2026-06-02T16:29:36Z</time></trkpt><trkpt lat="48.77882" lon="-113.671423"><ele>1508.262</ele><time>2026-06-02T16:29:45Z</time></trkpt><trkpt lat="48.778751" lon="-113.671511"><ele>1508.093</ele><time>2026-06-02T16:29:54Z</time></trkpt><trkpt lat="48.778673" lon="-113.671617"><ele>1508.240</ele><time>2026-06-02T16:30:03Z</time></trkpt><trkpt lat="48.778618" lon="-113.671717"><ele>1508.243</ele><time>2026-06-02T16:30:12Z</time></trkpt><trkpt lat="48.778606" lon="-113.671743"><ele>1508.273</ele><time>2026-06-02T16:30:14Z</time></trkpt><trkpt lat="48.778555" lon="-113.671838"><ele>1508.482</ele><time>2026-06-02T16:30:22Z</time></trkpt><trkpt lat="48.778462" lon="-113.671915"><ele>1508.493</ele><time>2026-06-02T16:30:30Z</time></trkpt><trkpt lat="48.778408" lon="-113.67201"><ele>1508.889</ele><time>2026-06-02T16:30:39Z</time></trkpt><trkpt lat="48.778401" lon="-113.672051"><ele>1508.866</ele><time>2026-06-02T16:30:42Z</time></trkpt><trkpt lat="48.778412" lon="-113.672151"><ele>1508.429</ele><time>2026-06-02T16:30:47Z</time></trkpt><trkpt lat="48.778401" lon="-113.672306"><ele>1507.821</ele><time>2026-06-02T16:30:56Z</time></trkpt><trkpt lat="48.778355" lon="-113.672397"><ele>1507.209</ele><time>2026-06-02T16:31:02Z</time></trkpt><trkpt lat="48.778321" lon="-113.672464"><ele>1506.848</ele><time>2026-06-02T16:31:06Z</time></trkpt><trkpt lat="48.778292" lon="-113.672527"><ele>1506.282</ele><time>2026-06-02T16:31:12Z</time></trkpt><trkpt lat="48.778274" lon="-113.672553"><ele>1506.043</ele><time>2026-06-02T16:31:15Z</time></trkpt><trkpt lat="48.778214" lon="-113.672631"><ele>1505.270</ele><time>2026-06-02T16:31:21Z</time></trkpt><trkpt lat="48.778201" lon="-113.672646"><ele>1505.283</ele><time>2026-06-02T16:31:23Z</time></trkpt><trkpt lat="48.778156" lon="-113.672698"><ele>1505.023</ele><time>2026-06-02T16:31:27Z</time></trkpt><trkpt lat="48.778094" lon="-113.672819"><ele>1505.092</ele><time>2026-06-02T16:31:35Z</time></trkpt><trkpt lat="48.778027" lon="-113.672935"><ele>1504.853</ele><time>2026-06-02T16:31:44Z</time></trkpt><trkpt lat="48.778005" lon="-113.673072"><ele>1504.099</ele><time>2026-06-02T16:31:51Z</time></trkpt><trkpt lat="48.778004" lon="-113.673084"><ele>1503.879</ele><time>2026-06-02T16:31:52Z</time></trkpt><trkpt lat="48.778011" lon="-113.673257"><ele>1503.205</ele><time>2026-06-02T16:32:01Z</time></trkpt><trkpt lat="48.778017" lon="-113.673281"><ele>1503.025</ele><time>2026-06-02T16:32:03Z</time></trkpt><trkpt lat="48.778027" lon="-113.673374"><ele>1502.009</ele><time>2026-06-02T16:32:09Z</time></trkpt><trkpt lat="48.778025" lon="-113.673401"><ele>1501.829</ele><time>2026-06-02T16:32:10Z</time></trkpt><trkpt lat="48.777973" lon="-113.673537"><ele>1502.083</ele><time>2026-06-02T16:32:19Z</time></trkpt><trkpt lat="48.777918" lon="-113.673646"><ele>1502.094</ele><time>2026-06-02T16:32:27Z</time></trkpt><trkpt lat="48.77784" lon="-113.673745"><ele>1502.271</ele><time>2026-06-02T16:32:35Z</time></trkpt><trkpt lat="48.777776" lon="-113.673875"><ele>1502.064</ele><time>2026-06-02T16:32:44Z</time></trkpt><trkpt lat="48.777737" lon="-113.674017"><ele>1502.084</ele><time>2026-06-02T16:32:53Z</time></trkpt><trkpt lat="48.777721" lon="-113.674098"><ele>1502.073</ele><time>2026-06-02T16:32:59Z</time></trkpt><trkpt lat="48.777705" lon="-113.674231"><ele>1501.214</ele><time>2026-06-02T16:33:07Z</time></trkpt><trkpt lat="48.777674" lon="-113.674426"><ele>1501.080</ele><time>2026-06-02T16:33:17Z</time></trkpt><trkpt lat="48.777671" lon="-113.674448"><ele>1500.832</ele><time>2026-06-02T16:33:19Z</time></trkpt><trkpt lat="48.777664" lon="-113.674539"><ele>1500.692</ele><time>2026-06-02T16:33:25Z</time></trkpt><trkpt lat="48.777659" lon="-113.674683"><ele>1500.411</ele><time>2026-06-02T16:33:32Z</time></trkpt><trkpt lat="48.77765" lon="-113.674823"><ele>1499.809</ele><time>2026-06-02T16:33:40Z</time></trkpt><trkpt lat="48.777633" lon="-113.674918"><ele>1499.825</ele><time>2026-06-02T16:33:46Z</time></trkpt><trkpt lat="48.777631" lon="-113.67495"><ele>1499.629</ele><time>2026-06-02T16:33:48Z</time></trkpt><trkpt lat="48.777635" lon="-113.675035"><ele>1498.640</ele><time>2026-06-02T16:33:55Z</time></trkpt><trkpt lat="48.777635" lon="-113.675124"><ele>1498.477</ele><time>2026-06-02T16:34:01Z</time></trkpt><trkpt lat="48.77763" lon="-113.675276"><ele>1498.210</ele><time>2026-06-02T16:34:09Z</time></trkpt><trkpt lat="48.777623" lon="-113.675341"><ele>1497.640</ele><time>2026-06-02T16:34:13Z</time></trkpt><trkpt lat="48.777605" lon="-113.675424"><ele>1497.279</ele><time>2026-06-02T16:34:18Z</time></trkpt><trkpt lat="48.777555" lon="-113.675523"><ele>1496.860</ele><time>2026-06-02T16:34:26Z</time></trkpt><trkpt lat="48.777482" lon="-113.67562"><ele>1497.426</ele><time>2026-06-02T16:34:35Z</time></trkpt><trkpt lat="48.777476" lon="-113.675642"><ele>1497.689</ele><time>2026-06-02T16:34:37Z</time></trkpt><trkpt lat="48.777464" lon="-113.675666"><ele>1497.406</ele><time>2026-06-02T16:34:39Z</time></trkpt><trkpt lat="48.777447" lon="-113.675711"><ele>1496.826</ele><time>2026-06-02T16:34:45Z</time></trkpt><trkpt lat="48.777445" lon="-113.675713"><ele>1496.609</ele><time>2026-06-02T16:34:54Z</time></trkpt><trkpt lat="48.777448" lon="-113.675711"><ele>1496.680</ele><time>2026-06-02T16:34:55Z</time></trkpt><trkpt lat="48.777436" lon="-113.675687"><ele>1497.414</ele><time>2026-06-02T16:35:02Z</time></trkpt><trkpt lat="48.777428" lon="-113.675694"><ele>1497.625</ele><time>2026-06-02T16:35:04Z</time></trkpt><trkpt lat="48.777408" lon="-113.675711"><ele>1497.262</ele><time>2026-06-02T16:35:10Z</time></trkpt><trkpt lat="48.777408" lon="-113.675714"><ele>1497.495</ele><time>2026-06-02T16:35:11Z</time></trkpt><trkpt lat="48.777464" lon="-113.675721"><ele>1497.425</ele><time>2026-06-02T16:35:19Z</time></trkpt><trkpt lat="48.777507" lon="-113.675657"><ele>1497.494</ele><time>2026-06-02T16:35:26Z</time></trkpt><trkpt lat="48.777492" lon="-113.675663"><ele>1497.445</ele><time>2026-06-02T16:35:27Z</time></trkpt><trkpt lat="48.777447" lon="-113.675704"><ele>1497.051</ele><time>2026-06-02T16:35:33Z</time></trkpt><trkpt lat="48.777443" lon="-113.675712"><ele>1496.643</ele><time>2026-06-02T16:35:35Z</time></trkpt><trkpt lat="48.777444" lon="-113.675734"><ele>1496.264</ele><time>2026-06-02T16:35:41Z</time></trkpt><trkpt lat="48.777444" lon="-113.675787"><ele>1496.010</ele><time>2026-06-02T16:35:51Z</time></trkpt><trkpt lat="48.777397" lon="-113.675785"><ele>1496.609</ele><time>2026-06-02T16:35:58Z</time></trkpt><trkpt lat="48.777389" lon="-113.675829"><ele>1497.626</ele><time>2026-06-02T16:36:01Z</time></trkpt><trkpt lat="48.777397" lon="-113.675896"><ele>1497.630</ele><time>2026-06-02T16:36:05Z</time></trkpt><trkpt lat="48.777439" lon="-113.676038"><ele>1497.071</ele><time>2026-06-02T16:36:14Z</time></trkpt><trkpt lat="48.777411" lon="-113.676112"><ele>1496.818</ele><time>2026-06-02T16:36:20Z</time></trkpt><trkpt lat="48.777407" lon="-113.676195"><ele>1496.671</ele><time>2026-06-02T16:36:25Z</time></trkpt><trkpt lat="48.777426" lon="-113.676213"><ele>1496.411</ele><time>2026-06-02T16:36:27Z</time></trkpt><trkpt lat="48.777432" lon="-113.676213"><ele>1496.290</ele><time>2026-06-02T16:36:28Z</time></trkpt><trkpt lat="48.777489" lon="-113.676191"><ele>1495.431</ele><time>2026-06-02T16:36:34Z</time></trkpt><trkpt lat="48.777499" lon="-113.676187"><ele>1495.437</ele><time>2026-06-02T16:36:35Z</time></trkpt><trkpt lat="48.777534" lon="-113.676246"><ele>1494.418</ele><time>2026-06-02T16:36:41Z</time></trkpt><trkpt lat="48.777526" lon="-113.67631"><ele>1494.098</ele><time>2026-06-02T16:36:44Z</time></trkpt><trkpt lat="48.777496" lon="-113.67636"><ele>1493.417</ele><time>2026-06-02T16:36:48Z</time></trkpt><trkpt lat="48.777465" lon="-113.676408"><ele>1493.209</ele><time>2026-06-02T16:36:52Z</time></trkpt><trkpt lat="48.777378" lon="-113.676559"><ele>1492.843</ele><time>2026-06-02T16:37:02Z</time></trkpt><trkpt lat="48.777333" lon="-113.676665"><ele>1492.657</ele><time>2026-06-02T16:37:10Z</time></trkpt><trkpt lat="48.777283" lon="-113.676768"><ele>1492.898</ele><time>2026-06-02T16:37:19Z</time></trkpt><trkpt lat="48.777202" lon="-113.676802"><ele>1493.615</ele><time>2026-06-02T16:37:27Z</time></trkpt><trkpt lat="48.77715" lon="-113.67686"><ele>1494.088</ele><time>2026-06-02T16:37:33Z</time></trkpt><trkpt lat="48.777133" lon="-113.676902"><ele>1494.048</ele><time>2026-06-02T16:37:36Z</time></trkpt><trkpt lat="48.777103" lon="-113.677034"><ele>1494.057</ele><time>2026-06-02T16:37:42Z</time></trkpt><trkpt lat="48.777097" lon="-113.677095"><ele>1494.088</ele><time>2026-06-02T16:37:45Z</time></trkpt><trkpt lat="48.777081" lon="-113.677261"><ele>1493.844</ele><time>2026-06-02T16:37:54Z</time></trkpt><trkpt lat="48.777071" lon="-113.677378"><ele>1493.448</ele><time>2026-06-02T16:38:02Z</time></trkpt><trkpt lat="48.777037" lon="-113.677531"><ele>1493.261</ele><time>2026-06-02T16:38:11Z</time></trkpt><trkpt lat="48.777005" lon="-113.677647"><ele>1493.217</ele><time>2026-06-02T16:38:19Z</time></trkpt><trkpt lat="48.776986" lon="-113.67779"><ele>1493.209</ele><time>2026-06-02T16:38:27Z</time></trkpt><trkpt lat="48.776996" lon="-113.677909"><ele>1493.266</ele><time>2026-06-02T16:38:34Z</time></trkpt><trkpt lat="48.77702" lon="-113.678112"><ele>1493.050</ele><time>2026-06-02T16:38:44Z</time></trkpt><trkpt lat="48.77702" lon="-113.678242"><ele>1492.851</ele><time>2026-06-02T16:38:51Z</time></trkpt><trkpt lat="48.77702" lon="-113.678413"><ele>1492.678</ele><time>2026-06-02T16:39:01Z</time></trkpt><trkpt lat="48.776983" lon="-113.678592"><ele>1492.811</ele><time>2026-06-02T16:39:11Z</time></trkpt><trkpt lat="48.776943" lon="-113.678681"><ele>1493.081</ele><time>2026-06-02T16:39:19Z</time></trkpt><trkpt lat="48.776937" lon="-113.678702"><ele>1492.890</ele><time>2026-06-02T16:39:20Z</time></trkpt><trkpt lat="48.776874" lon="-113.678892"><ele>1492.841</ele><time>2026-06-02T16:39:30Z</time></trkpt><trkpt lat="48.776824" lon="-113.679046"><ele>1492.877</ele><time>2026-06-02T16:39:40Z</time></trkpt><trkpt lat="48.77678" lon="-113.679183"><ele>1493.289</ele><time>2026-06-02T16:39:49Z</time></trkpt><trkpt lat="48.776726" lon="-113.679298"><ele>1493.206</ele><time>2026-06-02T16:39:57Z</time></trkpt><trkpt lat="48.776664" lon="-113.679421"><ele>1493.026</ele><time>2026-06-02T16:40:06Z</time></trkpt><trkpt lat="48.776606" lon="-113.679576"><ele>1493.209</ele><time>2026-06-02T16:40:16Z</time></trkpt><trkpt lat="48.776578" lon="-113.679742"><ele>1493.290</ele><time>2026-06-02T16:40:24Z</time></trkpt><trkpt lat="48.776579" lon="-113.67983"><ele>1493.424</ele><time>2026-06-02T16:40:32Z</time></trkpt><trkpt lat="48.776543" lon="-113.679996"><ele>1493.275</ele><time>2026-06-02T16:40:39Z</time></trkpt><trkpt lat="48.776503" lon="-113.680146"><ele>1493.222</ele><time>2026-06-02T16:40:47Z</time></trkpt><trkpt lat="48.776428" lon="-113.680275"><ele>1493.285</ele><time>2026-06-02T16:40:57Z</time></trkpt><trkpt lat="48.776371" lon="-113.68039"><ele>1493.245</ele><time>2026-06-02T16:41:06Z</time></trkpt><trkpt lat="48.776283" lon="-113.680488"><ele>1493.454</ele><time>2026-06-02T16:41:15Z</time></trkpt><trkpt lat="48.7762" lon="-113.680581"><ele>1493.285</ele><time>2026-06-02T16:41:23Z</time></trkpt><trkpt lat="48.776119" lon="-113.68066"><ele>1493.451</ele><time>2026-06-02T16:41:31Z</time></trkpt><trkpt lat="48.776055" lon="-113.680744"><ele>1493.896</ele><time>2026-06-02T16:41:39Z</time></trkpt><trkpt lat="48.775978" lon="-113.680837"><ele>1494.431</ele><time>2026-06-02T16:41:48Z</time></trkpt><trkpt lat="48.775937" lon="-113.680905"><ele>1494.424</ele><time>2026-06-02T16:41:54Z</time></trkpt><trkpt lat="48.775933" lon="-113.680917"><ele>1494.209</ele><time>2026-06-02T16:41:55Z</time></trkpt><trkpt lat="48.775917" lon="-113.680959"><ele>1494.251</ele><time>2026-06-02T16:42:01Z</time></trkpt><trkpt lat="48.775918" lon="-113.680967"><ele>1494.285</ele><time>2026-06-02T16:42:05Z</time></trkpt><trkpt lat="48.775917" lon="-113.680979"><ele>1494.276</ele><time>2026-06-02T16:42:12Z</time></trkpt><trkpt lat="48.77591" lon="-113.680994"><ele>1494.483</ele><time>2026-06-02T16:42:15Z</time></trkpt><trkpt lat="48.775914" lon="-113.680995"><ele>1494.426</ele><time>2026-06-02T16:42:18Z</time></trkpt><trkpt lat="48.775859" lon="-113.680996"><ele>1494.236</ele><time>2026-06-02T16:42:25Z</time></trkpt><trkpt lat="48.775749" lon="-113.681064"><ele>1493.445</ele><time>2026-06-02T16:42:34Z</time></trkpt><trkpt lat="48.77574" lon="-113.681073"><ele>1493.486</ele><time>2026-06-02T16:42:35Z</time></trkpt><trkpt lat="48.775643" lon="-113.681183"><ele>1493.492</ele><time>2026-06-02T16:42:45Z</time></trkpt><trkpt lat="48.775528" lon="-113.681269"><ele>1493.428</ele><time>2026-06-02T16:42:55Z</time></trkpt><trkpt lat="48.77544" lon="-113.681384"><ele>1493.689</ele><time>2026-06-02T16:43:05Z</time></trkpt><trkpt lat="48.77533" lon="-113.681463"><ele>1493.217</ele><time>2026-06-02T16:43:16Z</time></trkpt><trkpt lat="48.775232" lon="-113.681561"><ele>1493.409</ele><time>2026-06-02T16:43:27Z</time></trkpt><trkpt lat="48.775164" lon="-113.681657"><ele>1492.644</ele><time>2026-06-02T16:43:35Z</time></trkpt><trkpt lat="48.775145" lon="-113.681689"><ele>1492.478</ele><time>2026-06-02T16:43:37Z</time></trkpt><trkpt lat="48.775124" lon="-113.681713"><ele>1492.629</ele><time>2026-06-02T16:43:40Z</time></trkpt><trkpt lat="48.775084" lon="-113.681772"><ele>1492.896</ele><time>2026-06-02T16:43:45Z</time></trkpt><trkpt lat="48.775029" lon="-113.681905"><ele>1492.279</ele><time>2026-06-02T16:43:54Z</time></trkpt><trkpt lat="48.774942" lon="-113.682003"><ele>1492.089</ele><time>2026-06-02T16:44:02Z</time></trkpt><trkpt lat="48.774856" lon="-113.682065"><ele>1492.298</ele><time>2026-06-02T16:44:10Z</time></trkpt><trkpt lat="48.774786" lon="-113.682112"><ele>1492.019</ele><time>2026-06-02T16:44:17Z</time></trkpt><trkpt lat="48.774697" lon="-113.682179"><ele>1492.245</ele><time>2026-06-02T16:44:26Z</time></trkpt><trkpt lat="48.774612" lon="-113.682245"><ele>1491.825</ele><time>2026-06-02T16:44:34Z</time></trkpt><trkpt lat="48.774555" lon="-113.682281"><ele>1491.626</ele><time>2026-06-02T16:44:42Z</time></trkpt><trkpt lat="48.774509" lon="-113.682319"><ele>1491.408</ele><time>2026-06-02T16:44:52Z</time></trkpt><trkpt lat="48.7745" lon="-113.682327"><ele>1491.409</ele><time>2026-06-02T16:44:53Z</time></trkpt><trkpt lat="48.774415" lon="-113.682396"><ele>1491.464</ele><time>2026-06-02T16:45:03Z</time></trkpt><trkpt lat="48.774322" lon="-113.682499"><ele>1491.438</ele><time>2026-06-02T16:45:12Z</time></trkpt><trkpt lat="48.7743" lon="-113.682581"><ele>1491.819</ele><time>2026-06-02T16:45:17Z</time></trkpt><trkpt lat="48.774288" lon="-113.682621"><ele>1491.886</ele><time>2026-06-02T16:45:20Z</time></trkpt><trkpt lat="48.774234" lon="-113.682721"><ele>1492.219</ele><time>2026-06-02T16:45:27Z</time></trkpt><trkpt lat="48.774164" lon="-113.682801"><ele>1492.229</ele><time>2026-06-02T16:45:35Z</time></trkpt><trkpt lat="48.774144" lon="-113.682831"><ele>1492.498</ele><time>2026-06-02T16:45:37Z</time></trkpt><trkpt lat="48.774105" lon="-113.682959"><ele>1492.489</ele><time>2026-06-02T16:45:45Z</time></trkpt><trkpt lat="48.774096" lon="-113.683092"><ele>1491.615</ele><time>2026-06-02T16:45:53Z</time></trkpt><trkpt lat="48.774066" lon="-113.683156"><ele>1491.496</ele><time>2026-06-02T16:46:00Z</time></trkpt><trkpt lat="48.774054" lon="-113.68316"><ele>1491.431</ele><time>2026-06-02T16:46:07Z</time></trkpt><trkpt lat="48.774062" lon="-113.683186"><ele>1491.624</ele><time>2026-06-02T16:46:12Z</time></trkpt><trkpt lat="48.774098" lon="-113.683206"><ele>1491.409</ele><time>2026-06-02T16:46:22Z</time></trkpt><trkpt lat="48.774108" lon="-113.683205"><ele>1491.461</ele><time>2026-06-02T16:46:24Z</time></trkpt><trkpt lat="48.774112" lon="-113.683202"><ele>1491.685</ele><time>2026-06-02T16:46:26Z</time></trkpt><trkpt lat="48.774099" lon="-113.683201"><ele>1491.636</ele><time>2026-06-02T16:46:28Z</time></trkpt><trkpt lat="48.774063" lon="-113.683205"><ele>1491.453</ele><time>2026-06-02T16:46:32Z</time></trkpt><trkpt lat="48.774041" lon="-113.683194"><ele>1491.226</ele><time>2026-06-02T16:46:45Z</time></trkpt><trkpt lat="48.774042" lon="-113.68318"><ele>1491.266</ele><time>2026-06-02T16:46:48Z</time></trkpt><trkpt lat="48.773971" lon="-113.683189"><ele>1491.285</ele><time>2026-06-02T16:46:57Z</time></trkpt><trkpt lat="48.773867" lon="-113.683254"><ele>1491.856</ele><time>2026-06-02T16:47:09Z</time></trkpt><trkpt lat="48.773771" lon="-113.683352"><ele>1492.482</ele><time>2026-06-02T16:47:19Z</time></trkpt><trkpt lat="48.773754" lon="-113.683385"><ele>1492.434</ele><time>2026-06-02T16:47:21Z</time></trkpt><trkpt lat="48.773713" lon="-113.68349"><ele>1492.455</ele><time>2026-06-02T16:47:28Z</time></trkpt><trkpt lat="48.773679" lon="-113.683624"><ele>1492.210</ele><time>2026-06-02T16:47:36Z</time></trkpt><trkpt lat="48.773674" lon="-113.683687"><ele>1492.209</ele><time>2026-06-02T16:47:39Z</time></trkpt><trkpt lat="48.773672" lon="-113.683703"><ele>1492.435</ele><time>2026-06-02T16:47:40Z</time></trkpt><trkpt lat="48.77367" lon="-113.683722"><ele>1492.439</ele><time>2026-06-02T16:47:41Z</time></trkpt><trkpt lat="48.773654" lon="-113.683791"><ele>1492.250</ele><time>2026-06-02T16:47:45Z</time></trkpt><trkpt lat="48.773592" lon="-113.683928"><ele>1492.247</ele><time>2026-06-02T16:47:53Z</time></trkpt><trkpt lat="48.773539" lon="-113.684044"><ele>1492.850</ele><time>2026-06-02T16:48:02Z</time></trkpt><trkpt lat="48.773476" lon="-113.684197"><ele>1493.010</ele><time>2026-06-02T16:48:10Z</time></trkpt><trkpt lat="48.773409" lon="-113.684327"><ele>1493.499</ele><time>2026-06-02T16:48:20Z</time></trkpt><trkpt lat="48.773318" lon="-113.684456"><ele>1492.850</ele><time>2026-06-02T16:48:30Z</time></trkpt><trkpt lat="48.773227" lon="-113.684528"><ele>1493.086</ele><time>2026-06-02T16:48:38Z</time></trkpt><trkpt lat="48.773173" lon="-113.684655"><ele>1492.642</ele><time>2026-06-02T16:48:47Z</time></trkpt><trkpt lat="48.773141" lon="-113.684823"><ele>1491.822</ele><time>2026-06-02T16:48:57Z</time></trkpt><trkpt lat="48.773112" lon="-113.68499"><ele>1491.614</ele><time>2026-06-02T16:49:06Z</time></trkpt><trkpt lat="48.773043" lon="-113.68509"><ele>1491.809</ele><time>2026-06-02T16:49:14Z</time></trkpt><trkpt lat="48.772994" lon="-113.685223"><ele>1492.416</ele><time>2026-06-02T16:49:24Z</time></trkpt><trkpt lat="48.773031" lon="-113.685363"><ele>1491.850</ele><time>2026-06-02T16:49:31Z</time></trkpt><trkpt lat="48.773033" lon="-113.685459"><ele>1491.421</ele><time>2026-06-02T16:49:36Z</time></trkpt><trkpt lat="48.773007" lon="-113.685561"><ele>1491.258</ele><time>2026-06-02T16:49:41Z</time></trkpt><trkpt lat="48.772932" lon="-113.685633"><ele>1491.081</ele><time>2026-06-02T16:49:49Z</time></trkpt><trkpt lat="48.772834" lon="-113.685744"><ele>1491.631</ele><time>2026-06-02T16:49:58Z</time></trkpt><trkpt lat="48.772784" lon="-113.685782"><ele>1492.090</ele><time>2026-06-02T16:50:05Z</time></trkpt><trkpt lat="48.772728" lon="-113.685797"><ele>1492.221</ele><time>2026-06-02T16:50:10Z</time></trkpt><trkpt lat="48.772684" lon="-113.685787"><ele>1492.497</ele><time>2026-06-02T16:50:14Z</time></trkpt><trkpt lat="48.772667" lon="-113.685782"><ele>1492.694</ele><time>2026-06-02T16:50:15Z</time></trkpt><trkpt lat="48.7726" lon="-113.685801"><ele>1493.457</ele><time>2026-06-02T16:50:23Z</time></trkpt><trkpt lat="48.772559" lon="-113.685792"><ele>1493.422</ele><time>2026-06-02T16:50:25Z</time></trkpt><trkpt lat="48.772501" lon="-113.685859"><ele>1493.209</ele><time>2026-06-02T16:50:31Z</time></trkpt><trkpt lat="48.772473" lon="-113.6859"><ele>1493.041</ele><time>2026-06-02T16:50:34Z</time></trkpt><trkpt lat="48.772463" lon="-113.685912"><ele>1493.065</ele><time>2026-06-02T16:50:35Z</time></trkpt><trkpt lat="48.772403" lon="-113.686049"><ele>1492.656</ele><time>2026-06-02T16:50:45Z</time></trkpt><trkpt lat="48.772359" lon="-113.686221"><ele>1492.813</ele><time>2026-06-02T16:50:54Z</time></trkpt><trkpt lat="48.772333" lon="-113.686367"><ele>1492.846</ele><time>2026-06-02T16:51:02Z</time></trkpt><trkpt lat="48.772301" lon="-113.68654"><ele>1493.076</ele><time>2026-06-02T16:51:11Z</time></trkpt><trkpt lat="48.772245" lon="-113.686679"><ele>1493.675</ele><time>2026-06-02T16:51:20Z</time></trkpt><trkpt lat="48.772197" lon="-113.686778"><ele>1493.886</ele><time>2026-06-02T16:51:28Z</time></trkpt><trkpt lat="48.772118" lon="-113.686878"><ele>1494.232</ele><time>2026-06-02T16:51:37Z</time></trkpt><trkpt lat="48.772079" lon="-113.687029"><ele>1494.436</ele><time>2026-06-02T16:51:47Z</time></trkpt><trkpt lat="48.772079" lon="-113.687042"><ele>1494.617</ele><time>2026-06-02T16:51:48Z</time></trkpt><trkpt lat="48.772054" lon="-113.687155"><ele>1494.818</ele><time>2026-06-02T16:51:56Z</time></trkpt><trkpt lat="48.772004" lon="-113.68729"><ele>1494.809</ele><time>2026-06-02T16:52:04Z</time></trkpt><trkpt lat="48.771942" lon="-113.687445"><ele>1494.855</ele><time>2026-06-02T16:52:14Z</time></trkpt><trkpt lat="48.771893" lon="-113.687562"><ele>1495.469</ele><time>2026-06-02T16:52:22Z</time></trkpt><trkpt lat="48.771814" lon="-113.687643"><ele>1495.480</ele><time>2026-06-02T16:52:30Z</time></trkpt><trkpt lat="48.771782" lon="-113.687695"><ele>1495.677</ele><time>2026-06-02T16:52:34Z</time></trkpt><trkpt lat="48.77173" lon="-113.687762"><ele>1495.840</ele><time>2026-06-02T16:52:41Z</time></trkpt><trkpt lat="48.771669" lon="-113.68784"><ele>1496.280</ele><time>2026-06-02T16:52:48Z</time></trkpt><trkpt lat="48.771533" lon="-113.687937"><ele>1496.289</ele><time>2026-06-02T16:52:58Z</time></trkpt><trkpt lat="48.771422" lon="-113.688028"><ele>1496.230</ele><time>2026-06-02T16:53:08Z</time></trkpt><trkpt lat="48.771366" lon="-113.688071"><ele>1496.696</ele><time>2026-06-02T16:53:15Z</time></trkpt><trkpt lat="48.771335" lon="-113.688098"><ele>1496.818</ele><time>2026-06-02T16:53:18Z</time></trkpt><trkpt lat="48.771266" lon="-113.688165"><ele>1497.098</ele><time>2026-06-02T16:53:26Z</time></trkpt><trkpt lat="48.771194" lon="-113.688307"><ele>1496.617</ele><time>2026-06-02T16:53:34Z</time></trkpt><trkpt lat="48.771122" lon="-113.688456"><ele>1496.809</ele><time>2026-06-02T16:53:44Z</time></trkpt><trkpt lat="48.771089" lon="-113.68859"><ele>1496.243</ele><time>2026-06-02T16:53:52Z</time></trkpt><trkpt lat="48.771063" lon="-113.688704"><ele>1495.827</ele><time>2026-06-02T16:53:58Z</time></trkpt><trkpt lat="48.77105" lon="-113.688728"><ele>1495.888</ele><time>2026-06-02T16:54:00Z</time></trkpt><trkpt lat="48.771031" lon="-113.688766"><ele>1495.665</ele><time>2026-06-02T16:54:03Z</time></trkpt><trkpt lat="48.77096" lon="-113.688882"><ele>1495.468</ele><time>2026-06-02T16:54:11Z</time></trkpt><trkpt lat="48.7709" lon="-113.689005"><ele>1495.888</ele><time>2026-06-02T16:54:18Z</time></trkpt><trkpt lat="48.770882" lon="-113.689039"><ele>1496.097</ele><time>2026-06-02T16:54:20Z</time></trkpt><trkpt lat="48.770807" lon="-113.689178"><ele>1495.848</ele><time>2026-06-02T16:54:29Z</time></trkpt><trkpt lat="48.770769" lon="-113.689316"><ele>1495.284</ele><time>2026-06-02T16:54:37Z</time></trkpt><trkpt lat="48.770798" lon="-113.689456"><ele>1495.049</ele><time>2026-06-02T16:54:44Z</time></trkpt><trkpt lat="48.770808" lon="-113.689572"><ele>1495.202</ele><time>2026-06-02T16:54:51Z</time></trkpt><trkpt lat="48.770772" lon="-113.689699"><ele>1495.222</ele><time>2026-06-02T16:54:59Z</time></trkpt><trkpt lat="48.770807" lon="-113.689873"><ele>1494.809</ele><time>2026-06-02T16:55:08Z</time></trkpt><trkpt lat="48.770803" lon="-113.690039"><ele>1494.656</ele><time>2026-06-02T16:55:17Z</time></trkpt><trkpt lat="48.770761" lon="-113.690179"><ele>1494.670</ele><time>2026-06-02T16:55:25Z</time></trkpt><trkpt lat="48.770734" lon="-113.690219"><ele>1494.491</ele><time>2026-06-02T16:55:28Z</time></trkpt><trkpt lat="48.770671" lon="-113.690259"><ele>1494.638</ele><time>2026-06-02T16:55:34Z</time></trkpt><trkpt lat="48.770591" lon="-113.690383"><ele>1494.661</ele><time>2026-06-02T16:55:44Z</time></trkpt><trkpt lat="48.770548" lon="-113.690563"><ele>1494.831</ele><time>2026-06-02T16:55:53Z</time></trkpt><trkpt lat="48.770522" lon="-113.690607"><ele>1494.810</ele><time>2026-06-02T16:55:57Z</time></trkpt><trkpt lat="48.770499" lon="-113.690653"><ele>1495.061</ele><time>2026-06-02T16:56:01Z</time></trkpt><trkpt lat="48.770469" lon="-113.690761"><ele>1495.227</ele><time>2026-06-02T16:56:08Z</time></trkpt><trkpt lat="48.770447" lon="-113.690841"><ele>1495.231</ele><time>2026-06-02T16:56:12Z</time></trkpt><trkpt lat="48.770361" lon="-113.691015"><ele>1495.461</ele><time>2026-06-02T16:56:23Z</time></trkpt><trkpt lat="48.77032" lon="-113.6911"><ele>1495.407</ele><time>2026-06-02T16:56:29Z</time></trkpt><trkpt lat="48.770294" lon="-113.691176"><ele>1495.809</ele><time>2026-06-02T16:56:34Z</time></trkpt><trkpt lat="48.770237" lon="-113.69131"><ele>1495.865</ele><time>2026-06-02T16:56:43Z</time></trkpt><trkpt lat="48.77019" lon="-113.691482"><ele>1496.029</ele><time>2026-06-02T16:56:53Z</time></trkpt><trkpt lat="48.770137" lon="-113.691588"><ele>1496.220</ele><time>2026-06-02T16:57:00Z</time></trkpt><trkpt lat="48.770073" lon="-113.691687"><ele>1496.297</ele><time>2026-06-02T16:57:08Z</time></trkpt><trkpt lat="48.77006" lon="-113.691792"><ele>1496.220</ele><time>2026-06-02T16:57:14Z</time></trkpt><trkpt lat="48.77006" lon="-113.691883"><ele>1496.490</ele><time>2026-06-02T16:57:18Z</time></trkpt><trkpt lat="48.770047" lon="-113.691968"><ele>1496.429</ele><time>2026-06-02T16:57:23Z</time></trkpt><trkpt lat="48.769982" lon="-113.692038"><ele>1496.660</ele><time>2026-06-02T16:57:30Z</time></trkpt><trkpt lat="48.769979" lon="-113.692072"><ele>1496.866</ele><time>2026-06-02T16:57:32Z</time></trkpt><trkpt lat="48.769993" lon="-113.692181"><ele>1497.029</ele><time>2026-06-02T16:57:37Z</time></trkpt><trkpt lat="48.770021" lon="-113.692261"><ele>1497.400</ele><time>2026-06-02T16:57:44Z</time></trkpt><trkpt lat="48.770012" lon="-113.6924"><ele>1497.020</ele><time>2026-06-02T16:57:51Z</time></trkpt><trkpt lat="48.770025" lon="-113.692553"><ele>1497.209</ele><time>2026-06-02T16:58:00Z</time></trkpt><trkpt lat="48.770027" lon="-113.692608"><ele>1497.634</ele><time>2026-06-02T16:58:03Z</time></trkpt><trkpt lat="48.770042" lon="-113.692712"><ele>1497.638</ele><time>2026-06-02T16:58:09Z</time></trkpt><trkpt lat="48.770011" lon="-113.692835"><ele>1498.039</ele><time>2026-06-02T16:58:16Z</time></trkpt><trkpt lat="48.769964" lon="-113.692954"><ele>1498.426</ele><time>2026-06-02T16:58:24Z</time></trkpt><trkpt lat="48.769957" lon="-113.693027"><ele>1498.489</ele><time>2026-06-02T16:58:29Z</time></trkpt><trkpt lat="48.769956" lon="-113.693081"><ele>1498.669</ele><time>2026-06-02T16:58:32Z</time></trkpt><trkpt lat="48.769929" lon="-113.693224"><ele>1498.858</ele><time>2026-06-02T16:58:41Z</time></trkpt><trkpt lat="48.769932" lon="-113.693416"><ele>1498.899</ele><time>2026-06-02T16:58:50Z</time></trkpt><trkpt lat="48.769892" lon="-113.693547"><ele>1499.075</ele><time>2026-06-02T16:58:58Z</time></trkpt><trkpt lat="48.769846" lon="-113.693702"><ele>1499.079</ele><time>2026-06-02T16:59:07Z</time></trkpt><trkpt lat="48.769799" lon="-113.693833"><ele>1499.005</ele><time>2026-06-02T16:59:15Z</time></trkpt><trkpt lat="48.769793" lon="-113.693867"><ele>1499.025</ele><time>2026-06-02T16:59:17Z</time></trkpt><trkpt lat="48.769745" lon="-113.693989"><ele>1499.409</ele><time>2026-06-02T16:59:25Z</time></trkpt><trkpt lat="48.769709" lon="-113.694108"><ele>1499.629</ele><time>2026-06-02T16:59:32Z</time></trkpt><trkpt lat="48.769702" lon="-113.694146"><ele>1499.633</ele><time>2026-06-02T16:59:34Z</time></trkpt><trkpt lat="48.769698" lon="-113.694165"><ele>1499.844</ele><time>2026-06-02T16:59:35Z</time></trkpt><trkpt lat="48.769686" lon="-113.694203"><ele>1499.881</ele><time>2026-06-02T16:59:37Z</time></trkpt><trkpt lat="48.769658" lon="-113.694258"><ele>1499.864</ele><time>2026-06-02T16:59:41Z</time></trkpt><trkpt lat="48.769607" lon="-113.694382"><ele>1499.814</ele><time>2026-06-02T16:59:50Z</time></trkpt><trkpt lat="48.769576" lon="-113.694579"><ele>1500.493</ele><time>2026-06-02T17:00:00Z</time></trkpt><trkpt lat="48.76953" lon="-113.694725"><ele>1500.454</ele><time>2026-06-02T17:00:09Z</time></trkpt><trkpt lat="48.769521" lon="-113.694759"><ele>1500.630</ele><time>2026-06-02T17:00:11Z</time></trkpt><trkpt lat="48.769485" lon="-113.694858"><ele>1500.867</ele><time>2026-06-02T17:00:18Z</time></trkpt><trkpt lat="48.769412" lon="-113.694928"><ele>1501.481</ele><time>2026-06-02T17:00:26Z</time></trkpt><trkpt lat="48.76929" lon="-113.694982"><ele>1501.419</ele><time>2026-06-02T17:00:35Z</time></trkpt><trkpt lat="48.769268" lon="-113.694992"><ele>1501.609</ele><time>2026-06-02T17:00:37Z</time></trkpt><trkpt lat="48.769205" lon="-113.695004"><ele>1502.098</ele><time>2026-06-02T17:00:43Z</time></trkpt><trkpt lat="48.76909" lon="-113.695027"><ele>1502.492</ele><time>2026-06-02T17:00:51Z</time></trkpt><trkpt lat="48.769013" lon="-113.695069"><ele>1502.633</ele><time>2026-06-02T17:00:59Z</time></trkpt><trkpt lat="48.768977" lon="-113.695125"><ele>1502.460</ele><time>2026-06-02T17:01:03Z</time></trkpt><trkpt lat="48.76894" lon="-113.6952"><ele>1502.623</ele><time>2026-06-02T17:01:08Z</time></trkpt><trkpt lat="48.768933" lon="-113.695206"><ele>1502.683</ele><time>2026-06-02T17:01:09Z</time></trkpt><trkpt lat="48.768858" lon="-113.69522"><ele>1502.812</ele><time>2026-06-02T17:01:15Z</time></trkpt><trkpt lat="48.76875" lon="-113.695251"><ele>1503.043</ele><time>2026-06-02T17:01:24Z</time></trkpt><trkpt lat="48.76866" lon="-113.695262"><ele>1503.239</ele><time>2026-06-02T17:01:31Z</time></trkpt><trkpt lat="48.768533" lon="-113.695286"><ele>1503.893</ele><time>2026-06-02T17:01:42Z</time></trkpt><trkpt lat="48.768444" lon="-113.695342"><ele>1503.665</ele><time>2026-06-02T17:01:50Z</time></trkpt><trkpt lat="48.768425" lon="-113.695363"><ele>1503.821</ele><time>2026-06-02T17:01:52Z</time></trkpt><trkpt lat="48.768316" lon="-113.695445"><ele>1504.409</ele><time>2026-06-02T17:02:02Z</time></trkpt><trkpt lat="48.768238" lon="-113.695484"><ele>1504.851</ele><time>2026-06-02T17:02:09Z</time></trkpt><trkpt lat="48.768187" lon="-113.695515"><ele>1505.095</ele><time>2026-06-02T17:02:14Z</time></trkpt><trkpt lat="48.768076" lon="-113.695576"><ele>1505.256</ele><time>2026-06-02T17:02:25Z</time></trkpt><trkpt lat="48.767984" lon="-113.695585"><ele>1505.493</ele><time>2026-06-02T17:02:34Z</time></trkpt><trkpt lat="48.767877" lon="-113.695558"><ele>1505.666</ele><time>2026-06-02T17:02:43Z</time></trkpt><trkpt lat="48.767793" lon="-113.695551"><ele>1505.866</ele><time>2026-06-02T17:02:50Z</time></trkpt><trkpt lat="48.767783" lon="-113.69556"><ele>1505.895</ele><time>2026-06-02T17:02:51Z</time></trkpt><trkpt lat="48.767728" lon="-113.695588"><ele>1505.876</ele><time>2026-06-02T17:02:57Z</time></trkpt><trkpt lat="48.767622" lon="-113.695562"><ele>1506.072</ele><time>2026-06-02T17:03:07Z</time></trkpt><trkpt lat="48.767493" lon="-113.695529"><ele>1506.052</ele><time>2026-06-02T17:03:17Z</time></trkpt><trkpt lat="48.767396" lon="-113.695536"><ele>1506.253</ele><time>2026-06-02T17:03:26Z</time></trkpt><trkpt lat="48.767378" lon="-113.695539"><ele>1506.408</ele><time>2026-06-02T17:03:28Z</time></trkpt><trkpt lat="48.767274" lon="-113.695592"><ele>1506.809</ele><time>2026-06-02T17:03:37Z</time></trkpt><trkpt lat="48.767247" lon="-113.695609"><ele>1507.027</ele><time>2026-06-02T17:03:39Z</time></trkpt><trkpt lat="48.767201" lon="-113.695656"><ele>1507.061</ele><time>2026-06-02T17:03:45Z</time></trkpt><trkpt lat="48.767151" lon="-113.695657"><ele>1507.212</ele><time>2026-06-02T17:03:51Z</time></trkpt><trkpt lat="48.767111" lon="-113.695648"><ele>1507.259</ele><time>2026-06-02T17:03:54Z</time></trkpt><trkpt lat="48.76704" lon="-113.695625"><ele>1507.632</ele><time>2026-06-02T17:04:01Z</time></trkpt><trkpt lat="48.76701" lon="-113.695615"><ele>1507.692</ele><time>2026-06-02T17:04:03Z</time></trkpt><trkpt lat="48.766951" lon="-113.695604"><ele>1508.081</ele><time>2026-06-02T17:04:07Z</time></trkpt><trkpt lat="48.766906" lon="-113.695567"><ele>1508.242</ele><time>2026-06-02T17:04:12Z</time></trkpt><trkpt lat="48.766908" lon="-113.695468"><ele>1508.648</ele><time>2026-06-02T17:04:20Z</time></trkpt><trkpt lat="48.766925" lon="-113.695453"><ele>1509.064</ele><time>2026-06-02T17:04:22Z</time></trkpt><trkpt lat="48.76696" lon="-113.695438"><ele>1510.206</ele><time>2026-06-02T17:04:26Z</time></trkpt><trkpt lat="48.766965" lon="-113.695432"><ele>1510.616</ele><time>2026-06-02T17:04:28Z</time></trkpt><trkpt lat="48.766984" lon="-113.695383"><ele>1511.209</ele><time>2026-06-02T17:04:32Z</time></trkpt><trkpt lat="48.766991" lon="-113.695328"><ele>1512.298</ele><time>2026-06-02T17:04:36Z</time></trkpt><trkpt lat="48.76699" lon="-113.695311"><ele>1512.452</ele><time>2026-06-02T17:04:37Z</time></trkpt><trkpt lat="48.766981" lon="-113.695283"><ele>1513.093</ele><time>2026-06-02T17:04:40Z</time></trkpt><trkpt lat="48.766972" lon="-113.695273"><ele>1513.430</ele><time>2026-06-02T17:04:42Z</time></trkpt><trkpt lat="48.766951" lon="-113.695257"><ele>1514.283</ele><time>2026-06-02T17:04:47Z</time></trkpt><trkpt lat="48.766926" lon="-113.69525"><ele>1514.623</ele><time>2026-06-02T17:04:51Z</time></trkpt><trkpt lat="48.766883" lon="-113.695226"><ele>1515.232</ele><time>2026-06-02T17:04:56Z</time></trkpt><trkpt lat="48.766867" lon="-113.69522"><ele>1515.643</ele><time>2026-06-02T17:04:58Z</time></trkpt><trkpt lat="48.766847" lon="-113.695181"><ele>1516.619</ele><time>2026-06-02T17:05:05Z</time></trkpt><trkpt lat="48.766849" lon="-113.695175"><ele>1516.884</ele><time>2026-06-02T17:05:06Z</time></trkpt><trkpt lat="48.766857" lon="-113.695174"><ele>1517.207</ele><time>2026-06-02T17:05:08Z</time></trkpt><trkpt lat="48.766869" lon="-113.695172"><ele>1517.417</ele><time>2026-06-02T17:05:10Z</time></trkpt><trkpt lat="48.766888" lon="-113.695153"><ele>1518.009</ele><time>2026-06-02T17:05:13Z</time></trkpt><trkpt lat="48.766892" lon="-113.695147"><ele>1518.230</ele><time>2026-06-02T17:05:14Z</time></trkpt><trkpt lat="48.766916" lon="-113.69511"><ele>1519.084</ele><time>2026-06-02T17:05:19Z</time></trkpt><trkpt lat="48.766938" lon="-113.695084"><ele>1520.055</ele><time>2026-06-02T17:05:24Z</time></trkpt><trkpt lat="48.766945" lon="-113.695079"><ele>1520.212</ele><time>2026-06-02T17:05:25Z</time></trkpt><trkpt lat="48.76698" lon="-113.695069"><ele>1521.235</ele><time>2026-06-02T17:05:31Z</time></trkpt><trkpt lat="48.766991" lon="-113.695065"><ele>1521.825</ele><time>2026-06-02T17:05:33Z</time></trkpt><trkpt lat="48.767006" lon="-113.695054"><ele>1522.264</ele><time>2026-06-02T17:05:35Z</time></trkpt><trkpt lat="48.766993" lon="-113.695009"><ele>1523.275</ele><time>2026-06-02T17:05:41Z</time></trkpt><trkpt lat="48.766983" lon="-113.695"><ele>1523.641</ele><time>2026-06-02T17:05:42Z</time></trkpt><trkpt lat="48.766954" lon="-113.694978"><ele>1524.231</ele><time>2026-06-02T17:05:46Z</time></trkpt><trkpt lat="48.766946" lon="-113.694969"><ele>1524.661</ele><time>2026-06-02T17:05:48Z</time></trkpt><trkpt lat="48.766934" lon="-113.694956"><ele>1524.807</ele><time>2026-06-02T17:05:51Z</time></trkpt><trkpt lat="48.766918" lon="-113.694929"><ele>1525.609</ele><time>2026-06-02T17:05:55Z</time></trkpt><trkpt lat="48.766882" lon="-113.694895"><ele>1526.665</ele><time>2026-06-02T17:06:02Z</time></trkpt><trkpt lat="48.766877" lon="-113.694889"><ele>1526.679</ele><time>2026-06-02T17:06:03Z</time></trkpt><trkpt lat="48.766844" lon="-113.694834"><ele>1527.850</ele><time>2026-06-02T17:06:09Z</time></trkpt><trkpt lat="48.766831" lon="-113.694818"><ele>1528.247</ele><time>2026-06-02T17:06:12Z</time></trkpt><trkpt lat="48.766745" lon="-113.694782"><ele>1528.270</ele><time>2026-06-02T17:06:23Z</time></trkpt><trkpt lat="48.76671" lon="-113.694753"><ele>1528.840</ele><time>2026-06-02T17:06:27Z</time></trkpt><trkpt lat="48.766684" lon="-113.694725"><ele>1529.489</ele><time>2026-06-02T17:06:31Z</time></trkpt><trkpt lat="48.766666" lon="-113.694706"><ele>1529.840</ele><time>2026-06-02T17:06:33Z</time></trkpt><trkpt lat="48.766622" lon="-113.694655"><ele>1530.056</ele><time>2026-06-02T17:06:39Z</time></trkpt><trkpt lat="48.766608" lon="-113.69466"><ele>1530.283</ele><time>2026-06-02T17:06:41Z</time></trkpt><trkpt lat="48.766525" lon="-113.694695"><ele>1529.625</ele><time>2026-06-02T17:06:49Z</time></trkpt><trkpt lat="48.766491" lon="-113.694699"><ele>1528.817</ele><time>2026-06-02T17:06:53Z</time></trkpt><trkpt lat="48.766451" lon="-113.694713"><ele>1528.409</ele><time>2026-06-02T17:06:57Z</time></trkpt><trkpt lat="48.766445" lon="-113.694719"><ele>1528.480</ele><time>2026-06-02T17:06:58Z</time></trkpt><trkpt lat="48.766429" lon="-113.694782"><ele>1527.854</ele><time>2026-06-02T17:07:08Z</time></trkpt><trkpt lat="48.766429" lon="-113.694793"><ele>1527.665</ele><time>2026-06-02T17:07:09Z</time></trkpt><trkpt lat="48.766438" lon="-113.694841"><ele>1526.822</ele><time>2026-06-02T17:07:12Z</time></trkpt><trkpt lat="48.766441" lon="-113.694853"><ele>1526.685</ele><time>2026-06-02T17:07:13Z</time></trkpt><trkpt lat="48.766445" lon="-113.694882"><ele>1525.875</ele><time>2026-06-02T17:07:17Z</time></trkpt><trkpt lat="48.766421" lon="-113.694888"><ele>1525.444</ele><time>2026-06-02T17:07:21Z</time></trkpt><trkpt lat="48.766393" lon="-113.694905"><ele>1525.275</ele><time>2026-06-02T17:07:25Z</time></trkpt><trkpt lat="48.766394" lon="-113.694927"><ele>1525.611</ele><time>2026-06-02T17:07:31Z</time></trkpt><trkpt lat="48.766395" lon="-113.694931"><ele>1525.492</ele><time>2026-06-02T17:07:33Z</time></trkpt><trkpt lat="48.766409" lon="-113.694939"><ele>1525.473</ele><time>2026-06-02T17:07:41Z</time></trkpt><trkpt lat="48.766407" lon="-113.694939"><ele>1525.220</ele><time>2026-06-02T17:07:44Z</time></trkpt><trkpt lat="48.76641" lon="-113.69496"><ele>1525.209</ele><time>2026-06-02T17:07:51Z</time></trkpt><trkpt lat="48.766408" lon="-113.694966"><ele>1525.291</ele><time>2026-06-02T17:07:53Z</time></trkpt><trkpt lat="48.766392" lon="-113.695039"><ele>1525.655</ele><time>2026-06-02T17:08:04Z</time></trkpt><trkpt lat="48.76639" lon="-113.694964"><ele>1525.686</ele><time>2026-06-02T17:08:13Z</time></trkpt><trkpt lat="48.766397" lon="-113.694961"><ele>1525.893</ele><time>2026-06-02T17:08:15Z</time></trkpt><trkpt lat="48.766417" lon="-113.694963"><ele>1525.436</ele><time>2026-06-02T17:08:24Z</time></trkpt><trkpt lat="48.766413" lon="-113.694947"><ele>1525.636</ele><time>2026-06-02T17:08:36Z</time></trkpt><trkpt lat="48.766435" lon="-113.694923"><ele>1525.885</ele><time>2026-06-02T17:08:45Z</time></trkpt><trkpt lat="48.766432" lon="-113.694917"><ele>1525.836</ele><time>2026-06-02T17:08:47Z</time></trkpt><trkpt lat="48.766467" lon="-113.694907"><ele>1525.822</ele><time>2026-06-02T17:08:53Z</time></trkpt><trkpt lat="48.766422" lon="-113.694899"><ele>1525.656</ele><time>2026-06-02T17:09:01Z</time></trkpt><trkpt lat="48.766409" lon="-113.694898"><ele>1525.859</ele><time>2026-06-02T17:09:10Z</time></trkpt><trkpt lat="48.766413" lon="-113.694913"><ele>1525.814</ele><time>2026-06-02T17:09:13Z</time></trkpt><trkpt lat="48.766412" lon="-113.694927"><ele>1526.209</ele><time>2026-06-02T17:09:21Z</time></trkpt><trkpt lat="48.766393" lon="-113.694918"><ele>1525.847</ele><time>2026-06-02T17:09:30Z</time></trkpt><trkpt lat="48.766416" lon="-113.694893"><ele>1526.231</ele><time>2026-06-02T17:09:39Z</time></trkpt><trkpt lat="48.766411" lon="-113.6949"><ele>1526.092</ele><time>2026-06-02T17:09:47Z</time></trkpt><trkpt lat="48.766426" lon="-113.694914"><ele>1525.879</ele><time>2026-06-02T17:09:58Z</time></trkpt><trkpt lat="48.766433" lon="-113.694912"><ele>1525.812</ele><time>2026-06-02T17:10:11Z</time></trkpt><trkpt lat="48.76641" lon="-113.694896"><ele>1525.832</ele><time>2026-06-02T17:10:22Z</time></trkpt><trkpt lat="48.766409" lon="-113.694907"><ele>1525.861</ele><time>2026-06-02T17:10:30Z</time></trkpt><trkpt lat="48.766408" lon="-113.694911"><ele>1526.092</ele><time>2026-06-02T17:10:35Z</time></trkpt><trkpt lat="48.766402" lon="-113.694909"><ele>1526.048</ele><time>2026-06-02T17:10:48Z</time></trkpt><trkpt lat="48.766395" lon="-113.694963"><ele>1526.453</ele><time>2026-06-02T17:10:57Z</time></trkpt><trkpt lat="48.766406" lon="-113.694985"><ele>1526.404</ele><time>2026-06-02T17:11:07Z</time></trkpt><trkpt lat="48.766405" lon="-113.694981"><ele>1526.414</ele><time>2026-06-02T17:11:09Z</time></trkpt><trkpt lat="48.766369" lon="-113.69494"><ele>1526.209</ele><time>2026-06-02T17:11:20Z</time></trkpt><trkpt lat="48.766382" lon="-113.694923"><ele>1526.027</ele><time>2026-06-02T17:11:26Z</time></trkpt><trkpt lat="48.766384" lon="-113.694925"><ele>1526.241</ele><time>2026-06-02T17:11:28Z</time></trkpt><trkpt lat="48.766373" lon="-113.694972"><ele>1526.252</ele><time>2026-06-02T17:11:39Z</time></trkpt><trkpt lat="48.766367" lon="-113.694906"><ele>1526.269</ele><time>2026-06-02T17:11:53Z</time></trkpt><trkpt lat="48.766388" lon="-113.694868"><ele>1526.282</ele><time>2026-06-02T17:12:04Z</time></trkpt><trkpt lat="48.766442" lon="-113.69488"><ele>1526.262</ele><time>2026-06-02T17:12:11Z</time></trkpt><trkpt lat="48.766436" lon="-113.694864"><ele>1526.641</ele><time>2026-06-02T17:12:14Z</time></trkpt><trkpt lat="48.766426" lon="-113.694804"><ele>1527.442</ele><time>2026-06-02T17:12:20Z</time></trkpt><trkpt lat="48.766424" lon="-113.694791"><ele>1527.648</ele><time>2026-06-02T17:12:21Z</time></trkpt><trkpt lat="48.766418" lon="-113.69475"><ele>1528.839</ele><time>2026-06-02T17:12:26Z</time></trkpt><trkpt lat="48.766422" lon="-113.694716"><ele>1529.401</ele><time>2026-06-02T17:12:30Z</time></trkpt><trkpt lat="48.766431" lon="-113.694706"><ele>1529.821</ele><time>2026-06-02T17:12:33Z</time></trkpt><trkpt lat="48.766443" lon="-113.694709"><ele>1529.609</ele><time>2026-06-02T17:12:35Z</time></trkpt><trkpt lat="48.766488" lon="-113.694729"><ele>1529.635</ele><time>2026-06-02T17:12:41Z</time></trkpt><trkpt lat="48.766549" lon="-113.694721"><ele>1530.839</ele><time>2026-06-02T17:12:50Z</time></trkpt><trkpt lat="48.766618" lon="-113.69468"><ele>1531.460</ele><time>2026-06-02T17:13:01Z</time></trkpt><trkpt lat="48.76668" lon="-113.694763"><ele>1531.247</ele><time>2026-06-02T17:13:10Z</time></trkpt><trkpt lat="48.766792" lon="-113.694847"><ele>1530.450</ele><time>2026-06-02T17:13:20Z</time></trkpt><trkpt lat="48.766854" lon="-113.69488"><ele>1530.080</ele><time>2026-06-02T17:13:29Z</time></trkpt><trkpt lat="48.766846" lon="-113.694885"><ele>1529.859</ele><time>2026-06-02T17:13:32Z</time></trkpt><trkpt lat="48.766864" lon="-113.694893"><ele>1529.670</ele><time>2026-06-02T17:13:35Z</time></trkpt><trkpt lat="48.766871" lon="-113.6949"><ele>1529.486</ele><time>2026-06-02T17:13:36Z</time></trkpt><trkpt lat="48.766894" lon="-113.694923"><ele>1528.647</ele><time>2026-06-02T17:13:39Z</time></trkpt><trkpt lat="48.766933" lon="-113.694956"><ele>1527.229</ele><time>2026-06-02T17:13:43Z</time></trkpt><trkpt lat="48.766949" lon="-113.694975"><ele>1526.421</ele><time>2026-06-02T17:13:45Z</time></trkpt><trkpt lat="48.766957" lon="-113.694982"><ele>1526.009</ele><time>2026-06-02T17:13:46Z</time></trkpt><trkpt lat="48.766971" lon="-113.695021"><ele>1525.076</ele><time>2026-06-02T17:13:50Z</time></trkpt><trkpt lat="48.766956" lon="-113.695042"><ele>1523.650</ele><time>2026-06-02T17:13:54Z</time></trkpt><trkpt lat="48.766931" lon="-113.69507"><ele>1522.441</ele><time>2026-06-02T17:13:58Z</time></trkpt><trkpt lat="48.766884" lon="-113.695094"><ele>1521.298</ele><time>2026-06-02T17:14:02Z</time></trkpt><trkpt lat="48.76686" lon="-113.695113"><ele>1520.461</ele><time>2026-06-02T17:14:04Z</time></trkpt><trkpt lat="48.766846" lon="-113.695121"><ele>1520.241</ele><time>2026-06-02T17:14:05Z</time></trkpt><trkpt lat="48.766808" lon="-113.695166"><ele>1519.050</ele><time>2026-06-02T17:14:09Z</time></trkpt><trkpt lat="48.766815" lon="-113.695186"><ele>1518.651</ele><time>2026-06-02T17:14:11Z</time></trkpt><trkpt lat="48.766827" lon="-113.695193"><ele>1518.427</ele><time>2026-06-02T17:14:12Z</time></trkpt><trkpt lat="48.766852" lon="-113.695212"><ele>1517.862</ele><time>2026-06-02T17:14:14Z</time></trkpt><trkpt lat="48.766902" lon="-113.695234"><ele>1517.083</ele><time>2026-06-02T17:14:18Z</time></trkpt><trkpt lat="48.766916" lon="-113.695246"><ele>1516.811</ele><time>2026-06-02T17:14:19Z</time></trkpt><trkpt lat="48.766946" lon="-113.695296"><ele>1515.609</ele><time>2026-06-02T17:14:24Z</time></trkpt><trkpt lat="48.766943" lon="-113.695318"><ele>1515.028</ele><time>2026-06-02T17:14:26Z</time></trkpt><trkpt lat="48.766935" lon="-113.695346"><ele>1514.422</ele><time>2026-06-02T17:14:28Z</time></trkpt><trkpt lat="48.766914" lon="-113.69539"><ele>1513.233</ele><time>2026-06-02T17:14:32Z</time></trkpt><trkpt lat="48.766902" lon="-113.695413"><ele>1512.650</ele><time>2026-06-02T17:14:34Z</time></trkpt><trkpt lat="48.76689" lon="-113.695432"><ele>1512.233</ele><time>2026-06-02T17:14:36Z</time></trkpt><trkpt lat="48.766871" lon="-113.695487"><ele>1511.233</ele><time>2026-06-02T17:14:40Z</time></trkpt><trkpt lat="48.76686" lon="-113.695539"><ele>1510.672</ele><time>2026-06-02T17:14:43Z</time></trkpt><trkpt lat="48.766833" lon="-113.695551"><ele>1510.693</ele><time>2026-06-02T17:14:50Z</time></trkpt><trkpt lat="48.766787" lon="-113.695582"><ele>1511.269</ele><time>2026-06-02T17:14:58Z</time></trkpt><trkpt lat="48.766784" lon="-113.695612"><ele>1511.046</ele><time>2026-06-02T17:15:06Z</time></trkpt><trkpt lat="48.766753" lon="-113.695647"><ele>1511.288</ele><time>2026-06-02T17:15:13Z</time></trkpt><trkpt lat="48.766742" lon="-113.69567"><ele>1512.016</ele><time>2026-06-02T17:15:21Z</time></trkpt><trkpt lat="48.766724" lon="-113.695652"><ele>1511.809</ele><time>2026-06-02T17:15:29Z</time></trkpt><trkpt lat="48.766734" lon="-113.695644"><ele>1512.036</ele><time>2026-06-02T17:15:43Z</time></trkpt><trkpt lat="48.76674" lon="-113.695671"><ele>1511.880</ele><time>2026-06-02T17:15:50Z</time></trkpt><trkpt lat="48.766745" lon="-113.695668"><ele>1512.041</ele><time>2026-06-02T17:15:52Z</time></trkpt><trkpt lat="48.766721" lon="-113.695668"><ele>1511.868</ele><time>2026-06-02T17:15:58Z</time></trkpt><trkpt lat="48.766728" lon="-113.695697"><ele>1511.821</ele><time>2026-06-02T17:16:00Z</time></trkpt><trkpt lat="48.766721" lon="-113.695749"><ele>1512.241</ele><time>2026-06-02T17:16:04Z</time></trkpt><trkpt lat="48.766715" lon="-113.695782"><ele>1513.070</ele><time>2026-06-02T17:16:07Z</time></trkpt><trkpt lat="48.766715" lon="-113.695795"><ele>1513.481</ele><time>2026-06-02T17:16:08Z</time></trkpt><trkpt lat="48.766726" lon="-113.695876"><ele>1514.247</ele><time>2026-06-02T17:16:14Z</time></trkpt><trkpt lat="48.766724" lon="-113.695889"><ele>1514.434</ele><time>2026-06-02T17:16:15Z</time></trkpt><trkpt lat="48.766745" lon="-113.695928"><ele>1515.055</ele><time>2026-06-02T17:16:20Z</time></trkpt><trkpt lat="48.766767" lon="-113.695938"><ele>1515.410</ele><time>2026-06-02T17:16:24Z</time></trkpt><trkpt lat="48.766793" lon="-113.696022"><ele>1516.209</ele><time>2026-06-02T17:16:29Z</time></trkpt><trkpt lat="48.766796" lon="-113.696044"><ele>1516.475</ele><time>2026-06-02T17:16:31Z</time></trkpt><trkpt lat="48.766803" lon="-113.696068"><ele>1516.689</ele><time>2026-06-02T17:16:33Z</time></trkpt><trkpt lat="48.766803" lon="-113.696115"><ele>1517.630</ele><time>2026-06-02T17:16:38Z</time></trkpt><trkpt lat="48.766811" lon="-113.69614"><ele>1518.417</ele><time>2026-06-02T17:16:42Z</time></trkpt><trkpt lat="48.766814" lon="-113.696155"><ele>1518.620</ele><time>2026-06-02T17:16:44Z</time></trkpt><trkpt lat="48.766827" lon="-113.696202"><ele>1519.250</ele><time>2026-06-02T17:16:48Z</time></trkpt><trkpt lat="48.766828" lon="-113.696212"><ele>1519.499</ele><time>2026-06-02T17:16:49Z</time></trkpt><trkpt lat="48.766828" lon="-113.696227"><ele>1519.460</ele><time>2026-06-02T17:16:51Z</time></trkpt><trkpt lat="48.76679" lon="-113.696373"><ele>1519.026</ele><time>2026-06-02T17:17:00Z</time></trkpt><trkpt lat="48.766733" lon="-113.696448"><ele>1519.441</ele><time>2026-06-02T17:17:07Z</time></trkpt><trkpt lat="48.766727" lon="-113.696462"><ele>1519.681</ele><time>2026-06-02T17:17:08Z</time></trkpt><trkpt lat="48.766661" lon="-113.69655"><ele>1520.209</ele><time>2026-06-02T17:17:16Z</time></trkpt><trkpt lat="48.766578" lon="-113.696679"><ele>1519.809</ele><time>2026-06-02T17:17:26Z</time></trkpt><trkpt lat="48.766518" lon="-113.696776"><ele>1518.426</ele><time>2026-06-02T17:17:33Z</time></trkpt><trkpt lat="48.766508" lon="-113.69679"><ele>1518.260</ele><time>2026-06-02T17:17:34Z</time></trkpt><trkpt lat="48.766419" lon="-113.696914"><ele>1518.021</ele><time>2026-06-02T17:17:43Z</time></trkpt><trkpt lat="48.766364" lon="-113.69702"><ele>1518.258</ele><time>2026-06-02T17:17:50Z</time></trkpt><trkpt lat="48.766322" lon="-113.697093"><ele>1518.431</ele><time>2026-06-02T17:17:56Z</time></trkpt><trkpt lat="48.766304" lon="-113.697121"><ele>1518.441</ele><time>2026-06-02T17:17:58Z</time></trkpt><trkpt lat="48.766246" lon="-113.697239"><ele>1518.630</ele><time>2026-06-02T17:18:05Z</time></trkpt><trkpt lat="48.766228" lon="-113.697272"><ele>1518.631</ele><time>2026-06-02T17:18:07Z</time></trkpt><trkpt lat="48.766219" lon="-113.697284"><ele>1518.667</ele><time>2026-06-02T17:18:08Z</time></trkpt><trkpt lat="48.766153" lon="-113.697405"><ele>1518.495</ele><time>2026-06-02T17:18:17Z</time></trkpt><trkpt lat="48.766113" lon="-113.697522"><ele>1517.249</ele><time>2026-06-02T17:18:24Z</time></trkpt><trkpt lat="48.766106" lon="-113.697541"><ele>1517.023</ele><time>2026-06-02T17:18:25Z</time></trkpt><trkpt lat="48.766084" lon="-113.697592"><ele>1516.009</ele><time>2026-06-02T17:18:28Z</time></trkpt><trkpt lat="48.766056" lon="-113.697666"><ele>1515.021</ele><time>2026-06-02T17:18:32Z</time></trkpt><trkpt lat="48.766045" lon="-113.697683"><ele>1514.895</ele><time>2026-06-02T17:18:33Z</time></trkpt><trkpt lat="48.766005" lon="-113.697767"><ele>1515.046</ele><time>2026-06-02T17:18:40Z</time></trkpt><trkpt lat="48.765928" lon="-113.697884"><ele>1515.273</ele><time>2026-06-02T17:18:48Z</time></trkpt><trkpt lat="48.765849" lon="-113.697985"><ele>1515.436</ele><time>2026-06-02T17:18:56Z</time></trkpt><trkpt lat="48.765784" lon="-113.698102"><ele>1515.286</ele><time>2026-06-02T17:19:04Z</time></trkpt><trkpt lat="48.765709" lon="-113.698207"><ele>1515.045</ele><time>2026-06-02T17:19:12Z</time></trkpt><trkpt lat="48.765643" lon="-113.698258"><ele>1515.256</ele><time>2026-06-02T17:19:19Z</time></trkpt><trkpt lat="48.765611" lon="-113.698301"><ele>1515.042</ele><time>2026-06-02T17:19:23Z</time></trkpt><trkpt lat="48.765567" lon="-113.698373"><ele>1515.665</ele><time>2026-06-02T17:19:31Z</time></trkpt><trkpt lat="48.765562" lon="-113.698392"><ele>1516.068</ele><time>2026-06-02T17:19:33Z</time></trkpt><trkpt lat="48.76552" lon="-113.698483"><ele>1516.414</ele><time>2026-06-02T17:19:39Z</time></trkpt><trkpt lat="48.765513" lon="-113.698491"><ele>1516.409</ele><time>2026-06-02T17:19:40Z</time></trkpt><trkpt lat="48.765479" lon="-113.698543"><ele>1515.448</ele><time>2026-06-02T17:19:49Z</time></trkpt><trkpt lat="48.765447" lon="-113.698642"><ele>1515.092</ele><time>2026-06-02T17:19:57Z</time></trkpt><trkpt lat="48.765441" lon="-113.698659"><ele>1515.013</ele><time>2026-06-02T17:19:58Z</time></trkpt><trkpt lat="48.765388" lon="-113.69877"><ele>1514.890</ele><time>2026-06-02T17:20:06Z</time></trkpt><trkpt lat="48.765357" lon="-113.698848"><ele>1514.013</ele><time>2026-06-02T17:20:11Z</time></trkpt><trkpt lat="48.765349" lon="-113.698863"><ele>1513.853</ele><time>2026-06-02T17:20:12Z</time></trkpt><trkpt lat="48.765324" lon="-113.698926"><ele>1513.232</ele><time>2026-06-02T17:20:16Z</time></trkpt><trkpt lat="48.765319" lon="-113.698941"><ele>1512.893</ele><time>2026-06-02T17:20:17Z</time></trkpt><trkpt lat="48.765295" lon="-113.699021"><ele>1511.869</ele><time>2026-06-02T17:20:22Z</time></trkpt><trkpt lat="48.765282" lon="-113.699057"><ele>1511.222</ele><time>2026-06-02T17:20:24Z</time></trkpt><trkpt lat="48.765265" lon="-113.699095"><ele>1510.662</ele><time>2026-06-02T17:20:26Z</time></trkpt><trkpt lat="48.76522" lon="-113.699166"><ele>1509.408</ele><time>2026-06-02T17:20:31Z</time></trkpt><trkpt lat="48.765206" lon="-113.699201"><ele>1509.209</ele><time>2026-06-02T17:20:33Z</time></trkpt><trkpt lat="48.765175" lon="-113.699303"><ele>1508.434</ele><time>2026-06-02T17:20:39Z</time></trkpt><trkpt lat="48.765159" lon="-113.699349"><ele>1507.638</ele><time>2026-06-02T17:20:42Z</time></trkpt><trkpt lat="48.765153" lon="-113.699365"><ele>1507.289</ele><time>2026-06-02T17:20:43Z</time></trkpt><trkpt lat="48.765128" lon="-113.699519"><ele>1506.656</ele><time>2026-06-02T17:20:51Z</time></trkpt><trkpt lat="48.765129" lon="-113.699535"><ele>1506.619</ele><time>2026-06-02T17:20:52Z</time></trkpt><trkpt lat="48.765156" lon="-113.699666"><ele>1506.459</ele><time>2026-06-02T17:21:00Z</time></trkpt><trkpt lat="48.765132" lon="-113.69981"><ele>1506.418</ele><time>2026-06-02T17:21:09Z</time></trkpt><trkpt lat="48.765116" lon="-113.699836"><ele>1506.299</ele><time>2026-06-02T17:21:11Z</time></trkpt><trkpt lat="48.765093" lon="-113.699902"><ele>1506.465</ele><time>2026-06-02T17:21:15Z</time></trkpt><trkpt lat="48.76503" lon="-113.70005"><ele>1506.299</ele><time>2026-06-02T17:21:24Z</time></trkpt><trkpt lat="48.765012" lon="-113.700166"><ele>1506.207</ele><time>2026-06-02T17:21:31Z</time></trkpt><trkpt lat="48.76501" lon="-113.700206"><ele>1506.227</ele><time>2026-06-02T17:21:33Z</time></trkpt><trkpt lat="48.765042" lon="-113.700313"><ele>1505.809</ele><time>2026-06-02T17:21:40Z</time></trkpt><trkpt lat="48.765039" lon="-113.700435"><ele>1505.611</ele><time>2026-06-02T17:21:48Z</time></trkpt><trkpt lat="48.765025" lon="-113.700518"><ele>1505.445</ele><time>2026-06-02T17:21:55Z</time></trkpt><trkpt lat="48.765018" lon="-113.700516"><ele>1505.856</ele><time>2026-06-02T17:22:01Z</time></trkpt><trkpt lat="48.765013" lon="-113.700505"><ele>1505.843</ele><time>2026-06-02T17:22:09Z</time></trkpt><trkpt lat="48.765012" lon="-113.700501"><ele>1505.676</ele><time>2026-06-02T17:22:10Z</time></trkpt><trkpt lat="48.76501" lon="-113.700505"><ele>1505.676</ele><time>2026-06-02T17:22:12Z</time></trkpt><trkpt lat="48.764993" lon="-113.700491"><ele>1505.885</ele><time>2026-06-02T17:22:19Z</time></trkpt><trkpt lat="48.764917" lon="-113.70056"><ele>1506.036</ele><time>2026-06-02T17:22:29Z</time></trkpt><trkpt lat="48.764864" lon="-113.700545"><ele>1506.212</ele><time>2026-06-02T17:22:35Z</time></trkpt><trkpt lat="48.764778" lon="-113.700548"><ele>1506.274</ele><time>2026-06-02T17:22:43Z</time></trkpt><trkpt lat="48.764731" lon="-113.700644"><ele>1506.056</ele><time>2026-06-02T17:22:50Z</time></trkpt><trkpt lat="48.764736" lon="-113.700761"><ele>1505.821</ele><time>2026-06-02T17:22:57Z</time></trkpt><trkpt lat="48.764744" lon="-113.700781"><ele>1505.809</ele><time>2026-06-02T17:22:58Z</time></trkpt><trkpt lat="48.764762" lon="-113.700826"><ele>1505.829</ele><time>2026-06-02T17:23:01Z</time></trkpt><trkpt lat="48.764768" lon="-113.700864"><ele>1505.613</ele><time>2026-06-02T17:23:04Z</time></trkpt><trkpt lat="48.764767" lon="-113.70096"><ele>1505.694</ele><time>2026-06-02T17:23:11Z</time></trkpt><trkpt lat="48.764774" lon="-113.700971"><ele>1505.691</ele><time>2026-06-02T17:23:12Z</time></trkpt><trkpt lat="48.764788" lon="-113.701056"><ele>1505.654</ele><time>2026-06-02T17:23:18Z</time></trkpt><trkpt lat="48.764782" lon="-113.701064"><ele>1505.674</ele><time>2026-06-02T17:23:19Z</time></trkpt><trkpt lat="48.764743" lon="-113.701142"><ele>1505.823</ele><time>2026-06-02T17:23:26Z</time></trkpt><trkpt lat="48.764704" lon="-113.701184"><ele>1505.484</ele><time>2026-06-02T17:23:33Z</time></trkpt><trkpt lat="48.76469" lon="-113.701189"><ele>1505.420</ele><time>2026-06-02T17:23:42Z</time></trkpt><trkpt lat="48.76469" lon="-113.701186"><ele>1505.655</ele><time>2026-06-02T17:23:52Z</time></trkpt><trkpt lat="48.764708" lon="-113.701163"><ele>1505.607</ele><time>2026-06-02T17:23:58Z</time></trkpt><trkpt lat="48.764704" lon="-113.701183"><ele>1505.417</ele><time>2026-06-02T17:24:02Z</time></trkpt><trkpt lat="48.764705" lon="-113.701194"><ele>1505.409</ele><time>2026-06-02T17:24:10Z</time></trkpt><trkpt lat="48.764703" lon="-113.701189"><ele>1505.477</ele><time>2026-06-02T17:24:12Z</time></trkpt><trkpt lat="48.764719" lon="-113.701193"><ele>1505.261</ele><time>2026-06-02T17:24:16Z</time></trkpt><trkpt lat="48.764718" lon="-113.701188"><ele>1505.212</ele><time>2026-06-02T17:24:19Z</time></trkpt><trkpt lat="48.76472" lon="-113.701185"><ele>1505.469</ele><time>2026-06-02T17:24:26Z</time></trkpt><trkpt lat="48.764702" lon="-113.701166"><ele>1505.412</ele><time>2026-06-02T17:24:35Z</time></trkpt><trkpt lat="48.764739" lon="-113.701203"><ele>1505.212</ele><time>2026-06-02T17:24:42Z</time></trkpt><trkpt lat="48.764778" lon="-113.701208"><ele>1505.421</ele><time>2026-06-02T17:24:50Z</time></trkpt><trkpt lat="48.764766" lon="-113.701218"><ele>1505.462</ele><time>2026-06-02T17:24:59Z</time></trkpt><trkpt lat="48.764767" lon="-113.701215"><ele>1505.428</ele><time>2026-06-02T17:25:13Z</time></trkpt><trkpt lat="48.764774" lon="-113.701215"><ele>1505.429</ele><time>2026-06-02T17:25:21Z</time></trkpt><trkpt lat="48.764774" lon="-113.701208"><ele>1505.200</ele><time>2026-06-02T17:25:30Z</time></trkpt><trkpt lat="48.76477" lon="-113.70121"><ele>1504.820</ele><time>2026-06-02T17:25:41Z</time></trkpt><trkpt lat="48.764772" lon="-113.701198"><ele>1505.209</ele><time>2026-06-02T17:25:51Z</time></trkpt><trkpt lat="48.764771" lon="-113.7012"><ele>1504.884</ele><time>2026-06-02T17:26:00Z</time></trkpt><trkpt lat="48.764774" lon="-113.701208"><ele>1504.858</ele><time>2026-06-02T17:26:09Z</time></trkpt><trkpt lat="48.764773" lon="-113.701219"><ele>1504.859</ele><time>2026-06-02T17:26:12Z</time></trkpt><trkpt lat="48.764769" lon="-113.701216"><ele>1504.896</ele><time>2026-06-02T17:26:17Z</time></trkpt><trkpt lat="48.764769" lon="-113.701215"><ele>1504.899</ele><time>2026-06-02T17:26:18Z</time></trkpt><trkpt lat="48.764768" lon="-113.701213"><ele>1504.879</ele><time>2026-06-02T17:26:19Z</time></trkpt><trkpt lat="48.764769" lon="-113.701213"><ele>1504.818</ele><time>2026-06-02T17:26:20Z</time></trkpt><trkpt lat="48.764769" lon="-113.701212"><ele>1504.899</ele><time>2026-06-02T17:26:22Z</time></trkpt><trkpt lat="48.764769" lon="-113.70121"><ele>1504.835</ele><time>2026-06-02T17:26:30Z</time></trkpt><trkpt lat="48.764769" lon="-113.70121"><ele>1504.895</ele><time>2026-06-02T17:26:32Z</time></trkpt><trkpt lat="48.764769" lon="-113.70121"><ele>1504.849</ele><time>2026-06-02T17:26:33Z</time></trkpt><trkpt lat="48.764769" lon="-113.70121"><ele>1504.623</ele><time>2026-06-02T17:26:55Z</time></trkpt><trkpt lat="48.764765" lon="-113.701213"><ele>1504.809</ele><time>2026-06-02T17:27:15Z</time></trkpt><trkpt lat="48.764769" lon="-113.70121"><ele>1504.611</ele><time>2026-06-02T17:27:21Z</time></trkpt><trkpt lat="48.764769" lon="-113.70121"><ele>1504.655</ele><time>2026-06-02T17:27:30Z</time></trkpt><trkpt lat="48.764769" lon="-113.70121"><ele>1504.666</ele><time>2026-06-02T17:27:33Z</time></trkpt><trkpt lat="48.764769" lon="-113.70121"><ele>1504.663</ele><time>2026-06-02T17:27:34Z</time></trkpt><trkpt lat="48.764769" lon="-113.70121"><ele>1504.686</ele><time>2026-06-02T17:27:39Z</time></trkpt><trkpt lat="48.764764" lon="-113.70121"><ele>1504.446</ele><time>2026-06-02T17:27:47Z</time></trkpt><trkpt lat="48.764775" lon="-113.701215"><ele>1504.645</ele><time>2026-06-02T17:27:57Z</time></trkpt><trkpt lat="48.764769" lon="-113.70121"><ele>1504.656</ele><time>2026-06-02T17:28:02Z</time></trkpt><trkpt lat="48.764772" lon="-113.701217"><ele>1504.652</ele><time>2026-06-02T17:28:12Z</time></trkpt><trkpt lat="48.764769" lon="-113.701218"><ele>1504.672</ele><time>2026-06-02T17:28:18Z</time></trkpt><trkpt lat="48.76477" lon="-113.701208"><ele>1504.613</ele><time>2026-06-02T17:28:27Z</time></trkpt><trkpt lat="48.764769" lon="-113.701212"><ele>1504.614</ele><time>2026-06-02T17:28:28Z</time></trkpt><trkpt lat="48.764766" lon="-113.701207"><ele>1504.609</ele><time>2026-06-02T17:28:35Z</time></trkpt><trkpt lat="48.76477" lon="-113.701217"><ele>1504.669</ele><time>2026-06-02T17:28:41Z</time></trkpt><trkpt lat="48.764765" lon="-113.701218"><ele>1504.663</ele><time>2026-06-02T17:28:48Z</time></trkpt><trkpt lat="48.764769" lon="-113.70121"><ele>1504.614</ele><time>2026-06-02T17:29:00Z</time></trkpt><trkpt lat="48.764761" lon="-113.701223"><ele>1504.661</ele><time>2026-06-02T17:29:03Z</time></trkpt><trkpt lat="48.764763" lon="-113.701219"><ele>1504.634</ele><time>2026-06-02T17:29:06Z</time></trkpt><trkpt lat="48.764769" lon="-113.70121"><ele>1504.694</ele><time>2026-06-02T17:29:07Z</time></trkpt><trkpt lat="48.764768" lon="-113.701211"><ele>1504.663</ele><time>2026-06-02T17:29:20Z</time></trkpt><trkpt lat="48.764771" lon="-113.701213"><ele>1504.674</ele><time>2026-06-02T17:29:31Z</time></trkpt><trkpt lat="48.764765" lon="-113.701224"><ele>1504.420</ele><time>2026-06-02T17:29:42Z</time></trkpt><trkpt lat="48.764769" lon="-113.70121"><ele>1504.431</ele><time>2026-06-02T17:29:50Z</time></trkpt><trkpt lat="48.764769" lon="-113.70121"><ele>1504.461</ele><time>2026-06-02T17:29:57Z</time></trkpt><trkpt lat="48.764769" lon="-113.70121"><ele>1504.207</ele><time>2026-06-02T17:29:58Z</time></trkpt><trkpt lat="48.76478" lon="-113.701206"><ele>1504.209</ele><time>2026-06-02T17:30:06Z</time></trkpt><trkpt lat="48.764772" lon="-113.701221"><ele>1504.475</ele><time>2026-06-02T17:30:24Z</time></trkpt><trkpt lat="48.764772" lon="-113.701218"><ele>1504.629</ele><time>2026-06-02T17:30:33Z</time></trkpt><trkpt lat="48.764769" lon="-113.701216"><ele>1504.490</ele><time>2026-06-02T17:30:35Z</time></trkpt><trkpt lat="48.764768" lon="-113.701211"><ele>1504.647</ele><time>2026-06-02T17:30:48Z</time></trkpt><trkpt lat="48.764767" lon="-113.701218"><ele>1504.620</ele><time>2026-06-02T17:30:53Z</time></trkpt><trkpt lat="48.764772" lon="-113.701229"><ele>1504.870</ele><time>2026-06-02T17:30:58Z</time></trkpt><trkpt lat="48.764781" lon="-113.70122"><ele>1504.649</ele><time>2026-06-02T17:31:06Z</time></trkpt><trkpt lat="48.764783" lon="-113.701219"><ele>1504.670</ele><time>2026-06-02T17:31:07Z</time></trkpt><trkpt lat="48.764783" lon="-113.701223"><ele>1504.466</ele><time>2026-06-02T17:31:14Z</time></trkpt><trkpt lat="48.764783" lon="-113.701226"><ele>1504.424</ele><time>2026-06-02T17:31:16Z</time></trkpt><trkpt lat="48.764783" lon="-113.701226"><ele>1504.404</ele><time>2026-06-02T17:31:35Z</time></trkpt><trkpt lat="48.76477" lon="-113.701215"><ele>1504.414</ele><time>2026-06-02T17:31:48Z</time></trkpt><trkpt lat="48.764788" lon="-113.701205"><ele>1504.409</ele><time>2026-06-02T17:32:01Z</time></trkpt><trkpt lat="48.764789" lon="-113.701206"><ele>1504.464</ele><time>2026-06-02T17:32:16Z</time></trkpt><trkpt lat="48.76477" lon="-113.701224"><ele>1505.068</ele><time>2026-06-02T17:32:23Z</time></trkpt><trkpt lat="48.764772" lon="-113.701218"><ele>1505.029</ele><time>2026-06-02T17:32:33Z</time></trkpt><trkpt lat="48.76477" lon="-113.701207"><ele>1504.886</ele><time>2026-06-02T17:32:42Z</time></trkpt><trkpt lat="48.764762" lon="-113.701213"><ele>1504.619</ele><time>2026-06-02T17:32:52Z</time></trkpt><trkpt lat="48.764765" lon="-113.701217"><ele>1504.629</ele><time>2026-06-02T17:33:01Z</time></trkpt><trkpt lat="48.764761" lon="-113.701218"><ele>1504.488</ele><time>2026-06-02T17:33:09Z</time></trkpt><trkpt lat="48.764758" lon="-113.701208"><ele>1504.469</ele><time>2026-06-02T17:33:22Z</time></trkpt><trkpt lat="48.76476" lon="-113.701202"><ele>1504.625</ele><time>2026-06-02T17:33:29Z</time></trkpt><trkpt lat="48.764761" lon="-113.701201"><ele>1504.694</ele><time>2026-06-02T17:33:30Z</time></trkpt><trkpt lat="48.764762" lon="-113.701202"><ele>1504.457</ele><time>2026-06-02T17:33:31Z</time></trkpt><trkpt lat="48.764764" lon="-113.701206"><ele>1504.422</ele><time>2026-06-02T17:33:32Z</time></trkpt><trkpt lat="48.764758" lon="-113.701208"><ele>1504.409</ele><time>2026-06-02T17:33:36Z</time></trkpt><trkpt lat="48.764758" lon="-113.701208"><ele>1504.481</ele><time>2026-06-02T17:33:37Z</time></trkpt><trkpt lat="48.764767" lon="-113.701214"><ele>1504.425</ele><time>2026-06-02T17:33:38Z</time></trkpt><trkpt lat="48.764774" lon="-113.701209"><ele>1504.456</ele><time>2026-06-02T17:33:45Z</time></trkpt><trkpt lat="48.764779" lon="-113.701216"><ele>1504.483</ele><time>2026-06-02T17:33:56Z</time></trkpt><trkpt lat="48.764772" lon="-113.701224"><ele>1504.636</ele><time>2026-06-02T17:34:00Z</time></trkpt><trkpt lat="48.764773" lon="-113.701217"><ele>1504.696</ele><time>2026-06-02T17:34:04Z</time></trkpt><trkpt lat="48.764777" lon="-113.701205"><ele>1504.475</ele><time>2026-06-02T17:34:15Z</time></trkpt><trkpt lat="48.764769" lon="-113.701208"><ele>1504.686</ele><time>2026-06-02T17:34:23Z</time></trkpt><trkpt lat="48.764765" lon="-113.701205"><ele>1504.472</ele><time>2026-06-02T17:34:42Z</time></trkpt><trkpt lat="48.764778" lon="-113.701206"><ele>1504.442</ele><time>2026-06-02T17:34:58Z</time></trkpt><trkpt lat="48.764773" lon="-113.70121"><ele>1504.822</ele><time>2026-06-02T17:35:07Z</time></trkpt><trkpt lat="48.764778" lon="-113.701224"><ele>1504.414</ele><time>2026-06-02T17:35:14Z</time></trkpt><trkpt lat="48.76477" lon="-113.701203"><ele>1504.809</ele><time>2026-06-02T17:35:21Z</time></trkpt><trkpt lat="48.764775" lon="-113.701207"><ele>1504.456</ele><time>2026-06-02T17:35:29Z</time></trkpt><trkpt lat="48.764779" lon="-113.701197"><ele>1504.290</ele><time>2026-06-02T17:35:43Z</time></trkpt><trkpt lat="48.764784" lon="-113.701212"><ele>1504.241</ele><time>2026-06-02T17:35:49Z</time></trkpt><trkpt lat="48.764784" lon="-113.701211"><ele>1504.298</ele><time>2026-06-02T17:35:52Z</time></trkpt><trkpt lat="48.764775" lon="-113.701202"><ele>1504.271</ele><time>2026-06-02T17:35:57Z</time></trkpt><trkpt lat="48.764775" lon="-113.701207"><ele>1504.481</ele><time>2026-06-02T17:36:07Z</time></trkpt><trkpt lat="48.764771" lon="-113.701208"><ele>1504.480</ele><time>2026-06-02T17:36:18Z</time></trkpt><trkpt lat="48.764773" lon="-113.701211"><ele>1504.441</ele><time>2026-06-02T17:36:29Z</time></trkpt><trkpt lat="48.764778" lon="-113.701212"><ele>1504.467</ele><time>2026-06-02T17:36:45Z</time></trkpt><trkpt lat="48.764767" lon="-113.7012"><ele>1504.625</ele><time>2026-06-02T17:36:56Z</time></trkpt><trkpt lat="48.764768" lon="-113.701201"><ele>1504.626</ele><time>2026-06-02T17:36:58Z</time></trkpt><trkpt lat="48.764778" lon="-113.701206"><ele>1504.408</ele><time>2026-06-02T17:37:11Z</time></trkpt><trkpt lat="48.764778" lon="-113.701206"><ele>1504.209</ele><time>2026-06-02T17:37:20Z</time></trkpt><trkpt lat="48.764754" lon="-113.701209"><ele>1504.464</ele><time>2026-06-02T17:37:32Z</time></trkpt><trkpt lat="48.764757" lon="-113.701206"><ele>1504.258</ele><time>2026-06-02T17:37:43Z</time></trkpt><trkpt lat="48.764771" lon="-113.701221"><ele>1504.239</ele><time>2026-06-02T17:37:51Z</time></trkpt><trkpt lat="48.764777" lon="-113.701216"><ele>1504.296</ele><time>2026-06-02T17:38:05Z</time></trkpt><trkpt lat="48.764775" lon="-113.701211"><ele>1504.239</ele><time>2026-06-02T17:38:19Z</time></trkpt><trkpt lat="48.764762" lon="-113.701211"><ele>1504.019</ele><time>2026-06-02T17:38:31Z</time></trkpt><trkpt lat="48.764765" lon="-113.701211"><ele>1504.018</ele><time>2026-06-02T17:38:33Z</time></trkpt><trkpt lat="48.764766" lon="-113.701211"><ele>1504.079</ele><time>2026-06-02T17:38:34Z</time></trkpt><trkpt lat="48.764769" lon="-113.701201"><ele>1503.815</ele><time>2026-06-02T17:38:55Z</time></trkpt><trkpt lat="48.764773" lon="-113.701202"><ele>1503.832</ele><time>2026-06-02T17:39:07Z</time></trkpt><trkpt lat="48.764772" lon="-113.701214"><ele>1504.092</ele><time>2026-06-02T17:39:11Z</time></trkpt><trkpt lat="48.764778" lon="-113.701212"><ele>1504.411</ele><time>2026-06-02T17:39:26Z</time></trkpt><trkpt lat="48.764778" lon="-113.701212"><ele>1504.409</ele><time>2026-06-02T17:39:27Z</time></trkpt><trkpt lat="48.764778" lon="-113.701212"><ele>1504.445</ele><time>2026-06-02T17:39:28Z</time></trkpt><trkpt lat="48.764778" lon="-113.701212"><ele>1504.499</ele><time>2026-06-02T17:39:29Z</time></trkpt><trkpt lat="48.764761" lon="-113.701195"><ele>1504.680</ele><time>2026-06-02T17:39:39Z</time></trkpt><trkpt lat="48.764757" lon="-113.701196"><ele>1505.067</ele><time>2026-06-02T17:39:47Z</time></trkpt><trkpt lat="48.764763" lon="-113.701196"><ele>1505.070</ele><time>2026-06-02T17:39:50Z</time></trkpt><trkpt lat="48.764765" lon="-113.701204"><ele>1504.610</ele><time>2026-06-02T17:39:58Z</time></trkpt><trkpt lat="48.764763" lon="-113.701198"><ele>1504.449</ele><time>2026-06-02T17:40:04Z</time></trkpt><trkpt lat="48.764766" lon="-113.7012"><ele>1504.420</ele><time>2026-06-02T17:40:12Z</time></trkpt><trkpt lat="48.764763" lon="-113.701203"><ele>1504.256</ele><time>2026-06-02T17:40:14Z</time></trkpt><trkpt lat="48.764756" lon="-113.701193"><ele>1504.465</ele><time>2026-06-02T17:40:25Z</time></trkpt><trkpt lat="48.764753" lon="-113.701195"><ele>1504.268</ele><time>2026-06-02T17:40:39Z</time></trkpt><trkpt lat="48.764754" lon="-113.701195"><ele>1504.214</ele><time>2026-06-02T17:40:43Z</time></trkpt><trkpt lat="48.764745" lon="-113.70119"><ele>1504.409</ele><time>2026-06-02T17:40:47Z</time></trkpt><trkpt lat="48.764751" lon="-113.701184"><ele>1504.428</ele><time>2026-06-02T17:40:51Z</time></trkpt><trkpt lat="48.764763" lon="-113.701177"><ele>1504.242</ele><time>2026-06-02T17:40:59Z</time></trkpt><trkpt lat="48.764767" lon="-113.701182"><ele>1504.273</ele><time>2026-06-02T17:41:04Z</time></trkpt><trkpt lat="48.764756" lon="-113.701171"><ele>1504.450</ele><time>2026-06-02T17:41:15Z</time></trkpt><trkpt lat="48.76475" lon="-113.701169"><ele>1504.293</ele><time>2026-06-02T17:41:17Z</time></trkpt><trkpt lat="48.764751" lon="-113.701183"><ele>1504.823</ele><time>2026-06-02T17:41:26Z</time></trkpt><trkpt lat="48.764756" lon="-113.701201"><ele>1504.642</ele><time>2026-06-02T17:41:34Z</time></trkpt><trkpt lat="48.764743" lon="-113.701222"><ele>1504.273</ele><time>2026-06-02T17:41:45Z</time></trkpt><trkpt lat="48.764735" lon="-113.701204"><ele>1504.219</ele><time>2026-06-02T17:41:56Z</time></trkpt><trkpt lat="48.764752" lon="-113.701215"><ele>1504.266</ele><time>2026-06-02T17:42:03Z</time></trkpt><trkpt lat="48.764764" lon="-113.701221"><ele>1504.429</ele><time>2026-06-02T17:42:15Z</time></trkpt><trkpt lat="48.764764" lon="-113.701221"><ele>1504.421</ele><time>2026-06-02T17:42:18Z</time></trkpt><trkpt lat="48.764759" lon="-113.701219"><ele>1504.409</ele><time>2026-06-02T17:42:21Z</time></trkpt><trkpt lat="48.764755" lon="-113.701216"><ele>1504.218</ele><time>2026-06-02T17:42:27Z</time></trkpt><trkpt lat="48.764743" lon="-113.701211"><ele>1504.432</ele><time>2026-06-02T17:42:35Z</time></trkpt><trkpt lat="48.764744" lon="-113.701213"><ele>1504.473</ele><time>2026-06-02T17:42:38Z</time></trkpt><trkpt lat="48.764752" lon="-113.701221"><ele>1504.480</ele><time>2026-06-02T17:42:49Z</time></trkpt><trkpt lat="48.764735" lon="-113.701216"><ele>1504.493</ele><time>2026-06-02T17:42:59Z</time></trkpt><trkpt lat="48.764743" lon="-113.701212"><ele>1504.433</ele><time>2026-06-02T17:43:05Z</time></trkpt><trkpt lat="48.764743" lon="-113.701211"><ele>1504.432</ele><time>2026-06-02T17:43:06Z</time></trkpt><trkpt lat="48.764745" lon="-113.701208"><ele>1504.283</ele><time>2026-06-02T17:43:08Z</time></trkpt><trkpt lat="48.764739" lon="-113.701199"><ele>1504.219</ele><time>2026-06-02T17:43:12Z</time></trkpt><trkpt lat="48.764744" lon="-113.701206"><ele>1504.298</ele><time>2026-06-02T17:43:16Z</time></trkpt><trkpt lat="48.764746" lon="-113.701211"><ele>1504.215</ele><time>2026-06-02T17:43:17Z</time></trkpt><trkpt lat="48.764747" lon="-113.701217"><ele>1504.226</ele><time>2026-06-02T17:43:18Z</time></trkpt><trkpt lat="48.764752" lon="-113.701223"><ele>1504.209</ele><time>2026-06-02T17:43:21Z</time></trkpt><trkpt lat="48.764732" lon="-113.701208"><ele>1504.461</ele><time>2026-06-02T17:43:29Z</time></trkpt><trkpt lat="48.76472" lon="-113.701197"><ele>1504.665</ele><time>2026-06-02T17:43:38Z</time></trkpt><trkpt lat="48.764721" lon="-113.701206"><ele>1505.086</ele><time>2026-06-02T17:43:47Z</time></trkpt><trkpt lat="48.764739" lon="-113.701214"><ele>1504.843</ele><time>2026-06-02T17:43:55Z</time></trkpt><trkpt lat="48.764724" lon="-113.701204"><ele>1504.676</ele><time>2026-06-02T17:44:04Z</time></trkpt><trkpt lat="48.764725" lon="-113.701216"><ele>1504.426</ele><time>2026-06-02T17:44:13Z</time></trkpt><trkpt lat="48.764736" lon="-113.701216"><ele>1504.495</ele><time>2026-06-02T17:44:23Z</time></trkpt><trkpt lat="48.764734" lon="-113.701201"><ele>1504.646</ele><time>2026-06-02T17:44:32Z</time></trkpt><trkpt lat="48.764723" lon="-113.701215"><ele>1504.682</ele><time>2026-06-02T17:44:39Z</time></trkpt><trkpt lat="48.764723" lon="-113.701216"><ele>1504.665</ele><time>2026-06-02T17:44:40Z</time></trkpt><trkpt lat="48.764724" lon="-113.701205"><ele>1504.468</ele><time>2026-06-02T17:44:49Z</time></trkpt><trkpt lat="48.764729" lon="-113.701216"><ele>1504.214</ele><time>2026-06-02T17:44:54Z</time></trkpt><trkpt lat="48.764729" lon="-113.701212"><ele>1504.409</ele><time>2026-06-02T17:45:01Z</time></trkpt><trkpt lat="48.764735" lon="-113.701209"><ele>1504.468</ele><time>2026-06-02T17:45:11Z</time></trkpt><trkpt lat="48.764731" lon="-113.701208"><ele>1504.492</ele><time>2026-06-02T17:45:19Z</time></trkpt><trkpt lat="48.764728" lon="-113.701183"><ele>1504.453</ele><time>2026-06-02T17:45:28Z</time></trkpt><trkpt lat="48.764737" lon="-113.701206"><ele>1504.240</ele><time>2026-06-02T17:45:37Z</time></trkpt><trkpt lat="48.76474" lon="-113.701211"><ele>1504.453</ele><time>2026-06-02T17:45:48Z</time></trkpt><trkpt lat="48.764733" lon="-113.701214"><ele>1504.243</ele><time>2026-06-02T17:45:55Z</time></trkpt><trkpt lat="48.764734" lon="-113.701217"><ele>1504.062</ele><time>2026-06-02T17:45:58Z</time></trkpt><trkpt lat="48.764729" lon="-113.701207"><ele>1504.233</ele><time>2026-06-02T17:46:07Z</time></trkpt><trkpt lat="48.764729" lon="-113.701223"><ele>1504.079</ele><time>2026-06-02T17:46:17Z</time></trkpt><trkpt lat="48.764726" lon="-113.701235"><ele>1503.854</ele><time>2026-06-02T17:46:27Z</time></trkpt><trkpt lat="48.764735" lon="-113.701201"><ele>1504.456</ele><time>2026-06-02T17:46:38Z</time></trkpt><trkpt lat="48.764752" lon="-113.701206"><ele>1504.611</ele><time>2026-06-02T17:46:46Z</time></trkpt><trkpt lat="48.764759" lon="-113.701211"><ele>1504.609</ele><time>2026-06-02T17:46:48Z</time></trkpt><trkpt lat="48.764753" lon="-113.701219"><ele>1504.677</ele><time>2026-06-02T17:46:53Z</time></trkpt><trkpt lat="48.764741" lon="-113.701218"><ele>1504.461</ele><time>2026-06-02T17:46:56Z</time></trkpt><trkpt lat="48.764734" lon="-113.701214"><ele>1504.412</ele><time>2026-06-02T17:47:04Z</time></trkpt><trkpt lat="48.764736" lon="-113.701216"><ele>1504.499</ele><time>2026-06-02T17:47:13Z</time></trkpt><trkpt lat="48.76474" lon="-113.70121"><ele>1504.252</ele><time>2026-06-02T17:47:19Z</time></trkpt><trkpt lat="48.764727" lon="-113.701208"><ele>1504.692</ele><time>2026-06-02T17:47:24Z</time></trkpt><trkpt lat="48.764726" lon="-113.701218"><ele>1504.411</ele><time>2026-06-02T17:47:34Z</time></trkpt><trkpt lat="48.76472" lon="-113.701217"><ele>1504.462</ele><time>2026-06-02T17:47:42Z</time></trkpt><trkpt lat="48.764717" lon="-113.701213"><ele>1504.488</ele><time>2026-06-02T17:47:43Z</time></trkpt><trkpt lat="48.764722" lon="-113.7012"><ele>1504.481</ele><time>2026-06-02T17:47:50Z</time></trkpt><trkpt lat="48.764723" lon="-113.701197"><ele>1504.461</ele><time>2026-06-02T17:47:53Z</time></trkpt><trkpt lat="48.764727" lon="-113.701206"><ele>1504.417</ele><time>2026-06-02T17:48:04Z</time></trkpt><trkpt lat="48.764735" lon="-113.701206"><ele>1504.409</ele><time>2026-06-02T17:48:13Z</time></trkpt><trkpt lat="48.764728" lon="-113.70122"><ele>1504.460</ele><time>2026-06-02T17:48:28Z</time></trkpt><trkpt lat="48.764716" lon="-113.701217"><ele>1504.474</ele><time>2026-06-02T17:48:37Z</time></trkpt><trkpt lat="48.764733" lon="-113.701228"><ele>1504.455</ele><time>2026-06-02T17:48:47Z</time></trkpt><trkpt lat="48.764742" lon="-113.701198"><ele>1504.242</ele><time>2026-06-02T17:48:53Z</time></trkpt><trkpt lat="48.764747" lon="-113.7012"><ele>1504.415</ele><time>2026-06-02T17:48:59Z</time></trkpt><trkpt lat="48.764762" lon="-113.701214"><ele>1504.445</ele><time>2026-06-02T17:49:02Z</time></trkpt><trkpt lat="48.764776" lon="-113.701229"><ele>1504.484</ele><time>2026-06-02T17:49:10Z</time></trkpt><trkpt lat="48.764777" lon="-113.701237"><ele>1504.285</ele><time>2026-06-02T17:49:19Z</time></trkpt><trkpt lat="48.764758" lon="-113.701227"><ele>1504.691</ele><time>2026-06-02T17:49:26Z</time></trkpt><trkpt lat="48.764746" lon="-113.701212"><ele>1504.479</ele><time>2026-06-02T17:49:36Z</time></trkpt><trkpt lat="48.764741" lon="-113.701202"><ele>1504.605</ele><time>2026-06-02T17:49:43Z</time></trkpt><trkpt lat="48.76473" lon="-113.701212"><ele>1504.425</ele><time>2026-06-02T17:49:53Z</time></trkpt><trkpt lat="48.764737" lon="-113.701202"><ele>1504.409</ele><time>2026-06-02T17:49:59Z</time></trkpt><trkpt lat="48.764728" lon="-113.701187"><ele>1504.429</ele><time>2026-06-02T17:50:12Z</time></trkpt><trkpt lat="48.764714" lon="-113.701174"><ele>1504.433</ele><time>2026-06-02T17:50:22Z</time></trkpt><trkpt lat="48.764711" lon="-113.701169"><ele>1504.694</ele><time>2026-06-02T17:50:26Z</time></trkpt><trkpt lat="48.764725" lon="-113.701189"><ele>1504.451</ele><time>2026-06-02T17:50:33Z</time></trkpt><trkpt lat="48.764734" lon="-113.701195"><ele>1504.424</ele><time>2026-06-02T17:50:36Z</time></trkpt><trkpt lat="48.764745" lon="-113.701173"><ele>1504.614</ele><time>2026-06-02T17:50:46Z</time></trkpt><trkpt lat="48.764726" lon="-113.701169"><ele>1504.693</ele><time>2026-06-02T17:50:56Z</time></trkpt><trkpt lat="48.764761" lon="-113.70118"><ele>1504.434</ele><time>2026-06-02T17:51:08Z</time></trkpt><trkpt lat="48.764755" lon="-113.701179"><ele>1504.670</ele><time>2026-06-02T17:51:11Z</time></trkpt><trkpt lat="48.764741" lon="-113.701179"><ele>1504.432</ele><time>2026-06-02T17:51:13Z</time></trkpt><trkpt lat="48.76473" lon="-113.701168"><ele>1504.492</ele><time>2026-06-02T17:51:15Z</time></trkpt><trkpt lat="48.764707" lon="-113.701128"><ele>1504.611</ele><time>2026-06-02T17:51:23Z</time></trkpt><trkpt lat="48.764715" lon="-113.701112"><ele>1504.409</ele><time>2026-06-02T17:51:33Z</time></trkpt><trkpt lat="48.764712" lon="-113.701123"><ele>1504.485</ele><time>2026-06-02T17:51:43Z</time></trkpt><trkpt lat="48.764712" lon="-113.701127"><ele>1504.449</ele><time>2026-06-02T17:51:45Z</time></trkpt><trkpt lat="48.764716" lon="-113.701129"><ele>1504.240</ele><time>2026-06-02T17:51:51Z</time></trkpt><trkpt lat="48.764711" lon="-113.701122"><ele>1504.477</ele><time>2026-06-02T17:51:54Z</time></trkpt><trkpt lat="48.764741" lon="-113.701128"><ele>1504.440</ele><time>2026-06-02T17:52:02Z</time></trkpt><trkpt lat="48.76474" lon="-113.701131"><ele>1504.870</ele><time>2026-06-02T17:52:10Z</time></trkpt><trkpt lat="48.764768" lon="-113.701195"><ele>1504.499</ele><time>2026-06-02T17:52:19Z</time></trkpt><trkpt lat="48.764772" lon="-113.70119"><ele>1504.260</ele><time>2026-06-02T17:52:27Z</time></trkpt><trkpt lat="48.764775" lon="-113.701209"><ele>1504.466</ele><time>2026-06-02T17:52:38Z</time></trkpt><trkpt lat="48.764772" lon="-113.701204"><ele>1504.451</ele><time>2026-06-02T17:52:48Z</time></trkpt><trkpt lat="48.764783" lon="-113.701208"><ele>1504.201</ele><time>2026-06-02T17:53:00Z</time></trkpt><trkpt lat="48.764761" lon="-113.7012"><ele>1504.211</ele><time>2026-06-02T17:53:10Z</time></trkpt><trkpt lat="48.764751" lon="-113.701181"><ele>1504.209</ele><time>2026-06-02T17:53:17Z</time></trkpt><trkpt lat="48.764776" lon="-113.701166"><ele>1504.457</ele><time>2026-06-02T17:53:28Z</time></trkpt><trkpt lat="48.764779" lon="-113.701167"><ele>1504.651</ele><time>2026-06-02T17:53:31Z</time></trkpt><trkpt lat="48.764775" lon="-113.701181"><ele>1504.882</ele><time>2026-06-02T17:53:37Z</time></trkpt><trkpt lat="48.76477" lon="-113.701196"><ele>1504.689</ele><time>2026-06-02T17:53:45Z</time></trkpt><trkpt lat="48.764767" lon="-113.701193"><ele>1504.672</ele><time>2026-06-02T17:53:47Z</time></trkpt><trkpt lat="48.764769" lon="-113.701218"><ele>1504.662</ele><time>2026-06-02T17:53:54Z</time></trkpt><trkpt lat="48.76477" lon="-113.701216"><ele>1504.671</ele><time>2026-06-02T17:53:55Z</time></trkpt><trkpt lat="48.764771" lon="-113.701207"><ele>1504.412</ele><time>2026-06-02T17:54:00Z</time></trkpt><trkpt lat="48.764769" lon="-113.701197"><ele>1504.478</ele><time>2026-06-02T17:54:07Z</time></trkpt><trkpt lat="48.764763" lon="-113.701197"><ele>1504.233</ele><time>2026-06-02T17:54:18Z</time></trkpt><trkpt lat="48.764767" lon="-113.701185"><ele>1504.423</ele><time>2026-06-02T17:54:25Z</time></trkpt><trkpt lat="48.764762" lon="-113.701177"><ele>1504.415</ele><time>2026-06-02T17:54:30Z</time></trkpt><trkpt lat="48.764745" lon="-113.701117"><ele>1504.409</ele><time>2026-06-02T17:54:37Z</time></trkpt><trkpt lat="48.764791" lon="-113.701065"><ele>1504.695</ele><time>2026-06-02T17:54:44Z</time></trkpt><trkpt lat="48.764789" lon="-113.700986"><ele>1504.479</ele><time>2026-06-02T17:54:50Z</time></trkpt><trkpt lat="48.764769" lon="-113.700954"><ele>1504.450</ele><time>2026-06-02T17:54:53Z</time></trkpt><trkpt lat="48.764758" lon="-113.700849"><ele>1504.677</ele><time>2026-06-02T17:55:00Z</time></trkpt><trkpt lat="48.764762" lon="-113.700837"><ele>1504.650</ele><time>2026-06-02T17:55:06Z</time></trkpt><trkpt lat="48.764765" lon="-113.700829"><ele>1504.640</ele><time>2026-06-02T17:55:14Z</time></trkpt><trkpt lat="48.764768" lon="-113.700834"><ele>1504.679</ele><time>2026-06-02T17:55:18Z</time></trkpt><trkpt lat="48.764764" lon="-113.700837"><ele>1504.620</ele><time>2026-06-02T17:55:20Z</time></trkpt><trkpt lat="48.764754" lon="-113.700828"><ele>1504.476</ele><time>2026-06-02T17:55:29Z</time></trkpt><trkpt lat="48.764764" lon="-113.700788"><ele>1504.419</ele><time>2026-06-02T17:55:36Z</time></trkpt><trkpt lat="48.764751" lon="-113.700748"><ele>1504.409</ele><time>2026-06-02T17:55:39Z</time></trkpt><trkpt lat="48.764741" lon="-113.7007"><ele>1504.419</ele><time>2026-06-02T17:55:43Z</time></trkpt><trkpt lat="48.764746" lon="-113.700652"><ele>1504.809</ele><time>2026-06-02T17:55:47Z</time></trkpt><trkpt lat="48.764751" lon="-113.700619"><ele>1505.083</ele><time>2026-06-02T17:55:50Z</time></trkpt><trkpt lat="48.764738" lon="-113.700568"><ele>1505.227</ele><time>2026-06-02T17:55:55Z</time></trkpt><trkpt lat="48.764738" lon="-113.700559"><ele>1505.288</ele><time>2026-06-02T17:55:57Z</time></trkpt><trkpt lat="48.764742" lon="-113.700551"><ele>1505.235</ele><time>2026-06-02T17:55:59Z</time></trkpt><trkpt lat="48.764748" lon="-113.700536"><ele>1505.018</ele><time>2026-06-02T17:56:04Z</time></trkpt><trkpt lat="48.764762" lon="-113.700504"><ele>1505.058</ele><time>2026-06-02T17:56:07Z</time></trkpt><trkpt lat="48.764777" lon="-113.700477"><ele>1504.887</ele><time>2026-06-02T17:56:11Z</time></trkpt><trkpt lat="48.764781" lon="-113.700471"><ele>1504.838</ele><time>2026-06-02T17:56:12Z</time></trkpt><trkpt lat="48.764787" lon="-113.700462"><ele>1504.874</ele><time>2026-06-02T17:56:13Z</time></trkpt><trkpt lat="48.764804" lon="-113.700449"><ele>1504.866</ele><time>2026-06-02T17:56:17Z</time></trkpt><trkpt lat="48.764827" lon="-113.700417"><ele>1505.029</ele><time>2026-06-02T17:56:25Z</time></trkpt><trkpt lat="48.764844" lon="-113.700416"><ele>1505.421</ele><time>2026-06-02T17:56:30Z</time></trkpt><trkpt lat="48.764833" lon="-113.700423"><ele>1505.409</ele><time>2026-06-02T17:56:37Z</time></trkpt><trkpt lat="48.764834" lon="-113.7004"><ele>1505.448</ele><time>2026-06-02T17:56:43Z</time></trkpt><trkpt lat="48.764845" lon="-113.700367"><ele>1505.472</ele><time>2026-06-02T17:56:47Z</time></trkpt><trkpt lat="48.764849" lon="-113.700369"><ele>1505.613</ele><time>2026-06-02T17:56:49Z</time></trkpt><trkpt lat="48.76485" lon="-113.700371"><ele>1505.680</ele><time>2026-06-02T17:56:50Z</time></trkpt><trkpt lat="48.764853" lon="-113.700375"><ele>1505.693</ele><time>2026-06-02T17:56:51Z</time></trkpt><trkpt lat="48.764859" lon="-113.700371"><ele>1505.613</ele><time>2026-06-02T17:56:53Z</time></trkpt><trkpt lat="48.764864" lon="-113.700376"><ele>1505.682</ele><time>2026-06-02T17:56:55Z</time></trkpt><trkpt lat="48.764863" lon="-113.700381"><ele>1505.643</ele><time>2026-06-02T17:56:56Z</time></trkpt><trkpt lat="48.764862" lon="-113.700382"><ele>1505.669</ele><time>2026-06-02T17:56:58Z</time></trkpt><trkpt lat="48.764863" lon="-113.700361"><ele>1505.816</ele><time>2026-06-02T17:57:05Z</time></trkpt><trkpt lat="48.764844" lon="-113.700394"><ele>1505.476</ele><time>2026-06-02T17:57:11Z</time></trkpt><trkpt lat="48.764846" lon="-113.700394"><ele>1505.613</ele><time>2026-06-02T17:57:13Z</time></trkpt><trkpt lat="48.764858" lon="-113.700428"><ele>1506.009</ele><time>2026-06-02T17:57:24Z</time></trkpt><trkpt lat="48.764849" lon="-113.700465"><ele>1506.023</ele><time>2026-06-02T17:57:30Z</time></trkpt><trkpt lat="48.764857" lon="-113.700463"><ele>1506.237</ele><time>2026-06-02T17:57:35Z</time></trkpt><trkpt lat="48.76487" lon="-113.700425"><ele>1506.038</ele><time>2026-06-02T17:57:43Z</time></trkpt><trkpt lat="48.764873" lon="-113.700418"><ele>1506.065</ele><time>2026-06-02T17:57:45Z</time></trkpt><trkpt lat="48.764877" lon="-113.70042"><ele>1506.478</ele><time>2026-06-02T17:57:49Z</time></trkpt><trkpt lat="48.764882" lon="-113.700447"><ele>1506.428</ele><time>2026-06-02T17:57:55Z</time></trkpt><trkpt lat="48.764888" lon="-113.700459"><ele>1506.497</ele><time>2026-06-02T17:58:05Z</time></trkpt><trkpt lat="48.764885" lon="-113.700439"><ele>1506.288</ele><time>2026-06-02T17:58:16Z</time></trkpt><trkpt lat="48.764889" lon="-113.700437"><ele>1506.634</ele><time>2026-06-02T17:58:27Z</time></trkpt><trkpt lat="48.764873" lon="-113.700447"><ele>1506.469</ele><time>2026-06-02T17:58:38Z</time></trkpt><trkpt lat="48.764868" lon="-113.700447"><ele>1506.404</ele><time>2026-06-02T17:58:47Z</time></trkpt><trkpt lat="48.764876" lon="-113.700449"><ele>1506.224</ele><time>2026-06-02T17:58:50Z</time></trkpt><trkpt lat="48.764842" lon="-113.700449"><ele>1506.409</ele><time>2026-06-02T17:59:01Z</time></trkpt><trkpt lat="48.764824" lon="-113.700469"><ele>1506.848</ele><time>2026-06-02T17:59:10Z</time></trkpt><trkpt lat="48.764824" lon="-113.70048"><ele>1506.832</ele><time>2026-06-02T17:59:12Z</time></trkpt><trkpt lat="48.764831" lon="-113.700483"><ele>1506.893</ele><time>2026-06-02T17:59:17Z</time></trkpt><trkpt lat="48.764848" lon="-113.700483"><ele>1506.820</ele><time>2026-06-02T17:59:20Z</time></trkpt><trkpt lat="48.764855" lon="-113.700474"><ele>1506.693</ele><time>2026-06-02T17:59:22Z</time></trkpt><trkpt lat="48.76485" lon="-113.700423"><ele>1506.883</ele><time>2026-06-02T17:59:28Z</time></trkpt><trkpt lat="48.764845" lon="-113.700378"><ele>1506.822</ele><time>2026-06-02T17:59:32Z</time></trkpt><trkpt lat="48.764837" lon="-113.70036"><ele>1506.813</ele><time>2026-06-02T17:59:42Z</time></trkpt><trkpt lat="48.764862" lon="-113.700367"><ele>1507.269</ele><time>2026-06-02T17:59:51Z</time></trkpt><trkpt lat="48.764843" lon="-113.700345"><ele>1506.865</ele><time>2026-06-02T17:59:59Z</time></trkpt><trkpt lat="48.76483" lon="-113.700358"><ele>1507.068</ele><time>2026-06-02T18:00:06Z</time></trkpt><trkpt lat="48.764824" lon="-113.700375"><ele>1507.014</ele><time>2026-06-02T18:00:08Z</time></trkpt><trkpt lat="48.764821" lon="-113.70039"><ele>1507.009</ele><time>2026-06-02T18:00:10Z</time></trkpt><trkpt lat="48.764825" lon="-113.700394"><ele>1507.258</ele><time>2026-06-02T18:00:17Z</time></trkpt><trkpt lat="48.764836" lon="-113.700366"><ele>1507.242</ele><time>2026-06-02T18:00:24Z</time></trkpt><trkpt lat="48.764836" lon="-113.700364"><ele>1507.283</ele><time>2026-06-02T18:00:26Z</time></trkpt><trkpt lat="48.764828" lon="-113.700356"><ele>1507.430</ele><time>2026-06-02T18:00:36Z</time></trkpt><trkpt lat="48.764824" lon="-113.700364"><ele>1507.493</ele><time>2026-06-02T18:00:39Z</time></trkpt><trkpt lat="48.764824" lon="-113.700364"><ele>1507.443</ele><time>2026-06-02T18:00:49Z</time></trkpt><trkpt lat="48.764811" lon="-113.70039"><ele>1507.412</ele><time>2026-06-02T18:00:55Z</time></trkpt><trkpt lat="48.764804" lon="-113.70044"><ele>1507.293</ele><time>2026-06-02T18:01:03Z</time></trkpt><trkpt lat="48.764806" lon="-113.700467"><ele>1507.699</ele><time>2026-06-02T18:01:10Z</time></trkpt><trkpt lat="48.764814" lon="-113.700463"><ele>1507.471</ele><time>2026-06-02T18:01:13Z</time></trkpt><trkpt lat="48.764817" lon="-113.70047"><ele>1507.641</ele><time>2026-06-02T18:01:15Z</time></trkpt><trkpt lat="48.764806" lon="-113.700458"><ele>1507.615</ele><time>2026-06-02T18:01:20Z</time></trkpt><trkpt lat="48.76479" lon="-113.700439"><ele>1507.609</ele><time>2026-06-02T18:01:27Z</time></trkpt><trkpt lat="48.764821" lon="-113.700359"><ele>1507.659</ele><time>2026-06-02T18:01:34Z</time></trkpt><trkpt lat="48.764856" lon="-113.700376"><ele>1507.683</ele><time>2026-06-02T18:01:42Z</time></trkpt><trkpt lat="48.764832" lon="-113.700374"><ele>1507.874</ele><time>2026-06-02T18:01:49Z</time></trkpt><trkpt lat="48.764833" lon="-113.700361"><ele>1507.611</ele><time>2026-06-02T18:01:51Z</time></trkpt><trkpt lat="48.764889" lon="-113.700336"><ele>1507.214</ele><time>2026-06-02T18:01:58Z</time></trkpt><trkpt lat="48.764986" lon="-113.700239"><ele>1508.084</ele><time>2026-06-02T18:02:06Z</time></trkpt><trkpt lat="48.765031" lon="-113.700145"><ele>1507.863</ele><time>2026-06-02T18:02:13Z</time></trkpt><trkpt lat="48.765052" lon="-113.700014"><ele>1507.894</ele><time>2026-06-02T18:02:21Z</time></trkpt><trkpt lat="48.765105" lon="-113.699894"><ele>1508.460</ele><time>2026-06-02T18:02:30Z</time></trkpt><trkpt lat="48.76514" lon="-113.699822"><ele>1508.471</ele><time>2026-06-02T18:02:36Z</time></trkpt><trkpt lat="48.765147" lon="-113.699784"><ele>1508.641</ele><time>2026-06-02T18:02:38Z</time></trkpt><trkpt lat="48.765155" lon="-113.699673"><ele>1508.815</ele><time>2026-06-02T18:02:44Z</time></trkpt><trkpt lat="48.765125" lon="-113.699619"><ele>1508.409</ele><time>2026-06-02T18:02:50Z</time></trkpt><trkpt lat="48.765124" lon="-113.699601"><ele>1508.439</ele><time>2026-06-02T18:02:53Z</time></trkpt><trkpt lat="48.765143" lon="-113.699469"><ele>1508.683</ele><time>2026-06-02T18:03:00Z</time></trkpt><trkpt lat="48.765155" lon="-113.699378"><ele>1509.244</ele><time>2026-06-02T18:03:06Z</time></trkpt><trkpt lat="48.765154" lon="-113.699366"><ele>1509.611</ele><time>2026-06-02T18:03:08Z</time></trkpt><trkpt lat="48.76516" lon="-113.699302"><ele>1510.644</ele><time>2026-06-02T18:03:14Z</time></trkpt><trkpt lat="48.765166" lon="-113.699281"><ele>1510.874</ele><time>2026-06-02T18:03:15Z</time></trkpt><trkpt lat="48.765185" lon="-113.699232"><ele>1511.693</ele><time>2026-06-02T18:03:18Z</time></trkpt><trkpt lat="48.765245" lon="-113.69916"><ele>1512.264</ele><time>2026-06-02T18:03:23Z</time></trkpt><trkpt lat="48.765264" lon="-113.699134"><ele>1512.690</ele><time>2026-06-02T18:03:26Z</time></trkpt><trkpt lat="48.765283" lon="-113.699084"><ele>1513.013</ele><time>2026-06-02T18:03:31Z</time></trkpt><trkpt lat="48.765299" lon="-113.699046"><ele>1514.243</ele><time>2026-06-02T18:03:34Z</time></trkpt><trkpt lat="48.765317" lon="-113.698985"><ele>1515.207</ele><time>2026-06-02T18:03:39Z</time></trkpt><trkpt lat="48.765319" lon="-113.698975"><ele>1515.409</ele><time>2026-06-02T18:03:40Z</time></trkpt><trkpt lat="48.765322" lon="-113.698924"><ele>1516.213</ele><time>2026-06-02T18:03:44Z</time></trkpt><trkpt lat="48.765336" lon="-113.698894"><ele>1516.867</ele><time>2026-06-02T18:03:47Z</time></trkpt><trkpt lat="48.765361" lon="-113.698853"><ele>1517.298</ele><time>2026-06-02T18:03:51Z</time></trkpt><trkpt lat="48.765409" lon="-113.698784"><ele>1518.095</ele><time>2026-06-02T18:03:57Z</time></trkpt><trkpt lat="48.765422" lon="-113.698765"><ele>1518.268</ele><time>2026-06-02T18:03:59Z</time></trkpt><trkpt lat="48.765462" lon="-113.698688"><ele>1518.628</ele><time>2026-06-02T18:04:05Z</time></trkpt><trkpt lat="48.7655" lon="-113.698589"><ele>1519.287</ele><time>2026-06-02T18:04:13Z</time></trkpt><trkpt lat="48.765508" lon="-113.698573"><ele>1519.438</ele><time>2026-06-02T18:04:14Z</time></trkpt><trkpt lat="48.765547" lon="-113.698486"><ele>1520.454</ele><time>2026-06-02T18:04:21Z</time></trkpt><trkpt lat="48.765558" lon="-113.698456"><ele>1520.472</ele><time>2026-06-02T18:04:23Z</time></trkpt><trkpt lat="48.765597" lon="-113.698354"><ele>1519.613</ele><time>2026-06-02T18:04:31Z</time></trkpt><trkpt lat="48.76568" lon="-113.69828"><ele>1519.814</ele><time>2026-06-02T18:04:39Z</time></trkpt><trkpt lat="48.76574" lon="-113.698221"><ele>1519.809</ele><time>2026-06-02T18:04:44Z</time></trkpt><trkpt lat="48.765777" lon="-113.698163"><ele>1519.629</ele><time>2026-06-02T18:04:49Z</time></trkpt><trkpt lat="48.765827" lon="-113.698078"><ele>1520.443</ele><time>2026-06-02T18:04:57Z</time></trkpt><trkpt lat="48.765888" lon="-113.697996"><ele>1520.494</ele><time>2026-06-02T18:05:05Z</time></trkpt><trkpt lat="48.765988" lon="-113.697859"><ele>1520.281</ele><time>2026-06-02T18:05:13Z</time></trkpt><trkpt lat="48.766045" lon="-113.697754"><ele>1520.284</ele><time>2026-06-02T18:05:20Z</time></trkpt><trkpt lat="48.766132" lon="-113.697604"><ele>1521.244</ele><time>2026-06-02T18:05:31Z</time></trkpt><trkpt lat="48.766142" lon="-113.697588"><ele>1521.413</ele><time>2026-06-02T18:05:32Z</time></trkpt><trkpt lat="48.766158" lon="-113.69753"><ele>1522.664</ele><time>2026-06-02T18:05:36Z</time></trkpt><trkpt lat="48.766166" lon="-113.697506"><ele>1522.830</ele><time>2026-06-02T18:05:38Z</time></trkpt><trkpt lat="48.766197" lon="-113.697423"><ele>1523.672</ele><time>2026-06-02T18:05:44Z</time></trkpt><trkpt lat="48.766203" lon="-113.69741"><ele>1523.813</ele><time>2026-06-02T18:05:45Z</time></trkpt><trkpt lat="48.766247" lon="-113.697312"><ele>1524.014</ele><time>2026-06-02T18:05:52Z</time></trkpt><trkpt lat="48.766275" lon="-113.697194"><ele>1523.609</ele><time>2026-06-02T18:06:00Z</time></trkpt><trkpt lat="48.766371" lon="-113.697098"><ele>1523.619</ele><time>2026-06-02T18:06:10Z</time></trkpt><trkpt lat="48.766426" lon="-113.697028"><ele>1523.243</ele><time>2026-06-02T18:06:15Z</time></trkpt><trkpt lat="48.766463" lon="-113.696965"><ele>1523.064</ele><time>2026-06-02T18:06:19Z</time></trkpt><trkpt lat="48.766521" lon="-113.696834"><ele>1522.661</ele><time>2026-06-02T18:06:26Z</time></trkpt><trkpt lat="48.766541" lon="-113.696798"><ele>1522.864</ele><time>2026-06-02T18:06:29Z</time></trkpt><trkpt lat="48.766599" lon="-113.696708"><ele>1524.294</ele><time>2026-06-02T18:06:37Z</time></trkpt><trkpt lat="48.766663" lon="-113.696615"><ele>1524.463</ele><time>2026-06-02T18:06:44Z</time></trkpt><trkpt lat="48.766697" lon="-113.696525"><ele>1524.644</ele><time>2026-06-02T18:06:51Z</time></trkpt><trkpt lat="48.766797" lon="-113.696394"><ele>1523.250</ele><time>2026-06-02T18:07:02Z</time></trkpt><trkpt lat="48.766859" lon="-113.696254"><ele>1523.465</ele><time>2026-06-02T18:07:10Z</time></trkpt><trkpt lat="48.76685" lon="-113.696163"><ele>1523.468</ele><time>2026-06-02T18:07:15Z</time></trkpt><trkpt lat="48.76684" lon="-113.696125"><ele>1523.014</ele><time>2026-06-02T18:07:17Z</time></trkpt><trkpt lat="48.766828" lon="-113.696076"><ele>1522.209</ele><time>2026-06-02T18:07:19Z</time></trkpt><trkpt lat="48.766815" lon="-113.696023"><ele>1521.098</ele><time>2026-06-02T18:07:21Z</time></trkpt><trkpt lat="48.7668" lon="-113.695985"><ele>1519.862</ele><time>2026-06-02T18:07:23Z</time></trkpt><trkpt lat="48.766792" lon="-113.695967"><ele>1519.233</ele><time>2026-06-02T18:07:24Z</time></trkpt><trkpt lat="48.766772" lon="-113.695917"><ele>1518.620</ele><time>2026-06-02T18:07:26Z</time></trkpt><trkpt lat="48.766745" lon="-113.695813"><ele>1517.853</ele><time>2026-06-02T18:07:30Z</time></trkpt><trkpt lat="48.76674" lon="-113.695787"><ele>1517.433</ele><time>2026-06-02T18:07:31Z</time></trkpt><trkpt lat="48.766734" lon="-113.695735"><ele>1516.222</ele><time>2026-06-02T18:07:33Z</time></trkpt><trkpt lat="48.766736" lon="-113.695666"><ele>1515.233</ele><time>2026-06-02T18:07:36Z</time></trkpt><trkpt lat="48.766742" lon="-113.69566"><ele>1515.089</ele><time>2026-06-02T18:07:37Z</time></trkpt><trkpt lat="48.766753" lon="-113.695654"><ele>1515.086</ele><time>2026-06-02T18:07:38Z</time></trkpt><trkpt lat="48.766799" lon="-113.695619"><ele>1514.860</ele><time>2026-06-02T18:07:44Z</time></trkpt><trkpt lat="48.766827" lon="-113.695605"><ele>1515.226</ele><time>2026-06-02T18:07:52Z</time></trkpt><trkpt lat="48.76687" lon="-113.695675"><ele>1514.609</ele><time>2026-06-02T18:07:58Z</time></trkpt><trkpt lat="48.766861" lon="-113.69567"><ele>1514.840</ele><time>2026-06-02T18:08:03Z</time></trkpt><trkpt lat="48.766855" lon="-113.69572"><ele>1515.034</ele><time>2026-06-02T18:08:10Z</time></trkpt><trkpt lat="48.766871" lon="-113.695761"><ele>1515.265</ele><time>2026-06-02T18:08:17Z</time></trkpt><trkpt lat="48.76688" lon="-113.695775"><ele>1515.262</ele><time>2026-06-02T18:08:20Z</time></trkpt><trkpt lat="48.766859" lon="-113.695715"><ele>1514.865</ele><time>2026-06-02T18:08:29Z</time></trkpt><trkpt lat="48.766871" lon="-113.695724"><ele>1515.045</ele><time>2026-06-02T18:08:35Z</time></trkpt><trkpt lat="48.766914" lon="-113.695625"><ele>1514.474</ele><time>2026-06-02T18:08:40Z</time></trkpt><trkpt lat="48.766929" lon="-113.695621"><ele>1514.425</ele><time>2026-06-02T18:08:41Z</time></trkpt><trkpt lat="48.767037" lon="-113.695659"><ele>1514.451</ele><time>2026-06-02T18:08:47Z</time></trkpt><trkpt lat="48.767085" lon="-113.69568"><ele>1514.255</ele><time>2026-06-02T18:08:51Z</time></trkpt><trkpt lat="48.76713" lon="-113.695703"><ele>1513.807</ele><time>2026-06-02T18:08:54Z</time></trkpt><trkpt lat="48.767235" lon="-113.695663"><ele>1513.417</ele><time>2026-06-02T18:09:01Z</time></trkpt><trkpt lat="48.767325" lon="-113.69561"><ele>1513.209</ele><time>2026-06-02T18:09:08Z</time></trkpt><trkpt lat="48.767333" lon="-113.695603"><ele>1513.067</ele><time>2026-06-02T18:09:09Z</time></trkpt><trkpt lat="48.767406" lon="-113.695562"><ele>1512.611</ele><time>2026-06-02T18:09:18Z</time></trkpt><trkpt lat="48.767536" lon="-113.695552"><ele>1512.692</ele><time>2026-06-02T18:09:29Z</time></trkpt><trkpt lat="48.767637" lon="-113.695568"><ele>1512.429</ele><time>2026-06-02T18:09:35Z</time></trkpt><trkpt lat="48.767671" lon="-113.695575"><ele>1512.632</ele><time>2026-06-02T18:09:40Z</time></trkpt><trkpt lat="48.767681" lon="-113.695593"><ele>1512.462</ele><time>2026-06-02T18:09:49Z</time></trkpt><trkpt lat="48.767753" lon="-113.695563"><ele>1512.451</ele><time>2026-06-02T18:09:59Z</time></trkpt><trkpt lat="48.767866" lon="-113.695592"><ele>1512.282</ele><time>2026-06-02T18:10:06Z</time></trkpt><trkpt lat="48.76798" lon="-113.695614"><ele>1512.248</ele><time>2026-06-02T18:10:16Z</time></trkpt><trkpt lat="48.768086" lon="-113.695588"><ele>1512.084</ele><time>2026-06-02T18:10:24Z</time></trkpt><trkpt lat="48.768099" lon="-113.695581"><ele>1512.007</ele><time>2026-06-02T18:10:25Z</time></trkpt><trkpt lat="48.768197" lon="-113.695504"><ele>1511.817</ele><time>2026-06-02T18:10:33Z</time></trkpt><trkpt lat="48.768285" lon="-113.695474"><ele>1511.409</ele><time>2026-06-02T18:10:41Z</time></trkpt><trkpt lat="48.768365" lon="-113.695419"><ele>1511.020</ele><time>2026-06-02T18:10:47Z</time></trkpt><trkpt lat="48.768407" lon="-113.695385"><ele>1511.064</ele><time>2026-06-02T18:10:50Z</time></trkpt><trkpt lat="48.768478" lon="-113.695344"><ele>1510.455</ele><time>2026-06-02T18:10:58Z</time></trkpt><trkpt lat="48.768574" lon="-113.695281"><ele>1510.232</ele><time>2026-06-02T18:11:07Z</time></trkpt><trkpt lat="48.768685" lon="-113.695287"><ele>1510.065</ele><time>2026-06-02T18:11:15Z</time></trkpt><trkpt lat="48.76872" lon="-113.695275"><ele>1509.835</ele><time>2026-06-02T18:11:18Z</time></trkpt><trkpt lat="48.768763" lon="-113.695262"><ele>1509.814</ele><time>2026-06-02T18:11:21Z</time></trkpt><trkpt lat="48.76881" lon="-113.695256"><ele>1509.665</ele><time>2026-06-02T18:11:25Z</time></trkpt><trkpt lat="48.768873" lon="-113.695255"><ele>1509.651</ele><time>2026-06-02T18:11:30Z</time></trkpt><trkpt lat="48.768976" lon="-113.695166"><ele>1509.213</ele><time>2026-06-02T18:11:37Z</time></trkpt><trkpt lat="48.769038" lon="-113.695063"><ele>1509.243</ele><time>2026-06-02T18:11:45Z</time></trkpt><trkpt lat="48.7691" lon="-113.695046"><ele>1509.007</ele><time>2026-06-02T18:11:51Z</time></trkpt><trkpt lat="48.769142" lon="-113.695035"><ele>1509.009</ele><time>2026-06-02T18:11:54Z</time></trkpt><trkpt lat="48.76923" lon="-113.694997"><ele>1509.033</ele><time>2026-06-02T18:12:02Z</time></trkpt><trkpt lat="48.769332" lon="-113.694996"><ele>1508.047</ele><time>2026-06-02T18:12:11Z</time></trkpt><trkpt lat="48.76936" lon="-113.694969"><ele>1508.088</ele><time>2026-06-02T18:12:14Z</time></trkpt><trkpt lat="48.769441" lon="-113.694923"><ele>1507.685</ele><time>2026-06-02T18:12:20Z</time></trkpt><trkpt lat="48.769473" lon="-113.694889"><ele>1507.428</ele><time>2026-06-02T18:12:23Z</time></trkpt><trkpt lat="48.769483" lon="-113.694872"><ele>1507.468</ele><time>2026-06-02T18:12:24Z</time></trkpt><trkpt lat="48.769488" lon="-113.694857"><ele>1507.457</ele><time>2026-06-02T18:12:25Z</time></trkpt><trkpt lat="48.769522" lon="-113.694785"><ele>1507.298</ele><time>2026-06-02T18:12:29Z</time></trkpt><trkpt lat="48.769553" lon="-113.694707"><ele>1507.064</ele><time>2026-06-02T18:12:33Z</time></trkpt><trkpt lat="48.76959" lon="-113.694629"><ele>1506.889</ele><time>2026-06-02T18:12:39Z</time></trkpt><trkpt lat="48.769615" lon="-113.694483"><ele>1506.406</ele><time>2026-06-02T18:12:48Z</time></trkpt><trkpt lat="48.769633" lon="-113.694314"><ele>1506.226</ele><time>2026-06-02T18:12:57Z</time></trkpt><trkpt lat="48.769663" lon="-113.694224"><ele>1505.809</ele><time>2026-06-02T18:13:03Z</time></trkpt><trkpt lat="48.769686" lon="-113.694171"><ele>1505.610</ele><time>2026-06-02T18:13:06Z</time></trkpt><trkpt lat="48.769749" lon="-113.693989"><ele>1505.484</ele><time>2026-06-02T18:13:17Z</time></trkpt><trkpt lat="48.76983" lon="-113.69384"><ele>1504.815</ele><time>2026-06-02T18:13:26Z</time></trkpt><trkpt lat="48.769845" lon="-113.69381"><ele>1504.852</ele><time>2026-06-02T18:13:28Z</time></trkpt><trkpt lat="48.769857" lon="-113.693767"><ele>1504.825</ele><time>2026-06-02T18:13:30Z</time></trkpt><trkpt lat="48.769868" lon="-113.693704"><ele>1504.825</ele><time>2026-06-02T18:13:33Z</time></trkpt><trkpt lat="48.769871" lon="-113.693688"><ele>1504.634</ele><time>2026-06-02T18:13:34Z</time></trkpt><trkpt lat="48.769895" lon="-113.693539"><ele>1504.635</ele><time>2026-06-02T18:13:43Z</time></trkpt><trkpt lat="48.769926" lon="-113.693424"><ele>1504.671</ele><time>2026-06-02T18:13:51Z</time></trkpt><trkpt lat="48.769944" lon="-113.693286"><ele>1504.698</ele><time>2026-06-02T18:13:59Z</time></trkpt><trkpt lat="48.769972" lon="-113.693135"><ele>1504.415</ele><time>2026-06-02T18:14:08Z</time></trkpt><trkpt lat="48.76997" lon="-113.693049"><ele>1504.226</ele><time>2026-06-02T18:14:14Z</time></trkpt><trkpt lat="48.76997" lon="-113.692977"><ele>1504.009</ele><time>2026-06-02T18:14:17Z</time></trkpt><trkpt lat="48.76999" lon="-113.69288"><ele>1503.891</ele><time>2026-06-02T18:14:22Z</time></trkpt><trkpt lat="48.770012" lon="-113.692804"><ele>1503.825</ele><time>2026-06-02T18:14:27Z</time></trkpt><trkpt lat="48.770028" lon="-113.692672"><ele>1503.466</ele><time>2026-06-02T18:14:35Z</time></trkpt><trkpt lat="48.770016" lon="-113.692569"><ele>1503.053</ele><time>2026-06-02T18:14:42Z</time></trkpt><trkpt lat="48.770007" lon="-113.692402"><ele>1502.686</ele><time>2026-06-02T18:14:50Z</time></trkpt><trkpt lat="48.770008" lon="-113.692386"><ele>1502.616</ele><time>2026-06-02T18:14:51Z</time></trkpt><trkpt lat="48.770003" lon="-113.692249"><ele>1503.075</ele><time>2026-06-02T18:15:00Z</time></trkpt><trkpt lat="48.769978" lon="-113.692115"><ele>1502.676</ele><time>2026-06-02T18:15:08Z</time></trkpt><trkpt lat="48.770046" lon="-113.691995"><ele>1502.252</ele><time>2026-06-02T18:15:17Z</time></trkpt><trkpt lat="48.770065" lon="-113.691864"><ele>1502.042</ele><time>2026-06-02T18:15:25Z</time></trkpt><trkpt lat="48.770079" lon="-113.691708"><ele>1501.822</ele><time>2026-06-02T18:15:33Z</time></trkpt><trkpt lat="48.770106" lon="-113.691655"><ele>1501.814</ele><time>2026-06-02T18:15:37Z</time></trkpt><trkpt lat="48.770113" lon="-113.691641"><ele>1501.809</ele><time>2026-06-02T18:15:38Z</time></trkpt><trkpt lat="48.77013" lon="-113.691611"><ele>1501.846</ele><time>2026-06-02T18:15:40Z</time></trkpt><trkpt lat="48.770136" lon="-113.691601"><ele>1502.060</ele><time>2026-06-02T18:15:41Z</time></trkpt><trkpt lat="48.770187" lon="-113.691502"><ele>1502.041</ele><time>2026-06-02T18:15:48Z</time></trkpt><trkpt lat="48.770212" lon="-113.691425"><ele>1501.618</ele><time>2026-06-02T18:15:53Z</time></trkpt><trkpt lat="48.770229" lon="-113.69136"><ele>1501.271</ele><time>2026-06-02T18:15:58Z</time></trkpt><trkpt lat="48.770293" lon="-113.69124"><ele>1501.421</ele><time>2026-06-02T18:16:06Z</time></trkpt><trkpt lat="48.770326" lon="-113.691077"><ele>1501.020</ele><time>2026-06-02T18:16:15Z</time></trkpt><trkpt lat="48.770373" lon="-113.690981"><ele>1501.081</ele><time>2026-06-02T18:16:23Z</time></trkpt><trkpt lat="48.770394" lon="-113.690915"><ele>1500.847</ele><time>2026-06-02T18:16:27Z</time></trkpt><trkpt lat="48.770393" lon="-113.690893"><ele>1500.842</ele><time>2026-06-02T18:16:31Z</time></trkpt><trkpt lat="48.770406" lon="-113.690853"><ele>1500.622</ele><time>2026-06-02T18:16:34Z</time></trkpt><trkpt lat="48.770442" lon="-113.690764"><ele>1500.814</ele><time>2026-06-02T18:16:38Z</time></trkpt><trkpt lat="48.770478" lon="-113.690696"><ele>1500.609</ele><time>2026-06-02T18:16:44Z</time></trkpt><trkpt lat="48.770485" lon="-113.690685"><ele>1500.456</ele><time>2026-06-02T18:16:45Z</time></trkpt><trkpt lat="48.770521" lon="-113.690625"><ele>1500.410</ele><time>2026-06-02T18:16:49Z</time></trkpt><trkpt lat="48.770555" lon="-113.690547"><ele>1500.491</ele><time>2026-06-02T18:16:52Z</time></trkpt><trkpt lat="48.770576" lon="-113.690438"><ele>1500.228</ele><time>2026-06-02T18:16:59Z</time></trkpt><trkpt lat="48.770579" lon="-113.690432"><ele>1500.211</ele><time>2026-06-02T18:17:00Z</time></trkpt><trkpt lat="48.770633" lon="-113.690319"><ele>1500.411</ele><time>2026-06-02T18:17:09Z</time></trkpt><trkpt lat="48.770711" lon="-113.690219"><ele>1500.240</ele><time>2026-06-02T18:17:18Z</time></trkpt><trkpt lat="48.770758" lon="-113.690126"><ele>1500.271</ele><time>2026-06-02T18:17:23Z</time></trkpt><trkpt lat="48.770778" lon="-113.690057"><ele>1500.277</ele><time>2026-06-02T18:17:27Z</time></trkpt><trkpt lat="48.770798" lon="-113.689951"><ele>1500.273</ele><time>2026-06-02T18:17:34Z</time></trkpt><trkpt lat="48.770788" lon="-113.689761"><ele>1500.485</ele><time>2026-06-02T18:17:45Z</time></trkpt><trkpt lat="48.770791" lon="-113.689656"><ele>1500.613</ele><time>2026-06-02T18:17:52Z</time></trkpt><trkpt lat="48.7708" lon="-113.689508"><ele>1500.409</ele><time>2026-06-02T18:18:00Z</time></trkpt><trkpt lat="48.770765" lon="-113.689369"><ele>1500.439</ele><time>2026-06-02T18:18:08Z</time></trkpt><trkpt lat="48.770768" lon="-113.689234"><ele>1500.633</ele><time>2026-06-02T18:18:16Z</time></trkpt><trkpt lat="48.77083" lon="-113.689146"><ele>1501.044</ele><time>2026-06-02T18:18:23Z</time></trkpt><trkpt lat="48.770883" lon="-113.689068"><ele>1501.211</ele><time>2026-06-02T18:18:30Z</time></trkpt><trkpt lat="48.770888" lon="-113.689064"><ele>1501.294</ele><time>2026-06-02T18:18:31Z</time></trkpt><trkpt lat="48.770905" lon="-113.689046"><ele>1501.214</ele><time>2026-06-02T18:18:33Z</time></trkpt><trkpt lat="48.77095" lon="-113.688988"><ele>1501.243</ele><time>2026-06-02T18:18:37Z</time></trkpt><trkpt lat="48.770986" lon="-113.688901"><ele>1501.024</ele><time>2026-06-02T18:18:45Z</time></trkpt><trkpt lat="48.77104" lon="-113.68879"><ele>1501.210</ele><time>2026-06-02T18:18:53Z</time></trkpt><trkpt lat="48.771066" lon="-113.688703"><ele>1501.461</ele><time>2026-06-02T18:18:59Z</time></trkpt><trkpt lat="48.771068" lon="-113.68869"><ele>1501.621</ele><time>2026-06-02T18:19:00Z</time></trkpt><trkpt lat="48.771076" lon="-113.68864"><ele>1501.613</ele><time>2026-06-02T18:19:03Z</time></trkpt><trkpt lat="48.771108" lon="-113.688513"><ele>1501.809</ele><time>2026-06-02T18:19:11Z</time></trkpt><trkpt lat="48.771179" lon="-113.688377"><ele>1502.248</ele><time>2026-06-02T18:19:20Z</time></trkpt><trkpt lat="48.771206" lon="-113.68828"><ele>1502.282</ele><time>2026-06-02T18:19:28Z</time></trkpt><trkpt lat="48.771276" lon="-113.688203"><ele>1502.223</ele><time>2026-06-02T18:19:37Z</time></trkpt><trkpt lat="48.771361" lon="-113.688122"><ele>1502.220</ele><time>2026-06-02T18:19:46Z</time></trkpt><trkpt lat="48.771408" lon="-113.688047"><ele>1501.673</ele><time>2026-06-02T18:19:53Z</time></trkpt><trkpt lat="48.771466" lon="-113.688007"><ele>1501.653</ele><time>2026-06-02T18:20:01Z</time></trkpt><trkpt lat="48.771581" lon="-113.687921"><ele>1501.492</ele><time>2026-06-02T18:20:10Z</time></trkpt><trkpt lat="48.77159" lon="-113.687916"><ele>1501.213</ele><time>2026-06-02T18:20:11Z</time></trkpt><trkpt lat="48.771639" lon="-113.68788"><ele>1501.279</ele><time>2026-06-02T18:20:16Z</time></trkpt><trkpt lat="48.771692" lon="-113.687833"><ele>1501.095</ele><time>2026-06-02T18:20:21Z</time></trkpt><trkpt lat="48.771766" lon="-113.687736"><ele>1500.849</ele><time>2026-06-02T18:20:28Z</time></trkpt><trkpt lat="48.771794" lon="-113.687707"><ele>1500.823</ele><time>2026-06-02T18:20:30Z</time></trkpt><trkpt lat="48.771834" lon="-113.687635"><ele>1500.409</ele><time>2026-06-02T18:20:37Z</time></trkpt><trkpt lat="48.771907" lon="-113.687505"><ele>1500.431</ele><time>2026-06-02T18:20:46Z</time></trkpt><trkpt lat="48.771965" lon="-113.687393"><ele>1499.885</ele><time>2026-06-02T18:20:54Z</time></trkpt><trkpt lat="48.772007" lon="-113.687238"><ele>1499.686</ele><time>2026-06-02T18:21:03Z</time></trkpt><trkpt lat="48.772054" lon="-113.687114"><ele>1499.873</ele><time>2026-06-02T18:21:13Z</time></trkpt><trkpt lat="48.772067" lon="-113.686998"><ele>1499.446</ele><time>2026-06-02T18:21:20Z</time></trkpt><trkpt lat="48.772069" lon="-113.686954"><ele>1499.256</ele><time>2026-06-02T18:21:22Z</time></trkpt><trkpt lat="48.772132" lon="-113.686832"><ele>1498.675</ele><time>2026-06-02T18:21:31Z</time></trkpt><trkpt lat="48.772222" lon="-113.686726"><ele>1498.636</ele><time>2026-06-02T18:21:40Z</time></trkpt><trkpt lat="48.772262" lon="-113.686619"><ele>1498.412</ele><time>2026-06-02T18:21:46Z</time></trkpt><trkpt lat="48.772271" lon="-113.686601"><ele>1498.291</ele><time>2026-06-02T18:21:47Z</time></trkpt><trkpt lat="48.772306" lon="-113.686417"><ele>1498.281</ele><time>2026-06-02T18:21:57Z</time></trkpt><trkpt lat="48.772333" lon="-113.686257"><ele>1497.819</ele><time>2026-06-02T18:22:08Z</time></trkpt><trkpt lat="48.772403" lon="-113.686077"><ele>1497.609</ele><time>2026-06-02T18:22:19Z</time></trkpt><trkpt lat="48.772465" lon="-113.685959"><ele>1497.821</ele><time>2026-06-02T18:22:28Z</time></trkpt><trkpt lat="48.772536" lon="-113.685875"><ele>1497.845</ele><time>2026-06-02T18:22:35Z</time></trkpt><trkpt lat="48.772596" lon="-113.685833"><ele>1498.296</ele><time>2026-06-02T18:22:42Z</time></trkpt><trkpt lat="48.772627" lon="-113.685817"><ele>1498.273</ele><time>2026-06-02T18:22:45Z</time></trkpt><trkpt lat="48.772709" lon="-113.68581"><ele>1497.466</ele><time>2026-06-02T18:22:52Z</time></trkpt><trkpt lat="48.772735" lon="-113.685813"><ele>1497.236</ele><time>2026-06-02T18:22:54Z</time></trkpt><trkpt lat="48.772821" lon="-113.685746"><ele>1496.665</ele><time>2026-06-02T18:23:03Z</time></trkpt><trkpt lat="48.772852" lon="-113.685724"><ele>1496.266</ele><time>2026-06-02T18:23:05Z</time></trkpt><trkpt lat="48.772877" lon="-113.685704"><ele>1495.892</ele><time>2026-06-02T18:23:07Z</time></trkpt><trkpt lat="48.772889" lon="-113.685695"><ele>1495.859</ele><time>2026-06-02T18:23:08Z</time></trkpt><trkpt lat="48.77292" lon="-113.685672"><ele>1495.803</ele><time>2026-06-02T18:23:11Z</time></trkpt><trkpt lat="48.772952" lon="-113.685657"><ele>1495.823</ele><time>2026-06-02T18:23:14Z</time></trkpt><trkpt lat="48.773008" lon="-113.685531"><ele>1496.009</ele><time>2026-06-02T18:23:22Z</time></trkpt><trkpt lat="48.772998" lon="-113.685371"><ele>1496.667</ele><time>2026-06-02T18:23:30Z</time></trkpt><trkpt lat="48.772981" lon="-113.685221"><ele>1497.291</ele><time>2026-06-02T18:23:39Z</time></trkpt><trkpt lat="48.773002" lon="-113.685166"><ele>1497.042</ele><time>2026-06-02T18:23:43Z</time></trkpt><trkpt lat="48.773034" lon="-113.68511"><ele>1496.889</ele><time>2026-06-02T18:23:47Z</time></trkpt><trkpt lat="48.773039" lon="-113.68509"><ele>1496.612</ele><time>2026-06-02T18:23:48Z</time></trkpt><trkpt lat="48.773091" lon="-113.684964"><ele>1496.642</ele><time>2026-06-02T18:23:58Z</time></trkpt><trkpt lat="48.773103" lon="-113.684821"><ele>1496.611</ele><time>2026-06-02T18:24:06Z</time></trkpt><trkpt lat="48.773131" lon="-113.684695"><ele>1497.282</ele><time>2026-06-02T18:24:13Z</time></trkpt><trkpt lat="48.773146" lon="-113.684654"><ele>1497.468</ele><time>2026-06-02T18:24:16Z</time></trkpt><trkpt lat="48.773207" lon="-113.68458"><ele>1497.637</ele><time>2026-06-02T18:24:24Z</time></trkpt><trkpt lat="48.7733" lon="-113.684477"><ele>1497.249</ele><time>2026-06-02T18:24:33Z</time></trkpt><trkpt lat="48.77338" lon="-113.684378"><ele>1497.813</ele><time>2026-06-02T18:24:41Z</time></trkpt><trkpt lat="48.773403" lon="-113.684352"><ele>1498.209</ele><time>2026-06-02T18:24:45Z</time></trkpt><trkpt lat="48.773432" lon="-113.68429"><ele>1498.455</ele><time>2026-06-02T18:24:49Z</time></trkpt><trkpt lat="48.77346" lon="-113.684212"><ele>1498.039</ele><time>2026-06-02T18:24:54Z</time></trkpt><trkpt lat="48.773475" lon="-113.684165"><ele>1497.840</ele><time>2026-06-02T18:24:57Z</time></trkpt><trkpt lat="48.773519" lon="-113.684069"><ele>1497.637</ele><time>2026-06-02T18:25:04Z</time></trkpt><trkpt lat="48.773546" lon="-113.684023"><ele>1497.610</ele><time>2026-06-02T18:25:06Z</time></trkpt><trkpt lat="48.773614" lon="-113.683896"><ele>1497.260</ele><time>2026-06-02T18:25:14Z</time></trkpt><trkpt lat="48.773621" lon="-113.683877"><ele>1497.059</ele><time>2026-06-02T18:25:15Z</time></trkpt><trkpt lat="48.773646" lon="-113.683825"><ele>1496.820</ele><time>2026-06-02T18:25:19Z</time></trkpt><trkpt lat="48.773657" lon="-113.683768"><ele>1496.896</ele><time>2026-06-02T18:25:23Z</time></trkpt><trkpt lat="48.773674" lon="-113.683641"><ele>1496.856</ele><time>2026-06-02T18:25:29Z</time></trkpt><trkpt lat="48.773693" lon="-113.683518"><ele>1496.859</ele><time>2026-06-02T18:25:37Z</time></trkpt><trkpt lat="48.773729" lon="-113.683424"><ele>1496.814</ele><time>2026-06-02T18:25:44Z</time></trkpt><trkpt lat="48.773781" lon="-113.683317"><ele>1497.009</ele><time>2026-06-02T18:25:52Z</time></trkpt><trkpt lat="48.77383" lon="-113.683268"><ele>1496.457</ele><time>2026-06-02T18:25:57Z</time></trkpt><trkpt lat="48.773855" lon="-113.68325"><ele>1496.031</ele><time>2026-06-02T18:25:59Z</time></trkpt><trkpt lat="48.773899" lon="-113.683229"><ele>1495.672</ele><time>2026-06-02T18:26:02Z</time></trkpt><trkpt lat="48.773989" lon="-113.683196"><ele>1495.889</ele><time>2026-06-02T18:26:12Z</time></trkpt><trkpt lat="48.774023" lon="-113.683214"><ele>1495.642</ele><time>2026-06-02T18:26:17Z</time></trkpt><trkpt lat="48.774053" lon="-113.683253"><ele>1495.062</ele><time>2026-06-02T18:26:21Z</time></trkpt><trkpt lat="48.774043" lon="-113.683235"><ele>1495.021</ele><time>2026-06-02T18:26:28Z</time></trkpt><trkpt lat="48.77404" lon="-113.683167"><ele>1496.072</ele><time>2026-06-02T18:26:33Z</time></trkpt><trkpt lat="48.774074" lon="-113.683026"><ele>1496.238</ele><time>2026-06-02T18:26:41Z</time></trkpt><trkpt lat="48.774104" lon="-113.682938"><ele>1496.495</ele><time>2026-06-02T18:26:47Z</time></trkpt><trkpt lat="48.774118" lon="-113.682904"><ele>1496.649</ele><time>2026-06-02T18:26:49Z</time></trkpt><trkpt lat="48.774155" lon="-113.682845"><ele>1496.623</ele><time>2026-06-02T18:26:55Z</time></trkpt><trkpt lat="48.77418" lon="-113.682814"><ele>1496.409</ele><time>2026-06-02T18:26:57Z</time></trkpt><trkpt lat="48.774255" lon="-113.682709"><ele>1496.031</ele><time>2026-06-02T18:27:05Z</time></trkpt><trkpt lat="48.774282" lon="-113.682626"><ele>1495.845</ele><time>2026-06-02T18:27:14Z</time></trkpt><trkpt lat="48.774272" lon="-113.682611"><ele>1496.226</ele><time>2026-06-02T18:27:21Z</time></trkpt><trkpt lat="48.774278" lon="-113.682608"><ele>1496.083</ele><time>2026-06-02T18:27:25Z</time></trkpt><trkpt lat="48.774335" lon="-113.682511"><ele>1495.816</ele><time>2026-06-02T18:27:34Z</time></trkpt><trkpt lat="48.774452" lon="-113.682388"><ele>1495.626</ele><time>2026-06-02T18:27:45Z</time></trkpt><trkpt lat="48.774514" lon="-113.682292"><ele>1495.635</ele><time>2026-06-02T18:27:54Z</time></trkpt><trkpt lat="48.774591" lon="-113.682266"><ele>1495.626</ele><time>2026-06-02T18:28:01Z</time></trkpt><trkpt lat="48.7747" lon="-113.682174"><ele>1496.242</ele><time>2026-06-02T18:28:10Z</time></trkpt><trkpt lat="48.774826" lon="-113.682088"><ele>1496.031</ele><time>2026-06-02T18:28:21Z</time></trkpt><trkpt lat="48.774933" lon="-113.682037"><ele>1495.861</ele><time>2026-06-02T18:28:30Z</time></trkpt><trkpt lat="48.774981" lon="-113.681963"><ele>1495.807</ele><time>2026-06-02T18:28:37Z</time></trkpt><trkpt lat="48.774985" lon="-113.681956"><ele>1495.809</ele><time>2026-06-02T18:28:38Z</time></trkpt><trkpt lat="48.775046" lon="-113.681844"><ele>1496.095</ele><time>2026-06-02T18:28:45Z</time></trkpt><trkpt lat="48.775102" lon="-113.681775"><ele>1496.279</ele><time>2026-06-02T18:28:52Z</time></trkpt><trkpt lat="48.775166" lon="-113.68166"><ele>1496.270</ele><time>2026-06-02T18:29:00Z</time></trkpt><trkpt lat="48.775241" lon="-113.681542"><ele>1497.067</ele><time>2026-06-02T18:29:11Z</time></trkpt><trkpt lat="48.775312" lon="-113.681476"><ele>1497.010</ele><time>2026-06-02T18:29:17Z</time></trkpt><trkpt lat="48.775363" lon="-113.681445"><ele>1497.080</ele><time>2026-06-02T18:29:21Z</time></trkpt><trkpt lat="48.775461" lon="-113.681348"><ele>1497.099</ele><time>2026-06-02T18:29:29Z</time></trkpt><trkpt lat="48.775559" lon="-113.681264"><ele>1496.830</ele><time>2026-06-02T18:29:38Z</time></trkpt><trkpt lat="48.775661" lon="-113.681183"><ele>1496.666</ele><time>2026-06-02T18:29:47Z</time></trkpt><trkpt lat="48.775758" lon="-113.681107"><ele>1496.422</ele><time>2026-06-02T18:29:56Z</time></trkpt><trkpt lat="48.775841" lon="-113.681024"><ele>1496.862</ele><time>2026-06-02T18:30:06Z</time></trkpt><trkpt lat="48.775856" lon="-113.680971"><ele>1497.008</ele><time>2026-06-02T18:30:12Z</time></trkpt><trkpt lat="48.775854" lon="-113.680944"><ele>1497.009</ele><time>2026-06-02T18:30:14Z</time></trkpt><trkpt lat="48.775857" lon="-113.680902"><ele>1497.034</ele><time>2026-06-02T18:30:23Z</time></trkpt><trkpt lat="48.775852" lon="-113.680891"><ele>1497.018</ele><time>2026-06-02T18:30:30Z</time></trkpt><trkpt lat="48.775859" lon="-113.680872"><ele>1496.859</ele><time>2026-06-02T18:30:38Z</time></trkpt><trkpt lat="48.775868" lon="-113.680874"><ele>1496.896</ele><time>2026-06-02T18:30:41Z</time></trkpt><trkpt lat="48.775886" lon="-113.680884"><ele>1497.029</ele><time>2026-06-02T18:30:49Z</time></trkpt><trkpt lat="48.775852" lon="-113.680883"><ele>1497.239</ele><time>2026-06-02T18:30:59Z</time></trkpt><trkpt lat="48.775907" lon="-113.680891"><ele>1497.288</ele><time>2026-06-02T18:31:08Z</time></trkpt><trkpt lat="48.776005" lon="-113.68085"><ele>1496.829</ele><time>2026-06-02T18:31:16Z</time></trkpt><trkpt lat="48.776088" lon="-113.680731"><ele>1496.295</ele><time>2026-06-02T18:31:25Z</time></trkpt><trkpt lat="48.776126" lon="-113.680679"><ele>1496.068</ele><time>2026-06-02T18:31:30Z</time></trkpt><trkpt lat="48.776168" lon="-113.680646"><ele>1495.842</ele><time>2026-06-02T18:31:34Z</time></trkpt><trkpt lat="48.776252" lon="-113.680547"><ele>1495.626</ele><time>2026-06-02T18:31:42Z</time></trkpt><trkpt lat="48.776321" lon="-113.680461"><ele>1495.809</ele><time>2026-06-02T18:31:51Z</time></trkpt><trkpt lat="48.776417" lon="-113.680309"><ele>1495.278</ele><time>2026-06-02T18:32:00Z</time></trkpt><trkpt lat="48.776426" lon="-113.680292"><ele>1495.252</ele><time>2026-06-02T18:32:01Z</time></trkpt><trkpt lat="48.77651" lon="-113.680151"><ele>1495.443</ele><time>2026-06-02T18:32:11Z</time></trkpt><trkpt lat="48.776553" lon="-113.680016"><ele>1495.230</ele><time>2026-06-02T18:32:18Z</time></trkpt><trkpt lat="48.776553" lon="-113.679888"><ele>1495.473</ele><time>2026-06-02T18:32:26Z</time></trkpt><trkpt lat="48.776553" lon="-113.679739"><ele>1495.443</ele><time>2026-06-02T18:32:35Z</time></trkpt><trkpt lat="48.776599" lon="-113.679601"><ele>1495.492</ele><time>2026-06-02T18:32:42Z</time></trkpt><trkpt lat="48.776656" lon="-113.679456"><ele>1495.223</ele><time>2026-06-02T18:32:50Z</time></trkpt><trkpt lat="48.776694" lon="-113.679375"><ele>1495.289</ele><time>2026-06-02T18:32:54Z</time></trkpt><trkpt lat="48.776737" lon="-113.679308"><ele>1495.261</ele><time>2026-06-02T18:32:59Z</time></trkpt><trkpt lat="48.776783" lon="-113.679204"><ele>1495.221</ele><time>2026-06-02T18:33:07Z</time></trkpt><trkpt lat="48.776818" lon="-113.679106"><ele>1495.413</ele><time>2026-06-02T18:33:13Z</time></trkpt><trkpt lat="48.776819" lon="-113.679094"><ele>1495.409</ele><time>2026-06-02T18:33:14Z</time></trkpt><trkpt lat="48.77682" lon="-113.679081"><ele>1495.498</ele><time>2026-06-02T18:33:15Z</time></trkpt><trkpt lat="48.776835" lon="-113.679001"><ele>1495.062</ele><time>2026-06-02T18:33:19Z</time></trkpt><trkpt lat="48.77684" lon="-113.678983"><ele>1495.073</ele><time>2026-06-02T18:33:20Z</time></trkpt><trkpt lat="48.776846" lon="-113.678957"><ele>1494.840</ele><time>2026-06-02T18:33:21Z</time></trkpt><trkpt lat="48.776882" lon="-113.678805"><ele>1494.863</ele><time>2026-06-02T18:33:32Z</time></trkpt><trkpt lat="48.776969" lon="-113.678596"><ele>1494.823</ele><time>2026-06-02T18:33:45Z</time></trkpt><trkpt lat="48.776992" lon="-113.678519"><ele>1494.812</ele><time>2026-06-02T18:33:50Z</time></trkpt><trkpt lat="48.777016" lon="-113.678387"><ele>1494.493</ele><time>2026-06-02T18:33:55Z</time></trkpt><trkpt lat="48.777012" lon="-113.678219"><ele>1494.649</ele><time>2026-06-02T18:34:04Z</time></trkpt><trkpt lat="48.776999" lon="-113.678057"><ele>1494.826</ele><time>2026-06-02T18:34:12Z</time></trkpt><trkpt lat="48.776999" lon="-113.678043"><ele>1494.847</ele><time>2026-06-02T18:34:13Z</time></trkpt><trkpt lat="48.777004" lon="-113.677921"><ele>1495.011</ele><time>2026-06-02T18:34:20Z</time></trkpt><trkpt lat="48.777009" lon="-113.677858"><ele>1495.009</ele><time>2026-06-02T18:34:23Z</time></trkpt><trkpt lat="48.777028" lon="-113.677701"><ele>1494.444</ele><time>2026-06-02T18:34:30Z</time></trkpt><trkpt lat="48.777031" lon="-113.677663"><ele>1494.688</ele><time>2026-06-02T18:34:32Z</time></trkpt><trkpt lat="48.777056" lon="-113.677504"><ele>1494.489</ele><time>2026-06-02T18:34:41Z</time></trkpt><trkpt lat="48.777069" lon="-113.677367"><ele>1494.866</ele><time>2026-06-02T18:34:49Z</time></trkpt><trkpt lat="48.777077" lon="-113.677289"><ele>1494.869</ele><time>2026-06-02T18:34:54Z</time></trkpt><trkpt lat="48.777082" lon="-113.677255"><ele>1494.889</ele><time>2026-06-02T18:34:56Z</time></trkpt><trkpt lat="48.777084" lon="-113.677237"><ele>1495.098</ele><time>2026-06-02T18:34:57Z</time></trkpt><trkpt lat="48.777084" lon="-113.677216"><ele>1495.079</ele><time>2026-06-02T18:34:58Z</time></trkpt><trkpt lat="48.777083" lon="-113.677172"><ele>1495.025</ele><time>2026-06-02T18:35:00Z</time></trkpt><trkpt lat="48.777085" lon="-113.677085"><ele>1495.012</ele><time>2026-06-02T18:35:05Z</time></trkpt><trkpt lat="48.777117" lon="-113.67692"><ele>1495.032</ele><time>2026-06-02T18:35:15Z</time></trkpt><trkpt lat="48.777209" lon="-113.67684"><ele>1494.805</ele><time>2026-06-02T18:35:25Z</time></trkpt><trkpt lat="48.777302" lon="-113.676789"><ele>1493.809</ele><time>2026-06-02T18:35:32Z</time></trkpt><trkpt lat="48.777315" lon="-113.67677"><ele>1493.873</ele><time>2026-06-02T18:35:33Z</time></trkpt><trkpt lat="48.777372" lon="-113.676618"><ele>1493.427</ele><time>2026-06-02T18:35:41Z</time></trkpt><trkpt lat="48.777431" lon="-113.676484"><ele>1493.698</ele><time>2026-06-02T18:35:51Z</time></trkpt><trkpt lat="48.77749" lon="-113.676348"><ele>1494.215</ele><time>2026-06-02T18:36:01Z</time></trkpt><trkpt lat="48.77752" lon="-113.67623"><ele>1494.868</ele><time>2026-06-02T18:36:09Z</time></trkpt><trkpt lat="48.777487" lon="-113.67615"><ele>1495.418</ele><time>2026-06-02T18:36:15Z</time></trkpt><trkpt lat="48.777463" lon="-113.676148"><ele>1495.847</ele><time>2026-06-02T18:36:17Z</time></trkpt><trkpt lat="48.777455" lon="-113.676153"><ele>1496.248</ele><time>2026-06-02T18:36:18Z</time></trkpt><trkpt lat="48.777436" lon="-113.676164"><ele>1496.654</ele><time>2026-06-02T18:36:21Z</time></trkpt><trkpt lat="48.777393" lon="-113.676174"><ele>1496.868</ele><time>2026-06-02T18:36:26Z</time></trkpt><trkpt lat="48.777383" lon="-113.676165"><ele>1497.242</ele><time>2026-06-02T18:36:28Z</time></trkpt><trkpt lat="48.777391" lon="-113.676147"><ele>1497.426</ele><time>2026-06-02T18:36:30Z</time></trkpt><trkpt lat="48.777409" lon="-113.676074"><ele>1497.409</ele><time>2026-06-02T18:36:35Z</time></trkpt><trkpt lat="48.777379" lon="-113.675866"><ele>1497.838</ele><time>2026-06-02T18:36:45Z</time></trkpt><trkpt lat="48.777384" lon="-113.675772"><ele>1497.852</ele><time>2026-06-02T18:36:52Z</time></trkpt><trkpt lat="48.777388" lon="-113.675762"><ele>1497.673</ele><time>2026-06-02T18:36:53Z</time></trkpt><trkpt lat="48.777417" lon="-113.675755"><ele>1496.450</ele><time>2026-06-02T18:36:59Z</time></trkpt><trkpt lat="48.777442" lon="-113.675766"><ele>1496.223</ele><time>2026-06-02T18:37:03Z</time></trkpt><trkpt lat="48.777462" lon="-113.675753"><ele>1496.263</ele><time>2026-06-02T18:37:11Z</time></trkpt><trkpt lat="48.777443" lon="-113.675742"><ele>1496.272</ele><time>2026-06-02T18:37:18Z</time></trkpt><trkpt lat="48.777438" lon="-113.675739"><ele>1496.253</ele><time>2026-06-02T18:37:19Z</time></trkpt><trkpt lat="48.777441" lon="-113.675746"><ele>1496.279</ele><time>2026-06-02T18:37:25Z</time></trkpt><trkpt lat="48.777454" lon="-113.675749"><ele>1496.098</ele><time>2026-06-02T18:37:30Z</time></trkpt><trkpt lat="48.777455" lon="-113.675756"><ele>1496.415</ele><time>2026-06-02T18:37:33Z</time></trkpt><trkpt lat="48.777456" lon="-113.675759"><ele>1496.426</ele><time>2026-06-02T18:37:35Z</time></trkpt><trkpt lat="48.777454" lon="-113.675774"><ele>1496.209</ele><time>2026-06-02T18:37:39Z</time></trkpt><trkpt lat="48.777447" lon="-113.675742"><ele>1496.241</ele><time>2026-06-02T18:37:45Z</time></trkpt><trkpt lat="48.777474" lon="-113.675672"><ele>1497.425</ele><time>2026-06-02T18:37:51Z</time></trkpt><trkpt lat="48.777488" lon="-113.675649"><ele>1497.426</ele><time>2026-06-02T18:37:53Z</time></trkpt><trkpt lat="48.777562" lon="-113.675581"><ele>1496.653</ele><time>2026-06-02T18:38:01Z</time></trkpt><trkpt lat="48.777616" lon="-113.675445"><ele>1496.676</ele><time>2026-06-02T18:38:09Z</time></trkpt><trkpt lat="48.777637" lon="-113.675317"><ele>1497.216</ele><time>2026-06-02T18:38:16Z</time></trkpt><trkpt lat="48.777636" lon="-113.675267"><ele>1497.425</ele><time>2026-06-02T18:38:19Z</time></trkpt><trkpt lat="48.777629" lon="-113.675189"><ele>1498.056</ele><time>2026-06-02T18:38:24Z</time></trkpt><trkpt lat="48.777617" lon="-113.675102"><ele>1498.252</ele><time>2026-06-02T18:38:31Z</time></trkpt><trkpt lat="48.777617" lon="-113.675064"><ele>1498.056</ele><time>2026-06-02T18:38:34Z</time></trkpt><trkpt lat="48.777612" lon="-113.674986"><ele>1498.459</ele><time>2026-06-02T18:38:38Z</time></trkpt><trkpt lat="48.777611" lon="-113.674972"><ele>1498.814</ele><time>2026-06-02T18:38:39Z</time></trkpt><trkpt lat="48.777614" lon="-113.674867"><ele>1499.409</ele><time>2026-06-02T18:38:46Z</time></trkpt><trkpt lat="48.777615" lon="-113.67485"><ele>1499.637</ele><time>2026-06-02T18:38:47Z</time></trkpt><trkpt lat="48.777632" lon="-113.674779"><ele>1499.811</ele><time>2026-06-02T18:38:52Z</time></trkpt><trkpt lat="48.777655" lon="-113.674655"><ele>1500.012</ele><time>2026-06-02T18:38:59Z</time></trkpt><trkpt lat="48.777656" lon="-113.674543"><ele>1500.279</ele><time>2026-06-02T18:39:07Z</time></trkpt><trkpt lat="48.777683" lon="-113.674406"><ele>1500.442</ele><time>2026-06-02T18:39:15Z</time></trkpt><trkpt lat="48.777706" lon="-113.674242"><ele>1500.672</ele><time>2026-06-02T18:39:25Z</time></trkpt><trkpt lat="48.777712" lon="-113.674121"><ele>1501.211</ele><time>2026-06-02T18:39:33Z</time></trkpt><trkpt lat="48.777721" lon="-113.674033"><ele>1501.232</ele><time>2026-06-02T18:39:41Z</time></trkpt><trkpt lat="48.777755" lon="-113.673922"><ele>1501.418</ele><time>2026-06-02T18:39:49Z</time></trkpt><trkpt lat="48.777822" lon="-113.673805"><ele>1501.264</ele><time>2026-06-02T18:39:58Z</time></trkpt><trkpt lat="48.777887" lon="-113.673708"><ele>1501.206</ele><time>2026-06-02T18:40:05Z</time></trkpt><trkpt lat="48.777947" lon="-113.673632"><ele>1501.016</ele><time>2026-06-02T18:40:11Z</time></trkpt><trkpt lat="48.777955" lon="-113.673622"><ele>1501.009</ele><time>2026-06-02T18:40:12Z</time></trkpt><trkpt lat="48.777995" lon="-113.673507"><ele>1501.038</ele><time>2026-06-02T18:40:19Z</time></trkpt><trkpt lat="48.778024" lon="-113.67343"><ele>1500.872</ele><time>2026-06-02T18:40:25Z</time></trkpt><trkpt lat="48.778029" lon="-113.673405"><ele>1500.643</ele><time>2026-06-02T18:40:27Z</time></trkpt><trkpt lat="48.778014" lon="-113.673336"><ele>1500.810</ele><time>2026-06-02T18:40:31Z</time></trkpt><trkpt lat="48.777992" lon="-113.673282"><ele>1501.433</ele><time>2026-06-02T18:40:35Z</time></trkpt><trkpt lat="48.777989" lon="-113.673228"><ele>1501.613</ele><time>2026-06-02T18:40:38Z</time></trkpt><trkpt lat="48.777994" lon="-113.673163"><ele>1502.062</ele><time>2026-06-02T18:40:42Z</time></trkpt><trkpt lat="48.778015" lon="-113.673071"><ele>1502.273</ele><time>2026-06-02T18:40:49Z</time></trkpt><trkpt lat="48.77803" lon="-113.672996"><ele>1502.819</ele><time>2026-06-02T18:40:53Z</time></trkpt><trkpt lat="48.77805" lon="-113.672939"><ele>1503.244</ele><time>2026-06-02T18:40:57Z</time></trkpt><trkpt lat="48.778096" lon="-113.672847"><ele>1503.205</ele><time>2026-06-02T18:41:05Z</time></trkpt><trkpt lat="48.77813" lon="-113.67274"><ele>1503.215</ele><time>2026-06-02T18:41:13Z</time></trkpt><trkpt lat="48.778182" lon="-113.672688"><ele>1503.209</ele><time>2026-06-02T18:41:19Z</time></trkpt><trkpt lat="48.778199" lon="-113.672663"><ele>1503.486</ele><time>2026-06-02T18:41:22Z</time></trkpt><trkpt lat="48.778263" lon="-113.672587"><ele>1503.810</ele><time>2026-06-02T18:41:29Z</time></trkpt><trkpt lat="48.77829" lon="-113.672562"><ele>1504.291</ele><time>2026-06-02T18:41:32Z</time></trkpt><trkpt lat="48.778347" lon="-113.672443"><ele>1504.478</ele><time>2026-06-02T18:41:40Z</time></trkpt><trkpt lat="48.778362" lon="-113.672406"><ele>1504.881</ele><time>2026-06-02T18:41:43Z</time></trkpt><trkpt lat="48.778384" lon="-113.672333"><ele>1505.431</ele><time>2026-06-02T18:41:48Z</time></trkpt><trkpt lat="48.778402" lon="-113.672216"><ele>1505.880</ele><time>2026-06-02T18:41:55Z</time></trkpt><trkpt lat="48.778401" lon="-113.672196"><ele>1505.871</ele><time>2026-06-02T18:41:56Z</time></trkpt><trkpt lat="48.7784" lon="-113.672121"><ele>1506.617</ele><time>2026-06-02T18:42:02Z</time></trkpt><trkpt lat="48.778398" lon="-113.672099"><ele>1506.692</ele><time>2026-06-02T18:42:04Z</time></trkpt><trkpt lat="48.77841" lon="-113.672066"><ele>1506.873</ele><time>2026-06-02T18:42:07Z</time></trkpt><trkpt lat="48.778422" lon="-113.672042"><ele>1506.620</ele><time>2026-06-02T18:42:09Z</time></trkpt><trkpt lat="48.778433" lon="-113.672008"><ele>1506.609</ele><time>2026-06-02T18:42:11Z</time></trkpt><trkpt lat="48.778459" lon="-113.67195"><ele>1506.441</ele><time>2026-06-02T18:42:14Z</time></trkpt><trkpt lat="48.778501" lon="-113.671906"><ele>1506.465</ele><time>2026-06-02T18:42:20Z</time></trkpt><trkpt lat="48.778511" lon="-113.6719"><ele>1506.476</ele><time>2026-06-02T18:42:21Z</time></trkpt><trkpt lat="48.778581" lon="-113.671787"><ele>1506.413</ele><time>2026-06-02T18:42:29Z</time></trkpt><trkpt lat="48.778617" lon="-113.671739"><ele>1507.056</ele><time>2026-06-02T18:42:33Z</time></trkpt><trkpt lat="48.778655" lon="-113.671686"><ele>1506.846</ele><time>2026-06-02T18:42:37Z</time></trkpt><trkpt lat="48.778689" lon="-113.671621"><ele>1506.095</ele><time>2026-06-02T18:42:41Z</time></trkpt><trkpt lat="48.778723" lon="-113.671552"><ele>1506.246</ele><time>2026-06-02T18:42:46Z</time></trkpt><trkpt lat="48.778802" lon="-113.671461"><ele>1506.292</ele><time>2026-06-02T18:42:54Z</time></trkpt><trkpt lat="48.778921" lon="-113.671371"><ele>1505.882</ele><time>2026-06-02T18:43:04Z</time></trkpt><trkpt lat="48.778953" lon="-113.671329"><ele>1505.443</ele><time>2026-06-02T18:43:08Z</time></trkpt><trkpt lat="48.779" lon="-113.671254"><ele>1505.417</ele><time>2026-06-02T18:43:13Z</time></trkpt><trkpt lat="48.779076" lon="-113.67112"><ele>1505.809</ele><time>2026-06-02T18:43:22Z</time></trkpt><trkpt lat="48.779102" lon="-113.671064"><ele>1505.840</ele><time>2026-06-02T18:43:26Z</time></trkpt><trkpt lat="48.779124" lon="-113.671025"><ele>1506.094</ele><time>2026-06-02T18:43:29Z</time></trkpt><trkpt lat="48.779143" lon="-113.671002"><ele>1506.015</ele><time>2026-06-02T18:43:32Z</time></trkpt><trkpt lat="48.77923" lon="-113.670952"><ele>1505.632</ele><time>2026-06-02T18:43:40Z</time></trkpt><trkpt lat="48.779335" lon="-113.670845"><ele>1505.445</ele><time>2026-06-02T18:43:49Z</time></trkpt><trkpt lat="48.779419" lon="-113.670757"><ele>1504.835</ele><time>2026-06-02T18:43:59Z</time></trkpt><trkpt lat="48.779428" lon="-113.670756"><ele>1504.874</ele><time>2026-06-02T18:44:00Z</time></trkpt><trkpt lat="48.77951" lon="-113.670758"><ele>1503.885</ele><time>2026-06-02T18:44:08Z</time></trkpt><trkpt lat="48.779596" lon="-113.670794"><ele>1502.671</ele><time>2026-06-02T18:44:15Z</time></trkpt><trkpt lat="48.77964" lon="-113.670806"><ele>1502.477</ele><time>2026-06-02T18:44:18Z</time></trkpt><trkpt lat="48.779705" lon="-113.670785"><ele>1501.661</ele><time>2026-06-02T18:44:23Z</time></trkpt><trkpt lat="48.779727" lon="-113.670781"><ele>1501.227</ele><time>2026-06-02T18:44:25Z</time></trkpt><trkpt lat="48.779798" lon="-113.670782"><ele>1500.609</ele><time>2026-06-02T18:44:32Z</time></trkpt><trkpt lat="48.779835" lon="-113.670757"><ele>1500.249</ele><time>2026-06-02T18:44:35Z</time></trkpt><trkpt lat="48.779914" lon="-113.67074"><ele>1499.413</ele><time>2026-06-02T18:44:43Z</time></trkpt><trkpt lat="48.779966" lon="-113.670794"><ele>1498.444</ele><time>2026-06-02T18:44:48Z</time></trkpt><trkpt lat="48.780008" lon="-113.670841"><ele>1498.211</ele><time>2026-06-02T18:44:51Z</time></trkpt><trkpt lat="48.780069" lon="-113.670891"><ele>1497.814</ele><time>2026-06-02T18:44:57Z</time></trkpt><trkpt lat="48.780098" lon="-113.670892"><ele>1497.454</ele><time>2026-06-02T18:45:00Z</time></trkpt><trkpt lat="48.780221" lon="-113.670823"><ele>1496.473</ele><time>2026-06-02T18:45:10Z</time></trkpt><trkpt lat="48.780241" lon="-113.670832"><ele>1496.294</ele><time>2026-06-02T18:45:12Z</time></trkpt><trkpt lat="48.780286" lon="-113.670839"><ele>1496.270</ele><time>2026-06-02T18:45:16Z</time></trkpt><trkpt lat="48.78033" lon="-113.670856"><ele>1496.032</ele><time>2026-06-02T18:45:20Z</time></trkpt><trkpt lat="48.780387" lon="-113.670876"><ele>1495.292</ele><time>2026-06-02T18:45:24Z</time></trkpt><trkpt lat="48.780435" lon="-113.670895"><ele>1494.611</ele><time>2026-06-02T18:45:28Z</time></trkpt><trkpt lat="48.780493" lon="-113.670895"><ele>1494.209</ele><time>2026-06-02T18:45:33Z</time></trkpt><trkpt lat="48.780522" lon="-113.670842"><ele>1494.095</ele><time>2026-06-02T18:45:37Z</time></trkpt><trkpt lat="48.780602" lon="-113.67076"><ele>1493.449</ele><time>2026-06-02T18:45:46Z</time></trkpt><trkpt lat="48.780645" lon="-113.670742"><ele>1493.050</ele><time>2026-06-02T18:45:49Z</time></trkpt><trkpt lat="48.780699" lon="-113.670695"><ele>1492.647</ele><time>2026-06-02T18:45:55Z</time></trkpt><trkpt lat="48.780774" lon="-113.670604"><ele>1492.880</ele><time>2026-06-02T18:46:03Z</time></trkpt><trkpt lat="48.780853" lon="-113.670501"><ele>1493.080</ele><time>2026-06-02T18:46:11Z</time></trkpt><trkpt lat="48.780874" lon="-113.670459"><ele>1492.839</ele><time>2026-06-02T18:46:18Z</time></trkpt><trkpt lat="48.780869" lon="-113.670466"><ele>1492.860</ele><time>2026-06-02T18:46:21Z</time></trkpt><trkpt lat="48.780877" lon="-113.670461"><ele>1492.846</ele><time>2026-06-02T18:46:26Z</time></trkpt><trkpt lat="48.780912" lon="-113.670395"><ele>1492.819</ele><time>2026-06-02T18:46:33Z</time></trkpt><trkpt lat="48.780946" lon="-113.670278"><ele>1492.409</ele><time>2026-06-02T18:46:40Z</time></trkpt><trkpt lat="48.780946" lon="-113.670268"><ele>1492.219</ele><time>2026-06-02T18:46:45Z</time></trkpt><trkpt lat="48.780945" lon="-113.670272"><ele>1492.209</ele><time>2026-06-02T18:46:47Z</time></trkpt><trkpt lat="48.78095" lon="-113.670257"><ele>1492.413</ele><time>2026-06-02T18:46:57Z</time></trkpt><trkpt lat="48.780979" lon="-113.670146"><ele>1492.427</ele><time>2026-06-02T18:47:04Z</time></trkpt><trkpt lat="48.780979" lon="-113.67"><ele>1492.478</ele><time>2026-06-02T18:47:13Z</time></trkpt><trkpt lat="48.781" lon="-113.669856"><ele>1492.635</ele><time>2026-06-02T18:47:22Z</time></trkpt><trkpt lat="48.781004" lon="-113.669814"><ele>1492.658</ele><time>2026-06-02T18:47:25Z</time></trkpt><trkpt lat="48.781009" lon="-113.669794"><ele>1492.878</ele><time>2026-06-02T18:47:27Z</time></trkpt><trkpt lat="48.781013" lon="-113.669759"><ele>1492.847</ele><time>2026-06-02T18:47:31Z</time></trkpt><trkpt lat="48.781047" lon="-113.669632"><ele>1493.298</ele><time>2026-06-02T18:47:40Z</time></trkpt><trkpt lat="48.78112" lon="-113.669498"><ele>1492.844</ele><time>2026-06-02T18:47:50Z</time></trkpt><trkpt lat="48.781203" lon="-113.669413"><ele>1492.631</ele><time>2026-06-02T18:47:59Z</time></trkpt><trkpt lat="48.781284" lon="-113.669343"><ele>1492.261</ele><time>2026-06-02T18:48:07Z</time></trkpt><trkpt lat="48.781307" lon="-113.669329"><ele>1492.007</ele><time>2026-06-02T18:48:10Z</time></trkpt><trkpt lat="48.781344" lon="-113.669298"><ele>1491.809</ele><time>2026-06-02T18:48:13Z</time></trkpt><trkpt lat="48.781403" lon="-113.669193"><ele>1491.645</ele><time>2026-06-02T18:48:21Z</time></trkpt><trkpt lat="48.781445" lon="-113.669063"><ele>1491.639</ele><time>2026-06-02T18:48:29Z</time></trkpt><trkpt lat="48.781495" lon="-113.668982"><ele>1491.050</ele><time>2026-06-02T18:48:37Z</time></trkpt><trkpt lat="48.781545" lon="-113.668915"><ele>1491.087</ele><time>2026-06-02T18:48:43Z</time></trkpt><trkpt lat="48.78156" lon="-113.668896"><ele>1491.020</ele><time>2026-06-02T18:48:45Z</time></trkpt><trkpt lat="48.78156" lon="-113.668869"><ele>1491.410</ele><time>2026-06-02T18:48:48Z</time></trkpt><trkpt lat="48.781568" lon="-113.668829"><ele>1491.049</ele><time>2026-06-02T18:48:50Z</time></trkpt><trkpt lat="48.781607" lon="-113.668718"><ele>1490.880</ele><time>2026-06-02T18:48:59Z</time></trkpt><trkpt lat="48.781641" lon="-113.668657"><ele>1490.696</ele><time>2026-06-02T18:49:06Z</time></trkpt><trkpt lat="48.781669" lon="-113.668585"><ele>1490.469</ele><time>2026-06-02T18:49:13Z</time></trkpt><trkpt lat="48.781682" lon="-113.668502"><ele>1490.604</ele><time>2026-06-02T18:49:18Z</time></trkpt><trkpt lat="48.781724" lon="-113.668414"><ele>1490.424</ele><time>2026-06-02T18:49:26Z</time></trkpt><trkpt lat="48.781739" lon="-113.668393"><ele>1490.609</ele><time>2026-06-02T18:49:34Z</time></trkpt><trkpt lat="48.781729" lon="-113.668392"><ele>1489.828</ele><time>2026-06-02T18:49:39Z</time></trkpt><trkpt lat="48.781732" lon="-113.668372"><ele>1489.682</ele><time>2026-06-02T18:49:42Z</time></trkpt><trkpt lat="48.781724" lon="-113.668374"><ele>1489.683</ele><time>2026-06-02T18:49:48Z</time></trkpt><trkpt lat="48.781722" lon="-113.66838"><ele>1489.630</ele><time>2026-06-02T18:49:50Z</time></trkpt><trkpt lat="48.781722" lon="-113.668393"><ele>1490.063</ele><time>2026-06-02T18:49:52Z</time></trkpt><trkpt lat="48.781741" lon="-113.668397"><ele>1490.673</ele><time>2026-06-02T18:50:01Z</time></trkpt><trkpt lat="48.78175" lon="-113.668407"><ele>1490.432</ele><time>2026-06-02T18:50:06Z</time></trkpt><trkpt lat="48.781752" lon="-113.66841"><ele>1490.473</ele><time>2026-06-02T18:50:07Z</time></trkpt><trkpt lat="48.781751" lon="-113.668428"><ele>1490.649</ele><time>2026-06-02T18:50:12Z</time></trkpt><trkpt lat="48.781755" lon="-113.668454"><ele>1490.627</ele><time>2026-06-02T18:50:22Z</time></trkpt><trkpt lat="48.781754" lon="-113.668451"><ele>1490.668</ele><time>2026-06-02T18:50:23Z</time></trkpt><trkpt lat="48.781751" lon="-113.668449"><ele>1490.414</ele><time>2026-06-02T18:50:29Z</time></trkpt><trkpt lat="48.781745" lon="-113.668419"><ele>1490.609</ele><time>2026-06-02T18:50:39Z</time></trkpt><trkpt lat="48.781729" lon="-113.668404"><ele>1490.614</ele><time>2026-06-02T18:50:51Z</time></trkpt><trkpt lat="48.781728" lon="-113.668427"><ele>1490.678</ele><time>2026-06-02T18:50:58Z</time></trkpt><trkpt lat="48.78173" lon="-113.668428"><ele>1490.649</ele><time>2026-06-02T18:50:59Z</time></trkpt><trkpt lat="48.781728" lon="-113.668433"><ele>1490.626</ele><time>2026-06-02T18:51:02Z</time></trkpt><trkpt lat="48.781715" lon="-113.668439"><ele>1490.659</ele><time>2026-06-02T18:51:05Z</time></trkpt><trkpt lat="48.781696" lon="-113.668447"><ele>1490.619</ele><time>2026-06-02T18:51:11Z</time></trkpt><trkpt lat="48.781734" lon="-113.66843"><ele>1490.688</ele><time>2026-06-02T18:51:18Z</time></trkpt><trkpt lat="48.781812" lon="-113.668291"><ele>1490.639</ele><time>2026-06-02T18:51:29Z</time></trkpt><trkpt lat="48.781842" lon="-113.668267"><ele>1490.875</ele><time>2026-06-02T18:51:32Z</time></trkpt><trkpt lat="48.78188" lon="-113.668225"><ele>1490.838</ele><time>2026-06-02T18:51:36Z</time></trkpt><trkpt lat="48.781929" lon="-113.668138"><ele>1490.870</ele><time>2026-06-02T18:51:42Z</time></trkpt><trkpt lat="48.781947" lon="-113.6681"><ele>1491.017</ele><time>2026-06-02T18:51:45Z</time></trkpt><trkpt lat="48.782029" lon="-113.667965"><ele>1490.809</ele><time>2026-06-02T18:51:54Z</time></trkpt><trkpt lat="48.782098" lon="-113.667846"><ele>1491.085</ele><time>2026-06-02T18:52:03Z</time></trkpt><trkpt lat="48.78215" lon="-113.667757"><ele>1491.659</ele><time>2026-06-02T18:52:10Z</time></trkpt><trkpt lat="48.782211" lon="-113.667672"><ele>1491.680</ele><time>2026-06-02T18:52:17Z</time></trkpt><trkpt lat="48.782281" lon="-113.667592"><ele>1491.487</ele><time>2026-06-02T18:52:24Z</time></trkpt><trkpt lat="48.78235" lon="-113.667514"><ele>1491.830</ele><time>2026-06-02T18:52:32Z</time></trkpt><trkpt lat="48.782375" lon="-113.667491"><ele>1492.030</ele><time>2026-06-02T18:52:35Z</time></trkpt><trkpt lat="48.782447" lon="-113.667451"><ele>1491.869</ele><time>2026-06-02T18:52:41Z</time></trkpt><trkpt lat="48.782551" lon="-113.667409"><ele>1491.490</ele><time>2026-06-02T18:52:51Z</time></trkpt><trkpt lat="48.782659" lon="-113.667395"><ele>1491.046</ele><time>2026-06-02T18:52:59Z</time></trkpt><trkpt lat="48.782661" lon="-113.667394"><ele>1490.834</ele><time>2026-06-02T18:53:01Z</time></trkpt><trkpt lat="48.782663" lon="-113.667401"><ele>1490.855</ele><time>2026-06-02T18:53:06Z</time></trkpt><trkpt lat="48.782727" lon="-113.667344"><ele>1491.410</ele><time>2026-06-02T18:53:15Z</time></trkpt><trkpt lat="48.782876" lon="-113.667301"><ele>1491.809</ele><time>2026-06-02T18:53:25Z</time></trkpt><trkpt lat="48.782921" lon="-113.667282"><ele>1491.835</ele><time>2026-06-02T18:53:28Z</time></trkpt><trkpt lat="48.782981" lon="-113.667257"><ele>1492.249</ele><time>2026-06-02T18:53:33Z</time></trkpt><trkpt lat="48.783067" lon="-113.667264"><ele>1492.430</ele><time>2026-06-02T18:53:41Z</time></trkpt><trkpt lat="48.783125" lon="-113.667271"><ele>1492.677</ele><time>2026-06-02T18:53:46Z</time></trkpt><trkpt lat="48.783143" lon="-113.667273"><ele>1492.820</ele><time>2026-06-02T18:53:49Z</time></trkpt><trkpt lat="48.783243" lon="-113.667258"><ele>1493.040</ele><time>2026-06-02T18:53:57Z</time></trkpt><trkpt lat="48.783283" lon="-113.667254"><ele>1493.069</ele><time>2026-06-02T18:54:00Z</time></trkpt><trkpt lat="48.783399" lon="-113.667242"><ele>1493.420</ele><time>2026-06-02T18:54:08Z</time></trkpt><trkpt lat="48.783409" lon="-113.667239"><ele>1493.676</ele><time>2026-06-02T18:54:09Z</time></trkpt><trkpt lat="48.783527" lon="-113.667215"><ele>1493.635</ele><time>2026-06-02T18:54:19Z</time></trkpt><trkpt lat="48.783564" lon="-113.667173"><ele>1494.086</ele><time>2026-06-02T18:54:25Z</time></trkpt><trkpt lat="48.783593" lon="-113.667149"><ele>1494.014</ele><time>2026-06-02T18:54:29Z</time></trkpt><trkpt lat="48.783703" lon="-113.666981"><ele>1494.609</ele><time>2026-06-02T18:54:39Z</time></trkpt><trkpt lat="48.783742" lon="-113.666943"><ele>1495.065</ele><time>2026-06-02T18:54:43Z</time></trkpt><trkpt lat="48.783757" lon="-113.666905"><ele>1495.079</ele><time>2026-06-02T18:54:46Z</time></trkpt><trkpt lat="48.783848" lon="-113.666765"><ele>1495.210</ele><time>2026-06-02T18:54:57Z</time></trkpt><trkpt lat="48.783957" lon="-113.666664"><ele>1495.447</ele><time>2026-06-02T18:55:07Z</time></trkpt><trkpt lat="48.784055" lon="-113.666582"><ele>1495.490</ele><time>2026-06-02T18:55:17Z</time></trkpt><trkpt lat="48.784148" lon="-113.666459"><ele>1495.010</ele><time>2026-06-02T18:55:26Z</time></trkpt><trkpt lat="48.784196" lon="-113.666382"><ele>1494.659</ele><time>2026-06-02T18:55:32Z</time></trkpt><trkpt lat="48.784223" lon="-113.666347"><ele>1494.270</ele><time>2026-06-02T18:55:35Z</time></trkpt><trkpt lat="48.784229" lon="-113.666333"><ele>1494.296</ele><time>2026-06-02T18:55:36Z</time></trkpt><trkpt lat="48.784295" lon="-113.666208"><ele>1494.025</ele><time>2026-06-02T18:55:44Z</time></trkpt><trkpt lat="48.784324" lon="-113.666105"><ele>1494.026</ele><time>2026-06-02T18:55:49Z</time></trkpt><trkpt lat="48.784343" lon="-113.666025"><ele>1493.808</ele><time>2026-06-02T18:55:53Z</time></trkpt><trkpt lat="48.784372" lon="-113.665889"><ele>1493.409</ele><time>2026-06-02T18:56:00Z</time></trkpt><trkpt lat="48.78438" lon="-113.665828"><ele>1493.254</ele><time>2026-06-02T18:56:04Z</time></trkpt><trkpt lat="48.784396" lon="-113.66575"><ele>1493.238</ele><time>2026-06-02T18:56:09Z</time></trkpt><trkpt lat="48.784402" lon="-113.665734"><ele>1493.279</ele><time>2026-06-02T18:56:10Z</time></trkpt><trkpt lat="48.784406" lon="-113.665721"><ele>1493.276</ele><time>2026-06-02T18:56:11Z</time></trkpt><trkpt lat="48.784412" lon="-113.665709"><ele>1493.259</ele><time>2026-06-02T18:56:12Z</time></trkpt><trkpt lat="48.784441" lon="-113.665624"><ele>1493.419</ele><time>2026-06-02T18:56:18Z</time></trkpt><trkpt lat="48.784468" lon="-113.665503"><ele>1494.278</ele><time>2026-06-02T18:56:26Z</time></trkpt><trkpt lat="48.784489" lon="-113.665345"><ele>1494.419</ele><time>2026-06-02T18:56:34Z</time></trkpt><trkpt lat="48.784526" lon="-113.665196"><ele>1495.065</ele><time>2026-06-02T18:56:42Z</time></trkpt><trkpt lat="48.784536" lon="-113.66513"><ele>1495.241</ele><time>2026-06-02T18:56:46Z</time></trkpt><trkpt lat="48.784546" lon="-113.664989"><ele>1494.881</ele><time>2026-06-02T18:56:54Z</time></trkpt><trkpt lat="48.784561" lon="-113.664837"><ele>1494.809</ele><time>2026-06-02T18:57:03Z</time></trkpt><trkpt lat="48.784577" lon="-113.664683"><ele>1495.209</ele><time>2026-06-02T18:57:12Z</time></trkpt><trkpt lat="48.784618" lon="-113.664536"><ele>1494.486</ele><time>2026-06-02T18:57:20Z</time></trkpt><trkpt lat="48.784633" lon="-113.664484"><ele>1493.840</ele><time>2026-06-02T18:57:23Z</time></trkpt><trkpt lat="48.784663" lon="-113.664395"><ele>1493.481</ele><time>2026-06-02T18:57:27Z</time></trkpt><trkpt lat="48.784705" lon="-113.66427"><ele>1492.848</ele><time>2026-06-02T18:57:35Z</time></trkpt><trkpt lat="48.784719" lon="-113.664239"><ele>1492.421</ele><time>2026-06-02T18:57:37Z</time></trkpt><trkpt lat="48.784756" lon="-113.664158"><ele>1491.671</ele><time>2026-06-02T18:57:42Z</time></trkpt><trkpt lat="48.784785" lon="-113.664078"><ele>1491.420</ele><time>2026-06-02T18:57:46Z</time></trkpt><trkpt lat="48.784825" lon="-113.663978"><ele>1491.421</ele><time>2026-06-02T18:57:53Z</time></trkpt><trkpt lat="48.784879" lon="-113.663852"><ele>1491.427</ele><time>2026-06-02T18:58:02Z</time></trkpt><trkpt lat="48.784922" lon="-113.66376"><ele>1491.216</ele><time>2026-06-02T18:58:09Z</time></trkpt><trkpt lat="48.785015" lon="-113.663608"><ele>1491.476</ele><time>2026-06-02T18:58:19Z</time></trkpt><trkpt lat="48.785085" lon="-113.663517"><ele>1491.813</ele><time>2026-06-02T18:58:27Z</time></trkpt><trkpt lat="48.785179" lon="-113.663474"><ele>1492.009</ele><time>2026-06-02T18:58:34Z</time></trkpt><trkpt lat="48.785275" lon="-113.663443"><ele>1492.063</ele><time>2026-06-02T18:58:43Z</time></trkpt><trkpt lat="48.785359" lon="-113.66336"><ele>1492.647</ele><time>2026-06-02T18:58:51Z</time></trkpt><trkpt lat="48.78538" lon="-113.663332"><ele>1492.888</ele><time>2026-06-02T18:58:54Z</time></trkpt><trkpt lat="48.785427" lon="-113.663277"><ele>1493.435</ele><time>2026-06-02T18:59:00Z</time></trkpt><trkpt lat="48.785502" lon="-113.663202"><ele>1493.698</ele><time>2026-06-02T18:59:07Z</time></trkpt><trkpt lat="48.785551" lon="-113.663136"><ele>1493.858</ele><time>2026-06-02T18:59:12Z</time></trkpt><trkpt lat="48.785583" lon="-113.663059"><ele>1493.847</ele><time>2026-06-02T18:59:17Z</time></trkpt><trkpt lat="48.785674" lon="-113.66294"><ele>1494.418</ele><time>2026-06-02T18:59:27Z</time></trkpt><trkpt lat="48.785751" lon="-113.662856"><ele>1494.214</ele><time>2026-06-02T18:59:35Z</time></trkpt><trkpt lat="48.785833" lon="-113.662794"><ele>1494.443</ele><time>2026-06-02T18:59:43Z</time></trkpt><trkpt lat="48.785892" lon="-113.662711"><ele>1494.464</ele><time>2026-06-02T18:59:50Z</time></trkpt><trkpt lat="48.785978" lon="-113.662644"><ele>1493.610</ele><time>2026-06-02T18:59:59Z</time></trkpt><trkpt lat="48.786091" lon="-113.662602"><ele>1492.809</ele><time>2026-06-02T19:00:09Z</time></trkpt><trkpt lat="48.786098" lon="-113.662607"><ele>1492.696</ele><time>2026-06-02T19:00:10Z</time></trkpt><trkpt lat="48.786213" lon="-113.662627"><ele>1492.040</ele><time>2026-06-02T19:00:19Z</time></trkpt><trkpt lat="48.786337" lon="-113.662624"><ele>1492.251</ele><time>2026-06-02T19:00:29Z</time></trkpt><trkpt lat="48.786433" lon="-113.662657"><ele>1492.268</ele><time>2026-06-02T19:00:39Z</time></trkpt><trkpt lat="48.786506" lon="-113.662664"><ele>1491.661</ele><time>2026-06-02T19:00:43Z</time></trkpt><trkpt lat="48.786583" lon="-113.662681"><ele>1491.431</ele><time>2026-06-02T19:00:48Z</time></trkpt><trkpt lat="48.786685" lon="-113.662719"><ele>1491.260</ele><time>2026-06-02T19:00:57Z</time></trkpt><trkpt lat="48.786762" lon="-113.66271"><ele>1491.071</ele><time>2026-06-02T19:01:05Z</time></trkpt><trkpt lat="48.786836" lon="-113.66267"><ele>1490.887</ele><time>2026-06-02T19:01:12Z</time></trkpt><trkpt lat="48.786863" lon="-113.662593"><ele>1492.282</ele><time>2026-06-02T19:01:20Z</time></trkpt><trkpt lat="48.786875" lon="-113.66257"><ele>1492.843</ele><time>2026-06-02T19:01:23Z</time></trkpt><trkpt lat="48.786922" lon="-113.662501"><ele>1493.217</ele><time>2026-06-02T19:01:28Z</time></trkpt><trkpt lat="48.786933" lon="-113.662498"><ele>1493.209</ele><time>2026-06-02T19:01:29Z</time></trkpt><trkpt lat="48.787033" lon="-113.662472"><ele>1492.870</ele><time>2026-06-02T19:01:38Z</time></trkpt><trkpt lat="48.787121" lon="-113.662471"><ele>1492.054</ele><time>2026-06-02T19:01:47Z</time></trkpt><trkpt lat="48.787132" lon="-113.662467"><ele>1491.875</ele><time>2026-06-02T19:01:48Z</time></trkpt><trkpt lat="48.787228" lon="-113.662425"><ele>1490.882</ele><time>2026-06-02T19:01:56Z</time></trkpt><trkpt lat="48.787292" lon="-113.66235"><ele>1491.065</ele><time>2026-06-02T19:02:02Z</time></trkpt><trkpt lat="48.787352" lon="-113.662313"><ele>1491.225</ele><time>2026-06-02T19:02:09Z</time></trkpt><trkpt lat="48.787433" lon="-113.662207"><ele>1491.264</ele><time>2026-06-02T19:02:17Z</time></trkpt><trkpt lat="48.787484" lon="-113.662162"><ele>1491.435</ele><time>2026-06-02T19:02:22Z</time></trkpt><trkpt lat="48.787498" lon="-113.662147"><ele>1491.231</ele><time>2026-06-02T19:02:24Z</time></trkpt><trkpt lat="48.78756" lon="-113.66209"><ele>1491.657</ele><time>2026-06-02T19:02:31Z</time></trkpt><trkpt lat="48.787631" lon="-113.662046"><ele>1491.800</ele><time>2026-06-02T19:02:38Z</time></trkpt><trkpt lat="48.787707" lon="-113.66207"><ele>1491.620</ele><time>2026-06-02T19:02:45Z</time></trkpt><trkpt lat="48.787798" lon="-113.662135"><ele>1491.209</ele><time>2026-06-02T19:02:54Z</time></trkpt><trkpt lat="48.787879" lon="-113.662214"><ele>1491.477</ele><time>2026-06-02T19:03:03Z</time></trkpt><trkpt lat="48.7879" lon="-113.662267"><ele>1491.451</ele><time>2026-06-02T19:03:11Z</time></trkpt><trkpt lat="48.787941" lon="-113.662352"><ele>1491.232</ele><time>2026-06-02T19:03:16Z</time></trkpt><trkpt lat="48.787981" lon="-113.662436"><ele>1491.229</ele><time>2026-06-02T19:03:23Z</time></trkpt><trkpt lat="48.788057" lon="-113.662505"><ele>1491.252</ele><time>2026-06-02T19:03:31Z</time></trkpt><trkpt lat="48.788119" lon="-113.662584"><ele>1491.252</ele><time>2026-06-02T19:03:39Z</time></trkpt><trkpt lat="48.788165" lon="-113.662704"><ele>1491.231</ele><time>2026-06-02T19:03:46Z</time></trkpt><trkpt lat="48.788213" lon="-113.66275"><ele>1491.072</ele><time>2026-06-02T19:03:51Z</time></trkpt><trkpt lat="48.788278" lon="-113.662801"><ele>1491.658</ele><time>2026-06-02T19:03:58Z</time></trkpt><trkpt lat="48.788336" lon="-113.662838"><ele>1491.412</ele><time>2026-06-02T19:04:04Z</time></trkpt><trkpt lat="48.788409" lon="-113.662944"><ele>1491.432</ele><time>2026-06-02T19:04:12Z</time></trkpt><trkpt lat="48.788491" lon="-113.663042"><ele>1491.405</ele><time>2026-06-02T19:04:22Z</time></trkpt><trkpt lat="48.788589" lon="-113.663059"><ele>1491.009</ele><time>2026-06-02T19:04:30Z</time></trkpt><trkpt lat="48.788665" lon="-113.66304"><ele>1491.263</ele><time>2026-06-02T19:04:36Z</time></trkpt><trkpt lat="48.788702" lon="-113.663022"><ele>1491.297</ele><time>2026-06-02T19:04:39Z</time></trkpt><trkpt lat="48.788759" lon="-113.663026"><ele>1491.458</ele><time>2026-06-02T19:04:44Z</time></trkpt><trkpt lat="48.78881" lon="-113.663075"><ele>1491.645</ele><time>2026-06-02T19:04:49Z</time></trkpt><trkpt lat="48.788878" lon="-113.663169"><ele>1491.828</ele><time>2026-06-02T19:04:57Z</time></trkpt><trkpt lat="48.788934" lon="-113.663195"><ele>1492.218</ele><time>2026-06-02T19:05:06Z</time></trkpt><trkpt lat="48.788946" lon="-113.663201"><ele>1492.447</ele><time>2026-06-02T19:05:16Z</time></trkpt><trkpt lat="48.788952" lon="-113.663183"><ele>1492.418</ele><time>2026-06-02T19:05:22Z</time></trkpt><trkpt lat="48.788963" lon="-113.663157"><ele>1492.864</ele><time>2026-06-02T19:05:25Z</time></trkpt><trkpt lat="48.788964" lon="-113.663144"><ele>1492.471</ele><time>2026-06-02T19:05:31Z</time></trkpt><trkpt lat="48.788967" lon="-113.663148"><ele>1492.441</ele><time>2026-06-02T19:05:33Z</time></trkpt><trkpt lat="48.78897" lon="-113.663152"><ele>1492.615</ele><time>2026-06-02T19:05:34Z</time></trkpt><trkpt lat="48.788978" lon="-113.663163"><ele>1492.609</ele><time>2026-06-02T19:05:36Z</time></trkpt><trkpt lat="48.788994" lon="-113.663182"><ele>1492.639</ele><time>2026-06-02T19:05:39Z</time></trkpt><trkpt lat="48.789085" lon="-113.663243"><ele>1492.613</ele><time>2026-06-02T19:05:47Z</time></trkpt><trkpt lat="48.789178" lon="-113.66329"><ele>1492.684</ele><time>2026-06-02T19:05:55Z</time></trkpt><trkpt lat="48.789283" lon="-113.663229"><ele>1492.691</ele><time>2026-06-02T19:06:04Z</time></trkpt><trkpt lat="48.789375" lon="-113.663162"><ele>1492.654</ele><time>2026-06-02T19:06:11Z</time></trkpt><trkpt lat="48.789501" lon="-113.663112"><ele>1491.834</ele><time>2026-06-02T19:06:21Z</time></trkpt><trkpt lat="48.789528" lon="-113.663093"><ele>1491.893</ele><time>2026-06-02T19:06:24Z</time></trkpt><trkpt lat="48.789574" lon="-113.663034"><ele>1491.894</ele><time>2026-06-02T19:06:28Z</time></trkpt><trkpt lat="48.789623" lon="-113.662888"><ele>1491.860</ele><time>2026-06-02T19:06:36Z</time></trkpt><trkpt lat="48.789663" lon="-113.662758"><ele>1492.019</ele><time>2026-06-02T19:06:44Z</time></trkpt><trkpt lat="48.789715" lon="-113.662667"><ele>1491.809</ele><time>2026-06-02T19:06:50Z</time></trkpt><trkpt lat="48.78976" lon="-113.662553"><ele>1491.819</ele><time>2026-06-02T19:06:58Z</time></trkpt><trkpt lat="48.789841" lon="-113.662421"><ele>1491.609</ele><time>2026-06-02T19:07:08Z</time></trkpt><trkpt lat="48.789897" lon="-113.662326"><ele>1491.633</ele><time>2026-06-02T19:07:14Z</time></trkpt><trkpt lat="48.78999" lon="-113.662259"><ele>1491.837</ele><time>2026-06-02T19:07:22Z</time></trkpt><trkpt lat="48.79007" lon="-113.662225"><ele>1491.618</ele><time>2026-06-02T19:07:29Z</time></trkpt><trkpt lat="48.790144" lon="-113.662263"><ele>1491.215</ele><time>2026-06-02T19:07:36Z</time></trkpt><trkpt lat="48.790155" lon="-113.66225"><ele>1491.428</ele><time>2026-06-02T19:07:42Z</time></trkpt><trkpt lat="48.790217" lon="-113.662197"><ele>1491.448</ele><time>2026-06-02T19:07:48Z</time></trkpt><trkpt lat="48.790349" lon="-113.662177"><ele>1491.877</ele><time>2026-06-02T19:07:56Z</time></trkpt><trkpt lat="48.790438" lon="-113.662138"><ele>1491.478</ele><time>2026-06-02T19:08:03Z</time></trkpt><trkpt lat="48.790505" lon="-113.662003"><ele>1491.444</ele><time>2026-06-02T19:08:11Z</time></trkpt><trkpt lat="48.790524" lon="-113.661865"><ele>1491.675</ele><time>2026-06-02T19:08:19Z</time></trkpt><trkpt lat="48.790534" lon="-113.661686"><ele>1491.428</ele><time>2026-06-02T19:08:28Z</time></trkpt><trkpt lat="48.790526" lon="-113.661604"><ele>1491.420</ele><time>2026-06-02T19:08:34Z</time></trkpt><trkpt lat="48.790525" lon="-113.661597"><ele>1491.409</ele><time>2026-06-02T19:08:39Z</time></trkpt><trkpt lat="48.790511" lon="-113.66156"><ele>1491.489</ele><time>2026-06-02T19:08:41Z</time></trkpt><trkpt lat="48.790501" lon="-113.661544"><ele>1491.483</ele><time>2026-06-02T19:08:42Z</time></trkpt><trkpt lat="48.790443" lon="-113.661407"><ele>1492.294</ele><time>2026-06-02T19:08:49Z</time></trkpt><trkpt lat="48.790442" lon="-113.661248"><ele>1491.811</ele><time>2026-06-02T19:08:57Z</time></trkpt><trkpt lat="48.790443" lon="-113.661116"><ele>1491.624</ele><time>2026-06-02T19:09:04Z</time></trkpt><trkpt lat="48.79044" lon="-113.661077"><ele>1491.484</ele><time>2026-06-02T19:09:12Z</time></trkpt><trkpt lat="48.790454" lon="-113.660992"><ele>1491.423</ele><time>2026-06-02T19:09:18Z</time></trkpt><trkpt lat="48.790505" lon="-113.660877"><ele>1491.444</ele><time>2026-06-02T19:09:27Z</time></trkpt><trkpt lat="48.790552" lon="-113.660784"><ele>1491.250</ele><time>2026-06-02T19:09:34Z</time></trkpt><trkpt lat="48.790609" lon="-113.660724"><ele>1491.889</ele><time>2026-06-02T19:09:41Z</time></trkpt><trkpt lat="48.790708" lon="-113.66072"><ele>1491.806</ele><time>2026-06-02T19:09:49Z</time></trkpt><trkpt lat="48.790826" lon="-113.660765"><ele>1492.026</ele><time>2026-06-02T19:09:58Z</time></trkpt><trkpt lat="48.790873" lon="-113.66083"><ele>1491.809</ele><time>2026-06-02T19:10:04Z</time></trkpt><trkpt lat="48.790963" lon="-113.660945"><ele>1491.850</ele><time>2026-06-02T19:10:12Z</time></trkpt><trkpt lat="48.790969" lon="-113.660969"><ele>1491.694</ele><time>2026-06-02T19:10:17Z</time></trkpt><trkpt lat="48.791031" lon="-113.661061"><ele>1492.085</ele><time>2026-06-02T19:10:23Z</time></trkpt><trkpt lat="48.791118" lon="-113.661142"><ele>1492.082</ele><time>2026-06-02T19:10:31Z</time></trkpt><trkpt lat="48.7912" lon="-113.661197"><ele>1492.235</ele><time>2026-06-02T19:10:39Z</time></trkpt><trkpt lat="48.791309" lon="-113.661281"><ele>1492.265</ele><time>2026-06-02T19:10:50Z</time></trkpt><trkpt lat="48.791373" lon="-113.661341"><ele>1491.674</ele><time>2026-06-02T19:10:57Z</time></trkpt><trkpt lat="48.791385" lon="-113.661346"><ele>1491.875</ele><time>2026-06-02T19:10:58Z</time></trkpt><trkpt lat="48.791474" lon="-113.661383"><ele>1491.871</ele><time>2026-06-02T19:11:06Z</time></trkpt><trkpt lat="48.791555" lon="-113.661414"><ele>1492.047</ele><time>2026-06-02T19:11:14Z</time></trkpt><trkpt lat="48.791642" lon="-113.661465"><ele>1492.029</ele><time>2026-06-02T19:11:22Z</time></trkpt><trkpt lat="48.791732" lon="-113.661567"><ele>1492.221</ele><time>2026-06-02T19:11:32Z</time></trkpt><trkpt lat="48.791824" lon="-113.661645"><ele>1492.209</ele><time>2026-06-02T19:11:40Z</time></trkpt><trkpt lat="48.791907" lon="-113.661723"><ele>1492.616</ele><time>2026-06-02T19:11:49Z</time></trkpt><trkpt lat="48.791991" lon="-113.66177"><ele>1492.450</ele><time>2026-06-02T19:11:57Z</time></trkpt><trkpt lat="48.792011" lon="-113.661793"><ele>1492.831</ele><time>2026-06-02T19:12:00Z</time></trkpt><trkpt lat="48.792049" lon="-113.661839"><ele>1493.028</ele><time>2026-06-02T19:12:04Z</time></trkpt><trkpt lat="48.792136" lon="-113.661952"><ele>1493.071</ele><time>2026-06-02T19:12:13Z</time></trkpt><trkpt lat="48.792223" lon="-113.662024"><ele>1492.651</ele><time>2026-06-02T19:12:21Z</time></trkpt><trkpt lat="48.792329" lon="-113.662007"><ele>1493.020</ele><time>2026-06-02T19:12:29Z</time></trkpt><trkpt lat="48.792396" lon="-113.661987"><ele>1493.081</ele><time>2026-06-02T19:12:35Z</time></trkpt><trkpt lat="48.792518" lon="-113.661977"><ele>1492.617</ele><time>2026-06-02T19:12:44Z</time></trkpt><trkpt lat="48.792611" lon="-113.661939"><ele>1492.256</ele><time>2026-06-02T19:12:53Z</time></trkpt><trkpt lat="48.792697" lon="-113.661889"><ele>1492.459</ele><time>2026-06-02T19:13:01Z</time></trkpt><trkpt lat="48.7928" lon="-113.66179"><ele>1491.814</ele><time>2026-06-02T19:13:10Z</time></trkpt><trkpt lat="48.79284" lon="-113.661747"><ele>1491.809</ele><time>2026-06-02T19:13:14Z</time></trkpt><trkpt lat="48.792889" lon="-113.661703"><ele>1491.887</ele><time>2026-06-02T19:13:18Z</time></trkpt><trkpt lat="48.792949" lon="-113.66165"><ele>1491.891</ele><time>2026-06-02T19:13:24Z</time></trkpt><trkpt lat="48.792966" lon="-113.661629"><ele>1491.692</ele><time>2026-06-02T19:13:26Z</time></trkpt><trkpt lat="48.793075" lon="-113.661511"><ele>1491.899</ele><time>2026-06-02T19:13:35Z</time></trkpt><trkpt lat="48.79312" lon="-113.661405"><ele>1491.852</ele><time>2026-06-02T19:13:42Z</time></trkpt><trkpt lat="48.793206" lon="-113.661328"><ele>1492.242</ele><time>2026-06-02T19:13:51Z</time></trkpt><trkpt lat="48.793255" lon="-113.661206"><ele>1492.451</ele><time>2026-06-02T19:13:59Z</time></trkpt><trkpt lat="48.793261" lon="-113.661109"><ele>1492.852</ele><time>2026-06-02T19:14:04Z</time></trkpt><trkpt lat="48.793261" lon="-113.661066"><ele>1492.698</ele><time>2026-06-02T19:14:07Z</time></trkpt><trkpt lat="48.793261" lon="-113.661042"><ele>1492.665</ele><time>2026-06-02T19:14:08Z</time></trkpt><trkpt lat="48.793219" lon="-113.660895"><ele>1493.268</ele><time>2026-06-02T19:14:17Z</time></trkpt><trkpt lat="48.793164" lon="-113.660786"><ele>1493.414</ele><time>2026-06-02T19:14:25Z</time></trkpt><trkpt lat="48.793162" lon="-113.660645"><ele>1493.209</ele><time>2026-06-02T19:14:33Z</time></trkpt><trkpt lat="48.793163" lon="-113.660516"><ele>1493.098</ele><time>2026-06-02T19:14:41Z</time></trkpt><trkpt lat="48.793156" lon="-113.66036"><ele>1492.842</ele><time>2026-06-02T19:14:50Z</time></trkpt><trkpt lat="48.793177" lon="-113.660205"><ele>1492.863</ele><time>2026-06-02T19:14:59Z</time></trkpt><trkpt lat="48.793224" lon="-113.66008"><ele>1492.440</ele><time>2026-06-02T19:15:04Z</time></trkpt><trkpt lat="48.793246" lon="-113.660017"><ele>1492.273</ele><time>2026-06-02T19:15:07Z</time></trkpt><trkpt lat="48.793286" lon="-113.659879"><ele>1492.423</ele><time>2026-06-02T19:15:16Z</time></trkpt><trkpt lat="48.793325" lon="-113.659721"><ele>1492.892</ele><time>2026-06-02T19:15:25Z</time></trkpt><trkpt lat="48.793381" lon="-113.659522"><ele>1492.663</ele><time>2026-06-02T19:15:36Z</time></trkpt><trkpt lat="48.793388" lon="-113.659414"><ele>1492.679</ele><time>2026-06-02T19:15:44Z</time></trkpt><trkpt lat="48.793412" lon="-113.659238"><ele>1492.867</ele><time>2026-06-02T19:15:52Z</time></trkpt><trkpt lat="48.793473" lon="-113.659052"><ele>1492.881</ele><time>2026-06-02T19:16:03Z</time></trkpt><trkpt lat="48.793544" lon="-113.658965"><ele>1492.619</ele><time>2026-06-02T19:16:10Z</time></trkpt><trkpt lat="48.793615" lon="-113.658872"><ele>1492.609</ele><time>2026-06-02T19:16:19Z</time></trkpt><trkpt lat="48.793623" lon="-113.658866"><ele>1492.418</ele><time>2026-06-02T19:16:20Z</time></trkpt><trkpt lat="48.793693" lon="-113.658813"><ele>1492.812</ele><time>2026-06-02T19:16:28Z</time></trkpt><trkpt lat="48.793802" lon="-113.65872"><ele>1493.433</ele><time>2026-06-02T19:16:38Z</time></trkpt><trkpt lat="48.793849" lon="-113.658677"><ele>1493.820</ele><time>2026-06-02T19:16:42Z</time></trkpt><trkpt lat="48.793902" lon="-113.658662"><ele>1493.813</ele><time>2026-06-02T19:16:46Z</time></trkpt><trkpt lat="48.793943" lon="-113.658653"><ele>1493.883</ele><time>2026-06-02T19:16:49Z</time></trkpt><trkpt lat="48.794035" lon="-113.658653"><ele>1493.662</ele><time>2026-06-02T19:16:55Z</time></trkpt><trkpt lat="48.794132" lon="-113.658675"><ele>1493.233</ele><time>2026-06-02T19:17:03Z</time></trkpt><trkpt lat="48.794227" lon="-113.658697"><ele>1493.279</ele><time>2026-06-02T19:17:11Z</time></trkpt><trkpt lat="48.79424" lon="-113.6587"><ele>1493.037</ele><time>2026-06-02T19:17:12Z</time></trkpt><trkpt lat="48.794337" lon="-113.658714"><ele>1493.049</ele><time>2026-06-02T19:17:20Z</time></trkpt><trkpt lat="48.794366" lon="-113.658711"><ele>1492.813</ele><time>2026-06-02T19:17:22Z</time></trkpt><trkpt lat="48.794416" lon="-113.658686"><ele>1493.209</ele><time>2026-06-02T19:17:27Z</time></trkpt><trkpt lat="48.794448" lon="-113.658597"><ele>1493.895</ele><time>2026-06-02T19:17:34Z</time></trkpt><trkpt lat="48.794458" lon="-113.658557"><ele>1494.049</ele><time>2026-06-02T19:17:36Z</time></trkpt><trkpt lat="48.794463" lon="-113.658434"><ele>1494.650</ele><time>2026-06-02T19:17:44Z</time></trkpt><trkpt lat="48.794479" lon="-113.658376"><ele>1494.817</ele><time>2026-06-02T19:17:48Z</time></trkpt><trkpt lat="48.794484" lon="-113.65825"><ele>1494.890</ele><time>2026-06-02T19:17:54Z</time></trkpt><trkpt lat="48.794499" lon="-113.658077"><ele>1494.630</ele><time>2026-06-02T19:18:04Z</time></trkpt><trkpt lat="48.794525" lon="-113.657886"><ele>1494.829</ele><time>2026-06-02T19:18:14Z</time></trkpt><trkpt lat="48.794546" lon="-113.657734"><ele>1495.050</ele><time>2026-06-02T19:18:23Z</time></trkpt><trkpt lat="48.794553" lon="-113.657716"><ele>1495.066</ele><time>2026-06-02T19:18:25Z</time></trkpt><trkpt lat="48.79457" lon="-113.657673"><ele>1495.252</ele><time>2026-06-02T19:18:29Z</time></trkpt><trkpt lat="48.794598" lon="-113.657629"><ele>1495.253</ele><time>2026-06-02T19:18:33Z</time></trkpt><trkpt lat="48.794677" lon="-113.657611"><ele>1494.808</ele><time>2026-06-02T19:18:42Z</time></trkpt><trkpt lat="48.794772" lon="-113.657578"><ele>1494.809</ele><time>2026-06-02T19:18:49Z</time></trkpt><trkpt lat="48.794801" lon="-113.65757"><ele>1494.637</ele><time>2026-06-02T19:18:51Z</time></trkpt><trkpt lat="48.794897" lon="-113.657577"><ele>1494.211</ele><time>2026-06-02T19:19:00Z</time></trkpt><trkpt lat="48.795007" lon="-113.657558"><ele>1494.462</ele><time>2026-06-02T19:19:09Z</time></trkpt><trkpt lat="48.795112" lon="-113.657536"><ele>1495.029</ele><time>2026-06-02T19:19:17Z</time></trkpt><trkpt lat="48.795218" lon="-113.65752"><ele>1495.692</ele><time>2026-06-02T19:19:26Z</time></trkpt><trkpt lat="48.795246" lon="-113.657489"><ele>1495.482</ele><time>2026-06-02T19:19:34Z</time></trkpt><trkpt lat="48.795247" lon="-113.65747"><ele>1495.471</ele><time>2026-06-02T19:19:46Z</time></trkpt><trkpt lat="48.795244" lon="-113.657471"><ele>1495.482</ele><time>2026-06-02T19:19:57Z</time></trkpt><trkpt lat="48.795242" lon="-113.657479"><ele>1495.298</ele><time>2026-06-02T19:20:08Z</time></trkpt><trkpt lat="48.795299" lon="-113.657469"><ele>1495.849</ele><time>2026-06-02T19:20:14Z</time></trkpt><trkpt lat="48.795307" lon="-113.657462"><ele>1496.002</ele><time>2026-06-02T19:20:15Z</time></trkpt><trkpt lat="48.79539" lon="-113.657455"><ele>1496.022</ele><time>2026-06-02T19:20:22Z</time></trkpt><trkpt lat="48.795467" lon="-113.657453"><ele>1495.209</ele><time>2026-06-02T19:20:30Z</time></trkpt><trkpt lat="48.795545" lon="-113.657398"><ele>1495.656</ele><time>2026-06-02T19:20:37Z</time></trkpt><trkpt lat="48.795635" lon="-113.657372"><ele>1495.810</ele><time>2026-06-02T19:20:45Z</time></trkpt><trkpt lat="48.795738" lon="-113.657355"><ele>1497.011</ele><time>2026-06-02T19:20:54Z</time></trkpt><trkpt lat="48.79575" lon="-113.657356"><ele>1497.298</ele><time>2026-06-02T19:20:55Z</time></trkpt><trkpt lat="48.795789" lon="-113.65734"><ele>1498.061</ele><time>2026-06-02T19:20:59Z</time></trkpt><trkpt lat="48.795822" lon="-113.657326"><ele>1498.021</ele><time>2026-06-02T19:21:02Z</time></trkpt><trkpt lat="48.795845" lon="-113.65732"><ele>1498.230</ele><time>2026-06-02T19:21:04Z</time></trkpt><trkpt lat="48.79591" lon="-113.657302"><ele>1499.281</ele><time>2026-06-02T19:21:11Z</time></trkpt><trkpt lat="48.795918" lon="-113.657299"><ele>1499.447</ele><time>2026-06-02T19:21:12Z</time></trkpt><trkpt lat="48.795962" lon="-113.657248"><ele>1500.016</ele><time>2026-06-02T19:21:19Z</time></trkpt><trkpt lat="48.795964" lon="-113.657231"><ele>1500.276</ele><time>2026-06-02T19:21:20Z</time></trkpt><trkpt lat="48.795965" lon="-113.657212"><ele>1500.413</ele><time>2026-06-02T19:21:22Z</time></trkpt><trkpt lat="48.795953" lon="-113.657187"><ele>1500.609</ele><time>2026-06-02T19:21:27Z</time></trkpt><trkpt lat="48.795891" lon="-113.65718"><ele>1501.063</ele><time>2026-06-02T19:21:33Z</time></trkpt><trkpt lat="48.795813" lon="-113.65717"><ele>1501.477</ele><time>2026-06-02T19:21:41Z</time></trkpt><trkpt lat="48.79574" lon="-113.657149"><ele>1502.418</ele><time>2026-06-02T19:21:49Z</time></trkpt><trkpt lat="48.795731" lon="-113.657149"><ele>1502.445</ele><time>2026-06-02T19:21:50Z</time></trkpt><trkpt lat="48.795677" lon="-113.657154"><ele>1502.838</ele><time>2026-06-02T19:21:56Z</time></trkpt><trkpt lat="48.79561" lon="-113.65714"><ele>1503.458</ele><time>2026-06-02T19:22:04Z</time></trkpt><trkpt lat="48.795605" lon="-113.657138"><ele>1503.677</ele><time>2026-06-02T19:22:05Z</time></trkpt><trkpt lat="48.795562" lon="-113.65712"><ele>1504.428</ele><time>2026-06-02T19:22:10Z</time></trkpt><trkpt lat="48.795541" lon="-113.657118"><ele>1504.274</ele><time>2026-06-02T19:22:12Z</time></trkpt><trkpt lat="48.795503" lon="-113.657089"><ele>1504.246</ele><time>2026-06-02T19:22:16Z</time></trkpt><trkpt lat="48.79544" lon="-113.657075"><ele>1504.688</ele><time>2026-06-02T19:22:22Z</time></trkpt><trkpt lat="48.795431" lon="-113.657066"><ele>1504.616</ele><time>2026-06-02T19:22:23Z</time></trkpt><trkpt lat="48.795345" lon="-113.656979"><ele>1505.209</ele><time>2026-06-02T19:22:32Z</time></trkpt><trkpt lat="48.795326" lon="-113.656962"><ele>1505.636</ele><time>2026-06-02T19:22:34Z</time></trkpt><trkpt lat="48.795303" lon="-113.656916"><ele>1505.860</ele><time>2026-06-02T19:22:38Z</time></trkpt><trkpt lat="48.795266" lon="-113.656836"><ele>1506.071</ele><time>2026-06-02T19:22:45Z</time></trkpt><trkpt lat="48.795249" lon="-113.656746"><ele>1506.888</ele><time>2026-06-02T19:22:51Z</time></trkpt><trkpt lat="48.795246" lon="-113.656727"><ele>1506.821</ele><time>2026-06-02T19:22:52Z</time></trkpt><trkpt lat="48.795232" lon="-113.656634"><ele>1506.811</ele><time>2026-06-02T19:22:58Z</time></trkpt><trkpt lat="48.795235" lon="-113.656525"><ele>1507.460</ele><time>2026-06-02T19:23:05Z</time></trkpt><trkpt lat="48.795255" lon="-113.656462"><ele>1507.851</ele><time>2026-06-02T19:23:10Z</time></trkpt><trkpt lat="48.795269" lon="-113.656439"><ele>1507.887</ele><time>2026-06-02T19:23:12Z</time></trkpt><trkpt lat="48.795324" lon="-113.656294"><ele>1508.297</ele><time>2026-06-02T19:23:22Z</time></trkpt><trkpt lat="48.79538" lon="-113.65622"><ele>1508.623</ele><time>2026-06-02T19:23:30Z</time></trkpt><trkpt lat="48.795416" lon="-113.656203"><ele>1508.825</ele><time>2026-06-02T19:23:34Z</time></trkpt><trkpt lat="48.795432" lon="-113.656185"><ele>1509.009</ele><time>2026-06-02T19:23:36Z</time></trkpt><trkpt lat="48.795518" lon="-113.656151"><ele>1509.021</ele><time>2026-06-02T19:23:45Z</time></trkpt><trkpt lat="48.795589" lon="-113.656131"><ele>1509.245</ele><time>2026-06-02T19:23:52Z</time></trkpt><trkpt lat="48.795614" lon="-113.656111"><ele>1509.266</ele><time>2026-06-02T19:23:54Z</time></trkpt><trkpt lat="48.795731" lon="-113.656083"><ele>1509.073</ele><time>2026-06-02T19:24:05Z</time></trkpt><trkpt lat="48.795813" lon="-113.656061"><ele>1509.096</ele><time>2026-06-02T19:24:12Z</time></trkpt><trkpt lat="48.795876" lon="-113.656057"><ele>1509.086</ele><time>2026-06-02T19:24:18Z</time></trkpt></trkseg></trk></gpx>