<?xml version="1.0" encoding="UTF-8"?><gpx creator="Wikiloc - http://www.wikiloc.com" version="1.1" xmlns="http://www.topografix.com/GPX/1/1" xmlns:xsi="http://www.w3.org/2001/XMLSchema-instance" xsi:schemaLocation="http://www.topografix.com/GPX/1/1 http://www.topografix.com/GPX/1/1/gpx.xsd"><trk><name><![CDATA[Haines Chilkat State Park - Ayiklutu Trail - Haines Chilkat State Park]]></name><cmt><![CDATA[]]></cmt><desc><![CDATA[]]></desc><trkseg><trkpt lat="59.137203" lon="-135.367387"><ele>47.457</ele><time>2026-07-10T16:39:08Z</time></trkpt><trkpt lat="59.137117" lon="-135.367377"><ele>47.200</ele><time>2026-07-10T16:39:15Z</time></trkpt><trkpt lat="59.13711" lon="-135.367348"><ele>47.220</ele><time>2026-07-10T16:39:23Z</time></trkpt><trkpt lat="59.137132" lon="-135.367308"><ele>47.209</ele><time>2026-07-10T16:39:36Z</time></trkpt><trkpt lat="59.137133" lon="-135.367308"><ele>47.287</ele><time>2026-07-10T16:39:37Z</time></trkpt><trkpt lat="59.137133" lon="-135.367306"><ele>47.282</ele><time>2026-07-10T16:39:45Z</time></trkpt><trkpt lat="59.137135" lon="-135.367325"><ele>47.068</ele><time>2026-07-10T16:39:47Z</time></trkpt><trkpt lat="59.137132" lon="-135.367336"><ele>47.069</ele><time>2026-07-10T16:39:48Z</time></trkpt><trkpt lat="59.137108" lon="-135.367416"><ele>46.444</ele><time>2026-07-10T16:39:54Z</time></trkpt><trkpt lat="59.137095" lon="-135.367439"><ele>45.865</ele><time>2026-07-10T16:39:57Z</time></trkpt><trkpt lat="59.137082" lon="-135.367438"><ele>45.076</ele><time>2026-07-10T16:39:59Z</time></trkpt><trkpt lat="59.137004" lon="-135.367453"><ele>44.230</ele><time>2026-07-10T16:40:07Z</time></trkpt><trkpt lat="59.13695" lon="-135.367569"><ele>44.497</ele><time>2026-07-10T16:40:15Z</time></trkpt><trkpt lat="59.136899" lon="-135.367638"><ele>44.064</ele><time>2026-07-10T16:40:23Z</time></trkpt><trkpt lat="59.136873" lon="-135.367662"><ele>43.806</ele><time>2026-07-10T16:40:26Z</time></trkpt><trkpt lat="59.136799" lon="-135.367735"><ele>43.816</ele><time>2026-07-10T16:40:36Z</time></trkpt><trkpt lat="59.136741" lon="-135.367837"><ele>43.809</ele><time>2026-07-10T16:40:45Z</time></trkpt><trkpt lat="59.136695" lon="-135.367982"><ele>44.878</ele><time>2026-07-10T16:40:56Z</time></trkpt><trkpt lat="59.136678" lon="-135.36806"><ele>44.683</ele><time>2026-07-10T16:41:00Z</time></trkpt><trkpt lat="59.136643" lon="-135.368163"><ele>44.059</ele><time>2026-07-10T16:41:08Z</time></trkpt><trkpt lat="59.136616" lon="-135.368191"><ele>43.050</ele><time>2026-07-10T16:41:13Z</time></trkpt><trkpt lat="59.136581" lon="-135.368243"><ele>42.895</ele><time>2026-07-10T16:41:18Z</time></trkpt><trkpt lat="59.136502" lon="-135.368374"><ele>42.626</ele><time>2026-07-10T16:41:29Z</time></trkpt><trkpt lat="59.136427" lon="-135.368369"><ele>43.077</ele><time>2026-07-10T16:41:39Z</time></trkpt><trkpt lat="59.13635" lon="-135.368362"><ele>43.411</ele><time>2026-07-10T16:41:51Z</time></trkpt><trkpt lat="59.136289" lon="-135.368384"><ele>43.288</ele><time>2026-07-10T16:41:57Z</time></trkpt><trkpt lat="59.136235" lon="-135.36841"><ele>43.052</ele><time>2026-07-10T16:42:01Z</time></trkpt><trkpt lat="59.136154" lon="-135.368514"><ele>41.853</ele><time>2026-07-10T16:42:11Z</time></trkpt><trkpt lat="59.136151" lon="-135.368528"><ele>41.808</ele><time>2026-07-10T16:42:12Z</time></trkpt><trkpt lat="59.136152" lon="-135.368546"><ele>41.609</ele><time>2026-07-10T16:42:13Z</time></trkpt><trkpt lat="59.136144" lon="-135.368622"><ele>40.867</ele><time>2026-07-10T16:42:17Z</time></trkpt><trkpt lat="59.136138" lon="-135.368636"><ele>40.232</ele><time>2026-07-10T16:42:20Z</time></trkpt><trkpt lat="59.136131" lon="-135.368624"><ele>39.878</ele><time>2026-07-10T16:42:22Z</time></trkpt><trkpt lat="59.136115" lon="-135.368577"><ele>38.889</ele><time>2026-07-10T16:42:27Z</time></trkpt><trkpt lat="59.136111" lon="-135.368567"><ele>38.664</ele><time>2026-07-10T16:42:28Z</time></trkpt><trkpt lat="59.136104" lon="-135.36854"><ele>38.265</ele><time>2026-07-10T16:42:30Z</time></trkpt><trkpt lat="59.136056" lon="-135.368438"><ele>37.686</ele><time>2026-07-10T16:42:40Z</time></trkpt><trkpt lat="59.136031" lon="-135.368421"><ele>37.210</ele><time>2026-07-10T16:42:43Z</time></trkpt><trkpt lat="59.136015" lon="-135.368409"><ele>36.857</ele><time>2026-07-10T16:42:45Z</time></trkpt><trkpt lat="59.136005" lon="-135.368405"><ele>36.694</ele><time>2026-07-10T16:42:46Z</time></trkpt><trkpt lat="59.135991" lon="-135.368399"><ele>36.657</ele><time>2026-07-10T16:42:47Z</time></trkpt><trkpt lat="59.135974" lon="-135.368403"><ele>36.222</ele><time>2026-07-10T16:42:49Z</time></trkpt><trkpt lat="59.135954" lon="-135.36842"><ele>35.609</ele><time>2026-07-10T16:42:51Z</time></trkpt><trkpt lat="59.135943" lon="-135.368426"><ele>35.461</ele><time>2026-07-10T16:42:52Z</time></trkpt><trkpt lat="59.135914" lon="-135.368442"><ele>35.066</ele><time>2026-07-10T16:42:54Z</time></trkpt><trkpt lat="59.135866" lon="-135.368462"><ele>34.462</ele><time>2026-07-10T16:42:57Z</time></trkpt><trkpt lat="59.135825" lon="-135.368458"><ele>35.043</ele><time>2026-07-10T16:43:03Z</time></trkpt><trkpt lat="59.13579" lon="-135.368373"><ele>35.458</ele><time>2026-07-10T16:43:12Z</time></trkpt><trkpt lat="59.135751" lon="-135.36826"><ele>35.059</ele><time>2026-07-10T16:43:23Z</time></trkpt><trkpt lat="59.135719" lon="-135.368172"><ele>35.860</ele><time>2026-07-10T16:43:34Z</time></trkpt><trkpt lat="59.135745" lon="-135.368212"><ele>35.834</ele><time>2026-07-10T16:43:44Z</time></trkpt><trkpt lat="59.135752" lon="-135.368226"><ele>36.021</ele><time>2026-07-10T16:43:47Z</time></trkpt><trkpt lat="59.135753" lon="-135.368222"><ele>36.694</ele><time>2026-07-10T16:43:52Z</time></trkpt><trkpt lat="59.135755" lon="-135.368188"><ele>36.657</ele><time>2026-07-10T16:43:59Z</time></trkpt><trkpt lat="59.135741" lon="-135.368172"><ele>36.222</ele><time>2026-07-10T16:44:07Z</time></trkpt><trkpt lat="59.135739" lon="-135.368177"><ele>36.209</ele><time>2026-07-10T16:44:10Z</time></trkpt><trkpt lat="59.135729" lon="-135.368187"><ele>36.061</ele><time>2026-07-10T16:44:14Z</time></trkpt><trkpt lat="59.13571" lon="-135.368121"><ele>35.616</ele><time>2026-07-10T16:44:20Z</time></trkpt><trkpt lat="59.135708" lon="-135.368107"><ele>35.422</ele><time>2026-07-10T16:44:21Z</time></trkpt><trkpt lat="59.135704" lon="-135.368092"><ele>35.223</ele><time>2026-07-10T16:44:22Z</time></trkpt><trkpt lat="59.135638" lon="-135.368044"><ele>35.448</ele><time>2026-07-10T16:44:31Z</time></trkpt><trkpt lat="59.135629" lon="-135.36804"><ele>35.449</ele><time>2026-07-10T16:44:32Z</time></trkpt><trkpt lat="59.135605" lon="-135.368017"><ele>36.440</ele><time>2026-07-10T16:44:37Z</time></trkpt><trkpt lat="59.135549" lon="-135.367984"><ele>37.264</ele><time>2026-07-10T16:44:44Z</time></trkpt><trkpt lat="59.135532" lon="-135.367972"><ele>37.461</ele><time>2026-07-10T16:44:47Z</time></trkpt><trkpt lat="59.1355" lon="-135.367939"><ele>38.097</ele><time>2026-07-10T16:44:52Z</time></trkpt><trkpt lat="59.13549" lon="-135.367927"><ele>38.023</ele><time>2026-07-10T16:44:54Z</time></trkpt><trkpt lat="59.135461" lon="-135.367878"><ele>38.625</ele><time>2026-07-10T16:45:01Z</time></trkpt><trkpt lat="59.135448" lon="-135.367853"><ele>39.009</ele><time>2026-07-10T16:45:05Z</time></trkpt><trkpt lat="59.135422" lon="-135.367844"><ele>39.641</ele><time>2026-07-10T16:45:09Z</time></trkpt><trkpt lat="59.135412" lon="-135.367842"><ele>39.626</ele><time>2026-07-10T16:45:10Z</time></trkpt><trkpt lat="59.135346" lon="-135.367849"><ele>39.822</ele><time>2026-07-10T16:45:16Z</time></trkpt><trkpt lat="59.135336" lon="-135.367841"><ele>40.663</ele><time>2026-07-10T16:45:21Z</time></trkpt><trkpt lat="59.135329" lon="-135.367819"><ele>41.228</ele><time>2026-07-10T16:45:25Z</time></trkpt><trkpt lat="59.135308" lon="-135.367804"><ele>41.669</ele><time>2026-07-10T16:45:29Z</time></trkpt><trkpt lat="59.135254" lon="-135.36776"><ele>41.690</ele><time>2026-07-10T16:45:37Z</time></trkpt><trkpt lat="59.135252" lon="-135.367681"><ele>42.694</ele><time>2026-07-10T16:45:46Z</time></trkpt><trkpt lat="59.135249" lon="-135.367675"><ele>42.841</ele><time>2026-07-10T16:45:47Z</time></trkpt><trkpt lat="59.135202" lon="-135.367627"><ele>43.846</ele><time>2026-07-10T16:45:55Z</time></trkpt><trkpt lat="59.135187" lon="-135.367613"><ele>44.088</ele><time>2026-07-10T16:45:58Z</time></trkpt><trkpt lat="59.135165" lon="-135.367608"><ele>44.216</ele><time>2026-07-10T16:46:01Z</time></trkpt><trkpt lat="59.135151" lon="-135.367609"><ele>44.009</ele><time>2026-07-10T16:46:04Z</time></trkpt><trkpt lat="59.135104" lon="-135.367616"><ele>43.846</ele><time>2026-07-10T16:46:09Z</time></trkpt><trkpt lat="59.135067" lon="-135.367583"><ele>44.091</ele><time>2026-07-10T16:46:14Z</time></trkpt><trkpt lat="59.135032" lon="-135.367539"><ele>44.437</ele><time>2026-07-10T16:46:19Z</time></trkpt><trkpt lat="59.135005" lon="-135.367514"><ele>44.848</ele><time>2026-07-10T16:46:22Z</time></trkpt><trkpt lat="59.134955" lon="-135.367492"><ele>45.613</ele><time>2026-07-10T16:46:30Z</time></trkpt><trkpt lat="59.13495" lon="-135.367489"><ele>45.824</ele><time>2026-07-10T16:46:31Z</time></trkpt><trkpt lat="59.134944" lon="-135.367487"><ele>45.885</ele><time>2026-07-10T16:46:32Z</time></trkpt><trkpt lat="59.134906" lon="-135.367387"><ele>47.049</ele><time>2026-07-10T16:46:41Z</time></trkpt><trkpt lat="59.134906" lon="-135.367369"><ele>47.266</ele><time>2026-07-10T16:46:42Z</time></trkpt><trkpt lat="59.134886" lon="-135.367263"><ele>48.498</ele><time>2026-07-10T16:46:51Z</time></trkpt><trkpt lat="59.134876" lon="-135.367258"><ele>48.415</ele><time>2026-07-10T16:46:52Z</time></trkpt><trkpt lat="59.134865" lon="-135.367251"><ele>48.626</ele><time>2026-07-10T16:46:53Z</time></trkpt><trkpt lat="59.134796" lon="-135.367233"><ele>48.209</ele><time>2026-07-10T16:47:00Z</time></trkpt><trkpt lat="59.134764" lon="-135.367235"><ele>48.461</ele><time>2026-07-10T16:47:07Z</time></trkpt><trkpt lat="59.134753" lon="-135.367238"><ele>48.486</ele><time>2026-07-10T16:47:09Z</time></trkpt><trkpt lat="59.134737" lon="-135.36723"><ele>48.052</ele><time>2026-07-10T16:47:11Z</time></trkpt><trkpt lat="59.134699" lon="-135.367205"><ele>47.453</ele><time>2026-07-10T16:47:15Z</time></trkpt><trkpt lat="59.13465" lon="-135.367146"><ele>47.478</ele><time>2026-07-10T16:47:22Z</time></trkpt><trkpt lat="59.13463" lon="-135.367127"><ele>47.259</ele><time>2026-07-10T16:47:25Z</time></trkpt><trkpt lat="59.134574" lon="-135.3671"><ele>46.890</ele><time>2026-07-10T16:47:31Z</time></trkpt><trkpt lat="59.134547" lon="-135.367097"><ele>46.284</ele><time>2026-07-10T16:47:34Z</time></trkpt><trkpt lat="59.134508" lon="-135.367075"><ele>46.861</ele><time>2026-07-10T16:47:40Z</time></trkpt><trkpt lat="59.134495" lon="-135.367061"><ele>47.432</ele><time>2026-07-10T16:47:44Z</time></trkpt><trkpt lat="59.134475" lon="-135.367057"><ele>48.292</ele><time>2026-07-10T16:47:49Z</time></trkpt><trkpt lat="59.134453" lon="-135.367046"><ele>48.411</ele><time>2026-07-10T16:47:51Z</time></trkpt><trkpt lat="59.134432" lon="-135.367023"><ele>48.809</ele><time>2026-07-10T16:47:54Z</time></trkpt><trkpt lat="59.1344" lon="-135.366989"><ele>49.265</ele><time>2026-07-10T16:48:00Z</time></trkpt><trkpt lat="59.134384" lon="-135.366979"><ele>49.460</ele><time>2026-07-10T16:48:02Z</time></trkpt><trkpt lat="59.134369" lon="-135.36697"><ele>49.466</ele><time>2026-07-10T16:48:04Z</time></trkpt><trkpt lat="59.134294" lon="-135.366957"><ele>48.837</ele><time>2026-07-10T16:48:12Z</time></trkpt><trkpt lat="59.134229" lon="-135.366939"><ele>49.842</ele><time>2026-07-10T16:48:23Z</time></trkpt><trkpt lat="59.134157" lon="-135.366909"><ele>49.693</ele><time>2026-07-10T16:48:31Z</time></trkpt><trkpt lat="59.134127" lon="-135.366873"><ele>50.074</ele><time>2026-07-10T16:48:37Z</time></trkpt><trkpt lat="59.13411" lon="-135.366864"><ele>50.088</ele><time>2026-07-10T16:48:39Z</time></trkpt><trkpt lat="59.1341" lon="-135.366862"><ele>50.015</ele><time>2026-07-10T16:48:40Z</time></trkpt><trkpt lat="59.134077" lon="-135.366852"><ele>50.081</ele><time>2026-07-10T16:48:42Z</time></trkpt><trkpt lat="59.134039" lon="-135.366829"><ele>50.261</ele><time>2026-07-10T16:48:48Z</time></trkpt><trkpt lat="59.134001" lon="-135.366826"><ele>50.217</ele><time>2026-07-10T16:48:51Z</time></trkpt><trkpt lat="59.133994" lon="-135.366834"><ele>50.209</ele><time>2026-07-10T16:48:52Z</time></trkpt><trkpt lat="59.133935" lon="-135.366882"><ele>49.450</ele><time>2026-07-10T16:49:00Z</time></trkpt><trkpt lat="59.133923" lon="-135.366935"><ele>49.295</ele><time>2026-07-10T16:49:05Z</time></trkpt><trkpt lat="59.133899" lon="-135.366974"><ele>48.641</ele><time>2026-07-10T16:49:09Z</time></trkpt><trkpt lat="59.133892" lon="-135.366973"><ele>48.482</ele><time>2026-07-10T16:49:10Z</time></trkpt><trkpt lat="59.133845" lon="-135.366994"><ele>47.697</ele><time>2026-07-10T16:49:16Z</time></trkpt><trkpt lat="59.133839" lon="-135.366995"><ele>47.628</ele><time>2026-07-10T16:49:17Z</time></trkpt><trkpt lat="59.133833" lon="-135.366998"><ele>47.459</ele><time>2026-07-10T16:49:18Z</time></trkpt><trkpt lat="59.133791" lon="-135.367035"><ele>46.453</ele><time>2026-07-10T16:49:28Z</time></trkpt><trkpt lat="59.133784" lon="-135.367042"><ele>46.240</ele><time>2026-07-10T16:49:29Z</time></trkpt><trkpt lat="59.133742" lon="-135.367062"><ele>45.029</ele><time>2026-07-10T16:49:34Z</time></trkpt><trkpt lat="59.13371" lon="-135.36706"><ele>44.800</ele><time>2026-07-10T16:49:38Z</time></trkpt><trkpt lat="59.133632" lon="-135.367044"><ele>44.020</ele><time>2026-07-10T16:49:49Z</time></trkpt><trkpt lat="59.133628" lon="-135.367045"><ele>43.809</ele><time>2026-07-10T16:49:50Z</time></trkpt><trkpt lat="59.133599" lon="-135.367046"><ele>42.874</ele><time>2026-07-10T16:49:58Z</time></trkpt><trkpt lat="59.13359" lon="-135.367045"><ele>42.669</ele><time>2026-07-10T16:50:00Z</time></trkpt><trkpt lat="59.133563" lon="-135.367062"><ele>41.845</ele><time>2026-07-10T16:50:05Z</time></trkpt><trkpt lat="59.133536" lon="-135.367034"><ele>40.866</ele><time>2026-07-10T16:50:12Z</time></trkpt><trkpt lat="59.133529" lon="-135.367034"><ele>40.671</ele><time>2026-07-10T16:50:13Z</time></trkpt><trkpt lat="59.133491" lon="-135.367023"><ele>39.692</ele><time>2026-07-10T16:50:17Z</time></trkpt><trkpt lat="59.133459" lon="-135.367006"><ele>39.683</ele><time>2026-07-10T16:50:22Z</time></trkpt><trkpt lat="59.133417" lon="-135.366998"><ele>40.247</ele><time>2026-07-10T16:50:30Z</time></trkpt><trkpt lat="59.133453" lon="-135.36703"><ele>40.254</ele><time>2026-07-10T16:50:38Z</time></trkpt><trkpt lat="59.133441" lon="-135.367061"><ele>40.072</ele><time>2026-07-10T16:50:51Z</time></trkpt><trkpt lat="59.133378" lon="-135.367068"><ele>40.213</ele><time>2026-07-10T16:51:01Z</time></trkpt><trkpt lat="59.133342" lon="-135.367058"><ele>39.814</ele><time>2026-07-10T16:51:10Z</time></trkpt><trkpt lat="59.133315" lon="-135.367103"><ele>38.809</ele><time>2026-07-10T16:51:21Z</time></trkpt><trkpt lat="59.133308" lon="-135.367117"><ele>38.679</ele><time>2026-07-10T16:51:23Z</time></trkpt><trkpt lat="59.133272" lon="-135.367173"><ele>37.474</ele><time>2026-07-10T16:51:31Z</time></trkpt><trkpt lat="59.133269" lon="-135.367178"><ele>37.270</ele><time>2026-07-10T16:51:32Z</time></trkpt><trkpt lat="59.133205" lon="-135.367202"><ele>36.481</ele><time>2026-07-10T16:51:40Z</time></trkpt><trkpt lat="59.133177" lon="-135.367206"><ele>35.896</ele><time>2026-07-10T16:51:43Z</time></trkpt><trkpt lat="59.13309" lon="-135.367219"><ele>36.427</ele><time>2026-07-10T16:51:55Z</time></trkpt><trkpt lat="59.133046" lon="-135.367174"><ele>37.058</ele><time>2026-07-10T16:52:06Z</time></trkpt><trkpt lat="59.133028" lon="-135.367152"><ele>37.692</ele><time>2026-07-10T16:52:09Z</time></trkpt><trkpt lat="59.132984" lon="-135.367144"><ele>38.059</ele><time>2026-07-10T16:52:14Z</time></trkpt><trkpt lat="59.132977" lon="-135.36715"><ele>38.215</ele><time>2026-07-10T16:52:15Z</time></trkpt><trkpt lat="59.132962" lon="-135.367147"><ele>38.465</ele><time>2026-07-10T16:52:19Z</time></trkpt><trkpt lat="59.132954" lon="-135.367142"><ele>38.611</ele><time>2026-07-10T16:52:21Z</time></trkpt><trkpt lat="59.132935" lon="-135.367148"><ele>38.809</ele><time>2026-07-10T16:52:24Z</time></trkpt><trkpt lat="59.132915" lon="-135.367161"><ele>39.053</ele><time>2026-07-10T16:52:28Z</time></trkpt><trkpt lat="59.132867" lon="-135.367173"><ele>39.018</ele><time>2026-07-10T16:52:34Z</time></trkpt><trkpt lat="59.132855" lon="-135.367175"><ele>39.024</ele><time>2026-07-10T16:52:36Z</time></trkpt><trkpt lat="59.132814" lon="-135.367181"><ele>39.055</ele><time>2026-07-10T16:52:41Z</time></trkpt><trkpt lat="59.132781" lon="-135.367192"><ele>38.450</ele><time>2026-07-10T16:52:46Z</time></trkpt><trkpt lat="59.132717" lon="-135.367203"><ele>37.671</ele><time>2026-07-10T16:52:54Z</time></trkpt><trkpt lat="59.132678" lon="-135.367193"><ele>37.252</ele><time>2026-07-10T16:52:59Z</time></trkpt><trkpt lat="59.132623" lon="-135.367123"><ele>37.816</ele><time>2026-07-10T16:53:09Z</time></trkpt><trkpt lat="59.132531" lon="-135.367034"><ele>38.463</ele><time>2026-07-10T16:53:20Z</time></trkpt><trkpt lat="59.132417" lon="-135.367023"><ele>37.688</ele><time>2026-07-10T16:53:31Z</time></trkpt><trkpt lat="59.132332" lon="-135.36711"><ele>37.224</ele><time>2026-07-10T16:53:41Z</time></trkpt><trkpt lat="59.132247" lon="-135.367147"><ele>37.826</ele><time>2026-07-10T16:53:51Z</time></trkpt><trkpt lat="59.132214" lon="-135.367174"><ele>37.409</ele><time>2026-07-10T16:53:57Z</time></trkpt><trkpt lat="59.132174" lon="-135.36719"><ele>37.280</ele><time>2026-07-10T16:54:03Z</time></trkpt><trkpt lat="59.132077" lon="-135.367185"><ele>38.245</ele><time>2026-07-10T16:54:14Z</time></trkpt><trkpt lat="59.132016" lon="-135.367156"><ele>38.461</ele><time>2026-07-10T16:54:21Z</time></trkpt><trkpt lat="59.131997" lon="-135.367153"><ele>38.092</ele><time>2026-07-10T16:54:23Z</time></trkpt><trkpt lat="59.131978" lon="-135.367149"><ele>37.867</ele><time>2026-07-10T16:54:26Z</time></trkpt><trkpt lat="59.131959" lon="-135.367148"><ele>37.628</ele><time>2026-07-10T16:54:29Z</time></trkpt><trkpt lat="59.131906" lon="-135.36714"><ele>36.479</ele><time>2026-07-10T16:54:35Z</time></trkpt><trkpt lat="59.131901" lon="-135.36714"><ele>36.063</ele><time>2026-07-10T16:54:36Z</time></trkpt><trkpt lat="59.131872" lon="-135.367143"><ele>35.470</ele><time>2026-07-10T16:54:40Z</time></trkpt><trkpt lat="59.131856" lon="-135.367143"><ele>34.275</ele><time>2026-07-10T16:54:43Z</time></trkpt><trkpt lat="59.131837" lon="-135.36715"><ele>33.428</ele><time>2026-07-10T16:54:45Z</time></trkpt><trkpt lat="59.13183" lon="-135.36715"><ele>33.220</ele><time>2026-07-10T16:54:46Z</time></trkpt><trkpt lat="59.131748" lon="-135.367121"><ele>32.409</ele><time>2026-07-10T16:54:55Z</time></trkpt><trkpt lat="59.131703" lon="-135.367154"><ele>32.049</ele><time>2026-07-10T16:55:01Z</time></trkpt><trkpt lat="59.131671" lon="-135.367169"><ele>31.024</ele><time>2026-07-10T16:55:05Z</time></trkpt><trkpt lat="59.131662" lon="-135.367167"><ele>30.870</ele><time>2026-07-10T16:55:06Z</time></trkpt><trkpt lat="59.13162" lon="-135.367157"><ele>30.431</ele><time>2026-07-10T16:55:14Z</time></trkpt><trkpt lat="59.131558" lon="-135.367124"><ele>30.456</ele><time>2026-07-10T16:55:22Z</time></trkpt><trkpt lat="59.131547" lon="-135.367107"><ele>30.667</ele><time>2026-07-10T16:55:24Z</time></trkpt><trkpt lat="59.131535" lon="-135.367058"><ele>30.818</ele><time>2026-07-10T16:55:29Z</time></trkpt><trkpt lat="59.13151" lon="-135.367014"><ele>30.492</ele><time>2026-07-10T16:55:34Z</time></trkpt><trkpt lat="59.131456" lon="-135.366927"><ele>31.649</ele><time>2026-07-10T16:55:44Z</time></trkpt><trkpt lat="59.131445" lon="-135.366879"><ele>32.014</ele><time>2026-07-10T16:55:47Z</time></trkpt><trkpt lat="59.131422" lon="-135.366812"><ele>33.054</ele><time>2026-07-10T16:55:53Z</time></trkpt><trkpt lat="59.131413" lon="-135.366791"><ele>33.209</ele><time>2026-07-10T16:55:55Z</time></trkpt><trkpt lat="59.131382" lon="-135.366779"><ele>33.409</ele><time>2026-07-10T16:55:58Z</time></trkpt><trkpt lat="59.131358" lon="-135.366768"><ele>33.813</ele><time>2026-07-10T16:56:01Z</time></trkpt><trkpt lat="59.131327" lon="-135.366736"><ele>34.088</ele><time>2026-07-10T16:56:05Z</time></trkpt><trkpt lat="59.131321" lon="-135.366728"><ele>34.244</ele><time>2026-07-10T16:56:06Z</time></trkpt><trkpt lat="59.13129" lon="-135.366659"><ele>34.895</ele><time>2026-07-10T16:56:13Z</time></trkpt><trkpt lat="59.131281" lon="-135.36663"><ele>34.820</ele><time>2026-07-10T16:56:15Z</time></trkpt><trkpt lat="59.131273" lon="-135.366591"><ele>35.221</ele><time>2026-07-10T16:56:17Z</time></trkpt><trkpt lat="59.131269" lon="-135.366584"><ele>35.472</ele><time>2026-07-10T16:56:18Z</time></trkpt><trkpt lat="59.131232" lon="-135.366542"><ele>35.416</ele><time>2026-07-10T16:56:26Z</time></trkpt><trkpt lat="59.131137" lon="-135.36645"><ele>36.283</ele><time>2026-07-10T16:56:35Z</time></trkpt><trkpt lat="59.131122" lon="-135.366435"><ele>36.497</ele><time>2026-07-10T16:56:37Z</time></trkpt><trkpt lat="59.131082" lon="-135.366348"><ele>37.423</ele><time>2026-07-10T16:56:44Z</time></trkpt><trkpt lat="59.131067" lon="-135.366315"><ele>37.825</ele><time>2026-07-10T16:56:46Z</time></trkpt><trkpt lat="59.131065" lon="-135.366307"><ele>37.809</ele><time>2026-07-10T16:56:47Z</time></trkpt><trkpt lat="59.131014" lon="-135.366212"><ele>38.211</ele><time>2026-07-10T16:56:59Z</time></trkpt><trkpt lat="59.130995" lon="-135.36609"><ele>38.626</ele><time>2026-07-10T16:57:06Z</time></trkpt><trkpt lat="59.130994" lon="-135.366059"><ele>39.042</ele><time>2026-07-10T16:57:09Z</time></trkpt><trkpt lat="59.130988" lon="-135.365967"><ele>39.863</ele><time>2026-07-10T16:57:17Z</time></trkpt><trkpt lat="59.130979" lon="-135.365899"><ele>40.488</ele><time>2026-07-10T16:57:22Z</time></trkpt><trkpt lat="59.130964" lon="-135.365832"><ele>40.879</ele><time>2026-07-10T16:57:26Z</time></trkpt><trkpt lat="59.130951" lon="-135.365806"><ele>41.230</ele><time>2026-07-10T16:57:29Z</time></trkpt><trkpt lat="59.130932" lon="-135.365784"><ele>41.654</ele><time>2026-07-10T16:57:33Z</time></trkpt><trkpt lat="59.130918" lon="-135.365766"><ele>41.811</ele><time>2026-07-10T16:57:36Z</time></trkpt><trkpt lat="59.130865" lon="-135.365703"><ele>42.243</ele><time>2026-07-10T16:57:42Z</time></trkpt><trkpt lat="59.130762" lon="-135.365687"><ele>41.664</ele><time>2026-07-10T16:57:51Z</time></trkpt><trkpt lat="59.130689" lon="-135.36568"><ele>41.610</ele><time>2026-07-10T16:58:00Z</time></trkpt><trkpt lat="59.130679" lon="-135.365679"><ele>41.809</ele><time>2026-07-10T16:58:01Z</time></trkpt><trkpt lat="59.130662" lon="-135.365672"><ele>42.246</ele><time>2026-07-10T16:58:03Z</time></trkpt><trkpt lat="59.130633" lon="-135.365587"><ele>42.661</ele><time>2026-07-10T16:58:10Z</time></trkpt><trkpt lat="59.130601" lon="-135.365526"><ele>43.077</ele><time>2026-07-10T16:58:15Z</time></trkpt><trkpt lat="59.130573" lon="-135.365517"><ele>43.058</ele><time>2026-07-10T16:58:18Z</time></trkpt><trkpt lat="59.130565" lon="-135.365523"><ele>42.883</ele><time>2026-07-10T16:58:19Z</time></trkpt><trkpt lat="59.130543" lon="-135.365548"><ele>42.094</ele><time>2026-07-10T16:58:22Z</time></trkpt><trkpt lat="59.130511" lon="-135.365627"><ele>41.225</ele><time>2026-07-10T16:58:27Z</time></trkpt><trkpt lat="59.130506" lon="-135.365644"><ele>41.029</ele><time>2026-07-10T16:58:28Z</time></trkpt><trkpt lat="59.130497" lon="-135.36567"><ele>40.846</ele><time>2026-07-10T16:58:30Z</time></trkpt><trkpt lat="59.130459" lon="-135.365779"><ele>39.871</ele><time>2026-07-10T16:58:38Z</time></trkpt><trkpt lat="59.130458" lon="-135.365796"><ele>39.641</ele><time>2026-07-10T16:58:39Z</time></trkpt><trkpt lat="59.130447" lon="-135.365855"><ele>39.015</ele><time>2026-07-10T16:58:46Z</time></trkpt><trkpt lat="59.130442" lon="-135.365864"><ele>38.809</ele><time>2026-07-10T16:58:47Z</time></trkpt><trkpt lat="59.130426" lon="-135.365885"><ele>38.689</ele><time>2026-07-10T16:58:50Z</time></trkpt><trkpt lat="59.130401" lon="-135.365938"><ele>38.034</ele><time>2026-07-10T16:58:55Z</time></trkpt><trkpt lat="59.130393" lon="-135.365954"><ele>37.860</ele><time>2026-07-10T16:58:57Z</time></trkpt><trkpt lat="59.130384" lon="-135.365964"><ele>37.641</ele><time>2026-07-10T16:58:59Z</time></trkpt><trkpt lat="59.130336" lon="-135.365971"><ele>36.826</ele><time>2026-07-10T16:59:05Z</time></trkpt><trkpt lat="59.130323" lon="-135.365986"><ele>36.687</ele><time>2026-07-10T16:59:07Z</time></trkpt><trkpt lat="59.130307" lon="-135.366017"><ele>35.448</ele><time>2026-07-10T16:59:11Z</time></trkpt><trkpt lat="59.130267" lon="-135.366065"><ele>34.472</ele><time>2026-07-10T16:59:15Z</time></trkpt><trkpt lat="59.130204" lon="-135.366173"><ele>33.499</ele><time>2026-07-10T16:59:23Z</time></trkpt><trkpt lat="59.130194" lon="-135.366184"><ele>33.293</ele><time>2026-07-10T16:59:24Z</time></trkpt><trkpt lat="59.130131" lon="-135.366189"><ele>32.665</ele><time>2026-07-10T16:59:32Z</time></trkpt><trkpt lat="59.130132" lon="-135.366225"><ele>32.221</ele><time>2026-07-10T16:59:37Z</time></trkpt><trkpt lat="59.130131" lon="-135.366243"><ele>32.009</ele><time>2026-07-10T16:59:38Z</time></trkpt><trkpt lat="59.130127" lon="-135.366268"><ele>31.631</ele><time>2026-07-10T16:59:40Z</time></trkpt><trkpt lat="59.130105" lon="-135.366306"><ele>30.836</ele><time>2026-07-10T16:59:44Z</time></trkpt><trkpt lat="59.130068" lon="-135.366376"><ele>30.222</ele><time>2026-07-10T16:59:49Z</time></trkpt><trkpt lat="59.130052" lon="-135.366385"><ele>29.833</ele><time>2026-07-10T16:59:51Z</time></trkpt><trkpt lat="59.129976" lon="-135.366431"><ele>29.018</ele><time>2026-07-10T16:59:59Z</time></trkpt><trkpt lat="59.129971" lon="-135.366445"><ele>28.859</ele><time>2026-07-10T17:00:00Z</time></trkpt><trkpt lat="59.129966" lon="-135.366561"><ele>27.830</ele><time>2026-07-10T17:00:07Z</time></trkpt><trkpt lat="59.129956" lon="-135.366585"><ele>27.684</ele><time>2026-07-10T17:00:09Z</time></trkpt><trkpt lat="59.129904" lon="-135.366591"><ele>27.421</ele><time>2026-07-10T17:00:15Z</time></trkpt><trkpt lat="59.129895" lon="-135.366587"><ele>27.249</ele><time>2026-07-10T17:00:16Z</time></trkpt><trkpt lat="59.129825" lon="-135.366548"><ele>27.002</ele><time>2026-07-10T17:00:23Z</time></trkpt><trkpt lat="59.129776" lon="-135.366585"><ele>26.622</ele><time>2026-07-10T17:00:29Z</time></trkpt><trkpt lat="59.129757" lon="-135.366587"><ele>26.209</ele><time>2026-07-10T17:00:31Z</time></trkpt><trkpt lat="59.129693" lon="-135.366558"><ele>25.656</ele><time>2026-07-10T17:00:39Z</time></trkpt><trkpt lat="59.129644" lon="-135.366568"><ele>24.481</ele><time>2026-07-10T17:00:46Z</time></trkpt><trkpt lat="59.129634" lon="-135.366569"><ele>24.297</ele><time>2026-07-10T17:00:47Z</time></trkpt><trkpt lat="59.129576" lon="-135.36654"><ele>23.498</ele><time>2026-07-10T17:00:54Z</time></trkpt><trkpt lat="59.129553" lon="-135.366512"><ele>23.443</ele><time>2026-07-10T17:00:57Z</time></trkpt><trkpt lat="59.129524" lon="-135.366504"><ele>23.294</ele><time>2026-07-10T17:01:01Z</time></trkpt><trkpt lat="59.129491" lon="-135.36651"><ele>22.625</ele><time>2026-07-10T17:01:05Z</time></trkpt><trkpt lat="59.129475" lon="-135.366516"><ele>22.229</ele><time>2026-07-10T17:01:07Z</time></trkpt><trkpt lat="59.129423" lon="-135.366529"><ele>21.676</ele><time>2026-07-10T17:01:16Z</time></trkpt><trkpt lat="59.129405" lon="-135.366513"><ele>21.475</ele><time>2026-07-10T17:01:22Z</time></trkpt><trkpt lat="59.129399" lon="-135.366508"><ele>21.428</ele><time>2026-07-10T17:01:24Z</time></trkpt><trkpt lat="59.129394" lon="-135.366498"><ele>21.420</ele><time>2026-07-10T17:01:26Z</time></trkpt><trkpt lat="59.129304" lon="-135.366493"><ele>21.409</ele><time>2026-07-10T17:01:34Z</time></trkpt><trkpt lat="59.129207" lon="-135.3665"><ele>22.279</ele><time>2026-07-10T17:01:46Z</time></trkpt><trkpt lat="59.129105" lon="-135.366508"><ele>22.644</ele><time>2026-07-10T17:01:56Z</time></trkpt><trkpt lat="59.129081" lon="-135.366577"><ele>23.440</ele><time>2026-07-10T17:02:03Z</time></trkpt><trkpt lat="59.129077" lon="-135.366587"><ele>23.421</ele><time>2026-07-10T17:02:04Z</time></trkpt><trkpt lat="59.129055" lon="-135.366643"><ele>23.646</ele><time>2026-07-10T17:02:08Z</time></trkpt><trkpt lat="59.129036" lon="-135.366703"><ele>23.897</ele><time>2026-07-10T17:02:12Z</time></trkpt><trkpt lat="59.129033" lon="-135.366722"><ele>23.888</ele><time>2026-07-10T17:02:13Z</time></trkpt><trkpt lat="59.129033" lon="-135.366793"><ele>23.872</ele><time>2026-07-10T17:02:17Z</time></trkpt><trkpt lat="59.129018" lon="-135.366866"><ele>23.849</ele><time>2026-07-10T17:02:23Z</time></trkpt><trkpt lat="59.128985" lon="-135.366942"><ele>24.043</ele><time>2026-07-10T17:02:32Z</time></trkpt><trkpt lat="59.128966" lon="-135.366974"><ele>24.464</ele><time>2026-07-10T17:02:35Z</time></trkpt><trkpt lat="59.128911" lon="-135.367023"><ele>24.810</ele><time>2026-07-10T17:02:42Z</time></trkpt><trkpt lat="59.128907" lon="-135.367051"><ele>25.209</ele><time>2026-07-10T17:02:44Z</time></trkpt><trkpt lat="59.128898" lon="-135.367132"><ele>25.096</ele><time>2026-07-10T17:02:49Z</time></trkpt><trkpt lat="59.128868" lon="-135.367188"><ele>24.881</ele><time>2026-07-10T17:02:57Z</time></trkpt><trkpt lat="59.128866" lon="-135.367274"><ele>24.847</ele><time>2026-07-10T17:03:02Z</time></trkpt><trkpt lat="59.128859" lon="-135.367315"><ele>24.838</ele><time>2026-07-10T17:03:05Z</time></trkpt><trkpt lat="59.128799" lon="-135.367354"><ele>24.873</ele><time>2026-07-10T17:03:14Z</time></trkpt><trkpt lat="59.128791" lon="-135.367361"><ele>24.884</ele><time>2026-07-10T17:03:15Z</time></trkpt><trkpt lat="59.128755" lon="-135.367475"><ele>24.865</ele><time>2026-07-10T17:03:24Z</time></trkpt><trkpt lat="59.128735" lon="-135.367526"><ele>24.899</ele><time>2026-07-10T17:03:28Z</time></trkpt><trkpt lat="59.128701" lon="-135.367552"><ele>24.696</ele><time>2026-07-10T17:03:33Z</time></trkpt><trkpt lat="59.128671" lon="-135.36754"><ele>25.047</ele><time>2026-07-10T17:03:43Z</time></trkpt><trkpt lat="59.128651" lon="-135.367616"><ele>25.229</ele><time>2026-07-10T17:03:51Z</time></trkpt><trkpt lat="59.128649" lon="-135.367639"><ele>25.421</ele><time>2026-07-10T17:03:54Z</time></trkpt><trkpt lat="59.128638" lon="-135.367674"><ele>25.809</ele><time>2026-07-10T17:04:00Z</time></trkpt><trkpt lat="59.12863" lon="-135.367692"><ele>26.436</ele><time>2026-07-10T17:04:03Z</time></trkpt><trkpt lat="59.128626" lon="-135.367706"><ele>26.621</ele><time>2026-07-10T17:04:04Z</time></trkpt><trkpt lat="59.128612" lon="-135.36775"><ele>27.237</ele><time>2026-07-10T17:04:08Z</time></trkpt><trkpt lat="59.128601" lon="-135.367773"><ele>27.688</ele><time>2026-07-10T17:04:11Z</time></trkpt><trkpt lat="59.128598" lon="-135.367783"><ele>27.683</ele><time>2026-07-10T17:04:12Z</time></trkpt><trkpt lat="59.128578" lon="-135.367831"><ele>28.464</ele><time>2026-07-10T17:04:16Z</time></trkpt><trkpt lat="59.12857" lon="-135.367849"><ele>28.615</ele><time>2026-07-10T17:04:18Z</time></trkpt><trkpt lat="59.12855" lon="-135.367868"><ele>29.099</ele><time>2026-07-10T17:04:22Z</time></trkpt><trkpt lat="59.128522" lon="-135.367911"><ele>29.646</ele><time>2026-07-10T17:04:30Z</time></trkpt><trkpt lat="59.128518" lon="-135.367921"><ele>29.839</ele><time>2026-07-10T17:04:31Z</time></trkpt><trkpt lat="59.128516" lon="-135.367964"><ele>30.201</ele><time>2026-07-10T17:04:34Z</time></trkpt><trkpt lat="59.128517" lon="-135.367982"><ele>30.221</ele><time>2026-07-10T17:04:35Z</time></trkpt><trkpt lat="59.12852" lon="-135.368034"><ele>30.809</ele><time>2026-07-10T17:04:38Z</time></trkpt><trkpt lat="59.128519" lon="-135.368061"><ele>31.255</ele><time>2026-07-10T17:04:40Z</time></trkpt><trkpt lat="59.128523" lon="-135.368091"><ele>31.870</ele><time>2026-07-10T17:04:44Z</time></trkpt><trkpt lat="59.128521" lon="-135.368206"><ele>32.466</ele><time>2026-07-10T17:04:51Z</time></trkpt><trkpt lat="59.128509" lon="-135.368321"><ele>32.897</ele><time>2026-07-10T17:05:00Z</time></trkpt><trkpt lat="59.128505" lon="-135.368365"><ele>33.052</ele><time>2026-07-10T17:05:04Z</time></trkpt><trkpt lat="59.128502" lon="-135.368412"><ele>33.673</ele><time>2026-07-10T17:05:08Z</time></trkpt><trkpt lat="59.128479" lon="-135.368548"><ele>32.854</ele><time>2026-07-10T17:05:19Z</time></trkpt><trkpt lat="59.128484" lon="-135.368638"><ele>33.068</ele><time>2026-07-10T17:05:24Z</time></trkpt><trkpt lat="59.128492" lon="-135.368742"><ele>34.055</ele><time>2026-07-10T17:05:32Z</time></trkpt><trkpt lat="59.128457" lon="-135.368845"><ele>34.054</ele><time>2026-07-10T17:05:41Z</time></trkpt><trkpt lat="59.128443" lon="-135.368962"><ele>33.856</ele><time>2026-07-10T17:05:51Z</time></trkpt><trkpt lat="59.12844" lon="-135.369044"><ele>33.011</ele><time>2026-07-10T17:05:58Z</time></trkpt><trkpt lat="59.128435" lon="-135.369053"><ele>32.809</ele><time>2026-07-10T17:05:59Z</time></trkpt><trkpt lat="59.128422" lon="-135.369073"><ele>32.687</ele><time>2026-07-10T17:06:01Z</time></trkpt><trkpt lat="59.128396" lon="-135.369099"><ele>32.642</ele><time>2026-07-10T17:06:04Z</time></trkpt><trkpt lat="59.128386" lon="-135.369161"><ele>33.098</ele><time>2026-07-10T17:06:09Z</time></trkpt><trkpt lat="59.12839" lon="-135.369203"><ele>32.859</ele><time>2026-07-10T17:06:13Z</time></trkpt><trkpt lat="59.128389" lon="-135.369208"><ele>32.894</ele><time>2026-07-10T17:06:17Z</time></trkpt><trkpt lat="59.128373" lon="-135.369223"><ele>32.865</ele><time>2026-07-10T17:06:22Z</time></trkpt><trkpt lat="59.128351" lon="-135.36925"><ele>32.466</ele><time>2026-07-10T17:06:25Z</time></trkpt><trkpt lat="59.128317" lon="-135.36927"><ele>32.050</ele><time>2026-07-10T17:06:29Z</time></trkpt><trkpt lat="59.128301" lon="-135.369253"><ele>32.027</ele><time>2026-07-10T17:06:32Z</time></trkpt><trkpt lat="59.12824" lon="-135.369265"><ele>32.276</ele><time>2026-07-10T17:06:40Z</time></trkpt><trkpt lat="59.128225" lon="-135.369313"><ele>32.290</ele><time>2026-07-10T17:06:43Z</time></trkpt><trkpt lat="59.128247" lon="-135.369477"><ele>31.819</ele><time>2026-07-10T17:06:53Z</time></trkpt><trkpt lat="59.12824" lon="-135.369549"><ele>31.809</ele><time>2026-07-10T17:06:58Z</time></trkpt><trkpt lat="59.128228" lon="-135.36958"><ele>31.869</ele><time>2026-07-10T17:07:01Z</time></trkpt><trkpt lat="59.128199" lon="-135.369666"><ele>32.264</ele><time>2026-07-10T17:07:10Z</time></trkpt><trkpt lat="59.128192" lon="-135.369675"><ele>32.020</ele><time>2026-07-10T17:07:11Z</time></trkpt><trkpt lat="59.128135" lon="-135.369756"><ele>31.621</ele><time>2026-07-10T17:07:22Z</time></trkpt><trkpt lat="59.128093" lon="-135.369857"><ele>31.096</ele><time>2026-07-10T17:07:34Z</time></trkpt><trkpt lat="59.128134" lon="-135.369831"><ele>31.247</ele><time>2026-07-10T17:07:45Z</time></trkpt><trkpt lat="59.128141" lon="-135.369832"><ele>31.438</ele><time>2026-07-10T17:07:47Z</time></trkpt><trkpt lat="59.128148" lon="-135.369839"><ele>31.682</ele><time>2026-07-10T17:07:57Z</time></trkpt><trkpt lat="59.128147" lon="-135.369834"><ele>31.649</ele><time>2026-07-10T17:07:58Z</time></trkpt><trkpt lat="59.12814" lon="-135.369831"><ele>31.631</ele><time>2026-07-10T17:08:04Z</time></trkpt><trkpt lat="59.128131" lon="-135.369832"><ele>31.661</ele><time>2026-07-10T17:08:11Z</time></trkpt><trkpt lat="59.12813" lon="-135.369829"><ele>31.607</ele><time>2026-07-10T17:08:12Z</time></trkpt><trkpt lat="59.128108" lon="-135.369843"><ele>32.009</ele><time>2026-07-10T17:08:24Z</time></trkpt><trkpt lat="59.128102" lon="-135.369847"><ele>31.685</ele><time>2026-07-10T17:08:28Z</time></trkpt><trkpt lat="59.128099" lon="-135.369876"><ele>31.490</ele><time>2026-07-10T17:08:34Z</time></trkpt><trkpt lat="59.128097" lon="-135.369903"><ele>31.426</ele><time>2026-07-10T17:08:39Z</time></trkpt><trkpt lat="59.128101" lon="-135.3699"><ele>31.497</ele><time>2026-07-10T17:08:42Z</time></trkpt><trkpt lat="59.128109" lon="-135.369904"><ele>31.472</ele><time>2026-07-10T17:08:44Z</time></trkpt><trkpt lat="59.1281" lon="-135.369883"><ele>31.653</ele><time>2026-07-10T17:08:53Z</time></trkpt><trkpt lat="59.128101" lon="-135.369877"><ele>31.844</ele><time>2026-07-10T17:08:56Z</time></trkpt><trkpt lat="59.128105" lon="-135.369855"><ele>31.498</ele><time>2026-07-10T17:09:06Z</time></trkpt><trkpt lat="59.128109" lon="-135.369861"><ele>31.445</ele><time>2026-07-10T17:09:10Z</time></trkpt><trkpt lat="59.12811" lon="-135.369868"><ele>31.451</ele><time>2026-07-10T17:09:17Z</time></trkpt><trkpt lat="59.128109" lon="-135.369869"><ele>31.401</ele><time>2026-07-10T17:09:21Z</time></trkpt><trkpt lat="59.12808" lon="-135.369894"><ele>31.211</ele><time>2026-07-10T17:09:27Z</time></trkpt><trkpt lat="59.128065" lon="-135.369887"><ele>30.809</ele><time>2026-07-10T17:09:30Z</time></trkpt><trkpt lat="59.128058" lon="-135.369876"><ele>30.877</ele><time>2026-07-10T17:09:34Z</time></trkpt><trkpt lat="59.128035" lon="-135.369908"><ele>29.622</ele><time>2026-07-10T17:09:41Z</time></trkpt><trkpt lat="59.128014" lon="-135.36992"><ele>28.638</ele><time>2026-07-10T17:09:45Z</time></trkpt><trkpt lat="59.12801" lon="-135.36993"><ele>28.439</ele><time>2026-07-10T17:09:46Z</time></trkpt><trkpt lat="59.127977" lon="-135.370005"><ele>28.614</ele><time>2026-07-10T17:09:55Z</time></trkpt><trkpt lat="59.127945" lon="-135.370086"><ele>28.655</ele><time>2026-07-10T17:10:04Z</time></trkpt><trkpt lat="59.12795" lon="-135.370084"><ele>28.676</ele><time>2026-07-10T17:10:06Z</time></trkpt><trkpt lat="59.127964" lon="-135.370081"><ele>28.810</ele><time>2026-07-10T17:10:16Z</time></trkpt><trkpt lat="59.127961" lon="-135.370081"><ele>29.237</ele><time>2026-07-10T17:10:25Z</time></trkpt><trkpt lat="59.127943" lon="-135.370097"><ele>29.018</ele><time>2026-07-10T17:10:33Z</time></trkpt><trkpt lat="59.127958" lon="-135.370115"><ele>29.098</ele><time>2026-07-10T17:10:44Z</time></trkpt><trkpt lat="59.127938" lon="-135.37016"><ele>29.017</ele><time>2026-07-10T17:10:56Z</time></trkpt><trkpt lat="59.127937" lon="-135.370151"><ele>29.009</ele><time>2026-07-10T17:11:00Z</time></trkpt><trkpt lat="59.12793" lon="-135.37018"><ele>28.033</ele><time>2026-07-10T17:11:05Z</time></trkpt><trkpt lat="59.127923" lon="-135.370191"><ele>27.498</ele><time>2026-07-10T17:11:11Z</time></trkpt><trkpt lat="59.127913" lon="-135.370187"><ele>27.434</ele><time>2026-07-10T17:11:16Z</time></trkpt><trkpt lat="59.127905" lon="-135.37019"><ele>27.465</ele><time>2026-07-10T17:11:21Z</time></trkpt><trkpt lat="59.127911" lon="-135.370199"><ele>27.430</ele><time>2026-07-10T17:11:26Z</time></trkpt><trkpt lat="59.127918" lon="-135.370209"><ele>27.411</ele><time>2026-07-10T17:11:29Z</time></trkpt><trkpt lat="59.127916" lon="-135.370233"><ele>27.432</ele><time>2026-07-10T17:11:36Z</time></trkpt><trkpt lat="59.1279" lon="-135.370299"><ele>27.856</ele><time>2026-07-10T17:11:45Z</time></trkpt><trkpt lat="59.127898" lon="-135.3703"><ele>27.893</ele><time>2026-07-10T17:11:47Z</time></trkpt><trkpt lat="59.127894" lon="-135.370295"><ele>28.074</ele><time>2026-07-10T17:11:54Z</time></trkpt><trkpt lat="59.127885" lon="-135.37032"><ele>28.056</ele><time>2026-07-10T17:12:01Z</time></trkpt><trkpt lat="59.127902" lon="-135.370322"><ele>28.021</ele><time>2026-07-10T17:12:15Z</time></trkpt><trkpt lat="59.127903" lon="-135.370324"><ele>28.009</ele><time>2026-07-10T17:12:18Z</time></trkpt><trkpt lat="59.127902" lon="-135.370346"><ele>27.829</ele><time>2026-07-10T17:12:24Z</time></trkpt><trkpt lat="59.127908" lon="-135.370361"><ele>27.874</ele><time>2026-07-10T17:12:25Z</time></trkpt><trkpt lat="59.127914" lon="-135.370381"><ele>27.890</ele><time>2026-07-10T17:12:27Z</time></trkpt><trkpt lat="59.127926" lon="-135.370407"><ele>27.891</ele><time>2026-07-10T17:12:30Z</time></trkpt><trkpt lat="59.127948" lon="-135.370461"><ele>27.286</ele><time>2026-07-10T17:12:35Z</time></trkpt><trkpt lat="59.127973" lon="-135.370581"><ele>28.017</ele><time>2026-07-10T17:12:46Z</time></trkpt><trkpt lat="59.128002" lon="-135.370692"><ele>27.418</ele><time>2026-07-10T17:12:56Z</time></trkpt><trkpt lat="59.128003" lon="-135.370699"><ele>27.462</ele><time>2026-07-10T17:12:57Z</time></trkpt><trkpt lat="59.128048" lon="-135.370739"><ele>27.869</ele><time>2026-07-10T17:13:08Z</time></trkpt><trkpt lat="59.128096" lon="-135.370795"><ele>28.635</ele><time>2026-07-10T17:13:15Z</time></trkpt><trkpt lat="59.128135" lon="-135.370849"><ele>29.686</ele><time>2026-07-10T17:13:21Z</time></trkpt><trkpt lat="59.128148" lon="-135.370868"><ele>30.214</ele><time>2026-07-10T17:13:28Z</time></trkpt><trkpt lat="59.128151" lon="-135.370874"><ele>30.409</ele><time>2026-07-10T17:13:29Z</time></trkpt><trkpt lat="59.128155" lon="-135.370884"><ele>30.465</ele><time>2026-07-10T17:13:30Z</time></trkpt><trkpt lat="59.128159" lon="-135.370893"><ele>30.690</ele><time>2026-07-10T17:13:31Z</time></trkpt><trkpt lat="59.128162" lon="-135.3709"><ele>30.856</ele><time>2026-07-10T17:13:32Z</time></trkpt><trkpt lat="59.128168" lon="-135.370912"><ele>31.047</ele><time>2026-07-10T17:13:33Z</time></trkpt><trkpt lat="59.128178" lon="-135.370937"><ele>31.242</ele><time>2026-07-10T17:13:35Z</time></trkpt><trkpt lat="59.128212" lon="-135.371006"><ele>31.653</ele><time>2026-07-10T17:13:41Z</time></trkpt><trkpt lat="59.128216" lon="-135.371012"><ele>31.834</ele><time>2026-07-10T17:13:42Z</time></trkpt><trkpt lat="59.128231" lon="-135.37111"><ele>32.268</ele><time>2026-07-10T17:13:52Z</time></trkpt><trkpt lat="59.128281" lon="-135.371138"><ele>31.655</ele><time>2026-07-10T17:14:01Z</time></trkpt><trkpt lat="59.128298" lon="-135.371153"><ele>31.253</ele><time>2026-07-10T17:14:06Z</time></trkpt><trkpt lat="59.128294" lon="-135.371179"><ele>31.004</ele><time>2026-07-10T17:14:10Z</time></trkpt><trkpt lat="59.128295" lon="-135.371187"><ele>31.014</ele><time>2026-07-10T17:14:11Z</time></trkpt><trkpt lat="59.12828" lon="-135.371204"><ele>31.009</ele><time>2026-07-10T17:14:13Z</time></trkpt><trkpt lat="59.128257" lon="-135.371206"><ele>31.027</ele><time>2026-07-10T17:14:19Z</time></trkpt><trkpt lat="59.128252" lon="-135.371191"><ele>31.012</ele><time>2026-07-10T17:14:21Z</time></trkpt><trkpt lat="59.128226" lon="-135.371164"><ele>31.028</ele><time>2026-07-10T17:14:31Z</time></trkpt><trkpt lat="59.128226" lon="-135.371163"><ele>31.099</ele><time>2026-07-10T17:14:32Z</time></trkpt><trkpt lat="59.128228" lon="-135.371161"><ele>31.034</ele><time>2026-07-10T17:14:33Z</time></trkpt><trkpt lat="59.128229" lon="-135.371159"><ele>31.095</ele><time>2026-07-10T17:14:34Z</time></trkpt><trkpt lat="59.12824" lon="-135.371156"><ele>31.066</ele><time>2026-07-10T17:14:36Z</time></trkpt><trkpt lat="59.128295" lon="-135.371138"><ele>31.070</ele><time>2026-07-10T17:14:44Z</time></trkpt><trkpt lat="59.128304" lon="-135.371154"><ele>30.687</ele><time>2026-07-10T17:14:49Z</time></trkpt><trkpt lat="59.128328" lon="-135.371192"><ele>29.874</ele><time>2026-07-10T17:14:56Z</time></trkpt><trkpt lat="59.128331" lon="-135.371202"><ele>29.456</ele><time>2026-07-10T17:14:57Z</time></trkpt><trkpt lat="59.128345" lon="-135.371251"><ele>28.221</ele><time>2026-07-10T17:15:03Z</time></trkpt><trkpt lat="59.128355" lon="-135.371272"><ele>27.609</ele><time>2026-07-10T17:15:06Z</time></trkpt><trkpt lat="59.12837" lon="-135.371291"><ele>27.479</ele><time>2026-07-10T17:15:09Z</time></trkpt><trkpt lat="59.128377" lon="-135.3713"><ele>27.284</ele><time>2026-07-10T17:15:10Z</time></trkpt><trkpt lat="59.128415" lon="-135.371346"><ele>26.210</ele><time>2026-07-10T17:15:17Z</time></trkpt><trkpt lat="59.128421" lon="-135.371349"><ele>26.291</ele><time>2026-07-10T17:15:18Z</time></trkpt><trkpt lat="59.128506" lon="-135.371374"><ele>25.266</ele><time>2026-07-10T17:15:29Z</time></trkpt><trkpt lat="59.128566" lon="-135.371491"><ele>25.497</ele><time>2026-07-10T17:15:41Z</time></trkpt><trkpt lat="59.128632" lon="-135.37169"><ele>26.018</ele><time>2026-07-10T17:15:55Z</time></trkpt><trkpt lat="59.128697" lon="-135.371818"><ele>25.892</ele><time>2026-07-10T17:16:06Z</time></trkpt><trkpt lat="59.128776" lon="-135.371945"><ele>25.629</ele><time>2026-07-10T17:16:18Z</time></trkpt><trkpt lat="59.128847" lon="-135.37201"><ele>26.286</ele><time>2026-07-10T17:16:28Z</time></trkpt><trkpt lat="59.128911" lon="-135.37209"><ele>26.260</ele><time>2026-07-10T17:16:38Z</time></trkpt><trkpt lat="59.128913" lon="-135.372101"><ele>26.226</ele><time>2026-07-10T17:16:39Z</time></trkpt><trkpt lat="59.128961" lon="-135.372199"><ele>26.009</ele><time>2026-07-10T17:16:50Z</time></trkpt><trkpt lat="59.129034" lon="-135.372329"><ele>25.820</ele><time>2026-07-10T17:17:00Z</time></trkpt><trkpt lat="59.129072" lon="-135.372423"><ele>25.645</ele><time>2026-07-10T17:17:10Z</time></trkpt><trkpt lat="59.129104" lon="-135.37254"><ele>25.661</ele><time>2026-07-10T17:17:20Z</time></trkpt><trkpt lat="59.129112" lon="-135.37267"><ele>25.672</ele><time>2026-07-10T17:17:30Z</time></trkpt><trkpt lat="59.129116" lon="-135.3727"><ele>25.637</ele><time>2026-07-10T17:17:32Z</time></trkpt><trkpt lat="59.129121" lon="-135.372725"><ele>25.698</ele><time>2026-07-10T17:17:34Z</time></trkpt><trkpt lat="59.129132" lon="-135.372762"><ele>25.829</ele><time>2026-07-10T17:17:37Z</time></trkpt><trkpt lat="59.129139" lon="-135.372798"><ele>25.853</ele><time>2026-07-10T17:17:39Z</time></trkpt><trkpt lat="59.129144" lon="-135.372905"><ele>25.840</ele><time>2026-07-10T17:17:48Z</time></trkpt><trkpt lat="59.129143" lon="-135.37292"><ele>25.891</ele><time>2026-07-10T17:17:49Z</time></trkpt><trkpt lat="59.129126" lon="-135.373089"><ele>26.681</ele><time>2026-07-10T17:18:01Z</time></trkpt><trkpt lat="59.129118" lon="-135.373172"><ele>26.619</ele><time>2026-07-10T17:18:06Z</time></trkpt><trkpt lat="59.129115" lon="-135.373226"><ele>26.009</ele><time>2026-07-10T17:18:10Z</time></trkpt><trkpt lat="59.129122" lon="-135.373372"><ele>25.251</ele><time>2026-07-10T17:18:20Z</time></trkpt><trkpt lat="59.129131" lon="-135.373403"><ele>25.286</ele><time>2026-07-10T17:18:22Z</time></trkpt><trkpt lat="59.129148" lon="-135.373466"><ele>25.832</ele><time>2026-07-10T17:18:28Z</time></trkpt><trkpt lat="59.129164" lon="-135.373565"><ele>25.473</ele><time>2026-07-10T17:18:33Z</time></trkpt><trkpt lat="59.129168" lon="-135.37374"><ele>25.248</ele><time>2026-07-10T17:18:42Z</time></trkpt><trkpt lat="59.129182" lon="-135.373928"><ele>25.629</ele><time>2026-07-10T17:18:54Z</time></trkpt><trkpt lat="59.129222" lon="-135.373988"><ele>25.480</ele><time>2026-07-10T17:19:01Z</time></trkpt><trkpt lat="59.129237" lon="-135.373988"><ele>25.234</ele><time>2026-07-10T17:19:03Z</time></trkpt><trkpt lat="59.129324" lon="-135.374011"><ele>24.451</ele><time>2026-07-10T17:19:12Z</time></trkpt><trkpt lat="59.129368" lon="-135.373985"><ele>24.091</ele><time>2026-07-10T17:19:17Z</time></trkpt><trkpt lat="59.129386" lon="-135.373954"><ele>23.481</ele><time>2026-07-10T17:19:21Z</time></trkpt><trkpt lat="59.129392" lon="-135.373943"><ele>23.419</ele><time>2026-07-10T17:19:22Z</time></trkpt><trkpt lat="59.129435" lon="-135.373805"><ele>23.809</ele><time>2026-07-10T17:19:33Z</time></trkpt><trkpt lat="59.129513" lon="-135.373791"><ele>23.031</ele><time>2026-07-10T17:19:44Z</time></trkpt><trkpt lat="59.129528" lon="-135.373812"><ele>23.016</ele><time>2026-07-10T17:19:47Z</time></trkpt><trkpt lat="59.12957" lon="-135.373858"><ele>22.692</ele><time>2026-07-10T17:19:55Z</time></trkpt><trkpt lat="59.129663" lon="-135.373854"><ele>22.883</ele><time>2026-07-10T17:20:04Z</time></trkpt><trkpt lat="59.129766" lon="-135.373888"><ele>22.088</ele><time>2026-07-10T17:20:16Z</time></trkpt><trkpt lat="59.129775" lon="-135.37389"><ele>22.099</ele><time>2026-07-10T17:20:17Z</time></trkpt><trkpt lat="59.129853" lon="-135.373881"><ele>20.810</ele><time>2026-07-10T17:20:27Z</time></trkpt><trkpt lat="59.129858" lon="-135.373879"><ele>20.684</ele><time>2026-07-10T17:20:28Z</time></trkpt><trkpt lat="59.12992" lon="-135.37391"><ele>19.891</ele><time>2026-07-10T17:20:35Z</time></trkpt><trkpt lat="59.129949" lon="-135.373943"><ele>19.422</ele><time>2026-07-10T17:20:39Z</time></trkpt><trkpt lat="59.130017" lon="-135.374044"><ele>19.062</ele><time>2026-07-10T17:20:50Z</time></trkpt><trkpt lat="59.130079" lon="-135.374123"><ele>18.808</ele><time>2026-07-10T17:20:57Z</time></trkpt><trkpt lat="59.130111" lon="-135.374154"><ele>18.609</ele><time>2026-07-10T17:21:01Z</time></trkpt><trkpt lat="59.130216" lon="-135.374244"><ele>18.654</ele><time>2026-07-10T17:21:12Z</time></trkpt><trkpt lat="59.130249" lon="-135.374257"><ele>18.489</ele><time>2026-07-10T17:21:16Z</time></trkpt><trkpt lat="59.130266" lon="-135.374269"><ele>17.435</ele><time>2026-07-10T17:21:19Z</time></trkpt><trkpt lat="59.130271" lon="-135.374285"><ele>16.836</ele><time>2026-07-10T17:21:21Z</time></trkpt><trkpt lat="59.130271" lon="-135.374305"><ele>16.251</ele><time>2026-07-10T17:21:23Z</time></trkpt><trkpt lat="59.130321" lon="-135.374372"><ele>15.892</ele><time>2026-07-10T17:21:32Z</time></trkpt><trkpt lat="59.130402" lon="-135.374409"><ele>16.073</ele><time>2026-07-10T17:21:43Z</time></trkpt><trkpt lat="59.130426" lon="-135.374419"><ele>15.837</ele><time>2026-07-10T17:21:46Z</time></trkpt><trkpt lat="59.130484" lon="-135.374429"><ele>16.044</ele><time>2026-07-10T17:21:52Z</time></trkpt><trkpt lat="59.130493" lon="-135.374423"><ele>16.035</ele><time>2026-07-10T17:21:53Z</time></trkpt><trkpt lat="59.130583" lon="-135.374363"><ele>16.086</ele><time>2026-07-10T17:22:04Z</time></trkpt><trkpt lat="59.130596" lon="-135.374319"><ele>16.214</ele><time>2026-07-10T17:22:16Z</time></trkpt><trkpt lat="59.130587" lon="-135.37433"><ele>16.209</ele><time>2026-07-10T17:22:23Z</time></trkpt><trkpt lat="59.13059" lon="-135.374378"><ele>16.065</ele><time>2026-07-10T17:22:27Z</time></trkpt><trkpt lat="59.130665" lon="-135.374473"><ele>16.080</ele><time>2026-07-10T17:22:36Z</time></trkpt><trkpt lat="59.130696" lon="-135.374538"><ele>16.826</ele><time>2026-07-10T17:22:45Z</time></trkpt><trkpt lat="59.130684" lon="-135.374605"><ele>16.697</ele><time>2026-07-10T17:22:53Z</time></trkpt><trkpt lat="59.130685" lon="-135.37468"><ele>16.492</ele><time>2026-07-10T17:23:01Z</time></trkpt><trkpt lat="59.130694" lon="-135.374829"><ele>16.473</ele><time>2026-07-10T17:23:09Z</time></trkpt><trkpt lat="59.130697" lon="-135.374843"><ele>16.424</ele><time>2026-07-10T17:23:10Z</time></trkpt><trkpt lat="59.130704" lon="-135.374874"><ele>16.418</ele><time>2026-07-10T17:23:12Z</time></trkpt><trkpt lat="59.130718" lon="-135.374905"><ele>16.655</ele><time>2026-07-10T17:23:14Z</time></trkpt><trkpt lat="59.130749" lon="-135.374994"><ele>16.625</ele><time>2026-07-10T17:23:19Z</time></trkpt><trkpt lat="59.130751" lon="-135.375107"><ele>17.026</ele><time>2026-07-10T17:23:25Z</time></trkpt><trkpt lat="59.130714" lon="-135.375226"><ele>17.208</ele><time>2026-07-10T17:23:33Z</time></trkpt><trkpt lat="59.130709" lon="-135.375256"><ele>17.209</ele><time>2026-07-10T17:23:35Z</time></trkpt><trkpt lat="59.130704" lon="-135.375353"><ele>16.664</ele><time>2026-07-10T17:23:40Z</time></trkpt><trkpt lat="59.130707" lon="-135.375506"><ele>17.099</ele><time>2026-07-10T17:23:49Z</time></trkpt><trkpt lat="59.130717" lon="-135.375577"><ele>17.035</ele><time>2026-07-10T17:23:53Z</time></trkpt><trkpt lat="59.130723" lon="-135.375626"><ele>16.896</ele><time>2026-07-10T17:23:59Z</time></trkpt><trkpt lat="59.130723" lon="-135.375626"><ele>16.831</ele><time>2026-07-10T17:24:10Z</time></trkpt><trkpt lat="59.130723" lon="-135.375626"><ele>16.852</ele><time>2026-07-10T17:24:18Z</time></trkpt><trkpt lat="59.130723" lon="-135.375626"><ele>16.813</ele><time>2026-07-10T17:24:19Z</time></trkpt><trkpt lat="59.130723" lon="-135.375626"><ele>16.877</ele><time>2026-07-10T17:24:20Z</time></trkpt><trkpt lat="59.130723" lon="-135.375626"><ele>16.634</ele><time>2026-07-10T17:24:23Z</time></trkpt><trkpt lat="59.130723" lon="-135.375626"><ele>16.491</ele><time>2026-07-10T17:24:32Z</time></trkpt><trkpt lat="59.130723" lon="-135.375626"><ele>16.481</ele><time>2026-07-10T17:24:34Z</time></trkpt><trkpt lat="59.130737" lon="-135.375653"><ele>16.019</ele><time>2026-07-10T17:24:38Z</time></trkpt><trkpt lat="59.13074" lon="-135.375709"><ele>15.609</ele><time>2026-07-10T17:24:41Z</time></trkpt><trkpt lat="59.130741" lon="-135.375746"><ele>15.271</ele><time>2026-07-10T17:24:44Z</time></trkpt><trkpt lat="59.130741" lon="-135.37586"><ele>14.636</ele><time>2026-07-10T17:24:50Z</time></trkpt><trkpt lat="59.130748" lon="-135.375962"><ele>14.272</ele><time>2026-07-10T17:24:55Z</time></trkpt><trkpt lat="59.13075" lon="-135.375982"><ele>14.093</ele><time>2026-07-10T17:24:56Z</time></trkpt><trkpt lat="59.130754" lon="-135.376022"><ele>14.098</ele><time>2026-07-10T17:24:58Z</time></trkpt><trkpt lat="59.130759" lon="-135.37608"><ele>13.839</ele><time>2026-07-10T17:25:01Z</time></trkpt><trkpt lat="59.130787" lon="-135.376199"><ele>13.070</ele><time>2026-07-10T17:25:08Z</time></trkpt><trkpt lat="59.130815" lon="-135.376237"><ele>13.094</ele><time>2026-07-10T17:25:12Z</time></trkpt><trkpt lat="59.130891" lon="-135.376324"><ele>12.871</ele><time>2026-07-10T17:25:22Z</time></trkpt><trkpt lat="59.130899" lon="-135.376389"><ele>12.685</ele><time>2026-07-10T17:25:26Z</time></trkpt><trkpt lat="59.130892" lon="-135.376463"><ele>12.489</ele><time>2026-07-10T17:25:31Z</time></trkpt><trkpt lat="59.130892" lon="-135.376482"><ele>12.417</ele><time>2026-07-10T17:25:37Z</time></trkpt><trkpt lat="59.130892" lon="-135.376482"><ele>12.409</ele><time>2026-07-10T17:25:39Z</time></trkpt><trkpt lat="59.130892" lon="-135.376482"><ele>12.470</ele><time>2026-07-10T17:25:41Z</time></trkpt><trkpt lat="59.130893" lon="-135.376469"><ele>12.655</ele><time>2026-07-10T17:25:43Z</time></trkpt><trkpt lat="59.130895" lon="-135.376473"><ele>12.631</ele><time>2026-07-10T17:25:46Z</time></trkpt><trkpt lat="59.130922" lon="-135.37653"><ele>12.052</ele><time>2026-07-10T17:25:52Z</time></trkpt><trkpt lat="59.13098" lon="-135.376634"><ele>11.657</ele><time>2026-07-10T17:26:01Z</time></trkpt><trkpt lat="59.130989" lon="-135.376695"><ele>12.088</ele><time>2026-07-10T17:26:08Z</time></trkpt><trkpt lat="59.130986" lon="-135.376706"><ele>11.869</ele><time>2026-07-10T17:26:17Z</time></trkpt><trkpt lat="59.130963" lon="-135.376742"><ele>11.683</ele><time>2026-07-10T17:26:25Z</time></trkpt><trkpt lat="59.130905" lon="-135.376872"><ele>11.480</ele><time>2026-07-10T17:26:34Z</time></trkpt><trkpt lat="59.13086" lon="-135.376954"><ele>11.494</ele><time>2026-07-10T17:26:41Z</time></trkpt><trkpt lat="59.130796" lon="-135.377088"><ele>11.457</ele><time>2026-07-10T17:26:51Z</time></trkpt><trkpt lat="59.130781" lon="-135.377124"><ele>11.422</ele><time>2026-07-10T17:26:54Z</time></trkpt><trkpt lat="59.130751" lon="-135.377187"><ele>11.409</ele><time>2026-07-10T17:27:00Z</time></trkpt><trkpt lat="59.130705" lon="-135.377287"><ele>11.261</ele><time>2026-07-10T17:27:07Z</time></trkpt><trkpt lat="59.130611" lon="-135.377406"><ele>11.086</ele><time>2026-07-10T17:27:18Z</time></trkpt><trkpt lat="59.130548" lon="-135.377465"><ele>11.082</ele><time>2026-07-10T17:27:26Z</time></trkpt><trkpt lat="59.130534" lon="-135.377472"><ele>11.023</ele><time>2026-07-10T17:27:28Z</time></trkpt><trkpt lat="59.130456" lon="-135.377579"><ele>11.248</ele><time>2026-07-10T17:27:38Z</time></trkpt><trkpt lat="59.130386" lon="-135.377703"><ele>11.059</ele><time>2026-07-10T17:27:46Z</time></trkpt><trkpt lat="59.130361" lon="-135.377753"><ele>10.840</ele><time>2026-07-10T17:27:49Z</time></trkpt><trkpt lat="59.130288" lon="-135.377905"><ele>10.844</ele><time>2026-07-10T17:28:00Z</time></trkpt><trkpt lat="59.130278" lon="-135.377943"><ele>10.021</ele><time>2026-07-10T17:28:04Z</time></trkpt><trkpt lat="59.130277" lon="-135.377954"><ele>9.892</ele><time>2026-07-10T17:28:05Z</time></trkpt><trkpt lat="59.130273" lon="-135.377996"><ele>9.273</ele><time>2026-07-10T17:28:08Z</time></trkpt><trkpt lat="59.130287" lon="-135.378087"><ele>9.820</ele><time>2026-07-10T17:28:15Z</time></trkpt><trkpt lat="59.130285" lon="-135.378217"><ele>10.209</ele><time>2026-07-10T17:28:22Z</time></trkpt><trkpt lat="59.130268" lon="-135.378374"><ele>10.091</ele><time>2026-07-10T17:28:32Z</time></trkpt><trkpt lat="59.130254" lon="-135.378483"><ele>10.276</ele><time>2026-07-10T17:28:38Z</time></trkpt><trkpt lat="59.130244" lon="-135.378576"><ele>9.872</ele><time>2026-07-10T17:28:42Z</time></trkpt><trkpt lat="59.130188" lon="-135.378737"><ele>10.063</ele><time>2026-07-10T17:28:51Z</time></trkpt><trkpt lat="59.13016" lon="-135.378814"><ele>10.058</ele><time>2026-07-10T17:28:57Z</time></trkpt><trkpt lat="59.130124" lon="-135.378843"><ele>10.039</ele><time>2026-07-10T17:29:03Z</time></trkpt><trkpt lat="59.130127" lon="-135.378844"><ele>10.060</ele><time>2026-07-10T17:29:05Z</time></trkpt><trkpt lat="59.130127" lon="-135.378844"><ele>10.044</ele><time>2026-07-10T17:29:08Z</time></trkpt><trkpt lat="59.130127" lon="-135.378844"><ele>10.041</ele><time>2026-07-10T17:29:12Z</time></trkpt><trkpt lat="59.130127" lon="-135.378844"><ele>9.847</ele><time>2026-07-10T17:29:21Z</time></trkpt><trkpt lat="59.130127" lon="-135.378844"><ele>10.029</ele><time>2026-07-10T17:29:28Z</time></trkpt><trkpt lat="59.130127" lon="-135.378844"><ele>9.821</ele><time>2026-07-10T17:29:31Z</time></trkpt><trkpt lat="59.130127" lon="-135.378844"><ele>9.809</ele><time>2026-07-10T17:29:32Z</time></trkpt><trkpt lat="59.130127" lon="-135.378844"><ele>9.836</ele><time>2026-07-10T17:29:33Z</time></trkpt><trkpt lat="59.130127" lon="-135.378844"><ele>9.841</ele><time>2026-07-10T17:29:35Z</time></trkpt><trkpt lat="59.130127" lon="-135.378844"><ele>9.647</ele><time>2026-07-10T17:29:45Z</time></trkpt><trkpt lat="59.130127" lon="-135.378844"><ele>9.448</ele><time>2026-07-10T17:29:52Z</time></trkpt><trkpt lat="59.130127" lon="-135.378844"><ele>9.233</ele><time>2026-07-10T17:30:04Z</time></trkpt><trkpt lat="59.130128" lon="-135.37884"><ele>9.214</ele><time>2026-07-10T17:30:09Z</time></trkpt><trkpt lat="59.130127" lon="-135.378844"><ele>9.025</ele><time>2026-07-10T17:30:16Z</time></trkpt><trkpt lat="59.130132" lon="-135.378831"><ele>9.059</ele><time>2026-07-10T17:30:21Z</time></trkpt><trkpt lat="59.130133" lon="-135.37884"><ele>9.086</ele><time>2026-07-10T17:30:24Z</time></trkpt><trkpt lat="59.130152" lon="-135.378866"><ele>8.812</ele><time>2026-07-10T17:30:28Z</time></trkpt><trkpt lat="59.130225" lon="-135.378945"><ele>8.632</ele><time>2026-07-10T17:30:37Z</time></trkpt><trkpt lat="59.130248" lon="-135.378994"><ele>8.405</ele><time>2026-07-10T17:30:42Z</time></trkpt><trkpt lat="59.130257" lon="-135.379022"><ele>8.409</ele><time>2026-07-10T17:30:44Z</time></trkpt><trkpt lat="59.130312" lon="-135.379162"><ele>8.013</ele><time>2026-07-10T17:30:54Z</time></trkpt><trkpt lat="59.130325" lon="-135.379192"><ele>7.898</ele><time>2026-07-10T17:30:56Z</time></trkpt><trkpt lat="59.130369" lon="-135.379325"><ele>7.424</ele><time>2026-07-10T17:31:04Z</time></trkpt><trkpt lat="59.130407" lon="-135.379472"><ele>7.225</ele><time>2026-07-10T17:31:12Z</time></trkpt><trkpt lat="59.130442" lon="-135.379577"><ele>7.070</ele><time>2026-07-10T17:31:20Z</time></trkpt><trkpt lat="59.130427" lon="-135.379654"><ele>7.011</ele><time>2026-07-10T17:31:27Z</time></trkpt><trkpt lat="59.130421" lon="-135.379669"><ele>6.862</ele><time>2026-07-10T17:31:28Z</time></trkpt><trkpt lat="59.130394" lon="-135.379751"><ele>6.216</ele><time>2026-07-10T17:31:35Z</time></trkpt><trkpt lat="59.130401" lon="-135.379795"><ele>5.883</ele><time>2026-07-10T17:31:38Z</time></trkpt><trkpt lat="59.130423" lon="-135.379855"><ele>5.493</ele><time>2026-07-10T17:31:44Z</time></trkpt><trkpt lat="59.130428" lon="-135.379858"><ele>5.265</ele><time>2026-07-10T17:31:51Z</time></trkpt><trkpt lat="59.130428" lon="-135.379858"><ele>5.221</ele><time>2026-07-10T17:31:54Z</time></trkpt><trkpt lat="59.130446" lon="-135.379846"><ele>5.209</ele><time>2026-07-10T17:31:57Z</time></trkpt><trkpt lat="59.130461" lon="-135.379827"><ele>5.071</ele><time>2026-07-10T17:31:59Z</time></trkpt><trkpt lat="59.13048" lon="-135.379798"><ele>5.056</ele><time>2026-07-10T17:32:02Z</time></trkpt><trkpt lat="59.130487" lon="-135.379788"><ele>5.062</ele><time>2026-07-10T17:32:10Z</time></trkpt><trkpt lat="59.130487" lon="-135.379788"><ele>5.263</ele><time>2026-07-10T17:32:18Z</time></trkpt><trkpt lat="59.130487" lon="-135.379788"><ele>5.038</ele><time>2026-07-10T17:32:19Z</time></trkpt><trkpt lat="59.130478" lon="-135.379794"><ele>4.899</ele><time>2026-07-10T17:32:26Z</time></trkpt><trkpt lat="59.130482" lon="-135.3798"><ele>4.820</ele><time>2026-07-10T17:32:28Z</time></trkpt><trkpt lat="59.130484" lon="-135.379802"><ele>4.434</ele><time>2026-07-10T17:32:33Z</time></trkpt><trkpt lat="59.130482" lon="-135.379807"><ele>4.651</ele><time>2026-07-10T17:32:41Z</time></trkpt><trkpt lat="59.130487" lon="-135.379788"><ele>4.042</ele><time>2026-07-10T17:32:49Z</time></trkpt><trkpt lat="59.130485" lon="-135.379799"><ele>4.022</ele><time>2026-07-10T17:33:01Z</time></trkpt><trkpt lat="59.130401" lon="-135.379665"><ele>1.014</ele><time>2026-07-10T18:21:27Z</time></trkpt><trkpt lat="59.1304" lon="-135.379576"><ele>0.809</ele><time>2026-07-10T18:21:31Z</time></trkpt><trkpt lat="59.130396" lon="-135.379483"><ele>1.066</ele><time>2026-07-10T18:21:35Z</time></trkpt><trkpt lat="59.130366" lon="-135.37939"><ele>1.021</ele><time>2026-07-10T18:21:41Z</time></trkpt><trkpt lat="59.130362" lon="-135.379378"><ele>1.017</ele><time>2026-07-10T18:21:42Z</time></trkpt><trkpt lat="59.130356" lon="-135.379351"><ele>1.018</ele><time>2026-07-10T18:21:44Z</time></trkpt><trkpt lat="59.130331" lon="-135.379268"><ele>1.453</ele><time>2026-07-10T18:21:50Z</time></trkpt><trkpt lat="59.130309" lon="-135.37921"><ele>1.294</ele><time>2026-07-10T18:21:54Z</time></trkpt><trkpt lat="59.130274" lon="-135.379113"><ele>1.815</ele><time>2026-07-10T18:22:01Z</time></trkpt><trkpt lat="59.130258" lon="-135.379071"><ele>2.089</ele><time>2026-07-10T18:22:08Z</time></trkpt><trkpt lat="59.130243" lon="-135.379021"><ele>2.026</ele><time>2026-07-10T18:22:17Z</time></trkpt><trkpt lat="59.130236" lon="-135.379009"><ele>2.047</ele><time>2026-07-10T18:22:18Z</time></trkpt><trkpt lat="59.130211" lon="-135.378955"><ele>2.229</ele><time>2026-07-10T18:22:24Z</time></trkpt><trkpt lat="59.130199" lon="-135.378922"><ele>2.421</ele><time>2026-07-10T18:22:29Z</time></trkpt><trkpt lat="59.130199" lon="-135.37892"><ele>2.209</ele><time>2026-07-10T18:22:32Z</time></trkpt><trkpt lat="59.130179" lon="-135.37885"><ele>2.236</ele><time>2026-07-10T18:22:39Z</time></trkpt><trkpt lat="59.130163" lon="-135.378673"><ele>2.621</ele><time>2026-07-10T18:22:49Z</time></trkpt><trkpt lat="59.130216" lon="-135.37861"><ele>2.267</ele><time>2026-07-10T18:22:55Z</time></trkpt><trkpt lat="59.130226" lon="-135.378578"><ele>2.238</ele><time>2026-07-10T18:22:57Z</time></trkpt><trkpt lat="59.130234" lon="-135.378522"><ele>2.053</ele><time>2026-07-10T18:23:00Z</time></trkpt><trkpt lat="59.130239" lon="-135.378445"><ele>2.044</ele><time>2026-07-10T18:23:04Z</time></trkpt><trkpt lat="59.130244" lon="-135.378387"><ele>2.025</ele><time>2026-07-10T18:23:07Z</time></trkpt><trkpt lat="59.130254" lon="-135.3782"><ele>2.089</ele><time>2026-07-10T18:23:17Z</time></trkpt><trkpt lat="59.130255" lon="-135.378081"><ele>1.656</ele><time>2026-07-10T18:23:25Z</time></trkpt><trkpt lat="59.130249" lon="-135.378004"><ele>0.865</ele><time>2026-07-10T18:23:30Z</time></trkpt><trkpt lat="59.130265" lon="-135.377948"><ele>1.268</ele><time>2026-07-10T18:23:34Z</time></trkpt><trkpt lat="59.130285" lon="-135.377914"><ele>1.814</ele><time>2026-07-10T18:23:38Z</time></trkpt><trkpt lat="59.1303" lon="-135.377872"><ele>2.409</ele><time>2026-07-10T18:23:42Z</time></trkpt><trkpt lat="59.130348" lon="-135.377792"><ele>2.458</ele><time>2026-07-10T18:23:48Z</time></trkpt><trkpt lat="59.130387" lon="-135.377702"><ele>2.443</ele><time>2026-07-10T18:23:54Z</time></trkpt><trkpt lat="59.130404" lon="-135.377658"><ele>2.499</ele><time>2026-07-10T18:23:57Z</time></trkpt><trkpt lat="59.130447" lon="-135.377574"><ele>2.660</ele><time>2026-07-10T18:24:03Z</time></trkpt><trkpt lat="59.130491" lon="-135.377499"><ele>2.675</ele><time>2026-07-10T18:24:08Z</time></trkpt><trkpt lat="59.130589" lon="-135.377412"><ele>2.666</ele><time>2026-07-10T18:24:18Z</time></trkpt><trkpt lat="59.130688" lon="-135.377286"><ele>2.617</ele><time>2026-07-10T18:24:29Z</time></trkpt><trkpt lat="59.130752" lon="-135.377143"><ele>2.881</ele><time>2026-07-10T18:24:38Z</time></trkpt><trkpt lat="59.130846" lon="-135.376971"><ele>2.848</ele><time>2026-07-10T18:24:49Z</time></trkpt><trkpt lat="59.130954" lon="-135.376739"><ele>2.681</ele><time>2026-07-10T18:25:03Z</time></trkpt><trkpt lat="59.130966" lon="-135.376666"><ele>3.061</ele><time>2026-07-10T18:25:07Z</time></trkpt><trkpt lat="59.13096" lon="-135.376653"><ele>3.017</ele><time>2026-07-10T18:25:08Z</time></trkpt><trkpt lat="59.130948" lon="-135.376629"><ele>3.009</ele><time>2026-07-10T18:25:10Z</time></trkpt><trkpt lat="59.130875" lon="-135.376487"><ele>2.810</ele><time>2026-07-10T18:25:20Z</time></trkpt><trkpt lat="59.130871" lon="-135.376351"><ele>3.615</ele><time>2026-07-10T18:25:28Z</time></trkpt><trkpt lat="59.130815" lon="-135.376291"><ele>3.881</ele><time>2026-07-10T18:25:35Z</time></trkpt><trkpt lat="59.130763" lon="-135.376185"><ele>3.822</ele><time>2026-07-10T18:25:42Z</time></trkpt><trkpt lat="59.130752" lon="-135.376134"><ele>4.097</ele><time>2026-07-10T18:25:44Z</time></trkpt><trkpt lat="59.130749" lon="-135.376109"><ele>4.238</ele><time>2026-07-10T18:25:45Z</time></trkpt><trkpt lat="59.130729" lon="-135.375951"><ele>4.849</ele><time>2026-07-10T18:25:53Z</time></trkpt><trkpt lat="59.130725" lon="-135.375894"><ele>5.093</ele><time>2026-07-10T18:25:56Z</time></trkpt><trkpt lat="59.130726" lon="-135.375852"><ele>5.210</ele><time>2026-07-10T18:25:58Z</time></trkpt><trkpt lat="59.130723" lon="-135.375723"><ele>5.867</ele><time>2026-07-10T18:26:06Z</time></trkpt><trkpt lat="59.130726" lon="-135.375693"><ele>6.081</ele><time>2026-07-10T18:26:08Z</time></trkpt><trkpt lat="59.130724" lon="-135.37559"><ele>7.219</ele><time>2026-07-10T18:26:15Z</time></trkpt><trkpt lat="59.130715" lon="-135.375545"><ele>7.609</ele><time>2026-07-10T18:26:18Z</time></trkpt><trkpt lat="59.1307" lon="-135.375357"><ele>7.478</ele><time>2026-07-10T18:26:28Z</time></trkpt><trkpt lat="59.13074" lon="-135.375138"><ele>7.613</ele><time>2026-07-10T18:26:40Z</time></trkpt><trkpt lat="59.130741" lon="-135.37495"><ele>7.679</ele><time>2026-07-10T18:26:50Z</time></trkpt><trkpt lat="59.130712" lon="-135.374847"><ele>7.470</ele><time>2026-07-10T18:26:58Z</time></trkpt><trkpt lat="59.130711" lon="-135.374847"><ele>7.425</ele><time>2026-07-10T18:26:59Z</time></trkpt><trkpt lat="59.130719" lon="-135.374863"><ele>7.416</ele><time>2026-07-10T18:27:06Z</time></trkpt><trkpt lat="59.130723" lon="-135.374864"><ele>7.627</ele><time>2026-07-10T18:27:11Z</time></trkpt><trkpt lat="59.130722" lon="-135.374855"><ele>7.641</ele><time>2026-07-10T18:27:14Z</time></trkpt><trkpt lat="59.130722" lon="-135.374855"><ele>7.648</ele><time>2026-07-10T18:27:16Z</time></trkpt><trkpt lat="59.130713" lon="-135.374783"><ele>7.634</ele><time>2026-07-10T18:27:24Z</time></trkpt><trkpt lat="59.130713" lon="-135.374789"><ele>7.655</ele><time>2026-07-10T18:27:26Z</time></trkpt><trkpt lat="59.130717" lon="-135.374765"><ele>7.610</ele><time>2026-07-10T18:27:32Z</time></trkpt><trkpt lat="59.130708" lon="-135.374573"><ele>7.809</ele><time>2026-07-10T18:27:41Z</time></trkpt><trkpt lat="59.130645" lon="-135.37448"><ele>7.875</ele><time>2026-07-10T18:27:50Z</time></trkpt><trkpt lat="59.130596" lon="-135.374425"><ele>7.410</ele><time>2026-07-10T18:27:56Z</time></trkpt><trkpt lat="59.130583" lon="-135.374402"><ele>7.626</ele><time>2026-07-10T18:27:58Z</time></trkpt><trkpt lat="59.130562" lon="-135.374388"><ele>7.627</ele><time>2026-07-10T18:28:00Z</time></trkpt><trkpt lat="59.130531" lon="-135.374397"><ele>7.652</ele><time>2026-07-10T18:28:03Z</time></trkpt><trkpt lat="59.130461" lon="-135.374424"><ele>7.663</ele><time>2026-07-10T18:28:09Z</time></trkpt><trkpt lat="59.130356" lon="-135.374365"><ele>7.674</ele><time>2026-07-10T18:28:19Z</time></trkpt><trkpt lat="59.130276" lon="-135.374293"><ele>7.848</ele><time>2026-07-10T18:28:30Z</time></trkpt><trkpt lat="59.130266" lon="-135.374267"><ele>8.285</ele><time>2026-07-10T18:28:34Z</time></trkpt><trkpt lat="59.130265" lon="-135.374249"><ele>8.497</ele><time>2026-07-10T18:28:35Z</time></trkpt><trkpt lat="59.130268" lon="-135.374246"><ele>8.623</ele><time>2026-07-10T18:28:39Z</time></trkpt><trkpt lat="59.130265" lon="-135.374255"><ele>9.425</ele><time>2026-07-10T18:28:42Z</time></trkpt><trkpt lat="59.130248" lon="-135.374227"><ele>10.409</ele><time>2026-07-10T18:28:46Z</time></trkpt><trkpt lat="59.130217" lon="-135.374207"><ele>11.241</ele><time>2026-07-10T18:28:50Z</time></trkpt><trkpt lat="59.130187" lon="-135.374198"><ele>11.276</ele><time>2026-07-10T18:28:53Z</time></trkpt><trkpt lat="59.130158" lon="-135.374166"><ele>11.282</ele><time>2026-07-10T18:28:57Z</time></trkpt><trkpt lat="59.130148" lon="-135.374141"><ele>11.213</ele><time>2026-07-10T18:28:59Z</time></trkpt><trkpt lat="59.130087" lon="-135.374095"><ele>11.448</ele><time>2026-07-10T18:29:08Z</time></trkpt><trkpt lat="59.130085" lon="-135.374092"><ele>11.499</ele><time>2026-07-10T18:29:09Z</time></trkpt><trkpt lat="59.130068" lon="-135.374033"><ele>11.890</ele><time>2026-07-10T18:29:20Z</time></trkpt><trkpt lat="59.130007" lon="-135.373939"><ele>12.024</ele><time>2026-07-10T18:29:31Z</time></trkpt><trkpt lat="59.129978" lon="-135.373917"><ele>12.461</ele><time>2026-07-10T18:29:34Z</time></trkpt><trkpt lat="59.12997" lon="-135.373913"><ele>12.462</ele><time>2026-07-10T18:29:35Z</time></trkpt><trkpt lat="59.129908" lon="-135.373861"><ele>13.283</ele><time>2026-07-10T18:29:42Z</time></trkpt><trkpt lat="59.12989" lon="-135.373838"><ele>13.411</ele><time>2026-07-10T18:29:45Z</time></trkpt><trkpt lat="59.129857" lon="-135.373824"><ele>14.409</ele><time>2026-07-10T18:29:52Z</time></trkpt><trkpt lat="59.129849" lon="-135.37382"><ele>14.648</ele><time>2026-07-10T18:29:53Z</time></trkpt><trkpt lat="59.129815" lon="-135.373812"><ele>15.243</ele><time>2026-07-10T18:29:57Z</time></trkpt><trkpt lat="59.129782" lon="-135.3738"><ele>15.669</ele><time>2026-07-10T18:30:02Z</time></trkpt><trkpt lat="59.129772" lon="-135.373805"><ele>15.840</ele><time>2026-07-10T18:30:03Z</time></trkpt><trkpt lat="59.129704" lon="-135.373804"><ele>16.895</ele><time>2026-07-10T18:30:13Z</time></trkpt><trkpt lat="59.129696" lon="-135.3738"><ele>16.856</ele><time>2026-07-10T18:30:15Z</time></trkpt><trkpt lat="59.129636" lon="-135.373828"><ele>17.227</ele><time>2026-07-10T18:30:22Z</time></trkpt><trkpt lat="59.129579" lon="-135.373829"><ele>17.221</ele><time>2026-07-10T18:30:32Z</time></trkpt><trkpt lat="59.129535" lon="-135.373787"><ele>17.848</ele><time>2026-07-10T18:30:41Z</time></trkpt><trkpt lat="59.12948" lon="-135.373781"><ele>18.257</ele><time>2026-07-10T18:30:52Z</time></trkpt><trkpt lat="59.129414" lon="-135.373782"><ele>18.400</ele><time>2026-07-10T18:31:00Z</time></trkpt><trkpt lat="59.129394" lon="-135.373804"><ele>18.620</ele><time>2026-07-10T18:31:03Z</time></trkpt><trkpt lat="59.129397" lon="-135.373955"><ele>18.609</ele><time>2026-07-10T18:31:13Z</time></trkpt><trkpt lat="59.129377" lon="-135.373971"><ele>18.847</ele><time>2026-07-10T18:31:17Z</time></trkpt><trkpt lat="59.129363" lon="-135.373967"><ele>19.042</ele><time>2026-07-10T18:31:19Z</time></trkpt><trkpt lat="59.129355" lon="-135.373974"><ele>19.268</ele><time>2026-07-10T18:31:20Z</time></trkpt><trkpt lat="59.129289" lon="-135.37398"><ele>19.819</ele><time>2026-07-10T18:31:30Z</time></trkpt><trkpt lat="59.129283" lon="-135.373985"><ele>19.894</ele><time>2026-07-10T18:31:31Z</time></trkpt><trkpt lat="59.129221" lon="-135.373993"><ele>20.655</ele><time>2026-07-10T18:31:39Z</time></trkpt><trkpt lat="59.129212" lon="-135.373977"><ele>21.016</ele><time>2026-07-10T18:31:42Z</time></trkpt><trkpt lat="59.129204" lon="-135.373938"><ele>21.240</ele><time>2026-07-10T18:31:46Z</time></trkpt><trkpt lat="59.129195" lon="-135.37391"><ele>21.267</ele><time>2026-07-10T18:31:48Z</time></trkpt><trkpt lat="59.12918" lon="-135.373773"><ele>21.287</ele><time>2026-07-10T18:31:56Z</time></trkpt><trkpt lat="59.129167" lon="-135.373625"><ele>21.242</ele><time>2026-07-10T18:32:06Z</time></trkpt><trkpt lat="59.129175" lon="-135.373552"><ele>21.026</ele><time>2026-07-10T18:32:12Z</time></trkpt><trkpt lat="59.129179" lon="-135.373573"><ele>21.209</ele><time>2026-07-10T18:32:15Z</time></trkpt><trkpt lat="59.129178" lon="-135.373584"><ele>21.280</ele><time>2026-07-10T18:32:16Z</time></trkpt><trkpt lat="59.129178" lon="-135.373579"><ele>21.255</ele><time>2026-07-10T18:32:18Z</time></trkpt><trkpt lat="59.129175" lon="-135.373571"><ele>21.231</ele><time>2026-07-10T18:32:19Z</time></trkpt><trkpt lat="59.129161" lon="-135.373533"><ele>21.242</ele><time>2026-07-10T18:32:23Z</time></trkpt><trkpt lat="59.129135" lon="-135.3734"><ele>21.667</ele><time>2026-07-10T18:32:34Z</time></trkpt><trkpt lat="59.12912" lon="-135.373228"><ele>21.858</ele><time>2026-07-10T18:32:45Z</time></trkpt><trkpt lat="59.129112" lon="-135.373181"><ele>22.089</ele><time>2026-07-10T18:32:49Z</time></trkpt><trkpt lat="59.129108" lon="-135.373129"><ele>22.633</ele><time>2026-07-10T18:32:54Z</time></trkpt><trkpt lat="59.129113" lon="-135.373119"><ele>22.830</ele><time>2026-07-10T18:32:55Z</time></trkpt><trkpt lat="59.129122" lon="-135.373106"><ele>23.071</ele><time>2026-07-10T18:32:57Z</time></trkpt><trkpt lat="59.129138" lon="-135.373071"><ele>23.441</ele><time>2026-07-10T18:33:00Z</time></trkpt><trkpt lat="59.129139" lon="-135.373034"><ele>23.215</ele><time>2026-07-10T18:33:03Z</time></trkpt><trkpt lat="59.129131" lon="-135.372884"><ele>22.609</ele><time>2026-07-10T18:33:13Z</time></trkpt><trkpt lat="59.12913" lon="-135.372779"><ele>22.469</ele><time>2026-07-10T18:33:21Z</time></trkpt><trkpt lat="59.129125" lon="-135.372743"><ele>22.414</ele><time>2026-07-10T18:33:23Z</time></trkpt><trkpt lat="59.129097" lon="-135.372599"><ele>22.620</ele><time>2026-07-10T18:33:33Z</time></trkpt><trkpt lat="59.129098" lon="-135.372538"><ele>22.641</ele><time>2026-07-10T18:33:37Z</time></trkpt><trkpt lat="59.129095" lon="-135.372462"><ele>22.496</ele><time>2026-07-10T18:33:42Z</time></trkpt><trkpt lat="59.129043" lon="-135.372387"><ele>22.497</ele><time>2026-07-10T18:33:50Z</time></trkpt><trkpt lat="59.129032" lon="-135.372371"><ele>22.678</ele><time>2026-07-10T18:33:52Z</time></trkpt><trkpt lat="59.129012" lon="-135.3723"><ele>22.832</ele><time>2026-07-10T18:33:59Z</time></trkpt><trkpt lat="59.129008" lon="-135.372289"><ele>22.899</ele><time>2026-07-10T18:34:00Z</time></trkpt><trkpt lat="59.128941" lon="-135.372183"><ele>23.054</ele><time>2026-07-10T18:34:12Z</time></trkpt><trkpt lat="59.128908" lon="-135.372058"><ele>23.656</ele><time>2026-07-10T18:34:21Z</time></trkpt><trkpt lat="59.128885" lon="-135.371974"><ele>23.611</ele><time>2026-07-10T18:34:27Z</time></trkpt><trkpt lat="59.128849" lon="-135.371958"><ele>23.809</ele><time>2026-07-10T18:34:32Z</time></trkpt><trkpt lat="59.128787" lon="-135.371958"><ele>23.417</ele><time>2026-07-10T18:34:38Z</time></trkpt><trkpt lat="59.128787" lon="-135.371952"><ele>23.022</ele><time>2026-07-10T18:34:41Z</time></trkpt><trkpt lat="59.128775" lon="-135.371895"><ele>23.088</ele><time>2026-07-10T18:34:51Z</time></trkpt><trkpt lat="59.128703" lon="-135.37179"><ele>23.619</ele><time>2026-07-10T18:35:01Z</time></trkpt><trkpt lat="59.128645" lon="-135.371688"><ele>24.254</ele><time>2026-07-10T18:35:09Z</time></trkpt><trkpt lat="59.12863" lon="-135.37166"><ele>24.095</ele><time>2026-07-10T18:35:11Z</time></trkpt><trkpt lat="59.128579" lon="-135.371528"><ele>24.056</ele><time>2026-07-10T18:35:19Z</time></trkpt><trkpt lat="59.128574" lon="-135.371489"><ele>23.870</ele><time>2026-07-10T18:35:21Z</time></trkpt><trkpt lat="59.128534" lon="-135.371392"><ele>23.417</ele><time>2026-07-10T18:35:29Z</time></trkpt><trkpt lat="59.128526" lon="-135.371388"><ele>23.431</ele><time>2026-07-10T18:35:30Z</time></trkpt><trkpt lat="59.128518" lon="-135.37139"><ele>23.661</ele><time>2026-07-10T18:35:31Z</time></trkpt><trkpt lat="59.12846" lon="-135.371343"><ele>23.607</ele><time>2026-07-10T18:35:39Z</time></trkpt><trkpt lat="59.128404" lon="-135.371309"><ele>24.609</ele><time>2026-07-10T18:35:49Z</time></trkpt><trkpt lat="59.128357" lon="-135.37124"><ele>25.285</ele><time>2026-07-10T18:35:59Z</time></trkpt><trkpt lat="59.128333" lon="-135.371195"><ele>26.020</ele><time>2026-07-10T18:36:05Z</time></trkpt><trkpt lat="59.128326" lon="-135.371177"><ele>26.446</ele><time>2026-07-10T18:36:08Z</time></trkpt><trkpt lat="59.12832" lon="-135.371165"><ele>26.867</ele><time>2026-07-10T18:36:11Z</time></trkpt><trkpt lat="59.128315" lon="-135.371147"><ele>27.412</ele><time>2026-07-10T18:36:14Z</time></trkpt><trkpt lat="59.128304" lon="-135.37111"><ele>28.493</ele><time>2026-07-10T18:36:20Z</time></trkpt><trkpt lat="59.128287" lon="-135.371085"><ele>29.214</ele><time>2026-07-10T18:36:23Z</time></trkpt><trkpt lat="59.128271" lon="-135.371076"><ele>29.658</ele><time>2026-07-10T18:36:26Z</time></trkpt><trkpt lat="59.12825" lon="-135.371096"><ele>30.245</ele><time>2026-07-10T18:36:30Z</time></trkpt><trkpt lat="59.128241" lon="-135.371095"><ele>30.488</ele><time>2026-07-10T18:36:33Z</time></trkpt><trkpt lat="59.128221" lon="-135.371017"><ele>30.224</ele><time>2026-07-10T18:36:41Z</time></trkpt><trkpt lat="59.1282" lon="-135.370913"><ele>30.026</ele><time>2026-07-10T18:36:50Z</time></trkpt><trkpt lat="59.128195" lon="-135.370903"><ele>29.809</ele><time>2026-07-10T18:36:51Z</time></trkpt><trkpt lat="59.128175" lon="-135.370892"><ele>29.650</ele><time>2026-07-10T18:36:57Z</time></trkpt><trkpt lat="59.128176" lon="-135.370894"><ele>29.625</ele><time>2026-07-10T18:36:58Z</time></trkpt><trkpt lat="59.12818" lon="-135.3709"><ele>29.641</ele><time>2026-07-10T18:37:00Z</time></trkpt><trkpt lat="59.128183" lon="-135.370899"><ele>29.472</ele><time>2026-07-10T18:37:02Z</time></trkpt><trkpt lat="59.128131" lon="-135.370813"><ele>28.887</ele><time>2026-07-10T18:37:10Z</time></trkpt><trkpt lat="59.128108" lon="-135.370793"><ele>28.418</ele><time>2026-07-10T18:37:12Z</time></trkpt><trkpt lat="59.128071" lon="-135.370762"><ele>27.649</ele><time>2026-07-10T18:37:18Z</time></trkpt><trkpt lat="59.128068" lon="-135.370757"><ele>27.453</ele><time>2026-07-10T18:37:19Z</time></trkpt><trkpt lat="59.128049" lon="-135.37073"><ele>26.280</ele><time>2026-07-10T18:37:22Z</time></trkpt><trkpt lat="59.128021" lon="-135.370685"><ele>26.085</ele><time>2026-07-10T18:37:26Z</time></trkpt><trkpt lat="59.127992" lon="-135.370603"><ele>26.289</ele><time>2026-07-10T18:37:34Z</time></trkpt><trkpt lat="59.127988" lon="-135.370595"><ele>26.217</ele><time>2026-07-10T18:37:35Z</time></trkpt><trkpt lat="59.127982" lon="-135.370541"><ele>26.409</ele><time>2026-07-10T18:37:39Z</time></trkpt><trkpt lat="59.127971" lon="-135.370446"><ele>26.460</ele><time>2026-07-10T18:37:46Z</time></trkpt><trkpt lat="59.127937" lon="-135.370314"><ele>26.635</ele><time>2026-07-10T18:37:57Z</time></trkpt><trkpt lat="59.127932" lon="-135.370242"><ele>27.211</ele><time>2026-07-10T18:38:06Z</time></trkpt><trkpt lat="59.127934" lon="-135.370228"><ele>27.262</ele><time>2026-07-10T18:38:07Z</time></trkpt><trkpt lat="59.127947" lon="-135.37013"><ele>27.427</ele><time>2026-07-10T18:38:15Z</time></trkpt><trkpt lat="59.127947" lon="-135.370122"><ele>27.438</ele><time>2026-07-10T18:38:16Z</time></trkpt><trkpt lat="59.12795" lon="-135.370062"><ele>28.499</ele><time>2026-07-10T18:38:22Z</time></trkpt><trkpt lat="59.127966" lon="-135.370032"><ele>28.633</ele><time>2026-07-10T18:38:26Z</time></trkpt><trkpt lat="59.128028" lon="-135.36992"><ele>28.830</ele><time>2026-07-10T18:38:37Z</time></trkpt><trkpt lat="59.128051" lon="-135.369931"><ele>29.288</ele><time>2026-07-10T18:38:44Z</time></trkpt><trkpt lat="59.128053" lon="-135.369927"><ele>29.424</ele><time>2026-07-10T18:38:45Z</time></trkpt><trkpt lat="59.128075" lon="-135.3699"><ele>30.626</ele><time>2026-07-10T18:38:50Z</time></trkpt><trkpt lat="59.128094" lon="-135.369856"><ele>31.409</ele><time>2026-07-10T18:38:56Z</time></trkpt><trkpt lat="59.128108" lon="-135.369831"><ele>31.660</ele><time>2026-07-10T18:38:58Z</time></trkpt><trkpt lat="59.128134" lon="-135.369789"><ele>31.635</ele><time>2026-07-10T18:39:01Z</time></trkpt><trkpt lat="59.128171" lon="-135.369746"><ele>31.631</ele><time>2026-07-10T18:39:07Z</time></trkpt><trkpt lat="59.128224" lon="-135.369649"><ele>32.012</ele><time>2026-07-10T18:39:19Z</time></trkpt><trkpt lat="59.128249" lon="-135.36959"><ele>32.267</ele><time>2026-07-10T18:39:25Z</time></trkpt><trkpt lat="59.128254" lon="-135.369577"><ele>32.048</ele><time>2026-07-10T18:39:26Z</time></trkpt><trkpt lat="59.12826" lon="-135.369548"><ele>31.889</ele><time>2026-07-10T18:39:29Z</time></trkpt><trkpt lat="59.128241" lon="-135.369445"><ele>31.833</ele><time>2026-07-10T18:39:37Z</time></trkpt><trkpt lat="59.128237" lon="-135.369433"><ele>31.860</ele><time>2026-07-10T18:39:38Z</time></trkpt><trkpt lat="59.128244" lon="-135.369283"><ele>32.271</ele><time>2026-07-10T18:39:47Z</time></trkpt><trkpt lat="59.128261" lon="-135.369252"><ele>32.241</ele><time>2026-07-10T18:39:50Z</time></trkpt><trkpt lat="59.128276" lon="-135.369244"><ele>32.015</ele><time>2026-07-10T18:39:52Z</time></trkpt><trkpt lat="59.128291" lon="-135.369239"><ele>32.209</ele><time>2026-07-10T18:39:54Z</time></trkpt><trkpt lat="59.12831" lon="-135.36925"><ele>32.039</ele><time>2026-07-10T18:39:57Z</time></trkpt><trkpt lat="59.12837" lon="-135.369229"><ele>32.014</ele><time>2026-07-10T18:40:05Z</time></trkpt><trkpt lat="59.128386" lon="-135.369194"><ele>32.250</ele><time>2026-07-10T18:40:08Z</time></trkpt><trkpt lat="59.128399" lon="-135.369156"><ele>32.621</ele><time>2026-07-10T18:40:13Z</time></trkpt><trkpt lat="59.128419" lon="-135.369092"><ele>32.636</ele><time>2026-07-10T18:40:19Z</time></trkpt><trkpt lat="59.128449" lon="-135.368973"><ele>33.227</ele><time>2026-07-10T18:40:29Z</time></trkpt><trkpt lat="59.128435" lon="-135.368904"><ele>33.078</ele><time>2026-07-10T18:40:39Z</time></trkpt><trkpt lat="59.128436" lon="-135.3689"><ele>33.062</ele><time>2026-07-10T18:40:44Z</time></trkpt><trkpt lat="59.128435" lon="-135.368897"><ele>33.069</ele><time>2026-07-10T18:40:46Z</time></trkpt><trkpt lat="59.128433" lon="-135.368887"><ele>33.036</ele><time>2026-07-10T18:40:49Z</time></trkpt><trkpt lat="59.128431" lon="-135.368889"><ele>33.017</ele><time>2026-07-10T18:40:51Z</time></trkpt><trkpt lat="59.128442" lon="-135.36891"><ele>33.018</ele><time>2026-07-10T18:40:56Z</time></trkpt><trkpt lat="59.128442" lon="-135.36891"><ele>33.009</ele><time>2026-07-10T18:40:57Z</time></trkpt><trkpt lat="59.128442" lon="-135.368911"><ele>32.895</ele><time>2026-07-10T18:40:59Z</time></trkpt><trkpt lat="59.128439" lon="-135.368906"><ele>32.860</ele><time>2026-07-10T18:41:02Z</time></trkpt><trkpt lat="59.128434" lon="-135.368892"><ele>32.876</ele><time>2026-07-10T18:41:06Z</time></trkpt><trkpt lat="59.12843" lon="-135.368888"><ele>32.817</ele><time>2026-07-10T18:41:09Z</time></trkpt><trkpt lat="59.128427" lon="-135.368896"><ele>32.852</ele><time>2026-07-10T18:41:12Z</time></trkpt><trkpt lat="59.128429" lon="-135.368892"><ele>32.843</ele><time>2026-07-10T18:41:14Z</time></trkpt><trkpt lat="59.128431" lon="-135.368883"><ele>32.864</ele><time>2026-07-10T18:41:15Z</time></trkpt><trkpt lat="59.128482" lon="-135.368832"><ele>32.818</ele><time>2026-07-10T18:41:22Z</time></trkpt><trkpt lat="59.128498" lon="-135.368682"><ele>33.095</ele><time>2026-07-10T18:41:32Z</time></trkpt><trkpt lat="59.128466" lon="-135.368519"><ele>31.818</ele><time>2026-07-10T18:41:42Z</time></trkpt><trkpt lat="59.128486" lon="-135.368432"><ele>32.498</ele><time>2026-07-10T18:41:52Z</time></trkpt><trkpt lat="59.128496" lon="-135.368399"><ele>32.417</ele><time>2026-07-10T18:41:57Z</time></trkpt><trkpt lat="59.12851" lon="-135.36834"><ele>31.609</ele><time>2026-07-10T18:42:00Z</time></trkpt><trkpt lat="59.128518" lon="-135.368314"><ele>31.493</ele><time>2026-07-10T18:42:01Z</time></trkpt><trkpt lat="59.128539" lon="-135.368158"><ele>31.058</ele><time>2026-07-10T18:42:11Z</time></trkpt><trkpt lat="59.128541" lon="-135.368096"><ele>30.624</ele><time>2026-07-10T18:42:15Z</time></trkpt><trkpt lat="59.128532" lon="-135.368043"><ele>30.035</ele><time>2026-07-10T18:42:20Z</time></trkpt><trkpt lat="59.128515" lon="-135.368"><ele>29.650</ele><time>2026-07-10T18:42:28Z</time></trkpt><trkpt lat="59.128513" lon="-135.367958"><ele>29.451</ele><time>2026-07-10T18:42:30Z</time></trkpt><trkpt lat="59.128542" lon="-135.367883"><ele>28.612</ele><time>2026-07-10T18:42:37Z</time></trkpt><trkpt lat="59.128558" lon="-135.367866"><ele>28.456</ele><time>2026-07-10T18:42:39Z</time></trkpt><trkpt lat="59.128599" lon="-135.367816"><ele>27.833</ele><time>2026-07-10T18:42:46Z</time></trkpt><trkpt lat="59.128608" lon="-135.367775"><ele>27.681</ele><time>2026-07-10T18:42:49Z</time></trkpt><trkpt lat="59.128609" lon="-135.367765"><ele>27.461</ele><time>2026-07-10T18:42:50Z</time></trkpt><trkpt lat="59.128633" lon="-135.367701"><ele>26.417</ele><time>2026-07-10T18:42:59Z</time></trkpt><trkpt lat="59.128645" lon="-135.367658"><ele>25.209</ele><time>2026-07-10T18:43:04Z</time></trkpt><trkpt lat="59.128668" lon="-135.367589"><ele>24.420</ele><time>2026-07-10T18:43:09Z</time></trkpt><trkpt lat="59.128672" lon="-135.367578"><ele>24.495</ele><time>2026-07-10T18:43:10Z</time></trkpt><trkpt lat="59.128689" lon="-135.367557"><ele>24.241</ele><time>2026-07-10T18:43:12Z</time></trkpt><trkpt lat="59.128726" lon="-135.367537"><ele>24.082</ele><time>2026-07-10T18:43:16Z</time></trkpt><trkpt lat="59.128744" lon="-135.367525"><ele>24.237</ele><time>2026-07-10T18:43:19Z</time></trkpt><trkpt lat="59.128777" lon="-135.367393"><ele>24.478</ele><time>2026-07-10T18:43:28Z</time></trkpt><trkpt lat="59.128822" lon="-135.36736"><ele>24.239</ele><time>2026-07-10T18:43:36Z</time></trkpt><trkpt lat="59.12886" lon="-135.367306"><ele>24.293</ele><time>2026-07-10T18:43:45Z</time></trkpt><trkpt lat="59.12889" lon="-135.367154"><ele>24.420</ele><time>2026-07-10T18:43:55Z</time></trkpt><trkpt lat="59.128925" lon="-135.367023"><ele>24.654</ele><time>2026-07-10T18:44:04Z</time></trkpt><trkpt lat="59.128932" lon="-135.367015"><ele>24.656</ele><time>2026-07-10T18:44:05Z</time></trkpt><trkpt lat="59.128978" lon="-135.366949"><ele>24.211</ele><time>2026-07-10T18:44:14Z</time></trkpt><trkpt lat="59.129029" lon="-135.366841"><ele>23.809</ele><time>2026-07-10T18:44:23Z</time></trkpt><trkpt lat="59.129034" lon="-135.366703"><ele>24.097</ele><time>2026-07-10T18:44:34Z</time></trkpt><trkpt lat="59.129075" lon="-135.366631"><ele>24.232</ele><time>2026-07-10T18:44:41Z</time></trkpt><trkpt lat="59.129089" lon="-135.366598"><ele>24.098</ele><time>2026-07-10T18:44:43Z</time></trkpt><trkpt lat="59.129119" lon="-135.366526"><ele>23.459</ele><time>2026-07-10T18:44:52Z</time></trkpt><trkpt lat="59.129136" lon="-135.366527"><ele>23.234</ele><time>2026-07-10T18:44:54Z</time></trkpt><trkpt lat="59.129206" lon="-135.36653"><ele>22.645</ele><time>2026-07-10T18:45:02Z</time></trkpt><trkpt lat="59.129278" lon="-135.366533"><ele>22.456</ele><time>2026-07-10T18:45:10Z</time></trkpt><trkpt lat="59.129346" lon="-135.3665"><ele>22.050</ele><time>2026-07-10T18:45:18Z</time></trkpt><trkpt lat="59.129365" lon="-135.366507"><ele>22.047</ele><time>2026-07-10T18:45:20Z</time></trkpt><trkpt lat="59.129434" lon="-135.366539"><ele>22.242</ele><time>2026-07-10T18:45:30Z</time></trkpt><trkpt lat="59.129487" lon="-135.366533"><ele>23.022</ele><time>2026-07-10T18:45:40Z</time></trkpt><trkpt lat="59.129501" lon="-135.366516"><ele>23.214</ele><time>2026-07-10T18:45:43Z</time></trkpt><trkpt lat="59.129533" lon="-135.366488"><ele>23.809</ele><time>2026-07-10T18:45:50Z</time></trkpt><trkpt lat="59.129535" lon="-135.366497"><ele>24.076</ele><time>2026-07-10T18:45:51Z</time></trkpt><trkpt lat="59.12954" lon="-135.366505"><ele>24.091</ele><time>2026-07-10T18:45:52Z</time></trkpt><trkpt lat="59.129544" lon="-135.366512"><ele>24.237</ele><time>2026-07-10T18:45:53Z</time></trkpt><trkpt lat="59.129567" lon="-135.36654"><ele>24.438</ele><time>2026-07-10T18:45:56Z</time></trkpt><trkpt lat="59.129592" lon="-135.366569"><ele>24.473</ele><time>2026-07-10T18:46:00Z</time></trkpt><trkpt lat="59.129632" lon="-135.366596"><ele>25.054</ele><time>2026-07-10T18:46:09Z</time></trkpt><trkpt lat="59.129642" lon="-135.366596"><ele>25.255</ele><time>2026-07-10T18:46:11Z</time></trkpt><trkpt lat="59.129648" lon="-135.366597"><ele>25.279</ele><time>2026-07-10T18:46:12Z</time></trkpt><trkpt lat="59.129677" lon="-135.366617"><ele>26.296</ele><time>2026-07-10T18:46:19Z</time></trkpt><trkpt lat="59.129685" lon="-135.366627"><ele>26.464</ele><time>2026-07-10T18:46:22Z</time></trkpt><trkpt lat="59.129714" lon="-135.366634"><ele>27.006</ele><time>2026-07-10T18:46:27Z</time></trkpt><trkpt lat="59.129731" lon="-135.366629"><ele>27.216</ele><time>2026-07-10T18:46:29Z</time></trkpt><trkpt lat="59.12976" lon="-135.366612"><ele>27.409</ele><time>2026-07-10T18:46:32Z</time></trkpt><trkpt lat="59.12985" lon="-135.366548"><ele>28.218</ele><time>2026-07-10T18:46:43Z</time></trkpt><trkpt lat="59.129833" lon="-135.366535"><ele>28.273</ele><time>2026-07-10T18:46:48Z</time></trkpt><trkpt lat="59.129827" lon="-135.366528"><ele>28.249</ele><time>2026-07-10T18:46:50Z</time></trkpt><trkpt lat="59.129815" lon="-135.366525"><ele>28.220</ele><time>2026-07-10T18:47:00Z</time></trkpt><trkpt lat="59.129824" lon="-135.36655"><ele>28.095</ele><time>2026-07-10T18:47:10Z</time></trkpt><trkpt lat="59.12982" lon="-135.366561"><ele>28.256</ele><time>2026-07-10T18:47:20Z</time></trkpt><trkpt lat="59.1298" lon="-135.366558"><ele>28.047</ele><time>2026-07-10T18:47:33Z</time></trkpt><trkpt lat="59.129854" lon="-135.366584"><ele>28.261</ele><time>2026-07-10T18:47:43Z</time></trkpt><trkpt lat="59.129958" lon="-135.366551"><ele>29.048</ele><time>2026-07-10T18:47:55Z</time></trkpt><trkpt lat="59.129961" lon="-135.366535"><ele>29.068</ele><time>2026-07-10T18:47:56Z</time></trkpt><trkpt lat="59.129969" lon="-135.366484"><ele>29.442</ele><time>2026-07-10T18:48:00Z</time></trkpt><trkpt lat="59.129992" lon="-135.366412"><ele>30.026</ele><time>2026-07-10T18:48:05Z</time></trkpt><trkpt lat="59.130024" lon="-135.366408"><ele>30.409</ele><time>2026-07-10T18:48:09Z</time></trkpt><trkpt lat="59.130054" lon="-135.366398"><ele>31.018</ele><time>2026-07-10T18:48:13Z</time></trkpt><trkpt lat="59.130093" lon="-135.366349"><ele>31.453</ele><time>2026-07-10T18:48:20Z</time></trkpt><trkpt lat="59.130114" lon="-135.3663"><ele>32.099</ele><time>2026-07-10T18:48:24Z</time></trkpt><trkpt lat="59.130132" lon="-135.366274"><ele>32.640</ele><time>2026-07-10T18:48:29Z</time></trkpt><trkpt lat="59.130154" lon="-135.366233"><ele>33.495</ele><time>2026-07-10T18:48:35Z</time></trkpt><trkpt lat="59.130155" lon="-135.366226"><ele>33.656</ele><time>2026-07-10T18:48:36Z</time></trkpt><trkpt lat="59.130175" lon="-135.366173"><ele>34.067</ele><time>2026-07-10T18:48:40Z</time></trkpt><trkpt lat="59.130191" lon="-135.366161"><ele>34.471</ele><time>2026-07-10T18:48:44Z</time></trkpt><trkpt lat="59.130202" lon="-135.366181"><ele>34.618</ele><time>2026-07-10T18:48:48Z</time></trkpt><trkpt lat="59.130222" lon="-135.366197"><ele>34.851</ele><time>2026-07-10T18:48:54Z</time></trkpt><trkpt lat="59.130267" lon="-135.366124"><ele>35.401</ele><time>2026-07-10T18:49:01Z</time></trkpt><trkpt lat="59.130276" lon="-135.366116"><ele>35.411</ele><time>2026-07-10T18:49:03Z</time></trkpt><trkpt lat="59.130287" lon="-135.366109"><ele>35.609</ele><time>2026-07-10T18:49:05Z</time></trkpt><trkpt lat="59.130323" lon="-135.366112"><ele>36.277</ele><time>2026-07-10T18:49:12Z</time></trkpt><trkpt lat="59.130333" lon="-135.366114"><ele>36.882</ele><time>2026-07-10T18:49:15Z</time></trkpt><trkpt lat="59.130366" lon="-135.366088"><ele>37.668</ele><time>2026-07-10T18:49:21Z</time></trkpt><trkpt lat="59.130369" lon="-135.366083"><ele>37.899</ele><time>2026-07-10T18:49:22Z</time></trkpt><trkpt lat="59.130413" lon="-135.366021"><ele>38.814</ele><time>2026-07-10T18:49:32Z</time></trkpt><trkpt lat="59.130418" lon="-135.36601"><ele>38.875</ele><time>2026-07-10T18:49:33Z</time></trkpt><trkpt lat="59.130453" lon="-135.365922"><ele>39.826</ele><time>2026-07-10T18:49:42Z</time></trkpt><trkpt lat="59.130453" lon="-135.365856"><ele>40.070</ele><time>2026-07-10T18:49:49Z</time></trkpt><trkpt lat="59.130459" lon="-135.365831"><ele>40.267</ele><time>2026-07-10T18:49:51Z</time></trkpt><trkpt lat="59.130475" lon="-135.365749"><ele>41.025</ele><time>2026-07-10T18:50:00Z</time></trkpt><trkpt lat="59.130481" lon="-135.365733"><ele>41.426</ele><time>2026-07-10T18:50:02Z</time></trkpt><trkpt lat="59.130522" lon="-135.365706"><ele>42.008</ele><time>2026-07-10T18:50:10Z</time></trkpt><trkpt lat="59.130528" lon="-135.365703"><ele>42.209</ele><time>2026-07-10T18:50:11Z</time></trkpt><trkpt lat="59.130544" lon="-135.365675"><ele>42.484</ele><time>2026-07-10T18:50:16Z</time></trkpt><trkpt lat="59.130541" lon="-135.365653"><ele>42.639</ele><time>2026-07-10T18:50:19Z</time></trkpt><trkpt lat="59.130578" lon="-135.365602"><ele>43.265</ele><time>2026-07-10T18:50:26Z</time></trkpt><trkpt lat="59.130585" lon="-135.365597"><ele>43.456</ele><time>2026-07-10T18:50:28Z</time></trkpt><trkpt lat="59.130613" lon="-135.365597"><ele>44.241</ele><time>2026-07-10T18:50:37Z</time></trkpt><trkpt lat="59.130619" lon="-135.36561"><ele>44.272</ele><time>2026-07-10T18:50:38Z</time></trkpt><trkpt lat="59.130649" lon="-135.365702"><ele>44.013</ele><time>2026-07-10T18:50:46Z</time></trkpt><trkpt lat="59.130706" lon="-135.365759"><ele>43.227</ele><time>2026-07-10T18:50:56Z</time></trkpt><trkpt lat="59.130779" lon="-135.36575"><ele>43.044</ele><time>2026-07-10T18:51:04Z</time></trkpt><trkpt lat="59.130797" lon="-135.365741"><ele>43.212</ele><time>2026-07-10T18:51:06Z</time></trkpt><trkpt lat="59.130847" lon="-135.365743"><ele>43.632</ele><time>2026-07-10T18:51:12Z</time></trkpt><trkpt lat="59.13087" lon="-135.365778"><ele>43.805</ele><time>2026-07-10T18:51:16Z</time></trkpt><trkpt lat="59.130902" lon="-135.365884"><ele>43.209</ele><time>2026-07-10T18:51:25Z</time></trkpt><trkpt lat="59.130932" lon="-135.365955"><ele>42.213</ele><time>2026-07-10T18:51:33Z</time></trkpt><trkpt lat="59.130933" lon="-135.36596"><ele>42.218</ele><time>2026-07-10T18:51:34Z</time></trkpt><trkpt lat="59.130949" lon="-135.36599"><ele>41.274</ele><time>2026-07-10T18:51:42Z</time></trkpt><trkpt lat="59.130981" lon="-135.366062"><ele>41.025</ele><time>2026-07-10T18:51:44Z</time></trkpt><trkpt lat="59.130982" lon="-135.366084"><ele>41.040</ele><time>2026-07-10T18:51:45Z</time></trkpt><trkpt lat="59.131002" lon="-135.366172"><ele>40.291</ele><time>2026-07-10T18:51:52Z</time></trkpt><trkpt lat="59.131016" lon="-135.366189"><ele>40.062</ele><time>2026-07-10T18:51:54Z</time></trkpt><trkpt lat="59.131075" lon="-135.366296"><ele>39.826</ele><time>2026-07-10T18:52:03Z</time></trkpt><trkpt lat="59.131079" lon="-135.366312"><ele>39.893</ele><time>2026-07-10T18:52:04Z</time></trkpt><trkpt lat="59.13112" lon="-135.366422"><ele>39.458</ele><time>2026-07-10T18:52:10Z</time></trkpt><trkpt lat="59.131133" lon="-135.366461"><ele>39.052</ele><time>2026-07-10T18:52:12Z</time></trkpt><trkpt lat="59.13116" lon="-135.366495"><ele>38.217</ele><time>2026-07-10T18:52:16Z</time></trkpt><trkpt lat="59.131188" lon="-135.366523"><ele>37.809</ele><time>2026-07-10T18:52:19Z</time></trkpt><trkpt lat="59.131239" lon="-135.366579"><ele>37.447</ele><time>2026-07-10T18:52:25Z</time></trkpt><trkpt lat="59.131259" lon="-135.366621"><ele>37.492</ele><time>2026-07-10T18:52:33Z</time></trkpt><trkpt lat="59.131306" lon="-135.366726"><ele>37.018</ele><time>2026-07-10T18:52:41Z</time></trkpt><trkpt lat="59.131323" lon="-135.366738"><ele>36.869</ele><time>2026-07-10T18:52:44Z</time></trkpt><trkpt lat="59.131363" lon="-135.366756"><ele>36.054</ele><time>2026-07-10T18:52:49Z</time></trkpt><trkpt lat="59.131375" lon="-135.366793"><ele>35.835</ele><time>2026-07-10T18:52:53Z</time></trkpt><trkpt lat="59.131391" lon="-135.366866"><ele>35.266</ele><time>2026-07-10T18:52:57Z</time></trkpt><trkpt lat="59.131409" lon="-135.36695"><ele>34.660</ele><time>2026-07-10T18:53:02Z</time></trkpt><trkpt lat="59.131431" lon="-135.366999"><ele>33.857</ele><time>2026-07-10T18:53:07Z</time></trkpt><trkpt lat="59.131436" lon="-135.367008"><ele>33.638</ele><time>2026-07-10T18:53:08Z</time></trkpt><trkpt lat="59.131486" lon="-135.367037"><ele>33.270</ele><time>2026-07-10T18:53:16Z</time></trkpt><trkpt lat="59.131495" lon="-135.367032"><ele>33.417</ele><time>2026-07-10T18:53:18Z</time></trkpt><trkpt lat="59.13153" lon="-135.366999"><ele>33.609</ele><time>2026-07-10T18:53:28Z</time></trkpt><trkpt lat="59.131537" lon="-135.366993"><ele>33.415</ele><time>2026-07-10T18:53:30Z</time></trkpt><trkpt lat="59.131563" lon="-135.367063"><ele>33.430</ele><time>2026-07-10T18:53:36Z</time></trkpt><trkpt lat="59.131591" lon="-135.367122"><ele>33.686</ele><time>2026-07-10T18:53:40Z</time></trkpt><trkpt lat="59.131657" lon="-135.367165"><ele>33.247</ele><time>2026-07-10T18:53:46Z</time></trkpt><trkpt lat="59.131735" lon="-135.367145"><ele>34.272</ele><time>2026-07-10T18:53:55Z</time></trkpt><trkpt lat="59.13175" lon="-135.367147"><ele>34.823</ele><time>2026-07-10T18:53:58Z</time></trkpt><trkpt lat="59.131809" lon="-135.367149"><ele>35.414</ele><time>2026-07-10T18:54:03Z</time></trkpt><trkpt lat="59.131843" lon="-135.367153"><ele>35.688</ele><time>2026-07-10T18:54:07Z</time></trkpt><trkpt lat="59.131861" lon="-135.367164"><ele>36.095</ele><time>2026-07-10T18:54:11Z</time></trkpt><trkpt lat="59.131867" lon="-135.367183"><ele>36.634</ele><time>2026-07-10T18:54:14Z</time></trkpt><trkpt lat="59.131884" lon="-135.367183"><ele>37.055</ele><time>2026-07-10T18:54:18Z</time></trkpt><trkpt lat="59.131902" lon="-135.367157"><ele>37.610</ele><time>2026-07-10T18:54:23Z</time></trkpt><trkpt lat="59.131902" lon="-135.367153"><ele>37.809</ele><time>2026-07-10T18:54:24Z</time></trkpt><trkpt lat="59.131904" lon="-135.36715"><ele>38.055</ele><time>2026-07-10T18:54:25Z</time></trkpt><trkpt lat="59.131903" lon="-135.367149"><ele>38.210</ele><time>2026-07-10T18:54:26Z</time></trkpt><trkpt lat="59.131905" lon="-135.367124"><ele>39.016</ele><time>2026-07-10T18:54:30Z</time></trkpt><trkpt lat="59.131908" lon="-135.367119"><ele>39.217</ele><time>2026-07-10T18:54:31Z</time></trkpt><trkpt lat="59.131919" lon="-135.367113"><ele>39.612</ele><time>2026-07-10T18:54:33Z</time></trkpt><trkpt lat="59.131943" lon="-135.367113"><ele>40.233</ele><time>2026-07-10T18:54:37Z</time></trkpt><trkpt lat="59.131953" lon="-135.367118"><ele>40.664</ele><time>2026-07-10T18:54:39Z</time></trkpt><trkpt lat="59.131979" lon="-135.367133"><ele>40.898</ele><time>2026-07-10T18:54:43Z</time></trkpt><trkpt lat="59.132013" lon="-135.367139"><ele>41.095</ele><time>2026-07-10T18:54:48Z</time></trkpt><trkpt lat="59.132019" lon="-135.367148"><ele>41.255</ele><time>2026-07-10T18:54:51Z</time></trkpt><trkpt lat="59.132026" lon="-135.367153"><ele>41.607</ele><time>2026-07-10T18:54:53Z</time></trkpt><trkpt lat="59.132039" lon="-135.367173"><ele>41.617</ele><time>2026-07-10T18:54:56Z</time></trkpt><trkpt lat="59.132062" lon="-135.367179"><ele>41.209</ele><time>2026-07-10T18:54:59Z</time></trkpt><trkpt lat="59.132104" lon="-135.367196"><ele>41.037</ele><time>2026-07-10T18:55:03Z</time></trkpt><trkpt lat="59.132146" lon="-135.367206"><ele>40.272</ele><time>2026-07-10T18:55:08Z</time></trkpt><trkpt lat="59.132169" lon="-135.367199"><ele>40.258</ele><time>2026-07-10T18:55:12Z</time></trkpt><trkpt lat="59.132229" lon="-135.367178"><ele>40.629</ele><time>2026-07-10T18:55:17Z</time></trkpt><trkpt lat="59.132284" lon="-135.367171"><ele>40.644</ele><time>2026-07-10T18:55:21Z</time></trkpt><trkpt lat="59.132348" lon="-135.367103"><ele>40.485</ele><time>2026-07-10T18:55:32Z</time></trkpt><trkpt lat="59.1324" lon="-135.367033"><ele>40.476</ele><time>2026-07-10T18:55:39Z</time></trkpt><trkpt lat="59.132435" lon="-135.36701"><ele>40.610</ele><time>2026-07-10T18:55:43Z</time></trkpt><trkpt lat="59.132478" lon="-135.366972"><ele>40.827</ele><time>2026-07-10T18:55:48Z</time></trkpt><trkpt lat="59.132496" lon="-135.36698"><ele>41.245</ele><time>2026-07-10T18:55:52Z</time></trkpt><trkpt lat="59.132503" lon="-135.366985"><ele>41.247</ele><time>2026-07-10T18:55:53Z</time></trkpt><trkpt lat="59.132508" lon="-135.366995"><ele>41.211</ele><time>2026-07-10T18:55:54Z</time></trkpt><trkpt lat="59.132574" lon="-135.367117"><ele>40.809</ele><time>2026-07-10T18:56:06Z</time></trkpt><trkpt lat="59.132606" lon="-135.367201"><ele>40.666</ele><time>2026-07-10T18:56:16Z</time></trkpt><trkpt lat="59.132627" lon="-135.367216"><ele>40.261</ele><time>2026-07-10T18:56:20Z</time></trkpt><trkpt lat="59.132646" lon="-135.367238"><ele>40.047</ele><time>2026-07-10T18:56:26Z</time></trkpt><trkpt lat="59.132654" lon="-135.367238"><ele>40.058</ele><time>2026-07-10T18:56:28Z</time></trkpt><trkpt lat="59.132684" lon="-135.367224"><ele>40.283</ele><time>2026-07-10T18:56:34Z</time></trkpt><trkpt lat="59.132688" lon="-135.367221"><ele>40.214</ele><time>2026-07-10T18:56:35Z</time></trkpt><trkpt lat="59.132761" lon="-135.367147"><ele>41.235</ele><time>2026-07-10T18:56:46Z</time></trkpt><trkpt lat="59.132771" lon="-135.367136"><ele>41.229</ele><time>2026-07-10T18:56:47Z</time></trkpt><trkpt lat="59.132797" lon="-135.367126"><ele>42.056</ele><time>2026-07-10T18:56:53Z</time></trkpt><trkpt lat="59.132812" lon="-135.367134"><ele>41.879</ele><time>2026-07-10T18:56:57Z</time></trkpt><trkpt lat="59.132828" lon="-135.367151"><ele>41.405</ele><time>2026-07-10T18:57:09Z</time></trkpt><trkpt lat="59.132866" lon="-135.367115"><ele>40.225</ele><time>2026-07-10T18:57:19Z</time></trkpt><trkpt lat="59.132887" lon="-135.367116"><ele>39.609</ele><time>2026-07-10T18:57:22Z</time></trkpt><trkpt lat="59.132956" lon="-135.36714"><ele>39.649</ele><time>2026-07-10T18:57:32Z</time></trkpt><trkpt lat="59.133044" lon="-135.36712"><ele>39.234</ele><time>2026-07-10T18:57:36Z</time></trkpt><trkpt lat="59.133102" lon="-135.367103"><ele>39.470</ele><time>2026-07-10T18:57:40Z</time></trkpt><trkpt lat="59.133186" lon="-135.36709"><ele>40.041</ele><time>2026-07-10T18:57:47Z</time></trkpt><trkpt lat="59.133209" lon="-135.367096"><ele>40.256</ele><time>2026-07-10T18:57:49Z</time></trkpt><trkpt lat="59.133217" lon="-135.367101"><ele>40.237</ele><time>2026-07-10T18:57:50Z</time></trkpt><trkpt lat="59.133262" lon="-135.367122"><ele>41.288</ele><time>2026-07-10T18:57:59Z</time></trkpt><trkpt lat="59.133267" lon="-135.367116"><ele>41.662</ele><time>2026-07-10T18:58:02Z</time></trkpt><trkpt lat="59.133283" lon="-135.367133"><ele>42.439</ele><time>2026-07-10T18:58:08Z</time></trkpt><trkpt lat="59.1333" lon="-135.36713"><ele>42.811</ele><time>2026-07-10T18:58:12Z</time></trkpt><trkpt lat="59.13332" lon="-135.367119"><ele>43.021</ele><time>2026-07-10T18:58:15Z</time></trkpt><trkpt lat="59.133337" lon="-135.367108"><ele>43.203</ele><time>2026-07-10T18:58:17Z</time></trkpt><trkpt lat="59.133344" lon="-135.367101"><ele>43.409</ele><time>2026-07-10T18:58:18Z</time></trkpt><trkpt lat="59.13336" lon="-135.367088"><ele>43.673</ele><time>2026-07-10T18:58:21Z</time></trkpt><trkpt lat="59.133364" lon="-135.367084"><ele>43.828</ele><time>2026-07-10T18:58:22Z</time></trkpt><trkpt lat="59.133403" lon="-135.367055"><ele>44.024</ele><time>2026-07-10T18:58:32Z</time></trkpt><trkpt lat="59.133433" lon="-135.367057"><ele>43.885</ele><time>2026-07-10T18:58:35Z</time></trkpt><trkpt lat="59.133446" lon="-135.367078"><ele>44.630</ele><time>2026-07-10T18:58:41Z</time></trkpt><trkpt lat="59.133483" lon="-135.367086"><ele>45.461</ele><time>2026-07-10T18:58:46Z</time></trkpt><trkpt lat="59.133501" lon="-135.367084"><ele>45.672</ele><time>2026-07-10T18:58:48Z</time></trkpt><trkpt lat="59.133571" lon="-135.367071"><ele>46.266</ele><time>2026-07-10T18:58:54Z</time></trkpt><trkpt lat="59.133579" lon="-135.367065"><ele>46.283</ele><time>2026-07-10T18:58:55Z</time></trkpt><trkpt lat="59.133596" lon="-135.367062"><ele>46.837</ele><time>2026-07-10T18:58:58Z</time></trkpt><trkpt lat="59.133618" lon="-135.367058"><ele>47.449</ele><time>2026-07-10T18:59:03Z</time></trkpt><trkpt lat="59.133656" lon="-135.367028"><ele>47.813</ele><time>2026-07-10T18:59:09Z</time></trkpt><trkpt lat="59.133678" lon="-135.367019"><ele>47.809</ele><time>2026-07-10T18:59:13Z</time></trkpt><trkpt lat="59.133686" lon="-135.367017"><ele>47.655</ele><time>2026-07-10T18:59:15Z</time></trkpt><trkpt lat="59.133687" lon="-135.367025"><ele>47.860</ele><time>2026-07-10T18:59:17Z</time></trkpt><trkpt lat="59.133679" lon="-135.36704"><ele>48.256</ele><time>2026-07-10T18:59:22Z</time></trkpt><trkpt lat="59.133656" lon="-135.367054"><ele>48.677</ele><time>2026-07-10T18:59:30Z</time></trkpt><trkpt lat="59.133651" lon="-135.367049"><ele>48.232</ele><time>2026-07-10T18:59:32Z</time></trkpt><trkpt lat="59.133643" lon="-135.367046"><ele>48.093</ele><time>2026-07-10T18:59:34Z</time></trkpt><trkpt lat="59.133625" lon="-135.367048"><ele>47.824</ele><time>2026-07-10T18:59:36Z</time></trkpt><trkpt lat="59.13359" lon="-135.36705"><ele>47.648</ele><time>2026-07-10T18:59:44Z</time></trkpt><trkpt lat="59.13361" lon="-135.367068"><ele>48.265</ele><time>2026-07-10T18:59:53Z</time></trkpt><trkpt lat="59.133683" lon="-135.367083"><ele>48.678</ele><time>2026-07-10T19:00:03Z</time></trkpt><trkpt lat="59.133734" lon="-135.36709"><ele>48.833</ele><time>2026-07-10T19:00:08Z</time></trkpt><trkpt lat="59.133763" lon="-135.367084"><ele>49.426</ele><time>2026-07-10T19:00:14Z</time></trkpt><trkpt lat="59.133787" lon="-135.367055"><ele>50.009</ele><time>2026-07-10T19:00:18Z</time></trkpt><trkpt lat="59.133821" lon="-135.367033"><ele>50.499</ele><time>2026-07-10T19:00:22Z</time></trkpt><trkpt lat="59.133827" lon="-135.367025"><ele>50.854</ele><time>2026-07-10T19:00:24Z</time></trkpt><trkpt lat="59.133828" lon="-135.367021"><ele>51.040</ele><time>2026-07-10T19:00:26Z</time></trkpt><trkpt lat="59.133839" lon="-135.367013"><ele>51.451</ele><time>2026-07-10T19:00:30Z</time></trkpt><trkpt lat="59.133841" lon="-135.367012"><ele>51.416</ele><time>2026-07-10T19:00:31Z</time></trkpt><trkpt lat="59.133851" lon="-135.367008"><ele>51.477</ele><time>2026-07-10T19:00:33Z</time></trkpt><trkpt lat="59.133857" lon="-135.366999"><ele>51.258</ele><time>2026-07-10T19:00:35Z</time></trkpt><trkpt lat="59.133882" lon="-135.366968"><ele>51.822</ele><time>2026-07-10T19:00:40Z</time></trkpt><trkpt lat="59.13389" lon="-135.366962"><ele>52.019</ele><time>2026-07-10T19:00:41Z</time></trkpt><trkpt lat="59.133919" lon="-135.366971"><ele>52.442</ele><time>2026-07-10T19:00:46Z</time></trkpt><trkpt lat="59.13395" lon="-135.366927"><ele>53.022</ele><time>2026-07-10T19:00:54Z</time></trkpt><trkpt lat="59.133975" lon="-135.366895"><ele>53.414</ele><time>2026-07-10T19:00:58Z</time></trkpt><trkpt lat="59.134047" lon="-135.366806"><ele>53.409</ele><time>2026-07-10T19:01:08Z</time></trkpt><trkpt lat="59.134114" lon="-135.366845"><ele>53.676</ele><time>2026-07-10T19:01:16Z</time></trkpt><trkpt lat="59.134205" lon="-135.366855"><ele>53.441</ele><time>2026-07-10T19:01:26Z</time></trkpt><trkpt lat="59.134208" lon="-135.366874"><ele>53.287</ele><time>2026-07-10T19:01:27Z</time></trkpt><trkpt lat="59.134213" lon="-135.366917"><ele>53.068</ele><time>2026-07-10T19:01:29Z</time></trkpt><trkpt lat="59.13425" lon="-135.366955"><ele>52.853</ele><time>2026-07-10T19:01:35Z</time></trkpt><trkpt lat="59.134306" lon="-135.366976"><ele>52.474</ele><time>2026-07-10T19:01:44Z</time></trkpt><trkpt lat="59.134322" lon="-135.36698"><ele>52.015</ele><time>2026-07-10T19:01:46Z</time></trkpt><trkpt lat="59.13436" lon="-135.367008"><ele>52.219</ele><time>2026-07-10T19:01:52Z</time></trkpt><trkpt lat="59.134357" lon="-135.367024"><ele>52.446</ele><time>2026-07-10T19:02:02Z</time></trkpt><trkpt lat="59.134362" lon="-135.367019"><ele>52.448</ele><time>2026-07-10T19:02:03Z</time></trkpt><trkpt lat="59.134347" lon="-135.366986"><ele>52.261</ele><time>2026-07-10T19:02:08Z</time></trkpt><trkpt lat="59.134326" lon="-135.366972"><ele>51.817</ele><time>2026-07-10T19:02:11Z</time></trkpt><trkpt lat="59.134304" lon="-135.366977"><ele>51.609</ele><time>2026-07-10T19:02:14Z</time></trkpt><trkpt lat="59.134307" lon="-135.366988"><ele>52.096</ele><time>2026-07-10T19:02:24Z</time></trkpt><trkpt lat="59.134397" lon="-135.366996"><ele>52.271</ele><time>2026-07-10T19:03:11Z</time></trkpt><trkpt lat="59.134429" lon="-135.367016"><ele>51.817</ele><time>2026-07-10T19:03:15Z</time></trkpt><trkpt lat="59.134478" lon="-135.367046"><ele>51.028</ele><time>2026-07-10T19:03:20Z</time></trkpt><trkpt lat="59.134517" lon="-135.367063"><ele>50.013</ele><time>2026-07-10T19:03:24Z</time></trkpt><trkpt lat="59.134563" lon="-135.367082"><ele>48.844</ele><time>2026-07-10T19:03:29Z</time></trkpt><trkpt lat="59.134594" lon="-135.367087"><ele>48.855</ele><time>2026-07-10T19:03:33Z</time></trkpt><trkpt lat="59.134662" lon="-135.367143"><ele>49.849</ele><time>2026-07-10T19:03:42Z</time></trkpt><trkpt lat="59.134666" lon="-135.367149"><ele>50.056</ele><time>2026-07-10T19:03:43Z</time></trkpt><trkpt lat="59.134703" lon="-135.367204"><ele>49.832</ele><time>2026-07-10T19:03:47Z</time></trkpt><trkpt lat="59.134743" lon="-135.367241"><ele>49.892</ele><time>2026-07-10T19:03:51Z</time></trkpt><trkpt lat="59.134801" lon="-135.36726"><ele>50.411</ele><time>2026-07-10T19:04:00Z</time></trkpt><trkpt lat="59.134871" lon="-135.367306"><ele>50.409</ele><time>2026-07-10T19:04:11Z</time></trkpt><trkpt lat="59.134897" lon="-135.36745"><ele>48.815</ele><time>2026-07-10T19:04:22Z</time></trkpt><trkpt lat="59.134943" lon="-135.367508"><ele>47.640</ele><time>2026-07-10T19:04:29Z</time></trkpt><trkpt lat="59.134975" lon="-135.367532"><ele>47.056</ele><time>2026-07-10T19:04:32Z</time></trkpt><trkpt lat="59.135022" lon="-135.367578"><ele>46.477</ele><time>2026-07-10T19:04:37Z</time></trkpt><trkpt lat="59.135069" lon="-135.367618"><ele>45.632</ele><time>2026-07-10T19:04:43Z</time></trkpt><trkpt lat="59.135086" lon="-135.367634"><ele>45.473</ele><time>2026-07-10T19:04:45Z</time></trkpt><trkpt lat="59.135113" lon="-135.367635"><ele>45.224</ele><time>2026-07-10T19:04:48Z</time></trkpt><trkpt lat="59.135145" lon="-135.367615"><ele>45.438</ele><time>2026-07-10T19:04:54Z</time></trkpt><trkpt lat="59.135217" lon="-135.36767"><ele>44.635</ele><time>2026-07-10T19:05:03Z</time></trkpt><trkpt lat="59.135228" lon="-135.367697"><ele>44.481</ele><time>2026-07-10T19:05:06Z</time></trkpt><trkpt lat="59.135245" lon="-135.367771"><ele>43.661</ele><time>2026-07-10T19:05:12Z</time></trkpt><trkpt lat="59.135251" lon="-135.367783"><ele>43.417</ele><time>2026-07-10T19:05:13Z</time></trkpt><trkpt lat="59.1353" lon="-135.367851"><ele>43.009</ele><time>2026-07-10T19:05:21Z</time></trkpt><trkpt lat="59.135335" lon="-135.367882"><ele>42.290</ele><time>2026-07-10T19:05:25Z</time></trkpt><trkpt lat="59.135365" lon="-135.367901"><ele>41.295</ele><time>2026-07-10T19:05:29Z</time></trkpt><trkpt lat="59.135377" lon="-135.367906"><ele>41.051</ele><time>2026-07-10T19:05:31Z</time></trkpt><trkpt lat="59.135386" lon="-135.367909"><ele>41.042</ele><time>2026-07-10T19:05:32Z</time></trkpt><trkpt lat="59.135448" lon="-135.367923"><ele>40.027</ele><time>2026-07-10T19:05:42Z</time></trkpt><trkpt lat="59.135457" lon="-135.367927"><ele>40.058</ele><time>2026-07-10T19:05:43Z</time></trkpt><trkpt lat="59.135514" lon="-135.367988"><ele>39.269</ele><time>2026-07-10T19:05:52Z</time></trkpt><trkpt lat="59.135534" lon="-135.368007"><ele>39.053</ele><time>2026-07-10T19:05:54Z</time></trkpt><trkpt lat="59.135587" lon="-135.368057"><ele>37.840</ele><time>2026-07-10T19:06:00Z</time></trkpt><trkpt lat="59.135616" lon="-135.368078"><ele>36.825</ele><time>2026-07-10T19:06:03Z</time></trkpt><trkpt lat="59.135629" lon="-135.368125"><ele>36.226</ele><time>2026-07-10T19:06:08Z</time></trkpt><trkpt lat="59.135708" lon="-135.368227"><ele>36.808</ele><time>2026-07-10T19:06:17Z</time></trkpt><trkpt lat="59.135763" lon="-135.368304"><ele>35.809</ele><time>2026-07-10T19:06:22Z</time></trkpt><trkpt lat="59.135786" lon="-135.368339"><ele>35.854</ele><time>2026-07-10T19:06:25Z</time></trkpt><trkpt lat="59.135798" lon="-135.368363"><ele>36.069</ele><time>2026-07-10T19:06:28Z</time></trkpt><trkpt lat="59.135812" lon="-135.368457"><ele>36.045</ele><time>2026-07-10T19:06:35Z</time></trkpt><trkpt lat="59.135856" lon="-135.368486"><ele>36.086</ele><time>2026-07-10T19:06:42Z</time></trkpt><trkpt lat="59.135874" lon="-135.368493"><ele>35.821</ele><time>2026-07-10T19:06:44Z</time></trkpt><trkpt lat="59.135922" lon="-135.368501"><ele>35.412</ele><time>2026-07-10T19:06:55Z</time></trkpt><trkpt lat="59.135955" lon="-135.368443"><ele>36.493</ele><time>2026-07-10T19:07:04Z</time></trkpt><trkpt lat="59.135979" lon="-135.368443"><ele>37.017</ele><time>2026-07-10T19:07:08Z</time></trkpt><trkpt lat="59.136005" lon="-135.368474"><ele>37.874</ele><time>2026-07-10T19:07:13Z</time></trkpt><trkpt lat="59.136015" lon="-135.368468"><ele>38.087</ele><time>2026-07-10T19:07:15Z</time></trkpt><trkpt lat="59.136078" lon="-135.368533"><ele>38.842</ele><time>2026-07-10T19:07:25Z</time></trkpt><trkpt lat="59.136089" lon="-135.368548"><ele>38.826</ele><time>2026-07-10T19:07:27Z</time></trkpt><trkpt lat="59.136118" lon="-135.368621"><ele>39.209</ele><time>2026-07-10T19:07:34Z</time></trkpt><trkpt lat="59.136121" lon="-135.368626"><ele>39.210</ele><time>2026-07-10T19:07:35Z</time></trkpt><trkpt lat="59.136134" lon="-135.368637"><ele>40.285</ele><time>2026-07-10T19:07:41Z</time></trkpt><trkpt lat="59.136154" lon="-135.368636"><ele>40.811</ele><time>2026-07-10T19:07:46Z</time></trkpt><trkpt lat="59.136163" lon="-135.368617"><ele>41.242</ele><time>2026-07-10T19:07:49Z</time></trkpt><trkpt lat="59.136174" lon="-135.368568"><ele>42.227</ele><time>2026-07-10T19:07:55Z</time></trkpt><trkpt lat="59.136216" lon="-135.368536"><ele>43.068</ele><time>2026-07-10T19:08:05Z</time></trkpt><trkpt lat="59.136238" lon="-135.368518"><ele>43.219</ele><time>2026-07-10T19:08:10Z</time></trkpt><trkpt lat="59.136245" lon="-135.368515"><ele>43.483</ele><time>2026-07-10T19:08:11Z</time></trkpt><trkpt lat="59.136296" lon="-135.368493"><ele>43.810</ele><time>2026-07-10T19:08:17Z</time></trkpt><trkpt lat="59.136314" lon="-135.36849"><ele>44.093</ele><time>2026-07-10T19:08:19Z</time></trkpt><trkpt lat="59.136326" lon="-135.368489"><ele>43.865</ele><time>2026-07-10T19:08:21Z</time></trkpt><trkpt lat="59.136367" lon="-135.368483"><ele>43.221</ele><time>2026-07-10T19:08:30Z</time></trkpt><trkpt lat="59.136456" lon="-135.368481"><ele>43.409</ele><time>2026-07-10T19:08:40Z</time></trkpt><trkpt lat="59.136538" lon="-135.368372"><ele>42.411</ele><time>2026-07-10T19:08:49Z</time></trkpt><trkpt lat="59.136605" lon="-135.368251"><ele>42.696</ele><time>2026-07-10T19:08:59Z</time></trkpt><trkpt lat="59.136669" lon="-135.368138"><ele>43.882</ele><time>2026-07-10T19:09:09Z</time></trkpt><trkpt lat="59.136699" lon="-135.368033"><ele>44.413</ele><time>2026-07-10T19:09:15Z</time></trkpt><trkpt lat="59.136699" lon="-135.368003"><ele>44.468</ele><time>2026-07-10T19:09:18Z</time></trkpt><trkpt lat="59.136712" lon="-135.367967"><ele>44.279</ele><time>2026-07-10T19:09:24Z</time></trkpt><trkpt lat="59.136728" lon="-135.367901"><ele>43.660</ele><time>2026-07-10T19:09:28Z</time></trkpt><trkpt lat="59.136788" lon="-135.367821"><ele>43.664</ele><time>2026-07-10T19:09:38Z</time></trkpt><trkpt lat="59.136814" lon="-135.367808"><ele>43.621</ele><time>2026-07-10T19:09:44Z</time></trkpt><trkpt lat="59.13686" lon="-135.367769"><ele>43.689</ele><time>2026-07-10T19:09:49Z</time></trkpt><trkpt lat="59.136897" lon="-135.367721"><ele>44.206</ele><time>2026-07-10T19:09:58Z</time></trkpt><trkpt lat="59.136968" lon="-135.367558"><ele>44.226</ele><time>2026-07-10T19:10:09Z</time></trkpt><trkpt lat="59.137069" lon="-135.367497"><ele>44.609</ele><time>2026-07-10T19:10:21Z</time></trkpt><trkpt lat="59.1371" lon="-135.367492"><ele>45.430</ele><time>2026-07-10T19:10:27Z</time></trkpt><trkpt lat="59.137119" lon="-135.367477"><ele>46.235</ele><time>2026-07-10T19:10:31Z</time></trkpt><trkpt lat="59.137134" lon="-135.367474"><ele>46.651</ele><time>2026-07-10T19:10:33Z</time></trkpt><trkpt lat="59.137183" lon="-135.367474"><ele>47.462</ele><time>2026-07-10T19:10:38Z</time></trkpt><trkpt lat="59.137209" lon="-135.367486"><ele>47.427</ele><time>2026-07-10T19:10:41Z</time></trkpt><trkpt lat="59.137257" lon="-135.367511"><ele>47.628</ele><time>2026-07-10T19:10:46Z</time></trkpt><trkpt lat="59.13727" lon="-135.367562"><ele>47.669</ele><time>2026-07-10T19:10:50Z</time></trkpt><trkpt lat="59.137295" lon="-135.367607"><ele>47.613</ele><time>2026-07-10T19:10:57Z</time></trkpt><trkpt lat="59.1373" lon="-135.367579"><ele>47.640</ele><time>2026-07-10T19:11:05Z</time></trkpt><trkpt lat="59.137297" lon="-135.367576"><ele>47.658</ele><time>2026-07-10T19:11:08Z</time></trkpt><trkpt lat="59.137295" lon="-135.367586"><ele>48.252</ele><time>2026-07-10T19:11:13Z</time></trkpt></trkseg></trk></gpx>