<?xml version="1.0" encoding="UTF-8"?><gpx creator="Wikiloc - http://www.wikiloc.com" version="1.1" xmlns="http://www.topografix.com/GPX/1/1" xmlns:xsi="http://www.w3.org/2001/XMLSchema-instance" xsi:schemaLocation="http://www.topografix.com/GPX/1/1 http://www.topografix.com/GPX/1/1/gpx.xsd"><trk><name><![CDATA[Jasper National Park: Maligne Lake - Bald Hills - Maligne Lake]]></name><cmt><![CDATA[Jasper Park Lodge]]></cmt><desc><![CDATA[Jasper Park Lodge]]></desc><trkseg><trkpt lat="52.726437" lon="-117.644595"><ele>1690.843</ele><time>2026-07-02T15:25:22Z</time></trkpt><trkpt lat="52.726379" lon="-117.644624"><ele>1691.464</ele><time>2026-07-02T15:25:27Z</time></trkpt><trkpt lat="52.726348" lon="-117.644674"><ele>1692.010</ele><time>2026-07-02T15:25:31Z</time></trkpt><trkpt lat="52.726317" lon="-117.644769"><ele>1692.009</ele><time>2026-07-02T15:25:36Z</time></trkpt><trkpt lat="52.726294" lon="-117.644804"><ele>1692.296</ele><time>2026-07-02T15:25:44Z</time></trkpt><trkpt lat="52.726264" lon="-117.644902"><ele>1692.421</ele><time>2026-07-02T15:25:53Z</time></trkpt><trkpt lat="52.726256" lon="-117.644904"><ele>1692.456</ele><time>2026-07-02T15:25:54Z</time></trkpt><trkpt lat="52.726182" lon="-117.644925"><ele>1692.416</ele><time>2026-07-02T15:26:01Z</time></trkpt><trkpt lat="52.726135" lon="-117.644949"><ele>1693.095</ele><time>2026-07-02T15:26:06Z</time></trkpt><trkpt lat="52.726075" lon="-117.645022"><ele>1694.091</ele><time>2026-07-02T15:26:12Z</time></trkpt><trkpt lat="52.726067" lon="-117.645031"><ele>1694.045</ele><time>2026-07-02T15:26:13Z</time></trkpt><trkpt lat="52.726023" lon="-117.645091"><ele>1695.043</ele><time>2026-07-02T15:26:21Z</time></trkpt><trkpt lat="52.726018" lon="-117.645093"><ele>1695.264</ele><time>2026-07-02T15:26:23Z</time></trkpt><trkpt lat="52.725973" lon="-117.645146"><ele>1696.423</ele><time>2026-07-02T15:26:29Z</time></trkpt><trkpt lat="52.725944" lon="-117.645181"><ele>1696.883</ele><time>2026-07-02T15:26:32Z</time></trkpt><trkpt lat="52.725848" lon="-117.645281"><ele>1697.011</ele><time>2026-07-02T15:26:39Z</time></trkpt><trkpt lat="52.725784" lon="-117.64536"><ele>1697.409</ele><time>2026-07-02T15:26:45Z</time></trkpt><trkpt lat="52.725775" lon="-117.645375"><ele>1697.484</ele><time>2026-07-02T15:26:46Z</time></trkpt><trkpt lat="52.725701" lon="-117.645492"><ele>1697.879</ele><time>2026-07-02T15:26:55Z</time></trkpt><trkpt lat="52.725657" lon="-117.645641"><ele>1698.084</ele><time>2026-07-02T15:27:04Z</time></trkpt><trkpt lat="52.725606" lon="-117.645736"><ele>1698.424</ele><time>2026-07-02T15:27:11Z</time></trkpt><trkpt lat="52.725597" lon="-117.645768"><ele>1698.653</ele><time>2026-07-02T15:27:13Z</time></trkpt><trkpt lat="52.725527" lon="-117.645918"><ele>1699.259</ele><time>2026-07-02T15:27:22Z</time></trkpt><trkpt lat="52.725513" lon="-117.646006"><ele>1699.453</ele><time>2026-07-02T15:27:27Z</time></trkpt><trkpt lat="52.725495" lon="-117.64612"><ele>1700.011</ele><time>2026-07-02T15:27:34Z</time></trkpt><trkpt lat="52.725461" lon="-117.646248"><ele>1700.462</ele><time>2026-07-02T15:27:41Z</time></trkpt><trkpt lat="52.725453" lon="-117.64631"><ele>1700.639</ele><time>2026-07-02T15:27:45Z</time></trkpt><trkpt lat="52.725421" lon="-117.646414"><ele>1701.401</ele><time>2026-07-02T15:27:52Z</time></trkpt><trkpt lat="52.725416" lon="-117.646432"><ele>1701.621</ele><time>2026-07-02T15:27:53Z</time></trkpt><trkpt lat="52.725377" lon="-117.646623"><ele>1702.409</ele><time>2026-07-02T15:28:03Z</time></trkpt><trkpt lat="52.725375" lon="-117.646635"><ele>1702.645</ele><time>2026-07-02T15:28:04Z</time></trkpt><trkpt lat="52.725341" lon="-117.646754"><ele>1703.670</ele><time>2026-07-02T15:28:11Z</time></trkpt><trkpt lat="52.725329" lon="-117.646768"><ele>1703.825</ele><time>2026-07-02T15:28:12Z</time></trkpt><trkpt lat="52.725272" lon="-117.646833"><ele>1704.285</ele><time>2026-07-02T15:28:18Z</time></trkpt><trkpt lat="52.725233" lon="-117.646865"><ele>1704.854</ele><time>2026-07-02T15:28:22Z</time></trkpt><trkpt lat="52.725195" lon="-117.646916"><ele>1705.250</ele><time>2026-07-02T15:28:27Z</time></trkpt><trkpt lat="52.725128" lon="-117.646978"><ele>1705.894</ele><time>2026-07-02T15:28:33Z</time></trkpt><trkpt lat="52.725108" lon="-117.646986"><ele>1705.872</ele><time>2026-07-02T15:28:35Z</time></trkpt><trkpt lat="52.725042" lon="-117.647042"><ele>1706.823</ele><time>2026-07-02T15:28:45Z</time></trkpt><trkpt lat="52.72504" lon="-117.64704"><ele>1706.889</ele><time>2026-07-02T15:28:55Z</time></trkpt><trkpt lat="52.725049" lon="-117.647043"><ele>1706.606</ele><time>2026-07-02T15:28:59Z</time></trkpt><trkpt lat="52.72505" lon="-117.647041"><ele>1706.626</ele><time>2026-07-02T15:29:00Z</time></trkpt><trkpt lat="52.72505" lon="-117.64704"><ele>1706.609</ele><time>2026-07-02T15:29:01Z</time></trkpt><trkpt lat="52.72505" lon="-117.64704"><ele>1706.690</ele><time>2026-07-02T15:29:02Z</time></trkpt><trkpt lat="52.725047" lon="-117.647044"><ele>1706.615</ele><time>2026-07-02T15:29:04Z</time></trkpt><trkpt lat="52.725023" lon="-117.647054"><ele>1706.820</ele><time>2026-07-02T15:29:10Z</time></trkpt><trkpt lat="52.725019" lon="-117.647053"><ele>1706.870</ele><time>2026-07-02T15:29:11Z</time></trkpt><trkpt lat="52.725" lon="-117.647051"><ele>1706.689</ele><time>2026-07-02T15:29:14Z</time></trkpt><trkpt lat="52.724976" lon="-117.647072"><ele>1706.865</ele><time>2026-07-02T15:29:18Z</time></trkpt><trkpt lat="52.724959" lon="-117.647089"><ele>1707.069</ele><time>2026-07-02T15:29:20Z</time></trkpt><trkpt lat="52.724921" lon="-117.647146"><ele>1707.847</ele><time>2026-07-02T15:29:26Z</time></trkpt><trkpt lat="52.724897" lon="-117.647166"><ele>1708.088</ele><time>2026-07-02T15:29:28Z</time></trkpt><trkpt lat="52.724801" lon="-117.647262"><ele>1708.694</ele><time>2026-07-02T15:29:37Z</time></trkpt><trkpt lat="52.724776" lon="-117.647295"><ele>1709.057</ele><time>2026-07-02T15:29:40Z</time></trkpt><trkpt lat="52.724703" lon="-117.647385"><ele>1709.822</ele><time>2026-07-02T15:29:48Z</time></trkpt><trkpt lat="52.724689" lon="-117.647401"><ele>1710.009</ele><time>2026-07-02T15:29:50Z</time></trkpt><trkpt lat="52.724592" lon="-117.647484"><ele>1711.021</ele><time>2026-07-02T15:29:59Z</time></trkpt><trkpt lat="52.72458" lon="-117.647493"><ele>1711.286</ele><time>2026-07-02T15:30:00Z</time></trkpt><trkpt lat="52.724513" lon="-117.647569"><ele>1711.661</ele><time>2026-07-02T15:30:08Z</time></trkpt><trkpt lat="52.724449" lon="-117.647628"><ele>1712.241</ele><time>2026-07-02T15:30:14Z</time></trkpt><trkpt lat="52.724415" lon="-117.647663"><ele>1712.470</ele><time>2026-07-02T15:30:17Z</time></trkpt><trkpt lat="52.724385" lon="-117.647688"><ele>1712.646</ele><time>2026-07-02T15:30:20Z</time></trkpt><trkpt lat="52.724367" lon="-117.647713"><ele>1712.680</ele><time>2026-07-02T15:30:22Z</time></trkpt><trkpt lat="52.724342" lon="-117.647751"><ele>1712.858</ele><time>2026-07-02T15:30:25Z</time></trkpt><trkpt lat="52.724273" lon="-117.64786"><ele>1713.239</ele><time>2026-07-02T15:30:32Z</time></trkpt><trkpt lat="52.724266" lon="-117.647878"><ele>1713.215</ele><time>2026-07-02T15:30:33Z</time></trkpt><trkpt lat="52.724235" lon="-117.647954"><ele>1713.665</ele><time>2026-07-02T15:30:38Z</time></trkpt><trkpt lat="52.724205" lon="-117.648005"><ele>1713.811</ele><time>2026-07-02T15:30:42Z</time></trkpt><trkpt lat="52.724174" lon="-117.648064"><ele>1713.809</ele><time>2026-07-02T15:30:49Z</time></trkpt><trkpt lat="52.72416" lon="-117.648154"><ele>1714.443</ele><time>2026-07-02T15:30:54Z</time></trkpt><trkpt lat="52.724151" lon="-117.648192"><ele>1714.458</ele><time>2026-07-02T15:30:56Z</time></trkpt><trkpt lat="52.724111" lon="-117.648427"><ele>1715.253</ele><time>2026-07-02T15:31:07Z</time></trkpt><trkpt lat="52.724111" lon="-117.648446"><ele>1715.233</ele><time>2026-07-02T15:31:08Z</time></trkpt><trkpt lat="52.724094" lon="-117.648533"><ele>1715.292</ele><time>2026-07-02T15:31:12Z</time></trkpt><trkpt lat="52.724071" lon="-117.648588"><ele>1715.258</ele><time>2026-07-02T15:31:15Z</time></trkpt><trkpt lat="52.724024" lon="-117.648684"><ele>1715.492</ele><time>2026-07-02T15:31:21Z</time></trkpt><trkpt lat="52.723996" lon="-117.648746"><ele>1715.860</ele><time>2026-07-02T15:31:25Z</time></trkpt><trkpt lat="52.723906" lon="-117.648855"><ele>1715.881</ele><time>2026-07-02T15:31:33Z</time></trkpt><trkpt lat="52.723835" lon="-117.648968"><ele>1716.059</ele><time>2026-07-02T15:31:41Z</time></trkpt><trkpt lat="52.723792" lon="-117.649027"><ele>1716.403</ele><time>2026-07-02T15:31:45Z</time></trkpt><trkpt lat="52.723754" lon="-117.649094"><ele>1716.823</ele><time>2026-07-02T15:31:49Z</time></trkpt><trkpt lat="52.723746" lon="-117.649109"><ele>1716.809</ele><time>2026-07-02T15:31:50Z</time></trkpt><trkpt lat="52.723692" lon="-117.649234"><ele>1717.047</ele><time>2026-07-02T15:31:58Z</time></trkpt><trkpt lat="52.723682" lon="-117.64925"><ele>1717.092</ele><time>2026-07-02T15:31:59Z</time></trkpt><trkpt lat="52.723621" lon="-117.649328"><ele>1717.077</ele><time>2026-07-02T15:32:05Z</time></trkpt><trkpt lat="52.723613" lon="-117.649338"><ele>1717.087</ele><time>2026-07-02T15:32:06Z</time></trkpt><trkpt lat="52.723529" lon="-117.649465"><ele>1717.046</ele><time>2026-07-02T15:32:14Z</time></trkpt><trkpt lat="52.723468" lon="-117.649607"><ele>1717.422</ele><time>2026-07-02T15:32:22Z</time></trkpt><trkpt lat="52.723445" lon="-117.649655"><ele>1717.696</ele><time>2026-07-02T15:32:25Z</time></trkpt><trkpt lat="52.723397" lon="-117.649741"><ele>1717.254</ele><time>2026-07-02T15:32:30Z</time></trkpt><trkpt lat="52.723372" lon="-117.649792"><ele>1717.485</ele><time>2026-07-02T15:32:33Z</time></trkpt><trkpt lat="52.723341" lon="-117.649862"><ele>1717.644</ele><time>2026-07-02T15:32:37Z</time></trkpt><trkpt lat="52.723325" lon="-117.649897"><ele>1717.605</ele><time>2026-07-02T15:32:39Z</time></trkpt><trkpt lat="52.723284" lon="-117.65004"><ele>1718.015</ele><time>2026-07-02T15:32:47Z</time></trkpt><trkpt lat="52.723275" lon="-117.650064"><ele>1718.009</ele><time>2026-07-02T15:32:48Z</time></trkpt><trkpt lat="52.723238" lon="-117.650186"><ele>1718.466</ele><time>2026-07-02T15:32:54Z</time></trkpt><trkpt lat="52.723193" lon="-117.65037"><ele>1718.691</ele><time>2026-07-02T15:33:03Z</time></trkpt><trkpt lat="52.723167" lon="-117.650543"><ele>1719.286</ele><time>2026-07-02T15:33:12Z</time></trkpt><trkpt lat="52.723165" lon="-117.650563"><ele>1719.446</ele><time>2026-07-02T15:33:13Z</time></trkpt><trkpt lat="52.723133" lon="-117.650744"><ele>1720.015</ele><time>2026-07-02T15:33:23Z</time></trkpt><trkpt lat="52.723131" lon="-117.650794"><ele>1720.241</ele><time>2026-07-02T15:33:25Z</time></trkpt><trkpt lat="52.72312" lon="-117.650949"><ele>1720.835</ele><time>2026-07-02T15:33:33Z</time></trkpt><trkpt lat="52.723094" lon="-117.651043"><ele>1721.213</ele><time>2026-07-02T15:33:38Z</time></trkpt><trkpt lat="52.723074" lon="-117.651116"><ele>1721.284</ele><time>2026-07-02T15:33:42Z</time></trkpt><trkpt lat="52.723031" lon="-117.651266"><ele>1721.663</ele><time>2026-07-02T15:33:50Z</time></trkpt><trkpt lat="52.72296" lon="-117.65141"><ele>1722.044</ele><time>2026-07-02T15:33:58Z</time></trkpt><trkpt lat="52.722944" lon="-117.651444"><ele>1722.218</ele><time>2026-07-02T15:34:00Z</time></trkpt><trkpt lat="52.722867" lon="-117.65162"><ele>1722.609</ele><time>2026-07-02T15:34:11Z</time></trkpt><trkpt lat="52.722794" lon="-117.651741"><ele>1723.018</ele><time>2026-07-02T15:34:19Z</time></trkpt><trkpt lat="52.722723" lon="-117.651875"><ele>1723.243</ele><time>2026-07-02T15:34:27Z</time></trkpt><trkpt lat="52.72271" lon="-117.651907"><ele>1723.438</ele><time>2026-07-02T15:34:29Z</time></trkpt><trkpt lat="52.72264" lon="-117.652053"><ele>1724.048</ele><time>2026-07-02T15:34:38Z</time></trkpt><trkpt lat="52.722571" lon="-117.65217"><ele>1724.257</ele><time>2026-07-02T15:34:46Z</time></trkpt><trkpt lat="52.722563" lon="-117.652186"><ele>1724.243</ele><time>2026-07-02T15:34:47Z</time></trkpt><trkpt lat="52.722466" lon="-117.652424"><ele>1724.817</ele><time>2026-07-02T15:35:01Z</time></trkpt><trkpt lat="52.722401" lon="-117.652588"><ele>1725.215</ele><time>2026-07-02T15:35:10Z</time></trkpt><trkpt lat="52.722386" lon="-117.652636"><ele>1725.486</ele><time>2026-07-02T15:35:13Z</time></trkpt><trkpt lat="52.722375" lon="-117.652673"><ele>1725.434</ele><time>2026-07-02T15:35:15Z</time></trkpt><trkpt lat="52.722336" lon="-117.652815"><ele>1725.855</ele><time>2026-07-02T15:35:23Z</time></trkpt><trkpt lat="52.722306" lon="-117.65294"><ele>1726.410</ele><time>2026-07-02T15:35:30Z</time></trkpt><trkpt lat="52.72229" lon="-117.653034"><ele>1727.009</ele><time>2026-07-02T15:35:35Z</time></trkpt><trkpt lat="52.722287" lon="-117.653103"><ele>1727.465</ele><time>2026-07-02T15:35:39Z</time></trkpt><trkpt lat="52.722297" lon="-117.65322"><ele>1728.230</ele><time>2026-07-02T15:35:45Z</time></trkpt><trkpt lat="52.722309" lon="-117.653276"><ele>1728.665</ele><time>2026-07-02T15:35:48Z</time></trkpt><trkpt lat="52.72232" lon="-117.65341"><ele>1729.285</ele><time>2026-07-02T15:35:55Z</time></trkpt><trkpt lat="52.722345" lon="-117.653474"><ele>1729.654</ele><time>2026-07-02T15:35:59Z</time></trkpt><trkpt lat="52.722403" lon="-117.65359"><ele>1730.260</ele><time>2026-07-02T15:36:06Z</time></trkpt><trkpt lat="52.722449" lon="-117.653686"><ele>1730.634</ele><time>2026-07-02T15:36:13Z</time></trkpt><trkpt lat="52.722464" lon="-117.653738"><ele>1730.882</ele><time>2026-07-02T15:36:16Z</time></trkpt><trkpt lat="52.722512" lon="-117.653918"><ele>1731.223</ele><time>2026-07-02T15:36:26Z</time></trkpt><trkpt lat="52.722544" lon="-117.654029"><ele>1731.441</ele><time>2026-07-02T15:36:32Z</time></trkpt><trkpt lat="52.722566" lon="-117.654095"><ele>1731.881</ele><time>2026-07-02T15:36:36Z</time></trkpt><trkpt lat="52.722622" lon="-117.654298"><ele>1732.009</ele><time>2026-07-02T15:36:47Z</time></trkpt><trkpt lat="52.722647" lon="-117.654417"><ele>1732.409</ele><time>2026-07-02T15:36:53Z</time></trkpt><trkpt lat="52.722661" lon="-117.654495"><ele>1732.626</ele><time>2026-07-02T15:36:57Z</time></trkpt><trkpt lat="52.722672" lon="-117.654579"><ele>1732.811</ele><time>2026-07-02T15:37:01Z</time></trkpt><trkpt lat="52.722695" lon="-117.654718"><ele>1733.636</ele><time>2026-07-02T15:37:09Z</time></trkpt><trkpt lat="52.722698" lon="-117.654773"><ele>1733.846</ele><time>2026-07-02T15:37:12Z</time></trkpt><trkpt lat="52.7227" lon="-117.654862"><ele>1734.255</ele><time>2026-07-02T15:37:17Z</time></trkpt><trkpt lat="52.722702" lon="-117.65511"><ele>1734.621</ele><time>2026-07-02T15:37:29Z</time></trkpt><trkpt lat="52.722689" lon="-117.655248"><ele>1734.835</ele><time>2026-07-02T15:37:36Z</time></trkpt><trkpt lat="52.722685" lon="-117.655284"><ele>1735.053</ele><time>2026-07-02T15:37:38Z</time></trkpt><trkpt lat="52.722661" lon="-117.655492"><ele>1735.834</ele><time>2026-07-02T15:37:49Z</time></trkpt><trkpt lat="52.72266" lon="-117.655513"><ele>1736.065</ele><time>2026-07-02T15:37:50Z</time></trkpt><trkpt lat="52.722646" lon="-117.65571"><ele>1736.668</ele><time>2026-07-02T15:38:00Z</time></trkpt><trkpt lat="52.722642" lon="-117.655783"><ele>1737.014</ele><time>2026-07-02T15:38:04Z</time></trkpt><trkpt lat="52.722639" lon="-117.655925"><ele>1737.609</ele><time>2026-07-02T15:38:12Z</time></trkpt><trkpt lat="52.72264" lon="-117.656029"><ele>1738.048</ele><time>2026-07-02T15:38:17Z</time></trkpt><trkpt lat="52.722641" lon="-117.656146"><ele>1738.253</ele><time>2026-07-02T15:38:23Z</time></trkpt><trkpt lat="52.722645" lon="-117.65632"><ele>1738.448</ele><time>2026-07-02T15:38:32Z</time></trkpt><trkpt lat="52.722618" lon="-117.656479"><ele>1739.098</ele><time>2026-07-02T15:38:40Z</time></trkpt><trkpt lat="52.722569" lon="-117.65667"><ele>1739.887</ele><time>2026-07-02T15:38:51Z</time></trkpt><trkpt lat="52.722567" lon="-117.656712"><ele>1740.033</ele><time>2026-07-02T15:38:53Z</time></trkpt><trkpt lat="52.72256" lon="-117.656806"><ele>1740.647</ele><time>2026-07-02T15:38:59Z</time></trkpt><trkpt lat="52.722546" lon="-117.656867"><ele>1741.015</ele><time>2026-07-02T15:39:03Z</time></trkpt><trkpt lat="52.72253" lon="-117.656958"><ele>1741.836</ele><time>2026-07-02T15:39:08Z</time></trkpt><trkpt lat="52.72252" lon="-117.656999"><ele>1742.244</ele><time>2026-07-02T15:39:11Z</time></trkpt><trkpt lat="52.722481" lon="-117.657143"><ele>1743.205</ele><time>2026-07-02T15:39:19Z</time></trkpt><trkpt lat="52.722477" lon="-117.657161"><ele>1743.215</ele><time>2026-07-02T15:39:20Z</time></trkpt><trkpt lat="52.722466" lon="-117.657236"><ele>1743.209</ele><time>2026-07-02T15:39:24Z</time></trkpt><trkpt lat="52.722447" lon="-117.657334"><ele>1743.656</ele><time>2026-07-02T15:39:29Z</time></trkpt><trkpt lat="52.722438" lon="-117.657386"><ele>1743.841</ele><time>2026-07-02T15:39:32Z</time></trkpt><trkpt lat="52.722424" lon="-117.657503"><ele>1744.016</ele><time>2026-07-02T15:39:39Z</time></trkpt><trkpt lat="52.722411" lon="-117.657578"><ele>1744.266</ele><time>2026-07-02T15:39:43Z</time></trkpt><trkpt lat="52.722388" lon="-117.657666"><ele>1744.665</ele><time>2026-07-02T15:39:48Z</time></trkpt><trkpt lat="52.722358" lon="-117.657793"><ele>1745.241</ele><time>2026-07-02T15:39:56Z</time></trkpt><trkpt lat="52.722343" lon="-117.657845"><ele>1745.625</ele><time>2026-07-02T15:39:59Z</time></trkpt><trkpt lat="52.722306" lon="-117.658001"><ele>1746.253</ele><time>2026-07-02T15:40:08Z</time></trkpt><trkpt lat="52.722272" lon="-117.658183"><ele>1747.074</ele><time>2026-07-02T15:40:19Z</time></trkpt><trkpt lat="52.722258" lon="-117.658245"><ele>1747.466</ele><time>2026-07-02T15:40:23Z</time></trkpt><trkpt lat="52.722241" lon="-117.658352"><ele>1748.029</ele><time>2026-07-02T15:40:30Z</time></trkpt><trkpt lat="52.722229" lon="-117.658413"><ele>1748.221</ele><time>2026-07-02T15:40:34Z</time></trkpt><trkpt lat="52.722225" lon="-117.65843"><ele>1748.409</ele><time>2026-07-02T15:40:35Z</time></trkpt><trkpt lat="52.722197" lon="-117.658532"><ele>1749.218</ele><time>2026-07-02T15:40:42Z</time></trkpt><trkpt lat="52.722188" lon="-117.658566"><ele>1749.483</ele><time>2026-07-02T15:40:44Z</time></trkpt><trkpt lat="52.722166" lon="-117.658675"><ele>1750.218</ele><time>2026-07-02T15:40:51Z</time></trkpt><trkpt lat="52.722145" lon="-117.658754"><ele>1750.648</ele><time>2026-07-02T15:40:56Z</time></trkpt><trkpt lat="52.722133" lon="-117.658828"><ele>1751.277</ele><time>2026-07-02T15:41:01Z</time></trkpt><trkpt lat="52.72213" lon="-117.658905"><ele>1751.643</ele><time>2026-07-02T15:41:05Z</time></trkpt><trkpt lat="52.722123" lon="-117.659001"><ele>1752.267</ele><time>2026-07-02T15:41:11Z</time></trkpt><trkpt lat="52.722123" lon="-117.659056"><ele>1752.665</ele><time>2026-07-02T15:41:14Z</time></trkpt><trkpt lat="52.722137" lon="-117.659157"><ele>1753.086</ele><time>2026-07-02T15:41:20Z</time></trkpt><trkpt lat="52.72215" lon="-117.659207"><ele>1753.469</ele><time>2026-07-02T15:41:23Z</time></trkpt><trkpt lat="52.722158" lon="-117.659235"><ele>1753.604</ele><time>2026-07-02T15:41:25Z</time></trkpt><trkpt lat="52.722194" lon="-117.659331"><ele>1754.224</ele><time>2026-07-02T15:41:32Z</time></trkpt><trkpt lat="52.722202" lon="-117.659366"><ele>1754.609</ele><time>2026-07-02T15:41:35Z</time></trkpt><trkpt lat="52.72225" lon="-117.659501"><ele>1755.648</ele><time>2026-07-02T15:41:45Z</time></trkpt><trkpt lat="52.722261" lon="-117.659528"><ele>1755.663</ele><time>2026-07-02T15:41:47Z</time></trkpt><trkpt lat="52.722296" lon="-117.659633"><ele>1756.278</ele><time>2026-07-02T15:41:54Z</time></trkpt><trkpt lat="52.722306" lon="-117.659682"><ele>1756.888</ele><time>2026-07-02T15:41:58Z</time></trkpt><trkpt lat="52.72233" lon="-117.659772"><ele>1757.447</ele><time>2026-07-02T15:42:04Z</time></trkpt><trkpt lat="52.722344" lon="-117.659806"><ele>1757.813</ele><time>2026-07-02T15:42:07Z</time></trkpt><trkpt lat="52.722379" lon="-117.659917"><ele>1758.857</ele><time>2026-07-02T15:42:15Z</time></trkpt><trkpt lat="52.722385" lon="-117.660074"><ele>1760.095</ele><time>2026-07-02T15:42:25Z</time></trkpt><trkpt lat="52.722375" lon="-117.660223"><ele>1761.036</ele><time>2026-07-02T15:42:34Z</time></trkpt><trkpt lat="52.722373" lon="-117.660239"><ele>1761.075</ele><time>2026-07-02T15:42:35Z</time></trkpt><trkpt lat="52.722361" lon="-117.660344"><ele>1761.428</ele><time>2026-07-02T15:42:42Z</time></trkpt><trkpt lat="52.722351" lon="-117.660392"><ele>1761.820</ele><time>2026-07-02T15:42:45Z</time></trkpt><trkpt lat="52.722339" lon="-117.660429"><ele>1762.009</ele><time>2026-07-02T15:42:48Z</time></trkpt><trkpt lat="52.722319" lon="-117.660487"><ele>1762.659</ele><time>2026-07-02T15:42:53Z</time></trkpt><trkpt lat="52.722306" lon="-117.66054"><ele>1763.044</ele><time>2026-07-02T15:42:57Z</time></trkpt><trkpt lat="52.722292" lon="-117.660594"><ele>1764.049</ele><time>2026-07-02T15:43:03Z</time></trkpt><trkpt lat="52.722285" lon="-117.660638"><ele>1764.029</ele><time>2026-07-02T15:43:06Z</time></trkpt><trkpt lat="52.722271" lon="-117.660692"><ele>1764.218</ele><time>2026-07-02T15:43:09Z</time></trkpt><trkpt lat="52.722267" lon="-117.660706"><ele>1764.494</ele><time>2026-07-02T15:43:10Z</time></trkpt><trkpt lat="52.722265" lon="-117.660717"><ele>1764.448</ele><time>2026-07-02T15:43:11Z</time></trkpt><trkpt lat="52.722243" lon="-117.66086"><ele>1765.026</ele><time>2026-07-02T15:43:20Z</time></trkpt><trkpt lat="52.722236" lon="-117.660884"><ele>1765.217</ele><time>2026-07-02T15:43:22Z</time></trkpt><trkpt lat="52.722217" lon="-117.661052"><ele>1765.823</ele><time>2026-07-02T15:43:32Z</time></trkpt><trkpt lat="52.722208" lon="-117.661104"><ele>1766.283</ele><time>2026-07-02T15:43:35Z</time></trkpt><trkpt lat="52.722197" lon="-117.661249"><ele>1766.811</ele><time>2026-07-02T15:43:43Z</time></trkpt><trkpt lat="52.72219" lon="-117.661319"><ele>1767.209</ele><time>2026-07-02T15:43:47Z</time></trkpt><trkpt lat="52.722182" lon="-117.661411"><ele>1768.024</ele><time>2026-07-02T15:43:52Z</time></trkpt><trkpt lat="52.722179" lon="-117.661461"><ele>1768.429</ele><time>2026-07-02T15:43:55Z</time></trkpt><trkpt lat="52.722176" lon="-117.661555"><ele>1769.084</ele><time>2026-07-02T15:44:01Z</time></trkpt><trkpt lat="52.722182" lon="-117.661718"><ele>1769.464</ele><time>2026-07-02T15:44:11Z</time></trkpt><trkpt lat="52.722182" lon="-117.661749"><ele>1769.413</ele><time>2026-07-02T15:44:12Z</time></trkpt><trkpt lat="52.722181" lon="-117.661804"><ele>1769.669</ele><time>2026-07-02T15:44:14Z</time></trkpt><trkpt lat="52.722179" lon="-117.661896"><ele>1769.823</ele><time>2026-07-02T15:44:19Z</time></trkpt><trkpt lat="52.722202" lon="-117.662038"><ele>1770.211</ele><time>2026-07-02T15:44:27Z</time></trkpt><trkpt lat="52.72221" lon="-117.662097"><ele>1770.432</ele><time>2026-07-02T15:44:30Z</time></trkpt><trkpt lat="52.722224" lon="-117.662174"><ele>1771.057</ele><time>2026-07-02T15:44:35Z</time></trkpt><trkpt lat="52.722236" lon="-117.66224"><ele>1771.400</ele><time>2026-07-02T15:44:39Z</time></trkpt><trkpt lat="52.722245" lon="-117.662288"><ele>1771.820</ele><time>2026-07-02T15:44:42Z</time></trkpt><trkpt lat="52.722249" lon="-117.662319"><ele>1772.209</ele><time>2026-07-02T15:44:44Z</time></trkpt><trkpt lat="52.722261" lon="-117.662402"><ele>1772.617</ele><time>2026-07-02T15:44:49Z</time></trkpt><trkpt lat="52.722266" lon="-117.662475"><ele>1773.072</ele><time>2026-07-02T15:44:53Z</time></trkpt><trkpt lat="52.722279" lon="-117.662569"><ele>1773.667</ele><time>2026-07-02T15:44:59Z</time></trkpt><trkpt lat="52.722278" lon="-117.662624"><ele>1774.077</ele><time>2026-07-02T15:45:02Z</time></trkpt><trkpt lat="52.72227" lon="-117.662703"><ele>1774.666</ele><time>2026-07-02T15:45:07Z</time></trkpt><trkpt lat="52.722259" lon="-117.662762"><ele>1775.262</ele><time>2026-07-02T15:45:11Z</time></trkpt><trkpt lat="52.722242" lon="-117.662805"><ele>1775.876</ele><time>2026-07-02T15:45:16Z</time></trkpt><trkpt lat="52.722218" lon="-117.662851"><ele>1776.424</ele><time>2026-07-02T15:45:20Z</time></trkpt><trkpt lat="52.722199" lon="-117.66288"><ele>1776.835</ele><time>2026-07-02T15:45:23Z</time></trkpt><trkpt lat="52.722166" lon="-117.662935"><ele>1777.484</ele><time>2026-07-02T15:45:28Z</time></trkpt><trkpt lat="52.722153" lon="-117.662964"><ele>1777.807</ele><time>2026-07-02T15:45:30Z</time></trkpt><trkpt lat="52.722108" lon="-117.663089"><ele>1778.217</ele><time>2026-07-02T15:45:37Z</time></trkpt><trkpt lat="52.722096" lon="-117.663141"><ele>1778.209</ele><time>2026-07-02T15:45:40Z</time></trkpt><trkpt lat="52.722094" lon="-117.663158"><ele>1778.480</ele><time>2026-07-02T15:45:41Z</time></trkpt><trkpt lat="52.722086" lon="-117.663196"><ele>1778.465</ele><time>2026-07-02T15:45:43Z</time></trkpt><trkpt lat="52.722075" lon="-117.663252"><ele>1778.430</ele><time>2026-07-02T15:45:46Z</time></trkpt><trkpt lat="52.722015" lon="-117.663457"><ele>1778.430</ele><time>2026-07-02T15:45:58Z</time></trkpt><trkpt lat="52.721976" lon="-117.663632"><ele>1778.669</ele><time>2026-07-02T15:46:07Z</time></trkpt><trkpt lat="52.721951" lon="-117.66375"><ele>1778.865</ele><time>2026-07-02T15:46:13Z</time></trkpt><trkpt lat="52.721934" lon="-117.663801"><ele>1779.249</ele><time>2026-07-02T15:46:16Z</time></trkpt><trkpt lat="52.721909" lon="-117.66396"><ele>1779.887</ele><time>2026-07-02T15:46:25Z</time></trkpt><trkpt lat="52.721905" lon="-117.663995"><ele>1780.098</ele><time>2026-07-02T15:46:27Z</time></trkpt><trkpt lat="52.721887" lon="-117.664085"><ele>1780.441</ele><time>2026-07-02T15:46:32Z</time></trkpt><trkpt lat="52.721884" lon="-117.664105"><ele>1780.681</ele><time>2026-07-02T15:46:33Z</time></trkpt><trkpt lat="52.72188" lon="-117.664159"><ele>1780.809</ele><time>2026-07-02T15:46:36Z</time></trkpt><trkpt lat="52.721881" lon="-117.664244"><ele>1781.009</ele><time>2026-07-02T15:46:40Z</time></trkpt><trkpt lat="52.721889" lon="-117.664327"><ele>1781.476</ele><time>2026-07-02T15:46:44Z</time></trkpt><trkpt lat="52.721884" lon="-117.66451"><ele>1781.611</ele><time>2026-07-02T15:46:53Z</time></trkpt><trkpt lat="52.721907" lon="-117.664701"><ele>1781.656</ele><time>2026-07-02T15:47:03Z</time></trkpt><trkpt lat="52.721919" lon="-117.664879"><ele>1782.096</ele><time>2026-07-02T15:47:13Z</time></trkpt><trkpt lat="52.721919" lon="-117.664899"><ele>1782.065</ele><time>2026-07-02T15:47:14Z</time></trkpt><trkpt lat="52.721937" lon="-117.665121"><ele>1783.081</ele><time>2026-07-02T15:47:24Z</time></trkpt><trkpt lat="52.721948" lon="-117.665243"><ele>1783.685</ele><time>2026-07-02T15:47:31Z</time></trkpt><trkpt lat="52.721948" lon="-117.665324"><ele>1784.263</ele><time>2026-07-02T15:47:36Z</time></trkpt><trkpt lat="52.721951" lon="-117.665381"><ele>1784.684</ele><time>2026-07-02T15:47:39Z</time></trkpt><trkpt lat="52.721956" lon="-117.665453"><ele>1785.293</ele><time>2026-07-02T15:47:44Z</time></trkpt><trkpt lat="52.72196" lon="-117.665509"><ele>1785.865</ele><time>2026-07-02T15:47:48Z</time></trkpt><trkpt lat="52.72196" lon="-117.665558"><ele>1786.221</ele><time>2026-07-02T15:47:50Z</time></trkpt><trkpt lat="52.721971" lon="-117.665641"><ele>1787.209</ele><time>2026-07-02T15:47:55Z</time></trkpt><trkpt lat="52.721978" lon="-117.665784"><ele>1788.411</ele><time>2026-07-02T15:48:04Z</time></trkpt><trkpt lat="52.721984" lon="-117.665821"><ele>1788.836</ele><time>2026-07-02T15:48:06Z</time></trkpt><trkpt lat="52.721993" lon="-117.66589"><ele>1789.431</ele><time>2026-07-02T15:48:11Z</time></trkpt><trkpt lat="52.722015" lon="-117.665961"><ele>1789.631</ele><time>2026-07-02T15:48:15Z</time></trkpt><trkpt lat="52.722021" lon="-117.66598"><ele>1789.630</ele><time>2026-07-02T15:48:16Z</time></trkpt><trkpt lat="52.722028" lon="-117.665994"><ele>1789.856</ele><time>2026-07-02T15:48:17Z</time></trkpt><trkpt lat="52.722057" lon="-117.666074"><ele>1790.630</ele><time>2026-07-02T15:48:23Z</time></trkpt><trkpt lat="52.722065" lon="-117.666094"><ele>1790.848</ele><time>2026-07-02T15:48:25Z</time></trkpt><trkpt lat="52.722098" lon="-117.666164"><ele>1791.649</ele><time>2026-07-02T15:48:31Z</time></trkpt><trkpt lat="52.722122" lon="-117.666208"><ele>1792.021</ele><time>2026-07-02T15:48:35Z</time></trkpt><trkpt lat="52.722141" lon="-117.666254"><ele>1792.641</ele><time>2026-07-02T15:48:38Z</time></trkpt><trkpt lat="52.722164" lon="-117.666313"><ele>1793.405</ele><time>2026-07-02T15:48:43Z</time></trkpt><trkpt lat="52.722168" lon="-117.666325"><ele>1793.409</ele><time>2026-07-02T15:48:44Z</time></trkpt><trkpt lat="52.722173" lon="-117.666339"><ele>1793.664</ele><time>2026-07-02T15:48:45Z</time></trkpt><trkpt lat="52.722221" lon="-117.66641"><ele>1794.829</ele><time>2026-07-02T15:48:52Z</time></trkpt><trkpt lat="52.722228" lon="-117.666421"><ele>1794.884</ele><time>2026-07-02T15:48:53Z</time></trkpt><trkpt lat="52.722258" lon="-117.666463"><ele>1795.814</ele><time>2026-07-02T15:48:59Z</time></trkpt><trkpt lat="52.722279" lon="-117.666498"><ele>1796.613</ele><time>2026-07-02T15:49:03Z</time></trkpt><trkpt lat="52.72229" lon="-117.666513"><ele>1796.849</ele><time>2026-07-02T15:49:05Z</time></trkpt><trkpt lat="52.722321" lon="-117.66655"><ele>1797.673</ele><time>2026-07-02T15:49:09Z</time></trkpt><trkpt lat="52.722345" lon="-117.66657"><ele>1798.011</ele><time>2026-07-02T15:49:12Z</time></trkpt><trkpt lat="52.722352" lon="-117.666578"><ele>1798.242</ele><time>2026-07-02T15:49:13Z</time></trkpt><trkpt lat="52.722368" lon="-117.666596"><ele>1798.454</ele><time>2026-07-02T15:49:15Z</time></trkpt><trkpt lat="52.722397" lon="-117.666636"><ele>1799.056</ele><time>2026-07-02T15:49:20Z</time></trkpt><trkpt lat="52.722412" lon="-117.666652"><ele>1799.411</ele><time>2026-07-02T15:49:22Z</time></trkpt><trkpt lat="52.722444" lon="-117.666697"><ele>1800.209</ele><time>2026-07-02T15:49:27Z</time></trkpt><trkpt lat="52.722482" lon="-117.666746"><ele>1800.857</ele><time>2026-07-02T15:49:32Z</time></trkpt><trkpt lat="52.722506" lon="-117.666772"><ele>1801.252</ele><time>2026-07-02T15:49:35Z</time></trkpt><trkpt lat="52.722546" lon="-117.666827"><ele>1801.867</ele><time>2026-07-02T15:49:41Z</time></trkpt><trkpt lat="52.72256" lon="-117.666843"><ele>1802.217</ele><time>2026-07-02T15:49:43Z</time></trkpt><trkpt lat="52.722605" lon="-117.666903"><ele>1802.666</ele><time>2026-07-02T15:49:49Z</time></trkpt><trkpt lat="52.722626" lon="-117.666945"><ele>1803.282</ele><time>2026-07-02T15:49:53Z</time></trkpt><trkpt lat="52.722657" lon="-117.667027"><ele>1804.026</ele><time>2026-07-02T15:50:00Z</time></trkpt><trkpt lat="52.722669" lon="-117.667081"><ele>1804.294</ele><time>2026-07-02T15:50:04Z</time></trkpt><trkpt lat="52.722676" lon="-117.667139"><ele>1805.065</ele><time>2026-07-02T15:50:10Z</time></trkpt><trkpt lat="52.722685" lon="-117.667157"><ele>1805.473</ele><time>2026-07-02T15:50:12Z</time></trkpt><trkpt lat="52.722716" lon="-117.667261"><ele>1806.485</ele><time>2026-07-02T15:50:20Z</time></trkpt><trkpt lat="52.722721" lon="-117.667274"><ele>1806.413</ele><time>2026-07-02T15:50:21Z</time></trkpt><trkpt lat="52.72274" lon="-117.667374"><ele>1807.409</ele><time>2026-07-02T15:50:28Z</time></trkpt><trkpt lat="52.722746" lon="-117.667394"><ele>1807.699</ele><time>2026-07-02T15:50:30Z</time></trkpt><trkpt lat="52.722758" lon="-117.667476"><ele>1808.424</ele><time>2026-07-02T15:50:36Z</time></trkpt><trkpt lat="52.72276" lon="-117.667491"><ele>1808.629</ele><time>2026-07-02T15:50:37Z</time></trkpt><trkpt lat="52.722764" lon="-117.667506"><ele>1808.899</ele><time>2026-07-02T15:50:38Z</time></trkpt><trkpt lat="52.722776" lon="-117.667587"><ele>1809.458</ele><time>2026-07-02T15:50:44Z</time></trkpt><trkpt lat="52.722776" lon="-117.667601"><ele>1809.684</ele><time>2026-07-02T15:50:45Z</time></trkpt><trkpt lat="52.722786" lon="-117.667665"><ele>1810.288</ele><time>2026-07-02T15:50:49Z</time></trkpt><trkpt lat="52.722796" lon="-117.667739"><ele>1810.616</ele><time>2026-07-02T15:50:54Z</time></trkpt><trkpt lat="52.722798" lon="-117.667778"><ele>1811.257</ele><time>2026-07-02T15:50:57Z</time></trkpt><trkpt lat="52.722815" lon="-117.667926"><ele>1811.868</ele><time>2026-07-02T15:51:06Z</time></trkpt><trkpt lat="52.722835" lon="-117.668007"><ele>1812.242</ele><time>2026-07-02T15:51:11Z</time></trkpt><trkpt lat="52.722848" lon="-117.668073"><ele>1812.426</ele><time>2026-07-02T15:51:15Z</time></trkpt><trkpt lat="52.722867" lon="-117.66815"><ele>1812.809</ele><time>2026-07-02T15:51:20Z</time></trkpt><trkpt lat="52.72288" lon="-117.668201"><ele>1813.248</ele><time>2026-07-02T15:51:23Z</time></trkpt><trkpt lat="52.722901" lon="-117.668328"><ele>1813.883</ele><time>2026-07-02T15:51:31Z</time></trkpt><trkpt lat="52.722902" lon="-117.668344"><ele>1814.078</ele><time>2026-07-02T15:51:32Z</time></trkpt><trkpt lat="52.722908" lon="-117.668432"><ele>1814.818</ele><time>2026-07-02T15:51:38Z</time></trkpt><trkpt lat="52.722911" lon="-117.668462"><ele>1815.287</ele><time>2026-07-02T15:51:40Z</time></trkpt><trkpt lat="52.722919" lon="-117.668546"><ele>1816.043</ele><time>2026-07-02T15:51:46Z</time></trkpt><trkpt lat="52.722931" lon="-117.668615"><ele>1816.457</ele><time>2026-07-02T15:51:51Z</time></trkpt><trkpt lat="52.722946" lon="-117.668694"><ele>1817.075</ele><time>2026-07-02T15:51:56Z</time></trkpt><trkpt lat="52.722954" lon="-117.668748"><ele>1817.296</ele><time>2026-07-02T15:51:59Z</time></trkpt><trkpt lat="52.722962" lon="-117.668809"><ele>1817.682</ele><time>2026-07-02T15:52:03Z</time></trkpt><trkpt lat="52.722966" lon="-117.668833"><ele>1818.043</ele><time>2026-07-02T15:52:05Z</time></trkpt><trkpt lat="52.722968" lon="-117.668866"><ele>1818.217</ele><time>2026-07-02T15:52:07Z</time></trkpt><trkpt lat="52.722974" lon="-117.668921"><ele>1819.009</ele><time>2026-07-02T15:52:12Z</time></trkpt><trkpt lat="52.722985" lon="-117.668963"><ele>1819.450</ele><time>2026-07-02T15:52:15Z</time></trkpt><trkpt lat="52.723003" lon="-117.669046"><ele>1820.255</ele><time>2026-07-02T15:52:21Z</time></trkpt><trkpt lat="52.723009" lon="-117.669076"><ele>1820.490</ele><time>2026-07-02T15:52:23Z</time></trkpt><trkpt lat="52.723029" lon="-117.669167"><ele>1821.060</ele><time>2026-07-02T15:52:31Z</time></trkpt><trkpt lat="52.723032" lon="-117.669176"><ele>1821.269</ele><time>2026-07-02T15:52:32Z</time></trkpt><trkpt lat="52.723052" lon="-117.66928"><ele>1822.235</ele><time>2026-07-02T15:52:40Z</time></trkpt><trkpt lat="52.723059" lon="-117.669303"><ele>1822.469</ele><time>2026-07-02T15:52:42Z</time></trkpt><trkpt lat="52.723079" lon="-117.669379"><ele>1823.217</ele><time>2026-07-02T15:52:48Z</time></trkpt><trkpt lat="52.723088" lon="-117.669436"><ele>1823.818</ele><time>2026-07-02T15:52:52Z</time></trkpt><trkpt lat="52.723094" lon="-117.669478"><ele>1824.419</ele><time>2026-07-02T15:52:56Z</time></trkpt><trkpt lat="52.723109" lon="-117.669545"><ele>1825.209</ele><time>2026-07-02T15:53:01Z</time></trkpt><trkpt lat="52.723112" lon="-117.66957"><ele>1825.419</ele><time>2026-07-02T15:53:03Z</time></trkpt><trkpt lat="52.723131" lon="-117.669646"><ele>1826.409</ele><time>2026-07-02T15:53:09Z</time></trkpt><trkpt lat="52.723154" lon="-117.669775"><ele>1827.643</ele><time>2026-07-02T15:53:18Z</time></trkpt><trkpt lat="52.723152" lon="-117.669917"><ele>1828.278</ele><time>2026-07-02T15:53:27Z</time></trkpt><trkpt lat="52.723155" lon="-117.669976"><ele>1828.633</ele><time>2026-07-02T15:53:31Z</time></trkpt><trkpt lat="52.723148" lon="-117.670064"><ele>1829.063</ele><time>2026-07-02T15:53:37Z</time></trkpt><trkpt lat="52.723145" lon="-117.670106"><ele>1829.672</ele><time>2026-07-02T15:53:40Z</time></trkpt><trkpt lat="52.723134" lon="-117.670206"><ele>1830.288</ele><time>2026-07-02T15:53:47Z</time></trkpt><trkpt lat="52.723129" lon="-117.670234"><ele>1830.692</ele><time>2026-07-02T15:53:49Z</time></trkpt><trkpt lat="52.72311" lon="-117.670299"><ele>1831.410</ele><time>2026-07-02T15:53:55Z</time></trkpt><trkpt lat="52.723107" lon="-117.670308"><ele>1831.691</ele><time>2026-07-02T15:53:56Z</time></trkpt><trkpt lat="52.723094" lon="-117.670355"><ele>1832.665</ele><time>2026-07-02T15:54:02Z</time></trkpt><trkpt lat="52.723083" lon="-117.670378"><ele>1833.068</ele><time>2026-07-02T15:54:04Z</time></trkpt><trkpt lat="52.723066" lon="-117.670418"><ele>1833.814</ele><time>2026-07-02T15:54:09Z</time></trkpt><trkpt lat="52.723047" lon="-117.670458"><ele>1834.809</ele><time>2026-07-02T15:54:15Z</time></trkpt><trkpt lat="52.723019" lon="-117.670519"><ele>1836.068</ele><time>2026-07-02T15:54:22Z</time></trkpt><trkpt lat="52.722997" lon="-117.670563"><ele>1836.873</ele><time>2026-07-02T15:54:27Z</time></trkpt><trkpt lat="52.722988" lon="-117.670577"><ele>1837.028</ele><time>2026-07-02T15:54:29Z</time></trkpt><trkpt lat="52.722929" lon="-117.670627"><ele>1838.068</ele><time>2026-07-02T15:54:37Z</time></trkpt><trkpt lat="52.722872" lon="-117.670636"><ele>1839.057</ele><time>2026-07-02T15:54:45Z</time></trkpt><trkpt lat="52.722856" lon="-117.670642"><ele>1839.463</ele><time>2026-07-02T15:54:47Z</time></trkpt><trkpt lat="52.722786" lon="-117.670644"><ele>1840.057</ele><time>2026-07-02T15:54:55Z</time></trkpt><trkpt lat="52.722749" lon="-117.670631"><ele>1840.625</ele><time>2026-07-02T15:54:59Z</time></trkpt><trkpt lat="52.722698" lon="-117.670623"><ele>1841.216</ele><time>2026-07-02T15:55:05Z</time></trkpt><trkpt lat="52.722684" lon="-117.670618"><ele>1841.473</ele><time>2026-07-02T15:55:07Z</time></trkpt><trkpt lat="52.722598" lon="-117.670608"><ele>1842.285</ele><time>2026-07-02T15:55:16Z</time></trkpt><trkpt lat="52.722589" lon="-117.670611"><ele>1842.613</ele><time>2026-07-02T15:55:18Z</time></trkpt><trkpt lat="52.72256" lon="-117.670603"><ele>1843.409</ele><time>2026-07-02T15:55:23Z</time></trkpt><trkpt lat="52.722529" lon="-117.670597"><ele>1843.849</ele><time>2026-07-02T15:55:27Z</time></trkpt><trkpt lat="52.722494" lon="-117.670593"><ele>1844.634</ele><time>2026-07-02T15:55:31Z</time></trkpt><trkpt lat="52.722452" lon="-117.670584"><ele>1845.289</ele><time>2026-07-02T15:55:36Z</time></trkpt><trkpt lat="52.722416" lon="-117.67057"><ele>1845.669</ele><time>2026-07-02T15:55:40Z</time></trkpt><trkpt lat="52.722357" lon="-117.670559"><ele>1846.218</ele><time>2026-07-02T15:55:46Z</time></trkpt><trkpt lat="52.722323" lon="-117.670555"><ele>1846.634</ele><time>2026-07-02T15:55:50Z</time></trkpt><trkpt lat="52.722283" lon="-117.670554"><ele>1847.238</ele><time>2026-07-02T15:55:55Z</time></trkpt><trkpt lat="52.722253" lon="-117.670543"><ele>1847.816</ele><time>2026-07-02T15:55:59Z</time></trkpt><trkpt lat="52.722212" lon="-117.670536"><ele>1848.287</ele><time>2026-07-02T15:56:04Z</time></trkpt><trkpt lat="52.72217" lon="-117.67053"><ele>1849.037</ele><time>2026-07-02T15:56:09Z</time></trkpt><trkpt lat="52.72212" lon="-117.670524"><ele>1849.649</ele><time>2026-07-02T15:56:15Z</time></trkpt><trkpt lat="52.722103" lon="-117.67052"><ele>1850.013</ele><time>2026-07-02T15:56:18Z</time></trkpt><trkpt lat="52.722052" lon="-117.670505"><ele>1851.009</ele><time>2026-07-02T15:56:26Z</time></trkpt><trkpt lat="52.721982" lon="-117.67049"><ele>1852.215</ele><time>2026-07-02T15:56:34Z</time></trkpt><trkpt lat="52.721973" lon="-117.670488"><ele>1852.270</ele><time>2026-07-02T15:56:35Z</time></trkpt><trkpt lat="52.721926" lon="-117.670474"><ele>1852.835</ele><time>2026-07-02T15:56:40Z</time></trkpt><trkpt lat="52.721897" lon="-117.670472"><ele>1853.225</ele><time>2026-07-02T15:56:45Z</time></trkpt><trkpt lat="52.721858" lon="-117.670462"><ele>1853.674</ele><time>2026-07-02T15:56:50Z</time></trkpt><trkpt lat="52.72183" lon="-117.670455"><ele>1854.250</ele><time>2026-07-02T15:56:53Z</time></trkpt><trkpt lat="52.721793" lon="-117.670455"><ele>1854.424</ele><time>2026-07-02T15:56:56Z</time></trkpt><trkpt lat="52.72173" lon="-117.670453"><ele>1855.292</ele><time>2026-07-02T15:57:02Z</time></trkpt><trkpt lat="52.721687" lon="-117.670449"><ele>1855.883</ele><time>2026-07-02T15:57:06Z</time></trkpt><trkpt lat="52.721625" lon="-117.670443"><ele>1856.456</ele><time>2026-07-02T15:57:12Z</time></trkpt><trkpt lat="52.721618" lon="-117.670443"><ele>1856.659</ele><time>2026-07-02T15:57:13Z</time></trkpt><trkpt lat="52.72159" lon="-117.670448"><ele>1857.014</ele><time>2026-07-02T15:57:17Z</time></trkpt><trkpt lat="52.721545" lon="-117.670465"><ele>1857.409</ele><time>2026-07-02T15:57:22Z</time></trkpt><trkpt lat="52.721488" lon="-117.670479"><ele>1858.017</ele><time>2026-07-02T15:57:27Z</time></trkpt><trkpt lat="52.721454" lon="-117.670489"><ele>1858.442</ele><time>2026-07-02T15:57:32Z</time></trkpt><trkpt lat="52.721426" lon="-117.670498"><ele>1859.087</ele><time>2026-07-02T15:57:35Z</time></trkpt><trkpt lat="52.721401" lon="-117.670504"><ele>1859.677</ele><time>2026-07-02T15:57:39Z</time></trkpt><trkpt lat="52.721363" lon="-117.670512"><ele>1860.436</ele><time>2026-07-02T15:57:45Z</time></trkpt><trkpt lat="52.721354" lon="-117.670514"><ele>1860.642</ele><time>2026-07-02T15:57:46Z</time></trkpt><trkpt lat="52.721281" lon="-117.670543"><ele>1861.886</ele><time>2026-07-02T15:57:53Z</time></trkpt><trkpt lat="52.721274" lon="-117.670546"><ele>1862.044</ele><time>2026-07-02T15:57:54Z</time></trkpt><trkpt lat="52.721231" lon="-117.670582"><ele>1862.895</ele><time>2026-07-02T15:58:00Z</time></trkpt><trkpt lat="52.721207" lon="-117.670597"><ele>1863.212</ele><time>2026-07-02T15:58:03Z</time></trkpt><trkpt lat="52.721202" lon="-117.670603"><ele>1863.432</ele><time>2026-07-02T15:58:04Z</time></trkpt><trkpt lat="52.72118" lon="-117.67062"><ele>1863.805</ele><time>2026-07-02T15:58:07Z</time></trkpt><trkpt lat="52.721129" lon="-117.670667"><ele>1864.809</ele><time>2026-07-02T15:58:13Z</time></trkpt><trkpt lat="52.721123" lon="-117.670673"><ele>1865.083</ele><time>2026-07-02T15:58:14Z</time></trkpt><trkpt lat="52.721075" lon="-117.670741"><ele>1865.868</ele><time>2026-07-02T15:58:21Z</time></trkpt><trkpt lat="52.721061" lon="-117.670763"><ele>1866.013</ele><time>2026-07-02T15:58:23Z</time></trkpt><trkpt lat="52.720998" lon="-117.670844"><ele>1867.023</ele><time>2026-07-02T15:58:31Z</time></trkpt><trkpt lat="52.720992" lon="-117.670852"><ele>1867.032</ele><time>2026-07-02T15:58:32Z</time></trkpt><trkpt lat="52.720933" lon="-117.670915"><ele>1867.668</ele><time>2026-07-02T15:58:39Z</time></trkpt><trkpt lat="52.720907" lon="-117.670943"><ele>1868.092</ele><time>2026-07-02T15:58:42Z</time></trkpt><trkpt lat="52.720872" lon="-117.670983"><ele>1868.810</ele><time>2026-07-02T15:58:48Z</time></trkpt><trkpt lat="52.720815" lon="-117.671044"><ele>1869.211</ele><time>2026-07-02T15:58:55Z</time></trkpt><trkpt lat="52.720792" lon="-117.671075"><ele>1869.855</ele><time>2026-07-02T15:58:58Z</time></trkpt><trkpt lat="52.720763" lon="-117.671116"><ele>1870.207</ele><time>2026-07-02T15:59:02Z</time></trkpt><trkpt lat="52.720737" lon="-117.671136"><ele>1870.817</ele><time>2026-07-02T15:59:05Z</time></trkpt><trkpt lat="52.72071" lon="-117.671152"><ele>1871.209</ele><time>2026-07-02T15:59:08Z</time></trkpt><trkpt lat="52.720662" lon="-117.671191"><ele>1872.257</ele><time>2026-07-02T15:59:15Z</time></trkpt><trkpt lat="52.720646" lon="-117.671204"><ele>1872.462</ele><time>2026-07-02T15:59:17Z</time></trkpt><trkpt lat="52.7206" lon="-117.671237"><ele>1873.627</ele><time>2026-07-02T15:59:23Z</time></trkpt><trkpt lat="52.720579" lon="-117.671246"><ele>1874.017</ele><time>2026-07-02T15:59:26Z</time></trkpt><trkpt lat="52.720549" lon="-117.671255"><ele>1874.636</ele><time>2026-07-02T15:59:30Z</time></trkpt><trkpt lat="52.720526" lon="-117.671262"><ele>1875.022</ele><time>2026-07-02T15:59:33Z</time></trkpt><trkpt lat="52.720496" lon="-117.671257"><ele>1875.666</ele><time>2026-07-02T15:59:37Z</time></trkpt><trkpt lat="52.720456" lon="-117.671266"><ele>1876.294</ele><time>2026-07-02T15:59:42Z</time></trkpt><trkpt lat="52.720426" lon="-117.671269"><ele>1876.825</ele><time>2026-07-02T15:59:46Z</time></trkpt><trkpt lat="52.720346" lon="-117.671287"><ele>1877.622</ele><time>2026-07-02T15:59:55Z</time></trkpt><trkpt lat="52.720338" lon="-117.67129"><ele>1877.862</ele><time>2026-07-02T15:59:56Z</time></trkpt><trkpt lat="52.720261" lon="-117.671298"><ele>1878.608</ele><time>2026-07-02T16:00:05Z</time></trkpt><trkpt lat="52.72025" lon="-117.6713"><ele>1878.809</ele><time>2026-07-02T16:00:06Z</time></trkpt><trkpt lat="52.720198" lon="-117.671294"><ele>1879.624</ele><time>2026-07-02T16:00:12Z</time></trkpt><trkpt lat="52.720175" lon="-117.671298"><ele>1879.839</ele><time>2026-07-02T16:00:16Z</time></trkpt><trkpt lat="52.720099" lon="-117.671298"><ele>1881.064</ele><time>2026-07-02T16:00:24Z</time></trkpt><trkpt lat="52.720082" lon="-117.671297"><ele>1881.274</ele><time>2026-07-02T16:00:26Z</time></trkpt><trkpt lat="52.720025" lon="-117.671296"><ele>1882.023</ele><time>2026-07-02T16:00:32Z</time></trkpt><trkpt lat="52.719985" lon="-117.671304"><ele>1882.659</ele><time>2026-07-02T16:00:36Z</time></trkpt><trkpt lat="52.719957" lon="-117.67131"><ele>1883.253</ele><time>2026-07-02T16:00:39Z</time></trkpt><trkpt lat="52.719919" lon="-117.671319"><ele>1883.891</ele><time>2026-07-02T16:00:44Z</time></trkpt><trkpt lat="52.719906" lon="-117.671324"><ele>1884.282</ele><time>2026-07-02T16:00:46Z</time></trkpt><trkpt lat="52.719864" lon="-117.671362"><ele>1885.273</ele><time>2026-07-02T16:00:53Z</time></trkpt><trkpt lat="52.719848" lon="-117.671378"><ele>1885.685</ele><time>2026-07-02T16:00:56Z</time></trkpt><trkpt lat="52.719797" lon="-117.671412"><ele>1886.213</ele><time>2026-07-02T16:01:02Z</time></trkpt><trkpt lat="52.719775" lon="-117.671432"><ele>1886.609</ele><time>2026-07-02T16:01:04Z</time></trkpt><trkpt lat="52.719718" lon="-117.671468"><ele>1887.419</ele><time>2026-07-02T16:01:11Z</time></trkpt><trkpt lat="52.719662" lon="-117.671527"><ele>1888.264</ele><time>2026-07-02T16:01:19Z</time></trkpt><trkpt lat="52.719655" lon="-117.671534"><ele>1888.439</ele><time>2026-07-02T16:01:20Z</time></trkpt><trkpt lat="52.719607" lon="-117.671572"><ele>1889.039</ele><time>2026-07-02T16:01:25Z</time></trkpt><trkpt lat="52.719584" lon="-117.671594"><ele>1889.478</ele><time>2026-07-02T16:01:28Z</time></trkpt><trkpt lat="52.719577" lon="-117.6716"><ele>1889.684</ele><time>2026-07-02T16:01:29Z</time></trkpt><trkpt lat="52.719511" lon="-117.671656"><ele>1890.848</ele><time>2026-07-02T16:01:37Z</time></trkpt><trkpt lat="52.719503" lon="-117.671664"><ele>1890.896</ele><time>2026-07-02T16:01:38Z</time></trkpt><trkpt lat="52.71944" lon="-117.67171"><ele>1891.867</ele><time>2026-07-02T16:01:45Z</time></trkpt><trkpt lat="52.719426" lon="-117.671714"><ele>1892.059</ele><time>2026-07-02T16:01:46Z</time></trkpt><trkpt lat="52.719377" lon="-117.671754"><ele>1892.803</ele><time>2026-07-02T16:01:53Z</time></trkpt><trkpt lat="52.71936" lon="-117.671767"><ele>1893.223</ele><time>2026-07-02T16:01:55Z</time></trkpt><trkpt lat="52.719322" lon="-117.671793"><ele>1894.009</ele><time>2026-07-02T16:02:01Z</time></trkpt><trkpt lat="52.719304" lon="-117.671804"><ele>1894.437</ele><time>2026-07-02T16:02:04Z</time></trkpt><trkpt lat="52.719271" lon="-117.671829"><ele>1895.262</ele><time>2026-07-02T16:02:09Z</time></trkpt><trkpt lat="52.719246" lon="-117.671856"><ele>1895.677</ele><time>2026-07-02T16:02:13Z</time></trkpt><trkpt lat="52.719209" lon="-117.671881"><ele>1896.227</ele><time>2026-07-02T16:02:17Z</time></trkpt><trkpt lat="52.719173" lon="-117.671886"><ele>1896.836</ele><time>2026-07-02T16:02:21Z</time></trkpt><trkpt lat="52.719152" lon="-117.671898"><ele>1897.232</ele><time>2026-07-02T16:02:25Z</time></trkpt><trkpt lat="52.719119" lon="-117.671932"><ele>1897.836</ele><time>2026-07-02T16:02:30Z</time></trkpt><trkpt lat="52.719099" lon="-117.671954"><ele>1898.464</ele><time>2026-07-02T16:02:33Z</time></trkpt><trkpt lat="52.719084" lon="-117.671974"><ele>1898.645</ele><time>2026-07-02T16:02:35Z</time></trkpt><trkpt lat="52.719055" lon="-117.672006"><ele>1899.261</ele><time>2026-07-02T16:02:40Z</time></trkpt><trkpt lat="52.719047" lon="-117.672014"><ele>1899.421</ele><time>2026-07-02T16:02:41Z</time></trkpt><trkpt lat="52.718994" lon="-117.67207"><ele>1900.413</ele><time>2026-07-02T16:02:48Z</time></trkpt><trkpt lat="52.718951" lon="-117.672153"><ele>1901.409</ele><time>2026-07-02T16:02:56Z</time></trkpt><trkpt lat="52.718945" lon="-117.672162"><ele>1901.498</ele><time>2026-07-02T16:02:57Z</time></trkpt><trkpt lat="52.718917" lon="-117.672225"><ele>1902.693</ele><time>2026-07-02T16:03:04Z</time></trkpt><trkpt lat="52.718908" lon="-117.67227"><ele>1903.088</ele><time>2026-07-02T16:03:07Z</time></trkpt><trkpt lat="52.718899" lon="-117.672359"><ele>1903.618</ele><time>2026-07-02T16:03:12Z</time></trkpt><trkpt lat="52.7189" lon="-117.672393"><ele>1904.057</ele><time>2026-07-02T16:03:15Z</time></trkpt><trkpt lat="52.718905" lon="-117.67247"><ele>1904.623</ele><time>2026-07-02T16:03:20Z</time></trkpt><trkpt lat="52.718915" lon="-117.672525"><ele>1905.287</ele><time>2026-07-02T16:03:24Z</time></trkpt><trkpt lat="52.718926" lon="-117.67258"><ele>1905.635</ele><time>2026-07-02T16:03:28Z</time></trkpt><trkpt lat="52.718946" lon="-117.6727"><ele>1906.846</ele><time>2026-07-02T16:03:34Z</time></trkpt><trkpt lat="52.718958" lon="-117.672739"><ele>1907.255</ele><time>2026-07-02T16:03:36Z</time></trkpt><trkpt lat="52.718985" lon="-117.672803"><ele>1907.607</ele><time>2026-07-02T16:03:41Z</time></trkpt><trkpt lat="52.718995" lon="-117.672825"><ele>1907.817</ele><time>2026-07-02T16:03:43Z</time></trkpt><trkpt lat="52.719006" lon="-117.672854"><ele>1908.009</ele><time>2026-07-02T16:03:45Z</time></trkpt><trkpt lat="52.719058" lon="-117.672951"><ele>1909.047</ele><time>2026-07-02T16:03:53Z</time></trkpt><trkpt lat="52.719108" lon="-117.673051"><ele>1909.812</ele><time>2026-07-02T16:04:01Z</time></trkpt><trkpt lat="52.719115" lon="-117.673063"><ele>1910.057</ele><time>2026-07-02T16:04:02Z</time></trkpt><trkpt lat="52.71913" lon="-117.67309"><ele>1910.237</ele><time>2026-07-02T16:04:04Z</time></trkpt><trkpt lat="52.719187" lon="-117.673203"><ele>1911.016</ele><time>2026-07-02T16:04:12Z</time></trkpt><trkpt lat="52.719204" lon="-117.673232"><ele>1911.282</ele><time>2026-07-02T16:04:14Z</time></trkpt><trkpt lat="52.719243" lon="-117.673352"><ele>1912.296</ele><time>2026-07-02T16:04:23Z</time></trkpt><trkpt lat="52.719247" lon="-117.673364"><ele>1912.244</ele><time>2026-07-02T16:04:24Z</time></trkpt><trkpt lat="52.719238" lon="-117.67343"><ele>1912.625</ele><time>2026-07-02T16:04:30Z</time></trkpt><trkpt lat="52.719228" lon="-117.673425"><ele>1912.823</ele><time>2026-07-02T16:04:33Z</time></trkpt><trkpt lat="52.71922" lon="-117.673424"><ele>1912.883</ele><time>2026-07-02T16:04:36Z</time></trkpt><trkpt lat="52.719209" lon="-117.673467"><ele>1913.011</ele><time>2026-07-02T16:04:40Z</time></trkpt><trkpt lat="52.719208" lon="-117.673478"><ele>1913.209</ele><time>2026-07-02T16:04:41Z</time></trkpt><trkpt lat="52.719189" lon="-117.673572"><ele>1914.094</ele><time>2026-07-02T16:04:49Z</time></trkpt><trkpt lat="52.719186" lon="-117.673582"><ele>1914.299</ele><time>2026-07-02T16:04:50Z</time></trkpt><trkpt lat="52.71918" lon="-117.673644"><ele>1915.284</ele><time>2026-07-02T16:04:56Z</time></trkpt><trkpt lat="52.719167" lon="-117.673723"><ele>1915.894</ele><time>2026-07-02T16:05:01Z</time></trkpt><trkpt lat="52.719154" lon="-117.673744"><ele>1916.453</ele><time>2026-07-02T16:05:04Z</time></trkpt><trkpt lat="52.719123" lon="-117.673811"><ele>1916.899</ele><time>2026-07-02T16:05:11Z</time></trkpt><trkpt lat="52.719109" lon="-117.673854"><ele>1917.433</ele><time>2026-07-02T16:05:15Z</time></trkpt><trkpt lat="52.719086" lon="-117.673905"><ele>1918.291</ele><time>2026-07-02T16:05:20Z</time></trkpt><trkpt lat="52.719078" lon="-117.673918"><ele>1918.692</ele><time>2026-07-02T16:05:22Z</time></trkpt><trkpt lat="52.719046" lon="-117.673975"><ele>1919.469</ele><time>2026-07-02T16:05:29Z</time></trkpt><trkpt lat="52.719043" lon="-117.673979"><ele>1919.604</ele><time>2026-07-02T16:05:30Z</time></trkpt><trkpt lat="52.719036" lon="-117.673991"><ele>1919.824</ele><time>2026-07-02T16:05:32Z</time></trkpt><trkpt lat="52.719032" lon="-117.674"><ele>1920.009</ele><time>2026-07-02T16:05:33Z</time></trkpt><trkpt lat="52.719013" lon="-117.674048"><ele>1920.618</ele><time>2026-07-02T16:05:37Z</time></trkpt><trkpt lat="52.718997" lon="-117.674148"><ele>1921.663</ele><time>2026-07-02T16:05:44Z</time></trkpt><trkpt lat="52.718997" lon="-117.674164"><ele>1921.898</ele><time>2026-07-02T16:05:45Z</time></trkpt><trkpt lat="52.718985" lon="-117.674219"><ele>1922.678</ele><time>2026-07-02T16:05:51Z</time></trkpt><trkpt lat="52.718979" lon="-117.674226"><ele>1923.047</ele><time>2026-07-02T16:05:53Z</time></trkpt><trkpt lat="52.718953" lon="-117.674261"><ele>1924.233</ele><time>2026-07-02T16:05:59Z</time></trkpt><trkpt lat="52.718947" lon="-117.674288"><ele>1924.847</ele><time>2026-07-02T16:06:02Z</time></trkpt><trkpt lat="52.718938" lon="-117.674342"><ele>1925.265</ele><time>2026-07-02T16:06:06Z</time></trkpt><trkpt lat="52.718922" lon="-117.674402"><ele>1926.426</ele><time>2026-07-02T16:06:13Z</time></trkpt><trkpt lat="52.718869" lon="-117.674474"><ele>1927.488</ele><time>2026-07-02T16:06:21Z</time></trkpt><trkpt lat="52.718864" lon="-117.674489"><ele>1927.624</ele><time>2026-07-02T16:06:23Z</time></trkpt><trkpt lat="52.718837" lon="-117.674544"><ele>1928.426</ele><time>2026-07-02T16:06:28Z</time></trkpt><trkpt lat="52.718824" lon="-117.67458"><ele>1928.809</ele><time>2026-07-02T16:06:31Z</time></trkpt><trkpt lat="52.71881" lon="-117.674603"><ele>1929.610</ele><time>2026-07-02T16:06:35Z</time></trkpt><trkpt lat="52.71878" lon="-117.674646"><ele>1930.635</ele><time>2026-07-02T16:06:41Z</time></trkpt><trkpt lat="52.718764" lon="-117.67471"><ele>1931.670</ele><time>2026-07-02T16:06:46Z</time></trkpt><trkpt lat="52.718755" lon="-117.674739"><ele>1932.490</ele><time>2026-07-02T16:06:49Z</time></trkpt><trkpt lat="52.718749" lon="-117.67476"><ele>1932.819</ele><time>2026-07-02T16:06:51Z</time></trkpt><trkpt lat="52.718726" lon="-117.674821"><ele>1933.645</ele><time>2026-07-02T16:06:56Z</time></trkpt><trkpt lat="52.718721" lon="-117.674846"><ele>1933.849</ele><time>2026-07-02T16:06:58Z</time></trkpt><trkpt lat="52.718699" lon="-117.674933"><ele>1935.037</ele><time>2026-07-02T16:07:05Z</time></trkpt><trkpt lat="52.718692" lon="-117.674952"><ele>1935.288</ele><time>2026-07-02T16:07:07Z</time></trkpt><trkpt lat="52.718664" lon="-117.675006"><ele>1936.094</ele><time>2026-07-02T16:07:13Z</time></trkpt><trkpt lat="52.718649" lon="-117.67503"><ele>1936.457</ele><time>2026-07-02T16:07:16Z</time></trkpt><trkpt lat="52.71862" lon="-117.675049"><ele>1937.022</ele><time>2026-07-02T16:07:21Z</time></trkpt><trkpt lat="52.718604" lon="-117.675064"><ele>1937.609</ele><time>2026-07-02T16:07:24Z</time></trkpt><trkpt lat="52.718588" lon="-117.67508"><ele>1938.081</ele><time>2026-07-02T16:07:27Z</time></trkpt><trkpt lat="52.71855" lon="-117.675134"><ele>1939.026</ele><time>2026-07-02T16:07:33Z</time></trkpt><trkpt lat="52.718542" lon="-117.675143"><ele>1939.291</ele><time>2026-07-02T16:07:34Z</time></trkpt><trkpt lat="52.718521" lon="-117.675184"><ele>1940.221</ele><time>2026-07-02T16:07:40Z</time></trkpt><trkpt lat="52.718513" lon="-117.6752"><ele>1940.650</ele><time>2026-07-02T16:07:43Z</time></trkpt><trkpt lat="52.718494" lon="-117.675221"><ele>1941.276</ele><time>2026-07-02T16:07:46Z</time></trkpt><trkpt lat="52.718488" lon="-117.675222"><ele>1941.270</ele><time>2026-07-02T16:07:47Z</time></trkpt><trkpt lat="52.718473" lon="-117.675235"><ele>1941.898</ele><time>2026-07-02T16:07:50Z</time></trkpt><trkpt lat="52.718455" lon="-117.675258"><ele>1942.449</ele><time>2026-07-02T16:07:54Z</time></trkpt><trkpt lat="52.71843" lon="-117.67528"><ele>1943.445</ele><time>2026-07-02T16:08:00Z</time></trkpt><trkpt lat="52.718423" lon="-117.675304"><ele>1944.647</ele><time>2026-07-02T16:08:06Z</time></trkpt><trkpt lat="52.718422" lon="-117.675317"><ele>1945.011</ele><time>2026-07-02T16:08:08Z</time></trkpt><trkpt lat="52.718416" lon="-117.67536"><ele>1945.609</ele><time>2026-07-02T16:08:12Z</time></trkpt><trkpt lat="52.718405" lon="-117.675377"><ele>1946.446</ele><time>2026-07-02T16:08:17Z</time></trkpt><trkpt lat="52.718402" lon="-117.675402"><ele>1946.861</ele><time>2026-07-02T16:08:20Z</time></trkpt><trkpt lat="52.718381" lon="-117.675448"><ele>1948.076</ele><time>2026-07-02T16:08:27Z</time></trkpt><trkpt lat="52.71836" lon="-117.675487"><ele>1949.016</ele><time>2026-07-02T16:08:34Z</time></trkpt><trkpt lat="52.718358" lon="-117.675501"><ele>1949.475</ele><time>2026-07-02T16:08:36Z</time></trkpt><trkpt lat="52.718356" lon="-117.675556"><ele>1950.041</ele><time>2026-07-02T16:08:39Z</time></trkpt><trkpt lat="52.718347" lon="-117.67561"><ele>1951.275</ele><time>2026-07-02T16:08:47Z</time></trkpt><trkpt lat="52.718334" lon="-117.675636"><ele>1952.223</ele><time>2026-07-02T16:08:53Z</time></trkpt><trkpt lat="52.718324" lon="-117.675651"><ele>1952.654</ele><time>2026-07-02T16:08:56Z</time></trkpt><trkpt lat="52.718306" lon="-117.675679"><ele>1953.274</ele><time>2026-07-02T16:09:00Z</time></trkpt><trkpt lat="52.718293" lon="-117.675697"><ele>1953.856</ele><time>2026-07-02T16:09:04Z</time></trkpt><trkpt lat="52.718264" lon="-117.675716"><ele>1954.221</ele><time>2026-07-02T16:09:08Z</time></trkpt><trkpt lat="52.718243" lon="-117.675734"><ele>1955.009</ele><time>2026-07-02T16:09:13Z</time></trkpt><trkpt lat="52.718234" lon="-117.675748"><ele>1955.419</ele><time>2026-07-02T16:09:15Z</time></trkpt><trkpt lat="52.718224" lon="-117.675798"><ele>1956.424</ele><time>2026-07-02T16:09:22Z</time></trkpt><trkpt lat="52.718201" lon="-117.675846"><ele>1957.699</ele><time>2026-07-02T16:09:29Z</time></trkpt><trkpt lat="52.718197" lon="-117.675856"><ele>1958.029</ele><time>2026-07-02T16:09:32Z</time></trkpt><trkpt lat="52.71819" lon="-117.675856"><ele>1958.668</ele><time>2026-07-02T16:09:35Z</time></trkpt><trkpt lat="52.718167" lon="-117.675869"><ele>1959.694</ele><time>2026-07-02T16:09:40Z</time></trkpt><trkpt lat="52.718163" lon="-117.675875"><ele>1959.898</ele><time>2026-07-02T16:09:41Z</time></trkpt><trkpt lat="52.718151" lon="-117.675882"><ele>1960.876</ele><time>2026-07-02T16:09:47Z</time></trkpt><trkpt lat="52.718143" lon="-117.675885"><ele>1961.077</ele><time>2026-07-02T16:09:48Z</time></trkpt><trkpt lat="52.718113" lon="-117.675892"><ele>1962.031</ele><time>2026-07-02T16:09:54Z</time></trkpt><trkpt lat="52.718104" lon="-117.6759"><ele>1962.261</ele><time>2026-07-02T16:09:56Z</time></trkpt><trkpt lat="52.718076" lon="-117.675932"><ele>1963.007</ele><time>2026-07-02T16:10:03Z</time></trkpt><trkpt lat="52.71807" lon="-117.675936"><ele>1963.209</ele><time>2026-07-02T16:10:04Z</time></trkpt><trkpt lat="52.718036" lon="-117.675965"><ele>1964.255</ele><time>2026-07-02T16:10:10Z</time></trkpt><trkpt lat="52.718009" lon="-117.675994"><ele>1965.070</ele><time>2026-07-02T16:10:15Z</time></trkpt><trkpt lat="52.717997" lon="-117.676"><ele>1965.445</ele><time>2026-07-02T16:10:17Z</time></trkpt><trkpt lat="52.717974" lon="-117.676013"><ele>1966.425</ele><time>2026-07-02T16:10:23Z</time></trkpt><trkpt lat="52.71796" lon="-117.676023"><ele>1966.674</ele><time>2026-07-02T16:10:25Z</time></trkpt><trkpt lat="52.717934" lon="-117.676041"><ele>1967.660</ele><time>2026-07-02T16:10:31Z</time></trkpt><trkpt lat="52.71791" lon="-117.676058"><ele>1968.034</ele><time>2026-07-02T16:10:35Z</time></trkpt><trkpt lat="52.71789" lon="-117.676083"><ele>1968.672</ele><time>2026-07-02T16:10:39Z</time></trkpt><trkpt lat="52.717871" lon="-117.676119"><ele>1969.293</ele><time>2026-07-02T16:10:43Z</time></trkpt><trkpt lat="52.717863" lon="-117.67616"><ele>1969.828</ele><time>2026-07-02T16:10:47Z</time></trkpt><trkpt lat="52.717853" lon="-117.676175"><ele>1970.289</ele><time>2026-07-02T16:10:50Z</time></trkpt><trkpt lat="52.717834" lon="-117.676189"><ele>1970.817</ele><time>2026-07-02T16:10:54Z</time></trkpt><trkpt lat="52.717821" lon="-117.676208"><ele>1971.409</ele><time>2026-07-02T16:10:58Z</time></trkpt><trkpt lat="52.717809" lon="-117.676234"><ele>1972.094</ele><time>2026-07-02T16:11:02Z</time></trkpt><trkpt lat="52.717774" lon="-117.676287"><ele>1973.019</ele><time>2026-07-02T16:11:09Z</time></trkpt><trkpt lat="52.717755" lon="-117.676333"><ele>1974.024</ele><time>2026-07-02T16:11:15Z</time></trkpt><trkpt lat="52.717744" lon="-117.676332"><ele>1974.264</ele><time>2026-07-02T16:11:17Z</time></trkpt><trkpt lat="52.717702" lon="-117.676339"><ele>1975.293</ele><time>2026-07-02T16:11:25Z</time></trkpt><trkpt lat="52.717698" lon="-117.676339"><ele>1975.429</ele><time>2026-07-02T16:11:26Z</time></trkpt><trkpt lat="52.717682" lon="-117.676342"><ele>1976.023</ele><time>2026-07-02T16:11:30Z</time></trkpt><trkpt lat="52.717678" lon="-117.676342"><ele>1976.231</ele><time>2026-07-02T16:11:32Z</time></trkpt><trkpt lat="52.717657" lon="-117.676347"><ele>1977.022</ele><time>2026-07-02T16:11:37Z</time></trkpt><trkpt lat="52.717647" lon="-117.676349"><ele>1977.423</ele><time>2026-07-02T16:11:38Z</time></trkpt><trkpt lat="52.71762" lon="-117.676363"><ele>1978.483</ele><time>2026-07-02T16:11:44Z</time></trkpt><trkpt lat="52.717607" lon="-117.67636"><ele>1979.211</ele><time>2026-07-02T16:11:48Z</time></trkpt><trkpt lat="52.717597" lon="-117.676362"><ele>1979.609</ele><time>2026-07-02T16:11:50Z</time></trkpt><trkpt lat="52.717579" lon="-117.676363"><ele>1980.684</ele><time>2026-07-02T16:11:56Z</time></trkpt><trkpt lat="52.71758" lon="-117.67637"><ele>1980.869</ele><time>2026-07-02T16:11:57Z</time></trkpt><trkpt lat="52.717551" lon="-117.676392"><ele>1981.884</ele><time>2026-07-02T16:12:03Z</time></trkpt><trkpt lat="52.717535" lon="-117.676392"><ele>1982.454</ele><time>2026-07-02T16:12:07Z</time></trkpt><trkpt lat="52.717525" lon="-117.676395"><ele>1982.843</ele><time>2026-07-02T16:12:09Z</time></trkpt><trkpt lat="52.717497" lon="-117.676415"><ele>1984.059</ele><time>2026-07-02T16:12:16Z</time></trkpt><trkpt lat="52.717496" lon="-117.676418"><ele>1984.213</ele><time>2026-07-02T16:12:17Z</time></trkpt><trkpt lat="52.717474" lon="-117.676419"><ele>1985.231</ele><time>2026-07-02T16:12:23Z</time></trkpt><trkpt lat="52.717453" lon="-117.676412"><ele>1985.692</ele><time>2026-07-02T16:12:27Z</time></trkpt><trkpt lat="52.717445" lon="-117.676406"><ele>1986.263</ele><time>2026-07-02T16:12:31Z</time></trkpt><trkpt lat="52.717435" lon="-117.676405"><ele>1987.444</ele><time>2026-07-02T16:12:38Z</time></trkpt><trkpt lat="52.717399" lon="-117.676423"><ele>1988.418</ele><time>2026-07-02T16:12:44Z</time></trkpt><trkpt lat="52.717388" lon="-117.676423"><ele>1989.009</ele><time>2026-07-02T16:12:47Z</time></trkpt><trkpt lat="52.717393" lon="-117.676414"><ele>1989.448</ele><time>2026-07-02T16:12:50Z</time></trkpt><trkpt lat="52.717389" lon="-117.676409"><ele>1990.663</ele><time>2026-07-02T16:12:56Z</time></trkpt><trkpt lat="52.717366" lon="-117.676461"><ele>1991.838</ele><time>2026-07-02T16:13:04Z</time></trkpt><trkpt lat="52.717342" lon="-117.67646"><ele>1992.858</ele><time>2026-07-02T16:13:10Z</time></trkpt><trkpt lat="52.717331" lon="-117.676465"><ele>1993.297</ele><time>2026-07-02T16:13:12Z</time></trkpt><trkpt lat="52.717322" lon="-117.67647"><ele>1994.053</ele><time>2026-07-02T16:13:15Z</time></trkpt><trkpt lat="52.717306" lon="-117.676466"><ele>1995.277</ele><time>2026-07-02T16:13:20Z</time></trkpt><trkpt lat="52.717264" lon="-117.676511"><ele>1996.235</ele><time>2026-07-02T16:13:28Z</time></trkpt><trkpt lat="52.717261" lon="-117.676504"><ele>1996.486</ele><time>2026-07-02T16:13:29Z</time></trkpt><trkpt lat="52.717229" lon="-117.676509"><ele>1997.433</ele><time>2026-07-02T16:13:37Z</time></trkpt><trkpt lat="52.717199" lon="-117.676519"><ele>1998.223</ele><time>2026-07-02T16:13:44Z</time></trkpt><trkpt lat="52.717185" lon="-117.676515"><ele>1998.415</ele><time>2026-07-02T16:13:47Z</time></trkpt><trkpt lat="52.717164" lon="-117.676489"><ele>1999.209</ele><time>2026-07-02T16:13:52Z</time></trkpt><trkpt lat="52.717152" lon="-117.67649"><ele>1999.685</ele><time>2026-07-02T16:13:55Z</time></trkpt><trkpt lat="52.717131" lon="-117.676498"><ele>1999.890</ele><time>2026-07-02T16:13:59Z</time></trkpt><trkpt lat="52.717109" lon="-117.676497"><ele>2000.645</ele><time>2026-07-02T16:14:04Z</time></trkpt><trkpt lat="52.717105" lon="-117.676492"><ele>2001.275</ele><time>2026-07-02T16:14:07Z</time></trkpt><trkpt lat="52.717072" lon="-117.676482"><ele>2001.844</ele><time>2026-07-02T16:14:14Z</time></trkpt><trkpt lat="52.717066" lon="-117.676484"><ele>2001.860</ele><time>2026-07-02T16:14:15Z</time></trkpt><trkpt lat="52.717035" lon="-117.676502"><ele>2002.824</ele><time>2026-07-02T16:14:21Z</time></trkpt><trkpt lat="52.717029" lon="-117.6765"><ele>2003.072</ele><time>2026-07-02T16:14:22Z</time></trkpt><trkpt lat="52.717013" lon="-117.67651"><ele>2003.843</ele><time>2026-07-02T16:14:28Z</time></trkpt><trkpt lat="52.716999" lon="-117.676541"><ele>2004.422</ele><time>2026-07-02T16:14:31Z</time></trkpt><trkpt lat="52.71699" lon="-117.676543"><ele>2005.062</ele><time>2026-07-02T16:14:35Z</time></trkpt><trkpt lat="52.716983" lon="-117.67654"><ele>2005.208</ele><time>2026-07-02T16:14:37Z</time></trkpt><trkpt lat="52.716958" lon="-117.676529"><ele>2006.009</ele><time>2026-07-02T16:14:42Z</time></trkpt><trkpt lat="52.716938" lon="-117.676532"><ele>2006.654</ele><time>2026-07-02T16:14:46Z</time></trkpt><trkpt lat="52.716923" lon="-117.676565"><ele>2007.229</ele><time>2026-07-02T16:14:50Z</time></trkpt><trkpt lat="52.716896" lon="-117.67659"><ele>2008.024</ele><time>2026-07-02T16:14:55Z</time></trkpt><trkpt lat="52.716894" lon="-117.676581"><ele>2008.224</ele><time>2026-07-02T16:14:56Z</time></trkpt><trkpt lat="52.716852" lon="-117.676558"><ele>2009.063</ele><time>2026-07-02T16:15:02Z</time></trkpt><trkpt lat="52.716838" lon="-117.676565"><ele>2009.449</ele><time>2026-07-02T16:15:04Z</time></trkpt><trkpt lat="52.716818" lon="-117.676607"><ele>2010.283</ele><time>2026-07-02T16:15:10Z</time></trkpt><trkpt lat="52.716816" lon="-117.676646"><ele>2010.651</ele><time>2026-07-02T16:15:12Z</time></trkpt><trkpt lat="52.716816" lon="-117.676692"><ele>2011.272</ele><time>2026-07-02T16:15:17Z</time></trkpt><trkpt lat="52.716816" lon="-117.676712"><ele>2011.636</ele><time>2026-07-02T16:15:19Z</time></trkpt><trkpt lat="52.716818" lon="-117.676764"><ele>2012.417</ele><time>2026-07-02T16:15:25Z</time></trkpt><trkpt lat="52.716814" lon="-117.676774"><ele>2012.618</ele><time>2026-07-02T16:15:27Z</time></trkpt><trkpt lat="52.716811" lon="-117.676783"><ele>2013.009</ele><time>2026-07-02T16:15:29Z</time></trkpt><trkpt lat="52.716805" lon="-117.676818"><ele>2013.255</ele><time>2026-07-02T16:15:32Z</time></trkpt><trkpt lat="52.716798" lon="-117.676845"><ele>2013.830</ele><time>2026-07-02T16:15:35Z</time></trkpt><trkpt lat="52.716786" lon="-117.676893"><ele>2014.415</ele><time>2026-07-02T16:15:40Z</time></trkpt><trkpt lat="52.71678" lon="-117.676938"><ele>2015.095</ele><time>2026-07-02T16:15:44Z</time></trkpt><trkpt lat="52.716779" lon="-117.67697"><ele>2015.814</ele><time>2026-07-02T16:15:49Z</time></trkpt><trkpt lat="52.716784" lon="-117.676989"><ele>2016.030</ele><time>2026-07-02T16:15:51Z</time></trkpt><trkpt lat="52.716805" lon="-117.677048"><ele>2016.874</ele><time>2026-07-02T16:15:58Z</time></trkpt><trkpt lat="52.716806" lon="-117.677058"><ele>2017.092</ele><time>2026-07-02T16:16:00Z</time></trkpt><trkpt lat="52.716802" lon="-117.677108"><ele>2018.073</ele><time>2026-07-02T16:16:07Z</time></trkpt><trkpt lat="52.7168" lon="-117.67712"><ele>2018.266</ele><time>2026-07-02T16:16:08Z</time></trkpt><trkpt lat="52.716798" lon="-117.67715"><ele>2018.629</ele><time>2026-07-02T16:16:11Z</time></trkpt><trkpt lat="52.716816" lon="-117.677198"><ele>2019.421</ele><time>2026-07-02T16:16:15Z</time></trkpt><trkpt lat="52.716819" lon="-117.677199"><ele>2019.409</ele><time>2026-07-02T16:16:16Z</time></trkpt><trkpt lat="52.716838" lon="-117.677252"><ele>2020.498</ele><time>2026-07-02T16:16:24Z</time></trkpt><trkpt lat="52.716842" lon="-117.677274"><ele>2020.833</ele><time>2026-07-02T16:16:26Z</time></trkpt><trkpt lat="52.716839" lon="-117.677347"><ele>2021.488</ele><time>2026-07-02T16:16:33Z</time></trkpt><trkpt lat="52.716844" lon="-117.677372"><ele>2021.848</ele><time>2026-07-02T16:16:35Z</time></trkpt><trkpt lat="52.716831" lon="-117.677396"><ele>2022.647</ele><time>2026-07-02T16:16:39Z</time></trkpt><trkpt lat="52.716827" lon="-117.67742"><ele>2023.033</ele><time>2026-07-02T16:16:42Z</time></trkpt><trkpt lat="52.716831" lon="-117.677454"><ele>2023.687</ele><time>2026-07-02T16:16:45Z</time></trkpt><trkpt lat="52.716862" lon="-117.677491"><ele>2024.475</ele><time>2026-07-02T16:16:50Z</time></trkpt><trkpt lat="52.716877" lon="-117.677532"><ele>2024.686</ele><time>2026-07-02T16:16:54Z</time></trkpt><trkpt lat="52.716888" lon="-117.677582"><ele>2025.247</ele><time>2026-07-02T16:16:59Z</time></trkpt><trkpt lat="52.716889" lon="-117.677588"><ele>2025.429</ele><time>2026-07-02T16:17:00Z</time></trkpt><trkpt lat="52.716885" lon="-117.677597"><ele>2025.821</ele><time>2026-07-02T16:17:03Z</time></trkpt><trkpt lat="52.716879" lon="-117.67761"><ele>2026.409</ele><time>2026-07-02T16:17:07Z</time></trkpt><trkpt lat="52.716878" lon="-117.677633"><ele>2026.836</ele><time>2026-07-02T16:17:09Z</time></trkpt><trkpt lat="52.71688" lon="-117.67765"><ele>2027.291</ele><time>2026-07-02T16:17:11Z</time></trkpt><trkpt lat="52.716885" lon="-117.677683"><ele>2028.026</ele><time>2026-07-02T16:17:15Z</time></trkpt><trkpt lat="52.716879" lon="-117.677709"><ele>2028.886</ele><time>2026-07-02T16:17:20Z</time></trkpt><trkpt lat="52.716878" lon="-117.677717"><ele>2029.035</ele><time>2026-07-02T16:17:21Z</time></trkpt><trkpt lat="52.716914" lon="-117.677768"><ele>2030.071</ele><time>2026-07-02T16:17:28Z</time></trkpt><trkpt lat="52.716919" lon="-117.677774"><ele>2030.025</ele><time>2026-07-02T16:17:29Z</time></trkpt><trkpt lat="52.716942" lon="-117.677851"><ele>2031.093</ele><time>2026-07-02T16:17:38Z</time></trkpt><trkpt lat="52.716946" lon="-117.677861"><ele>2031.034</ele><time>2026-07-02T16:17:39Z</time></trkpt><trkpt lat="52.716972" lon="-117.677926"><ele>2032.216</ele><time>2026-07-02T16:17:48Z</time></trkpt><trkpt lat="52.716965" lon="-117.677986"><ele>2033.276</ele><time>2026-07-02T16:17:55Z</time></trkpt><trkpt lat="52.716954" lon="-117.677998"><ele>2034.013</ele><time>2026-07-02T16:17:59Z</time></trkpt><trkpt lat="52.716955" lon="-117.678013"><ele>2034.409</ele><time>2026-07-02T16:18:01Z</time></trkpt><trkpt lat="52.716973" lon="-117.678071"><ele>2035.413</ele><time>2026-07-02T16:18:09Z</time></trkpt><trkpt lat="52.716979" lon="-117.678102"><ele>2036.298</ele><time>2026-07-02T16:18:14Z</time></trkpt><trkpt lat="52.716979" lon="-117.678087"><ele>2036.483</ele><time>2026-07-02T16:18:16Z</time></trkpt><trkpt lat="52.716968" lon="-117.678077"><ele>2036.863</ele><time>2026-07-02T16:18:18Z</time></trkpt><trkpt lat="52.716953" lon="-117.678093"><ele>2037.442</ele><time>2026-07-02T16:18:23Z</time></trkpt><trkpt lat="52.716952" lon="-117.678098"><ele>2037.668</ele><time>2026-07-02T16:18:24Z</time></trkpt><trkpt lat="52.716951" lon="-117.678094"><ele>2037.852</ele><time>2026-07-02T16:18:25Z</time></trkpt><trkpt lat="52.716923" lon="-117.678095"><ele>2038.870</ele><time>2026-07-02T16:18:32Z</time></trkpt><trkpt lat="52.716916" lon="-117.678096"><ele>2038.831</ele><time>2026-07-02T16:18:33Z</time></trkpt><trkpt lat="52.716901" lon="-117.678141"><ele>2039.887</ele><time>2026-07-02T16:18:39Z</time></trkpt><trkpt lat="52.716898" lon="-117.678139"><ele>2040.242</ele><time>2026-07-02T16:18:41Z</time></trkpt><trkpt lat="52.716886" lon="-117.678125"><ele>2040.826</ele><time>2026-07-02T16:18:45Z</time></trkpt><trkpt lat="52.716869" lon="-117.678127"><ele>2041.609</ele><time>2026-07-02T16:18:49Z</time></trkpt><trkpt lat="52.716861" lon="-117.678128"><ele>2042.070</ele><time>2026-07-02T16:18:52Z</time></trkpt><trkpt lat="52.716809" lon="-117.678128"><ele>2043.015</ele><time>2026-07-02T16:19:01Z</time></trkpt><trkpt lat="52.716763" lon="-117.678172"><ele>2044.240</ele><time>2026-07-02T16:19:12Z</time></trkpt><trkpt lat="52.716723" lon="-117.678208"><ele>2045.230</ele><time>2026-07-02T16:19:19Z</time></trkpt><trkpt lat="52.716717" lon="-117.678202"><ele>2045.439</ele><time>2026-07-02T16:19:20Z</time></trkpt><trkpt lat="52.716688" lon="-117.678164"><ele>2046.235</ele><time>2026-07-02T16:19:28Z</time></trkpt><trkpt lat="52.716675" lon="-117.678158"><ele>2046.639</ele><time>2026-07-02T16:19:31Z</time></trkpt><trkpt lat="52.716642" lon="-117.678172"><ele>2047.477</ele><time>2026-07-02T16:19:37Z</time></trkpt><trkpt lat="52.716631" lon="-117.678192"><ele>2047.848</ele><time>2026-07-02T16:19:40Z</time></trkpt><trkpt lat="52.716625" lon="-117.678209"><ele>2048.445</ele><time>2026-07-02T16:19:43Z</time></trkpt><trkpt lat="52.716607" lon="-117.678244"><ele>2049.647</ele><time>2026-07-02T16:19:51Z</time></trkpt><trkpt lat="52.716587" lon="-117.678218"><ele>2050.611</ele><time>2026-07-02T16:19:57Z</time></trkpt><trkpt lat="52.716568" lon="-117.678219"><ele>2051.009</ele><time>2026-07-02T16:20:00Z</time></trkpt><trkpt lat="52.716545" lon="-117.678222"><ele>2051.836</ele><time>2026-07-02T16:20:06Z</time></trkpt><trkpt lat="52.716535" lon="-117.678223"><ele>2052.251</ele><time>2026-07-02T16:20:08Z</time></trkpt><trkpt lat="52.716513" lon="-117.678246"><ele>2052.856</ele><time>2026-07-02T16:20:12Z</time></trkpt><trkpt lat="52.716495" lon="-117.678274"><ele>2053.876</ele><time>2026-07-02T16:20:17Z</time></trkpt><trkpt lat="52.716488" lon="-117.678294"><ele>2054.075</ele><time>2026-07-02T16:20:19Z</time></trkpt><trkpt lat="52.716474" lon="-117.678304"><ele>2054.891</ele><time>2026-07-02T16:20:25Z</time></trkpt><trkpt lat="52.716471" lon="-117.678309"><ele>2055.045</ele><time>2026-07-02T16:20:26Z</time></trkpt><trkpt lat="52.716469" lon="-117.67832"><ele>2055.043</ele><time>2026-07-02T16:20:27Z</time></trkpt><trkpt lat="52.716462" lon="-117.678369"><ele>2056.294</ele><time>2026-07-02T16:20:34Z</time></trkpt><trkpt lat="52.716458" lon="-117.678383"><ele>2056.265</ele><time>2026-07-02T16:20:35Z</time></trkpt><trkpt lat="52.716456" lon="-117.678436"><ele>2057.268</ele><time>2026-07-02T16:20:41Z</time></trkpt><trkpt lat="52.716468" lon="-117.678462"><ele>2057.614</ele><time>2026-07-02T16:20:44Z</time></trkpt><trkpt lat="52.716472" lon="-117.678489"><ele>2058.209</ele><time>2026-07-02T16:20:48Z</time></trkpt><trkpt lat="52.716481" lon="-117.678515"><ele>2058.658</ele><time>2026-07-02T16:20:51Z</time></trkpt><trkpt lat="52.71647" lon="-117.678523"><ele>2059.413</ele><time>2026-07-02T16:20:56Z</time></trkpt><trkpt lat="52.716467" lon="-117.678551"><ele>2059.858</ele><time>2026-07-02T16:20:59Z</time></trkpt><trkpt lat="52.716475" lon="-117.678577"><ele>2060.658</ele><time>2026-07-02T16:21:04Z</time></trkpt><trkpt lat="52.716481" lon="-117.678599"><ele>2060.817</ele><time>2026-07-02T16:21:06Z</time></trkpt><trkpt lat="52.716496" lon="-117.678652"><ele>2061.663</ele><time>2026-07-02T16:21:13Z</time></trkpt><trkpt lat="52.716497" lon="-117.678654"><ele>2061.667</ele><time>2026-07-02T16:21:14Z</time></trkpt><trkpt lat="52.716504" lon="-117.678703"><ele>2062.685</ele><time>2026-07-02T16:21:21Z</time></trkpt><trkpt lat="52.716509" lon="-117.678711"><ele>2062.636</ele><time>2026-07-02T16:21:23Z</time></trkpt><trkpt lat="52.716523" lon="-117.678748"><ele>2063.695</ele><time>2026-07-02T16:21:30Z</time></trkpt><trkpt lat="52.71652" lon="-117.678752"><ele>2063.849</ele><time>2026-07-02T16:21:31Z</time></trkpt><trkpt lat="52.716504" lon="-117.678771"><ele>2064.623</ele><time>2026-07-02T16:21:37Z</time></trkpt><trkpt lat="52.716505" lon="-117.678773"><ele>2064.809</ele><time>2026-07-02T16:21:38Z</time></trkpt><trkpt lat="52.716513" lon="-117.678811"><ele>2065.671</ele><time>2026-07-02T16:21:42Z</time></trkpt><trkpt lat="52.716521" lon="-117.678837"><ele>2066.056</ele><time>2026-07-02T16:21:45Z</time></trkpt><trkpt lat="52.716532" lon="-117.678868"><ele>2066.491</ele><time>2026-07-02T16:21:49Z</time></trkpt><trkpt lat="52.716537" lon="-117.678892"><ele>2067.081</ele><time>2026-07-02T16:21:54Z</time></trkpt><trkpt lat="52.716551" lon="-117.67892"><ele>2067.450</ele><time>2026-07-02T16:21:57Z</time></trkpt><trkpt lat="52.71658" lon="-117.678963"><ele>2068.066</ele><time>2026-07-02T16:22:03Z</time></trkpt><trkpt lat="52.716586" lon="-117.678975"><ele>2068.240</ele><time>2026-07-02T16:22:06Z</time></trkpt><trkpt lat="52.716623" lon="-117.67905"><ele>2069.028</ele><time>2026-07-02T16:22:16Z</time></trkpt><trkpt lat="52.716624" lon="-117.679057"><ele>2069.229</ele><time>2026-07-02T16:22:17Z</time></trkpt><trkpt lat="52.716641" lon="-117.679133"><ele>2070.254</ele><time>2026-07-02T16:22:25Z</time></trkpt><trkpt lat="52.716646" lon="-117.67914"><ele>2070.256</ele><time>2026-07-02T16:22:26Z</time></trkpt><trkpt lat="52.716674" lon="-117.679192"><ele>2071.211</ele><time>2026-07-02T16:22:33Z</time></trkpt><trkpt lat="52.716681" lon="-117.679204"><ele>2071.409</ele><time>2026-07-02T16:22:35Z</time></trkpt><trkpt lat="52.716716" lon="-117.679277"><ele>2072.037</ele><time>2026-07-02T16:22:44Z</time></trkpt><trkpt lat="52.716732" lon="-117.679305"><ele>2072.222</ele><time>2026-07-02T16:22:48Z</time></trkpt><trkpt lat="52.716764" lon="-117.67936"><ele>2073.057</ele><time>2026-07-02T16:22:56Z</time></trkpt><trkpt lat="52.716792" lon="-117.679406"><ele>2073.437</ele><time>2026-07-02T16:23:01Z</time></trkpt><trkpt lat="52.716818" lon="-117.679437"><ele>2074.066</ele><time>2026-07-02T16:23:06Z</time></trkpt><trkpt lat="52.716828" lon="-117.679465"><ele>2074.442</ele><time>2026-07-02T16:23:09Z</time></trkpt><trkpt lat="52.716843" lon="-117.679504"><ele>2075.296</ele><time>2026-07-02T16:23:15Z</time></trkpt><trkpt lat="52.71685" lon="-117.679518"><ele>2075.464</ele><time>2026-07-02T16:23:17Z</time></trkpt><trkpt lat="52.716893" lon="-117.67955"><ele>2076.065</ele><time>2026-07-02T16:23:23Z</time></trkpt><trkpt lat="52.716887" lon="-117.679584"><ele>2076.446</ele><time>2026-07-02T16:23:28Z</time></trkpt><trkpt lat="52.716895" lon="-117.679601"><ele>2076.888</ele><time>2026-07-02T16:23:30Z</time></trkpt><trkpt lat="52.716915" lon="-117.679645"><ele>2077.616</ele><time>2026-07-02T16:23:35Z</time></trkpt><trkpt lat="52.71693" lon="-117.679681"><ele>2078.209</ele><time>2026-07-02T16:23:39Z</time></trkpt><trkpt lat="52.716939" lon="-117.679708"><ele>2078.886</ele><time>2026-07-02T16:23:42Z</time></trkpt><trkpt lat="52.71696" lon="-117.679749"><ele>2079.231</ele><time>2026-07-02T16:23:47Z</time></trkpt><trkpt lat="52.716988" lon="-117.679779"><ele>2079.826</ele><time>2026-07-02T16:23:53Z</time></trkpt><trkpt lat="52.717002" lon="-117.679795"><ele>2080.076</ele><time>2026-07-02T16:23:56Z</time></trkpt><trkpt lat="52.717035" lon="-117.679843"><ele>2080.875</ele><time>2026-07-02T16:24:04Z</time></trkpt><trkpt lat="52.717065" lon="-117.679903"><ele>2081.871</ele><time>2026-07-02T16:24:12Z</time></trkpt><trkpt lat="52.717069" lon="-117.679913"><ele>2082.075</ele><time>2026-07-02T16:24:14Z</time></trkpt><trkpt lat="52.717082" lon="-117.679956"><ele>2082.853</ele><time>2026-07-02T16:24:21Z</time></trkpt><trkpt lat="52.71709" lon="-117.68"><ele>2083.634</ele><time>2026-07-02T16:24:26Z</time></trkpt><trkpt lat="52.717099" lon="-117.680035"><ele>2084.082</ele><time>2026-07-02T16:24:30Z</time></trkpt><trkpt lat="52.717096" lon="-117.680059"><ele>2084.843</ele><time>2026-07-02T16:24:35Z</time></trkpt><trkpt lat="52.717085" lon="-117.680076"><ele>2085.017</ele><time>2026-07-02T16:24:38Z</time></trkpt><trkpt lat="52.717089" lon="-117.680124"><ele>2086.009</ele><time>2026-07-02T16:24:45Z</time></trkpt><trkpt lat="52.717094" lon="-117.68013"><ele>2086.080</ele><time>2026-07-02T16:24:46Z</time></trkpt><trkpt lat="52.717112" lon="-117.680193"><ele>2087.285</ele><time>2026-07-02T16:24:54Z</time></trkpt><trkpt lat="52.717112" lon="-117.680201"><ele>2087.490</ele><time>2026-07-02T16:24:56Z</time></trkpt><trkpt lat="52.717119" lon="-117.680231"><ele>2088.440</ele><time>2026-07-02T16:25:01Z</time></trkpt><trkpt lat="52.717137" lon="-117.680268"><ele>2089.099</ele><time>2026-07-02T16:25:06Z</time></trkpt><trkpt lat="52.717148" lon="-117.680294"><ele>2089.465</ele><time>2026-07-02T16:25:10Z</time></trkpt><trkpt lat="52.717166" lon="-117.680342"><ele>2090.079</ele><time>2026-07-02T16:25:16Z</time></trkpt><trkpt lat="52.717169" lon="-117.680354"><ele>2090.287</ele><time>2026-07-02T16:25:18Z</time></trkpt><trkpt lat="52.717159" lon="-117.680359"><ele>2090.618</ele><time>2026-07-02T16:25:21Z</time></trkpt><trkpt lat="52.717161" lon="-117.680419"><ele>2091.451</ele><time>2026-07-02T16:25:27Z</time></trkpt><trkpt lat="52.71715" lon="-117.680437"><ele>2091.601</ele><time>2026-07-02T16:25:29Z</time></trkpt><trkpt lat="52.717122" lon="-117.680433"><ele>2092.211</ele><time>2026-07-02T16:25:35Z</time></trkpt><trkpt lat="52.717114" lon="-117.680436"><ele>2092.809</ele><time>2026-07-02T16:25:38Z</time></trkpt><trkpt lat="52.717082" lon="-117.680434"><ele>2093.827</ele><time>2026-07-02T16:25:45Z</time></trkpt><trkpt lat="52.717085" lon="-117.680427"><ele>2094.062</ele><time>2026-07-02T16:25:46Z</time></trkpt><trkpt lat="52.717075" lon="-117.680461"><ele>2094.627</ele><time>2026-07-02T16:25:54Z</time></trkpt><trkpt lat="52.717068" lon="-117.680448"><ele>2094.897</ele><time>2026-07-02T16:25:56Z</time></trkpt><trkpt lat="52.717042" lon="-117.680436"><ele>2095.456</ele><time>2026-07-02T16:26:02Z</time></trkpt><trkpt lat="52.717033" lon="-117.680431"><ele>2096.012</ele><time>2026-07-02T16:26:05Z</time></trkpt><trkpt lat="52.717029" lon="-117.680399"><ele>2096.666</ele><time>2026-07-02T16:26:11Z</time></trkpt><trkpt lat="52.717008" lon="-117.680406"><ele>2097.284</ele><time>2026-07-02T16:26:15Z</time></trkpt><trkpt lat="52.717" lon="-117.680432"><ele>2097.655</ele><time>2026-07-02T16:26:20Z</time></trkpt><trkpt lat="52.716999" lon="-117.680446"><ele>2098.212</ele><time>2026-07-02T16:26:22Z</time></trkpt><trkpt lat="52.716977" lon="-117.680462"><ele>2099.232</ele><time>2026-07-02T16:26:29Z</time></trkpt><trkpt lat="52.716929" lon="-117.680455"><ele>2100.205</ele><time>2026-07-02T16:26:37Z</time></trkpt><trkpt lat="52.716922" lon="-117.680457"><ele>2100.409</ele><time>2026-07-02T16:26:39Z</time></trkpt><trkpt lat="52.716893" lon="-117.680491"><ele>2101.473</ele><time>2026-07-02T16:26:45Z</time></trkpt><trkpt lat="52.716908" lon="-117.680605"><ele>2102.078</ele><time>2026-07-02T16:26:53Z</time></trkpt><trkpt lat="52.716923" lon="-117.68064"><ele>2102.413</ele><time>2026-07-02T16:26:57Z</time></trkpt><trkpt lat="52.716922" lon="-117.680676"><ele>2103.443</ele><time>2026-07-02T16:27:05Z</time></trkpt><trkpt lat="52.716922" lon="-117.680685"><ele>2103.452</ele><time>2026-07-02T16:27:06Z</time></trkpt><trkpt lat="52.716948" lon="-117.680771"><ele>2104.468</ele><time>2026-07-02T16:27:15Z</time></trkpt><trkpt lat="52.716948" lon="-117.680775"><ele>2104.662</ele><time>2026-07-02T16:27:16Z</time></trkpt><trkpt lat="52.716949" lon="-117.680833"><ele>2105.690</ele><time>2026-07-02T16:27:24Z</time></trkpt><trkpt lat="52.71695" lon="-117.68084"><ele>2105.631</ele><time>2026-07-02T16:27:25Z</time></trkpt><trkpt lat="52.716951" lon="-117.680877"><ele>2106.621</ele><time>2026-07-02T16:27:32Z</time></trkpt><trkpt lat="52.716957" lon="-117.680883"><ele>2106.841</ele><time>2026-07-02T16:27:33Z</time></trkpt><trkpt lat="52.716969" lon="-117.68092"><ele>2107.405</ele><time>2026-07-02T16:27:38Z</time></trkpt><trkpt lat="52.716967" lon="-117.680931"><ele>2107.609</ele><time>2026-07-02T16:27:40Z</time></trkpt><trkpt lat="52.71697" lon="-117.68101"><ele>2108.634</ele><time>2026-07-02T16:27:50Z</time></trkpt><trkpt lat="52.716969" lon="-117.68102"><ele>2108.879</ele><time>2026-07-02T16:27:51Z</time></trkpt><trkpt lat="52.716989" lon="-117.681106"><ele>2109.614</ele><time>2026-07-02T16:27:59Z</time></trkpt><trkpt lat="52.71699" lon="-117.681115"><ele>2109.884</ele><time>2026-07-02T16:28:00Z</time></trkpt><trkpt lat="52.716997" lon="-117.681165"><ele>2110.643</ele><time>2026-07-02T16:28:07Z</time></trkpt><trkpt lat="52.716998" lon="-117.68118"><ele>2110.829</ele><time>2026-07-02T16:28:09Z</time></trkpt><trkpt lat="52.716995" lon="-117.681234"><ele>2111.673</ele><time>2026-07-02T16:28:16Z</time></trkpt><trkpt lat="52.716997" lon="-117.681247"><ele>2112.041</ele><time>2026-07-02T16:28:20Z</time></trkpt><trkpt lat="52.717005" lon="-117.681302"><ele>2113.052</ele><time>2026-07-02T16:28:26Z</time></trkpt><trkpt lat="52.717025" lon="-117.681352"><ele>2114.075</ele><time>2026-07-02T16:28:33Z</time></trkpt><trkpt lat="52.717032" lon="-117.681379"><ele>2114.828</ele><time>2026-07-02T16:28:37Z</time></trkpt><trkpt lat="52.71704" lon="-117.6814"><ele>2115.220</ele><time>2026-07-02T16:28:39Z</time></trkpt><trkpt lat="52.717052" lon="-117.681466"><ele>2115.809</ele><time>2026-07-02T16:28:48Z</time></trkpt><trkpt lat="52.717047" lon="-117.681488"><ele>2116.299</ele><time>2026-07-02T16:28:52Z</time></trkpt><trkpt lat="52.717048" lon="-117.681536"><ele>2117.244</ele><time>2026-07-02T16:28:57Z</time></trkpt><trkpt lat="52.717046" lon="-117.681541"><ele>2117.469</ele><time>2026-07-02T16:28:58Z</time></trkpt><trkpt lat="52.717029" lon="-117.681561"><ele>2118.469</ele><time>2026-07-02T16:29:07Z</time></trkpt><trkpt lat="52.717009" lon="-117.681557"><ele>2119.028</ele><time>2026-07-02T16:29:14Z</time></trkpt><trkpt lat="52.716994" lon="-117.681551"><ele>2119.494</ele><time>2026-07-02T16:29:17Z</time></trkpt><trkpt lat="52.716983" lon="-117.681538"><ele>2119.858</ele><time>2026-07-02T16:29:20Z</time></trkpt><trkpt lat="52.716961" lon="-117.681547"><ele>2120.676</ele><time>2026-07-02T16:29:24Z</time></trkpt><trkpt lat="52.716938" lon="-117.681564"><ele>2121.097</ele><time>2026-07-02T16:29:28Z</time></trkpt><trkpt lat="52.716918" lon="-117.681593"><ele>2121.624</ele><time>2026-07-02T16:29:32Z</time></trkpt><trkpt lat="52.71691" lon="-117.681603"><ele>2121.804</ele><time>2026-07-02T16:29:34Z</time></trkpt><trkpt lat="52.716864" lon="-117.681609"><ele>2122.614</ele><time>2026-07-02T16:29:41Z</time></trkpt><trkpt lat="52.71685" lon="-117.681609"><ele>2122.809</ele><time>2026-07-02T16:29:43Z</time></trkpt><trkpt lat="52.716805" lon="-117.68164"><ele>2123.484</ele><time>2026-07-02T16:29:50Z</time></trkpt><trkpt lat="52.716784" lon="-117.681662"><ele>2123.839</ele><time>2026-07-02T16:29:55Z</time></trkpt><trkpt lat="52.716779" lon="-117.681676"><ele>2124.214</ele><time>2026-07-02T16:29:57Z</time></trkpt><trkpt lat="52.716754" lon="-117.681673"><ele>2124.894</ele><time>2026-07-02T16:30:03Z</time></trkpt><trkpt lat="52.71674" lon="-117.681668"><ele>2125.053</ele><time>2026-07-02T16:30:05Z</time></trkpt><trkpt lat="52.716681" lon="-117.681666"><ele>2125.649</ele><time>2026-07-02T16:30:13Z</time></trkpt><trkpt lat="52.716643" lon="-117.681674"><ele>2126.043</ele><time>2026-07-02T16:30:19Z</time></trkpt><trkpt lat="52.716623" lon="-117.681669"><ele>2126.431</ele><time>2026-07-02T16:30:23Z</time></trkpt><trkpt lat="52.716592" lon="-117.681669"><ele>2127.082</ele><time>2026-07-02T16:30:27Z</time></trkpt><trkpt lat="52.716578" lon="-117.681678"><ele>2127.253</ele><time>2026-07-02T16:30:30Z</time></trkpt><trkpt lat="52.716551" lon="-117.681714"><ele>2127.804</ele><time>2026-07-02T16:30:35Z</time></trkpt><trkpt lat="52.716539" lon="-117.68173"><ele>2128.014</ele><time>2026-07-02T16:30:37Z</time></trkpt><trkpt lat="52.71651" lon="-117.681711"><ele>2128.609</ele><time>2026-07-02T16:30:43Z</time></trkpt><trkpt lat="52.716448" lon="-117.681655"><ele>2129.057</ele><time>2026-07-02T16:30:50Z</time></trkpt><trkpt lat="52.716427" lon="-117.681658"><ele>2129.052</ele><time>2026-07-02T16:30:55Z</time></trkpt><trkpt lat="52.716423" lon="-117.68166"><ele>2129.237</ele><time>2026-07-02T16:30:56Z</time></trkpt><trkpt lat="52.71639" lon="-117.681704"><ele>2130.067</ele><time>2026-07-02T16:31:02Z</time></trkpt><trkpt lat="52.716386" lon="-117.681713"><ele>2130.286</ele><time>2026-07-02T16:31:03Z</time></trkpt><trkpt lat="52.716357" lon="-117.681724"><ele>2131.032</ele><time>2026-07-02T16:31:08Z</time></trkpt><trkpt lat="52.716349" lon="-117.681725"><ele>2131.286</ele><time>2026-07-02T16:31:09Z</time></trkpt><trkpt lat="52.716339" lon="-117.681728"><ele>2131.644</ele><time>2026-07-02T16:31:11Z</time></trkpt><trkpt lat="52.716319" lon="-117.681731"><ele>2132.295</ele><time>2026-07-02T16:31:16Z</time></trkpt><trkpt lat="52.716303" lon="-117.681748"><ele>2132.633</ele><time>2026-07-02T16:31:18Z</time></trkpt><trkpt lat="52.716268" lon="-117.681793"><ele>2133.423</ele><time>2026-07-02T16:31:24Z</time></trkpt><trkpt lat="52.716238" lon="-117.681805"><ele>2133.815</ele><time>2026-07-02T16:31:27Z</time></trkpt><trkpt lat="52.71619" lon="-117.68182"><ele>2134.409</ele><time>2026-07-02T16:31:35Z</time></trkpt><trkpt lat="52.716178" lon="-117.68183"><ele>2134.635</ele><time>2026-07-02T16:31:37Z</time></trkpt><trkpt lat="52.716102" lon="-117.681855"><ele>2135.490</ele><time>2026-07-02T16:31:46Z</time></trkpt><trkpt lat="52.716088" lon="-117.681878"><ele>2135.685</ele><time>2026-07-02T16:31:48Z</time></trkpt><trkpt lat="52.716063" lon="-117.681951"><ele>2136.085</ele><time>2026-07-02T16:31:53Z</time></trkpt><trkpt lat="52.716041" lon="-117.682002"><ele>2136.444</ele><time>2026-07-02T16:32:00Z</time></trkpt><trkpt lat="52.716015" lon="-117.682041"><ele>2136.660</ele><time>2026-07-02T16:32:06Z</time></trkpt><trkpt lat="52.716005" lon="-117.682053"><ele>2136.864</ele><time>2026-07-02T16:32:08Z</time></trkpt><trkpt lat="52.715974" lon="-117.682099"><ele>2137.432</ele><time>2026-07-02T16:32:14Z</time></trkpt><trkpt lat="52.715951" lon="-117.682127"><ele>2137.493</ele><time>2026-07-02T16:32:18Z</time></trkpt><trkpt lat="52.715936" lon="-117.68215"><ele>2137.621</ele><time>2026-07-02T16:32:21Z</time></trkpt><trkpt lat="52.715913" lon="-117.682152"><ele>2138.241</ele><time>2026-07-02T16:32:25Z</time></trkpt><trkpt lat="52.7159" lon="-117.682164"><ele>2138.605</ele><time>2026-07-02T16:32:28Z</time></trkpt><trkpt lat="52.715867" lon="-117.682201"><ele>2139.209</ele><time>2026-07-02T16:32:32Z</time></trkpt><trkpt lat="52.715855" lon="-117.682251"><ele>2139.884</ele><time>2026-07-02T16:32:37Z</time></trkpt><trkpt lat="52.715846" lon="-117.682271"><ele>2139.649</ele><time>2026-07-02T16:32:39Z</time></trkpt><trkpt lat="52.715818" lon="-117.682329"><ele>2140.214</ele><time>2026-07-02T16:32:46Z</time></trkpt><trkpt lat="52.715805" lon="-117.682371"><ele>2140.874</ele><time>2026-07-02T16:32:51Z</time></trkpt><trkpt lat="52.715795" lon="-117.68241"><ele>2141.023</ele><time>2026-07-02T16:32:54Z</time></trkpt><trkpt lat="52.715768" lon="-117.682496"><ele>2141.889</ele><time>2026-07-02T16:33:02Z</time></trkpt><trkpt lat="52.715755" lon="-117.682513"><ele>2142.273</ele><time>2026-07-02T16:33:04Z</time></trkpt><trkpt lat="52.715709" lon="-117.682615"><ele>2142.811</ele><time>2026-07-02T16:33:14Z</time></trkpt><trkpt lat="52.715702" lon="-117.68263"><ele>2142.882</ele><time>2026-07-02T16:33:15Z</time></trkpt><trkpt lat="52.715648" lon="-117.682689"><ele>2143.224</ele><time>2026-07-02T16:33:22Z</time></trkpt><trkpt lat="52.715635" lon="-117.68279"><ele>2143.804</ele><time>2026-07-02T16:33:31Z</time></trkpt><trkpt lat="52.715631" lon="-117.682812"><ele>2144.014</ele><time>2026-07-02T16:33:33Z</time></trkpt><trkpt lat="52.715591" lon="-117.682918"><ele>2144.609</ele><time>2026-07-02T16:33:42Z</time></trkpt><trkpt lat="52.715586" lon="-117.682948"><ele>2144.824</ele><time>2026-07-02T16:33:44Z</time></trkpt><trkpt lat="52.715568" lon="-117.683033"><ele>2145.049</ele><time>2026-07-02T16:33:52Z</time></trkpt><trkpt lat="52.715542" lon="-117.683133"><ele>2145.454</ele><time>2026-07-02T16:34:01Z</time></trkpt><trkpt lat="52.715524" lon="-117.683207"><ele>2145.694</ele><time>2026-07-02T16:34:08Z</time></trkpt><trkpt lat="52.715504" lon="-117.68326"><ele>2146.023</ele><time>2026-07-02T16:34:14Z</time></trkpt><trkpt lat="52.7155" lon="-117.683271"><ele>2146.059</ele><time>2026-07-02T16:34:15Z</time></trkpt><trkpt lat="52.715472" lon="-117.683315"><ele>2147.033</ele><time>2026-07-02T16:34:23Z</time></trkpt><trkpt lat="52.715468" lon="-117.68332"><ele>2147.041</ele><time>2026-07-02T16:34:24Z</time></trkpt><trkpt lat="52.715451" lon="-117.683393"><ele>2147.412</ele><time>2026-07-02T16:34:32Z</time></trkpt><trkpt lat="52.715437" lon="-117.683447"><ele>2148.061</ele><time>2026-07-02T16:34:37Z</time></trkpt><trkpt lat="52.715429" lon="-117.683504"><ele>2148.421</ele><time>2026-07-02T16:34:41Z</time></trkpt><trkpt lat="52.715411" lon="-117.683559"><ele>2149.213</ele><time>2026-07-02T16:34:48Z</time></trkpt><trkpt lat="52.715406" lon="-117.683566"><ele>2149.409</ele><time>2026-07-02T16:34:49Z</time></trkpt><trkpt lat="52.715392" lon="-117.683611"><ele>2150.238</ele><time>2026-07-02T16:34:54Z</time></trkpt><trkpt lat="52.715384" lon="-117.683629"><ele>2150.483</ele><time>2026-07-02T16:34:56Z</time></trkpt><trkpt lat="52.715349" lon="-117.683714"><ele>2150.848</ele><time>2026-07-02T16:35:04Z</time></trkpt><trkpt lat="52.715339" lon="-117.683748"><ele>2151.288</ele><time>2026-07-02T16:35:08Z</time></trkpt><trkpt lat="52.715317" lon="-117.683803"><ele>2152.227</ele><time>2026-07-02T16:35:14Z</time></trkpt><trkpt lat="52.715307" lon="-117.683826"><ele>2152.253</ele><time>2026-07-02T16:35:17Z</time></trkpt><trkpt lat="52.715302" lon="-117.683895"><ele>2153.077</ele><time>2026-07-02T16:35:22Z</time></trkpt><trkpt lat="52.715299" lon="-117.683916"><ele>2153.495</ele><time>2026-07-02T16:35:24Z</time></trkpt><trkpt lat="52.715287" lon="-117.683953"><ele>2154.456</ele><time>2026-07-02T16:35:30Z</time></trkpt><trkpt lat="52.715277" lon="-117.684046"><ele>2155.448</ele><time>2026-07-02T16:35:37Z</time></trkpt><trkpt lat="52.715275" lon="-117.684059"><ele>2155.461</ele><time>2026-07-02T16:35:38Z</time></trkpt><trkpt lat="52.715263" lon="-117.684121"><ele>2156.217</ele><time>2026-07-02T16:35:44Z</time></trkpt><trkpt lat="52.715254" lon="-117.684142"><ele>2156.409</ele><time>2026-07-02T16:35:46Z</time></trkpt><trkpt lat="52.715252" lon="-117.68415"><ele>2156.636</ele><time>2026-07-02T16:35:47Z</time></trkpt><trkpt lat="52.71525" lon="-117.684247"><ele>2157.441</ele><time>2026-07-02T16:35:55Z</time></trkpt><trkpt lat="52.71525" lon="-117.684339"><ele>2158.276</ele><time>2026-07-02T16:36:02Z</time></trkpt><trkpt lat="52.71524" lon="-117.684367"><ele>2158.676</ele><time>2026-07-02T16:36:05Z</time></trkpt><trkpt lat="52.715233" lon="-117.684409"><ele>2159.265</ele><time>2026-07-02T16:36:09Z</time></trkpt><trkpt lat="52.715234" lon="-117.684498"><ele>2159.631</ele><time>2026-07-02T16:36:15Z</time></trkpt><trkpt lat="52.715237" lon="-117.684522"><ele>2159.895</ele><time>2026-07-02T16:36:17Z</time></trkpt><trkpt lat="52.715213" lon="-117.684596"><ele>2160.243</ele><time>2026-07-02T16:36:26Z</time></trkpt><trkpt lat="52.715203" lon="-117.68464"><ele>2160.654</ele><time>2026-07-02T16:36:30Z</time></trkpt><trkpt lat="52.715191" lon="-117.684682"><ele>2161.234</ele><time>2026-07-02T16:36:34Z</time></trkpt><trkpt lat="52.715193" lon="-117.684704"><ele>2161.455</ele><time>2026-07-02T16:36:36Z</time></trkpt><trkpt lat="52.715194" lon="-117.684741"><ele>2161.810</ele><time>2026-07-02T16:36:40Z</time></trkpt><trkpt lat="52.715189" lon="-117.684789"><ele>2162.409</ele><time>2026-07-02T16:36:45Z</time></trkpt><trkpt lat="52.715176" lon="-117.684841"><ele>2163.055</ele><time>2026-07-02T16:36:50Z</time></trkpt><trkpt lat="52.715174" lon="-117.68488"><ele>2163.470</ele><time>2026-07-02T16:36:54Z</time></trkpt><trkpt lat="52.715175" lon="-117.684947"><ele>2164.025</ele><time>2026-07-02T16:36:59Z</time></trkpt><trkpt lat="52.715175" lon="-117.684986"><ele>2164.445</ele><time>2026-07-02T16:37:03Z</time></trkpt><trkpt lat="52.715186" lon="-117.685045"><ele>2165.014</ele><time>2026-07-02T16:37:09Z</time></trkpt><trkpt lat="52.715187" lon="-117.68505"><ele>2165.210</ele><time>2026-07-02T16:37:10Z</time></trkpt><trkpt lat="52.715194" lon="-117.685091"><ele>2166.064</ele><time>2026-07-02T16:37:17Z</time></trkpt><trkpt lat="52.715203" lon="-117.685134"><ele>2166.892</ele><time>2026-07-02T16:37:26Z</time></trkpt><trkpt lat="52.715201" lon="-117.685195"><ele>2167.233</ele><time>2026-07-02T16:37:32Z</time></trkpt><trkpt lat="52.715208" lon="-117.685261"><ele>2168.253</ele><time>2026-07-02T16:37:40Z</time></trkpt><trkpt lat="52.71521" lon="-117.685274"><ele>2168.404</ele><time>2026-07-02T16:37:41Z</time></trkpt><trkpt lat="52.715207" lon="-117.685405"><ele>2169.214</ele><time>2026-07-02T16:37:51Z</time></trkpt><trkpt lat="52.715211" lon="-117.685434"><ele>2169.209</ele><time>2026-07-02T16:37:53Z</time></trkpt><trkpt lat="52.715206" lon="-117.685492"><ele>2170.247</ele><time>2026-07-02T16:37:59Z</time></trkpt><trkpt lat="52.715208" lon="-117.685507"><ele>2170.412</ele><time>2026-07-02T16:38:00Z</time></trkpt><trkpt lat="52.715217" lon="-117.685589"><ele>2171.077</ele><time>2026-07-02T16:38:08Z</time></trkpt><trkpt lat="52.715226" lon="-117.685622"><ele>2171.467</ele><time>2026-07-02T16:38:11Z</time></trkpt><trkpt lat="52.715242" lon="-117.68567"><ele>2171.846</ele><time>2026-07-02T16:38:16Z</time></trkpt><trkpt lat="52.715246" lon="-117.685772"><ele>2172.452</ele><time>2026-07-02T16:38:24Z</time></trkpt><trkpt lat="52.715248" lon="-117.685785"><ele>2172.476</ele><time>2026-07-02T16:38:25Z</time></trkpt><trkpt lat="52.715262" lon="-117.685842"><ele>2173.074</ele><time>2026-07-02T16:38:31Z</time></trkpt><trkpt lat="52.715257" lon="-117.685905"><ele>2173.625</ele><time>2026-07-02T16:38:38Z</time></trkpt><trkpt lat="52.715263" lon="-117.68593"><ele>2173.666</ele><time>2026-07-02T16:38:40Z</time></trkpt><trkpt lat="52.715289" lon="-117.686022"><ele>2174.029</ele><time>2026-07-02T16:38:47Z</time></trkpt><trkpt lat="52.715314" lon="-117.686119"><ele>2174.221</ele><time>2026-07-02T16:38:55Z</time></trkpt><trkpt lat="52.715316" lon="-117.686153"><ele>2174.609</ele><time>2026-07-02T16:38:58Z</time></trkpt><trkpt lat="52.715324" lon="-117.686198"><ele>2175.448</ele><time>2026-07-02T16:39:03Z</time></trkpt><trkpt lat="52.715331" lon="-117.686218"><ele>2175.673</ele><time>2026-07-02T16:39:05Z</time></trkpt><trkpt lat="52.715366" lon="-117.686309"><ele>2176.288</ele><time>2026-07-02T16:39:12Z</time></trkpt><trkpt lat="52.715391" lon="-117.686398"><ele>2176.698</ele><time>2026-07-02T16:39:20Z</time></trkpt><trkpt lat="52.715422" lon="-117.686485"><ele>2177.497</ele><time>2026-07-02T16:39:28Z</time></trkpt><trkpt lat="52.715427" lon="-117.686511"><ele>2177.873</ele><time>2026-07-02T16:39:30Z</time></trkpt><trkpt lat="52.715438" lon="-117.686581"><ele>2178.617</ele><time>2026-07-02T16:39:37Z</time></trkpt><trkpt lat="52.71544" lon="-117.686606"><ele>2178.825</ele><time>2026-07-02T16:39:39Z</time></trkpt><trkpt lat="52.715457" lon="-117.686668"><ele>2179.416</ele><time>2026-07-02T16:39:45Z</time></trkpt><trkpt lat="52.71547" lon="-117.686723"><ele>2179.897</ele><time>2026-07-02T16:39:51Z</time></trkpt><trkpt lat="52.715478" lon="-117.686741"><ele>2180.023</ele><time>2026-07-02T16:39:53Z</time></trkpt><trkpt lat="52.715499" lon="-117.686829"><ele>2180.825</ele><time>2026-07-02T16:40:00Z</time></trkpt><trkpt lat="52.715501" lon="-117.686841"><ele>2180.809</ele><time>2026-07-02T16:40:01Z</time></trkpt><trkpt lat="52.715512" lon="-117.686901"><ele>2181.651</ele><time>2026-07-02T16:40:08Z</time></trkpt><trkpt lat="52.715517" lon="-117.686925"><ele>2182.066</ele><time>2026-07-02T16:40:10Z</time></trkpt><trkpt lat="52.715526" lon="-117.686959"><ele>2182.251</ele><time>2026-07-02T16:40:12Z</time></trkpt><trkpt lat="52.715519" lon="-117.686988"><ele>2182.451</ele><time>2026-07-02T16:40:15Z</time></trkpt><trkpt lat="52.715481" lon="-117.686997"><ele>2182.680</ele><time>2026-07-02T16:40:22Z</time></trkpt><trkpt lat="52.715405" lon="-117.686962"><ele>2181.836</ele><time>2026-07-02T16:40:32Z</time></trkpt><trkpt lat="52.715332" lon="-117.686911"><ele>2181.870</ele><time>2026-07-02T16:40:40Z</time></trkpt><trkpt lat="52.715262" lon="-117.686863"><ele>2181.888</ele><time>2026-07-02T16:40:47Z</time></trkpt><trkpt lat="52.715203" lon="-117.686809"><ele>2181.899</ele><time>2026-07-02T16:40:53Z</time></trkpt><trkpt lat="52.715169" lon="-117.686795"><ele>2181.615</ele><time>2026-07-02T16:40:56Z</time></trkpt><trkpt lat="52.715132" lon="-117.686767"><ele>2181.665</ele><time>2026-07-02T16:41:00Z</time></trkpt><trkpt lat="52.715105" lon="-117.686733"><ele>2181.611</ele><time>2026-07-02T16:41:04Z</time></trkpt><trkpt lat="52.715027" lon="-117.686649"><ele>2181.409</ele><time>2026-07-02T16:41:12Z</time></trkpt><trkpt lat="52.714981" lon="-117.6866"><ele>2181.673</ele><time>2026-07-02T16:41:17Z</time></trkpt><trkpt lat="52.714959" lon="-117.686565"><ele>2181.688</ele><time>2026-07-02T16:41:20Z</time></trkpt><trkpt lat="52.714941" lon="-117.686533"><ele>2181.653</ele><time>2026-07-02T16:41:23Z</time></trkpt><trkpt lat="52.714933" lon="-117.686515"><ele>2181.463</ele><time>2026-07-02T16:41:24Z</time></trkpt><trkpt lat="52.714909" lon="-117.686476"><ele>2181.482</ele><time>2026-07-02T16:41:27Z</time></trkpt><trkpt lat="52.714904" lon="-117.68646"><ele>2181.258</ele><time>2026-07-02T16:41:28Z</time></trkpt><trkpt lat="52.714864" lon="-117.686408"><ele>2181.082</ele><time>2026-07-02T16:41:32Z</time></trkpt><trkpt lat="52.714856" lon="-117.686399"><ele>2180.890</ele><time>2026-07-02T16:41:33Z</time></trkpt><trkpt lat="52.714787" lon="-117.686307"><ele>2180.221</ele><time>2026-07-02T16:41:41Z</time></trkpt><trkpt lat="52.714772" lon="-117.686283"><ele>2180.036</ele><time>2026-07-02T16:41:43Z</time></trkpt><trkpt lat="52.714741" lon="-117.686239"><ele>2180.017</ele><time>2026-07-02T16:41:47Z</time></trkpt><trkpt lat="52.71472" lon="-117.686215"><ele>2179.818</ele><time>2026-07-02T16:41:49Z</time></trkpt><trkpt lat="52.7147" lon="-117.686194"><ele>2179.609</ele><time>2026-07-02T16:41:51Z</time></trkpt><trkpt lat="52.71468" lon="-117.686176"><ele>2179.495</ele><time>2026-07-02T16:41:53Z</time></trkpt><trkpt lat="52.714605" lon="-117.686123"><ele>2179.060</ele><time>2026-07-02T16:42:00Z</time></trkpt><trkpt lat="52.71455" lon="-117.686063"><ele>2179.075</ele><time>2026-07-02T16:42:06Z</time></trkpt><trkpt lat="52.714452" lon="-117.686031"><ele>2178.625</ele><time>2026-07-02T16:42:15Z</time></trkpt><trkpt lat="52.714365" lon="-117.686016"><ele>2179.024</ele><time>2026-07-02T16:42:22Z</time></trkpt><trkpt lat="52.714289" lon="-117.686004"><ele>2178.690</ele><time>2026-07-02T16:42:30Z</time></trkpt><trkpt lat="52.71421" lon="-117.685974"><ele>2178.694</ele><time>2026-07-02T16:42:38Z</time></trkpt><trkpt lat="52.714196" lon="-117.685971"><ele>2178.642</ele><time>2026-07-02T16:42:39Z</time></trkpt><trkpt lat="52.714109" lon="-117.685942"><ele>2178.473</ele><time>2026-07-02T16:42:47Z</time></trkpt><trkpt lat="52.714003" lon="-117.685897"><ele>2178.067</ele><time>2026-07-02T16:42:57Z</time></trkpt><trkpt lat="52.713993" lon="-117.685895"><ele>2177.881</ele><time>2026-07-02T16:42:58Z</time></trkpt><trkpt lat="52.713887" lon="-117.685859"><ele>2177.419</ele><time>2026-07-02T16:43:07Z</time></trkpt><trkpt lat="52.71382" lon="-117.685825"><ele>2177.409</ele><time>2026-07-02T16:43:14Z</time></trkpt><trkpt lat="52.713786" lon="-117.68581"><ele>2177.438</ele><time>2026-07-02T16:43:18Z</time></trkpt><trkpt lat="52.71375" lon="-117.685805"><ele>2177.463</ele><time>2026-07-02T16:43:21Z</time></trkpt><trkpt lat="52.713653" lon="-117.685746"><ele>2177.618</ele><time>2026-07-02T16:43:30Z</time></trkpt><trkpt lat="52.713555" lon="-117.68577"><ele>2177.278</ele><time>2026-07-02T16:43:39Z</time></trkpt><trkpt lat="52.713485" lon="-117.685847"><ele>2177.047</ele><time>2026-07-02T16:43:47Z</time></trkpt><trkpt lat="52.713472" lon="-117.685879"><ele>2176.843</ele><time>2026-07-02T16:43:49Z</time></trkpt><trkpt lat="52.713433" lon="-117.68594"><ele>2177.097</ele><time>2026-07-02T16:43:55Z</time></trkpt><trkpt lat="52.713366" lon="-117.686044"><ele>2177.435</ele><time>2026-07-02T16:44:04Z</time></trkpt><trkpt lat="52.713334" lon="-117.686096"><ele>2178.066</ele><time>2026-07-02T16:44:09Z</time></trkpt><trkpt lat="52.713309" lon="-117.686114"><ele>2178.623</ele><time>2026-07-02T16:44:12Z</time></trkpt><trkpt lat="52.71327" lon="-117.686204"><ele>2178.883</ele><time>2026-07-02T16:44:19Z</time></trkpt><trkpt lat="52.713258" lon="-117.686227"><ele>2179.011</ele><time>2026-07-02T16:44:21Z</time></trkpt><trkpt lat="52.713231" lon="-117.686277"><ele>2179.809</ele><time>2026-07-02T16:44:26Z</time></trkpt><trkpt lat="52.713229" lon="-117.68629"><ele>2180.024</ele><time>2026-07-02T16:44:27Z</time></trkpt><trkpt lat="52.713229" lon="-117.686303"><ele>2180.229</ele><time>2026-07-02T16:44:28Z</time></trkpt><trkpt lat="52.713216" lon="-117.68635"><ele>2180.484</ele><time>2026-07-02T16:44:32Z</time></trkpt><trkpt lat="52.713171" lon="-117.686435"><ele>2180.644</ele><time>2026-07-02T16:44:40Z</time></trkpt><trkpt lat="52.713157" lon="-117.686466"><ele>2181.273</ele><time>2026-07-02T16:44:43Z</time></trkpt><trkpt lat="52.713142" lon="-117.686496"><ele>2181.859</ele><time>2026-07-02T16:44:47Z</time></trkpt><trkpt lat="52.713115" lon="-117.686534"><ele>2182.263</ele><time>2026-07-02T16:44:51Z</time></trkpt><trkpt lat="52.713091" lon="-117.686598"><ele>2182.481</ele><time>2026-07-02T16:44:56Z</time></trkpt><trkpt lat="52.713069" lon="-117.686709"><ele>2183.082</ele><time>2026-07-02T16:45:04Z</time></trkpt><trkpt lat="52.713055" lon="-117.686753"><ele>2183.267</ele><time>2026-07-02T16:45:07Z</time></trkpt><trkpt lat="52.713056" lon="-117.686811"><ele>2183.681</ele><time>2026-07-02T16:45:11Z</time></trkpt><trkpt lat="52.713055" lon="-117.686855"><ele>2183.819</ele><time>2026-07-02T16:45:14Z</time></trkpt><trkpt lat="52.713053" lon="-117.686933"><ele>2184.209</ele><time>2026-07-02T16:45:19Z</time></trkpt><trkpt lat="52.713057" lon="-117.686974"><ele>2184.828</ele><time>2026-07-02T16:45:22Z</time></trkpt><trkpt lat="52.713064" lon="-117.687066"><ele>2185.063</ele><time>2026-07-02T16:45:28Z</time></trkpt><trkpt lat="52.713076" lon="-117.687135"><ele>2185.478</ele><time>2026-07-02T16:45:33Z</time></trkpt><trkpt lat="52.713072" lon="-117.687146"><ele>2185.468</ele><time>2026-07-02T16:45:35Z</time></trkpt><trkpt lat="52.713071" lon="-117.687161"><ele>2185.457</ele><time>2026-07-02T16:45:36Z</time></trkpt><trkpt lat="52.713099" lon="-117.68725"><ele>2185.423</ele><time>2026-07-02T16:45:43Z</time></trkpt><trkpt lat="52.713124" lon="-117.687379"><ele>2186.287</ele><time>2026-07-02T16:45:52Z</time></trkpt><trkpt lat="52.713129" lon="-117.687408"><ele>2186.485</ele><time>2026-07-02T16:45:54Z</time></trkpt><trkpt lat="52.713172" lon="-117.687521"><ele>2186.476</ele><time>2026-07-02T16:46:02Z</time></trkpt><trkpt lat="52.713192" lon="-117.687646"><ele>2186.851</ele><time>2026-07-02T16:46:10Z</time></trkpt><trkpt lat="52.7132" lon="-117.687747"><ele>2187.001</ele><time>2026-07-02T16:46:18Z</time></trkpt><trkpt lat="52.713187" lon="-117.68775"><ele>2187.211</ele><time>2026-07-02T16:46:20Z</time></trkpt><trkpt lat="52.713171" lon="-117.68776"><ele>2187.409</ele><time>2026-07-02T16:46:22Z</time></trkpt><trkpt lat="52.71314" lon="-117.687771"><ele>2187.837</ele><time>2026-07-02T16:46:26Z</time></trkpt><trkpt lat="52.713074" lon="-117.687746"><ele>2188.242</ele><time>2026-07-02T16:46:33Z</time></trkpt><trkpt lat="52.713007" lon="-117.687721"><ele>2188.437</ele><time>2026-07-02T16:46:40Z</time></trkpt><trkpt lat="52.71299" lon="-117.68772"><ele>2188.697</ele><time>2026-07-02T16:46:42Z</time></trkpt><trkpt lat="52.712929" lon="-117.68773"><ele>2189.486</ele><time>2026-07-02T16:46:49Z</time></trkpt><trkpt lat="52.712913" lon="-117.687734"><ele>2189.862</ele><time>2026-07-02T16:46:51Z</time></trkpt><trkpt lat="52.71286" lon="-117.687726"><ele>2190.036</ele><time>2026-07-02T16:46:57Z</time></trkpt><trkpt lat="52.712833" lon="-117.687727"><ele>2190.454</ele><time>2026-07-02T16:47:01Z</time></trkpt><trkpt lat="52.712799" lon="-117.687736"><ele>2191.015</ele><time>2026-07-02T16:47:05Z</time></trkpt><trkpt lat="52.712766" lon="-117.687735"><ele>2191.668</ele><time>2026-07-02T16:47:09Z</time></trkpt><trkpt lat="52.71273" lon="-117.687729"><ele>2192.042</ele><time>2026-07-02T16:47:13Z</time></trkpt><trkpt lat="52.712721" lon="-117.687727"><ele>2192.026</ele><time>2026-07-02T16:47:14Z</time></trkpt><trkpt lat="52.712657" lon="-117.687718"><ele>2192.409</ele><time>2026-07-02T16:47:22Z</time></trkpt><trkpt lat="52.712648" lon="-117.687712"><ele>2192.688</ele><time>2026-07-02T16:47:23Z</time></trkpt><trkpt lat="52.712618" lon="-117.687706"><ele>2193.093</ele><time>2026-07-02T16:47:27Z</time></trkpt><trkpt lat="52.712578" lon="-117.687702"><ele>2193.418</ele><time>2026-07-02T16:47:32Z</time></trkpt><trkpt lat="52.712567" lon="-117.687705"><ele>2193.678</ele><time>2026-07-02T16:47:34Z</time></trkpt><trkpt lat="52.712529" lon="-117.687685"><ele>2194.487</ele><time>2026-07-02T16:47:42Z</time></trkpt><trkpt lat="52.712508" lon="-117.687675"><ele>2194.673</ele><time>2026-07-02T16:47:46Z</time></trkpt><trkpt lat="52.712509" lon="-117.687679"><ele>2194.837</ele><time>2026-07-02T16:47:50Z</time></trkpt><trkpt lat="52.712503" lon="-117.687671"><ele>2195.665</ele><time>2026-07-02T16:48:05Z</time></trkpt><trkpt lat="52.712496" lon="-117.687669"><ele>2195.676</ele><time>2026-07-02T16:48:07Z</time></trkpt><trkpt lat="52.712493" lon="-117.687672"><ele>2195.614</ele><time>2026-07-02T16:48:09Z</time></trkpt><trkpt lat="52.712491" lon="-117.687671"><ele>2195.654</ele><time>2026-07-02T16:48:11Z</time></trkpt><trkpt lat="52.712491" lon="-117.687671"><ele>2195.609</ele><time>2026-07-02T16:48:12Z</time></trkpt><trkpt lat="52.712491" lon="-117.687671"><ele>2195.809</ele><time>2026-07-02T16:48:14Z</time></trkpt><trkpt lat="52.712491" lon="-117.687671"><ele>2195.863</ele><time>2026-07-02T16:48:18Z</time></trkpt><trkpt lat="52.712491" lon="-117.687671"><ele>2196.028</ele><time>2026-07-02T16:48:19Z</time></trkpt><trkpt lat="52.712491" lon="-117.687671"><ele>2196.033</ele><time>2026-07-02T16:48:23Z</time></trkpt><trkpt lat="52.712498" lon="-117.687682"><ele>2195.873</ele><time>2026-07-02T16:48:33Z</time></trkpt><trkpt lat="52.7125" lon="-117.68769"><ele>2196.092</ele><time>2026-07-02T16:48:39Z</time></trkpt><trkpt lat="52.7125" lon="-117.687689"><ele>2196.088</ele><time>2026-07-02T16:48:40Z</time></trkpt><trkpt lat="52.712502" lon="-117.687686"><ele>2196.042</ele><time>2026-07-02T16:48:42Z</time></trkpt><trkpt lat="52.712502" lon="-117.687685"><ele>2196.090</ele><time>2026-07-02T16:48:46Z</time></trkpt><trkpt lat="52.712502" lon="-117.687684"><ele>2196.051</ele><time>2026-07-02T16:48:52Z</time></trkpt><trkpt lat="52.712507" lon="-117.687676"><ele>2196.043</ele><time>2026-07-02T16:48:55Z</time></trkpt><trkpt lat="52.712499" lon="-117.687696"><ele>2196.264</ele><time>2026-07-02T16:49:03Z</time></trkpt><trkpt lat="52.712465" lon="-117.687655"><ele>2196.410</ele><time>2026-07-02T16:49:11Z</time></trkpt><trkpt lat="52.712448" lon="-117.687647"><ele>2196.809</ele><time>2026-07-02T16:49:14Z</time></trkpt><trkpt lat="52.712415" lon="-117.68762"><ele>2197.246</ele><time>2026-07-02T16:49:19Z</time></trkpt><trkpt lat="52.712341" lon="-117.687575"><ele>2197.471</ele><time>2026-07-02T16:49:28Z</time></trkpt><trkpt lat="52.712316" lon="-117.687566"><ele>2198.026</ele><time>2026-07-02T16:49:31Z</time></trkpt><trkpt lat="52.712277" lon="-117.68755"><ele>2199.046</ele><time>2026-07-02T16:49:37Z</time></trkpt><trkpt lat="52.712265" lon="-117.687541"><ele>2199.615</ele><time>2026-07-02T16:49:39Z</time></trkpt><trkpt lat="52.712247" lon="-117.687533"><ele>2200.261</ele><time>2026-07-02T16:49:43Z</time></trkpt><trkpt lat="52.712223" lon="-117.68753"><ele>2200.875</ele><time>2026-07-02T16:49:47Z</time></trkpt><trkpt lat="52.712216" lon="-117.687541"><ele>2201.043</ele><time>2026-07-02T16:49:49Z</time></trkpt><trkpt lat="52.712212" lon="-117.687544"><ele>2201.234</ele><time>2026-07-02T16:49:50Z</time></trkpt><trkpt lat="52.712186" lon="-117.687557"><ele>2202.017</ele><time>2026-07-02T16:49:54Z</time></trkpt><trkpt lat="52.71218" lon="-117.687559"><ele>2202.287</ele><time>2026-07-02T16:49:55Z</time></trkpt><trkpt lat="52.712138" lon="-117.687528"><ele>2203.015</ele><time>2026-07-02T16:50:02Z</time></trkpt><trkpt lat="52.712119" lon="-117.687497"><ele>2203.209</ele><time>2026-07-02T16:50:05Z</time></trkpt><trkpt lat="52.712095" lon="-117.687477"><ele>2203.443</ele><time>2026-07-02T16:50:09Z</time></trkpt><trkpt lat="52.712057" lon="-117.687454"><ele>2204.098</ele><time>2026-07-02T16:50:14Z</time></trkpt><trkpt lat="52.712049" lon="-117.687451"><ele>2204.463</ele><time>2026-07-02T16:50:16Z</time></trkpt><trkpt lat="52.71205" lon="-117.687448"><ele>2205.453</ele><time>2026-07-02T16:50:22Z</time></trkpt><trkpt lat="52.712034" lon="-117.687449"><ele>2205.632</ele><time>2026-07-02T16:50:24Z</time></trkpt><trkpt lat="52.711986" lon="-117.687426"><ele>2206.648</ele><time>2026-07-02T16:50:32Z</time></trkpt><trkpt lat="52.711948" lon="-117.687395"><ele>2206.892</ele><time>2026-07-02T16:50:38Z</time></trkpt><trkpt lat="52.71192" lon="-117.687376"><ele>2207.620</ele><time>2026-07-02T16:50:43Z</time></trkpt><trkpt lat="52.711908" lon="-117.687365"><ele>2208.231</ele><time>2026-07-02T16:50:46Z</time></trkpt><trkpt lat="52.71189" lon="-117.687353"><ele>2208.653</ele><time>2026-07-02T16:50:49Z</time></trkpt><trkpt lat="52.711871" lon="-117.687325"><ele>2209.804</ele><time>2026-07-02T16:50:54Z</time></trkpt><trkpt lat="52.71187" lon="-117.687323"><ele>2210.014</ele><time>2026-07-02T16:50:55Z</time></trkpt><trkpt lat="52.711851" lon="-117.687312"><ele>2210.809</ele><time>2026-07-02T16:50:59Z</time></trkpt><trkpt lat="52.711832" lon="-117.68729"><ele>2211.277</ele><time>2026-07-02T16:51:03Z</time></trkpt><trkpt lat="52.711822" lon="-117.687272"><ele>2211.852</ele><time>2026-07-02T16:51:06Z</time></trkpt><trkpt lat="52.711798" lon="-117.687248"><ele>2212.227</ele><time>2026-07-02T16:51:10Z</time></trkpt><trkpt lat="52.711783" lon="-117.687228"><ele>2213.087</ele><time>2026-07-02T16:51:15Z</time></trkpt><trkpt lat="52.711774" lon="-117.687215"><ele>2213.026</ele><time>2026-07-02T16:51:17Z</time></trkpt><trkpt lat="52.711747" lon="-117.687188"><ele>2214.022</ele><time>2026-07-02T16:51:23Z</time></trkpt><trkpt lat="52.711738" lon="-117.687181"><ele>2214.446</ele><time>2026-07-02T16:51:24Z</time></trkpt><trkpt lat="52.711701" lon="-117.687151"><ele>2215.044</ele><time>2026-07-02T16:51:31Z</time></trkpt><trkpt lat="52.711689" lon="-117.687137"><ele>2215.485</ele><time>2026-07-02T16:51:33Z</time></trkpt><trkpt lat="52.711669" lon="-117.687121"><ele>2215.629</ele><time>2026-07-02T16:51:37Z</time></trkpt><trkpt lat="52.711643" lon="-117.687108"><ele>2216.000</ele><time>2026-07-02T16:51:41Z</time></trkpt><trkpt lat="52.711628" lon="-117.68708"><ele>2216.420</ele><time>2026-07-02T16:51:44Z</time></trkpt><trkpt lat="52.711572" lon="-117.687034"><ele>2217.009</ele><time>2026-07-02T16:51:52Z</time></trkpt><trkpt lat="52.711527" lon="-117.686999"><ele>2218.224</ele><time>2026-07-02T16:51:59Z</time></trkpt><trkpt lat="52.711487" lon="-117.686983"><ele>2218.849</ele><time>2026-07-02T16:52:06Z</time></trkpt><trkpt lat="52.711477" lon="-117.686978"><ele>2219.284</ele><time>2026-07-02T16:52:08Z</time></trkpt><trkpt lat="52.711433" lon="-117.686944"><ele>2220.414</ele><time>2026-07-02T16:52:15Z</time></trkpt><trkpt lat="52.71139" lon="-117.686896"><ele>2221.263</ele><time>2026-07-02T16:52:23Z</time></trkpt><trkpt lat="52.711364" lon="-117.686852"><ele>2221.459</ele><time>2026-07-02T16:52:28Z</time></trkpt><trkpt lat="52.711337" lon="-117.686846"><ele>2221.663</ele><time>2026-07-02T16:52:31Z</time></trkpt><trkpt lat="52.711303" lon="-117.686822"><ele>2222.421</ele><time>2026-07-02T16:52:37Z</time></trkpt><trkpt lat="52.711291" lon="-117.686809"><ele>2222.892</ele><time>2026-07-02T16:52:39Z</time></trkpt><trkpt lat="52.711229" lon="-117.686779"><ele>2223.417</ele><time>2026-07-02T16:52:47Z</time></trkpt><trkpt lat="52.711167" lon="-117.686789"><ele>2224.287</ele><time>2026-07-02T16:52:55Z</time></trkpt><trkpt lat="52.711152" lon="-117.686779"><ele>2224.615</ele><time>2026-07-02T16:52:57Z</time></trkpt><trkpt lat="52.711107" lon="-117.686759"><ele>2225.409</ele><time>2026-07-02T16:53:03Z</time></trkpt><trkpt lat="52.711103" lon="-117.686757"><ele>2225.673</ele><time>2026-07-02T16:53:04Z</time></trkpt><trkpt lat="52.711068" lon="-117.686733"><ele>2226.498</ele><time>2026-07-02T16:53:10Z</time></trkpt><trkpt lat="52.71105" lon="-117.68672"><ele>2226.663</ele><time>2026-07-02T16:53:13Z</time></trkpt><trkpt lat="52.711006" lon="-117.686708"><ele>2227.273</ele><time>2026-07-02T16:53:19Z</time></trkpt><trkpt lat="52.710964" lon="-117.686709"><ele>2227.892</ele><time>2026-07-02T16:53:25Z</time></trkpt><trkpt lat="52.710945" lon="-117.686721"><ele>2228.458</ele><time>2026-07-02T16:53:27Z</time></trkpt><trkpt lat="52.710909" lon="-117.686722"><ele>2229.032</ele><time>2026-07-02T16:53:31Z</time></trkpt><trkpt lat="52.71087" lon="-117.686714"><ele>2229.420</ele><time>2026-07-02T16:53:35Z</time></trkpt><trkpt lat="52.710823" lon="-117.686689"><ele>2230.011</ele><time>2026-07-02T16:53:40Z</time></trkpt><trkpt lat="52.710776" lon="-117.686668"><ele>2230.867</ele><time>2026-07-02T16:53:45Z</time></trkpt><trkpt lat="52.710757" lon="-117.686671"><ele>2231.081</ele><time>2026-07-02T16:53:47Z</time></trkpt><trkpt lat="52.710696" lon="-117.686684"><ele>2231.419</ele><time>2026-07-02T16:53:54Z</time></trkpt><trkpt lat="52.710642" lon="-117.686671"><ele>2232.009</ele><time>2026-07-02T16:54:00Z</time></trkpt><trkpt lat="52.710633" lon="-117.686667"><ele>2232.298</ele><time>2026-07-02T16:54:01Z</time></trkpt><trkpt lat="52.710578" lon="-117.686624"><ele>2232.413</ele><time>2026-07-02T16:54:07Z</time></trkpt><trkpt lat="52.710553" lon="-117.686611"><ele>2232.448</ele><time>2026-07-02T16:54:09Z</time></trkpt><trkpt lat="52.710464" lon="-117.686562"><ele>2233.038</ele><time>2026-07-02T16:54:18Z</time></trkpt><trkpt lat="52.710413" lon="-117.686559"><ele>2233.287</ele><time>2026-07-02T16:54:23Z</time></trkpt><trkpt lat="52.710371" lon="-117.686535"><ele>2233.493</ele><time>2026-07-02T16:54:27Z</time></trkpt><trkpt lat="52.710308" lon="-117.686453"><ele>2233.037</ele><time>2026-07-02T16:54:35Z</time></trkpt><trkpt lat="52.710233" lon="-117.686396"><ele>2233.485</ele><time>2026-07-02T16:54:42Z</time></trkpt><trkpt lat="52.710179" lon="-117.686311"><ele>2233.246</ele><time>2026-07-02T16:54:48Z</time></trkpt><trkpt lat="52.710133" lon="-117.686277"><ele>2233.461</ele><time>2026-07-02T16:54:52Z</time></trkpt><trkpt lat="52.710088" lon="-117.686251"><ele>2233.621</ele><time>2026-07-02T16:54:56Z</time></trkpt><trkpt lat="52.710076" lon="-117.686248"><ele>2233.413</ele><time>2026-07-02T16:54:57Z</time></trkpt><trkpt lat="52.710006" lon="-117.686207"><ele>2234.009</ele><time>2026-07-02T16:55:03Z</time></trkpt><trkpt lat="52.709955" lon="-117.686173"><ele>2234.228</ele><time>2026-07-02T16:55:08Z</time></trkpt><trkpt lat="52.709925" lon="-117.686154"><ele>2234.473</ele><time>2026-07-02T16:55:11Z</time></trkpt><trkpt lat="52.709832" lon="-117.686104"><ele>2234.258</ele><time>2026-07-02T16:55:19Z</time></trkpt><trkpt lat="52.70975" lon="-117.686123"><ele>2234.258</ele><time>2026-07-02T16:55:27Z</time></trkpt><trkpt lat="52.70966" lon="-117.686128"><ele>2234.827</ele><time>2026-07-02T16:55:35Z</time></trkpt><trkpt lat="52.709603" lon="-117.686126"><ele>2235.463</ele><time>2026-07-02T16:55:40Z</time></trkpt><trkpt lat="52.70959" lon="-117.686127"><ele>2235.487</ele><time>2026-07-02T16:55:41Z</time></trkpt><trkpt lat="52.709526" lon="-117.686118"><ele>2236.485</ele><time>2026-07-02T16:55:48Z</time></trkpt><trkpt lat="52.709515" lon="-117.686119"><ele>2236.456</ele><time>2026-07-02T16:55:49Z</time></trkpt><trkpt lat="52.709466" lon="-117.686129"><ele>2237.235</ele><time>2026-07-02T16:55:55Z</time></trkpt><trkpt lat="52.709447" lon="-117.68614"><ele>2237.686</ele><time>2026-07-02T16:55:57Z</time></trkpt><trkpt lat="52.709383" lon="-117.686139"><ele>2237.814</ele><time>2026-07-02T16:56:04Z</time></trkpt><trkpt lat="52.709313" lon="-117.686147"><ele>2238.609</ele><time>2026-07-02T16:56:11Z</time></trkpt><trkpt lat="52.709294" lon="-117.686157"><ele>2238.695</ele><time>2026-07-02T16:56:13Z</time></trkpt><trkpt lat="52.709191" lon="-117.686135"><ele>2238.650</ele><time>2026-07-02T16:56:22Z</time></trkpt><trkpt lat="52.709182" lon="-117.686135"><ele>2238.825</ele><time>2026-07-02T16:56:23Z</time></trkpt><trkpt lat="52.709113" lon="-117.686159"><ele>2238.685</ele><time>2026-07-02T16:56:30Z</time></trkpt><trkpt lat="52.709025" lon="-117.686153"><ele>2238.224</ele><time>2026-07-02T16:56:37Z</time></trkpt><trkpt lat="52.70891" lon="-117.686127"><ele>2239.010</ele><time>2026-07-02T16:56:47Z</time></trkpt><trkpt lat="52.70888" lon="-117.68613"><ele>2240.024</ele><time>2026-07-02T16:56:50Z</time></trkpt><trkpt lat="52.708841" lon="-117.686136"><ele>2240.632</ele><time>2026-07-02T16:56:55Z</time></trkpt><trkpt lat="52.708825" lon="-117.686138"><ele>2241.083</ele><time>2026-07-02T16:56:57Z</time></trkpt><trkpt lat="52.708797" lon="-117.68614"><ele>2241.857</ele><time>2026-07-02T16:57:01Z</time></trkpt><trkpt lat="52.708787" lon="-117.686141"><ele>2241.800</ele><time>2026-07-02T16:57:03Z</time></trkpt><trkpt lat="52.708781" lon="-117.686146"><ele>2242.220</ele><time>2026-07-02T16:57:05Z</time></trkpt><trkpt lat="52.708751" lon="-117.686159"><ele>2242.409</ele><time>2026-07-02T16:57:10Z</time></trkpt><trkpt lat="52.70873" lon="-117.686163"><ele>2243.287</ele><time>2026-07-02T16:57:16Z</time></trkpt><trkpt lat="52.70873" lon="-117.686162"><ele>2243.432</ele><time>2026-07-02T16:57:17Z</time></trkpt><trkpt lat="52.708736" lon="-117.68616"><ele>2244.457</ele><time>2026-07-02T16:57:21Z</time></trkpt><trkpt lat="52.708708" lon="-117.686169"><ele>2243.837</ele><time>2026-07-02T16:57:27Z</time></trkpt><trkpt lat="52.708662" lon="-117.686179"><ele>2245.636</ele><time>2026-07-02T16:57:33Z</time></trkpt><trkpt lat="52.708635" lon="-117.686192"><ele>2245.492</ele><time>2026-07-02T16:57:37Z</time></trkpt><trkpt lat="52.708603" lon="-117.686214"><ele>2246.876</ele><time>2026-07-02T16:57:43Z</time></trkpt><trkpt lat="52.708591" lon="-117.686221"><ele>2247.414</ele><time>2026-07-02T16:57:45Z</time></trkpt><trkpt lat="52.708587" lon="-117.686219"><ele>2247.845</ele><time>2026-07-02T16:57:46Z</time></trkpt><trkpt lat="52.708567" lon="-117.686227"><ele>2248.632</ele><time>2026-07-02T16:57:51Z</time></trkpt><trkpt lat="52.708561" lon="-117.68623"><ele>2248.892</ele><time>2026-07-02T16:57:52Z</time></trkpt><trkpt lat="52.708538" lon="-117.686238"><ele>2249.211</ele><time>2026-07-02T16:57:57Z</time></trkpt><trkpt lat="52.708526" lon="-117.68624"><ele>2249.609</ele><time>2026-07-02T16:57:59Z</time></trkpt><trkpt lat="52.708516" lon="-117.686245"><ele>2250.065</ele><time>2026-07-02T16:58:01Z</time></trkpt><trkpt lat="52.708476" lon="-117.68626"><ele>2251.210</ele><time>2026-07-02T16:58:08Z</time></trkpt><trkpt lat="52.708424" lon="-117.686258"><ele>2251.895</ele><time>2026-07-02T16:58:16Z</time></trkpt><trkpt lat="52.708419" lon="-117.686257"><ele>2251.845</ele><time>2026-07-02T16:58:17Z</time></trkpt><trkpt lat="52.708392" lon="-117.686257"><ele>2252.214</ele><time>2026-07-02T16:58:21Z</time></trkpt><trkpt lat="52.708373" lon="-117.686255"><ele>2252.690</ele><time>2026-07-02T16:58:24Z</time></trkpt><trkpt lat="52.708333" lon="-117.686283"><ele>2253.484</ele><time>2026-07-02T16:58:32Z</time></trkpt><trkpt lat="52.708294" lon="-117.686307"><ele>2254.072</ele><time>2026-07-02T16:58:39Z</time></trkpt><trkpt lat="52.708276" lon="-117.6863"><ele>2254.423</ele><time>2026-07-02T16:58:41Z</time></trkpt><trkpt lat="52.708223" lon="-117.686293"><ele>2254.835</ele><time>2026-07-02T16:58:47Z</time></trkpt><trkpt lat="52.708189" lon="-117.686299"><ele>2255.086</ele><time>2026-07-02T16:58:54Z</time></trkpt><trkpt lat="52.708178" lon="-117.68629"><ele>2254.814</ele><time>2026-07-02T16:59:00Z</time></trkpt><trkpt lat="52.708178" lon="-117.68629"><ele>2255.009</ele><time>2026-07-02T16:59:08Z</time></trkpt><trkpt lat="52.708178" lon="-117.68629"><ele>2255.275</ele><time>2026-07-02T16:59:11Z</time></trkpt><trkpt lat="52.708189" lon="-117.6863"><ele>2255.240</ele><time>2026-07-02T16:59:13Z</time></trkpt><trkpt lat="52.708181" lon="-117.686302"><ele>2255.265</ele><time>2026-07-02T16:59:14Z</time></trkpt><trkpt lat="52.708168" lon="-117.686308"><ele>2255.495</ele><time>2026-07-02T16:59:15Z</time></trkpt><trkpt lat="52.708156" lon="-117.686315"><ele>2255.454</ele><time>2026-07-02T16:59:16Z</time></trkpt><trkpt lat="52.708147" lon="-117.686325"><ele>2255.430</ele><time>2026-07-02T16:59:17Z</time></trkpt><trkpt lat="52.708137" lon="-117.686335"><ele>2255.654</ele><time>2026-07-02T16:59:18Z</time></trkpt><trkpt lat="52.70806" lon="-117.686372"><ele>2255.642</ele><time>2026-07-02T16:59:25Z</time></trkpt><trkpt lat="52.707948" lon="-117.686419"><ele>2256.093</ele><time>2026-07-02T16:59:35Z</time></trkpt><trkpt lat="52.707829" lon="-117.686458"><ele>2256.448</ele><time>2026-07-02T16:59:45Z</time></trkpt><trkpt lat="52.707795" lon="-117.686468"><ele>2256.061</ele><time>2026-07-02T16:59:48Z</time></trkpt><trkpt lat="52.70776" lon="-117.686499"><ele>2256.017</ele><time>2026-07-02T16:59:51Z</time></trkpt><trkpt lat="52.707695" lon="-117.686583"><ele>2256.609</ele><time>2026-07-02T16:59:58Z</time></trkpt><trkpt lat="52.707591" lon="-117.686719"><ele>2256.016</ele><time>2026-07-02T17:00:08Z</time></trkpt><trkpt lat="52.707532" lon="-117.686795"><ele>2256.041</ele><time>2026-07-02T17:00:15Z</time></trkpt><trkpt lat="52.707469" lon="-117.686851"><ele>2256.676</ele><time>2026-07-02T17:00:23Z</time></trkpt><trkpt lat="52.707464" lon="-117.686846"><ele>2256.636</ele><time>2026-07-02T17:00:24Z</time></trkpt><trkpt lat="52.707436" lon="-117.686855"><ele>2257.245</ele><time>2026-07-02T17:00:27Z</time></trkpt><trkpt lat="52.707421" lon="-117.686872"><ele>2257.841</ele><time>2026-07-02T17:00:29Z</time></trkpt><trkpt lat="52.707413" lon="-117.686884"><ele>2258.065</ele><time>2026-07-02T17:00:30Z</time></trkpt><trkpt lat="52.707384" lon="-117.686923"><ele>2258.893</ele><time>2026-07-02T17:00:35Z</time></trkpt><trkpt lat="52.707367" lon="-117.686956"><ele>2259.464</ele><time>2026-07-02T17:00:38Z</time></trkpt><trkpt lat="52.707357" lon="-117.686978"><ele>2259.454</ele><time>2026-07-02T17:00:40Z</time></trkpt><trkpt lat="52.707317" lon="-117.687025"><ele>2260.056</ele><time>2026-07-02T17:00:45Z</time></trkpt><trkpt lat="52.707252" lon="-117.687107"><ele>2260.411</ele><time>2026-07-02T17:00:53Z</time></trkpt><trkpt lat="52.707245" lon="-117.687108"><ele>2260.209</ele><time>2026-07-02T17:00:55Z</time></trkpt><trkpt lat="52.707225" lon="-117.687129"><ele>2260.247</ele><time>2026-07-02T17:00:58Z</time></trkpt><trkpt lat="52.707153" lon="-117.687201"><ele>2260.862</ele><time>2026-07-02T17:01:05Z</time></trkpt><trkpt lat="52.707134" lon="-117.687259"><ele>2261.067</ele><time>2026-07-02T17:01:09Z</time></trkpt><trkpt lat="52.70711" lon="-117.687287"><ele>2261.077</ele><time>2026-07-02T17:01:12Z</time></trkpt><trkpt lat="52.707099" lon="-117.687292"><ele>2261.016</ele><time>2026-07-02T17:01:13Z</time></trkpt><trkpt lat="52.707031" lon="-117.687357"><ele>2261.642</ele><time>2026-07-02T17:01:21Z</time></trkpt><trkpt lat="52.706966" lon="-117.68739"><ele>2261.436</ele><time>2026-07-02T17:01:27Z</time></trkpt><trkpt lat="52.706921" lon="-117.6874"><ele>2261.894</ele><time>2026-07-02T17:01:31Z</time></trkpt><trkpt lat="52.706904" lon="-117.687416"><ele>2261.855</ele><time>2026-07-02T17:01:33Z</time></trkpt><trkpt lat="52.706864" lon="-117.687433"><ele>2262.088</ele><time>2026-07-02T17:01:37Z</time></trkpt><trkpt lat="52.70683" lon="-117.687423"><ele>2262.224</ele><time>2026-07-02T17:01:40Z</time></trkpt><trkpt lat="52.706758" lon="-117.68749"><ele>2262.026</ele><time>2026-07-02T17:01:47Z</time></trkpt><trkpt lat="52.706711" lon="-117.687539"><ele>2262.009</ele><time>2026-07-02T17:01:54Z</time></trkpt><trkpt lat="52.706702" lon="-117.687533"><ele>2262.090</ele><time>2026-07-02T17:01:55Z</time></trkpt><trkpt lat="52.706687" lon="-117.687547"><ele>2262.065</ele><time>2026-07-02T17:01:57Z</time></trkpt><trkpt lat="52.706645" lon="-117.68756"><ele>2261.840</ele><time>2026-07-02T17:02:01Z</time></trkpt><trkpt lat="52.70658" lon="-117.687579"><ele>2262.070</ele><time>2026-07-02T17:02:08Z</time></trkpt><trkpt lat="52.70657" lon="-117.687588"><ele>2262.239</ele><time>2026-07-02T17:02:09Z</time></trkpt><trkpt lat="52.706535" lon="-117.687646"><ele>2262.235</ele><time>2026-07-02T17:02:14Z</time></trkpt><trkpt lat="52.706474" lon="-117.687755"><ele>2262.659</ele><time>2026-07-02T17:02:22Z</time></trkpt><trkpt lat="52.706445" lon="-117.687787"><ele>2263.077</ele><time>2026-07-02T17:02:26Z</time></trkpt><trkpt lat="52.706419" lon="-117.687816"><ele>2263.888</ele><time>2026-07-02T17:02:29Z</time></trkpt><trkpt lat="52.70639" lon="-117.687855"><ele>2264.019</ele><time>2026-07-02T17:02:33Z</time></trkpt><trkpt lat="52.706364" lon="-117.687866"><ele>2264.009</ele><time>2026-07-02T17:02:36Z</time></trkpt><trkpt lat="52.706305" lon="-117.687893"><ele>2264.819</ele><time>2026-07-02T17:02:43Z</time></trkpt><trkpt lat="52.706297" lon="-117.687904"><ele>2264.209</ele><time>2026-07-02T17:02:51Z</time></trkpt><trkpt lat="52.706304" lon="-117.687905"><ele>2264.433</ele><time>2026-07-02T17:02:59Z</time></trkpt><trkpt lat="52.706251" lon="-117.687925"><ele>2265.258</ele><time>2026-07-02T17:03:05Z</time></trkpt><trkpt lat="52.70624" lon="-117.687933"><ele>2265.243</ele><time>2026-07-02T17:03:06Z</time></trkpt><trkpt lat="52.706185" lon="-117.68799"><ele>2265.073</ele><time>2026-07-02T17:03:12Z</time></trkpt><trkpt lat="52.706139" lon="-117.688011"><ele>2265.082</ele><time>2026-07-02T17:03:16Z</time></trkpt><trkpt lat="52.706116" lon="-117.688033"><ele>2265.288</ele><time>2026-07-02T17:03:18Z</time></trkpt><trkpt lat="52.706097" lon="-117.688065"><ele>2265.612</ele><time>2026-07-02T17:03:25Z</time></trkpt><trkpt lat="52.706072" lon="-117.688103"><ele>2265.690</ele><time>2026-07-02T17:03:33Z</time></trkpt><trkpt lat="52.705988" lon="-117.688186"><ele>2265.821</ele><time>2026-07-02T17:03:42Z</time></trkpt><trkpt lat="52.705959" lon="-117.688218"><ele>2266.249</ele><time>2026-07-02T17:03:45Z</time></trkpt><trkpt lat="52.705936" lon="-117.688257"><ele>2266.402</ele><time>2026-07-02T17:03:49Z</time></trkpt><trkpt lat="52.705868" lon="-117.688328"><ele>2267.022</ele><time>2026-07-02T17:03:58Z</time></trkpt><trkpt lat="52.705804" lon="-117.688413"><ele>2267.209</ele><time>2026-07-02T17:04:07Z</time></trkpt><trkpt lat="52.705729" lon="-117.688481"><ele>2268.066</ele><time>2026-07-02T17:04:16Z</time></trkpt><trkpt lat="52.70572" lon="-117.688488"><ele>2268.211</ele><time>2026-07-02T17:04:17Z</time></trkpt><trkpt lat="52.705692" lon="-117.688522"><ele>2269.276</ele><time>2026-07-02T17:04:22Z</time></trkpt><trkpt lat="52.705676" lon="-117.688544"><ele>2269.886</ele><time>2026-07-02T17:04:25Z</time></trkpt><trkpt lat="52.705645" lon="-117.688577"><ele>2270.025</ele><time>2026-07-02T17:04:31Z</time></trkpt><trkpt lat="52.705629" lon="-117.688587"><ele>2270.671</ele><time>2026-07-02T17:04:33Z</time></trkpt><trkpt lat="52.705603" lon="-117.688618"><ele>2271.685</ele><time>2026-07-02T17:04:37Z</time></trkpt><trkpt lat="52.705584" lon="-117.688638"><ele>2272.073</ele><time>2026-07-02T17:04:40Z</time></trkpt><trkpt lat="52.705528" lon="-117.688672"><ele>2272.614</ele><time>2026-07-02T17:04:48Z</time></trkpt><trkpt lat="52.705522" lon="-117.688676"><ele>2272.855</ele><time>2026-07-02T17:04:49Z</time></trkpt><trkpt lat="52.705485" lon="-117.6887"><ele>2273.607</ele><time>2026-07-02T17:04:56Z</time></trkpt><trkpt lat="52.70548" lon="-117.688704"><ele>2273.817</ele><time>2026-07-02T17:04:57Z</time></trkpt><trkpt lat="52.705451" lon="-117.688714"><ele>2274.809</ele><time>2026-07-02T17:05:03Z</time></trkpt><trkpt lat="52.705439" lon="-117.688722"><ele>2275.067</ele><time>2026-07-02T17:05:05Z</time></trkpt><trkpt lat="52.705427" lon="-117.688738"><ele>2275.432</ele><time>2026-07-02T17:05:07Z</time></trkpt><trkpt lat="52.705401" lon="-117.688768"><ele>2275.857</ele><time>2026-07-02T17:05:11Z</time></trkpt><trkpt lat="52.70538" lon="-117.688791"><ele>2276.447</ele><time>2026-07-02T17:05:15Z</time></trkpt><trkpt lat="52.705365" lon="-117.688814"><ele>2276.876</ele><time>2026-07-02T17:05:18Z</time></trkpt><trkpt lat="52.705363" lon="-117.688821"><ele>2276.892</ele><time>2026-07-02T17:05:19Z</time></trkpt><trkpt lat="52.70535" lon="-117.688836"><ele>2277.216</ele><time>2026-07-02T17:05:22Z</time></trkpt><trkpt lat="52.705339" lon="-117.688849"><ele>2277.694</ele><time>2026-07-02T17:05:24Z</time></trkpt><trkpt lat="52.705318" lon="-117.688857"><ele>2278.045</ele><time>2026-07-02T17:05:28Z</time></trkpt><trkpt lat="52.705297" lon="-117.68887"><ele>2279.018</ele><time>2026-07-02T17:05:33Z</time></trkpt><trkpt lat="52.705292" lon="-117.688874"><ele>2279.298</ele><time>2026-07-02T17:05:34Z</time></trkpt><trkpt lat="52.705269" lon="-117.688903"><ele>2280.017</ele><time>2026-07-02T17:05:40Z</time></trkpt><trkpt lat="52.705248" lon="-117.688937"><ele>2280.809</ele><time>2026-07-02T17:05:45Z</time></trkpt><trkpt lat="52.70523" lon="-117.688951"><ele>2281.043</ele><time>2026-07-02T17:05:49Z</time></trkpt><trkpt lat="52.705197" lon="-117.68897"><ele>2281.648</ele><time>2026-07-02T17:05:54Z</time></trkpt><trkpt lat="52.705178" lon="-117.689006"><ele>2282.243</ele><time>2026-07-02T17:05:58Z</time></trkpt><trkpt lat="52.705161" lon="-117.689026"><ele>2282.653</ele><time>2026-07-02T17:06:03Z</time></trkpt><trkpt lat="52.705148" lon="-117.689034"><ele>2283.492</ele><time>2026-07-02T17:06:06Z</time></trkpt><trkpt lat="52.705129" lon="-117.689062"><ele>2284.418</ele><time>2026-07-02T17:06:11Z</time></trkpt><trkpt lat="52.705121" lon="-117.689078"><ele>2284.612</ele><time>2026-07-02T17:06:13Z</time></trkpt><trkpt lat="52.705075" lon="-117.68913"><ele>2285.640</ele><time>2026-07-02T17:06:23Z</time></trkpt><trkpt lat="52.705064" lon="-117.689136"><ele>2285.831</ele><time>2026-07-02T17:06:24Z</time></trkpt><trkpt lat="52.705032" lon="-117.689158"><ele>2286.667</ele><time>2026-07-02T17:06:28Z</time></trkpt><trkpt lat="52.705" lon="-117.689168"><ele>2286.881</ele><time>2026-07-02T17:06:32Z</time></trkpt><trkpt lat="52.704969" lon="-117.689171"><ele>2287.819</ele><time>2026-07-02T17:06:36Z</time></trkpt><trkpt lat="52.704942" lon="-117.689175"><ele>2288.809</ele><time>2026-07-02T17:06:40Z</time></trkpt><trkpt lat="52.704866" lon="-117.689162"><ele>2289.478</ele><time>2026-07-02T17:06:48Z</time></trkpt><trkpt lat="52.704808" lon="-117.689173"><ele>2289.873</ele><time>2026-07-02T17:06:54Z</time></trkpt><trkpt lat="52.704779" lon="-117.689194"><ele>2290.458</ele><time>2026-07-02T17:06:57Z</time></trkpt><trkpt lat="52.704713" lon="-117.68922"><ele>2291.018</ele><time>2026-07-02T17:07:05Z</time></trkpt><trkpt lat="52.704693" lon="-117.68922"><ele>2291.097</ele><time>2026-07-02T17:07:07Z</time></trkpt><trkpt lat="52.70465" lon="-117.689211"><ele>2292.053</ele><time>2026-07-02T17:07:12Z</time></trkpt><trkpt lat="52.7046" lon="-117.689183"><ele>2293.287</ele><time>2026-07-02T17:07:17Z</time></trkpt><trkpt lat="52.704548" lon="-117.68918"><ele>2292.835</ele><time>2026-07-02T17:07:22Z</time></trkpt><trkpt lat="52.704494" lon="-117.689191"><ele>2293.486</ele><time>2026-07-02T17:07:27Z</time></trkpt><trkpt lat="52.704441" lon="-117.689202"><ele>2294.276</ele><time>2026-07-02T17:07:33Z</time></trkpt><trkpt lat="52.704431" lon="-117.689203"><ele>2294.490</ele><time>2026-07-02T17:07:34Z</time></trkpt><trkpt lat="52.704419" lon="-117.689195"><ele>2294.619</ele><time>2026-07-02T17:07:35Z</time></trkpt><trkpt lat="52.704385" lon="-117.689193"><ele>2294.809</ele><time>2026-07-02T17:07:38Z</time></trkpt><trkpt lat="52.70436" lon="-117.689186"><ele>2295.659</ele><time>2026-07-02T17:07:41Z</time></trkpt><trkpt lat="52.70429" lon="-117.689184"><ele>2296.214</ele><time>2026-07-02T17:07:47Z</time></trkpt><trkpt lat="52.704184" lon="-117.689189"><ele>2296.259</ele><time>2026-07-02T17:07:57Z</time></trkpt><trkpt lat="52.704164" lon="-117.689189"><ele>2296.699</ele><time>2026-07-02T17:07:59Z</time></trkpt><trkpt lat="52.704156" lon="-117.689192"><ele>2297.028</ele><time>2026-07-02T17:08:00Z</time></trkpt><trkpt lat="52.704115" lon="-117.68921"><ele>2297.844</ele><time>2026-07-02T17:08:03Z</time></trkpt><trkpt lat="52.704083" lon="-117.689242"><ele>2297.888</ele><time>2026-07-02T17:08:06Z</time></trkpt><trkpt lat="52.70402" lon="-117.689287"><ele>2297.486</ele><time>2026-07-02T17:08:12Z</time></trkpt><trkpt lat="52.703948" lon="-117.689312"><ele>2297.417</ele><time>2026-07-02T17:08:18Z</time></trkpt><trkpt lat="52.703891" lon="-117.689308"><ele>2298.844</ele><time>2026-07-02T17:08:24Z</time></trkpt><trkpt lat="52.703871" lon="-117.689292"><ele>2299.605</ele><time>2026-07-02T17:08:26Z</time></trkpt><trkpt lat="52.703843" lon="-117.689277"><ele>2299.815</ele><time>2026-07-02T17:08:28Z</time></trkpt><trkpt lat="52.703784" lon="-117.689266"><ele>2299.409</ele><time>2026-07-02T17:08:34Z</time></trkpt><trkpt lat="52.703768" lon="-117.689255"><ele>2299.886</ele><time>2026-07-02T17:08:41Z</time></trkpt><trkpt lat="52.703759" lon="-117.689249"><ele>2300.011</ele><time>2026-07-02T17:08:42Z</time></trkpt><trkpt lat="52.703741" lon="-117.68925"><ele>2299.676</ele><time>2026-07-02T17:08:47Z</time></trkpt><trkpt lat="52.703741" lon="-117.689249"><ele>2299.666</ele><time>2026-07-02T17:08:55Z</time></trkpt><trkpt lat="52.703735" lon="-117.68924"><ele>2299.645</ele><time>2026-07-02T17:08:57Z</time></trkpt><trkpt lat="52.703723" lon="-117.689235"><ele>2299.631</ele><time>2026-07-02T17:08:58Z</time></trkpt><trkpt lat="52.703682" lon="-117.68923"><ele>2300.035</ele><time>2026-07-02T17:09:01Z</time></trkpt><trkpt lat="52.703656" lon="-117.689226"><ele>2300.233</ele><time>2026-07-02T17:09:03Z</time></trkpt><trkpt lat="52.703622" lon="-117.689227"><ele>2300.044</ele><time>2026-07-02T17:09:06Z</time></trkpt><trkpt lat="52.703542" lon="-117.689226"><ele>2300.812</ele><time>2026-07-02T17:09:12Z</time></trkpt><trkpt lat="52.703478" lon="-117.689217"><ele>2300.832</ele><time>2026-07-02T17:09:18Z</time></trkpt><trkpt lat="52.70337" lon="-117.689122"><ele>2300.405</ele><time>2026-07-02T17:09:27Z</time></trkpt><trkpt lat="52.703331" lon="-117.689098"><ele>2299.809</ele><time>2026-07-02T17:09:30Z</time></trkpt><trkpt lat="52.703251" lon="-117.689065"><ele>2300.243</ele><time>2026-07-02T17:09:37Z</time></trkpt><trkpt lat="52.703162" lon="-117.689045"><ele>2300.078</ele><time>2026-07-02T17:09:45Z</time></trkpt><trkpt lat="52.703061" lon="-117.688988"><ele>2300.233</ele><time>2026-07-02T17:09:55Z</time></trkpt><trkpt lat="52.703013" lon="-117.688949"><ele>2300.843</ele><time>2026-07-02T17:10:00Z</time></trkpt><trkpt lat="52.703005" lon="-117.688943"><ele>2300.892</ele><time>2026-07-02T17:10:01Z</time></trkpt><trkpt lat="52.702987" lon="-117.688935"><ele>2300.858</ele><time>2026-07-02T17:10:03Z</time></trkpt><trkpt lat="52.702984" lon="-117.68892"><ele>2300.872</ele><time>2026-07-02T17:10:05Z</time></trkpt><trkpt lat="52.702971" lon="-117.688911"><ele>2301.090</ele><time>2026-07-02T17:10:07Z</time></trkpt><trkpt lat="52.702905" lon="-117.688869"><ele>2301.691</ele><time>2026-07-02T17:10:15Z</time></trkpt><trkpt lat="52.702877" lon="-117.688857"><ele>2302.068</ele><time>2026-07-02T17:10:18Z</time></trkpt><trkpt lat="52.702834" lon="-117.688827"><ele>2302.442</ele><time>2026-07-02T17:10:22Z</time></trkpt><trkpt lat="52.702785" lon="-117.68878"><ele>2303.026</ele><time>2026-07-02T17:10:28Z</time></trkpt><trkpt lat="52.702769" lon="-117.688775"><ele>2303.409</ele><time>2026-07-02T17:10:30Z</time></trkpt><trkpt lat="52.702698" lon="-117.688757"><ele>2304.028</ele><time>2026-07-02T17:10:37Z</time></trkpt><trkpt lat="52.702694" lon="-117.688756"><ele>2304.213</ele><time>2026-07-02T17:10:38Z</time></trkpt><trkpt lat="52.702644" lon="-117.688734"><ele>2305.018</ele><time>2026-07-02T17:10:44Z</time></trkpt><trkpt lat="52.702636" lon="-117.688728"><ele>2305.298</ele><time>2026-07-02T17:10:45Z</time></trkpt><trkpt lat="52.70259" lon="-117.68871"><ele>2305.627</ele><time>2026-07-02T17:10:51Z</time></trkpt><trkpt lat="52.702552" lon="-117.688721"><ele>2306.223</ele><time>2026-07-02T17:10:55Z</time></trkpt><trkpt lat="52.702524" lon="-117.688728"><ele>2306.427</ele><time>2026-07-02T17:10:58Z</time></trkpt><trkpt lat="52.702495" lon="-117.68869"><ele>2307.215</ele><time>2026-07-02T17:11:05Z</time></trkpt><trkpt lat="52.702467" lon="-117.688597"><ele>2308.046</ele><time>2026-07-02T17:11:13Z</time></trkpt><trkpt lat="52.702459" lon="-117.688572"><ele>2308.438</ele><time>2026-07-02T17:11:15Z</time></trkpt><trkpt lat="52.702442" lon="-117.688482"><ele>2309.470</ele><time>2026-07-02T17:11:21Z</time></trkpt><trkpt lat="52.702442" lon="-117.688461"><ele>2309.617</ele><time>2026-07-02T17:11:22Z</time></trkpt><trkpt lat="52.702405" lon="-117.688342"><ele>2310.009</ele><time>2026-07-02T17:11:30Z</time></trkpt><trkpt lat="52.702355" lon="-117.688297"><ele>2310.425</ele><time>2026-07-02T17:11:36Z</time></trkpt><trkpt lat="52.702342" lon="-117.688274"><ele>2310.640</ele><time>2026-07-02T17:11:38Z</time></trkpt><trkpt lat="52.702307" lon="-117.688227"><ele>2311.675</ele><time>2026-07-02T17:11:43Z</time></trkpt><trkpt lat="52.702279" lon="-117.688172"><ele>2312.065</ele><time>2026-07-02T17:11:48Z</time></trkpt><trkpt lat="52.70225" lon="-117.688116"><ele>2310.854</ele><time>2026-07-02T17:11:55Z</time></trkpt><trkpt lat="52.702204" lon="-117.688049"><ele>2311.820</ele><time>2026-07-02T17:12:03Z</time></trkpt><trkpt lat="52.702164" lon="-117.688012"><ele>2312.614</ele><time>2026-07-02T17:12:09Z</time></trkpt><trkpt lat="52.70215" lon="-117.688003"><ele>2313.812</ele><time>2026-07-02T17:12:11Z</time></trkpt><trkpt lat="52.702137" lon="-117.687996"><ele>2315.063</ele><time>2026-07-02T17:12:13Z</time></trkpt><trkpt lat="52.702088" lon="-117.687971"><ele>2315.032</ele><time>2026-07-02T17:12:19Z</time></trkpt><trkpt lat="52.702077" lon="-117.687966"><ele>2316.492</ele><time>2026-07-02T17:12:22Z</time></trkpt><trkpt lat="52.702074" lon="-117.687963"><ele>2317.011</ele><time>2026-07-02T17:12:25Z</time></trkpt><trkpt lat="52.702065" lon="-117.687956"><ele>2316.809</ele><time>2026-07-02T17:12:32Z</time></trkpt><trkpt lat="52.702075" lon="-117.687958"><ele>2315.865</ele><time>2026-07-02T17:12:39Z</time></trkpt><trkpt lat="52.702065" lon="-117.687958"><ele>2316.050</ele><time>2026-07-02T17:12:45Z</time></trkpt><trkpt lat="52.702068" lon="-117.687955"><ele>2315.465</ele><time>2026-07-02T17:12:50Z</time></trkpt><trkpt lat="52.702072" lon="-117.687951"><ele>2315.245</ele><time>2026-07-02T17:12:51Z</time></trkpt><trkpt lat="52.702054" lon="-117.687962"><ele>2316.494</ele><time>2026-07-02T17:12:57Z</time></trkpt><trkpt lat="52.702043" lon="-117.687961"><ele>2316.660</ele><time>2026-07-02T17:12:58Z</time></trkpt><trkpt lat="52.701992" lon="-117.687906"><ele>2316.824</ele><time>2026-07-02T17:13:05Z</time></trkpt><trkpt lat="52.701961" lon="-117.68782"><ele>2317.272</ele><time>2026-07-02T17:13:11Z</time></trkpt><trkpt lat="52.70195" lon="-117.687811"><ele>2317.683</ele><time>2026-07-02T17:13:13Z</time></trkpt><trkpt lat="52.701921" lon="-117.687777"><ele>2318.437</ele><time>2026-07-02T17:13:17Z</time></trkpt><trkpt lat="52.701912" lon="-117.687765"><ele>2318.649</ele><time>2026-07-02T17:13:18Z</time></trkpt><trkpt lat="52.701872" lon="-117.687739"><ele>2319.813</ele><time>2026-07-02T17:13:23Z</time></trkpt><trkpt lat="52.701848" lon="-117.687731"><ele>2320.009</ele><time>2026-07-02T17:13:25Z</time></trkpt><trkpt lat="52.701812" lon="-117.687718"><ele>2318.675</ele><time>2026-07-02T17:13:29Z</time></trkpt><trkpt lat="52.701774" lon="-117.687716"><ele>2320.070</ele><time>2026-07-02T17:13:33Z</time></trkpt><trkpt lat="52.701766" lon="-117.687717"><ele>2320.685</ele><time>2026-07-02T17:13:34Z</time></trkpt><trkpt lat="52.701753" lon="-117.687715"><ele>2321.455</ele><time>2026-07-02T17:13:36Z</time></trkpt><trkpt lat="52.7017" lon="-117.687719"><ele>2321.684</ele><time>2026-07-02T17:13:41Z</time></trkpt><trkpt lat="52.701659" lon="-117.687702"><ele>2321.640</ele><time>2026-07-02T17:13:45Z</time></trkpt><trkpt lat="52.701628" lon="-117.687684"><ele>2322.284</ele><time>2026-07-02T17:13:48Z</time></trkpt><trkpt lat="52.701617" lon="-117.687686"><ele>2322.492</ele><time>2026-07-02T17:13:49Z</time></trkpt><trkpt lat="52.701561" lon="-117.68767"><ele>2322.443</ele><time>2026-07-02T17:13:55Z</time></trkpt><trkpt lat="52.701551" lon="-117.68767"><ele>2322.491</ele><time>2026-07-02T17:13:56Z</time></trkpt><trkpt lat="52.701465" lon="-117.687618"><ele>2322.281</ele><time>2026-07-02T17:14:05Z</time></trkpt><trkpt lat="52.701386" lon="-117.687582"><ele>2322.419</ele><time>2026-07-02T17:14:13Z</time></trkpt><trkpt lat="52.701305" lon="-117.687537"><ele>2322.209</ele><time>2026-07-02T17:14:22Z</time></trkpt><trkpt lat="52.701219" lon="-117.687531"><ele>2322.891</ele><time>2026-07-02T17:14:30Z</time></trkpt><trkpt lat="52.701213" lon="-117.687526"><ele>2322.816</ele><time>2026-07-02T17:14:31Z</time></trkpt><trkpt lat="52.701161" lon="-117.6875"><ele>2322.611</ele><time>2026-07-02T17:14:38Z</time></trkpt><trkpt lat="52.701144" lon="-117.687489"><ele>2322.831</ele><time>2026-07-02T17:14:40Z</time></trkpt><trkpt lat="52.701091" lon="-117.687483"><ele>2323.420</ele><time>2026-07-02T17:14:45Z</time></trkpt><trkpt lat="52.701071" lon="-117.687476"><ele>2323.666</ele><time>2026-07-02T17:14:47Z</time></trkpt><trkpt lat="52.701057" lon="-117.687451"><ele>2324.820</ele><time>2026-07-02T17:14:49Z</time></trkpt><trkpt lat="52.701038" lon="-117.687418"><ele>2325.038</ele><time>2026-07-02T17:14:52Z</time></trkpt><trkpt lat="52.701011" lon="-117.68738"><ele>2325.069</ele><time>2026-07-02T17:14:56Z</time></trkpt><trkpt lat="52.700993" lon="-117.687331"><ele>2324.219</ele><time>2026-07-02T17:14:59Z</time></trkpt><trkpt lat="52.700945" lon="-117.687271"><ele>2324.809</ele><time>2026-07-02T17:15:06Z</time></trkpt><trkpt lat="52.700892" lon="-117.687219"><ele>2326.019</ele><time>2026-07-02T17:15:13Z</time></trkpt><trkpt lat="52.700828" lon="-117.687181"><ele>2326.809</ele><time>2026-07-02T17:15:21Z</time></trkpt><trkpt lat="52.700723" lon="-117.687095"><ele>2325.893</ele><time>2026-07-02T17:15:32Z</time></trkpt><trkpt lat="52.700672" lon="-117.687063"><ele>2327.098</ele><time>2026-07-02T17:15:37Z</time></trkpt><trkpt lat="52.700658" lon="-117.687055"><ele>2327.463</ele><time>2026-07-02T17:15:39Z</time></trkpt><trkpt lat="52.70066" lon="-117.687038"><ele>2327.623</ele><time>2026-07-02T17:15:40Z</time></trkpt><trkpt lat="52.700637" lon="-117.68699"><ele>2327.672</ele><time>2026-07-02T17:15:44Z</time></trkpt><trkpt lat="52.700599" lon="-117.686933"><ele>2327.268</ele><time>2026-07-02T17:15:49Z</time></trkpt><trkpt lat="52.700589" lon="-117.686908"><ele>2327.492</ele><time>2026-07-02T17:15:51Z</time></trkpt><trkpt lat="52.700568" lon="-117.686867"><ele>2328.230</ele><time>2026-07-02T17:15:55Z</time></trkpt><trkpt lat="52.70056" lon="-117.686843"><ele>2329.021</ele><time>2026-07-02T17:15:57Z</time></trkpt><trkpt lat="52.700555" lon="-117.686831"><ele>2329.045</ele><time>2026-07-02T17:15:58Z</time></trkpt><trkpt lat="52.700547" lon="-117.686806"><ele>2329.447</ele><time>2026-07-02T17:16:00Z</time></trkpt><trkpt lat="52.700556" lon="-117.686764"><ele>2330.211</ele><time>2026-07-02T17:16:05Z</time></trkpt><trkpt lat="52.700571" lon="-117.686718"><ele>2330.609</ele><time>2026-07-02T17:16:10Z</time></trkpt><trkpt lat="52.700575" lon="-117.686682"><ele>2331.256</ele><time>2026-07-02T17:16:13Z</time></trkpt><trkpt lat="52.700562" lon="-117.686651"><ele>2331.641</ele><time>2026-07-02T17:16:16Z</time></trkpt><trkpt lat="52.700542" lon="-117.686613"><ele>2332.276</ele><time>2026-07-02T17:16:20Z</time></trkpt><trkpt lat="52.700523" lon="-117.686577"><ele>2332.696</ele><time>2026-07-02T17:16:23Z</time></trkpt><trkpt lat="52.700496" lon="-117.6865"><ele>2332.475</ele><time>2026-07-02T17:16:29Z</time></trkpt><trkpt lat="52.700482" lon="-117.68643"><ele>2332.861</ele><time>2026-07-02T17:16:33Z</time></trkpt><trkpt lat="52.700462" lon="-117.686334"><ele>2333.055</ele><time>2026-07-02T17:16:39Z</time></trkpt><trkpt lat="52.70045" lon="-117.686287"><ele>2333.893</ele><time>2026-07-02T17:16:42Z</time></trkpt><trkpt lat="52.700444" lon="-117.686211"><ele>2334.014</ele><time>2026-07-02T17:16:47Z</time></trkpt><trkpt lat="52.700395" lon="-117.686073"><ele>2334.415</ele><time>2026-07-02T17:16:56Z</time></trkpt><trkpt lat="52.700381" lon="-117.685984"><ele>2334.865</ele><time>2026-07-02T17:17:03Z</time></trkpt><trkpt lat="52.700381" lon="-117.685973"><ele>2335.011</ele><time>2026-07-02T17:17:04Z</time></trkpt><trkpt lat="52.70038" lon="-117.685854"><ele>2335.009</ele><time>2026-07-02T17:17:11Z</time></trkpt><trkpt lat="52.700338" lon="-117.685741"><ele>2335.863</ele><time>2026-07-02T17:17:19Z</time></trkpt><trkpt lat="52.700306" lon="-117.685623"><ele>2335.878</ele><time>2026-07-02T17:17:27Z</time></trkpt><trkpt lat="52.700259" lon="-117.685562"><ele>2336.883</ele><time>2026-07-02T17:17:34Z</time></trkpt><trkpt lat="52.700252" lon="-117.685554"><ele>2336.863</ele><time>2026-07-02T17:17:35Z</time></trkpt><trkpt lat="52.70023" lon="-117.685496"><ele>2338.042</ele><time>2026-07-02T17:17:42Z</time></trkpt><trkpt lat="52.700223" lon="-117.685489"><ele>2338.098</ele><time>2026-07-02T17:17:43Z</time></trkpt><trkpt lat="52.700209" lon="-117.685432"><ele>2338.082</ele><time>2026-07-02T17:17:48Z</time></trkpt><trkpt lat="52.700163" lon="-117.685354"><ele>2338.280</ele><time>2026-07-02T17:17:56Z</time></trkpt><trkpt lat="52.700137" lon="-117.685308"><ele>2339.071</ele><time>2026-07-02T17:18:03Z</time></trkpt><trkpt lat="52.700134" lon="-117.685299"><ele>2339.267</ele><time>2026-07-02T17:18:04Z</time></trkpt><trkpt lat="52.700114" lon="-117.685286"><ele>2340.281</ele><time>2026-07-02T17:18:07Z</time></trkpt><trkpt lat="52.700084" lon="-117.685292"><ele>2340.219</ele><time>2026-07-02T17:18:11Z</time></trkpt><trkpt lat="52.700052" lon="-117.685278"><ele>2341.209</ele><time>2026-07-02T17:18:18Z</time></trkpt><trkpt lat="52.700042" lon="-117.685279"><ele>2341.628</ele><time>2026-07-02T17:18:20Z</time></trkpt><trkpt lat="52.700028" lon="-117.68524"><ele>2342.453</ele><time>2026-07-02T17:18:24Z</time></trkpt><trkpt lat="52.700028" lon="-117.685207"><ele>2342.858</ele><time>2026-07-02T17:18:27Z</time></trkpt><trkpt lat="52.700021" lon="-117.68517"><ele>2343.488</ele><time>2026-07-02T17:18:30Z</time></trkpt><trkpt lat="52.70" lon="-117.685173"><ele>2343.677</ele><time>2026-07-02T17:18:33Z</time></trkpt><trkpt lat="52.699972" lon="-117.685123"><ele>2344.483</ele><time>2026-07-02T17:18:40Z</time></trkpt><trkpt lat="52.699933" lon="-117.685081"><ele>2344.697</ele><time>2026-07-02T17:18:47Z</time></trkpt><trkpt lat="52.699881" lon="-117.685079"><ele>2345.065</ele><time>2026-07-02T17:18:54Z</time></trkpt><trkpt lat="52.699862" lon="-117.685079"><ele>2345.676</ele><time>2026-07-02T17:18:57Z</time></trkpt><trkpt lat="52.699846" lon="-117.685055"><ele>2345.871</ele><time>2026-07-02T17:19:01Z</time></trkpt><trkpt lat="52.699804" lon="-117.685023"><ele>2346.641</ele><time>2026-07-02T17:19:08Z</time></trkpt><trkpt lat="52.699799" lon="-117.68501"><ele>2346.615</ele><time>2026-07-02T17:19:09Z</time></trkpt><trkpt lat="52.69976" lon="-117.684972"><ele>2347.609</ele><time>2026-07-02T17:19:16Z</time></trkpt><trkpt lat="52.69975" lon="-117.68496"><ele>2347.899</ele><time>2026-07-02T17:19:18Z</time></trkpt><trkpt lat="52.699723" lon="-117.684927"><ele>2347.614</ele><time>2026-07-02T17:19:24Z</time></trkpt><trkpt lat="52.699678" lon="-117.684878"><ele>2348.059</ele><time>2026-07-02T17:19:32Z</time></trkpt><trkpt lat="52.699659" lon="-117.684833"><ele>2348.829</ele><time>2026-07-02T17:19:36Z</time></trkpt><trkpt lat="52.699643" lon="-117.68482"><ele>2349.298</ele><time>2026-07-02T17:19:39Z</time></trkpt><trkpt lat="52.69964" lon="-117.684821"><ele>2349.474</ele><time>2026-07-02T17:19:40Z</time></trkpt><trkpt lat="52.699634" lon="-117.684814"><ele>2349.628</ele><time>2026-07-02T17:19:41Z</time></trkpt><trkpt lat="52.69962" lon="-117.684797"><ele>2349.836</ele><time>2026-07-02T17:19:43Z</time></trkpt><trkpt lat="52.699601" lon="-117.684782"><ele>2350.087</ele><time>2026-07-02T17:19:47Z</time></trkpt><trkpt lat="52.699548" lon="-117.684724"><ele>2350.868</ele><time>2026-07-02T17:19:55Z</time></trkpt><trkpt lat="52.699498" lon="-117.684671"><ele>2351.642</ele><time>2026-07-02T17:20:02Z</time></trkpt><trkpt lat="52.699483" lon="-117.68465"><ele>2352.026</ele><time>2026-07-02T17:20:05Z</time></trkpt><trkpt lat="52.699459" lon="-117.684623"><ele>2352.209</ele><time>2026-07-02T17:20:10Z</time></trkpt><trkpt lat="52.69941" lon="-117.684581"><ele>2353.058</ele><time>2026-07-02T17:20:19Z</time></trkpt><trkpt lat="52.699389" lon="-117.684547"><ele>2354.043</ele><time>2026-07-02T17:20:26Z</time></trkpt><trkpt lat="52.699377" lon="-117.684526"><ele>2354.248</ele><time>2026-07-02T17:20:29Z</time></trkpt><trkpt lat="52.69935" lon="-117.684497"><ele>2355.048</ele><time>2026-07-02T17:20:34Z</time></trkpt><trkpt lat="52.69931" lon="-117.68447"><ele>2355.097</ele><time>2026-07-02T17:20:38Z</time></trkpt><trkpt lat="52.699267" lon="-117.684437"><ele>2354.833</ele><time>2026-07-02T17:20:44Z</time></trkpt><trkpt lat="52.699211" lon="-117.684368"><ele>2355.247</ele><time>2026-07-02T17:20:53Z</time></trkpt><trkpt lat="52.699134" lon="-117.684325"><ele>2355.285</ele><time>2026-07-02T17:21:01Z</time></trkpt><trkpt lat="52.699054" lon="-117.684259"><ele>2354.886</ele><time>2026-07-02T17:21:09Z</time></trkpt><trkpt lat="52.699006" lon="-117.68422"><ele>2355.067</ele><time>2026-07-02T17:21:14Z</time></trkpt><trkpt lat="52.698966" lon="-117.684184"><ele>2355.281</ele><time>2026-07-02T17:21:18Z</time></trkpt><trkpt lat="52.698893" lon="-117.684113"><ele>2355.619</ele><time>2026-07-02T17:21:26Z</time></trkpt><trkpt lat="52.698882" lon="-117.684068"><ele>2356.009</ele><time>2026-07-02T17:21:29Z</time></trkpt><trkpt lat="52.698848" lon="-117.684041"><ele>2356.618</ele><time>2026-07-02T17:21:33Z</time></trkpt><trkpt lat="52.698807" lon="-117.684063"><ele>2357.293</ele><time>2026-07-02T17:21:37Z</time></trkpt><trkpt lat="52.698784" lon="-117.684073"><ele>2358.038</ele><time>2026-07-02T17:21:40Z</time></trkpt><trkpt lat="52.69876" lon="-117.684089"><ele>2358.268</ele><time>2026-07-02T17:21:43Z</time></trkpt><trkpt lat="52.698709" lon="-117.684099"><ele>2358.677</ele><time>2026-07-02T17:21:49Z</time></trkpt><trkpt lat="52.698675" lon="-117.684083"><ele>2359.473</ele><time>2026-07-02T17:21:53Z</time></trkpt><trkpt lat="52.698651" lon="-117.684064"><ele>2360.267</ele><time>2026-07-02T17:21:56Z</time></trkpt><trkpt lat="52.698577" lon="-117.684077"><ele>2360.495</ele><time>2026-07-02T17:22:03Z</time></trkpt><trkpt lat="52.698566" lon="-117.684083"><ele>2360.686</ele><time>2026-07-02T17:22:04Z</time></trkpt><trkpt lat="52.698499" lon="-117.68406"><ele>2361.436</ele><time>2026-07-02T17:22:11Z</time></trkpt><trkpt lat="52.698486" lon="-117.684059"><ele>2361.417</ele><time>2026-07-02T17:22:12Z</time></trkpt><trkpt lat="52.698412" lon="-117.684048"><ele>2361.818</ele><time>2026-07-02T17:22:20Z</time></trkpt><trkpt lat="52.698402" lon="-117.68405"><ele>2362.009</ele><time>2026-07-02T17:22:21Z</time></trkpt><trkpt lat="52.698342" lon="-117.684075"><ele>2362.855</ele><time>2026-07-02T17:22:28Z</time></trkpt><trkpt lat="52.698286" lon="-117.684093"><ele>2363.440</ele><time>2026-07-02T17:22:34Z</time></trkpt><trkpt lat="52.69826" lon="-117.684076"><ele>2363.625</ele><time>2026-07-02T17:22:37Z</time></trkpt><trkpt lat="52.698245" lon="-117.684063"><ele>2364.045</ele><time>2026-07-02T17:22:39Z</time></trkpt><trkpt lat="52.698238" lon="-117.684057"><ele>2364.244</ele><time>2026-07-02T17:22:40Z</time></trkpt><trkpt lat="52.698218" lon="-117.684034"><ele>2365.010</ele><time>2026-07-02T17:22:43Z</time></trkpt><trkpt lat="52.698186" lon="-117.684016"><ele>2365.854</ele><time>2026-07-02T17:22:46Z</time></trkpt><trkpt lat="52.698176" lon="-117.684016"><ele>2366.032</ele><time>2026-07-02T17:22:47Z</time></trkpt><trkpt lat="52.698131" lon="-117.684025"><ele>2367.283</ele><time>2026-07-02T17:22:52Z</time></trkpt><trkpt lat="52.698124" lon="-117.684022"><ele>2367.622</ele><time>2026-07-02T17:22:53Z</time></trkpt><trkpt lat="52.698117" lon="-117.684013"><ele>2367.862</ele><time>2026-07-02T17:22:54Z</time></trkpt><trkpt lat="52.69808" lon="-117.683983"><ele>2368.208</ele><time>2026-07-02T17:22:59Z</time></trkpt><trkpt lat="52.698071" lon="-117.683979"><ele>2368.209</ele><time>2026-07-02T17:23:00Z</time></trkpt><trkpt lat="52.698067" lon="-117.683972"><ele>2368.494</ele><time>2026-07-02T17:23:01Z</time></trkpt><trkpt lat="52.698051" lon="-117.683955"><ele>2368.889</ele><time>2026-07-02T17:23:04Z</time></trkpt><trkpt lat="52.698044" lon="-117.683956"><ele>2368.874</ele><time>2026-07-02T17:23:05Z</time></trkpt><trkpt lat="52.698029" lon="-117.683954"><ele>2369.074</ele><time>2026-07-02T17:23:07Z</time></trkpt><trkpt lat="52.698009" lon="-117.683953"><ele>2369.663</ele><time>2026-07-02T17:23:11Z</time></trkpt><trkpt lat="52.697988" lon="-117.68395"><ele>2370.269</ele><time>2026-07-02T17:23:15Z</time></trkpt><trkpt lat="52.697964" lon="-117.683946"><ele>2370.613</ele><time>2026-07-02T17:23:19Z</time></trkpt><trkpt lat="52.697943" lon="-117.68394"><ele>2371.051</ele><time>2026-07-02T17:23:22Z</time></trkpt><trkpt lat="52.697927" lon="-117.683945"><ele>2371.612</ele><time>2026-07-02T17:23:25Z</time></trkpt><trkpt lat="52.697897" lon="-117.683954"><ele>2372.249</ele><time>2026-07-02T17:23:29Z</time></trkpt><trkpt lat="52.697888" lon="-117.683962"><ele>2372.202</ele><time>2026-07-02T17:23:35Z</time></trkpt><trkpt lat="52.697868" lon="-117.68396"><ele>2372.822</ele><time>2026-07-02T17:23:38Z</time></trkpt><trkpt lat="52.697863" lon="-117.683968"><ele>2373.009</ele><time>2026-07-02T17:23:40Z</time></trkpt><trkpt lat="52.697851" lon="-117.683938"><ele>2372.616</ele><time>2026-07-02T17:23:45Z</time></trkpt><trkpt lat="52.697844" lon="-117.683923"><ele>2373.891</ele><time>2026-07-02T17:23:51Z</time></trkpt><trkpt lat="52.697829" lon="-117.683901"><ele>2373.826</ele><time>2026-07-02T17:23:57Z</time></trkpt><trkpt lat="52.697818" lon="-117.683894"><ele>2374.076</ele><time>2026-07-02T17:23:58Z</time></trkpt><trkpt lat="52.697775" lon="-117.683901"><ele>2374.875</ele><time>2026-07-02T17:24:04Z</time></trkpt><trkpt lat="52.697714" lon="-117.683908"><ele>2376.021</ele><time>2026-07-02T17:24:11Z</time></trkpt><trkpt lat="52.697703" lon="-117.683916"><ele>2376.245</ele><time>2026-07-02T17:24:12Z</time></trkpt><trkpt lat="52.697675" lon="-117.683953"><ele>2377.243</ele><time>2026-07-02T17:24:16Z</time></trkpt><trkpt lat="52.697666" lon="-117.683957"><ele>2377.684</ele><time>2026-07-02T17:24:18Z</time></trkpt><trkpt lat="52.697656" lon="-117.683969"><ele>2378.298</ele><time>2026-07-02T17:24:20Z</time></trkpt><trkpt lat="52.697615" lon="-117.683976"><ele>2378.815</ele><time>2026-07-02T17:24:25Z</time></trkpt><trkpt lat="52.697597" lon="-117.683962"><ele>2379.426</ele><time>2026-07-02T17:24:29Z</time></trkpt><trkpt lat="52.697578" lon="-117.683944"><ele>2380.009</ele><time>2026-07-02T17:24:32Z</time></trkpt><trkpt lat="52.697567" lon="-117.68392"><ele>2380.661</ele><time>2026-07-02T17:24:35Z</time></trkpt><trkpt lat="52.697544" lon="-117.683894"><ele>2381.236</ele><time>2026-07-02T17:24:39Z</time></trkpt><trkpt lat="52.697528" lon="-117.683868"><ele>2381.621</ele><time>2026-07-02T17:24:42Z</time></trkpt><trkpt lat="52.697496" lon="-117.683834"><ele>2381.891</ele><time>2026-07-02T17:24:47Z</time></trkpt><trkpt lat="52.697457" lon="-117.683849"><ele>2382.690</ele><time>2026-07-02T17:24:52Z</time></trkpt><trkpt lat="52.697449" lon="-117.683851"><ele>2383.046</ele><time>2026-07-02T17:24:53Z</time></trkpt><trkpt lat="52.697383" lon="-117.683864"><ele>2383.450</ele><time>2026-07-02T17:25:01Z</time></trkpt><trkpt lat="52.697377" lon="-117.683877"><ele>2383.418</ele><time>2026-07-02T17:25:02Z</time></trkpt><trkpt lat="52.697365" lon="-117.683885"><ele>2383.289</ele><time>2026-07-02T17:25:04Z</time></trkpt><trkpt lat="52.697355" lon="-117.683875"><ele>2383.016</ele><time>2026-07-02T17:25:05Z</time></trkpt><trkpt lat="52.697348" lon="-117.68387"><ele>2383.076</ele><time>2026-07-02T17:25:06Z</time></trkpt><trkpt lat="52.697304" lon="-117.683892"><ele>2383.813</ele><time>2026-07-02T17:25:10Z</time></trkpt><trkpt lat="52.697273" lon="-117.683896"><ele>2384.209</ele><time>2026-07-02T17:25:13Z</time></trkpt><trkpt lat="52.697224" lon="-117.683898"><ele>2384.873</ele><time>2026-07-02T17:25:18Z</time></trkpt><trkpt lat="52.697189" lon="-117.683883"><ele>2385.088</ele><time>2026-07-02T17:25:21Z</time></trkpt><trkpt lat="52.697126" lon="-117.683903"><ele>2385.253</ele><time>2026-07-02T17:25:28Z</time></trkpt><trkpt lat="52.697119" lon="-117.683895"><ele>2385.663</ele><time>2026-07-02T17:25:29Z</time></trkpt><trkpt lat="52.697102" lon="-117.683897"><ele>2386.082</ele><time>2026-07-02T17:25:31Z</time></trkpt><trkpt lat="52.697082" lon="-117.683892"><ele>2386.468</ele><time>2026-07-02T17:25:33Z</time></trkpt><trkpt lat="52.697062" lon="-117.683893"><ele>2386.472</ele><time>2026-07-02T17:25:35Z</time></trkpt><trkpt lat="52.697025" lon="-117.68389"><ele>2387.290</ele><time>2026-07-02T17:25:39Z</time></trkpt><trkpt lat="52.697018" lon="-117.683888"><ele>2387.691</ele><time>2026-07-02T17:25:40Z</time></trkpt><trkpt lat="52.697003" lon="-117.68389"><ele>2388.246</ele><time>2026-07-02T17:25:42Z</time></trkpt><trkpt lat="52.696957" lon="-117.683918"><ele>2389.288</ele><time>2026-07-02T17:25:47Z</time></trkpt><trkpt lat="52.69694" lon="-117.683918"><ele>2389.616</ele><time>2026-07-02T17:25:49Z</time></trkpt><trkpt lat="52.696939" lon="-117.683908"><ele>2389.809</ele><time>2026-07-02T17:25:50Z</time></trkpt><trkpt lat="52.696925" lon="-117.683855"><ele>2390.236</ele><time>2026-07-02T17:25:55Z</time></trkpt><trkpt lat="52.696917" lon="-117.683852"><ele>2390.641</ele><time>2026-07-02T17:25:56Z</time></trkpt><trkpt lat="52.696859" lon="-117.683874"><ele>2391.486</ele><time>2026-07-02T17:26:02Z</time></trkpt><trkpt lat="52.696854" lon="-117.683874"><ele>2391.666</ele><time>2026-07-02T17:26:03Z</time></trkpt><trkpt lat="52.696844" lon="-117.683868"><ele>2393.215</ele><time>2026-07-02T17:26:05Z</time></trkpt><trkpt lat="52.696831" lon="-117.683822"><ele>2394.211</ele><time>2026-07-02T17:26:08Z</time></trkpt><trkpt lat="52.696821" lon="-117.683815"><ele>2394.295</ele><time>2026-07-02T17:26:09Z</time></trkpt><trkpt lat="52.696807" lon="-117.683816"><ele>2394.083</ele><time>2026-07-02T17:26:10Z</time></trkpt><trkpt lat="52.696781" lon="-117.683822"><ele>2393.264</ele><time>2026-07-02T17:26:13Z</time></trkpt><trkpt lat="52.696774" lon="-117.683816"><ele>2393.253</ele><time>2026-07-02T17:26:14Z</time></trkpt><trkpt lat="52.69675" lon="-117.683798"><ele>2392.404</ele><time>2026-07-02T17:26:19Z</time></trkpt><trkpt lat="52.696747" lon="-117.683786"><ele>2391.814</ele><time>2026-07-02T17:26:20Z</time></trkpt><trkpt lat="52.696739" lon="-117.683778"><ele>2391.209</ele><time>2026-07-02T17:26:21Z</time></trkpt><trkpt lat="52.696733" lon="-117.683766"><ele>2390.667</ele><time>2026-07-02T17:26:22Z</time></trkpt><trkpt lat="52.696712" lon="-117.683741"><ele>2389.642</ele><time>2026-07-02T17:26:24Z</time></trkpt><trkpt lat="52.696674" lon="-117.683718"><ele>2388.677</ele><time>2026-07-02T17:26:27Z</time></trkpt><trkpt lat="52.696604" lon="-117.683702"><ele>2387.217</ele><time>2026-07-02T17:26:32Z</time></trkpt><trkpt lat="52.696515" lon="-117.683703"><ele>2386.836</ele><time>2026-07-02T17:26:40Z</time></trkpt><trkpt lat="52.69643" lon="-117.683663"><ele>2386.642</ele><time>2026-07-02T17:26:47Z</time></trkpt><trkpt lat="52.696408" lon="-117.683663"><ele>2387.096</ele><time>2026-07-02T17:26:49Z</time></trkpt><trkpt lat="52.696374" lon="-117.68365"><ele>2388.424</ele><time>2026-07-02T17:26:53Z</time></trkpt><trkpt lat="52.696356" lon="-117.683642"><ele>2388.865</ele><time>2026-07-02T17:26:55Z</time></trkpt><trkpt lat="52.696333" lon="-117.683632"><ele>2389.244</ele><time>2026-07-02T17:26:57Z</time></trkpt><trkpt lat="52.696319" lon="-117.683627"><ele>2389.405</ele><time>2026-07-02T17:26:59Z</time></trkpt><trkpt lat="52.696296" lon="-117.683624"><ele>2389.815</ele><time>2026-07-02T17:27:04Z</time></trkpt><trkpt lat="52.69629" lon="-117.683609"><ele>2390.609</ele><time>2026-07-02T17:27:06Z</time></trkpt><trkpt lat="52.696265" lon="-117.683584"><ele>2392.016</ele><time>2026-07-02T17:27:09Z</time></trkpt><trkpt lat="52.696255" lon="-117.683581"><ele>2392.471</ele><time>2026-07-02T17:27:10Z</time></trkpt><trkpt lat="52.696241" lon="-117.683573"><ele>2393.066</ele><time>2026-07-02T17:27:12Z</time></trkpt><trkpt lat="52.696221" lon="-117.683522"><ele>2394.096</ele><time>2026-07-02T17:27:17Z</time></trkpt><trkpt lat="52.696216" lon="-117.683511"><ele>2394.265</ele><time>2026-07-02T17:27:18Z</time></trkpt><trkpt lat="52.696166" lon="-117.683452"><ele>2395.011</ele><time>2026-07-02T17:27:25Z</time></trkpt><trkpt lat="52.696157" lon="-117.683444"><ele>2395.265</ele><time>2026-07-02T17:27:26Z</time></trkpt><trkpt lat="52.696095" lon="-117.683444"><ele>2395.073</ele><time>2026-07-02T17:27:33Z</time></trkpt><trkpt lat="52.696085" lon="-117.683445"><ele>2396.254</ele><time>2026-07-02T17:27:39Z</time></trkpt><trkpt lat="52.696084" lon="-117.68345"><ele>2396.229</ele><time>2026-07-02T17:27:40Z</time></trkpt><trkpt lat="52.69608" lon="-117.683471"><ele>2396.400</ele><time>2026-07-02T17:27:46Z</time></trkpt><trkpt lat="52.696082" lon="-117.683475"><ele>2397.020</ele><time>2026-07-02T17:27:52Z</time></trkpt><trkpt lat="52.696086" lon="-117.683473"><ele>2396.609</ele><time>2026-07-02T17:27:58Z</time></trkpt><trkpt lat="52.696088" lon="-117.683474"><ele>2396.234</ele><time>2026-07-02T17:28:07Z</time></trkpt><trkpt lat="52.696089" lon="-117.683471"><ele>2396.229</ele><time>2026-07-02T17:28:10Z</time></trkpt><trkpt lat="52.696088" lon="-117.683465"><ele>2396.254</ele><time>2026-07-02T17:28:20Z</time></trkpt><trkpt lat="52.696091" lon="-117.683465"><ele>2396.464</ele><time>2026-07-02T17:28:29Z</time></trkpt><trkpt lat="52.696098" lon="-117.683458"><ele>2396.493</ele><time>2026-07-02T17:28:39Z</time></trkpt><trkpt lat="52.696099" lon="-117.683464"><ele>2396.629</ele><time>2026-07-02T17:28:47Z</time></trkpt><trkpt lat="52.696099" lon="-117.683464"><ele>2396.843</ele><time>2026-07-02T17:28:50Z</time></trkpt><trkpt lat="52.696102" lon="-117.683468"><ele>2396.611</ele><time>2026-07-02T17:28:56Z</time></trkpt><trkpt lat="52.696101" lon="-117.683469"><ele>2397.492</ele><time>2026-07-02T17:28:58Z</time></trkpt><trkpt lat="52.696094" lon="-117.683492"><ele>2397.845</ele><time>2026-07-02T17:29:03Z</time></trkpt><trkpt lat="52.696079" lon="-117.68353"><ele>2398.047</ele><time>2026-07-02T17:29:11Z</time></trkpt><trkpt lat="52.696061" lon="-117.683547"><ele>2398.411</ele><time>2026-07-02T17:29:14Z</time></trkpt><trkpt lat="52.696048" lon="-117.683562"><ele>2398.409</ele><time>2026-07-02T17:29:17Z</time></trkpt><trkpt lat="52.696035" lon="-117.683556"><ele>2399.646</ele><time>2026-07-02T17:29:20Z</time></trkpt><trkpt lat="52.696009" lon="-117.683538"><ele>2400.431</ele><time>2026-07-02T17:29:23Z</time></trkpt><trkpt lat="52.69599" lon="-117.683537"><ele>2400.416</ele><time>2026-07-02T17:29:24Z</time></trkpt><trkpt lat="52.695973" lon="-117.683531"><ele>2401.066</ele><time>2026-07-02T17:29:28Z</time></trkpt><trkpt lat="52.69597" lon="-117.683528"><ele>2402.045</ele><time>2026-07-02T17:29:31Z</time></trkpt><trkpt lat="52.695972" lon="-117.683527"><ele>2402.041</ele><time>2026-07-02T17:29:36Z</time></trkpt><trkpt lat="52.695973" lon="-117.683531"><ele>2402.075</ele><time>2026-07-02T17:29:42Z</time></trkpt><trkpt lat="52.695975" lon="-117.683528"><ele>2403.263</ele><time>2026-07-02T17:29:47Z</time></trkpt><trkpt lat="52.695971" lon="-117.683544"><ele>2402.674</ele><time>2026-07-02T17:29:49Z</time></trkpt><trkpt lat="52.695971" lon="-117.683538"><ele>2401.851</ele><time>2026-07-02T17:29:52Z</time></trkpt><trkpt lat="52.69598" lon="-117.683538"><ele>2401.201</ele><time>2026-07-02T17:29:56Z</time></trkpt><trkpt lat="52.69601" lon="-117.68354"><ele>2402.411</ele><time>2026-07-02T17:30:03Z</time></trkpt><trkpt lat="52.696042" lon="-117.683523"><ele>2401.409</ele><time>2026-07-02T17:30:09Z</time></trkpt><trkpt lat="52.696075" lon="-117.683497"><ele>2400.867</ele><time>2026-07-02T17:30:13Z</time></trkpt><trkpt lat="52.696079" lon="-117.683492"><ele>2400.652</ele><time>2026-07-02T17:30:14Z</time></trkpt><trkpt lat="52.6961" lon="-117.683478"><ele>2399.847</ele><time>2026-07-02T17:30:18Z</time></trkpt><trkpt lat="52.696099" lon="-117.683473"><ele>2399.457</ele><time>2026-07-02T17:30:19Z</time></trkpt><trkpt lat="52.696099" lon="-117.683471"><ele>2398.856</ele><time>2026-07-02T17:30:21Z</time></trkpt><trkpt lat="52.6961" lon="-117.683475"><ele>2398.472</ele><time>2026-07-02T17:30:24Z</time></trkpt><trkpt lat="52.6961" lon="-117.683471"><ele>2398.616</ele><time>2026-07-02T17:30:25Z</time></trkpt><trkpt lat="52.696098" lon="-117.683474"><ele>2398.814</ele><time>2026-07-02T17:30:27Z</time></trkpt><trkpt lat="52.696086" lon="-117.683478"><ele>2399.045</ele><time>2026-07-02T17:30:30Z</time></trkpt><trkpt lat="52.696085" lon="-117.68348"><ele>2398.878</ele><time>2026-07-02T17:30:38Z</time></trkpt><trkpt lat="52.696092" lon="-117.68348"><ele>2399.033</ele><time>2026-07-02T17:30:47Z</time></trkpt><trkpt lat="52.696088" lon="-117.683484"><ele>2398.826</ele><time>2026-07-02T17:30:55Z</time></trkpt><trkpt lat="52.696085" lon="-117.68347"><ele>2398.809</ele><time>2026-07-02T17:31:02Z</time></trkpt><trkpt lat="52.696077" lon="-117.683454"><ele>2398.499</ele><time>2026-07-02T17:31:04Z</time></trkpt><trkpt lat="52.696073" lon="-117.68345"><ele>2397.814</ele><time>2026-07-02T17:31:08Z</time></trkpt><trkpt lat="52.696073" lon="-117.68345"><ele>2397.649</ele><time>2026-07-02T17:31:19Z</time></trkpt><trkpt lat="52.696073" lon="-117.68345"><ele>2397.659</ele><time>2026-07-02T17:31:33Z</time></trkpt><trkpt lat="52.696073" lon="-117.68345"><ele>2397.658</ele><time>2026-07-02T17:31:50Z</time></trkpt><trkpt lat="52.696073" lon="-117.68345"><ele>2397.874</ele><time>2026-07-02T17:32:02Z</time></trkpt><trkpt lat="52.696073" lon="-117.68345"><ele>2397.668</ele><time>2026-07-02T17:32:03Z</time></trkpt><trkpt lat="52.696074" lon="-117.68344"><ele>2397.656</ele><time>2026-07-02T17:32:11Z</time></trkpt><trkpt lat="52.69611" lon="-117.683435"><ele>2397.467</ele><time>2026-07-02T17:32:16Z</time></trkpt><trkpt lat="52.696119" lon="-117.683443"><ele>2397.278</ele><time>2026-07-02T17:32:17Z</time></trkpt><trkpt lat="52.696142" lon="-117.683459"><ele>2396.833</ele><time>2026-07-02T17:32:20Z</time></trkpt><trkpt lat="52.696159" lon="-117.683489"><ele>2397.026</ele><time>2026-07-02T17:32:24Z</time></trkpt><trkpt lat="52.696206" lon="-117.683533"><ele>2396.209</ele><time>2026-07-02T17:32:31Z</time></trkpt><trkpt lat="52.696209" lon="-117.683538"><ele>2396.099</ele><time>2026-07-02T17:32:32Z</time></trkpt><trkpt lat="52.696234" lon="-117.6836"><ele>2395.084</ele><time>2026-07-02T17:32:40Z</time></trkpt><trkpt lat="52.696238" lon="-117.683603"><ele>2395.089</ele><time>2026-07-02T17:32:46Z</time></trkpt><trkpt lat="52.696282" lon="-117.683605"><ele>2394.449</ele><time>2026-07-02T17:32:54Z</time></trkpt><trkpt lat="52.696282" lon="-117.683613"><ele>2394.068</ele><time>2026-07-02T17:32:55Z</time></trkpt><trkpt lat="52.696277" lon="-117.683613"><ele>2392.644</ele><time>2026-07-02T17:32:58Z</time></trkpt><trkpt lat="52.696277" lon="-117.683613"><ele>2392.848</ele><time>2026-07-02T17:33:03Z</time></trkpt><trkpt lat="52.696276" lon="-117.683613"><ele>2393.696</ele><time>2026-07-02T17:33:06Z</time></trkpt><trkpt lat="52.696315" lon="-117.68364"><ele>2393.437</ele><time>2026-07-02T17:33:09Z</time></trkpt><trkpt lat="52.696337" lon="-117.683642"><ele>2392.414</ele><time>2026-07-02T17:33:10Z</time></trkpt><trkpt lat="52.69636" lon="-117.683643"><ele>2391.054</ele><time>2026-07-02T17:33:11Z</time></trkpt><trkpt lat="52.696406" lon="-117.683663"><ele>2390.209</ele><time>2026-07-02T17:33:14Z</time></trkpt><trkpt lat="52.696419" lon="-117.683667"><ele>2390.209</ele><time>2026-07-02T17:33:15Z</time></trkpt><trkpt lat="52.696448" lon="-117.683685"><ele>2390.093</ele><time>2026-07-02T17:33:17Z</time></trkpt><trkpt lat="52.696525" lon="-117.683718"><ele>2390.018</ele><time>2026-07-02T17:33:23Z</time></trkpt><trkpt lat="52.696624" lon="-117.683738"><ele>2389.873</ele><time>2026-07-02T17:33:30Z</time></trkpt><trkpt lat="52.696668" lon="-117.68374"><ele>2390.083</ele><time>2026-07-02T17:33:33Z</time></trkpt><trkpt lat="52.696729" lon="-117.6838"><ele>2390.492</ele><time>2026-07-02T17:33:40Z</time></trkpt><trkpt lat="52.696738" lon="-117.683811"><ele>2391.018</ele><time>2026-07-02T17:33:42Z</time></trkpt><trkpt lat="52.696756" lon="-117.683825"><ele>2392.212</ele><time>2026-07-02T17:33:45Z</time></trkpt><trkpt lat="52.696764" lon="-117.683819"><ele>2392.430</ele><time>2026-07-02T17:33:46Z</time></trkpt><trkpt lat="52.69677" lon="-117.683814"><ele>2392.611</ele><time>2026-07-02T17:33:47Z</time></trkpt><trkpt lat="52.696815" lon="-117.683814"><ele>2393.277</ele><time>2026-07-02T17:33:52Z</time></trkpt><trkpt lat="52.696854" lon="-117.683789"><ele>2393.861</ele><time>2026-07-02T17:33:56Z</time></trkpt><trkpt lat="52.696881" lon="-117.683788"><ele>2394.227</ele><time>2026-07-02T17:33:59Z</time></trkpt><trkpt lat="52.696915" lon="-117.683806"><ele>2394.409</ele><time>2026-07-02T17:34:03Z</time></trkpt><trkpt lat="52.696921" lon="-117.683832"><ele>2394.289</ele><time>2026-07-02T17:34:05Z</time></trkpt><trkpt lat="52.696921" lon="-117.683882"><ele>2394.274</ele><time>2026-07-02T17:34:08Z</time></trkpt><trkpt lat="52.696939" lon="-117.683928"><ele>2393.689</ele><time>2026-07-02T17:34:11Z</time></trkpt><trkpt lat="52.696964" lon="-117.683926"><ele>2393.089</ele><time>2026-07-02T17:34:13Z</time></trkpt><trkpt lat="52.697005" lon="-117.683897"><ele>2392.678</ele><time>2026-07-02T17:34:19Z</time></trkpt><trkpt lat="52.697045" lon="-117.683909"><ele>2392.044</ele><time>2026-07-02T17:34:25Z</time></trkpt><trkpt lat="52.697063" lon="-117.683908"><ele>2391.628</ele><time>2026-07-02T17:34:27Z</time></trkpt><trkpt lat="52.697094" lon="-117.683895"><ele>2390.846</ele><time>2026-07-02T17:34:31Z</time></trkpt><trkpt lat="52.6971" lon="-117.683891"><ele>2390.257</ele><time>2026-07-02T17:34:35Z</time></trkpt><trkpt lat="52.697132" lon="-117.683915"><ele>2389.853</ele><time>2026-07-02T17:34:42Z</time></trkpt><trkpt lat="52.697142" lon="-117.683907"><ele>2389.604</ele><time>2026-07-02T17:34:43Z</time></trkpt><trkpt lat="52.697188" lon="-117.683891"><ele>2388.814</ele><time>2026-07-02T17:34:48Z</time></trkpt><trkpt lat="52.697236" lon="-117.683906"><ele>2388.609</ele><time>2026-07-02T17:34:52Z</time></trkpt><trkpt lat="52.697251" lon="-117.683894"><ele>2388.437</ele><time>2026-07-02T17:34:57Z</time></trkpt><trkpt lat="52.697255" lon="-117.683892"><ele>2388.442</ele><time>2026-07-02T17:34:59Z</time></trkpt><trkpt lat="52.697273" lon="-117.683899"><ele>2388.287</ele><time>2026-07-02T17:35:04Z</time></trkpt><trkpt lat="52.697274" lon="-117.683897"><ele>2388.037</ele><time>2026-07-02T17:35:06Z</time></trkpt><trkpt lat="52.697274" lon="-117.683897"><ele>2388.256</ele><time>2026-07-02T17:35:14Z</time></trkpt><trkpt lat="52.697274" lon="-117.683897"><ele>2388.052</ele><time>2026-07-02T17:35:23Z</time></trkpt><trkpt lat="52.697289" lon="-117.683895"><ele>2387.866</ele><time>2026-07-02T17:35:30Z</time></trkpt><trkpt lat="52.697342" lon="-117.683884"><ele>2386.814</ele><time>2026-07-02T17:35:38Z</time></trkpt><trkpt lat="52.69739" lon="-117.683854"><ele>2387.045</ele><time>2026-07-02T17:35:44Z</time></trkpt><trkpt lat="52.697438" lon="-117.683846"><ele>2387.275</ele><time>2026-07-02T17:35:50Z</time></trkpt><trkpt lat="52.697467" lon="-117.683801"><ele>2386.828</ele><time>2026-07-02T17:35:55Z</time></trkpt><trkpt lat="52.697465" lon="-117.68379"><ele>2386.620</ele><time>2026-07-02T17:35:56Z</time></trkpt><trkpt lat="52.697489" lon="-117.683729"><ele>2386.209</ele><time>2026-07-02T17:36:03Z</time></trkpt><trkpt lat="52.697509" lon="-117.683722"><ele>2385.689</ele><time>2026-07-02T17:36:09Z</time></trkpt><trkpt lat="52.697509" lon="-117.683722"><ele>2385.644</ele><time>2026-07-02T17:36:11Z</time></trkpt><trkpt lat="52.697509" lon="-117.683722"><ele>2385.699</ele><time>2026-07-02T17:36:18Z</time></trkpt><trkpt lat="52.697509" lon="-117.683722"><ele>2385.479</ele><time>2026-07-02T17:36:27Z</time></trkpt><trkpt lat="52.697522" lon="-117.683702"><ele>2385.878</ele><time>2026-07-02T17:36:37Z</time></trkpt><trkpt lat="52.697596" lon="-117.683679"><ele>2385.014</ele><time>2026-07-02T17:36:46Z</time></trkpt><trkpt lat="52.697633" lon="-117.683709"><ele>2384.628</ele><time>2026-07-02T17:36:51Z</time></trkpt><trkpt lat="52.697647" lon="-117.683715"><ele>2384.446</ele><time>2026-07-02T17:36:53Z</time></trkpt><trkpt lat="52.697687" lon="-117.683738"><ele>2383.467</ele><time>2026-07-02T17:36:58Z</time></trkpt><trkpt lat="52.697709" lon="-117.683767"><ele>2383.093</ele><time>2026-07-02T17:37:01Z</time></trkpt><trkpt lat="52.697736" lon="-117.68382"><ele>2382.265</ele><time>2026-07-02T17:37:06Z</time></trkpt><trkpt lat="52.697755" lon="-117.683824"><ele>2381.621</ele><time>2026-07-02T17:37:08Z</time></trkpt><trkpt lat="52.69777" lon="-117.683824"><ele>2381.009</ele><time>2026-07-02T17:37:10Z</time></trkpt><trkpt lat="52.697803" lon="-117.68379"><ele>2380.631</ele><time>2026-07-02T17:37:14Z</time></trkpt><trkpt lat="52.697825" lon="-117.683787"><ele>2380.456</ele><time>2026-07-02T17:37:18Z</time></trkpt><trkpt lat="52.697831" lon="-117.683799"><ele>2380.291</ele><time>2026-07-02T17:37:20Z</time></trkpt><trkpt lat="52.697838" lon="-117.683809"><ele>2380.041</ele><time>2026-07-02T17:37:21Z</time></trkpt><trkpt lat="52.697872" lon="-117.683838"><ele>2379.690</ele><time>2026-07-02T17:37:27Z</time></trkpt><trkpt lat="52.697894" lon="-117.683839"><ele>2379.036</ele><time>2026-07-02T17:37:33Z</time></trkpt><trkpt lat="52.69793" lon="-117.68385"><ele>2377.830</ele><time>2026-07-02T17:37:38Z</time></trkpt><trkpt lat="52.697936" lon="-117.683861"><ele>2377.428</ele><time>2026-07-02T17:37:39Z</time></trkpt><trkpt lat="52.697945" lon="-117.683887"><ele>2376.649</ele><time>2026-07-02T17:37:43Z</time></trkpt><trkpt lat="52.697963" lon="-117.683905"><ele>2376.249</ele><time>2026-07-02T17:37:46Z</time></trkpt><trkpt lat="52.697985" lon="-117.683925"><ele>2375.602</ele><time>2026-07-02T17:37:50Z</time></trkpt><trkpt lat="52.697996" lon="-117.683947"><ele>2375.022</ele><time>2026-07-02T17:37:54Z</time></trkpt><trkpt lat="52.698006" lon="-117.683957"><ele>2374.409</ele><time>2026-07-02T17:37:56Z</time></trkpt><trkpt lat="52.698025" lon="-117.683963"><ele>2373.276</ele><time>2026-07-02T17:37:59Z</time></trkpt><trkpt lat="52.698032" lon="-117.683964"><ele>2372.841</ele><time>2026-07-02T17:38:00Z</time></trkpt><trkpt lat="52.698044" lon="-117.683971"><ele>2372.046</ele><time>2026-07-02T17:38:03Z</time></trkpt><trkpt lat="52.698058" lon="-117.684012"><ele>2371.026</ele><time>2026-07-02T17:38:08Z</time></trkpt><trkpt lat="52.698065" lon="-117.684012"><ele>2371.045</ele><time>2026-07-02T17:38:09Z</time></trkpt><trkpt lat="52.698101" lon="-117.683998"><ele>2370.211</ele><time>2026-07-02T17:38:14Z</time></trkpt><trkpt lat="52.69811" lon="-117.683995"><ele>2370.095</ele><time>2026-07-02T17:38:15Z</time></trkpt><trkpt lat="52.698153" lon="-117.684005"><ele>2369.053</ele><time>2026-07-02T17:38:21Z</time></trkpt><trkpt lat="52.698206" lon="-117.684002"><ele>2367.844</ele><time>2026-07-02T17:38:26Z</time></trkpt><trkpt lat="52.698215" lon="-117.684"><ele>2367.676</ele><time>2026-07-02T17:38:27Z</time></trkpt><trkpt lat="52.698219" lon="-117.684028"><ele>2366.890</ele><time>2026-07-02T17:38:30Z</time></trkpt><trkpt lat="52.698237" lon="-117.684052"><ele>2366.019</ele><time>2026-07-02T17:38:32Z</time></trkpt><trkpt lat="52.698246" lon="-117.684055"><ele>2365.609</ele><time>2026-07-02T17:38:33Z</time></trkpt><trkpt lat="52.698289" lon="-117.684084"><ele>2364.429</ele><time>2026-07-02T17:38:38Z</time></trkpt><trkpt lat="52.698299" lon="-117.684085"><ele>2364.414</ele><time>2026-07-02T17:38:39Z</time></trkpt><trkpt lat="52.69831" lon="-117.684078"><ele>2364.279</ele><time>2026-07-02T17:38:40Z</time></trkpt><trkpt lat="52.698359" lon="-117.684066"><ele>2363.689</ele><time>2026-07-02T17:38:44Z</time></trkpt><trkpt lat="52.69837" lon="-117.68406"><ele>2363.458</ele><time>2026-07-02T17:38:45Z</time></trkpt><trkpt lat="52.69838" lon="-117.684056"><ele>2363.244</ele><time>2026-07-02T17:38:46Z</time></trkpt><trkpt lat="52.69844" lon="-117.684025"><ele>2362.858</ele><time>2026-07-02T17:38:53Z</time></trkpt><trkpt lat="52.69846" lon="-117.684029"><ele>2362.486</ele><time>2026-07-02T17:38:55Z</time></trkpt><trkpt lat="52.698506" lon="-117.684044"><ele>2361.697</ele><time>2026-07-02T17:39:00Z</time></trkpt><trkpt lat="52.698512" lon="-117.684046"><ele>2361.813</ele><time>2026-07-02T17:39:01Z</time></trkpt><trkpt lat="52.698513" lon="-117.684046"><ele>2361.443</ele><time>2026-07-02T17:39:04Z</time></trkpt><trkpt lat="52.698513" lon="-117.684046"><ele>2361.207</ele><time>2026-07-02T17:39:05Z</time></trkpt><trkpt lat="52.698529" lon="-117.684061"><ele>2361.009</ele><time>2026-07-02T17:39:10Z</time></trkpt><trkpt lat="52.6986" lon="-117.684033"><ele>2360.243</ele><time>2026-07-02T17:39:16Z</time></trkpt><trkpt lat="52.698611" lon="-117.684042"><ele>2360.098</ele><time>2026-07-02T17:39:17Z</time></trkpt><trkpt lat="52.698667" lon="-117.684074"><ele>2359.643</ele><time>2026-07-02T17:39:22Z</time></trkpt><trkpt lat="52.698699" lon="-117.684095"><ele>2359.263</ele><time>2026-07-02T17:39:25Z</time></trkpt><trkpt lat="52.698727" lon="-117.684113"><ele>2358.672</ele><time>2026-07-02T17:39:28Z</time></trkpt><trkpt lat="52.698745" lon="-117.684089"><ele>2358.258</ele><time>2026-07-02T17:39:36Z</time></trkpt><trkpt lat="52.698769" lon="-117.68408"><ele>2358.052</ele><time>2026-07-02T17:39:38Z</time></trkpt><trkpt lat="52.698824" lon="-117.684045"><ele>2356.860</ele><time>2026-07-02T17:39:42Z</time></trkpt><trkpt lat="52.698851" lon="-117.684037"><ele>2356.211</ele><time>2026-07-02T17:39:44Z</time></trkpt><trkpt lat="52.698877" lon="-117.684042"><ele>2355.633</ele><time>2026-07-02T17:39:47Z</time></trkpt><trkpt lat="52.698908" lon="-117.684099"><ele>2354.823</ele><time>2026-07-02T17:39:52Z</time></trkpt><trkpt lat="52.698924" lon="-117.684133"><ele>2354.615</ele><time>2026-07-02T17:39:54Z</time></trkpt><trkpt lat="52.698973" lon="-117.684191"><ele>2354.209</ele><time>2026-07-02T17:39:59Z</time></trkpt><trkpt lat="52.699068" lon="-117.684283"><ele>2354.095</ele><time>2026-07-02T17:40:09Z</time></trkpt><trkpt lat="52.69914" lon="-117.684331"><ele>2353.640</ele><time>2026-07-02T17:40:16Z</time></trkpt><trkpt lat="52.699172" lon="-117.684352"><ele>2353.485</ele><time>2026-07-02T17:40:19Z</time></trkpt><trkpt lat="52.699257" lon="-117.684421"><ele>2353.275</ele><time>2026-07-02T17:40:28Z</time></trkpt><trkpt lat="52.699304" lon="-117.684469"><ele>2352.884</ele><time>2026-07-02T17:40:34Z</time></trkpt><trkpt lat="52.699332" lon="-117.684488"><ele>2352.640</ele><time>2026-07-02T17:40:38Z</time></trkpt><trkpt lat="52.699355" lon="-117.684527"><ele>2352.224</ele><time>2026-07-02T17:40:43Z</time></trkpt><trkpt lat="52.699379" lon="-117.684572"><ele>2351.262</ele><time>2026-07-02T17:40:49Z</time></trkpt><trkpt lat="52.699402" lon="-117.6846"><ele>2350.463</ele><time>2026-07-02T17:40:52Z</time></trkpt><trkpt lat="52.699412" lon="-117.684608"><ele>2350.276</ele><time>2026-07-02T17:40:53Z</time></trkpt><trkpt lat="52.699446" lon="-117.684635"><ele>2349.290</ele><time>2026-07-02T17:40:57Z</time></trkpt><trkpt lat="52.699483" lon="-117.684674"><ele>2348.419</ele><time>2026-07-02T17:41:01Z</time></trkpt><trkpt lat="52.699495" lon="-117.684684"><ele>2348.009</ele><time>2026-07-02T17:41:02Z</time></trkpt><trkpt lat="52.699538" lon="-117.68474"><ele>2346.879</ele><time>2026-07-02T17:41:06Z</time></trkpt><trkpt lat="52.699567" lon="-117.684757"><ele>2346.464</ele><time>2026-07-02T17:41:09Z</time></trkpt><trkpt lat="52.699593" lon="-117.684776"><ele>2345.889</ele><time>2026-07-02T17:41:12Z</time></trkpt><trkpt lat="52.699618" lon="-117.684811"><ele>2344.869</ele><time>2026-07-02T17:41:16Z</time></trkpt><trkpt lat="52.699628" lon="-117.684824"><ele>2344.448</ele><time>2026-07-02T17:41:18Z</time></trkpt><trkpt lat="52.699657" lon="-117.684856"><ele>2343.634</ele><time>2026-07-02T17:41:22Z</time></trkpt><trkpt lat="52.699682" lon="-117.684891"><ele>2342.828</ele><time>2026-07-02T17:41:25Z</time></trkpt><trkpt lat="52.69971" lon="-117.684909"><ele>2342.426</ele><time>2026-07-02T17:41:28Z</time></trkpt><trkpt lat="52.699745" lon="-117.684943"><ele>2341.867</ele><time>2026-07-02T17:41:32Z</time></trkpt><trkpt lat="52.699752" lon="-117.684956"><ele>2341.485</ele><time>2026-07-02T17:41:33Z</time></trkpt><trkpt lat="52.699787" lon="-117.685003"><ele>2340.489</ele><time>2026-07-02T17:41:38Z</time></trkpt><trkpt lat="52.699805" lon="-117.685002"><ele>2339.817</ele><time>2026-07-02T17:41:41Z</time></trkpt><trkpt lat="52.699815" lon="-117.685017"><ele>2339.209</ele><time>2026-07-02T17:41:43Z</time></trkpt><trkpt lat="52.699832" lon="-117.68502"><ele>2338.860</ele><time>2026-07-02T17:41:45Z</time></trkpt><trkpt lat="52.69986" lon="-117.685023"><ele>2338.215</ele><time>2026-07-02T17:41:48Z</time></trkpt><trkpt lat="52.699899" lon="-117.685071"><ele>2337.250</ele><time>2026-07-02T17:41:53Z</time></trkpt><trkpt lat="52.699908" lon="-117.685075"><ele>2337.030</ele><time>2026-07-02T17:41:54Z</time></trkpt><trkpt lat="52.699968" lon="-117.685126"><ele>2336.049</ele><time>2026-07-02T17:42:01Z</time></trkpt><trkpt lat="52.699985" lon="-117.685143"><ele>2335.695</ele><time>2026-07-02T17:42:03Z</time></trkpt><trkpt lat="52.700008" lon="-117.685168"><ele>2335.049</ele><time>2026-07-02T17:42:07Z</time></trkpt><trkpt lat="52.70001" lon="-117.685192"><ele>2334.667</ele><time>2026-07-02T17:42:11Z</time></trkpt><trkpt lat="52.700029" lon="-117.685257"><ele>2334.048</ele><time>2026-07-02T17:42:17Z</time></trkpt><trkpt lat="52.700041" lon="-117.685258"><ele>2333.478</ele><time>2026-07-02T17:42:18Z</time></trkpt><trkpt lat="52.70007" lon="-117.685269"><ele>2332.033</ele><time>2026-07-02T17:42:21Z</time></trkpt><trkpt lat="52.700102" lon="-117.685271"><ele>2331.226</ele><time>2026-07-02T17:42:24Z</time></trkpt><trkpt lat="52.700114" lon="-117.685272"><ele>2331.009</ele><time>2026-07-02T17:42:25Z</time></trkpt><trkpt lat="52.700157" lon="-117.685338"><ele>2330.069</ele><time>2026-07-02T17:42:31Z</time></trkpt><trkpt lat="52.700165" lon="-117.685344"><ele>2329.854</ele><time>2026-07-02T17:42:32Z</time></trkpt><trkpt lat="52.700191" lon="-117.685412"><ele>2328.889</ele><time>2026-07-02T17:42:39Z</time></trkpt><trkpt lat="52.700194" lon="-117.685421"><ele>2328.889</ele><time>2026-07-02T17:42:40Z</time></trkpt><trkpt lat="52.700207" lon="-117.685497"><ele>2328.648</ele><time>2026-07-02T17:42:46Z</time></trkpt><trkpt lat="52.700238" lon="-117.685535"><ele>2328.484</ele><time>2026-07-02T17:42:51Z</time></trkpt><trkpt lat="52.700281" lon="-117.685605"><ele>2327.488</ele><time>2026-07-02T17:42:56Z</time></trkpt><trkpt lat="52.700288" lon="-117.685617"><ele>2323.626</ele><time>2026-07-02T17:42:57Z</time></trkpt><trkpt lat="52.700296" lon="-117.685626"><ele>2322.627</ele><time>2026-07-02T17:42:58Z</time></trkpt><trkpt lat="52.700314" lon="-117.685662"><ele>2324.851</ele><time>2026-07-02T17:43:04Z</time></trkpt><trkpt lat="52.700317" lon="-117.685666"><ele>2324.801</ele><time>2026-07-02T17:43:05Z</time></trkpt><trkpt lat="52.700324" lon="-117.685687"><ele>2323.811</ele><time>2026-07-02T17:43:09Z</time></trkpt><trkpt lat="52.700331" lon="-117.685726"><ele>2324.009</ele><time>2026-07-02T17:43:11Z</time></trkpt><trkpt lat="52.700343" lon="-117.685782"><ele>2325.027</ele><time>2026-07-02T17:43:14Z</time></trkpt><trkpt lat="52.700363" lon="-117.685863"><ele>2324.832</ele><time>2026-07-02T17:43:19Z</time></trkpt><trkpt lat="52.700382" lon="-117.685945"><ele>2323.877</ele><time>2026-07-02T17:43:24Z</time></trkpt><trkpt lat="52.700382" lon="-117.685963"><ele>2323.667</ele><time>2026-07-02T17:43:26Z</time></trkpt><trkpt lat="52.700396" lon="-117.686013"><ele>2324.446</ele><time>2026-07-02T17:43:32Z</time></trkpt><trkpt lat="52.7004" lon="-117.686058"><ele>2324.022</ele><time>2026-07-02T17:43:43Z</time></trkpt><trkpt lat="52.700441" lon="-117.686218"><ele>2323.096</ele><time>2026-07-02T17:43:50Z</time></trkpt><trkpt lat="52.700454" lon="-117.686266"><ele>2322.664</ele><time>2026-07-02T17:43:52Z</time></trkpt><trkpt lat="52.700465" lon="-117.686323"><ele>2322.275</ele><time>2026-07-02T17:43:55Z</time></trkpt><trkpt lat="52.700477" lon="-117.686445"><ele>2321.274</ele><time>2026-07-02T17:44:01Z</time></trkpt><trkpt lat="52.70048" lon="-117.686512"><ele>2320.256</ele><time>2026-07-02T17:44:04Z</time></trkpt><trkpt lat="52.700506" lon="-117.686584"><ele>2319.221</ele><time>2026-07-02T17:44:08Z</time></trkpt><trkpt lat="52.700517" lon="-117.686597"><ele>2319.009</ele><time>2026-07-02T17:44:09Z</time></trkpt><trkpt lat="52.70055" lon="-117.686737"><ele>2317.659</ele><time>2026-07-02T17:44:17Z</time></trkpt><trkpt lat="52.700538" lon="-117.686758"><ele>2315.494</ele><time>2026-07-02T17:44:20Z</time></trkpt><trkpt lat="52.700539" lon="-117.686771"><ele>2315.219</ele><time>2026-07-02T17:44:21Z</time></trkpt><trkpt lat="52.700544" lon="-117.686826"><ele>2314.819</ele><time>2026-07-02T17:44:24Z</time></trkpt><trkpt lat="52.700572" lon="-117.686888"><ele>2314.288</ele><time>2026-07-02T17:44:28Z</time></trkpt><trkpt lat="52.700594" lon="-117.686946"><ele>2313.694</ele><time>2026-07-02T17:44:31Z</time></trkpt><trkpt lat="52.70061" lon="-117.686979"><ele>2313.218</ele><time>2026-07-02T17:44:33Z</time></trkpt><trkpt lat="52.700622" lon="-117.686988"><ele>2313.016</ele><time>2026-07-02T17:44:34Z</time></trkpt><trkpt lat="52.700634" lon="-117.687023"><ele>2312.667</ele><time>2026-07-02T17:44:36Z</time></trkpt><trkpt lat="52.700636" lon="-117.687048"><ele>2312.628</ele><time>2026-07-02T17:44:37Z</time></trkpt><trkpt lat="52.700655" lon="-117.687058"><ele>2312.489</ele><time>2026-07-02T17:44:39Z</time></trkpt><trkpt lat="52.70069" lon="-117.687062"><ele>2312.017</ele><time>2026-07-02T17:44:42Z</time></trkpt><trkpt lat="52.700745" lon="-117.687127"><ele>2311.209</ele><time>2026-07-02T17:44:48Z</time></trkpt><trkpt lat="52.700763" lon="-117.68714"><ele>2311.074</ele><time>2026-07-02T17:44:50Z</time></trkpt><trkpt lat="52.70082" lon="-117.687178"><ele>2310.419</ele><time>2026-07-02T17:44:55Z</time></trkpt><trkpt lat="52.700905" lon="-117.687233"><ele>2310.024</ele><time>2026-07-02T17:45:04Z</time></trkpt><trkpt lat="52.70091" lon="-117.687243"><ele>2309.824</ele><time>2026-07-02T17:45:05Z</time></trkpt><trkpt lat="52.700946" lon="-117.687272"><ele>2308.653</ele><time>2026-07-02T17:45:10Z</time></trkpt><trkpt lat="52.700953" lon="-117.687278"><ele>2308.299</ele><time>2026-07-02T17:45:11Z</time></trkpt><trkpt lat="52.700979" lon="-117.687299"><ele>2307.493</ele><time>2026-07-02T17:45:14Z</time></trkpt><trkpt lat="52.701001" lon="-117.687364"><ele>2307.281</ele><time>2026-07-02T17:45:18Z</time></trkpt><trkpt lat="52.701003" lon="-117.687377"><ele>2307.482</ele><time>2026-07-02T17:45:19Z</time></trkpt><trkpt lat="52.70101" lon="-117.687381"><ele>2307.486</ele><time>2026-07-02T17:45:20Z</time></trkpt><trkpt lat="52.70105" lon="-117.687438"><ele>2307.260</ele><time>2026-07-02T17:45:25Z</time></trkpt><trkpt lat="52.701111" lon="-117.687453"><ele>2306.226</ele><time>2026-07-02T17:45:32Z</time></trkpt><trkpt lat="52.701132" lon="-117.687444"><ele>2305.809</ele><time>2026-07-02T17:45:34Z</time></trkpt><trkpt lat="52.701151" lon="-117.687461"><ele>2305.620</ele><time>2026-07-02T17:45:36Z</time></trkpt><trkpt lat="52.701191" lon="-117.687482"><ele>2305.425</ele><time>2026-07-02T17:45:40Z</time></trkpt><trkpt lat="52.701204" lon="-117.687493"><ele>2305.250</ele><time>2026-07-02T17:45:41Z</time></trkpt><trkpt lat="52.701255" lon="-117.687523"><ele>2304.660</ele><time>2026-07-02T17:45:46Z</time></trkpt><trkpt lat="52.701357" lon="-117.687555"><ele>2304.689</ele><time>2026-07-02T17:45:54Z</time></trkpt><trkpt lat="52.701417" lon="-117.687586"><ele>2304.055</ele><time>2026-07-02T17:45:59Z</time></trkpt><trkpt lat="52.701448" lon="-117.687604"><ele>2304.099</ele><time>2026-07-02T17:46:02Z</time></trkpt><trkpt lat="52.701534" lon="-117.68765"><ele>2303.237</ele><time>2026-07-02T17:46:10Z</time></trkpt><trkpt lat="52.701563" lon="-117.687661"><ele>2303.048</ele><time>2026-07-02T17:46:13Z</time></trkpt><trkpt lat="52.701617" lon="-117.68768"><ele>2302.432</ele><time>2026-07-02T17:46:19Z</time></trkpt><trkpt lat="52.701694" lon="-117.687709"><ele>2302.492</ele><time>2026-07-02T17:46:26Z</time></trkpt><trkpt lat="52.701741" lon="-117.687704"><ele>2302.411</ele><time>2026-07-02T17:46:31Z</time></trkpt><trkpt lat="52.701754" lon="-117.687705"><ele>2302.409</ele><time>2026-07-02T17:46:32Z</time></trkpt><trkpt lat="52.701785" lon="-117.687711"><ele>2302.045</ele><time>2026-07-02T17:46:35Z</time></trkpt><trkpt lat="52.701828" lon="-117.687717"><ele>2301.470</ele><time>2026-07-02T17:46:39Z</time></trkpt><trkpt lat="52.701858" lon="-117.687719"><ele>2300.875</ele><time>2026-07-02T17:46:42Z</time></trkpt><trkpt lat="52.701897" lon="-117.687754"><ele>2300.025</ele><time>2026-07-02T17:46:46Z</time></trkpt><trkpt lat="52.701904" lon="-117.687766"><ele>2299.854</ele><time>2026-07-02T17:46:47Z</time></trkpt><trkpt lat="52.70195" lon="-117.687824"><ele>2298.840</ele><time>2026-07-02T17:46:53Z</time></trkpt><trkpt lat="52.701963" lon="-117.687847"><ele>2298.264</ele><time>2026-07-02T17:46:55Z</time></trkpt><trkpt lat="52.701979" lon="-117.687877"><ele>2297.442</ele><time>2026-07-02T17:46:57Z</time></trkpt><trkpt lat="52.702014" lon="-117.68794"><ele>2296.613</ele><time>2026-07-02T17:47:01Z</time></trkpt><trkpt lat="52.702084" lon="-117.687977"><ele>2296.626</ele><time>2026-07-02T17:47:08Z</time></trkpt><trkpt lat="52.702094" lon="-117.68798"><ele>2296.447</ele><time>2026-07-02T17:47:09Z</time></trkpt><trkpt lat="52.702147" lon="-117.688001"><ele>2295.211</ele><time>2026-07-02T17:47:15Z</time></trkpt><trkpt lat="52.702185" lon="-117.688025"><ele>2295.009</ele><time>2026-07-02T17:47:18Z</time></trkpt><trkpt lat="52.702219" lon="-117.688049"><ele>2294.274</ele><time>2026-07-02T17:47:21Z</time></trkpt><trkpt lat="52.702246" lon="-117.68809"><ele>2293.419</ele><time>2026-07-02T17:47:25Z</time></trkpt><trkpt lat="52.702255" lon="-117.688121"><ele>2293.214</ele><time>2026-07-02T17:47:27Z</time></trkpt><trkpt lat="52.702278" lon="-117.68818"><ele>2292.434</ele><time>2026-07-02T17:47:32Z</time></trkpt><trkpt lat="52.702281" lon="-117.688198"><ele>2292.253</ele><time>2026-07-02T17:47:33Z</time></trkpt><trkpt lat="52.702328" lon="-117.688263"><ele>2291.819</ele><time>2026-07-02T17:47:39Z</time></trkpt><trkpt lat="52.702376" lon="-117.688328"><ele>2291.023</ele><time>2026-07-02T17:47:45Z</time></trkpt><trkpt lat="52.702396" lon="-117.688346"><ele>2290.811</ele><time>2026-07-02T17:47:47Z</time></trkpt><trkpt lat="52.702424" lon="-117.688456"><ele>2290.852</ele><time>2026-07-02T17:47:54Z</time></trkpt><trkpt lat="52.702445" lon="-117.688546"><ele>2290.665</ele><time>2026-07-02T17:48:01Z</time></trkpt><trkpt lat="52.702462" lon="-117.688607"><ele>2290.068</ele><time>2026-07-02T17:48:05Z</time></trkpt><trkpt lat="52.702477" lon="-117.688676"><ele>2289.214</ele><time>2026-07-02T17:48:09Z</time></trkpt><trkpt lat="52.702502" lon="-117.68872"><ele>2289.009</ele><time>2026-07-02T17:48:12Z</time></trkpt><trkpt lat="52.702516" lon="-117.688722"><ele>2288.628</ele><time>2026-07-02T17:48:14Z</time></trkpt><trkpt lat="52.702559" lon="-117.688695"><ele>2287.833</ele><time>2026-07-02T17:48:18Z</time></trkpt><trkpt lat="52.702571" lon="-117.688698"><ele>2287.668</ele><time>2026-07-02T17:48:19Z</time></trkpt><trkpt lat="52.702618" lon="-117.688735"><ele>2286.848</ele><time>2026-07-02T17:48:24Z</time></trkpt><trkpt lat="52.702637" lon="-117.688741"><ele>2286.677</ele><time>2026-07-02T17:48:26Z</time></trkpt><trkpt lat="52.702744" lon="-117.68875"><ele>2286.093</ele><time>2026-07-02T17:48:35Z</time></trkpt><trkpt lat="52.702781" lon="-117.688777"><ele>2285.827</ele><time>2026-07-02T17:48:39Z</time></trkpt><trkpt lat="52.702798" lon="-117.688788"><ele>2285.675</ele><time>2026-07-02T17:48:41Z</time></trkpt><trkpt lat="52.702841" lon="-117.688826"><ele>2284.646</ele><time>2026-07-02T17:48:45Z</time></trkpt><trkpt lat="52.702863" lon="-117.688842"><ele>2284.294</ele><time>2026-07-02T17:48:47Z</time></trkpt><trkpt lat="52.702932" lon="-117.688887"><ele>2283.857</ele><time>2026-07-02T17:48:55Z</time></trkpt><trkpt lat="52.702951" lon="-117.688897"><ele>2283.622</ele><time>2026-07-02T17:48:57Z</time></trkpt><trkpt lat="52.703036" lon="-117.688955"><ele>2282.809</ele><time>2026-07-02T17:49:05Z</time></trkpt><trkpt lat="52.703117" lon="-117.688992"><ele>2282.421</ele><time>2026-07-02T17:49:13Z</time></trkpt><trkpt lat="52.70314" lon="-117.689013"><ele>2282.456</ele><time>2026-07-02T17:49:15Z</time></trkpt><trkpt lat="52.703214" lon="-117.689041"><ele>2283.011</ele><time>2026-07-02T17:49:23Z</time></trkpt><trkpt lat="52.703292" lon="-117.689076"><ele>2283.291</ele><time>2026-07-02T17:49:30Z</time></trkpt><trkpt lat="52.703314" lon="-117.689095"><ele>2283.620</ele><time>2026-07-02T17:49:32Z</time></trkpt><trkpt lat="52.703352" lon="-117.689115"><ele>2283.056</ele><time>2026-07-02T17:49:36Z</time></trkpt><trkpt lat="52.703452" lon="-117.689183"><ele>2282.830</ele><time>2026-07-02T17:49:46Z</time></trkpt><trkpt lat="52.703532" lon="-117.689219"><ele>2283.428</ele><time>2026-07-02T17:49:54Z</time></trkpt><trkpt lat="52.703546" lon="-117.689199"><ele>2283.289</ele><time>2026-07-02T17:50:01Z</time></trkpt><trkpt lat="52.703524" lon="-117.689228"><ele>2283.473</ele><time>2026-07-02T17:50:10Z</time></trkpt><trkpt lat="52.703522" lon="-117.689218"><ele>2283.885</ele><time>2026-07-02T17:50:16Z</time></trkpt><trkpt lat="52.703522" lon="-117.689218"><ele>2284.413</ele><time>2026-07-02T17:50:19Z</time></trkpt><trkpt lat="52.70356" lon="-117.689214"><ele>2284.009</ele><time>2026-07-02T17:50:27Z</time></trkpt><trkpt lat="52.703639" lon="-117.689216"><ele>2283.859</ele><time>2026-07-02T17:50:34Z</time></trkpt><trkpt lat="52.703743" lon="-117.689238"><ele>2282.844</ele><time>2026-07-02T17:50:44Z</time></trkpt><trkpt lat="52.703847" lon="-117.68929"><ele>2282.659</ele><time>2026-07-02T17:50:54Z</time></trkpt><trkpt lat="52.703883" lon="-117.689299"><ele>2282.419</ele><time>2026-07-02T17:50:57Z</time></trkpt><trkpt lat="52.703937" lon="-117.68931"><ele>2282.218</ele><time>2026-07-02T17:51:02Z</time></trkpt><trkpt lat="52.704031" lon="-117.689283"><ele>2282.224</ele><time>2026-07-02T17:51:11Z</time></trkpt><trkpt lat="52.704129" lon="-117.68922"><ele>2282.038</ele><time>2026-07-02T17:51:21Z</time></trkpt><trkpt lat="52.704198" lon="-117.689185"><ele>2281.696</ele><time>2026-07-02T17:51:28Z</time></trkpt><trkpt lat="52.704208" lon="-117.689182"><ele>2281.467</ele><time>2026-07-02T17:51:29Z</time></trkpt><trkpt lat="52.704289" lon="-117.689164"><ele>2281.012</ele><time>2026-07-02T17:51:37Z</time></trkpt><trkpt lat="52.704355" lon="-117.689179"><ele>2280.832</ele><time>2026-07-02T17:51:44Z</time></trkpt><trkpt lat="52.704375" lon="-117.689182"><ele>2280.605</ele><time>2026-07-02T17:51:46Z</time></trkpt><trkpt lat="52.70439" lon="-117.689182"><ele>2280.409</ele><time>2026-07-02T17:51:47Z</time></trkpt><trkpt lat="52.704484" lon="-117.689169"><ele>2279.893</ele><time>2026-07-02T17:51:56Z</time></trkpt><trkpt lat="52.704564" lon="-117.689163"><ele>2279.428</ele><time>2026-07-02T17:52:03Z</time></trkpt><trkpt lat="52.704586" lon="-117.689179"><ele>2279.243</ele><time>2026-07-02T17:52:05Z</time></trkpt><trkpt lat="52.704656" lon="-117.689205"><ele>2278.693</ele><time>2026-07-02T17:52:12Z</time></trkpt><trkpt lat="52.704673" lon="-117.689218"><ele>2278.412</ele><time>2026-07-02T17:52:14Z</time></trkpt><trkpt lat="52.704683" lon="-117.689221"><ele>2278.418</ele><time>2026-07-02T17:52:15Z</time></trkpt><trkpt lat="52.704773" lon="-117.689199"><ele>2277.442</ele><time>2026-07-02T17:52:23Z</time></trkpt><trkpt lat="52.704803" lon="-117.689173"><ele>2277.420</ele><time>2026-07-02T17:52:26Z</time></trkpt><trkpt lat="52.704843" lon="-117.689167"><ele>2277.411</ele><time>2026-07-02T17:52:30Z</time></trkpt><trkpt lat="52.70493" lon="-117.689155"><ele>2276.668</ele><time>2026-07-02T17:52:38Z</time></trkpt><trkpt lat="52.70497" lon="-117.689168"><ele>2276.242</ele><time>2026-07-02T17:52:44Z</time></trkpt><trkpt lat="52.705001" lon="-117.689147"><ele>2275.826</ele><time>2026-07-02T17:52:47Z</time></trkpt><trkpt lat="52.705056" lon="-117.689135"><ele>2275.209</ele><time>2026-07-02T17:52:52Z</time></trkpt><trkpt lat="52.705086" lon="-117.689118"><ele>2274.678</ele><time>2026-07-02T17:52:55Z</time></trkpt><trkpt lat="52.705117" lon="-117.689088"><ele>2274.023</ele><time>2026-07-02T17:52:59Z</time></trkpt><trkpt lat="52.705152" lon="-117.689037"><ele>2273.288</ele><time>2026-07-02T17:53:03Z</time></trkpt><trkpt lat="52.70516" lon="-117.689028"><ele>2273.018</ele><time>2026-07-02T17:53:04Z</time></trkpt><trkpt lat="52.705205" lon="-117.688964"><ele>2271.617</ele><time>2026-07-02T17:53:10Z</time></trkpt><trkpt lat="52.70522" lon="-117.688953"><ele>2271.233</ele><time>2026-07-02T17:53:12Z</time></trkpt><trkpt lat="52.705245" lon="-117.688932"><ele>2270.677</ele><time>2026-07-02T17:53:15Z</time></trkpt><trkpt lat="52.70528" lon="-117.688886"><ele>2269.865</ele><time>2026-07-02T17:53:19Z</time></trkpt><trkpt lat="52.705288" lon="-117.688877"><ele>2269.646</ele><time>2026-07-02T17:53:20Z</time></trkpt><trkpt lat="52.705315" lon="-117.688839"><ele>2268.631</ele><time>2026-07-02T17:53:24Z</time></trkpt><trkpt lat="52.705343" lon="-117.688814"><ele>2267.461</ele><time>2026-07-02T17:53:27Z</time></trkpt><trkpt lat="52.705372" lon="-117.688777"><ele>2266.407</ele><time>2026-07-02T17:53:31Z</time></trkpt><trkpt lat="52.705421" lon="-117.68873"><ele>2265.409</ele><time>2026-07-02T17:53:36Z</time></trkpt><trkpt lat="52.705433" lon="-117.68872"><ele>2265.095</ele><time>2026-07-02T17:53:37Z</time></trkpt><trkpt lat="52.705467" lon="-117.688703"><ele>2264.430</ele><time>2026-07-02T17:53:40Z</time></trkpt><trkpt lat="52.705516" lon="-117.688664"><ele>2263.635</ele><time>2026-07-02T17:53:44Z</time></trkpt><trkpt lat="52.705526" lon="-117.68866"><ele>2263.255</ele><time>2026-07-02T17:53:45Z</time></trkpt><trkpt lat="52.70556" lon="-117.688635"><ele>2262.444</ele><time>2026-07-02T17:53:50Z</time></trkpt><trkpt lat="52.705563" lon="-117.688627"><ele>2262.260</ele><time>2026-07-02T17:53:51Z</time></trkpt><trkpt lat="52.705579" lon="-117.688609"><ele>2262.084</ele><time>2026-07-02T17:53:53Z</time></trkpt><trkpt lat="52.705617" lon="-117.688576"><ele>2261.812</ele><time>2026-07-02T17:53:57Z</time></trkpt><trkpt lat="52.705648" lon="-117.688542"><ele>2261.233</ele><time>2026-07-02T17:54:00Z</time></trkpt><trkpt lat="52.705665" lon="-117.688515"><ele>2260.875</ele><time>2026-07-02T17:54:02Z</time></trkpt><trkpt lat="52.705694" lon="-117.688488"><ele>2260.028</ele><time>2026-07-02T17:54:05Z</time></trkpt><trkpt lat="52.705735" lon="-117.688447"><ele>2259.020</ele><time>2026-07-02T17:54:09Z</time></trkpt><trkpt lat="52.705759" lon="-117.688436"><ele>2258.609</ele><time>2026-07-02T17:54:11Z</time></trkpt><trkpt lat="52.705805" lon="-117.688377"><ele>2257.819</ele><time>2026-07-02T17:54:16Z</time></trkpt><trkpt lat="52.705843" lon="-117.688329"><ele>2257.464</ele><time>2026-07-02T17:54:20Z</time></trkpt><trkpt lat="52.705946" lon="-117.688208"><ele>2256.889</ele><time>2026-07-02T17:54:29Z</time></trkpt><trkpt lat="52.705958" lon="-117.6882"><ele>2256.879</ele><time>2026-07-02T17:54:30Z</time></trkpt><trkpt lat="52.706043" lon="-117.688112"><ele>2256.218</ele><time>2026-07-02T17:54:38Z</time></trkpt><trkpt lat="52.706159" lon="-117.687975"><ele>2256.274</ele><time>2026-07-02T17:54:49Z</time></trkpt><trkpt lat="52.706279" lon="-117.68789"><ele>2256.038</ele><time>2026-07-02T17:55:00Z</time></trkpt><trkpt lat="52.706323" lon="-117.687869"><ele>2255.626</ele><time>2026-07-02T17:55:04Z</time></trkpt><trkpt lat="52.706372" lon="-117.687837"><ele>2255.637</ele><time>2026-07-02T17:55:09Z</time></trkpt><trkpt lat="52.706464" lon="-117.687712"><ele>2254.675</ele><time>2026-07-02T17:55:18Z</time></trkpt><trkpt lat="52.706475" lon="-117.687693"><ele>2254.428</ele><time>2026-07-02T17:55:19Z</time></trkpt><trkpt lat="52.706543" lon="-117.687587"><ele>2253.620</ele><time>2026-07-02T17:55:27Z</time></trkpt><trkpt lat="52.706564" lon="-117.687572"><ele>2253.609</ele><time>2026-07-02T17:55:29Z</time></trkpt><trkpt lat="52.706597" lon="-117.687573"><ele>2253.619</ele><time>2026-07-02T17:55:32Z</time></trkpt><trkpt lat="52.706608" lon="-117.687565"><ele>2253.624</ele><time>2026-07-02T17:55:33Z</time></trkpt><trkpt lat="52.706649" lon="-117.687531"><ele>2253.699</ele><time>2026-07-02T17:55:37Z</time></trkpt><trkpt lat="52.706663" lon="-117.687497"><ele>2253.489</ele><time>2026-07-02T17:55:39Z</time></trkpt><trkpt lat="52.70668" lon="-117.687497"><ele>2253.238</ele><time>2026-07-02T17:55:41Z</time></trkpt><trkpt lat="52.70671" lon="-117.687505"><ele>2253.214</ele><time>2026-07-02T17:55:44Z</time></trkpt><trkpt lat="52.706723" lon="-117.687511"><ele>2253.478</ele><time>2026-07-02T17:55:46Z</time></trkpt><trkpt lat="52.706744" lon="-117.687481"><ele>2253.456</ele><time>2026-07-02T17:55:49Z</time></trkpt><trkpt lat="52.706798" lon="-117.687435"><ele>2253.837</ele><time>2026-07-02T17:55:55Z</time></trkpt><trkpt lat="52.706893" lon="-117.687431"><ele>2253.683</ele><time>2026-07-02T17:56:02Z</time></trkpt><trkpt lat="52.706987" lon="-117.687365"><ele>2253.625</ele><time>2026-07-02T17:56:10Z</time></trkpt><trkpt lat="52.70705" lon="-117.687308"><ele>2253.217</ele><time>2026-07-02T17:56:17Z</time></trkpt><trkpt lat="52.707137" lon="-117.687223"><ele>2252.609</ele><time>2026-07-02T17:56:25Z</time></trkpt><trkpt lat="52.707173" lon="-117.687174"><ele>2252.450</ele><time>2026-07-02T17:56:28Z</time></trkpt><trkpt lat="52.707224" lon="-117.687101"><ele>2252.215</ele><time>2026-07-02T17:56:33Z</time></trkpt><trkpt lat="52.707308" lon="-117.687012"><ele>2251.830</ele><time>2026-07-02T17:56:41Z</time></trkpt><trkpt lat="52.707316" lon="-117.686996"><ele>2251.890</ele><time>2026-07-02T17:56:42Z</time></trkpt><trkpt lat="52.707359" lon="-117.68693"><ele>2251.499</ele><time>2026-07-02T17:56:47Z</time></trkpt><trkpt lat="52.707395" lon="-117.686872"><ele>2250.845</ele><time>2026-07-02T17:56:51Z</time></trkpt><trkpt lat="52.707421" lon="-117.686836"><ele>2250.229</ele><time>2026-07-02T17:56:54Z</time></trkpt><trkpt lat="52.707445" lon="-117.686824"><ele>2249.447</ele><time>2026-07-02T17:56:56Z</time></trkpt><trkpt lat="52.707467" lon="-117.68684"><ele>2248.828</ele><time>2026-07-02T17:56:58Z</time></trkpt><trkpt lat="52.707491" lon="-117.686826"><ele>2248.045</ele><time>2026-07-02T17:57:00Z</time></trkpt><trkpt lat="52.707502" lon="-117.686813"><ele>2247.647</ele><time>2026-07-02T17:57:01Z</time></trkpt><trkpt lat="52.707533" lon="-117.686771"><ele>2247.011</ele><time>2026-07-02T17:57:04Z</time></trkpt><trkpt lat="52.707555" lon="-117.68674"><ele>2246.809</ele><time>2026-07-02T17:57:06Z</time></trkpt><trkpt lat="52.707581" lon="-117.686706"><ele>2246.856</ele><time>2026-07-02T17:57:08Z</time></trkpt><trkpt lat="52.707634" lon="-117.686634"><ele>2246.851</ele><time>2026-07-02T17:57:13Z</time></trkpt><trkpt lat="52.707667" lon="-117.686513"><ele>2247.256</ele><time>2026-07-02T17:57:20Z</time></trkpt><trkpt lat="52.707649" lon="-117.686385"><ele>2247.246</ele><time>2026-07-02T17:57:28Z</time></trkpt><trkpt lat="52.707639" lon="-117.686346"><ele>2247.445</ele><time>2026-07-02T17:57:34Z</time></trkpt><trkpt lat="52.707632" lon="-117.686326"><ele>2246.481</ele><time>2026-07-02T17:57:40Z</time></trkpt><trkpt lat="52.707634" lon="-117.686329"><ele>2246.065</ele><time>2026-07-02T17:57:42Z</time></trkpt><trkpt lat="52.707634" lon="-117.686329"><ele>2247.473</ele><time>2026-07-02T17:57:47Z</time></trkpt><trkpt lat="52.707634" lon="-117.686329"><ele>2247.464</ele><time>2026-07-02T17:57:55Z</time></trkpt><trkpt lat="52.707639" lon="-117.686337"><ele>2246.823</ele><time>2026-07-02T17:58:02Z</time></trkpt><trkpt lat="52.70764" lon="-117.686335"><ele>2246.683</ele><time>2026-07-02T17:58:09Z</time></trkpt><trkpt lat="52.707634" lon="-117.686329"><ele>2246.811</ele><time>2026-07-02T17:58:20Z</time></trkpt><trkpt lat="52.707643" lon="-117.686337"><ele>2246.809</ele><time>2026-07-02T17:58:21Z</time></trkpt><trkpt lat="52.707644" lon="-117.686337"><ele>2246.834</ele><time>2026-07-02T17:58:22Z</time></trkpt><trkpt lat="52.707634" lon="-117.686329"><ele>2246.689</ele><time>2026-07-02T17:58:24Z</time></trkpt><trkpt lat="52.707634" lon="-117.686329"><ele>2246.424</ele><time>2026-07-02T17:58:35Z</time></trkpt><trkpt lat="52.707634" lon="-117.686329"><ele>2246.674</ele><time>2026-07-02T17:58:36Z</time></trkpt><trkpt lat="52.707634" lon="-117.686329"><ele>2246.653</ele><time>2026-07-02T17:58:37Z</time></trkpt><trkpt lat="52.707634" lon="-117.686329"><ele>2246.669</ele><time>2026-07-02T17:58:38Z</time></trkpt><trkpt lat="52.707645" lon="-117.686334"><ele>2246.493</ele><time>2026-07-02T17:58:43Z</time></trkpt><trkpt lat="52.707641" lon="-117.686333"><ele>2246.611</ele><time>2026-07-02T17:58:54Z</time></trkpt><trkpt lat="52.707634" lon="-117.686329"><ele>2246.472</ele><time>2026-07-02T17:59:09Z</time></trkpt><trkpt lat="52.707634" lon="-117.686329"><ele>2246.435</ele><time>2026-07-02T17:59:13Z</time></trkpt><trkpt lat="52.707645" lon="-117.686335"><ele>2246.886</ele><time>2026-07-02T17:59:17Z</time></trkpt><trkpt lat="52.707674" lon="-117.686329"><ele>2249.014</ele><time>2026-07-02T18:10:58Z</time></trkpt><trkpt lat="52.707681" lon="-117.686336"><ele>2249.209</ele><time>2026-07-02T18:10:59Z</time></trkpt><trkpt lat="52.707687" lon="-117.686346"><ele>2249.245</ele><time>2026-07-02T18:11:01Z</time></trkpt><trkpt lat="52.707712" lon="-117.686402"><ele>2249.810</ele><time>2026-07-02T18:11:09Z</time></trkpt><trkpt lat="52.707716" lon="-117.68641"><ele>2250.055</ele><time>2026-07-02T18:11:12Z</time></trkpt><trkpt lat="52.707725" lon="-117.686422"><ele>2250.035</ele><time>2026-07-02T18:11:15Z</time></trkpt><trkpt lat="52.707781" lon="-117.68646"><ele>2250.074</ele><time>2026-07-02T18:11:24Z</time></trkpt><trkpt lat="52.707801" lon="-117.686463"><ele>2249.830</ele><time>2026-07-02T18:11:27Z</time></trkpt><trkpt lat="52.707812" lon="-117.686459"><ele>2250.024</ele><time>2026-07-02T18:11:29Z</time></trkpt><trkpt lat="52.707839" lon="-117.68644"><ele>2250.222</ele><time>2026-07-02T18:11:34Z</time></trkpt><trkpt lat="52.707884" lon="-117.686422"><ele>2250.243</ele><time>2026-07-02T18:11:44Z</time></trkpt><trkpt lat="52.707931" lon="-117.686401"><ele>2250.245</ele><time>2026-07-02T18:11:50Z</time></trkpt><trkpt lat="52.707946" lon="-117.686394"><ele>2250.047</ele><time>2026-07-02T18:11:52Z</time></trkpt><trkpt lat="52.707959" lon="-117.686385"><ele>2250.011</ele><time>2026-07-02T18:11:54Z</time></trkpt><trkpt lat="52.707967" lon="-117.686383"><ele>2250.009</ele><time>2026-07-02T18:11:55Z</time></trkpt><trkpt lat="52.707975" lon="-117.686378"><ele>2250.076</ele><time>2026-07-02T18:11:56Z</time></trkpt><trkpt lat="52.708044" lon="-117.686353"><ele>2249.631</ele><time>2026-07-02T18:12:06Z</time></trkpt><trkpt lat="52.708102" lon="-117.68634"><ele>2249.446</ele><time>2026-07-02T18:12:15Z</time></trkpt><trkpt lat="52.708109" lon="-117.686336"><ele>2249.226</ele><time>2026-07-02T18:12:16Z</time></trkpt><trkpt lat="52.70816" lon="-117.686304"><ele>2249.065</ele><time>2026-07-02T18:12:24Z</time></trkpt><trkpt lat="52.708168" lon="-117.686298"><ele>2249.091</ele><time>2026-07-02T18:12:25Z</time></trkpt><trkpt lat="52.708202" lon="-117.686289"><ele>2248.835</ele><time>2026-07-02T18:12:31Z</time></trkpt><trkpt lat="52.708284" lon="-117.686283"><ele>2248.283</ele><time>2026-07-02T18:12:44Z</time></trkpt><trkpt lat="52.708321" lon="-117.686299"><ele>2248.294</ele><time>2026-07-02T18:12:52Z</time></trkpt><trkpt lat="52.708328" lon="-117.686284"><ele>2248.044</ele><time>2026-07-02T18:12:55Z</time></trkpt><trkpt lat="52.708337" lon="-117.68626"><ele>2247.405</ele><time>2026-07-02T18:13:03Z</time></trkpt><trkpt lat="52.708334" lon="-117.686266"><ele>2247.415</ele><time>2026-07-02T18:13:09Z</time></trkpt><trkpt lat="52.708335" lon="-117.686267"><ele>2247.409</ele><time>2026-07-02T18:13:10Z</time></trkpt><trkpt lat="52.70834" lon="-117.686256"><ele>2247.216</ele><time>2026-07-02T18:13:12Z</time></trkpt><trkpt lat="52.70836" lon="-117.686258"><ele>2247.081</ele><time>2026-07-02T18:13:15Z</time></trkpt><trkpt lat="52.708368" lon="-117.686261"><ele>2247.056</ele><time>2026-07-02T18:13:16Z</time></trkpt><trkpt lat="52.708386" lon="-117.686263"><ele>2246.646</ele><time>2026-07-02T18:13:18Z</time></trkpt><trkpt lat="52.708424" lon="-117.686263"><ele>2245.895</ele><time>2026-07-02T18:13:22Z</time></trkpt><trkpt lat="52.708444" lon="-117.686261"><ele>2245.831</ele><time>2026-07-02T18:13:24Z</time></trkpt><trkpt lat="52.708522" lon="-117.686246"><ele>2244.875</ele><time>2026-07-02T18:13:31Z</time></trkpt><trkpt lat="52.708539" lon="-117.686237"><ele>2244.273</ele><time>2026-07-02T18:13:33Z</time></trkpt><trkpt lat="52.708545" lon="-117.686235"><ele>2244.094</ele><time>2026-07-02T18:13:34Z</time></trkpt><trkpt lat="52.708554" lon="-117.686233"><ele>2243.682</ele><time>2026-07-02T18:13:36Z</time></trkpt><trkpt lat="52.708584" lon="-117.686221"><ele>2242.643</ele><time>2026-07-02T18:13:41Z</time></trkpt><trkpt lat="52.708597" lon="-117.686216"><ele>2242.017</ele><time>2026-07-02T18:13:43Z</time></trkpt><trkpt lat="52.708606" lon="-117.686215"><ele>2241.409</ele><time>2026-07-02T18:13:45Z</time></trkpt><trkpt lat="52.708644" lon="-117.686195"><ele>2240.670</ele><time>2026-07-02T18:13:50Z</time></trkpt><trkpt lat="52.708652" lon="-117.686186"><ele>2240.415</ele><time>2026-07-02T18:13:52Z</time></trkpt><trkpt lat="52.708667" lon="-117.686175"><ele>2239.620</ele><time>2026-07-02T18:13:57Z</time></trkpt><trkpt lat="52.708671" lon="-117.686175"><ele>2239.430</ele><time>2026-07-02T18:13:58Z</time></trkpt><trkpt lat="52.708741" lon="-117.686151"><ele>2238.469</ele><time>2026-07-02T18:14:07Z</time></trkpt><trkpt lat="52.708748" lon="-117.686146"><ele>2238.285</ele><time>2026-07-02T18:14:08Z</time></trkpt><trkpt lat="52.708788" lon="-117.686133"><ele>2237.499</ele><time>2026-07-02T18:14:14Z</time></trkpt><trkpt lat="52.708809" lon="-117.68613"><ele>2236.867</ele><time>2026-07-02T18:14:18Z</time></trkpt><trkpt lat="52.708863" lon="-117.686124"><ele>2236.218</ele><time>2026-07-02T18:14:26Z</time></trkpt><trkpt lat="52.708869" lon="-117.686125"><ele>2236.083</ele><time>2026-07-02T18:14:27Z</time></trkpt><trkpt lat="52.708927" lon="-117.686129"><ele>2235.025</ele><time>2026-07-02T18:14:33Z</time></trkpt><trkpt lat="52.708962" lon="-117.686131"><ele>2234.617</ele><time>2026-07-02T18:14:37Z</time></trkpt><trkpt lat="52.70899" lon="-117.686137"><ele>2234.409</ele><time>2026-07-02T18:14:41Z</time></trkpt><trkpt lat="52.709029" lon="-117.686145"><ele>2234.210</ele><time>2026-07-02T18:14:47Z</time></trkpt><trkpt lat="52.709084" lon="-117.686154"><ele>2234.425</ele><time>2026-07-02T18:14:57Z</time></trkpt><trkpt lat="52.709136" lon="-117.686141"><ele>2234.880</ele><time>2026-07-02T18:15:06Z</time></trkpt><trkpt lat="52.709178" lon="-117.686132"><ele>2235.250</ele><time>2026-07-02T18:15:15Z</time></trkpt><trkpt lat="52.709201" lon="-117.686135"><ele>2235.419</ele><time>2026-07-02T18:15:22Z</time></trkpt><trkpt lat="52.709202" lon="-117.686138"><ele>2235.415</ele><time>2026-07-02T18:15:24Z</time></trkpt><trkpt lat="52.709205" lon="-117.686141"><ele>2235.439</ele><time>2026-07-02T18:15:25Z</time></trkpt><trkpt lat="52.709214" lon="-117.686149"><ele>2235.447</ele><time>2026-07-02T18:15:27Z</time></trkpt><trkpt lat="52.709231" lon="-117.686159"><ele>2235.448</ele><time>2026-07-02T18:15:29Z</time></trkpt><trkpt lat="52.709267" lon="-117.686183"><ele>2235.248</ele><time>2026-07-02T18:15:37Z</time></trkpt><trkpt lat="52.709286" lon="-117.686175"><ele>2235.261</ele><time>2026-07-02T18:15:41Z</time></trkpt><trkpt lat="52.709322" lon="-117.686169"><ele>2235.617</ele><time>2026-07-02T18:15:47Z</time></trkpt><trkpt lat="52.70933" lon="-117.686162"><ele>2235.609</ele><time>2026-07-02T18:15:49Z</time></trkpt><trkpt lat="52.709343" lon="-117.68614"><ele>2235.676</ele><time>2026-07-02T18:15:54Z</time></trkpt><trkpt lat="52.70936" lon="-117.686137"><ele>2235.671</ele><time>2026-07-02T18:15:58Z</time></trkpt><trkpt lat="52.709403" lon="-117.68615"><ele>2235.246</ele><time>2026-07-02T18:16:06Z</time></trkpt><trkpt lat="52.709406" lon="-117.686154"><ele>2235.446</ele><time>2026-07-02T18:16:07Z</time></trkpt><trkpt lat="52.709442" lon="-117.686137"><ele>2235.255</ele><time>2026-07-02T18:16:13Z</time></trkpt><trkpt lat="52.709458" lon="-117.686131"><ele>2235.281</ele><time>2026-07-02T18:16:14Z</time></trkpt><trkpt lat="52.709467" lon="-117.686126"><ele>2235.245</ele><time>2026-07-02T18:16:15Z</time></trkpt><trkpt lat="52.709491" lon="-117.686123"><ele>2235.283</ele><time>2026-07-02T18:16:18Z</time></trkpt><trkpt lat="52.709519" lon="-117.686124"><ele>2234.674</ele><time>2026-07-02T18:16:23Z</time></trkpt><trkpt lat="52.709571" lon="-117.686134"><ele>2234.096</ele><time>2026-07-02T18:16:31Z</time></trkpt><trkpt lat="52.709583" lon="-117.686137"><ele>2234.031</ele><time>2026-07-02T18:16:32Z</time></trkpt><trkpt lat="52.709657" lon="-117.686136"><ele>2233.224</ele><time>2026-07-02T18:16:41Z</time></trkpt><trkpt lat="52.709689" lon="-117.686149"><ele>2233.009</ele><time>2026-07-02T18:16:46Z</time></trkpt><trkpt lat="52.709711" lon="-117.686136"><ele>2233.081</ele><time>2026-07-02T18:16:48Z</time></trkpt><trkpt lat="52.709718" lon="-117.686131"><ele>2233.076</ele><time>2026-07-02T18:16:49Z</time></trkpt><trkpt lat="52.709753" lon="-117.686126"><ele>2233.221</ele><time>2026-07-02T18:16:56Z</time></trkpt><trkpt lat="52.709785" lon="-117.686098"><ele>2232.681</ele><time>2026-07-02T18:17:02Z</time></trkpt><trkpt lat="52.709781" lon="-117.686102"><ele>2233.060</ele><time>2026-07-02T18:17:16Z</time></trkpt><trkpt lat="52.709802" lon="-117.686107"><ele>2232.816</ele><time>2026-07-02T18:17:24Z</time></trkpt><trkpt lat="52.7098" lon="-117.686104"><ele>2233.290</ele><time>2026-07-02T18:17:35Z</time></trkpt><trkpt lat="52.709828" lon="-117.686108"><ele>2233.428</ele><time>2026-07-02T18:17:45Z</time></trkpt><trkpt lat="52.709855" lon="-117.686095"><ele>2233.239</ele><time>2026-07-02T18:17:51Z</time></trkpt><trkpt lat="52.709889" lon="-117.686124"><ele>2233.826</ele><time>2026-07-02T18:17:59Z</time></trkpt><trkpt lat="52.70989" lon="-117.686126"><ele>2233.647</ele><time>2026-07-02T18:18:06Z</time></trkpt><trkpt lat="52.709902" lon="-117.686141"><ele>2234.011</ele><time>2026-07-02T18:18:09Z</time></trkpt><trkpt lat="52.709907" lon="-117.68615"><ele>2234.009</ele><time>2026-07-02T18:18:10Z</time></trkpt><trkpt lat="52.70993" lon="-117.686171"><ele>2233.834</ele><time>2026-07-02T18:18:16Z</time></trkpt><trkpt lat="52.709938" lon="-117.686169"><ele>2234.049</ele><time>2026-07-02T18:18:18Z</time></trkpt><trkpt lat="52.70995" lon="-117.686171"><ele>2234.274</ele><time>2026-07-02T18:18:21Z</time></trkpt><trkpt lat="52.709976" lon="-117.686188"><ele>2234.294</ele><time>2026-07-02T18:18:26Z</time></trkpt><trkpt lat="52.709997" lon="-117.686208"><ele>2233.653</ele><time>2026-07-02T18:18:33Z</time></trkpt><trkpt lat="52.710027" lon="-117.68621"><ele>2233.819</ele><time>2026-07-02T18:18:40Z</time></trkpt><trkpt lat="52.710061" lon="-117.686235"><ele>2233.693</ele><time>2026-07-02T18:18:49Z</time></trkpt><trkpt lat="52.710099" lon="-117.686257"><ele>2233.891</ele><time>2026-07-02T18:18:57Z</time></trkpt><trkpt lat="52.710175" lon="-117.686308"><ele>2233.862</ele><time>2026-07-02T18:19:05Z</time></trkpt><trkpt lat="52.710217" lon="-117.686344"><ele>2234.024</ele><time>2026-07-02T18:19:12Z</time></trkpt><trkpt lat="52.710223" lon="-117.686345"><ele>2234.004</ele><time>2026-07-02T18:19:13Z</time></trkpt><trkpt lat="52.710226" lon="-117.686358"><ele>2234.014</ele><time>2026-07-02T18:19:18Z</time></trkpt><trkpt lat="52.710238" lon="-117.686376"><ele>2233.809</ele><time>2026-07-02T18:19:20Z</time></trkpt><trkpt lat="52.710254" lon="-117.686396"><ele>2233.814</ele><time>2026-07-02T18:19:23Z</time></trkpt><trkpt lat="52.710267" lon="-117.686402"><ele>2234.049</ele><time>2026-07-02T18:19:28Z</time></trkpt><trkpt lat="52.710292" lon="-117.68643"><ele>2234.284</ele><time>2026-07-02T18:19:37Z</time></trkpt><trkpt lat="52.710334" lon="-117.686475"><ele>2234.414</ele><time>2026-07-02T18:19:44Z</time></trkpt><trkpt lat="52.710365" lon="-117.686498"><ele>2234.633</ele><time>2026-07-02T18:19:52Z</time></trkpt><trkpt lat="52.710385" lon="-117.686488"><ele>2234.699</ele><time>2026-07-02T18:19:58Z</time></trkpt><trkpt lat="52.710418" lon="-117.686511"><ele>2234.853</ele><time>2026-07-02T18:20:04Z</time></trkpt><trkpt lat="52.710448" lon="-117.686528"><ele>2235.011</ele><time>2026-07-02T18:20:09Z</time></trkpt><trkpt lat="52.710466" lon="-117.686549"><ele>2235.272</ele><time>2026-07-02T18:20:12Z</time></trkpt><trkpt lat="52.710478" lon="-117.686577"><ele>2235.085</ele><time>2026-07-02T18:20:17Z</time></trkpt><trkpt lat="52.710497" lon="-117.68657"><ele>2235.489</ele><time>2026-07-02T18:20:26Z</time></trkpt><trkpt lat="52.710546" lon="-117.686622"><ele>2235.017</ele><time>2026-07-02T18:20:35Z</time></trkpt><trkpt lat="52.710569" lon="-117.686636"><ele>2234.809</ele><time>2026-07-02T18:20:42Z</time></trkpt><trkpt lat="52.710609" lon="-117.686651"><ele>2235.050</ele><time>2026-07-02T18:20:50Z</time></trkpt><trkpt lat="52.710656" lon="-117.686669"><ele>2235.025</ele><time>2026-07-02T18:20:56Z</time></trkpt><trkpt lat="52.710664" lon="-117.686663"><ele>2235.030</ele><time>2026-07-02T18:20:57Z</time></trkpt><trkpt lat="52.710694" lon="-117.686663"><ele>2235.070</ele><time>2026-07-02T18:21:03Z</time></trkpt><trkpt lat="52.710699" lon="-117.686667"><ele>2235.049</ele><time>2026-07-02T18:21:04Z</time></trkpt><trkpt lat="52.710729" lon="-117.686663"><ele>2234.855</ele><time>2026-07-02T18:21:10Z</time></trkpt><trkpt lat="52.710748" lon="-117.686654"><ele>2234.219</ele><time>2026-07-02T18:21:17Z</time></trkpt><trkpt lat="52.710765" lon="-117.686656"><ele>2234.277</ele><time>2026-07-02T18:21:23Z</time></trkpt><trkpt lat="52.710772" lon="-117.686657"><ele>2234.088</ele><time>2026-07-02T18:21:24Z</time></trkpt><trkpt lat="52.710792" lon="-117.686669"><ele>2234.029</ele><time>2026-07-02T18:21:26Z</time></trkpt><trkpt lat="52.710855" lon="-117.6867"><ele>2233.200</ele><time>2026-07-02T18:21:33Z</time></trkpt><trkpt lat="52.710859" lon="-117.686708"><ele>2233.020</ele><time>2026-07-02T18:21:34Z</time></trkpt><trkpt lat="52.710866" lon="-117.686717"><ele>2232.809</ele><time>2026-07-02T18:21:35Z</time></trkpt><trkpt lat="52.710884" lon="-117.686714"><ele>2232.694</ele><time>2026-07-02T18:21:37Z</time></trkpt><trkpt lat="52.71092" lon="-117.686719"><ele>2232.429</ele><time>2026-07-02T18:21:41Z</time></trkpt><trkpt lat="52.710926" lon="-117.686721"><ele>2232.224</ele><time>2026-07-02T18:21:42Z</time></trkpt><trkpt lat="52.710935" lon="-117.686717"><ele>2232.084</ele><time>2026-07-02T18:21:44Z</time></trkpt><trkpt lat="52.710943" lon="-117.686715"><ele>2232.043</ele><time>2026-07-02T18:21:45Z</time></trkpt><trkpt lat="52.710976" lon="-117.686714"><ele>2231.699</ele><time>2026-07-02T18:21:49Z</time></trkpt><trkpt lat="52.711008" lon="-117.686717"><ele>2231.053</ele><time>2026-07-02T18:21:53Z</time></trkpt><trkpt lat="52.711033" lon="-117.686717"><ele>2230.681</ele><time>2026-07-02T18:21:56Z</time></trkpt><trkpt lat="52.71104" lon="-117.68672"><ele>2230.682</ele><time>2026-07-02T18:21:57Z</time></trkpt><trkpt lat="52.711057" lon="-117.686717"><ele>2230.489</ele><time>2026-07-02T18:22:03Z</time></trkpt><trkpt lat="52.711094" lon="-117.686746"><ele>2230.006</ele><time>2026-07-02T18:22:11Z</time></trkpt><trkpt lat="52.711096" lon="-117.686747"><ele>2229.826</ele><time>2026-07-02T18:22:12Z</time></trkpt><trkpt lat="52.711098" lon="-117.686746"><ele>2229.809</ele><time>2026-07-02T18:22:23Z</time></trkpt><trkpt lat="52.711128" lon="-117.686768"><ele>2229.230</ele><time>2026-07-02T18:22:32Z</time></trkpt><trkpt lat="52.711161" lon="-117.686778"><ele>2228.895</ele><time>2026-07-02T18:22:36Z</time></trkpt><trkpt lat="52.711193" lon="-117.686782"><ele>2228.020</ele><time>2026-07-02T18:22:41Z</time></trkpt><trkpt lat="52.711205" lon="-117.686778"><ele>2227.890</ele><time>2026-07-02T18:22:43Z</time></trkpt><trkpt lat="52.711211" lon="-117.686778"><ele>2227.839</ele><time>2026-07-02T18:22:44Z</time></trkpt><trkpt lat="52.711255" lon="-117.686782"><ele>2227.445</ele><time>2026-07-02T18:22:50Z</time></trkpt><trkpt lat="52.71126" lon="-117.68679"><ele>2227.429</ele><time>2026-07-02T18:22:51Z</time></trkpt><trkpt lat="52.711297" lon="-117.686819"><ele>2227.057</ele><time>2026-07-02T18:22:59Z</time></trkpt><trkpt lat="52.711307" lon="-117.686833"><ele>2226.678</ele><time>2026-07-02T18:23:01Z</time></trkpt><trkpt lat="52.711334" lon="-117.686841"><ele>2226.485</ele><time>2026-07-02T18:23:07Z</time></trkpt><trkpt lat="52.711358" lon="-117.686848"><ele>2225.689</ele><time>2026-07-02T18:23:15Z</time></trkpt><trkpt lat="52.711376" lon="-117.686884"><ele>2225.417</ele><time>2026-07-02T18:23:20Z</time></trkpt><trkpt lat="52.71137" lon="-117.686881"><ele>2225.409</ele><time>2026-07-02T18:23:23Z</time></trkpt><trkpt lat="52.711389" lon="-117.686911"><ele>2225.480</ele><time>2026-07-02T18:23:29Z</time></trkpt><trkpt lat="52.711402" lon="-117.686913"><ele>2225.095</ele><time>2026-07-02T18:23:37Z</time></trkpt><trkpt lat="52.711404" lon="-117.686919"><ele>2225.680</ele><time>2026-07-02T18:23:48Z</time></trkpt><trkpt lat="52.711427" lon="-117.686942"><ele>2225.250</ele><time>2026-07-02T18:23:55Z</time></trkpt><trkpt lat="52.711456" lon="-117.686961"><ele>2224.649</ele><time>2026-07-02T18:24:03Z</time></trkpt><trkpt lat="52.711526" lon="-117.686997"><ele>2223.895</ele><time>2026-07-02T18:24:12Z</time></trkpt><trkpt lat="52.711537" lon="-117.687007"><ele>2223.669</ele><time>2026-07-02T18:24:14Z</time></trkpt><trkpt lat="52.711551" lon="-117.687017"><ele>2223.227</ele><time>2026-07-02T18:24:20Z</time></trkpt><trkpt lat="52.711571" lon="-117.687023"><ele>2222.668</ele><time>2026-07-02T18:24:28Z</time></trkpt><trkpt lat="52.711573" lon="-117.687028"><ele>2222.673</ele><time>2026-07-02T18:24:29Z</time></trkpt><trkpt lat="52.711605" lon="-117.687052"><ele>2222.285</ele><time>2026-07-02T18:24:35Z</time></trkpt><trkpt lat="52.711648" lon="-117.687108"><ele>2221.813</ele><time>2026-07-02T18:24:43Z</time></trkpt><trkpt lat="52.711671" lon="-117.687133"><ele>2221.609</ele><time>2026-07-02T18:24:46Z</time></trkpt><trkpt lat="52.711718" lon="-117.687177"><ele>2220.489</ele><time>2026-07-02T18:24:52Z</time></trkpt><trkpt lat="52.711746" lon="-117.687205"><ele>2219.684</ele><time>2026-07-02T18:24:57Z</time></trkpt><trkpt lat="52.711756" lon="-117.687208"><ele>2219.459</ele><time>2026-07-02T18:24:58Z</time></trkpt><trkpt lat="52.711763" lon="-117.687214"><ele>2219.219</ele><time>2026-07-02T18:24:59Z</time></trkpt><trkpt lat="52.711765" lon="-117.687225"><ele>2219.038</ele><time>2026-07-02T18:25:00Z</time></trkpt><trkpt lat="52.711767" lon="-117.687238"><ele>2218.494</ele><time>2026-07-02T18:25:05Z</time></trkpt><trkpt lat="52.711771" lon="-117.687238"><ele>2218.428</ele><time>2026-07-02T18:25:07Z</time></trkpt><trkpt lat="52.711805" lon="-117.687277"><ele>2218.026</ele><time>2026-07-02T18:25:15Z</time></trkpt><trkpt lat="52.71183" lon="-117.687308"><ele>2217.477</ele><time>2026-07-02T18:25:20Z</time></trkpt><trkpt lat="52.711831" lon="-117.687314"><ele>2216.835</ele><time>2026-07-02T18:25:23Z</time></trkpt><trkpt lat="52.711867" lon="-117.68735"><ele>2216.286</ele><time>2026-07-02T18:25:28Z</time></trkpt><trkpt lat="52.711878" lon="-117.68736"><ele>2216.014</ele><time>2026-07-02T18:25:30Z</time></trkpt><trkpt lat="52.711904" lon="-117.687383"><ele>2215.209</ele><time>2026-07-02T18:25:35Z</time></trkpt><trkpt lat="52.711914" lon="-117.68738"><ele>2214.885</ele><time>2026-07-02T18:25:38Z</time></trkpt><trkpt lat="52.711933" lon="-117.687388"><ele>2214.250</ele><time>2026-07-02T18:25:41Z</time></trkpt><trkpt lat="52.711934" lon="-117.687384"><ele>2214.025</ele><time>2026-07-02T18:25:42Z</time></trkpt><trkpt lat="52.711927" lon="-117.687396"><ele>2213.415</ele><time>2026-07-02T18:25:47Z</time></trkpt><trkpt lat="52.711931" lon="-117.687402"><ele>2213.434</ele><time>2026-07-02T18:25:50Z</time></trkpt><trkpt lat="52.711936" lon="-117.687399"><ele>2213.260</ele><time>2026-07-02T18:25:57Z</time></trkpt><trkpt lat="52.711928" lon="-117.687405"><ele>2213.484</ele><time>2026-07-02T18:26:07Z</time></trkpt><trkpt lat="52.711928" lon="-117.687408"><ele>2213.682</ele><time>2026-07-02T18:26:09Z</time></trkpt><trkpt lat="52.71193" lon="-117.687411"><ele>2213.863</ele><time>2026-07-02T18:26:11Z</time></trkpt><trkpt lat="52.711943" lon="-117.687397"><ele>2213.881</ele><time>2026-07-02T18:26:19Z</time></trkpt><trkpt lat="52.711946" lon="-117.687393"><ele>2214.261</ele><time>2026-07-02T18:26:25Z</time></trkpt><trkpt lat="52.711952" lon="-117.687393"><ele>2214.417</ele><time>2026-07-02T18:26:29Z</time></trkpt><trkpt lat="52.711955" lon="-117.687388"><ele>2214.009</ele><time>2026-07-02T18:26:39Z</time></trkpt><trkpt lat="52.711951" lon="-117.687414"><ele>2214.230</ele><time>2026-07-02T18:26:48Z</time></trkpt><trkpt lat="52.711992" lon="-117.687429"><ele>2213.645</ele><time>2026-07-02T18:26:55Z</time></trkpt><trkpt lat="52.712026" lon="-117.687457"><ele>2213.030</ele><time>2026-07-02T18:26:59Z</time></trkpt><trkpt lat="52.712059" lon="-117.687479"><ele>2212.440</ele><time>2026-07-02T18:27:02Z</time></trkpt><trkpt lat="52.712081" lon="-117.687491"><ele>2211.899</ele><time>2026-07-02T18:27:04Z</time></trkpt><trkpt lat="52.712118" lon="-117.687529"><ele>2210.685</ele><time>2026-07-02T18:27:08Z</time></trkpt><trkpt lat="52.712146" lon="-117.687557"><ele>2210.259</ele><time>2026-07-02T18:27:11Z</time></trkpt><trkpt lat="52.712173" lon="-117.68758"><ele>2209.637</ele><time>2026-07-02T18:27:14Z</time></trkpt><trkpt lat="52.712182" lon="-117.687587"><ele>2209.428</ele><time>2026-07-02T18:27:15Z</time></trkpt><trkpt lat="52.712217" lon="-117.6876"><ele>2208.624</ele><time>2026-07-02T18:27:19Z</time></trkpt><trkpt lat="52.712224" lon="-117.687602"><ele>2208.404</ele><time>2026-07-02T18:27:20Z</time></trkpt><trkpt lat="52.712269" lon="-117.687617"><ele>2207.214</ele><time>2026-07-02T18:27:26Z</time></trkpt><trkpt lat="52.712281" lon="-117.687614"><ele>2207.009</ele><time>2026-07-02T18:27:27Z</time></trkpt><trkpt lat="52.712327" lon="-117.68759"><ele>2206.284</ele><time>2026-07-02T18:27:31Z</time></trkpt><trkpt lat="52.712358" lon="-117.687585"><ele>2205.219</ele><time>2026-07-02T18:27:34Z</time></trkpt><trkpt lat="52.712367" lon="-117.687585"><ele>2204.894</ele><time>2026-07-02T18:27:35Z</time></trkpt><trkpt lat="52.712452" lon="-117.687609"><ele>2204.414</ele><time>2026-07-02T18:27:42Z</time></trkpt><trkpt lat="52.712482" lon="-117.687636"><ele>2204.213</ele><time>2026-07-02T18:27:44Z</time></trkpt><trkpt lat="52.712511" lon="-117.687668"><ele>2203.839</ele><time>2026-07-02T18:27:47Z</time></trkpt><trkpt lat="52.712534" lon="-117.687688"><ele>2203.483</ele><time>2026-07-02T18:27:49Z</time></trkpt><trkpt lat="52.712575" lon="-117.687711"><ele>2202.651</ele><time>2026-07-02T18:27:54Z</time></trkpt><trkpt lat="52.712619" lon="-117.687717"><ele>2202.272</ele><time>2026-07-02T18:27:58Z</time></trkpt><trkpt lat="52.71268" lon="-117.687716"><ele>2201.641</ele><time>2026-07-02T18:28:04Z</time></trkpt><trkpt lat="52.712721" lon="-117.687726"><ele>2200.881</ele><time>2026-07-02T18:28:08Z</time></trkpt><trkpt lat="52.712758" lon="-117.687736"><ele>2200.409</ele><time>2026-07-02T18:28:11Z</time></trkpt><trkpt lat="52.712824" lon="-117.687744"><ele>2199.609</ele><time>2026-07-02T18:28:16Z</time></trkpt><trkpt lat="52.712841" lon="-117.687734"><ele>2199.466</ele><time>2026-07-02T18:28:18Z</time></trkpt><trkpt lat="52.712865" lon="-117.687723"><ele>2198.891</ele><time>2026-07-02T18:28:21Z</time></trkpt><trkpt lat="52.712899" lon="-117.687696"><ele>2198.226</ele><time>2026-07-02T18:28:24Z</time></trkpt><trkpt lat="52.712957" lon="-117.687693"><ele>2197.646</ele><time>2026-07-02T18:28:29Z</time></trkpt><trkpt lat="52.713005" lon="-117.687702"><ele>2197.295</ele><time>2026-07-02T18:28:33Z</time></trkpt><trkpt lat="52.713049" lon="-117.687729"><ele>2196.471</ele><time>2026-07-02T18:28:37Z</time></trkpt><trkpt lat="52.713135" lon="-117.687763"><ele>2196.475</ele><time>2026-07-02T18:28:46Z</time></trkpt><trkpt lat="52.713202" lon="-117.687729"><ele>2196.043</ele><time>2026-07-02T18:28:52Z</time></trkpt><trkpt lat="52.713218" lon="-117.687612"><ele>2195.454</ele><time>2026-07-02T18:28:57Z</time></trkpt><trkpt lat="52.713178" lon="-117.687501"><ele>2195.254</ele><time>2026-07-02T18:29:03Z</time></trkpt><trkpt lat="52.713158" lon="-117.68743"><ele>2195.056</ele><time>2026-07-02T18:29:07Z</time></trkpt><trkpt lat="52.713136" lon="-117.687356"><ele>2195.011</ele><time>2026-07-02T18:29:12Z</time></trkpt><trkpt lat="52.713098" lon="-117.687186"><ele>2194.409</ele><time>2026-07-02T18:29:21Z</time></trkpt><trkpt lat="52.713072" lon="-117.687112"><ele>2194.067</ele><time>2026-07-02T18:29:25Z</time></trkpt><trkpt lat="52.713058" lon="-117.687062"><ele>2193.872</ele><time>2026-07-02T18:29:28Z</time></trkpt><trkpt lat="52.713044" lon="-117.686929"><ele>2193.447</ele><time>2026-07-02T18:29:35Z</time></trkpt><trkpt lat="52.713041" lon="-117.686901"><ele>2193.247</ele><time>2026-07-02T18:29:37Z</time></trkpt><trkpt lat="52.71304" lon="-117.686872"><ele>2192.826</ele><time>2026-07-02T18:29:39Z</time></trkpt><trkpt lat="52.713039" lon="-117.686842"><ele>2192.672</ele><time>2026-07-02T18:29:41Z</time></trkpt><trkpt lat="52.713045" lon="-117.68675"><ele>2191.836</ele><time>2026-07-02T18:29:46Z</time></trkpt><trkpt lat="52.713048" lon="-117.686735"><ele>2191.654</ele><time>2026-07-02T18:29:47Z</time></trkpt><trkpt lat="52.713074" lon="-117.68661"><ele>2191.455</ele><time>2026-07-02T18:29:54Z</time></trkpt><trkpt lat="52.713113" lon="-117.686527"><ele>2190.855</ele><time>2026-07-02T18:30:01Z</time></trkpt><trkpt lat="52.71315" lon="-117.686449"><ele>2189.607</ele><time>2026-07-02T18:30:07Z</time></trkpt><trkpt lat="52.713168" lon="-117.686428"><ele>2189.217</ele><time>2026-07-02T18:30:10Z</time></trkpt><trkpt lat="52.713217" lon="-117.686335"><ele>2188.609</ele><time>2026-07-02T18:30:16Z</time></trkpt><trkpt lat="52.713221" lon="-117.68633"><ele>2188.257</ele><time>2026-07-02T18:30:17Z</time></trkpt><trkpt lat="52.713236" lon="-117.686244"><ele>2188.022</ele><time>2026-07-02T18:30:23Z</time></trkpt><trkpt lat="52.71327" lon="-117.686183"><ele>2187.457</ele><time>2026-07-02T18:30:27Z</time></trkpt><trkpt lat="52.713286" lon="-117.686152"><ele>2187.097</ele><time>2026-07-02T18:30:30Z</time></trkpt><trkpt lat="52.713335" lon="-117.686079"><ele>2186.676</ele><time>2026-07-02T18:30:35Z</time></trkpt><trkpt lat="52.713351" lon="-117.68605"><ele>2186.422</ele><time>2026-07-02T18:30:37Z</time></trkpt><trkpt lat="52.713384" lon="-117.685991"><ele>2185.866</ele><time>2026-07-02T18:30:42Z</time></trkpt><trkpt lat="52.71342" lon="-117.685958"><ele>2185.434</ele><time>2026-07-02T18:30:45Z</time></trkpt><trkpt lat="52.713461" lon="-117.685896"><ele>2185.035</ele><time>2026-07-02T18:30:49Z</time></trkpt><trkpt lat="52.713511" lon="-117.68582"><ele>2184.627</ele><time>2026-07-02T18:30:55Z</time></trkpt><trkpt lat="52.713582" lon="-117.685748"><ele>2184.468</ele><time>2026-07-02T18:31:03Z</time></trkpt><trkpt lat="52.713641" lon="-117.685759"><ele>2184.414</ele><time>2026-07-02T18:31:09Z</time></trkpt><trkpt lat="52.713723" lon="-117.685828"><ele>2184.809</ele><time>2026-07-02T18:31:18Z</time></trkpt><trkpt lat="52.713795" lon="-117.685864"><ele>2184.664</ele><time>2026-07-02T18:31:26Z</time></trkpt><trkpt lat="52.713891" lon="-117.685882"><ele>2184.879</ele><time>2026-07-02T18:31:35Z</time></trkpt><trkpt lat="52.713964" lon="-117.685899"><ele>2184.864</ele><time>2026-07-02T18:31:42Z</time></trkpt><trkpt lat="52.714001" lon="-117.685913"><ele>2185.054</ele><time>2026-07-02T18:31:46Z</time></trkpt><trkpt lat="52.714036" lon="-117.685925"><ele>2184.863</ele><time>2026-07-02T18:31:51Z</time></trkpt><trkpt lat="52.714104" lon="-117.685956"><ele>2185.289</ele><time>2026-07-02T18:31:58Z</time></trkpt><trkpt lat="52.714127" lon="-117.685966"><ele>2185.483</ele><time>2026-07-02T18:32:01Z</time></trkpt><trkpt lat="52.714184" lon="-117.68598"><ele>2185.411</ele><time>2026-07-02T18:32:07Z</time></trkpt><trkpt lat="52.71427" lon="-117.68599"><ele>2185.222</ele><time>2026-07-02T18:32:14Z</time></trkpt><trkpt lat="52.714309" lon="-117.685997"><ele>2185.278</ele><time>2026-07-02T18:32:18Z</time></trkpt><trkpt lat="52.714322" lon="-117.686"><ele>2185.233</ele><time>2026-07-02T18:32:20Z</time></trkpt><trkpt lat="52.714355" lon="-117.686009"><ele>2185.226</ele><time>2026-07-02T18:32:23Z</time></trkpt><trkpt lat="52.714448" lon="-117.686035"><ele>2185.409</ele><time>2026-07-02T18:32:32Z</time></trkpt><trkpt lat="52.714518" lon="-117.686059"><ele>2184.819</ele><time>2026-07-02T18:32:39Z</time></trkpt><trkpt lat="52.714606" lon="-117.686116"><ele>2184.484</ele><time>2026-07-02T18:32:47Z</time></trkpt><trkpt lat="52.714687" lon="-117.686162"><ele>2184.469</ele><time>2026-07-02T18:32:55Z</time></trkpt><trkpt lat="52.714706" lon="-117.686193"><ele>2184.229</ele><time>2026-07-02T18:32:58Z</time></trkpt><trkpt lat="52.714734" lon="-117.686252"><ele>2184.618</ele><time>2026-07-02T18:33:03Z</time></trkpt><trkpt lat="52.7148" lon="-117.686317"><ele>2184.824</ele><time>2026-07-02T18:33:12Z</time></trkpt><trkpt lat="52.71485" lon="-117.686408"><ele>2185.228</ele><time>2026-07-02T18:33:20Z</time></trkpt><trkpt lat="52.714866" lon="-117.68643"><ele>2185.476</ele><time>2026-07-02T18:33:22Z</time></trkpt><trkpt lat="52.714898" lon="-117.686489"><ele>2185.837</ele><time>2026-07-02T18:33:27Z</time></trkpt><trkpt lat="52.714919" lon="-117.686521"><ele>2186.079</ele><time>2026-07-02T18:33:30Z</time></trkpt><trkpt lat="52.714957" lon="-117.686577"><ele>2185.805</ele><time>2026-07-02T18:33:35Z</time></trkpt><trkpt lat="52.714991" lon="-117.686625"><ele>2185.625</ele><time>2026-07-02T18:33:39Z</time></trkpt><trkpt lat="52.715086" lon="-117.686721"><ele>2185.409</ele><time>2026-07-02T18:33:49Z</time></trkpt><trkpt lat="52.715161" lon="-117.686799"><ele>2185.269</ele><time>2026-07-02T18:33:57Z</time></trkpt><trkpt lat="52.715261" lon="-117.686879"><ele>2185.044</ele><time>2026-07-02T18:34:07Z</time></trkpt><trkpt lat="52.715366" lon="-117.686938"><ele>2185.099</ele><time>2026-07-02T18:34:16Z</time></trkpt><trkpt lat="52.715451" lon="-117.68698"><ele>2184.699</ele><time>2026-07-02T18:34:24Z</time></trkpt><trkpt lat="52.71546" lon="-117.686983"><ele>2184.648</ele><time>2026-07-02T18:34:25Z</time></trkpt><trkpt lat="52.715526" lon="-117.686993"><ele>2184.634</ele><time>2026-07-02T18:34:31Z</time></trkpt><trkpt lat="52.715532" lon="-117.686979"><ele>2184.638</ele><time>2026-07-02T18:34:32Z</time></trkpt><trkpt lat="52.715529" lon="-117.68696"><ele>2184.636</ele><time>2026-07-02T18:34:33Z</time></trkpt><trkpt lat="52.715519" lon="-117.686907"><ele>2184.477</ele><time>2026-07-02T18:34:36Z</time></trkpt><trkpt lat="52.715515" lon="-117.686893"><ele>2184.253</ele><time>2026-07-02T18:34:37Z</time></trkpt><trkpt lat="52.715507" lon="-117.686823"><ele>2183.204</ele><time>2026-07-02T18:34:41Z</time></trkpt><trkpt lat="52.715496" lon="-117.686768"><ele>2182.614</ele><time>2026-07-02T18:34:44Z</time></trkpt><trkpt lat="52.715482" lon="-117.686734"><ele>2182.209</ele><time>2026-07-02T18:34:46Z</time></trkpt><trkpt lat="52.715463" lon="-117.686641"><ele>2181.257</ele><time>2026-07-02T18:34:51Z</time></trkpt><trkpt lat="52.715462" lon="-117.686618"><ele>2181.052</ele><time>2026-07-02T18:34:52Z</time></trkpt><trkpt lat="52.715451" lon="-117.686583"><ele>2180.617</ele><time>2026-07-02T18:34:54Z</time></trkpt><trkpt lat="52.715432" lon="-117.686532"><ele>2180.017</ele><time>2026-07-02T18:34:57Z</time></trkpt><trkpt lat="52.715419" lon="-117.68647"><ele>2179.226</ele><time>2026-07-02T18:35:00Z</time></trkpt><trkpt lat="52.715414" lon="-117.686452"><ele>2178.822</ele><time>2026-07-02T18:35:01Z</time></trkpt><trkpt lat="52.715378" lon="-117.686379"><ele>2177.846</ele><time>2026-07-02T18:35:06Z</time></trkpt><trkpt lat="52.715371" lon="-117.686345"><ele>2177.444</ele><time>2026-07-02T18:35:08Z</time></trkpt><trkpt lat="52.715355" lon="-117.68627"><ele>2176.875</ele><time>2026-07-02T18:35:12Z</time></trkpt><trkpt lat="52.715342" lon="-117.686217"><ele>2176.229</ele><time>2026-07-02T18:35:15Z</time></trkpt><trkpt lat="52.715325" lon="-117.686133"><ele>2175.600</ele><time>2026-07-02T18:35:20Z</time></trkpt><trkpt lat="52.715315" lon="-117.686077"><ele>2174.620</ele><time>2026-07-02T18:35:23Z</time></trkpt><trkpt lat="52.715312" lon="-117.686063"><ele>2174.609</ele><time>2026-07-02T18:35:24Z</time></trkpt><trkpt lat="52.715284" lon="-117.685945"><ele>2173.884</ele><time>2026-07-02T18:35:30Z</time></trkpt><trkpt lat="52.715266" lon="-117.685883"><ele>2173.469</ele><time>2026-07-02T18:35:34Z</time></trkpt><trkpt lat="52.715258" lon="-117.685807"><ele>2172.694</ele><time>2026-07-02T18:35:38Z</time></trkpt><trkpt lat="52.715242" lon="-117.68578"><ele>2172.234</ele><time>2026-07-02T18:35:40Z</time></trkpt><trkpt lat="52.715234" lon="-117.68573"><ele>2171.633</ele><time>2026-07-02T18:35:43Z</time></trkpt><trkpt lat="52.715222" lon="-117.685629"><ele>2171.299</ele><time>2026-07-02T18:35:48Z</time></trkpt><trkpt lat="52.715212" lon="-117.685559"><ele>2170.453</ele><time>2026-07-02T18:35:52Z</time></trkpt><trkpt lat="52.715207" lon="-117.685516"><ele>2170.241</ele><time>2026-07-02T18:35:54Z</time></trkpt><trkpt lat="52.715213" lon="-117.68544"><ele>2169.492</ele><time>2026-07-02T18:35:59Z</time></trkpt><trkpt lat="52.715213" lon="-117.685418"><ele>2169.286</ele><time>2026-07-02T18:36:00Z</time></trkpt><trkpt lat="52.715212" lon="-117.685337"><ele>2168.060</ele><time>2026-07-02T18:36:04Z</time></trkpt><trkpt lat="52.715205" lon="-117.685267"><ele>2167.426</ele><time>2026-07-02T18:36:08Z</time></trkpt><trkpt lat="52.715197" lon="-117.68521"><ele>2166.809</ele><time>2026-07-02T18:36:12Z</time></trkpt><trkpt lat="52.715188" lon="-117.685133"><ele>2165.830</ele><time>2026-07-02T18:36:16Z</time></trkpt><trkpt lat="52.715189" lon="-117.685115"><ele>2165.685</ele><time>2026-07-02T18:36:17Z</time></trkpt><trkpt lat="52.715177" lon="-117.685036"><ele>2164.670</ele><time>2026-07-02T18:36:22Z</time></trkpt><trkpt lat="52.715173" lon="-117.685021"><ele>2164.260</ele><time>2026-07-02T18:36:23Z</time></trkpt><trkpt lat="52.71517" lon="-117.684979"><ele>2163.499</ele><time>2026-07-02T18:36:26Z</time></trkpt><trkpt lat="52.715172" lon="-117.684929"><ele>2162.695</ele><time>2026-07-02T18:36:29Z</time></trkpt><trkpt lat="52.715166" lon="-117.684917"><ele>2162.429</ele><time>2026-07-02T18:36:30Z</time></trkpt><trkpt lat="52.715173" lon="-117.684854"><ele>2161.657</ele><time>2026-07-02T18:36:34Z</time></trkpt><trkpt lat="52.71518" lon="-117.684822"><ele>2161.288</ele><time>2026-07-02T18:36:36Z</time></trkpt><trkpt lat="52.715174" lon="-117.684808"><ele>2161.056</ele><time>2026-07-02T18:36:37Z</time></trkpt><trkpt lat="52.715174" lon="-117.684773"><ele>2160.659</ele><time>2026-07-02T18:36:39Z</time></trkpt><trkpt lat="52.715178" lon="-117.684742"><ele>2160.214</ele><time>2026-07-02T18:36:41Z</time></trkpt><trkpt lat="52.715176" lon="-117.684723"><ele>2160.209</ele><time>2026-07-02T18:36:42Z</time></trkpt><trkpt lat="52.715195" lon="-117.684602"><ele>2159.037</ele><time>2026-07-02T18:36:49Z</time></trkpt><trkpt lat="52.715231" lon="-117.684505"><ele>2157.852</ele><time>2026-07-02T18:36:55Z</time></trkpt><trkpt lat="52.715238" lon="-117.684471"><ele>2157.627</ele><time>2026-07-02T18:36:57Z</time></trkpt><trkpt lat="52.715236" lon="-117.68436"><ele>2156.897</ele><time>2026-07-02T18:37:03Z</time></trkpt><trkpt lat="52.715234" lon="-117.684343"><ele>2156.676</ele><time>2026-07-02T18:37:04Z</time></trkpt><trkpt lat="52.715224" lon="-117.684251"><ele>2155.852</ele><time>2026-07-02T18:37:09Z</time></trkpt><trkpt lat="52.715223" lon="-117.684231"><ele>2155.616</ele><time>2026-07-02T18:37:10Z</time></trkpt><trkpt lat="52.715234" lon="-117.684112"><ele>2154.694</ele><time>2026-07-02T18:37:17Z</time></trkpt><trkpt lat="52.715253" lon="-117.684066"><ele>2153.665</ele><time>2026-07-02T18:37:21Z</time></trkpt><trkpt lat="52.715255" lon="-117.684035"><ele>2153.495</ele><time>2026-07-02T18:37:23Z</time></trkpt><trkpt lat="52.715258" lon="-117.683978"><ele>2152.849</ele><time>2026-07-02T18:37:27Z</time></trkpt><trkpt lat="52.715264" lon="-117.683943"><ele>2152.423</ele><time>2026-07-02T18:37:29Z</time></trkpt><trkpt lat="52.715274" lon="-117.683938"><ele>2152.209</ele><time>2026-07-02T18:37:30Z</time></trkpt><trkpt lat="52.71528" lon="-117.683888"><ele>2151.251</ele><time>2026-07-02T18:37:34Z</time></trkpt><trkpt lat="52.715282" lon="-117.68385"><ele>2150.886</ele><time>2026-07-02T18:37:36Z</time></trkpt><trkpt lat="52.715294" lon="-117.683794"><ele>2150.071</ele><time>2026-07-02T18:37:39Z</time></trkpt><trkpt lat="52.715316" lon="-117.683745"><ele>2149.261</ele><time>2026-07-02T18:37:42Z</time></trkpt><trkpt lat="52.715324" lon="-117.683713"><ele>2149.010</ele><time>2026-07-02T18:37:44Z</time></trkpt><trkpt lat="52.715343" lon="-117.68364"><ele>2148.046</ele><time>2026-07-02T18:37:49Z</time></trkpt><trkpt lat="52.715395" lon="-117.683531"><ele>2146.830</ele><time>2026-07-02T18:37:57Z</time></trkpt><trkpt lat="52.715412" lon="-117.683485"><ele>2145.838</ele><time>2026-07-02T18:38:01Z</time></trkpt><trkpt lat="52.715434" lon="-117.683399"><ele>2145.289</ele><time>2026-07-02T18:38:06Z</time></trkpt><trkpt lat="52.715459" lon="-117.68333"><ele>2144.667</ele><time>2026-07-02T18:38:11Z</time></trkpt><trkpt lat="52.715471" lon="-117.6833"><ele>2144.681</ele><time>2026-07-02T18:38:13Z</time></trkpt><trkpt lat="52.715502" lon="-117.683219"><ele>2143.619</ele><time>2026-07-02T18:38:18Z</time></trkpt><trkpt lat="52.715507" lon="-117.68319"><ele>2143.209</ele><time>2026-07-02T18:38:20Z</time></trkpt><trkpt lat="52.715521" lon="-117.683142"><ele>2142.868</ele><time>2026-07-02T18:38:23Z</time></trkpt><trkpt lat="52.71553" lon="-117.683118"><ele>2142.653</ele><time>2026-07-02T18:38:25Z</time></trkpt><trkpt lat="52.715537" lon="-117.68309"><ele>2142.448</ele><time>2026-07-02T18:38:27Z</time></trkpt><trkpt lat="52.715578" lon="-117.682954"><ele>2141.888</ele><time>2026-07-02T18:38:35Z</time></trkpt><trkpt lat="52.715599" lon="-117.682868"><ele>2141.697</ele><time>2026-07-02T18:38:40Z</time></trkpt><trkpt lat="52.715605" lon="-117.682826"><ele>2141.463</ele><time>2026-07-02T18:38:42Z</time></trkpt><trkpt lat="52.715657" lon="-117.682692"><ele>2140.637</ele><time>2026-07-02T18:38:51Z</time></trkpt><trkpt lat="52.715666" lon="-117.682674"><ele>2140.435</ele><time>2026-07-02T18:38:52Z</time></trkpt><trkpt lat="52.715715" lon="-117.682566"><ele>2139.616</ele><time>2026-07-02T18:39:01Z</time></trkpt><trkpt lat="52.71572" lon="-117.682554"><ele>2139.486</ele><time>2026-07-02T18:39:02Z</time></trkpt><trkpt lat="52.715757" lon="-117.682474"><ele>2138.860</ele><time>2026-07-02T18:39:08Z</time></trkpt><trkpt lat="52.715779" lon="-117.682431"><ele>2138.426</ele><time>2026-07-02T18:39:11Z</time></trkpt><trkpt lat="52.715816" lon="-117.682329"><ele>2137.809</ele><time>2026-07-02T18:39:19Z</time></trkpt><trkpt lat="52.715839" lon="-117.682281"><ele>2137.420</ele><time>2026-07-02T18:39:23Z</time></trkpt><trkpt lat="52.715836" lon="-117.682284"><ele>2137.235</ele><time>2026-07-02T18:39:26Z</time></trkpt><trkpt lat="52.715841" lon="-117.682278"><ele>2137.640</ele><time>2026-07-02T18:39:32Z</time></trkpt><trkpt lat="52.715855" lon="-117.682243"><ele>2136.890</ele><time>2026-07-02T18:39:38Z</time></trkpt><trkpt lat="52.715887" lon="-117.68219"><ele>2136.229</ele><time>2026-07-02T18:39:43Z</time></trkpt><trkpt lat="52.715918" lon="-117.682161"><ele>2135.695</ele><time>2026-07-02T18:39:46Z</time></trkpt><trkpt lat="52.715933" lon="-117.682134"><ele>2135.299</ele><time>2026-07-02T18:39:48Z</time></trkpt><trkpt lat="52.715972" lon="-117.682091"><ele>2134.237</ele><time>2026-07-02T18:39:52Z</time></trkpt><trkpt lat="52.715983" lon="-117.682079"><ele>2134.088</ele><time>2026-07-02T18:39:53Z</time></trkpt><trkpt lat="52.716009" lon="-117.68203"><ele>2133.882</ele><time>2026-07-02T18:39:57Z</time></trkpt><trkpt lat="52.716023" lon="-117.682002"><ele>2133.443</ele><time>2026-07-02T18:39:59Z</time></trkpt><trkpt lat="52.716046" lon="-117.681961"><ele>2133.017</ele><time>2026-07-02T18:40:02Z</time></trkpt><trkpt lat="52.71609" lon="-117.681882"><ele>2132.209</ele><time>2026-07-02T18:40:07Z</time></trkpt><trkpt lat="52.716108" lon="-117.681859"><ele>2132.030</ele><time>2026-07-02T18:40:09Z</time></trkpt><trkpt lat="52.716156" lon="-117.68183"><ele>2131.225</ele><time>2026-07-02T18:40:13Z</time></trkpt><trkpt lat="52.716199" lon="-117.68181"><ele>2130.810</ele><time>2026-07-02T18:40:18Z</time></trkpt><trkpt lat="52.716228" lon="-117.681792"><ele>2130.460</ele><time>2026-07-02T18:40:21Z</time></trkpt><trkpt lat="52.716253" lon="-117.68178"><ele>2129.889</ele><time>2026-07-02T18:40:24Z</time></trkpt><trkpt lat="52.716261" lon="-117.681777"><ele>2129.845</ele><time>2026-07-02T18:40:25Z</time></trkpt><trkpt lat="52.716277" lon="-117.681758"><ele>2129.459</ele><time>2026-07-02T18:40:27Z</time></trkpt><trkpt lat="52.71631" lon="-117.681748"><ele>2128.667</ele><time>2026-07-02T18:40:31Z</time></trkpt><trkpt lat="52.71633" lon="-117.681733"><ele>2128.088</ele><time>2026-07-02T18:40:34Z</time></trkpt><trkpt lat="52.716348" lon="-117.681721"><ele>2127.699</ele><time>2026-07-02T18:40:36Z</time></trkpt><trkpt lat="52.716365" lon="-117.681717"><ele>2127.207</ele><time>2026-07-02T18:40:40Z</time></trkpt><trkpt lat="52.716379" lon="-117.681708"><ele>2127.027</ele><time>2026-07-02T18:40:42Z</time></trkpt><trkpt lat="52.716397" lon="-117.681701"><ele>2126.409</ele><time>2026-07-02T18:40:44Z</time></trkpt><trkpt lat="52.716431" lon="-117.681701"><ele>2125.221</ele><time>2026-07-02T18:40:48Z</time></trkpt><trkpt lat="52.716457" lon="-117.681706"><ele>2124.876</ele><time>2026-07-02T18:40:50Z</time></trkpt><trkpt lat="52.716493" lon="-117.681735"><ele>2124.441</ele><time>2026-07-02T18:40:54Z</time></trkpt><trkpt lat="52.716526" lon="-117.68174"><ele>2124.271</ele><time>2026-07-02T18:40:58Z</time></trkpt><trkpt lat="52.716537" lon="-117.681735"><ele>2124.040</ele><time>2026-07-02T18:40:59Z</time></trkpt><trkpt lat="52.716562" lon="-117.681712"><ele>2123.616</ele><time>2026-07-02T18:41:02Z</time></trkpt><trkpt lat="52.71658" lon="-117.681688"><ele>2122.840</ele><time>2026-07-02T18:41:05Z</time></trkpt><trkpt lat="52.716655" lon="-117.681678"><ele>2121.878</ele><time>2026-07-02T18:41:12Z</time></trkpt><trkpt lat="52.716665" lon="-117.681677"><ele>2121.889</ele><time>2026-07-02T18:41:13Z</time></trkpt><trkpt lat="52.716739" lon="-117.681676"><ele>2120.822</ele><time>2026-07-02T18:41:19Z</time></trkpt><trkpt lat="52.716748" lon="-117.681681"><ele>2120.662</ele><time>2026-07-02T18:41:20Z</time></trkpt><trkpt lat="52.716798" lon="-117.681653"><ele>2119.408</ele><time>2026-07-02T18:41:26Z</time></trkpt><trkpt lat="52.716859" lon="-117.681632"><ele>2118.209</ele><time>2026-07-02T18:41:32Z</time></trkpt><trkpt lat="52.716881" lon="-117.681627"><ele>2118.044</ele><time>2026-07-02T18:41:34Z</time></trkpt><trkpt lat="52.716918" lon="-117.681602"><ele>2117.299</ele><time>2026-07-02T18:41:40Z</time></trkpt><trkpt lat="52.716926" lon="-117.68159"><ele>2116.854</ele><time>2026-07-02T18:41:42Z</time></trkpt><trkpt lat="52.716947" lon="-117.681561"><ele>2116.054</ele><time>2026-07-02T18:41:46Z</time></trkpt><trkpt lat="52.716949" lon="-117.681574"><ele>2115.633</ele><time>2026-07-02T18:41:48Z</time></trkpt><trkpt lat="52.716969" lon="-117.681575"><ele>2115.299</ele><time>2026-07-02T18:41:51Z</time></trkpt><trkpt lat="52.716973" lon="-117.681581"><ele>2115.023</ele><time>2026-07-02T18:41:52Z</time></trkpt><trkpt lat="52.717008" lon="-117.681549"><ele>2114.211</ele><time>2026-07-02T18:42:00Z</time></trkpt><trkpt lat="52.717023" lon="-117.681544"><ele>2113.862</ele><time>2026-07-02T18:42:02Z</time></trkpt><trkpt lat="52.717032" lon="-117.681494"><ele>2113.098</ele><time>2026-07-02T18:42:06Z</time></trkpt><trkpt lat="52.717023" lon="-117.68148"><ele>2112.815</ele><time>2026-07-02T18:42:08Z</time></trkpt><trkpt lat="52.717018" lon="-117.681439"><ele>2112.026</ele><time>2026-07-02T18:42:12Z</time></trkpt><trkpt lat="52.717009" lon="-117.681412"><ele>2111.609</ele><time>2026-07-02T18:42:15Z</time></trkpt><trkpt lat="52.716996" lon="-117.681393"><ele>2111.261</ele><time>2026-07-02T18:42:17Z</time></trkpt><trkpt lat="52.716992" lon="-117.681386"><ele>2111.036</ele><time>2026-07-02T18:42:18Z</time></trkpt><trkpt lat="52.716991" lon="-117.681387"><ele>2110.871</ele><time>2026-07-02T18:42:19Z</time></trkpt><trkpt lat="52.716991" lon="-117.681385"><ele>2110.631</ele><time>2026-07-02T18:42:20Z</time></trkpt><trkpt lat="52.716985" lon="-117.681374"><ele>2111.040</ele><time>2026-07-02T18:42:37Z</time></trkpt><trkpt lat="52.716985" lon="-117.681374"><ele>2111.076</ele><time>2026-07-02T18:42:39Z</time></trkpt><trkpt lat="52.716985" lon="-117.681374"><ele>2110.810</ele><time>2026-07-02T18:42:40Z</time></trkpt><trkpt lat="52.716985" lon="-117.681373"><ele>2110.818</ele><time>2026-07-02T18:42:41Z</time></trkpt><trkpt lat="52.716985" lon="-117.68135"><ele>2110.889</ele><time>2026-07-02T18:42:42Z</time></trkpt><trkpt lat="52.716985" lon="-117.681333"><ele>2110.884</ele><time>2026-07-02T18:42:43Z</time></trkpt><trkpt lat="52.716982" lon="-117.681316"><ele>2110.607</ele><time>2026-07-02T18:42:44Z</time></trkpt><trkpt lat="52.716977" lon="-117.68127"><ele>2109.217</ele><time>2026-07-02T18:42:47Z</time></trkpt><trkpt lat="52.716975" lon="-117.681227"><ele>2108.009</ele><time>2026-07-02T18:42:49Z</time></trkpt><trkpt lat="52.716965" lon="-117.681188"><ele>2107.060</ele><time>2026-07-02T18:42:51Z</time></trkpt><trkpt lat="52.716964" lon="-117.681093"><ele>2106.015</ele><time>2026-07-02T18:42:55Z</time></trkpt><trkpt lat="52.71696" lon="-117.681054"><ele>2105.630</ele><time>2026-07-02T18:42:57Z</time></trkpt><trkpt lat="52.716952" lon="-117.681017"><ele>2104.610</ele><time>2026-07-02T18:43:00Z</time></trkpt><trkpt lat="52.716936" lon="-117.680935"><ele>2103.889</ele><time>2026-07-02T18:43:04Z</time></trkpt><trkpt lat="52.71693" lon="-117.680911"><ele>2103.655</ele><time>2026-07-02T18:43:05Z</time></trkpt><trkpt lat="52.716925" lon="-117.680838"><ele>2102.459</ele><time>2026-07-02T18:43:10Z</time></trkpt><trkpt lat="52.716923" lon="-117.680827"><ele>2102.237</ele><time>2026-07-02T18:43:11Z</time></trkpt><trkpt lat="52.716916" lon="-117.68079"><ele>2101.448</ele><time>2026-07-02T18:43:14Z</time></trkpt><trkpt lat="52.71691" lon="-117.68071"><ele>2100.219</ele><time>2026-07-02T18:43:19Z</time></trkpt><trkpt lat="52.71691" lon="-117.680694"><ele>2099.809</ele><time>2026-07-02T18:43:20Z</time></trkpt><trkpt lat="52.716908" lon="-117.680668"><ele>2099.219</ele><time>2026-07-02T18:43:22Z</time></trkpt><trkpt lat="52.716898" lon="-117.68058"><ele>2098.009</ele><time>2026-07-02T18:43:27Z</time></trkpt><trkpt lat="52.716898" lon="-117.680484"><ele>2096.823</ele><time>2026-07-02T18:43:34Z</time></trkpt><trkpt lat="52.716925" lon="-117.680491"><ele>2095.868</ele><time>2026-07-02T18:43:37Z</time></trkpt><trkpt lat="52.71696" lon="-117.680494"><ele>2094.863</ele><time>2026-07-02T18:43:41Z</time></trkpt><trkpt lat="52.716968" lon="-117.680494"><ele>2094.633</ele><time>2026-07-02T18:43:42Z</time></trkpt><trkpt lat="52.717011" lon="-117.680475"><ele>2093.492</ele><time>2026-07-02T18:43:47Z</time></trkpt><trkpt lat="52.717023" lon="-117.680494"><ele>2092.828</ele><time>2026-07-02T18:43:49Z</time></trkpt><trkpt lat="52.717038" lon="-117.680507"><ele>2092.442</ele><time>2026-07-02T18:43:51Z</time></trkpt><trkpt lat="52.717053" lon="-117.680494"><ele>2091.660</ele><time>2026-07-02T18:43:54Z</time></trkpt><trkpt lat="52.717063" lon="-117.680485"><ele>2091.281</ele><time>2026-07-02T18:43:56Z</time></trkpt><trkpt lat="52.717067" lon="-117.680474"><ele>2091.055</ele><time>2026-07-02T18:43:57Z</time></trkpt><trkpt lat="52.717079" lon="-117.680445"><ele>2090.007</ele><time>2026-07-02T18:44:01Z</time></trkpt><trkpt lat="52.717088" lon="-117.680445"><ele>2089.617</ele><time>2026-07-02T18:44:03Z</time></trkpt><trkpt lat="52.7171" lon="-117.680429"><ele>2089.009</ele><time>2026-07-02T18:44:05Z</time></trkpt><trkpt lat="52.717129" lon="-117.680397"><ele>2087.847</ele><time>2026-07-02T18:44:10Z</time></trkpt><trkpt lat="52.717118" lon="-117.680345"><ele>2086.622</ele><time>2026-07-02T18:44:15Z</time></trkpt><trkpt lat="52.717118" lon="-117.680331"><ele>2086.667</ele><time>2026-07-02T18:44:16Z</time></trkpt><trkpt lat="52.7171" lon="-117.680259"><ele>2085.647</ele><time>2026-07-02T18:44:21Z</time></trkpt><trkpt lat="52.717088" lon="-117.680242"><ele>2085.496</ele><time>2026-07-02T18:44:23Z</time></trkpt><trkpt lat="52.717071" lon="-117.680226"><ele>2085.252</ele><time>2026-07-02T18:44:25Z</time></trkpt><trkpt lat="52.717065" lon="-117.680203"><ele>2084.816</ele><time>2026-07-02T18:44:28Z</time></trkpt><trkpt lat="52.717067" lon="-117.68018"><ele>2084.664</ele><time>2026-07-02T18:44:30Z</time></trkpt><trkpt lat="52.717056" lon="-117.680144"><ele>2083.485</ele><time>2026-07-02T18:44:34Z</time></trkpt><trkpt lat="52.717053" lon="-117.680116"><ele>2083.232</ele><time>2026-07-02T18:44:36Z</time></trkpt><trkpt lat="52.717045" lon="-117.680065"><ele>2082.492</ele><time>2026-07-02T18:44:40Z</time></trkpt><trkpt lat="52.717035" lon="-117.680045"><ele>2081.811</ele><time>2026-07-02T18:44:43Z</time></trkpt><trkpt lat="52.717028" lon="-117.680014"><ele>2081.409</ele><time>2026-07-02T18:44:46Z</time></trkpt><trkpt lat="52.717015" lon="-117.679961"><ele>2080.225</ele><time>2026-07-02T18:44:51Z</time></trkpt><trkpt lat="52.71698" lon="-117.679876"><ele>2079.490</ele><time>2026-07-02T18:44:58Z</time></trkpt><trkpt lat="52.716975" lon="-117.679864"><ele>2079.285</ele><time>2026-07-02T18:44:59Z</time></trkpt><trkpt lat="52.716961" lon="-117.679794"><ele>2078.095</ele><time>2026-07-02T18:45:05Z</time></trkpt><trkpt lat="52.716954" lon="-117.679778"><ele>2077.684</ele><time>2026-07-02T18:45:07Z</time></trkpt><trkpt lat="52.716946" lon="-117.679757"><ele>2077.470</ele><time>2026-07-02T18:45:09Z</time></trkpt><trkpt lat="52.716931" lon="-117.679732"><ele>2076.894</ele><time>2026-07-02T18:45:12Z</time></trkpt><trkpt lat="52.716924" lon="-117.679724"><ele>2076.812</ele><time>2026-07-02T18:45:13Z</time></trkpt><trkpt lat="52.716887" lon="-117.679659"><ele>2076.273</ele><time>2026-07-02T18:45:19Z</time></trkpt><trkpt lat="52.716878" lon="-117.679623"><ele>2075.849</ele><time>2026-07-02T18:45:23Z</time></trkpt><trkpt lat="52.716865" lon="-117.679599"><ele>2075.202</ele><time>2026-07-02T18:45:26Z</time></trkpt><trkpt lat="52.716854" lon="-117.679571"><ele>2074.622</ele><time>2026-07-02T18:45:30Z</time></trkpt><trkpt lat="52.716837" lon="-117.679505"><ele>2073.609</ele><time>2026-07-02T18:45:35Z</time></trkpt><trkpt lat="52.716809" lon="-117.679456"><ele>2072.416</ele><time>2026-07-02T18:45:41Z</time></trkpt><trkpt lat="52.716785" lon="-117.679411"><ele>2072.281</ele><time>2026-07-02T18:45:45Z</time></trkpt><trkpt lat="52.716752" lon="-117.679373"><ele>2071.486</ele><time>2026-07-02T18:45:50Z</time></trkpt><trkpt lat="52.716739" lon="-117.679357"><ele>2071.246</ele><time>2026-07-02T18:45:52Z</time></trkpt><trkpt lat="52.716705" lon="-117.679291"><ele>2070.875</ele><time>2026-07-02T18:45:59Z</time></trkpt><trkpt lat="52.716687" lon="-117.679248"><ele>2070.441</ele><time>2026-07-02T18:46:02Z</time></trkpt><trkpt lat="52.716661" lon="-117.679208"><ele>2070.295</ele><time>2026-07-02T18:46:06Z</time></trkpt><trkpt lat="52.716654" lon="-117.67918"><ele>2070.043</ele><time>2026-07-02T18:46:09Z</time></trkpt><trkpt lat="52.716633" lon="-117.67912"><ele>2069.684</ele><time>2026-07-02T18:46:14Z</time></trkpt><trkpt lat="52.716625" lon="-117.679085"><ele>2069.419</ele><time>2026-07-02T18:46:16Z</time></trkpt><trkpt lat="52.716577" lon="-117.679"><ele>2068.209</ele><time>2026-07-02T18:46:23Z</time></trkpt><trkpt lat="52.716507" lon="-117.678908"><ele>2067.619</ele><time>2026-07-02T18:46:30Z</time></trkpt><trkpt lat="52.716494" lon="-117.678872"><ele>2067.209</ele><time>2026-07-02T18:46:34Z</time></trkpt><trkpt lat="52.716489" lon="-117.678834"><ele>2066.643</ele><time>2026-07-02T18:46:38Z</time></trkpt><trkpt lat="52.716486" lon="-117.678814"><ele>2066.268</ele><time>2026-07-02T18:46:40Z</time></trkpt><trkpt lat="52.716474" lon="-117.67875"><ele>2065.073</ele><time>2026-07-02T18:46:47Z</time></trkpt><trkpt lat="52.716468" lon="-117.678706"><ele>2064.023</ele><time>2026-07-02T18:46:51Z</time></trkpt><trkpt lat="52.716464" lon="-117.678655"><ele>2063.212</ele><time>2026-07-02T18:46:55Z</time></trkpt><trkpt lat="52.716461" lon="-117.678645"><ele>2063.078</ele><time>2026-07-02T18:46:56Z</time></trkpt><trkpt lat="52.71645" lon="-117.67859"><ele>2061.842</ele><time>2026-07-02T18:47:01Z</time></trkpt><trkpt lat="52.716447" lon="-117.678577"><ele>2061.680</ele><time>2026-07-02T18:47:02Z</time></trkpt><trkpt lat="52.716438" lon="-117.678528"><ele>2060.661</ele><time>2026-07-02T18:47:07Z</time></trkpt><trkpt lat="52.716444" lon="-117.678513"><ele>2060.236</ele><time>2026-07-02T18:47:09Z</time></trkpt><trkpt lat="52.71643" lon="-117.678456"><ele>2059.417</ele><time>2026-07-02T18:47:14Z</time></trkpt><trkpt lat="52.716422" lon="-117.67843"><ele>2059.018</ele><time>2026-07-02T18:47:16Z</time></trkpt><trkpt lat="52.716419" lon="-117.678384"><ele>2058.409</ele><time>2026-07-02T18:47:19Z</time></trkpt><trkpt lat="52.716436" lon="-117.67835"><ele>2057.225</ele><time>2026-07-02T18:47:23Z</time></trkpt><trkpt lat="52.716462" lon="-117.678312"><ele>2056.090</ele><time>2026-07-02T18:47:27Z</time></trkpt><trkpt lat="52.71649" lon="-117.678287"><ele>2055.265</ele><time>2026-07-02T18:47:31Z</time></trkpt><trkpt lat="52.716496" lon="-117.678282"><ele>2055.035</ele><time>2026-07-02T18:47:32Z</time></trkpt><trkpt lat="52.716487" lon="-117.678275"><ele>2054.274</ele><time>2026-07-02T18:47:38Z</time></trkpt><trkpt lat="52.716506" lon="-117.678265"><ele>2054.490</ele><time>2026-07-02T18:47:46Z</time></trkpt><trkpt lat="52.71652" lon="-117.678262"><ele>2054.014</ele><time>2026-07-02T18:47:49Z</time></trkpt><trkpt lat="52.716516" lon="-117.678266"><ele>2053.672</ele><time>2026-07-02T18:47:54Z</time></trkpt><trkpt lat="52.716517" lon="-117.678276"><ele>2054.093</ele><time>2026-07-02T18:47:59Z</time></trkpt><trkpt lat="52.716512" lon="-117.678281"><ele>2054.214</ele><time>2026-07-02T18:48:02Z</time></trkpt><trkpt lat="52.71651" lon="-117.678281"><ele>2054.254</ele><time>2026-07-02T18:48:04Z</time></trkpt><trkpt lat="52.716517" lon="-117.678281"><ele>2054.409</ele><time>2026-07-02T18:48:06Z</time></trkpt><trkpt lat="52.716582" lon="-117.678246"><ele>2053.009</ele><time>2026-07-02T18:48:13Z</time></trkpt><trkpt lat="52.716592" lon="-117.678235"><ele>2052.863</ele><time>2026-07-02T18:48:14Z</time></trkpt><trkpt lat="52.716615" lon="-117.678189"><ele>2051.648</ele><time>2026-07-02T18:48:18Z</time></trkpt><trkpt lat="52.716639" lon="-117.678179"><ele>2051.093</ele><time>2026-07-02T18:48:20Z</time></trkpt><trkpt lat="52.716668" lon="-117.678182"><ele>2050.423</ele><time>2026-07-02T18:48:22Z</time></trkpt><trkpt lat="52.716724" lon="-117.678199"><ele>2049.242</ele><time>2026-07-02T18:48:26Z</time></trkpt><trkpt lat="52.716736" lon="-117.6782"><ele>2049.038</ele><time>2026-07-02T18:48:27Z</time></trkpt><trkpt lat="52.716763" lon="-117.678178"><ele>2048.032</ele><time>2026-07-02T18:48:31Z</time></trkpt><trkpt lat="52.716772" lon="-117.678165"><ele>2047.820</ele><time>2026-07-02T18:48:32Z</time></trkpt><trkpt lat="52.71678" lon="-117.67816"><ele>2047.831</ele><time>2026-07-02T18:48:33Z</time></trkpt><trkpt lat="52.716832" lon="-117.678163"><ele>2047.039</ele><time>2026-07-02T18:48:38Z</time></trkpt><trkpt lat="52.716839" lon="-117.678166"><ele>2046.401</ele><time>2026-07-02T18:48:40Z</time></trkpt><trkpt lat="52.716854" lon="-117.67817"><ele>2045.821</ele><time>2026-07-02T18:48:42Z</time></trkpt><trkpt lat="52.716884" lon="-117.678156"><ele>2044.809</ele><time>2026-07-02T18:48:46Z</time></trkpt><trkpt lat="52.71689" lon="-117.67814"><ele>2044.415</ele><time>2026-07-02T18:48:47Z</time></trkpt><trkpt lat="52.716896" lon="-117.678122"><ele>2044.230</ele><time>2026-07-02T18:48:48Z</time></trkpt><trkpt lat="52.716912" lon="-117.678119"><ele>2043.655</ele><time>2026-07-02T18:48:50Z</time></trkpt><trkpt lat="52.716929" lon="-117.678117"><ele>2042.865</ele><time>2026-07-02T18:48:52Z</time></trkpt><trkpt lat="52.716939" lon="-117.678113"><ele>2042.424</ele><time>2026-07-02T18:48:53Z</time></trkpt><trkpt lat="52.716961" lon="-117.678107"><ele>2041.830</ele><time>2026-07-02T18:48:55Z</time></trkpt><trkpt lat="52.716964" lon="-117.678098"><ele>2041.464</ele><time>2026-07-02T18:48:56Z</time></trkpt><trkpt lat="52.716964" lon="-117.678055"><ele>2040.212</ele><time>2026-07-02T18:48:59Z</time></trkpt><trkpt lat="52.716952" lon="-117.678032"><ele>2039.663</ele><time>2026-07-02T18:49:01Z</time></trkpt><trkpt lat="52.716938" lon="-117.677999"><ele>2039.211</ele><time>2026-07-02T18:49:03Z</time></trkpt><trkpt lat="52.716936" lon="-117.677945"><ele>2038.221</ele><time>2026-07-02T18:49:08Z</time></trkpt><trkpt lat="52.716921" lon="-117.677873"><ele>2037.003</ele><time>2026-07-02T18:49:12Z</time></trkpt><trkpt lat="52.716908" lon="-117.677819"><ele>2036.009</ele><time>2026-07-02T18:49:17Z</time></trkpt><trkpt lat="52.71686" lon="-117.677707"><ele>2035.063</ele><time>2026-07-02T18:49:25Z</time></trkpt><trkpt lat="52.716853" lon="-117.677637"><ele>2034.038</ele><time>2026-07-02T18:49:31Z</time></trkpt><trkpt lat="52.716851" lon="-117.677615"><ele>2033.423</ele><time>2026-07-02T18:49:33Z</time></trkpt><trkpt lat="52.716844" lon="-117.677577"><ele>2032.893</ele><time>2026-07-02T18:49:36Z</time></trkpt><trkpt lat="52.716823" lon="-117.677497"><ele>2031.892</ele><time>2026-07-02T18:49:40Z</time></trkpt><trkpt lat="52.71682" lon="-117.677483"><ele>2031.638</ele><time>2026-07-02T18:49:41Z</time></trkpt><trkpt lat="52.716802" lon="-117.677426"><ele>2030.652</ele><time>2026-07-02T18:49:45Z</time></trkpt><trkpt lat="52.716798" lon="-117.677369"><ele>2029.830</ele><time>2026-07-02T18:49:49Z</time></trkpt><trkpt lat="52.716798" lon="-117.677358"><ele>2029.611</ele><time>2026-07-02T18:49:50Z</time></trkpt><trkpt lat="52.716816" lon="-117.67737"><ele>2029.438</ele><time>2026-07-02T18:49:58Z</time></trkpt><trkpt lat="52.716809" lon="-117.677342"><ele>2030.070</ele><time>2026-07-02T18:50:17Z</time></trkpt><trkpt lat="52.716786" lon="-117.677221"><ele>2028.617</ele><time>2026-07-02T18:50:24Z</time></trkpt><trkpt lat="52.716783" lon="-117.677201"><ele>2028.409</ele><time>2026-07-02T18:50:25Z</time></trkpt><trkpt lat="52.716751" lon="-117.67711"><ele>2027.465</ele><time>2026-07-02T18:50:30Z</time></trkpt><trkpt lat="52.716751" lon="-117.677095"><ele>2027.250</ele><time>2026-07-02T18:50:31Z</time></trkpt><trkpt lat="52.716761" lon="-117.677004"><ele>2026.075</ele><time>2026-07-02T18:50:37Z</time></trkpt><trkpt lat="52.716763" lon="-117.676967"><ele>2025.695</ele><time>2026-07-02T18:50:39Z</time></trkpt><trkpt lat="52.716763" lon="-117.676915"><ele>2025.034</ele><time>2026-07-02T18:50:42Z</time></trkpt><trkpt lat="52.716761" lon="-117.676853"><ele>2024.250</ele><time>2026-07-02T18:50:45Z</time></trkpt><trkpt lat="52.716766" lon="-117.676817"><ele>2023.844</ele><time>2026-07-02T18:50:47Z</time></trkpt><trkpt lat="52.716783" lon="-117.676731"><ele>2022.632</ele><time>2026-07-02T18:50:52Z</time></trkpt><trkpt lat="52.716793" lon="-117.67664"><ele>2021.253</ele><time>2026-07-02T18:50:56Z</time></trkpt><trkpt lat="52.716809" lon="-117.676585"><ele>2020.054</ele><time>2026-07-02T18:50:59Z</time></trkpt><trkpt lat="52.71682" lon="-117.676581"><ele>2019.856</ele><time>2026-07-02T18:51:00Z</time></trkpt><trkpt lat="52.716855" lon="-117.676575"><ele>2018.811</ele><time>2026-07-02T18:51:03Z</time></trkpt><trkpt lat="52.716898" lon="-117.676567"><ele>2017.609</ele><time>2026-07-02T18:51:07Z</time></trkpt><trkpt lat="52.716905" lon="-117.676552"><ele>2017.457</ele><time>2026-07-02T18:51:08Z</time></trkpt><trkpt lat="52.716951" lon="-117.676533"><ele>2016.622</ele><time>2026-07-02T18:51:11Z</time></trkpt><trkpt lat="52.716991" lon="-117.676524"><ele>2015.237</ele><time>2026-07-02T18:51:15Z</time></trkpt><trkpt lat="52.717025" lon="-117.676524"><ele>2014.277</ele><time>2026-07-02T18:51:19Z</time></trkpt><trkpt lat="52.717054" lon="-117.676513"><ele>2012.816</ele><time>2026-07-02T18:51:23Z</time></trkpt><trkpt lat="52.717064" lon="-117.676522"><ele>2012.632</ele><time>2026-07-02T18:51:24Z</time></trkpt><trkpt lat="52.717095" lon="-117.676535"><ele>2011.856</ele><time>2026-07-02T18:51:28Z</time></trkpt><trkpt lat="52.717113" lon="-117.676548"><ele>2011.484</ele><time>2026-07-02T18:51:30Z</time></trkpt><trkpt lat="52.717141" lon="-117.676545"><ele>2010.675</ele><time>2026-07-02T18:51:33Z</time></trkpt><trkpt lat="52.717177" lon="-117.676521"><ele>2009.842</ele><time>2026-07-02T18:51:36Z</time></trkpt><trkpt lat="52.717184" lon="-117.676517"><ele>2009.422</ele><time>2026-07-02T18:51:37Z</time></trkpt><trkpt lat="52.717215" lon="-117.676553"><ele>2008.414</ele><time>2026-07-02T18:51:42Z</time></trkpt><trkpt lat="52.717218" lon="-117.676559"><ele>2008.409</ele><time>2026-07-02T18:51:43Z</time></trkpt><trkpt lat="52.71724" lon="-117.676529"><ele>2007.486</ele><time>2026-07-02T18:51:49Z</time></trkpt><trkpt lat="52.717244" lon="-117.676519"><ele>2007.281</ele><time>2026-07-02T18:51:50Z</time></trkpt><trkpt lat="52.717258" lon="-117.676507"><ele>2006.226</ele><time>2026-07-02T18:51:55Z</time></trkpt><trkpt lat="52.717263" lon="-117.676503"><ele>2006.016</ele><time>2026-07-02T18:51:58Z</time></trkpt><trkpt lat="52.717263" lon="-117.676502"><ele>2006.015</ele><time>2026-07-02T18:52:06Z</time></trkpt><trkpt lat="52.717257" lon="-117.676506"><ele>2006.041</ele><time>2026-07-02T18:52:13Z</time></trkpt><trkpt lat="52.717258" lon="-117.676487"><ele>2006.085</ele><time>2026-07-02T18:52:26Z</time></trkpt><trkpt lat="52.717262" lon="-117.676483"><ele>2006.283</ele><time>2026-07-02T18:52:29Z</time></trkpt><trkpt lat="52.717254" lon="-117.67648"><ele>2006.284</ele><time>2026-07-02T18:52:36Z</time></trkpt><trkpt lat="52.717292" lon="-117.676484"><ele>2005.631</ele><time>2026-07-02T18:52:44Z</time></trkpt><trkpt lat="52.717295" lon="-117.676496"><ele>2005.061</ele><time>2026-07-02T18:52:46Z</time></trkpt><trkpt lat="52.717315" lon="-117.67647"><ele>2004.007</ele><time>2026-07-02T18:52:51Z</time></trkpt><trkpt lat="52.717322" lon="-117.676452"><ele>2003.609</ele><time>2026-07-02T18:52:52Z</time></trkpt><trkpt lat="52.71735" lon="-117.67645"><ele>2002.835</ele><time>2026-07-02T18:52:56Z</time></trkpt><trkpt lat="52.717358" lon="-117.676458"><ele>2002.670</ele><time>2026-07-02T18:52:57Z</time></trkpt><trkpt lat="52.717376" lon="-117.67648"><ele>2001.455</ele><time>2026-07-02T18:53:01Z</time></trkpt><trkpt lat="52.71738" lon="-117.676466"><ele>2001.045</ele><time>2026-07-02T18:53:02Z</time></trkpt><trkpt lat="52.717397" lon="-117.676451"><ele>2000.254</ele><time>2026-07-02T18:53:05Z</time></trkpt><trkpt lat="52.717425" lon="-117.676435"><ele>1999.270</ele><time>2026-07-02T18:53:09Z</time></trkpt><trkpt lat="52.717431" lon="-117.676432"><ele>1999.044</ele><time>2026-07-02T18:53:10Z</time></trkpt><trkpt lat="52.717442" lon="-117.676435"><ele>1998.842</ele><time>2026-07-02T18:53:12Z</time></trkpt><trkpt lat="52.717473" lon="-117.676427"><ele>1997.893</ele><time>2026-07-02T18:53:16Z</time></trkpt><trkpt lat="52.71749" lon="-117.676426"><ele>1996.842</ele><time>2026-07-02T18:53:20Z</time></trkpt><trkpt lat="52.717489" lon="-117.676427"><ele>1996.622</ele><time>2026-07-02T18:53:21Z</time></trkpt><trkpt lat="52.717526" lon="-117.676415"><ele>1995.614</ele><time>2026-07-02T18:53:25Z</time></trkpt><trkpt lat="52.717552" lon="-117.676408"><ele>1994.809</ele><time>2026-07-02T18:53:28Z</time></trkpt><trkpt lat="52.717559" lon="-117.676382"><ele>1994.436</ele><time>2026-07-02T18:53:30Z</time></trkpt><trkpt lat="52.717566" lon="-117.676371"><ele>1994.231</ele><time>2026-07-02T18:53:31Z</time></trkpt><trkpt lat="52.717586" lon="-117.67636"><ele>1993.856</ele><time>2026-07-02T18:53:33Z</time></trkpt><trkpt lat="52.717589" lon="-117.676369"><ele>1993.696</ele><time>2026-07-02T18:53:34Z</time></trkpt><trkpt lat="52.717591" lon="-117.676376"><ele>1993.415</ele><time>2026-07-02T18:53:35Z</time></trkpt><trkpt lat="52.717625" lon="-117.676368"><ele>1992.291</ele><time>2026-07-02T18:53:40Z</time></trkpt><trkpt lat="52.717639" lon="-117.676366"><ele>1991.435</ele><time>2026-07-02T18:53:42Z</time></trkpt><trkpt lat="52.717653" lon="-117.676358"><ele>1990.843</ele><time>2026-07-02T18:53:44Z</time></trkpt><trkpt lat="52.717698" lon="-117.676338"><ele>1989.894</ele><time>2026-07-02T18:53:48Z</time></trkpt><trkpt lat="52.717722" lon="-117.676315"><ele>1989.467</ele><time>2026-07-02T18:53:50Z</time></trkpt><trkpt lat="52.717737" lon="-117.676285"><ele>1988.881</ele><time>2026-07-02T18:53:52Z</time></trkpt><trkpt lat="52.717751" lon="-117.676262"><ele>1987.619</ele><time>2026-07-02T18:53:56Z</time></trkpt><trkpt lat="52.717758" lon="-117.676254"><ele>1987.409</ele><time>2026-07-02T18:53:57Z</time></trkpt><trkpt lat="52.717777" lon="-117.676221"><ele>1986.648</ele><time>2026-07-02T18:54:02Z</time></trkpt><trkpt lat="52.717807" lon="-117.676179"><ele>1985.853</ele><time>2026-07-02T18:54:06Z</time></trkpt><trkpt lat="52.71783" lon="-117.676131"><ele>1985.498</ele><time>2026-07-02T18:54:09Z</time></trkpt><trkpt lat="52.717866" lon="-117.676082"><ele>1984.658</ele><time>2026-07-02T18:54:14Z</time></trkpt><trkpt lat="52.717882" lon="-117.676067"><ele>1984.237</ele><time>2026-07-02T18:54:16Z</time></trkpt><trkpt lat="52.717922" lon="-117.676041"><ele>1983.413</ele><time>2026-07-02T18:54:21Z</time></trkpt><trkpt lat="52.717932" lon="-117.676034"><ele>1983.267</ele><time>2026-07-02T18:54:22Z</time></trkpt><trkpt lat="52.717976" lon="-117.676008"><ele>1982.275</ele><time>2026-07-02T18:54:28Z</time></trkpt><trkpt lat="52.717987" lon="-117.676"><ele>1981.856</ele><time>2026-07-02T18:54:30Z</time></trkpt><trkpt lat="52.717999" lon="-117.675984"><ele>1981.095</ele><time>2026-07-02T18:54:33Z</time></trkpt><trkpt lat="52.71802" lon="-117.675972"><ele>1980.249</ele><time>2026-07-02T18:54:37Z</time></trkpt><trkpt lat="52.718026" lon="-117.675963"><ele>1980.023</ele><time>2026-07-02T18:54:38Z</time></trkpt><trkpt lat="52.718061" lon="-117.675932"><ele>1978.809</ele><time>2026-07-02T18:54:43Z</time></trkpt><trkpt lat="52.718067" lon="-117.675931"><ele>1978.821</ele><time>2026-07-02T18:54:44Z</time></trkpt><trkpt lat="52.718122" lon="-117.675905"><ele>1977.896</ele><time>2026-07-02T18:54:50Z</time></trkpt><trkpt lat="52.718126" lon="-117.675907"><ele>1977.691</ele><time>2026-07-02T18:54:51Z</time></trkpt><trkpt lat="52.718144" lon="-117.675892"><ele>1976.651</ele><time>2026-07-02T18:54:54Z</time></trkpt><trkpt lat="52.718159" lon="-117.67587"><ele>1975.480</ele><time>2026-07-02T18:54:58Z</time></trkpt><trkpt lat="52.718169" lon="-117.67585"><ele>1975.036</ele><time>2026-07-02T18:55:00Z</time></trkpt><trkpt lat="52.71817" lon="-117.675809"><ele>1974.210</ele><time>2026-07-02T18:55:03Z</time></trkpt><trkpt lat="52.718185" lon="-117.675766"><ele>1973.248</ele><time>2026-07-02T18:55:07Z</time></trkpt><trkpt lat="52.718191" lon="-117.675758"><ele>1973.079</ele><time>2026-07-02T18:55:08Z</time></trkpt><trkpt lat="52.71821" lon="-117.675723"><ele>1972.254</ele><time>2026-07-02T18:55:12Z</time></trkpt><trkpt lat="52.718243" lon="-117.675669"><ele>1971.256</ele><time>2026-07-02T18:55:17Z</time></trkpt><trkpt lat="52.718251" lon="-117.675664"><ele>1971.011</ele><time>2026-07-02T18:55:18Z</time></trkpt><trkpt lat="52.718297" lon="-117.675638"><ele>1970.209</ele><time>2026-07-02T18:55:22Z</time></trkpt><trkpt lat="52.718321" lon="-117.675612"><ele>1969.677</ele><time>2026-07-02T18:55:25Z</time></trkpt><trkpt lat="52.718328" lon="-117.675576"><ele>1969.012</ele><time>2026-07-02T18:55:28Z</time></trkpt><trkpt lat="52.71833" lon="-117.675536"><ele>1968.217</ele><time>2026-07-02T18:55:31Z</time></trkpt><trkpt lat="52.718328" lon="-117.675513"><ele>1967.867</ele><time>2026-07-02T18:55:33Z</time></trkpt><trkpt lat="52.718345" lon="-117.675472"><ele>1966.686</ele><time>2026-07-02T18:55:38Z</time></trkpt><trkpt lat="52.718354" lon="-117.675416"><ele>1966.072</ele><time>2026-07-02T18:55:41Z</time></trkpt><trkpt lat="52.71836" lon="-117.675403"><ele>1965.486</ele><time>2026-07-02T18:55:44Z</time></trkpt><trkpt lat="52.718373" lon="-117.675351"><ele>1964.424</ele><time>2026-07-02T18:55:48Z</time></trkpt><trkpt lat="52.718379" lon="-117.675324"><ele>1964.085</ele><time>2026-07-02T18:55:50Z</time></trkpt><trkpt lat="52.718381" lon="-117.675286"><ele>1963.233</ele><time>2026-07-02T18:55:53Z</time></trkpt><trkpt lat="52.718402" lon="-117.67525"><ele>1962.023</ele><time>2026-07-02T18:55:57Z</time></trkpt><trkpt lat="52.718435" lon="-117.675219"><ele>1960.815</ele><time>2026-07-02T18:56:01Z</time></trkpt><trkpt lat="52.718467" lon="-117.675195"><ele>1960.009</ele><time>2026-07-02T18:56:04Z</time></trkpt><trkpt lat="52.71848" lon="-117.675181"><ele>1959.885</ele><time>2026-07-02T18:56:05Z</time></trkpt><trkpt lat="52.718516" lon="-117.675119"><ele>1958.680</ele><time>2026-07-02T18:56:10Z</time></trkpt><trkpt lat="52.718533" lon="-117.675078"><ele>1957.885</ele><time>2026-07-02T18:56:13Z</time></trkpt><trkpt lat="52.718546" lon="-117.675061"><ele>1957.675</ele><time>2026-07-02T18:56:14Z</time></trkpt><trkpt lat="52.718572" lon="-117.675054"><ele>1956.444</ele><time>2026-07-02T18:56:19Z</time></trkpt><trkpt lat="52.718596" lon="-117.675006"><ele>1955.240</ele><time>2026-07-02T18:56:23Z</time></trkpt><trkpt lat="52.718621" lon="-117.674961"><ele>1954.264</ele><time>2026-07-02T18:56:27Z</time></trkpt><trkpt lat="52.718626" lon="-117.674955"><ele>1954.012</ele><time>2026-07-02T18:56:28Z</time></trkpt><trkpt lat="52.718664" lon="-117.674882"><ele>1953.093</ele><time>2026-07-02T18:56:35Z</time></trkpt><trkpt lat="52.718666" lon="-117.674869"><ele>1952.877</ele><time>2026-07-02T18:56:36Z</time></trkpt><trkpt lat="52.718696" lon="-117.674804"><ele>1951.861</ele><time>2026-07-02T18:56:41Z</time></trkpt><trkpt lat="52.71871" lon="-117.674784"><ele>1951.427</ele><time>2026-07-02T18:56:43Z</time></trkpt><trkpt lat="52.718721" lon="-117.674751"><ele>1950.609</ele><time>2026-07-02T18:56:46Z</time></trkpt><trkpt lat="52.718753" lon="-117.674685"><ele>1949.629</ele><time>2026-07-02T18:56:51Z</time></trkpt><trkpt lat="52.718758" lon="-117.674672"><ele>1949.484</ele><time>2026-07-02T18:56:52Z</time></trkpt><trkpt lat="52.718778" lon="-117.674641"><ele>1948.649</ele><time>2026-07-02T18:56:55Z</time></trkpt><trkpt lat="52.718782" lon="-117.674593"><ele>1947.439</ele><time>2026-07-02T18:56:59Z</time></trkpt><trkpt lat="52.718786" lon="-117.674576"><ele>1947.258</ele><time>2026-07-02T18:57:00Z</time></trkpt><trkpt lat="52.718796" lon="-117.674543"><ele>1946.464</ele><time>2026-07-02T18:57:03Z</time></trkpt><trkpt lat="52.718824" lon="-117.674479"><ele>1945.618</ele><time>2026-07-02T18:57:07Z</time></trkpt><trkpt lat="52.718843" lon="-117.674444"><ele>1945.246</ele><time>2026-07-02T18:57:09Z</time></trkpt><trkpt lat="52.718868" lon="-117.674379"><ele>1944.487</ele><time>2026-07-02T18:57:14Z</time></trkpt><trkpt lat="52.718875" lon="-117.674355"><ele>1944.249</ele><time>2026-07-02T18:57:16Z</time></trkpt><trkpt lat="52.718883" lon="-117.674281"><ele>1943.002</ele><time>2026-07-02T18:57:20Z</time></trkpt><trkpt lat="52.718907" lon="-117.674207"><ele>1941.822</ele><time>2026-07-02T18:57:26Z</time></trkpt><trkpt lat="52.718912" lon="-117.674193"><ele>1941.609</ele><time>2026-07-02T18:57:27Z</time></trkpt><trkpt lat="52.718926" lon="-117.674159"><ele>1940.426</ele><time>2026-07-02T18:57:31Z</time></trkpt><trkpt lat="52.718928" lon="-117.674085"><ele>1939.451</ele><time>2026-07-02T18:57:35Z</time></trkpt><trkpt lat="52.718957" lon="-117.674015"><ele>1938.426</ele><time>2026-07-02T18:57:40Z</time></trkpt><trkpt lat="52.718995" lon="-117.673951"><ele>1937.476</ele><time>2026-07-02T18:57:45Z</time></trkpt><trkpt lat="52.718999" lon="-117.673945"><ele>1937.445</ele><time>2026-07-02T18:57:46Z</time></trkpt><trkpt lat="52.719023" lon="-117.673894"><ele>1936.441</ele><time>2026-07-02T18:57:50Z</time></trkpt><trkpt lat="52.719025" lon="-117.673885"><ele>1936.025</ele><time>2026-07-02T18:57:51Z</time></trkpt><trkpt lat="52.719041" lon="-117.67383"><ele>1935.293</ele><time>2026-07-02T18:57:55Z</time></trkpt><trkpt lat="52.719073" lon="-117.673771"><ele>1934.414</ele><time>2026-07-02T18:57:59Z</time></trkpt><trkpt lat="52.719081" lon="-117.673759"><ele>1934.217</ele><time>2026-07-02T18:58:00Z</time></trkpt><trkpt lat="52.71912" lon="-117.673689"><ele>1933.487</ele><time>2026-07-02T18:58:05Z</time></trkpt><trkpt lat="52.719128" lon="-117.673654"><ele>1933.015</ele><time>2026-07-02T18:58:07Z</time></trkpt><trkpt lat="52.71913" lon="-117.673553"><ele>1932.609</ele><time>2026-07-02T18:58:12Z</time></trkpt><trkpt lat="52.719156" lon="-117.67352"><ele>1932.053</ele><time>2026-07-02T18:58:15Z</time></trkpt><trkpt lat="52.719187" lon="-117.673469"><ele>1931.428</ele><time>2026-07-02T18:58:19Z</time></trkpt><trkpt lat="52.719216" lon="-117.673421"><ele>1930.873</ele><time>2026-07-02T18:58:22Z</time></trkpt><trkpt lat="52.719228" lon="-117.673383"><ele>1930.283</ele><time>2026-07-02T18:58:25Z</time></trkpt><trkpt lat="52.719227" lon="-117.673374"><ele>1930.232</ele><time>2026-07-02T18:58:26Z</time></trkpt><trkpt lat="52.719219" lon="-117.673379"><ele>1929.898</ele><time>2026-07-02T18:58:28Z</time></trkpt><trkpt lat="52.719218" lon="-117.673359"><ele>1929.422</ele><time>2026-07-02T18:58:32Z</time></trkpt><trkpt lat="52.719181" lon="-117.673243"><ele>1928.850</ele><time>2026-07-02T18:58:39Z</time></trkpt><trkpt lat="52.719173" lon="-117.673222"><ele>1928.891</ele><time>2026-07-02T18:58:40Z</time></trkpt><trkpt lat="52.719115" lon="-117.673124"><ele>1927.699</ele><time>2026-07-02T18:58:46Z</time></trkpt><trkpt lat="52.719115" lon="-117.673099"><ele>1927.407</ele><time>2026-07-02T18:58:48Z</time></trkpt><trkpt lat="52.7191" lon="-117.67307"><ele>1927.427</ele><time>2026-07-02T18:58:51Z</time></trkpt><trkpt lat="52.719069" lon="-117.672991"><ele>1927.209</ele><time>2026-07-02T18:58:55Z</time></trkpt><trkpt lat="52.719033" lon="-117.672937"><ele>1926.651</ele><time>2026-07-02T18:58:59Z</time></trkpt><trkpt lat="52.719021" lon="-117.6729"><ele>1926.296</ele><time>2026-07-02T18:59:02Z</time></trkpt><trkpt lat="52.718983" lon="-117.672823"><ele>1925.421</ele><time>2026-07-02T18:59:08Z</time></trkpt><trkpt lat="52.71897" lon="-117.672796"><ele>1925.061</ele><time>2026-07-02T18:59:10Z</time></trkpt><trkpt lat="52.718958" lon="-117.672774"><ele>1924.450</ele><time>2026-07-02T18:59:12Z</time></trkpt><trkpt lat="52.718948" lon="-117.672745"><ele>1924.096</ele><time>2026-07-02T18:59:14Z</time></trkpt><trkpt lat="52.718916" lon="-117.672648"><ele>1923.850</ele><time>2026-07-02T18:59:20Z</time></trkpt><trkpt lat="52.718912" lon="-117.672631"><ele>1923.248</ele><time>2026-07-02T18:59:21Z</time></trkpt><trkpt lat="52.71891" lon="-117.672594"><ele>1922.289</ele><time>2026-07-02T18:59:23Z</time></trkpt><trkpt lat="52.718913" lon="-117.672457"><ele>1921.498</ele><time>2026-07-02T18:59:29Z</time></trkpt><trkpt lat="52.718899" lon="-117.672304"><ele>1921.015</ele><time>2026-07-02T18:59:37Z</time></trkpt><trkpt lat="52.718899" lon="-117.672271"><ele>1920.426</ele><time>2026-07-02T18:59:39Z</time></trkpt><trkpt lat="52.718901" lon="-117.672245"><ele>1919.809</ele><time>2026-07-02T18:59:41Z</time></trkpt><trkpt lat="52.718935" lon="-117.672155"><ele>1919.071</ele><time>2026-07-02T18:59:46Z</time></trkpt><trkpt lat="52.718961" lon="-117.672125"><ele>1918.886</ele><time>2026-07-02T18:59:48Z</time></trkpt><trkpt lat="52.719023" lon="-117.672049"><ele>1917.651</ele><time>2026-07-02T18:59:53Z</time></trkpt><trkpt lat="52.719062" lon="-117.672002"><ele>1916.491</ele><time>2026-07-02T18:59:57Z</time></trkpt><trkpt lat="52.719101" lon="-117.671985"><ele>1916.020</ele><time>2026-07-02T19:00:00Z</time></trkpt><trkpt lat="52.719101" lon="-117.671976"><ele>1915.436</ele><time>2026-07-02T19:00:03Z</time></trkpt><trkpt lat="52.719092" lon="-117.671974"><ele>1915.050</ele><time>2026-07-02T19:00:06Z</time></trkpt><trkpt lat="52.719107" lon="-117.67196"><ele>1914.698</ele><time>2026-07-02T19:00:09Z</time></trkpt><trkpt lat="52.719146" lon="-117.671928"><ele>1914.279</ele><time>2026-07-02T19:00:12Z</time></trkpt><trkpt lat="52.719216" lon="-117.671881"><ele>1913.225</ele><time>2026-07-02T19:00:17Z</time></trkpt><trkpt lat="52.719262" lon="-117.67185"><ele>1912.026</ele><time>2026-07-02T19:00:21Z</time></trkpt><trkpt lat="52.719309" lon="-117.67181"><ele>1911.008</ele><time>2026-07-02T19:00:25Z</time></trkpt><trkpt lat="52.719365" lon="-117.671772"><ele>1909.809</ele><time>2026-07-02T19:00:29Z</time></trkpt><trkpt lat="52.719376" lon="-117.671761"><ele>1909.674</ele><time>2026-07-02T19:00:30Z</time></trkpt><trkpt lat="52.719425" lon="-117.671714"><ele>1908.859</ele><time>2026-07-02T19:00:36Z</time></trkpt><trkpt lat="52.719473" lon="-117.671695"><ele>1907.814</ele><time>2026-07-02T19:00:41Z</time></trkpt><trkpt lat="52.719483" lon="-117.671687"><ele>1907.674</ele><time>2026-07-02T19:00:43Z</time></trkpt><trkpt lat="52.719513" lon="-117.671657"><ele>1906.843</ele><time>2026-07-02T19:00:48Z</time></trkpt><trkpt lat="52.71952" lon="-117.67165"><ele>1906.419</ele><time>2026-07-02T19:00:49Z</time></trkpt><trkpt lat="52.719575" lon="-117.67161"><ele>1905.623</ele><time>2026-07-02T19:00:53Z</time></trkpt><trkpt lat="52.71962" lon="-117.671577"><ele>1905.211</ele><time>2026-07-02T19:00:56Z</time></trkpt><trkpt lat="52.719677" lon="-117.671546"><ele>1904.622</ele><time>2026-07-02T19:01:01Z</time></trkpt><trkpt lat="52.719683" lon="-117.671529"><ele>1904.418</ele><time>2026-07-02T19:01:03Z</time></trkpt><trkpt lat="52.719719" lon="-117.671477"><ele>1903.698</ele><time>2026-07-02T19:01:08Z</time></trkpt><trkpt lat="52.719746" lon="-117.671455"><ele>1903.017</ele><time>2026-07-02T19:01:11Z</time></trkpt><trkpt lat="52.719785" lon="-117.671439"><ele>1902.409</ele><time>2026-07-02T19:01:14Z</time></trkpt><trkpt lat="52.719852" lon="-117.671398"><ele>1901.863</ele><time>2026-07-02T19:01:20Z</time></trkpt><trkpt lat="52.719878" lon="-117.671386"><ele>1901.458</ele><time>2026-07-02T19:01:23Z</time></trkpt><trkpt lat="52.719949" lon="-117.671356"><ele>1900.233</ele><time>2026-07-02T19:01:29Z</time></trkpt><trkpt lat="52.72001" lon="-117.671334"><ele>1899.023</ele><time>2026-07-02T19:01:34Z</time></trkpt><trkpt lat="52.720035" lon="-117.671313"><ele>1898.672</ele><time>2026-07-02T19:01:36Z</time></trkpt><trkpt lat="52.720068" lon="-117.671304"><ele>1898.078</ele><time>2026-07-02T19:01:40Z</time></trkpt><trkpt lat="52.720117" lon="-117.671311"><ele>1897.052</ele><time>2026-07-02T19:01:44Z</time></trkpt><trkpt lat="52.720125" lon="-117.671314"><ele>1896.860</ele><time>2026-07-02T19:01:45Z</time></trkpt><trkpt lat="52.72017" lon="-117.671314"><ele>1895.821</ele><time>2026-07-02T19:01:50Z</time></trkpt><trkpt lat="52.720192" lon="-117.671321"><ele>1895.498</ele><time>2026-07-02T19:01:52Z</time></trkpt><trkpt lat="52.72025" lon="-117.671324"><ele>1894.815</ele><time>2026-07-02T19:01:57Z</time></trkpt><trkpt lat="52.720286" lon="-117.67132"><ele>1894.426</ele><time>2026-07-02T19:02:00Z</time></trkpt><trkpt lat="52.720338" lon="-117.671319"><ele>1893.409</ele><time>2026-07-02T19:02:06Z</time></trkpt><trkpt lat="52.720384" lon="-117.671326"><ele>1892.661</ele><time>2026-07-02T19:02:10Z</time></trkpt><trkpt lat="52.720406" lon="-117.671325"><ele>1892.436</ele><time>2026-07-02T19:02:12Z</time></trkpt><trkpt lat="52.72046" lon="-117.671304"><ele>1892.061</ele><time>2026-07-02T19:02:17Z</time></trkpt><trkpt lat="52.720533" lon="-117.671273"><ele>1891.431</ele><time>2026-07-02T19:02:22Z</time></trkpt><trkpt lat="52.720552" lon="-117.671263"><ele>1891.230</ele><time>2026-07-02T19:02:24Z</time></trkpt><trkpt lat="52.720593" lon="-117.671246"><ele>1890.436</ele><time>2026-07-02T19:02:28Z</time></trkpt><trkpt lat="52.720637" lon="-117.671216"><ele>1889.220</ele><time>2026-07-02T19:02:32Z</time></trkpt><trkpt lat="52.72068" lon="-117.671183"><ele>1888.018</ele><time>2026-07-02T19:02:36Z</time></trkpt><trkpt lat="52.720704" lon="-117.671154"><ele>1886.849</ele><time>2026-07-02T19:02:40Z</time></trkpt><trkpt lat="52.720745" lon="-117.671114"><ele>1885.814</ele><time>2026-07-02T19:02:44Z</time></trkpt><trkpt lat="52.720784" lon="-117.671082"><ele>1885.254</ele><time>2026-07-02T19:02:47Z</time></trkpt><trkpt lat="52.72083" lon="-117.671036"><ele>1884.809</ele><time>2026-07-02T19:02:51Z</time></trkpt><trkpt lat="52.720872" lon="-117.670991"><ele>1883.809</ele><time>2026-07-02T19:02:56Z</time></trkpt><trkpt lat="52.720879" lon="-117.670977"><ele>1883.683</ele><time>2026-07-02T19:02:57Z</time></trkpt><trkpt lat="52.720932" lon="-117.670913"><ele>1882.678</ele><time>2026-07-02T19:03:03Z</time></trkpt><trkpt lat="52.720947" lon="-117.670892"><ele>1882.233</ele><time>2026-07-02T19:03:05Z</time></trkpt><trkpt lat="52.720987" lon="-117.670848"><ele>1881.413</ele><time>2026-07-02T19:03:09Z</time></trkpt><trkpt lat="52.72102" lon="-117.670825"><ele>1881.022</ele><time>2026-07-02T19:03:12Z</time></trkpt><trkpt lat="52.721063" lon="-117.670777"><ele>1880.488</ele><time>2026-07-02T19:03:16Z</time></trkpt><trkpt lat="52.7211" lon="-117.670712"><ele>1879.892</ele><time>2026-07-02T19:03:20Z</time></trkpt><trkpt lat="52.721106" lon="-117.670689"><ele>1879.210</ele><time>2026-07-02T19:03:23Z</time></trkpt><trkpt lat="52.721143" lon="-117.670635"><ele>1878.651</ele><time>2026-07-02T19:03:27Z</time></trkpt><trkpt lat="52.721162" lon="-117.670613"><ele>1878.236</ele><time>2026-07-02T19:03:29Z</time></trkpt><trkpt lat="52.721224" lon="-117.670588"><ele>1877.017</ele><time>2026-07-02T19:03:33Z</time></trkpt><trkpt lat="52.721261" lon="-117.670582"><ele>1876.218</ele><time>2026-07-02T19:03:36Z</time></trkpt><trkpt lat="52.721288" lon="-117.670581"><ele>1875.809</ele><time>2026-07-02T19:03:38Z</time></trkpt><trkpt lat="52.72132" lon="-117.670572"><ele>1875.295</ele><time>2026-07-02T19:03:42Z</time></trkpt><trkpt lat="52.721365" lon="-117.67055"><ele>1874.630</ele><time>2026-07-02T19:03:45Z</time></trkpt><trkpt lat="52.721404" lon="-117.670528"><ele>1873.665</ele><time>2026-07-02T19:03:50Z</time></trkpt><trkpt lat="52.721418" lon="-117.670526"><ele>1873.465</ele><time>2026-07-02T19:03:51Z</time></trkpt><trkpt lat="52.721486" lon="-117.670516"><ele>1872.474</ele><time>2026-07-02T19:03:55Z</time></trkpt><trkpt lat="52.721546" lon="-117.670499"><ele>1871.470</ele><time>2026-07-02T19:04:00Z</time></trkpt><trkpt lat="52.721558" lon="-117.6705"><ele>1871.284</ele><time>2026-07-02T19:04:01Z</time></trkpt><trkpt lat="52.721625" lon="-117.670495"><ele>1870.252</ele><time>2026-07-02T19:04:07Z</time></trkpt><trkpt lat="52.72166" lon="-117.670487"><ele>1869.843</ele><time>2026-07-02T19:04:09Z</time></trkpt><trkpt lat="52.721704" lon="-117.670502"><ele>1869.259</ele><time>2026-07-02T19:04:14Z</time></trkpt><trkpt lat="52.721746" lon="-117.67051"><ele>1868.603</ele><time>2026-07-02T19:04:17Z</time></trkpt><trkpt lat="52.721789" lon="-117.670507"><ele>1868.023</ele><time>2026-07-02T19:04:21Z</time></trkpt><trkpt lat="52.721846" lon="-117.670512"><ele>1867.409</ele><time>2026-07-02T19:04:26Z</time></trkpt><trkpt lat="52.721913" lon="-117.670515"><ele>1867.057</ele><time>2026-07-02T19:04:33Z</time></trkpt><trkpt lat="52.72194" lon="-117.670527"><ele>1866.622</ele><time>2026-07-02T19:04:36Z</time></trkpt><trkpt lat="52.721968" lon="-117.670547"><ele>1865.897</ele><time>2026-07-02T19:04:40Z</time></trkpt><trkpt lat="52.722019" lon="-117.670548"><ele>1865.067</ele><time>2026-07-02T19:04:45Z</time></trkpt><trkpt lat="52.722034" lon="-117.67055"><ele>1864.826</ele><time>2026-07-02T19:04:46Z</time></trkpt><trkpt lat="52.722101" lon="-117.670547"><ele>1863.882</ele><time>2026-07-02T19:04:51Z</time></trkpt><trkpt lat="52.722112" lon="-117.670552"><ele>1863.686</ele><time>2026-07-02T19:04:52Z</time></trkpt><trkpt lat="52.722154" lon="-117.670572"><ele>1862.654</ele><time>2026-07-02T19:04:56Z</time></trkpt><trkpt lat="52.72219" lon="-117.670589"><ele>1861.815</ele><time>2026-07-02T19:05:00Z</time></trkpt><trkpt lat="52.722195" lon="-117.670591"><ele>1861.681</ele><time>2026-07-02T19:05:01Z</time></trkpt><trkpt lat="52.722262" lon="-117.670616"><ele>1860.661</ele><time>2026-07-02T19:05:08Z</time></trkpt><trkpt lat="52.722275" lon="-117.670618"><ele>1860.417</ele><time>2026-07-02T19:05:09Z</time></trkpt><trkpt lat="52.722369" lon="-117.670618"><ele>1859.609</ele><time>2026-07-02T19:05:17Z</time></trkpt><trkpt lat="52.722384" lon="-117.670619"><ele>1859.480</ele><time>2026-07-02T19:05:18Z</time></trkpt><trkpt lat="52.722451" lon="-117.670642"><ele>1858.425</ele><time>2026-07-02T19:05:24Z</time></trkpt><trkpt lat="52.722463" lon="-117.670645"><ele>1858.240</ele><time>2026-07-02T19:05:25Z</time></trkpt><trkpt lat="52.722521" lon="-117.670646"><ele>1857.210</ele><time>2026-07-02T19:05:30Z</time></trkpt><trkpt lat="52.722568" lon="-117.670642"><ele>1856.299</ele><time>2026-07-02T19:05:34Z</time></trkpt><trkpt lat="52.722585" lon="-117.670641"><ele>1856.065</ele><time>2026-07-02T19:05:35Z</time></trkpt><trkpt lat="52.722655" lon="-117.670652"><ele>1855.039</ele><time>2026-07-02T19:05:41Z</time></trkpt><trkpt lat="52.722667" lon="-117.670654"><ele>1854.837</ele><time>2026-07-02T19:05:42Z</time></trkpt><trkpt lat="52.722736" lon="-117.670671"><ele>1853.858</ele><time>2026-07-02T19:05:48Z</time></trkpt><trkpt lat="52.722761" lon="-117.670672"><ele>1853.887</ele><time>2026-07-02T19:05:50Z</time></trkpt><trkpt lat="52.722841" lon="-117.670681"><ele>1852.842</ele><time>2026-07-02T19:05:57Z</time></trkpt><trkpt lat="52.722899" lon="-117.670678"><ele>1851.826</ele><time>2026-07-02T19:06:02Z</time></trkpt><trkpt lat="52.722942" lon="-117.670641"><ele>1851.209</ele><time>2026-07-02T19:06:05Z</time></trkpt><trkpt lat="52.72298" lon="-117.670605"><ele>1850.680</ele><time>2026-07-02T19:06:08Z</time></trkpt><trkpt lat="52.723026" lon="-117.670547"><ele>1849.885</ele><time>2026-07-02T19:06:13Z</time></trkpt><trkpt lat="52.723034" lon="-117.670531"><ele>1849.630</ele><time>2026-07-02T19:06:14Z</time></trkpt><trkpt lat="52.723048" lon="-117.670474"><ele>1848.620</ele><time>2026-07-02T19:06:18Z</time></trkpt><trkpt lat="52.723063" lon="-117.670442"><ele>1848.069</ele><time>2026-07-02T19:06:20Z</time></trkpt><trkpt lat="52.72307" lon="-117.670417"><ele>1847.495</ele><time>2026-07-02T19:06:22Z</time></trkpt><trkpt lat="52.723093" lon="-117.670327"><ele>1846.479</ele><time>2026-07-02T19:06:27Z</time></trkpt><trkpt lat="52.723095" lon="-117.670303"><ele>1846.257</ele><time>2026-07-02T19:06:28Z</time></trkpt><trkpt lat="52.723123" lon="-117.670204"><ele>1845.248</ele><time>2026-07-02T19:06:33Z</time></trkpt><trkpt lat="52.723132" lon="-117.670163"><ele>1844.454</ele><time>2026-07-02T19:06:36Z</time></trkpt><trkpt lat="52.723139" lon="-117.670126"><ele>1843.856</ele><time>2026-07-02T19:06:38Z</time></trkpt><trkpt lat="52.723146" lon="-117.670051"><ele>1842.811</ele><time>2026-07-02T19:06:42Z</time></trkpt><trkpt lat="52.723149" lon="-117.67003"><ele>1842.609</ele><time>2026-07-02T19:06:43Z</time></trkpt><trkpt lat="52.723146" lon="-117.66994"><ele>1841.887</ele><time>2026-07-02T19:06:47Z</time></trkpt><trkpt lat="52.723139" lon="-117.66989"><ele>1841.432</ele><time>2026-07-02T19:06:49Z</time></trkpt><trkpt lat="52.723124" lon="-117.669751"><ele>1840.667</ele><time>2026-07-02T19:06:55Z</time></trkpt><trkpt lat="52.723122" lon="-117.669716"><ele>1840.427</ele><time>2026-07-02T19:06:57Z</time></trkpt><trkpt lat="52.723115" lon="-117.669655"><ele>1839.666</ele><time>2026-07-02T19:07:02Z</time></trkpt><trkpt lat="52.723103" lon="-117.669594"><ele>1839.032</ele><time>2026-07-02T19:07:05Z</time></trkpt><trkpt lat="52.723085" lon="-117.669497"><ele>1838.476</ele><time>2026-07-02T19:07:09Z</time></trkpt><trkpt lat="52.72308" lon="-117.669413"><ele>1837.614</ele><time>2026-07-02T19:07:13Z</time></trkpt><trkpt lat="52.723078" lon="-117.669389"><ele>1837.415</ele><time>2026-07-02T19:07:14Z</time></trkpt><trkpt lat="52.723058" lon="-117.669311"><ele>1836.426</ele><time>2026-07-02T19:07:19Z</time></trkpt><trkpt lat="52.723054" lon="-117.669292"><ele>1836.047</ele><time>2026-07-02T19:07:20Z</time></trkpt><trkpt lat="52.723034" lon="-117.669223"><ele>1835.211</ele><time>2026-07-02T19:07:24Z</time></trkpt><trkpt lat="52.723023" lon="-117.669154"><ele>1834.409</ele><time>2026-07-02T19:07:28Z</time></trkpt><trkpt lat="52.723019" lon="-117.669115"><ele>1834.274</ele><time>2026-07-02T19:07:30Z</time></trkpt><trkpt lat="52.722994" lon="-117.669005"><ele>1833.249</ele><time>2026-07-02T19:07:36Z</time></trkpt><trkpt lat="52.722988" lon="-117.668986"><ele>1833.044</ele><time>2026-07-02T19:07:37Z</time></trkpt><trkpt lat="52.722966" lon="-117.668893"><ele>1831.854</ele><time>2026-07-02T19:07:43Z</time></trkpt><trkpt lat="52.722949" lon="-117.668749"><ele>1830.663</ele><time>2026-07-02T19:07:50Z</time></trkpt><trkpt lat="52.72295" lon="-117.668725"><ele>1830.419</ele><time>2026-07-02T19:07:51Z</time></trkpt><trkpt lat="52.722927" lon="-117.668617"><ele>1829.653</ele><time>2026-07-02T19:07:57Z</time></trkpt><trkpt lat="52.722922" lon="-117.668568"><ele>1829.081</ele><time>2026-07-02T19:08:00Z</time></trkpt><trkpt lat="52.722916" lon="-117.668539"><ele>1828.632</ele><time>2026-07-02T19:08:02Z</time></trkpt><trkpt lat="52.722892" lon="-117.668401"><ele>1827.442</ele><time>2026-07-02T19:08:09Z</time></trkpt><trkpt lat="52.722878" lon="-117.668316"><ele>1826.422</ele><time>2026-07-02T19:08:14Z</time></trkpt><trkpt lat="52.722859" lon="-117.668207"><ele>1825.414</ele><time>2026-07-02T19:08:19Z</time></trkpt><trkpt lat="52.722822" lon="-117.668025"><ele>1824.409</ele><time>2026-07-02T19:08:28Z</time></trkpt><trkpt lat="52.722818" lon="-117.668007"><ele>1824.446</ele><time>2026-07-02T19:08:29Z</time></trkpt><trkpt lat="52.722805" lon="-117.667876"><ele>1823.891</ele><time>2026-07-02T19:08:36Z</time></trkpt><trkpt lat="52.722794" lon="-117.667794"><ele>1823.216</ele><time>2026-07-02T19:08:40Z</time></trkpt><trkpt lat="52.722785" lon="-117.667713"><ele>1822.856</ele><time>2026-07-02T19:08:44Z</time></trkpt><trkpt lat="52.722771" lon="-117.667603"><ele>1822.265</ele><time>2026-07-02T19:08:49Z</time></trkpt><trkpt lat="52.722753" lon="-117.667517"><ele>1821.481</ele><time>2026-07-02T19:08:54Z</time></trkpt><trkpt lat="52.722748" lon="-117.667482"><ele>1821.045</ele><time>2026-07-02T19:08:56Z</time></trkpt><trkpt lat="52.722727" lon="-117.667367"><ele>1820.083</ele><time>2026-07-02T19:09:02Z</time></trkpt><trkpt lat="52.722725" lon="-117.667351"><ele>1819.614</ele><time>2026-07-02T19:09:03Z</time></trkpt><trkpt lat="52.72271" lon="-117.667271"><ele>1818.811</ele><time>2026-07-02T19:09:08Z</time></trkpt><trkpt lat="52.722688" lon="-117.66721"><ele>1818.021</ele><time>2026-07-02T19:09:12Z</time></trkpt><trkpt lat="52.722682" lon="-117.667186"><ele>1817.803</ele><time>2026-07-02T19:09:13Z</time></trkpt><trkpt lat="52.722637" lon="-117.667074"><ele>1816.609</ele><time>2026-07-02T19:09:20Z</time></trkpt><trkpt lat="52.72262" lon="-117.667025"><ele>1816.473</ele><time>2026-07-02T19:09:22Z</time></trkpt><trkpt lat="52.722588" lon="-117.666942"><ele>1815.818</ele><time>2026-07-02T19:09:27Z</time></trkpt><trkpt lat="52.722581" lon="-117.666922"><ele>1815.653</ele><time>2026-07-02T19:09:28Z</time></trkpt><trkpt lat="52.722561" lon="-117.666859"><ele>1814.453</ele><time>2026-07-02T19:09:33Z</time></trkpt><trkpt lat="52.722545" lon="-117.666824"><ele>1814.012</ele><time>2026-07-02T19:09:36Z</time></trkpt><trkpt lat="52.722531" lon="-117.666789"><ele>1813.418</ele><time>2026-07-02T19:09:39Z</time></trkpt><trkpt lat="52.722501" lon="-117.666747"><ele>1813.042</ele><time>2026-07-02T19:09:42Z</time></trkpt><trkpt lat="52.722458" lon="-117.666698"><ele>1812.280</ele><time>2026-07-02T19:09:46Z</time></trkpt><trkpt lat="52.722434" lon="-117.666662"><ele>1811.631</ele><time>2026-07-02T19:09:49Z</time></trkpt><trkpt lat="52.722418" lon="-117.666636"><ele>1811.266</ele><time>2026-07-02T19:09:51Z</time></trkpt><trkpt lat="52.722368" lon="-117.666569"><ele>1810.229</ele><time>2026-07-02T19:09:56Z</time></trkpt><trkpt lat="52.722356" lon="-117.66655"><ele>1810.021</ele><time>2026-07-02T19:09:57Z</time></trkpt><trkpt lat="52.72232" lon="-117.666496"><ele>1809.009</ele><time>2026-07-02T19:10:02Z</time></trkpt><trkpt lat="52.722311" lon="-117.666481"><ele>1808.888</ele><time>2026-07-02T19:10:03Z</time></trkpt><trkpt lat="52.722266" lon="-117.666437"><ele>1807.693</ele><time>2026-07-02T19:10:08Z</time></trkpt><trkpt lat="52.722243" lon="-117.66641"><ele>1807.288</ele><time>2026-07-02T19:10:10Z</time></trkpt><trkpt lat="52.722212" lon="-117.666369"><ele>1806.468</ele><time>2026-07-02T19:10:13Z</time></trkpt><trkpt lat="52.722171" lon="-117.666331"><ele>1805.877</ele><time>2026-07-02T19:10:17Z</time></trkpt><trkpt lat="52.722141" lon="-117.666272"><ele>1805.413</ele><time>2026-07-02T19:10:20Z</time></trkpt><trkpt lat="52.722116" lon="-117.66623"><ele>1804.677</ele><time>2026-07-02T19:10:23Z</time></trkpt><trkpt lat="52.722103" lon="-117.6662"><ele>1804.265</ele><time>2026-07-02T19:10:25Z</time></trkpt><trkpt lat="52.722081" lon="-117.666137"><ele>1803.496</ele><time>2026-07-02T19:10:29Z</time></trkpt><trkpt lat="52.722074" lon="-117.666121"><ele>1803.265</ele><time>2026-07-02T19:10:30Z</time></trkpt><trkpt lat="52.722025" lon="-117.666011"><ele>1802.268</ele><time>2026-07-02T19:10:37Z</time></trkpt><trkpt lat="52.722023" lon="-117.666001"><ele>1801.814</ele><time>2026-07-02T19:10:38Z</time></trkpt><trkpt lat="52.721969" lon="-117.665863"><ele>1801.009</ele><time>2026-07-02T19:10:45Z</time></trkpt><trkpt lat="52.721965" lon="-117.66584"><ele>1801.078</ele><time>2026-07-02T19:10:46Z</time></trkpt><trkpt lat="52.721952" lon="-117.665736"><ele>1800.043</ele><time>2026-07-02T19:10:52Z</time></trkpt><trkpt lat="52.721952" lon="-117.665707"><ele>1799.638</ele><time>2026-07-02T19:10:54Z</time></trkpt><trkpt lat="52.721951" lon="-117.665605"><ele>1799.048</ele><time>2026-07-02T19:10:59Z</time></trkpt><trkpt lat="52.721944" lon="-117.665536"><ele>1798.287</ele><time>2026-07-02T19:11:03Z</time></trkpt><trkpt lat="52.72194" lon="-117.665492"><ele>1797.673</ele><time>2026-07-02T19:11:05Z</time></trkpt><trkpt lat="52.721937" lon="-117.665373"><ele>1796.637</ele><time>2026-07-02T19:11:11Z</time></trkpt><trkpt lat="52.721937" lon="-117.665351"><ele>1796.285</ele><time>2026-07-02T19:11:12Z</time></trkpt><trkpt lat="52.721933" lon="-117.665273"><ele>1795.476</ele><time>2026-07-02T19:11:16Z</time></trkpt><trkpt lat="52.721924" lon="-117.665221"><ele>1795.271</ele><time>2026-07-02T19:11:20Z</time></trkpt><trkpt lat="52.7219" lon="-117.665066"><ele>1794.641</ele><time>2026-07-02T19:11:28Z</time></trkpt><trkpt lat="52.721898" lon="-117.665044"><ele>1794.415</ele><time>2026-07-02T19:11:29Z</time></trkpt><trkpt lat="52.721905" lon="-117.664913"><ele>1794.009</ele><time>2026-07-02T19:11:35Z</time></trkpt><trkpt lat="52.721891" lon="-117.664751"><ele>1794.019</ele><time>2026-07-02T19:11:44Z</time></trkpt><trkpt lat="52.72187" lon="-117.664592"><ele>1793.494</ele><time>2026-07-02T19:11:52Z</time></trkpt><trkpt lat="52.72187" lon="-117.664563"><ele>1793.229</ele><time>2026-07-02T19:11:54Z</time></trkpt><trkpt lat="52.721859" lon="-117.664391"><ele>1793.019</ele><time>2026-07-02T19:12:02Z</time></trkpt><trkpt lat="52.721853" lon="-117.664225"><ele>1792.868</ele><time>2026-07-02T19:12:11Z</time></trkpt><trkpt lat="52.721861" lon="-117.664134"><ele>1792.494</ele><time>2026-07-02T19:12:16Z</time></trkpt><trkpt lat="52.721864" lon="-117.664094"><ele>1792.028</ele><time>2026-07-02T19:12:18Z</time></trkpt><trkpt lat="52.721877" lon="-117.663965"><ele>1791.646</ele><time>2026-07-02T19:12:25Z</time></trkpt><trkpt lat="52.721889" lon="-117.663909"><ele>1791.257</ele><time>2026-07-02T19:12:28Z</time></trkpt><trkpt lat="52.72191" lon="-117.663833"><ele>1790.615</ele><time>2026-07-02T19:12:32Z</time></trkpt><trkpt lat="52.721943" lon="-117.663698"><ele>1790.265</ele><time>2026-07-02T19:12:38Z</time></trkpt><trkpt lat="52.721952" lon="-117.66366"><ele>1790.011</ele><time>2026-07-02T19:12:40Z</time></trkpt><trkpt lat="52.721975" lon="-117.663525"><ele>1789.409</ele><time>2026-07-02T19:12:47Z</time></trkpt><trkpt lat="52.722011" lon="-117.663424"><ele>1789.223</ele><time>2026-07-02T19:12:53Z</time></trkpt><trkpt lat="52.722024" lon="-117.663391"><ele>1789.098</ele><time>2026-07-02T19:12:55Z</time></trkpt><trkpt lat="52.722059" lon="-117.663272"><ele>1789.053</ele><time>2026-07-02T19:13:02Z</time></trkpt><trkpt lat="52.722081" lon="-117.663157"><ele>1788.663</ele><time>2026-07-02T19:13:10Z</time></trkpt><trkpt lat="52.722117" lon="-117.663"><ele>1788.012</ele><time>2026-07-02T19:13:17Z</time></trkpt><trkpt lat="52.722125" lon="-117.662989"><ele>1788.028</ele><time>2026-07-02T19:13:18Z</time></trkpt><trkpt lat="52.722182" lon="-117.662896"><ele>1787.262</ele><time>2026-07-02T19:13:25Z</time></trkpt><trkpt lat="52.722184" lon="-117.662889"><ele>1787.040</ele><time>2026-07-02T19:13:26Z</time></trkpt><trkpt lat="52.722193" lon="-117.662862"><ele>1786.651</ele><time>2026-07-02T19:13:28Z</time></trkpt><trkpt lat="52.722206" lon="-117.66282"><ele>1786.049</ele><time>2026-07-02T19:13:31Z</time></trkpt><trkpt lat="52.722213" lon="-117.662801"><ele>1785.802</ele><time>2026-07-02T19:13:32Z</time></trkpt><trkpt lat="52.722225" lon="-117.662766"><ele>1785.422</ele><time>2026-07-02T19:13:34Z</time></trkpt><trkpt lat="52.722236" lon="-117.662725"><ele>1784.809</ele><time>2026-07-02T19:13:37Z</time></trkpt><trkpt lat="52.72226" lon="-117.662647"><ele>1784.016</ele><time>2026-07-02T19:13:41Z</time></trkpt><trkpt lat="52.722262" lon="-117.662613"><ele>1783.851</ele><time>2026-07-02T19:13:43Z</time></trkpt><trkpt lat="52.722254" lon="-117.662504"><ele>1782.896</ele><time>2026-07-02T19:13:49Z</time></trkpt><trkpt lat="52.722253" lon="-117.662479"><ele>1782.696</ele><time>2026-07-02T19:13:50Z</time></trkpt><trkpt lat="52.722235" lon="-117.662385"><ele>1781.855</ele><time>2026-07-02T19:13:56Z</time></trkpt><trkpt lat="52.722229" lon="-117.662339"><ele>1781.611</ele><time>2026-07-02T19:13:58Z</time></trkpt><trkpt lat="52.722227" lon="-117.662252"><ele>1780.815</ele><time>2026-07-02T19:14:03Z</time></trkpt><trkpt lat="52.722222" lon="-117.662208"><ele>1780.633</ele><time>2026-07-02T19:14:05Z</time></trkpt><trkpt lat="52.722198" lon="-117.662078"><ele>1779.844</ele><time>2026-07-02T19:14:12Z</time></trkpt><trkpt lat="52.722176" lon="-117.661998"><ele>1779.498</ele><time>2026-07-02T19:14:17Z</time></trkpt><trkpt lat="52.722152" lon="-117.661889"><ele>1779.215</ele><time>2026-07-02T19:14:22Z</time></trkpt><trkpt lat="52.722148" lon="-117.661764"><ele>1778.626</ele><time>2026-07-02T19:14:28Z</time></trkpt><trkpt lat="52.722146" lon="-117.661715"><ele>1778.409</ele><time>2026-07-02T19:14:31Z</time></trkpt><trkpt lat="52.722147" lon="-117.661643"><ele>1778.011</ele><time>2026-07-02T19:14:35Z</time></trkpt><trkpt lat="52.722162" lon="-117.661482"><ele>1777.476</ele><time>2026-07-02T19:14:43Z</time></trkpt><trkpt lat="52.722167" lon="-117.661443"><ele>1777.211</ele><time>2026-07-02T19:14:45Z</time></trkpt><trkpt lat="52.722179" lon="-117.661338"><ele>1776.671</ele><time>2026-07-02T19:14:52Z</time></trkpt><trkpt lat="52.722185" lon="-117.661299"><ele>1776.240</ele><time>2026-07-02T19:14:54Z</time></trkpt><trkpt lat="52.722201" lon="-117.661183"><ele>1775.476</ele><time>2026-07-02T19:15:00Z</time></trkpt><trkpt lat="52.722202" lon="-117.661145"><ele>1775.080</ele><time>2026-07-02T19:15:02Z</time></trkpt><trkpt lat="52.722205" lon="-117.661021"><ele>1774.498</ele><time>2026-07-02T19:15:08Z</time></trkpt><trkpt lat="52.722215" lon="-117.660958"><ele>1774.019</ele><time>2026-07-02T19:15:12Z</time></trkpt><trkpt lat="52.722225" lon="-117.660864"><ele>1773.696</ele><time>2026-07-02T19:15:17Z</time></trkpt><trkpt lat="52.722256" lon="-117.660702"><ele>1773.031</ele><time>2026-07-02T19:15:26Z</time></trkpt><trkpt lat="52.722296" lon="-117.660574"><ele>1771.824</ele><time>2026-07-02T19:15:34Z</time></trkpt><trkpt lat="52.722302" lon="-117.660554"><ele>1771.609</ele><time>2026-07-02T19:15:35Z</time></trkpt><trkpt lat="52.722317" lon="-117.660444"><ele>1770.831</ele><time>2026-07-02T19:15:40Z</time></trkpt><trkpt lat="52.722322" lon="-117.660399"><ele>1770.466</ele><time>2026-07-02T19:15:42Z</time></trkpt><trkpt lat="52.722338" lon="-117.660302"><ele>1769.691</ele><time>2026-07-02T19:15:47Z</time></trkpt><trkpt lat="52.722358" lon="-117.66019"><ele>1768.891</ele><time>2026-07-02T19:15:53Z</time></trkpt><trkpt lat="52.72237" lon="-117.660155"><ele>1768.650</ele><time>2026-07-02T19:15:55Z</time></trkpt><trkpt lat="52.722396" lon="-117.660055"><ele>1767.846</ele><time>2026-07-02T19:16:01Z</time></trkpt><trkpt lat="52.722394" lon="-117.660032"><ele>1767.470</ele><time>2026-07-02T19:16:03Z</time></trkpt><trkpt lat="52.722382" lon="-117.659925"><ele>1766.888</ele><time>2026-07-02T19:16:08Z</time></trkpt><trkpt lat="52.722361" lon="-117.659869"><ele>1766.479</ele><time>2026-07-02T19:16:12Z</time></trkpt><trkpt lat="52.722337" lon="-117.659789"><ele>1765.258</ele><time>2026-07-02T19:16:17Z</time></trkpt><trkpt lat="52.722302" lon="-117.659661"><ele>1764.452</ele><time>2026-07-02T19:16:24Z</time></trkpt><trkpt lat="52.722289" lon="-117.659618"><ele>1764.017</ele><time>2026-07-02T19:16:26Z</time></trkpt><trkpt lat="52.722248" lon="-117.659536"><ele>1763.409</ele><time>2026-07-02T19:16:31Z</time></trkpt><trkpt lat="52.722235" lon="-117.659503"><ele>1763.027</ele><time>2026-07-02T19:16:34Z</time></trkpt><trkpt lat="52.722215" lon="-117.659438"><ele>1762.852</ele><time>2026-07-02T19:16:38Z</time></trkpt><trkpt lat="52.722181" lon="-117.65937"><ele>1762.097</ele><time>2026-07-02T19:16:43Z</time></trkpt><trkpt lat="52.722158" lon="-117.659317"><ele>1761.677</ele><time>2026-07-02T19:16:46Z</time></trkpt><trkpt lat="52.722134" lon="-117.659232"><ele>1761.036</ele><time>2026-07-02T19:16:51Z</time></trkpt><trkpt lat="52.722126" lon="-117.659162"><ele>1760.452</ele><time>2026-07-02T19:16:55Z</time></trkpt><trkpt lat="52.722126" lon="-117.659084"><ele>1759.826</ele><time>2026-07-02T19:16:59Z</time></trkpt><trkpt lat="52.722113" lon="-117.659019"><ele>1759.494</ele><time>2026-07-02T19:17:04Z</time></trkpt><trkpt lat="52.722117" lon="-117.65893"><ele>1758.845</ele><time>2026-07-02T19:17:09Z</time></trkpt><trkpt lat="52.722118" lon="-117.658865"><ele>1758.292</ele><time>2026-07-02T19:17:12Z</time></trkpt><trkpt lat="52.722135" lon="-117.658773"><ele>1757.673</ele><time>2026-07-02T19:17:17Z</time></trkpt><trkpt lat="52.722144" lon="-117.658725"><ele>1757.220</ele><time>2026-07-02T19:17:20Z</time></trkpt><trkpt lat="52.722168" lon="-117.658615"><ele>1756.609</ele><time>2026-07-02T19:17:27Z</time></trkpt><trkpt lat="52.722211" lon="-117.65844"><ele>1755.641</ele><time>2026-07-02T19:17:36Z</time></trkpt><trkpt lat="52.722233" lon="-117.658294"><ele>1754.666</ele><time>2026-07-02T19:17:44Z</time></trkpt><trkpt lat="52.722235" lon="-117.658278"><ele>1754.431</ele><time>2026-07-02T19:17:45Z</time></trkpt><trkpt lat="52.722274" lon="-117.658156"><ele>1753.831</ele><time>2026-07-02T19:17:52Z</time></trkpt><trkpt lat="52.722294" lon="-117.658101"><ele>1753.420</ele><time>2026-07-02T19:17:55Z</time></trkpt><trkpt lat="52.722316" lon="-117.657993"><ele>1753.026</ele><time>2026-07-02T19:18:01Z</time></trkpt><trkpt lat="52.722337" lon="-117.657882"><ele>1752.490</ele><time>2026-07-02T19:18:06Z</time></trkpt><trkpt lat="52.722361" lon="-117.657764"><ele>1752.068</ele><time>2026-07-02T19:18:12Z</time></trkpt><trkpt lat="52.722391" lon="-117.657615"><ele>1751.499</ele><time>2026-07-02T19:18:19Z</time></trkpt><trkpt lat="52.722396" lon="-117.657596"><ele>1751.473</ele><time>2026-07-02T19:18:20Z</time></trkpt><trkpt lat="52.722449" lon="-117.657438"><ele>1750.685</ele><time>2026-07-02T19:18:28Z</time></trkpt><trkpt lat="52.722452" lon="-117.657382"><ele>1750.413</ele><time>2026-07-02T19:18:31Z</time></trkpt><trkpt lat="52.722459" lon="-117.657303"><ele>1750.009</ele><time>2026-07-02T19:18:35Z</time></trkpt><trkpt lat="52.722483" lon="-117.657173"><ele>1749.439</ele><time>2026-07-02T19:18:42Z</time></trkpt><trkpt lat="52.722488" lon="-117.657156"><ele>1749.434</ele><time>2026-07-02T19:18:43Z</time></trkpt><trkpt lat="52.722493" lon="-117.65714"><ele>1749.249</ele><time>2026-07-02T19:18:44Z</time></trkpt><trkpt lat="52.72252" lon="-117.657006"><ele>1748.869</ele><time>2026-07-02T19:18:51Z</time></trkpt><trkpt lat="52.722538" lon="-117.656911"><ele>1748.258</ele><time>2026-07-02T19:18:56Z</time></trkpt><trkpt lat="52.722548" lon="-117.656858"><ele>1747.684</ele><time>2026-07-02T19:18:59Z</time></trkpt><trkpt lat="52.72256" lon="-117.656811"><ele>1747.078</ele><time>2026-07-02T19:19:02Z</time></trkpt><trkpt lat="52.722573" lon="-117.656731"><ele>1746.676</ele><time>2026-07-02T19:19:06Z</time></trkpt><trkpt lat="52.722584" lon="-117.656636"><ele>1746.087</ele><time>2026-07-02T19:19:11Z</time></trkpt><trkpt lat="52.722593" lon="-117.656548"><ele>1745.666</ele><time>2026-07-02T19:19:15Z</time></trkpt><trkpt lat="52.722609" lon="-117.656389"><ele>1745.229</ele><time>2026-07-02T19:19:23Z</time></trkpt><trkpt lat="52.722612" lon="-117.656269"><ele>1745.021</ele><time>2026-07-02T19:19:29Z</time></trkpt><trkpt lat="52.722607" lon="-117.656224"><ele>1745.009</ele><time>2026-07-02T19:19:31Z</time></trkpt><trkpt lat="52.722617" lon="-117.656087"><ele>1744.658</ele><time>2026-07-02T19:19:38Z</time></trkpt><trkpt lat="52.722614" lon="-117.655941"><ele>1744.263</ele><time>2026-07-02T19:19:45Z</time></trkpt><trkpt lat="52.722617" lon="-117.655883"><ele>1744.038</ele><time>2026-07-02T19:19:48Z</time></trkpt><trkpt lat="52.722622" lon="-117.655708"><ele>1743.448</ele><time>2026-07-02T19:19:56Z</time></trkpt><trkpt lat="52.722627" lon="-117.655586"><ele>1743.047</ele><time>2026-07-02T19:20:02Z</time></trkpt><trkpt lat="52.722627" lon="-117.655529"><ele>1742.883</ele><time>2026-07-02T19:20:05Z</time></trkpt><trkpt lat="52.72265" lon="-117.655341"><ele>1742.057</ele><time>2026-07-02T19:20:14Z</time></trkpt><trkpt lat="52.722653" lon="-117.655322"><ele>1742.055</ele><time>2026-07-02T19:20:15Z</time></trkpt><trkpt lat="52.722674" lon="-117.65515"><ele>1741.286</ele><time>2026-07-02T19:20:24Z</time></trkpt><trkpt lat="52.722683" lon="-117.655088"><ele>1741.077</ele><time>2026-07-02T19:20:27Z</time></trkpt><trkpt lat="52.722689" lon="-117.654995"><ele>1740.661</ele><time>2026-07-02T19:20:32Z</time></trkpt><trkpt lat="52.722689" lon="-117.654857"><ele>1740.627</ele><time>2026-07-02T19:20:39Z</time></trkpt><trkpt lat="52.722678" lon="-117.654717"><ele>1740.209</ele><time>2026-07-02T19:20:46Z</time></trkpt><trkpt lat="52.722676" lon="-117.654661"><ele>1739.899</ele><time>2026-07-02T19:20:49Z</time></trkpt><trkpt lat="52.722666" lon="-117.654593"><ele>1739.854</ele><time>2026-07-02T19:20:53Z</time></trkpt><trkpt lat="52.722633" lon="-117.654452"><ele>1738.839</ele><time>2026-07-02T19:21:00Z</time></trkpt><trkpt lat="52.72262" lon="-117.654414"><ele>1738.859</ele><time>2026-07-02T19:21:02Z</time></trkpt><trkpt lat="52.722572" lon="-117.654257"><ele>1738.058</ele><time>2026-07-02T19:21:10Z</time></trkpt><trkpt lat="52.722563" lon="-117.654201"><ele>1737.884</ele><time>2026-07-02T19:21:13Z</time></trkpt><trkpt lat="52.722548" lon="-117.654145"><ele>1737.868</ele><time>2026-07-02T19:21:16Z</time></trkpt><trkpt lat="52.722508" lon="-117.654008"><ele>1737.676</ele><time>2026-07-02T19:21:24Z</time></trkpt><trkpt lat="52.722456" lon="-117.653869"><ele>1737.277</ele><time>2026-07-02T19:21:32Z</time></trkpt><trkpt lat="52.722426" lon="-117.653791"><ele>1736.859</ele><time>2026-07-02T19:21:36Z</time></trkpt><trkpt lat="52.722407" lon="-117.653723"><ele>1736.603</ele><time>2026-07-02T19:21:40Z</time></trkpt><trkpt lat="52.722344" lon="-117.653582"><ele>1736.023</ele><time>2026-07-02T19:21:49Z</time></trkpt><trkpt lat="52.722335" lon="-117.65356"><ele>1735.809</ele><time>2026-07-02T19:21:50Z</time></trkpt><trkpt lat="52.722315" lon="-117.653462"><ele>1735.277</ele><time>2026-07-02T19:21:56Z</time></trkpt><trkpt lat="52.722305" lon="-117.653426"><ele>1734.652</ele><time>2026-07-02T19:21:58Z</time></trkpt><trkpt lat="52.722267" lon="-117.653274"><ele>1734.017</ele><time>2026-07-02T19:22:06Z</time></trkpt><trkpt lat="52.72226" lon="-117.653234"><ele>1733.637</ele><time>2026-07-02T19:22:08Z</time></trkpt><trkpt lat="52.722251" lon="-117.65311"><ele>1733.036</ele><time>2026-07-02T19:22:14Z</time></trkpt><trkpt lat="52.722255" lon="-117.653049"><ele>1732.472</ele><time>2026-07-02T19:22:17Z</time></trkpt><trkpt lat="52.722268" lon="-117.652953"><ele>1731.866</ele><time>2026-07-02T19:22:22Z</time></trkpt><trkpt lat="52.722311" lon="-117.652783"><ele>1731.414</ele><time>2026-07-02T19:22:31Z</time></trkpt><trkpt lat="52.722313" lon="-117.652764"><ele>1731.445</ele><time>2026-07-02T19:22:32Z</time></trkpt><trkpt lat="52.722328" lon="-117.65272"><ele>1731.277</ele><time>2026-07-02T19:22:35Z</time></trkpt><trkpt lat="52.722345" lon="-117.652668"><ele>1730.661</ele><time>2026-07-02T19:22:39Z</time></trkpt><trkpt lat="52.722359" lon="-117.652633"><ele>1730.427</ele><time>2026-07-02T19:22:41Z</time></trkpt><trkpt lat="52.722394" lon="-117.652551"><ele>1729.609</ele><time>2026-07-02T19:22:47Z</time></trkpt><trkpt lat="52.72242" lon="-117.652463"><ele>1729.449</ele><time>2026-07-02T19:22:52Z</time></trkpt><trkpt lat="52.72244" lon="-117.65243"><ele>1729.294</ele><time>2026-07-02T19:22:54Z</time></trkpt><trkpt lat="52.722492" lon="-117.652332"><ele>1729.469</ele><time>2026-07-02T19:23:02Z</time></trkpt><trkpt lat="52.722575" lon="-117.652154"><ele>1728.629</ele><time>2026-07-02T19:23:13Z</time></trkpt><trkpt lat="52.722598" lon="-117.652097"><ele>1728.698</ele><time>2026-07-02T19:23:16Z</time></trkpt><trkpt lat="52.722632" lon="-117.652042"><ele>1728.694</ele><time>2026-07-02T19:23:21Z</time></trkpt><trkpt lat="52.722684" lon="-117.651929"><ele>1728.218</ele><time>2026-07-02T19:23:28Z</time></trkpt><trkpt lat="52.722703" lon="-117.651895"><ele>1728.096</ele><time>2026-07-02T19:23:30Z</time></trkpt><trkpt lat="52.722766" lon="-117.65177"><ele>1727.217</ele><time>2026-07-02T19:23:38Z</time></trkpt><trkpt lat="52.722775" lon="-117.651756"><ele>1727.258</ele><time>2026-07-02T19:23:39Z</time></trkpt><trkpt lat="52.722837" lon="-117.65163"><ele>1727.052</ele><time>2026-07-02T19:23:47Z</time></trkpt><trkpt lat="52.722903" lon="-117.651484"><ele>1726.617</ele><time>2026-07-02T19:23:57Z</time></trkpt><trkpt lat="52.722973" lon="-117.651337"><ele>1726.409</ele><time>2026-07-02T19:24:06Z</time></trkpt><trkpt lat="52.722989" lon="-117.651302"><ele>1726.217</ele><time>2026-07-02T19:24:08Z</time></trkpt><trkpt lat="52.723018" lon="-117.651234"><ele>1725.862</ele><time>2026-07-02T19:24:12Z</time></trkpt><trkpt lat="52.72305" lon="-117.651112"><ele>1725.257</ele><time>2026-07-02T19:24:20Z</time></trkpt><trkpt lat="52.723101" lon="-117.650968"><ele>1725.227</ele><time>2026-07-02T19:24:28Z</time></trkpt><trkpt lat="52.723105" lon="-117.650956"><ele>1725.066</ele><time>2026-07-02T19:24:29Z</time></trkpt><trkpt lat="52.723122" lon="-117.65087"><ele>1724.842</ele><time>2026-07-02T19:24:34Z</time></trkpt><trkpt lat="52.723138" lon="-117.6508"><ele>1724.656</ele><time>2026-07-02T19:24:37Z</time></trkpt><trkpt lat="52.723149" lon="-117.650698"><ele>1724.284</ele><time>2026-07-02T19:24:42Z</time></trkpt><trkpt lat="52.723151" lon="-117.650686"><ele>1724.055</ele><time>2026-07-02T19:24:43Z</time></trkpt><trkpt lat="52.723153" lon="-117.650655"><ele>1723.854</ele><time>2026-07-02T19:24:45Z</time></trkpt><trkpt lat="52.72317" lon="-117.650474"><ele>1723.056</ele><time>2026-07-02T19:24:54Z</time></trkpt><trkpt lat="52.723207" lon="-117.650315"><ele>1722.411</ele><time>2026-07-02T19:25:02Z</time></trkpt><trkpt lat="52.723242" lon="-117.650193"><ele>1722.209</ele><time>2026-07-02T19:25:09Z</time></trkpt><trkpt lat="52.723274" lon="-117.650064"><ele>1722.087</ele><time>2026-07-02T19:25:16Z</time></trkpt><trkpt lat="52.723279" lon="-117.650046"><ele>1721.862</ele><time>2026-07-02T19:25:17Z</time></trkpt><trkpt lat="52.723306" lon="-117.649965"><ele>1721.817</ele><time>2026-07-02T19:25:23Z</time></trkpt><trkpt lat="52.723345" lon="-117.649848"><ele>1721.467</ele><time>2026-07-02T19:25:31Z</time></trkpt><trkpt lat="52.723401" lon="-117.649744"><ele>1721.286</ele><time>2026-07-02T19:25:38Z</time></trkpt><trkpt lat="52.723433" lon="-117.649656"><ele>1720.832</ele><time>2026-07-02T19:25:44Z</time></trkpt><trkpt lat="52.723448" lon="-117.649622"><ele>1720.816</ele><time>2026-07-02T19:25:46Z</time></trkpt><trkpt lat="52.72349" lon="-117.649515"><ele>1720.894</ele><time>2026-07-02T19:25:53Z</time></trkpt><trkpt lat="52.723502" lon="-117.649488"><ele>1720.835</ele><time>2026-07-02T19:25:55Z</time></trkpt><trkpt lat="52.723516" lon="-117.649462"><ele>1720.675</ele><time>2026-07-02T19:25:57Z</time></trkpt><trkpt lat="52.723567" lon="-117.649398"><ele>1720.428</ele><time>2026-07-02T19:26:03Z</time></trkpt><trkpt lat="52.723634" lon="-117.649235"><ele>1719.820</ele><time>2026-07-02T19:26:13Z</time></trkpt><trkpt lat="52.723641" lon="-117.649223"><ele>1719.809</ele><time>2026-07-02T19:26:14Z</time></trkpt><trkpt lat="52.723723" lon="-117.649094"><ele>1719.449</ele><time>2026-07-02T19:26:23Z</time></trkpt><trkpt lat="52.723788" lon="-117.649022"><ele>1719.014</ele><time>2026-07-02T19:26:30Z</time></trkpt><trkpt lat="52.723869" lon="-117.648901"><ele>1719.079</ele><time>2026-07-02T19:26:38Z</time></trkpt><trkpt lat="52.723925" lon="-117.648806"><ele>1718.819</ele><time>2026-07-02T19:26:44Z</time></trkpt><trkpt lat="52.723945" lon="-117.648771"><ele>1718.818</ele><time>2026-07-02T19:26:46Z</time></trkpt><trkpt lat="52.724004" lon="-117.648685"><ele>1718.414</ele><time>2026-07-02T19:26:53Z</time></trkpt><trkpt lat="52.724056" lon="-117.648583"><ele>1718.048</ele><time>2026-07-02T19:27:00Z</time></trkpt><trkpt lat="52.724069" lon="-117.648536"><ele>1717.836</ele><time>2026-07-02T19:27:02Z</time></trkpt><trkpt lat="52.724087" lon="-117.648446"><ele>1717.867</ele><time>2026-07-02T19:27:07Z</time></trkpt><trkpt lat="52.724109" lon="-117.648311"><ele>1717.695</ele><time>2026-07-02T19:27:15Z</time></trkpt><trkpt lat="52.724139" lon="-117.648174"><ele>1717.249</ele><time>2026-07-02T19:27:23Z</time></trkpt><trkpt lat="52.724158" lon="-117.648114"><ele>1716.823</ele><time>2026-07-02T19:27:26Z</time></trkpt><trkpt lat="52.724187" lon="-117.64804"><ele>1716.409</ele><time>2026-07-02T19:27:31Z</time></trkpt><trkpt lat="52.724191" lon="-117.648028"><ele>1716.061</ele><time>2026-07-02T19:27:37Z</time></trkpt><trkpt lat="52.724186" lon="-117.648025"><ele>1716.236</ele><time>2026-07-02T19:27:43Z</time></trkpt><trkpt lat="52.72418" lon="-117.648022"><ele>1716.421</ele><time>2026-07-02T19:27:46Z</time></trkpt><trkpt lat="52.724173" lon="-117.64798"><ele>1716.491</ele><time>2026-07-02T19:27:54Z</time></trkpt><trkpt lat="52.724237" lon="-117.647891"><ele>1716.280</ele><time>2026-07-02T19:28:01Z</time></trkpt><trkpt lat="52.724237" lon="-117.647887"><ele>1716.046</ele><time>2026-07-02T19:28:03Z</time></trkpt><trkpt lat="52.72422" lon="-117.647903"><ele>1716.090</ele><time>2026-07-02T19:28:05Z</time></trkpt><trkpt lat="52.724151" lon="-117.647938"><ele>1715.668</ele><time>2026-07-02T19:28:11Z</time></trkpt><trkpt lat="52.724132" lon="-117.647936"><ele>1715.299</ele><time>2026-07-02T19:28:13Z</time></trkpt><trkpt lat="52.724123" lon="-117.647929"><ele>1714.883</ele><time>2026-07-02T19:28:20Z</time></trkpt><trkpt lat="52.724131" lon="-117.647932"><ele>1714.825</ele><time>2026-07-02T19:28:21Z</time></trkpt><trkpt lat="52.724194" lon="-117.647968"><ele>1715.817</ele><time>2026-07-02T19:28:28Z</time></trkpt><trkpt lat="52.724213" lon="-117.647956"><ele>1716.009</ele><time>2026-07-02T19:28:31Z</time></trkpt><trkpt lat="52.724231" lon="-117.647928"><ele>1715.890</ele><time>2026-07-02T19:28:33Z</time></trkpt><trkpt lat="52.724289" lon="-117.647843"><ele>1715.495</ele><time>2026-07-02T19:28:39Z</time></trkpt><trkpt lat="52.724358" lon="-117.647728"><ele>1715.010</ele><time>2026-07-02T19:28:46Z</time></trkpt><trkpt lat="52.724403" lon="-117.647675"><ele>1714.640</ele><time>2026-07-02T19:28:50Z</time></trkpt><trkpt lat="52.724433" lon="-117.647646"><ele>1714.219</ele><time>2026-07-02T19:28:52Z</time></trkpt><trkpt lat="52.724498" lon="-117.647567"><ele>1713.675</ele><time>2026-07-02T19:28:58Z</time></trkpt><trkpt lat="52.724556" lon="-117.647499"><ele>1713.239</ele><time>2026-07-02T19:29:03Z</time></trkpt><trkpt lat="52.724592" lon="-117.64747"><ele>1713.047</ele><time>2026-07-02T19:29:06Z</time></trkpt><trkpt lat="52.724638" lon="-117.647438"><ele>1712.448</ele><time>2026-07-02T19:29:10Z</time></trkpt><trkpt lat="52.72468" lon="-117.647399"><ele>1712.044</ele><time>2026-07-02T19:29:14Z</time></trkpt><trkpt lat="52.72473" lon="-117.647343"><ele>1711.205</ele><time>2026-07-02T19:29:18Z</time></trkpt><trkpt lat="52.724779" lon="-117.647291"><ele>1711.015</ele><time>2026-07-02T19:29:22Z</time></trkpt><trkpt lat="52.72486" lon="-117.647212"><ele>1710.409</ele><time>2026-07-02T19:29:29Z</time></trkpt><trkpt lat="52.724897" lon="-117.64717"><ele>1710.226</ele><time>2026-07-02T19:29:32Z</time></trkpt><trkpt lat="52.724931" lon="-117.647128"><ele>1709.811</ele><time>2026-07-02T19:29:35Z</time></trkpt><trkpt lat="52.724998" lon="-117.64707"><ele>1709.456</ele><time>2026-07-02T19:29:41Z</time></trkpt><trkpt lat="52.725025" lon="-117.647043"><ele>1709.026</ele><time>2026-07-02T19:29:43Z</time></trkpt><trkpt lat="52.725104" lon="-117.646994"><ele>1708.415</ele><time>2026-07-02T19:29:49Z</time></trkpt><trkpt lat="52.725144" lon="-117.646967"><ele>1708.051</ele><time>2026-07-02T19:29:52Z</time></trkpt><trkpt lat="52.725226" lon="-117.646909"><ele>1707.635</ele><time>2026-07-02T19:29:58Z</time></trkpt><trkpt lat="52.725279" lon="-117.646862"><ele>1707.013</ele><time>2026-07-02T19:30:02Z</time></trkpt><trkpt lat="52.725336" lon="-117.6468"><ele>1706.464</ele><time>2026-07-02T19:30:07Z</time></trkpt><trkpt lat="52.725388" lon="-117.646697"><ele>1705.834</ele><time>2026-07-02T19:30:12Z</time></trkpt><trkpt lat="52.725401" lon="-117.646663"><ele>1705.655</ele><time>2026-07-02T19:30:14Z</time></trkpt><trkpt lat="52.725436" lon="-117.646568"><ele>1705.010</ele><time>2026-07-02T19:30:19Z</time></trkpt><trkpt lat="52.725446" lon="-117.646528"><ele>1704.809</ele><time>2026-07-02T19:30:21Z</time></trkpt><trkpt lat="52.725455" lon="-117.64648"><ele>1704.665</ele><time>2026-07-02T19:30:23Z</time></trkpt><trkpt lat="52.72547" lon="-117.646344"><ele>1703.810</ele><time>2026-07-02T19:30:29Z</time></trkpt><trkpt lat="52.725484" lon="-117.646256"><ele>1703.495</ele><time>2026-07-02T19:30:33Z</time></trkpt><trkpt lat="52.725502" lon="-117.646122"><ele>1702.815</ele><time>2026-07-02T19:30:39Z</time></trkpt><trkpt lat="52.725521" lon="-117.646028"><ele>1702.424</ele><time>2026-07-02T19:30:43Z</time></trkpt><trkpt lat="52.72555" lon="-117.645889"><ele>1701.680</ele><time>2026-07-02T19:30:50Z</time></trkpt><trkpt lat="52.725569" lon="-117.645828"><ele>1701.444</ele><time>2026-07-02T19:30:53Z</time></trkpt><trkpt lat="52.725625" lon="-117.645668"><ele>1700.832</ele><time>2026-07-02T19:31:02Z</time></trkpt><trkpt lat="52.725634" lon="-117.645655"><ele>1700.613</ele><time>2026-07-02T19:31:03Z</time></trkpt><trkpt lat="52.725678" lon="-117.645608"><ele>1700.472</ele><time>2026-07-02T19:31:07Z</time></trkpt><trkpt lat="52.725716" lon="-117.645477"><ele>1700.013</ele><time>2026-07-02T19:31:14Z</time></trkpt><trkpt lat="52.725794" lon="-117.645353"><ele>1699.614</ele><time>2026-07-02T19:31:22Z</time></trkpt><trkpt lat="52.725806" lon="-117.645344"><ele>1699.609</ele><time>2026-07-02T19:31:23Z</time></trkpt><trkpt lat="52.725904" lon="-117.645268"><ele>1698.869</ele><time>2026-07-02T19:31:31Z</time></trkpt><trkpt lat="52.72594" lon="-117.645241"><ele>1698.414</ele><time>2026-07-02T19:31:34Z</time></trkpt><trkpt lat="52.72597" lon="-117.645183"><ele>1697.889</ele><time>2026-07-02T19:31:38Z</time></trkpt><trkpt lat="52.725989" lon="-117.645124"><ele>1697.259</ele><time>2026-07-02T19:31:41Z</time></trkpt><trkpt lat="52.726024" lon="-117.645079"><ele>1696.228</ele><time>2026-07-02T19:31:44Z</time></trkpt><trkpt lat="52.726063" lon="-117.645031"><ele>1695.024</ele><time>2026-07-02T19:31:48Z</time></trkpt><trkpt lat="52.72609" lon="-117.645"><ele>1694.628</ele><time>2026-07-02T19:31:51Z</time></trkpt><trkpt lat="52.726166" lon="-117.644931"><ele>1694.076</ele><time>2026-07-02T19:31:57Z</time></trkpt><trkpt lat="52.72619" lon="-117.644903"><ele>1693.817</ele><time>2026-07-02T19:31:59Z</time></trkpt><trkpt lat="52.72622" lon="-117.644787"><ele>1694.017</ele><time>2026-07-02T19:32:05Z</time></trkpt><trkpt lat="52.726186" lon="-117.644684"><ele>1694.687</ele><time>2026-07-02T19:32:12Z</time></trkpt><trkpt lat="52.72619" lon="-117.644677"><ele>1695.015</ele><time>2026-07-02T19:32:14Z</time></trkpt><trkpt lat="52.726197" lon="-117.644661"><ele>1695.209</ele><time>2026-07-02T19:32:15Z</time></trkpt><trkpt lat="52.726219" lon="-117.644607"><ele>1695.813</ele><time>2026-07-02T19:32:18Z</time></trkpt><trkpt lat="52.726231" lon="-117.644561"><ele>1696.278</ele><time>2026-07-02T19:32:20Z</time></trkpt><trkpt lat="52.726247" lon="-117.644481"><ele>1695.893</ele><time>2026-07-02T19:32:24Z</time></trkpt><trkpt lat="52.726256" lon="-117.644447"><ele>1695.663</ele><time>2026-07-02T19:32:26Z</time></trkpt><trkpt lat="52.726288" lon="-117.644356"><ele>1695.692</ele><time>2026-07-02T19:32:31Z</time></trkpt><trkpt lat="52.726303" lon="-117.644347"><ele>1695.628</ele><time>2026-07-02T19:32:32Z</time></trkpt><trkpt lat="52.726315" lon="-117.644344"><ele>1695.482</ele><time>2026-07-02T19:32:33Z</time></trkpt><trkpt lat="52.726329" lon="-117.644341"><ele>1695.230</ele><time>2026-07-02T19:32:34Z</time></trkpt><trkpt lat="52.726384" lon="-117.644375"><ele>1694.091</ele><time>2026-07-02T19:32:39Z</time></trkpt><trkpt lat="52.726396" lon="-117.644379"><ele>1694.067</ele><time>2026-07-02T19:32:40Z</time></trkpt><trkpt lat="52.726435" lon="-117.644415"><ele>1693.681</ele><time>2026-07-02T19:32:46Z</time></trkpt><trkpt lat="52.726438" lon="-117.644438"><ele>1694.019</ele><time>2026-07-02T19:32:48Z</time></trkpt><trkpt lat="52.726441" lon="-117.644437"><ele>1693.809</ele><time>2026-07-02T19:32:54Z</time></trkpt><trkpt lat="52.726439" lon="-117.644456"><ele>1693.498</ele><time>2026-07-02T19:32:57Z</time></trkpt><trkpt lat="52.726446" lon="-117.644445"><ele>1693.013</ele><time>2026-07-02T19:33:02Z</time></trkpt><trkpt lat="52.726442" lon="-117.644438"><ele>1693.228</ele><time>2026-07-02T19:33:05Z</time></trkpt><trkpt lat="52.726424" lon="-117.644448"><ele>1693.428</ele><time>2026-07-02T19:33:13Z</time></trkpt><trkpt lat="52.726421" lon="-117.644405"><ele>1693.287</ele><time>2026-07-02T19:33:24Z</time></trkpt><trkpt lat="52.726423" lon="-117.644401"><ele>1693.653</ele><time>2026-07-02T19:33:26Z</time></trkpt></trkseg></trk></gpx>