<?xml version="1.0" encoding="UTF-8"?><gpx creator="Wikiloc - http://www.wikiloc.com" version="1.1" xmlns="http://www.topografix.com/GPX/1/1" xmlns:xsi="http://www.w3.org/2001/XMLSchema-instance" xsi:schemaLocation="http://www.topografix.com/GPX/1/1 http://www.topografix.com/GPX/1/1/gpx.xsd"><trk><name><![CDATA[Kananaskis Country: Grotto Canyon]]></name><cmt><![CDATA[Exshaw]]></cmt><desc><![CDATA[Exshaw]]></desc><trkseg><trkpt lat="51.064948" lon="-115.203171"><ele>1295.846</ele><time>2026-06-11T18:04:55Z</time></trkpt><trkpt lat="51.064934" lon="-115.203251"><ele>1295.888</ele><time>2026-06-11T18:04:56Z</time></trkpt><trkpt lat="51.064997" lon="-115.203315"><ele>1296.616</ele><time>2026-06-11T18:05:02Z</time></trkpt><trkpt lat="51.065008" lon="-115.203325"><ele>1297.009</ele><time>2026-06-11T18:05:03Z</time></trkpt><trkpt lat="51.065035" lon="-115.20335"><ele>1296.866</ele><time>2026-06-11T18:05:06Z</time></trkpt><trkpt lat="51.065047" lon="-115.203379"><ele>1296.230</ele><time>2026-06-11T18:05:09Z</time></trkpt><trkpt lat="51.065051" lon="-115.203397"><ele>1296.092</ele><time>2026-06-11T18:05:13Z</time></trkpt><trkpt lat="51.065057" lon="-115.203406"><ele>1296.053</ele><time>2026-06-11T18:05:14Z</time></trkpt><trkpt lat="51.065104" lon="-115.203496"><ele>1296.056</ele><time>2026-06-11T18:05:21Z</time></trkpt><trkpt lat="51.065092" lon="-115.203544"><ele>1295.618</ele><time>2026-06-11T18:05:25Z</time></trkpt><trkpt lat="51.065071" lon="-115.203557"><ele>1296.050</ele><time>2026-06-11T18:05:27Z</time></trkpt><trkpt lat="51.065053" lon="-115.203566"><ele>1296.236</ele><time>2026-06-11T18:05:29Z</time></trkpt><trkpt lat="51.065025" lon="-115.203581"><ele>1297.212</ele><time>2026-06-11T18:05:33Z</time></trkpt><trkpt lat="51.06501" lon="-115.203619"><ele>1298.457</ele><time>2026-06-11T18:05:36Z</time></trkpt><trkpt lat="51.065005" lon="-115.203637"><ele>1298.600</ele><time>2026-06-11T18:05:37Z</time></trkpt><trkpt lat="51.064964" lon="-115.20369"><ele>1299.020</ele><time>2026-06-11T18:05:43Z</time></trkpt><trkpt lat="51.064944" lon="-115.203704"><ele>1299.209</ele><time>2026-06-11T18:05:45Z</time></trkpt><trkpt lat="51.064937" lon="-115.20371"><ele>1299.487</ele><time>2026-06-11T18:05:46Z</time></trkpt><trkpt lat="51.06486" lon="-115.203773"><ele>1300.471</ele><time>2026-06-11T18:05:54Z</time></trkpt><trkpt lat="51.064832" lon="-115.203785"><ele>1300.233</ele><time>2026-06-11T18:05:58Z</time></trkpt><trkpt lat="51.064815" lon="-115.203788"><ele>1300.234</ele><time>2026-06-11T18:06:00Z</time></trkpt><trkpt lat="51.064804" lon="-115.203797"><ele>1300.477</ele><time>2026-06-11T18:06:01Z</time></trkpt><trkpt lat="51.064782" lon="-115.203834"><ele>1301.819</ele><time>2026-06-11T18:06:04Z</time></trkpt><trkpt lat="51.064763" lon="-115.203878"><ele>1302.691</ele><time>2026-06-11T18:06:07Z</time></trkpt><trkpt lat="51.064724" lon="-115.203987"><ele>1302.677</ele><time>2026-06-11T18:06:14Z</time></trkpt><trkpt lat="51.064717" lon="-115.204"><ele>1302.853</ele><time>2026-06-11T18:06:15Z</time></trkpt><trkpt lat="51.064679" lon="-115.204076"><ele>1303.428</ele><time>2026-06-11T18:06:22Z</time></trkpt><trkpt lat="51.064668" lon="-115.204097"><ele>1303.889</ele><time>2026-06-11T18:06:24Z</time></trkpt><trkpt lat="51.064626" lon="-115.204161"><ele>1305.017</ele><time>2026-06-11T18:06:30Z</time></trkpt><trkpt lat="51.06461" lon="-115.204184"><ele>1305.209</ele><time>2026-06-11T18:06:32Z</time></trkpt><trkpt lat="51.06455" lon="-115.204268"><ele>1305.614</ele><time>2026-06-11T18:06:40Z</time></trkpt><trkpt lat="51.064518" lon="-115.204308"><ele>1306.088</ele><time>2026-06-11T18:06:44Z</time></trkpt><trkpt lat="51.064476" lon="-115.204376"><ele>1306.040</ele><time>2026-06-11T18:06:50Z</time></trkpt><trkpt lat="51.064442" lon="-115.204469"><ele>1306.211</ele><time>2026-06-11T18:06:58Z</time></trkpt><trkpt lat="51.064423" lon="-115.20451"><ele>1307.284</ele><time>2026-06-11T18:07:01Z</time></trkpt><trkpt lat="51.064403" lon="-115.204552"><ele>1308.496</ele><time>2026-06-11T18:07:04Z</time></trkpt><trkpt lat="51.06438" lon="-115.204578"><ele>1309.068</ele><time>2026-06-11T18:07:07Z</time></trkpt><trkpt lat="51.064338" lon="-115.204599"><ele>1309.484</ele><time>2026-06-11T18:07:11Z</time></trkpt><trkpt lat="51.064323" lon="-115.204609"><ele>1309.490</ele><time>2026-06-11T18:07:13Z</time></trkpt><trkpt lat="51.064265" lon="-115.204679"><ele>1309.626</ele><time>2026-06-11T18:07:20Z</time></trkpt><trkpt lat="51.064186" lon="-115.204726"><ele>1310.447</ele><time>2026-06-11T18:07:28Z</time></trkpt><trkpt lat="51.06411" lon="-115.204676"><ele>1309.411</ele><time>2026-06-11T18:07:35Z</time></trkpt><trkpt lat="51.064094" lon="-115.20468"><ele>1308.809</ele><time>2026-06-11T18:07:36Z</time></trkpt><trkpt lat="51.064063" lon="-115.204695"><ele>1308.234</ele><time>2026-06-11T18:07:38Z</time></trkpt><trkpt lat="51.06404" lon="-115.204737"><ele>1308.448</ele><time>2026-06-11T18:07:42Z</time></trkpt><trkpt lat="51.064021" lon="-115.204784"><ele>1309.450</ele><time>2026-06-11T18:07:47Z</time></trkpt><trkpt lat="51.064023" lon="-115.204782"><ele>1309.491</ele><time>2026-06-11T18:07:49Z</time></trkpt><trkpt lat="51.063989" lon="-115.204818"><ele>1310.284</ele><time>2026-06-11T18:07:56Z</time></trkpt><trkpt lat="51.063973" lon="-115.204848"><ele>1310.486</ele><time>2026-06-11T18:07:58Z</time></trkpt><trkpt lat="51.063915" lon="-115.204925"><ele>1309.828</ele><time>2026-06-11T18:08:04Z</time></trkpt><trkpt lat="51.063817" lon="-115.205026"><ele>1311.044</ele><time>2026-06-11T18:08:14Z</time></trkpt><trkpt lat="51.063735" lon="-115.205114"><ele>1311.460</ele><time>2026-06-11T18:08:22Z</time></trkpt><trkpt lat="51.063727" lon="-115.205126"><ele>1311.488</ele><time>2026-06-11T18:08:23Z</time></trkpt><trkpt lat="51.063656" lon="-115.205226"><ele>1311.824</ele><time>2026-06-11T18:08:31Z</time></trkpt><trkpt lat="51.063622" lon="-115.205297"><ele>1312.626</ele><time>2026-06-11T18:08:36Z</time></trkpt><trkpt lat="51.063606" lon="-115.205347"><ele>1312.809</ele><time>2026-06-11T18:08:39Z</time></trkpt><trkpt lat="51.063598" lon="-115.205376"><ele>1313.080</ele><time>2026-06-11T18:08:41Z</time></trkpt><trkpt lat="51.063577" lon="-115.205452"><ele>1313.244</ele><time>2026-06-11T18:08:46Z</time></trkpt><trkpt lat="51.063566" lon="-115.205491"><ele>1314.016</ele><time>2026-06-11T18:08:49Z</time></trkpt><trkpt lat="51.063557" lon="-115.205522"><ele>1314.467</ele><time>2026-06-11T18:08:51Z</time></trkpt><trkpt lat="51.063553" lon="-115.205536"><ele>1315.650</ele><time>2026-06-11T18:08:52Z</time></trkpt><trkpt lat="51.063537" lon="-115.205616"><ele>1315.492</ele><time>2026-06-11T18:08:57Z</time></trkpt><trkpt lat="51.063521" lon="-115.20575"><ele>1315.474</ele><time>2026-06-11T18:09:05Z</time></trkpt><trkpt lat="51.063514" lon="-115.205763"><ele>1315.690</ele><time>2026-06-11T18:09:06Z</time></trkpt><trkpt lat="51.063492" lon="-115.205827"><ele>1315.876</ele><time>2026-06-11T18:09:10Z</time></trkpt><trkpt lat="51.063474" lon="-115.205873"><ele>1316.697</ele><time>2026-06-11T18:09:13Z</time></trkpt><trkpt lat="51.063442" lon="-115.205929"><ele>1316.623</ele><time>2026-06-11T18:09:17Z</time></trkpt><trkpt lat="51.063363" lon="-115.206077"><ele>1316.825</ele><time>2026-06-11T18:09:28Z</time></trkpt><trkpt lat="51.063299" lon="-115.20623"><ele>1317.009</ele><time>2026-06-11T18:09:38Z</time></trkpt><trkpt lat="51.063229" lon="-115.206355"><ele>1316.491</ele><time>2026-06-11T18:09:47Z</time></trkpt><trkpt lat="51.063143" lon="-115.20646"><ele>1315.885</ele><time>2026-06-11T18:09:56Z</time></trkpt><trkpt lat="51.063132" lon="-115.206469"><ele>1315.637</ele><time>2026-06-11T18:09:57Z</time></trkpt><trkpt lat="51.063071" lon="-115.206596"><ele>1314.868</ele><time>2026-06-11T18:10:06Z</time></trkpt><trkpt lat="51.063053" lon="-115.206626"><ele>1314.671</ele><time>2026-06-11T18:10:08Z</time></trkpt><trkpt lat="51.062989" lon="-115.206726"><ele>1313.873</ele><time>2026-06-11T18:10:15Z</time></trkpt><trkpt lat="51.062969" lon="-115.206751"><ele>1313.415</ele><time>2026-06-11T18:10:17Z</time></trkpt><trkpt lat="51.062893" lon="-115.206806"><ele>1312.691</ele><time>2026-06-11T18:10:24Z</time></trkpt><trkpt lat="51.062869" lon="-115.206809"><ele>1312.447</ele><time>2026-06-11T18:10:26Z</time></trkpt><trkpt lat="51.062815" lon="-115.206824"><ele>1311.856</ele><time>2026-06-11T18:10:31Z</time></trkpt><trkpt lat="51.062756" lon="-115.206832"><ele>1311.259</ele><time>2026-06-11T18:10:36Z</time></trkpt><trkpt lat="51.062703" lon="-115.206854"><ele>1310.414</ele><time>2026-06-11T18:10:40Z</time></trkpt><trkpt lat="51.06268" lon="-115.206859"><ele>1310.009</ele><time>2026-06-11T18:10:42Z</time></trkpt><trkpt lat="51.062585" lon="-115.206889"><ele>1309.067</ele><time>2026-06-11T18:10:51Z</time></trkpt><trkpt lat="51.062507" lon="-115.206949"><ele>1308.011</ele><time>2026-06-11T18:10:58Z</time></trkpt><trkpt lat="51.062497" lon="-115.206958"><ele>1307.663</ele><time>2026-06-11T18:10:59Z</time></trkpt><trkpt lat="51.062428" lon="-115.207021"><ele>1307.284</ele><time>2026-06-11T18:11:06Z</time></trkpt><trkpt lat="51.062403" lon="-115.207051"><ele>1306.457</ele><time>2026-06-11T18:11:09Z</time></trkpt><trkpt lat="51.062354" lon="-115.207098"><ele>1305.889</ele><time>2026-06-11T18:11:16Z</time></trkpt><trkpt lat="51.062342" lon="-115.207122"><ele>1306.021</ele><time>2026-06-11T18:11:24Z</time></trkpt><trkpt lat="51.062304" lon="-115.207178"><ele>1305.617</ele><time>2026-06-11T18:11:28Z</time></trkpt><trkpt lat="51.062296" lon="-115.207192"><ele>1305.453</ele><time>2026-06-11T18:11:29Z</time></trkpt><trkpt lat="51.062269" lon="-115.207238"><ele>1304.867</ele><time>2026-06-11T18:11:32Z</time></trkpt><trkpt lat="51.062208" lon="-115.207333"><ele>1304.281</ele><time>2026-06-11T18:11:39Z</time></trkpt><trkpt lat="51.062193" lon="-115.207361"><ele>1304.019</ele><time>2026-06-11T18:11:41Z</time></trkpt><trkpt lat="51.062163" lon="-115.207409"><ele>1303.209</ele><time>2026-06-11T18:11:45Z</time></trkpt><trkpt lat="51.062105" lon="-115.207493"><ele>1302.638</ele><time>2026-06-11T18:11:50Z</time></trkpt><trkpt lat="51.06207" lon="-115.207526"><ele>1302.292</ele><time>2026-06-11T18:11:53Z</time></trkpt><trkpt lat="51.062027" lon="-115.207578"><ele>1301.654</ele><time>2026-06-11T18:11:57Z</time></trkpt><trkpt lat="51.062017" lon="-115.207584"><ele>1301.415</ele><time>2026-06-11T18:11:58Z</time></trkpt><trkpt lat="51.06193" lon="-115.207697"><ele>1301.038</ele><time>2026-06-11T18:12:07Z</time></trkpt><trkpt lat="51.061886" lon="-115.20779"><ele>1300.680</ele><time>2026-06-11T18:12:13Z</time></trkpt><trkpt lat="51.061867" lon="-115.207841"><ele>1300.212</ele><time>2026-06-11T18:12:16Z</time></trkpt><trkpt lat="51.06184" lon="-115.207943"><ele>1299.418</ele><time>2026-06-11T18:12:21Z</time></trkpt><trkpt lat="51.061818" lon="-115.208019"><ele>1299.084</ele><time>2026-06-11T18:12:25Z</time></trkpt><trkpt lat="51.061789" lon="-115.208087"><ele>1299.475</ele><time>2026-06-11T18:12:29Z</time></trkpt><trkpt lat="51.061767" lon="-115.208141"><ele>1299.428</ele><time>2026-06-11T18:12:32Z</time></trkpt><trkpt lat="51.061745" lon="-115.208205"><ele>1299.220</ele><time>2026-06-11T18:12:36Z</time></trkpt><trkpt lat="51.061729" lon="-115.20835"><ele>1299.609</ele><time>2026-06-11T18:12:44Z</time></trkpt><trkpt lat="51.061708" lon="-115.208513"><ele>1300.649</ele><time>2026-06-11T18:12:53Z</time></trkpt><trkpt lat="51.061692" lon="-115.208604"><ele>1301.283</ele><time>2026-06-11T18:12:59Z</time></trkpt><trkpt lat="51.061677" lon="-115.208684"><ele>1301.615</ele><time>2026-06-11T18:13:04Z</time></trkpt><trkpt lat="51.061671" lon="-115.208716"><ele>1301.836</ele><time>2026-06-11T18:13:06Z</time></trkpt><trkpt lat="51.061642" lon="-115.208858"><ele>1302.439</ele><time>2026-06-11T18:13:15Z</time></trkpt><trkpt lat="51.06164" lon="-115.208876"><ele>1302.631</ele><time>2026-06-11T18:13:16Z</time></trkpt><trkpt lat="51.061638" lon="-115.208891"><ele>1302.663</ele><time>2026-06-11T18:13:17Z</time></trkpt><trkpt lat="51.061613" lon="-115.209009"><ele>1303.449</ele><time>2026-06-11T18:13:25Z</time></trkpt><trkpt lat="51.061612" lon="-115.209043"><ele>1303.885</ele><time>2026-06-11T18:13:27Z</time></trkpt><trkpt lat="51.061602" lon="-115.209139"><ele>1304.267</ele><time>2026-06-11T18:13:33Z</time></trkpt><trkpt lat="51.061586" lon="-115.209266"><ele>1304.881</ele><time>2026-06-11T18:13:40Z</time></trkpt><trkpt lat="51.061577" lon="-115.209267"><ele>1305.019</ele><time>2026-06-11T18:13:42Z</time></trkpt><trkpt lat="51.061538" lon="-115.209297"><ele>1305.209</ele><time>2026-06-11T18:13:46Z</time></trkpt><trkpt lat="51.061524" lon="-115.209409"><ele>1305.828</ele><time>2026-06-11T18:13:53Z</time></trkpt><trkpt lat="51.061517" lon="-115.209545"><ele>1306.812</ele><time>2026-06-11T18:14:01Z</time></trkpt><trkpt lat="51.061512" lon="-115.209656"><ele>1308.094</ele><time>2026-06-11T18:14:09Z</time></trkpt><trkpt lat="51.061511" lon="-115.209674"><ele>1308.045</ele><time>2026-06-11T18:14:10Z</time></trkpt><trkpt lat="51.061504" lon="-115.209837"><ele>1309.078</ele><time>2026-06-11T18:14:20Z</time></trkpt><trkpt lat="51.061501" lon="-115.209934"><ele>1310.090</ele><time>2026-06-11T18:14:26Z</time></trkpt><trkpt lat="51.0615" lon="-115.209974"><ele>1310.462</ele><time>2026-06-11T18:14:29Z</time></trkpt><trkpt lat="51.061498" lon="-115.210095"><ele>1310.818</ele><time>2026-06-11T18:14:38Z</time></trkpt><trkpt lat="51.061499" lon="-115.210097"><ele>1310.644</ele><time>2026-06-11T18:14:46Z</time></trkpt><trkpt lat="51.061499" lon="-115.210097"><ele>1310.611</ele><time>2026-06-11T18:14:47Z</time></trkpt><trkpt lat="51.061499" lon="-115.210097"><ele>1310.821</ele><time>2026-06-11T18:14:48Z</time></trkpt><trkpt lat="51.061506" lon="-115.2101"><ele>1310.603</ele><time>2026-06-11T18:14:51Z</time></trkpt><trkpt lat="51.061501" lon="-115.210144"><ele>1310.809</ele><time>2026-06-11T18:14:59Z</time></trkpt><trkpt lat="51.061497" lon="-115.210136"><ele>1310.883</ele><time>2026-06-11T18:15:00Z</time></trkpt><trkpt lat="51.061492" lon="-115.210113"><ele>1310.647</ele><time>2026-06-11T18:15:06Z</time></trkpt><trkpt lat="51.061492" lon="-115.210115"><ele>1310.649</ele><time>2026-06-11T18:15:07Z</time></trkpt><trkpt lat="51.061491" lon="-115.21012"><ele>1310.410</ele><time>2026-06-11T18:15:09Z</time></trkpt><trkpt lat="51.061484" lon="-115.210134"><ele>1310.623</ele><time>2026-06-11T18:15:12Z</time></trkpt><trkpt lat="51.061484" lon="-115.210133"><ele>1310.665</ele><time>2026-06-11T18:15:15Z</time></trkpt><trkpt lat="51.06148" lon="-115.21014"><ele>1310.817</ele><time>2026-06-11T18:15:17Z</time></trkpt><trkpt lat="51.061476" lon="-115.210146"><ele>1310.853</ele><time>2026-06-11T18:15:26Z</time></trkpt><trkpt lat="51.061476" lon="-115.210146"><ele>1311.229</ele><time>2026-06-11T18:15:28Z</time></trkpt><trkpt lat="51.061475" lon="-115.210145"><ele>1311.223</ele><time>2026-06-11T18:15:33Z</time></trkpt><trkpt lat="51.061478" lon="-115.210181"><ele>1311.883</ele><time>2026-06-11T18:15:37Z</time></trkpt><trkpt lat="51.061485" lon="-115.210239"><ele>1312.211</ele><time>2026-06-11T18:15:41Z</time></trkpt><trkpt lat="51.061492" lon="-115.2103"><ele>1312.209</ele><time>2026-06-11T18:15:45Z</time></trkpt><trkpt lat="51.061501" lon="-115.210382"><ele>1312.644</ele><time>2026-06-11T18:15:50Z</time></trkpt><trkpt lat="51.0615" lon="-115.210431"><ele>1313.218</ele><time>2026-06-11T18:15:53Z</time></trkpt><trkpt lat="51.061499" lon="-115.210447"><ele>1313.410</ele><time>2026-06-11T18:15:54Z</time></trkpt><trkpt lat="51.061492" lon="-115.210506"><ele>1314.021</ele><time>2026-06-11T18:15:58Z</time></trkpt><trkpt lat="51.06149" lon="-115.210537"><ele>1314.424</ele><time>2026-06-11T18:16:00Z</time></trkpt><trkpt lat="51.061488" lon="-115.210551"><ele>1314.436</ele><time>2026-06-11T18:16:01Z</time></trkpt><trkpt lat="51.061485" lon="-115.210565"><ele>1314.668</ele><time>2026-06-11T18:16:02Z</time></trkpt><trkpt lat="51.061476" lon="-115.210596"><ele>1314.814</ele><time>2026-06-11T18:16:04Z</time></trkpt><trkpt lat="51.061467" lon="-115.210641"><ele>1315.690</ele><time>2026-06-11T18:16:07Z</time></trkpt><trkpt lat="51.061459" lon="-115.210689"><ele>1315.835</ele><time>2026-06-11T18:16:10Z</time></trkpt><trkpt lat="51.061446" lon="-115.210753"><ele>1315.886</ele><time>2026-06-11T18:16:14Z</time></trkpt><trkpt lat="51.061431" lon="-115.210825"><ele>1316.214</ele><time>2026-06-11T18:16:18Z</time></trkpt><trkpt lat="51.06141" lon="-115.210949"><ele>1316.609</ele><time>2026-06-11T18:16:26Z</time></trkpt><trkpt lat="51.061408" lon="-115.210965"><ele>1316.665</ele><time>2026-06-11T18:16:27Z</time></trkpt><trkpt lat="51.061373" lon="-115.211143"><ele>1317.499</ele><time>2026-06-11T18:16:38Z</time></trkpt><trkpt lat="51.061361" lon="-115.211194"><ele>1317.611</ele><time>2026-06-11T18:16:41Z</time></trkpt><trkpt lat="51.061338" lon="-115.211283"><ele>1318.292</ele><time>2026-06-11T18:16:47Z</time></trkpt><trkpt lat="51.061314" lon="-115.211379"><ele>1318.615</ele><time>2026-06-11T18:16:53Z</time></trkpt><trkpt lat="51.061304" lon="-115.211441"><ele>1318.657</ele><time>2026-06-11T18:16:57Z</time></trkpt><trkpt lat="51.061301" lon="-115.211569"><ele>1319.029</ele><time>2026-06-11T18:17:04Z</time></trkpt><trkpt lat="51.0613" lon="-115.211732"><ele>1319.855</ele><time>2026-06-11T18:17:13Z</time></trkpt><trkpt lat="51.061307" lon="-115.211805"><ele>1320.051</ele><time>2026-06-11T18:17:17Z</time></trkpt><trkpt lat="51.061365" lon="-115.211906"><ele>1320.851</ele><time>2026-06-11T18:17:25Z</time></trkpt><trkpt lat="51.061373" lon="-115.211915"><ele>1320.801</ele><time>2026-06-11T18:17:26Z</time></trkpt><trkpt lat="51.061434" lon="-115.212003"><ele>1321.411</ele><time>2026-06-11T18:17:34Z</time></trkpt><trkpt lat="51.061444" lon="-115.212033"><ele>1321.809</ele><time>2026-06-11T18:17:36Z</time></trkpt><trkpt lat="51.061475" lon="-115.212075"><ele>1322.427</ele><time>2026-06-11T18:17:41Z</time></trkpt><trkpt lat="51.061542" lon="-115.212191"><ele>1322.631</ele><time>2026-06-11T18:17:51Z</time></trkpt><trkpt lat="51.061546" lon="-115.212223"><ele>1323.093</ele><time>2026-06-11T18:17:53Z</time></trkpt><trkpt lat="51.061566" lon="-115.212297"><ele>1323.854</ele><time>2026-06-11T18:17:59Z</time></trkpt><trkpt lat="51.061573" lon="-115.212324"><ele>1324.047</ele><time>2026-06-11T18:18:01Z</time></trkpt><trkpt lat="51.061595" lon="-115.212443"><ele>1325.029</ele><time>2026-06-11T18:18:08Z</time></trkpt><trkpt lat="51.061622" lon="-115.212564"><ele>1325.271</ele><time>2026-06-11T18:18:16Z</time></trkpt><trkpt lat="51.061655" lon="-115.212638"><ele>1326.277</ele><time>2026-06-11T18:18:22Z</time></trkpt><trkpt lat="51.061662" lon="-115.212649"><ele>1326.293</ele><time>2026-06-11T18:18:23Z</time></trkpt><trkpt lat="51.061698" lon="-115.212771"><ele>1327.244</ele><time>2026-06-11T18:18:32Z</time></trkpt><trkpt lat="51.061743" lon="-115.212885"><ele>1328.205</ele><time>2026-06-11T18:18:41Z</time></trkpt><trkpt lat="51.061747" lon="-115.212895"><ele>1328.415</ele><time>2026-06-11T18:18:42Z</time></trkpt><trkpt lat="51.061793" lon="-115.212979"><ele>1329.409</ele><time>2026-06-11T18:18:50Z</time></trkpt><trkpt lat="51.061796" lon="-115.212993"><ele>1329.456</ele><time>2026-06-11T18:18:51Z</time></trkpt><trkpt lat="51.061797" lon="-115.21301"><ele>1329.660</ele><time>2026-06-11T18:18:52Z</time></trkpt><trkpt lat="51.061802" lon="-115.213112"><ele>1330.242</ele><time>2026-06-11T18:18:59Z</time></trkpt><trkpt lat="51.061796" lon="-115.213148"><ele>1330.413</ele><time>2026-06-11T18:19:01Z</time></trkpt><trkpt lat="51.061804" lon="-115.213238"><ele>1331.016</ele><time>2026-06-11T18:19:07Z</time></trkpt><trkpt lat="51.061825" lon="-115.21333"><ele>1331.688</ele><time>2026-06-11T18:19:13Z</time></trkpt><trkpt lat="51.06183" lon="-115.213368"><ele>1331.860</ele><time>2026-06-11T18:19:16Z</time></trkpt><trkpt lat="51.061827" lon="-115.213446"><ele>1332.686</ele><time>2026-06-11T18:19:21Z</time></trkpt><trkpt lat="51.061826" lon="-115.213494"><ele>1332.852</ele><time>2026-06-11T18:19:24Z</time></trkpt><trkpt lat="51.061807" lon="-115.21362"><ele>1333.643</ele><time>2026-06-11T18:19:33Z</time></trkpt><trkpt lat="51.061804" lon="-115.213636"><ele>1333.864</ele><time>2026-06-11T18:19:34Z</time></trkpt><trkpt lat="51.061783" lon="-115.213737"><ele>1334.210</ele><time>2026-06-11T18:19:41Z</time></trkpt><trkpt lat="51.061767" lon="-115.213793"><ele>1334.809</ele><time>2026-06-11T18:19:45Z</time></trkpt><trkpt lat="51.061744" lon="-115.21389"><ele>1335.446</ele><time>2026-06-11T18:19:51Z</time></trkpt><trkpt lat="51.061716" lon="-115.214014"><ele>1335.830</ele><time>2026-06-11T18:19:59Z</time></trkpt><trkpt lat="51.061713" lon="-115.214047"><ele>1336.092</ele><time>2026-06-11T18:20:01Z</time></trkpt><trkpt lat="51.061715" lon="-115.21416"><ele>1337.083</ele><time>2026-06-11T18:20:07Z</time></trkpt><trkpt lat="51.061715" lon="-115.214174"><ele>1337.246</ele><time>2026-06-11T18:20:08Z</time></trkpt><trkpt lat="51.061737" lon="-115.214302"><ele>1337.898</ele><time>2026-06-11T18:20:16Z</time></trkpt><trkpt lat="51.061743" lon="-115.214332"><ele>1338.030</ele><time>2026-06-11T18:20:18Z</time></trkpt><trkpt lat="51.061768" lon="-115.214418"><ele>1338.066</ele><time>2026-06-11T18:20:23Z</time></trkpt><trkpt lat="51.061783" lon="-115.214469"><ele>1338.252</ele><time>2026-06-11T18:20:26Z</time></trkpt><trkpt lat="51.0618" lon="-115.214615"><ele>1339.026</ele><time>2026-06-11T18:20:35Z</time></trkpt><trkpt lat="51.061806" lon="-115.214757"><ele>1339.447</ele><time>2026-06-11T18:20:44Z</time></trkpt><trkpt lat="51.061798" lon="-115.214849"><ele>1340.211</ele><time>2026-06-11T18:20:50Z</time></trkpt><trkpt lat="51.061796" lon="-115.214875"><ele>1340.409</ele><time>2026-06-11T18:20:52Z</time></trkpt><trkpt lat="51.061809" lon="-115.215021"><ele>1341.034</ele><time>2026-06-11T18:21:02Z</time></trkpt><trkpt lat="51.061825" lon="-115.215042"><ele>1341.298</ele><time>2026-06-11T18:21:05Z</time></trkpt><trkpt lat="51.06183" lon="-115.21505"><ele>1341.260</ele><time>2026-06-11T18:21:06Z</time></trkpt><trkpt lat="51.061861" lon="-115.215095"><ele>1341.861</ele><time>2026-06-11T18:21:10Z</time></trkpt><trkpt lat="51.061891" lon="-115.215143"><ele>1342.474</ele><time>2026-06-11T18:21:15Z</time></trkpt><trkpt lat="51.061928" lon="-115.215186"><ele>1343.066</ele><time>2026-06-11T18:21:20Z</time></trkpt><trkpt lat="51.061942" lon="-115.215204"><ele>1343.438</ele><time>2026-06-11T18:21:22Z</time></trkpt><trkpt lat="51.061966" lon="-115.215262"><ele>1344.234</ele><time>2026-06-11T18:21:28Z</time></trkpt><trkpt lat="51.061968" lon="-115.215274"><ele>1344.420</ele><time>2026-06-11T18:21:29Z</time></trkpt><trkpt lat="51.061975" lon="-115.215312"><ele>1344.456</ele><time>2026-06-11T18:21:32Z</time></trkpt><trkpt lat="51.062" lon="-115.215374"><ele>1345.259</ele><time>2026-06-11T18:21:37Z</time></trkpt><trkpt lat="51.062009" lon="-115.215397"><ele>1345.614</ele><time>2026-06-11T18:21:39Z</time></trkpt><trkpt lat="51.062041" lon="-115.215491"><ele>1346.609</ele><time>2026-06-11T18:21:46Z</time></trkpt><trkpt lat="51.062049" lon="-115.215501"><ele>1346.637</ele><time>2026-06-11T18:21:47Z</time></trkpt><trkpt lat="51.062105" lon="-115.215566"><ele>1346.651</ele><time>2026-06-11T18:21:54Z</time></trkpt><trkpt lat="51.062156" lon="-115.215626"><ele>1347.213</ele><time>2026-06-11T18:22:01Z</time></trkpt><trkpt lat="51.062189" lon="-115.215675"><ele>1347.624</ele><time>2026-06-11T18:22:06Z</time></trkpt><trkpt lat="51.062196" lon="-115.215711"><ele>1347.897</ele><time>2026-06-11T18:22:08Z</time></trkpt><trkpt lat="51.0622" lon="-115.215728"><ele>1347.849</ele><time>2026-06-11T18:22:09Z</time></trkpt><trkpt lat="51.062199" lon="-115.215825"><ele>1348.451</ele><time>2026-06-11T18:22:15Z</time></trkpt><trkpt lat="51.062195" lon="-115.215863"><ele>1348.617</ele><time>2026-06-11T18:22:17Z</time></trkpt><trkpt lat="51.062187" lon="-115.215945"><ele>1348.853</ele><time>2026-06-11T18:22:22Z</time></trkpt><trkpt lat="51.062183" lon="-115.216118"><ele>1349.668</ele><time>2026-06-11T18:22:32Z</time></trkpt><trkpt lat="51.062177" lon="-115.216168"><ele>1349.842</ele><time>2026-06-11T18:22:35Z</time></trkpt><trkpt lat="51.062157" lon="-115.216232"><ele>1350.026</ele><time>2026-06-11T18:22:40Z</time></trkpt><trkpt lat="51.062153" lon="-115.216244"><ele>1350.209</ele><time>2026-06-11T18:22:41Z</time></trkpt><trkpt lat="51.062186" lon="-115.216322"><ele>1350.468</ele><time>2026-06-11T18:22:47Z</time></trkpt><trkpt lat="51.062209" lon="-115.216392"><ele>1350.832</ele><time>2026-06-11T18:22:52Z</time></trkpt><trkpt lat="51.062224" lon="-115.216434"><ele>1351.424</ele><time>2026-06-11T18:22:55Z</time></trkpt><trkpt lat="51.062275" lon="-115.216528"><ele>1351.695</ele><time>2026-06-11T18:23:03Z</time></trkpt><trkpt lat="51.062273" lon="-115.216547"><ele>1351.658</ele><time>2026-06-11T18:23:04Z</time></trkpt><trkpt lat="51.062278" lon="-115.216629"><ele>1352.030</ele><time>2026-06-11T18:23:10Z</time></trkpt><trkpt lat="51.06227" lon="-115.216654"><ele>1352.442</ele><time>2026-06-11T18:23:12Z</time></trkpt><trkpt lat="51.062257" lon="-115.216682"><ele>1353.238</ele><time>2026-06-11T18:23:15Z</time></trkpt><trkpt lat="51.06225" lon="-115.216687"><ele>1353.454</ele><time>2026-06-11T18:23:17Z</time></trkpt><trkpt lat="51.06224" lon="-115.216689"><ele>1352.298</ele><time>2026-06-11T18:23:23Z</time></trkpt><trkpt lat="51.062239" lon="-115.21669"><ele>1352.015</ele><time>2026-06-11T18:23:24Z</time></trkpt><trkpt lat="51.062239" lon="-115.21669"><ele>1352.426</ele><time>2026-06-11T18:23:25Z</time></trkpt><trkpt lat="51.062251" lon="-115.216687"><ele>1353.409</ele><time>2026-06-11T18:23:28Z</time></trkpt><trkpt lat="51.062277" lon="-115.216674"><ele>1353.811</ele><time>2026-06-11T18:23:30Z</time></trkpt><trkpt lat="51.062384" lon="-115.21666"><ele>1353.275</ele><time>2026-06-11T18:23:39Z</time></trkpt><trkpt lat="51.06241" lon="-115.216715"><ele>1353.047</ele><time>2026-06-11T18:23:45Z</time></trkpt><trkpt lat="51.062409" lon="-115.216722"><ele>1352.668</ele><time>2026-06-11T18:23:46Z</time></trkpt><trkpt lat="51.062414" lon="-115.216729"><ele>1352.211</ele><time>2026-06-11T18:23:47Z</time></trkpt><trkpt lat="51.062424" lon="-115.216765"><ele>1351.643</ele><time>2026-06-11T18:23:51Z</time></trkpt><trkpt lat="51.062432" lon="-115.216789"><ele>1351.275</ele><time>2026-06-11T18:23:53Z</time></trkpt><trkpt lat="51.062439" lon="-115.216803"><ele>1351.221</ele><time>2026-06-11T18:23:54Z</time></trkpt><trkpt lat="51.062477" lon="-115.216869"><ele>1350.227</ele><time>2026-06-11T18:24:01Z</time></trkpt><trkpt lat="51.062486" lon="-115.216881"><ele>1350.043</ele><time>2026-06-11T18:24:02Z</time></trkpt><trkpt lat="51.062547" lon="-115.216917"><ele>1350.064</ele><time>2026-06-11T18:24:08Z</time></trkpt><trkpt lat="51.062582" lon="-115.216954"><ele>1351.010</ele><time>2026-06-11T18:24:12Z</time></trkpt><trkpt lat="51.062602" lon="-115.216931"><ele>1351.209</ele><time>2026-06-11T18:24:14Z</time></trkpt><trkpt lat="51.062613" lon="-115.216926"><ele>1351.096</ele><time>2026-06-11T18:24:15Z</time></trkpt><trkpt lat="51.062671" lon="-115.21693"><ele>1352.080</ele><time>2026-06-11T18:24:21Z</time></trkpt><trkpt lat="51.062692" lon="-115.216929"><ele>1352.452</ele><time>2026-06-11T18:24:23Z</time></trkpt><trkpt lat="51.06272" lon="-115.216924"><ele>1353.263</ele><time>2026-06-11T18:24:26Z</time></trkpt><trkpt lat="51.062744" lon="-115.216915"><ele>1354.456</ele><time>2026-06-11T18:24:28Z</time></trkpt><trkpt lat="51.062754" lon="-115.216914"><ele>1354.818</ele><time>2026-06-11T18:24:29Z</time></trkpt><trkpt lat="51.062763" lon="-115.216922"><ele>1355.460</ele><time>2026-06-11T18:24:30Z</time></trkpt><trkpt lat="51.062777" lon="-115.21693"><ele>1356.846</ele><time>2026-06-11T18:24:32Z</time></trkpt><trkpt lat="51.06277" lon="-115.216939"><ele>1358.682</ele><time>2026-06-11T18:24:36Z</time></trkpt><trkpt lat="51.062789" lon="-115.216946"><ele>1357.087</ele><time>2026-06-11T18:24:39Z</time></trkpt><trkpt lat="51.062804" lon="-115.216943"><ele>1356.042</ele><time>2026-06-11T18:24:41Z</time></trkpt><trkpt lat="51.06282" lon="-115.216933"><ele>1355.826</ele><time>2026-06-11T18:24:42Z</time></trkpt><trkpt lat="51.062883" lon="-115.216922"><ele>1355.609</ele><time>2026-06-11T18:24:47Z</time></trkpt><trkpt lat="51.062903" lon="-115.216928"><ele>1357.250</ele><time>2026-06-11T18:24:53Z</time></trkpt><trkpt lat="51.062896" lon="-115.216938"><ele>1357.874</ele><time>2026-06-11T18:24:55Z</time></trkpt><trkpt lat="51.062896" lon="-115.216941"><ele>1358.096</ele><time>2026-06-11T18:24:56Z</time></trkpt><trkpt lat="51.062904" lon="-115.216953"><ele>1358.057</ele><time>2026-06-11T18:24:58Z</time></trkpt><trkpt lat="51.06294" lon="-115.216977"><ele>1356.880</ele><time>2026-06-11T18:25:02Z</time></trkpt><trkpt lat="51.063007" lon="-115.216989"><ele>1356.822</ele><time>2026-06-11T18:25:08Z</time></trkpt><trkpt lat="51.063034" lon="-115.216997"><ele>1357.234</ele><time>2026-06-11T18:25:11Z</time></trkpt><trkpt lat="51.063071" lon="-115.217018"><ele>1357.450</ele><time>2026-06-11T18:25:15Z</time></trkpt><trkpt lat="51.063083" lon="-115.217031"><ele>1357.846</ele><time>2026-06-11T18:25:17Z</time></trkpt><trkpt lat="51.063132" lon="-115.217084"><ele>1357.895</ele><time>2026-06-11T18:25:24Z</time></trkpt><trkpt lat="51.063149" lon="-115.217114"><ele>1357.849</ele><time>2026-06-11T18:25:30Z</time></trkpt><trkpt lat="51.063155" lon="-115.217125"><ele>1358.023</ele><time>2026-06-11T18:25:31Z</time></trkpt><trkpt lat="51.063158" lon="-115.217137"><ele>1358.209</ele><time>2026-06-11T18:25:32Z</time></trkpt><trkpt lat="51.063189" lon="-115.217226"><ele>1358.691</ele><time>2026-06-11T18:25:38Z</time></trkpt><trkpt lat="51.06321" lon="-115.217287"><ele>1359.215</ele><time>2026-06-11T18:25:44Z</time></trkpt><trkpt lat="51.063216" lon="-115.217299"><ele>1359.457</ele><time>2026-06-11T18:25:45Z</time></trkpt><trkpt lat="51.063237" lon="-115.217368"><ele>1359.888</ele><time>2026-06-11T18:25:53Z</time></trkpt><trkpt lat="51.063307" lon="-115.217439"><ele>1360.441</ele><time>2026-06-11T18:26:02Z</time></trkpt><trkpt lat="51.063361" lon="-115.217475"><ele>1361.663</ele><time>2026-06-11T18:26:08Z</time></trkpt><trkpt lat="51.063394" lon="-115.217487"><ele>1362.255</ele><time>2026-06-11T18:26:11Z</time></trkpt><trkpt lat="51.063416" lon="-115.217502"><ele>1362.671</ele><time>2026-06-11T18:26:13Z</time></trkpt><trkpt lat="51.06345" lon="-115.217532"><ele>1363.257</ele><time>2026-06-11T18:26:18Z</time></trkpt><trkpt lat="51.063462" lon="-115.217537"><ele>1363.246</ele><time>2026-06-11T18:26:20Z</time></trkpt><trkpt lat="51.063453" lon="-115.217518"><ele>1363.288</ele><time>2026-06-11T18:26:24Z</time></trkpt><trkpt lat="51.063459" lon="-115.217523"><ele>1363.416</ele><time>2026-06-11T18:26:27Z</time></trkpt><trkpt lat="51.063532" lon="-115.21759"><ele>1363.609</ele><time>2026-06-11T18:26:35Z</time></trkpt><trkpt lat="51.063614" lon="-115.217647"><ele>1364.866</ele><time>2026-06-11T18:26:43Z</time></trkpt><trkpt lat="51.063631" lon="-115.217664"><ele>1365.010</ele><time>2026-06-11T18:26:45Z</time></trkpt><trkpt lat="51.063668" lon="-115.217699"><ele>1365.682</ele><time>2026-06-11T18:26:49Z</time></trkpt><trkpt lat="51.063694" lon="-115.217723"><ele>1365.883</ele><time>2026-06-11T18:26:52Z</time></trkpt><trkpt lat="51.063717" lon="-115.217735"><ele>1365.826</ele><time>2026-06-11T18:26:54Z</time></trkpt><trkpt lat="51.063778" lon="-115.217775"><ele>1366.048</ele><time>2026-06-11T18:27:00Z</time></trkpt><trkpt lat="51.06386" lon="-115.217842"><ele>1366.810</ele><time>2026-06-11T18:27:08Z</time></trkpt><trkpt lat="51.063896" lon="-115.217894"><ele>1367.426</ele><time>2026-06-11T18:27:13Z</time></trkpt><trkpt lat="51.063948" lon="-115.217973"><ele>1367.812</ele><time>2026-06-11T18:27:20Z</time></trkpt><trkpt lat="51.063953" lon="-115.217983"><ele>1367.883</ele><time>2026-06-11T18:27:21Z</time></trkpt><trkpt lat="51.063962" lon="-115.217991"><ele>1367.825</ele><time>2026-06-11T18:27:22Z</time></trkpt><trkpt lat="51.063969" lon="-115.218"><ele>1367.817</ele><time>2026-06-11T18:27:23Z</time></trkpt><trkpt lat="51.063994" lon="-115.218019"><ele>1368.009</ele><time>2026-06-11T18:27:26Z</time></trkpt><trkpt lat="51.064028" lon="-115.218063"><ele>1368.240</ele><time>2026-06-11T18:27:30Z</time></trkpt><trkpt lat="51.06411" lon="-115.218118"><ele>1368.654</ele><time>2026-06-11T18:27:38Z</time></trkpt><trkpt lat="51.064154" lon="-115.218144"><ele>1369.086</ele><time>2026-06-11T18:27:42Z</time></trkpt><trkpt lat="51.064181" lon="-115.218177"><ele>1369.477</ele><time>2026-06-11T18:27:46Z</time></trkpt><trkpt lat="51.064264" lon="-115.218256"><ele>1369.850</ele><time>2026-06-11T18:27:55Z</time></trkpt><trkpt lat="51.064281" lon="-115.218256"><ele>1370.052</ele><time>2026-06-11T18:27:57Z</time></trkpt><trkpt lat="51.064319" lon="-115.218264"><ele>1370.254</ele><time>2026-06-11T18:28:01Z</time></trkpt><trkpt lat="51.064338" lon="-115.218268"><ele>1370.480</ele><time>2026-06-11T18:28:03Z</time></trkpt><trkpt lat="51.064425" lon="-115.218274"><ele>1371.286</ele><time>2026-06-11T18:28:10Z</time></trkpt><trkpt lat="51.064449" lon="-115.218272"><ele>1371.417</ele><time>2026-06-11T18:28:12Z</time></trkpt><trkpt lat="51.06452" lon="-115.218246"><ele>1372.087</ele><time>2026-06-11T18:28:20Z</time></trkpt><trkpt lat="51.064539" lon="-115.218219"><ele>1372.215</ele><time>2026-06-11T18:28:22Z</time></trkpt><trkpt lat="51.064591" lon="-115.218163"><ele>1373.009</ele><time>2026-06-11T18:28:27Z</time></trkpt><trkpt lat="51.064599" lon="-115.218157"><ele>1373.233</ele><time>2026-06-11T18:28:28Z</time></trkpt><trkpt lat="51.064617" lon="-115.21808"><ele>1374.217</ele><time>2026-06-11T18:28:34Z</time></trkpt><trkpt lat="51.064618" lon="-115.218062"><ele>1374.269</ele><time>2026-06-11T18:28:35Z</time></trkpt><trkpt lat="51.064653" lon="-115.217945"><ele>1375.480</ele><time>2026-06-11T18:28:43Z</time></trkpt><trkpt lat="51.064663" lon="-115.217867"><ele>1375.423</ele><time>2026-06-11T18:28:49Z</time></trkpt><trkpt lat="51.064696" lon="-115.217811"><ele>1376.215</ele><time>2026-06-11T18:28:55Z</time></trkpt><trkpt lat="51.064729" lon="-115.217727"><ele>1376.497</ele><time>2026-06-11T18:29:01Z</time></trkpt><trkpt lat="51.064735" lon="-115.217705"><ele>1376.883</ele><time>2026-06-11T18:29:03Z</time></trkpt><trkpt lat="51.064788" lon="-115.217608"><ele>1377.489</ele><time>2026-06-11T18:29:11Z</time></trkpt><trkpt lat="51.064798" lon="-115.217562"><ele>1377.499</ele><time>2026-06-11T18:29:17Z</time></trkpt><trkpt lat="51.064806" lon="-115.21756"><ele>1377.607</ele><time>2026-06-11T18:29:18Z</time></trkpt><trkpt lat="51.064826" lon="-115.217554"><ele>1377.827</ele><time>2026-06-11T18:29:23Z</time></trkpt><trkpt lat="51.064831" lon="-115.217546"><ele>1377.809</ele><time>2026-06-11T18:29:24Z</time></trkpt><trkpt lat="51.06485" lon="-115.217545"><ele>1378.021</ele><time>2026-06-11T18:29:28Z</time></trkpt><trkpt lat="51.064882" lon="-115.217532"><ele>1378.455</ele><time>2026-06-11T18:29:32Z</time></trkpt><trkpt lat="51.064893" lon="-115.217524"><ele>1378.657</ele><time>2026-06-11T18:29:33Z</time></trkpt><trkpt lat="51.064968" lon="-115.217512"><ele>1379.648</ele><time>2026-06-11T18:29:40Z</time></trkpt><trkpt lat="51.065011" lon="-115.217505"><ele>1379.681</ele><time>2026-06-11T18:29:45Z</time></trkpt><trkpt lat="51.065029" lon="-115.217496"><ele>1379.863</ele><time>2026-06-11T18:29:48Z</time></trkpt><trkpt lat="51.065033" lon="-115.217493"><ele>1379.865</ele><time>2026-06-11T18:29:49Z</time></trkpt><trkpt lat="51.065074" lon="-115.217496"><ele>1380.091</ele><time>2026-06-11T18:29:56Z</time></trkpt><trkpt lat="51.065118" lon="-115.217492"><ele>1380.277</ele><time>2026-06-11T18:30:00Z</time></trkpt><trkpt lat="51.065171" lon="-115.217508"><ele>1380.699</ele><time>2026-06-11T18:30:07Z</time></trkpt><trkpt lat="51.065194" lon="-115.217519"><ele>1380.807</ele><time>2026-06-11T18:30:10Z</time></trkpt><trkpt lat="51.065244" lon="-115.217536"><ele>1381.827</ele><time>2026-06-11T18:30:16Z</time></trkpt><trkpt lat="51.065253" lon="-115.217538"><ele>1382.009</ele><time>2026-06-11T18:30:17Z</time></trkpt><trkpt lat="51.065328" lon="-115.217533"><ele>1382.621</ele><time>2026-06-11T18:30:25Z</time></trkpt><trkpt lat="51.065403" lon="-115.217524"><ele>1382.695</ele><time>2026-06-11T18:30:31Z</time></trkpt><trkpt lat="51.065436" lon="-115.217508"><ele>1382.837</ele><time>2026-06-11T18:30:34Z</time></trkpt><trkpt lat="51.065487" lon="-115.217485"><ele>1383.488</ele><time>2026-06-11T18:30:39Z</time></trkpt><trkpt lat="51.065496" lon="-115.217478"><ele>1383.861</ele><time>2026-06-11T18:30:43Z</time></trkpt><trkpt lat="51.065514" lon="-115.217466"><ele>1383.643</ele><time>2026-06-11T18:30:47Z</time></trkpt><trkpt lat="51.065564" lon="-115.21742"><ele>1384.255</ele><time>2026-06-11T18:30:54Z</time></trkpt><trkpt lat="51.065605" lon="-115.217418"><ele>1384.631</ele><time>2026-06-11T18:30:58Z</time></trkpt><trkpt lat="51.065613" lon="-115.217416"><ele>1384.877</ele><time>2026-06-11T18:30:59Z</time></trkpt><trkpt lat="51.065625" lon="-115.217395"><ele>1385.014</ele><time>2026-06-11T18:31:01Z</time></trkpt><trkpt lat="51.065656" lon="-115.217344"><ele>1385.454</ele><time>2026-06-11T18:31:04Z</time></trkpt><trkpt lat="51.065704" lon="-115.217278"><ele>1385.809</ele><time>2026-06-11T18:31:09Z</time></trkpt><trkpt lat="51.065715" lon="-115.217265"><ele>1385.809</ele><time>2026-06-11T18:31:10Z</time></trkpt><trkpt lat="51.065733" lon="-115.21725"><ele>1386.043</ele><time>2026-06-11T18:31:12Z</time></trkpt><trkpt lat="51.065763" lon="-115.217233"><ele>1386.247</ele><time>2026-06-11T18:31:16Z</time></trkpt><trkpt lat="51.06583" lon="-115.217185"><ele>1386.669</ele><time>2026-06-11T18:31:23Z</time></trkpt><trkpt lat="51.065888" lon="-115.217178"><ele>1387.010</ele><time>2026-06-11T18:31:29Z</time></trkpt><trkpt lat="51.065897" lon="-115.217177"><ele>1387.073</ele><time>2026-06-11T18:31:30Z</time></trkpt><trkpt lat="51.065956" lon="-115.217173"><ele>1387.675</ele><time>2026-06-11T18:31:37Z</time></trkpt><trkpt lat="51.065988" lon="-115.217177"><ele>1388.057</ele><time>2026-06-11T18:31:42Z</time></trkpt><trkpt lat="51.06599" lon="-115.217188"><ele>1388.023</ele><time>2026-06-11T18:31:43Z</time></trkpt><trkpt lat="51.066011" lon="-115.217199"><ele>1388.049</ele><time>2026-06-11T18:31:45Z</time></trkpt><trkpt lat="51.066033" lon="-115.217199"><ele>1388.246</ele><time>2026-06-11T18:31:47Z</time></trkpt><trkpt lat="51.066067" lon="-115.217192"><ele>1388.688</ele><time>2026-06-11T18:31:51Z</time></trkpt><trkpt lat="51.066111" lon="-115.217211"><ele>1389.216</ele><time>2026-06-11T18:31:57Z</time></trkpt><trkpt lat="51.066135" lon="-115.217203"><ele>1389.609</ele><time>2026-06-11T18:32:01Z</time></trkpt><trkpt lat="51.066161" lon="-115.217214"><ele>1390.276</ele><time>2026-06-11T18:32:06Z</time></trkpt><trkpt lat="51.066195" lon="-115.217246"><ele>1390.860</ele><time>2026-06-11T18:32:11Z</time></trkpt><trkpt lat="51.066222" lon="-115.217273"><ele>1391.272</ele><time>2026-06-11T18:32:15Z</time></trkpt><trkpt lat="51.066231" lon="-115.21728"><ele>1391.453</ele><time>2026-06-11T18:32:17Z</time></trkpt><trkpt lat="51.066221" lon="-115.217343"><ele>1391.856</ele><time>2026-06-11T18:32:23Z</time></trkpt><trkpt lat="51.06625" lon="-115.217369"><ele>1392.488</ele><time>2026-06-11T18:32:27Z</time></trkpt><trkpt lat="51.066259" lon="-115.217377"><ele>1392.440</ele><time>2026-06-11T18:32:28Z</time></trkpt><trkpt lat="51.066304" lon="-115.217406"><ele>1393.486</ele><time>2026-06-11T18:32:34Z</time></trkpt><trkpt lat="51.066351" lon="-115.217434"><ele>1394.242</ele><time>2026-06-11T18:32:39Z</time></trkpt><trkpt lat="51.066369" lon="-115.217443"><ele>1394.416</ele><time>2026-06-11T18:32:42Z</time></trkpt><trkpt lat="51.066368" lon="-115.217449"><ele>1394.676</ele><time>2026-06-11T18:32:43Z</time></trkpt><trkpt lat="51.06637" lon="-115.217446"><ele>1395.413</ele><time>2026-06-11T18:32:46Z</time></trkpt><trkpt lat="51.066392" lon="-115.217458"><ele>1396.209</ele><time>2026-06-11T18:32:49Z</time></trkpt><trkpt lat="51.06641" lon="-115.217477"><ele>1396.663</ele><time>2026-06-11T18:32:52Z</time></trkpt><trkpt lat="51.066432" lon="-115.217496"><ele>1396.487</ele><time>2026-06-11T18:32:55Z</time></trkpt><trkpt lat="51.066506" lon="-115.217529"><ele>1396.459</ele><time>2026-06-11T18:33:02Z</time></trkpt><trkpt lat="51.066508" lon="-115.217526"><ele>1396.410</ele><time>2026-06-11T18:33:08Z</time></trkpt><trkpt lat="51.066516" lon="-115.217525"><ele>1396.633</ele><time>2026-06-11T18:33:12Z</time></trkpt><trkpt lat="51.06652" lon="-115.217525"><ele>1396.635</ele><time>2026-06-11T18:33:13Z</time></trkpt><trkpt lat="51.066547" lon="-115.21755"><ele>1397.227</ele><time>2026-06-11T18:33:18Z</time></trkpt><trkpt lat="51.066555" lon="-115.217549"><ele>1397.623</ele><time>2026-06-11T18:33:19Z</time></trkpt><trkpt lat="51.066589" lon="-115.21758"><ele>1398.819</ele><time>2026-06-11T18:33:23Z</time></trkpt><trkpt lat="51.0666" lon="-115.217585"><ele>1399.251</ele><time>2026-06-11T18:33:25Z</time></trkpt><trkpt lat="51.066613" lon="-115.217592"><ele>1399.401</ele><time>2026-06-11T18:33:27Z</time></trkpt><trkpt lat="51.066658" lon="-115.217594"><ele>1399.611</ele><time>2026-06-11T18:33:31Z</time></trkpt><trkpt lat="51.066694" lon="-115.217626"><ele>1399.809</ele><time>2026-06-11T18:33:35Z</time></trkpt><trkpt lat="51.066707" lon="-115.21763"><ele>1399.617</ele><time>2026-06-11T18:33:37Z</time></trkpt><trkpt lat="51.066748" lon="-115.217666"><ele>1399.621</ele><time>2026-06-11T18:33:43Z</time></trkpt><trkpt lat="51.066768" lon="-115.217677"><ele>1399.873</ele><time>2026-06-11T18:33:45Z</time></trkpt><trkpt lat="51.066807" lon="-115.217695"><ele>1400.894</ele><time>2026-06-11T18:33:49Z</time></trkpt><trkpt lat="51.066825" lon="-115.21769"><ele>1401.037</ele><time>2026-06-11T18:33:51Z</time></trkpt><trkpt lat="51.06685" lon="-115.217701"><ele>1401.279</ele><time>2026-06-11T18:33:54Z</time></trkpt><trkpt lat="51.066928" lon="-115.217712"><ele>1401.611</ele><time>2026-06-11T18:34:01Z</time></trkpt><trkpt lat="51.066964" lon="-115.21771"><ele>1401.827</ele><time>2026-06-11T18:34:05Z</time></trkpt><trkpt lat="51.066974" lon="-115.217713"><ele>1402.073</ele><time>2026-06-11T18:34:06Z</time></trkpt><trkpt lat="51.067019" lon="-115.217744"><ele>1402.875</ele><time>2026-06-11T18:34:12Z</time></trkpt><trkpt lat="51.067024" lon="-115.217745"><ele>1402.828</ele><time>2026-06-11T18:34:13Z</time></trkpt><trkpt lat="51.067056" lon="-115.21776"><ele>1403.220</ele><time>2026-06-11T18:34:17Z</time></trkpt><trkpt lat="51.067099" lon="-115.217772"><ele>1403.609</ele><time>2026-06-11T18:34:22Z</time></trkpt><trkpt lat="51.067134" lon="-115.217771"><ele>1403.819</ele><time>2026-06-11T18:34:26Z</time></trkpt><trkpt lat="51.067161" lon="-115.217768"><ele>1404.053</ele><time>2026-06-11T18:34:28Z</time></trkpt><trkpt lat="51.06722" lon="-115.217774"><ele>1404.625</ele><time>2026-06-11T18:34:34Z</time></trkpt><trkpt lat="51.06726" lon="-115.217784"><ele>1405.046</ele><time>2026-06-11T18:34:37Z</time></trkpt><trkpt lat="51.067281" lon="-115.217785"><ele>1405.229</ele><time>2026-06-11T18:34:40Z</time></trkpt><trkpt lat="51.067296" lon="-115.21777"><ele>1405.641</ele><time>2026-06-11T18:34:45Z</time></trkpt><trkpt lat="51.067296" lon="-115.217763"><ele>1405.853</ele><time>2026-06-11T18:34:48Z</time></trkpt><trkpt lat="51.067336" lon="-115.217769"><ele>1405.889</ele><time>2026-06-11T18:34:53Z</time></trkpt><trkpt lat="51.067352" lon="-115.217768"><ele>1406.045</ele><time>2026-06-11T18:34:55Z</time></trkpt><trkpt lat="51.067405" lon="-115.217772"><ele>1406.247</ele><time>2026-06-11T18:34:58Z</time></trkpt><trkpt lat="51.067445" lon="-115.217769"><ele>1407.029</ele><time>2026-06-11T18:35:03Z</time></trkpt><trkpt lat="51.067453" lon="-115.217768"><ele>1407.021</ele><time>2026-06-11T18:35:04Z</time></trkpt><trkpt lat="51.067484" lon="-115.21776"><ele>1407.409</ele><time>2026-06-11T18:35:11Z</time></trkpt><trkpt lat="51.067509" lon="-115.21775"><ele>1407.646</ele><time>2026-06-11T18:35:13Z</time></trkpt><trkpt lat="51.067531" lon="-115.217748"><ele>1407.680</ele><time>2026-06-11T18:35:15Z</time></trkpt><trkpt lat="51.067532" lon="-115.217746"><ele>1407.612</ele><time>2026-06-11T18:35:16Z</time></trkpt><trkpt lat="51.067537" lon="-115.217741"><ele>1407.613</ele><time>2026-06-11T18:35:19Z</time></trkpt><trkpt lat="51.067532" lon="-115.217733"><ele>1407.886</ele><time>2026-06-11T18:35:21Z</time></trkpt><trkpt lat="51.067519" lon="-115.217722"><ele>1407.848</ele><time>2026-06-11T18:35:25Z</time></trkpt><trkpt lat="51.067523" lon="-115.21772"><ele>1407.840</ele><time>2026-06-11T18:35:28Z</time></trkpt><trkpt lat="51.067528" lon="-115.217704"><ele>1408.276</ele><time>2026-06-11T18:35:33Z</time></trkpt><trkpt lat="51.067538" lon="-115.217696"><ele>1408.642</ele><time>2026-06-11T18:35:35Z</time></trkpt><trkpt lat="51.067594" lon="-115.217682"><ele>1409.049</ele><time>2026-06-11T18:35:41Z</time></trkpt><trkpt lat="51.067605" lon="-115.217678"><ele>1409.202</ele><time>2026-06-11T18:35:43Z</time></trkpt><trkpt lat="51.067641" lon="-115.217678"><ele>1409.822</ele><time>2026-06-11T18:35:48Z</time></trkpt><trkpt lat="51.067681" lon="-115.217662"><ele>1410.409</ele><time>2026-06-11T18:35:52Z</time></trkpt><trkpt lat="51.067703" lon="-115.217643"><ele>1411.076</ele><time>2026-06-11T18:35:55Z</time></trkpt><trkpt lat="51.067709" lon="-115.21763"><ele>1411.460</ele><time>2026-06-11T18:35:57Z</time></trkpt><trkpt lat="51.067722" lon="-115.217612"><ele>1412.032</ele><time>2026-06-11T18:36:01Z</time></trkpt><trkpt lat="51.067758" lon="-115.217586"><ele>1412.423</ele><time>2026-06-11T18:36:06Z</time></trkpt><trkpt lat="51.067768" lon="-115.217572"><ele>1412.436</ele><time>2026-06-11T18:36:07Z</time></trkpt><trkpt lat="51.067822" lon="-115.217548"><ele>1412.668</ele><time>2026-06-11T18:36:13Z</time></trkpt><trkpt lat="51.06787" lon="-115.217509"><ele>1413.030</ele><time>2026-06-11T18:36:19Z</time></trkpt><trkpt lat="51.067886" lon="-115.217517"><ele>1413.216</ele><time>2026-06-11T18:36:23Z</time></trkpt><trkpt lat="51.067891" lon="-115.217517"><ele>1413.262</ele><time>2026-06-11T18:36:25Z</time></trkpt><trkpt lat="51.067901" lon="-115.217516"><ele>1413.484</ele><time>2026-06-11T18:36:27Z</time></trkpt><trkpt lat="51.067907" lon="-115.217517"><ele>1413.407</ele><time>2026-06-11T18:36:28Z</time></trkpt><trkpt lat="51.067913" lon="-115.217477"><ele>1413.817</ele><time>2026-06-11T18:36:32Z</time></trkpt><trkpt lat="51.067911" lon="-115.217463"><ele>1414.009</ele><time>2026-06-11T18:36:35Z</time></trkpt><trkpt lat="51.067915" lon="-115.217427"><ele>1414.040</ele><time>2026-06-11T18:36:38Z</time></trkpt><trkpt lat="51.067934" lon="-115.217399"><ele>1414.494</ele><time>2026-06-11T18:36:46Z</time></trkpt><trkpt lat="51.067937" lon="-115.217395"><ele>1414.636</ele><time>2026-06-11T18:36:47Z</time></trkpt><trkpt lat="51.06794" lon="-115.217397"><ele>1414.477</ele><time>2026-06-11T18:36:51Z</time></trkpt><trkpt lat="51.067945" lon="-115.217408"><ele>1414.410</ele><time>2026-06-11T18:36:53Z</time></trkpt><trkpt lat="51.067953" lon="-115.217415"><ele>1414.612</ele><time>2026-06-11T18:36:54Z</time></trkpt><trkpt lat="51.067958" lon="-115.21742"><ele>1414.674</ele><time>2026-06-11T18:36:55Z</time></trkpt><trkpt lat="51.06799" lon="-115.217461"><ele>1415.080</ele><time>2026-06-11T18:36:58Z</time></trkpt><trkpt lat="51.068003" lon="-115.217476"><ele>1415.066</ele><time>2026-06-11T18:36:59Z</time></trkpt><trkpt lat="51.068041" lon="-115.21753"><ele>1415.637</ele><time>2026-06-11T18:37:03Z</time></trkpt><trkpt lat="51.068077" lon="-115.217553"><ele>1415.849</ele><time>2026-06-11T18:37:05Z</time></trkpt><trkpt lat="51.068131" lon="-115.217581"><ele>1416.213</ele><time>2026-06-11T18:37:10Z</time></trkpt><trkpt lat="51.068177" lon="-115.217596"><ele>1416.609</ele><time>2026-06-11T18:37:14Z</time></trkpt><trkpt lat="51.068203" lon="-115.2176"><ele>1416.875</ele><time>2026-06-11T18:37:16Z</time></trkpt><trkpt lat="51.068239" lon="-115.217632"><ele>1417.419</ele><time>2026-06-11T18:37:19Z</time></trkpt><trkpt lat="51.068248" lon="-115.217635"><ele>1417.471</ele><time>2026-06-11T18:37:20Z</time></trkpt><trkpt lat="51.068269" lon="-115.21765"><ele>1417.632</ele><time>2026-06-11T18:37:22Z</time></trkpt><trkpt lat="51.068314" lon="-115.217669"><ele>1418.415</ele><time>2026-06-11T18:37:28Z</time></trkpt><trkpt lat="51.068347" lon="-115.217679"><ele>1418.677</ele><time>2026-06-11T18:37:31Z</time></trkpt><trkpt lat="51.068372" lon="-115.21769"><ele>1419.089</ele><time>2026-06-11T18:37:33Z</time></trkpt><trkpt lat="51.068397" lon="-115.217714"><ele>1419.255</ele><time>2026-06-11T18:37:40Z</time></trkpt><trkpt lat="51.068386" lon="-115.217727"><ele>1419.861</ele><time>2026-06-11T18:37:43Z</time></trkpt><trkpt lat="51.068375" lon="-115.217738"><ele>1419.632</ele><time>2026-06-11T18:37:45Z</time></trkpt><trkpt lat="51.068392" lon="-115.217763"><ele>1419.692</ele><time>2026-06-11T18:37:47Z</time></trkpt><trkpt lat="51.068437" lon="-115.217814"><ele>1420.011</ele><time>2026-06-11T18:37:52Z</time></trkpt><trkpt lat="51.068445" lon="-115.217823"><ele>1420.009</ele><time>2026-06-11T18:37:53Z</time></trkpt><trkpt lat="51.068488" lon="-115.217846"><ele>1420.835</ele><time>2026-06-11T18:37:58Z</time></trkpt><trkpt lat="51.068503" lon="-115.217854"><ele>1421.079</ele><time>2026-06-11T18:37:59Z</time></trkpt><trkpt lat="51.068556" lon="-115.217871"><ele>1422.091</ele><time>2026-06-11T18:38:04Z</time></trkpt><trkpt lat="51.068569" lon="-115.217881"><ele>1422.262</ele><time>2026-06-11T18:38:05Z</time></trkpt><trkpt lat="51.06861" lon="-115.217909"><ele>1423.045</ele><time>2026-06-11T18:38:09Z</time></trkpt><trkpt lat="51.068631" lon="-115.217921"><ele>1423.627</ele><time>2026-06-11T18:38:11Z</time></trkpt><trkpt lat="51.068661" lon="-115.217954"><ele>1424.019</ele><time>2026-06-11T18:38:15Z</time></trkpt><trkpt lat="51.068689" lon="-115.217973"><ele>1424.215</ele><time>2026-06-11T18:38:19Z</time></trkpt><trkpt lat="51.068702" lon="-115.217976"><ele>1424.451</ele><time>2026-06-11T18:38:21Z</time></trkpt><trkpt lat="51.068742" lon="-115.217986"><ele>1424.881</ele><time>2026-06-11T18:38:25Z</time></trkpt><trkpt lat="51.06879" lon="-115.217991"><ele>1425.261</ele><time>2026-06-11T18:38:30Z</time></trkpt><trkpt lat="51.0688" lon="-115.217995"><ele>1425.217</ele><time>2026-06-11T18:38:31Z</time></trkpt><trkpt lat="51.068844" lon="-115.217998"><ele>1425.809</ele><time>2026-06-11T18:38:36Z</time></trkpt><trkpt lat="51.068844" lon="-115.217976"><ele>1426.260</ele><time>2026-06-11T18:38:41Z</time></trkpt><trkpt lat="51.068862" lon="-115.217953"><ele>1426.434</ele><time>2026-06-11T18:38:44Z</time></trkpt><trkpt lat="51.068871" lon="-115.217933"><ele>1426.896</ele><time>2026-06-11T18:38:46Z</time></trkpt><trkpt lat="51.068877" lon="-115.217929"><ele>1427.267</ele><time>2026-06-11T18:38:47Z</time></trkpt><trkpt lat="51.068894" lon="-115.217904"><ele>1428.440</ele><time>2026-06-11T18:38:50Z</time></trkpt><trkpt lat="51.068912" lon="-115.217894"><ele>1429.452</ele><time>2026-06-11T18:38:54Z</time></trkpt><trkpt lat="51.068915" lon="-115.217896"><ele>1430.234</ele><time>2026-06-11T18:38:57Z</time></trkpt><trkpt lat="51.068917" lon="-115.217892"><ele>1430.490</ele><time>2026-06-11T18:38:59Z</time></trkpt><trkpt lat="51.068897" lon="-115.217869"><ele>1430.896</ele><time>2026-06-11T18:39:04Z</time></trkpt><trkpt lat="51.068892" lon="-115.217871"><ele>1430.896</ele><time>2026-06-11T18:39:06Z</time></trkpt><trkpt lat="51.068885" lon="-115.217877"><ele>1431.031</ele><time>2026-06-11T18:39:10Z</time></trkpt><trkpt lat="51.068886" lon="-115.217869"><ele>1431.224</ele><time>2026-06-11T18:39:12Z</time></trkpt><trkpt lat="51.068888" lon="-115.217877"><ele>1431.209</ele><time>2026-06-11T18:39:17Z</time></trkpt><trkpt lat="51.068875" lon="-115.217889"><ele>1431.411</ele><time>2026-06-11T18:39:22Z</time></trkpt><trkpt lat="51.068878" lon="-115.217897"><ele>1431.825</ele><time>2026-06-11T18:39:24Z</time></trkpt><trkpt lat="51.068885" lon="-115.217934"><ele>1431.897</ele><time>2026-06-11T18:39:29Z</time></trkpt><trkpt lat="51.06889" lon="-115.217945"><ele>1432.258</ele><time>2026-06-11T18:39:32Z</time></trkpt><trkpt lat="51.068893" lon="-115.217956"><ele>1432.271</ele><time>2026-06-11T18:39:35Z</time></trkpt><trkpt lat="51.068898" lon="-115.217954"><ele>1432.683</ele><time>2026-06-11T18:39:38Z</time></trkpt><trkpt lat="51.068895" lon="-115.217949"><ele>1432.865</ele><time>2026-06-11T18:39:40Z</time></trkpt><trkpt lat="51.068863" lon="-115.217883"><ele>1433.231</ele><time>2026-06-11T18:39:46Z</time></trkpt><trkpt lat="51.068857" lon="-115.217868"><ele>1433.277</ele><time>2026-06-11T18:39:48Z</time></trkpt><trkpt lat="51.068874" lon="-115.217852"><ele>1433.635</ele><time>2026-06-11T18:39:55Z</time></trkpt><trkpt lat="51.068899" lon="-115.217848"><ele>1433.686</ele><time>2026-06-11T18:40:02Z</time></trkpt><trkpt lat="51.068901" lon="-115.217847"><ele>1434.014</ele><time>2026-06-11T18:40:10Z</time></trkpt><trkpt lat="51.068902" lon="-115.217844"><ele>1434.209</ele><time>2026-06-11T18:40:13Z</time></trkpt><trkpt lat="51.068902" lon="-115.217844"><ele>1434.225</ele><time>2026-06-11T18:40:14Z</time></trkpt><trkpt lat="51.068902" lon="-115.217827"><ele>1434.659</ele><time>2026-06-11T18:40:18Z</time></trkpt><trkpt lat="51.0689" lon="-115.21781"><ele>1434.871</ele><time>2026-06-11T18:40:19Z</time></trkpt><trkpt lat="51.068894" lon="-115.217785"><ele>1436.462</ele><time>2026-06-11T18:40:22Z</time></trkpt><trkpt lat="51.068903" lon="-115.217758"><ele>1437.815</ele><time>2026-06-11T18:40:24Z</time></trkpt><trkpt lat="51.068914" lon="-115.217729"><ele>1439.477</ele><time>2026-06-11T18:40:26Z</time></trkpt><trkpt lat="51.068919" lon="-115.217722"><ele>1440.069</ele><time>2026-06-11T18:40:27Z</time></trkpt><trkpt lat="51.068919" lon="-115.21772"><ele>1440.435</ele><time>2026-06-11T18:40:28Z</time></trkpt><trkpt lat="51.06891" lon="-115.217718"><ele>1440.811</ele><time>2026-06-11T18:40:31Z</time></trkpt><trkpt lat="51.068904" lon="-115.217731"><ele>1441.011</ele><time>2026-06-11T18:40:33Z</time></trkpt><trkpt lat="51.068889" lon="-115.217752"><ele>1441.421</ele><time>2026-06-11T18:40:37Z</time></trkpt><trkpt lat="51.068873" lon="-115.217796"><ele>1441.403</ele><time>2026-06-11T18:40:40Z</time></trkpt><trkpt lat="51.068856" lon="-115.217844"><ele>1441.409</ele><time>2026-06-11T18:40:44Z</time></trkpt><trkpt lat="51.068852" lon="-115.217838"><ele>1441.623</ele><time>2026-06-11T18:40:46Z</time></trkpt><trkpt lat="51.068855" lon="-115.21783"><ele>1441.417</ele><time>2026-06-11T18:40:47Z</time></trkpt><trkpt lat="51.068852" lon="-115.217813"><ele>1441.669</ele><time>2026-06-11T18:40:51Z</time></trkpt><trkpt lat="51.068863" lon="-115.217798"><ele>1441.830</ele><time>2026-06-11T18:40:54Z</time></trkpt><trkpt lat="51.068912" lon="-115.217777"><ele>1442.863</ele><time>2026-06-11T18:41:00Z</time></trkpt><trkpt lat="51.068929" lon="-115.217781"><ele>1443.225</ele><time>2026-06-11T18:41:01Z</time></trkpt><trkpt lat="51.068939" lon="-115.217784"><ele>1443.897</ele><time>2026-06-11T18:41:02Z</time></trkpt><trkpt lat="51.068974" lon="-115.217771"><ele>1445.043</ele><time>2026-06-11T18:41:05Z</time></trkpt><trkpt lat="51.068991" lon="-115.21777"><ele>1445.069</ele><time>2026-06-11T18:41:06Z</time></trkpt><trkpt lat="51.069017" lon="-115.217771"><ele>1444.845</ele><time>2026-06-11T18:41:12Z</time></trkpt><trkpt lat="51.06903" lon="-115.217799"><ele>1444.847</ele><time>2026-06-11T18:41:20Z</time></trkpt><trkpt lat="51.069022" lon="-115.217812"><ele>1444.811</ele><time>2026-06-11T18:41:22Z</time></trkpt><trkpt lat="51.069058" lon="-115.217799"><ele>1444.809</ele><time>2026-06-11T18:41:28Z</time></trkpt><trkpt lat="51.069066" lon="-115.217803"><ele>1444.856</ele><time>2026-06-11T18:41:34Z</time></trkpt><trkpt lat="51.069052" lon="-115.217793"><ele>1444.830</ele><time>2026-06-11T18:41:41Z</time></trkpt><trkpt lat="51.069054" lon="-115.217795"><ele>1444.862</ele><time>2026-06-11T18:41:42Z</time></trkpt><trkpt lat="51.069056" lon="-115.217797"><ele>1444.643</ele><time>2026-06-11T18:41:44Z</time></trkpt><trkpt lat="51.069056" lon="-115.217807"><ele>1445.086</ele><time>2026-06-11T18:41:49Z</time></trkpt><trkpt lat="51.069037" lon="-115.21785"><ele>1445.268</ele><time>2026-06-11T18:41:56Z</time></trkpt><trkpt lat="51.068989" lon="-115.217852"><ele>1446.040</ele><time>2026-06-11T18:42:00Z</time></trkpt><trkpt lat="51.068911" lon="-115.217858"><ele>1445.826</ele><time>2026-06-11T18:42:04Z</time></trkpt><trkpt lat="51.068895" lon="-115.217841"><ele>1446.462</ele><time>2026-06-11T18:42:09Z</time></trkpt><trkpt lat="51.068891" lon="-115.217833"><ele>1446.661</ele><time>2026-06-11T18:42:10Z</time></trkpt><trkpt lat="51.068907" lon="-115.217792"><ele>1446.621</ele><time>2026-06-11T18:42:17Z</time></trkpt><trkpt lat="51.068914" lon="-115.217785"><ele>1446.613</ele><time>2026-06-11T18:42:18Z</time></trkpt><trkpt lat="51.068912" lon="-115.217789"><ele>1446.409</ele><time>2026-06-11T18:42:21Z</time></trkpt><trkpt lat="51.068902" lon="-115.217799"><ele>1446.218</ele><time>2026-06-11T18:42:29Z</time></trkpt><trkpt lat="51.068894" lon="-115.217815"><ele>1446.412</ele><time>2026-06-11T18:42:33Z</time></trkpt><trkpt lat="51.068901" lon="-115.217812"><ele>1446.424</ele><time>2026-06-11T18:42:35Z</time></trkpt><trkpt lat="51.068902" lon="-115.217816"><ele>1446.415</ele><time>2026-06-11T18:42:36Z</time></trkpt><trkpt lat="51.068914" lon="-115.217835"><ele>1446.848</ele><time>2026-06-11T18:42:46Z</time></trkpt><trkpt lat="51.068904" lon="-115.21786"><ele>1446.610</ele><time>2026-06-11T18:42:52Z</time></trkpt><trkpt lat="51.068915" lon="-115.21788"><ele>1446.632</ele><time>2026-06-11T18:43:01Z</time></trkpt><trkpt lat="51.068912" lon="-115.217888"><ele>1446.618</ele><time>2026-06-11T18:43:02Z</time></trkpt><trkpt lat="51.068909" lon="-115.217894"><ele>1446.854</ele><time>2026-06-11T18:43:03Z</time></trkpt><trkpt lat="51.068898" lon="-115.217906"><ele>1447.028</ele><time>2026-06-11T18:43:06Z</time></trkpt><trkpt lat="51.068888" lon="-115.217914"><ele>1447.089</ele><time>2026-06-11T18:43:08Z</time></trkpt><trkpt lat="51.068875" lon="-115.217931"><ele>1446.817</ele><time>2026-06-11T18:43:11Z</time></trkpt><trkpt lat="51.068892" lon="-115.217909"><ele>1447.009</ele><time>2026-06-11T18:43:14Z</time></trkpt><trkpt lat="51.068893" lon="-115.21791"><ele>1447.014</ele><time>2026-06-11T18:43:15Z</time></trkpt><trkpt lat="51.068921" lon="-115.217852"><ele>1447.078</ele><time>2026-06-11T18:44:22Z</time></trkpt><trkpt lat="51.068919" lon="-115.217848"><ele>1446.820</ele><time>2026-06-11T18:44:23Z</time></trkpt><trkpt lat="51.06893" lon="-115.217838"><ele>1446.451</ele><time>2026-06-11T18:44:24Z</time></trkpt><trkpt lat="51.068918" lon="-115.21783"><ele>1446.014</ele><time>2026-06-11T18:44:27Z</time></trkpt><trkpt lat="51.068918" lon="-115.217833"><ele>1445.676</ele><time>2026-06-11T18:44:28Z</time></trkpt><trkpt lat="51.068924" lon="-115.217831"><ele>1445.058</ele><time>2026-06-11T18:44:33Z</time></trkpt><trkpt lat="51.068922" lon="-115.217855"><ele>1445.094</ele><time>2026-06-11T18:44:35Z</time></trkpt><trkpt lat="51.06892" lon="-115.217826"><ele>1445.280</ele><time>2026-06-11T18:44:43Z</time></trkpt><trkpt lat="51.068899" lon="-115.217824"><ele>1444.867</ele><time>2026-06-11T18:44:47Z</time></trkpt><trkpt lat="51.068869" lon="-115.217853"><ele>1444.081</ele><time>2026-06-11T18:44:49Z</time></trkpt><trkpt lat="51.068859" lon="-115.21787"><ele>1443.419</ele><time>2026-06-11T18:44:50Z</time></trkpt><trkpt lat="51.068841" lon="-115.217883"><ele>1442.209</ele><time>2026-06-11T18:44:52Z</time></trkpt><trkpt lat="51.068848" lon="-115.217859"><ele>1441.268</ele><time>2026-06-11T18:44:54Z</time></trkpt><trkpt lat="51.068849" lon="-115.217854"><ele>1441.022</ele><time>2026-06-11T18:44:55Z</time></trkpt><trkpt lat="51.068871" lon="-115.217828"><ele>1441.024</ele><time>2026-06-11T18:45:01Z</time></trkpt><trkpt lat="51.068881" lon="-115.217826"><ele>1441.015</ele><time>2026-06-11T18:45:02Z</time></trkpt><trkpt lat="51.068875" lon="-115.217813"><ele>1441.278</ele><time>2026-06-11T18:45:04Z</time></trkpt><trkpt lat="51.068871" lon="-115.217821"><ele>1441.490</ele><time>2026-06-11T18:45:05Z</time></trkpt><trkpt lat="51.068863" lon="-115.217833"><ele>1441.622</ele><time>2026-06-11T18:45:08Z</time></trkpt><trkpt lat="51.068859" lon="-115.21782"><ele>1441.688</ele><time>2026-06-11T18:45:11Z</time></trkpt><trkpt lat="51.068866" lon="-115.217791"><ele>1441.694</ele><time>2026-06-11T18:45:19Z</time></trkpt><trkpt lat="51.06883" lon="-115.217835"><ele>1441.279</ele><time>2026-06-11T18:45:25Z</time></trkpt><trkpt lat="51.068823" lon="-115.21783"><ele>1441.005</ele><time>2026-06-11T18:45:26Z</time></trkpt><trkpt lat="51.06878" lon="-115.217817"><ele>1440.425</ele><time>2026-06-11T18:45:31Z</time></trkpt><trkpt lat="51.068781" lon="-115.217829"><ele>1440.409</ele><time>2026-06-11T18:45:32Z</time></trkpt><trkpt lat="51.068756" lon="-115.217843"><ele>1440.049</ele><time>2026-06-11T18:45:35Z</time></trkpt><trkpt lat="51.068748" lon="-115.217842"><ele>1440.023</ele><time>2026-06-11T18:45:36Z</time></trkpt><trkpt lat="51.068698" lon="-115.217847"><ele>1439.885</ele><time>2026-06-11T18:45:42Z</time></trkpt><trkpt lat="51.068634" lon="-115.217849"><ele>1439.296</ele><time>2026-06-11T18:45:49Z</time></trkpt><trkpt lat="51.068624" lon="-115.217853"><ele>1439.049</ele><time>2026-06-11T18:45:51Z</time></trkpt><trkpt lat="51.068634" lon="-115.217855"><ele>1438.461</ele><time>2026-06-11T18:45:54Z</time></trkpt><trkpt lat="51.068641" lon="-115.217851"><ele>1438.423</ele><time>2026-06-11T18:46:00Z</time></trkpt><trkpt lat="51.068614" lon="-115.217841"><ele>1438.649</ele><time>2026-06-11T18:46:03Z</time></trkpt><trkpt lat="51.068542" lon="-115.217824"><ele>1438.235</ele><time>2026-06-11T18:46:08Z</time></trkpt><trkpt lat="51.06851" lon="-115.217809"><ele>1437.854</ele><time>2026-06-11T18:46:10Z</time></trkpt><trkpt lat="51.068489" lon="-115.217786"><ele>1437.056</ele><time>2026-06-11T18:46:13Z</time></trkpt><trkpt lat="51.068482" lon="-115.21778"><ele>1436.811</ele><time>2026-06-11T18:46:14Z</time></trkpt><trkpt lat="51.068459" lon="-115.217742"><ele>1435.809</ele><time>2026-06-11T18:46:20Z</time></trkpt><trkpt lat="51.06845" lon="-115.217734"><ele>1435.857</ele><time>2026-06-11T18:46:21Z</time></trkpt><trkpt lat="51.068414" lon="-115.217709"><ele>1435.681</ele><time>2026-06-11T18:46:25Z</time></trkpt><trkpt lat="51.06838" lon="-115.217663"><ele>1435.683</ele><time>2026-06-11T18:46:30Z</time></trkpt><trkpt lat="51.068333" lon="-115.217614"><ele>1435.444</ele><time>2026-06-11T18:46:35Z</time></trkpt><trkpt lat="51.068292" lon="-115.217612"><ele>1435.287</ele><time>2026-06-11T18:46:40Z</time></trkpt><trkpt lat="51.068237" lon="-115.217577"><ele>1435.259</ele><time>2026-06-11T18:46:47Z</time></trkpt><trkpt lat="51.068234" lon="-115.21755"><ele>1435.081</ele><time>2026-06-11T18:46:52Z</time></trkpt><trkpt lat="51.068223" lon="-115.217544"><ele>1435.037</ele><time>2026-06-11T18:46:53Z</time></trkpt><trkpt lat="51.068196" lon="-115.217528"><ele>1434.813</ele><time>2026-06-11T18:46:56Z</time></trkpt><trkpt lat="51.06815" lon="-115.217491"><ele>1434.499</ele><time>2026-06-11T18:47:00Z</time></trkpt><trkpt lat="51.068098" lon="-115.217464"><ele>1434.207</ele><time>2026-06-11T18:47:06Z</time></trkpt><trkpt lat="51.06802" lon="-115.21739"><ele>1433.827</ele><time>2026-06-11T18:47:14Z</time></trkpt><trkpt lat="51.067969" lon="-115.217357"><ele>1433.809</ele><time>2026-06-11T18:47:18Z</time></trkpt><trkpt lat="51.067961" lon="-115.217351"><ele>1433.871</ele><time>2026-06-11T18:47:19Z</time></trkpt><trkpt lat="51.067849" lon="-115.217381"><ele>1433.235</ele><time>2026-06-11T18:47:27Z</time></trkpt><trkpt lat="51.067787" lon="-115.217425"><ele>1433.097</ele><time>2026-06-11T18:47:33Z</time></trkpt><trkpt lat="51.067741" lon="-115.217489"><ele>1432.658</ele><time>2026-06-11T18:47:37Z</time></trkpt><trkpt lat="51.067725" lon="-115.217508"><ele>1432.621</ele><time>2026-06-11T18:47:38Z</time></trkpt><trkpt lat="51.067659" lon="-115.217543"><ele>1432.063</ele><time>2026-06-11T18:47:45Z</time></trkpt><trkpt lat="51.067594" lon="-115.217591"><ele>1431.865</ele><time>2026-06-11T18:47:51Z</time></trkpt><trkpt lat="51.067583" lon="-115.217606"><ele>1431.691</ele><time>2026-06-11T18:47:52Z</time></trkpt><trkpt lat="51.067547" lon="-115.217621"><ele>1431.447</ele><time>2026-06-11T18:47:57Z</time></trkpt><trkpt lat="51.067482" lon="-115.217629"><ele>1431.029</ele><time>2026-06-11T18:48:03Z</time></trkpt><trkpt lat="51.067436" lon="-115.217636"><ele>1431.000</ele><time>2026-06-11T18:48:08Z</time></trkpt><trkpt lat="51.067339" lon="-115.217641"><ele>1430.620</ele><time>2026-06-11T18:48:16Z</time></trkpt><trkpt lat="51.067327" lon="-115.217648"><ele>1430.409</ele><time>2026-06-11T18:48:17Z</time></trkpt><trkpt lat="51.067269" lon="-115.217656"><ele>1429.274</ele><time>2026-06-11T18:48:22Z</time></trkpt><trkpt lat="51.06721" lon="-115.21765"><ele>1428.828</ele><time>2026-06-11T18:48:27Z</time></trkpt><trkpt lat="51.06718" lon="-115.217647"><ele>1429.680</ele><time>2026-06-11T18:48:30Z</time></trkpt><trkpt lat="51.067153" lon="-115.217646"><ele>1430.281</ele><time>2026-06-11T18:48:32Z</time></trkpt><trkpt lat="51.067113" lon="-115.217642"><ele>1430.274</ele><time>2026-06-11T18:48:35Z</time></trkpt><trkpt lat="51.067057" lon="-115.217625"><ele>1429.036</ele><time>2026-06-11T18:48:39Z</time></trkpt><trkpt lat="51.067043" lon="-115.217619"><ele>1429.058</ele><time>2026-06-11T18:48:40Z</time></trkpt><trkpt lat="51.066966" lon="-115.217618"><ele>1428.434</ele><time>2026-06-11T18:48:48Z</time></trkpt><trkpt lat="51.066954" lon="-115.217605"><ele>1428.090</ele><time>2026-06-11T18:48:50Z</time></trkpt><trkpt lat="51.066938" lon="-115.217616"><ele>1427.832</ele><time>2026-06-11T18:48:53Z</time></trkpt><trkpt lat="51.066926" lon="-115.217619"><ele>1427.892</ele><time>2026-06-11T18:48:54Z</time></trkpt><trkpt lat="51.066849" lon="-115.217624"><ele>1428.011</ele><time>2026-06-11T18:48:59Z</time></trkpt><trkpt lat="51.066787" lon="-115.217619"><ele>1427.809</ele><time>2026-06-11T18:49:05Z</time></trkpt><trkpt lat="51.066725" lon="-115.217614"><ele>1427.075</ele><time>2026-06-11T18:49:10Z</time></trkpt><trkpt lat="51.066709" lon="-115.217619"><ele>1426.869</ele><time>2026-06-11T18:49:12Z</time></trkpt><trkpt lat="51.066652" lon="-115.217607"><ele>1426.241</ele><time>2026-06-11T18:49:17Z</time></trkpt><trkpt lat="51.066605" lon="-115.217582"><ele>1426.442</ele><time>2026-06-11T18:49:22Z</time></trkpt><trkpt lat="51.066549" lon="-115.217542"><ele>1426.265</ele><time>2026-06-11T18:49:29Z</time></trkpt><trkpt lat="51.066538" lon="-115.217531"><ele>1425.897</ele><time>2026-06-11T18:49:31Z</time></trkpt><trkpt lat="51.066511" lon="-115.217507"><ele>1424.629</ele><time>2026-06-11T18:49:34Z</time></trkpt><trkpt lat="51.066479" lon="-115.217475"><ele>1423.695</ele><time>2026-06-11T18:49:39Z</time></trkpt><trkpt lat="51.066468" lon="-115.217469"><ele>1423.271</ele><time>2026-06-11T18:49:40Z</time></trkpt><trkpt lat="51.066446" lon="-115.217429"><ele>1423.057</ele><time>2026-06-11T18:49:44Z</time></trkpt><trkpt lat="51.066433" lon="-115.217392"><ele>1423.200</ele><time>2026-06-11T18:49:46Z</time></trkpt><trkpt lat="51.066365" lon="-115.217299"><ele>1422.620</ele><time>2026-06-11T18:49:53Z</time></trkpt><trkpt lat="51.066353" lon="-115.217288"><ele>1422.409</ele><time>2026-06-11T18:49:54Z</time></trkpt><trkpt lat="51.066292" lon="-115.217189"><ele>1421.837</ele><time>2026-06-11T18:50:02Z</time></trkpt><trkpt lat="51.066226" lon="-115.217124"><ele>1421.651</ele><time>2026-06-11T18:50:08Z</time></trkpt><trkpt lat="51.066215" lon="-115.217116"><ele>1421.493</ele><time>2026-06-11T18:50:09Z</time></trkpt><trkpt lat="51.066168" lon="-115.217082"><ele>1420.474</ele><time>2026-06-11T18:50:14Z</time></trkpt><trkpt lat="51.066153" lon="-115.217075"><ele>1419.827</ele><time>2026-06-11T18:50:16Z</time></trkpt><trkpt lat="51.066136" lon="-115.217078"><ele>1419.429</ele><time>2026-06-11T18:50:19Z</time></trkpt><trkpt lat="51.066129" lon="-115.217077"><ele>1419.441</ele><time>2026-06-11T18:50:20Z</time></trkpt><trkpt lat="51.066062" lon="-115.217117"><ele>1419.287</ele><time>2026-06-11T18:50:26Z</time></trkpt><trkpt lat="51.066007" lon="-115.21713"><ele>1418.893</ele><time>2026-06-11T18:50:31Z</time></trkpt><trkpt lat="51.065975" lon="-115.217145"><ele>1418.464</ele><time>2026-06-11T18:50:34Z</time></trkpt><trkpt lat="51.065946" lon="-115.217159"><ele>1418.006</ele><time>2026-06-11T18:50:37Z</time></trkpt><trkpt lat="51.065896" lon="-115.217211"><ele>1417.616</ele><time>2026-06-11T18:50:42Z</time></trkpt><trkpt lat="51.065889" lon="-115.217202"><ele>1417.609</ele><time>2026-06-11T18:50:43Z</time></trkpt><trkpt lat="51.065868" lon="-115.217183"><ele>1417.438</ele><time>2026-06-11T18:50:46Z</time></trkpt><trkpt lat="51.065851" lon="-115.217175"><ele>1417.292</ele><time>2026-06-11T18:50:48Z</time></trkpt><trkpt lat="51.065785" lon="-115.21717"><ele>1416.644</ele><time>2026-06-11T18:50:55Z</time></trkpt><trkpt lat="51.065729" lon="-115.217203"><ele>1416.255</ele><time>2026-06-11T18:51:00Z</time></trkpt><trkpt lat="51.065705" lon="-115.217218"><ele>1416.218</ele><time>2026-06-11T18:51:02Z</time></trkpt><trkpt lat="51.065629" lon="-115.217263"><ele>1415.280</ele><time>2026-06-11T18:51:09Z</time></trkpt><trkpt lat="51.065562" lon="-115.217298"><ele>1414.242</ele><time>2026-06-11T18:51:15Z</time></trkpt><trkpt lat="51.065481" lon="-115.217307"><ele>1414.088</ele><time>2026-06-11T18:51:23Z</time></trkpt><trkpt lat="51.065421" lon="-115.217358"><ele>1413.274</ele><time>2026-06-11T18:51:29Z</time></trkpt><trkpt lat="51.065413" lon="-115.21737"><ele>1413.094</ele><time>2026-06-11T18:51:30Z</time></trkpt><trkpt lat="51.065351" lon="-115.217426"><ele>1412.057</ele><time>2026-06-11T18:51:35Z</time></trkpt><trkpt lat="51.065325" lon="-115.217427"><ele>1411.822</ele><time>2026-06-11T18:51:37Z</time></trkpt><trkpt lat="51.065275" lon="-115.217439"><ele>1411.809</ele><time>2026-06-11T18:51:42Z</time></trkpt><trkpt lat="51.065215" lon="-115.217443"><ele>1411.091</ele><time>2026-06-11T18:51:48Z</time></trkpt><trkpt lat="51.065202" lon="-115.217441"><ele>1410.875</ele><time>2026-06-11T18:51:49Z</time></trkpt><trkpt lat="51.065163" lon="-115.217466"><ele>1410.087</ele><time>2026-06-11T18:51:54Z</time></trkpt><trkpt lat="51.065139" lon="-115.217475"><ele>1410.068</ele><time>2026-06-11T18:51:56Z</time></trkpt><trkpt lat="51.065093" lon="-115.217452"><ele>1410.041</ele><time>2026-06-11T18:52:01Z</time></trkpt><trkpt lat="51.065069" lon="-115.217429"><ele>1409.843</ele><time>2026-06-11T18:52:04Z</time></trkpt><trkpt lat="51.065048" lon="-115.217425"><ele>1409.685</ele><time>2026-06-11T18:52:06Z</time></trkpt><trkpt lat="51.065022" lon="-115.217417"><ele>1409.261</ele><time>2026-06-11T18:52:10Z</time></trkpt><trkpt lat="51.064983" lon="-115.2174"><ele>1409.217</ele><time>2026-06-11T18:52:15Z</time></trkpt><trkpt lat="51.064959" lon="-115.217406"><ele>1408.862</ele><time>2026-06-11T18:52:17Z</time></trkpt><trkpt lat="51.064945" lon="-115.217407"><ele>1408.683</ele><time>2026-06-11T18:52:18Z</time></trkpt><trkpt lat="51.064874" lon="-115.217453"><ele>1408.811</ele><time>2026-06-11T18:52:24Z</time></trkpt><trkpt lat="51.064806" lon="-115.217464"><ele>1407.809</ele><time>2026-06-11T18:52:30Z</time></trkpt><trkpt lat="51.064786" lon="-115.217473"><ele>1407.218</ele><time>2026-06-11T18:52:32Z</time></trkpt><trkpt lat="51.064754" lon="-115.217491"><ele>1406.632</ele><time>2026-06-11T18:52:35Z</time></trkpt><trkpt lat="51.064749" lon="-115.217515"><ele>1406.464</ele><time>2026-06-11T18:52:38Z</time></trkpt><trkpt lat="51.064719" lon="-115.217634"><ele>1405.835</ele><time>2026-06-11T18:52:45Z</time></trkpt><trkpt lat="51.064713" lon="-115.217644"><ele>1405.658</ele><time>2026-06-11T18:52:46Z</time></trkpt><trkpt lat="51.064701" lon="-115.217654"><ele>1405.240</ele><time>2026-06-11T18:52:48Z</time></trkpt><trkpt lat="51.064679" lon="-115.217691"><ele>1405.222</ele><time>2026-06-11T18:52:52Z</time></trkpt><trkpt lat="51.064667" lon="-115.217724"><ele>1405.448</ele><time>2026-06-11T18:52:54Z</time></trkpt><trkpt lat="51.064637" lon="-115.217814"><ele>1404.414</ele><time>2026-06-11T18:53:00Z</time></trkpt><trkpt lat="51.064615" lon="-115.217894"><ele>1403.266</ele><time>2026-06-11T18:53:05Z</time></trkpt><trkpt lat="51.064605" lon="-115.217908"><ele>1403.229</ele><time>2026-06-11T18:53:06Z</time></trkpt><trkpt lat="51.064563" lon="-115.218028"><ele>1403.021</ele><time>2026-06-11T18:53:14Z</time></trkpt><trkpt lat="51.06454" lon="-115.218129"><ele>1402.609</ele><time>2026-06-11T18:53:22Z</time></trkpt><trkpt lat="51.064518" lon="-115.218164"><ele>1402.288</ele><time>2026-06-11T18:53:25Z</time></trkpt><trkpt lat="51.064495" lon="-115.218201"><ele>1401.612</ele><time>2026-06-11T18:53:29Z</time></trkpt><trkpt lat="51.06445" lon="-115.218228"><ele>1401.044</ele><time>2026-06-11T18:53:34Z</time></trkpt><trkpt lat="51.064441" lon="-115.218223"><ele>1400.815</ele><time>2026-06-11T18:53:35Z</time></trkpt><trkpt lat="51.064434" lon="-115.218212"><ele>1400.878</ele><time>2026-06-11T18:53:36Z</time></trkpt><trkpt lat="51.064366" lon="-115.21819"><ele>1400.270</ele><time>2026-06-11T18:53:41Z</time></trkpt><trkpt lat="51.06434" lon="-115.218175"><ele>1400.042</ele><time>2026-06-11T18:53:43Z</time></trkpt><trkpt lat="51.064305" lon="-115.218147"><ele>1399.428</ele><time>2026-06-11T18:53:47Z</time></trkpt><trkpt lat="51.064278" lon="-115.21815"><ele>1398.844</ele><time>2026-06-11T18:53:50Z</time></trkpt><trkpt lat="51.064256" lon="-115.218118"><ele>1398.859</ele><time>2026-06-11T18:53:53Z</time></trkpt><trkpt lat="51.064165" lon="-115.218048"><ele>1398.403</ele><time>2026-06-11T18:54:02Z</time></trkpt><trkpt lat="51.064128" lon="-115.218019"><ele>1397.823</ele><time>2026-06-11T18:54:05Z</time></trkpt><trkpt lat="51.064058" lon="-115.218018"><ele>1396.809</ele><time>2026-06-11T18:54:10Z</time></trkpt><trkpt lat="51.063985" lon="-115.21795"><ele>1397.047</ele><time>2026-06-11T18:54:17Z</time></trkpt><trkpt lat="51.063926" lon="-115.217845"><ele>1396.441</ele><time>2026-06-11T18:54:24Z</time></trkpt><trkpt lat="51.063886" lon="-115.217808"><ele>1396.033</ele><time>2026-06-11T18:54:30Z</time></trkpt><trkpt lat="51.063842" lon="-115.21778"><ele>1395.694</ele><time>2026-06-11T18:54:34Z</time></trkpt><trkpt lat="51.063823" lon="-115.217762"><ele>1395.437</ele><time>2026-06-11T18:54:36Z</time></trkpt><trkpt lat="51.063767" lon="-115.217698"><ele>1394.679</ele><time>2026-06-11T18:54:41Z</time></trkpt><trkpt lat="51.063731" lon="-115.217664"><ele>1394.211</ele><time>2026-06-11T18:54:44Z</time></trkpt><trkpt lat="51.063627" lon="-115.217584"><ele>1394.037</ele><time>2026-06-11T18:54:53Z</time></trkpt><trkpt lat="51.063573" lon="-115.217534"><ele>1393.653</ele><time>2026-06-11T18:54:58Z</time></trkpt><trkpt lat="51.063544" lon="-115.217505"><ele>1393.223</ele><time>2026-06-11T18:55:01Z</time></trkpt><trkpt lat="51.063478" lon="-115.217474"><ele>1392.483</ele><time>2026-06-11T18:55:07Z</time></trkpt><trkpt lat="51.063468" lon="-115.217463"><ele>1392.411</ele><time>2026-06-11T18:55:08Z</time></trkpt><trkpt lat="51.063375" lon="-115.217404"><ele>1391.409</ele><time>2026-06-11T18:55:16Z</time></trkpt><trkpt lat="51.063319" lon="-115.217383"><ele>1390.494</ele><time>2026-06-11T18:55:22Z</time></trkpt><trkpt lat="51.063297" lon="-115.217376"><ele>1389.848</ele><time>2026-06-11T18:55:24Z</time></trkpt><trkpt lat="51.063276" lon="-115.217367"><ele>1389.260</ele><time>2026-06-11T18:55:26Z</time></trkpt><trkpt lat="51.063253" lon="-115.217344"><ele>1388.431</ele><time>2026-06-11T18:55:31Z</time></trkpt><trkpt lat="51.063248" lon="-115.21733"><ele>1388.264</ele><time>2026-06-11T18:55:33Z</time></trkpt><trkpt lat="51.063246" lon="-115.21726"><ele>1388.256</ele><time>2026-06-11T18:55:37Z</time></trkpt><trkpt lat="51.063196" lon="-115.217167"><ele>1387.278</ele><time>2026-06-11T18:55:46Z</time></trkpt><trkpt lat="51.063161" lon="-115.217121"><ele>1386.254</ele><time>2026-06-11T18:55:51Z</time></trkpt><trkpt lat="51.063155" lon="-115.217108"><ele>1386.210</ele><time>2026-06-11T18:55:52Z</time></trkpt><trkpt lat="51.063151" lon="-115.217055"><ele>1385.884</ele><time>2026-06-11T18:55:57Z</time></trkpt><trkpt lat="51.063105" lon="-115.216986"><ele>1385.407</ele><time>2026-06-11T18:56:04Z</time></trkpt><trkpt lat="51.063029" lon="-115.216953"><ele>1385.617</ele><time>2026-06-11T18:56:11Z</time></trkpt><trkpt lat="51.063005" lon="-115.216952"><ele>1385.009</ele><time>2026-06-11T18:56:14Z</time></trkpt><trkpt lat="51.062955" lon="-115.21696"><ele>1384.260</ele><time>2026-06-11T18:56:18Z</time></trkpt><trkpt lat="51.062943" lon="-115.216959"><ele>1384.094</ele><time>2026-06-11T18:56:21Z</time></trkpt><trkpt lat="51.062941" lon="-115.216944"><ele>1384.046</ele><time>2026-06-11T18:56:24Z</time></trkpt><trkpt lat="51.062914" lon="-115.216932"><ele>1384.077</ele><time>2026-06-11T18:56:27Z</time></trkpt><trkpt lat="51.062903" lon="-115.216928"><ele>1384.090</ele><time>2026-06-11T18:56:28Z</time></trkpt><trkpt lat="51.062896" lon="-115.216924"><ele>1383.882</ele><time>2026-06-11T18:56:29Z</time></trkpt><trkpt lat="51.062893" lon="-115.216927"><ele>1383.894</ele><time>2026-06-11T18:56:30Z</time></trkpt><trkpt lat="51.06289" lon="-115.216931"><ele>1383.450</ele><time>2026-06-11T18:56:32Z</time></trkpt><trkpt lat="51.06289" lon="-115.216929"><ele>1382.886</ele><time>2026-06-11T18:56:35Z</time></trkpt><trkpt lat="51.062881" lon="-115.216908"><ele>1382.893</ele><time>2026-06-11T18:56:39Z</time></trkpt><trkpt lat="51.062874" lon="-115.216894"><ele>1384.265</ele><time>2026-06-11T18:56:41Z</time></trkpt><trkpt lat="51.062827" lon="-115.216876"><ele>1382.821</ele><time>2026-06-11T18:56:46Z</time></trkpt><trkpt lat="51.062812" lon="-115.216883"><ele>1381.809</ele><time>2026-06-11T18:56:48Z</time></trkpt><trkpt lat="51.062804" lon="-115.216898"><ele>1381.431</ele><time>2026-06-11T18:56:49Z</time></trkpt><trkpt lat="51.062757" lon="-115.21688"><ele>1381.675</ele><time>2026-06-11T18:56:54Z</time></trkpt><trkpt lat="51.062751" lon="-115.216867"><ele>1383.087</ele><time>2026-06-11T18:56:56Z</time></trkpt><trkpt lat="51.062721" lon="-115.216865"><ele>1380.858</ele><time>2026-06-11T18:56:59Z</time></trkpt><trkpt lat="51.062715" lon="-115.216881"><ele>1380.041</ele><time>2026-06-11T18:57:00Z</time></trkpt><trkpt lat="51.062693" lon="-115.216875"><ele>1378.653</ele><time>2026-06-11T18:57:02Z</time></trkpt><trkpt lat="51.062675" lon="-115.216883"><ele>1378.435</ele><time>2026-06-11T18:57:04Z</time></trkpt><trkpt lat="51.062616" lon="-115.216856"><ele>1378.021</ele><time>2026-06-11T18:57:11Z</time></trkpt><trkpt lat="51.062602" lon="-115.216851"><ele>1378.657</ele><time>2026-06-11T18:57:20Z</time></trkpt><trkpt lat="51.062597" lon="-115.216827"><ele>1377.492</ele><time>2026-06-11T18:57:26Z</time></trkpt><trkpt lat="51.062553" lon="-115.216829"><ele>1376.073</ele><time>2026-06-11T18:57:31Z</time></trkpt><trkpt lat="51.062533" lon="-115.216827"><ele>1375.020</ele><time>2026-06-11T18:57:33Z</time></trkpt><trkpt lat="51.062525" lon="-115.216831"><ele>1375.009</ele><time>2026-06-11T18:57:34Z</time></trkpt><trkpt lat="51.062463" lon="-115.216825"><ele>1374.891</ele><time>2026-06-11T18:57:40Z</time></trkpt><trkpt lat="51.062433" lon="-115.21676"><ele>1375.885</ele><time>2026-06-11T18:57:46Z</time></trkpt><trkpt lat="51.062415" lon="-115.216719"><ele>1376.077</ele><time>2026-06-11T18:57:51Z</time></trkpt><trkpt lat="51.062404" lon="-115.216687"><ele>1376.868</ele><time>2026-06-11T18:57:54Z</time></trkpt><trkpt lat="51.062403" lon="-115.216675"><ele>1377.091</ele><time>2026-06-11T18:57:55Z</time></trkpt><trkpt lat="51.062372" lon="-115.216637"><ele>1377.853</ele><time>2026-06-11T18:58:00Z</time></trkpt><trkpt lat="51.062304" lon="-115.216575"><ele>1376.845</ele><time>2026-06-11T18:58:07Z</time></trkpt><trkpt lat="51.062241" lon="-115.216479"><ele>1376.231</ele><time>2026-06-11T18:58:14Z</time></trkpt><trkpt lat="51.062216" lon="-115.216413"><ele>1376.067</ele><time>2026-06-11T18:58:18Z</time></trkpt><trkpt lat="51.062191" lon="-115.216347"><ele>1375.689</ele><time>2026-06-11T18:58:22Z</time></trkpt><trkpt lat="51.06215" lon="-115.21625"><ele>1374.806</ele><time>2026-06-11T18:58:28Z</time></trkpt><trkpt lat="51.062155" lon="-115.216233"><ele>1374.626</ele><time>2026-06-11T18:58:29Z</time></trkpt><trkpt lat="51.062172" lon="-115.21614"><ele>1373.809</ele><time>2026-06-11T18:58:34Z</time></trkpt><trkpt lat="51.062184" lon="-115.216092"><ele>1373.420</ele><time>2026-06-11T18:58:36Z</time></trkpt><trkpt lat="51.062199" lon="-115.215999"><ele>1372.814</ele><time>2026-06-11T18:58:41Z</time></trkpt><trkpt lat="51.0622" lon="-115.215981"><ele>1372.656</ele><time>2026-06-11T18:58:42Z</time></trkpt><trkpt lat="51.062199" lon="-115.215896"><ele>1371.677</ele><time>2026-06-11T18:58:47Z</time></trkpt><trkpt lat="51.062203" lon="-115.215895"><ele>1371.430</ele><time>2026-06-11T18:58:49Z</time></trkpt><trkpt lat="51.062198" lon="-115.215906"><ele>1370.692</ele><time>2026-06-11T18:58:54Z</time></trkpt><trkpt lat="51.062199" lon="-115.215866"><ele>1370.654</ele><time>2026-06-11T18:58:57Z</time></trkpt><trkpt lat="51.062195" lon="-115.215784"><ele>1370.490</ele><time>2026-06-11T18:59:01Z</time></trkpt><trkpt lat="51.062197" lon="-115.215765"><ele>1370.296</ele><time>2026-06-11T18:59:02Z</time></trkpt><trkpt lat="51.062197" lon="-115.215752"><ele>1370.256</ele><time>2026-06-11T18:59:03Z</time></trkpt><trkpt lat="51.062194" lon="-115.215696"><ele>1369.859</ele><time>2026-06-11T18:59:06Z</time></trkpt><trkpt lat="51.062192" lon="-115.215683"><ele>1369.614</ele><time>2026-06-11T18:59:07Z</time></trkpt><trkpt lat="51.062178" lon="-115.215653"><ele>1369.609</ele><time>2026-06-11T18:59:09Z</time></trkpt><trkpt lat="51.062139" lon="-115.215581"><ele>1369.697</ele><time>2026-06-11T18:59:13Z</time></trkpt><trkpt lat="51.062072" lon="-115.215507"><ele>1369.081</ele><time>2026-06-11T18:59:20Z</time></trkpt><trkpt lat="51.062047" lon="-115.215482"><ele>1368.683</ele><time>2026-06-11T18:59:22Z</time></trkpt><trkpt lat="51.062005" lon="-115.215415"><ele>1367.624</ele><time>2026-06-11T18:59:26Z</time></trkpt><trkpt lat="51.062001" lon="-115.215401"><ele>1367.417</ele><time>2026-06-11T18:59:27Z</time></trkpt><trkpt lat="51.06196" lon="-115.21527"><ele>1366.279</ele><time>2026-06-11T18:59:35Z</time></trkpt><trkpt lat="51.061945" lon="-115.215205"><ele>1365.221</ele><time>2026-06-11T18:59:39Z</time></trkpt><trkpt lat="51.061903" lon="-115.21514"><ele>1364.217</ele><time>2026-06-11T18:59:43Z</time></trkpt><trkpt lat="51.061857" lon="-115.215084"><ele>1363.063</ele><time>2026-06-11T18:59:48Z</time></trkpt><trkpt lat="51.061847" lon="-115.215071"><ele>1362.847</ele><time>2026-06-11T18:59:49Z</time></trkpt><trkpt lat="51.061819" lon="-115.215042"><ele>1362.029</ele><time>2026-06-11T18:59:52Z</time></trkpt><trkpt lat="51.06179" lon="-115.214973"><ele>1361.421</ele><time>2026-06-11T18:59:57Z</time></trkpt><trkpt lat="51.061779" lon="-115.214902"><ele>1360.809</ele><time>2026-06-11T19:00:01Z</time></trkpt><trkpt lat="51.061789" lon="-115.214849"><ele>1360.276</ele><time>2026-06-11T19:00:04Z</time></trkpt><trkpt lat="51.061802" lon="-115.214764"><ele>1359.680</ele><time>2026-06-11T19:00:08Z</time></trkpt><trkpt lat="51.061804" lon="-115.214696"><ele>1359.052</ele><time>2026-06-11T19:00:12Z</time></trkpt><trkpt lat="51.061794" lon="-115.214595"><ele>1358.673</ele><time>2026-06-11T19:00:17Z</time></trkpt><trkpt lat="51.061785" lon="-115.214539"><ele>1358.026</ele><time>2026-06-11T19:00:20Z</time></trkpt><trkpt lat="51.061759" lon="-115.214375"><ele>1357.638</ele><time>2026-06-11T19:00:29Z</time></trkpt><trkpt lat="51.061738" lon="-115.214306"><ele>1356.880</ele><time>2026-06-11T19:00:33Z</time></trkpt><trkpt lat="51.061732" lon="-115.214228"><ele>1356.636</ele><time>2026-06-11T19:00:37Z</time></trkpt><trkpt lat="51.061717" lon="-115.214094"><ele>1356.042</ele><time>2026-06-11T19:00:45Z</time></trkpt><trkpt lat="51.061733" lon="-115.214015"><ele>1355.466</ele><time>2026-06-11T19:00:50Z</time></trkpt><trkpt lat="51.061741" lon="-115.213981"><ele>1355.029</ele><time>2026-06-11T19:00:52Z</time></trkpt><trkpt lat="51.061761" lon="-115.213885"><ele>1354.221</ele><time>2026-06-11T19:00:57Z</time></trkpt><trkpt lat="51.061769" lon="-115.213851"><ele>1353.809</ele><time>2026-06-11T19:00:59Z</time></trkpt><trkpt lat="51.061795" lon="-115.213756"><ele>1353.028</ele><time>2026-06-11T19:01:05Z</time></trkpt><trkpt lat="51.061802" lon="-115.213729"><ele>1352.842</ele><time>2026-06-11T19:01:07Z</time></trkpt><trkpt lat="51.061836" lon="-115.213576"><ele>1352.084</ele><time>2026-06-11T19:01:15Z</time></trkpt><trkpt lat="51.061838" lon="-115.213559"><ele>1351.875</ele><time>2026-06-11T19:01:16Z</time></trkpt><trkpt lat="51.061838" lon="-115.213469"><ele>1351.018</ele><time>2026-06-11T19:01:22Z</time></trkpt><trkpt lat="51.061834" lon="-115.213418"><ele>1350.680</ele><time>2026-06-11T19:01:25Z</time></trkpt><trkpt lat="51.061805" lon="-115.213234"><ele>1349.882</ele><time>2026-06-11T19:01:34Z</time></trkpt><trkpt lat="51.061782" lon="-115.21313"><ele>1348.848</ele><time>2026-06-11T19:01:40Z</time></trkpt><trkpt lat="51.061791" lon="-115.213063"><ele>1348.084</ele><time>2026-06-11T19:01:44Z</time></trkpt><trkpt lat="51.061792" lon="-115.213028"><ele>1347.875</ele><time>2026-06-11T19:01:46Z</time></trkpt><trkpt lat="51.061752" lon="-115.212903"><ele>1347.028</ele><time>2026-06-11T19:01:54Z</time></trkpt><trkpt lat="51.061733" lon="-115.212854"><ele>1346.620</ele><time>2026-06-11T19:01:57Z</time></trkpt><trkpt lat="51.061706" lon="-115.212792"><ele>1346.209</ele><time>2026-06-11T19:02:01Z</time></trkpt><trkpt lat="51.061671" lon="-115.212699"><ele>1345.499</ele><time>2026-06-11T19:02:06Z</time></trkpt><trkpt lat="51.061646" lon="-115.212622"><ele>1344.853</ele><time>2026-06-11T19:02:10Z</time></trkpt><trkpt lat="51.061634" lon="-115.212572"><ele>1344.465</ele><time>2026-06-11T19:02:13Z</time></trkpt><trkpt lat="51.061618" lon="-115.212499"><ele>1343.696</ele><time>2026-06-11T19:02:17Z</time></trkpt><trkpt lat="51.061611" lon="-115.212444"><ele>1343.229</ele><time>2026-06-11T19:02:20Z</time></trkpt><trkpt lat="51.061588" lon="-115.212357"><ele>1342.681</ele><time>2026-06-11T19:02:25Z</time></trkpt><trkpt lat="51.061575" lon="-115.212302"><ele>1342.283</ele><time>2026-06-11T19:02:28Z</time></trkpt><trkpt lat="51.061559" lon="-115.212205"><ele>1341.469</ele><time>2026-06-11T19:02:33Z</time></trkpt><trkpt lat="51.061554" lon="-115.212184"><ele>1341.245</ele><time>2026-06-11T19:02:34Z</time></trkpt><trkpt lat="51.061493" lon="-115.212082"><ele>1340.638</ele><time>2026-06-11T19:02:41Z</time></trkpt><trkpt lat="51.061473" lon="-115.212062"><ele>1340.470</ele><time>2026-06-11T19:02:43Z</time></trkpt><trkpt lat="51.061449" lon="-115.212042"><ele>1340.017</ele><time>2026-06-11T19:02:45Z</time></trkpt><trkpt lat="51.061397" lon="-115.211974"><ele>1339.209</ele><time>2026-06-11T19:02:50Z</time></trkpt><trkpt lat="51.061383" lon="-115.211951"><ele>1339.025</ele><time>2026-06-11T19:02:52Z</time></trkpt><trkpt lat="51.061349" lon="-115.211886"><ele>1338.039</ele><time>2026-06-11T19:02:57Z</time></trkpt><trkpt lat="51.061343" lon="-115.211868"><ele>1337.821</ele><time>2026-06-11T19:02:58Z</time></trkpt><trkpt lat="51.061304" lon="-115.211773"><ele>1337.212</ele><time>2026-06-11T19:03:04Z</time></trkpt><trkpt lat="51.061286" lon="-115.211663"><ele>1336.885</ele><time>2026-06-11T19:03:09Z</time></trkpt><trkpt lat="51.061292" lon="-115.211622"><ele>1336.697</ele><time>2026-06-11T19:03:11Z</time></trkpt><trkpt lat="51.0613" lon="-115.211516"><ele>1335.899</ele><time>2026-06-11T19:03:16Z</time></trkpt><trkpt lat="51.061315" lon="-115.211404"><ele>1335.065</ele><time>2026-06-11T19:03:22Z</time></trkpt><trkpt lat="51.061326" lon="-115.211335"><ele>1334.811</ele><time>2026-06-11T19:03:26Z</time></trkpt><trkpt lat="51.061337" lon="-115.211281"><ele>1334.487</ele><time>2026-06-11T19:03:29Z</time></trkpt><trkpt lat="51.061356" lon="-115.211202"><ele>1333.442</ele><time>2026-06-11T19:03:33Z</time></trkpt><trkpt lat="51.061376" lon="-115.211093"><ele>1332.626</ele><time>2026-06-11T19:03:38Z</time></trkpt><trkpt lat="51.061384" lon="-115.211053"><ele>1332.409</ele><time>2026-06-11T19:03:40Z</time></trkpt><trkpt lat="51.061407" lon="-115.210928"><ele>1332.010</ele><time>2026-06-11T19:03:47Z</time></trkpt><trkpt lat="51.061447" lon="-115.210759"><ele>1331.424</ele><time>2026-06-11T19:03:56Z</time></trkpt><trkpt lat="51.061472" lon="-115.210595"><ele>1330.436</ele><time>2026-06-11T19:04:05Z</time></trkpt><trkpt lat="51.061509" lon="-115.210475"><ele>1329.247</ele><time>2026-06-11T19:04:12Z</time></trkpt><trkpt lat="51.061512" lon="-115.210457"><ele>1329.230</ele><time>2026-06-11T19:04:13Z</time></trkpt><trkpt lat="51.061519" lon="-115.210355"><ele>1328.212</ele><time>2026-06-11T19:04:18Z</time></trkpt><trkpt lat="51.061513" lon="-115.210298"><ele>1327.894</ele><time>2026-06-11T19:04:21Z</time></trkpt><trkpt lat="51.061512" lon="-115.210232"><ele>1327.210</ele><time>2026-06-11T19:04:24Z</time></trkpt><trkpt lat="51.061512" lon="-115.21012"><ele>1326.656</ele><time>2026-06-11T19:04:30Z</time></trkpt><trkpt lat="51.061514" lon="-115.210053"><ele>1326.253</ele><time>2026-06-11T19:04:33Z</time></trkpt><trkpt lat="51.061528" lon="-115.209946"><ele>1325.404</ele><time>2026-06-11T19:04:39Z</time></trkpt><trkpt lat="51.061532" lon="-115.209924"><ele>1325.214</ele><time>2026-06-11T19:04:40Z</time></trkpt><trkpt lat="51.061555" lon="-115.209753"><ele>1324.009</ele><time>2026-06-11T19:04:48Z</time></trkpt><trkpt lat="51.061565" lon="-115.20965"><ele>1322.897</ele><time>2026-06-11T19:04:54Z</time></trkpt><trkpt lat="51.061565" lon="-115.209628"><ele>1322.811</ele><time>2026-06-11T19:04:55Z</time></trkpt><trkpt lat="51.061566" lon="-115.209499"><ele>1321.843</ele><time>2026-06-11T19:05:01Z</time></trkpt><trkpt lat="51.061567" lon="-115.20948"><ele>1321.634</ele><time>2026-06-11T19:05:02Z</time></trkpt><trkpt lat="51.061576" lon="-115.209346"><ele>1320.877</ele><time>2026-06-11T19:05:09Z</time></trkpt><trkpt lat="51.061576" lon="-115.209309"><ele>1320.619</ele><time>2026-06-11T19:05:11Z</time></trkpt><trkpt lat="51.061591" lon="-115.209209"><ele>1319.851</ele><time>2026-06-11T19:05:16Z</time></trkpt><trkpt lat="51.061606" lon="-115.209152"><ele>1319.017</ele><time>2026-06-11T19:05:19Z</time></trkpt><trkpt lat="51.061609" lon="-115.209115"><ele>1318.613</ele><time>2026-06-11T19:05:21Z</time></trkpt><trkpt lat="51.061622" lon="-115.208977"><ele>1317.669</ele><time>2026-06-11T19:05:29Z</time></trkpt><trkpt lat="51.061641" lon="-115.208823"><ele>1316.404</ele><time>2026-06-11T19:05:37Z</time></trkpt><trkpt lat="51.061629" lon="-115.208711"><ele>1315.824</ele><time>2026-06-11T19:05:44Z</time></trkpt><trkpt lat="51.061636" lon="-115.208656"><ele>1315.409</ele><time>2026-06-11T19:05:47Z</time></trkpt><trkpt lat="51.061665" lon="-115.208535"><ele>1314.498</ele><time>2026-06-11T19:05:53Z</time></trkpt><trkpt lat="51.061668" lon="-115.208519"><ele>1314.272</ele><time>2026-06-11T19:05:54Z</time></trkpt><trkpt lat="51.061684" lon="-115.208408"><ele>1313.014</ele><time>2026-06-11T19:06:00Z</time></trkpt><trkpt lat="51.061688" lon="-115.208364"><ele>1312.895</ele><time>2026-06-11T19:06:02Z</time></trkpt><trkpt lat="51.061711" lon="-115.208244"><ele>1312.038</ele><time>2026-06-11T19:06:08Z</time></trkpt><trkpt lat="51.061724" lon="-115.208183"><ele>1311.670</ele><time>2026-06-11T19:06:11Z</time></trkpt><trkpt lat="51.061758" lon="-115.208054"><ele>1310.872</ele><time>2026-06-11T19:06:18Z</time></trkpt><trkpt lat="51.06177" lon="-115.208005"><ele>1310.688</ele><time>2026-06-11T19:06:21Z</time></trkpt><trkpt lat="51.061807" lon="-115.207893"><ele>1310.234</ele><time>2026-06-11T19:06:28Z</time></trkpt><trkpt lat="51.061889" lon="-115.20773"><ele>1311.276</ele><time>2026-06-11T19:06:39Z</time></trkpt><trkpt lat="51.061914" lon="-115.207664"><ele>1312.090</ele><time>2026-06-11T19:06:44Z</time></trkpt><trkpt lat="51.061943" lon="-115.20761"><ele>1312.619</ele><time>2026-06-11T19:06:48Z</time></trkpt><trkpt lat="51.061963" lon="-115.20758"><ele>1312.609</ele><time>2026-06-11T19:06:51Z</time></trkpt><trkpt lat="51.061999" lon="-115.20753"><ele>1312.849</ele><time>2026-06-11T19:06:56Z</time></trkpt><trkpt lat="51.062006" lon="-115.207521"><ele>1312.853</ele><time>2026-06-11T19:06:57Z</time></trkpt><trkpt lat="51.062023" lon="-115.207501"><ele>1313.055</ele><time>2026-06-11T19:06:59Z</time></trkpt><trkpt lat="51.062058" lon="-115.20748"><ele>1313.826</ele><time>2026-06-11T19:07:04Z</time></trkpt><trkpt lat="51.062077" lon="-115.20744"><ele>1314.259</ele><time>2026-06-11T19:07:07Z</time></trkpt><trkpt lat="51.062135" lon="-115.207382"><ele>1314.881</ele><time>2026-06-11T19:07:14Z</time></trkpt><trkpt lat="51.062172" lon="-115.207356"><ele>1315.283</ele><time>2026-06-11T19:07:18Z</time></trkpt><trkpt lat="51.062201" lon="-115.207323"><ele>1315.689</ele><time>2026-06-11T19:07:22Z</time></trkpt><trkpt lat="51.062209" lon="-115.207317"><ele>1315.895</ele><time>2026-06-11T19:07:23Z</time></trkpt><trkpt lat="51.062217" lon="-115.20731"><ele>1315.844</ele><time>2026-06-11T19:07:24Z</time></trkpt><trkpt lat="51.062226" lon="-115.207306"><ele>1315.805</ele><time>2026-06-11T19:07:25Z</time></trkpt><trkpt lat="51.062266" lon="-115.207264"><ele>1315.815</ele><time>2026-06-11T19:07:30Z</time></trkpt><trkpt lat="51.062289" lon="-115.207234"><ele>1316.009</ele><time>2026-06-11T19:07:33Z</time></trkpt><trkpt lat="51.062349" lon="-115.207143"><ele>1316.276</ele><time>2026-06-11T19:07:40Z</time></trkpt><trkpt lat="51.062361" lon="-115.207126"><ele>1316.480</ele><time>2026-06-11T19:07:42Z</time></trkpt><trkpt lat="51.062438" lon="-115.207057"><ele>1316.452</ele><time>2026-06-11T19:07:50Z</time></trkpt><trkpt lat="51.062504" lon="-115.206978"><ele>1316.843</ele><time>2026-06-11T19:07:59Z</time></trkpt><trkpt lat="51.062542" lon="-115.206938"><ele>1317.246</ele><time>2026-06-11T19:08:05Z</time></trkpt><trkpt lat="51.062574" lon="-115.206905"><ele>1317.628</ele><time>2026-06-11T19:08:09Z</time></trkpt><trkpt lat="51.062642" lon="-115.206806"><ele>1318.210</ele><time>2026-06-11T19:08:19Z</time></trkpt><trkpt lat="51.062652" lon="-115.206795"><ele>1318.256</ele><time>2026-06-11T19:08:20Z</time></trkpt><trkpt lat="51.06273" lon="-115.206722"><ele>1318.662</ele><time>2026-06-11T19:08:28Z</time></trkpt><trkpt lat="51.062779" lon="-115.206643"><ele>1319.478</ele><time>2026-06-11T19:08:35Z</time></trkpt><trkpt lat="51.062837" lon="-115.206581"><ele>1320.433</ele><time>2026-06-11T19:08:42Z</time></trkpt><trkpt lat="51.062846" lon="-115.206572"><ele>1320.626</ele><time>2026-06-11T19:08:43Z</time></trkpt><trkpt lat="51.0629" lon="-115.206511"><ele>1321.209</ele><time>2026-06-11T19:08:50Z</time></trkpt><trkpt lat="51.062913" lon="-115.206503"><ele>1321.439</ele><time>2026-06-11T19:08:52Z</time></trkpt><trkpt lat="51.062958" lon="-115.206449"><ele>1322.493</ele><time>2026-06-11T19:08:57Z</time></trkpt><trkpt lat="51.062964" lon="-115.206435"><ele>1322.695</ele><time>2026-06-11T19:08:58Z</time></trkpt><trkpt lat="51.063029" lon="-115.20636"><ele>1323.276</ele><time>2026-06-11T19:09:05Z</time></trkpt><trkpt lat="51.063044" lon="-115.206332"><ele>1323.299</ele><time>2026-06-11T19:09:07Z</time></trkpt><trkpt lat="51.063092" lon="-115.206241"><ele>1322.851</ele><time>2026-06-11T19:09:14Z</time></trkpt><trkpt lat="51.063185" lon="-115.206126"><ele>1323.413</ele><time>2026-06-11T19:09:23Z</time></trkpt><trkpt lat="51.063264" lon="-115.206037"><ele>1323.629</ele><time>2026-06-11T19:09:31Z</time></trkpt><trkpt lat="51.063269" lon="-115.206024"><ele>1323.685</ele><time>2026-06-11T19:09:32Z</time></trkpt><trkpt lat="51.063302" lon="-115.20597"><ele>1323.684</ele><time>2026-06-11T19:09:36Z</time></trkpt><trkpt lat="51.063345" lon="-115.205914"><ele>1323.407</ele><time>2026-06-11T19:09:40Z</time></trkpt><trkpt lat="51.063411" lon="-115.205831"><ele>1323.617</ele><time>2026-06-11T19:09:47Z</time></trkpt><trkpt lat="51.063469" lon="-115.205737"><ele>1323.609</ele><time>2026-06-11T19:09:54Z</time></trkpt><trkpt lat="51.063526" lon="-115.205664"><ele>1323.890</ele><time>2026-06-11T19:10:01Z</time></trkpt><trkpt lat="51.063621" lon="-115.205608"><ele>1323.214</ele><time>2026-06-11T19:10:09Z</time></trkpt><trkpt lat="51.063685" lon="-115.20552"><ele>1322.626</ele><time>2026-06-11T19:10:17Z</time></trkpt><trkpt lat="51.063737" lon="-115.205434"><ele>1322.227</ele><time>2026-06-11T19:10:24Z</time></trkpt><trkpt lat="51.063731" lon="-115.205453"><ele>1321.480</ele><time>2026-06-11T19:10:30Z</time></trkpt><trkpt lat="51.063685" lon="-115.205493"><ele>1321.882</ele><time>2026-06-11T19:10:35Z</time></trkpt><trkpt lat="51.063689" lon="-115.205508"><ele>1322.234</ele><time>2026-06-11T19:10:36Z</time></trkpt><trkpt lat="51.063689" lon="-115.205555"><ele>1322.650</ele><time>2026-06-11T19:10:39Z</time></trkpt><trkpt lat="51.063694" lon="-115.205624"><ele>1323.026</ele><time>2026-06-11T19:10:42Z</time></trkpt><trkpt lat="51.063721" lon="-115.205635"><ele>1323.645</ele><time>2026-06-11T19:10:45Z</time></trkpt><trkpt lat="51.063741" lon="-115.205638"><ele>1324.047</ele><time>2026-06-11T19:10:48Z</time></trkpt><trkpt lat="51.06378" lon="-115.205654"><ele>1323.811</ele><time>2026-06-11T19:10:51Z</time></trkpt><trkpt lat="51.063813" lon="-115.205652"><ele>1324.009</ele><time>2026-06-11T19:10:54Z</time></trkpt><trkpt lat="51.063819" lon="-115.205647"><ele>1324.266</ele><time>2026-06-11T19:10:55Z</time></trkpt><trkpt lat="51.06383" lon="-115.205624"><ele>1324.450</ele><time>2026-06-11T19:11:03Z</time></trkpt><trkpt lat="51.063861" lon="-115.205643"><ele>1324.682</ele><time>2026-06-11T19:11:10Z</time></trkpt><trkpt lat="51.063871" lon="-115.205635"><ele>1324.853</ele><time>2026-06-11T19:11:11Z</time></trkpt><trkpt lat="51.063877" lon="-115.205613"><ele>1325.066</ele><time>2026-06-11T19:11:13Z</time></trkpt><trkpt lat="51.063875" lon="-115.205602"><ele>1325.038</ele><time>2026-06-11T19:11:15Z</time></trkpt><trkpt lat="51.063877" lon="-115.20559"><ele>1324.480</ele><time>2026-06-11T19:11:17Z</time></trkpt><trkpt lat="51.063883" lon="-115.205569"><ele>1323.616</ele><time>2026-06-11T19:11:23Z</time></trkpt><trkpt lat="51.063883" lon="-115.205579"><ele>1323.642</ele><time>2026-06-11T19:11:28Z</time></trkpt><trkpt lat="51.063861" lon="-115.205618"><ele>1323.622</ele><time>2026-06-11T19:11:39Z</time></trkpt><trkpt lat="51.063857" lon="-115.205621"><ele>1323.662</ele><time>2026-06-11T19:11:41Z</time></trkpt><trkpt lat="51.063849" lon="-115.205633"><ele>1323.408</ele><time>2026-06-11T19:11:45Z</time></trkpt><trkpt lat="51.063847" lon="-115.205632"><ele>1323.209</ele><time>2026-06-11T19:11:47Z</time></trkpt><trkpt lat="51.063845" lon="-115.205622"><ele>1323.294</ele><time>2026-06-11T19:11:50Z</time></trkpt><trkpt lat="51.063843" lon="-115.205617"><ele>1323.288</ele><time>2026-06-11T19:11:51Z</time></trkpt><trkpt lat="51.063842" lon="-115.205613"><ele>1323.080</ele><time>2026-06-11T19:11:52Z</time></trkpt><trkpt lat="51.063837" lon="-115.205595"><ele>1322.641</ele><time>2026-06-11T19:11:57Z</time></trkpt><trkpt lat="51.063839" lon="-115.205599"><ele>1322.874</ele><time>2026-06-11T19:12:02Z</time></trkpt><trkpt lat="51.06384" lon="-115.20563"><ele>1322.696</ele><time>2026-06-11T19:12:10Z</time></trkpt><trkpt lat="51.063836" lon="-115.205593"><ele>1322.848</ele><time>2026-06-11T19:12:23Z</time></trkpt><trkpt lat="51.063862" lon="-115.205545"><ele>1322.674</ele><time>2026-06-11T19:12:32Z</time></trkpt><trkpt lat="51.063837" lon="-115.20561"><ele>1323.060</ele><time>2026-06-11T19:12:38Z</time></trkpt><trkpt lat="51.063826" lon="-115.205616"><ele>1323.041</ele><time>2026-06-11T19:12:39Z</time></trkpt><trkpt lat="51.063747" lon="-115.205608"><ele>1322.481</ele><time>2026-06-11T19:12:46Z</time></trkpt><trkpt lat="51.063694" lon="-115.205598"><ele>1322.009</ele><time>2026-06-11T19:12:52Z</time></trkpt><trkpt lat="51.06369" lon="-115.205551"><ele>1321.809</ele><time>2026-06-11T19:12:54Z</time></trkpt><trkpt lat="51.063686" lon="-115.205528"><ele>1321.486</ele><time>2026-06-11T19:12:55Z</time></trkpt><trkpt lat="51.063688" lon="-115.205453"><ele>1320.420</ele><time>2026-06-11T19:12:59Z</time></trkpt><trkpt lat="51.063698" lon="-115.205438"><ele>1320.262</ele><time>2026-06-11T19:13:00Z</time></trkpt><trkpt lat="51.063757" lon="-115.20536"><ele>1319.213</ele><time>2026-06-11T19:13:05Z</time></trkpt><trkpt lat="51.063772" lon="-115.205334"><ele>1318.896</ele><time>2026-06-11T19:13:07Z</time></trkpt><trkpt lat="51.063822" lon="-115.205215"><ele>1318.868</ele><time>2026-06-11T19:13:14Z</time></trkpt><trkpt lat="51.063842" lon="-115.20517"><ele>1318.250</ele><time>2026-06-11T19:13:17Z</time></trkpt><trkpt lat="51.063869" lon="-115.205103"><ele>1317.446</ele><time>2026-06-11T19:13:21Z</time></trkpt><trkpt lat="51.063877" lon="-115.205086"><ele>1317.062</ele><time>2026-06-11T19:13:22Z</time></trkpt><trkpt lat="51.063908" lon="-115.205012"><ele>1316.264</ele><time>2026-06-11T19:13:27Z</time></trkpt><trkpt lat="51.063929" lon="-115.204956"><ele>1316.006</ele><time>2026-06-11T19:13:30Z</time></trkpt><trkpt lat="51.063957" lon="-115.204889"><ele>1315.416</ele><time>2026-06-11T19:13:34Z</time></trkpt><trkpt lat="51.064037" lon="-115.20479"><ele>1315.009</ele><time>2026-06-11T19:13:42Z</time></trkpt><trkpt lat="51.064045" lon="-115.204779"><ele>1314.898</ele><time>2026-06-11T19:13:43Z</time></trkpt><trkpt lat="51.064067" lon="-115.204744"><ele>1314.022</ele><time>2026-06-11T19:13:46Z</time></trkpt><trkpt lat="51.064095" lon="-115.204708"><ele>1313.244</ele><time>2026-06-11T19:13:49Z</time></trkpt><trkpt lat="51.064117" lon="-115.204695"><ele>1313.255</ele><time>2026-06-11T19:13:51Z</time></trkpt><trkpt lat="51.064182" lon="-115.204733"><ele>1313.878</ele><time>2026-06-11T19:13:59Z</time></trkpt><trkpt lat="51.064217" lon="-115.204752"><ele>1314.460</ele><time>2026-06-11T19:14:03Z</time></trkpt><trkpt lat="51.064254" lon="-115.204714"><ele>1315.022</ele><time>2026-06-11T19:14:06Z</time></trkpt><trkpt lat="51.064344" lon="-115.204613"><ele>1313.668</ele><time>2026-06-11T19:14:14Z</time></trkpt><trkpt lat="51.064409" lon="-115.204561"><ele>1313.494</ele><time>2026-06-11T19:14:20Z</time></trkpt><trkpt lat="51.064447" lon="-115.204476"><ele>1312.827</ele><time>2026-06-11T19:14:25Z</time></trkpt><trkpt lat="51.064488" lon="-115.204385"><ele>1312.068</ele><time>2026-06-11T19:14:30Z</time></trkpt><trkpt lat="51.064495" lon="-115.204376"><ele>1311.814</ele><time>2026-06-11T19:14:31Z</time></trkpt><trkpt lat="51.064549" lon="-115.204283"><ele>1310.809</ele><time>2026-06-11T19:14:37Z</time></trkpt><trkpt lat="51.064558" lon="-115.204275"><ele>1310.684</ele><time>2026-06-11T19:14:38Z</time></trkpt><trkpt lat="51.064609" lon="-115.20421"><ele>1310.248</ele><time>2026-06-11T19:14:43Z</time></trkpt><trkpt lat="51.064645" lon="-115.204163"><ele>1309.460</ele><time>2026-06-11T19:14:46Z</time></trkpt><trkpt lat="51.064683" lon="-115.204106"><ele>1308.881</ele><time>2026-06-11T19:14:50Z</time></trkpt><trkpt lat="51.064708" lon="-115.204062"><ele>1308.434</ele><time>2026-06-11T19:14:53Z</time></trkpt><trkpt lat="51.064769" lon="-115.203937"><ele>1307.646</ele><time>2026-06-11T19:15:00Z</time></trkpt><trkpt lat="51.06478" lon="-115.20391"><ele>1307.418</ele><time>2026-06-11T19:15:02Z</time></trkpt><trkpt lat="51.064829" lon="-115.203831"><ele>1306.494</ele><time>2026-06-11T19:15:08Z</time></trkpt><trkpt lat="51.06484" lon="-115.20382"><ele>1306.080</ele><time>2026-06-11T19:15:09Z</time></trkpt><trkpt lat="51.064915" lon="-115.203763"><ele>1305.052</ele><time>2026-06-11T19:15:15Z</time></trkpt><trkpt lat="51.064952" lon="-115.203737"><ele>1304.653</ele><time>2026-06-11T19:15:18Z</time></trkpt><trkpt lat="51.064989" lon="-115.20372"><ele>1303.808</ele><time>2026-06-11T19:15:21Z</time></trkpt><trkpt lat="51.065042" lon="-115.203639"><ele>1303.009</ele><time>2026-06-11T19:15:27Z</time></trkpt><trkpt lat="51.06505" lon="-115.203624"><ele>1302.897</ele><time>2026-06-11T19:15:28Z</time></trkpt><trkpt lat="51.065055" lon="-115.203624"><ele>1302.631</ele><time>2026-06-11T19:15:34Z</time></trkpt><trkpt lat="51.065063" lon="-115.203598"><ele>1302.853</ele><time>2026-06-11T19:15:37Z</time></trkpt><trkpt lat="51.065085" lon="-115.20355"><ele>1302.484</ele><time>2026-06-11T19:15:40Z</time></trkpt><trkpt lat="51.065092" lon="-115.203515"><ele>1301.687</ele><time>2026-06-11T19:15:43Z</time></trkpt><trkpt lat="51.065098" lon="-115.203523"><ele>1301.039</ele><time>2026-06-11T19:15:46Z</time></trkpt><trkpt lat="51.065111" lon="-115.203452"><ele>1301.021</ele><time>2026-06-11T19:15:53Z</time></trkpt><trkpt lat="51.065101" lon="-115.203406"><ele>1301.067</ele><time>2026-06-11T19:15:55Z</time></trkpt><trkpt lat="51.065058" lon="-115.203332"><ele>1301.053</ele><time>2026-06-11T19:16:00Z</time></trkpt><trkpt lat="51.064989" lon="-115.203222"><ele>1301.265</ele><time>2026-06-11T19:16:07Z</time></trkpt><trkpt lat="51.064922" lon="-115.203127"><ele>1301.468</ele><time>2026-06-11T19:16:15Z</time></trkpt><trkpt lat="51.064916" lon="-115.203089"><ele>1302.014</ele><time>2026-06-11T19:16:19Z</time></trkpt><trkpt lat="51.064922" lon="-115.203083"><ele>1302.009</ele><time>2026-06-11T19:16:20Z</time></trkpt><trkpt lat="51.064931" lon="-115.20308"><ele>1301.648</ele><time>2026-06-11T19:16:22Z</time></trkpt><trkpt lat="51.064928" lon="-115.203064"><ele>1301.242</ele><time>2026-06-11T19:16:29Z</time></trkpt><trkpt lat="51.064927" lon="-115.203064"><ele>1301.094</ele><time>2026-06-11T19:16:38Z</time></trkpt><trkpt lat="51.064928" lon="-115.203044"><ele>1302.275</ele><time>2026-06-11T19:16:47Z</time></trkpt><trkpt lat="51.064947" lon="-115.203014"><ele>1301.028</ele><time>2026-06-11T19:16:59Z</time></trkpt><trkpt lat="51.064942" lon="-115.202997"><ele>1301.690</ele><time>2026-06-11T19:17:05Z</time></trkpt><trkpt lat="51.064937" lon="-115.202996"><ele>1300.622</ele><time>2026-06-11T19:17:11Z</time></trkpt><trkpt lat="51.064956" lon="-115.203037"><ele>1300.838</ele><time>2026-06-11T19:17:21Z</time></trkpt><trkpt lat="51.064954" lon="-115.203066"><ele>1302.054</ele><time>2026-06-11T19:17:31Z</time></trkpt><trkpt lat="51.064945" lon="-115.203076"><ele>1302.449</ele><time>2026-06-11T19:17:38Z</time></trkpt><trkpt lat="51.064943" lon="-115.20308"><ele>1302.202</ele><time>2026-06-11T19:17:42Z</time></trkpt><trkpt lat="51.064945" lon="-115.203078"><ele>1302.022</ele><time>2026-06-11T19:17:44Z</time></trkpt><trkpt lat="51.064959" lon="-115.203056"><ele>1301.809</ele><time>2026-06-11T19:17:48Z</time></trkpt><trkpt lat="51.064953" lon="-115.203058"><ele>1301.656</ele><time>2026-06-11T19:17:52Z</time></trkpt><trkpt lat="51.064955" lon="-115.203086"><ele>1301.880</ele><time>2026-06-11T19:18:01Z</time></trkpt><trkpt lat="51.064938" lon="-115.203099"><ele>1301.452</ele><time>2026-06-11T19:18:08Z</time></trkpt><trkpt lat="51.064922" lon="-115.203111"><ele>1301.023</ele><time>2026-06-11T19:18:14Z</time></trkpt><trkpt lat="51.064923" lon="-115.203107"><ele>1301.276</ele><time>2026-06-11T19:18:17Z</time></trkpt><trkpt lat="51.064929" lon="-115.203105"><ele>1301.298</ele><time>2026-06-11T19:18:19Z</time></trkpt><trkpt lat="51.06494" lon="-115.203092"><ele>1300.890</ele><time>2026-06-11T19:18:22Z</time></trkpt><trkpt lat="51.064942" lon="-115.203092"><ele>1300.666</ele><time>2026-06-11T19:18:23Z</time></trkpt><trkpt lat="51.064934" lon="-115.203099"><ele>1300.232</ele><time>2026-06-11T19:18:25Z</time></trkpt><trkpt lat="51.064919" lon="-115.203124"><ele>1299.686</ele><time>2026-06-11T19:18:30Z</time></trkpt><trkpt lat="51.064931" lon="-115.20311"><ele>1299.460</ele><time>2026-06-11T19:18:35Z</time></trkpt><trkpt lat="51.064926" lon="-115.203084"><ele>1300.226</ele><time>2026-06-11T19:18:44Z</time></trkpt><trkpt lat="51.064924" lon="-115.203084"><ele>1299.609</ele><time>2026-06-11T19:18:51Z</time></trkpt></trkseg></trk></gpx>