<?xml version="1.0" encoding="UTF-8"?><gpx creator="Wikiloc - http://www.wikiloc.com" version="1.1" xmlns="http://www.topografix.com/GPX/1/1" xmlns:xsi="http://www.w3.org/2001/XMLSchema-instance" xsi:schemaLocation="http://www.topografix.com/GPX/1/1 http://www.topografix.com/GPX/1/1/gpx.xsd"><trk><name><![CDATA[Kananaskis Country: Hogarth Lakes]]></name><cmt><![CDATA[Kovach]]></cmt><desc><![CDATA[Kovach]]></desc><trkseg><trkpt lat="50.790795" lon="-115.303805"><ele>1896.075</ele><time>2026-06-08T15:34:38Z</time></trkpt><trkpt lat="50.790809" lon="-115.303821"><ele>1895.828</ele><time>2026-06-08T15:34:39Z</time></trkpt><trkpt lat="50.790865" lon="-115.303866"><ele>1895.820</ele><time>2026-06-08T15:34:43Z</time></trkpt><trkpt lat="50.790876" lon="-115.303891"><ele>1896.009</ele><time>2026-06-08T15:34:45Z</time></trkpt><trkpt lat="50.79088" lon="-115.303908"><ele>1896.259</ele><time>2026-06-08T15:34:46Z</time></trkpt><trkpt lat="50.790911" lon="-115.303998"><ele>1896.443</ele><time>2026-06-08T15:34:53Z</time></trkpt><trkpt lat="50.790911" lon="-115.30407"><ele>1896.025</ele><time>2026-06-08T15:34:58Z</time></trkpt><trkpt lat="50.790911" lon="-115.304122"><ele>1896.441</ele><time>2026-06-08T15:35:01Z</time></trkpt><trkpt lat="50.790903" lon="-115.304182"><ele>1897.253</ele><time>2026-06-08T15:35:07Z</time></trkpt><trkpt lat="50.790904" lon="-115.304183"><ele>1897.245</ele><time>2026-06-08T15:35:08Z</time></trkpt><trkpt lat="50.7909" lon="-115.304185"><ele>1897.249</ele><time>2026-06-08T15:35:09Z</time></trkpt><trkpt lat="50.790895" lon="-115.304212"><ele>1897.024</ele><time>2026-06-08T15:35:12Z</time></trkpt><trkpt lat="50.790885" lon="-115.304242"><ele>1897.083</ele><time>2026-06-08T15:35:14Z</time></trkpt><trkpt lat="50.79082" lon="-115.304372"><ele>1897.016</ele><time>2026-06-08T15:35:24Z</time></trkpt><trkpt lat="50.790761" lon="-115.304483"><ele>1896.876</ele><time>2026-06-08T15:35:33Z</time></trkpt><trkpt lat="50.790755" lon="-115.304492"><ele>1896.813</ele><time>2026-06-08T15:35:34Z</time></trkpt><trkpt lat="50.7907" lon="-115.304594"><ele>1896.809</ele><time>2026-06-08T15:35:41Z</time></trkpt><trkpt lat="50.790692" lon="-115.304608"><ele>1896.853</ele><time>2026-06-08T15:35:42Z</time></trkpt><trkpt lat="50.790632" lon="-115.304741"><ele>1896.837</ele><time>2026-06-08T15:35:51Z</time></trkpt><trkpt lat="50.790565" lon="-115.304889"><ele>1897.069</ele><time>2026-06-08T15:36:01Z</time></trkpt><trkpt lat="50.790571" lon="-115.305021"><ele>1895.845</ele><time>2026-06-08T15:36:09Z</time></trkpt><trkpt lat="50.790569" lon="-115.305025"><ele>1895.277</ele><time>2026-06-08T15:36:13Z</time></trkpt><trkpt lat="50.790569" lon="-115.305025"><ele>1895.219</ele><time>2026-06-08T15:36:15Z</time></trkpt><trkpt lat="50.790543" lon="-115.304982"><ele>1895.813</ele><time>2026-06-08T15:36:22Z</time></trkpt><trkpt lat="50.790531" lon="-115.304984"><ele>1896.618</ele><time>2026-06-08T15:36:24Z</time></trkpt><trkpt lat="50.790496" lon="-115.305025"><ele>1897.467</ele><time>2026-06-08T15:36:28Z</time></trkpt><trkpt lat="50.790423" lon="-115.305116"><ele>1897.439</ele><time>2026-06-08T15:36:36Z</time></trkpt><trkpt lat="50.790414" lon="-115.305124"><ele>1897.601</ele><time>2026-06-08T15:36:37Z</time></trkpt><trkpt lat="50.790403" lon="-115.305136"><ele>1897.821</ele><time>2026-06-08T15:36:38Z</time></trkpt><trkpt lat="50.790342" lon="-115.305227"><ele>1898.009</ele><time>2026-06-08T15:36:46Z</time></trkpt><trkpt lat="50.790332" lon="-115.305284"><ele>1898.695</ele><time>2026-06-08T15:36:49Z</time></trkpt><trkpt lat="50.790352" lon="-115.305381"><ele>1898.419</ele><time>2026-06-08T15:36:54Z</time></trkpt><trkpt lat="50.790412" lon="-115.305545"><ele>1898.431</ele><time>2026-06-08T15:37:04Z</time></trkpt><trkpt lat="50.790481" lon="-115.305722"><ele>1899.437</ele><time>2026-06-08T15:37:16Z</time></trkpt><trkpt lat="50.790527" lon="-115.305852"><ele>1898.889</ele><time>2026-06-08T15:37:25Z</time></trkpt><trkpt lat="50.790562" lon="-115.30599"><ele>1898.811</ele><time>2026-06-08T15:37:33Z</time></trkpt><trkpt lat="50.790579" lon="-115.306125"><ele>1898.885</ele><time>2026-06-08T15:37:41Z</time></trkpt><trkpt lat="50.790579" lon="-115.30627"><ele>1898.810</ele><time>2026-06-08T15:37:49Z</time></trkpt><trkpt lat="50.790589" lon="-115.306393"><ele>1898.219</ele><time>2026-06-08T15:37:57Z</time></trkpt><trkpt lat="50.790587" lon="-115.306566"><ele>1898.086</ele><time>2026-06-08T15:38:07Z</time></trkpt><trkpt lat="50.790627" lon="-115.306725"><ele>1898.060</ele><time>2026-06-08T15:38:18Z</time></trkpt><trkpt lat="50.790677" lon="-115.306788"><ele>1897.826</ele><time>2026-06-08T15:38:25Z</time></trkpt><trkpt lat="50.790685" lon="-115.306869"><ele>1897.609</ele><time>2026-06-08T15:38:30Z</time></trkpt><trkpt lat="50.790685" lon="-115.306941"><ele>1897.040</ele><time>2026-06-08T15:38:34Z</time></trkpt><trkpt lat="50.790689" lon="-115.307014"><ele>1896.414</ele><time>2026-06-08T15:38:38Z</time></trkpt><trkpt lat="50.790721" lon="-115.307101"><ele>1895.876</ele><time>2026-06-08T15:38:44Z</time></trkpt><trkpt lat="50.7907" lon="-115.307193"><ele>1895.452</ele><time>2026-06-08T15:38:51Z</time></trkpt><trkpt lat="50.790688" lon="-115.307223"><ele>1895.014</ele><time>2026-06-08T15:38:58Z</time></trkpt><trkpt lat="50.790689" lon="-115.307208"><ele>1895.026</ele><time>2026-06-08T15:39:06Z</time></trkpt><trkpt lat="50.7907" lon="-115.307286"><ele>1894.450</ele><time>2026-06-08T15:39:17Z</time></trkpt><trkpt lat="50.790702" lon="-115.307301"><ele>1894.445</ele><time>2026-06-08T15:39:18Z</time></trkpt><trkpt lat="50.790691" lon="-115.307365"><ele>1894.234</ele><time>2026-06-08T15:39:25Z</time></trkpt><trkpt lat="50.790706" lon="-115.307267"><ele>1894.425</ele><time>2026-06-08T15:39:36Z</time></trkpt><trkpt lat="50.790717" lon="-115.307166"><ele>1895.026</ele><time>2026-06-08T15:39:42Z</time></trkpt><trkpt lat="50.790734" lon="-115.307127"><ele>1895.408</ele><time>2026-06-08T15:39:45Z</time></trkpt><trkpt lat="50.790736" lon="-115.307111"><ele>1895.409</ele><time>2026-06-08T15:39:46Z</time></trkpt><trkpt lat="50.790709" lon="-115.307058"><ele>1895.894</ele><time>2026-06-08T15:39:50Z</time></trkpt><trkpt lat="50.7907" lon="-115.30702"><ele>1896.068</ele><time>2026-06-08T15:39:52Z</time></trkpt><trkpt lat="50.79069" lon="-115.306883"><ele>1896.410</ele><time>2026-06-08T15:39:59Z</time></trkpt><trkpt lat="50.790691" lon="-115.306842"><ele>1896.636</ele><time>2026-06-08T15:40:01Z</time></trkpt><trkpt lat="50.790684" lon="-115.306749"><ele>1897.058</ele><time>2026-06-08T15:40:06Z</time></trkpt><trkpt lat="50.790676" lon="-115.306734"><ele>1897.250</ele><time>2026-06-08T15:40:07Z</time></trkpt><trkpt lat="50.790634" lon="-115.306681"><ele>1897.414</ele><time>2026-06-08T15:40:11Z</time></trkpt><trkpt lat="50.790613" lon="-115.306651"><ele>1897.489</ele><time>2026-06-08T15:40:14Z</time></trkpt><trkpt lat="50.790605" lon="-115.306619"><ele>1897.678</ele><time>2026-06-08T15:40:16Z</time></trkpt><trkpt lat="50.790599" lon="-115.306514"><ele>1897.417</ele><time>2026-06-08T15:40:21Z</time></trkpt><trkpt lat="50.790601" lon="-115.30636"><ele>1897.287</ele><time>2026-06-08T15:40:29Z</time></trkpt><trkpt lat="50.790585" lon="-115.306217"><ele>1898.015</ele><time>2026-06-08T15:40:37Z</time></trkpt><trkpt lat="50.790571" lon="-115.306083"><ele>1898.209</ele><time>2026-06-08T15:40:45Z</time></trkpt><trkpt lat="50.790539" lon="-115.305927"><ele>1898.613</ele><time>2026-06-08T15:40:54Z</time></trkpt><trkpt lat="50.790536" lon="-115.30591"><ele>1898.687</ele><time>2026-06-08T15:40:55Z</time></trkpt><trkpt lat="50.790501" lon="-115.305762"><ele>1899.019</ele><time>2026-06-08T15:41:04Z</time></trkpt><trkpt lat="50.790451" lon="-115.305627"><ele>1899.035</ele><time>2026-06-08T15:41:12Z</time></trkpt><trkpt lat="50.790431" lon="-115.305555"><ele>1898.687</ele><time>2026-06-08T15:41:17Z</time></trkpt><trkpt lat="50.790392" lon="-115.305433"><ele>1898.239</ele><time>2026-06-08T15:41:25Z</time></trkpt><trkpt lat="50.790365" lon="-115.305337"><ele>1898.253</ele><time>2026-06-08T15:41:31Z</time></trkpt><trkpt lat="50.790322" lon="-115.305236"><ele>1898.498</ele><time>2026-06-08T15:41:37Z</time></trkpt><trkpt lat="50.790251" lon="-115.30521"><ele>1898.817</ele><time>2026-06-08T15:41:43Z</time></trkpt><trkpt lat="50.790159" lon="-115.305225"><ele>1899.894</ele><time>2026-06-08T15:41:52Z</time></trkpt><trkpt lat="50.790058" lon="-115.305208"><ele>1900.657</ele><time>2026-06-08T15:42:00Z</time></trkpt><trkpt lat="50.790031" lon="-115.305206"><ele>1900.822</ele><time>2026-06-08T15:42:02Z</time></trkpt><trkpt lat="50.789911" lon="-115.305219"><ele>1901.009</ele><time>2026-06-08T15:42:12Z</time></trkpt><trkpt lat="50.789771" lon="-115.305277"><ele>1901.251</ele><time>2026-06-08T15:42:24Z</time></trkpt><trkpt lat="50.789627" lon="-115.305336"><ele>1901.415</ele><time>2026-06-08T15:42:36Z</time></trkpt><trkpt lat="50.789526" lon="-115.30545"><ele>1901.657</ele><time>2026-06-08T15:42:47Z</time></trkpt><trkpt lat="50.789438" lon="-115.305593"><ele>1901.433</ele><time>2026-06-08T15:42:56Z</time></trkpt><trkpt lat="50.789369" lon="-115.30571"><ele>1901.895</ele><time>2026-06-08T15:43:04Z</time></trkpt><trkpt lat="50.78936" lon="-115.305725"><ele>1901.897</ele><time>2026-06-08T15:43:05Z</time></trkpt><trkpt lat="50.789334" lon="-115.305766"><ele>1901.841</ele><time>2026-06-08T15:43:08Z</time></trkpt><trkpt lat="50.789302" lon="-115.30582"><ele>1901.826</ele><time>2026-06-08T15:43:12Z</time></trkpt><trkpt lat="50.789252" lon="-115.305902"><ele>1902.075</ele><time>2026-06-08T15:43:17Z</time></trkpt><trkpt lat="50.789205" lon="-115.305971"><ele>1901.885</ele><time>2026-06-08T15:43:22Z</time></trkpt><trkpt lat="50.789172" lon="-115.306024"><ele>1901.689</ele><time>2026-06-08T15:43:26Z</time></trkpt><trkpt lat="50.789092" lon="-115.306148"><ele>1901.817</ele><time>2026-06-08T15:43:35Z</time></trkpt><trkpt lat="50.789013" lon="-115.306277"><ele>1901.809</ele><time>2026-06-08T15:43:44Z</time></trkpt><trkpt lat="50.788927" lon="-115.306427"><ele>1902.020</ele><time>2026-06-08T15:43:54Z</time></trkpt><trkpt lat="50.788856" lon="-115.306556"><ele>1902.674</ele><time>2026-06-08T15:44:03Z</time></trkpt><trkpt lat="50.788831" lon="-115.306597"><ele>1902.846</ele><time>2026-06-08T15:44:06Z</time></trkpt><trkpt lat="50.788787" lon="-115.306677"><ele>1903.892</ele><time>2026-06-08T15:44:12Z</time></trkpt><trkpt lat="50.788774" lon="-115.306695"><ele>1904.094</ele><time>2026-06-08T15:44:14Z</time></trkpt><trkpt lat="50.788712" lon="-115.306747"><ele>1904.486</ele><time>2026-06-08T15:44:20Z</time></trkpt><trkpt lat="50.788647" lon="-115.306796"><ele>1905.050</ele><time>2026-06-08T15:44:26Z</time></trkpt><trkpt lat="50.788599" lon="-115.306817"><ele>1905.295</ele><time>2026-06-08T15:44:30Z</time></trkpt><trkpt lat="50.788501" lon="-115.306849"><ele>1905.894</ele><time>2026-06-08T15:44:39Z</time></trkpt><trkpt lat="50.788488" lon="-115.306852"><ele>1906.061</ele><time>2026-06-08T15:44:40Z</time></trkpt><trkpt lat="50.788443" lon="-115.306858"><ele>1906.621</ele><time>2026-06-08T15:44:44Z</time></trkpt><trkpt lat="50.78843" lon="-115.306858"><ele>1906.613</ele><time>2026-06-08T15:44:45Z</time></trkpt><trkpt lat="50.788418" lon="-115.306859"><ele>1906.809</ele><time>2026-06-08T15:44:46Z</time></trkpt><trkpt lat="50.788405" lon="-115.306863"><ele>1906.868</ele><time>2026-06-08T15:44:47Z</time></trkpt><trkpt lat="50.788394" lon="-115.306868"><ele>1907.012</ele><time>2026-06-08T15:44:48Z</time></trkpt><trkpt lat="50.788358" lon="-115.306886"><ele>1907.644</ele><time>2026-06-08T15:44:51Z</time></trkpt><trkpt lat="50.788244" lon="-115.30694"><ele>1908.070</ele><time>2026-06-08T15:45:02Z</time></trkpt><trkpt lat="50.788151" lon="-115.307011"><ele>1908.652</ele><time>2026-06-08T15:45:11Z</time></trkpt><trkpt lat="50.788027" lon="-115.30712"><ele>1908.414</ele><time>2026-06-08T15:45:22Z</time></trkpt><trkpt lat="50.787981" lon="-115.307186"><ele>1908.278</ele><time>2026-06-08T15:45:29Z</time></trkpt><trkpt lat="50.787946" lon="-115.307281"><ele>1908.423</ele><time>2026-06-08T15:45:36Z</time></trkpt><trkpt lat="50.787927" lon="-115.307346"><ele>1909.232</ele><time>2026-06-08T15:45:41Z</time></trkpt><trkpt lat="50.787921" lon="-115.307371"><ele>1909.677</ele><time>2026-06-08T15:45:43Z</time></trkpt><trkpt lat="50.787909" lon="-115.307421"><ele>1910.261</ele><time>2026-06-08T15:45:47Z</time></trkpt><trkpt lat="50.787897" lon="-115.307498"><ele>1910.427</ele><time>2026-06-08T15:45:52Z</time></trkpt><trkpt lat="50.787882" lon="-115.307588"><ele>1911.009</ele><time>2026-06-08T15:46:00Z</time></trkpt><trkpt lat="50.787879" lon="-115.307608"><ele>1911.259</ele><time>2026-06-08T15:46:02Z</time></trkpt><trkpt lat="50.787878" lon="-115.307615"><ele>1911.273</ele><time>2026-06-08T15:46:03Z</time></trkpt><trkpt lat="50.787869" lon="-115.307608"><ele>1911.255</ele><time>2026-06-08T15:46:06Z</time></trkpt><trkpt lat="50.787867" lon="-115.307609"><ele>1911.251</ele><time>2026-06-08T15:46:07Z</time></trkpt><trkpt lat="50.787857" lon="-115.307614"><ele>1911.023</ele><time>2026-06-08T15:46:11Z</time></trkpt><trkpt lat="50.787854" lon="-115.307607"><ele>1911.255</ele><time>2026-06-08T15:46:14Z</time></trkpt><trkpt lat="50.787856" lon="-115.307605"><ele>1911.269</ele><time>2026-06-08T15:46:17Z</time></trkpt><trkpt lat="50.787869" lon="-115.307579"><ele>1911.434</ele><time>2026-06-08T15:46:22Z</time></trkpt><trkpt lat="50.787867" lon="-115.307573"><ele>1911.223</ele><time>2026-06-08T15:46:24Z</time></trkpt><trkpt lat="50.787865" lon="-115.307568"><ele>1911.298</ele><time>2026-06-08T15:46:25Z</time></trkpt><trkpt lat="50.787847" lon="-115.30756"><ele>1912.015</ele><time>2026-06-08T15:46:31Z</time></trkpt><trkpt lat="50.787842" lon="-115.307554"><ele>1912.226</ele><time>2026-06-08T15:46:33Z</time></trkpt><trkpt lat="50.787842" lon="-115.307549"><ele>1912.409</ele><time>2026-06-08T15:46:34Z</time></trkpt><trkpt lat="50.787818" lon="-115.30751"><ele>1913.231</ele><time>2026-06-08T15:46:43Z</time></trkpt><trkpt lat="50.787814" lon="-115.307512"><ele>1913.225</ele><time>2026-06-08T15:46:44Z</time></trkpt><trkpt lat="50.787802" lon="-115.307514"><ele>1914.047</ele><time>2026-06-08T15:46:47Z</time></trkpt><trkpt lat="50.7878" lon="-115.307519"><ele>1914.423</ele><time>2026-06-08T15:46:49Z</time></trkpt><trkpt lat="50.787796" lon="-115.307527"><ele>1915.075</ele><time>2026-06-08T15:46:52Z</time></trkpt><trkpt lat="50.787799" lon="-115.307531"><ele>1914.837</ele><time>2026-06-08T15:47:05Z</time></trkpt><trkpt lat="50.787809" lon="-115.307536"><ele>1914.831</ele><time>2026-06-08T15:47:14Z</time></trkpt><trkpt lat="50.787817" lon="-115.307566"><ele>1914.636</ele><time>2026-06-08T15:47:23Z</time></trkpt><trkpt lat="50.787814" lon="-115.307573"><ele>1914.285</ele><time>2026-06-08T15:47:33Z</time></trkpt><trkpt lat="50.787812" lon="-115.307574"><ele>1914.063</ele><time>2026-06-08T15:47:34Z</time></trkpt><trkpt lat="50.787801" lon="-115.307546"><ele>1914.044</ele><time>2026-06-08T15:47:48Z</time></trkpt><trkpt lat="50.787796" lon="-115.307558"><ele>1913.818</ele><time>2026-06-08T15:47:58Z</time></trkpt><trkpt lat="50.787816" lon="-115.307566"><ele>1913.809</ele><time>2026-06-08T15:48:07Z</time></trkpt><trkpt lat="50.787802" lon="-115.307552"><ele>1913.888</ele><time>2026-06-08T15:48:18Z</time></trkpt><trkpt lat="50.787804" lon="-115.307546"><ele>1914.092</ele><time>2026-06-08T15:48:29Z</time></trkpt><trkpt lat="50.787803" lon="-115.307532"><ele>1913.654</ele><time>2026-06-08T15:48:38Z</time></trkpt><trkpt lat="50.787833" lon="-115.307547"><ele>1913.830</ele><time>2026-06-08T15:48:50Z</time></trkpt><trkpt lat="50.787844" lon="-115.307578"><ele>1913.232</ele><time>2026-06-08T15:48:58Z</time></trkpt><trkpt lat="50.787844" lon="-115.307576"><ele>1913.014</ele><time>2026-06-08T15:48:59Z</time></trkpt><trkpt lat="50.787862" lon="-115.307611"><ele>1912.288</ele><time>2026-06-08T15:49:08Z</time></trkpt><trkpt lat="50.7879" lon="-115.307646"><ele>1911.283</ele><time>2026-06-08T15:49:15Z</time></trkpt><trkpt lat="50.787896" lon="-115.307661"><ele>1911.032</ele><time>2026-06-08T15:49:16Z</time></trkpt><trkpt lat="50.787892" lon="-115.307665"><ele>1911.018</ele><time>2026-06-08T15:49:17Z</time></trkpt><trkpt lat="50.78788" lon="-115.307739"><ele>1911.298</ele><time>2026-06-08T15:49:22Z</time></trkpt><trkpt lat="50.787876" lon="-115.3078"><ele>1911.617</ele><time>2026-06-08T15:49:26Z</time></trkpt><trkpt lat="50.787872" lon="-115.307811"><ele>1911.609</ele><time>2026-06-08T15:49:28Z</time></trkpt><trkpt lat="50.787873" lon="-115.307868"><ele>1911.843</ele><time>2026-06-08T15:49:32Z</time></trkpt><trkpt lat="50.78788" lon="-115.307951"><ele>1912.227</ele><time>2026-06-08T15:49:37Z</time></trkpt><trkpt lat="50.787887" lon="-115.307975"><ele>1912.279</ele><time>2026-06-08T15:49:39Z</time></trkpt><trkpt lat="50.78792" lon="-115.30811"><ele>1912.885</ele><time>2026-06-08T15:49:49Z</time></trkpt><trkpt lat="50.787971" lon="-115.308246"><ele>1912.627</ele><time>2026-06-08T15:49:58Z</time></trkpt><trkpt lat="50.787996" lon="-115.308368"><ele>1911.829</ele><time>2026-06-08T15:50:06Z</time></trkpt><trkpt lat="50.788013" lon="-115.30849"><ele>1912.423</ele><time>2026-06-08T15:50:13Z</time></trkpt><trkpt lat="50.788021" lon="-115.308604"><ele>1912.658</ele><time>2026-06-08T15:50:20Z</time></trkpt><trkpt lat="50.788036" lon="-115.3088"><ele>1912.817</ele><time>2026-06-08T15:50:30Z</time></trkpt><trkpt lat="50.788037" lon="-115.308858"><ele>1912.845</ele><time>2026-06-08T15:50:33Z</time></trkpt><trkpt lat="50.788039" lon="-115.308909"><ele>1913.047</ele><time>2026-06-08T15:50:36Z</time></trkpt><trkpt lat="50.788042" lon="-115.308926"><ele>1913.211</ele><time>2026-06-08T15:50:37Z</time></trkpt><trkpt lat="50.788048" lon="-115.308991"><ele>1913.809</ele><time>2026-06-08T15:50:41Z</time></trkpt><trkpt lat="50.788054" lon="-115.309096"><ele>1914.036</ele><time>2026-06-08T15:50:47Z</time></trkpt><trkpt lat="50.788072" lon="-115.309218"><ele>1914.060</ele><time>2026-06-08T15:50:54Z</time></trkpt><trkpt lat="50.788074" lon="-115.309311"><ele>1914.062</ele><time>2026-06-08T15:51:01Z</time></trkpt><trkpt lat="50.788081" lon="-115.30939"><ele>1914.248</ele><time>2026-06-08T15:51:08Z</time></trkpt><trkpt lat="50.788083" lon="-115.309399"><ele>1914.240</ele><time>2026-06-08T15:51:09Z</time></trkpt><trkpt lat="50.788094" lon="-115.309493"><ele>1914.442</ele><time>2026-06-08T15:51:18Z</time></trkpt><trkpt lat="50.788111" lon="-115.309568"><ele>1914.036</ele><time>2026-06-08T15:51:25Z</time></trkpt><trkpt lat="50.788117" lon="-115.309587"><ele>1914.021</ele><time>2026-06-08T15:51:27Z</time></trkpt><trkpt lat="50.788146" lon="-115.309676"><ele>1914.270</ele><time>2026-06-08T15:51:35Z</time></trkpt><trkpt lat="50.788159" lon="-115.30972"><ele>1914.253</ele><time>2026-06-08T15:51:38Z</time></trkpt><trkpt lat="50.788166" lon="-115.309767"><ele>1914.204</ele><time>2026-06-08T15:51:41Z</time></trkpt><trkpt lat="50.788175" lon="-115.309796"><ele>1914.014</ele><time>2026-06-08T15:51:43Z</time></trkpt><trkpt lat="50.788203" lon="-115.309917"><ele>1913.609</ele><time>2026-06-08T15:51:50Z</time></trkpt><trkpt lat="50.788226" lon="-115.31"><ele>1913.297</ele><time>2026-06-08T15:51:55Z</time></trkpt><trkpt lat="50.78823" lon="-115.310023"><ele>1913.071</ele><time>2026-06-08T15:51:57Z</time></trkpt><trkpt lat="50.788255" lon="-115.310136"><ele>1912.423</ele><time>2026-06-08T15:52:06Z</time></trkpt><trkpt lat="50.788266" lon="-115.310164"><ele>1912.279</ele><time>2026-06-08T15:52:08Z</time></trkpt><trkpt lat="50.788287" lon="-115.310266"><ele>1912.091</ele><time>2026-06-08T15:52:14Z</time></trkpt><trkpt lat="50.788342" lon="-115.310378"><ele>1912.683</ele><time>2026-06-08T15:52:23Z</time></trkpt><trkpt lat="50.788375" lon="-115.310456"><ele>1913.287</ele><time>2026-06-08T15:52:29Z</time></trkpt><trkpt lat="50.788383" lon="-115.31047"><ele>1913.262</ele><time>2026-06-08T15:52:30Z</time></trkpt><trkpt lat="50.788448" lon="-115.310591"><ele>1913.431</ele><time>2026-06-08T15:52:39Z</time></trkpt><trkpt lat="50.788474" lon="-115.31065"><ele>1913.428</ele><time>2026-06-08T15:52:43Z</time></trkpt><trkpt lat="50.788487" lon="-115.310678"><ele>1913.289</ele><time>2026-06-08T15:52:46Z</time></trkpt><trkpt lat="50.788533" lon="-115.310801"><ele>1912.617</ele><time>2026-06-08T15:52:55Z</time></trkpt><trkpt lat="50.788537" lon="-115.310807"><ele>1912.609</ele><time>2026-06-08T15:52:56Z</time></trkpt><trkpt lat="50.788587" lon="-115.310903"><ele>1912.434</ele><time>2026-06-08T15:53:05Z</time></trkpt><trkpt lat="50.788628" lon="-115.311055"><ele>1912.618</ele><time>2026-06-08T15:53:15Z</time></trkpt><trkpt lat="50.788661" lon="-115.311176"><ele>1912.840</ele><time>2026-06-08T15:53:22Z</time></trkpt><trkpt lat="50.788679" lon="-115.311277"><ele>1912.436</ele><time>2026-06-08T15:53:29Z</time></trkpt><trkpt lat="50.788706" lon="-115.31137"><ele>1912.648</ele><time>2026-06-08T15:53:35Z</time></trkpt><trkpt lat="50.788723" lon="-115.31143"><ele>1912.610</ele><time>2026-06-08T15:53:39Z</time></trkpt><trkpt lat="50.788756" lon="-115.311538"><ele>1912.294</ele><time>2026-06-08T15:53:46Z</time></trkpt><trkpt lat="50.78876" lon="-115.311623"><ele>1912.439</ele><time>2026-06-08T15:53:53Z</time></trkpt><trkpt lat="50.788761" lon="-115.311638"><ele>1912.018</ele><time>2026-06-08T15:53:55Z</time></trkpt><trkpt lat="50.78878" lon="-115.311727"><ele>1912.482</ele><time>2026-06-08T15:54:02Z</time></trkpt><trkpt lat="50.788791" lon="-115.311759"><ele>1912.443</ele><time>2026-06-08T15:54:04Z</time></trkpt><trkpt lat="50.788793" lon="-115.311781"><ele>1912.217</ele><time>2026-06-08T15:54:06Z</time></trkpt><trkpt lat="50.78879" lon="-115.311809"><ele>1912.009</ele><time>2026-06-08T15:54:09Z</time></trkpt><trkpt lat="50.7888" lon="-115.311944"><ele>1912.220</ele><time>2026-06-08T15:54:17Z</time></trkpt><trkpt lat="50.788828" lon="-115.312081"><ele>1912.824</ele><time>2026-06-08T15:54:26Z</time></trkpt><trkpt lat="50.788857" lon="-115.312237"><ele>1912.896</ele><time>2026-06-08T15:54:34Z</time></trkpt><trkpt lat="50.788865" lon="-115.312338"><ele>1913.232</ele><time>2026-06-08T15:54:40Z</time></trkpt><trkpt lat="50.788881" lon="-115.312419"><ele>1913.034</ele><time>2026-06-08T15:54:47Z</time></trkpt><trkpt lat="50.788907" lon="-115.312485"><ele>1913.056</ele><time>2026-06-08T15:54:55Z</time></trkpt><trkpt lat="50.788955" lon="-115.312628"><ele>1913.020</ele><time>2026-06-08T15:55:04Z</time></trkpt><trkpt lat="50.788975" lon="-115.312758"><ele>1912.265</ele><time>2026-06-08T15:55:11Z</time></trkpt><trkpt lat="50.788996" lon="-115.312854"><ele>1912.244</ele><time>2026-06-08T15:55:18Z</time></trkpt><trkpt lat="50.788994" lon="-115.312877"><ele>1912.283</ele><time>2026-06-08T15:55:20Z</time></trkpt><trkpt lat="50.78901" lon="-115.312941"><ele>1912.025</ele><time>2026-06-08T15:55:25Z</time></trkpt><trkpt lat="50.789029" lon="-115.313051"><ele>1912.217</ele><time>2026-06-08T15:55:33Z</time></trkpt><trkpt lat="50.789032" lon="-115.313102"><ele>1912.409</ele><time>2026-06-08T15:55:37Z</time></trkpt><trkpt lat="50.789032" lon="-115.313106"><ele>1912.220</ele><time>2026-06-08T15:55:38Z</time></trkpt><trkpt lat="50.789032" lon="-115.313102"><ele>1912.254</ele><time>2026-06-08T15:55:39Z</time></trkpt><trkpt lat="50.789035" lon="-115.313114"><ele>1912.036</ele><time>2026-06-08T15:55:48Z</time></trkpt><trkpt lat="50.789052" lon="-115.313169"><ele>1912.282</ele><time>2026-06-08T15:55:56Z</time></trkpt><trkpt lat="50.789069" lon="-115.313254"><ele>1912.264</ele><time>2026-06-08T15:56:04Z</time></trkpt><trkpt lat="50.789077" lon="-115.313316"><ele>1912.266</ele><time>2026-06-08T15:56:12Z</time></trkpt><trkpt lat="50.789101" lon="-115.31339"><ele>1912.060</ele><time>2026-06-08T15:56:19Z</time></trkpt><trkpt lat="50.789108" lon="-115.31346"><ele>1911.635</ele><time>2026-06-08T15:56:25Z</time></trkpt><trkpt lat="50.789125" lon="-115.313585"><ele>1911.044</ele><time>2026-06-08T15:56:34Z</time></trkpt><trkpt lat="50.789126" lon="-115.313717"><ele>1910.694</ele><time>2026-06-08T15:56:41Z</time></trkpt><trkpt lat="50.78917" lon="-115.313812"><ele>1910.057</ele><time>2026-06-08T15:56:48Z</time></trkpt><trkpt lat="50.789174" lon="-115.313822"><ele>1910.022</ele><time>2026-06-08T15:56:49Z</time></trkpt><trkpt lat="50.789209" lon="-115.313935"><ele>1909.409</ele><time>2026-06-08T15:56:56Z</time></trkpt><trkpt lat="50.789245" lon="-115.313988"><ele>1909.281</ele><time>2026-06-08T15:57:04Z</time></trkpt><trkpt lat="50.789253" lon="-115.313994"><ele>1909.255</ele><time>2026-06-08T15:57:05Z</time></trkpt><trkpt lat="50.789267" lon="-115.314044"><ele>1909.457</ele><time>2026-06-08T15:57:13Z</time></trkpt><trkpt lat="50.789285" lon="-115.314096"><ele>1909.483</ele><time>2026-06-08T15:57:18Z</time></trkpt><trkpt lat="50.78931" lon="-115.314127"><ele>1909.685</ele><time>2026-06-08T15:57:21Z</time></trkpt><trkpt lat="50.789348" lon="-115.314189"><ele>1909.257</ele><time>2026-06-08T15:57:29Z</time></trkpt><trkpt lat="50.789357" lon="-115.314201"><ele>1909.071</ele><time>2026-06-08T15:57:31Z</time></trkpt><trkpt lat="50.789366" lon="-115.314232"><ele>1908.876</ele><time>2026-06-08T15:57:33Z</time></trkpt><trkpt lat="50.789374" lon="-115.314254"><ele>1908.845</ele><time>2026-06-08T15:57:35Z</time></trkpt><trkpt lat="50.789382" lon="-115.314288"><ele>1908.656</ele><time>2026-06-08T15:57:38Z</time></trkpt><trkpt lat="50.789413" lon="-115.314326"><ele>1908.459</ele><time>2026-06-08T15:57:44Z</time></trkpt><trkpt lat="50.789431" lon="-115.314365"><ele>1908.014</ele><time>2026-06-08T15:57:48Z</time></trkpt><trkpt lat="50.789457" lon="-115.314444"><ele>1907.809</ele><time>2026-06-08T15:57:53Z</time></trkpt><trkpt lat="50.78953" lon="-115.314604"><ele>1908.017</ele><time>2026-06-08T15:58:03Z</time></trkpt><trkpt lat="50.789619" lon="-115.314715"><ele>1907.681</ele><time>2026-06-08T15:58:12Z</time></trkpt><trkpt lat="50.789699" lon="-115.314787"><ele>1907.413</ele><time>2026-06-08T15:58:19Z</time></trkpt><trkpt lat="50.789754" lon="-115.314862"><ele>1907.619</ele><time>2026-06-08T15:58:26Z</time></trkpt><trkpt lat="50.789816" lon="-115.314953"><ele>1907.241</ele><time>2026-06-08T15:58:33Z</time></trkpt><trkpt lat="50.789833" lon="-115.314982"><ele>1907.013</ele><time>2026-06-08T15:58:36Z</time></trkpt><trkpt lat="50.789863" lon="-115.315033"><ele>1906.667</ele><time>2026-06-08T15:58:41Z</time></trkpt><trkpt lat="50.789873" lon="-115.315037"><ele>1906.622</ele><time>2026-06-08T15:58:43Z</time></trkpt><trkpt lat="50.789901" lon="-115.315078"><ele>1906.271</ele><time>2026-06-08T15:58:48Z</time></trkpt><trkpt lat="50.789907" lon="-115.31509"><ele>1906.086</ele><time>2026-06-08T15:58:49Z</time></trkpt><trkpt lat="50.789956" lon="-115.315154"><ele>1905.660</ele><time>2026-06-08T15:58:54Z</time></trkpt><trkpt lat="50.790039" lon="-115.315196"><ele>1905.226</ele><time>2026-06-08T15:59:01Z</time></trkpt><trkpt lat="50.790064" lon="-115.315202"><ele>1904.809</ele><time>2026-06-08T15:59:04Z</time></trkpt><trkpt lat="50.790087" lon="-115.315213"><ele>1904.670</ele><time>2026-06-08T15:59:07Z</time></trkpt><trkpt lat="50.790135" lon="-115.315245"><ele>1904.234</ele><time>2026-06-08T15:59:12Z</time></trkpt><trkpt lat="50.790157" lon="-115.31527"><ele>1904.056</ele><time>2026-06-08T15:59:14Z</time></trkpt><trkpt lat="50.790205" lon="-115.315312"><ele>1904.042</ele><time>2026-06-08T15:59:20Z</time></trkpt><trkpt lat="50.790199" lon="-115.315315"><ele>1904.064</ele><time>2026-06-08T15:59:21Z</time></trkpt><trkpt lat="50.790198" lon="-115.315329"><ele>1904.056</ele><time>2026-06-08T15:59:25Z</time></trkpt><trkpt lat="50.790196" lon="-115.315324"><ele>1904.040</ele><time>2026-06-08T15:59:35Z</time></trkpt><trkpt lat="50.790205" lon="-115.315318"><ele>1904.465</ele><time>2026-06-08T15:59:42Z</time></trkpt><trkpt lat="50.790205" lon="-115.31529"><ele>1904.234</ele><time>2026-06-08T15:59:51Z</time></trkpt><trkpt lat="50.790206" lon="-115.315308"><ele>1904.097</ele><time>2026-06-08T15:59:57Z</time></trkpt><trkpt lat="50.790191" lon="-115.315363"><ele>1903.823</ele><time>2026-06-08T16:00:04Z</time></trkpt><trkpt lat="50.79018" lon="-115.31538"><ele>1904.025</ele><time>2026-06-08T16:00:06Z</time></trkpt><trkpt lat="50.790161" lon="-115.315411"><ele>1904.009</ele><time>2026-06-08T16:00:09Z</time></trkpt><trkpt lat="50.790149" lon="-115.315439"><ele>1904.011</ele><time>2026-06-08T16:00:11Z</time></trkpt><trkpt lat="50.790144" lon="-115.315452"><ele>1904.035</ele><time>2026-06-08T16:00:12Z</time></trkpt><trkpt lat="50.790136" lon="-115.315473"><ele>1904.497</ele><time>2026-06-08T16:00:19Z</time></trkpt><trkpt lat="50.790176" lon="-115.31536"><ele>1904.093</ele><time>2026-06-08T16:00:27Z</time></trkpt><trkpt lat="50.790219" lon="-115.315261"><ele>1904.015</ele><time>2026-06-08T16:00:34Z</time></trkpt><trkpt lat="50.790231" lon="-115.31517"><ele>1903.837</ele><time>2026-06-08T16:00:40Z</time></trkpt><trkpt lat="50.790214" lon="-115.31514"><ele>1903.851</ele><time>2026-06-08T16:00:42Z</time></trkpt><trkpt lat="50.79019" lon="-115.315105"><ele>1904.296</ele><time>2026-06-08T16:00:47Z</time></trkpt><trkpt lat="50.79019" lon="-115.315123"><ele>1904.245</ele><time>2026-06-08T16:00:48Z</time></trkpt><trkpt lat="50.790195" lon="-115.315155"><ele>1904.229</ele><time>2026-06-08T16:00:51Z</time></trkpt><trkpt lat="50.790193" lon="-115.315129"><ele>1904.000</ele><time>2026-06-08T16:00:53Z</time></trkpt><trkpt lat="50.79019" lon="-115.314974"><ele>1903.820</ele><time>2026-06-08T16:01:02Z</time></trkpt><trkpt lat="50.790202" lon="-115.314935"><ele>1903.209</ele><time>2026-06-08T16:01:07Z</time></trkpt><trkpt lat="50.790209" lon="-115.314919"><ele>1903.264</ele><time>2026-06-08T16:01:09Z</time></trkpt><trkpt lat="50.790272" lon="-115.314873"><ele>1903.068</ele><time>2026-06-08T16:01:18Z</time></trkpt><trkpt lat="50.790304" lon="-115.314922"><ele>1902.860</ele><time>2026-06-08T16:01:24Z</time></trkpt><trkpt lat="50.790306" lon="-115.314927"><ele>1902.836</ele><time>2026-06-08T16:01:25Z</time></trkpt><trkpt lat="50.790316" lon="-115.314954"><ele>1902.618</ele><time>2026-06-08T16:01:32Z</time></trkpt><trkpt lat="50.790309" lon="-115.314961"><ele>1903.080</ele><time>2026-06-08T16:01:39Z</time></trkpt><trkpt lat="50.790324" lon="-115.314968"><ele>1903.094</ele><time>2026-06-08T16:01:50Z</time></trkpt><trkpt lat="50.790347" lon="-115.314983"><ele>1902.849</ele><time>2026-06-08T16:02:00Z</time></trkpt><trkpt lat="50.790358" lon="-115.314984"><ele>1902.468</ele><time>2026-06-08T16:02:08Z</time></trkpt><trkpt lat="50.790379" lon="-115.314991"><ele>1902.053</ele><time>2026-06-08T16:02:17Z</time></trkpt><trkpt lat="50.790373" lon="-115.314999"><ele>1901.804</ele><time>2026-06-08T16:02:23Z</time></trkpt><trkpt lat="50.790368" lon="-115.315008"><ele>1901.814</ele><time>2026-06-08T16:02:28Z</time></trkpt><trkpt lat="50.790388" lon="-115.315035"><ele>1902.009</ele><time>2026-06-08T16:02:35Z</time></trkpt><trkpt lat="50.790393" lon="-115.314971"><ele>1902.457</ele><time>2026-06-08T16:02:45Z</time></trkpt><trkpt lat="50.790394" lon="-115.314981"><ele>1902.641</ele><time>2026-06-08T16:02:51Z</time></trkpt><trkpt lat="50.79039" lon="-115.314981"><ele>1902.853</ele><time>2026-06-08T16:02:55Z</time></trkpt><trkpt lat="50.790387" lon="-115.314991"><ele>1903.039</ele><time>2026-06-08T16:02:58Z</time></trkpt><trkpt lat="50.790374" lon="-115.314971"><ele>1903.291</ele><time>2026-06-08T16:03:06Z</time></trkpt><trkpt lat="50.790361" lon="-115.314947"><ele>1903.013</ele><time>2026-06-08T16:03:17Z</time></trkpt><trkpt lat="50.790368" lon="-115.314952"><ele>1903.497</ele><time>2026-06-08T16:03:27Z</time></trkpt><trkpt lat="50.790377" lon="-115.314932"><ele>1903.452</ele><time>2026-06-08T16:03:38Z</time></trkpt><trkpt lat="50.790385" lon="-115.314994"><ele>1903.431</ele><time>2026-06-08T16:03:46Z</time></trkpt><trkpt lat="50.790395" lon="-115.315049"><ele>1902.626</ele><time>2026-06-08T16:03:54Z</time></trkpt><trkpt lat="50.790384" lon="-115.315138"><ele>1902.847</ele><time>2026-06-08T16:04:00Z</time></trkpt><trkpt lat="50.7904" lon="-115.315181"><ele>1903.411</ele><time>2026-06-08T16:04:08Z</time></trkpt><trkpt lat="50.790359" lon="-115.315204"><ele>1903.809</ele><time>2026-06-08T16:04:14Z</time></trkpt><trkpt lat="50.790343" lon="-115.315223"><ele>1903.824</ele><time>2026-06-08T16:04:16Z</time></trkpt><trkpt lat="50.79036" lon="-115.315291"><ele>1903.688</ele><time>2026-06-08T16:04:20Z</time></trkpt><trkpt lat="50.79037" lon="-115.315307"><ele>1903.620</ele><time>2026-06-08T16:04:21Z</time></trkpt><trkpt lat="50.790449" lon="-115.315385"><ele>1903.496</ele><time>2026-06-08T16:04:29Z</time></trkpt><trkpt lat="50.790555" lon="-115.31542"><ele>1903.448</ele><time>2026-06-08T16:04:37Z</time></trkpt><trkpt lat="50.790645" lon="-115.315394"><ele>1903.610</ele><time>2026-06-08T16:04:44Z</time></trkpt><trkpt lat="50.790745" lon="-115.315341"><ele>1903.414</ele><time>2026-06-08T16:04:53Z</time></trkpt><trkpt lat="50.790841" lon="-115.315308"><ele>1903.469</ele><time>2026-06-08T16:05:00Z</time></trkpt><trkpt lat="50.790923" lon="-115.315286"><ele>1903.678</ele><time>2026-06-08T16:05:08Z</time></trkpt><trkpt lat="50.791032" lon="-115.315305"><ele>1903.825</ele><time>2026-06-08T16:05:18Z</time></trkpt><trkpt lat="50.791146" lon="-115.315376"><ele>1904.026</ele><time>2026-06-08T16:05:27Z</time></trkpt><trkpt lat="50.791234" lon="-115.315508"><ele>1903.608</ele><time>2026-06-08T16:05:37Z</time></trkpt><trkpt lat="50.791325" lon="-115.315666"><ele>1903.809</ele><time>2026-06-08T16:05:47Z</time></trkpt><trkpt lat="50.791405" lon="-115.315795"><ele>1904.824</ele><time>2026-06-08T16:05:57Z</time></trkpt><trkpt lat="50.791411" lon="-115.315809"><ele>1904.858</ele><time>2026-06-08T16:05:58Z</time></trkpt><trkpt lat="50.791479" lon="-115.315914"><ele>1905.060</ele><time>2026-06-08T16:06:06Z</time></trkpt><trkpt lat="50.791485" lon="-115.315927"><ele>1904.846</ele><time>2026-06-08T16:06:07Z</time></trkpt><trkpt lat="50.79154" lon="-115.316028"><ele>1903.868</ele><time>2026-06-08T16:06:14Z</time></trkpt><trkpt lat="50.791622" lon="-115.316096"><ele>1902.870</ele><time>2026-06-08T16:06:22Z</time></trkpt><trkpt lat="50.791631" lon="-115.316103"><ele>1902.694</ele><time>2026-06-08T16:06:23Z</time></trkpt><trkpt lat="50.791703" lon="-115.316137"><ele>1902.289</ele><time>2026-06-08T16:06:30Z</time></trkpt><trkpt lat="50.791753" lon="-115.316153"><ele>1902.078</ele><time>2026-06-08T16:06:37Z</time></trkpt><trkpt lat="50.791768" lon="-115.316155"><ele>1901.623</ele><time>2026-06-08T16:06:39Z</time></trkpt><trkpt lat="50.791807" lon="-115.316167"><ele>1901.483</ele><time>2026-06-08T16:06:44Z</time></trkpt><trkpt lat="50.791861" lon="-115.316175"><ele>1900.811</ele><time>2026-06-08T16:06:49Z</time></trkpt><trkpt lat="50.791895" lon="-115.316199"><ele>1900.809</ele><time>2026-06-08T16:06:52Z</time></trkpt><trkpt lat="50.79194" lon="-115.316275"><ele>1901.094</ele><time>2026-06-08T16:06:58Z</time></trkpt><trkpt lat="50.791955" lon="-115.31635"><ele>1901.298</ele><time>2026-06-08T16:07:05Z</time></trkpt><trkpt lat="50.791954" lon="-115.31635"><ele>1901.280</ele><time>2026-06-08T16:07:06Z</time></trkpt><trkpt lat="50.791953" lon="-115.31635"><ele>1901.276</ele><time>2026-06-08T16:07:08Z</time></trkpt><trkpt lat="50.791973" lon="-115.316392"><ele>1901.298</ele><time>2026-06-08T16:07:13Z</time></trkpt><trkpt lat="50.791983" lon="-115.316456"><ele>1901.230</ele><time>2026-06-08T16:07:19Z</time></trkpt><trkpt lat="50.792025" lon="-115.316564"><ele>1900.884</ele><time>2026-06-08T16:07:27Z</time></trkpt><trkpt lat="50.792042" lon="-115.316609"><ele>1900.679</ele><time>2026-06-08T16:07:30Z</time></trkpt><trkpt lat="50.792043" lon="-115.316604"><ele>1900.638</ele><time>2026-06-08T16:07:32Z</time></trkpt><trkpt lat="50.792034" lon="-115.316563"><ele>1900.679</ele><time>2026-06-08T16:07:34Z</time></trkpt><trkpt lat="50.792012" lon="-115.316461"><ele>1900.805</ele><time>2026-06-08T16:07:40Z</time></trkpt><trkpt lat="50.791964" lon="-115.316342"><ele>1901.225</ele><time>2026-06-08T16:07:48Z</time></trkpt><trkpt lat="50.791975" lon="-115.316351"><ele>1901.209</ele><time>2026-06-08T16:07:51Z</time></trkpt><trkpt lat="50.791991" lon="-115.316351"><ele>1901.099</ele><time>2026-06-08T16:07:53Z</time></trkpt><trkpt lat="50.792018" lon="-115.316351"><ele>1900.083</ele><time>2026-06-08T16:08:00Z</time></trkpt><trkpt lat="50.792022" lon="-115.316337"><ele>1899.875</ele><time>2026-06-08T16:08:01Z</time></trkpt><trkpt lat="50.792036" lon="-115.31631"><ele>1899.491</ele><time>2026-06-08T16:08:03Z</time></trkpt><trkpt lat="50.792055" lon="-115.316277"><ele>1899.073</ele><time>2026-06-08T16:08:06Z</time></trkpt><trkpt lat="50.792064" lon="-115.316258"><ele>1898.825</ele><time>2026-06-08T16:08:13Z</time></trkpt><trkpt lat="50.792092" lon="-115.316248"><ele>1898.459</ele><time>2026-06-08T16:08:21Z</time></trkpt><trkpt lat="50.792149" lon="-115.316277"><ele>1898.444</ele><time>2026-06-08T16:08:30Z</time></trkpt><trkpt lat="50.792157" lon="-115.316282"><ele>1898.483</ele><time>2026-06-08T16:08:31Z</time></trkpt><trkpt lat="50.79222" lon="-115.316318"><ele>1898.215</ele><time>2026-06-08T16:08:38Z</time></trkpt><trkpt lat="50.792282" lon="-115.316361"><ele>1897.865</ele><time>2026-06-08T16:08:48Z</time></trkpt><trkpt lat="50.792274" lon="-115.316409"><ele>1898.011</ele><time>2026-06-08T16:08:58Z</time></trkpt><trkpt lat="50.792272" lon="-115.316402"><ele>1897.409</ele><time>2026-06-08T16:09:10Z</time></trkpt><trkpt lat="50.79229" lon="-115.316413"><ele>1897.493</ele><time>2026-06-08T16:09:18Z</time></trkpt><trkpt lat="50.792342" lon="-115.316387"><ele>1897.477</ele><time>2026-06-08T16:09:26Z</time></trkpt><trkpt lat="50.792379" lon="-115.316406"><ele>1897.469</ele><time>2026-06-08T16:09:32Z</time></trkpt><trkpt lat="50.792372" lon="-115.316466"><ele>1897.445</ele><time>2026-06-08T16:09:39Z</time></trkpt><trkpt lat="50.792383" lon="-115.316505"><ele>1897.447</ele><time>2026-06-08T16:09:44Z</time></trkpt><trkpt lat="50.792428" lon="-115.316565"><ele>1897.469</ele><time>2026-06-08T16:09:51Z</time></trkpt><trkpt lat="50.792424" lon="-115.316555"><ele>1897.683</ele><time>2026-06-08T16:09:56Z</time></trkpt><trkpt lat="50.792424" lon="-115.316555"><ele>1897.848</ele><time>2026-06-08T16:09:58Z</time></trkpt><trkpt lat="50.792424" lon="-115.316555"><ele>1897.637</ele><time>2026-06-08T16:10:06Z</time></trkpt><trkpt lat="50.792426" lon="-115.316537"><ele>1897.823</ele><time>2026-06-08T16:10:09Z</time></trkpt><trkpt lat="50.79247" lon="-115.316554"><ele>1897.483</ele><time>2026-06-08T16:10:15Z</time></trkpt><trkpt lat="50.792465" lon="-115.316553"><ele>1897.811</ele><time>2026-06-08T16:10:19Z</time></trkpt><trkpt lat="50.792461" lon="-115.316554"><ele>1897.809</ele><time>2026-06-08T16:10:20Z</time></trkpt><trkpt lat="50.792457" lon="-115.316557"><ele>1897.894</ele><time>2026-06-08T16:10:21Z</time></trkpt><trkpt lat="50.792441" lon="-115.316545"><ele>1897.668</ele><time>2026-06-08T16:10:31Z</time></trkpt><trkpt lat="50.792441" lon="-115.316545"><ele>1897.830</ele><time>2026-06-08T16:10:36Z</time></trkpt><trkpt lat="50.792473" lon="-115.316587"><ele>1898.016</ele><time>2026-06-08T16:10:46Z</time></trkpt><trkpt lat="50.792513" lon="-115.316602"><ele>1898.078</ele><time>2026-06-08T16:10:51Z</time></trkpt><trkpt lat="50.792533" lon="-115.316587"><ele>1898.010</ele><time>2026-06-08T16:10:54Z</time></trkpt><trkpt lat="50.792533" lon="-115.316591"><ele>1898.024</ele><time>2026-06-08T16:11:01Z</time></trkpt><trkpt lat="50.792531" lon="-115.316605"><ele>1897.879</ele><time>2026-06-08T16:11:13Z</time></trkpt><trkpt lat="50.792543" lon="-115.316604"><ele>1897.628</ele><time>2026-06-08T16:11:23Z</time></trkpt><trkpt lat="50.792543" lon="-115.3166"><ele>1897.455</ele><time>2026-06-08T16:11:24Z</time></trkpt><trkpt lat="50.792571" lon="-115.316571"><ele>1897.407</ele><time>2026-06-08T16:11:35Z</time></trkpt><trkpt lat="50.792571" lon="-115.316571"><ele>1897.417</ele><time>2026-06-08T16:11:40Z</time></trkpt><trkpt lat="50.792571" lon="-115.316571"><ele>1897.409</ele><time>2026-06-08T16:11:41Z</time></trkpt><trkpt lat="50.792571" lon="-115.316571"><ele>1897.427</ele><time>2026-06-08T16:11:42Z</time></trkpt><trkpt lat="50.792571" lon="-115.316571"><ele>1897.241</ele><time>2026-06-08T16:11:45Z</time></trkpt><trkpt lat="50.792571" lon="-115.316571"><ele>1897.273</ele><time>2026-06-08T16:11:47Z</time></trkpt><trkpt lat="50.792576" lon="-115.316614"><ele>1897.019</ele><time>2026-06-08T16:11:55Z</time></trkpt><trkpt lat="50.792617" lon="-115.316653"><ele>1897.031</ele><time>2026-06-08T16:12:02Z</time></trkpt><trkpt lat="50.792606" lon="-115.316717"><ele>1897.033</ele><time>2026-06-08T16:12:09Z</time></trkpt><trkpt lat="50.792613" lon="-115.316741"><ele>1897.097</ele><time>2026-06-08T16:12:12Z</time></trkpt><trkpt lat="50.792612" lon="-115.316747"><ele>1897.092</ele><time>2026-06-08T16:12:14Z</time></trkpt><trkpt lat="50.792611" lon="-115.316751"><ele>1896.831</ele><time>2026-06-08T16:12:17Z</time></trkpt><trkpt lat="50.792637" lon="-115.316784"><ele>1896.889</ele><time>2026-06-08T16:12:22Z</time></trkpt><trkpt lat="50.792645" lon="-115.316783"><ele>1897.006</ele><time>2026-06-08T16:12:28Z</time></trkpt><trkpt lat="50.792638" lon="-115.316825"><ele>1897.026</ele><time>2026-06-08T16:12:37Z</time></trkpt><trkpt lat="50.792639" lon="-115.316824"><ele>1897.209</ele><time>2026-06-08T16:12:43Z</time></trkpt><trkpt lat="50.792654" lon="-115.316745"><ele>1897.230</ele><time>2026-06-08T16:12:52Z</time></trkpt><trkpt lat="50.792658" lon="-115.316737"><ele>1897.614</ele><time>2026-06-08T16:12:59Z</time></trkpt><trkpt lat="50.792652" lon="-115.316734"><ele>1897.216</ele><time>2026-06-08T16:13:08Z</time></trkpt><trkpt lat="50.792607" lon="-115.316686"><ele>1897.462</ele><time>2026-06-08T16:13:16Z</time></trkpt><trkpt lat="50.792584" lon="-115.316677"><ele>1897.094</ele><time>2026-06-08T16:13:20Z</time></trkpt><trkpt lat="50.792568" lon="-115.316679"><ele>1896.846</ele><time>2026-06-08T16:13:22Z</time></trkpt><trkpt lat="50.79254" lon="-115.316652"><ele>1896.810</ele><time>2026-06-08T16:13:26Z</time></trkpt><trkpt lat="50.792536" lon="-115.316622"><ele>1896.845</ele><time>2026-06-08T16:13:29Z</time></trkpt><trkpt lat="50.792511" lon="-115.316574"><ele>1897.014</ele><time>2026-06-08T16:13:35Z</time></trkpt><trkpt lat="50.79249" lon="-115.316501"><ele>1897.029</ele><time>2026-06-08T16:13:43Z</time></trkpt><trkpt lat="50.79246" lon="-115.31644"><ele>1896.800</ele><time>2026-06-08T16:13:51Z</time></trkpt><trkpt lat="50.792416" lon="-115.31645"><ele>1897.220</ele><time>2026-06-08T16:13:57Z</time></trkpt><trkpt lat="50.792388" lon="-115.316384"><ele>1897.209</ele><time>2026-06-08T16:14:04Z</time></trkpt><trkpt lat="50.792387" lon="-115.316374"><ele>1897.224</ele><time>2026-06-08T16:14:05Z</time></trkpt><trkpt lat="50.792388" lon="-115.316362"><ele>1897.258</ele><time>2026-06-08T16:14:06Z</time></trkpt><trkpt lat="50.792378" lon="-115.316341"><ele>1897.250</ele><time>2026-06-08T16:14:08Z</time></trkpt><trkpt lat="50.792363" lon="-115.316347"><ele>1897.496</ele><time>2026-06-08T16:14:10Z</time></trkpt><trkpt lat="50.792306" lon="-115.316319"><ele>1897.018</ele><time>2026-06-08T16:14:16Z</time></trkpt><trkpt lat="50.792245" lon="-115.316314"><ele>1897.280</ele><time>2026-06-08T16:14:23Z</time></trkpt><trkpt lat="50.792208" lon="-115.316268"><ele>1897.464</ele><time>2026-06-08T16:14:28Z</time></trkpt><trkpt lat="50.7922" lon="-115.316246"><ele>1897.499</ele><time>2026-06-08T16:14:30Z</time></trkpt><trkpt lat="50.792192" lon="-115.316249"><ele>1897.498</ele><time>2026-06-08T16:14:31Z</time></trkpt><trkpt lat="50.792154" lon="-115.316232"><ele>1897.437</ele><time>2026-06-08T16:14:36Z</time></trkpt><trkpt lat="50.792125" lon="-115.316223"><ele>1898.049</ele><time>2026-06-08T16:14:41Z</time></trkpt><trkpt lat="50.792099" lon="-115.316222"><ele>1898.013</ele><time>2026-06-08T16:14:45Z</time></trkpt><trkpt lat="50.79206" lon="-115.316244"><ele>1898.009</ele><time>2026-06-08T16:14:51Z</time></trkpt><trkpt lat="50.792053" lon="-115.316254"><ele>1898.245</ele><time>2026-06-08T16:14:52Z</time></trkpt><trkpt lat="50.79204" lon="-115.316286"><ele>1898.269</ele><time>2026-06-08T16:14:56Z</time></trkpt><trkpt lat="50.79203" lon="-115.316309"><ele>1898.441</ele><time>2026-06-08T16:14:58Z</time></trkpt><trkpt lat="50.792026" lon="-115.31632"><ele>1898.467</ele><time>2026-06-08T16:14:59Z</time></trkpt><trkpt lat="50.79202" lon="-115.316332"><ele>1898.699</ele><time>2026-06-08T16:15:00Z</time></trkpt><trkpt lat="50.792009" lon="-115.316341"><ele>1898.891</ele><time>2026-06-08T16:15:03Z</time></trkpt><trkpt lat="50.791997" lon="-115.31633"><ele>1899.275</ele><time>2026-06-08T16:15:06Z</time></trkpt><trkpt lat="50.791992" lon="-115.316331"><ele>1899.480</ele><time>2026-06-08T16:15:07Z</time></trkpt><trkpt lat="50.791958" lon="-115.316347"><ele>1900.459</ele><time>2026-06-08T16:15:14Z</time></trkpt><trkpt lat="50.791989" lon="-115.316449"><ele>1900.643</ele><time>2026-06-08T16:15:22Z</time></trkpt><trkpt lat="50.792047" lon="-115.316578"><ele>1900.464</ele><time>2026-06-08T16:15:31Z</time></trkpt><trkpt lat="50.792069" lon="-115.316651"><ele>1900.610</ele><time>2026-06-08T16:15:37Z</time></trkpt><trkpt lat="50.792079" lon="-115.316735"><ele>1901.009</ele><time>2026-06-08T16:15:44Z</time></trkpt><trkpt lat="50.79208" lon="-115.316747"><ele>1901.096</ele><time>2026-06-08T16:15:45Z</time></trkpt><trkpt lat="50.792098" lon="-115.31688"><ele>1901.020</ele><time>2026-06-08T16:15:53Z</time></trkpt><trkpt lat="50.792091" lon="-115.316977"><ele>1900.812</ele><time>2026-06-08T16:15:59Z</time></trkpt><trkpt lat="50.792087" lon="-115.317093"><ele>1900.028</ele><time>2026-06-08T16:16:07Z</time></trkpt><trkpt lat="50.79209" lon="-115.317189"><ele>1899.640</ele><time>2026-06-08T16:16:16Z</time></trkpt><trkpt lat="50.792089" lon="-115.31724"><ele>1899.472</ele><time>2026-06-08T16:16:21Z</time></trkpt><trkpt lat="50.792089" lon="-115.317256"><ele>1899.496</ele><time>2026-06-08T16:16:23Z</time></trkpt><trkpt lat="50.792104" lon="-115.317322"><ele>1899.211</ele><time>2026-06-08T16:16:28Z</time></trkpt><trkpt lat="50.792108" lon="-115.317355"><ele>1899.270</ele><time>2026-06-08T16:16:30Z</time></trkpt><trkpt lat="50.792113" lon="-115.317417"><ele>1898.631</ele><time>2026-06-08T16:16:35Z</time></trkpt><trkpt lat="50.79211" lon="-115.317494"><ele>1898.661</ele><time>2026-06-08T16:16:41Z</time></trkpt><trkpt lat="50.792109" lon="-115.317561"><ele>1898.407</ele><time>2026-06-08T16:16:47Z</time></trkpt><trkpt lat="50.792112" lon="-115.317591"><ele>1898.209</ele><time>2026-06-08T16:16:49Z</time></trkpt><trkpt lat="50.79212" lon="-115.317706"><ele>1898.015</ele><time>2026-06-08T16:16:56Z</time></trkpt><trkpt lat="50.792124" lon="-115.317723"><ele>1898.019</ele><time>2026-06-08T16:16:57Z</time></trkpt><trkpt lat="50.792131" lon="-115.317811"><ele>1897.831</ele><time>2026-06-08T16:17:03Z</time></trkpt><trkpt lat="50.792126" lon="-115.317999"><ele>1897.827</ele><time>2026-06-08T16:17:13Z</time></trkpt><trkpt lat="50.792124" lon="-115.318153"><ele>1898.219</ele><time>2026-06-08T16:17:21Z</time></trkpt><trkpt lat="50.792114" lon="-115.318244"><ele>1898.231</ele><time>2026-06-08T16:17:26Z</time></trkpt><trkpt lat="50.792106" lon="-115.318291"><ele>1898.285</ele><time>2026-06-08T16:17:28Z</time></trkpt><trkpt lat="50.7921" lon="-115.318356"><ele>1898.430</ele><time>2026-06-08T16:17:32Z</time></trkpt><trkpt lat="50.792102" lon="-115.318384"><ele>1898.669</ele><time>2026-06-08T16:17:35Z</time></trkpt><trkpt lat="50.792112" lon="-115.31839"><ele>1898.616</ele><time>2026-06-08T16:17:39Z</time></trkpt><trkpt lat="50.792115" lon="-115.318408"><ele>1898.676</ele><time>2026-06-08T16:17:42Z</time></trkpt><trkpt lat="50.792115" lon="-115.318384"><ele>1898.613</ele><time>2026-06-08T16:17:51Z</time></trkpt><trkpt lat="50.79211" lon="-115.318352"><ele>1898.609</ele><time>2026-06-08T16:17:54Z</time></trkpt><trkpt lat="50.792111" lon="-115.318294"><ele>1898.613</ele><time>2026-06-08T16:17:58Z</time></trkpt><trkpt lat="50.792109" lon="-115.318274"><ele>1898.817</ele><time>2026-06-08T16:18:03Z</time></trkpt><trkpt lat="50.792114" lon="-115.318271"><ele>1899.039</ele><time>2026-06-08T16:18:09Z</time></trkpt><trkpt lat="50.79212" lon="-115.318268"><ele>1899.265</ele><time>2026-06-08T16:18:13Z</time></trkpt><trkpt lat="50.792127" lon="-115.318266"><ele>1899.017</ele><time>2026-06-08T16:18:20Z</time></trkpt><trkpt lat="50.792106" lon="-115.31836"><ele>1899.089</ele><time>2026-06-08T16:18:27Z</time></trkpt><trkpt lat="50.792102" lon="-115.318383"><ele>1899.243</ele><time>2026-06-08T16:18:34Z</time></trkpt><trkpt lat="50.792093" lon="-115.318409"><ele>1899.218</ele><time>2026-06-08T16:18:43Z</time></trkpt><trkpt lat="50.792068" lon="-115.318525"><ele>1899.057</ele><time>2026-06-08T16:18:51Z</time></trkpt><trkpt lat="50.792082" lon="-115.318695"><ele>1898.644</ele><time>2026-06-08T16:18:59Z</time></trkpt><trkpt lat="50.792132" lon="-115.318808"><ele>1898.005</ele><time>2026-06-08T16:19:06Z</time></trkpt><trkpt lat="50.792208" lon="-115.31882"><ele>1898.415</ele><time>2026-06-08T16:19:13Z</time></trkpt><trkpt lat="50.792237" lon="-115.3188"><ele>1898.409</ele><time>2026-06-08T16:19:18Z</time></trkpt><trkpt lat="50.792238" lon="-115.318801"><ele>1898.426</ele><time>2026-06-08T16:19:19Z</time></trkpt><trkpt lat="50.792247" lon="-115.318781"><ele>1898.210</ele><time>2026-06-08T16:19:27Z</time></trkpt><trkpt lat="50.792256" lon="-115.318774"><ele>1898.462</ele><time>2026-06-08T16:19:29Z</time></trkpt><trkpt lat="50.79225" lon="-115.31877"><ele>1898.438</ele><time>2026-06-08T16:19:40Z</time></trkpt><trkpt lat="50.792248" lon="-115.318775"><ele>1898.280</ele><time>2026-06-08T16:19:41Z</time></trkpt><trkpt lat="50.792238" lon="-115.318779"><ele>1898.272</ele><time>2026-06-08T16:19:54Z</time></trkpt><trkpt lat="50.792238" lon="-115.318783"><ele>1898.076</ele><time>2026-06-08T16:20:05Z</time></trkpt><trkpt lat="50.792234" lon="-115.318789"><ele>1898.021</ele><time>2026-06-08T16:20:12Z</time></trkpt><trkpt lat="50.792236" lon="-115.318787"><ele>1898.070</ele><time>2026-06-08T16:20:14Z</time></trkpt><trkpt lat="50.792237" lon="-115.318785"><ele>1898.015</ele><time>2026-06-08T16:20:16Z</time></trkpt><trkpt lat="50.792238" lon="-115.318784"><ele>1898.265</ele><time>2026-06-08T16:20:17Z</time></trkpt><trkpt lat="50.792243" lon="-115.31878"><ele>1898.211</ele><time>2026-06-08T16:20:19Z</time></trkpt><trkpt lat="50.792237" lon="-115.31877"><ele>1898.209</ele><time>2026-06-08T16:20:22Z</time></trkpt><trkpt lat="50.792238" lon="-115.318789"><ele>1898.483</ele><time>2026-06-08T16:20:33Z</time></trkpt><trkpt lat="50.792241" lon="-115.318773"><ele>1898.497</ele><time>2026-06-08T16:20:40Z</time></trkpt><trkpt lat="50.792231" lon="-115.318767"><ele>1898.219</ele><time>2026-06-08T16:20:45Z</time></trkpt><trkpt lat="50.79222" lon="-115.318776"><ele>1898.035</ele><time>2026-06-08T16:20:47Z</time></trkpt><trkpt lat="50.792188" lon="-115.318799"><ele>1897.667</ele><time>2026-06-08T16:20:50Z</time></trkpt><trkpt lat="50.792153" lon="-115.318873"><ele>1898.259</ele><time>2026-06-08T16:20:57Z</time></trkpt><trkpt lat="50.792181" lon="-115.318972"><ele>1898.453</ele><time>2026-06-08T16:21:02Z</time></trkpt><trkpt lat="50.792186" lon="-115.318987"><ele>1898.498</ele><time>2026-06-08T16:21:03Z</time></trkpt><trkpt lat="50.792267" lon="-115.319123"><ele>1898.837</ele><time>2026-06-08T16:21:13Z</time></trkpt><trkpt lat="50.792329" lon="-115.319233"><ele>1898.868</ele><time>2026-06-08T16:21:21Z</time></trkpt><trkpt lat="50.792387" lon="-115.319326"><ele>1898.442</ele><time>2026-06-08T16:21:28Z</time></trkpt><trkpt lat="50.792427" lon="-115.319411"><ele>1898.626</ele><time>2026-06-08T16:21:35Z</time></trkpt><trkpt lat="50.792467" lon="-115.319559"><ele>1899.009</ele><time>2026-06-08T16:21:43Z</time></trkpt><trkpt lat="50.792498" lon="-115.319702"><ele>1898.018</ele><time>2026-06-08T16:21:53Z</time></trkpt><trkpt lat="50.79253" lon="-115.319775"><ele>1898.072</ele><time>2026-06-08T16:21:59Z</time></trkpt><trkpt lat="50.792572" lon="-115.319862"><ele>1898.094</ele><time>2026-06-08T16:22:06Z</time></trkpt><trkpt lat="50.792632" lon="-115.319973"><ele>1898.070</ele><time>2026-06-08T16:22:14Z</time></trkpt><trkpt lat="50.792704" lon="-115.320078"><ele>1898.072</ele><time>2026-06-08T16:22:21Z</time></trkpt><trkpt lat="50.792754" lon="-115.320081"><ele>1897.884</ele><time>2026-06-08T16:22:26Z</time></trkpt><trkpt lat="50.792765" lon="-115.320098"><ele>1897.848</ele><time>2026-06-08T16:22:30Z</time></trkpt><trkpt lat="50.792772" lon="-115.320105"><ele>1897.883</ele><time>2026-06-08T16:22:33Z</time></trkpt><trkpt lat="50.792774" lon="-115.320093"><ele>1897.812</ele><time>2026-06-08T16:22:34Z</time></trkpt><trkpt lat="50.792781" lon="-115.320074"><ele>1897.652</ele><time>2026-06-08T16:22:38Z</time></trkpt><trkpt lat="50.792786" lon="-115.320082"><ele>1898.053</ele><time>2026-06-08T16:22:42Z</time></trkpt><trkpt lat="50.792784" lon="-115.320082"><ele>1897.608</ele><time>2026-06-08T16:22:46Z</time></trkpt><trkpt lat="50.792783" lon="-115.320061"><ele>1897.809</ele><time>2026-06-08T16:22:55Z</time></trkpt><trkpt lat="50.792782" lon="-115.32006"><ele>1897.847</ele><time>2026-06-08T16:22:56Z</time></trkpt><trkpt lat="50.792783" lon="-115.320063"><ele>1898.071</ele><time>2026-06-08T16:22:57Z</time></trkpt><trkpt lat="50.792787" lon="-115.320073"><ele>1898.273</ele><time>2026-06-08T16:22:59Z</time></trkpt><trkpt lat="50.792787" lon="-115.320071"><ele>1897.649</ele><time>2026-06-08T16:23:04Z</time></trkpt><trkpt lat="50.792786" lon="-115.320086"><ele>1897.481</ele><time>2026-06-08T16:23:14Z</time></trkpt><trkpt lat="50.792789" lon="-115.32008"><ele>1898.073</ele><time>2026-06-08T16:23:25Z</time></trkpt><trkpt lat="50.79278" lon="-115.320096"><ele>1898.047</ele><time>2026-06-08T16:23:30Z</time></trkpt><trkpt lat="50.792777" lon="-115.320124"><ele>1898.292</ele><time>2026-06-08T16:23:34Z</time></trkpt><trkpt lat="50.792774" lon="-115.320133"><ele>1898.211</ele><time>2026-06-08T16:23:38Z</time></trkpt><trkpt lat="50.792787" lon="-115.320163"><ele>1898.274</ele><time>2026-06-08T16:23:42Z</time></trkpt><trkpt lat="50.792832" lon="-115.320205"><ele>1898.456</ele><time>2026-06-08T16:23:46Z</time></trkpt><trkpt lat="50.792854" lon="-115.320224"><ele>1898.421</ele><time>2026-06-08T16:23:49Z</time></trkpt><trkpt lat="50.792927" lon="-115.320293"><ele>1898.409</ele><time>2026-06-08T16:23:58Z</time></trkpt><trkpt lat="50.792987" lon="-115.320355"><ele>1898.439</ele><time>2026-06-08T16:24:07Z</time></trkpt><trkpt lat="50.793001" lon="-115.320375"><ele>1898.423</ele><time>2026-06-08T16:24:14Z</time></trkpt><trkpt lat="50.793006" lon="-115.320356"><ele>1898.445</ele><time>2026-06-08T16:24:23Z</time></trkpt><trkpt lat="50.793045" lon="-115.320422"><ele>1898.621</ele><time>2026-06-08T16:24:31Z</time></trkpt><trkpt lat="50.793091" lon="-115.320564"><ele>1899.233</ele><time>2026-06-08T16:24:40Z</time></trkpt><trkpt lat="50.793101" lon="-115.32061"><ele>1899.425</ele><time>2026-06-08T16:24:43Z</time></trkpt><trkpt lat="50.793107" lon="-115.320642"><ele>1899.629</ele><time>2026-06-08T16:24:46Z</time></trkpt><trkpt lat="50.793133" lon="-115.320721"><ele>1900.674</ele><time>2026-06-08T16:24:53Z</time></trkpt><trkpt lat="50.793144" lon="-115.320745"><ele>1901.073</ele><time>2026-06-08T16:24:55Z</time></trkpt><trkpt lat="50.793157" lon="-115.320832"><ele>1901.856</ele><time>2026-06-08T16:25:02Z</time></trkpt><trkpt lat="50.793161" lon="-115.320845"><ele>1902.059</ele><time>2026-06-08T16:25:03Z</time></trkpt><trkpt lat="50.793172" lon="-115.320922"><ele>1902.814</ele><time>2026-06-08T16:25:08Z</time></trkpt><trkpt lat="50.793186" lon="-115.320975"><ele>1903.209</ele><time>2026-06-08T16:25:11Z</time></trkpt><trkpt lat="50.793214" lon="-115.321069"><ele>1904.047</ele><time>2026-06-08T16:25:17Z</time></trkpt><trkpt lat="50.793225" lon="-115.321096"><ele>1904.081</ele><time>2026-06-08T16:25:19Z</time></trkpt><trkpt lat="50.793263" lon="-115.321173"><ele>1904.473</ele><time>2026-06-08T16:25:25Z</time></trkpt><trkpt lat="50.793285" lon="-115.321196"><ele>1904.459</ele><time>2026-06-08T16:25:28Z</time></trkpt><trkpt lat="50.793353" lon="-115.321252"><ele>1904.471</ele><time>2026-06-08T16:25:35Z</time></trkpt><trkpt lat="50.793388" lon="-115.321306"><ele>1905.033</ele><time>2026-06-08T16:25:40Z</time></trkpt><trkpt lat="50.79341" lon="-115.321338"><ele>1905.277</ele><time>2026-06-08T16:25:43Z</time></trkpt><trkpt lat="50.793442" lon="-115.32139"><ele>1905.822</ele><time>2026-06-08T16:25:50Z</time></trkpt><trkpt lat="50.793507" lon="-115.32145"><ele>1906.081</ele><time>2026-06-08T16:25:57Z</time></trkpt><trkpt lat="50.793513" lon="-115.321456"><ele>1906.251</ele><time>2026-06-08T16:25:58Z</time></trkpt><trkpt lat="50.793556" lon="-115.321497"><ele>1906.201</ele><time>2026-06-08T16:26:05Z</time></trkpt><trkpt lat="50.793618" lon="-115.321573"><ele>1906.611</ele><time>2026-06-08T16:26:14Z</time></trkpt><trkpt lat="50.793633" lon="-115.321561"><ele>1906.609</ele><time>2026-06-08T16:26:17Z</time></trkpt><trkpt lat="50.793653" lon="-115.321569"><ele>1906.497</ele><time>2026-06-08T16:26:20Z</time></trkpt><trkpt lat="50.79366" lon="-115.32157"><ele>1906.471</ele><time>2026-06-08T16:26:29Z</time></trkpt><trkpt lat="50.793671" lon="-115.321597"><ele>1906.423</ele><time>2026-06-08T16:26:35Z</time></trkpt><trkpt lat="50.79367" lon="-115.321599"><ele>1906.499</ele><time>2026-06-08T16:26:37Z</time></trkpt><trkpt lat="50.793665" lon="-115.321664"><ele>1906.481</ele><time>2026-06-08T16:26:44Z</time></trkpt><trkpt lat="50.793724" lon="-115.321818"><ele>1906.073</ele><time>2026-06-08T16:26:53Z</time></trkpt><trkpt lat="50.793785" lon="-115.321882"><ele>1905.677</ele><time>2026-06-08T16:26:59Z</time></trkpt><trkpt lat="50.793856" lon="-115.321954"><ele>1905.072</ele><time>2026-06-08T16:27:06Z</time></trkpt><trkpt lat="50.793868" lon="-115.321959"><ele>1904.831</ele><time>2026-06-08T16:27:07Z</time></trkpt><trkpt lat="50.793946" lon="-115.322"><ele>1904.261</ele><time>2026-06-08T16:27:15Z</time></trkpt><trkpt lat="50.793955" lon="-115.322002"><ele>1904.021</ele><time>2026-06-08T16:27:16Z</time></trkpt><trkpt lat="50.793971" lon="-115.321997"><ele>1903.413</ele><time>2026-06-08T16:27:20Z</time></trkpt><trkpt lat="50.793971" lon="-115.322018"><ele>1903.409</ele><time>2026-06-08T16:27:23Z</time></trkpt><trkpt lat="50.79397" lon="-115.322027"><ele>1903.468</ele><time>2026-06-08T16:27:27Z</time></trkpt><trkpt lat="50.794026" lon="-115.322069"><ele>1903.042</ele><time>2026-06-08T16:27:36Z</time></trkpt><trkpt lat="50.794037" lon="-115.322073"><ele>1903.084</ele><time>2026-06-08T16:27:37Z</time></trkpt><trkpt lat="50.794074" lon="-115.322093"><ele>1903.070</ele><time>2026-06-08T16:27:42Z</time></trkpt><trkpt lat="50.794106" lon="-115.322102"><ele>1902.852</ele><time>2026-06-08T16:27:49Z</time></trkpt><trkpt lat="50.794155" lon="-115.32213"><ele>1902.474</ele><time>2026-06-08T16:27:56Z</time></trkpt><trkpt lat="50.794195" lon="-115.322131"><ele>1902.068</ele><time>2026-06-08T16:28:01Z</time></trkpt><trkpt lat="50.7942" lon="-115.322126"><ele>1901.813</ele><time>2026-06-08T16:28:03Z</time></trkpt><trkpt lat="50.794225" lon="-115.322169"><ele>1902.062</ele><time>2026-06-08T16:28:10Z</time></trkpt><trkpt lat="50.794292" lon="-115.322234"><ele>1903.099</ele><time>2026-06-08T16:28:18Z</time></trkpt><trkpt lat="50.794305" lon="-115.322252"><ele>1903.207</ele><time>2026-06-08T16:28:20Z</time></trkpt><trkpt lat="50.794339" lon="-115.322295"><ele>1904.027</ele><time>2026-06-08T16:28:24Z</time></trkpt><trkpt lat="50.794381" lon="-115.322333"><ele>1904.409</ele><time>2026-06-08T16:28:28Z</time></trkpt><trkpt lat="50.794434" lon="-115.322367"><ele>1905.011</ele><time>2026-06-08T16:28:33Z</time></trkpt><trkpt lat="50.794479" lon="-115.322392"><ele>1904.815</ele><time>2026-06-08T16:28:38Z</time></trkpt><trkpt lat="50.794553" lon="-115.322421"><ele>1904.637</ele><time>2026-06-08T16:28:47Z</time></trkpt><trkpt lat="50.794541" lon="-115.322434"><ele>1904.693</ele><time>2026-06-08T16:28:55Z</time></trkpt><trkpt lat="50.794529" lon="-115.322429"><ele>1904.635</ele><time>2026-06-08T16:28:57Z</time></trkpt><trkpt lat="50.79449" lon="-115.322399"><ele>1904.667</ele><time>2026-06-08T16:29:01Z</time></trkpt><trkpt lat="50.794474" lon="-115.322382"><ele>1904.841</ele><time>2026-06-08T16:29:03Z</time></trkpt><trkpt lat="50.794422" lon="-115.322333"><ele>1904.886</ele><time>2026-06-08T16:29:09Z</time></trkpt><trkpt lat="50.794328" lon="-115.322245"><ele>1904.275</ele><time>2026-06-08T16:29:18Z</time></trkpt><trkpt lat="50.79427" lon="-115.322154"><ele>1903.092</ele><time>2026-06-08T16:29:26Z</time></trkpt><trkpt lat="50.794242" lon="-115.322131"><ele>1902.873</ele><time>2026-06-08T16:29:28Z</time></trkpt><trkpt lat="50.794188" lon="-115.322077"><ele>1902.220</ele><time>2026-06-08T16:29:34Z</time></trkpt><trkpt lat="50.794191" lon="-115.322069"><ele>1902.009</ele><time>2026-06-08T16:29:35Z</time></trkpt><trkpt lat="50.794196" lon="-115.322063"><ele>1902.031</ele><time>2026-06-08T16:29:36Z</time></trkpt><trkpt lat="50.7942" lon="-115.322057"><ele>1901.875</ele><time>2026-06-08T16:29:37Z</time></trkpt><trkpt lat="50.7942" lon="-115.322039"><ele>1901.627</ele><time>2026-06-08T16:29:38Z</time></trkpt><trkpt lat="50.794199" lon="-115.322008"><ele>1900.823</ele><time>2026-06-08T16:29:40Z</time></trkpt><trkpt lat="50.794199" lon="-115.321996"><ele>1900.485</ele><time>2026-06-08T16:29:41Z</time></trkpt><trkpt lat="50.7942" lon="-115.321976"><ele>1899.847</ele><time>2026-06-08T16:29:43Z</time></trkpt><trkpt lat="50.794225" lon="-115.321884"><ele>1898.621</ele><time>2026-06-08T16:29:51Z</time></trkpt><trkpt lat="50.794231" lon="-115.321869"><ele>1898.436</ele><time>2026-06-08T16:29:52Z</time></trkpt><trkpt lat="50.79425" lon="-115.321796"><ele>1897.885</ele><time>2026-06-08T16:30:00Z</time></trkpt><trkpt lat="50.794252" lon="-115.321782"><ele>1897.666</ele><time>2026-06-08T16:30:02Z</time></trkpt><trkpt lat="50.794274" lon="-115.321751"><ele>1897.229</ele><time>2026-06-08T16:30:09Z</time></trkpt><trkpt lat="50.794289" lon="-115.321757"><ele>1897.421</ele><time>2026-06-08T16:30:20Z</time></trkpt><trkpt lat="50.794288" lon="-115.321748"><ele>1897.209</ele><time>2026-06-08T16:30:29Z</time></trkpt><trkpt lat="50.794285" lon="-115.321749"><ele>1897.288</ele><time>2026-06-08T16:30:30Z</time></trkpt><trkpt lat="50.79428" lon="-115.321752"><ele>1897.242</ele><time>2026-06-08T16:30:31Z</time></trkpt><trkpt lat="50.794275" lon="-115.321756"><ele>1897.284</ele><time>2026-06-08T16:30:32Z</time></trkpt><trkpt lat="50.794277" lon="-115.32176"><ele>1897.080</ele><time>2026-06-08T16:30:35Z</time></trkpt><trkpt lat="50.794284" lon="-115.321755"><ele>1897.262</ele><time>2026-06-08T16:30:38Z</time></trkpt><trkpt lat="50.794274" lon="-115.321726"><ele>1897.474</ele><time>2026-06-08T16:30:43Z</time></trkpt><trkpt lat="50.794274" lon="-115.321731"><ele>1897.298</ele><time>2026-06-08T16:30:49Z</time></trkpt><trkpt lat="50.794284" lon="-115.321729"><ele>1897.493</ele><time>2026-06-08T16:30:59Z</time></trkpt><trkpt lat="50.794276" lon="-115.321728"><ele>1897.482</ele><time>2026-06-08T16:31:07Z</time></trkpt><trkpt lat="50.794273" lon="-115.321725"><ele>1897.415</ele><time>2026-06-08T16:31:08Z</time></trkpt><trkpt lat="50.794282" lon="-115.321795"><ele>1897.265</ele><time>2026-06-08T16:31:17Z</time></trkpt><trkpt lat="50.794269" lon="-115.321805"><ele>1897.611</ele><time>2026-06-08T16:31:20Z</time></trkpt><trkpt lat="50.794247" lon="-115.321803"><ele>1897.609</ele><time>2026-06-08T16:31:24Z</time></trkpt><trkpt lat="50.794216" lon="-115.321876"><ele>1898.043</ele><time>2026-06-08T16:31:32Z</time></trkpt><trkpt lat="50.794209" lon="-115.321918"><ele>1898.827</ele><time>2026-06-08T16:31:37Z</time></trkpt><trkpt lat="50.794198" lon="-115.321952"><ele>1899.299</ele><time>2026-06-08T16:31:40Z</time></trkpt><trkpt lat="50.79419" lon="-115.32201"><ele>1899.825</ele><time>2026-06-08T16:31:44Z</time></trkpt><trkpt lat="50.794197" lon="-115.322053"><ele>1900.827</ele><time>2026-06-08T16:31:48Z</time></trkpt><trkpt lat="50.794192" lon="-115.322112"><ele>1901.829</ele><time>2026-06-08T16:31:55Z</time></trkpt><trkpt lat="50.794199" lon="-115.322114"><ele>1901.843</ele><time>2026-06-08T16:31:57Z</time></trkpt><trkpt lat="50.794206" lon="-115.322115"><ele>1901.888</ele><time>2026-06-08T16:32:01Z</time></trkpt><trkpt lat="50.794206" lon="-115.322113"><ele>1901.827</ele><time>2026-06-08T16:32:04Z</time></trkpt><trkpt lat="50.794204" lon="-115.322111"><ele>1901.878</ele><time>2026-06-08T16:32:06Z</time></trkpt><trkpt lat="50.794204" lon="-115.32211"><ele>1902.033</ele><time>2026-06-08T16:32:08Z</time></trkpt><trkpt lat="50.794193" lon="-115.322111"><ele>1902.226</ele><time>2026-06-08T16:32:14Z</time></trkpt><trkpt lat="50.794193" lon="-115.322108"><ele>1902.209</ele><time>2026-06-08T16:32:18Z</time></trkpt><trkpt lat="50.794223" lon="-115.322113"><ele>1902.239</ele><time>2026-06-08T16:32:24Z</time></trkpt><trkpt lat="50.794244" lon="-115.322108"><ele>1902.073</ele><time>2026-06-08T16:32:35Z</time></trkpt><trkpt lat="50.794241" lon="-115.322119"><ele>1902.295</ele><time>2026-06-08T16:32:37Z</time></trkpt><trkpt lat="50.794244" lon="-115.322126"><ele>1902.211</ele><time>2026-06-08T16:32:38Z</time></trkpt><trkpt lat="50.794251" lon="-115.32214"><ele>1902.473</ele><time>2026-06-08T16:32:40Z</time></trkpt><trkpt lat="50.794261" lon="-115.322156"><ele>1902.625</ele><time>2026-06-08T16:32:42Z</time></trkpt><trkpt lat="50.794269" lon="-115.322183"><ele>1902.869</ele><time>2026-06-08T16:32:45Z</time></trkpt><trkpt lat="50.794281" lon="-115.322208"><ele>1903.084</ele><time>2026-06-08T16:32:47Z</time></trkpt><trkpt lat="50.794304" lon="-115.322236"><ele>1903.463</ele><time>2026-06-08T16:32:50Z</time></trkpt><trkpt lat="50.794335" lon="-115.322272"><ele>1904.012</ele><time>2026-06-08T16:32:53Z</time></trkpt><trkpt lat="50.794394" lon="-115.322343"><ele>1904.632</ele><time>2026-06-08T16:32:59Z</time></trkpt><trkpt lat="50.79444" lon="-115.322386"><ele>1905.005</ele><time>2026-06-08T16:33:03Z</time></trkpt><trkpt lat="50.794491" lon="-115.322432"><ele>1905.009</ele><time>2026-06-08T16:33:08Z</time></trkpt><trkpt lat="50.794559" lon="-115.322462"><ele>1904.663</ele><time>2026-06-08T16:33:16Z</time></trkpt><trkpt lat="50.794611" lon="-115.322497"><ele>1904.267</ele><time>2026-06-08T16:33:23Z</time></trkpt><trkpt lat="50.79462" lon="-115.322503"><ele>1904.079</ele><time>2026-06-08T16:33:24Z</time></trkpt><trkpt lat="50.794708" lon="-115.322557"><ele>1902.875</ele><time>2026-06-08T16:33:34Z</time></trkpt><trkpt lat="50.794776" lon="-115.322609"><ele>1902.047</ele><time>2026-06-08T16:33:41Z</time></trkpt><trkpt lat="50.794816" lon="-115.322652"><ele>1901.889</ele><time>2026-06-08T16:33:48Z</time></trkpt><trkpt lat="50.79489" lon="-115.322713"><ele>1901.033</ele><time>2026-06-08T16:33:55Z</time></trkpt><trkpt lat="50.794953" lon="-115.322773"><ele>1901.228</ele><time>2026-06-08T16:34:02Z</time></trkpt><trkpt lat="50.795039" lon="-115.322907"><ele>1901.277</ele><time>2026-06-08T16:34:12Z</time></trkpt><trkpt lat="50.79509" lon="-115.322992"><ele>1901.482</ele><time>2026-06-08T16:34:20Z</time></trkpt><trkpt lat="50.795137" lon="-115.323013"><ele>1901.643</ele><time>2026-06-08T16:34:27Z</time></trkpt><trkpt lat="50.79523" lon="-115.323073"><ele>1902.017</ele><time>2026-06-08T16:34:36Z</time></trkpt><trkpt lat="50.795252" lon="-115.323091"><ele>1902.809</ele><time>2026-06-08T16:34:39Z</time></trkpt><trkpt lat="50.7953" lon="-115.323101"><ele>1904.060</ele><time>2026-06-08T16:34:45Z</time></trkpt><trkpt lat="50.795325" lon="-115.323102"><ele>1904.694</ele><time>2026-06-08T16:34:48Z</time></trkpt><trkpt lat="50.795341" lon="-115.323094"><ele>1905.036</ele><time>2026-06-08T16:34:52Z</time></trkpt><trkpt lat="50.795397" lon="-115.323126"><ele>1904.852</ele><time>2026-06-08T16:34:58Z</time></trkpt><trkpt lat="50.795448" lon="-115.323175"><ele>1904.624</ele><time>2026-06-08T16:35:06Z</time></trkpt><trkpt lat="50.795481" lon="-115.323201"><ele>1904.226</ele><time>2026-06-08T16:35:14Z</time></trkpt><trkpt lat="50.795534" lon="-115.32322"><ele>1903.680</ele><time>2026-06-08T16:35:22Z</time></trkpt><trkpt lat="50.795558" lon="-115.323225"><ele>1903.095</ele><time>2026-06-08T16:35:27Z</time></trkpt><trkpt lat="50.795555" lon="-115.323227"><ele>1902.854</ele><time>2026-06-08T16:35:29Z</time></trkpt><trkpt lat="50.795576" lon="-115.323237"><ele>1902.458</ele><time>2026-06-08T16:35:37Z</time></trkpt><trkpt lat="50.795609" lon="-115.323255"><ele>1902.052</ele><time>2026-06-08T16:35:44Z</time></trkpt><trkpt lat="50.795631" lon="-115.323256"><ele>1901.617</ele><time>2026-06-08T16:35:48Z</time></trkpt><trkpt lat="50.795658" lon="-115.323249"><ele>1901.209</ele><time>2026-06-08T16:35:54Z</time></trkpt><trkpt lat="50.795665" lon="-115.323248"><ele>1901.417</ele><time>2026-06-08T16:35:57Z</time></trkpt><trkpt lat="50.795693" lon="-115.323234"><ele>1900.821</ele><time>2026-06-08T16:36:03Z</time></trkpt><trkpt lat="50.795705" lon="-115.323231"><ele>1900.423</ele><time>2026-06-08T16:36:05Z</time></trkpt><trkpt lat="50.795727" lon="-115.323238"><ele>1900.239</ele><time>2026-06-08T16:36:12Z</time></trkpt><trkpt lat="50.795736" lon="-115.323259"><ele>1900.211</ele><time>2026-06-08T16:36:22Z</time></trkpt><trkpt lat="50.795762" lon="-115.323209"><ele>1900.213</ele><time>2026-06-08T16:36:32Z</time></trkpt><trkpt lat="50.795754" lon="-115.323206"><ele>1900.297</ele><time>2026-06-08T16:36:42Z</time></trkpt><trkpt lat="50.795761" lon="-115.323227"><ele>1900.432</ele><time>2026-06-08T16:36:48Z</time></trkpt><trkpt lat="50.795771" lon="-115.323227"><ele>1900.231</ele><time>2026-06-08T16:36:51Z</time></trkpt><trkpt lat="50.795776" lon="-115.323224"><ele>1900.234</ele><time>2026-06-08T16:36:52Z</time></trkpt><trkpt lat="50.795816" lon="-115.323208"><ele>1901.055</ele><time>2026-06-08T16:37:00Z</time></trkpt><trkpt lat="50.795882" lon="-115.323165"><ele>1901.210</ele><time>2026-06-08T16:37:08Z</time></trkpt><trkpt lat="50.795913" lon="-115.323139"><ele>1901.809</ele><time>2026-06-08T16:37:14Z</time></trkpt><trkpt lat="50.795921" lon="-115.323133"><ele>1901.885</ele><time>2026-06-08T16:37:15Z</time></trkpt><trkpt lat="50.795945" lon="-115.323112"><ele>1902.019</ele><time>2026-06-08T16:37:18Z</time></trkpt><trkpt lat="50.796003" lon="-115.323082"><ele>1902.031</ele><time>2026-06-08T16:37:26Z</time></trkpt><trkpt lat="50.796065" lon="-115.323053"><ele>1901.657</ele><time>2026-06-08T16:37:34Z</time></trkpt><trkpt lat="50.796112" lon="-115.323073"><ele>1901.499</ele><time>2026-06-08T16:37:39Z</time></trkpt><trkpt lat="50.796122" lon="-115.323078"><ele>1901.491</ele><time>2026-06-08T16:37:40Z</time></trkpt><trkpt lat="50.796141" lon="-115.323083"><ele>1901.255</ele><time>2026-06-08T16:37:42Z</time></trkpt><trkpt lat="50.79617" lon="-115.323116"><ele>1900.890</ele><time>2026-06-08T16:37:48Z</time></trkpt><trkpt lat="50.796222" lon="-115.323158"><ele>1900.419</ele><time>2026-06-08T16:37:56Z</time></trkpt><trkpt lat="50.796283" lon="-115.3232"><ele>1900.863</ele><time>2026-06-08T16:38:05Z</time></trkpt><trkpt lat="50.796267" lon="-115.323187"><ele>1901.244</ele><time>2026-06-08T16:38:11Z</time></trkpt><trkpt lat="50.796266" lon="-115.323195"><ele>1901.218</ele><time>2026-06-08T16:38:17Z</time></trkpt><trkpt lat="50.796277" lon="-115.323213"><ele>1901.409</ele><time>2026-06-08T16:38:20Z</time></trkpt><trkpt lat="50.796318" lon="-115.323247"><ele>1901.428</ele><time>2026-06-08T16:38:27Z</time></trkpt><trkpt lat="50.796346" lon="-115.323335"><ele>1900.482</ele><time>2026-06-08T16:38:37Z</time></trkpt><trkpt lat="50.796362" lon="-115.323374"><ele>1899.824</ele><time>2026-06-08T16:38:42Z</time></trkpt><trkpt lat="50.796359" lon="-115.323375"><ele>1899.860</ele><time>2026-06-08T16:38:44Z</time></trkpt><trkpt lat="50.796359" lon="-115.32336"><ele>1899.852</ele><time>2026-06-08T16:38:52Z</time></trkpt><trkpt lat="50.79635" lon="-115.323384"><ele>1899.644</ele><time>2026-06-08T16:39:00Z</time></trkpt><trkpt lat="50.796339" lon="-115.323322"><ele>1900.248</ele><time>2026-06-08T16:39:08Z</time></trkpt><trkpt lat="50.796337" lon="-115.32331"><ele>1900.263</ele><time>2026-06-08T16:39:10Z</time></trkpt><trkpt lat="50.796333" lon="-115.3233"><ele>1900.472</ele><time>2026-06-08T16:39:12Z</time></trkpt><trkpt lat="50.796331" lon="-115.323266"><ele>1900.831</ele><time>2026-06-08T16:39:15Z</time></trkpt><trkpt lat="50.796328" lon="-115.323255"><ele>1900.861</ele><time>2026-06-08T16:39:16Z</time></trkpt><trkpt lat="50.796352" lon="-115.323193"><ele>1901.607</ele><time>2026-06-08T16:39:23Z</time></trkpt><trkpt lat="50.796354" lon="-115.323181"><ele>1901.809</ele><time>2026-06-08T16:39:24Z</time></trkpt><trkpt lat="50.796356" lon="-115.323146"><ele>1902.095</ele><time>2026-06-08T16:39:27Z</time></trkpt><trkpt lat="50.796353" lon="-115.323122"><ele>1902.039</ele><time>2026-06-08T16:39:31Z</time></trkpt><trkpt lat="50.796382" lon="-115.323085"><ele>1902.041</ele><time>2026-06-08T16:39:38Z</time></trkpt><trkpt lat="50.796398" lon="-115.323034"><ele>1902.087</ele><time>2026-06-08T16:39:46Z</time></trkpt><trkpt lat="50.796388" lon="-115.32304"><ele>1901.849</ele><time>2026-06-08T16:39:54Z</time></trkpt><trkpt lat="50.796389" lon="-115.323039"><ele>1901.621</ele><time>2026-06-08T16:40:04Z</time></trkpt><trkpt lat="50.796359" lon="-115.323064"><ele>1901.865</ele><time>2026-06-08T16:40:09Z</time></trkpt><trkpt lat="50.796328" lon="-115.323082"><ele>1901.640</ele><time>2026-06-08T16:40:13Z</time></trkpt><trkpt lat="50.796323" lon="-115.323101"><ele>1901.639</ele><time>2026-06-08T16:40:15Z</time></trkpt><trkpt lat="50.796325" lon="-115.323115"><ele>1901.672</ele><time>2026-06-08T16:40:17Z</time></trkpt><trkpt lat="50.796326" lon="-115.32312"><ele>1901.613</ele><time>2026-06-08T16:40:18Z</time></trkpt><trkpt lat="50.796326" lon="-115.323123"><ele>1901.614</ele><time>2026-06-08T16:40:20Z</time></trkpt><trkpt lat="50.796321" lon="-115.32315"><ele>1901.609</ele><time>2026-06-08T16:40:23Z</time></trkpt><trkpt lat="50.796322" lon="-115.323172"><ele>1901.649</ele><time>2026-06-08T16:40:25Z</time></trkpt><trkpt lat="50.796319" lon="-115.323172"><ele>1901.693</ele><time>2026-06-08T16:40:26Z</time></trkpt><trkpt lat="50.796289" lon="-115.323172"><ele>1901.895</ele><time>2026-06-08T16:40:30Z</time></trkpt><trkpt lat="50.796277" lon="-115.323161"><ele>1901.611</ele><time>2026-06-08T16:40:32Z</time></trkpt><trkpt lat="50.796221" lon="-115.32312"><ele>1901.213</ele><time>2026-06-08T16:40:39Z</time></trkpt><trkpt lat="50.796205" lon="-115.323099"><ele>1900.885</ele><time>2026-06-08T16:40:42Z</time></trkpt><trkpt lat="50.796183" lon="-115.323083"><ele>1900.639</ele><time>2026-06-08T16:40:45Z</time></trkpt><trkpt lat="50.796148" lon="-115.323036"><ele>1901.064</ele><time>2026-06-08T16:40:51Z</time></trkpt><trkpt lat="50.796109" lon="-115.323024"><ele>1901.413</ele><time>2026-06-08T16:40:57Z</time></trkpt><trkpt lat="50.7961" lon="-115.323023"><ele>1901.695</ele><time>2026-06-08T16:40:59Z</time></trkpt><trkpt lat="50.796084" lon="-115.323016"><ele>1902.049</ele><time>2026-06-08T16:41:02Z</time></trkpt><trkpt lat="50.796067" lon="-115.323009"><ele>1902.023</ele><time>2026-06-08T16:41:05Z</time></trkpt><trkpt lat="50.796058" lon="-115.323008"><ele>1902.009</ele><time>2026-06-08T16:41:07Z</time></trkpt><trkpt lat="50.796008" lon="-115.323024"><ele>1902.061</ele><time>2026-06-08T16:41:14Z</time></trkpt><trkpt lat="50.796" lon="-115.323055"><ele>1902.075</ele><time>2026-06-08T16:41:20Z</time></trkpt><trkpt lat="50.795979" lon="-115.323068"><ele>1902.257</ele><time>2026-06-08T16:41:23Z</time></trkpt><trkpt lat="50.795907" lon="-115.3231"><ele>1901.883</ele><time>2026-06-08T16:41:32Z</time></trkpt><trkpt lat="50.795862" lon="-115.323142"><ele>1901.485</ele><time>2026-06-08T16:41:39Z</time></trkpt><trkpt lat="50.795852" lon="-115.323152"><ele>1901.227</ele><time>2026-06-08T16:41:41Z</time></trkpt><trkpt lat="50.795846" lon="-115.323156"><ele>1901.231</ele><time>2026-06-08T16:41:42Z</time></trkpt><trkpt lat="50.795799" lon="-115.323193"><ele>1901.286</ele><time>2026-06-08T16:41:49Z</time></trkpt><trkpt lat="50.795767" lon="-115.323156"><ele>1901.025</ele><time>2026-06-08T16:41:59Z</time></trkpt><trkpt lat="50.795781" lon="-115.323158"><ele>1900.885</ele><time>2026-06-08T16:42:03Z</time></trkpt><trkpt lat="50.795784" lon="-115.323163"><ele>1900.689</ele><time>2026-06-08T16:42:06Z</time></trkpt><trkpt lat="50.795789" lon="-115.323135"><ele>1900.417</ele><time>2026-06-08T16:42:14Z</time></trkpt><trkpt lat="50.79577" lon="-115.323139"><ele>1899.809</ele><time>2026-06-08T16:42:23Z</time></trkpt><trkpt lat="50.795772" lon="-115.323127"><ele>1899.430</ele><time>2026-06-08T16:42:25Z</time></trkpt><trkpt lat="50.795778" lon="-115.323138"><ele>1899.494</ele><time>2026-06-08T16:42:32Z</time></trkpt><trkpt lat="50.795777" lon="-115.32313"><ele>1899.476</ele><time>2026-06-08T16:42:34Z</time></trkpt><trkpt lat="50.795768" lon="-115.32309"><ele>1899.092</ele><time>2026-06-08T16:42:39Z</time></trkpt><trkpt lat="50.795765" lon="-115.323077"><ele>1898.874</ele><time>2026-06-08T16:42:42Z</time></trkpt><trkpt lat="50.795765" lon="-115.323071"><ele>1898.846</ele><time>2026-06-08T16:42:45Z</time></trkpt><trkpt lat="50.795785" lon="-115.323018"><ele>1898.440</ele><time>2026-06-08T16:42:52Z</time></trkpt><trkpt lat="50.795782" lon="-115.323047"><ele>1898.095</ele><time>2026-06-08T16:42:59Z</time></trkpt><trkpt lat="50.7958" lon="-115.323047"><ele>1898.074</ele><time>2026-06-08T16:43:08Z</time></trkpt><trkpt lat="50.795823" lon="-115.323018"><ele>1898.099</ele><time>2026-06-08T16:43:16Z</time></trkpt><trkpt lat="50.795818" lon="-115.322989"><ele>1898.207</ele><time>2026-06-08T16:43:26Z</time></trkpt><trkpt lat="50.795796" lon="-115.323015"><ele>1898.227</ele><time>2026-06-08T16:43:33Z</time></trkpt><trkpt lat="50.795748" lon="-115.323036"><ele>1898.809</ele><time>2026-06-08T16:43:42Z</time></trkpt><trkpt lat="50.795741" lon="-115.32305"><ele>1899.811</ele><time>2026-06-08T16:43:48Z</time></trkpt><trkpt lat="50.795734" lon="-115.323021"><ele>1899.825</ele><time>2026-06-08T16:43:51Z</time></trkpt><trkpt lat="50.795708" lon="-115.323019"><ele>1900.247</ele><time>2026-06-08T16:43:58Z</time></trkpt><trkpt lat="50.795679" lon="-115.323047"><ele>1900.853</ele><time>2026-06-08T16:44:05Z</time></trkpt><trkpt lat="50.79566" lon="-115.32307"><ele>1901.265</ele><time>2026-06-08T16:44:08Z</time></trkpt><trkpt lat="50.795647" lon="-115.323124"><ele>1901.827</ele><time>2026-06-08T16:44:15Z</time></trkpt><trkpt lat="50.79565" lon="-115.323124"><ele>1901.841</ele><time>2026-06-08T16:44:16Z</time></trkpt><trkpt lat="50.79567" lon="-115.32319"><ele>1902.266</ele><time>2026-06-08T16:44:24Z</time></trkpt><trkpt lat="50.795675" lon="-115.323204"><ele>1902.425</ele><time>2026-06-08T16:44:31Z</time></trkpt><trkpt lat="50.795684" lon="-115.323211"><ele>1902.261</ele><time>2026-06-08T16:44:35Z</time></trkpt><trkpt lat="50.795655" lon="-115.323229"><ele>1902.221</ele><time>2026-06-08T16:44:40Z</time></trkpt><trkpt lat="50.795601" lon="-115.323233"><ele>1902.413</ele><time>2026-06-08T16:44:47Z</time></trkpt><trkpt lat="50.79556" lon="-115.323233"><ele>1902.809</ele><time>2026-06-08T16:44:53Z</time></trkpt><trkpt lat="50.795538" lon="-115.323226"><ele>1903.458</ele><time>2026-06-08T16:44:58Z</time></trkpt><trkpt lat="50.795539" lon="-115.323216"><ele>1903.632</ele><time>2026-06-08T16:45:06Z</time></trkpt><trkpt lat="50.795529" lon="-115.323208"><ele>1903.884</ele><time>2026-06-08T16:45:09Z</time></trkpt><trkpt lat="50.795509" lon="-115.323202"><ele>1904.430</ele><time>2026-06-08T16:45:15Z</time></trkpt><trkpt lat="50.795454" lon="-115.32316"><ele>1904.612</ele><time>2026-06-08T16:45:23Z</time></trkpt><trkpt lat="50.795439" lon="-115.323149"><ele>1905.034</ele><time>2026-06-08T16:45:28Z</time></trkpt><trkpt lat="50.795423" lon="-115.323134"><ele>1905.228</ele><time>2026-06-08T16:45:31Z</time></trkpt><trkpt lat="50.795353" lon="-115.323068"><ele>1905.293</ele><time>2026-06-08T16:45:39Z</time></trkpt><trkpt lat="50.795279" lon="-115.323037"><ele>1905.222</ele><time>2026-06-08T16:45:45Z</time></trkpt><trkpt lat="50.795247" lon="-115.323019"><ele>1904.479</ele><time>2026-06-08T16:45:48Z</time></trkpt><trkpt lat="50.795225" lon="-115.323006"><ele>1903.805</ele><time>2026-06-08T16:45:51Z</time></trkpt><trkpt lat="50.795203" lon="-115.323003"><ele>1903.225</ele><time>2026-06-08T16:45:55Z</time></trkpt><trkpt lat="50.795192" lon="-115.323007"><ele>1902.809</ele><time>2026-06-08T16:45:57Z</time></trkpt><trkpt lat="50.795148" lon="-115.322982"><ele>1902.899</ele><time>2026-06-08T16:46:03Z</time></trkpt><trkpt lat="50.795084" lon="-115.322933"><ele>1902.623</ele><time>2026-06-08T16:46:10Z</time></trkpt><trkpt lat="50.79502" lon="-115.322817"><ele>1902.495</ele><time>2026-06-08T16:46:18Z</time></trkpt><trkpt lat="50.79498" lon="-115.322768"><ele>1902.441</ele><time>2026-06-08T16:46:22Z</time></trkpt><trkpt lat="50.794957" lon="-115.322745"><ele>1902.213</ele><time>2026-06-08T16:46:24Z</time></trkpt><trkpt lat="50.794905" lon="-115.322693"><ele>1902.265</ele><time>2026-06-08T16:46:30Z</time></trkpt><trkpt lat="50.794878" lon="-115.322665"><ele>1902.039</ele><time>2026-06-08T16:46:33Z</time></trkpt><trkpt lat="50.79482" lon="-115.322602"><ele>1902.614</ele><time>2026-06-08T16:46:41Z</time></trkpt><trkpt lat="50.794767" lon="-115.322536"><ele>1902.833</ele><time>2026-06-08T16:46:49Z</time></trkpt><trkpt lat="50.794714" lon="-115.322498"><ele>1903.045</ele><time>2026-06-08T16:46:57Z</time></trkpt><trkpt lat="50.794661" lon="-115.322477"><ele>1903.847</ele><time>2026-06-08T16:47:06Z</time></trkpt><trkpt lat="50.794651" lon="-115.322472"><ele>1903.811</ele><time>2026-06-08T16:47:08Z</time></trkpt><trkpt lat="50.794605" lon="-115.322452"><ele>1904.609</ele><time>2026-06-08T16:47:16Z</time></trkpt><trkpt lat="50.794571" lon="-115.322437"><ele>1904.866</ele><time>2026-06-08T16:47:20Z</time></trkpt><trkpt lat="50.794555" lon="-115.322433"><ele>1904.880</ele><time>2026-06-08T16:47:22Z</time></trkpt><trkpt lat="50.794524" lon="-115.322425"><ele>1905.042</ele><time>2026-06-08T16:47:25Z</time></trkpt><trkpt lat="50.794461" lon="-115.322389"><ele>1905.298</ele><time>2026-06-08T16:47:33Z</time></trkpt><trkpt lat="50.794427" lon="-115.322358"><ele>1905.240</ele><time>2026-06-08T16:47:36Z</time></trkpt><trkpt lat="50.794372" lon="-115.322308"><ele>1905.232</ele><time>2026-06-08T16:47:41Z</time></trkpt><trkpt lat="50.794311" lon="-115.322214"><ele>1904.266</ele><time>2026-06-08T16:47:50Z</time></trkpt><trkpt lat="50.794282" lon="-115.32218"><ele>1903.891</ele><time>2026-06-08T16:47:53Z</time></trkpt><trkpt lat="50.794229" lon="-115.322141"><ele>1903.470</ele><time>2026-06-08T16:47:58Z</time></trkpt><trkpt lat="50.794191" lon="-115.322103"><ele>1902.831</ele><time>2026-06-08T16:48:03Z</time></trkpt><trkpt lat="50.794189" lon="-115.322088"><ele>1903.061</ele><time>2026-06-08T16:48:06Z</time></trkpt><trkpt lat="50.794137" lon="-115.32206"><ele>1903.407</ele><time>2026-06-08T16:48:14Z</time></trkpt><trkpt lat="50.794107" lon="-115.322045"><ele>1904.009</ele><time>2026-06-08T16:48:19Z</time></trkpt><trkpt lat="50.794049" lon="-115.322021"><ele>1904.495</ele><time>2026-06-08T16:48:27Z</time></trkpt><trkpt lat="50.793983" lon="-115.321999"><ele>1905.079</ele><time>2026-06-08T16:48:38Z</time></trkpt><trkpt lat="50.793977" lon="-115.321996"><ele>1905.091</ele><time>2026-06-08T16:48:39Z</time></trkpt><trkpt lat="50.793922" lon="-115.321965"><ele>1905.497</ele><time>2026-06-08T16:48:48Z</time></trkpt><trkpt lat="50.79388" lon="-115.321928"><ele>1906.069</ele><time>2026-06-08T16:48:57Z</time></trkpt><trkpt lat="50.793863" lon="-115.321916"><ele>1906.291</ele><time>2026-06-08T16:48:59Z</time></trkpt><trkpt lat="50.793819" lon="-115.321871"><ele>1907.055</ele><time>2026-06-08T16:49:06Z</time></trkpt><trkpt lat="50.793815" lon="-115.321858"><ele>1907.260</ele><time>2026-06-08T16:49:07Z</time></trkpt><trkpt lat="50.793783" lon="-115.32181"><ele>1907.489</ele><time>2026-06-08T16:49:13Z</time></trkpt><trkpt lat="50.79376" lon="-115.321766"><ele>1907.433</ele><time>2026-06-08T16:49:17Z</time></trkpt><trkpt lat="50.793745" lon="-115.321741"><ele>1907.623</ele><time>2026-06-08T16:49:19Z</time></trkpt><trkpt lat="50.793737" lon="-115.321701"><ele>1907.615</ele><time>2026-06-08T16:49:22Z</time></trkpt><trkpt lat="50.793695" lon="-115.321638"><ele>1908.009</ele><time>2026-06-08T16:49:29Z</time></trkpt><trkpt lat="50.793639" lon="-115.32155"><ele>1907.445</ele><time>2026-06-08T16:49:37Z</time></trkpt><trkpt lat="50.793566" lon="-115.321468"><ele>1907.219</ele><time>2026-06-08T16:49:45Z</time></trkpt><trkpt lat="50.793477" lon="-115.321391"><ele>1906.841</ele><time>2026-06-08T16:49:54Z</time></trkpt><trkpt lat="50.793414" lon="-115.32136"><ele>1906.277</ele><time>2026-06-08T16:50:01Z</time></trkpt><trkpt lat="50.793406" lon="-115.321354"><ele>1906.089</ele><time>2026-06-08T16:50:02Z</time></trkpt><trkpt lat="50.793359" lon="-115.321274"><ele>1905.441</ele><time>2026-06-08T16:50:10Z</time></trkpt><trkpt lat="50.793329" lon="-115.321231"><ele>1905.085</ele><time>2026-06-08T16:50:13Z</time></trkpt><trkpt lat="50.79329" lon="-115.321181"><ele>1905.020</ele><time>2026-06-08T16:50:17Z</time></trkpt><trkpt lat="50.793236" lon="-115.321068"><ele>1904.639</ele><time>2026-06-08T16:50:25Z</time></trkpt><trkpt lat="50.79321" lon="-115.320955"><ele>1903.821</ele><time>2026-06-08T16:50:32Z</time></trkpt><trkpt lat="50.793209" lon="-115.320942"><ele>1903.841</ele><time>2026-06-08T16:50:33Z</time></trkpt><trkpt lat="50.79321" lon="-115.320873"><ele>1903.605</ele><time>2026-06-08T16:50:38Z</time></trkpt><trkpt lat="50.793194" lon="-115.320788"><ele>1903.009</ele><time>2026-06-08T16:50:45Z</time></trkpt><trkpt lat="50.79319" lon="-115.320769"><ele>1902.814</ele><time>2026-06-08T16:50:46Z</time></trkpt><trkpt lat="50.79317" lon="-115.320687"><ele>1901.618</ele><time>2026-06-08T16:50:51Z</time></trkpt><trkpt lat="50.793166" lon="-115.320668"><ele>1901.430</ele><time>2026-06-08T16:50:52Z</time></trkpt><trkpt lat="50.793145" lon="-115.320596"><ele>1900.656</ele><time>2026-06-08T16:50:57Z</time></trkpt><trkpt lat="50.79313" lon="-115.320559"><ele>1900.268</ele><time>2026-06-08T16:51:00Z</time></trkpt><trkpt lat="50.79309" lon="-115.320474"><ele>1899.630</ele><time>2026-06-08T16:51:06Z</time></trkpt><trkpt lat="50.793085" lon="-115.320461"><ele>1899.494</ele><time>2026-06-08T16:51:07Z</time></trkpt><trkpt lat="50.793043" lon="-115.320326"><ele>1899.279</ele><time>2026-06-08T16:51:16Z</time></trkpt><trkpt lat="50.793025" lon="-115.320206"><ele>1898.858</ele><time>2026-06-08T16:51:25Z</time></trkpt><trkpt lat="50.79302" lon="-115.320191"><ele>1898.674</ele><time>2026-06-08T16:51:27Z</time></trkpt><trkpt lat="50.793005" lon="-115.320162"><ele>1898.256</ele><time>2026-06-08T16:51:31Z</time></trkpt><trkpt lat="50.792992" lon="-115.320162"><ele>1898.221</ele><time>2026-06-08T16:51:38Z</time></trkpt><trkpt lat="50.792995" lon="-115.320182"><ele>1898.209</ele><time>2026-06-08T16:51:47Z</time></trkpt><trkpt lat="50.792972" lon="-115.32018"><ele>1898.029</ele><time>2026-06-08T16:51:55Z</time></trkpt><trkpt lat="50.792966" lon="-115.320167"><ele>1897.883</ele><time>2026-06-08T16:52:04Z</time></trkpt><trkpt lat="50.792965" lon="-115.320166"><ele>1897.435</ele><time>2026-06-08T16:52:09Z</time></trkpt><trkpt lat="50.792965" lon="-115.320166"><ele>1897.621</ele><time>2026-06-08T16:52:21Z</time></trkpt><trkpt lat="50.792969" lon="-115.320166"><ele>1897.893</ele><time>2026-06-08T16:52:33Z</time></trkpt><trkpt lat="50.792959" lon="-115.320168"><ele>1898.025</ele><time>2026-06-08T16:52:40Z</time></trkpt><trkpt lat="50.792988" lon="-115.32016"><ele>1897.639</ele><time>2026-06-08T16:52:49Z</time></trkpt><trkpt lat="50.792975" lon="-115.320175"><ele>1897.484</ele><time>2026-06-08T16:52:58Z</time></trkpt><trkpt lat="50.792985" lon="-115.320175"><ele>1897.243</ele><time>2026-06-08T16:53:07Z</time></trkpt><trkpt lat="50.792981" lon="-115.320175"><ele>1897.256</ele><time>2026-06-08T16:53:12Z</time></trkpt><trkpt lat="50.792977" lon="-115.32017"><ele>1897.259</ele><time>2026-06-08T16:53:13Z</time></trkpt><trkpt lat="50.792958" lon="-115.320159"><ele>1897.214</ele><time>2026-06-08T16:53:16Z</time></trkpt><trkpt lat="50.792969" lon="-115.32016"><ele>1897.609</ele><time>2026-06-08T16:53:26Z</time></trkpt><trkpt lat="50.792977" lon="-115.320157"><ele>1897.667</ele><time>2026-06-08T16:53:38Z</time></trkpt><trkpt lat="50.792965" lon="-115.320147"><ele>1897.651</ele><time>2026-06-08T16:53:50Z</time></trkpt><trkpt lat="50.792965" lon="-115.320166"><ele>1897.623</ele><time>2026-06-08T16:54:07Z</time></trkpt><trkpt lat="50.792974" lon="-115.320152"><ele>1897.019</ele><time>2026-06-08T16:54:21Z</time></trkpt><trkpt lat="50.792968" lon="-115.320157"><ele>1897.241</ele><time>2026-06-08T16:54:25Z</time></trkpt><trkpt lat="50.792967" lon="-115.320155"><ele>1897.213</ele><time>2026-06-08T16:54:30Z</time></trkpt><trkpt lat="50.792967" lon="-115.320157"><ele>1897.077</ele><time>2026-06-08T16:54:43Z</time></trkpt><trkpt lat="50.792981" lon="-115.32015"><ele>1897.222</ele><time>2026-06-08T16:54:49Z</time></trkpt><trkpt lat="50.792983" lon="-115.320158"><ele>1897.411</ele><time>2026-06-08T16:54:56Z</time></trkpt><trkpt lat="50.792981" lon="-115.320157"><ele>1897.674</ele><time>2026-06-08T16:55:05Z</time></trkpt><trkpt lat="50.792971" lon="-115.320169"><ele>1897.656</ele><time>2026-06-08T16:55:08Z</time></trkpt><trkpt lat="50.79298" lon="-115.320157"><ele>1897.821</ele><time>2026-06-08T16:55:14Z</time></trkpt><trkpt lat="50.79298" lon="-115.320158"><ele>1897.809</ele><time>2026-06-08T16:55:18Z</time></trkpt><trkpt lat="50.792974" lon="-115.320181"><ele>1897.469</ele><time>2026-06-08T16:55:34Z</time></trkpt><trkpt lat="50.792971" lon="-115.320161"><ele>1897.453</ele><time>2026-06-08T16:55:43Z</time></trkpt><trkpt lat="50.792972" lon="-115.320165"><ele>1897.425</ele><time>2026-06-08T16:55:55Z</time></trkpt><trkpt lat="50.792966" lon="-115.320158"><ele>1897.831</ele><time>2026-06-08T16:56:06Z</time></trkpt><trkpt lat="50.79296" lon="-115.320166"><ele>1897.473</ele><time>2026-06-08T16:56:13Z</time></trkpt><trkpt lat="50.792963" lon="-115.320177"><ele>1897.475</ele><time>2026-06-08T16:56:24Z</time></trkpt><trkpt lat="50.792965" lon="-115.320175"><ele>1897.479</ele><time>2026-06-08T16:56:25Z</time></trkpt><trkpt lat="50.79297" lon="-115.320168"><ele>1897.684</ele><time>2026-06-08T16:56:27Z</time></trkpt><trkpt lat="50.792975" lon="-115.320167"><ele>1897.883</ele><time>2026-06-08T16:56:30Z</time></trkpt><trkpt lat="50.792988" lon="-115.320163"><ele>1897.822</ele><time>2026-06-08T16:56:41Z</time></trkpt><trkpt lat="50.792975" lon="-115.320166"><ele>1898.062</ele><time>2026-06-08T16:56:55Z</time></trkpt><trkpt lat="50.792968" lon="-115.32017"><ele>1897.808</ele><time>2026-06-08T16:57:02Z</time></trkpt><trkpt lat="50.792961" lon="-115.320174"><ele>1898.009</ele><time>2026-06-08T16:57:08Z</time></trkpt><trkpt lat="50.792968" lon="-115.320161"><ele>1898.294</ele><time>2026-06-08T16:57:19Z</time></trkpt><trkpt lat="50.792955" lon="-115.320177"><ele>1897.818</ele><time>2026-06-08T16:57:30Z</time></trkpt><trkpt lat="50.792971" lon="-115.320172"><ele>1897.860</ele><time>2026-06-08T16:57:34Z</time></trkpt><trkpt lat="50.792976" lon="-115.320168"><ele>1897.666</ele><time>2026-06-08T16:57:36Z</time></trkpt><trkpt lat="50.792976" lon="-115.320145"><ele>1897.898</ele><time>2026-06-08T16:57:39Z</time></trkpt><trkpt lat="50.792973" lon="-115.320149"><ele>1898.060</ele><time>2026-06-08T16:57:42Z</time></trkpt><trkpt lat="50.792963" lon="-115.320143"><ele>1897.814</ele><time>2026-06-08T16:57:53Z</time></trkpt><trkpt lat="50.792969" lon="-115.320163"><ele>1898.029</ele><time>2026-06-08T16:58:05Z</time></trkpt><trkpt lat="50.792969" lon="-115.320167"><ele>1898.068</ele><time>2026-06-08T16:58:15Z</time></trkpt><trkpt lat="50.792979" lon="-115.320172"><ele>1898.211</ele><time>2026-06-08T16:58:26Z</time></trkpt><trkpt lat="50.792985" lon="-115.320167"><ele>1897.821</ele><time>2026-06-08T16:58:41Z</time></trkpt><trkpt lat="50.792981" lon="-115.320163"><ele>1897.603</ele><time>2026-06-08T16:58:48Z</time></trkpt><trkpt lat="50.792966" lon="-115.320161"><ele>1897.609</ele><time>2026-06-08T16:58:54Z</time></trkpt><trkpt lat="50.792971" lon="-115.320175"><ele>1898.223</ele><time>2026-06-08T16:59:07Z</time></trkpt><trkpt lat="50.792976" lon="-115.320156"><ele>1898.497</ele><time>2026-06-08T16:59:18Z</time></trkpt><trkpt lat="50.792971" lon="-115.320168"><ele>1898.489</ele><time>2026-06-08T16:59:27Z</time></trkpt><trkpt lat="50.792971" lon="-115.320166"><ele>1898.645</ele><time>2026-06-08T16:59:35Z</time></trkpt><trkpt lat="50.792981" lon="-115.320174"><ele>1898.677</ele><time>2026-06-08T16:59:43Z</time></trkpt><trkpt lat="50.792986" lon="-115.320176"><ele>1898.679</ele><time>2026-06-08T16:59:44Z</time></trkpt><trkpt lat="50.792988" lon="-115.320166"><ele>1898.653</ele><time>2026-06-08T16:59:46Z</time></trkpt><trkpt lat="50.792989" lon="-115.320159"><ele>1898.448</ele><time>2026-06-08T16:59:48Z</time></trkpt><trkpt lat="50.792988" lon="-115.320171"><ele>1898.447</ele><time>2026-06-08T16:59:56Z</time></trkpt><trkpt lat="50.792999" lon="-115.320163"><ele>1898.854</ele><time>2026-06-08T17:00:10Z</time></trkpt><trkpt lat="50.792996" lon="-115.320158"><ele>1898.656</ele><time>2026-06-08T17:00:19Z</time></trkpt><trkpt lat="50.792986" lon="-115.320153"><ele>1898.611</ele><time>2026-06-08T17:00:24Z</time></trkpt><trkpt lat="50.792983" lon="-115.320152"><ele>1898.609</ele><time>2026-06-08T17:00:26Z</time></trkpt><trkpt lat="50.792972" lon="-115.320168"><ele>1898.497</ele><time>2026-06-08T17:00:35Z</time></trkpt><trkpt lat="50.792972" lon="-115.320168"><ele>1898.891</ele><time>2026-06-08T17:00:40Z</time></trkpt><trkpt lat="50.792968" lon="-115.320157"><ele>1898.493</ele><time>2026-06-08T17:00:49Z</time></trkpt><trkpt lat="50.792969" lon="-115.320152"><ele>1898.499</ele><time>2026-06-08T17:00:50Z</time></trkpt><trkpt lat="50.792968" lon="-115.320154"><ele>1898.291</ele><time>2026-06-08T17:00:56Z</time></trkpt><trkpt lat="50.792966" lon="-115.320156"><ele>1898.283</ele><time>2026-06-08T17:00:59Z</time></trkpt><trkpt lat="50.792969" lon="-115.320163"><ele>1898.277</ele><time>2026-06-08T17:01:12Z</time></trkpt><trkpt lat="50.792981" lon="-115.320179"><ele>1898.212</ele><time>2026-06-08T17:01:20Z</time></trkpt><trkpt lat="50.792988" lon="-115.320181"><ele>1898.011</ele><time>2026-06-08T17:01:24Z</time></trkpt><trkpt lat="50.79298" lon="-115.320167"><ele>1898.043</ele><time>2026-06-08T17:01:33Z</time></trkpt><trkpt lat="50.792977" lon="-115.320167"><ele>1898.064</ele><time>2026-06-08T17:01:36Z</time></trkpt><trkpt lat="50.792972" lon="-115.320168"><ele>1898.010</ele><time>2026-06-08T17:01:51Z</time></trkpt><trkpt lat="50.792972" lon="-115.320168"><ele>1898.009</ele><time>2026-06-08T17:01:58Z</time></trkpt><trkpt lat="50.792972" lon="-115.320168"><ele>1898.066</ele><time>2026-06-08T17:02:00Z</time></trkpt><trkpt lat="50.792975" lon="-115.320162"><ele>1897.890</ele><time>2026-06-08T17:02:03Z</time></trkpt><trkpt lat="50.792975" lon="-115.32017"><ele>1898.012</ele><time>2026-06-08T17:02:07Z</time></trkpt><trkpt lat="50.792987" lon="-115.320155"><ele>1897.898</ele><time>2026-06-08T17:02:17Z</time></trkpt><trkpt lat="50.792987" lon="-115.320155"><ele>1898.260</ele><time>2026-06-08T17:02:32Z</time></trkpt><trkpt lat="50.792992" lon="-115.320158"><ele>1898.022</ele><time>2026-06-08T17:02:39Z</time></trkpt><trkpt lat="50.792997" lon="-115.320161"><ele>1898.096</ele><time>2026-06-08T17:02:43Z</time></trkpt><trkpt lat="50.792996" lon="-115.320165"><ele>1898.271</ele><time>2026-06-08T17:02:44Z</time></trkpt><trkpt lat="50.792975" lon="-115.320161"><ele>1898.210</ele><time>2026-06-08T17:02:53Z</time></trkpt><trkpt lat="50.792978" lon="-115.320155"><ele>1898.049</ele><time>2026-06-08T17:03:00Z</time></trkpt><trkpt lat="50.792977" lon="-115.320153"><ele>1898.202</ele><time>2026-06-08T17:03:12Z</time></trkpt><trkpt lat="50.792989" lon="-115.320169"><ele>1897.822</ele><time>2026-06-08T17:03:22Z</time></trkpt><trkpt lat="50.792983" lon="-115.320161"><ele>1898.009</ele><time>2026-06-08T17:03:34Z</time></trkpt><trkpt lat="50.792967" lon="-115.320169"><ele>1898.046</ele><time>2026-06-08T17:03:46Z</time></trkpt><trkpt lat="50.792976" lon="-115.320164"><ele>1897.820</ele><time>2026-06-08T17:03:57Z</time></trkpt><trkpt lat="50.792981" lon="-115.320158"><ele>1897.882</ele><time>2026-06-08T17:04:02Z</time></trkpt><trkpt lat="50.792985" lon="-115.320157"><ele>1897.458</ele><time>2026-06-08T17:04:06Z</time></trkpt><trkpt lat="50.792984" lon="-115.320155"><ele>1897.660</ele><time>2026-06-08T17:04:09Z</time></trkpt><trkpt lat="50.792968" lon="-115.320159"><ele>1897.642</ele><time>2026-06-08T17:04:18Z</time></trkpt><trkpt lat="50.792964" lon="-115.320172"><ele>1897.876</ele><time>2026-06-08T17:04:25Z</time></trkpt><trkpt lat="50.792958" lon="-115.320173"><ele>1898.071</ele><time>2026-06-08T17:04:29Z</time></trkpt><trkpt lat="50.792972" lon="-115.320171"><ele>1898.220</ele><time>2026-06-08T17:04:41Z</time></trkpt><trkpt lat="50.792967" lon="-115.320173"><ele>1898.256</ele><time>2026-06-08T17:04:52Z</time></trkpt><trkpt lat="50.792965" lon="-115.32017"><ele>1898.259</ele><time>2026-06-08T17:04:54Z</time></trkpt><trkpt lat="50.792962" lon="-115.320165"><ele>1898.014</ele><time>2026-06-08T17:04:56Z</time></trkpt><trkpt lat="50.792965" lon="-115.320149"><ele>1898.009</ele><time>2026-06-08T17:05:03Z</time></trkpt><trkpt lat="50.792947" lon="-115.320154"><ele>1898.277</ele><time>2026-06-08T17:05:14Z</time></trkpt><trkpt lat="50.792985" lon="-115.320165"><ele>1898.431</ele><time>2026-06-08T17:05:28Z</time></trkpt><trkpt lat="50.792974" lon="-115.320136"><ele>1898.043</ele><time>2026-06-08T17:05:38Z</time></trkpt><trkpt lat="50.792974" lon="-115.320154"><ele>1898.089</ele><time>2026-06-08T17:05:49Z</time></trkpt><trkpt lat="50.792974" lon="-115.320158"><ele>1898.031</ele><time>2026-06-08T17:05:50Z</time></trkpt><trkpt lat="50.792969" lon="-115.320159"><ele>1898.033</ele><time>2026-06-08T17:05:56Z</time></trkpt><trkpt lat="50.792954" lon="-115.320159"><ele>1898.077</ele><time>2026-06-08T17:06:00Z</time></trkpt><trkpt lat="50.792981" lon="-115.320165"><ele>1898.222</ele><time>2026-06-08T17:06:12Z</time></trkpt><trkpt lat="50.792973" lon="-115.320161"><ele>1898.011</ele><time>2026-06-08T17:06:24Z</time></trkpt><trkpt lat="50.79296" lon="-115.320156"><ele>1897.876</ele><time>2026-06-08T17:06:35Z</time></trkpt><trkpt lat="50.792963" lon="-115.320154"><ele>1897.490</ele><time>2026-06-08T17:06:49Z</time></trkpt><trkpt lat="50.79296" lon="-115.320174"><ele>1897.419</ele><time>2026-06-08T17:07:02Z</time></trkpt><trkpt lat="50.792945" lon="-115.320176"><ele>1897.409</ele><time>2026-06-08T17:07:16Z</time></trkpt><trkpt lat="50.792953" lon="-115.320178"><ele>1897.289</ele><time>2026-06-08T17:07:21Z</time></trkpt><trkpt lat="50.792971" lon="-115.320169"><ele>1897.243</ele><time>2026-06-08T17:07:27Z</time></trkpt><trkpt lat="50.792957" lon="-115.320177"><ele>1897.225</ele><time>2026-06-08T17:07:38Z</time></trkpt><trkpt lat="50.792984" lon="-115.320195"><ele>1897.241</ele><time>2026-06-08T17:07:50Z</time></trkpt><trkpt lat="50.792977" lon="-115.320177"><ele>1897.413</ele><time>2026-06-08T17:08:00Z</time></trkpt><trkpt lat="50.792984" lon="-115.320167"><ele>1897.445</ele><time>2026-06-08T17:08:05Z</time></trkpt><trkpt lat="50.792974" lon="-115.320162"><ele>1897.449</ele><time>2026-06-08T17:08:15Z</time></trkpt><trkpt lat="50.792982" lon="-115.320168"><ele>1897.214</ele><time>2026-06-08T17:08:25Z</time></trkpt><trkpt lat="50.792971" lon="-115.320154"><ele>1897.613</ele><time>2026-06-08T17:08:32Z</time></trkpt><trkpt lat="50.792971" lon="-115.320153"><ele>1897.463</ele><time>2026-06-08T17:08:34Z</time></trkpt><trkpt lat="50.792973" lon="-115.320153"><ele>1898.244</ele><time>2026-06-08T17:08:44Z</time></trkpt><trkpt lat="50.792972" lon="-115.320157"><ele>1897.618</ele><time>2026-06-08T17:08:53Z</time></trkpt><trkpt lat="50.792966" lon="-115.320158"><ele>1898.009</ele><time>2026-06-08T17:08:59Z</time></trkpt><trkpt lat="50.792964" lon="-115.32016"><ele>1897.878</ele><time>2026-06-08T17:09:01Z</time></trkpt><trkpt lat="50.79297" lon="-115.320173"><ele>1897.862</ele><time>2026-06-08T17:09:12Z</time></trkpt><trkpt lat="50.792974" lon="-115.320174"><ele>1897.824</ele><time>2026-06-08T17:09:15Z</time></trkpt><trkpt lat="50.792993" lon="-115.320166"><ele>1898.270</ele><time>2026-06-08T17:09:21Z</time></trkpt><trkpt lat="50.792969" lon="-115.320175"><ele>1898.222</ele><time>2026-06-08T17:09:32Z</time></trkpt><trkpt lat="50.792971" lon="-115.320176"><ele>1898.474</ele><time>2026-06-08T17:09:37Z</time></trkpt><trkpt lat="50.79296" lon="-115.320164"><ele>1898.038</ele><time>2026-06-08T17:09:46Z</time></trkpt><trkpt lat="50.792949" lon="-115.320169"><ele>1898.013</ele><time>2026-06-08T17:09:58Z</time></trkpt><trkpt lat="50.792952" lon="-115.320182"><ele>1898.012</ele><time>2026-06-08T17:10:11Z</time></trkpt><trkpt lat="50.792965" lon="-115.320173"><ele>1897.869</ele><time>2026-06-08T17:10:21Z</time></trkpt><trkpt lat="50.792962" lon="-115.320165"><ele>1897.804</ele><time>2026-06-08T17:10:22Z</time></trkpt><trkpt lat="50.792961" lon="-115.320156"><ele>1898.024</ele><time>2026-06-08T17:10:24Z</time></trkpt><trkpt lat="50.792966" lon="-115.320128"><ele>1897.609</ele><time>2026-06-08T17:10:36Z</time></trkpt><trkpt lat="50.792963" lon="-115.32013"><ele>1897.838</ele><time>2026-06-08T17:10:41Z</time></trkpt><trkpt lat="50.792963" lon="-115.320131"><ele>1897.892</ele><time>2026-06-08T17:10:42Z</time></trkpt><trkpt lat="50.792964" lon="-115.320132"><ele>1897.884</ele><time>2026-06-08T17:10:43Z</time></trkpt><trkpt lat="50.792963" lon="-115.320137"><ele>1898.060</ele><time>2026-06-08T17:10:48Z</time></trkpt><trkpt lat="50.792953" lon="-115.320123"><ele>1898.012</ele><time>2026-06-08T17:10:55Z</time></trkpt><trkpt lat="50.792946" lon="-115.320136"><ele>1898.074</ele><time>2026-06-08T17:10:58Z</time></trkpt><trkpt lat="50.792957" lon="-115.32013"><ele>1898.078</ele><time>2026-06-08T17:11:02Z</time></trkpt><trkpt lat="50.792973" lon="-115.32015"><ele>1898.283</ele><time>2026-06-08T17:11:16Z</time></trkpt><trkpt lat="50.792952" lon="-115.320137"><ele>1898.012</ele><time>2026-06-08T17:11:24Z</time></trkpt><trkpt lat="50.792957" lon="-115.320154"><ele>1897.818</ele><time>2026-06-08T17:11:35Z</time></trkpt><trkpt lat="50.792967" lon="-115.320158"><ele>1897.898</ele><time>2026-06-08T17:11:38Z</time></trkpt><trkpt lat="50.792971" lon="-115.320158"><ele>1897.817</ele><time>2026-06-08T17:11:39Z</time></trkpt><trkpt lat="50.792971" lon="-115.320152"><ele>1898.009</ele><time>2026-06-08T17:11:43Z</time></trkpt><trkpt lat="50.792972" lon="-115.320162"><ele>1898.073</ele><time>2026-06-08T17:11:48Z</time></trkpt><trkpt lat="50.79298" lon="-115.320172"><ele>1898.037</ele><time>2026-06-08T17:11:55Z</time></trkpt><trkpt lat="50.792981" lon="-115.320305"><ele>1899.489</ele><time>2026-06-08T17:19:40Z</time></trkpt><trkpt lat="50.792942" lon="-115.320246"><ele>1899.665</ele><time>2026-06-08T17:19:46Z</time></trkpt><trkpt lat="50.792903" lon="-115.320215"><ele>1899.287</ele><time>2026-06-08T17:19:51Z</time></trkpt><trkpt lat="50.792873" lon="-115.32019"><ele>1899.479</ele><time>2026-06-08T17:19:54Z</time></trkpt><trkpt lat="50.792825" lon="-115.320149"><ele>1899.613</ele><time>2026-06-08T17:20:00Z</time></trkpt><trkpt lat="50.792773" lon="-115.320078"><ele>1899.898</ele><time>2026-06-08T17:20:08Z</time></trkpt><trkpt lat="50.792747" lon="-115.320048"><ele>1899.837</ele><time>2026-06-08T17:20:12Z</time></trkpt><trkpt lat="50.792707" lon="-115.320003"><ele>1899.471</ele><time>2026-06-08T17:20:17Z</time></trkpt><trkpt lat="50.79263" lon="-115.31992"><ele>1899.841</ele><time>2026-06-08T17:20:26Z</time></trkpt><trkpt lat="50.792572" lon="-115.319844"><ele>1899.215</ele><time>2026-06-08T17:20:33Z</time></trkpt><trkpt lat="50.792546" lon="-115.319755"><ele>1899.209</ele><time>2026-06-08T17:20:40Z</time></trkpt><trkpt lat="50.792523" lon="-115.319717"><ele>1899.099</ele><time>2026-06-08T17:20:44Z</time></trkpt><trkpt lat="50.792515" lon="-115.319667"><ele>1899.243</ele><time>2026-06-08T17:20:48Z</time></trkpt><trkpt lat="50.792495" lon="-115.319612"><ele>1899.255</ele><time>2026-06-08T17:20:53Z</time></trkpt><trkpt lat="50.792465" lon="-115.319511"><ele>1899.651</ele><time>2026-06-08T17:21:01Z</time></trkpt><trkpt lat="50.792451" lon="-115.319438"><ele>1899.683</ele><time>2026-06-08T17:21:06Z</time></trkpt><trkpt lat="50.792433" lon="-115.319383"><ele>1899.415</ele><time>2026-06-08T17:21:09Z</time></trkpt><trkpt lat="50.792428" lon="-115.319369"><ele>1899.419</ele><time>2026-06-08T17:21:10Z</time></trkpt><trkpt lat="50.792349" lon="-115.319234"><ele>1899.254</ele><time>2026-06-08T17:21:20Z</time></trkpt><trkpt lat="50.792325" lon="-115.31919"><ele>1899.683</ele><time>2026-06-08T17:21:26Z</time></trkpt><trkpt lat="50.792275" lon="-115.319121"><ele>1899.223</ele><time>2026-06-08T17:21:32Z</time></trkpt><trkpt lat="50.792267" lon="-115.319107"><ele>1899.283</ele><time>2026-06-08T17:21:33Z</time></trkpt><trkpt lat="50.79219" lon="-115.319001"><ele>1899.411</ele><time>2026-06-08T17:21:41Z</time></trkpt><trkpt lat="50.79216" lon="-115.318865"><ele>1899.209</ele><time>2026-06-08T17:21:51Z</time></trkpt><trkpt lat="50.792109" lon="-115.318739"><ele>1898.644</ele><time>2026-06-08T17:21:59Z</time></trkpt><trkpt lat="50.792099" lon="-115.318612"><ele>1899.218</ele><time>2026-06-08T17:22:07Z</time></trkpt><trkpt lat="50.792092" lon="-115.318531"><ele>1899.680</ele><time>2026-06-08T17:22:14Z</time></trkpt><trkpt lat="50.792097" lon="-115.318437"><ele>1899.866</ele><time>2026-06-08T17:22:21Z</time></trkpt><trkpt lat="50.792118" lon="-115.318322"><ele>1899.818</ele><time>2026-06-08T17:22:29Z</time></trkpt><trkpt lat="50.79211" lon="-115.318246"><ele>1899.860</ele><time>2026-06-08T17:22:35Z</time></trkpt><trkpt lat="50.792109" lon="-115.318207"><ele>1899.864</ele><time>2026-06-08T17:22:38Z</time></trkpt><trkpt lat="50.792144" lon="-115.318021"><ele>1899.699</ele><time>2026-06-08T17:22:48Z</time></trkpt><trkpt lat="50.792154" lon="-115.317879"><ele>1899.498</ele><time>2026-06-08T17:22:56Z</time></trkpt><trkpt lat="50.792129" lon="-115.317696"><ele>1899.289</ele><time>2026-06-08T17:23:07Z</time></trkpt><trkpt lat="50.792122" lon="-115.317567"><ele>1898.806</ele><time>2026-06-08T17:23:15Z</time></trkpt><trkpt lat="50.792124" lon="-115.317449"><ele>1900.226</ele><time>2026-06-08T17:23:21Z</time></trkpt><trkpt lat="50.792123" lon="-115.317429"><ele>1900.009</ele><time>2026-06-08T17:23:23Z</time></trkpt><trkpt lat="50.792116" lon="-115.317337"><ele>1900.080</ele><time>2026-06-08T17:23:32Z</time></trkpt><trkpt lat="50.792099" lon="-115.317252"><ele>1900.434</ele><time>2026-06-08T17:23:39Z</time></trkpt><trkpt lat="50.792097" lon="-115.317246"><ele>1900.446</ele><time>2026-06-08T17:23:40Z</time></trkpt><trkpt lat="50.792091" lon="-115.317231"><ele>1900.412</ele><time>2026-06-08T17:23:42Z</time></trkpt><trkpt lat="50.792083" lon="-115.317204"><ele>1900.644</ele><time>2026-06-08T17:23:48Z</time></trkpt><trkpt lat="50.792074" lon="-115.317115"><ele>1900.486</ele><time>2026-06-08T17:23:56Z</time></trkpt><trkpt lat="50.792081" lon="-115.31701"><ele>1900.830</ele><time>2026-06-08T17:24:03Z</time></trkpt><trkpt lat="50.792096" lon="-115.316901"><ele>1901.445</ele><time>2026-06-08T17:24:11Z</time></trkpt><trkpt lat="50.792095" lon="-115.316889"><ele>1901.694</ele><time>2026-06-08T17:24:12Z</time></trkpt><trkpt lat="50.792083" lon="-115.31682"><ele>1901.414</ele><time>2026-06-08T17:24:19Z</time></trkpt><trkpt lat="50.792078" lon="-115.316757"><ele>1901.454</ele><time>2026-06-08T17:24:26Z</time></trkpt><trkpt lat="50.792077" lon="-115.31675"><ele>1901.409</ele><time>2026-06-08T17:24:27Z</time></trkpt><trkpt lat="50.792073" lon="-115.316685"><ele>1901.209</ele><time>2026-06-08T17:24:34Z</time></trkpt><trkpt lat="50.792027" lon="-115.316563"><ele>1900.873</ele><time>2026-06-08T17:24:42Z</time></trkpt><trkpt lat="50.792004" lon="-115.316481"><ele>1900.467</ele><time>2026-06-08T17:24:48Z</time></trkpt><trkpt lat="50.791995" lon="-115.316456"><ele>1900.449</ele><time>2026-06-08T17:24:51Z</time></trkpt><trkpt lat="50.791969" lon="-115.316413"><ele>1900.285</ele><time>2026-06-08T17:24:55Z</time></trkpt><trkpt lat="50.791952" lon="-115.316371"><ele>1900.457</ele><time>2026-06-08T17:24:58Z</time></trkpt><trkpt lat="50.791948" lon="-115.316356"><ele>1900.459</ele><time>2026-06-08T17:24:59Z</time></trkpt><trkpt lat="50.791896" lon="-115.316241"><ele>1900.853</ele><time>2026-06-08T17:25:08Z</time></trkpt><trkpt lat="50.791805" lon="-115.316157"><ele>1900.228</ele><time>2026-06-08T17:25:17Z</time></trkpt><trkpt lat="50.791781" lon="-115.316142"><ele>1900.487</ele><time>2026-06-08T17:25:21Z</time></trkpt><trkpt lat="50.791771" lon="-115.316145"><ele>1900.667</ele><time>2026-06-08T17:25:22Z</time></trkpt><trkpt lat="50.791762" lon="-115.316137"><ele>1900.881</ele><time>2026-06-08T17:25:24Z</time></trkpt><trkpt lat="50.791726" lon="-115.316129"><ele>1901.419</ele><time>2026-06-08T17:25:30Z</time></trkpt><trkpt lat="50.79172" lon="-115.316131"><ele>1901.609</ele><time>2026-06-08T17:25:31Z</time></trkpt><trkpt lat="50.791658" lon="-115.316102"><ele>1902.288</ele><time>2026-06-08T17:25:38Z</time></trkpt><trkpt lat="50.791607" lon="-115.316082"><ele>1902.482</ele><time>2026-06-08T17:25:44Z</time></trkpt><trkpt lat="50.791583" lon="-115.316072"><ele>1902.464</ele><time>2026-06-08T17:25:47Z</time></trkpt><trkpt lat="50.791572" lon="-115.316064"><ele>1902.660</ele><time>2026-06-08T17:25:49Z</time></trkpt><trkpt lat="50.791538" lon="-115.316012"><ele>1903.462</ele><time>2026-06-08T17:25:56Z</time></trkpt><trkpt lat="50.791514" lon="-115.315982"><ele>1903.694</ele><time>2026-06-08T17:25:59Z</time></trkpt><trkpt lat="50.791487" lon="-115.315944"><ele>1904.038</ele><time>2026-06-08T17:26:03Z</time></trkpt><trkpt lat="50.79145" lon="-115.315879"><ele>1904.683</ele><time>2026-06-08T17:26:10Z</time></trkpt><trkpt lat="50.791442" lon="-115.315853"><ele>1904.882</ele><time>2026-06-08T17:26:13Z</time></trkpt><trkpt lat="50.791422" lon="-115.315821"><ele>1904.851</ele><time>2026-06-08T17:26:16Z</time></trkpt><trkpt lat="50.791365" lon="-115.315731"><ele>1904.201</ele><time>2026-06-08T17:26:24Z</time></trkpt><trkpt lat="50.791302" lon="-115.315612"><ele>1903.811</ele><time>2026-06-08T17:26:33Z</time></trkpt><trkpt lat="50.791295" lon="-115.315604"><ele>1903.809</ele><time>2026-06-08T17:26:35Z</time></trkpt><trkpt lat="50.791296" lon="-115.315603"><ele>1903.867</ele><time>2026-06-08T17:26:41Z</time></trkpt><trkpt lat="50.791296" lon="-115.3156"><ele>1903.871</ele><time>2026-06-08T17:26:44Z</time></trkpt><trkpt lat="50.791301" lon="-115.315593"><ele>1903.883</ele><time>2026-06-08T17:26:52Z</time></trkpt><trkpt lat="50.791303" lon="-115.3156"><ele>1903.639</ele><time>2026-06-08T17:26:57Z</time></trkpt><trkpt lat="50.791305" lon="-115.315595"><ele>1903.811</ele><time>2026-06-08T17:27:00Z</time></trkpt><trkpt lat="50.791258" lon="-115.315508"><ele>1903.823</ele><time>2026-06-08T17:27:06Z</time></trkpt><trkpt lat="50.791181" lon="-115.315408"><ele>1903.837</ele><time>2026-06-08T17:27:13Z</time></trkpt><trkpt lat="50.791087" lon="-115.315309"><ele>1903.842</ele><time>2026-06-08T17:27:22Z</time></trkpt><trkpt lat="50.791038" lon="-115.315279"><ele>1903.811</ele><time>2026-06-08T17:27:26Z</time></trkpt><trkpt lat="50.790993" lon="-115.315271"><ele>1903.839</ele><time>2026-06-08T17:27:30Z</time></trkpt><trkpt lat="50.790871" lon="-115.315273"><ele>1903.601</ele><time>2026-06-08T17:27:40Z</time></trkpt><trkpt lat="50.790779" lon="-115.315295"><ele>1903.221</ele><time>2026-06-08T17:27:48Z</time></trkpt><trkpt lat="50.790694" lon="-115.315329"><ele>1903.409</ele><time>2026-06-08T17:27:56Z</time></trkpt><trkpt lat="50.790611" lon="-115.315343"><ele>1903.255</ele><time>2026-06-08T17:28:04Z</time></trkpt><trkpt lat="50.790577" lon="-115.31535"><ele>1903.249</ele><time>2026-06-08T17:28:07Z</time></trkpt><trkpt lat="50.790513" lon="-115.315351"><ele>1902.891</ele><time>2026-06-08T17:28:13Z</time></trkpt><trkpt lat="50.790437" lon="-115.315332"><ele>1902.667</ele><time>2026-06-08T17:28:20Z</time></trkpt><trkpt lat="50.790412" lon="-115.315319"><ele>1902.439</ele><time>2026-06-08T17:28:22Z</time></trkpt><trkpt lat="50.790393" lon="-115.315306"><ele>1902.291</ele><time>2026-06-08T17:28:24Z</time></trkpt><trkpt lat="50.790376" lon="-115.315294"><ele>1902.235</ele><time>2026-06-08T17:28:26Z</time></trkpt><trkpt lat="50.790354" lon="-115.315258"><ele>1902.050</ele><time>2026-06-08T17:28:29Z</time></trkpt><trkpt lat="50.790352" lon="-115.315238"><ele>1901.899</ele><time>2026-06-08T17:28:30Z</time></trkpt><trkpt lat="50.790373" lon="-115.315219"><ele>1901.624</ele><time>2026-06-08T17:28:33Z</time></trkpt><trkpt lat="50.790385" lon="-115.315219"><ele>1901.604</ele><time>2026-06-08T17:28:34Z</time></trkpt><trkpt lat="50.790391" lon="-115.315216"><ele>1901.614</ele><time>2026-06-08T17:28:36Z</time></trkpt><trkpt lat="50.790397" lon="-115.315173"><ele>1901.409</ele><time>2026-06-08T17:28:40Z</time></trkpt><trkpt lat="50.790392" lon="-115.315143"><ele>1901.224</ele><time>2026-06-08T17:28:42Z</time></trkpt><trkpt lat="50.790393" lon="-115.315098"><ele>1900.868</ele><time>2026-06-08T17:28:46Z</time></trkpt><trkpt lat="50.790396" lon="-115.315064"><ele>1900.880</ele><time>2026-06-08T17:28:49Z</time></trkpt><trkpt lat="50.790384" lon="-115.314987"><ele>1901.296</ele><time>2026-06-08T17:28:57Z</time></trkpt><trkpt lat="50.790376" lon="-115.314973"><ele>1901.278</ele><time>2026-06-08T17:29:01Z</time></trkpt><trkpt lat="50.79037" lon="-115.314981"><ele>1901.090</ele><time>2026-06-08T17:29:06Z</time></trkpt><trkpt lat="50.790362" lon="-115.314958"><ele>1900.854</ele><time>2026-06-08T17:29:14Z</time></trkpt><trkpt lat="50.790363" lon="-115.31495"><ele>1900.669</ele><time>2026-06-08T17:29:17Z</time></trkpt><trkpt lat="50.790352" lon="-115.314929"><ele>1900.428</ele><time>2026-06-08T17:29:25Z</time></trkpt><trkpt lat="50.790333" lon="-115.314938"><ele>1900.867</ele><time>2026-06-08T17:29:32Z</time></trkpt><trkpt lat="50.790336" lon="-115.314951"><ele>1900.681</ele><time>2026-06-08T17:29:36Z</time></trkpt><trkpt lat="50.790335" lon="-115.314953"><ele>1900.219</ele><time>2026-06-08T17:29:40Z</time></trkpt><trkpt lat="50.790324" lon="-115.314923"><ele>1900.609</ele><time>2026-06-08T17:29:46Z</time></trkpt><trkpt lat="50.79032" lon="-115.314945"><ele>1900.878</ele><time>2026-06-08T17:29:54Z</time></trkpt><trkpt lat="50.790346" lon="-115.314973"><ele>1901.042</ele><time>2026-06-08T17:30:03Z</time></trkpt><trkpt lat="50.790332" lon="-115.314964"><ele>1900.844</ele><time>2026-06-08T17:30:10Z</time></trkpt><trkpt lat="50.790308" lon="-115.31498"><ele>1900.630</ele><time>2026-06-08T17:30:20Z</time></trkpt><trkpt lat="50.79031" lon="-115.314971"><ele>1901.072</ele><time>2026-06-08T17:30:29Z</time></trkpt><trkpt lat="50.790316" lon="-115.31497"><ele>1901.214</ele><time>2026-06-08T17:30:33Z</time></trkpt><trkpt lat="50.79032" lon="-115.314958"><ele>1901.278</ele><time>2026-06-08T17:30:39Z</time></trkpt><trkpt lat="50.790308" lon="-115.314951"><ele>1901.633</ele><time>2026-06-08T17:30:44Z</time></trkpt><trkpt lat="50.7903" lon="-115.314958"><ele>1902.042</ele><time>2026-06-08T17:30:48Z</time></trkpt><trkpt lat="50.790291" lon="-115.314908"><ele>1901.639</ele><time>2026-06-08T17:30:56Z</time></trkpt><trkpt lat="50.790279" lon="-115.314908"><ele>1901.801</ele><time>2026-06-08T17:31:03Z</time></trkpt><trkpt lat="50.790252" lon="-115.314852"><ele>1901.621</ele><time>2026-06-08T17:31:11Z</time></trkpt><trkpt lat="50.790212" lon="-115.3149"><ele>1901.809</ele><time>2026-06-08T17:31:18Z</time></trkpt><trkpt lat="50.790196" lon="-115.314926"><ele>1901.815</ele><time>2026-06-08T17:31:21Z</time></trkpt><trkpt lat="50.790188" lon="-115.314943"><ele>1902.219</ele><time>2026-06-08T17:31:24Z</time></trkpt><trkpt lat="50.790186" lon="-115.314962"><ele>1902.461</ele><time>2026-06-08T17:31:28Z</time></trkpt><trkpt lat="50.790177" lon="-115.315013"><ele>1902.637</ele><time>2026-06-08T17:31:31Z</time></trkpt><trkpt lat="50.790166" lon="-115.315071"><ele>1902.679</ele><time>2026-06-08T17:31:35Z</time></trkpt><trkpt lat="50.790155" lon="-115.31509"><ele>1902.691</ele><time>2026-06-08T17:31:37Z</time></trkpt><trkpt lat="50.790129" lon="-115.315099"><ele>1902.675</ele><time>2026-06-08T17:31:40Z</time></trkpt><trkpt lat="50.790125" lon="-115.315123"><ele>1902.870</ele><time>2026-06-08T17:31:44Z</time></trkpt><trkpt lat="50.790087" lon="-115.315191"><ele>1903.419</ele><time>2026-06-08T17:31:52Z</time></trkpt><trkpt lat="50.790065" lon="-115.315176"><ele>1903.873</ele><time>2026-06-08T17:31:56Z</time></trkpt><trkpt lat="50.790051" lon="-115.315176"><ele>1903.885</ele><time>2026-06-08T17:31:58Z</time></trkpt><trkpt lat="50.789984" lon="-115.315147"><ele>1904.413</ele><time>2026-06-08T17:32:06Z</time></trkpt><trkpt lat="50.789933" lon="-115.315108"><ele>1904.809</ele><time>2026-06-08T17:32:12Z</time></trkpt><trkpt lat="50.789916" lon="-115.315087"><ele>1905.089</ele><time>2026-06-08T17:32:14Z</time></trkpt><trkpt lat="50.789866" lon="-115.315018"><ele>1905.663</ele><time>2026-06-08T17:32:22Z</time></trkpt><trkpt lat="50.789842" lon="-115.315001"><ele>1905.875</ele><time>2026-06-08T17:32:25Z</time></trkpt><trkpt lat="50.789826" lon="-115.314966"><ele>1906.011</ele><time>2026-06-08T17:32:29Z</time></trkpt><trkpt lat="50.789814" lon="-115.314944"><ele>1906.213</ele><time>2026-06-08T17:32:33Z</time></trkpt><trkpt lat="50.789801" lon="-115.314921"><ele>1906.465</ele><time>2026-06-08T17:32:35Z</time></trkpt><trkpt lat="50.789786" lon="-115.314894"><ele>1906.629</ele><time>2026-06-08T17:32:37Z</time></trkpt><trkpt lat="50.789714" lon="-115.314788"><ele>1906.894</ele><time>2026-06-08T17:32:45Z</time></trkpt><trkpt lat="50.789642" lon="-115.314706"><ele>1906.883</ele><time>2026-06-08T17:32:52Z</time></trkpt><trkpt lat="50.789611" lon="-115.31468"><ele>1907.051</ele><time>2026-06-08T17:32:55Z</time></trkpt><trkpt lat="50.789559" lon="-115.314623"><ele>1907.401</ele><time>2026-06-08T17:33:01Z</time></trkpt><trkpt lat="50.789543" lon="-115.314595"><ele>1907.411</ele><time>2026-06-08T17:33:03Z</time></trkpt><trkpt lat="50.789525" lon="-115.314566"><ele>1907.609</ele><time>2026-06-08T17:33:05Z</time></trkpt><trkpt lat="50.789461" lon="-115.314447"><ele>1907.427</ele><time>2026-06-08T17:33:14Z</time></trkpt><trkpt lat="50.789439" lon="-115.314386"><ele>1907.431</ele><time>2026-06-08T17:33:21Z</time></trkpt><trkpt lat="50.789444" lon="-115.314402"><ele>1907.693</ele><time>2026-06-08T17:33:23Z</time></trkpt><trkpt lat="50.789446" lon="-115.314398"><ele>1907.839</ele><time>2026-06-08T17:33:27Z</time></trkpt><trkpt lat="50.789422" lon="-115.314327"><ele>1907.851</ele><time>2026-06-08T17:33:35Z</time></trkpt><trkpt lat="50.789419" lon="-115.314321"><ele>1908.043</ele><time>2026-06-08T17:33:36Z</time></trkpt><trkpt lat="50.789387" lon="-115.314271"><ele>1908.217</ele><time>2026-06-08T17:33:43Z</time></trkpt><trkpt lat="50.789362" lon="-115.314206"><ele>1908.632</ele><time>2026-06-08T17:33:50Z</time></trkpt><trkpt lat="50.789349" lon="-115.314175"><ele>1909.011</ele><time>2026-06-08T17:33:54Z</time></trkpt><trkpt lat="50.789337" lon="-115.314154"><ele>1909.221</ele><time>2026-06-08T17:33:57Z</time></trkpt><trkpt lat="50.789318" lon="-115.314117"><ele>1909.241</ele><time>2026-06-08T17:34:01Z</time></trkpt><trkpt lat="50.789299" lon="-115.314083"><ele>1909.205</ele><time>2026-06-08T17:34:05Z</time></trkpt><trkpt lat="50.78929" lon="-115.314074"><ele>1909.409</ele><time>2026-06-08T17:34:06Z</time></trkpt><trkpt lat="50.78929" lon="-115.314026"><ele>1909.054</ele><time>2026-06-08T17:34:13Z</time></trkpt><trkpt lat="50.78927" lon="-115.314037"><ele>1909.048</ele><time>2026-06-08T17:34:19Z</time></trkpt><trkpt lat="50.789271" lon="-115.314032"><ele>1909.050</ele><time>2026-06-08T17:34:23Z</time></trkpt><trkpt lat="50.789271" lon="-115.314034"><ele>1909.016</ele><time>2026-06-08T17:34:24Z</time></trkpt><trkpt lat="50.789271" lon="-115.314036"><ele>1908.828</ele><time>2026-06-08T17:34:25Z</time></trkpt><trkpt lat="50.78927" lon="-115.314041"><ele>1908.830</ele><time>2026-06-08T17:34:26Z</time></trkpt><trkpt lat="50.789283" lon="-115.314041"><ele>1908.824</ele><time>2026-06-08T17:34:31Z</time></trkpt><trkpt lat="50.789247" lon="-115.313958"><ele>1908.829</ele><time>2026-06-08T17:34:39Z</time></trkpt><trkpt lat="50.78922" lon="-115.3139"><ele>1909.278</ele><time>2026-06-08T17:34:44Z</time></trkpt><trkpt lat="50.789211" lon="-115.313885"><ele>1909.212</ele><time>2026-06-08T17:34:47Z</time></trkpt><trkpt lat="50.789194" lon="-115.31381"><ele>1909.432</ele><time>2026-06-08T17:34:56Z</time></trkpt><trkpt lat="50.789179" lon="-115.313716"><ele>1910.005</ele><time>2026-06-08T17:35:03Z</time></trkpt><trkpt lat="50.789176" lon="-115.313703"><ele>1910.009</ele><time>2026-06-08T17:35:04Z</time></trkpt><trkpt lat="50.789142" lon="-115.313602"><ele>1910.453</ele><time>2026-06-08T17:35:11Z</time></trkpt><trkpt lat="50.789122" lon="-115.313519"><ele>1910.897</ele><time>2026-06-08T17:35:17Z</time></trkpt><trkpt lat="50.789121" lon="-115.313507"><ele>1910.849</ele><time>2026-06-08T17:35:18Z</time></trkpt><trkpt lat="50.78911" lon="-115.313449"><ele>1911.035</ele><time>2026-06-08T17:35:23Z</time></trkpt><trkpt lat="50.789109" lon="-115.31343"><ele>1911.227</ele><time>2026-06-08T17:35:25Z</time></trkpt><trkpt lat="50.789099" lon="-115.313374"><ele>1912.289</ele><time>2026-06-08T17:35:30Z</time></trkpt><trkpt lat="50.789087" lon="-115.313352"><ele>1912.273</ele><time>2026-06-08T17:35:32Z</time></trkpt><trkpt lat="50.789072" lon="-115.313269"><ele>1912.038</ele><time>2026-06-08T17:35:41Z</time></trkpt><trkpt lat="50.789067" lon="-115.313178"><ele>1911.857</ele><time>2026-06-08T17:35:49Z</time></trkpt><trkpt lat="50.789049" lon="-115.313071"><ele>1911.883</ele><time>2026-06-08T17:35:56Z</time></trkpt><trkpt lat="50.789028" lon="-115.312956"><ele>1911.625</ele><time>2026-06-08T17:36:04Z</time></trkpt><trkpt lat="50.788999" lon="-115.312853"><ele>1911.617</ele><time>2026-06-08T17:36:11Z</time></trkpt><trkpt lat="50.788991" lon="-115.312754"><ele>1911.809</ele><time>2026-06-08T17:36:18Z</time></trkpt><trkpt lat="50.788985" lon="-115.312643"><ele>1912.210</ele><time>2026-06-08T17:36:26Z</time></trkpt><trkpt lat="50.788962" lon="-115.312566"><ele>1912.664</ele><time>2026-06-08T17:36:31Z</time></trkpt><trkpt lat="50.788949" lon="-115.312534"><ele>1912.656</ele><time>2026-06-08T17:36:33Z</time></trkpt><trkpt lat="50.788908" lon="-115.312435"><ele>1912.462</ele><time>2026-06-08T17:36:42Z</time></trkpt><trkpt lat="50.788876" lon="-115.312309"><ele>1912.454</ele><time>2026-06-08T17:36:52Z</time></trkpt><trkpt lat="50.788858" lon="-115.312257"><ele>1912.696</ele><time>2026-06-08T17:36:59Z</time></trkpt><trkpt lat="50.788854" lon="-115.312261"><ele>1912.210</ele><time>2026-06-08T17:37:03Z</time></trkpt><trkpt lat="50.788854" lon="-115.312256"><ele>1912.235</ele><time>2026-06-08T17:37:04Z</time></trkpt><trkpt lat="50.788847" lon="-115.312245"><ele>1912.234</ele><time>2026-06-08T17:37:05Z</time></trkpt><trkpt lat="50.788826" lon="-115.312192"><ele>1912.232</ele><time>2026-06-08T17:37:09Z</time></trkpt><trkpt lat="50.78882" lon="-115.312096"><ele>1912.292</ele><time>2026-06-08T17:37:14Z</time></trkpt><trkpt lat="50.788824" lon="-115.311987"><ele>1911.611</ele><time>2026-06-08T17:37:20Z</time></trkpt><trkpt lat="50.788814" lon="-115.311831"><ele>1911.209</ele><time>2026-06-08T17:37:29Z</time></trkpt><trkpt lat="50.788801" lon="-115.311772"><ele>1911.425</ele><time>2026-06-08T17:37:36Z</time></trkpt><trkpt lat="50.788765" lon="-115.311636"><ele>1911.299</ele><time>2026-06-08T17:37:48Z</time></trkpt><trkpt lat="50.788751" lon="-115.311554"><ele>1911.641</ele><time>2026-06-08T17:37:53Z</time></trkpt><trkpt lat="50.788743" lon="-115.311524"><ele>1911.887</ele><time>2026-06-08T17:37:55Z</time></trkpt><trkpt lat="50.78874" lon="-115.311512"><ele>1911.679</ele><time>2026-06-08T17:37:56Z</time></trkpt><trkpt lat="50.788737" lon="-115.311498"><ele>1911.691</ele><time>2026-06-08T17:37:57Z</time></trkpt><trkpt lat="50.788732" lon="-115.311471"><ele>1911.885</ele><time>2026-06-08T17:37:59Z</time></trkpt><trkpt lat="50.78871" lon="-115.311394"><ele>1912.010</ele><time>2026-06-08T17:38:04Z</time></trkpt><trkpt lat="50.788692" lon="-115.311321"><ele>1911.629</ele><time>2026-06-08T17:38:10Z</time></trkpt><trkpt lat="50.788681" lon="-115.31128"><ele>1911.295</ele><time>2026-06-08T17:38:13Z</time></trkpt><trkpt lat="50.788679" lon="-115.311268"><ele>1911.249</ele><time>2026-06-08T17:38:14Z</time></trkpt><trkpt lat="50.788677" lon="-115.311242"><ele>1911.223</ele><time>2026-06-08T17:38:16Z</time></trkpt><trkpt lat="50.788677" lon="-115.311208"><ele>1911.209</ele><time>2026-06-08T17:38:19Z</time></trkpt><trkpt lat="50.78866" lon="-115.311124"><ele>1912.021</ele><time>2026-06-08T17:38:26Z</time></trkpt><trkpt lat="50.788614" lon="-115.310964"><ele>1912.295</ele><time>2026-06-08T17:38:35Z</time></trkpt><trkpt lat="50.788595" lon="-115.310917"><ele>1912.237</ele><time>2026-06-08T17:38:40Z</time></trkpt><trkpt lat="50.788586" lon="-115.310854"><ele>1911.813</ele><time>2026-06-08T17:38:45Z</time></trkpt><trkpt lat="50.788567" lon="-115.310824"><ele>1912.045</ele><time>2026-06-08T17:38:52Z</time></trkpt><trkpt lat="50.788555" lon="-115.310825"><ele>1911.647</ele><time>2026-06-08T17:39:01Z</time></trkpt><trkpt lat="50.788566" lon="-115.310834"><ele>1911.471</ele><time>2026-06-08T17:39:09Z</time></trkpt><trkpt lat="50.788574" lon="-115.310834"><ele>1911.426</ele><time>2026-06-08T17:39:13Z</time></trkpt><trkpt lat="50.78857" lon="-115.310829"><ele>1911.835</ele><time>2026-06-08T17:39:22Z</time></trkpt><trkpt lat="50.788546" lon="-115.310761"><ele>1912.059</ele><time>2026-06-08T17:39:32Z</time></trkpt><trkpt lat="50.788517" lon="-115.310682"><ele>1912.403</ele><time>2026-06-08T17:39:39Z</time></trkpt><trkpt lat="50.788512" lon="-115.310672"><ele>1912.423</ele><time>2026-06-08T17:39:40Z</time></trkpt><trkpt lat="50.788468" lon="-115.310591"><ele>1912.809</ele><time>2026-06-08T17:39:48Z</time></trkpt><trkpt lat="50.788462" lon="-115.310581"><ele>1913.057</ele><time>2026-06-08T17:39:49Z</time></trkpt><trkpt lat="50.788416" lon="-115.310503"><ele>1913.271</ele><time>2026-06-08T17:39:56Z</time></trkpt><trkpt lat="50.788376" lon="-115.310423"><ele>1913.043</ele><time>2026-06-08T17:40:01Z</time></trkpt><trkpt lat="50.788346" lon="-115.310368"><ele>1912.699</ele><time>2026-06-08T17:40:05Z</time></trkpt><trkpt lat="50.788315" lon="-115.310289"><ele>1912.041</ele><time>2026-06-08T17:40:10Z</time></trkpt><trkpt lat="50.788296" lon="-115.310217"><ele>1911.693</ele><time>2026-06-08T17:40:15Z</time></trkpt><trkpt lat="50.788274" lon="-115.310116"><ele>1911.877</ele><time>2026-06-08T17:40:22Z</time></trkpt><trkpt lat="50.78824" lon="-115.310014"><ele>1912.432</ele><time>2026-06-08T17:40:31Z</time></trkpt><trkpt lat="50.788215" lon="-115.309934"><ele>1912.431</ele><time>2026-06-08T17:40:37Z</time></trkpt><trkpt lat="50.788181" lon="-115.30983"><ele>1913.029</ele><time>2026-06-08T17:40:44Z</time></trkpt><trkpt lat="50.788175" lon="-115.309807"><ele>1913.200</ele><time>2026-06-08T17:40:46Z</time></trkpt><trkpt lat="50.78815" lon="-115.309711"><ele>1913.420</ele><time>2026-06-08T17:40:52Z</time></trkpt><trkpt lat="50.78812" lon="-115.309587"><ele>1913.609</ele><time>2026-06-08T17:41:00Z</time></trkpt><trkpt lat="50.788087" lon="-115.309495"><ele>1913.454</ele><time>2026-06-08T17:41:08Z</time></trkpt><trkpt lat="50.78808" lon="-115.309432"><ele>1913.818</ele><time>2026-06-08T17:41:15Z</time></trkpt><trkpt lat="50.788083" lon="-115.3094"><ele>1914.090</ele><time>2026-06-08T17:41:18Z</time></trkpt><trkpt lat="50.788084" lon="-115.309373"><ele>1913.816</ele><time>2026-06-08T17:41:20Z</time></trkpt><trkpt lat="50.788082" lon="-115.309319"><ele>1913.898</ele><time>2026-06-08T17:41:23Z</time></trkpt><trkpt lat="50.788076" lon="-115.309241"><ele>1913.680</ele><time>2026-06-08T17:41:30Z</time></trkpt><trkpt lat="50.788074" lon="-115.309176"><ele>1913.614</ele><time>2026-06-08T17:41:35Z</time></trkpt><trkpt lat="50.788072" lon="-115.309155"><ele>1913.649</ele><time>2026-06-08T17:41:37Z</time></trkpt><trkpt lat="50.788057" lon="-115.309014"><ele>1913.458</ele><time>2026-06-08T17:41:45Z</time></trkpt><trkpt lat="50.788043" lon="-115.308885"><ele>1912.827</ele><time>2026-06-08T17:41:52Z</time></trkpt><trkpt lat="50.788045" lon="-115.308871"><ele>1912.668</ele><time>2026-06-08T17:41:53Z</time></trkpt><trkpt lat="50.788046" lon="-115.308788"><ele>1912.014</ele><time>2026-06-08T17:41:57Z</time></trkpt><trkpt lat="50.788037" lon="-115.30872"><ele>1912.009</ele><time>2026-06-08T17:42:01Z</time></trkpt><trkpt lat="50.788008" lon="-115.308566"><ele>1911.814</ele><time>2026-06-08T17:42:10Z</time></trkpt><trkpt lat="50.787988" lon="-115.308441"><ele>1911.668</ele><time>2026-06-08T17:42:17Z</time></trkpt><trkpt lat="50.787987" lon="-115.308383"><ele>1911.410</ele><time>2026-06-08T17:42:20Z</time></trkpt><trkpt lat="50.787977" lon="-115.308329"><ele>1911.226</ele><time>2026-06-08T17:42:23Z</time></trkpt><trkpt lat="50.787962" lon="-115.308204"><ele>1911.878</ele><time>2026-06-08T17:42:31Z</time></trkpt><trkpt lat="50.787942" lon="-115.308116"><ele>1912.840</ele><time>2026-06-08T17:42:38Z</time></trkpt><trkpt lat="50.787912" lon="-115.307995"><ele>1912.694</ele><time>2026-06-08T17:42:46Z</time></trkpt><trkpt lat="50.787888" lon="-115.307877"><ele>1912.679</ele><time>2026-06-08T17:42:54Z</time></trkpt><trkpt lat="50.787877" lon="-115.307783"><ele>1912.678</ele><time>2026-06-08T17:42:59Z</time></trkpt><trkpt lat="50.787877" lon="-115.307737"><ele>1912.678</ele><time>2026-06-08T17:43:02Z</time></trkpt><trkpt lat="50.787882" lon="-115.307614"><ele>1912.233</ele><time>2026-06-08T17:43:11Z</time></trkpt><trkpt lat="50.787925" lon="-115.307436"><ele>1912.226</ele><time>2026-06-08T17:43:20Z</time></trkpt><trkpt lat="50.787966" lon="-115.307311"><ele>1911.409</ele><time>2026-06-08T17:43:27Z</time></trkpt><trkpt lat="50.787988" lon="-115.30726"><ele>1911.089</ele><time>2026-06-08T17:43:30Z</time></trkpt><trkpt lat="50.788034" lon="-115.307188"><ele>1910.633</ele><time>2026-06-08T17:43:35Z</time></trkpt><trkpt lat="50.788101" lon="-115.307093"><ele>1911.015</ele><time>2026-06-08T17:43:43Z</time></trkpt><trkpt lat="50.7882" lon="-115.307014"><ele>1910.631</ele><time>2026-06-08T17:43:52Z</time></trkpt><trkpt lat="50.788276" lon="-115.306974"><ele>1910.473</ele><time>2026-06-08T17:43:59Z</time></trkpt><trkpt lat="50.788287" lon="-115.306968"><ele>1910.275</ele><time>2026-06-08T17:44:00Z</time></trkpt><trkpt lat="50.788309" lon="-115.30696"><ele>1910.229</ele><time>2026-06-08T17:44:02Z</time></trkpt><trkpt lat="50.78834" lon="-115.306949"><ele>1909.834</ele><time>2026-06-08T17:44:05Z</time></trkpt><trkpt lat="50.788391" lon="-115.306923"><ele>1909.423</ele><time>2026-06-08T17:44:10Z</time></trkpt><trkpt lat="50.78846" lon="-115.306898"><ele>1908.854</ele><time>2026-06-08T17:44:16Z</time></trkpt><trkpt lat="50.78849" lon="-115.306898"><ele>1908.256</ele><time>2026-06-08T17:44:19Z</time></trkpt><trkpt lat="50.788519" lon="-115.306886"><ele>1907.811</ele><time>2026-06-08T17:44:22Z</time></trkpt><trkpt lat="50.788586" lon="-115.306853"><ele>1907.209</ele><time>2026-06-08T17:44:28Z</time></trkpt><trkpt lat="50.788652" lon="-115.30682"><ele>1907.297</ele><time>2026-06-08T17:44:34Z</time></trkpt><trkpt lat="50.788706" lon="-115.306779"><ele>1906.811</ele><time>2026-06-08T17:44:40Z</time></trkpt><trkpt lat="50.788704" lon="-115.306782"><ele>1906.693</ele><time>2026-06-08T17:44:44Z</time></trkpt><trkpt lat="50.7887" lon="-115.306785"><ele>1906.429</ele><time>2026-06-08T17:44:45Z</time></trkpt><trkpt lat="50.788723" lon="-115.306771"><ele>1906.671</ele><time>2026-06-08T17:44:51Z</time></trkpt><trkpt lat="50.788734" lon="-115.306759"><ele>1906.693</ele><time>2026-06-08T17:44:52Z</time></trkpt><trkpt lat="50.788776" lon="-115.306696"><ele>1906.417</ele><time>2026-06-08T17:44:57Z</time></trkpt><trkpt lat="50.788799" lon="-115.30666"><ele>1906.212</ele><time>2026-06-08T17:45:00Z</time></trkpt><trkpt lat="50.788827" lon="-115.306611"><ele>1905.691</ele><time>2026-06-08T17:45:04Z</time></trkpt><trkpt lat="50.788865" lon="-115.306568"><ele>1905.474</ele><time>2026-06-08T17:45:08Z</time></trkpt><trkpt lat="50.788909" lon="-115.306501"><ele>1904.656</ele><time>2026-06-08T17:45:13Z</time></trkpt><trkpt lat="50.788924" lon="-115.306477"><ele>1904.421</ele><time>2026-06-08T17:45:15Z</time></trkpt><trkpt lat="50.78894" lon="-115.306445"><ele>1904.409</ele><time>2026-06-08T17:45:17Z</time></trkpt><trkpt lat="50.789001" lon="-115.306336"><ele>1904.059</ele><time>2026-06-08T17:45:25Z</time></trkpt><trkpt lat="50.789065" lon="-115.306217"><ele>1903.893</ele><time>2026-06-08T17:45:34Z</time></trkpt><trkpt lat="50.789134" lon="-115.306094"><ele>1903.815</ele><time>2026-06-08T17:45:44Z</time></trkpt><trkpt lat="50.78915" lon="-115.306066"><ele>1903.651</ele><time>2026-06-08T17:45:46Z</time></trkpt><trkpt lat="50.789205" lon="-115.305977"><ele>1903.233</ele><time>2026-06-08T17:45:53Z</time></trkpt><trkpt lat="50.789249" lon="-115.305908"><ele>1903.425</ele><time>2026-06-08T17:45:59Z</time></trkpt><trkpt lat="50.789256" lon="-115.305892"><ele>1903.419</ele><time>2026-06-08T17:46:00Z</time></trkpt><trkpt lat="50.789318" lon="-115.305788"><ele>1904.214</ele><time>2026-06-08T17:46:08Z</time></trkpt><trkpt lat="50.789379" lon="-115.305691"><ele>1903.683</ele><time>2026-06-08T17:46:16Z</time></trkpt><trkpt lat="50.789472" lon="-115.305549"><ele>1903.065</ele><time>2026-06-08T17:46:26Z</time></trkpt><trkpt lat="50.789506" lon="-115.305488"><ele>1903.268</ele><time>2026-06-08T17:46:31Z</time></trkpt><trkpt lat="50.789523" lon="-115.305455"><ele>1903.214</ele><time>2026-06-08T17:46:34Z</time></trkpt><trkpt lat="50.789572" lon="-115.305376"><ele>1903.409</ele><time>2026-06-08T17:46:40Z</time></trkpt><trkpt lat="50.789675" lon="-115.30533"><ele>1903.888</ele><time>2026-06-08T17:46:50Z</time></trkpt><trkpt lat="50.789744" lon="-115.305315"><ele>1903.222</ele><time>2026-06-08T17:46:56Z</time></trkpt><trkpt lat="50.789763" lon="-115.305314"><ele>1903.624</ele><time>2026-06-08T17:46:58Z</time></trkpt><trkpt lat="50.789881" lon="-115.305276"><ele>1902.650</ele><time>2026-06-08T17:47:08Z</time></trkpt><trkpt lat="50.789987" lon="-115.305248"><ele>1902.412</ele><time>2026-06-08T17:47:17Z</time></trkpt><trkpt lat="50.790096" lon="-115.30525"><ele>1902.024</ele><time>2026-06-08T17:47:27Z</time></trkpt><trkpt lat="50.790205" lon="-115.305228"><ele>1901.418</ele><time>2026-06-08T17:47:36Z</time></trkpt><trkpt lat="50.790334" lon="-115.305169"><ele>1900.453</ele><time>2026-06-08T17:47:47Z</time></trkpt><trkpt lat="50.790345" lon="-115.305162"><ele>1900.272</ele><time>2026-06-08T17:47:48Z</time></trkpt><trkpt lat="50.790432" lon="-115.305081"><ele>1899.234</ele><time>2026-06-08T17:47:57Z</time></trkpt><trkpt lat="50.79044" lon="-115.305067"><ele>1899.255</ele><time>2026-06-08T17:47:58Z</time></trkpt><trkpt lat="50.790492" lon="-115.304975"><ele>1898.410</ele><time>2026-06-08T17:48:06Z</time></trkpt><trkpt lat="50.790547" lon="-115.304865"><ele>1898.609</ele><time>2026-06-08T17:48:14Z</time></trkpt><trkpt lat="50.79061" lon="-115.304742"><ele>1898.495</ele><time>2026-06-08T17:48:23Z</time></trkpt><trkpt lat="50.79067" lon="-115.30463"><ele>1898.299</ele><time>2026-06-08T17:48:32Z</time></trkpt><trkpt lat="50.790715" lon="-115.30454"><ele>1899.271</ele><time>2026-06-08T17:48:40Z</time></trkpt><trkpt lat="50.790755" lon="-115.304456"><ele>1899.297</ele><time>2026-06-08T17:48:48Z</time></trkpt><trkpt lat="50.790805" lon="-115.304369"><ele>1898.839</ele><time>2026-06-08T17:48:56Z</time></trkpt><trkpt lat="50.790867" lon="-115.304257"><ele>1899.481</ele><time>2026-06-08T17:49:05Z</time></trkpt><trkpt lat="50.79091" lon="-115.304153"><ele>1899.215</ele><time>2026-06-08T17:49:13Z</time></trkpt><trkpt lat="50.790912" lon="-115.304129"><ele>1899.090</ele><time>2026-06-08T17:49:15Z</time></trkpt><trkpt lat="50.790908" lon="-115.304085"><ele>1898.819</ele><time>2026-06-08T17:49:18Z</time></trkpt><trkpt lat="50.790905" lon="-115.304066"><ele>1898.663</ele><time>2026-06-08T17:49:19Z</time></trkpt><trkpt lat="50.790902" lon="-115.304017"><ele>1898.044</ele><time>2026-06-08T17:49:22Z</time></trkpt><trkpt lat="50.790891" lon="-115.304"><ele>1898.018</ele><time>2026-06-08T17:49:23Z</time></trkpt><trkpt lat="50.790874" lon="-115.30397"><ele>1898.009</ele><time>2026-06-08T17:49:25Z</time></trkpt><trkpt lat="50.790845" lon="-115.303927"><ele>1898.648</ele><time>2026-06-08T17:49:30Z</time></trkpt><trkpt lat="50.790799" lon="-115.303857"><ele>1898.042</ele><time>2026-06-08T17:49:36Z</time></trkpt><trkpt lat="50.790788" lon="-115.303855"><ele>1898.084</ele><time>2026-06-08T17:49:37Z</time></trkpt></trkseg></trk></gpx>