<?xml version="1.0" encoding="UTF-8"?><gpx creator="Wikiloc - http://www.wikiloc.com" version="1.1" xmlns="http://www.topografix.com/GPX/1/1" xmlns:xsi="http://www.w3.org/2001/XMLSchema-instance" xsi:schemaLocation="http://www.topografix.com/GPX/1/1 http://www.topografix.com/GPX/1/1/gpx.xsd"><trk><name><![CDATA[Kluane National Park: Saint Elias Lake]]></name><cmt><![CDATA[Klukshu]]></cmt><desc><![CDATA[Klukshu]]></desc><trkseg><trkpt lat="60.322182" lon="-137.044573"><ele>785.824</ele><time>2026-07-13T17:23:53Z</time></trkpt><trkpt lat="60.322145" lon="-137.044585"><ele>786.004</ele><time>2026-07-13T17:23:59Z</time></trkpt><trkpt lat="60.322146" lon="-137.044591"><ele>785.414</ele><time>2026-07-13T17:24:04Z</time></trkpt><trkpt lat="60.322148" lon="-137.044584"><ele>785.809</ele><time>2026-07-13T17:24:16Z</time></trkpt><trkpt lat="60.322145" lon="-137.044657"><ele>785.624</ele><time>2026-07-13T17:24:23Z</time></trkpt><trkpt lat="60.322227" lon="-137.044766"><ele>786.459</ele><time>2026-07-13T17:24:32Z</time></trkpt><trkpt lat="60.322283" lon="-137.0448"><ele>787.036</ele><time>2026-07-13T17:24:37Z</time></trkpt><trkpt lat="60.322292" lon="-137.044831"><ele>787.452</ele><time>2026-07-13T17:24:41Z</time></trkpt><trkpt lat="60.322308" lon="-137.044832"><ele>787.866</ele><time>2026-07-13T17:24:48Z</time></trkpt><trkpt lat="60.322313" lon="-137.044833"><ele>788.064</ele><time>2026-07-13T17:24:51Z</time></trkpt><trkpt lat="60.322319" lon="-137.044842"><ele>788.081</ele><time>2026-07-13T17:24:57Z</time></trkpt><trkpt lat="60.322362" lon="-137.044913"><ele>788.087</ele><time>2026-07-13T17:25:04Z</time></trkpt><trkpt lat="60.322378" lon="-137.045068"><ele>788.217</ele><time>2026-07-13T17:25:10Z</time></trkpt><trkpt lat="60.322374" lon="-137.045147"><ele>788.622</ele><time>2026-07-13T17:25:17Z</time></trkpt><trkpt lat="60.32238" lon="-137.045309"><ele>788.262</ele><time>2026-07-13T17:25:24Z</time></trkpt><trkpt lat="60.322391" lon="-137.045514"><ele>787.808</ele><time>2026-07-13T17:25:32Z</time></trkpt><trkpt lat="60.322385" lon="-137.045684"><ele>787.409</ele><time>2026-07-13T17:25:39Z</time></trkpt><trkpt lat="60.322379" lon="-137.045895"><ele>787.464</ele><time>2026-07-13T17:25:47Z</time></trkpt><trkpt lat="60.322406" lon="-137.046087"><ele>787.879</ele><time>2026-07-13T17:25:55Z</time></trkpt><trkpt lat="60.322416" lon="-137.046307"><ele>787.896</ele><time>2026-07-13T17:26:04Z</time></trkpt><trkpt lat="60.322421" lon="-137.046507"><ele>788.412</ele><time>2026-07-13T17:26:14Z</time></trkpt><trkpt lat="60.322464" lon="-137.046655"><ele>788.686</ele><time>2026-07-13T17:26:22Z</time></trkpt><trkpt lat="60.322472" lon="-137.046676"><ele>788.654</ele><time>2026-07-13T17:26:23Z</time></trkpt><trkpt lat="60.32252" lon="-137.04683"><ele>789.011</ele><time>2026-07-13T17:26:30Z</time></trkpt><trkpt lat="60.322537" lon="-137.046876"><ele>789.247</ele><time>2026-07-13T17:26:32Z</time></trkpt><trkpt lat="60.322592" lon="-137.047043"><ele>789.617</ele><time>2026-07-13T17:26:41Z</time></trkpt><trkpt lat="60.322618" lon="-137.047174"><ele>790.028</ele><time>2026-07-13T17:26:47Z</time></trkpt><trkpt lat="60.322619" lon="-137.047244"><ele>790.289</ele><time>2026-07-13T17:26:50Z</time></trkpt><trkpt lat="60.322597" lon="-137.047428"><ele>790.617</ele><time>2026-07-13T17:26:58Z</time></trkpt><trkpt lat="60.322608" lon="-137.047566"><ele>791.009</ele><time>2026-07-13T17:27:05Z</time></trkpt><trkpt lat="60.32261" lon="-137.047607"><ele>791.274</ele><time>2026-07-13T17:27:07Z</time></trkpt><trkpt lat="60.322613" lon="-137.0477"><ele>791.449</ele><time>2026-07-13T17:27:11Z</time></trkpt><trkpt lat="60.322617" lon="-137.047993"><ele>791.876</ele><time>2026-07-13T17:27:23Z</time></trkpt><trkpt lat="60.322591" lon="-137.048091"><ele>792.252</ele><time>2026-07-13T17:27:28Z</time></trkpt><trkpt lat="60.322585" lon="-137.048111"><ele>792.266</ele><time>2026-07-13T17:27:29Z</time></trkpt><trkpt lat="60.322564" lon="-137.048165"><ele>792.444</ele><time>2026-07-13T17:27:32Z</time></trkpt><trkpt lat="60.3225" lon="-137.04833"><ele>792.441</ele><time>2026-07-13T17:27:40Z</time></trkpt><trkpt lat="60.322494" lon="-137.04853"><ele>792.237</ele><time>2026-07-13T17:27:49Z</time></trkpt><trkpt lat="60.32252" lon="-137.048701"><ele>792.497</ele><time>2026-07-13T17:27:56Z</time></trkpt><trkpt lat="60.322541" lon="-137.048922"><ele>792.477</ele><time>2026-07-13T17:28:05Z</time></trkpt><trkpt lat="60.322569" lon="-137.049094"><ele>793.061</ele><time>2026-07-13T17:28:13Z</time></trkpt><trkpt lat="60.322584" lon="-137.04918"><ele>793.427</ele><time>2026-07-13T17:28:16Z</time></trkpt><trkpt lat="60.322599" lon="-137.049287"><ele>793.609</ele><time>2026-07-13T17:28:21Z</time></trkpt><trkpt lat="60.322605" lon="-137.04937"><ele>794.089</ele><time>2026-07-13T17:28:26Z</time></trkpt><trkpt lat="60.322614" lon="-137.049449"><ele>794.444</ele><time>2026-07-13T17:28:29Z</time></trkpt><trkpt lat="60.322617" lon="-137.049492"><ele>794.841</ele><time>2026-07-13T17:28:31Z</time></trkpt><trkpt lat="60.322623" lon="-137.049574"><ele>795.647</ele><time>2026-07-13T17:28:36Z</time></trkpt><trkpt lat="60.322627" lon="-137.049665"><ele>796.261</ele><time>2026-07-13T17:28:41Z</time></trkpt><trkpt lat="60.322625" lon="-137.049718"><ele>796.629</ele><time>2026-07-13T17:28:44Z</time></trkpt><trkpt lat="60.322613" lon="-137.049836"><ele>797.476</ele><time>2026-07-13T17:28:50Z</time></trkpt><trkpt lat="60.322617" lon="-137.049969"><ele>797.662</ele><time>2026-07-13T17:28:55Z</time></trkpt><trkpt lat="60.322627" lon="-137.050042"><ele>797.842</ele><time>2026-07-13T17:28:59Z</time></trkpt><trkpt lat="60.322634" lon="-137.05029"><ele>797.225</ele><time>2026-07-13T17:29:09Z</time></trkpt><trkpt lat="60.322651" lon="-137.050458"><ele>796.826</ele><time>2026-07-13T17:29:16Z</time></trkpt><trkpt lat="60.322638" lon="-137.050613"><ele>797.008</ele><time>2026-07-13T17:29:23Z</time></trkpt><trkpt lat="60.322633" lon="-137.050631"><ele>797.009</ele><time>2026-07-13T17:29:24Z</time></trkpt><trkpt lat="60.322581" lon="-137.050775"><ele>796.674</ele><time>2026-07-13T17:29:30Z</time></trkpt><trkpt lat="60.322551" lon="-137.050974"><ele>796.279</ele><time>2026-07-13T17:29:38Z</time></trkpt><trkpt lat="60.322538" lon="-137.051074"><ele>795.886</ele><time>2026-07-13T17:29:42Z</time></trkpt><trkpt lat="60.322525" lon="-137.051166"><ele>796.022</ele><time>2026-07-13T17:29:46Z</time></trkpt><trkpt lat="60.322482" lon="-137.051404"><ele>796.666</ele><time>2026-07-13T17:29:57Z</time></trkpt><trkpt lat="60.322477" lon="-137.051495"><ele>796.684</ele><time>2026-07-13T17:30:01Z</time></trkpt><trkpt lat="60.32247" lon="-137.051539"><ele>797.031</ele><time>2026-07-13T17:30:04Z</time></trkpt><trkpt lat="60.322469" lon="-137.051547"><ele>797.067</ele><time>2026-07-13T17:30:05Z</time></trkpt><trkpt lat="60.322471" lon="-137.051593"><ele>797.087</ele><time>2026-07-13T17:30:12Z</time></trkpt><trkpt lat="60.32249" lon="-137.051719"><ele>797.256</ele><time>2026-07-13T17:30:17Z</time></trkpt><trkpt lat="60.322491" lon="-137.05182"><ele>797.459</ele><time>2026-07-13T17:30:21Z</time></trkpt><trkpt lat="60.322485" lon="-137.051939"><ele>798.014</ele><time>2026-07-13T17:30:26Z</time></trkpt><trkpt lat="60.322487" lon="-137.052011"><ele>798.009</ele><time>2026-07-13T17:30:29Z</time></trkpt><trkpt lat="60.322496" lon="-137.052191"><ele>798.697</ele><time>2026-07-13T17:30:37Z</time></trkpt><trkpt lat="60.322497" lon="-137.052248"><ele>799.092</ele><time>2026-07-13T17:30:40Z</time></trkpt><trkpt lat="60.322501" lon="-137.052386"><ele>799.879</ele><time>2026-07-13T17:30:46Z</time></trkpt><trkpt lat="60.322501" lon="-137.052478"><ele>800.035</ele><time>2026-07-13T17:30:50Z</time></trkpt><trkpt lat="60.322531" lon="-137.052646"><ele>800.449</ele><time>2026-07-13T17:30:58Z</time></trkpt><trkpt lat="60.322551" lon="-137.052734"><ele>801.047</ele><time>2026-07-13T17:31:03Z</time></trkpt><trkpt lat="60.322562" lon="-137.052771"><ele>801.444</ele><time>2026-07-13T17:31:05Z</time></trkpt><trkpt lat="60.322572" lon="-137.052832"><ele>802.040</ele><time>2026-07-13T17:31:10Z</time></trkpt><trkpt lat="60.322577" lon="-137.052883"><ele>802.810</ele><time>2026-07-13T17:31:14Z</time></trkpt><trkpt lat="60.322577" lon="-137.052904"><ele>803.278</ele><time>2026-07-13T17:31:16Z</time></trkpt><trkpt lat="60.322579" lon="-137.052959"><ele>804.233</ele><time>2026-07-13T17:31:22Z</time></trkpt><trkpt lat="60.32258" lon="-137.052975"><ele>804.426</ele><time>2026-07-13T17:31:23Z</time></trkpt><trkpt lat="60.32259" lon="-137.053057"><ele>805.209</ele><time>2026-07-13T17:31:29Z</time></trkpt><trkpt lat="60.32259" lon="-137.053119"><ele>805.699</ele><time>2026-07-13T17:31:33Z</time></trkpt><trkpt lat="60.322577" lon="-137.053225"><ele>806.264</ele><time>2026-07-13T17:31:39Z</time></trkpt><trkpt lat="60.322575" lon="-137.053244"><ele>806.491</ele><time>2026-07-13T17:31:40Z</time></trkpt><trkpt lat="60.322566" lon="-137.05336"><ele>806.827</ele><time>2026-07-13T17:31:47Z</time></trkpt><trkpt lat="60.322558" lon="-137.053431"><ele>807.431</ele><time>2026-07-13T17:31:52Z</time></trkpt><trkpt lat="60.322551" lon="-137.053495"><ele>807.629</ele><time>2026-07-13T17:31:56Z</time></trkpt><trkpt lat="60.322539" lon="-137.053661"><ele>808.446</ele><time>2026-07-13T17:32:05Z</time></trkpt><trkpt lat="60.322532" lon="-137.053697"><ele>808.682</ele><time>2026-07-13T17:32:07Z</time></trkpt><trkpt lat="60.322504" lon="-137.053818"><ele>809.452</ele><time>2026-07-13T17:32:15Z</time></trkpt><trkpt lat="60.322507" lon="-137.053969"><ele>810.265</ele><time>2026-07-13T17:32:23Z</time></trkpt><trkpt lat="60.32251" lon="-137.053983"><ele>810.468</ele><time>2026-07-13T17:32:24Z</time></trkpt><trkpt lat="60.322509" lon="-137.053997"><ele>810.614</ele><time>2026-07-13T17:32:25Z</time></trkpt><trkpt lat="60.322519" lon="-137.054116"><ele>811.409</ele><time>2026-07-13T17:32:32Z</time></trkpt><trkpt lat="60.32252" lon="-137.054135"><ele>811.818</ele><time>2026-07-13T17:32:34Z</time></trkpt><trkpt lat="60.322515" lon="-137.054252"><ele>812.873</ele><time>2026-07-13T17:32:42Z</time></trkpt><trkpt lat="60.322513" lon="-137.054317"><ele>814.020</ele><time>2026-07-13T17:32:48Z</time></trkpt><trkpt lat="60.322514" lon="-137.054332"><ele>814.056</ele><time>2026-07-13T17:32:49Z</time></trkpt><trkpt lat="60.322514" lon="-137.054346"><ele>814.240</ele><time>2026-07-13T17:32:50Z</time></trkpt><trkpt lat="60.322514" lon="-137.054365"><ele>814.478</ele><time>2026-07-13T17:32:51Z</time></trkpt><trkpt lat="60.322515" lon="-137.054376"><ele>814.635</ele><time>2026-07-13T17:32:52Z</time></trkpt><trkpt lat="60.322514" lon="-137.054386"><ele>814.661</ele><time>2026-07-13T17:32:53Z</time></trkpt><trkpt lat="60.322516" lon="-137.054411"><ele>815.041</ele><time>2026-07-13T17:32:55Z</time></trkpt><trkpt lat="60.322514" lon="-137.054495"><ele>816.035</ele><time>2026-07-13T17:33:01Z</time></trkpt><trkpt lat="60.322513" lon="-137.054507"><ele>816.286</ele><time>2026-07-13T17:33:02Z</time></trkpt><trkpt lat="60.32252" lon="-137.054641"><ele>817.214</ele><time>2026-07-13T17:33:09Z</time></trkpt><trkpt lat="60.322519" lon="-137.05469"><ele>817.209</ele><time>2026-07-13T17:33:11Z</time></trkpt><trkpt lat="60.322492" lon="-137.054894"><ele>817.085</ele><time>2026-07-13T17:33:21Z</time></trkpt><trkpt lat="60.322446" lon="-137.055056"><ele>816.420</ele><time>2026-07-13T17:33:29Z</time></trkpt><trkpt lat="60.322452" lon="-137.055097"><ele>815.867</ele><time>2026-07-13T17:33:31Z</time></trkpt><trkpt lat="60.322456" lon="-137.055232"><ele>815.043</ele><time>2026-07-13T17:33:36Z</time></trkpt><trkpt lat="60.322455" lon="-137.05538"><ele>815.017</ele><time>2026-07-13T17:33:43Z</time></trkpt><trkpt lat="60.322454" lon="-137.055402"><ele>814.815</ele><time>2026-07-13T17:33:44Z</time></trkpt><trkpt lat="60.32245" lon="-137.055563"><ele>814.042</ele><time>2026-07-13T17:33:50Z</time></trkpt><trkpt lat="60.322476" lon="-137.055708"><ele>814.298</ele><time>2026-07-13T17:33:57Z</time></trkpt><trkpt lat="60.322513" lon="-137.055837"><ele>814.668</ele><time>2026-07-13T17:34:04Z</time></trkpt><trkpt lat="60.322519" lon="-137.055917"><ele>814.628</ele><time>2026-07-13T17:34:07Z</time></trkpt><trkpt lat="60.322512" lon="-137.056167"><ele>815.489</ele><time>2026-07-13T17:34:18Z</time></trkpt><trkpt lat="60.322523" lon="-137.056292"><ele>816.017</ele><time>2026-07-13T17:34:24Z</time></trkpt><trkpt lat="60.322531" lon="-137.056374"><ele>816.609</ele><time>2026-07-13T17:34:28Z</time></trkpt><trkpt lat="60.32254" lon="-137.056427"><ele>817.084</ele><time>2026-07-13T17:34:31Z</time></trkpt><trkpt lat="60.322555" lon="-137.056551"><ele>817.469</ele><time>2026-07-13T17:34:37Z</time></trkpt><trkpt lat="60.322588" lon="-137.056759"><ele>817.836</ele><time>2026-07-13T17:34:48Z</time></trkpt><trkpt lat="60.322618" lon="-137.056913"><ele>818.262</ele><time>2026-07-13T17:34:56Z</time></trkpt><trkpt lat="60.322624" lon="-137.056949"><ele>818.266</ele><time>2026-07-13T17:34:58Z</time></trkpt><trkpt lat="60.322634" lon="-137.057157"><ele>818.224</ele><time>2026-07-13T17:35:07Z</time></trkpt><trkpt lat="60.322632" lon="-137.057364"><ele>818.611</ele><time>2026-07-13T17:35:17Z</time></trkpt><trkpt lat="60.322613" lon="-137.057553"><ele>819.267</ele><time>2026-07-13T17:35:26Z</time></trkpt><trkpt lat="60.322634" lon="-137.057778"><ele>820.027</ele><time>2026-07-13T17:35:35Z</time></trkpt><trkpt lat="60.322639" lon="-137.057841"><ele>820.221</ele><time>2026-07-13T17:35:38Z</time></trkpt><trkpt lat="60.322659" lon="-137.057992"><ele>819.841</ele><time>2026-07-13T17:35:45Z</time></trkpt><trkpt lat="60.322644" lon="-137.058182"><ele>820.205</ele><time>2026-07-13T17:35:53Z</time></trkpt><trkpt lat="60.322634" lon="-137.058437"><ele>820.409</ele><time>2026-07-13T17:36:03Z</time></trkpt><trkpt lat="60.322655" lon="-137.058583"><ele>820.824</ele><time>2026-07-13T17:36:10Z</time></trkpt><trkpt lat="60.322656" lon="-137.058627"><ele>820.849</ele><time>2026-07-13T17:36:12Z</time></trkpt><trkpt lat="60.322674" lon="-137.058796"><ele>820.896</ele><time>2026-07-13T17:36:19Z</time></trkpt><trkpt lat="60.322707" lon="-137.058893"><ele>820.882</ele><time>2026-07-13T17:36:24Z</time></trkpt><trkpt lat="60.322717" lon="-137.058946"><ele>820.896</ele><time>2026-07-13T17:36:26Z</time></trkpt><trkpt lat="60.322689" lon="-137.059113"><ele>821.014</ele><time>2026-07-13T17:36:33Z</time></trkpt><trkpt lat="60.322675" lon="-137.059329"><ele>820.891</ele><time>2026-07-13T17:36:41Z</time></trkpt><trkpt lat="60.322706" lon="-137.0595"><ele>821.037</ele><time>2026-07-13T17:36:48Z</time></trkpt><trkpt lat="60.322714" lon="-137.059519"><ele>821.097</ele><time>2026-07-13T17:36:49Z</time></trkpt><trkpt lat="60.32277" lon="-137.059697"><ele>820.863</ele><time>2026-07-13T17:36:58Z</time></trkpt><trkpt lat="60.322796" lon="-137.059813"><ele>820.444</ele><time>2026-07-13T17:37:04Z</time></trkpt><trkpt lat="60.322815" lon="-137.059877"><ele>820.418</ele><time>2026-07-13T17:37:07Z</time></trkpt><trkpt lat="60.322835" lon="-137.060093"><ele>820.009</ele><time>2026-07-13T17:37:16Z</time></trkpt><trkpt lat="60.322895" lon="-137.060312"><ele>820.668</ele><time>2026-07-13T17:37:26Z</time></trkpt><trkpt lat="60.322923" lon="-137.060512"><ele>820.693</ele><time>2026-07-13T17:37:34Z</time></trkpt><trkpt lat="60.322907" lon="-137.06076"><ele>820.880</ele><time>2026-07-13T17:37:44Z</time></trkpt><trkpt lat="60.322879" lon="-137.060896"><ele>821.056</ele><time>2026-07-13T17:37:50Z</time></trkpt><trkpt lat="60.322845" lon="-137.061113"><ele>821.230</ele><time>2026-07-13T17:38:00Z</time></trkpt><trkpt lat="60.322774" lon="-137.061327"><ele>821.648</ele><time>2026-07-13T17:38:11Z</time></trkpt><trkpt lat="60.322732" lon="-137.061421"><ele>822.065</ele><time>2026-07-13T17:38:17Z</time></trkpt><trkpt lat="60.322718" lon="-137.061451"><ele>822.291</ele><time>2026-07-13T17:38:19Z</time></trkpt><trkpt lat="60.322642" lon="-137.06153"><ele>822.221</ele><time>2026-07-13T17:38:27Z</time></trkpt><trkpt lat="60.322629" lon="-137.061538"><ele>822.448</ele><time>2026-07-13T17:38:28Z</time></trkpt><trkpt lat="60.32256" lon="-137.061582"><ele>822.861</ele><time>2026-07-13T17:38:36Z</time></trkpt><trkpt lat="60.322566" lon="-137.061574"><ele>823.017</ele><time>2026-07-13T17:38:43Z</time></trkpt><trkpt lat="60.322547" lon="-137.061579"><ele>823.409</ele><time>2026-07-13T17:38:46Z</time></trkpt><trkpt lat="60.322464" lon="-137.061604"><ele>823.856</ele><time>2026-07-13T17:38:53Z</time></trkpt><trkpt lat="60.322409" lon="-137.06163"><ele>824.041</ele><time>2026-07-13T17:38:58Z</time></trkpt><trkpt lat="60.32236" lon="-137.061645"><ele>824.258</ele><time>2026-07-13T17:39:03Z</time></trkpt><trkpt lat="60.322346" lon="-137.061646"><ele>824.464</ele><time>2026-07-13T17:39:05Z</time></trkpt><trkpt lat="60.322265" lon="-137.061668"><ele>824.858</ele><time>2026-07-13T17:39:12Z</time></trkpt><trkpt lat="60.322203" lon="-137.061663"><ele>824.886</ele><time>2026-07-13T17:39:17Z</time></trkpt><trkpt lat="60.322158" lon="-137.061646"><ele>824.643</ele><time>2026-07-13T17:39:21Z</time></trkpt><trkpt lat="60.322062" lon="-137.061599"><ele>824.039</ele><time>2026-07-13T17:39:29Z</time></trkpt><trkpt lat="60.321962" lon="-137.061539"><ele>824.629</ele><time>2026-07-13T17:39:37Z</time></trkpt><trkpt lat="60.321848" lon="-137.061476"><ele>824.423</ele><time>2026-07-13T17:39:46Z</time></trkpt><trkpt lat="60.321775" lon="-137.061448"><ele>823.883</ele><time>2026-07-13T17:39:53Z</time></trkpt><trkpt lat="60.321676" lon="-137.061428"><ele>824.411</ele><time>2026-07-13T17:40:01Z</time></trkpt><trkpt lat="60.321556" lon="-137.061456"><ele>824.809</ele><time>2026-07-13T17:40:11Z</time></trkpt><trkpt lat="60.321456" lon="-137.061534"><ele>825.074</ele><time>2026-07-13T17:40:20Z</time></trkpt><trkpt lat="60.321383" lon="-137.061604"><ele>825.489</ele><time>2026-07-13T17:40:28Z</time></trkpt><trkpt lat="60.321363" lon="-137.061626"><ele>825.626</ele><time>2026-07-13T17:40:30Z</time></trkpt><trkpt lat="60.321319" lon="-137.061741"><ele>826.482</ele><time>2026-07-13T17:40:38Z</time></trkpt><trkpt lat="60.321321" lon="-137.061759"><ele>826.496</ele><time>2026-07-13T17:40:39Z</time></trkpt><trkpt lat="60.321338" lon="-137.061853"><ele>827.474</ele><time>2026-07-13T17:40:45Z</time></trkpt><trkpt lat="60.321342" lon="-137.061863"><ele>827.611</ele><time>2026-07-13T17:40:46Z</time></trkpt><trkpt lat="60.321346" lon="-137.061874"><ele>827.857</ele><time>2026-07-13T17:40:47Z</time></trkpt><trkpt lat="60.321362" lon="-137.06195"><ele>828.667</ele><time>2026-07-13T17:40:53Z</time></trkpt><trkpt lat="60.321366" lon="-137.062008"><ele>829.217</ele><time>2026-07-13T17:40:57Z</time></trkpt><trkpt lat="60.321377" lon="-137.062058"><ele>829.687</ele><time>2026-07-13T17:41:02Z</time></trkpt><trkpt lat="60.321378" lon="-137.062157"><ele>829.415</ele><time>2026-07-13T17:41:06Z</time></trkpt><trkpt lat="60.321334" lon="-137.06228"><ele>829.209</ele><time>2026-07-13T17:41:14Z</time></trkpt><trkpt lat="60.321246" lon="-137.062323"><ele>829.863</ele><time>2026-07-13T17:41:23Z</time></trkpt><trkpt lat="60.321232" lon="-137.062421"><ele>830.818</ele><time>2026-07-13T17:41:29Z</time></trkpt><trkpt lat="60.321233" lon="-137.062443"><ele>831.035</ele><time>2026-07-13T17:41:30Z</time></trkpt><trkpt lat="60.321244" lon="-137.062467"><ele>831.431</ele><time>2026-07-13T17:41:32Z</time></trkpt><trkpt lat="60.32126" lon="-137.062499"><ele>831.855</ele><time>2026-07-13T17:41:35Z</time></trkpt><trkpt lat="60.321265" lon="-137.06252"><ele>832.453</ele><time>2026-07-13T17:41:38Z</time></trkpt><trkpt lat="60.321268" lon="-137.062551"><ele>833.070</ele><time>2026-07-13T17:41:43Z</time></trkpt><trkpt lat="60.321282" lon="-137.062572"><ele>833.686</ele><time>2026-07-13T17:41:47Z</time></trkpt><trkpt lat="60.321299" lon="-137.062592"><ele>834.266</ele><time>2026-07-13T17:41:50Z</time></trkpt><trkpt lat="60.321334" lon="-137.062652"><ele>835.094</ele><time>2026-07-13T17:41:56Z</time></trkpt><trkpt lat="60.321339" lon="-137.062662"><ele>835.257</ele><time>2026-07-13T17:41:58Z</time></trkpt><trkpt lat="60.321358" lon="-137.062705"><ele>835.822</ele><time>2026-07-13T17:42:03Z</time></trkpt><trkpt lat="60.321364" lon="-137.062723"><ele>836.009</ele><time>2026-07-13T17:42:05Z</time></trkpt><trkpt lat="60.321366" lon="-137.062726"><ele>836.281</ele><time>2026-07-13T17:42:06Z</time></trkpt><trkpt lat="60.321369" lon="-137.062731"><ele>836.426</ele><time>2026-07-13T17:42:07Z</time></trkpt><trkpt lat="60.321372" lon="-137.06274"><ele>837.283</ele><time>2026-07-13T17:42:12Z</time></trkpt><trkpt lat="60.321376" lon="-137.062735"><ele>836.869</ele><time>2026-07-13T17:42:21Z</time></trkpt><trkpt lat="60.32138" lon="-137.062741"><ele>836.623</ele><time>2026-07-13T17:42:24Z</time></trkpt><trkpt lat="60.321382" lon="-137.062743"><ele>836.671</ele><time>2026-07-13T17:42:25Z</time></trkpt><trkpt lat="60.321369" lon="-137.062749"><ele>836.428</ele><time>2026-07-13T17:42:31Z</time></trkpt><trkpt lat="60.321367" lon="-137.062771"><ele>836.684</ele><time>2026-07-13T17:42:43Z</time></trkpt><trkpt lat="60.321355" lon="-137.062798"><ele>836.254</ele><time>2026-07-13T17:42:56Z</time></trkpt><trkpt lat="60.321409" lon="-137.062845"><ele>837.065</ele><time>2026-07-13T17:43:04Z</time></trkpt><trkpt lat="60.321434" lon="-137.062888"><ele>837.668</ele><time>2026-07-13T17:43:08Z</time></trkpt><trkpt lat="60.321481" lon="-137.062981"><ele>838.214</ele><time>2026-07-13T17:43:14Z</time></trkpt><trkpt lat="60.321501" lon="-137.063048"><ele>838.609</ele><time>2026-07-13T17:43:18Z</time></trkpt><trkpt lat="60.321518" lon="-137.063101"><ele>838.628</ele><time>2026-07-13T17:43:22Z</time></trkpt><trkpt lat="60.321537" lon="-137.063281"><ele>839.423</ele><time>2026-07-13T17:43:33Z</time></trkpt><trkpt lat="60.321533" lon="-137.063336"><ele>839.660</ele><time>2026-07-13T17:43:36Z</time></trkpt><trkpt lat="60.321534" lon="-137.063451"><ele>840.616</ele><time>2026-07-13T17:43:42Z</time></trkpt><trkpt lat="60.321533" lon="-137.063468"><ele>840.840</ele><time>2026-07-13T17:43:43Z</time></trkpt><trkpt lat="60.321532" lon="-137.063622"><ele>841.688</ele><time>2026-07-13T17:43:52Z</time></trkpt><trkpt lat="60.321522" lon="-137.063661"><ele>841.835</ele><time>2026-07-13T17:43:54Z</time></trkpt><trkpt lat="60.321474" lon="-137.063815"><ele>842.421</ele><time>2026-07-13T17:44:02Z</time></trkpt><trkpt lat="60.321454" lon="-137.063982"><ele>842.621</ele><time>2026-07-13T17:44:10Z</time></trkpt><trkpt lat="60.32143" lon="-137.064136"><ele>842.896</ele><time>2026-07-13T17:44:17Z</time></trkpt><trkpt lat="60.321428" lon="-137.064184"><ele>842.831</ele><time>2026-07-13T17:44:19Z</time></trkpt><trkpt lat="60.321438" lon="-137.064384"><ele>843.624</ele><time>2026-07-13T17:44:28Z</time></trkpt><trkpt lat="60.321441" lon="-137.064402"><ele>843.809</ele><time>2026-07-13T17:44:29Z</time></trkpt><trkpt lat="60.321452" lon="-137.064549"><ele>844.811</ele><time>2026-07-13T17:44:37Z</time></trkpt><trkpt lat="60.321447" lon="-137.064592"><ele>845.086</ele><time>2026-07-13T17:44:39Z</time></trkpt><trkpt lat="60.321414" lon="-137.06476"><ele>845.663</ele><time>2026-07-13T17:44:48Z</time></trkpt><trkpt lat="60.321412" lon="-137.064804"><ele>845.889</ele><time>2026-07-13T17:44:51Z</time></trkpt><trkpt lat="60.321421" lon="-137.064887"><ele>846.213</ele><time>2026-07-13T17:44:55Z</time></trkpt><trkpt lat="60.321425" lon="-137.064981"><ele>846.871</ele><time>2026-07-13T17:45:00Z</time></trkpt><trkpt lat="60.321423" lon="-137.065004"><ele>847.058</ele><time>2026-07-13T17:45:01Z</time></trkpt><trkpt lat="60.321416" lon="-137.065073"><ele>847.274</ele><time>2026-07-13T17:45:04Z</time></trkpt><trkpt lat="60.321413" lon="-137.065092"><ele>847.414</ele><time>2026-07-13T17:45:05Z</time></trkpt><trkpt lat="60.321397" lon="-137.065185"><ele>848.046</ele><time>2026-07-13T17:45:10Z</time></trkpt><trkpt lat="60.321376" lon="-137.065274"><ele>848.488</ele><time>2026-07-13T17:45:14Z</time></trkpt><trkpt lat="60.321351" lon="-137.065336"><ele>849.016</ele><time>2026-07-13T17:45:18Z</time></trkpt><trkpt lat="60.321307" lon="-137.065411"><ele>849.809</ele><time>2026-07-13T17:45:25Z</time></trkpt><trkpt lat="60.321285" lon="-137.065447"><ele>850.086</ele><time>2026-07-13T17:45:28Z</time></trkpt><trkpt lat="60.321245" lon="-137.065546"><ele>850.651</ele><time>2026-07-13T17:45:35Z</time></trkpt><trkpt lat="60.321192" lon="-137.065684"><ele>851.078</ele><time>2026-07-13T17:45:45Z</time></trkpt><trkpt lat="60.321149" lon="-137.065791"><ele>850.234</ele><time>2026-07-13T17:45:52Z</time></trkpt><trkpt lat="60.321132" lon="-137.065823"><ele>849.658</ele><time>2026-07-13T17:45:55Z</time></trkpt><trkpt lat="60.321114" lon="-137.065864"><ele>849.036</ele><time>2026-07-13T17:45:58Z</time></trkpt><trkpt lat="60.321086" lon="-137.065953"><ele>847.863</ele><time>2026-07-13T17:46:02Z</time></trkpt><trkpt lat="60.321068" lon="-137.066013"><ele>846.879</ele><time>2026-07-13T17:46:05Z</time></trkpt><trkpt lat="60.321031" lon="-137.06611"><ele>845.689</ele><time>2026-07-13T17:46:10Z</time></trkpt><trkpt lat="60.320986" lon="-137.066195"><ele>844.462</ele><time>2026-07-13T17:46:14Z</time></trkpt><trkpt lat="60.32096" lon="-137.06626"><ele>844.283</ele><time>2026-07-13T17:46:18Z</time></trkpt><trkpt lat="60.32096" lon="-137.066315"><ele>844.211</ele><time>2026-07-13T17:46:22Z</time></trkpt><trkpt lat="60.320972" lon="-137.066409"><ele>844.409</ele><time>2026-07-13T17:46:26Z</time></trkpt><trkpt lat="60.320948" lon="-137.066511"><ele>844.428</ele><time>2026-07-13T17:46:32Z</time></trkpt><trkpt lat="60.320953" lon="-137.066586"><ele>845.033</ele><time>2026-07-13T17:46:38Z</time></trkpt><trkpt lat="60.320969" lon="-137.06659"><ele>845.450</ele><time>2026-07-13T17:46:40Z</time></trkpt><trkpt lat="60.320979" lon="-137.066595"><ele>845.686</ele><time>2026-07-13T17:46:41Z</time></trkpt><trkpt lat="60.321019" lon="-137.066608"><ele>846.650</ele><time>2026-07-13T17:46:47Z</time></trkpt><trkpt lat="60.321038" lon="-137.066624"><ele>847.278</ele><time>2026-07-13T17:46:50Z</time></trkpt><trkpt lat="60.321051" lon="-137.066642"><ele>847.815</ele><time>2026-07-13T17:46:53Z</time></trkpt><trkpt lat="60.321084" lon="-137.066658"><ele>848.681</ele><time>2026-07-13T17:46:58Z</time></trkpt><trkpt lat="60.321087" lon="-137.066652"><ele>848.841</ele><time>2026-07-13T17:46:59Z</time></trkpt><trkpt lat="60.321089" lon="-137.066647"><ele>849.085</ele><time>2026-07-13T17:47:00Z</time></trkpt><trkpt lat="60.321103" lon="-137.066651"><ele>849.689</ele><time>2026-07-13T17:47:03Z</time></trkpt><trkpt lat="60.321111" lon="-137.066654"><ele>850.017</ele><time>2026-07-13T17:47:05Z</time></trkpt><trkpt lat="60.321134" lon="-137.066662"><ele>850.609</ele><time>2026-07-13T17:47:10Z</time></trkpt><trkpt lat="60.321147" lon="-137.066676"><ele>850.640</ele><time>2026-07-13T17:47:12Z</time></trkpt><trkpt lat="60.32117" lon="-137.066708"><ele>851.025</ele><time>2026-07-13T17:47:15Z</time></trkpt><trkpt lat="60.321185" lon="-137.066725"><ele>851.432</ele><time>2026-07-13T17:47:18Z</time></trkpt><trkpt lat="60.321203" lon="-137.06677"><ele>852.038</ele><time>2026-07-13T17:47:23Z</time></trkpt><trkpt lat="60.321214" lon="-137.066814"><ele>852.462</ele><time>2026-07-13T17:47:27Z</time></trkpt><trkpt lat="60.321215" lon="-137.066865"><ele>853.250</ele><time>2026-07-13T17:47:32Z</time></trkpt><trkpt lat="60.321227" lon="-137.066911"><ele>853.647</ele><time>2026-07-13T17:47:36Z</time></trkpt><trkpt lat="60.321245" lon="-137.067057"><ele>854.063</ele><time>2026-07-13T17:47:45Z</time></trkpt><trkpt lat="60.321247" lon="-137.067096"><ele>854.293</ele><time>2026-07-13T17:47:47Z</time></trkpt><trkpt lat="60.321258" lon="-137.067206"><ele>854.873</ele><time>2026-07-13T17:47:54Z</time></trkpt><trkpt lat="60.321255" lon="-137.067313"><ele>855.285</ele><time>2026-07-13T17:48:00Z</time></trkpt><trkpt lat="60.321254" lon="-137.067386"><ele>855.413</ele><time>2026-07-13T17:48:04Z</time></trkpt><trkpt lat="60.321251" lon="-137.067518"><ele>856.209</ele><time>2026-07-13T17:48:12Z</time></trkpt><trkpt lat="60.321251" lon="-137.067527"><ele>856.469</ele><time>2026-07-13T17:48:13Z</time></trkpt><trkpt lat="60.321233" lon="-137.0677"><ele>856.674</ele><time>2026-07-13T17:48:21Z</time></trkpt><trkpt lat="60.32123" lon="-137.067796"><ele>856.821</ele><time>2026-07-13T17:48:25Z</time></trkpt><trkpt lat="60.321237" lon="-137.067852"><ele>856.827</ele><time>2026-07-13T17:48:28Z</time></trkpt><trkpt lat="60.32124" lon="-137.067894"><ele>856.831</ele><time>2026-07-13T17:48:30Z</time></trkpt><trkpt lat="60.321245" lon="-137.067997"><ele>856.679</ele><time>2026-07-13T17:48:35Z</time></trkpt><trkpt lat="60.321247" lon="-137.068059"><ele>856.856</ele><time>2026-07-13T17:48:38Z</time></trkpt><trkpt lat="60.321252" lon="-137.068146"><ele>857.242</ele><time>2026-07-13T17:48:42Z</time></trkpt><trkpt lat="60.32127" lon="-137.068241"><ele>858.082</ele><time>2026-07-13T17:48:47Z</time></trkpt><trkpt lat="60.321277" lon="-137.06828"><ele>858.287</ele><time>2026-07-13T17:48:49Z</time></trkpt><trkpt lat="60.321299" lon="-137.068357"><ele>858.242</ele><time>2026-07-13T17:48:54Z</time></trkpt><trkpt lat="60.321333" lon="-137.068448"><ele>857.226</ele><time>2026-07-13T17:48:59Z</time></trkpt><trkpt lat="60.321341" lon="-137.068476"><ele>856.809</ele><time>2026-07-13T17:49:01Z</time></trkpt><trkpt lat="60.32138" lon="-137.068593"><ele>856.010</ele><time>2026-07-13T17:49:07Z</time></trkpt><trkpt lat="60.321391" lon="-137.068618"><ele>856.025</ele><time>2026-07-13T17:49:09Z</time></trkpt><trkpt lat="60.321427" lon="-137.068743"><ele>855.842</ele><time>2026-07-13T17:49:17Z</time></trkpt><trkpt lat="60.321443" lon="-137.068867"><ele>857.058</ele><time>2026-07-13T17:49:25Z</time></trkpt><trkpt lat="60.321442" lon="-137.068887"><ele>857.272</ele><time>2026-07-13T17:49:26Z</time></trkpt><trkpt lat="60.321439" lon="-137.068967"><ele>858.020</ele><time>2026-07-13T17:49:31Z</time></trkpt><trkpt lat="60.321438" lon="-137.069016"><ele>858.267</ele><time>2026-07-13T17:49:34Z</time></trkpt><trkpt lat="60.321427" lon="-137.069138"><ele>859.473</ele><time>2026-07-13T17:49:42Z</time></trkpt><trkpt lat="60.321425" lon="-137.069147"><ele>859.683</ele><time>2026-07-13T17:49:43Z</time></trkpt><trkpt lat="60.321421" lon="-137.069164"><ele>859.689</ele><time>2026-07-13T17:49:44Z</time></trkpt><trkpt lat="60.321417" lon="-137.06918"><ele>859.806</ele><time>2026-07-13T17:49:45Z</time></trkpt><trkpt lat="60.321413" lon="-137.069209"><ele>860.026</ele><time>2026-07-13T17:49:47Z</time></trkpt><trkpt lat="60.321409" lon="-137.069233"><ele>860.609</ele><time>2026-07-13T17:49:50Z</time></trkpt><trkpt lat="60.321404" lon="-137.069251"><ele>860.810</ele><time>2026-07-13T17:49:52Z</time></trkpt><trkpt lat="60.321388" lon="-137.069329"><ele>861.675</ele><time>2026-07-13T17:49:58Z</time></trkpt><trkpt lat="60.321373" lon="-137.069375"><ele>862.462</ele><time>2026-07-13T17:50:03Z</time></trkpt><trkpt lat="60.321366" lon="-137.069392"><ele>862.688</ele><time>2026-07-13T17:50:05Z</time></trkpt><trkpt lat="60.321359" lon="-137.069428"><ele>863.472</ele><time>2026-07-13T17:50:10Z</time></trkpt><trkpt lat="60.321353" lon="-137.069446"><ele>863.660</ele><time>2026-07-13T17:50:12Z</time></trkpt><trkpt lat="60.32135" lon="-137.06945"><ele>863.857</ele><time>2026-07-13T17:50:13Z</time></trkpt><trkpt lat="60.321338" lon="-137.069518"><ele>864.683</ele><time>2026-07-13T17:50:19Z</time></trkpt><trkpt lat="60.321339" lon="-137.069548"><ele>864.873</ele><time>2026-07-13T17:50:21Z</time></trkpt><trkpt lat="60.321338" lon="-137.069563"><ele>864.857</ele><time>2026-07-13T17:50:22Z</time></trkpt><trkpt lat="60.321358" lon="-137.069688"><ele>865.600</ele><time>2026-07-13T17:50:31Z</time></trkpt><trkpt lat="60.321362" lon="-137.069699"><ele>865.820</ele><time>2026-07-13T17:50:32Z</time></trkpt><trkpt lat="60.321367" lon="-137.069718"><ele>866.209</ele><time>2026-07-13T17:50:34Z</time></trkpt><trkpt lat="60.321371" lon="-137.06973"><ele>866.257</ele><time>2026-07-13T17:50:35Z</time></trkpt><trkpt lat="60.32138" lon="-137.069748"><ele>866.672</ele><time>2026-07-13T17:50:37Z</time></trkpt><trkpt lat="60.321401" lon="-137.06978"><ele>866.879</ele><time>2026-07-13T17:50:40Z</time></trkpt><trkpt lat="60.32142" lon="-137.0699"><ele>867.475</ele><time>2026-07-13T17:50:48Z</time></trkpt><trkpt lat="60.321443" lon="-137.069988"><ele>867.829</ele><time>2026-07-13T17:50:55Z</time></trkpt><trkpt lat="60.321457" lon="-137.070024"><ele>868.237</ele><time>2026-07-13T17:50:58Z</time></trkpt><trkpt lat="60.321483" lon="-137.070091"><ele>869.094</ele><time>2026-07-13T17:51:03Z</time></trkpt><trkpt lat="60.321497" lon="-137.070138"><ele>869.870</ele><time>2026-07-13T17:51:07Z</time></trkpt><trkpt lat="60.321498" lon="-137.070154"><ele>870.010</ele><time>2026-07-13T17:51:09Z</time></trkpt><trkpt lat="60.321512" lon="-137.070273"><ele>870.657</ele><time>2026-07-13T17:51:17Z</time></trkpt><trkpt lat="60.32151" lon="-137.070286"><ele>870.600</ele><time>2026-07-13T17:51:18Z</time></trkpt><trkpt lat="60.321496" lon="-137.070402"><ele>871.020</ele><time>2026-07-13T17:51:25Z</time></trkpt><trkpt lat="60.321499" lon="-137.070527"><ele>872.209</ele><time>2026-07-13T17:51:32Z</time></trkpt><trkpt lat="60.321499" lon="-137.070538"><ele>872.497</ele><time>2026-07-13T17:51:33Z</time></trkpt><trkpt lat="60.321516" lon="-137.070626"><ele>873.232</ele><time>2026-07-13T17:51:39Z</time></trkpt><trkpt lat="60.321528" lon="-137.070659"><ele>873.649</ele><time>2026-07-13T17:51:42Z</time></trkpt><trkpt lat="60.321553" lon="-137.070741"><ele>874.425</ele><time>2026-07-13T17:51:48Z</time></trkpt><trkpt lat="60.321569" lon="-137.070818"><ele>874.669</ele><time>2026-07-13T17:51:52Z</time></trkpt><trkpt lat="60.321584" lon="-137.070968"><ele>874.287</ele><time>2026-07-13T17:52:01Z</time></trkpt><trkpt lat="60.321591" lon="-137.071113"><ele>875.264</ele><time>2026-07-13T17:52:09Z</time></trkpt><trkpt lat="60.321592" lon="-137.071129"><ele>875.470</ele><time>2026-07-13T17:52:10Z</time></trkpt><trkpt lat="60.321605" lon="-137.071183"><ele>876.010</ele><time>2026-07-13T17:52:15Z</time></trkpt><trkpt lat="60.321615" lon="-137.071232"><ele>876.479</ele><time>2026-07-13T17:52:18Z</time></trkpt><trkpt lat="60.321623" lon="-137.071254"><ele>876.405</ele><time>2026-07-13T17:52:20Z</time></trkpt><trkpt lat="60.321638" lon="-137.071339"><ele>877.625</ele><time>2026-07-13T17:52:28Z</time></trkpt><trkpt lat="60.321637" lon="-137.071348"><ele>877.809</ele><time>2026-07-13T17:52:29Z</time></trkpt><trkpt lat="60.321639" lon="-137.071424"><ele>878.679</ele><time>2026-07-13T17:52:35Z</time></trkpt><trkpt lat="60.321641" lon="-137.071455"><ele>878.884</ele><time>2026-07-13T17:52:37Z</time></trkpt><trkpt lat="60.321647" lon="-137.071494"><ele>879.031</ele><time>2026-07-13T17:52:40Z</time></trkpt><trkpt lat="60.321654" lon="-137.071584"><ele>879.647</ele><time>2026-07-13T17:52:45Z</time></trkpt><trkpt lat="60.321656" lon="-137.071603"><ele>879.821</ele><time>2026-07-13T17:52:46Z</time></trkpt><trkpt lat="60.321659" lon="-137.071748"><ele>880.669</ele><time>2026-07-13T17:52:54Z</time></trkpt><trkpt lat="60.321637" lon="-137.071924"><ele>878.626</ele><time>2026-07-13T17:53:02Z</time></trkpt><trkpt lat="60.321626" lon="-137.072043"><ele>878.042</ele><time>2026-07-13T17:53:07Z</time></trkpt><trkpt lat="60.32162" lon="-137.072051"><ele>878.222</ele><time>2026-07-13T17:53:08Z</time></trkpt><trkpt lat="60.321585" lon="-137.072149"><ele>879.437</ele><time>2026-07-13T17:53:15Z</time></trkpt><trkpt lat="60.321568" lon="-137.072167"><ele>879.649</ele><time>2026-07-13T17:53:17Z</time></trkpt><trkpt lat="60.321513" lon="-137.072207"><ele>879.613</ele><time>2026-07-13T17:53:23Z</time></trkpt><trkpt lat="60.321442" lon="-137.072257"><ele>879.809</ele><time>2026-07-13T17:53:30Z</time></trkpt><trkpt lat="60.321418" lon="-137.072302"><ele>880.035</ele><time>2026-07-13T17:53:33Z</time></trkpt><trkpt lat="60.321401" lon="-137.07235"><ele>879.890</ele><time>2026-07-13T17:53:37Z</time></trkpt><trkpt lat="60.321394" lon="-137.072388"><ele>880.047</ele><time>2026-07-13T17:53:40Z</time></trkpt><trkpt lat="60.32133" lon="-137.072613"><ele>880.253</ele><time>2026-07-13T17:53:51Z</time></trkpt><trkpt lat="60.321306" lon="-137.072669"><ele>880.897</ele><time>2026-07-13T17:53:55Z</time></trkpt><trkpt lat="60.321297" lon="-137.072738"><ele>881.485</ele><time>2026-07-13T17:53:59Z</time></trkpt><trkpt lat="60.321296" lon="-137.072771"><ele>881.822</ele><time>2026-07-13T17:54:01Z</time></trkpt><trkpt lat="60.321282" lon="-137.072863"><ele>882.898</ele><time>2026-07-13T17:54:07Z</time></trkpt><trkpt lat="60.321271" lon="-137.072901"><ele>883.098</ele><time>2026-07-13T17:54:09Z</time></trkpt><trkpt lat="60.321258" lon="-137.072927"><ele>883.294</ele><time>2026-07-13T17:54:11Z</time></trkpt><trkpt lat="60.321246" lon="-137.072982"><ele>883.657</ele><time>2026-07-13T17:54:15Z</time></trkpt><trkpt lat="60.321249" lon="-137.073022"><ele>884.022</ele><time>2026-07-13T17:54:17Z</time></trkpt><trkpt lat="60.321262" lon="-137.073068"><ele>884.609</ele><time>2026-07-13T17:54:21Z</time></trkpt><trkpt lat="60.321273" lon="-137.073088"><ele>885.071</ele><time>2026-07-13T17:54:24Z</time></trkpt><trkpt lat="60.32128" lon="-137.073101"><ele>885.656</ele><time>2026-07-13T17:54:31Z</time></trkpt><trkpt lat="60.321281" lon="-137.073104"><ele>885.643</ele><time>2026-07-13T17:54:33Z</time></trkpt><trkpt lat="60.321331" lon="-137.073093"><ele>886.049</ele><time>2026-07-13T17:54:40Z</time></trkpt><trkpt lat="60.321341" lon="-137.073093"><ele>886.283</ele><time>2026-07-13T17:54:41Z</time></trkpt><trkpt lat="60.321419" lon="-137.073166"><ele>886.881</ele><time>2026-07-13T17:54:50Z</time></trkpt><trkpt lat="60.321429" lon="-137.073195"><ele>887.258</ele><time>2026-07-13T17:54:52Z</time></trkpt><trkpt lat="60.321445" lon="-137.073247"><ele>887.814</ele><time>2026-07-13T17:54:56Z</time></trkpt><trkpt lat="60.321467" lon="-137.07329"><ele>888.054</ele><time>2026-07-13T17:54:59Z</time></trkpt><trkpt lat="60.321536" lon="-137.073427"><ele>887.858</ele><time>2026-07-13T17:55:08Z</time></trkpt><trkpt lat="60.321557" lon="-137.073476"><ele>888.252</ele><time>2026-07-13T17:55:11Z</time></trkpt><trkpt lat="60.321584" lon="-137.073526"><ele>888.417</ele><time>2026-07-13T17:55:15Z</time></trkpt><trkpt lat="60.321597" lon="-137.073552"><ele>888.409</ele><time>2026-07-13T17:55:17Z</time></trkpt><trkpt lat="60.321665" lon="-137.073691"><ele>888.247</ele><time>2026-07-13T17:55:25Z</time></trkpt><trkpt lat="60.321671" lon="-137.073707"><ele>888.272</ele><time>2026-07-13T17:55:26Z</time></trkpt><trkpt lat="60.321682" lon="-137.073763"><ele>888.079</ele><time>2026-07-13T17:55:29Z</time></trkpt><trkpt lat="60.321715" lon="-137.073901"><ele>888.065</ele><time>2026-07-13T17:55:36Z</time></trkpt><trkpt lat="60.32175" lon="-137.07404"><ele>887.269</ele><time>2026-07-13T17:55:44Z</time></trkpt><trkpt lat="60.321756" lon="-137.074054"><ele>887.047</ele><time>2026-07-13T17:55:45Z</time></trkpt><trkpt lat="60.321812" lon="-137.074116"><ele>886.064</ele><time>2026-07-13T17:55:50Z</time></trkpt><trkpt lat="60.321844" lon="-137.074154"><ele>885.860</ele><time>2026-07-13T17:55:53Z</time></trkpt><trkpt lat="60.321904" lon="-137.074249"><ele>885.480</ele><time>2026-07-13T17:56:00Z</time></trkpt><trkpt lat="60.321912" lon="-137.074251"><ele>885.212</ele><time>2026-07-13T17:56:01Z</time></trkpt><trkpt lat="60.321986" lon="-137.074309"><ele>885.032</ele><time>2026-07-13T17:56:08Z</time></trkpt><trkpt lat="60.322018" lon="-137.074339"><ele>884.805</ele><time>2026-07-13T17:56:11Z</time></trkpt><trkpt lat="60.32206" lon="-137.074416"><ele>884.009</ele><time>2026-07-13T17:56:16Z</time></trkpt><trkpt lat="60.322079" lon="-137.074486"><ele>883.063</ele><time>2026-07-13T17:56:20Z</time></trkpt><trkpt lat="60.322086" lon="-137.074508"><ele>882.858</ele><time>2026-07-13T17:56:21Z</time></trkpt><trkpt lat="60.322118" lon="-137.074693"><ele>882.085</ele><time>2026-07-13T17:56:29Z</time></trkpt><trkpt lat="60.32211" lon="-137.074722"><ele>882.081</ele><time>2026-07-13T17:56:30Z</time></trkpt><trkpt lat="60.322104" lon="-137.074743"><ele>882.095</ele><time>2026-07-13T17:56:31Z</time></trkpt><trkpt lat="60.322093" lon="-137.074856"><ele>881.893</ele><time>2026-07-13T17:56:36Z</time></trkpt><trkpt lat="60.322051" lon="-137.07508"><ele>881.620</ele><time>2026-07-13T17:56:46Z</time></trkpt><trkpt lat="60.322004" lon="-137.075211"><ele>881.626</ele><time>2026-07-13T17:56:53Z</time></trkpt><trkpt lat="60.321958" lon="-137.075364"><ele>881.686</ele><time>2026-07-13T17:57:00Z</time></trkpt><trkpt lat="60.321924" lon="-137.075574"><ele>881.684</ele><time>2026-07-13T17:57:09Z</time></trkpt><trkpt lat="60.321878" lon="-137.075777"><ele>881.207</ele><time>2026-07-13T17:57:18Z</time></trkpt><trkpt lat="60.321805" lon="-137.075967"><ele>881.017</ele><time>2026-07-13T17:57:28Z</time></trkpt><trkpt lat="60.321759" lon="-137.076034"><ele>881.009</ele><time>2026-07-13T17:57:32Z</time></trkpt><trkpt lat="60.321719" lon="-137.076053"><ele>881.040</ele><time>2026-07-13T17:57:36Z</time></trkpt><trkpt lat="60.321615" lon="-137.076065"><ele>881.855</ele><time>2026-07-13T17:57:45Z</time></trkpt><trkpt lat="60.321591" lon="-137.076066"><ele>882.082</ele><time>2026-07-13T17:57:47Z</time></trkpt><trkpt lat="60.321518" lon="-137.076103"><ele>882.418</ele><time>2026-07-13T17:57:54Z</time></trkpt><trkpt lat="60.321467" lon="-137.076205"><ele>882.482</ele><time>2026-07-13T17:58:00Z</time></trkpt><trkpt lat="60.321442" lon="-137.076363"><ele>882.470</ele><time>2026-07-13T17:58:09Z</time></trkpt><trkpt lat="60.321441" lon="-137.076536"><ele>882.217</ele><time>2026-07-13T17:58:16Z</time></trkpt><trkpt lat="60.321432" lon="-137.076593"><ele>882.253</ele><time>2026-07-13T17:58:18Z</time></trkpt><trkpt lat="60.321377" lon="-137.076713"><ele>882.423</ele><time>2026-07-13T17:58:25Z</time></trkpt><trkpt lat="60.321321" lon="-137.076775"><ele>883.072</ele><time>2026-07-13T17:58:31Z</time></trkpt><trkpt lat="60.321294" lon="-137.076795"><ele>883.213</ele><time>2026-07-13T17:58:34Z</time></trkpt><trkpt lat="60.321219" lon="-137.076866"><ele>884.214</ele><time>2026-07-13T17:58:42Z</time></trkpt><trkpt lat="60.321179" lon="-137.076989"><ele>885.209</ele><time>2026-07-13T17:58:49Z</time></trkpt><trkpt lat="60.321162" lon="-137.077152"><ele>885.489</ele><time>2026-07-13T17:58:56Z</time></trkpt><trkpt lat="60.321134" lon="-137.077273"><ele>885.434</ele><time>2026-07-13T17:59:02Z</time></trkpt><trkpt lat="60.321105" lon="-137.077368"><ele>885.481</ele><time>2026-07-13T17:59:07Z</time></trkpt><trkpt lat="60.321075" lon="-137.07748"><ele>885.217</ele><time>2026-07-13T17:59:12Z</time></trkpt><trkpt lat="60.321045" lon="-137.077648"><ele>885.241</ele><time>2026-07-13T17:59:20Z</time></trkpt><trkpt lat="60.321014" lon="-137.077791"><ele>884.629</ele><time>2026-07-13T17:59:28Z</time></trkpt><trkpt lat="60.321004" lon="-137.07786"><ele>884.256</ele><time>2026-07-13T17:59:31Z</time></trkpt><trkpt lat="60.320984" lon="-137.07797"><ele>883.282</ele><time>2026-07-13T17:59:35Z</time></trkpt><trkpt lat="60.320978" lon="-137.07799"><ele>882.842</ele><time>2026-07-13T17:59:36Z</time></trkpt><trkpt lat="60.320955" lon="-137.0781"><ele>881.468</ele><time>2026-07-13T17:59:39Z</time></trkpt><trkpt lat="60.320942" lon="-137.078178"><ele>880.042</ele><time>2026-07-13T17:59:42Z</time></trkpt><trkpt lat="60.320929" lon="-137.078233"><ele>879.026</ele><time>2026-07-13T17:59:46Z</time></trkpt><trkpt lat="60.320925" lon="-137.07829"><ele>878.409</ele><time>2026-07-13T17:59:48Z</time></trkpt><trkpt lat="60.320929" lon="-137.078363"><ele>877.818</ele><time>2026-07-13T17:59:50Z</time></trkpt><trkpt lat="60.32093" lon="-137.078464"><ele>876.253</ele><time>2026-07-13T17:59:53Z</time></trkpt><trkpt lat="60.320927" lon="-137.078557"><ele>875.010</ele><time>2026-07-13T17:59:56Z</time></trkpt><trkpt lat="60.320935" lon="-137.078628"><ele>874.466</ele><time>2026-07-13T17:59:59Z</time></trkpt><trkpt lat="60.320941" lon="-137.078666"><ele>874.090</ele><time>2026-07-13T18:00:00Z</time></trkpt><trkpt lat="60.320953" lon="-137.078771"><ele>872.678</ele><time>2026-07-13T18:00:03Z</time></trkpt><trkpt lat="60.320961" lon="-137.078803"><ele>872.265</ele><time>2026-07-13T18:00:04Z</time></trkpt><trkpt lat="60.32098" lon="-137.078871"><ele>871.611</ele><time>2026-07-13T18:00:07Z</time></trkpt><trkpt lat="60.321015" lon="-137.078927"><ele>871.031</ele><time>2026-07-13T18:00:11Z</time></trkpt><trkpt lat="60.321021" lon="-137.078921"><ele>871.032</ele><time>2026-07-13T18:00:19Z</time></trkpt><trkpt lat="60.32103" lon="-137.078974"><ele>871.092</ele><time>2026-07-13T18:00:25Z</time></trkpt><trkpt lat="60.321059" lon="-137.079135"><ele>871.611</ele><time>2026-07-13T18:00:33Z</time></trkpt><trkpt lat="60.321083" lon="-137.079263"><ele>872.209</ele><time>2026-07-13T18:00:39Z</time></trkpt><trkpt lat="60.321087" lon="-137.07928"><ele>872.235</ele><time>2026-07-13T18:00:40Z</time></trkpt><trkpt lat="60.321103" lon="-137.079339"><ele>872.650</ele><time>2026-07-13T18:00:43Z</time></trkpt><trkpt lat="60.32112" lon="-137.079446"><ele>872.637</ele><time>2026-07-13T18:00:48Z</time></trkpt><trkpt lat="60.321142" lon="-137.079551"><ele>872.493</ele><time>2026-07-13T18:00:55Z</time></trkpt><trkpt lat="60.321175" lon="-137.079725"><ele>872.417</ele><time>2026-07-13T18:01:03Z</time></trkpt><trkpt lat="60.321225" lon="-137.079965"><ele>873.225</ele><time>2026-07-13T18:01:15Z</time></trkpt><trkpt lat="60.321246" lon="-137.080063"><ele>873.212</ele><time>2026-07-13T18:01:19Z</time></trkpt><trkpt lat="60.321266" lon="-137.080182"><ele>873.648</ele><time>2026-07-13T18:01:24Z</time></trkpt><trkpt lat="60.321272" lon="-137.080208"><ele>873.688</ele><time>2026-07-13T18:01:25Z</time></trkpt><trkpt lat="60.321318" lon="-137.080411"><ele>873.829</ele><time>2026-07-13T18:01:34Z</time></trkpt><trkpt lat="60.321373" lon="-137.080673"><ele>874.000</ele><time>2026-07-13T18:01:45Z</time></trkpt><trkpt lat="60.321402" lon="-137.080898"><ele>874.420</ele><time>2026-07-13T18:01:54Z</time></trkpt><trkpt lat="60.321404" lon="-137.081069"><ele>874.609</ele><time>2026-07-13T18:02:02Z</time></trkpt><trkpt lat="60.321395" lon="-137.081227"><ele>874.884</ele><time>2026-07-13T18:02:09Z</time></trkpt><trkpt lat="60.321388" lon="-137.081459"><ele>875.259</ele><time>2026-07-13T18:02:19Z</time></trkpt><trkpt lat="60.321396" lon="-137.081557"><ele>875.896</ele><time>2026-07-13T18:02:23Z</time></trkpt><trkpt lat="60.321411" lon="-137.081626"><ele>875.822</ele><time>2026-07-13T18:02:26Z</time></trkpt><trkpt lat="60.321448" lon="-137.081746"><ele>875.836</ele><time>2026-07-13T18:02:32Z</time></trkpt><trkpt lat="60.32148" lon="-137.081813"><ele>875.884</ele><time>2026-07-13T18:02:36Z</time></trkpt><trkpt lat="60.321572" lon="-137.081931"><ele>875.261</ele><time>2026-07-13T18:02:45Z</time></trkpt><trkpt lat="60.321624" lon="-137.08199"><ele>874.627</ele><time>2026-07-13T18:02:50Z</time></trkpt><trkpt lat="60.321684" lon="-137.082042"><ele>874.897</ele><time>2026-07-13T18:02:55Z</time></trkpt><trkpt lat="60.321779" lon="-137.082055"><ele>875.025</ele><time>2026-07-13T18:03:03Z</time></trkpt><trkpt lat="60.321884" lon="-137.081976"><ele>874.626</ele><time>2026-07-13T18:03:12Z</time></trkpt><trkpt lat="60.322" lon="-137.081963"><ele>874.408</ele><time>2026-07-13T18:03:22Z</time></trkpt><trkpt lat="60.322086" lon="-137.082029"><ele>874.609</ele><time>2026-07-13T18:03:29Z</time></trkpt><trkpt lat="60.32217" lon="-137.082149"><ele>874.264</ele><time>2026-07-13T18:03:38Z</time></trkpt><trkpt lat="60.32225" lon="-137.082307"><ele>874.459</ele><time>2026-07-13T18:03:47Z</time></trkpt><trkpt lat="60.322353" lon="-137.082486"><ele>874.816</ele><time>2026-07-13T18:03:58Z</time></trkpt><trkpt lat="60.322387" lon="-137.082553"><ele>875.072</ele><time>2026-07-13T18:04:02Z</time></trkpt><trkpt lat="60.322426" lon="-137.082655"><ele>875.276</ele><time>2026-07-13T18:04:07Z</time></trkpt><trkpt lat="60.322475" lon="-137.082842"><ele>874.894</ele><time>2026-07-13T18:04:16Z</time></trkpt><trkpt lat="60.322519" lon="-137.083074"><ele>875.631</ele><time>2026-07-13T18:04:26Z</time></trkpt><trkpt lat="60.322516" lon="-137.08326"><ele>875.897</ele><time>2026-07-13T18:04:33Z</time></trkpt><trkpt lat="60.322512" lon="-137.083282"><ele>875.637</ele><time>2026-07-13T18:04:34Z</time></trkpt><trkpt lat="60.322508" lon="-137.08342"><ele>875.887</ele><time>2026-07-13T18:04:40Z</time></trkpt><trkpt lat="60.322509" lon="-137.083492"><ele>875.642</ele><time>2026-07-13T18:04:44Z</time></trkpt><trkpt lat="60.322498" lon="-137.083691"><ele>876.026</ele><time>2026-07-13T18:04:53Z</time></trkpt><trkpt lat="60.322492" lon="-137.083797"><ele>876.809</ele><time>2026-07-13T18:04:58Z</time></trkpt><trkpt lat="60.32249" lon="-137.083856"><ele>877.210</ele><time>2026-07-13T18:05:01Z</time></trkpt><trkpt lat="60.322489" lon="-137.083938"><ele>877.815</ele><time>2026-07-13T18:05:05Z</time></trkpt><trkpt lat="60.322489" lon="-137.084054"><ele>878.452</ele><time>2026-07-13T18:05:11Z</time></trkpt><trkpt lat="60.322492" lon="-137.084118"><ele>879.018</ele><time>2026-07-13T18:05:14Z</time></trkpt><trkpt lat="60.322514" lon="-137.084242"><ele>879.822</ele><time>2026-07-13T18:05:20Z</time></trkpt><trkpt lat="60.322517" lon="-137.084267"><ele>879.830</ele><time>2026-07-13T18:05:21Z</time></trkpt><trkpt lat="60.32253" lon="-137.08433"><ele>880.047</ele><time>2026-07-13T18:05:24Z</time></trkpt><trkpt lat="60.322549" lon="-137.084431"><ele>880.663</ele><time>2026-07-13T18:05:30Z</time></trkpt><trkpt lat="60.322554" lon="-137.084497"><ele>881.253</ele><time>2026-07-13T18:05:33Z</time></trkpt><trkpt lat="60.322562" lon="-137.084577"><ele>881.628</ele><time>2026-07-13T18:05:37Z</time></trkpt><trkpt lat="60.322562" lon="-137.084644"><ele>882.289</ele><time>2026-07-13T18:05:41Z</time></trkpt><trkpt lat="60.322555" lon="-137.084732"><ele>882.817</ele><time>2026-07-13T18:05:45Z</time></trkpt><trkpt lat="60.322542" lon="-137.084864"><ele>883.409</ele><time>2026-07-13T18:05:52Z</time></trkpt><trkpt lat="60.32254" lon="-137.084898"><ele>883.624</ele><time>2026-07-13T18:05:54Z</time></trkpt><trkpt lat="60.322532" lon="-137.085001"><ele>884.459</ele><time>2026-07-13T18:05:59Z</time></trkpt><trkpt lat="60.322525" lon="-137.085063"><ele>884.466</ele><time>2026-07-13T18:06:02Z</time></trkpt><trkpt lat="60.322493" lon="-137.085322"><ele>885.422</ele><time>2026-07-13T18:06:14Z</time></trkpt><trkpt lat="60.32249" lon="-137.085347"><ele>885.416</ele><time>2026-07-13T18:06:15Z</time></trkpt><trkpt lat="60.322462" lon="-137.085545"><ele>886.254</ele><time>2026-07-13T18:06:24Z</time></trkpt><trkpt lat="60.322428" lon="-137.085752"><ele>886.431</ele><time>2026-07-13T18:06:33Z</time></trkpt><trkpt lat="60.322413" lon="-137.085856"><ele>885.667</ele><time>2026-07-13T18:06:39Z</time></trkpt><trkpt lat="60.322411" lon="-137.085872"><ele>885.697</ele><time>2026-07-13T18:06:40Z</time></trkpt><trkpt lat="60.322386" lon="-137.086118"><ele>886.077</ele><time>2026-07-13T18:06:51Z</time></trkpt><trkpt lat="60.322355" lon="-137.086281"><ele>886.261</ele><time>2026-07-13T18:06:59Z</time></trkpt><trkpt lat="60.322341" lon="-137.086367"><ele>886.427</ele><time>2026-07-13T18:07:03Z</time></trkpt><trkpt lat="60.322327" lon="-137.086467"><ele>886.209</ele><time>2026-07-13T18:07:07Z</time></trkpt><trkpt lat="60.322322" lon="-137.086492"><ele>886.099</ele><time>2026-07-13T18:07:08Z</time></trkpt><trkpt lat="60.322303" lon="-137.086601"><ele>886.264</ele><time>2026-07-13T18:07:13Z</time></trkpt><trkpt lat="60.322309" lon="-137.086617"><ele>886.481</ele><time>2026-07-13T18:07:14Z</time></trkpt><trkpt lat="60.32231" lon="-137.086637"><ele>886.647</ele><time>2026-07-13T18:07:15Z</time></trkpt><trkpt lat="60.32231" lon="-137.08684"><ele>886.881</ele><time>2026-07-13T18:07:23Z</time></trkpt><trkpt lat="60.322315" lon="-137.086988"><ele>887.059</ele><time>2026-07-13T18:07:30Z</time></trkpt><trkpt lat="60.32232" lon="-137.087138"><ele>886.886</ele><time>2026-07-13T18:07:36Z</time></trkpt><trkpt lat="60.322307" lon="-137.087266"><ele>886.662</ele><time>2026-07-13T18:07:41Z</time></trkpt><trkpt lat="60.322295" lon="-137.087432"><ele>886.692</ele><time>2026-07-13T18:07:48Z</time></trkpt><trkpt lat="60.322291" lon="-137.087513"><ele>886.641</ele><time>2026-07-13T18:07:51Z</time></trkpt><trkpt lat="60.322274" lon="-137.087684"><ele>887.081</ele><time>2026-07-13T18:07:59Z</time></trkpt><trkpt lat="60.322224" lon="-137.087876"><ele>886.809</ele><time>2026-07-13T18:08:08Z</time></trkpt><trkpt lat="60.322185" lon="-137.088028"><ele>887.009</ele><time>2026-07-13T18:08:15Z</time></trkpt><trkpt lat="60.322124" lon="-137.088163"><ele>887.086</ele><time>2026-07-13T18:08:23Z</time></trkpt><trkpt lat="60.322065" lon="-137.08832"><ele>887.231</ele><time>2026-07-13T18:08:31Z</time></trkpt><trkpt lat="60.321997" lon="-137.088495"><ele>887.228</ele><time>2026-07-13T18:08:40Z</time></trkpt><trkpt lat="60.321949" lon="-137.088667"><ele>887.264</ele><time>2026-07-13T18:08:48Z</time></trkpt><trkpt lat="60.321924" lon="-137.088764"><ele>887.258</ele><time>2026-07-13T18:08:53Z</time></trkpt><trkpt lat="60.321916" lon="-137.088815"><ele>887.296</ele><time>2026-07-13T18:08:55Z</time></trkpt><trkpt lat="60.32188" lon="-137.089004"><ele>887.613</ele><time>2026-07-13T18:09:04Z</time></trkpt><trkpt lat="60.321875" lon="-137.08905"><ele>887.669</ele><time>2026-07-13T18:09:06Z</time></trkpt><trkpt lat="60.321871" lon="-137.089072"><ele>887.679</ele><time>2026-07-13T18:09:07Z</time></trkpt><trkpt lat="60.32185" lon="-137.08919"><ele>887.859</ele><time>2026-07-13T18:09:12Z</time></trkpt><trkpt lat="60.321836" lon="-137.089257"><ele>888.003</ele><time>2026-07-13T18:09:15Z</time></trkpt><trkpt lat="60.321805" lon="-137.089385"><ele>888.223</ele><time>2026-07-13T18:09:21Z</time></trkpt><trkpt lat="60.321749" lon="-137.089605"><ele>888.409</ele><time>2026-07-13T18:09:31Z</time></trkpt><trkpt lat="60.321716" lon="-137.089721"><ele>888.617</ele><time>2026-07-13T18:09:37Z</time></trkpt><trkpt lat="60.321707" lon="-137.089768"><ele>888.622</ele><time>2026-07-13T18:09:39Z</time></trkpt><trkpt lat="60.321671" lon="-137.08995"><ele>888.679</ele><time>2026-07-13T18:09:48Z</time></trkpt><trkpt lat="60.321624" lon="-137.090126"><ele>889.045</ele><time>2026-07-13T18:09:57Z</time></trkpt><trkpt lat="60.32157" lon="-137.09037"><ele>889.249</ele><time>2026-07-13T18:10:08Z</time></trkpt><trkpt lat="60.321542" lon="-137.090491"><ele>889.667</ele><time>2026-07-13T18:10:14Z</time></trkpt><trkpt lat="60.321539" lon="-137.090508"><ele>889.844</ele><time>2026-07-13T18:10:15Z</time></trkpt><trkpt lat="60.321483" lon="-137.090718"><ele>890.250</ele><time>2026-07-13T18:10:25Z</time></trkpt><trkpt lat="60.321441" lon="-137.090889"><ele>890.620</ele><time>2026-07-13T18:10:33Z</time></trkpt><trkpt lat="60.321427" lon="-137.09094"><ele>890.625</ele><time>2026-07-13T18:10:35Z</time></trkpt><trkpt lat="60.3214" lon="-137.091036"><ele>891.026</ele><time>2026-07-13T18:10:40Z</time></trkpt><trkpt lat="60.321363" lon="-137.091233"><ele>891.608</ele><time>2026-07-13T18:10:49Z</time></trkpt><trkpt lat="60.321345" lon="-137.091325"><ele>892.009</ele><time>2026-07-13T18:10:54Z</time></trkpt><trkpt lat="60.321307" lon="-137.091538"><ele>892.614</ele><time>2026-07-13T18:11:05Z</time></trkpt><trkpt lat="60.321294" lon="-137.091596"><ele>892.899</ele><time>2026-07-13T18:11:08Z</time></trkpt><trkpt lat="60.321267" lon="-137.091695"><ele>893.096</ele><time>2026-07-13T18:11:13Z</time></trkpt><trkpt lat="60.321227" lon="-137.091857"><ele>893.672</ele><time>2026-07-13T18:11:20Z</time></trkpt><trkpt lat="60.321217" lon="-137.091902"><ele>893.856</ele><time>2026-07-13T18:11:22Z</time></trkpt><trkpt lat="60.32119" lon="-137.092026"><ele>894.454</ele><time>2026-07-13T18:11:28Z</time></trkpt><trkpt lat="60.321169" lon="-137.092094"><ele>894.841</ele><time>2026-07-13T18:11:32Z</time></trkpt><trkpt lat="60.321162" lon="-137.092128"><ele>894.817</ele><time>2026-07-13T18:11:34Z</time></trkpt><trkpt lat="60.321146" lon="-137.092198"><ele>895.077</ele><time>2026-07-13T18:11:37Z</time></trkpt><trkpt lat="60.321103" lon="-137.092327"><ele>895.822</ele><time>2026-07-13T18:11:44Z</time></trkpt><trkpt lat="60.321099" lon="-137.092343"><ele>896.062</ele><time>2026-07-13T18:11:45Z</time></trkpt><trkpt lat="60.321081" lon="-137.092502"><ele>897.008</ele><time>2026-07-13T18:11:54Z</time></trkpt><trkpt lat="60.32106" lon="-137.092621"><ele>897.809</ele><time>2026-07-13T18:12:00Z</time></trkpt><trkpt lat="60.321052" lon="-137.092657"><ele>898.044</ele><time>2026-07-13T18:12:02Z</time></trkpt><trkpt lat="60.321013" lon="-137.092794"><ele>899.019</ele><time>2026-07-13T18:12:10Z</time></trkpt><trkpt lat="60.320954" lon="-137.092946"><ele>900.056</ele><time>2026-07-13T18:12:19Z</time></trkpt><trkpt lat="60.320948" lon="-137.092961"><ele>900.062</ele><time>2026-07-13T18:12:20Z</time></trkpt><trkpt lat="60.320895" lon="-137.093093"><ele>901.096</ele><time>2026-07-13T18:12:28Z</time></trkpt><trkpt lat="60.320875" lon="-137.093145"><ele>901.274</ele><time>2026-07-13T18:12:31Z</time></trkpt><trkpt lat="60.320837" lon="-137.093257"><ele>901.691</ele><time>2026-07-13T18:12:37Z</time></trkpt><trkpt lat="60.320781" lon="-137.09342"><ele>901.887</ele><time>2026-07-13T18:12:46Z</time></trkpt><trkpt lat="60.320762" lon="-137.093496"><ele>902.237</ele><time>2026-07-13T18:12:50Z</time></trkpt><trkpt lat="60.320745" lon="-137.093559"><ele>902.615</ele><time>2026-07-13T18:12:53Z</time></trkpt><trkpt lat="60.320711" lon="-137.093701"><ele>903.065</ele><time>2026-07-13T18:13:00Z</time></trkpt><trkpt lat="60.320702" lon="-137.093746"><ele>903.211</ele><time>2026-07-13T18:13:02Z</time></trkpt><trkpt lat="60.320673" lon="-137.093887"><ele>904.009</ele><time>2026-07-13T18:13:09Z</time></trkpt><trkpt lat="60.320643" lon="-137.093998"><ele>904.263</ele><time>2026-07-13T18:13:14Z</time></trkpt><trkpt lat="60.320624" lon="-137.094057"><ele>904.478</ele><time>2026-07-13T18:13:17Z</time></trkpt><trkpt lat="60.320575" lon="-137.094222"><ele>904.885</ele><time>2026-07-13T18:13:25Z</time></trkpt><trkpt lat="60.320516" lon="-137.0944"><ele>904.861</ele><time>2026-07-13T18:13:34Z</time></trkpt><trkpt lat="60.320465" lon="-137.094597"><ele>904.825</ele><time>2026-07-13T18:13:43Z</time></trkpt><trkpt lat="60.32042" lon="-137.094821"><ele>904.833</ele><time>2026-07-13T18:13:53Z</time></trkpt><trkpt lat="60.320393" lon="-137.094974"><ele>904.690</ele><time>2026-07-13T18:13:59Z</time></trkpt><trkpt lat="60.320378" lon="-137.095059"><ele>904.446</ele><time>2026-07-13T18:14:03Z</time></trkpt><trkpt lat="60.32035" lon="-137.095199"><ele>904.686</ele><time>2026-07-13T18:14:09Z</time></trkpt><trkpt lat="60.320324" lon="-137.095321"><ele>904.847</ele><time>2026-07-13T18:14:14Z</time></trkpt><trkpt lat="60.320245" lon="-137.095496"><ele>905.029</ele><time>2026-07-13T18:14:24Z</time></trkpt><trkpt lat="60.320157" lon="-137.095689"><ele>904.621</ele><time>2026-07-13T18:14:34Z</time></trkpt><trkpt lat="60.320114" lon="-137.095867"><ele>904.409</ele><time>2026-07-13T18:14:42Z</time></trkpt><trkpt lat="60.320108" lon="-137.09607"><ele>904.236</ele><time>2026-07-13T18:14:50Z</time></trkpt><trkpt lat="60.320101" lon="-137.096319"><ele>903.691</ele><time>2026-07-13T18:15:00Z</time></trkpt><trkpt lat="60.320105" lon="-137.096503"><ele>903.248</ele><time>2026-07-13T18:15:07Z</time></trkpt><trkpt lat="60.320118" lon="-137.096601"><ele>902.884</ele><time>2026-07-13T18:15:11Z</time></trkpt><trkpt lat="60.320138" lon="-137.09673"><ele>902.218</ele><time>2026-07-13T18:15:16Z</time></trkpt><trkpt lat="60.320154" lon="-137.096825"><ele>902.646</ele><time>2026-07-13T18:15:20Z</time></trkpt><trkpt lat="60.320197" lon="-137.097091"><ele>902.073</ele><time>2026-07-13T18:15:31Z</time></trkpt><trkpt lat="60.320219" lon="-137.097352"><ele>902.089</ele><time>2026-07-13T18:15:41Z</time></trkpt><trkpt lat="60.320235" lon="-137.097615"><ele>901.479</ele><time>2026-07-13T18:15:51Z</time></trkpt><trkpt lat="60.32024" lon="-137.097839"><ele>901.469</ele><time>2026-07-13T18:16:00Z</time></trkpt><trkpt lat="60.320226" lon="-137.098063"><ele>901.204</ele><time>2026-07-13T18:16:09Z</time></trkpt><trkpt lat="60.320225" lon="-137.098122"><ele>901.024</ele><time>2026-07-13T18:16:11Z</time></trkpt><trkpt lat="60.320221" lon="-137.098265"><ele>901.209</ele><time>2026-07-13T18:16:16Z</time></trkpt><trkpt lat="60.320228" lon="-137.09841"><ele>901.428</ele><time>2026-07-13T18:16:22Z</time></trkpt><trkpt lat="60.320204" lon="-137.098602"><ele>901.623</ele><time>2026-07-13T18:16:30Z</time></trkpt><trkpt lat="60.320149" lon="-137.098834"><ele>901.870</ele><time>2026-07-13T18:16:40Z</time></trkpt><trkpt lat="60.320091" lon="-137.099037"><ele>902.016</ele><time>2026-07-13T18:16:49Z</time></trkpt><trkpt lat="60.320073" lon="-137.099089"><ele>902.230</ele><time>2026-07-13T18:16:51Z</time></trkpt><trkpt lat="60.320033" lon="-137.099247"><ele>902.278</ele><time>2026-07-13T18:16:59Z</time></trkpt><trkpt lat="60.319977" lon="-137.099436"><ele>901.875</ele><time>2026-07-13T18:17:08Z</time></trkpt><trkpt lat="60.319931" lon="-137.099629"><ele>902.431</ele><time>2026-07-13T18:17:17Z</time></trkpt><trkpt lat="60.319874" lon="-137.099912"><ele>902.251</ele><time>2026-07-13T18:17:29Z</time></trkpt><trkpt lat="60.319848" lon="-137.100067"><ele>902.011</ele><time>2026-07-13T18:17:36Z</time></trkpt><trkpt lat="60.319849" lon="-137.100077"><ele>902.021</ele><time>2026-07-13T18:17:39Z</time></trkpt><trkpt lat="60.319849" lon="-137.100076"><ele>901.803</ele><time>2026-07-13T18:17:42Z</time></trkpt><trkpt lat="60.319849" lon="-137.100087"><ele>901.809</ele><time>2026-07-13T18:17:44Z</time></trkpt><trkpt lat="60.31985" lon="-137.100111"><ele>902.023</ele><time>2026-07-13T18:17:45Z</time></trkpt><trkpt lat="60.319839" lon="-137.100162"><ele>902.018</ele><time>2026-07-13T18:17:47Z</time></trkpt><trkpt lat="60.319774" lon="-137.100357"><ele>901.815</ele><time>2026-07-13T18:17:56Z</time></trkpt><trkpt lat="60.31968" lon="-137.100605"><ele>902.651</ele><time>2026-07-13T18:18:08Z</time></trkpt><trkpt lat="60.319585" lon="-137.100836"><ele>902.875</ele><time>2026-07-13T18:18:19Z</time></trkpt><trkpt lat="60.319543" lon="-137.100937"><ele>903.063</ele><time>2026-07-13T18:18:24Z</time></trkpt><trkpt lat="60.319534" lon="-137.100957"><ele>903.090</ele><time>2026-07-13T18:18:25Z</time></trkpt><trkpt lat="60.319475" lon="-137.10108"><ele>903.876</ele><time>2026-07-13T18:18:32Z</time></trkpt><trkpt lat="60.319432" lon="-137.101179"><ele>903.676</ele><time>2026-07-13T18:18:38Z</time></trkpt><trkpt lat="60.319352" lon="-137.101346"><ele>904.065</ele><time>2026-07-13T18:18:46Z</time></trkpt><trkpt lat="60.319344" lon="-137.101364"><ele>904.268</ele><time>2026-07-13T18:18:47Z</time></trkpt><trkpt lat="60.31931" lon="-137.101431"><ele>903.214</ele><time>2026-07-13T18:18:51Z</time></trkpt><trkpt lat="60.319271" lon="-137.101534"><ele>903.009</ele><time>2026-07-13T18:18:56Z</time></trkpt><trkpt lat="60.319207" lon="-137.101688"><ele>902.898</ele><time>2026-07-13T18:19:04Z</time></trkpt><trkpt lat="60.319101" lon="-137.101911"><ele>903.213</ele><time>2026-07-13T18:19:16Z</time></trkpt><trkpt lat="60.31902" lon="-137.102093"><ele>901.820</ele><time>2026-07-13T18:19:25Z</time></trkpt><trkpt lat="60.319013" lon="-137.102113"><ele>901.656</ele><time>2026-07-13T18:19:26Z</time></trkpt><trkpt lat="60.318982" lon="-137.102309"><ele>901.420</ele><time>2026-07-13T18:19:34Z</time></trkpt><trkpt lat="60.318982" lon="-137.102412"><ele>900.888</ele><time>2026-07-13T18:19:38Z</time></trkpt><trkpt lat="60.318988" lon="-137.10248"><ele>900.835</ele><time>2026-07-13T18:19:41Z</time></trkpt><trkpt lat="60.319014" lon="-137.102687"><ele>900.821</ele><time>2026-07-13T18:19:50Z</time></trkpt><trkpt lat="60.319053" lon="-137.102872"><ele>901.271</ele><time>2026-07-13T18:19:58Z</time></trkpt><trkpt lat="60.319136" lon="-137.103034"><ele>900.666</ele><time>2026-07-13T18:20:07Z</time></trkpt><trkpt lat="60.319185" lon="-137.103257"><ele>901.029</ele><time>2026-07-13T18:20:18Z</time></trkpt><trkpt lat="60.319183" lon="-137.10325"><ele>901.021</ele><time>2026-07-13T18:20:22Z</time></trkpt><trkpt lat="60.319186" lon="-137.103237"><ele>901.209</ele><time>2026-07-13T18:20:23Z</time></trkpt><trkpt lat="60.319193" lon="-137.103235"><ele>901.038</ele><time>2026-07-13T18:20:31Z</time></trkpt><trkpt lat="60.319163" lon="-137.103309"><ele>900.273</ele><time>2026-07-13T18:20:36Z</time></trkpt><trkpt lat="60.319158" lon="-137.10331"><ele>900.220</ele><time>2026-07-13T18:20:37Z</time></trkpt><trkpt lat="60.31916" lon="-137.103308"><ele>900.096</ele><time>2026-07-13T18:20:47Z</time></trkpt><trkpt lat="60.319164" lon="-137.103312"><ele>900.070</ele><time>2026-07-13T18:20:53Z</time></trkpt><trkpt lat="60.319162" lon="-137.103311"><ele>899.888</ele><time>2026-07-13T18:20:56Z</time></trkpt><trkpt lat="60.319159" lon="-137.103309"><ele>899.885</ele><time>2026-07-13T18:20:58Z</time></trkpt><trkpt lat="60.319159" lon="-137.103302"><ele>899.871</ele><time>2026-07-13T18:20:59Z</time></trkpt><trkpt lat="60.319156" lon="-137.1033"><ele>899.681</ele><time>2026-07-13T18:21:01Z</time></trkpt><trkpt lat="60.319166" lon="-137.103287"><ele>899.466</ele><time>2026-07-13T18:21:11Z</time></trkpt><trkpt lat="60.319164" lon="-137.10327"><ele>899.029</ele><time>2026-07-13T18:21:19Z</time></trkpt><trkpt lat="60.319178" lon="-137.103261"><ele>899.221</ele><time>2026-07-13T18:21:30Z</time></trkpt><trkpt lat="60.319186" lon="-137.103261"><ele>899.009</ele><time>2026-07-13T18:21:39Z</time></trkpt><trkpt lat="60.319176" lon="-137.103254"><ele>899.258</ele><time>2026-07-13T18:21:48Z</time></trkpt><trkpt lat="60.319177" lon="-137.103268"><ele>899.263</ele><time>2026-07-13T18:21:56Z</time></trkpt><trkpt lat="60.31917" lon="-137.103268"><ele>899.210</ele><time>2026-07-13T18:21:58Z</time></trkpt><trkpt lat="60.319117" lon="-137.103023"><ele>900.896</ele><time>2026-07-13T18:47:41Z</time></trkpt><trkpt lat="60.31911" lon="-137.103014"><ele>900.610</ele><time>2026-07-13T18:47:42Z</time></trkpt><trkpt lat="60.319091" lon="-137.102958"><ele>900.688</ele><time>2026-07-13T18:47:47Z</time></trkpt><trkpt lat="60.319062" lon="-137.102885"><ele>900.615</ele><time>2026-07-13T18:47:56Z</time></trkpt><trkpt lat="60.319041" lon="-137.102828"><ele>900.611</ele><time>2026-07-13T18:48:02Z</time></trkpt><trkpt lat="60.319046" lon="-137.102812"><ele>900.481</ele><time>2026-07-13T18:48:09Z</time></trkpt><trkpt lat="60.319044" lon="-137.102712"><ele>900.689</ele><time>2026-07-13T18:48:15Z</time></trkpt><trkpt lat="60.319043" lon="-137.102713"><ele>900.606</ele><time>2026-07-13T18:48:21Z</time></trkpt><trkpt lat="60.319046" lon="-137.102712"><ele>900.626</ele><time>2026-07-13T18:48:29Z</time></trkpt><trkpt lat="60.319049" lon="-137.102703"><ele>900.609</ele><time>2026-07-13T18:48:33Z</time></trkpt><trkpt lat="60.319053" lon="-137.102708"><ele>900.680</ele><time>2026-07-13T18:48:35Z</time></trkpt><trkpt lat="60.319048" lon="-137.102716"><ele>900.415</ele><time>2026-07-13T18:48:37Z</time></trkpt><trkpt lat="60.319012" lon="-137.102723"><ele>900.482</ele><time>2026-07-13T18:48:43Z</time></trkpt><trkpt lat="60.319006" lon="-137.102727"><ele>900.228</ele><time>2026-07-13T18:48:51Z</time></trkpt><trkpt lat="60.318991" lon="-137.102692"><ele>900.282</ele><time>2026-07-13T18:48:58Z</time></trkpt><trkpt lat="60.318979" lon="-137.102697"><ele>899.870</ele><time>2026-07-13T18:49:05Z</time></trkpt><trkpt lat="60.318987" lon="-137.10263"><ele>900.027</ele><time>2026-07-13T18:49:13Z</time></trkpt><trkpt lat="60.318989" lon="-137.102624"><ele>900.093</ele><time>2026-07-13T18:49:14Z</time></trkpt><trkpt lat="60.318987" lon="-137.102599"><ele>900.043</ele><time>2026-07-13T18:49:16Z</time></trkpt><trkpt lat="60.318984" lon="-137.102565"><ele>900.074</ele><time>2026-07-13T18:49:18Z</time></trkpt><trkpt lat="60.318985" lon="-137.102518"><ele>900.056</ele><time>2026-07-13T18:49:21Z</time></trkpt><trkpt lat="60.31899" lon="-137.102458"><ele>900.021</ele><time>2026-07-13T18:49:29Z</time></trkpt><trkpt lat="60.318991" lon="-137.102403"><ele>900.009</ele><time>2026-07-13T18:49:35Z</time></trkpt><trkpt lat="60.318994" lon="-137.102281"><ele>900.269</ele><time>2026-07-13T18:49:42Z</time></trkpt><trkpt lat="60.318996" lon="-137.102226"><ele>900.274</ele><time>2026-07-13T18:49:46Z</time></trkpt><trkpt lat="60.319005" lon="-137.102173"><ele>900.231</ele><time>2026-07-13T18:49:51Z</time></trkpt><trkpt lat="60.319012" lon="-137.102142"><ele>900.457</ele><time>2026-07-13T18:49:53Z</time></trkpt><trkpt lat="60.319027" lon="-137.10208"><ele>900.811</ele><time>2026-07-13T18:50:01Z</time></trkpt><trkpt lat="60.319024" lon="-137.102098"><ele>900.839</ele><time>2026-07-13T18:50:06Z</time></trkpt><trkpt lat="60.319045" lon="-137.102044"><ele>901.016</ele><time>2026-07-13T18:50:10Z</time></trkpt><trkpt lat="60.319074" lon="-137.101976"><ele>901.422</ele><time>2026-07-13T18:50:18Z</time></trkpt><trkpt lat="60.319084" lon="-137.101945"><ele>901.842</ele><time>2026-07-13T18:50:25Z</time></trkpt><trkpt lat="60.31909" lon="-137.101947"><ele>901.839</ele><time>2026-07-13T18:50:26Z</time></trkpt><trkpt lat="60.319085" lon="-137.101937"><ele>901.801</ele><time>2026-07-13T18:50:30Z</time></trkpt><trkpt lat="60.319099" lon="-137.101911"><ele>901.821</ele><time>2026-07-13T18:50:36Z</time></trkpt><trkpt lat="60.319121" lon="-137.101886"><ele>901.809</ele><time>2026-07-13T18:50:39Z</time></trkpt><trkpt lat="60.319128" lon="-137.101881"><ele>901.855</ele><time>2026-07-13T18:50:42Z</time></trkpt><trkpt lat="60.319128" lon="-137.101879"><ele>901.890</ele><time>2026-07-13T18:50:46Z</time></trkpt><trkpt lat="60.319127" lon="-137.101873"><ele>901.677</ele><time>2026-07-13T18:50:48Z</time></trkpt><trkpt lat="60.319129" lon="-137.101838"><ele>901.643</ele><time>2026-07-13T18:50:56Z</time></trkpt><trkpt lat="60.319141" lon="-137.101823"><ele>901.487</ele><time>2026-07-13T18:51:01Z</time></trkpt><trkpt lat="60.319154" lon="-137.101809"><ele>901.475</ele><time>2026-07-13T18:51:04Z</time></trkpt><trkpt lat="60.319155" lon="-137.101797"><ele>901.272</ele><time>2026-07-13T18:51:13Z</time></trkpt><trkpt lat="60.319148" lon="-137.101804"><ele>901.028</ele><time>2026-07-13T18:51:22Z</time></trkpt><trkpt lat="60.319144" lon="-137.10181"><ele>900.828</ele><time>2026-07-13T18:51:25Z</time></trkpt><trkpt lat="60.319148" lon="-137.101802"><ele>901.431</ele><time>2026-07-13T18:51:33Z</time></trkpt><trkpt lat="60.31915" lon="-137.101812"><ele>901.461</ele><time>2026-07-13T18:51:39Z</time></trkpt><trkpt lat="60.319151" lon="-137.101803"><ele>901.407</ele><time>2026-07-13T18:51:43Z</time></trkpt><trkpt lat="60.319194" lon="-137.101716"><ele>902.009</ele><time>2026-07-13T18:51:49Z</time></trkpt><trkpt lat="60.319252" lon="-137.101571"><ele>901.845</ele><time>2026-07-13T18:51:57Z</time></trkpt><trkpt lat="60.319296" lon="-137.10148"><ele>901.460</ele><time>2026-07-13T18:52:03Z</time></trkpt><trkpt lat="60.319325" lon="-137.10141"><ele>901.247</ele><time>2026-07-13T18:52:07Z</time></trkpt><trkpt lat="60.319357" lon="-137.10132"><ele>901.693</ele><time>2026-07-13T18:52:12Z</time></trkpt><trkpt lat="60.319405" lon="-137.101224"><ele>901.867</ele><time>2026-07-13T18:52:18Z</time></trkpt><trkpt lat="60.319499" lon="-137.101063"><ele>902.285</ele><time>2026-07-13T18:52:29Z</time></trkpt><trkpt lat="60.319519" lon="-137.101023"><ele>902.062</ele><time>2026-07-13T18:52:31Z</time></trkpt><trkpt lat="60.319583" lon="-137.100864"><ele>901.018</ele><time>2026-07-13T18:52:39Z</time></trkpt><trkpt lat="60.319611" lon="-137.100787"><ele>900.828</ele><time>2026-07-13T18:52:43Z</time></trkpt><trkpt lat="60.319639" lon="-137.100711"><ele>900.865</ele><time>2026-07-13T18:52:47Z</time></trkpt><trkpt lat="60.319707" lon="-137.100553"><ele>901.268</ele><time>2026-07-13T18:52:56Z</time></trkpt><trkpt lat="60.319749" lon="-137.10043"><ele>900.814</ele><time>2026-07-13T18:53:02Z</time></trkpt><trkpt lat="60.319789" lon="-137.100286"><ele>900.409</ele><time>2026-07-13T18:53:10Z</time></trkpt><trkpt lat="60.319803" lon="-137.100251"><ele>900.458</ele><time>2026-07-13T18:53:12Z</time></trkpt><trkpt lat="60.319859" lon="-137.100009"><ele>900.233</ele><time>2026-07-13T18:53:23Z</time></trkpt><trkpt lat="60.319886" lon="-137.099796"><ele>900.620</ele><time>2026-07-13T18:53:33Z</time></trkpt><trkpt lat="60.319908" lon="-137.099705"><ele>900.636</ele><time>2026-07-13T18:53:37Z</time></trkpt><trkpt lat="60.319927" lon="-137.099639"><ele>900.430</ele><time>2026-07-13T18:53:40Z</time></trkpt><trkpt lat="60.31994" lon="-137.099581"><ele>900.458</ele><time>2026-07-13T18:53:42Z</time></trkpt><trkpt lat="60.319988" lon="-137.0994"><ele>900.095</ele><time>2026-07-13T18:53:50Z</time></trkpt><trkpt lat="60.32005" lon="-137.099218"><ele>900.271</ele><time>2026-07-13T18:53:59Z</time></trkpt><trkpt lat="60.320113" lon="-137.098993"><ele>900.831</ele><time>2026-07-13T18:54:09Z</time></trkpt><trkpt lat="60.320149" lon="-137.098852"><ele>900.832</ele><time>2026-07-13T18:54:15Z</time></trkpt><trkpt lat="60.320166" lon="-137.098784"><ele>900.892</ele><time>2026-07-13T18:54:18Z</time></trkpt><trkpt lat="60.320206" lon="-137.098573"><ele>900.611</ele><time>2026-07-13T18:54:27Z</time></trkpt><trkpt lat="60.32023" lon="-137.09837"><ele>900.209</ele><time>2026-07-13T18:54:35Z</time></trkpt><trkpt lat="60.320234" lon="-137.098129"><ele>900.055</ele><time>2026-07-13T18:54:44Z</time></trkpt><trkpt lat="60.32024" lon="-137.097917"><ele>900.880</ele><time>2026-07-13T18:54:53Z</time></trkpt><trkpt lat="60.320241" lon="-137.097621"><ele>901.087</ele><time>2026-07-13T18:55:05Z</time></trkpt><trkpt lat="60.320237" lon="-137.097404"><ele>901.043</ele><time>2026-07-13T18:55:14Z</time></trkpt><trkpt lat="60.320235" lon="-137.097381"><ele>901.087</ele><time>2026-07-13T18:55:15Z</time></trkpt><trkpt lat="60.320211" lon="-137.097152"><ele>901.275</ele><time>2026-07-13T18:55:24Z</time></trkpt><trkpt lat="60.320205" lon="-137.097113"><ele>901.092</ele><time>2026-07-13T18:55:26Z</time></trkpt><trkpt lat="60.320193" lon="-137.097041"><ele>901.228</ele><time>2026-07-13T18:55:29Z</time></trkpt><trkpt lat="60.32018" lon="-137.096964"><ele>901.618</ele><time>2026-07-13T18:55:32Z</time></trkpt><trkpt lat="60.320144" lon="-137.096765"><ele>901.827</ele><time>2026-07-13T18:55:40Z</time></trkpt><trkpt lat="60.320105" lon="-137.096488"><ele>902.068</ele><time>2026-07-13T18:55:52Z</time></trkpt><trkpt lat="60.320104" lon="-137.096248"><ele>902.414</ele><time>2026-07-13T18:56:02Z</time></trkpt><trkpt lat="60.32011" lon="-137.096122"><ele>903.009</ele><time>2026-07-13T18:56:07Z</time></trkpt><trkpt lat="60.320108" lon="-137.096046"><ele>903.094</ele><time>2026-07-13T18:56:10Z</time></trkpt><trkpt lat="60.320113" lon="-137.095862"><ele>903.479</ele><time>2026-07-13T18:56:18Z</time></trkpt><trkpt lat="60.320156" lon="-137.09569"><ele>903.026</ele><time>2026-07-13T18:56:26Z</time></trkpt><trkpt lat="60.320238" lon="-137.0955"><ele>903.472</ele><time>2026-07-13T18:56:36Z</time></trkpt><trkpt lat="60.320313" lon="-137.095366"><ele>903.446</ele><time>2026-07-13T18:56:44Z</time></trkpt><trkpt lat="60.320366" lon="-137.095151"><ele>903.024</ele><time>2026-07-13T18:56:53Z</time></trkpt><trkpt lat="60.320413" lon="-137.094863"><ele>903.071</ele><time>2026-07-13T18:57:05Z</time></trkpt><trkpt lat="60.320451" lon="-137.094674"><ele>903.227</ele><time>2026-07-13T18:57:13Z</time></trkpt><trkpt lat="60.320493" lon="-137.09449"><ele>902.637</ele><time>2026-07-13T18:57:22Z</time></trkpt><trkpt lat="60.320539" lon="-137.094304"><ele>902.875</ele><time>2026-07-13T18:57:31Z</time></trkpt><trkpt lat="60.320584" lon="-137.094186"><ele>902.828</ele><time>2026-07-13T18:57:37Z</time></trkpt><trkpt lat="60.320636" lon="-137.094024"><ele>902.220</ele><time>2026-07-13T18:57:44Z</time></trkpt><trkpt lat="60.320667" lon="-137.093892"><ele>902.209</ele><time>2026-07-13T18:57:50Z</time></trkpt><trkpt lat="60.320681" lon="-137.093849"><ele>901.849</ele><time>2026-07-13T18:57:52Z</time></trkpt><trkpt lat="60.320689" lon="-137.0938"><ele>901.624</ele><time>2026-07-13T18:57:54Z</time></trkpt><trkpt lat="60.320723" lon="-137.093638"><ele>901.011</ele><time>2026-07-13T18:58:02Z</time></trkpt><trkpt lat="60.320728" lon="-137.093615"><ele>900.827</ele><time>2026-07-13T18:58:03Z</time></trkpt><trkpt lat="60.320776" lon="-137.09342"><ele>900.051</ele><time>2026-07-13T18:58:12Z</time></trkpt><trkpt lat="60.32078" lon="-137.093406"><ele>899.869</ele><time>2026-07-13T18:58:13Z</time></trkpt><trkpt lat="60.320785" lon="-137.093401"><ele>899.476</ele><time>2026-07-13T18:58:18Z</time></trkpt><trkpt lat="60.320777" lon="-137.0934"><ele>898.882</ele><time>2026-07-13T18:58:30Z</time></trkpt><trkpt lat="60.320787" lon="-137.093387"><ele>898.622</ele><time>2026-07-13T18:58:43Z</time></trkpt><trkpt lat="60.320767" lon="-137.093404"><ele>898.846</ele><time>2026-07-13T18:58:54Z</time></trkpt><trkpt lat="60.320813" lon="-137.093307"><ele>898.088</ele><time>2026-07-13T18:59:02Z</time></trkpt><trkpt lat="60.320852" lon="-137.093198"><ele>897.616</ele><time>2026-07-13T18:59:07Z</time></trkpt><trkpt lat="60.320867" lon="-137.093157"><ele>897.609</ele><time>2026-07-13T18:59:09Z</time></trkpt><trkpt lat="60.320883" lon="-137.093123"><ele>897.276</ele><time>2026-07-13T18:59:15Z</time></trkpt><trkpt lat="60.320874" lon="-137.093124"><ele>897.041</ele><time>2026-07-13T18:59:23Z</time></trkpt><trkpt lat="60.320879" lon="-137.093115"><ele>897.058</ele><time>2026-07-13T18:59:28Z</time></trkpt><trkpt lat="60.320892" lon="-137.093102"><ele>897.034</ele><time>2026-07-13T18:59:35Z</time></trkpt><trkpt lat="60.3209" lon="-137.093097"><ele>897.078</ele><time>2026-07-13T18:59:44Z</time></trkpt><trkpt lat="60.320911" lon="-137.09307"><ele>897.036</ele><time>2026-07-13T18:59:46Z</time></trkpt><trkpt lat="60.320921" lon="-137.093041"><ele>896.643</ele><time>2026-07-13T18:59:48Z</time></trkpt><trkpt lat="60.320967" lon="-137.092889"><ele>895.659</ele><time>2026-07-13T18:59:56Z</time></trkpt><trkpt lat="60.320982" lon="-137.092851"><ele>895.229</ele><time>2026-07-13T18:59:58Z</time></trkpt><trkpt lat="60.321037" lon="-137.09267"><ele>894.667</ele><time>2026-07-13T19:00:07Z</time></trkpt><trkpt lat="60.321043" lon="-137.092648"><ele>894.481</ele><time>2026-07-13T19:00:08Z</time></trkpt><trkpt lat="60.321075" lon="-137.092501"><ele>893.419</ele><time>2026-07-13T19:00:15Z</time></trkpt><trkpt lat="60.3211" lon="-137.092362"><ele>892.209</ele><time>2026-07-13T19:00:22Z</time></trkpt><trkpt lat="60.321131" lon="-137.092235"><ele>891.498</ele><time>2026-07-13T19:00:27Z</time></trkpt><trkpt lat="60.321137" lon="-137.092212"><ele>891.213</ele><time>2026-07-13T19:00:28Z</time></trkpt><trkpt lat="60.321165" lon="-137.092107"><ele>890.650</ele><time>2026-07-13T19:00:33Z</time></trkpt><trkpt lat="60.321187" lon="-137.092012"><ele>890.486</ele><time>2026-07-13T19:00:37Z</time></trkpt><trkpt lat="60.321201" lon="-137.091977"><ele>890.210</ele><time>2026-07-13T19:00:39Z</time></trkpt><trkpt lat="60.32123" lon="-137.09184"><ele>890.048</ele><time>2026-07-13T19:00:45Z</time></trkpt><trkpt lat="60.321268" lon="-137.091657"><ele>889.265</ele><time>2026-07-13T19:00:53Z</time></trkpt><trkpt lat="60.321287" lon="-137.091573"><ele>889.251</ele><time>2026-07-13T19:00:57Z</time></trkpt><trkpt lat="60.3213" lon="-137.091533"><ele>889.051</ele><time>2026-07-13T19:00:59Z</time></trkpt><trkpt lat="60.321322" lon="-137.091408"><ele>888.276</ele><time>2026-07-13T19:01:04Z</time></trkpt><trkpt lat="60.321328" lon="-137.091391"><ele>888.290</ele><time>2026-07-13T19:01:05Z</time></trkpt><trkpt lat="60.321339" lon="-137.091327"><ele>888.019</ele><time>2026-07-13T19:01:08Z</time></trkpt><trkpt lat="60.321389" lon="-137.0911"><ele>887.209</ele><time>2026-07-13T19:01:18Z</time></trkpt><trkpt lat="60.321408" lon="-137.091035"><ele>887.219</ele><time>2026-07-13T19:01:21Z</time></trkpt><trkpt lat="60.32146" lon="-137.090811"><ele>886.684</ele><time>2026-07-13T19:01:30Z</time></trkpt><trkpt lat="60.321506" lon="-137.090633"><ele>886.231</ele><time>2026-07-13T19:01:38Z</time></trkpt><trkpt lat="60.32151" lon="-137.09061"><ele>886.047</ele><time>2026-07-13T19:01:39Z</time></trkpt><trkpt lat="60.321562" lon="-137.090396"><ele>885.841</ele><time>2026-07-13T19:01:48Z</time></trkpt><trkpt lat="60.321611" lon="-137.090198"><ele>885.289</ele><time>2026-07-13T19:01:57Z</time></trkpt><trkpt lat="60.321665" lon="-137.089942"><ele>885.076</ele><time>2026-07-13T19:02:08Z</time></trkpt><trkpt lat="60.321675" lon="-137.089896"><ele>885.062</ele><time>2026-07-13T19:02:10Z</time></trkpt><trkpt lat="60.321732" lon="-137.08965"><ele>884.842</ele><time>2026-07-13T19:02:21Z</time></trkpt><trkpt lat="60.321802" lon="-137.089429"><ele>884.897</ele><time>2026-07-13T19:02:31Z</time></trkpt><trkpt lat="60.321865" lon="-137.089122"><ele>885.023</ele><time>2026-07-13T19:02:44Z</time></trkpt><trkpt lat="60.321925" lon="-137.088775"><ele>885.025</ele><time>2026-07-13T19:02:59Z</time></trkpt><trkpt lat="60.321942" lon="-137.088709"><ele>885.009</ele><time>2026-07-13T19:03:02Z</time></trkpt><trkpt lat="60.321983" lon="-137.088537"><ele>885.221</ele><time>2026-07-13T19:03:10Z</time></trkpt><trkpt lat="60.322062" lon="-137.088328"><ele>886.056</ele><time>2026-07-13T19:03:21Z</time></trkpt><trkpt lat="60.322164" lon="-137.088041"><ele>886.043</ele><time>2026-07-13T19:03:35Z</time></trkpt><trkpt lat="60.322186" lon="-137.087977"><ele>886.279</ele><time>2026-07-13T19:03:38Z</time></trkpt><trkpt lat="60.32226" lon="-137.08776"><ele>886.263</ele><time>2026-07-13T19:03:48Z</time></trkpt><trkpt lat="60.322292" lon="-137.087617"><ele>886.451</ele><time>2026-07-13T19:03:54Z</time></trkpt><trkpt lat="60.3223" lon="-137.087567"><ele>886.618</ele><time>2026-07-13T19:03:56Z</time></trkpt><trkpt lat="60.322303" lon="-137.087501"><ele>886.674</ele><time>2026-07-13T19:03:59Z</time></trkpt><trkpt lat="60.322318" lon="-137.087252"><ele>887.054</ele><time>2026-07-13T19:04:09Z</time></trkpt><trkpt lat="60.322324" lon="-137.087114"><ele>887.222</ele><time>2026-07-13T19:04:15Z</time></trkpt><trkpt lat="60.322321" lon="-137.087015"><ele>887.462</ele><time>2026-07-13T19:04:19Z</time></trkpt><trkpt lat="60.322309" lon="-137.086758"><ele>887.608</ele><time>2026-07-13T19:04:29Z</time></trkpt><trkpt lat="60.322318" lon="-137.086539"><ele>887.609</ele><time>2026-07-13T19:04:38Z</time></trkpt><trkpt lat="60.322344" lon="-137.086402"><ele>887.284</ele><time>2026-07-13T19:04:44Z</time></trkpt><trkpt lat="60.322358" lon="-137.086289"><ele>887.619</ele><time>2026-07-13T19:04:49Z</time></trkpt><trkpt lat="60.322371" lon="-137.086188"><ele>887.496</ele><time>2026-07-13T19:04:53Z</time></trkpt><trkpt lat="60.322393" lon="-137.086004"><ele>887.232</ele><time>2026-07-13T19:05:00Z</time></trkpt><trkpt lat="60.322445" lon="-137.085694"><ele>887.666</ele><time>2026-07-13T19:05:13Z</time></trkpt><trkpt lat="60.322478" lon="-137.085518"><ele>887.814</ele><time>2026-07-13T19:05:21Z</time></trkpt><trkpt lat="60.322513" lon="-137.085259"><ele>887.461</ele><time>2026-07-13T19:05:31Z</time></trkpt><trkpt lat="60.32254" lon="-137.085054"><ele>886.657</ele><time>2026-07-13T19:05:39Z</time></trkpt><trkpt lat="60.322552" lon="-137.084889"><ele>886.237</ele><time>2026-07-13T19:05:46Z</time></trkpt><trkpt lat="60.322555" lon="-137.08482"><ele>885.894</ele><time>2026-07-13T19:05:49Z</time></trkpt><trkpt lat="60.322557" lon="-137.084719"><ele>885.257</ele><time>2026-07-13T19:05:53Z</time></trkpt><trkpt lat="60.322561" lon="-137.084622"><ele>884.622</ele><time>2026-07-13T19:05:57Z</time></trkpt><trkpt lat="60.322554" lon="-137.084547"><ele>884.009</ele><time>2026-07-13T19:06:00Z</time></trkpt><trkpt lat="60.322559" lon="-137.084412"><ele>883.091</ele><time>2026-07-13T19:06:05Z</time></trkpt><trkpt lat="60.322519" lon="-137.084224"><ele>882.246</ele><time>2026-07-13T19:06:13Z</time></trkpt><trkpt lat="60.322508" lon="-137.084146"><ele>882.053</ele><time>2026-07-13T19:06:16Z</time></trkpt><trkpt lat="60.322495" lon="-137.083928"><ele>880.819</ele><time>2026-07-13T19:06:25Z</time></trkpt><trkpt lat="60.322501" lon="-137.083765"><ele>879.863</ele><time>2026-07-13T19:06:32Z</time></trkpt><trkpt lat="60.322505" lon="-137.083711"><ele>879.641</ele><time>2026-07-13T19:06:34Z</time></trkpt><trkpt lat="60.322518" lon="-137.083527"><ele>878.618</ele><time>2026-07-13T19:06:41Z</time></trkpt><trkpt lat="60.32252" lon="-137.083502"><ele>878.664</ele><time>2026-07-13T19:06:42Z</time></trkpt><trkpt lat="60.322522" lon="-137.083261"><ele>878.014</ele><time>2026-07-13T19:06:51Z</time></trkpt><trkpt lat="60.32251" lon="-137.083022"><ele>877.693</ele><time>2026-07-13T19:07:00Z</time></trkpt><trkpt lat="60.32249" lon="-137.082886"><ele>877.865</ele><time>2026-07-13T19:07:06Z</time></trkpt><trkpt lat="60.322476" lon="-137.082814"><ele>877.621</ele><time>2026-07-13T19:07:09Z</time></trkpt><trkpt lat="60.322396" lon="-137.082566"><ele>877.209</ele><time>2026-07-13T19:07:20Z</time></trkpt><trkpt lat="60.322301" lon="-137.082401"><ele>877.661</ele><time>2026-07-13T19:07:30Z</time></trkpt><trkpt lat="60.322217" lon="-137.082259"><ele>877.476</ele><time>2026-07-13T19:07:39Z</time></trkpt><trkpt lat="60.322161" lon="-137.082152"><ele>877.493</ele><time>2026-07-13T19:07:45Z</time></trkpt><trkpt lat="60.322066" lon="-137.082041"><ele>878.039</ele><time>2026-07-13T19:07:54Z</time></trkpt><trkpt lat="60.321973" lon="-137.081969"><ele>878.273</ele><time>2026-07-13T19:08:02Z</time></trkpt><trkpt lat="60.321884" lon="-137.081972"><ele>877.831</ele><time>2026-07-13T19:08:09Z</time></trkpt><trkpt lat="60.321826" lon="-137.082004"><ele>878.068</ele><time>2026-07-13T19:08:14Z</time></trkpt><trkpt lat="60.321783" lon="-137.082036"><ele>878.244</ele><time>2026-07-13T19:08:18Z</time></trkpt><trkpt lat="60.321732" lon="-137.08206"><ele>878.644</ele><time>2026-07-13T19:08:23Z</time></trkpt><trkpt lat="60.32171" lon="-137.082058"><ele>878.819</ele><time>2026-07-13T19:08:25Z</time></trkpt><trkpt lat="60.321687" lon="-137.082051"><ele>878.809</ele><time>2026-07-13T19:08:27Z</time></trkpt><trkpt lat="60.321624" lon="-137.082"><ele>879.219</ele><time>2026-07-13T19:08:33Z</time></trkpt><trkpt lat="60.321575" lon="-137.081943"><ele>879.609</ele><time>2026-07-13T19:08:38Z</time></trkpt><trkpt lat="60.321547" lon="-137.081915"><ele>879.873</ele><time>2026-07-13T19:08:41Z</time></trkpt><trkpt lat="60.321503" lon="-137.081847"><ele>880.228</ele><time>2026-07-13T19:08:47Z</time></trkpt><trkpt lat="60.321445" lon="-137.081738"><ele>880.665</ele><time>2026-07-13T19:08:53Z</time></trkpt><trkpt lat="60.321434" lon="-137.081709"><ele>880.631</ele><time>2026-07-13T19:08:55Z</time></trkpt><trkpt lat="60.321398" lon="-137.08153"><ele>880.665</ele><time>2026-07-13T19:09:03Z</time></trkpt><trkpt lat="60.321395" lon="-137.08128"><ele>880.493</ele><time>2026-07-13T19:09:13Z</time></trkpt><trkpt lat="60.321395" lon="-137.081169"><ele>880.220</ele><time>2026-07-13T19:09:18Z</time></trkpt><trkpt lat="60.321408" lon="-137.081095"><ele>880.036</ele><time>2026-07-13T19:09:21Z</time></trkpt><trkpt lat="60.321416" lon="-137.081047"><ele>879.646</ele><time>2026-07-13T19:09:23Z</time></trkpt><trkpt lat="60.321419" lon="-137.080996"><ele>879.488</ele><time>2026-07-13T19:09:25Z</time></trkpt><trkpt lat="60.32142" lon="-137.080867"><ele>879.224</ele><time>2026-07-13T19:09:30Z</time></trkpt><trkpt lat="60.321382" lon="-137.080697"><ele>879.026</ele><time>2026-07-13T19:09:37Z</time></trkpt><trkpt lat="60.321363" lon="-137.080596"><ele>878.809</ele><time>2026-07-13T19:09:41Z</time></trkpt><trkpt lat="60.321311" lon="-137.080347"><ele>878.220</ele><time>2026-07-13T19:09:51Z</time></trkpt><trkpt lat="60.321286" lon="-137.080255"><ele>878.225</ele><time>2026-07-13T19:09:55Z</time></trkpt><trkpt lat="60.321263" lon="-137.080136"><ele>878.292</ele><time>2026-07-13T19:10:00Z</time></trkpt><trkpt lat="60.321212" lon="-137.079951"><ele>877.898</ele><time>2026-07-13T19:10:09Z</time></trkpt><trkpt lat="60.321173" lon="-137.079773"><ele>877.812</ele><time>2026-07-13T19:10:16Z</time></trkpt><trkpt lat="60.321164" lon="-137.079723"><ele>877.660</ele><time>2026-07-13T19:10:18Z</time></trkpt><trkpt lat="60.32114" lon="-137.079546"><ele>877.687</ele><time>2026-07-13T19:10:25Z</time></trkpt><trkpt lat="60.32109" lon="-137.079337"><ele>877.653</ele><time>2026-07-13T19:10:34Z</time></trkpt><trkpt lat="60.321053" lon="-137.079122"><ele>877.283</ele><time>2026-07-13T19:10:44Z</time></trkpt><trkpt lat="60.321014" lon="-137.078931"><ele>876.841</ele><time>2026-07-13T19:10:51Z</time></trkpt><trkpt lat="60.321009" lon="-137.078911"><ele>876.681</ele><time>2026-07-13T19:10:52Z</time></trkpt><trkpt lat="60.32095" lon="-137.078766"><ele>877.009</ele><time>2026-07-13T19:11:01Z</time></trkpt><trkpt lat="60.320928" lon="-137.078682"><ele>877.809</ele><time>2026-07-13T19:11:06Z</time></trkpt><trkpt lat="60.320923" lon="-137.07867"><ele>877.826</ele><time>2026-07-13T19:11:07Z</time></trkpt><trkpt lat="60.320919" lon="-137.078571"><ele>878.841</ele><time>2026-07-13T19:11:15Z</time></trkpt><trkpt lat="60.320917" lon="-137.078547"><ele>879.218</ele><time>2026-07-13T19:11:17Z</time></trkpt><trkpt lat="60.320913" lon="-137.078533"><ele>879.214</ele><time>2026-07-13T19:11:18Z</time></trkpt><trkpt lat="60.32091" lon="-137.078507"><ele>879.638</ele><time>2026-07-13T19:11:20Z</time></trkpt><trkpt lat="60.320908" lon="-137.078478"><ele>880.056</ele><time>2026-07-13T19:11:22Z</time></trkpt><trkpt lat="60.320913" lon="-137.078413"><ele>881.073</ele><time>2026-07-13T19:11:28Z</time></trkpt><trkpt lat="60.320913" lon="-137.078385"><ele>881.639</ele><time>2026-07-13T19:11:31Z</time></trkpt><trkpt lat="60.320916" lon="-137.078351"><ele>882.239</ele><time>2026-07-13T19:11:34Z</time></trkpt><trkpt lat="60.320924" lon="-137.078278"><ele>883.232</ele><time>2026-07-13T19:11:41Z</time></trkpt><trkpt lat="60.320923" lon="-137.078232"><ele>884.292</ele><time>2026-07-13T19:11:48Z</time></trkpt><trkpt lat="60.320923" lon="-137.078228"><ele>884.211</ele><time>2026-07-13T19:11:49Z</time></trkpt><trkpt lat="60.320924" lon="-137.078222"><ele>884.209</ele><time>2026-07-13T19:11:50Z</time></trkpt><trkpt lat="60.320933" lon="-137.078127"><ele>885.075</ele><time>2026-07-13T19:11:59Z</time></trkpt><trkpt lat="60.320933" lon="-137.078114"><ele>885.430</ele><time>2026-07-13T19:12:01Z</time></trkpt><trkpt lat="60.320951" lon="-137.078049"><ele>886.437</ele><time>2026-07-13T19:12:10Z</time></trkpt><trkpt lat="60.320974" lon="-137.077952"><ele>887.433</ele><time>2026-07-13T19:12:20Z</time></trkpt><trkpt lat="60.320984" lon="-137.077891"><ele>888.477</ele><time>2026-07-13T19:12:25Z</time></trkpt><trkpt lat="60.320996" lon="-137.07785"><ele>889.095</ele><time>2026-07-13T19:12:29Z</time></trkpt><trkpt lat="60.321005" lon="-137.077798"><ele>889.692</ele><time>2026-07-13T19:12:34Z</time></trkpt><trkpt lat="60.321022" lon="-137.077753"><ele>890.058</ele><time>2026-07-13T19:12:39Z</time></trkpt><trkpt lat="60.321028" lon="-137.077696"><ele>890.638</ele><time>2026-07-13T19:12:46Z</time></trkpt><trkpt lat="60.321023" lon="-137.077701"><ele>890.659</ele><time>2026-07-13T19:12:48Z</time></trkpt><trkpt lat="60.321051" lon="-137.077625"><ele>890.803</ele><time>2026-07-13T19:12:55Z</time></trkpt><trkpt lat="60.321078" lon="-137.077502"><ele>891.023</ele><time>2026-07-13T19:13:02Z</time></trkpt><trkpt lat="60.321124" lon="-137.077325"><ele>891.409</ele><time>2026-07-13T19:13:11Z</time></trkpt><trkpt lat="60.321155" lon="-137.077155"><ele>891.447</ele><time>2026-07-13T19:13:19Z</time></trkpt><trkpt lat="60.321201" lon="-137.076918"><ele>891.492</ele><time>2026-07-13T19:13:29Z</time></trkpt><trkpt lat="60.321302" lon="-137.076783"><ele>889.419</ele><time>2026-07-13T19:13:37Z</time></trkpt><trkpt lat="60.321382" lon="-137.076705"><ele>888.875</ele><time>2026-07-13T19:13:44Z</time></trkpt><trkpt lat="60.321391" lon="-137.076696"><ele>888.829</ele><time>2026-07-13T19:13:45Z</time></trkpt><trkpt lat="60.321429" lon="-137.076603"><ele>888.437</ele><time>2026-07-13T19:13:50Z</time></trkpt><trkpt lat="60.321434" lon="-137.07658"><ele>888.414</ele><time>2026-07-13T19:13:51Z</time></trkpt><trkpt lat="60.321433" lon="-137.076417"><ele>888.420</ele><time>2026-07-13T19:13:58Z</time></trkpt><trkpt lat="60.321456" lon="-137.076251"><ele>888.420</ele><time>2026-07-13T19:14:05Z</time></trkpt><trkpt lat="60.321496" lon="-137.076165"><ele>888.426</ele><time>2026-07-13T19:14:10Z</time></trkpt><trkpt lat="60.321513" lon="-137.076121"><ele>888.247</ele><time>2026-07-13T19:14:13Z</time></trkpt><trkpt lat="60.321582" lon="-137.076045"><ele>888.211</ele><time>2026-07-13T19:14:20Z</time></trkpt><trkpt lat="60.321633" lon="-137.076043"><ele>887.409</ele><time>2026-07-13T19:14:24Z</time></trkpt><trkpt lat="60.321693" lon="-137.076048"><ele>887.024</ele><time>2026-07-13T19:14:29Z</time></trkpt><trkpt lat="60.321783" lon="-137.076017"><ele>886.819</ele><time>2026-07-13T19:14:37Z</time></trkpt><trkpt lat="60.321806" lon="-137.075968"><ele>886.866</ele><time>2026-07-13T19:14:40Z</time></trkpt><trkpt lat="60.321875" lon="-137.075772"><ele>887.482</ele><time>2026-07-13T19:14:50Z</time></trkpt><trkpt lat="60.321901" lon="-137.075587"><ele>887.856</ele><time>2026-07-13T19:14:59Z</time></trkpt><trkpt lat="60.321945" lon="-137.07537"><ele>887.414</ele><time>2026-07-13T19:15:09Z</time></trkpt><trkpt lat="60.322014" lon="-137.075183"><ele>887.451</ele><time>2026-07-13T19:15:19Z</time></trkpt><trkpt lat="60.322086" lon="-137.074947"><ele>887.657</ele><time>2026-07-13T19:15:29Z</time></trkpt><trkpt lat="60.322114" lon="-137.074738"><ele>887.667</ele><time>2026-07-13T19:15:37Z</time></trkpt><trkpt lat="60.322092" lon="-137.074576"><ele>888.027</ele><time>2026-07-13T19:15:46Z</time></trkpt><trkpt lat="60.322074" lon="-137.074496"><ele>888.468</ele><time>2026-07-13T19:15:50Z</time></trkpt><trkpt lat="60.322059" lon="-137.07444"><ele>888.614</ele><time>2026-07-13T19:15:53Z</time></trkpt><trkpt lat="60.322028" lon="-137.07435"><ele>889.409</ele><time>2026-07-13T19:15:58Z</time></trkpt><trkpt lat="60.322023" lon="-137.074341"><ele>889.684</ele><time>2026-07-13T19:15:59Z</time></trkpt><trkpt lat="60.322003" lon="-137.074321"><ele>890.019</ele><time>2026-07-13T19:16:01Z</time></trkpt><trkpt lat="60.321953" lon="-137.074287"><ele>890.446</ele><time>2026-07-13T19:16:06Z</time></trkpt><trkpt lat="60.321927" lon="-137.074268"><ele>890.612</ele><time>2026-07-13T19:16:08Z</time></trkpt><trkpt lat="60.321915" lon="-137.07426"><ele>890.696</ele><time>2026-07-13T19:16:09Z</time></trkpt><trkpt lat="60.321827" lon="-137.074191"><ele>890.854</ele><time>2026-07-13T19:16:18Z</time></trkpt><trkpt lat="60.321752" lon="-137.074068"><ele>891.411</ele><time>2026-07-13T19:16:27Z</time></trkpt><trkpt lat="60.321745" lon="-137.074038"><ele>891.677</ele><time>2026-07-13T19:16:29Z</time></trkpt><trkpt lat="60.321726" lon="-137.07396"><ele>892.617</ele><time>2026-07-13T19:16:34Z</time></trkpt><trkpt lat="60.321722" lon="-137.073939"><ele>892.811</ele><time>2026-07-13T19:16:35Z</time></trkpt><trkpt lat="60.321701" lon="-137.073816"><ele>893.221</ele><time>2026-07-13T19:16:41Z</time></trkpt><trkpt lat="60.32168" lon="-137.073735"><ele>893.403</ele><time>2026-07-13T19:16:45Z</time></trkpt><trkpt lat="60.321617" lon="-137.073603"><ele>893.609</ele><time>2026-07-13T19:16:53Z</time></trkpt><trkpt lat="60.321543" lon="-137.073444"><ele>893.683</ele><time>2026-07-13T19:17:02Z</time></trkpt><trkpt lat="60.321478" lon="-137.073303"><ele>892.618</ele><time>2026-07-13T19:17:10Z</time></trkpt><trkpt lat="60.321429" lon="-137.073192"><ele>892.635</ele><time>2026-07-13T19:17:20Z</time></trkpt><trkpt lat="60.32144" lon="-137.073228"><ele>892.641</ele><time>2026-07-13T19:17:27Z</time></trkpt><trkpt lat="60.32144" lon="-137.073233"><ele>892.445</ele><time>2026-07-13T19:17:30Z</time></trkpt><trkpt lat="60.321431" lon="-137.073234"><ele>892.663</ele><time>2026-07-13T19:17:38Z</time></trkpt><trkpt lat="60.321449" lon="-137.073238"><ele>892.640</ele><time>2026-07-13T19:17:46Z</time></trkpt><trkpt lat="60.321451" lon="-137.073217"><ele>892.656</ele><time>2026-07-13T19:17:53Z</time></trkpt><trkpt lat="60.321452" lon="-137.073201"><ele>892.836</ele><time>2026-07-13T19:17:56Z</time></trkpt><trkpt lat="60.321448" lon="-137.0732"><ele>892.454</ele><time>2026-07-13T19:18:07Z</time></trkpt><trkpt lat="60.321448" lon="-137.0732"><ele>892.456</ele><time>2026-07-13T19:18:11Z</time></trkpt><trkpt lat="60.321443" lon="-137.073196"><ele>892.211</ele><time>2026-07-13T19:18:14Z</time></trkpt><trkpt lat="60.321448" lon="-137.0732"><ele>892.009</ele><time>2026-07-13T19:18:21Z</time></trkpt><trkpt lat="60.32143" lon="-137.073155"><ele>891.687</ele><time>2026-07-13T19:18:28Z</time></trkpt><trkpt lat="60.321422" lon="-137.073133"><ele>891.692</ele><time>2026-07-13T19:18:29Z</time></trkpt><trkpt lat="60.321345" lon="-137.073061"><ele>890.659</ele><time>2026-07-13T19:18:35Z</time></trkpt><trkpt lat="60.321274" lon="-137.073053"><ele>889.865</ele><time>2026-07-13T19:18:42Z</time></trkpt><trkpt lat="60.321269" lon="-137.073043"><ele>889.629</ele><time>2026-07-13T19:18:43Z</time></trkpt><trkpt lat="60.321236" lon="-137.072952"><ele>888.497</ele><time>2026-07-13T19:18:48Z</time></trkpt><trkpt lat="60.321254" lon="-137.072851"><ele>887.444</ele><time>2026-07-13T19:18:53Z</time></trkpt><trkpt lat="60.321271" lon="-137.07278"><ele>887.050</ele><time>2026-07-13T19:18:55Z</time></trkpt><trkpt lat="60.321289" lon="-137.072686"><ele>886.050</ele><time>2026-07-13T19:18:57Z</time></trkpt><trkpt lat="60.321317" lon="-137.07258"><ele>884.892</ele><time>2026-07-13T19:18:59Z</time></trkpt><trkpt lat="60.321347" lon="-137.072491"><ele>884.273</ele><time>2026-07-13T19:19:01Z</time></trkpt><trkpt lat="60.321366" lon="-137.072425"><ele>883.820</ele><time>2026-07-13T19:19:03Z</time></trkpt><trkpt lat="60.321393" lon="-137.072333"><ele>884.009</ele><time>2026-07-13T19:19:07Z</time></trkpt><trkpt lat="60.32141" lon="-137.072286"><ele>883.821</ele><time>2026-07-13T19:19:15Z</time></trkpt><trkpt lat="60.321414" lon="-137.07229"><ele>883.896</ele><time>2026-07-13T19:19:16Z</time></trkpt><trkpt lat="60.321452" lon="-137.072223"><ele>883.853</ele><time>2026-07-13T19:19:20Z</time></trkpt><trkpt lat="60.321547" lon="-137.072189"><ele>883.499</ele><time>2026-07-13T19:19:27Z</time></trkpt><trkpt lat="60.321623" lon="-137.072008"><ele>883.293</ele><time>2026-07-13T19:19:34Z</time></trkpt><trkpt lat="60.321642" lon="-137.071826"><ele>882.691</ele><time>2026-07-13T19:19:39Z</time></trkpt><trkpt lat="60.321649" lon="-137.071719"><ele>883.838</ele><time>2026-07-13T19:19:45Z</time></trkpt><trkpt lat="60.321649" lon="-137.071705"><ele>884.024</ele><time>2026-07-13T19:19:46Z</time></trkpt><trkpt lat="60.32165" lon="-137.071442"><ele>883.684</ele><time>2026-07-13T19:19:53Z</time></trkpt><trkpt lat="60.321644" lon="-137.071346"><ele>882.896</ele><time>2026-07-13T19:19:55Z</time></trkpt><trkpt lat="60.321606" lon="-137.071155"><ele>881.431</ele><time>2026-07-13T19:19:58Z</time></trkpt><trkpt lat="60.321579" lon="-137.07104"><ele>880.224</ele><time>2026-07-13T19:20:00Z</time></trkpt><trkpt lat="60.32156" lon="-137.070935"><ele>879.209</ele><time>2026-07-13T19:20:02Z</time></trkpt><trkpt lat="60.321554" lon="-137.070867"><ele>878.051</ele><time>2026-07-13T19:20:05Z</time></trkpt><trkpt lat="60.321554" lon="-137.070841"><ele>878.026</ele><time>2026-07-13T19:20:07Z</time></trkpt><trkpt lat="60.321545" lon="-137.070788"><ele>878.043</ele><time>2026-07-13T19:20:13Z</time></trkpt><trkpt lat="60.321505" lon="-137.070569"><ele>877.499</ele><time>2026-07-13T19:20:20Z</time></trkpt><trkpt lat="60.321493" lon="-137.070447"><ele>876.453</ele><time>2026-07-13T19:20:22Z</time></trkpt><trkpt lat="60.32149" lon="-137.07035"><ele>875.071</ele><time>2026-07-13T19:20:24Z</time></trkpt><trkpt lat="60.321491" lon="-137.07032"><ele>874.628</ele><time>2026-07-13T19:20:25Z</time></trkpt><trkpt lat="60.321497" lon="-137.070286"><ele>874.254</ele><time>2026-07-13T19:20:27Z</time></trkpt><trkpt lat="60.321504" lon="-137.070267"><ele>874.054</ele><time>2026-07-13T19:20:30Z</time></trkpt><trkpt lat="60.321504" lon="-137.07013"><ele>873.698</ele><time>2026-07-13T19:20:37Z</time></trkpt><trkpt lat="60.32149" lon="-137.070053"><ele>872.815</ele><time>2026-07-13T19:20:41Z</time></trkpt><trkpt lat="60.321465" lon="-137.069977"><ele>871.826</ele><time>2026-07-13T19:20:43Z</time></trkpt><trkpt lat="60.321449" lon="-137.069926"><ele>871.609</ele><time>2026-07-13T19:20:44Z</time></trkpt><trkpt lat="60.321415" lon="-137.06983"><ele>870.631</ele><time>2026-07-13T19:20:47Z</time></trkpt><trkpt lat="60.321408" lon="-137.069808"><ele>870.426</ele><time>2026-07-13T19:20:48Z</time></trkpt><trkpt lat="60.32137" lon="-137.06971"><ele>869.423</ele><time>2026-07-13T19:20:53Z</time></trkpt><trkpt lat="60.321335" lon="-137.069584"><ele>868.299</ele><time>2026-07-13T19:20:57Z</time></trkpt><trkpt lat="60.321335" lon="-137.069504"><ele>867.093</ele><time>2026-07-13T19:21:00Z</time></trkpt><trkpt lat="60.321342" lon="-137.06946"><ele>866.821</ele><time>2026-07-13T19:21:03Z</time></trkpt><trkpt lat="60.321369" lon="-137.069382"><ele>866.288</ele><time>2026-07-13T19:21:10Z</time></trkpt><trkpt lat="60.321378" lon="-137.069334"><ele>865.644</ele><time>2026-07-13T19:21:11Z</time></trkpt><trkpt lat="60.321398" lon="-137.069225"><ele>864.054</ele><time>2026-07-13T19:21:13Z</time></trkpt><trkpt lat="60.321417" lon="-137.069119"><ele>862.819</ele><time>2026-07-13T19:21:15Z</time></trkpt><trkpt lat="60.321425" lon="-137.06901"><ele>861.409</ele><time>2026-07-13T19:21:17Z</time></trkpt><trkpt lat="60.321434" lon="-137.068936"><ele>860.219</ele><time>2026-07-13T19:21:19Z</time></trkpt><trkpt lat="60.321449" lon="-137.068825"><ele>859.009</ele><time>2026-07-13T19:21:23Z</time></trkpt><trkpt lat="60.321448" lon="-137.068807"><ele>858.893</ele><time>2026-07-13T19:21:24Z</time></trkpt><trkpt lat="60.321438" lon="-137.068717"><ele>857.888</ele><time>2026-07-13T19:21:28Z</time></trkpt><trkpt lat="60.321418" lon="-137.068652"><ele>857.255</ele><time>2026-07-13T19:21:31Z</time></trkpt><trkpt lat="60.321385" lon="-137.0686"><ele>857.231</ele><time>2026-07-13T19:21:35Z</time></trkpt><trkpt lat="60.321359" lon="-137.068556"><ele>857.465</ele><time>2026-07-13T19:21:38Z</time></trkpt><trkpt lat="60.321311" lon="-137.068418"><ele>858.023</ele><time>2026-07-13T19:21:47Z</time></trkpt><trkpt lat="60.321307" lon="-137.068407"><ele>858.040</ele><time>2026-07-13T19:21:48Z</time></trkpt><trkpt lat="60.321276" lon="-137.068322"><ele>859.076</ele><time>2026-07-13T19:21:54Z</time></trkpt><trkpt lat="60.32127" lon="-137.068308"><ele>859.076</ele><time>2026-07-13T19:21:55Z</time></trkpt><trkpt lat="60.321251" lon="-137.068195"><ele>859.072</ele><time>2026-07-13T19:22:00Z</time></trkpt><trkpt lat="60.321246" lon="-137.06813"><ele>858.413</ele><time>2026-07-13T19:22:03Z</time></trkpt><trkpt lat="60.321241" lon="-137.068043"><ele>857.814</ele><time>2026-07-13T19:22:06Z</time></trkpt><trkpt lat="60.321234" lon="-137.067908"><ele>857.009</ele><time>2026-07-13T19:22:12Z</time></trkpt><trkpt lat="60.32123" lon="-137.067765"><ele>856.899</ele><time>2026-07-13T19:22:20Z</time></trkpt><trkpt lat="60.321224" lon="-137.067666"><ele>856.824</ele><time>2026-07-13T19:22:24Z</time></trkpt><trkpt lat="60.321225" lon="-137.067579"><ele>856.621</ele><time>2026-07-13T19:22:27Z</time></trkpt><trkpt lat="60.321237" lon="-137.067463"><ele>856.297</ele><time>2026-07-13T19:22:32Z</time></trkpt><trkpt lat="60.321242" lon="-137.067388"><ele>855.861</ele><time>2026-07-13T19:22:35Z</time></trkpt><trkpt lat="60.321247" lon="-137.067343"><ele>855.459</ele><time>2026-07-13T19:22:37Z</time></trkpt><trkpt lat="60.321248" lon="-137.067205"><ele>854.666</ele><time>2026-07-13T19:22:43Z</time></trkpt><trkpt lat="60.321247" lon="-137.067144"><ele>854.462</ele><time>2026-07-13T19:22:45Z</time></trkpt><trkpt lat="60.321239" lon="-137.067009"><ele>853.642</ele><time>2026-07-13T19:22:50Z</time></trkpt><trkpt lat="60.321238" lon="-137.066919"><ele>853.082</ele><time>2026-07-13T19:22:54Z</time></trkpt><trkpt lat="60.32122" lon="-137.066778"><ele>852.643</ele><time>2026-07-13T19:22:59Z</time></trkpt><trkpt lat="60.321193" lon="-137.066722"><ele>851.617</ele><time>2026-07-13T19:23:01Z</time></trkpt><trkpt lat="60.321175" lon="-137.066693"><ele>851.209</ele><time>2026-07-13T19:23:02Z</time></trkpt><trkpt lat="60.321133" lon="-137.066674"><ele>849.840</ele><time>2026-07-13T19:23:04Z</time></trkpt><trkpt lat="60.321092" lon="-137.066662"><ele>848.625</ele><time>2026-07-13T19:23:06Z</time></trkpt><trkpt lat="60.321045" lon="-137.066657"><ele>847.652</ele><time>2026-07-13T19:23:08Z</time></trkpt><trkpt lat="60.320994" lon="-137.066648"><ele>846.288</ele><time>2026-07-13T19:23:10Z</time></trkpt><trkpt lat="60.320954" lon="-137.066618"><ele>844.822</ele><time>2026-07-13T19:23:12Z</time></trkpt><trkpt lat="60.320943" lon="-137.066592"><ele>844.220</ele><time>2026-07-13T19:23:13Z</time></trkpt><trkpt lat="60.320937" lon="-137.066563"><ele>843.867</ele><time>2026-07-13T19:23:14Z</time></trkpt><trkpt lat="60.32094" lon="-137.066537"><ele>843.483</ele><time>2026-07-13T19:23:15Z</time></trkpt><trkpt lat="60.320951" lon="-137.06649"><ele>842.813</ele><time>2026-07-13T19:23:17Z</time></trkpt><trkpt lat="60.320954" lon="-137.066474"><ele>842.851</ele><time>2026-07-13T19:23:18Z</time></trkpt><trkpt lat="60.320963" lon="-137.066348"><ele>842.601</ele><time>2026-07-13T19:23:24Z</time></trkpt><trkpt lat="60.320989" lon="-137.066194"><ele>843.011</ele><time>2026-07-13T19:23:31Z</time></trkpt><trkpt lat="60.321021" lon="-137.066122"><ele>843.409</ele><time>2026-07-13T19:23:38Z</time></trkpt><trkpt lat="60.321039" lon="-137.066084"><ele>843.817</ele><time>2026-07-13T19:23:42Z</time></trkpt><trkpt lat="60.321064" lon="-137.066025"><ele>844.632</ele><time>2026-07-13T19:23:48Z</time></trkpt><trkpt lat="60.32107" lon="-137.06601"><ele>844.819</ele><time>2026-07-13T19:23:50Z</time></trkpt><trkpt lat="60.321099" lon="-137.06594"><ele>845.825</ele><time>2026-07-13T19:23:56Z</time></trkpt><trkpt lat="60.321104" lon="-137.065929"><ele>846.069</ele><time>2026-07-13T19:23:57Z</time></trkpt><trkpt lat="60.321125" lon="-137.065872"><ele>846.877</ele><time>2026-07-13T19:24:04Z</time></trkpt><trkpt lat="60.321128" lon="-137.06586"><ele>847.014</ele><time>2026-07-13T19:24:05Z</time></trkpt><trkpt lat="60.321144" lon="-137.065814"><ele>847.890</ele><time>2026-07-13T19:24:09Z</time></trkpt><trkpt lat="60.321151" lon="-137.065794"><ele>848.050</ele><time>2026-07-13T19:24:11Z</time></trkpt><trkpt lat="60.321192" lon="-137.065692"><ele>848.869</ele><time>2026-07-13T19:24:18Z</time></trkpt><trkpt lat="60.321246" lon="-137.065569"><ele>848.604</ele><time>2026-07-13T19:24:25Z</time></trkpt><trkpt lat="60.321292" lon="-137.065466"><ele>847.424</ele><time>2026-07-13T19:24:32Z</time></trkpt><trkpt lat="60.321316" lon="-137.065412"><ele>847.009</ele><time>2026-07-13T19:24:35Z</time></trkpt><trkpt lat="60.321365" lon="-137.065299"><ele>846.238</ele><time>2026-07-13T19:24:40Z</time></trkpt><trkpt lat="60.32138" lon="-137.065256"><ele>845.893</ele><time>2026-07-13T19:24:42Z</time></trkpt><trkpt lat="60.321404" lon="-137.065162"><ele>845.040</ele><time>2026-07-13T19:24:46Z</time></trkpt><trkpt lat="60.321412" lon="-137.065106"><ele>844.676</ele><time>2026-07-13T19:24:48Z</time></trkpt><trkpt lat="60.321423" lon="-137.064998"><ele>843.450</ele><time>2026-07-13T19:24:51Z</time></trkpt><trkpt lat="60.321423" lon="-137.064894"><ele>842.818</ele><time>2026-07-13T19:24:54Z</time></trkpt><trkpt lat="60.321421" lon="-137.064736"><ele>842.845</ele><time>2026-07-13T19:25:00Z</time></trkpt><trkpt lat="60.321428" lon="-137.064695"><ele>842.421</ele><time>2026-07-13T19:25:02Z</time></trkpt><trkpt lat="60.321452" lon="-137.064544"><ele>841.691</ele><time>2026-07-13T19:25:08Z</time></trkpt><trkpt lat="60.321455" lon="-137.064487"><ele>841.466</ele><time>2026-07-13T19:25:10Z</time></trkpt><trkpt lat="60.321448" lon="-137.064344"><ele>840.629</ele><time>2026-07-13T19:25:16Z</time></trkpt><trkpt lat="60.321438" lon="-137.064268"><ele>840.221</ele><time>2026-07-13T19:25:19Z</time></trkpt><trkpt lat="60.321426" lon="-137.064137"><ele>839.209</ele><time>2026-07-13T19:25:24Z</time></trkpt><trkpt lat="60.321427" lon="-137.064112"><ele>839.238</ele><time>2026-07-13T19:25:25Z</time></trkpt><trkpt lat="60.321445" lon="-137.063932"><ele>838.853</ele><time>2026-07-13T19:25:33Z</time></trkpt><trkpt lat="60.321472" lon="-137.063719"><ele>838.240</ele><time>2026-07-13T19:25:41Z</time></trkpt><trkpt lat="60.321479" lon="-137.063706"><ele>838.066</ele><time>2026-07-13T19:25:42Z</time></trkpt><trkpt lat="60.321524" lon="-137.063559"><ele>838.040</ele><time>2026-07-13T19:25:49Z</time></trkpt><trkpt lat="60.321531" lon="-137.063397"><ele>836.818</ele><time>2026-07-13T19:25:55Z</time></trkpt><trkpt lat="60.321534" lon="-137.063356"><ele>836.455</ele><time>2026-07-13T19:25:57Z</time></trkpt><trkpt lat="60.321542" lon="-137.063258"><ele>835.891</ele><time>2026-07-13T19:26:01Z</time></trkpt><trkpt lat="60.321532" lon="-137.063086"><ele>834.861</ele><time>2026-07-13T19:26:07Z</time></trkpt><trkpt lat="60.321526" lon="-137.063062"><ele>834.649</ele><time>2026-07-13T19:26:08Z</time></trkpt><trkpt lat="60.321469" lon="-137.062938"><ele>834.202</ele><time>2026-07-13T19:26:15Z</time></trkpt><trkpt lat="60.32144" lon="-137.06287"><ele>833.622</ele><time>2026-07-13T19:26:19Z</time></trkpt><trkpt lat="60.321387" lon="-137.062753"><ele>832.609</ele><time>2026-07-13T19:26:25Z</time></trkpt><trkpt lat="60.321379" lon="-137.062737"><ele>832.426</ele><time>2026-07-13T19:26:26Z</time></trkpt><trkpt lat="60.321331" lon="-137.062638"><ele>831.651</ele><time>2026-07-13T19:26:30Z</time></trkpt><trkpt lat="60.32129" lon="-137.062569"><ele>830.288</ele><time>2026-07-13T19:26:32Z</time></trkpt><trkpt lat="60.321248" lon="-137.062486"><ele>828.644</ele><time>2026-07-13T19:26:34Z</time></trkpt><trkpt lat="60.321225" lon="-137.062389"><ele>827.078</ele><time>2026-07-13T19:26:36Z</time></trkpt><trkpt lat="60.32123" lon="-137.062334"><ele>826.036</ele><time>2026-07-13T19:26:38Z</time></trkpt><trkpt lat="60.321314" lon="-137.062273"><ele>825.073</ele><time>2026-07-13T19:26:45Z</time></trkpt><trkpt lat="60.321359" lon="-137.062217"><ele>825.039</ele><time>2026-07-13T19:26:49Z</time></trkpt><trkpt lat="60.321398" lon="-137.062087"><ele>824.889</ele><time>2026-07-13T19:26:55Z</time></trkpt><trkpt lat="60.32136" lon="-137.06192"><ele>824.847</ele><time>2026-07-13T19:27:02Z</time></trkpt><trkpt lat="60.32134" lon="-137.061806"><ele>823.629</ele><time>2026-07-13T19:27:04Z</time></trkpt><trkpt lat="60.321345" lon="-137.061697"><ele>822.421</ele><time>2026-07-13T19:27:06Z</time></trkpt><trkpt lat="60.321354" lon="-137.061664"><ele>821.809</ele><time>2026-07-13T19:27:07Z</time></trkpt><trkpt lat="60.32138" lon="-137.061614"><ele>821.256</ele><time>2026-07-13T19:27:09Z</time></trkpt><trkpt lat="60.321411" lon="-137.061559"><ele>820.881</ele><time>2026-07-13T19:27:12Z</time></trkpt><trkpt lat="60.321513" lon="-137.061493"><ele>820.688</ele><time>2026-07-13T19:27:20Z</time></trkpt><trkpt lat="60.321595" lon="-137.061427"><ele>820.274</ele><time>2026-07-13T19:27:27Z</time></trkpt><trkpt lat="60.321607" lon="-137.061424"><ele>820.018</ele><time>2026-07-13T19:27:28Z</time></trkpt><trkpt lat="60.321719" lon="-137.061431"><ele>819.876</ele><time>2026-07-13T19:27:36Z</time></trkpt><trkpt lat="60.321816" lon="-137.06146"><ele>819.873</ele><time>2026-07-13T19:27:44Z</time></trkpt><trkpt lat="60.321931" lon="-137.061495"><ele>820.489</ele><time>2026-07-13T19:27:54Z</time></trkpt><trkpt lat="60.322029" lon="-137.061554"><ele>820.839</ele><time>2026-07-13T19:28:02Z</time></trkpt><trkpt lat="60.322044" lon="-137.061562"><ele>820.867</ele><time>2026-07-13T19:28:03Z</time></trkpt><trkpt lat="60.322155" lon="-137.061623"><ele>820.481</ele><time>2026-07-13T19:28:11Z</time></trkpt><trkpt lat="60.322212" lon="-137.061657"><ele>821.219</ele><time>2026-07-13T19:28:17Z</time></trkpt><trkpt lat="60.322225" lon="-137.061654"><ele>821.209</ele><time>2026-07-13T19:28:18Z</time></trkpt><trkpt lat="60.322308" lon="-137.061645"><ele>821.258</ele><time>2026-07-13T19:28:25Z</time></trkpt><trkpt lat="60.322403" lon="-137.061635"><ele>820.833</ele><time>2026-07-13T19:28:33Z</time></trkpt><trkpt lat="60.322417" lon="-137.061631"><ele>820.660</ele><time>2026-07-13T19:28:34Z</time></trkpt><trkpt lat="60.322486" lon="-137.06161"><ele>820.086</ele><time>2026-07-13T19:28:40Z</time></trkpt><trkpt lat="60.322543" lon="-137.06159"><ele>820.020</ele><time>2026-07-13T19:28:44Z</time></trkpt><trkpt lat="60.322643" lon="-137.061534"><ele>819.228</ele><time>2026-07-13T19:28:51Z</time></trkpt><trkpt lat="60.322659" lon="-137.061521"><ele>819.225</ele><time>2026-07-13T19:28:52Z</time></trkpt><trkpt lat="60.322673" lon="-137.061508"><ele>819.031</ele><time>2026-07-13T19:28:53Z</time></trkpt><trkpt lat="60.322757" lon="-137.061375"><ele>818.661</ele><time>2026-07-13T19:29:01Z</time></trkpt><trkpt lat="60.322818" lon="-137.061224"><ele>818.276</ele><time>2026-07-13T19:29:09Z</time></trkpt><trkpt lat="60.322839" lon="-137.061157"><ele>818.090</ele><time>2026-07-13T19:29:12Z</time></trkpt><trkpt lat="60.322865" lon="-137.061042"><ele>817.819</ele><time>2026-07-13T19:29:16Z</time></trkpt><trkpt lat="60.322896" lon="-137.060873"><ele>817.609</ele><time>2026-07-13T19:29:23Z</time></trkpt><trkpt lat="60.322917" lon="-137.060677"><ele>817.479</ele><time>2026-07-13T19:29:31Z</time></trkpt><trkpt lat="60.322908" lon="-137.060403"><ele>817.074</ele><time>2026-07-13T19:29:41Z</time></trkpt><trkpt lat="60.322878" lon="-137.060269"><ele>816.851</ele><time>2026-07-13T19:29:47Z</time></trkpt><trkpt lat="60.322857" lon="-137.060224"><ele>816.817</ele><time>2026-07-13T19:29:49Z</time></trkpt><trkpt lat="60.322819" lon="-137.059974"><ele>816.651</ele><time>2026-07-13T19:29:59Z</time></trkpt><trkpt lat="60.322787" lon="-137.059766"><ele>817.269</ele><time>2026-07-13T19:30:08Z</time></trkpt><trkpt lat="60.322726" lon="-137.059564"><ele>817.416</ele><time>2026-07-13T19:30:17Z</time></trkpt><trkpt lat="60.322683" lon="-137.059402"><ele>817.472</ele><time>2026-07-13T19:30:24Z</time></trkpt><trkpt lat="60.322671" lon="-137.059187"><ele>816.822</ele><time>2026-07-13T19:30:31Z</time></trkpt><trkpt lat="60.322691" lon="-137.059037"><ele>817.022</ele><time>2026-07-13T19:30:37Z</time></trkpt><trkpt lat="60.322696" lon="-137.058884"><ele>816.862</ele><time>2026-07-13T19:30:45Z</time></trkpt><trkpt lat="60.322663" lon="-137.058704"><ele>816.608</ele><time>2026-07-13T19:30:52Z</time></trkpt><trkpt lat="60.322651" lon="-137.058473"><ele>816.809</ele><time>2026-07-13T19:31:01Z</time></trkpt><trkpt lat="60.322652" lon="-137.05829"><ele>816.884</ele><time>2026-07-13T19:31:07Z</time></trkpt><trkpt lat="60.32265" lon="-137.05822"><ele>816.879</ele><time>2026-07-13T19:31:10Z</time></trkpt><trkpt lat="60.322656" lon="-137.057932"><ele>816.236</ele><time>2026-07-13T19:31:21Z</time></trkpt><trkpt lat="60.322629" lon="-137.057715"><ele>816.232</ele><time>2026-07-13T19:31:29Z</time></trkpt><trkpt lat="60.322624" lon="-137.057669"><ele>816.046</ele><time>2026-07-13T19:31:31Z</time></trkpt><trkpt lat="60.32262" lon="-137.057468"><ele>816.024</ele><time>2026-07-13T19:31:39Z</time></trkpt><trkpt lat="60.322635" lon="-137.057241"><ele>814.831</ele><time>2026-07-13T19:31:47Z</time></trkpt><trkpt lat="60.322631" lon="-137.057008"><ele>814.437</ele><time>2026-07-13T19:31:56Z</time></trkpt><trkpt lat="60.322612" lon="-137.056781"><ele>814.067</ele><time>2026-07-13T19:32:06Z</time></trkpt><trkpt lat="60.322608" lon="-137.056738"><ele>814.014</ele><time>2026-07-13T19:32:08Z</time></trkpt><trkpt lat="60.322579" lon="-137.05653"><ele>813.854</ele><time>2026-07-13T19:32:17Z</time></trkpt><trkpt lat="60.322568" lon="-137.056467"><ele>813.609</ele><time>2026-07-13T19:32:19Z</time></trkpt><trkpt lat="60.322545" lon="-137.056312"><ele>812.809</ele><time>2026-07-13T19:32:25Z</time></trkpt><trkpt lat="60.322535" lon="-137.056183"><ele>812.093</ele><time>2026-07-13T19:32:30Z</time></trkpt><trkpt lat="60.322533" lon="-137.056156"><ele>811.898</ele><time>2026-07-13T19:32:31Z</time></trkpt><trkpt lat="60.322529" lon="-137.055936"><ele>810.615</ele><time>2026-07-13T19:32:39Z</time></trkpt><trkpt lat="60.322495" lon="-137.055704"><ele>810.011</ele><time>2026-07-13T19:32:50Z</time></trkpt><trkpt lat="60.322456" lon="-137.055488"><ele>809.625</ele><time>2026-07-13T19:32:58Z</time></trkpt><trkpt lat="60.322455" lon="-137.055456"><ele>809.613</ele><time>2026-07-13T19:32:59Z</time></trkpt><trkpt lat="60.322454" lon="-137.055432"><ele>809.610</ele><time>2026-07-13T19:33:00Z</time></trkpt><trkpt lat="60.322455" lon="-137.055208"><ele>810.456</ele><time>2026-07-13T19:33:09Z</time></trkpt><trkpt lat="60.322446" lon="-137.055076"><ele>810.646</ele><time>2026-07-13T19:33:16Z</time></trkpt><trkpt lat="60.322456" lon="-137.055006"><ele>811.217</ele><time>2026-07-13T19:33:20Z</time></trkpt><trkpt lat="60.322465" lon="-137.054956"><ele>811.887</ele><time>2026-07-13T19:33:22Z</time></trkpt><trkpt lat="60.322474" lon="-137.054899"><ele>812.015</ele><time>2026-07-13T19:33:24Z</time></trkpt><trkpt lat="60.322484" lon="-137.054834"><ele>812.009</ele><time>2026-07-13T19:33:27Z</time></trkpt><trkpt lat="60.322493" lon="-137.054814"><ele>812.043</ele><time>2026-07-13T19:33:28Z</time></trkpt><trkpt lat="60.322507" lon="-137.054724"><ele>812.298</ele><time>2026-07-13T19:33:32Z</time></trkpt><trkpt lat="60.322513" lon="-137.054581"><ele>812.275</ele><time>2026-07-13T19:33:38Z</time></trkpt><trkpt lat="60.322512" lon="-137.054316"><ele>810.821</ele><time>2026-07-13T19:33:46Z</time></trkpt><trkpt lat="60.32251" lon="-137.05425"><ele>810.235</ele><time>2026-07-13T19:33:47Z</time></trkpt><trkpt lat="60.322509" lon="-137.054096"><ele>808.863</ele><time>2026-07-13T19:33:49Z</time></trkpt><trkpt lat="60.322506" lon="-137.054033"><ele>808.210</ele><time>2026-07-13T19:33:50Z</time></trkpt><trkpt lat="60.322501" lon="-137.053981"><ele>807.216</ele><time>2026-07-13T19:33:51Z</time></trkpt><trkpt lat="60.322494" lon="-137.053898"><ele>805.656</ele><time>2026-07-13T19:33:53Z</time></trkpt><trkpt lat="60.322493" lon="-137.05385"><ele>805.012</ele><time>2026-07-13T19:33:54Z</time></trkpt><trkpt lat="60.322493" lon="-137.053796"><ele>804.432</ele><time>2026-07-13T19:33:55Z</time></trkpt><trkpt lat="60.322503" lon="-137.053671"><ele>803.405</ele><time>2026-07-13T19:33:59Z</time></trkpt><trkpt lat="60.322508" lon="-137.053649"><ele>803.409</ele><time>2026-07-13T19:34:00Z</time></trkpt><trkpt lat="60.322549" lon="-137.053463"><ele>802.453</ele><time>2026-07-13T19:34:08Z</time></trkpt><trkpt lat="60.322551" lon="-137.053438"><ele>802.218</ele><time>2026-07-13T19:34:09Z</time></trkpt><trkpt lat="60.322565" lon="-137.053248"><ele>801.425</ele><time>2026-07-13T19:34:16Z</time></trkpt><trkpt lat="60.322574" lon="-137.053186"><ele>801.241</ele><time>2026-07-13T19:34:18Z</time></trkpt><trkpt lat="60.322584" lon="-137.053032"><ele>800.455</ele><time>2026-07-13T19:34:24Z</time></trkpt><trkpt lat="60.322575" lon="-137.052926"><ele>799.863</ele><time>2026-07-13T19:34:27Z</time></trkpt><trkpt lat="60.322556" lon="-137.052815"><ele>798.840</ele><time>2026-07-13T19:34:30Z</time></trkpt><trkpt lat="60.322531" lon="-137.052734"><ele>797.276</ele><time>2026-07-13T19:34:32Z</time></trkpt><trkpt lat="60.322517" lon="-137.052681"><ele>796.486</ele><time>2026-07-13T19:34:33Z</time></trkpt><trkpt lat="60.322505" lon="-137.052629"><ele>796.064</ele><time>2026-07-13T19:34:34Z</time></trkpt><trkpt lat="60.322489" lon="-137.052541"><ele>795.206</ele><time>2026-07-13T19:34:36Z</time></trkpt><trkpt lat="60.32248" lon="-137.052487"><ele>794.816</ele><time>2026-07-13T19:34:38Z</time></trkpt><trkpt lat="60.322483" lon="-137.052444"><ele>794.409</ele><time>2026-07-13T19:34:40Z</time></trkpt><trkpt lat="60.322492" lon="-137.052202"><ele>794.228</ele><time>2026-07-13T19:34:49Z</time></trkpt><trkpt lat="60.322487" lon="-137.05214"><ele>793.833</ele><time>2026-07-13T19:34:51Z</time></trkpt><trkpt lat="60.322481" lon="-137.052037"><ele>793.050</ele><time>2026-07-13T19:34:55Z</time></trkpt><trkpt lat="60.32248" lon="-137.051981"><ele>792.636</ele><time>2026-07-13T19:34:57Z</time></trkpt><trkpt lat="60.322476" lon="-137.051803"><ele>792.450</ele><time>2026-07-13T19:35:04Z</time></trkpt><trkpt lat="60.322474" lon="-137.051744"><ele>792.268</ele><time>2026-07-13T19:35:06Z</time></trkpt><trkpt lat="60.32247" lon="-137.051631"><ele>792.015</ele><time>2026-07-13T19:35:10Z</time></trkpt><trkpt lat="60.322477" lon="-137.051353"><ele>791.851</ele><time>2026-07-13T19:35:20Z</time></trkpt><trkpt lat="60.322503" lon="-137.051185"><ele>791.641</ele><time>2026-07-13T19:35:27Z</time></trkpt><trkpt lat="60.322534" lon="-137.051093"><ele>791.224</ele><time>2026-07-13T19:35:31Z</time></trkpt><trkpt lat="60.322566" lon="-137.0509"><ele>791.004</ele><time>2026-07-13T19:35:39Z</time></trkpt><trkpt lat="60.322594" lon="-137.050704"><ele>791.814</ele><time>2026-07-13T19:35:47Z</time></trkpt><trkpt lat="60.322637" lon="-137.050497"><ele>792.409</ele><time>2026-07-13T19:35:57Z</time></trkpt><trkpt lat="60.322635" lon="-137.050282"><ele>792.614</ele><time>2026-07-13T19:36:06Z</time></trkpt><trkpt lat="60.322634" lon="-137.050101"><ele>793.299</ele><time>2026-07-13T19:36:14Z</time></trkpt><trkpt lat="60.322632" lon="-137.050025"><ele>793.636</ele><time>2026-07-13T19:36:18Z</time></trkpt><trkpt lat="60.322629" lon="-137.050006"><ele>793.892</ele><time>2026-07-13T19:36:19Z</time></trkpt><trkpt lat="60.322624" lon="-137.049967"><ele>794.276</ele><time>2026-07-13T19:36:21Z</time></trkpt><trkpt lat="60.322641" lon="-137.049707"><ele>793.814</ele><time>2026-07-13T19:36:31Z</time></trkpt><trkpt lat="60.322646" lon="-137.049585"><ele>792.871</ele><time>2026-07-13T19:36:36Z</time></trkpt><trkpt lat="60.322632" lon="-137.049436"><ele>792.067</ele><time>2026-07-13T19:36:41Z</time></trkpt><trkpt lat="60.322628" lon="-137.049405"><ele>791.817</ele><time>2026-07-13T19:36:42Z</time></trkpt><trkpt lat="60.322617" lon="-137.049325"><ele>790.644</ele><time>2026-07-13T19:36:45Z</time></trkpt><trkpt lat="60.322594" lon="-137.049225"><ele>790.205</ele><time>2026-07-13T19:36:49Z</time></trkpt><trkpt lat="60.322589" lon="-137.049193"><ele>790.015</ele><time>2026-07-13T19:36:50Z</time></trkpt><trkpt lat="60.322547" lon="-137.048967"><ele>790.209</ele><time>2026-07-13T19:36:59Z</time></trkpt><trkpt lat="60.322524" lon="-137.048791"><ele>789.886</ele><time>2026-07-13T19:37:07Z</time></trkpt><trkpt lat="60.322496" lon="-137.048548"><ele>789.621</ele><time>2026-07-13T19:37:16Z</time></trkpt><trkpt lat="60.322493" lon="-137.048523"><ele>789.418</ele><time>2026-07-13T19:37:17Z</time></trkpt><trkpt lat="60.322491" lon="-137.048287"><ele>789.024</ele><time>2026-07-13T19:37:26Z</time></trkpt><trkpt lat="60.32255" lon="-137.048121"><ele>789.478</ele><time>2026-07-13T19:37:34Z</time></trkpt><trkpt lat="60.32261" lon="-137.047958"><ele>789.456</ele><time>2026-07-13T19:37:41Z</time></trkpt><trkpt lat="60.322614" lon="-137.047936"><ele>789.273</ele><time>2026-07-13T19:37:42Z</time></trkpt><trkpt lat="60.322635" lon="-137.04774"><ele>788.889</ele><time>2026-07-13T19:37:50Z</time></trkpt><trkpt lat="60.322618" lon="-137.047559"><ele>788.619</ele><time>2026-07-13T19:37:57Z</time></trkpt><trkpt lat="60.322616" lon="-137.047534"><ele>788.671</ele><time>2026-07-13T19:37:58Z</time></trkpt><trkpt lat="60.322602" lon="-137.04734"><ele>788.441</ele><time>2026-07-13T19:38:05Z</time></trkpt><trkpt lat="60.322604" lon="-137.047281"><ele>788.415</ele><time>2026-07-13T19:38:07Z</time></trkpt><trkpt lat="60.322618" lon="-137.047103"><ele>787.809</ele><time>2026-07-13T19:38:14Z</time></trkpt><trkpt lat="60.322606" lon="-137.047041"><ele>787.489</ele><time>2026-07-13T19:38:17Z</time></trkpt><trkpt lat="60.322581" lon="-137.046966"><ele>786.844</ele><time>2026-07-13T19:38:21Z</time></trkpt><trkpt lat="60.322527" lon="-137.046795"><ele>786.471</ele><time>2026-07-13T19:38:28Z</time></trkpt><trkpt lat="60.322521" lon="-137.046767"><ele>786.227</ele><time>2026-07-13T19:38:29Z</time></trkpt><trkpt lat="60.322485" lon="-137.046656"><ele>785.461</ele><time>2026-07-13T19:38:35Z</time></trkpt><trkpt lat="60.322478" lon="-137.046625"><ele>785.299</ele><time>2026-07-13T19:38:36Z</time></trkpt><trkpt lat="60.322424" lon="-137.046424"><ele>785.226</ele><time>2026-07-13T19:38:44Z</time></trkpt><trkpt lat="60.322417" lon="-137.046334"><ele>784.812</ele><time>2026-07-13T19:38:48Z</time></trkpt><trkpt lat="60.322414" lon="-137.04618"><ele>784.452</ele><time>2026-07-13T19:38:54Z</time></trkpt><trkpt lat="60.32241" lon="-137.046124"><ele>784.235</ele><time>2026-07-13T19:38:56Z</time></trkpt><trkpt lat="60.322388" lon="-137.045936"><ele>784.086</ele><time>2026-07-13T19:39:03Z</time></trkpt><trkpt lat="60.322379" lon="-137.045785"><ele>784.214</ele><time>2026-07-13T19:39:09Z</time></trkpt><trkpt lat="60.322371" lon="-137.045572"><ele>784.009</ele><time>2026-07-13T19:39:17Z</time></trkpt><trkpt lat="60.322378" lon="-137.045365"><ele>784.815</ele><time>2026-07-13T19:39:26Z</time></trkpt><trkpt lat="60.322393" lon="-137.045197"><ele>784.870</ele><time>2026-07-13T19:39:34Z</time></trkpt><trkpt lat="60.322386" lon="-137.045029"><ele>785.267</ele><time>2026-07-13T19:39:41Z</time></trkpt><trkpt lat="60.32236" lon="-137.044875"><ele>785.083</ele><time>2026-07-13T19:39:47Z</time></trkpt><trkpt lat="60.322344" lon="-137.044846"><ele>785.057</ele><time>2026-07-13T19:39:49Z</time></trkpt><trkpt lat="60.322304" lon="-137.044785"><ele>784.845</ele><time>2026-07-13T19:39:52Z</time></trkpt><trkpt lat="60.322283" lon="-137.044758"><ele>784.652</ele><time>2026-07-13T19:39:54Z</time></trkpt><trkpt lat="60.322259" lon="-137.04474"><ele>784.238</ele><time>2026-07-13T19:39:56Z</time></trkpt><trkpt lat="60.322188" lon="-137.044704"><ele>783.098</ele><time>2026-07-13T19:40:02Z</time></trkpt><trkpt lat="60.322174" lon="-137.044692"><ele>782.675</ele><time>2026-07-13T19:40:03Z</time></trkpt><trkpt lat="60.32215" lon="-137.044599"><ele>782.828</ele><time>2026-07-13T19:40:08Z</time></trkpt><trkpt lat="60.322179" lon="-137.044558"><ele>782.620</ele><time>2026-07-13T19:40:14Z</time></trkpt></trkseg></trk></gpx>