<?xml version="1.0" encoding="UTF-8"?><gpx creator="Wikiloc - http://www.wikiloc.com" version="1.1" xmlns="http://www.topografix.com/GPX/1/1" xmlns:xsi="http://www.w3.org/2001/XMLSchema-instance" xsi:schemaLocation="http://www.topografix.com/GPX/1/1 http://www.topografix.com/GPX/1/1/gpx.xsd"><trk><name><![CDATA[Kluane National Park: Kathleen Lake - King's Throne - King's Throne Summit - Kathleen Lake]]></name><cmt><![CDATA[Dezadeash]]></cmt><desc><![CDATA[Dezadeash]]></desc><trkseg><trkpt lat="60.576277" lon="-137.217668"><ele>740.271</ele><time>2026-07-12T16:15:49Z</time></trkpt><trkpt lat="60.576268" lon="-137.217791"><ele>740.041</ele><time>2026-07-12T16:15:54Z</time></trkpt><trkpt lat="60.576276" lon="-137.217806"><ele>740.015</ele><time>2026-07-12T16:15:56Z</time></trkpt><trkpt lat="60.576268" lon="-137.217803"><ele>740.009</ele><time>2026-07-12T16:16:08Z</time></trkpt><trkpt lat="60.576261" lon="-137.217817"><ele>740.039</ele><time>2026-07-12T16:16:21Z</time></trkpt><trkpt lat="60.576241" lon="-137.217821"><ele>740.034</ele><time>2026-07-12T16:16:25Z</time></trkpt><trkpt lat="60.576232" lon="-137.217824"><ele>740.091</ele><time>2026-07-12T16:16:27Z</time></trkpt><trkpt lat="60.576228" lon="-137.217826"><ele>740.038</ele><time>2026-07-12T16:16:28Z</time></trkpt><trkpt lat="60.576221" lon="-137.217853"><ele>740.264</ele><time>2026-07-12T16:16:34Z</time></trkpt><trkpt lat="60.576226" lon="-137.217878"><ele>740.229</ele><time>2026-07-12T16:16:44Z</time></trkpt><trkpt lat="60.576224" lon="-137.217875"><ele>740.243</ele><time>2026-07-12T16:16:46Z</time></trkpt><trkpt lat="60.576185" lon="-137.217834"><ele>740.278</ele><time>2026-07-12T16:16:53Z</time></trkpt><trkpt lat="60.576175" lon="-137.217827"><ele>740.442</ele><time>2026-07-12T16:16:59Z</time></trkpt><trkpt lat="60.576176" lon="-137.217834"><ele>739.843</ele><time>2026-07-12T16:17:03Z</time></trkpt><trkpt lat="60.576179" lon="-137.217823"><ele>739.864</ele><time>2026-07-12T16:17:11Z</time></trkpt><trkpt lat="60.57618" lon="-137.217832"><ele>740.010</ele><time>2026-07-12T16:17:19Z</time></trkpt><trkpt lat="60.57619" lon="-137.217849"><ele>740.009</ele><time>2026-07-12T16:17:22Z</time></trkpt><trkpt lat="60.576195" lon="-137.217867"><ele>740.036</ele><time>2026-07-12T16:17:32Z</time></trkpt><trkpt lat="60.576186" lon="-137.217841"><ele>739.821</ele><time>2026-07-12T16:17:41Z</time></trkpt><trkpt lat="60.576191" lon="-137.217838"><ele>740.068</ele><time>2026-07-12T16:17:50Z</time></trkpt><trkpt lat="60.576152" lon="-137.217789"><ele>740.445</ele><time>2026-07-12T16:17:56Z</time></trkpt><trkpt lat="60.576061" lon="-137.217763"><ele>740.671</ele><time>2026-07-12T16:18:03Z</time></trkpt><trkpt lat="60.576044" lon="-137.217755"><ele>740.666</ele><time>2026-07-12T16:18:04Z</time></trkpt><trkpt lat="60.576033" lon="-137.217754"><ele>740.880</ele><time>2026-07-12T16:18:05Z</time></trkpt><trkpt lat="60.576026" lon="-137.217753"><ele>740.865</ele><time>2026-07-12T16:18:06Z</time></trkpt><trkpt lat="60.576005" lon="-137.217746"><ele>741.069</ele><time>2026-07-12T16:18:08Z</time></trkpt><trkpt lat="60.575965" lon="-137.217753"><ele>741.258</ele><time>2026-07-12T16:18:11Z</time></trkpt><trkpt lat="60.575914" lon="-137.217756"><ele>741.452</ele><time>2026-07-12T16:18:15Z</time></trkpt><trkpt lat="60.575851" lon="-137.217752"><ele>741.417</ele><time>2026-07-12T16:18:20Z</time></trkpt><trkpt lat="60.57584" lon="-137.217749"><ele>741.609</ele><time>2026-07-12T16:18:21Z</time></trkpt><trkpt lat="60.575749" lon="-137.217725"><ele>742.227</ele><time>2026-07-12T16:18:29Z</time></trkpt><trkpt lat="60.575726" lon="-137.217712"><ele>742.422</ele><time>2026-07-12T16:18:31Z</time></trkpt><trkpt lat="60.575678" lon="-137.217683"><ele>743.259</ele><time>2026-07-12T16:18:35Z</time></trkpt><trkpt lat="60.575618" lon="-137.217647"><ele>743.636</ele><time>2026-07-12T16:18:40Z</time></trkpt><trkpt lat="60.575528" lon="-137.217598"><ele>744.062</ele><time>2026-07-12T16:18:48Z</time></trkpt><trkpt lat="60.575507" lon="-137.21758"><ele>744.097</ele><time>2026-07-12T16:18:50Z</time></trkpt><trkpt lat="60.575476" lon="-137.217561"><ele>744.291</ele><time>2026-07-12T16:18:53Z</time></trkpt><trkpt lat="60.575452" lon="-137.217544"><ele>744.466</ele><time>2026-07-12T16:18:55Z</time></trkpt><trkpt lat="60.575392" lon="-137.217502"><ele>745.080</ele><time>2026-07-12T16:19:00Z</time></trkpt><trkpt lat="60.575379" lon="-137.217489"><ele>745.299</ele><time>2026-07-12T16:19:01Z</time></trkpt><trkpt lat="60.575368" lon="-137.217478"><ele>745.407</ele><time>2026-07-12T16:19:02Z</time></trkpt><trkpt lat="60.575306" lon="-137.217423"><ele>745.627</ele><time>2026-07-12T16:19:07Z</time></trkpt><trkpt lat="60.575275" lon="-137.217383"><ele>745.609</ele><time>2026-07-12T16:19:10Z</time></trkpt><trkpt lat="60.575169" lon="-137.217287"><ele>745.881</ele><time>2026-07-12T16:19:20Z</time></trkpt><trkpt lat="60.575111" lon="-137.217223"><ele>746.476</ele><time>2026-07-12T16:19:25Z</time></trkpt><trkpt lat="60.575065" lon="-137.217148"><ele>746.663</ele><time>2026-07-12T16:19:30Z</time></trkpt><trkpt lat="60.575015" lon="-137.217129"><ele>747.280</ele><time>2026-07-12T16:19:41Z</time></trkpt><trkpt lat="60.575012" lon="-137.217135"><ele>747.246</ele><time>2026-07-12T16:19:43Z</time></trkpt><trkpt lat="60.575001" lon="-137.217157"><ele>747.211</ele><time>2026-07-12T16:19:50Z</time></trkpt><trkpt lat="60.575001" lon="-137.217155"><ele>747.225</ele><time>2026-07-12T16:19:51Z</time></trkpt><trkpt lat="60.574934" lon="-137.217004"><ele>748.230</ele><time>2026-07-12T16:25:30Z</time></trkpt><trkpt lat="60.574926" lon="-137.216999"><ele>748.294</ele><time>2026-07-12T16:25:31Z</time></trkpt><trkpt lat="60.574893" lon="-137.216976"><ele>748.619</ele><time>2026-07-12T16:25:36Z</time></trkpt><trkpt lat="60.57485" lon="-137.216927"><ele>749.009</ele><time>2026-07-12T16:25:46Z</time></trkpt><trkpt lat="60.574827" lon="-137.216916"><ele>749.219</ele><time>2026-07-12T16:25:48Z</time></trkpt><trkpt lat="60.574801" lon="-137.216912"><ele>749.409</ele><time>2026-07-12T16:25:51Z</time></trkpt><trkpt lat="60.57482" lon="-137.216912"><ele>749.493</ele><time>2026-07-12T16:25:56Z</time></trkpt><trkpt lat="60.574842" lon="-137.216926"><ele>748.838</ele><time>2026-07-12T16:26:06Z</time></trkpt><trkpt lat="60.574848" lon="-137.216967"><ele>749.015</ele><time>2026-07-12T16:26:18Z</time></trkpt><trkpt lat="60.574866" lon="-137.216978"><ele>749.212</ele><time>2026-07-12T16:26:31Z</time></trkpt><trkpt lat="60.574864" lon="-137.216982"><ele>749.078</ele><time>2026-07-12T16:26:42Z</time></trkpt><trkpt lat="60.574864" lon="-137.216983"><ele>749.023</ele><time>2026-07-12T16:26:43Z</time></trkpt><trkpt lat="60.57486" lon="-137.216992"><ele>749.217</ele><time>2026-07-12T16:26:46Z</time></trkpt><trkpt lat="60.574846" lon="-137.216961"><ele>750.052</ele><time>2026-07-12T16:26:50Z</time></trkpt><trkpt lat="60.574848" lon="-137.216967"><ele>749.626</ele><time>2026-07-12T16:26:58Z</time></trkpt><trkpt lat="60.57483" lon="-137.216948"><ele>749.846</ele><time>2026-07-12T16:27:06Z</time></trkpt><trkpt lat="60.574818" lon="-137.216942"><ele>749.888</ele><time>2026-07-12T16:27:07Z</time></trkpt><trkpt lat="60.574807" lon="-137.216939"><ele>749.816</ele><time>2026-07-12T16:27:08Z</time></trkpt><trkpt lat="60.574797" lon="-137.216934"><ele>750.009</ele><time>2026-07-12T16:27:09Z</time></trkpt><trkpt lat="60.574777" lon="-137.21692"><ele>750.286</ele><time>2026-07-12T16:27:11Z</time></trkpt><trkpt lat="60.574739" lon="-137.216896"><ele>750.611</ele><time>2026-07-12T16:27:15Z</time></trkpt><trkpt lat="60.574636" lon="-137.216865"><ele>751.258</ele><time>2026-07-12T16:27:24Z</time></trkpt><trkpt lat="60.574614" lon="-137.216851"><ele>751.295</ele><time>2026-07-12T16:27:26Z</time></trkpt><trkpt lat="60.574596" lon="-137.216849"><ele>751.461</ele><time>2026-07-12T16:27:28Z</time></trkpt><trkpt lat="60.574579" lon="-137.216851"><ele>751.876</ele><time>2026-07-12T16:27:30Z</time></trkpt><trkpt lat="60.574548" lon="-137.216841"><ele>751.850</ele><time>2026-07-12T16:27:33Z</time></trkpt><trkpt lat="60.574511" lon="-137.216839"><ele>752.275</ele><time>2026-07-12T16:27:37Z</time></trkpt><trkpt lat="60.574424" lon="-137.216861"><ele>752.649</ele><time>2026-07-12T16:27:43Z</time></trkpt><trkpt lat="60.574343" lon="-137.21686"><ele>753.073</ele><time>2026-07-12T16:27:51Z</time></trkpt><trkpt lat="60.574258" lon="-137.216888"><ele>753.285</ele><time>2026-07-12T16:27:58Z</time></trkpt><trkpt lat="60.574194" lon="-137.216924"><ele>753.213</ele><time>2026-07-12T16:28:03Z</time></trkpt><trkpt lat="60.574159" lon="-137.216959"><ele>753.009</ele><time>2026-07-12T16:28:06Z</time></trkpt><trkpt lat="60.574077" lon="-137.217038"><ele>753.259</ele><time>2026-07-12T16:28:13Z</time></trkpt><trkpt lat="60.574055" lon="-137.217066"><ele>753.264</ele><time>2026-07-12T16:28:15Z</time></trkpt><trkpt lat="60.573956" lon="-137.217193"><ele>753.281</ele><time>2026-07-12T16:28:23Z</time></trkpt><trkpt lat="60.573866" lon="-137.217299"><ele>753.448</ele><time>2026-07-12T16:28:32Z</time></trkpt><trkpt lat="60.573759" lon="-137.217445"><ele>753.444</ele><time>2026-07-12T16:28:42Z</time></trkpt><trkpt lat="60.573659" lon="-137.217549"><ele>753.619</ele><time>2026-07-12T16:28:51Z</time></trkpt><trkpt lat="60.573588" lon="-137.217638"><ele>753.433</ele><time>2026-07-12T16:28:57Z</time></trkpt><trkpt lat="60.573494" lon="-137.217727"><ele>753.418</ele><time>2026-07-12T16:29:05Z</time></trkpt><trkpt lat="60.573398" lon="-137.21785"><ele>753.692</ele><time>2026-07-12T16:29:14Z</time></trkpt><trkpt lat="60.573309" lon="-137.217997"><ele>754.055</ele><time>2026-07-12T16:29:22Z</time></trkpt><trkpt lat="60.573227" lon="-137.218185"><ele>753.207</ele><time>2026-07-12T16:29:31Z</time></trkpt><trkpt lat="60.573164" lon="-137.21842"><ele>752.817</ele><time>2026-07-12T16:29:41Z</time></trkpt><trkpt lat="60.573129" lon="-137.218531"><ele>752.209</ele><time>2026-07-12T16:29:46Z</time></trkpt><trkpt lat="60.573094" lon="-137.218628"><ele>751.837</ele><time>2026-07-12T16:29:50Z</time></trkpt><trkpt lat="60.573009" lon="-137.218761"><ele>751.682</ele><time>2026-07-12T16:29:58Z</time></trkpt><trkpt lat="60.572913" lon="-137.218885"><ele>751.849</ele><time>2026-07-12T16:30:06Z</time></trkpt><trkpt lat="60.572819" lon="-137.218968"><ele>752.026</ele><time>2026-07-12T16:30:14Z</time></trkpt><trkpt lat="60.572739" lon="-137.219029"><ele>752.632</ele><time>2026-07-12T16:30:21Z</time></trkpt><trkpt lat="60.572726" lon="-137.219036"><ele>752.857</ele><time>2026-07-12T16:30:22Z</time></trkpt><trkpt lat="60.57266" lon="-137.219077"><ele>753.221</ele><time>2026-07-12T16:30:27Z</time></trkpt><trkpt lat="60.572602" lon="-137.2191"><ele>753.626</ele><time>2026-07-12T16:30:32Z</time></trkpt><trkpt lat="60.572507" lon="-137.219165"><ele>754.220</ele><time>2026-07-12T16:30:41Z</time></trkpt><trkpt lat="60.572433" lon="-137.219196"><ele>754.888</ele><time>2026-07-12T16:30:47Z</time></trkpt><trkpt lat="60.5724" lon="-137.219199"><ele>755.024</ele><time>2026-07-12T16:30:50Z</time></trkpt><trkpt lat="60.572346" lon="-137.219233"><ele>755.226</ele><time>2026-07-12T16:30:55Z</time></trkpt><trkpt lat="60.572333" lon="-137.21924"><ele>755.209</ele><time>2026-07-12T16:30:56Z</time></trkpt><trkpt lat="60.572323" lon="-137.219243"><ele>755.490</ele><time>2026-07-12T16:30:57Z</time></trkpt><trkpt lat="60.572316" lon="-137.219244"><ele>755.425</ele><time>2026-07-12T16:30:58Z</time></trkpt><trkpt lat="60.572212" lon="-137.219267"><ele>755.822</ele><time>2026-07-12T16:31:07Z</time></trkpt><trkpt lat="60.572185" lon="-137.21927"><ele>755.869</ele><time>2026-07-12T16:31:09Z</time></trkpt><trkpt lat="60.572068" lon="-137.219302"><ele>756.255</ele><time>2026-07-12T16:31:18Z</time></trkpt><trkpt lat="60.572009" lon="-137.219338"><ele>756.470</ele><time>2026-07-12T16:31:23Z</time></trkpt><trkpt lat="60.571977" lon="-137.219354"><ele>756.634</ele><time>2026-07-12T16:31:26Z</time></trkpt><trkpt lat="60.571911" lon="-137.219375"><ele>756.689</ele><time>2026-07-12T16:31:31Z</time></trkpt><trkpt lat="60.571857" lon="-137.219393"><ele>756.633</ele><time>2026-07-12T16:31:35Z</time></trkpt><trkpt lat="60.571844" lon="-137.219397"><ele>756.686</ele><time>2026-07-12T16:31:36Z</time></trkpt><trkpt lat="60.571736" lon="-137.219435"><ele>756.860</ele><time>2026-07-12T16:31:45Z</time></trkpt><trkpt lat="60.571697" lon="-137.219434"><ele>757.226</ele><time>2026-07-12T16:31:48Z</time></trkpt><trkpt lat="60.571672" lon="-137.219429"><ele>757.409</ele><time>2026-07-12T16:31:50Z</time></trkpt><trkpt lat="60.571661" lon="-137.219427"><ele>757.460</ele><time>2026-07-12T16:31:51Z</time></trkpt><trkpt lat="60.571629" lon="-137.219412"><ele>757.815</ele><time>2026-07-12T16:31:54Z</time></trkpt><trkpt lat="60.571554" lon="-137.219378"><ele>758.442</ele><time>2026-07-12T16:32:00Z</time></trkpt><trkpt lat="60.57153" lon="-137.21936"><ele>758.689</ele><time>2026-07-12T16:32:02Z</time></trkpt><trkpt lat="60.57145" lon="-137.219259"><ele>759.415</ele><time>2026-07-12T16:32:11Z</time></trkpt><trkpt lat="60.571418" lon="-137.219224"><ele>759.670</ele><time>2026-07-12T16:32:14Z</time></trkpt><trkpt lat="60.571356" lon="-137.219164"><ele>759.874</ele><time>2026-07-12T16:32:19Z</time></trkpt><trkpt lat="60.571217" lon="-137.219152"><ele>760.229</ele><time>2026-07-12T16:32:28Z</time></trkpt><trkpt lat="60.5712" lon="-137.219158"><ele>760.253</ele><time>2026-07-12T16:32:29Z</time></trkpt><trkpt lat="60.571186" lon="-137.219164"><ele>760.274</ele><time>2026-07-12T16:32:30Z</time></trkpt><trkpt lat="60.571099" lon="-137.219231"><ele>759.856</ele><time>2026-07-12T16:32:37Z</time></trkpt><trkpt lat="60.57102" lon="-137.219308"><ele>759.421</ele><time>2026-07-12T16:32:44Z</time></trkpt><trkpt lat="60.570919" lon="-137.219392"><ele>758.809</ele><time>2026-07-12T16:32:53Z</time></trkpt><trkpt lat="60.570863" lon="-137.21943"><ele>758.449</ele><time>2026-07-12T16:32:57Z</time></trkpt><trkpt lat="60.570809" lon="-137.219465"><ele>758.014</ele><time>2026-07-12T16:33:01Z</time></trkpt><trkpt lat="60.570705" lon="-137.219527"><ele>757.421</ele><time>2026-07-12T16:33:09Z</time></trkpt><trkpt lat="60.57066" lon="-137.219546"><ele>757.448</ele><time>2026-07-12T16:33:12Z</time></trkpt><trkpt lat="60.570579" lon="-137.219577"><ele>757.494</ele><time>2026-07-12T16:33:19Z</time></trkpt><trkpt lat="60.570472" lon="-137.219604"><ele>757.479</ele><time>2026-07-12T16:33:27Z</time></trkpt><trkpt lat="60.570374" lon="-137.219617"><ele>757.433</ele><time>2026-07-12T16:33:35Z</time></trkpt><trkpt lat="60.570313" lon="-137.21966"><ele>757.058</ele><time>2026-07-12T16:33:40Z</time></trkpt><trkpt lat="60.570305" lon="-137.219668"><ele>757.052</ele><time>2026-07-12T16:33:41Z</time></trkpt><trkpt lat="60.570295" lon="-137.219678"><ele>757.032</ele><time>2026-07-12T16:33:42Z</time></trkpt><trkpt lat="60.570274" lon="-137.219695"><ele>757.092</ele><time>2026-07-12T16:33:44Z</time></trkpt><trkpt lat="60.570236" lon="-137.21973"><ele>756.811</ele><time>2026-07-12T16:33:47Z</time></trkpt><trkpt lat="60.570174" lon="-137.219791"><ele>756.409</ele><time>2026-07-12T16:33:52Z</time></trkpt><trkpt lat="60.570164" lon="-137.219797"><ele>756.495</ele><time>2026-07-12T16:33:53Z</time></trkpt><trkpt lat="60.570057" lon="-137.219866"><ele>755.610</ele><time>2026-07-12T16:34:03Z</time></trkpt><trkpt lat="60.570018" lon="-137.219917"><ele>755.637</ele><time>2026-07-12T16:34:07Z</time></trkpt><trkpt lat="60.570012" lon="-137.219923"><ele>755.864</ele><time>2026-07-12T16:34:10Z</time></trkpt><trkpt lat="60.569958" lon="-137.219951"><ele>755.880</ele><time>2026-07-12T16:34:18Z</time></trkpt><trkpt lat="60.569885" lon="-137.220001"><ele>756.025</ele><time>2026-07-12T16:34:25Z</time></trkpt><trkpt lat="60.569787" lon="-137.220122"><ele>756.259</ele><time>2026-07-12T16:34:34Z</time></trkpt><trkpt lat="60.569694" lon="-137.220192"><ele>756.664</ele><time>2026-07-12T16:34:42Z</time></trkpt><trkpt lat="60.569598" lon="-137.220271"><ele>755.818</ele><time>2026-07-12T16:34:50Z</time></trkpt><trkpt lat="60.569567" lon="-137.220288"><ele>755.626</ele><time>2026-07-12T16:34:53Z</time></trkpt><trkpt lat="60.56953" lon="-137.2203"><ele>755.447</ele><time>2026-07-12T16:34:56Z</time></trkpt><trkpt lat="60.569516" lon="-137.220306"><ele>755.411</ele><time>2026-07-12T16:34:57Z</time></trkpt><trkpt lat="60.5695" lon="-137.220312"><ele>755.409</ele><time>2026-07-12T16:34:58Z</time></trkpt><trkpt lat="60.569489" lon="-137.22032"><ele>755.434</ele><time>2026-07-12T16:34:59Z</time></trkpt><trkpt lat="60.569393" lon="-137.220352"><ele>755.449</ele><time>2026-07-12T16:35:07Z</time></trkpt><trkpt lat="60.56927" lon="-137.220414"><ele>755.416</ele><time>2026-07-12T16:35:16Z</time></trkpt><trkpt lat="60.569256" lon="-137.220424"><ele>755.223</ele><time>2026-07-12T16:35:17Z</time></trkpt><trkpt lat="60.569202" lon="-137.220492"><ele>755.259</ele><time>2026-07-12T16:35:22Z</time></trkpt><trkpt lat="60.569176" lon="-137.220522"><ele>755.234</ele><time>2026-07-12T16:35:24Z</time></trkpt><trkpt lat="60.569092" lon="-137.22062"><ele>754.818</ele><time>2026-07-12T16:35:32Z</time></trkpt><trkpt lat="60.569046" lon="-137.220658"><ele>755.073</ele><time>2026-07-12T16:35:36Z</time></trkpt><trkpt lat="60.568995" lon="-137.220694"><ele>754.887</ele><time>2026-07-12T16:35:40Z</time></trkpt><trkpt lat="60.568859" lon="-137.220769"><ele>754.889</ele><time>2026-07-12T16:35:50Z</time></trkpt><trkpt lat="60.568741" lon="-137.220836"><ele>755.006</ele><time>2026-07-12T16:36:00Z</time></trkpt><trkpt lat="60.568627" lon="-137.220886"><ele>754.826</ele><time>2026-07-12T16:36:09Z</time></trkpt><trkpt lat="60.568509" lon="-137.22096"><ele>755.009</ele><time>2026-07-12T16:36:17Z</time></trkpt><trkpt lat="60.56845" lon="-137.221009"><ele>754.620</ele><time>2026-07-12T16:36:22Z</time></trkpt><trkpt lat="60.568392" lon="-137.221102"><ele>754.435</ele><time>2026-07-12T16:36:28Z</time></trkpt><trkpt lat="60.568317" lon="-137.221245"><ele>754.872</ele><time>2026-07-12T16:36:36Z</time></trkpt><trkpt lat="60.568266" lon="-137.221327"><ele>754.619</ele><time>2026-07-12T16:36:41Z</time></trkpt><trkpt lat="60.568238" lon="-137.221367"><ele>754.265</ele><time>2026-07-12T16:36:44Z</time></trkpt><trkpt lat="60.568212" lon="-137.221395"><ele>754.020</ele><time>2026-07-12T16:36:46Z</time></trkpt><trkpt lat="60.568108" lon="-137.221458"><ele>754.064</ele><time>2026-07-12T16:36:55Z</time></trkpt><trkpt lat="60.567991" lon="-137.221466"><ele>753.469</ele><time>2026-07-12T16:37:04Z</time></trkpt><trkpt lat="60.567901" lon="-137.22144"><ele>753.683</ele><time>2026-07-12T16:37:13Z</time></trkpt><trkpt lat="60.567891" lon="-137.221437"><ele>753.673</ele><time>2026-07-12T16:37:14Z</time></trkpt><trkpt lat="60.567766" lon="-137.221355"><ele>754.085</ele><time>2026-07-12T16:37:23Z</time></trkpt><trkpt lat="60.567651" lon="-137.221261"><ele>753.813</ele><time>2026-07-12T16:37:32Z</time></trkpt><trkpt lat="60.567539" lon="-137.221216"><ele>753.409</ele><time>2026-07-12T16:37:39Z</time></trkpt><trkpt lat="60.567522" lon="-137.221217"><ele>753.289</ele><time>2026-07-12T16:37:40Z</time></trkpt><trkpt lat="60.567491" lon="-137.221222"><ele>753.024</ele><time>2026-07-12T16:37:42Z</time></trkpt><trkpt lat="60.567437" lon="-137.221257"><ele>753.081</ele><time>2026-07-12T16:37:47Z</time></trkpt><trkpt lat="60.567399" lon="-137.221392"><ele>753.278</ele><time>2026-07-12T16:37:54Z</time></trkpt><trkpt lat="60.567325" lon="-137.221572"><ele>754.254</ele><time>2026-07-12T16:38:03Z</time></trkpt><trkpt lat="60.567315" lon="-137.22159"><ele>754.229</ele><time>2026-07-12T16:38:04Z</time></trkpt><trkpt lat="60.567258" lon="-137.221678"><ele>754.693</ele><time>2026-07-12T16:38:10Z</time></trkpt><trkpt lat="60.56725" lon="-137.221693"><ele>754.638</ele><time>2026-07-12T16:38:11Z</time></trkpt><trkpt lat="60.567205" lon="-137.221749"><ele>754.822</ele><time>2026-07-12T16:38:15Z</time></trkpt><trkpt lat="60.567167" lon="-137.22178"><ele>754.824</ele><time>2026-07-12T16:38:18Z</time></trkpt><trkpt lat="60.567152" lon="-137.221794"><ele>755.004</ele><time>2026-07-12T16:38:20Z</time></trkpt><trkpt lat="60.567053" lon="-137.221849"><ele>754.814</ele><time>2026-07-12T16:38:28Z</time></trkpt><trkpt lat="60.566942" lon="-137.221907"><ele>755.209</ele><time>2026-07-12T16:38:37Z</time></trkpt><trkpt lat="60.566929" lon="-137.221912"><ele>755.474</ele><time>2026-07-12T16:38:38Z</time></trkpt><trkpt lat="60.566839" lon="-137.221974"><ele>755.639</ele><time>2026-07-12T16:38:47Z</time></trkpt><trkpt lat="60.566744" lon="-137.222074"><ele>755.486</ele><time>2026-07-12T16:38:56Z</time></trkpt><trkpt lat="60.566669" lon="-137.222148"><ele>755.433</ele><time>2026-07-12T16:39:05Z</time></trkpt><trkpt lat="60.566633" lon="-137.222217"><ele>755.279</ele><time>2026-07-12T16:39:10Z</time></trkpt><trkpt lat="60.566626" lon="-137.222232"><ele>755.254</ele><time>2026-07-12T16:39:11Z</time></trkpt><trkpt lat="60.566578" lon="-137.222298"><ele>755.438</ele><time>2026-07-12T16:39:15Z</time></trkpt><trkpt lat="60.5665" lon="-137.222407"><ele>755.613</ele><time>2026-07-12T16:39:22Z</time></trkpt><trkpt lat="60.56641" lon="-137.222508"><ele>756.037</ele><time>2026-07-12T16:39:31Z</time></trkpt><trkpt lat="60.566326" lon="-137.22259"><ele>756.249</ele><time>2026-07-12T16:39:39Z</time></trkpt><trkpt lat="60.566278" lon="-137.222635"><ele>756.202</ele><time>2026-07-12T16:39:44Z</time></trkpt><trkpt lat="60.566236" lon="-137.222677"><ele>756.422</ele><time>2026-07-12T16:39:48Z</time></trkpt><trkpt lat="60.566139" lon="-137.222737"><ele>756.009</ele><time>2026-07-12T16:39:56Z</time></trkpt><trkpt lat="60.566047" lon="-137.222841"><ele>756.016</ele><time>2026-07-12T16:40:04Z</time></trkpt><trkpt lat="60.565975" lon="-137.223041"><ele>756.041</ele><time>2026-07-12T16:40:13Z</time></trkpt><trkpt lat="60.565953" lon="-137.223211"><ele>755.288</ele><time>2026-07-12T16:40:20Z</time></trkpt><trkpt lat="60.565944" lon="-137.223255"><ele>755.095</ele><time>2026-07-12T16:40:22Z</time></trkpt><trkpt lat="60.56588" lon="-137.223478"><ele>754.621</ele><time>2026-07-12T16:40:32Z</time></trkpt><trkpt lat="60.565787" lon="-137.223671"><ele>754.466</ele><time>2026-07-12T16:40:42Z</time></trkpt><trkpt lat="60.565714" lon="-137.223787"><ele>754.440</ele><time>2026-07-12T16:40:50Z</time></trkpt><trkpt lat="60.565675" lon="-137.22384"><ele>754.285</ele><time>2026-07-12T16:40:53Z</time></trkpt><trkpt lat="60.565616" lon="-137.223953"><ele>753.899</ele><time>2026-07-12T16:40:59Z</time></trkpt><trkpt lat="60.565584" lon="-137.224027"><ele>753.658</ele><time>2026-07-12T16:41:03Z</time></trkpt><trkpt lat="60.565559" lon="-137.22412"><ele>753.052</ele><time>2026-07-12T16:41:07Z</time></trkpt><trkpt lat="60.56555" lon="-137.224162"><ele>752.817</ele><time>2026-07-12T16:41:09Z</time></trkpt><trkpt lat="60.565519" lon="-137.224325"><ele>752.009</ele><time>2026-07-12T16:41:16Z</time></trkpt><trkpt lat="60.565515" lon="-137.22435"><ele>752.027</ele><time>2026-07-12T16:41:17Z</time></trkpt><trkpt lat="60.565457" lon="-137.224557"><ele>751.612</ele><time>2026-07-12T16:41:26Z</time></trkpt><trkpt lat="60.565412" lon="-137.224677"><ele>751.059</ele><time>2026-07-12T16:41:32Z</time></trkpt><trkpt lat="60.565392" lon="-137.224723"><ele>751.036</ele><time>2026-07-12T16:41:34Z</time></trkpt><trkpt lat="60.565343" lon="-137.224911"><ele>750.482</ele><time>2026-07-12T16:41:42Z</time></trkpt><trkpt lat="60.565321" lon="-137.225005"><ele>750.087</ele><time>2026-07-12T16:41:46Z</time></trkpt><trkpt lat="60.565288" lon="-137.225112"><ele>749.891</ele><time>2026-07-12T16:41:51Z</time></trkpt><trkpt lat="60.565234" lon="-137.225235"><ele>749.866</ele><time>2026-07-12T16:41:58Z</time></trkpt><trkpt lat="60.565177" lon="-137.225447"><ele>749.840</ele><time>2026-07-12T16:42:07Z</time></trkpt><trkpt lat="60.565172" lon="-137.225464"><ele>749.856</ele><time>2026-07-12T16:42:08Z</time></trkpt><trkpt lat="60.565167" lon="-137.225481"><ele>749.859</ele><time>2026-07-12T16:42:09Z</time></trkpt><trkpt lat="60.56512" lon="-137.225603"><ele>750.014</ele><time>2026-07-12T16:42:15Z</time></trkpt><trkpt lat="60.565095" lon="-137.225663"><ele>749.809</ele><time>2026-07-12T16:42:18Z</time></trkpt><trkpt lat="60.565019" lon="-137.225818"><ele>749.477</ele><time>2026-07-12T16:42:26Z</time></trkpt><trkpt lat="60.564967" lon="-137.225899"><ele>749.282</ele><time>2026-07-12T16:42:32Z</time></trkpt><trkpt lat="60.564951" lon="-137.225941"><ele>749.299</ele><time>2026-07-12T16:42:34Z</time></trkpt><trkpt lat="60.564856" lon="-137.226111"><ele>749.056</ele><time>2026-07-12T16:42:44Z</time></trkpt><trkpt lat="60.564747" lon="-137.226219"><ele>749.092</ele><time>2026-07-12T16:42:53Z</time></trkpt><trkpt lat="60.564649" lon="-137.226372"><ele>749.067</ele><time>2026-07-12T16:43:02Z</time></trkpt><trkpt lat="60.564576" lon="-137.226468"><ele>749.271</ele><time>2026-07-12T16:43:09Z</time></trkpt><trkpt lat="60.564545" lon="-137.226518"><ele>749.266</ele><time>2026-07-12T16:43:12Z</time></trkpt><trkpt lat="60.564453" lon="-137.226667"><ele>749.280</ele><time>2026-07-12T16:43:21Z</time></trkpt><trkpt lat="60.564433" lon="-137.226711"><ele>749.092</ele><time>2026-07-12T16:43:24Z</time></trkpt><trkpt lat="60.564376" lon="-137.226829"><ele>748.673</ele><time>2026-07-12T16:43:30Z</time></trkpt><trkpt lat="60.564289" lon="-137.226997"><ele>748.820</ele><time>2026-07-12T16:43:40Z</time></trkpt><trkpt lat="60.564223" lon="-137.227139"><ele>749.009</ele><time>2026-07-12T16:43:48Z</time></trkpt><trkpt lat="60.564144" lon="-137.227238"><ele>749.091</ele><time>2026-07-12T16:43:55Z</time></trkpt><trkpt lat="60.564072" lon="-137.227343"><ele>749.446</ele><time>2026-07-12T16:44:04Z</time></trkpt><trkpt lat="60.563953" lon="-137.227388"><ele>749.853</ele><time>2026-07-12T16:44:14Z</time></trkpt><trkpt lat="60.563906" lon="-137.227433"><ele>749.850</ele><time>2026-07-12T16:44:19Z</time></trkpt><trkpt lat="60.563877" lon="-137.227465"><ele>749.876</ele><time>2026-07-12T16:44:22Z</time></trkpt><trkpt lat="60.563844" lon="-137.227512"><ele>750.071</ele><time>2026-07-12T16:44:25Z</time></trkpt><trkpt lat="60.563805" lon="-137.227568"><ele>750.075</ele><time>2026-07-12T16:44:29Z</time></trkpt><trkpt lat="60.56372" lon="-137.22771"><ele>750.250</ele><time>2026-07-12T16:44:37Z</time></trkpt><trkpt lat="60.563689" lon="-137.227755"><ele>750.484</ele><time>2026-07-12T16:44:41Z</time></trkpt><trkpt lat="60.563657" lon="-137.227786"><ele>750.484</ele><time>2026-07-12T16:44:45Z</time></trkpt><trkpt lat="60.563593" lon="-137.227847"><ele>750.807</ele><time>2026-07-12T16:44:52Z</time></trkpt><trkpt lat="60.563521" lon="-137.227978"><ele>750.817</ele><time>2026-07-12T16:45:00Z</time></trkpt><trkpt lat="60.563446" lon="-137.2281"><ele>750.809</ele><time>2026-07-12T16:45:08Z</time></trkpt><trkpt lat="60.563409" lon="-137.228176"><ele>751.040</ele><time>2026-07-12T16:45:14Z</time></trkpt><trkpt lat="60.563403" lon="-137.228185"><ele>751.015</ele><time>2026-07-12T16:45:15Z</time></trkpt><trkpt lat="60.563396" lon="-137.228195"><ele>751.232</ele><time>2026-07-12T16:45:16Z</time></trkpt><trkpt lat="60.563288" lon="-137.228295"><ele>751.659</ele><time>2026-07-12T16:45:25Z</time></trkpt><trkpt lat="60.563212" lon="-137.228405"><ele>752.045</ele><time>2026-07-12T16:45:34Z</time></trkpt><trkpt lat="60.563158" lon="-137.228551"><ele>752.220</ele><time>2026-07-12T16:45:42Z</time></trkpt><trkpt lat="60.563145" lon="-137.228566"><ele>752.434</ele><time>2026-07-12T16:45:44Z</time></trkpt><trkpt lat="60.563125" lon="-137.228616"><ele>752.849</ele><time>2026-07-12T16:45:47Z</time></trkpt><trkpt lat="60.563104" lon="-137.228668"><ele>752.853</ele><time>2026-07-12T16:45:50Z</time></trkpt><trkpt lat="60.563034" lon="-137.228802"><ele>752.438</ele><time>2026-07-12T16:45:59Z</time></trkpt><trkpt lat="60.562995" lon="-137.228842"><ele>753.270</ele><time>2026-07-12T16:46:03Z</time></trkpt><trkpt lat="60.562965" lon="-137.228887"><ele>753.217</ele><time>2026-07-12T16:46:06Z</time></trkpt><trkpt lat="60.562941" lon="-137.229051"><ele>752.409</ele><time>2026-07-12T16:46:14Z</time></trkpt><trkpt lat="60.562944" lon="-137.229137"><ele>752.215</ele><time>2026-07-12T16:46:18Z</time></trkpt><trkpt lat="60.562931" lon="-137.229173"><ele>752.660</ele><time>2026-07-12T16:46:22Z</time></trkpt><trkpt lat="60.562864" lon="-137.229245"><ele>753.417</ele><time>2026-07-12T16:46:29Z</time></trkpt><trkpt lat="60.562814" lon="-137.229299"><ele>754.494</ele><time>2026-07-12T16:46:37Z</time></trkpt><trkpt lat="60.562799" lon="-137.229316"><ele>754.610</ele><time>2026-07-12T16:46:39Z</time></trkpt><trkpt lat="60.56277" lon="-137.229387"><ele>755.085</ele><time>2026-07-12T16:46:48Z</time></trkpt><trkpt lat="60.562765" lon="-137.229408"><ele>754.899</ele><time>2026-07-12T16:46:58Z</time></trkpt><trkpt lat="60.562762" lon="-137.229411"><ele>754.884</ele><time>2026-07-12T16:46:59Z</time></trkpt><trkpt lat="60.562759" lon="-137.229413"><ele>754.818</ele><time>2026-07-12T16:47:00Z</time></trkpt><trkpt lat="60.562765" lon="-137.22943"><ele>754.676</ele><time>2026-07-12T16:47:12Z</time></trkpt><trkpt lat="60.562775" lon="-137.22942"><ele>755.090</ele><time>2026-07-12T16:47:16Z</time></trkpt><trkpt lat="60.562775" lon="-137.22942"><ele>755.019</ele><time>2026-07-12T16:47:17Z</time></trkpt><trkpt lat="60.562774" lon="-137.229418"><ele>755.209</ele><time>2026-07-12T16:47:18Z</time></trkpt><trkpt lat="60.562729" lon="-137.229406"><ele>755.439</ele><time>2026-07-12T16:47:23Z</time></trkpt><trkpt lat="60.562722" lon="-137.229408"><ele>755.484</ele><time>2026-07-12T16:47:24Z</time></trkpt><trkpt lat="60.562704" lon="-137.229406"><ele>755.831</ele><time>2026-07-12T16:47:26Z</time></trkpt><trkpt lat="60.562671" lon="-137.229395"><ele>756.828</ele><time>2026-07-12T16:47:30Z</time></trkpt><trkpt lat="60.562653" lon="-137.229391"><ele>757.264</ele><time>2026-07-12T16:47:32Z</time></trkpt><trkpt lat="60.562641" lon="-137.229386"><ele>757.849</ele><time>2026-07-12T16:47:35Z</time></trkpt><trkpt lat="60.562603" lon="-137.229393"><ele>758.853</ele><time>2026-07-12T16:47:41Z</time></trkpt><trkpt lat="60.562533" lon="-137.229468"><ele>759.048</ele><time>2026-07-12T16:47:48Z</time></trkpt><trkpt lat="60.562511" lon="-137.229524"><ele>758.872</ele><time>2026-07-12T16:47:51Z</time></trkpt><trkpt lat="60.562493" lon="-137.229568"><ele>758.492</ele><time>2026-07-12T16:47:54Z</time></trkpt><trkpt lat="60.562488" lon="-137.229579"><ele>758.473</ele><time>2026-07-12T16:47:55Z</time></trkpt><trkpt lat="60.562413" lon="-137.229673"><ele>758.220</ele><time>2026-07-12T16:48:03Z</time></trkpt><trkpt lat="60.562407" lon="-137.229691"><ele>758.209</ele><time>2026-07-12T16:48:04Z</time></trkpt><trkpt lat="60.562347" lon="-137.229823"><ele>758.261</ele><time>2026-07-12T16:48:12Z</time></trkpt><trkpt lat="60.562291" lon="-137.229859"><ele>759.086</ele><time>2026-07-12T16:48:20Z</time></trkpt><trkpt lat="60.562268" lon="-137.229863"><ele>759.023</ele><time>2026-07-12T16:48:30Z</time></trkpt><trkpt lat="60.562265" lon="-137.22986"><ele>759.040</ele><time>2026-07-12T16:48:32Z</time></trkpt><trkpt lat="60.562264" lon="-137.229852"><ele>759.016</ele><time>2026-07-12T16:48:36Z</time></trkpt><trkpt lat="60.562268" lon="-137.22986"><ele>759.241</ele><time>2026-07-12T16:48:40Z</time></trkpt><trkpt lat="60.562267" lon="-137.229872"><ele>759.445</ele><time>2026-07-12T16:48:43Z</time></trkpt><trkpt lat="60.562275" lon="-137.22992"><ele>759.650</ele><time>2026-07-12T16:48:47Z</time></trkpt><trkpt lat="60.56225" lon="-137.229988"><ele>759.864</ele><time>2026-07-12T16:48:51Z</time></trkpt><trkpt lat="60.562242" lon="-137.230011"><ele>759.835</ele><time>2026-07-12T16:48:52Z</time></trkpt><trkpt lat="60.562195" lon="-137.23012"><ele>760.486</ele><time>2026-07-12T16:48:58Z</time></trkpt><trkpt lat="60.562178" lon="-137.230248"><ele>761.014</ele><time>2026-07-12T16:49:05Z</time></trkpt><trkpt lat="60.562177" lon="-137.230261"><ele>761.009</ele><time>2026-07-12T16:49:06Z</time></trkpt><trkpt lat="60.56217" lon="-137.230276"><ele>760.845</ele><time>2026-07-12T16:49:08Z</time></trkpt><trkpt lat="60.562148" lon="-137.230344"><ele>759.820</ele><time>2026-07-12T16:49:12Z</time></trkpt><trkpt lat="60.562119" lon="-137.230489"><ele>760.457</ele><time>2026-07-12T16:49:20Z</time></trkpt><trkpt lat="60.562116" lon="-137.230511"><ele>761.024</ele><time>2026-07-12T16:49:22Z</time></trkpt><trkpt lat="60.562085" lon="-137.230601"><ele>761.060</ele><time>2026-07-12T16:49:27Z</time></trkpt><trkpt lat="60.562048" lon="-137.230717"><ele>760.485</ele><time>2026-07-12T16:49:33Z</time></trkpt><trkpt lat="60.562005" lon="-137.230819"><ele>761.249</ele><time>2026-07-12T16:49:40Z</time></trkpt><trkpt lat="60.561971" lon="-137.230879"><ele>761.474</ele><time>2026-07-12T16:49:45Z</time></trkpt><trkpt lat="60.56194" lon="-137.230927"><ele>762.038</ele><time>2026-07-12T16:49:49Z</time></trkpt><trkpt lat="60.561896" lon="-137.231014"><ele>762.613</ele><time>2026-07-12T16:49:57Z</time></trkpt><trkpt lat="60.561894" lon="-137.231048"><ele>763.043</ele><time>2026-07-12T16:49:59Z</time></trkpt><trkpt lat="60.561877" lon="-137.231151"><ele>763.807</ele><time>2026-07-12T16:50:05Z</time></trkpt><trkpt lat="60.561864" lon="-137.231188"><ele>764.209</ele><time>2026-07-12T16:50:07Z</time></trkpt><trkpt lat="60.561833" lon="-137.231289"><ele>765.253</ele><time>2026-07-12T16:50:14Z</time></trkpt><trkpt lat="60.561825" lon="-137.231339"><ele>765.858</ele><time>2026-07-12T16:50:17Z</time></trkpt><trkpt lat="60.561822" lon="-137.231382"><ele>766.035</ele><time>2026-07-12T16:50:19Z</time></trkpt><trkpt lat="60.561814" lon="-137.231482"><ele>766.252</ele><time>2026-07-12T16:50:23Z</time></trkpt><trkpt lat="60.561812" lon="-137.231509"><ele>766.278</ele><time>2026-07-12T16:50:24Z</time></trkpt><trkpt lat="60.561792" lon="-137.231646"><ele>766.633</ele><time>2026-07-12T16:50:31Z</time></trkpt><trkpt lat="60.561788" lon="-137.231662"><ele>766.847</ele><time>2026-07-12T16:50:32Z</time></trkpt><trkpt lat="60.561766" lon="-137.231749"><ele>767.432</ele><time>2026-07-12T16:50:38Z</time></trkpt><trkpt lat="60.561757" lon="-137.231792"><ele>767.626</ele><time>2026-07-12T16:50:41Z</time></trkpt><trkpt lat="60.561756" lon="-137.231837"><ele>767.811</ele><time>2026-07-12T16:50:44Z</time></trkpt><trkpt lat="60.561746" lon="-137.231934"><ele>768.021</ele><time>2026-07-12T16:50:49Z</time></trkpt><trkpt lat="60.561732" lon="-137.231988"><ele>768.403</ele><time>2026-07-12T16:50:54Z</time></trkpt><trkpt lat="60.561728" lon="-137.231998"><ele>768.609</ele><time>2026-07-12T16:50:55Z</time></trkpt><trkpt lat="60.561698" lon="-137.232081"><ele>769.213</ele><time>2026-07-12T16:51:02Z</time></trkpt><trkpt lat="60.561697" lon="-137.232086"><ele>769.478</ele><time>2026-07-12T16:51:03Z</time></trkpt><trkpt lat="60.561699" lon="-137.232167"><ele>770.065</ele><time>2026-07-12T16:51:10Z</time></trkpt><trkpt lat="60.561663" lon="-137.232246"><ele>770.432</ele><time>2026-07-12T16:51:15Z</time></trkpt><trkpt lat="60.561661" lon="-137.232263"><ele>770.428</ele><time>2026-07-12T16:51:16Z</time></trkpt><trkpt lat="60.561657" lon="-137.232284"><ele>770.443</ele><time>2026-07-12T16:51:17Z</time></trkpt><trkpt lat="60.561656" lon="-137.232312"><ele>770.627</ele><time>2026-07-12T16:51:19Z</time></trkpt><trkpt lat="60.561649" lon="-137.232344"><ele>770.642</ele><time>2026-07-12T16:51:21Z</time></trkpt><trkpt lat="60.561645" lon="-137.232365"><ele>770.816</ele><time>2026-07-12T16:51:23Z</time></trkpt><trkpt lat="60.561634" lon="-137.232527"><ele>771.257</ele><time>2026-07-12T16:51:32Z</time></trkpt><trkpt lat="60.561626" lon="-137.232583"><ele>771.600</ele><time>2026-07-12T16:51:35Z</time></trkpt><trkpt lat="60.561603" lon="-137.232656"><ele>771.820</ele><time>2026-07-12T16:51:40Z</time></trkpt><trkpt lat="60.561576" lon="-137.232791"><ele>772.009</ele><time>2026-07-12T16:51:48Z</time></trkpt><trkpt lat="60.561552" lon="-137.232887"><ele>772.617</ele><time>2026-07-12T16:51:55Z</time></trkpt><trkpt lat="60.561544" lon="-137.232931"><ele>773.062</ele><time>2026-07-12T16:51:58Z</time></trkpt><trkpt lat="60.561551" lon="-137.233118"><ele>772.619</ele><time>2026-07-12T16:52:07Z</time></trkpt><trkpt lat="60.561575" lon="-137.233273"><ele>772.476</ele><time>2026-07-12T16:52:15Z</time></trkpt><trkpt lat="60.561602" lon="-137.233414"><ele>772.882</ele><time>2026-07-12T16:52:24Z</time></trkpt><trkpt lat="60.561626" lon="-137.233561"><ele>773.447</ele><time>2026-07-12T16:52:32Z</time></trkpt><trkpt lat="60.561644" lon="-137.233698"><ele>773.261</ele><time>2026-07-12T16:52:39Z</time></trkpt><trkpt lat="60.561646" lon="-137.233753"><ele>773.636</ele><time>2026-07-12T16:52:43Z</time></trkpt><trkpt lat="60.561622" lon="-137.233814"><ele>774.430</ele><time>2026-07-12T16:52:47Z</time></trkpt><trkpt lat="60.561607" lon="-137.233829"><ele>774.683</ele><time>2026-07-12T16:52:49Z</time></trkpt><trkpt lat="60.561583" lon="-137.233891"><ele>775.425</ele><time>2026-07-12T16:52:54Z</time></trkpt><trkpt lat="60.56157" lon="-137.233935"><ele>775.817</ele><time>2026-07-12T16:52:57Z</time></trkpt><trkpt lat="60.561549" lon="-137.233979"><ele>776.609</ele><time>2026-07-12T16:53:01Z</time></trkpt><trkpt lat="60.561543" lon="-137.233985"><ele>776.870</ele><time>2026-07-12T16:53:02Z</time></trkpt><trkpt lat="60.561536" lon="-137.233997"><ele>777.045</ele><time>2026-07-12T16:53:03Z</time></trkpt><trkpt lat="60.561512" lon="-137.234063"><ele>777.672</ele><time>2026-07-12T16:53:07Z</time></trkpt><trkpt lat="60.561508" lon="-137.234072"><ele>777.849</ele><time>2026-07-12T16:53:08Z</time></trkpt><trkpt lat="60.561511" lon="-137.23408"><ele>778.045</ele><time>2026-07-12T16:53:10Z</time></trkpt><trkpt lat="60.56149" lon="-137.234118"><ele>779.260</ele><time>2026-07-12T16:53:16Z</time></trkpt><trkpt lat="60.561487" lon="-137.234128"><ele>779.464</ele><time>2026-07-12T16:53:17Z</time></trkpt><trkpt lat="60.56148" lon="-137.234212"><ele>780.269</ele><time>2026-07-12T16:53:23Z</time></trkpt><trkpt lat="60.561482" lon="-137.234227"><ele>780.453</ele><time>2026-07-12T16:53:24Z</time></trkpt><trkpt lat="60.561487" lon="-137.234265"><ele>780.827</ele><time>2026-07-12T16:53:27Z</time></trkpt><trkpt lat="60.561494" lon="-137.234309"><ele>781.468</ele><time>2026-07-12T16:53:30Z</time></trkpt><trkpt lat="60.561505" lon="-137.234391"><ele>782.414</ele><time>2026-07-12T16:53:37Z</time></trkpt><trkpt lat="60.561516" lon="-137.234467"><ele>783.609</ele><time>2026-07-12T16:53:43Z</time></trkpt><trkpt lat="60.561538" lon="-137.234525"><ele>784.614</ele><time>2026-07-12T16:53:49Z</time></trkpt><trkpt lat="60.561575" lon="-137.234604"><ele>785.439</ele><time>2026-07-12T16:53:55Z</time></trkpt><trkpt lat="60.561587" lon="-137.234632"><ele>785.816</ele><time>2026-07-12T16:53:57Z</time></trkpt><trkpt lat="60.561588" lon="-137.23464"><ele>785.823</ele><time>2026-07-12T16:53:58Z</time></trkpt><trkpt lat="60.561578" lon="-137.234687"><ele>786.889</ele><time>2026-07-12T16:54:04Z</time></trkpt><trkpt lat="60.561574" lon="-137.234696"><ele>787.034</ele><time>2026-07-12T16:54:05Z</time></trkpt><trkpt lat="60.561559" lon="-137.234714"><ele>787.438</ele><time>2026-07-12T16:54:07Z</time></trkpt><trkpt lat="60.561545" lon="-137.234713"><ele>787.693</ele><time>2026-07-12T16:54:09Z</time></trkpt><trkpt lat="60.561534" lon="-137.234725"><ele>787.837</ele><time>2026-07-12T16:54:11Z</time></trkpt><trkpt lat="60.561512" lon="-137.234752"><ele>788.663</ele><time>2026-07-12T16:54:16Z</time></trkpt><trkpt lat="60.561483" lon="-137.234768"><ele>789.044</ele><time>2026-07-12T16:54:19Z</time></trkpt><trkpt lat="60.56143" lon="-137.234793"><ele>789.018</ele><time>2026-07-12T16:54:26Z</time></trkpt><trkpt lat="60.561378" lon="-137.23483"><ele>789.609</ele><time>2026-07-12T16:54:35Z</time></trkpt><trkpt lat="60.561344" lon="-137.234856"><ele>790.028</ele><time>2026-07-12T16:54:40Z</time></trkpt><trkpt lat="60.56133" lon="-137.23486"><ele>790.643</ele><time>2026-07-12T16:54:43Z</time></trkpt><trkpt lat="60.561323" lon="-137.234869"><ele>791.030</ele><time>2026-07-12T16:54:46Z</time></trkpt><trkpt lat="60.561305" lon="-137.234903"><ele>791.877</ele><time>2026-07-12T16:54:50Z</time></trkpt><trkpt lat="60.5613" lon="-137.234913"><ele>792.293</ele><time>2026-07-12T16:54:52Z</time></trkpt><trkpt lat="60.561295" lon="-137.23493"><ele>793.298</ele><time>2026-07-12T16:54:57Z</time></trkpt><trkpt lat="60.561292" lon="-137.234935"><ele>793.422</ele><time>2026-07-12T16:54:58Z</time></trkpt><trkpt lat="60.561272" lon="-137.234961"><ele>793.857</ele><time>2026-07-12T16:55:01Z</time></trkpt><trkpt lat="60.561254" lon="-137.234984"><ele>794.241</ele><time>2026-07-12T16:55:04Z</time></trkpt><trkpt lat="60.561247" lon="-137.234993"><ele>794.445</ele><time>2026-07-12T16:55:05Z</time></trkpt><trkpt lat="60.561246" lon="-137.235037"><ele>795.447</ele><time>2026-07-12T16:55:11Z</time></trkpt><trkpt lat="60.56125" lon="-137.235065"><ele>795.811</ele><time>2026-07-12T16:55:13Z</time></trkpt><trkpt lat="60.561255" lon="-137.235077"><ele>796.609</ele><time>2026-07-12T16:55:16Z</time></trkpt><trkpt lat="60.561272" lon="-137.235083"><ele>797.656</ele><time>2026-07-12T16:55:21Z</time></trkpt><trkpt lat="60.561277" lon="-137.235088"><ele>797.861</ele><time>2026-07-12T16:55:22Z</time></trkpt><trkpt lat="60.561302" lon="-137.235089"><ele>798.658</ele><time>2026-07-12T16:55:27Z</time></trkpt><trkpt lat="60.56134" lon="-137.235108"><ele>799.285</ele><time>2026-07-12T16:55:32Z</time></trkpt><trkpt lat="60.561361" lon="-137.235116"><ele>799.881</ele><time>2026-07-12T16:55:35Z</time></trkpt><trkpt lat="60.561384" lon="-137.235107"><ele>800.036</ele><time>2026-07-12T16:55:38Z</time></trkpt><trkpt lat="60.561406" lon="-137.235105"><ele>800.290</ele><time>2026-07-12T16:55:41Z</time></trkpt><trkpt lat="60.561423" lon="-137.235115"><ele>800.875</ele><time>2026-07-12T16:55:46Z</time></trkpt><trkpt lat="60.561448" lon="-137.235133"><ele>801.659</ele><time>2026-07-12T16:55:50Z</time></trkpt><trkpt lat="60.561456" lon="-137.235131"><ele>801.825</ele><time>2026-07-12T16:55:52Z</time></trkpt><trkpt lat="60.561496" lon="-137.235135"><ele>802.626</ele><time>2026-07-12T16:55:59Z</time></trkpt><trkpt lat="60.561515" lon="-137.235158"><ele>803.008</ele><time>2026-07-12T16:56:02Z</time></trkpt><trkpt lat="60.561538" lon="-137.235237"><ele>803.609</ele><time>2026-07-12T16:56:09Z</time></trkpt><trkpt lat="60.561546" lon="-137.235273"><ele>804.014</ele><time>2026-07-12T16:56:13Z</time></trkpt><trkpt lat="60.561548" lon="-137.23532"><ele>805.029</ele><time>2026-07-12T16:56:18Z</time></trkpt><trkpt lat="60.561546" lon="-137.235332"><ele>805.086</ele><time>2026-07-12T16:56:19Z</time></trkpt><trkpt lat="60.56152" lon="-137.235379"><ele>806.063</ele><time>2026-07-12T16:56:26Z</time></trkpt><trkpt lat="60.561507" lon="-137.235389"><ele>806.289</ele><time>2026-07-12T16:56:28Z</time></trkpt><trkpt lat="60.561494" lon="-137.235355"><ele>806.674</ele><time>2026-07-12T16:56:33Z</time></trkpt><trkpt lat="60.561493" lon="-137.235332"><ele>806.628</ele><time>2026-07-12T16:56:34Z</time></trkpt><trkpt lat="60.561465" lon="-137.235301"><ele>807.083</ele><time>2026-07-12T16:56:40Z</time></trkpt><trkpt lat="60.561458" lon="-137.235303"><ele>807.287</ele><time>2026-07-12T16:56:41Z</time></trkpt><trkpt lat="60.561435" lon="-137.235352"><ele>808.423</ele><time>2026-07-12T16:56:48Z</time></trkpt><trkpt lat="60.561429" lon="-137.235361"><ele>808.683</ele><time>2026-07-12T16:56:50Z</time></trkpt><trkpt lat="60.561413" lon="-137.235392"><ele>809.411</ele><time>2026-07-12T16:56:55Z</time></trkpt><trkpt lat="60.561408" lon="-137.235422"><ele>810.009</ele><time>2026-07-12T16:57:01Z</time></trkpt><trkpt lat="60.5614" lon="-137.235454"><ele>810.424</ele><time>2026-07-12T16:57:05Z</time></trkpt><trkpt lat="60.561349" lon="-137.235561"><ele>810.619</ele><time>2026-07-12T16:57:13Z</time></trkpt><trkpt lat="60.561319" lon="-137.23559"><ele>811.426</ele><time>2026-07-12T16:57:19Z</time></trkpt><trkpt lat="60.561309" lon="-137.235599"><ele>811.843</ele><time>2026-07-12T16:57:21Z</time></trkpt><trkpt lat="60.561289" lon="-137.235625"><ele>812.429</ele><time>2026-07-12T16:57:25Z</time></trkpt><trkpt lat="60.561271" lon="-137.23568"><ele>812.854</ele><time>2026-07-12T16:57:29Z</time></trkpt><trkpt lat="60.561225" lon="-137.235726"><ele>813.228</ele><time>2026-07-12T16:57:36Z</time></trkpt><trkpt lat="60.56121" lon="-137.23573"><ele>813.623</ele><time>2026-07-12T16:57:38Z</time></trkpt><trkpt lat="60.561182" lon="-137.235701"><ele>814.617</ele><time>2026-07-12T16:57:43Z</time></trkpt><trkpt lat="60.56117" lon="-137.235713"><ele>815.215</ele><time>2026-07-12T16:57:46Z</time></trkpt><trkpt lat="60.561158" lon="-137.235742"><ele>815.865</ele><time>2026-07-12T16:57:50Z</time></trkpt><trkpt lat="60.561124" lon="-137.235766"><ele>816.611</ele><time>2026-07-12T16:57:55Z</time></trkpt><trkpt lat="60.561108" lon="-137.235779"><ele>816.809</ele><time>2026-07-12T16:57:58Z</time></trkpt><trkpt lat="60.561075" lon="-137.235816"><ele>817.623</ele><time>2026-07-12T16:58:06Z</time></trkpt><trkpt lat="60.561072" lon="-137.235826"><ele>817.878</ele><time>2026-07-12T16:58:07Z</time></trkpt><trkpt lat="60.561052" lon="-137.235883"><ele>818.865</ele><time>2026-07-12T16:58:12Z</time></trkpt><trkpt lat="60.56104" lon="-137.235897"><ele>819.412</ele><time>2026-07-12T16:58:16Z</time></trkpt><trkpt lat="60.561025" lon="-137.235935"><ele>819.878</ele><time>2026-07-12T16:58:19Z</time></trkpt><trkpt lat="60.561007" lon="-137.235964"><ele>820.863</ele><time>2026-07-12T16:58:25Z</time></trkpt><trkpt lat="60.560993" lon="-137.235973"><ele>821.287</ele><time>2026-07-12T16:58:27Z</time></trkpt><trkpt lat="60.560925" lon="-137.235993"><ele>821.812</ele><time>2026-07-12T16:58:35Z</time></trkpt><trkpt lat="60.560912" lon="-137.236006"><ele>822.066</ele><time>2026-07-12T16:58:37Z</time></trkpt><trkpt lat="60.560876" lon="-137.236045"><ele>822.686</ele><time>2026-07-12T16:58:43Z</time></trkpt><trkpt lat="60.56087" lon="-137.236061"><ele>823.060</ele><time>2026-07-12T16:58:45Z</time></trkpt><trkpt lat="60.560844" lon="-137.236145"><ele>824.026</ele><time>2026-07-12T16:58:51Z</time></trkpt><trkpt lat="60.560793" lon="-137.236184"><ele>825.009</ele><time>2026-07-12T16:59:00Z</time></trkpt><trkpt lat="60.560785" lon="-137.236184"><ele>825.220</ele><time>2026-07-12T16:59:01Z</time></trkpt><trkpt lat="60.560736" lon="-137.236192"><ele>826.245</ele><time>2026-07-12T16:59:06Z</time></trkpt><trkpt lat="60.560732" lon="-137.236197"><ele>826.432</ele><time>2026-07-12T16:59:07Z</time></trkpt><trkpt lat="60.56071" lon="-137.236219"><ele>827.279</ele><time>2026-07-12T16:59:12Z</time></trkpt><trkpt lat="60.560689" lon="-137.236256"><ele>828.265</ele><time>2026-07-12T16:59:17Z</time></trkpt><trkpt lat="60.560674" lon="-137.236318"><ele>829.260</ele><time>2026-07-12T16:59:23Z</time></trkpt><trkpt lat="60.560658" lon="-137.236384"><ele>830.094</ele><time>2026-07-12T16:59:29Z</time></trkpt><trkpt lat="60.56064" lon="-137.236412"><ele>830.429</ele><time>2026-07-12T16:59:32Z</time></trkpt><trkpt lat="60.560614" lon="-137.236434"><ele>831.223</ele><time>2026-07-12T16:59:37Z</time></trkpt><trkpt lat="60.56061" lon="-137.236452"><ele>831.466</ele><time>2026-07-12T16:59:39Z</time></trkpt><trkpt lat="60.560581" lon="-137.236519"><ele>832.429</ele><time>2026-07-12T16:59:47Z</time></trkpt><trkpt lat="60.560571" lon="-137.236527"><ele>833.621</ele><time>2026-07-12T16:59:52Z</time></trkpt><trkpt lat="60.560583" lon="-137.236472"><ele>834.609</ele><time>2026-07-12T16:59:57Z</time></trkpt><trkpt lat="60.560575" lon="-137.236397"><ele>835.878</ele><time>2026-07-12T17:00:04Z</time></trkpt><trkpt lat="60.560562" lon="-137.236388"><ele>836.273</ele><time>2026-07-12T17:00:07Z</time></trkpt><trkpt lat="60.560536" lon="-137.236356"><ele>836.890</ele><time>2026-07-12T17:00:11Z</time></trkpt><trkpt lat="60.560527" lon="-137.236303"><ele>837.637</ele><time>2026-07-12T17:00:15Z</time></trkpt><trkpt lat="60.56051" lon="-137.236292"><ele>837.843</ele><time>2026-07-12T17:00:19Z</time></trkpt><trkpt lat="60.560513" lon="-137.236329"><ele>838.468</ele><time>2026-07-12T17:00:22Z</time></trkpt><trkpt lat="60.560513" lon="-137.236378"><ele>839.022</ele><time>2026-07-12T17:00:26Z</time></trkpt><trkpt lat="60.560499" lon="-137.236459"><ele>839.837</ele><time>2026-07-12T17:00:33Z</time></trkpt><trkpt lat="60.560498" lon="-137.23649"><ele>840.071</ele><time>2026-07-12T17:00:35Z</time></trkpt><trkpt lat="60.560458" lon="-137.236519"><ele>841.229</ele><time>2026-07-12T17:00:43Z</time></trkpt><trkpt lat="60.56042" lon="-137.236485"><ele>842.400</ele><time>2026-07-12T17:00:50Z</time></trkpt><trkpt lat="60.560397" lon="-137.2365"><ele>843.420</ele><time>2026-07-12T17:00:56Z</time></trkpt><trkpt lat="60.560394" lon="-137.236504"><ele>843.409</ele><time>2026-07-12T17:00:57Z</time></trkpt><trkpt lat="60.560382" lon="-137.236571"><ele>844.644</ele><time>2026-07-12T17:01:05Z</time></trkpt><trkpt lat="60.560379" lon="-137.236582"><ele>845.029</ele><time>2026-07-12T17:01:07Z</time></trkpt><trkpt lat="60.560371" lon="-137.236575"><ele>845.846</ele><time>2026-07-12T17:01:14Z</time></trkpt><trkpt lat="60.560356" lon="-137.23657"><ele>846.633</ele><time>2026-07-12T17:01:18Z</time></trkpt><trkpt lat="60.560351" lon="-137.236559"><ele>846.829</ele><time>2026-07-12T17:01:20Z</time></trkpt><trkpt lat="60.560298" lon="-137.23649"><ele>848.054</ele><time>2026-07-12T17:01:29Z</time></trkpt><trkpt lat="60.560275" lon="-137.236512"><ele>849.078</ele><time>2026-07-12T17:01:35Z</time></trkpt><trkpt lat="60.560272" lon="-137.236519"><ele>849.293</ele><time>2026-07-12T17:01:36Z</time></trkpt><trkpt lat="60.560278" lon="-137.236586"><ele>850.217</ele><time>2026-07-12T17:01:42Z</time></trkpt><trkpt lat="60.560278" lon="-137.236593"><ele>850.423</ele><time>2026-07-12T17:01:43Z</time></trkpt><trkpt lat="60.560269" lon="-137.236634"><ele>851.483</ele><time>2026-07-12T17:01:49Z</time></trkpt><trkpt lat="60.560264" lon="-137.236624"><ele>851.611</ele><time>2026-07-12T17:01:51Z</time></trkpt><trkpt lat="60.56022" lon="-137.236569"><ele>852.409</ele><time>2026-07-12T17:01:59Z</time></trkpt><trkpt lat="60.560198" lon="-137.236563"><ele>852.654</ele><time>2026-07-12T17:02:02Z</time></trkpt><trkpt lat="60.560166" lon="-137.236568"><ele>853.479</ele><time>2026-07-12T17:02:08Z</time></trkpt><trkpt lat="60.560167" lon="-137.236572"><ele>853.666</ele><time>2026-07-12T17:02:10Z</time></trkpt><trkpt lat="60.560172" lon="-137.23659"><ele>853.433</ele><time>2026-07-12T17:02:23Z</time></trkpt><trkpt lat="60.560155" lon="-137.236585"><ele>853.689</ele><time>2026-07-12T17:02:35Z</time></trkpt><trkpt lat="60.560149" lon="-137.236595"><ele>853.634</ele><time>2026-07-12T17:02:40Z</time></trkpt><trkpt lat="60.560151" lon="-137.236605"><ele>854.018</ele><time>2026-07-12T17:02:44Z</time></trkpt><trkpt lat="60.560153" lon="-137.236632"><ele>854.413</ele><time>2026-07-12T17:02:47Z</time></trkpt><trkpt lat="60.560162" lon="-137.236672"><ele>854.877</ele><time>2026-07-12T17:02:50Z</time></trkpt><trkpt lat="60.560164" lon="-137.236683"><ele>855.095</ele><time>2026-07-12T17:02:51Z</time></trkpt><trkpt lat="60.560167" lon="-137.236708"><ele>855.449</ele><time>2026-07-12T17:02:53Z</time></trkpt><trkpt lat="60.560167" lon="-137.236724"><ele>855.623</ele><time>2026-07-12T17:02:54Z</time></trkpt><trkpt lat="60.560172" lon="-137.236759"><ele>856.209</ele><time>2026-07-12T17:02:58Z</time></trkpt><trkpt lat="60.560184" lon="-137.236789"><ele>856.641</ele><time>2026-07-12T17:03:00Z</time></trkpt><trkpt lat="60.560211" lon="-137.236831"><ele>856.266</ele><time>2026-07-12T17:03:06Z</time></trkpt><trkpt lat="60.560213" lon="-137.236912"><ele>856.653</ele><time>2026-07-12T17:03:11Z</time></trkpt><trkpt lat="60.560212" lon="-137.236919"><ele>856.690</ele><time>2026-07-12T17:03:12Z</time></trkpt><trkpt lat="60.56021" lon="-137.236931"><ele>856.846</ele><time>2026-07-12T17:03:13Z</time></trkpt><trkpt lat="60.560219" lon="-137.237037"><ele>857.231</ele><time>2026-07-12T17:03:21Z</time></trkpt><trkpt lat="60.560225" lon="-137.237105"><ele>857.635</ele><time>2026-07-12T17:03:26Z</time></trkpt><trkpt lat="60.560224" lon="-137.237113"><ele>857.820</ele><time>2026-07-12T17:03:27Z</time></trkpt><trkpt lat="60.560223" lon="-137.237114"><ele>858.024</ele><time>2026-07-12T17:03:29Z</time></trkpt><trkpt lat="60.560223" lon="-137.237112"><ele>858.011</ele><time>2026-07-12T17:03:30Z</time></trkpt><trkpt lat="60.560214" lon="-137.23711"><ele>858.421</ele><time>2026-07-12T17:03:38Z</time></trkpt><trkpt lat="60.560198" lon="-137.23709"><ele>858.603</ele><time>2026-07-12T17:03:40Z</time></trkpt><trkpt lat="60.560169" lon="-137.237104"><ele>859.809</ele><time>2026-07-12T17:03:46Z</time></trkpt><trkpt lat="60.560139" lon="-137.237126"><ele>861.083</ele><time>2026-07-12T17:03:53Z</time></trkpt><trkpt lat="60.560135" lon="-137.237131"><ele>861.268</ele><time>2026-07-12T17:03:54Z</time></trkpt><trkpt lat="60.56011" lon="-137.237148"><ele>862.095</ele><time>2026-07-12T17:04:00Z</time></trkpt><trkpt lat="60.560102" lon="-137.237146"><ele>862.252</ele><time>2026-07-12T17:04:01Z</time></trkpt><trkpt lat="60.560078" lon="-137.237139"><ele>863.218</ele><time>2026-07-12T17:04:06Z</time></trkpt><trkpt lat="60.560076" lon="-137.237154"><ele>864.063</ele><time>2026-07-12T17:04:10Z</time></trkpt><trkpt lat="60.560072" lon="-137.237159"><ele>864.217</ele><time>2026-07-12T17:04:11Z</time></trkpt><trkpt lat="60.560054" lon="-137.23717"><ele>865.262</ele><time>2026-07-12T17:04:17Z</time></trkpt><trkpt lat="60.56005" lon="-137.237168"><ele>865.426</ele><time>2026-07-12T17:04:18Z</time></trkpt><trkpt lat="60.560023" lon="-137.237169"><ele>866.456</ele><time>2026-07-12T17:04:24Z</time></trkpt><trkpt lat="60.560025" lon="-137.237169"><ele>866.459</ele><time>2026-07-12T17:04:25Z</time></trkpt><trkpt lat="60.560021" lon="-137.237174"><ele>866.414</ele><time>2026-07-12T17:04:32Z</time></trkpt><trkpt lat="60.560021" lon="-137.237174"><ele>866.409</ele><time>2026-07-12T17:04:33Z</time></trkpt><trkpt lat="60.560021" lon="-137.237174"><ele>866.447</ele><time>2026-07-12T17:04:34Z</time></trkpt><trkpt lat="60.560001" lon="-137.237232"><ele>867.012</ele><time>2026-07-12T17:04:41Z</time></trkpt><trkpt lat="60.559986" lon="-137.237354"><ele>866.839</ele><time>2026-07-12T17:04:48Z</time></trkpt><trkpt lat="60.559989" lon="-137.237391"><ele>867.676</ele><time>2026-07-12T17:04:53Z</time></trkpt><trkpt lat="60.559975" lon="-137.237438"><ele>868.492</ele><time>2026-07-12T17:04:58Z</time></trkpt><trkpt lat="60.559972" lon="-137.237453"><ele>868.657</ele><time>2026-07-12T17:04:59Z</time></trkpt><trkpt lat="60.559963" lon="-137.237484"><ele>869.031</ele><time>2026-07-12T17:05:02Z</time></trkpt><trkpt lat="60.559949" lon="-137.237514"><ele>869.686</ele><time>2026-07-12T17:05:05Z</time></trkpt><trkpt lat="60.559934" lon="-137.237506"><ele>870.260</ele><time>2026-07-12T17:05:08Z</time></trkpt><trkpt lat="60.55991" lon="-137.237498"><ele>870.857</ele><time>2026-07-12T17:05:13Z</time></trkpt><trkpt lat="60.559902" lon="-137.237462"><ele>871.400</ele><time>2026-07-12T17:05:17Z</time></trkpt><trkpt lat="60.559901" lon="-137.237454"><ele>871.620</ele><time>2026-07-12T17:05:18Z</time></trkpt><trkpt lat="60.5599" lon="-137.237442"><ele>871.809</ele><time>2026-07-12T17:05:19Z</time></trkpt><trkpt lat="60.559888" lon="-137.237391"><ele>872.877</ele><time>2026-07-12T17:05:26Z</time></trkpt><trkpt lat="60.559872" lon="-137.237353"><ele>873.832</ele><time>2026-07-12T17:05:33Z</time></trkpt><trkpt lat="60.55987" lon="-137.237357"><ele>874.099</ele><time>2026-07-12T17:05:34Z</time></trkpt><trkpt lat="60.559862" lon="-137.237369"><ele>874.466</ele><time>2026-07-12T17:05:38Z</time></trkpt><trkpt lat="60.559853" lon="-137.237374"><ele>874.612</ele><time>2026-07-12T17:05:40Z</time></trkpt><trkpt lat="60.559842" lon="-137.237363"><ele>875.067</ele><time>2026-07-12T17:05:43Z</time></trkpt><trkpt lat="60.559832" lon="-137.237343"><ele>875.821</ele><time>2026-07-12T17:05:47Z</time></trkpt><trkpt lat="60.559827" lon="-137.237339"><ele>876.216</ele><time>2026-07-12T17:05:49Z</time></trkpt><trkpt lat="60.559814" lon="-137.23735"><ele>877.210</ele><time>2026-07-12T17:05:55Z</time></trkpt><trkpt lat="60.559804" lon="-137.23735"><ele>877.433</ele><time>2026-07-12T17:05:57Z</time></trkpt><trkpt lat="60.559792" lon="-137.237301"><ele>878.423</ele><time>2026-07-12T17:06:03Z</time></trkpt><trkpt lat="60.559785" lon="-137.2373"><ele>878.615</ele><time>2026-07-12T17:06:05Z</time></trkpt><trkpt lat="60.559778" lon="-137.237342"><ele>879.409</ele><time>2026-07-12T17:06:10Z</time></trkpt><trkpt lat="60.559769" lon="-137.237356"><ele>879.635</ele><time>2026-07-12T17:06:12Z</time></trkpt><trkpt lat="60.559768" lon="-137.237391"><ele>880.410</ele><time>2026-07-12T17:06:17Z</time></trkpt><trkpt lat="60.559773" lon="-137.237404"><ele>880.897</ele><time>2026-07-12T17:06:20Z</time></trkpt><trkpt lat="60.559768" lon="-137.237457"><ele>881.654</ele><time>2026-07-12T17:06:27Z</time></trkpt><trkpt lat="60.559765" lon="-137.237459"><ele>881.810</ele><time>2026-07-12T17:06:29Z</time></trkpt><trkpt lat="60.55974" lon="-137.237457"><ele>882.685</ele><time>2026-07-12T17:06:37Z</time></trkpt><trkpt lat="60.559737" lon="-137.237464"><ele>882.649</ele><time>2026-07-12T17:06:38Z</time></trkpt><trkpt lat="60.559725" lon="-137.237493"><ele>883.434</ele><time>2026-07-12T17:06:45Z</time></trkpt><trkpt lat="60.559722" lon="-137.237498"><ele>883.628</ele><time>2026-07-12T17:06:46Z</time></trkpt><trkpt lat="60.559709" lon="-137.23752"><ele>884.242</ele><time>2026-07-12T17:06:52Z</time></trkpt><trkpt lat="60.559703" lon="-137.237535"><ele>884.622</ele><time>2026-07-12T17:06:55Z</time></trkpt><trkpt lat="60.55969" lon="-137.237566"><ele>885.414</ele><time>2026-07-12T17:07:00Z</time></trkpt><trkpt lat="60.559685" lon="-137.237579"><ele>885.809</ele><time>2026-07-12T17:07:02Z</time></trkpt><trkpt lat="60.559675" lon="-137.237599"><ele>886.236</ele><time>2026-07-12T17:07:07Z</time></trkpt><trkpt lat="60.559666" lon="-137.23762"><ele>886.871</ele><time>2026-07-12T17:07:10Z</time></trkpt><trkpt lat="60.559654" lon="-137.237649"><ele>887.428</ele><time>2026-07-12T17:07:14Z</time></trkpt><trkpt lat="60.559645" lon="-137.237659"><ele>888.045</ele><time>2026-07-12T17:07:17Z</time></trkpt><trkpt lat="60.559615" lon="-137.237683"><ele>888.441</ele><time>2026-07-12T17:07:24Z</time></trkpt><trkpt lat="60.559604" lon="-137.237699"><ele>889.026</ele><time>2026-07-12T17:07:27Z</time></trkpt><trkpt lat="60.559601" lon="-137.237742"><ele>889.460</ele><time>2026-07-12T17:07:31Z</time></trkpt><trkpt lat="60.559585" lon="-137.237819"><ele>890.045</ele><time>2026-07-12T17:07:39Z</time></trkpt><trkpt lat="60.559587" lon="-137.23784"><ele>890.439</ele><time>2026-07-12T17:07:41Z</time></trkpt><trkpt lat="60.55958" lon="-137.237876"><ele>891.256</ele><time>2026-07-12T17:07:47Z</time></trkpt><trkpt lat="60.559583" lon="-137.2379"><ele>891.459</ele><time>2026-07-12T17:07:49Z</time></trkpt><trkpt lat="60.559582" lon="-137.237941"><ele>892.214</ele><time>2026-07-12T17:07:53Z</time></trkpt><trkpt lat="60.559573" lon="-137.237971"><ele>893.209</ele><time>2026-07-12T17:07:57Z</time></trkpt><trkpt lat="60.55957" lon="-137.237971"><ele>893.437</ele><time>2026-07-12T17:07:58Z</time></trkpt><trkpt lat="60.559557" lon="-137.237978"><ele>894.462</ele><time>2026-07-12T17:08:04Z</time></trkpt><trkpt lat="60.559527" lon="-137.237965"><ele>895.449</ele><time>2026-07-12T17:08:11Z</time></trkpt><trkpt lat="60.559522" lon="-137.237954"><ele>895.636</ele><time>2026-07-12T17:08:12Z</time></trkpt><trkpt lat="60.55952" lon="-137.237947"><ele>895.642</ele><time>2026-07-12T17:08:13Z</time></trkpt><trkpt lat="60.559485" lon="-137.237928"><ele>896.297</ele><time>2026-07-12T17:08:21Z</time></trkpt><trkpt lat="60.559469" lon="-137.237905"><ele>896.671</ele><time>2026-07-12T17:08:26Z</time></trkpt><trkpt lat="60.559463" lon="-137.237901"><ele>896.816</ele><time>2026-07-12T17:08:28Z</time></trkpt><trkpt lat="60.559452" lon="-137.237873"><ele>897.610</ele><time>2026-07-12T17:08:34Z</time></trkpt><trkpt lat="60.559448" lon="-137.237865"><ele>897.641</ele><time>2026-07-12T17:08:35Z</time></trkpt><trkpt lat="60.559432" lon="-137.237833"><ele>898.881</ele><time>2026-07-12T17:08:41Z</time></trkpt><trkpt lat="60.559432" lon="-137.237829"><ele>898.809</ele><time>2026-07-12T17:08:42Z</time></trkpt><trkpt lat="60.559421" lon="-137.2378"><ele>899.809</ele><time>2026-07-12T17:08:48Z</time></trkpt><trkpt lat="60.559422" lon="-137.237788"><ele>900.216</ele><time>2026-07-12T17:08:50Z</time></trkpt><trkpt lat="60.559416" lon="-137.237767"><ele>900.891</ele><time>2026-07-12T17:08:55Z</time></trkpt><trkpt lat="60.559412" lon="-137.237772"><ele>901.098</ele><time>2026-07-12T17:08:56Z</time></trkpt><trkpt lat="60.559411" lon="-137.237774"><ele>901.295</ele><time>2026-07-12T17:08:57Z</time></trkpt><trkpt lat="60.559398" lon="-137.23777"><ele>901.821</ele><time>2026-07-12T17:09:03Z</time></trkpt><trkpt lat="60.559396" lon="-137.237764"><ele>902.066</ele><time>2026-07-12T17:09:05Z</time></trkpt><trkpt lat="60.559377" lon="-137.23775"><ele>902.850</ele><time>2026-07-12T17:09:11Z</time></trkpt><trkpt lat="60.559369" lon="-137.237757"><ele>903.215</ele><time>2026-07-12T17:09:13Z</time></trkpt><trkpt lat="60.55936" lon="-137.237773"><ele>903.879</ele><time>2026-07-12T17:09:16Z</time></trkpt><trkpt lat="60.559354" lon="-137.237803"><ele>904.446</ele><time>2026-07-12T17:09:19Z</time></trkpt><trkpt lat="60.559339" lon="-137.237827"><ele>905.288</ele><time>2026-07-12T17:09:26Z</time></trkpt><trkpt lat="60.559335" lon="-137.237827"><ele>905.416</ele><time>2026-07-12T17:09:28Z</time></trkpt><trkpt lat="60.559329" lon="-137.23785"><ele>906.409</ele><time>2026-07-12T17:09:37Z</time></trkpt><trkpt lat="60.559322" lon="-137.237859"><ele>906.416</ele><time>2026-07-12T17:09:39Z</time></trkpt><trkpt lat="60.55928" lon="-137.237882"><ele>907.421</ele><time>2026-07-12T17:09:46Z</time></trkpt><trkpt lat="60.559281" lon="-137.237875"><ele>907.628</ele><time>2026-07-12T17:09:47Z</time></trkpt><trkpt lat="60.559298" lon="-137.237835"><ele>908.495</ele><time>2026-07-12T17:09:54Z</time></trkpt><trkpt lat="60.559298" lon="-137.237826"><ele>908.651</ele><time>2026-07-12T17:09:55Z</time></trkpt><trkpt lat="60.559281" lon="-137.237821"><ele>909.256</ele><time>2026-07-12T17:10:01Z</time></trkpt><trkpt lat="60.559277" lon="-137.237825"><ele>909.640</ele><time>2026-07-12T17:10:04Z</time></trkpt><trkpt lat="60.559263" lon="-137.237809"><ele>910.225</ele><time>2026-07-12T17:10:09Z</time></trkpt><trkpt lat="60.559264" lon="-137.237793"><ele>910.879</ele><time>2026-07-12T17:10:12Z</time></trkpt><trkpt lat="60.559252" lon="-137.237764"><ele>911.437</ele><time>2026-07-12T17:10:16Z</time></trkpt><trkpt lat="60.559254" lon="-137.237751"><ele>911.849</ele><time>2026-07-12T17:10:20Z</time></trkpt><trkpt lat="60.559261" lon="-137.237764"><ele>911.613</ele><time>2026-07-12T17:10:24Z</time></trkpt><trkpt lat="60.559248" lon="-137.237773"><ele>911.809</ele><time>2026-07-12T17:10:33Z</time></trkpt><trkpt lat="60.559233" lon="-137.237829"><ele>912.815</ele><time>2026-07-12T17:10:41Z</time></trkpt><trkpt lat="60.559231" lon="-137.23784"><ele>913.040</ele><time>2026-07-12T17:10:42Z</time></trkpt><trkpt lat="60.559224" lon="-137.237848"><ele>913.257</ele><time>2026-07-12T17:10:44Z</time></trkpt><trkpt lat="60.559208" lon="-137.237861"><ele>914.034</ele><time>2026-07-12T17:10:48Z</time></trkpt><trkpt lat="60.559206" lon="-137.237847"><ele>914.270</ele><time>2026-07-12T17:10:50Z</time></trkpt><trkpt lat="60.559195" lon="-137.23779"><ele>915.035</ele><time>2026-07-12T17:10:56Z</time></trkpt><trkpt lat="60.559193" lon="-137.237778"><ele>915.269</ele><time>2026-07-12T17:10:57Z</time></trkpt><trkpt lat="60.559177" lon="-137.237733"><ele>916.284</ele><time>2026-07-12T17:11:03Z</time></trkpt><trkpt lat="60.55916" lon="-137.237718"><ele>916.828</ele><time>2026-07-12T17:11:07Z</time></trkpt><trkpt lat="60.559154" lon="-137.237709"><ele>917.271</ele><time>2026-07-12T17:11:10Z</time></trkpt><trkpt lat="60.559144" lon="-137.237698"><ele>917.641</ele><time>2026-07-12T17:11:13Z</time></trkpt><trkpt lat="60.559134" lon="-137.237684"><ele>918.015</ele><time>2026-07-12T17:11:16Z</time></trkpt><trkpt lat="60.559131" lon="-137.237672"><ele>918.409</ele><time>2026-07-12T17:11:18Z</time></trkpt><trkpt lat="60.559129" lon="-137.237664"><ele>918.669</ele><time>2026-07-12T17:11:20Z</time></trkpt><trkpt lat="60.559103" lon="-137.237657"><ele>919.294</ele><time>2026-07-12T17:11:25Z</time></trkpt><trkpt lat="60.559099" lon="-137.237659"><ele>919.471</ele><time>2026-07-12T17:11:26Z</time></trkpt><trkpt lat="60.559079" lon="-137.237633"><ele>920.478</ele><time>2026-07-12T17:11:33Z</time></trkpt><trkpt lat="60.559055" lon="-137.237644"><ele>921.654</ele><time>2026-07-12T17:11:41Z</time></trkpt><trkpt lat="60.559073" lon="-137.237731"><ele>922.479</ele><time>2026-07-12T17:11:50Z</time></trkpt><trkpt lat="60.559073" lon="-137.23775"><ele>922.673</ele><time>2026-07-12T17:11:52Z</time></trkpt><trkpt lat="60.559061" lon="-137.237809"><ele>923.828</ele><time>2026-07-12T17:12:00Z</time></trkpt><trkpt lat="60.559037" lon="-137.237825"><ele>924.662</ele><time>2026-07-12T17:12:06Z</time></trkpt><trkpt lat="60.559031" lon="-137.237814"><ele>924.823</ele><time>2026-07-12T17:12:08Z</time></trkpt><trkpt lat="60.559017" lon="-137.237795"><ele>925.883</ele><time>2026-07-12T17:12:13Z</time></trkpt><trkpt lat="60.559014" lon="-137.237786"><ele>926.011</ele><time>2026-07-12T17:12:14Z</time></trkpt><trkpt lat="60.558984" lon="-137.237809"><ele>927.009</ele><time>2026-07-12T17:12:21Z</time></trkpt><trkpt lat="60.558964" lon="-137.237813"><ele>927.894</ele><time>2026-07-12T17:12:28Z</time></trkpt><trkpt lat="60.558958" lon="-137.237838"><ele>928.289</ele><time>2026-07-12T17:12:30Z</time></trkpt><trkpt lat="60.558964" lon="-137.23792"><ele>928.816</ele><time>2026-07-12T17:12:36Z</time></trkpt><trkpt lat="60.558958" lon="-137.237965"><ele>929.293</ele><time>2026-07-12T17:12:41Z</time></trkpt><trkpt lat="60.558955" lon="-137.238003"><ele>929.849</ele><time>2026-07-12T17:12:45Z</time></trkpt><trkpt lat="60.558939" lon="-137.238039"><ele>930.454</ele><time>2026-07-12T17:12:49Z</time></trkpt><trkpt lat="60.558927" lon="-137.238055"><ele>930.828</ele><time>2026-07-12T17:12:52Z</time></trkpt><trkpt lat="60.558919" lon="-137.23807"><ele>931.423</ele><time>2026-07-12T17:12:56Z</time></trkpt><trkpt lat="60.558908" lon="-137.238076"><ele>932.037</ele><time>2026-07-12T17:13:00Z</time></trkpt><trkpt lat="60.558898" lon="-137.238085"><ele>932.429</ele><time>2026-07-12T17:13:03Z</time></trkpt><trkpt lat="60.55888" lon="-137.238059"><ele>933.200</ele><time>2026-07-12T17:13:08Z</time></trkpt><trkpt lat="60.55887" lon="-137.238045"><ele>933.620</ele><time>2026-07-12T17:13:12Z</time></trkpt><trkpt lat="60.558849" lon="-137.238029"><ele>934.009</ele><time>2026-07-12T17:13:16Z</time></trkpt><trkpt lat="60.558829" lon="-137.238037"><ele>934.664</ele><time>2026-07-12T17:13:21Z</time></trkpt><trkpt lat="60.55882" lon="-137.238056"><ele>935.059</ele><time>2026-07-12T17:13:24Z</time></trkpt><trkpt lat="60.558797" lon="-137.238053"><ele>935.876</ele><time>2026-07-12T17:13:29Z</time></trkpt><trkpt lat="60.558784" lon="-137.238042"><ele>936.073</ele><time>2026-07-12T17:13:32Z</time></trkpt><trkpt lat="60.558766" lon="-137.238058"><ele>936.889</ele><time>2026-07-12T17:13:38Z</time></trkpt><trkpt lat="60.558765" lon="-137.238052"><ele>937.084</ele><time>2026-07-12T17:13:39Z</time></trkpt><trkpt lat="60.55873" lon="-137.238054"><ele>937.848</ele><time>2026-07-12T17:13:45Z</time></trkpt><trkpt lat="60.558727" lon="-137.238051"><ele>938.093</ele><time>2026-07-12T17:13:46Z</time></trkpt><trkpt lat="60.558721" lon="-137.238087"><ele>938.867</ele><time>2026-07-12T17:13:52Z</time></trkpt><trkpt lat="60.558725" lon="-137.238095"><ele>939.069</ele><time>2026-07-12T17:13:53Z</time></trkpt><trkpt lat="60.558709" lon="-137.238132"><ele>940.004</ele><time>2026-07-12T17:14:00Z</time></trkpt><trkpt lat="60.558707" lon="-137.238128"><ele>940.024</ele><time>2026-07-12T17:14:01Z</time></trkpt><trkpt lat="60.55867" lon="-137.238105"><ele>941.009</ele><time>2026-07-12T17:14:08Z</time></trkpt><trkpt lat="60.558671" lon="-137.238102"><ele>941.248</ele><time>2026-07-12T17:14:09Z</time></trkpt><trkpt lat="60.55864" lon="-137.238102"><ele>941.823</ele><time>2026-07-12T17:14:15Z</time></trkpt><trkpt lat="60.558638" lon="-137.238097"><ele>942.090</ele><time>2026-07-12T17:14:16Z</time></trkpt><trkpt lat="60.558637" lon="-137.238103"><ele>942.257</ele><time>2026-07-12T17:14:17Z</time></trkpt><trkpt lat="60.558647" lon="-137.238139"><ele>943.043</ele><time>2026-07-12T17:14:24Z</time></trkpt><trkpt lat="60.558643" lon="-137.238146"><ele>943.278</ele><time>2026-07-12T17:14:25Z</time></trkpt><trkpt lat="60.55863" lon="-137.238179"><ele>944.232</ele><time>2026-07-12T17:14:31Z</time></trkpt><trkpt lat="60.558638" lon="-137.238193"><ele>944.427</ele><time>2026-07-12T17:14:34Z</time></trkpt><trkpt lat="60.558641" lon="-137.238286"><ele>945.021</ele><time>2026-07-12T17:14:42Z</time></trkpt><trkpt lat="60.558643" lon="-137.238339"><ele>945.232</ele><time>2026-07-12T17:14:48Z</time></trkpt><trkpt lat="60.558641" lon="-137.238351"><ele>945.292</ele><time>2026-07-12T17:14:49Z</time></trkpt><trkpt lat="60.558625" lon="-137.23841"><ele>945.811</ele><time>2026-07-12T17:14:57Z</time></trkpt><trkpt lat="60.558614" lon="-137.238451"><ele>946.409</ele><time>2026-07-12T17:15:00Z</time></trkpt><trkpt lat="60.558607" lon="-137.23846"><ele>946.825</ele><time>2026-07-12T17:15:03Z</time></trkpt><trkpt lat="60.558589" lon="-137.238461"><ele>947.240</ele><time>2026-07-12T17:15:08Z</time></trkpt><trkpt lat="60.558591" lon="-137.238451"><ele>947.497</ele><time>2026-07-12T17:15:09Z</time></trkpt><trkpt lat="60.55859" lon="-137.238431"><ele>948.064</ele><time>2026-07-12T17:15:12Z</time></trkpt><trkpt lat="60.558588" lon="-137.238408"><ele>948.410</ele><time>2026-07-12T17:15:16Z</time></trkpt><trkpt lat="60.55856" lon="-137.238353"><ele>949.465</ele><time>2026-07-12T17:15:23Z</time></trkpt><trkpt lat="60.558558" lon="-137.238356"><ele>949.619</ele><time>2026-07-12T17:15:24Z</time></trkpt><trkpt lat="60.558539" lon="-137.238409"><ele>950.694</ele><time>2026-07-12T17:15:31Z</time></trkpt><trkpt lat="60.558536" lon="-137.238404"><ele>950.698</ele><time>2026-07-12T17:15:32Z</time></trkpt><trkpt lat="60.558517" lon="-137.238367"><ele>951.612</ele><time>2026-07-12T17:15:38Z</time></trkpt><trkpt lat="60.558515" lon="-137.238362"><ele>951.632</ele><time>2026-07-12T17:15:39Z</time></trkpt><trkpt lat="60.558503" lon="-137.238388"><ele>952.605</ele><time>2026-07-12T17:15:48Z</time></trkpt><trkpt lat="60.5585" lon="-137.238386"><ele>952.809</ele><time>2026-07-12T17:15:49Z</time></trkpt><trkpt lat="60.558474" lon="-137.238359"><ele>953.823</ele><time>2026-07-12T17:15:55Z</time></trkpt><trkpt lat="60.558466" lon="-137.238359"><ele>954.038</ele><time>2026-07-12T17:15:56Z</time></trkpt><trkpt lat="60.558431" lon="-137.238369"><ele>955.045</ele><time>2026-07-12T17:16:03Z</time></trkpt><trkpt lat="60.558423" lon="-137.238366"><ele>955.282</ele><time>2026-07-12T17:16:04Z</time></trkpt><trkpt lat="60.558412" lon="-137.238318"><ele>956.018</ele><time>2026-07-12T17:16:11Z</time></trkpt><trkpt lat="60.558409" lon="-137.238315"><ele>956.263</ele><time>2026-07-12T17:16:12Z</time></trkpt><trkpt lat="60.558387" lon="-137.238282"><ele>957.217</ele><time>2026-07-12T17:16:19Z</time></trkpt><trkpt lat="60.55837" lon="-137.23826"><ele>958.292</ele><time>2026-07-12T17:16:28Z</time></trkpt><trkpt lat="60.558367" lon="-137.238261"><ele>958.496</ele><time>2026-07-12T17:16:29Z</time></trkpt><trkpt lat="60.558372" lon="-137.238271"><ele>958.882</ele><time>2026-07-12T17:16:36Z</time></trkpt><trkpt lat="60.558372" lon="-137.238268"><ele>958.643</ele><time>2026-07-12T17:16:45Z</time></trkpt><trkpt lat="60.558367" lon="-137.238259"><ele>958.817</ele><time>2026-07-12T17:16:48Z</time></trkpt><trkpt lat="60.55835" lon="-137.238232"><ele>959.409</ele><time>2026-07-12T17:16:52Z</time></trkpt><trkpt lat="60.558344" lon="-137.238217"><ele>959.870</ele><time>2026-07-12T17:16:55Z</time></trkpt><trkpt lat="60.558332" lon="-137.238193"><ele>960.415</ele><time>2026-07-12T17:16:59Z</time></trkpt><trkpt lat="60.558328" lon="-137.238187"><ele>960.842</ele><time>2026-07-12T17:17:01Z</time></trkpt><trkpt lat="60.558326" lon="-137.238183"><ele>961.249</ele><time>2026-07-12T17:17:03Z</time></trkpt><trkpt lat="60.558315" lon="-137.238171"><ele>961.645</ele><time>2026-07-12T17:17:06Z</time></trkpt><trkpt lat="60.558312" lon="-137.238153"><ele>962.230</ele><time>2026-07-12T17:17:09Z</time></trkpt><trkpt lat="60.558308" lon="-137.238125"><ele>962.814</ele><time>2026-07-12T17:17:12Z</time></trkpt><trkpt lat="60.558286" lon="-137.238084"><ele>964.059</ele><time>2026-07-12T17:17:18Z</time></trkpt><trkpt lat="60.558276" lon="-137.238114"><ele>965.033</ele><time>2026-07-12T17:17:23Z</time></trkpt><trkpt lat="60.558272" lon="-137.238118"><ele>965.099</ele><time>2026-07-12T17:17:24Z</time></trkpt><trkpt lat="60.558256" lon="-137.238148"><ele>966.207</ele><time>2026-07-12T17:17:30Z</time></trkpt><trkpt lat="60.558249" lon="-137.238165"><ele>966.627</ele><time>2026-07-12T17:17:32Z</time></trkpt><trkpt lat="60.558237" lon="-137.23817"><ele>967.209</ele><time>2026-07-12T17:17:36Z</time></trkpt><trkpt lat="60.558222" lon="-137.238161"><ele>967.871</ele><time>2026-07-12T17:17:40Z</time></trkpt><trkpt lat="60.55821" lon="-137.238147"><ele>968.426</ele><time>2026-07-12T17:17:43Z</time></trkpt><trkpt lat="60.558205" lon="-137.238142"><ele>969.453</ele><time>2026-07-12T17:17:47Z</time></trkpt><trkpt lat="60.558205" lon="-137.238148"><ele>969.820</ele><time>2026-07-12T17:17:49Z</time></trkpt><trkpt lat="60.558172" lon="-137.23811"><ele>970.456</ele><time>2026-07-12T17:17:54Z</time></trkpt><trkpt lat="60.558167" lon="-137.238109"><ele>970.661</ele><time>2026-07-12T17:17:55Z</time></trkpt><trkpt lat="60.558162" lon="-137.238112"><ele>970.845</ele><time>2026-07-12T17:17:58Z</time></trkpt><trkpt lat="60.55815" lon="-137.238106"><ele>971.420</ele><time>2026-07-12T17:18:03Z</time></trkpt><trkpt lat="60.558132" lon="-137.238074"><ele>972.424</ele><time>2026-07-12T17:18:09Z</time></trkpt><trkpt lat="60.55813" lon="-137.238076"><ele>972.672</ele><time>2026-07-12T17:18:10Z</time></trkpt><trkpt lat="60.558118" lon="-137.238072"><ele>973.213</ele><time>2026-07-12T17:18:15Z</time></trkpt><trkpt lat="60.558108" lon="-137.238068"><ele>973.814</ele><time>2026-07-12T17:18:19Z</time></trkpt><trkpt lat="60.558097" lon="-137.238069"><ele>974.209</ele><time>2026-07-12T17:18:22Z</time></trkpt><trkpt lat="60.558087" lon="-137.238045"><ele>974.879</ele><time>2026-07-12T17:18:26Z</time></trkpt><trkpt lat="60.558074" lon="-137.238042"><ele>975.484</ele><time>2026-07-12T17:18:30Z</time></trkpt><trkpt lat="60.558066" lon="-137.238036"><ele>976.071</ele><time>2026-07-12T17:18:34Z</time></trkpt><trkpt lat="60.558041" lon="-137.238016"><ele>976.828</ele><time>2026-07-12T17:18:40Z</time></trkpt><trkpt lat="60.558037" lon="-137.238027"><ele>977.034</ele><time>2026-07-12T17:18:41Z</time></trkpt><trkpt lat="60.558019" lon="-137.23805"><ele>978.069</ele><time>2026-07-12T17:18:47Z</time></trkpt><trkpt lat="60.558008" lon="-137.238079"><ele>979.073</ele><time>2026-07-12T17:18:54Z</time></trkpt><trkpt lat="60.558007" lon="-137.238082"><ele>979.258</ele><time>2026-07-12T17:18:55Z</time></trkpt><trkpt lat="60.557982" lon="-137.238104"><ele>980.042</ele><time>2026-07-12T17:19:03Z</time></trkpt><trkpt lat="60.557978" lon="-137.238107"><ele>980.235</ele><time>2026-07-12T17:19:04Z</time></trkpt><trkpt lat="60.557954" lon="-137.238089"><ele>981.486</ele><time>2026-07-12T17:19:12Z</time></trkpt><trkpt lat="60.557925" lon="-137.238073"><ele>982.414</ele><time>2026-07-12T17:19:19Z</time></trkpt><trkpt lat="60.557921" lon="-137.238076"><ele>982.609</ele><time>2026-07-12T17:19:20Z</time></trkpt><trkpt lat="60.557897" lon="-137.238097"><ele>983.635</ele><time>2026-07-12T17:19:27Z</time></trkpt><trkpt lat="60.557893" lon="-137.238091"><ele>983.880</ele><time>2026-07-12T17:19:28Z</time></trkpt><trkpt lat="60.557883" lon="-137.238087"><ele>984.257</ele><time>2026-07-12T17:19:31Z</time></trkpt><trkpt lat="60.557881" lon="-137.238106"><ele>984.694</ele><time>2026-07-12T17:19:34Z</time></trkpt><trkpt lat="60.557874" lon="-137.238122"><ele>984.830</ele><time>2026-07-12T17:19:36Z</time></trkpt><trkpt lat="60.55786" lon="-137.238139"><ele>985.625</ele><time>2026-07-12T17:19:40Z</time></trkpt><trkpt lat="60.55786" lon="-137.238178"><ele>986.639</ele><time>2026-07-12T17:19:45Z</time></trkpt><trkpt lat="60.557861" lon="-137.238193"><ele>986.834</ele><time>2026-07-12T17:19:46Z</time></trkpt><trkpt lat="60.557847" lon="-137.23818"><ele>987.418</ele><time>2026-07-12T17:19:52Z</time></trkpt><trkpt lat="60.557842" lon="-137.238157"><ele>988.063</ele><time>2026-07-12T17:19:55Z</time></trkpt><trkpt lat="60.557832" lon="-137.238125"><ele>988.444</ele><time>2026-07-12T17:19:59Z</time></trkpt><trkpt lat="60.557822" lon="-137.238107"><ele>989.018</ele><time>2026-07-12T17:20:03Z</time></trkpt><trkpt lat="60.557809" lon="-137.238102"><ele>989.609</ele><time>2026-07-12T17:20:07Z</time></trkpt><trkpt lat="60.557798" lon="-137.238116"><ele>990.058</ele><time>2026-07-12T17:20:09Z</time></trkpt><trkpt lat="60.557784" lon="-137.238112"><ele>991.043</ele><time>2026-07-12T17:20:15Z</time></trkpt><trkpt lat="60.557778" lon="-137.238111"><ele>991.480</ele><time>2026-07-12T17:20:17Z</time></trkpt><trkpt lat="60.557768" lon="-137.23808"><ele>992.217</ele><time>2026-07-12T17:20:21Z</time></trkpt><trkpt lat="60.557751" lon="-137.238053"><ele>992.863</ele><time>2026-07-12T17:20:26Z</time></trkpt><trkpt lat="60.557741" lon="-137.238066"><ele>993.428</ele><time>2026-07-12T17:20:30Z</time></trkpt><trkpt lat="60.557742" lon="-137.238074"><ele>994.082</ele><time>2026-07-12T17:20:34Z</time></trkpt><trkpt lat="60.557743" lon="-137.238087"><ele>994.497</ele><time>2026-07-12T17:20:36Z</time></trkpt><trkpt lat="60.557732" lon="-137.238085"><ele>995.051</ele><time>2026-07-12T17:20:39Z</time></trkpt><trkpt lat="60.557725" lon="-137.23809"><ele>995.625</ele><time>2026-07-12T17:20:42Z</time></trkpt><trkpt lat="60.557718" lon="-137.238087"><ele>996.026</ele><time>2026-07-12T17:20:46Z</time></trkpt><trkpt lat="60.557706" lon="-137.238091"><ele>996.608</ele><time>2026-07-12T17:20:55Z</time></trkpt><trkpt lat="60.557694" lon="-137.238076"><ele>997.809</ele><time>2026-07-12T17:21:02Z</time></trkpt><trkpt lat="60.557682" lon="-137.238047"><ele>998.854</ele><time>2026-07-12T17:21:08Z</time></trkpt><trkpt lat="60.557675" lon="-137.238034"><ele>999.229</ele><time>2026-07-12T17:21:10Z</time></trkpt><trkpt lat="60.557656" lon="-137.238055"><ele>1000.056</ele><time>2026-07-12T17:21:15Z</time></trkpt><trkpt lat="60.557647" lon="-137.238054"><ele>1000.453</ele><time>2026-07-12T17:21:18Z</time></trkpt><trkpt lat="60.557647" lon="-137.238027"><ele>1001.029</ele><time>2026-07-12T17:21:23Z</time></trkpt><trkpt lat="60.557643" lon="-137.238004"><ele>1001.224</ele><time>2026-07-12T17:21:25Z</time></trkpt><trkpt lat="60.557635" lon="-137.237956"><ele>1002.228</ele><time>2026-07-12T17:21:31Z</time></trkpt><trkpt lat="60.557633" lon="-137.237928"><ele>1002.633</ele><time>2026-07-12T17:21:34Z</time></trkpt><trkpt lat="60.55762" lon="-137.237894"><ele>1003.247</ele><time>2026-07-12T17:21:38Z</time></trkpt><trkpt lat="60.557605" lon="-137.237858"><ele>1004.072</ele><time>2026-07-12T17:21:42Z</time></trkpt><trkpt lat="60.557597" lon="-137.237848"><ele>1004.213</ele><time>2026-07-12T17:21:44Z</time></trkpt><trkpt lat="60.557587" lon="-137.237822"><ele>1005.014</ele><time>2026-07-12T17:21:49Z</time></trkpt><trkpt lat="60.557586" lon="-137.237799"><ele>1005.409</ele><time>2026-07-12T17:21:52Z</time></trkpt><trkpt lat="60.557573" lon="-137.237781"><ele>1006.249</ele><time>2026-07-12T17:21:57Z</time></trkpt><trkpt lat="60.557564" lon="-137.237773"><ele>1006.444</ele><time>2026-07-12T17:21:59Z</time></trkpt><trkpt lat="60.557553" lon="-137.237764"><ele>1007.231</ele><time>2026-07-12T17:22:04Z</time></trkpt><trkpt lat="60.557545" lon="-137.237744"><ele>1007.478</ele><time>2026-07-12T17:22:07Z</time></trkpt><trkpt lat="60.55753" lon="-137.237752"><ele>1008.254</ele><time>2026-07-12T17:22:11Z</time></trkpt><trkpt lat="60.557524" lon="-137.237761"><ele>1008.689</ele><time>2026-07-12T17:22:13Z</time></trkpt><trkpt lat="60.557516" lon="-137.237786"><ele>1009.253</ele><time>2026-07-12T17:22:18Z</time></trkpt><trkpt lat="60.557514" lon="-137.237805"><ele>1009.638</ele><time>2026-07-12T17:22:20Z</time></trkpt><trkpt lat="60.557507" lon="-137.237852"><ele>1010.462</ele><time>2026-07-12T17:22:25Z</time></trkpt><trkpt lat="60.557503" lon="-137.237913"><ele>1010.643</ele><time>2026-07-12T17:22:30Z</time></trkpt><trkpt lat="60.557503" lon="-137.237933"><ele>1010.864</ele><time>2026-07-12T17:22:32Z</time></trkpt><trkpt lat="60.557496" lon="-137.238009"><ele>1011.810</ele><time>2026-07-12T17:22:39Z</time></trkpt><trkpt lat="60.557487" lon="-137.238051"><ele>1012.409</ele><time>2026-07-12T17:22:43Z</time></trkpt><trkpt lat="60.557483" lon="-137.23807"><ele>1013.076</ele><time>2026-07-12T17:22:46Z</time></trkpt><trkpt lat="60.557471" lon="-137.238141"><ele>1013.461</ele><time>2026-07-12T17:22:54Z</time></trkpt><trkpt lat="60.557456" lon="-137.238174"><ele>1014.018</ele><time>2026-07-12T17:22:58Z</time></trkpt><trkpt lat="60.557451" lon="-137.238182"><ele>1014.475</ele><time>2026-07-12T17:23:01Z</time></trkpt><trkpt lat="60.557449" lon="-137.23821"><ele>1015.061</ele><time>2026-07-12T17:23:05Z</time></trkpt><trkpt lat="60.557449" lon="-137.238218"><ele>1015.466</ele><time>2026-07-12T17:23:07Z</time></trkpt><trkpt lat="60.557443" lon="-137.238259"><ele>1016.080</ele><time>2026-07-12T17:23:11Z</time></trkpt><trkpt lat="60.557437" lon="-137.238301"><ele>1016.235</ele><time>2026-07-12T17:23:15Z</time></trkpt><trkpt lat="60.557419" lon="-137.238342"><ele>1017.059</ele><time>2026-07-12T17:23:21Z</time></trkpt><trkpt lat="60.557405" lon="-137.238355"><ele>1017.666</ele><time>2026-07-12T17:23:25Z</time></trkpt><trkpt lat="60.5574" lon="-137.238367"><ele>1018.229</ele><time>2026-07-12T17:23:28Z</time></trkpt><trkpt lat="60.557392" lon="-137.238373"><ele>1019.221</ele><time>2026-07-12T17:23:33Z</time></trkpt><trkpt lat="60.557387" lon="-137.238382"><ele>1019.409</ele><time>2026-07-12T17:23:34Z</time></trkpt><trkpt lat="60.557373" lon="-137.238428"><ele>1020.268</ele><time>2026-07-12T17:23:41Z</time></trkpt><trkpt lat="60.557373" lon="-137.238441"><ele>1020.413</ele><time>2026-07-12T17:23:42Z</time></trkpt><trkpt lat="60.557357" lon="-137.238481"><ele>1021.490</ele><time>2026-07-12T17:23:49Z</time></trkpt><trkpt lat="60.557357" lon="-137.238473"><ele>1021.447</ele><time>2026-07-12T17:23:50Z</time></trkpt><trkpt lat="60.557355" lon="-137.238491"><ele>1022.223</ele><time>2026-07-12T17:23:55Z</time></trkpt><trkpt lat="60.557353" lon="-137.238517"><ele>1022.628</ele><time>2026-07-12T17:23:58Z</time></trkpt><trkpt lat="60.557366" lon="-137.238551"><ele>1023.252</ele><time>2026-07-12T17:24:03Z</time></trkpt><trkpt lat="60.557372" lon="-137.238577"><ele>1023.627</ele><time>2026-07-12T17:24:06Z</time></trkpt><trkpt lat="60.557384" lon="-137.238623"><ele>1024.221</ele><time>2026-07-12T17:24:11Z</time></trkpt><trkpt lat="60.557403" lon="-137.238675"><ele>1024.687</ele><time>2026-07-12T17:24:19Z</time></trkpt><trkpt lat="60.557454" lon="-137.238756"><ele>1024.042</ele><time>2026-07-12T17:24:28Z</time></trkpt><trkpt lat="60.557477" lon="-137.238847"><ele>1024.626</ele><time>2026-07-12T17:24:37Z</time></trkpt><trkpt lat="60.557476" lon="-137.238856"><ele>1024.809</ele><time>2026-07-12T17:24:38Z</time></trkpt><trkpt lat="60.557485" lon="-137.238883"><ele>1025.830</ele><time>2026-07-12T17:24:43Z</time></trkpt><trkpt lat="60.557485" lon="-137.238935"><ele>1026.865</ele><time>2026-07-12T17:24:51Z</time></trkpt><trkpt lat="60.557484" lon="-137.238938"><ele>1026.892</ele><time>2026-07-12T17:24:52Z</time></trkpt><trkpt lat="60.557483" lon="-137.238986"><ele>1028.069</ele><time>2026-07-12T17:24:59Z</time></trkpt><trkpt lat="60.55748" lon="-137.239052"><ele>1029.075</ele><time>2026-07-12T17:25:07Z</time></trkpt><trkpt lat="60.557482" lon="-137.239124"><ele>1030.080</ele><time>2026-07-12T17:25:14Z</time></trkpt><trkpt lat="60.557483" lon="-137.23913"><ele>1030.054</ele><time>2026-07-12T17:25:15Z</time></trkpt><trkpt lat="60.557491" lon="-137.239191"><ele>1031.099</ele><time>2026-07-12T17:25:22Z</time></trkpt><trkpt lat="60.557494" lon="-137.239203"><ele>1031.233</ele><time>2026-07-12T17:25:23Z</time></trkpt><trkpt lat="60.55751" lon="-137.239286"><ele>1031.831</ele><time>2026-07-12T17:25:29Z</time></trkpt><trkpt lat="60.557531" lon="-137.239385"><ele>1031.861</ele><time>2026-07-12T17:25:37Z</time></trkpt><trkpt lat="60.557551" lon="-137.23945"><ele>1031.607</ele><time>2026-07-12T17:25:43Z</time></trkpt><trkpt lat="60.557561" lon="-137.239551"><ele>1031.209</ele><time>2026-07-12T17:25:51Z</time></trkpt><trkpt lat="60.557563" lon="-137.239593"><ele>1031.845</ele><time>2026-07-12T17:25:56Z</time></trkpt><trkpt lat="60.557563" lon="-137.239611"><ele>1032.080</ele><time>2026-07-12T17:25:58Z</time></trkpt><trkpt lat="60.557564" lon="-137.239621"><ele>1032.297</ele><time>2026-07-12T17:25:59Z</time></trkpt><trkpt lat="60.557554" lon="-137.239684"><ele>1032.874</ele><time>2026-07-12T17:26:05Z</time></trkpt><trkpt lat="60.557556" lon="-137.239723"><ele>1033.250</ele><time>2026-07-12T17:26:09Z</time></trkpt><trkpt lat="60.557548" lon="-137.23976"><ele>1033.815</ele><time>2026-07-12T17:26:12Z</time></trkpt><trkpt lat="60.55754" lon="-137.239759"><ele>1034.449</ele><time>2026-07-12T17:26:15Z</time></trkpt><trkpt lat="60.557515" lon="-137.239719"><ele>1035.454</ele><time>2026-07-12T17:26:21Z</time></trkpt><trkpt lat="60.557495" lon="-137.239664"><ele>1036.458</ele><time>2026-07-12T17:26:28Z</time></trkpt><trkpt lat="60.557491" lon="-137.239652"><ele>1036.628</ele><time>2026-07-12T17:26:29Z</time></trkpt><trkpt lat="60.557466" lon="-137.239581"><ele>1037.689</ele><time>2026-07-12T17:26:36Z</time></trkpt><trkpt lat="60.55744" lon="-137.239492"><ele>1038.417</ele><time>2026-07-12T17:26:44Z</time></trkpt><trkpt lat="60.557438" lon="-137.239484"><ele>1038.609</ele><time>2026-07-12T17:26:45Z</time></trkpt><trkpt lat="60.557417" lon="-137.239408"><ele>1039.444</ele><time>2026-07-12T17:26:53Z</time></trkpt><trkpt lat="60.557406" lon="-137.239384"><ele>1039.619</ele><time>2026-07-12T17:26:58Z</time></trkpt><trkpt lat="60.5574" lon="-137.239381"><ele>1040.036</ele><time>2026-07-12T17:27:00Z</time></trkpt><trkpt lat="60.557384" lon="-137.239357"><ele>1040.883</ele><time>2026-07-12T17:27:05Z</time></trkpt><trkpt lat="60.557378" lon="-137.239349"><ele>1041.269</ele><time>2026-07-12T17:27:07Z</time></trkpt><trkpt lat="60.557358" lon="-137.239326"><ele>1042.054</ele><time>2026-07-12T17:27:11Z</time></trkpt><trkpt lat="60.557338" lon="-137.239316"><ele>1042.488</ele><time>2026-07-12T17:27:15Z</time></trkpt><trkpt lat="60.557325" lon="-137.239254"><ele>1043.013</ele><time>2026-07-12T17:27:21Z</time></trkpt><trkpt lat="60.557315" lon="-137.239244"><ele>1043.417</ele><time>2026-07-12T17:27:24Z</time></trkpt><trkpt lat="60.557311" lon="-137.239243"><ele>1043.689</ele><time>2026-07-12T17:27:25Z</time></trkpt><trkpt lat="60.557289" lon="-137.239221"><ele>1044.206</ele><time>2026-07-12T17:27:29Z</time></trkpt><trkpt lat="60.557277" lon="-137.239201"><ele>1044.626</ele><time>2026-07-12T17:27:33Z</time></trkpt><trkpt lat="60.557267" lon="-137.239181"><ele>1045.209</ele><time>2026-07-12T17:27:37Z</time></trkpt><trkpt lat="60.557252" lon="-137.23918"><ele>1045.840</ele><time>2026-07-12T17:27:40Z</time></trkpt><trkpt lat="60.557258" lon="-137.23922"><ele>1046.275</ele><time>2026-07-12T17:27:45Z</time></trkpt><trkpt lat="60.557262" lon="-137.239238"><ele>1046.442</ele><time>2026-07-12T17:27:47Z</time></trkpt><trkpt lat="60.557264" lon="-137.239301"><ele>1046.819</ele><time>2026-07-12T17:27:54Z</time></trkpt><trkpt lat="60.557256" lon="-137.239333"><ele>1047.445</ele><time>2026-07-12T17:27:58Z</time></trkpt><trkpt lat="60.557249" lon="-137.239323"><ele>1048.090</ele><time>2026-07-12T17:28:02Z</time></trkpt><trkpt lat="60.557239" lon="-137.239329"><ele>1048.464</ele><time>2026-07-12T17:28:04Z</time></trkpt><trkpt lat="60.557208" lon="-137.23928"><ele>1049.039</ele><time>2026-07-12T17:28:11Z</time></trkpt><trkpt lat="60.557197" lon="-137.239298"><ele>1049.443</ele><time>2026-07-12T17:28:16Z</time></trkpt><trkpt lat="60.557205" lon="-137.239313"><ele>1049.661</ele><time>2026-07-12T17:28:18Z</time></trkpt><trkpt lat="60.557192" lon="-137.239354"><ele>1050.421</ele><time>2026-07-12T17:28:27Z</time></trkpt><trkpt lat="60.55719" lon="-137.239357"><ele>1050.413</ele><time>2026-07-12T17:28:28Z</time></trkpt><trkpt lat="60.557168" lon="-137.239322"><ele>1051.209</ele><time>2026-07-12T17:28:35Z</time></trkpt><trkpt lat="60.557159" lon="-137.239307"><ele>1051.638</ele><time>2026-07-12T17:28:38Z</time></trkpt><trkpt lat="60.557141" lon="-137.239302"><ele>1052.233</ele><time>2026-07-12T17:28:43Z</time></trkpt><trkpt lat="60.557137" lon="-137.239306"><ele>1052.470</ele><time>2026-07-12T17:28:45Z</time></trkpt><trkpt lat="60.55713" lon="-137.23931"><ele>1052.687</ele><time>2026-07-12T17:28:46Z</time></trkpt><trkpt lat="60.557127" lon="-137.239292"><ele>1053.013</ele><time>2026-07-12T17:28:49Z</time></trkpt><trkpt lat="60.557108" lon="-137.23928"><ele>1053.688</ele><time>2026-07-12T17:28:53Z</time></trkpt><trkpt lat="60.557097" lon="-137.23929"><ele>1054.282</ele><time>2026-07-12T17:28:56Z</time></trkpt><trkpt lat="60.557099" lon="-137.239334"><ele>1054.627</ele><time>2026-07-12T17:29:00Z</time></trkpt><trkpt lat="60.557097" lon="-137.239376"><ele>1055.051</ele><time>2026-07-12T17:29:03Z</time></trkpt><trkpt lat="60.557086" lon="-137.239364"><ele>1055.659</ele><time>2026-07-12T17:29:07Z</time></trkpt><trkpt lat="60.557082" lon="-137.239352"><ele>1056.203</ele><time>2026-07-12T17:29:10Z</time></trkpt><trkpt lat="60.557059" lon="-137.239343"><ele>1056.823</ele><time>2026-07-12T17:29:15Z</time></trkpt><trkpt lat="60.557056" lon="-137.239383"><ele>1057.409</ele><time>2026-07-12T17:29:22Z</time></trkpt><trkpt lat="60.557047" lon="-137.239362"><ele>1057.887</ele><time>2026-07-12T17:29:25Z</time></trkpt><trkpt lat="60.557036" lon="-137.239379"><ele>1058.222</ele><time>2026-07-12T17:29:29Z</time></trkpt><trkpt lat="60.557035" lon="-137.239409"><ele>1059.069</ele><time>2026-07-12T17:29:33Z</time></trkpt><trkpt lat="60.557032" lon="-137.239425"><ele>1059.646</ele><time>2026-07-12T17:29:37Z</time></trkpt><trkpt lat="60.557015" lon="-137.239398"><ele>1060.032</ele><time>2026-07-12T17:29:43Z</time></trkpt><trkpt lat="60.557008" lon="-137.239401"><ele>1060.447</ele><time>2026-07-12T17:29:45Z</time></trkpt><trkpt lat="60.556988" lon="-137.23937"><ele>1061.281</ele><time>2026-07-12T17:29:51Z</time></trkpt><trkpt lat="60.556983" lon="-137.239377"><ele>1061.226</ele><time>2026-07-12T17:29:52Z</time></trkpt><trkpt lat="60.556976" lon="-137.23941"><ele>1062.210</ele><time>2026-07-12T17:29:58Z</time></trkpt><trkpt lat="60.556961" lon="-137.23941"><ele>1063.426</ele><time>2026-07-12T17:30:05Z</time></trkpt><trkpt lat="60.556959" lon="-137.239406"><ele>1063.447</ele><time>2026-07-12T17:30:06Z</time></trkpt><trkpt lat="60.556942" lon="-137.23939"><ele>1064.211</ele><time>2026-07-12T17:30:11Z</time></trkpt><trkpt lat="60.556942" lon="-137.239399"><ele>1064.409</ele><time>2026-07-12T17:30:12Z</time></trkpt><trkpt lat="60.55694" lon="-137.239408"><ele>1064.654</ele><time>2026-07-12T17:30:13Z</time></trkpt><trkpt lat="60.55694" lon="-137.239447"><ele>1065.459</ele><time>2026-07-12T17:30:19Z</time></trkpt><trkpt lat="60.556937" lon="-137.239445"><ele>1065.846</ele><time>2026-07-12T17:30:21Z</time></trkpt><trkpt lat="60.556925" lon="-137.239422"><ele>1066.623</ele><time>2026-07-12T17:30:27Z</time></trkpt><trkpt lat="60.556915" lon="-137.239424"><ele>1066.839</ele><time>2026-07-12T17:30:29Z</time></trkpt><trkpt lat="60.556908" lon="-137.239427"><ele>1067.674</ele><time>2026-07-12T17:30:35Z</time></trkpt><trkpt lat="60.556895" lon="-137.239436"><ele>1068.618</ele><time>2026-07-12T17:30:41Z</time></trkpt><trkpt lat="60.556894" lon="-137.239435"><ele>1068.833</ele><time>2026-07-12T17:30:43Z</time></trkpt><trkpt lat="60.556892" lon="-137.239441"><ele>1069.267</ele><time>2026-07-12T17:30:47Z</time></trkpt><trkpt lat="60.55688" lon="-137.239448"><ele>1069.883</ele><time>2026-07-12T17:30:53Z</time></trkpt><trkpt lat="60.556873" lon="-137.239453"><ele>1070.025</ele><time>2026-07-12T17:30:54Z</time></trkpt><trkpt lat="60.556869" lon="-137.239442"><ele>1071.017</ele><time>2026-07-12T17:31:00Z</time></trkpt><trkpt lat="60.55684" lon="-137.239445"><ele>1072.009</ele><time>2026-07-12T17:31:06Z</time></trkpt><trkpt lat="60.556838" lon="-137.239443"><ele>1072.620</ele><time>2026-07-12T17:31:09Z</time></trkpt><trkpt lat="60.556834" lon="-137.239454"><ele>1073.085</ele><time>2026-07-12T17:31:11Z</time></trkpt><trkpt lat="60.556833" lon="-137.239464"><ele>1073.272</ele><time>2026-07-12T17:31:12Z</time></trkpt><trkpt lat="60.556825" lon="-137.239494"><ele>1073.839</ele><time>2026-07-12T17:31:17Z</time></trkpt><trkpt lat="60.556834" lon="-137.239519"><ele>1074.035</ele><time>2026-07-12T17:31:23Z</time></trkpt><trkpt lat="60.556868" lon="-137.239559"><ele>1073.470</ele><time>2026-07-12T17:31:31Z</time></trkpt><trkpt lat="60.556868" lon="-137.239609"><ele>1074.234</ele><time>2026-07-12T17:31:37Z</time></trkpt><trkpt lat="60.556869" lon="-137.239625"><ele>1074.679</ele><time>2026-07-12T17:31:39Z</time></trkpt><trkpt lat="60.556861" lon="-137.239645"><ele>1075.293</ele><time>2026-07-12T17:31:43Z</time></trkpt><trkpt lat="60.556861" lon="-137.239645"><ele>1075.289</ele><time>2026-07-12T17:31:45Z</time></trkpt><trkpt lat="60.556862" lon="-137.239658"><ele>1075.806</ele><time>2026-07-12T17:31:50Z</time></trkpt><trkpt lat="60.556854" lon="-137.239686"><ele>1076.426</ele><time>2026-07-12T17:31:56Z</time></trkpt><trkpt lat="60.556848" lon="-137.239738"><ele>1077.609</ele><time>2026-07-12T17:32:03Z</time></trkpt><trkpt lat="60.556848" lon="-137.239753"><ele>1077.870</ele><time>2026-07-12T17:32:05Z</time></trkpt><trkpt lat="60.55685" lon="-137.239795"><ele>1078.655</ele><time>2026-07-12T17:32:11Z</time></trkpt><trkpt lat="60.55685" lon="-137.239808"><ele>1078.842</ele><time>2026-07-12T17:32:13Z</time></trkpt><trkpt lat="60.556846" lon="-137.239846"><ele>1079.619</ele><time>2026-07-12T17:32:20Z</time></trkpt><trkpt lat="60.556844" lon="-137.239845"><ele>1079.865</ele><time>2026-07-12T17:32:21Z</time></trkpt><trkpt lat="60.556819" lon="-137.239793"><ele>1080.690</ele><time>2026-07-12T17:32:29Z</time></trkpt><trkpt lat="60.556815" lon="-137.2398"><ele>1080.894</ele><time>2026-07-12T17:32:30Z</time></trkpt><trkpt lat="60.556795" lon="-137.239788"><ele>1081.899</ele><time>2026-07-12T17:32:37Z</time></trkpt><trkpt lat="60.55676" lon="-137.239788"><ele>1082.843</ele><time>2026-07-12T17:32:44Z</time></trkpt><trkpt lat="60.556754" lon="-137.239788"><ele>1083.089</ele><time>2026-07-12T17:32:45Z</time></trkpt><trkpt lat="60.556731" lon="-137.23979"><ele>1084.006</ele><time>2026-07-12T17:32:51Z</time></trkpt><trkpt lat="60.556726" lon="-137.239781"><ele>1084.626</ele><time>2026-07-12T17:32:55Z</time></trkpt><trkpt lat="60.556715" lon="-137.239766"><ele>1085.009</ele><time>2026-07-12T17:32:59Z</time></trkpt><trkpt lat="60.556699" lon="-137.239765"><ele>1085.690</ele><time>2026-07-12T17:33:04Z</time></trkpt><trkpt lat="60.556694" lon="-137.239766"><ele>1086.215</ele><time>2026-07-12T17:33:07Z</time></trkpt><trkpt lat="60.556684" lon="-137.23976"><ele>1086.842</ele><time>2026-07-12T17:33:13Z</time></trkpt><trkpt lat="60.556668" lon="-137.239776"><ele>1087.249</ele><time>2026-07-12T17:33:18Z</time></trkpt><trkpt lat="60.556666" lon="-137.239773"><ele>1087.235</ele><time>2026-07-12T17:33:19Z</time></trkpt><trkpt lat="60.556659" lon="-137.239777"><ele>1088.270</ele><time>2026-07-12T17:33:24Z</time></trkpt><trkpt lat="60.556668" lon="-137.239824"><ele>1088.874</ele><time>2026-07-12T17:33:29Z</time></trkpt><trkpt lat="60.556667" lon="-137.239838"><ele>1089.239</ele><time>2026-07-12T17:33:32Z</time></trkpt><trkpt lat="60.556652" lon="-137.239861"><ele>1089.853</ele><time>2026-07-12T17:33:37Z</time></trkpt><trkpt lat="60.556637" lon="-137.239867"><ele>1090.447</ele><time>2026-07-12T17:33:40Z</time></trkpt><trkpt lat="60.556628" lon="-137.239879"><ele>1091.029</ele><time>2026-07-12T17:33:45Z</time></trkpt><trkpt lat="60.556623" lon="-137.239884"><ele>1091.421</ele><time>2026-07-12T17:33:47Z</time></trkpt><trkpt lat="60.55661" lon="-137.239911"><ele>1092.209</ele><time>2026-07-12T17:33:51Z</time></trkpt><trkpt lat="60.556608" lon="-137.239915"><ele>1092.426</ele><time>2026-07-12T17:33:52Z</time></trkpt><trkpt lat="60.556599" lon="-137.239936"><ele>1093.081</ele><time>2026-07-12T17:34:00Z</time></trkpt><trkpt lat="60.556607" lon="-137.240022"><ele>1093.658</ele><time>2026-07-12T17:34:07Z</time></trkpt><trkpt lat="60.55661" lon="-137.240045"><ele>1093.835</ele><time>2026-07-12T17:34:09Z</time></trkpt><trkpt lat="60.556605" lon="-137.240135"><ele>1094.641</ele><time>2026-07-12T17:34:18Z</time></trkpt><trkpt lat="60.556604" lon="-137.24014"><ele>1094.876</ele><time>2026-07-12T17:34:19Z</time></trkpt><trkpt lat="60.556588" lon="-137.240173"><ele>1095.690</ele><time>2026-07-12T17:34:26Z</time></trkpt><trkpt lat="60.556585" lon="-137.240183"><ele>1095.885</ele><time>2026-07-12T17:34:28Z</time></trkpt><trkpt lat="60.556577" lon="-137.240216"><ele>1096.449</ele><time>2026-07-12T17:34:33Z</time></trkpt><trkpt lat="60.556566" lon="-137.240243"><ele>1097.074</ele><time>2026-07-12T17:34:37Z</time></trkpt><trkpt lat="60.556555" lon="-137.240255"><ele>1097.256</ele><time>2026-07-12T17:34:40Z</time></trkpt><trkpt lat="60.556534" lon="-137.240229"><ele>1098.021</ele><time>2026-07-12T17:34:47Z</time></trkpt><trkpt lat="60.55653" lon="-137.240225"><ele>1098.209</ele><time>2026-07-12T17:34:48Z</time></trkpt><trkpt lat="60.556509" lon="-137.240195"><ele>1099.039</ele><time>2026-07-12T17:34:54Z</time></trkpt><trkpt lat="60.556498" lon="-137.240171"><ele>1099.854</ele><time>2026-07-12T17:34:59Z</time></trkpt><trkpt lat="60.556492" lon="-137.24016"><ele>1100.021</ele><time>2026-07-12T17:35:01Z</time></trkpt><trkpt lat="60.556476" lon="-137.240164"><ele>1101.028</ele><time>2026-07-12T17:35:06Z</time></trkpt><trkpt lat="60.556469" lon="-137.240164"><ele>1101.074</ele><time>2026-07-12T17:35:07Z</time></trkpt><trkpt lat="60.556454" lon="-137.240136"><ele>1102.249</ele><time>2026-07-12T17:35:12Z</time></trkpt><trkpt lat="60.556449" lon="-137.240123"><ele>1102.473</ele><time>2026-07-12T17:35:14Z</time></trkpt><trkpt lat="60.556422" lon="-137.240058"><ele>1103.268</ele><time>2026-07-12T17:35:22Z</time></trkpt><trkpt lat="60.556417" lon="-137.240041"><ele>1103.232</ele><time>2026-07-12T17:35:23Z</time></trkpt><trkpt lat="60.556401" lon="-137.240011"><ele>1104.484</ele><time>2026-07-12T17:35:30Z</time></trkpt><trkpt lat="60.556374" lon="-137.239972"><ele>1105.407</ele><time>2026-07-12T17:35:40Z</time></trkpt><trkpt lat="60.556344" lon="-137.239973"><ele>1106.617</ele><time>2026-07-12T17:35:47Z</time></trkpt><trkpt lat="60.556347" lon="-137.239985"><ele>1107.209</ele><time>2026-07-12T17:35:49Z</time></trkpt><trkpt lat="60.556349" lon="-137.240018"><ele>1107.860</ele><time>2026-07-12T17:35:53Z</time></trkpt><trkpt lat="60.556349" lon="-137.240061"><ele>1108.215</ele><time>2026-07-12T17:35:57Z</time></trkpt><trkpt lat="60.556343" lon="-137.240134"><ele>1108.852</ele><time>2026-07-12T17:36:04Z</time></trkpt><trkpt lat="60.556339" lon="-137.240152"><ele>1109.079</ele><time>2026-07-12T17:36:06Z</time></trkpt><trkpt lat="60.556337" lon="-137.240222"><ele>1109.845</ele><time>2026-07-12T17:36:13Z</time></trkpt><trkpt lat="60.556341" lon="-137.240239"><ele>1110.420</ele><time>2026-07-12T17:36:18Z</time></trkpt><trkpt lat="60.556336" lon="-137.240238"><ele>1110.894</ele><time>2026-07-12T17:36:22Z</time></trkpt><trkpt lat="60.556323" lon="-137.240224"><ele>1112.069</ele><time>2026-07-12T17:36:27Z</time></trkpt><trkpt lat="60.556311" lon="-137.240209"><ele>1112.663</ele><time>2026-07-12T17:36:31Z</time></trkpt><trkpt lat="60.556307" lon="-137.240204"><ele>1113.019</ele><time>2026-07-12T17:36:33Z</time></trkpt><trkpt lat="60.556286" lon="-137.240178"><ele>1114.209</ele><time>2026-07-12T17:36:38Z</time></trkpt><trkpt lat="60.556279" lon="-137.240165"><ele>1114.419</ele><time>2026-07-12T17:36:40Z</time></trkpt><trkpt lat="60.556261" lon="-137.240142"><ele>1115.209</ele><time>2026-07-12T17:36:46Z</time></trkpt><trkpt lat="60.556237" lon="-137.240073"><ele>1115.633</ele><time>2026-07-12T17:36:54Z</time></trkpt><trkpt lat="60.556222" lon="-137.240048"><ele>1116.218</ele><time>2026-07-12T17:36:58Z</time></trkpt><trkpt lat="60.556208" lon="-137.24003"><ele>1116.825</ele><time>2026-07-12T17:37:01Z</time></trkpt><trkpt lat="60.556197" lon="-137.24003"><ele>1117.492</ele><time>2026-07-12T17:37:05Z</time></trkpt><trkpt lat="60.556197" lon="-137.24003"><ele>1117.468</ele><time>2026-07-12T17:37:06Z</time></trkpt><trkpt lat="60.556182" lon="-137.239995"><ele>1118.213</ele><time>2026-07-12T17:37:13Z</time></trkpt><trkpt lat="60.556174" lon="-137.239999"><ele>1118.687</ele><time>2026-07-12T17:37:15Z</time></trkpt><trkpt lat="60.556173" lon="-137.240042"><ele>1119.232</ele><time>2026-07-12T17:37:20Z</time></trkpt><trkpt lat="60.556172" lon="-137.24007"><ele>1119.696</ele><time>2026-07-12T17:37:23Z</time></trkpt><trkpt lat="60.556166" lon="-137.240105"><ele>1120.686</ele><time>2026-07-12T17:37:29Z</time></trkpt><trkpt lat="60.556165" lon="-137.240119"><ele>1120.660</ele><time>2026-07-12T17:37:30Z</time></trkpt><trkpt lat="60.556166" lon="-137.240126"><ele>1120.826</ele><time>2026-07-12T17:37:32Z</time></trkpt><trkpt lat="60.556167" lon="-137.240132"><ele>1121.009</ele><time>2026-07-12T17:37:35Z</time></trkpt><trkpt lat="60.556167" lon="-137.240137"><ele>1121.230</ele><time>2026-07-12T17:37:36Z</time></trkpt><trkpt lat="60.556165" lon="-137.24015"><ele>1121.455</ele><time>2026-07-12T17:37:38Z</time></trkpt><trkpt lat="60.556164" lon="-137.240159"><ele>1121.692</ele><time>2026-07-12T17:37:39Z</time></trkpt><trkpt lat="60.556163" lon="-137.240198"><ele>1122.239</ele><time>2026-07-12T17:37:45Z</time></trkpt><trkpt lat="60.55615" lon="-137.240212"><ele>1122.675</ele><time>2026-07-12T17:37:49Z</time></trkpt><trkpt lat="60.556141" lon="-137.240207"><ele>1122.880</ele><time>2026-07-12T17:37:51Z</time></trkpt><trkpt lat="60.556125" lon="-137.240165"><ele>1123.424</ele><time>2026-07-12T17:37:57Z</time></trkpt><trkpt lat="60.55612" lon="-137.24016"><ele>1123.839</ele><time>2026-07-12T17:37:58Z</time></trkpt><trkpt lat="60.55609" lon="-137.240159"><ele>1124.893</ele><time>2026-07-12T17:38:03Z</time></trkpt><trkpt lat="60.556088" lon="-137.240151"><ele>1125.242</ele><time>2026-07-12T17:38:05Z</time></trkpt><trkpt lat="60.556073" lon="-137.240153"><ele>1125.822</ele><time>2026-07-12T17:38:10Z</time></trkpt><trkpt lat="60.556062" lon="-137.240137"><ele>1126.214</ele><time>2026-07-12T17:38:15Z</time></trkpt><trkpt lat="60.556044" lon="-137.240104"><ele>1127.009</ele><time>2026-07-12T17:38:20Z</time></trkpt><trkpt lat="60.556033" lon="-137.240098"><ele>1127.636</ele><time>2026-07-12T17:38:23Z</time></trkpt><trkpt lat="60.556023" lon="-137.240088"><ele>1128.071</ele><time>2026-07-12T17:38:26Z</time></trkpt><trkpt lat="60.55601" lon="-137.240048"><ele>1128.668</ele><time>2026-07-12T17:38:32Z</time></trkpt><trkpt lat="60.555994" lon="-137.240028"><ele>1129.235</ele><time>2026-07-12T17:38:35Z</time></trkpt><trkpt lat="60.555984" lon="-137.24007"><ele>1130.031</ele><time>2026-07-12T17:38:39Z</time></trkpt><trkpt lat="60.555982" lon="-137.240093"><ele>1130.236</ele><time>2026-07-12T17:38:41Z</time></trkpt><trkpt lat="60.555964" lon="-137.240127"><ele>1131.070</ele><time>2026-07-12T17:38:47Z</time></trkpt><trkpt lat="60.555958" lon="-137.240133"><ele>1131.445</ele><time>2026-07-12T17:38:49Z</time></trkpt><trkpt lat="60.555952" lon="-137.240159"><ele>1132.279</ele><time>2026-07-12T17:38:54Z</time></trkpt><trkpt lat="60.555947" lon="-137.240169"><ele>1132.496</ele><time>2026-07-12T17:38:56Z</time></trkpt><trkpt lat="60.555948" lon="-137.240193"><ele>1132.631</ele><time>2026-07-12T17:39:00Z</time></trkpt><trkpt lat="60.555948" lon="-137.240233"><ele>1133.424</ele><time>2026-07-12T17:39:05Z</time></trkpt><trkpt lat="60.555947" lon="-137.240247"><ele>1133.609</ele><time>2026-07-12T17:39:06Z</time></trkpt><trkpt lat="60.55594" lon="-137.240265"><ele>1134.271</ele><time>2026-07-12T17:39:11Z</time></trkpt><trkpt lat="60.55593" lon="-137.240266"><ele>1134.696</ele><time>2026-07-12T17:39:15Z</time></trkpt><trkpt lat="60.555913" lon="-137.240259"><ele>1134.833</ele><time>2026-07-12T17:39:21Z</time></trkpt><trkpt lat="60.555909" lon="-137.240236"><ele>1135.430</ele><time>2026-07-12T17:39:25Z</time></trkpt><trkpt lat="60.555905" lon="-137.240226"><ele>1135.616</ele><time>2026-07-12T17:39:26Z</time></trkpt><trkpt lat="60.555884" lon="-137.240195"><ele>1136.431</ele><time>2026-07-12T17:39:30Z</time></trkpt><trkpt lat="60.555882" lon="-137.24019"><ele>1136.665</ele><time>2026-07-12T17:39:31Z</time></trkpt><trkpt lat="60.555869" lon="-137.240175"><ele>1137.420</ele><time>2026-07-12T17:39:37Z</time></trkpt><trkpt lat="60.555862" lon="-137.240173"><ele>1138.064</ele><time>2026-07-12T17:39:39Z</time></trkpt><trkpt lat="60.555847" lon="-137.240172"><ele>1138.892</ele><time>2026-07-12T17:39:45Z</time></trkpt><trkpt lat="60.555841" lon="-137.24016"><ele>1139.073</ele><time>2026-07-12T17:39:48Z</time></trkpt><trkpt lat="60.555822" lon="-137.240136"><ele>1140.020</ele><time>2026-07-12T17:39:54Z</time></trkpt><trkpt lat="60.55582" lon="-137.240131"><ele>1140.209</ele><time>2026-07-12T17:39:55Z</time></trkpt><trkpt lat="60.555799" lon="-137.240099"><ele>1141.221</ele><time>2026-07-12T17:40:01Z</time></trkpt><trkpt lat="60.555781" lon="-137.240074"><ele>1141.856</ele><time>2026-07-12T17:40:06Z</time></trkpt><trkpt lat="60.555777" lon="-137.240078"><ele>1142.013</ele><time>2026-07-12T17:40:07Z</time></trkpt><trkpt lat="60.555775" lon="-137.240088"><ele>1142.490</ele><time>2026-07-12T17:40:09Z</time></trkpt><trkpt lat="60.555759" lon="-137.240079"><ele>1142.846</ele><time>2026-07-12T17:40:14Z</time></trkpt><trkpt lat="60.555736" lon="-137.240065"><ele>1143.441</ele><time>2026-07-12T17:40:19Z</time></trkpt><trkpt lat="60.55573" lon="-137.240077"><ele>1143.655</ele><time>2026-07-12T17:40:22Z</time></trkpt><trkpt lat="60.555712" lon="-137.240086"><ele>1144.440</ele><time>2026-07-12T17:40:30Z</time></trkpt><trkpt lat="60.555705" lon="-137.240086"><ele>1144.874</ele><time>2026-07-12T17:40:33Z</time></trkpt><trkpt lat="60.555697" lon="-137.240103"><ele>1145.289</ele><time>2026-07-12T17:40:36Z</time></trkpt><trkpt lat="60.555696" lon="-137.240113"><ele>1145.406</ele><time>2026-07-12T17:40:37Z</time></trkpt><trkpt lat="60.555693" lon="-137.240122"><ele>1145.426</ele><time>2026-07-12T17:40:38Z</time></trkpt><trkpt lat="60.555686" lon="-137.240131"><ele>1146.009</ele><time>2026-07-12T17:40:45Z</time></trkpt><trkpt lat="60.555663" lon="-137.240093"><ele>1146.630</ele><time>2026-07-12T17:40:49Z</time></trkpt><trkpt lat="60.555663" lon="-137.240066"><ele>1147.025</ele><time>2026-07-12T17:40:53Z</time></trkpt><trkpt lat="60.555665" lon="-137.240033"><ele>1147.692</ele><time>2026-07-12T17:40:58Z</time></trkpt><trkpt lat="60.555656" lon="-137.240002"><ele>1148.219</ele><time>2026-07-12T17:41:02Z</time></trkpt><trkpt lat="60.555653" lon="-137.239996"><ele>1148.895</ele><time>2026-07-12T17:41:05Z</time></trkpt><trkpt lat="60.555658" lon="-137.239969"><ele>1149.450</ele><time>2026-07-12T17:41:09Z</time></trkpt><trkpt lat="60.555651" lon="-137.239951"><ele>1149.874</ele><time>2026-07-12T17:41:12Z</time></trkpt><trkpt lat="60.555645" lon="-137.23991"><ele>1150.629</ele><time>2026-07-12T17:41:17Z</time></trkpt><trkpt lat="60.555638" lon="-137.239899"><ele>1151.033</ele><time>2026-07-12T17:41:19Z</time></trkpt><trkpt lat="60.555621" lon="-137.239887"><ele>1151.682</ele><time>2026-07-12T17:41:23Z</time></trkpt><trkpt lat="60.555618" lon="-137.239864"><ele>1152.043</ele><time>2026-07-12T17:41:26Z</time></trkpt><trkpt lat="60.555613" lon="-137.239844"><ele>1152.617</ele><time>2026-07-12T17:41:30Z</time></trkpt><trkpt lat="60.555611" lon="-137.23984"><ele>1152.609</ele><time>2026-07-12T17:41:31Z</time></trkpt><trkpt lat="60.555605" lon="-137.239813"><ele>1153.290</ele><time>2026-07-12T17:41:35Z</time></trkpt><trkpt lat="60.555601" lon="-137.239794"><ele>1153.415</ele><time>2026-07-12T17:41:37Z</time></trkpt><trkpt lat="60.555581" lon="-137.239766"><ele>1154.272</ele><time>2026-07-12T17:41:44Z</time></trkpt><trkpt lat="60.555579" lon="-137.239769"><ele>1154.429</ele><time>2026-07-12T17:41:45Z</time></trkpt><trkpt lat="60.555566" lon="-137.239737"><ele>1155.255</ele><time>2026-07-12T17:41:52Z</time></trkpt><trkpt lat="60.555563" lon="-137.239736"><ele>1155.410</ele><time>2026-07-12T17:41:53Z</time></trkpt><trkpt lat="60.555553" lon="-137.239716"><ele>1156.434</ele><time>2026-07-12T17:41:58Z</time></trkpt><trkpt lat="60.555544" lon="-137.239698"><ele>1156.879</ele><time>2026-07-12T17:42:00Z</time></trkpt><trkpt lat="60.555507" lon="-137.239681"><ele>1157.433</ele><time>2026-07-12T17:42:08Z</time></trkpt><trkpt lat="60.555499" lon="-137.239674"><ele>1158.073</ele><time>2026-07-12T17:42:10Z</time></trkpt><trkpt lat="60.555489" lon="-137.239666"><ele>1158.685</ele><time>2026-07-12T17:42:14Z</time></trkpt><trkpt lat="60.555472" lon="-137.239637"><ele>1159.213</ele><time>2026-07-12T17:42:20Z</time></trkpt><trkpt lat="60.555462" lon="-137.239614"><ele>1159.609</ele><time>2026-07-12T17:42:23Z</time></trkpt><trkpt lat="60.555439" lon="-137.239592"><ele>1159.899</ele><time>2026-07-12T17:42:28Z</time></trkpt><trkpt lat="60.555409" lon="-137.239578"><ele>1160.654</ele><time>2026-07-12T17:42:34Z</time></trkpt><trkpt lat="60.555399" lon="-137.239569"><ele>1161.071</ele><time>2026-07-12T17:42:37Z</time></trkpt><trkpt lat="60.555358" lon="-137.239543"><ele>1161.868</ele><time>2026-07-12T17:42:45Z</time></trkpt><trkpt lat="60.555329" lon="-137.239522"><ele>1162.854</ele><time>2026-07-12T17:42:52Z</time></trkpt><trkpt lat="60.555299" lon="-137.239498"><ele>1163.879</ele><time>2026-07-12T17:42:58Z</time></trkpt><trkpt lat="60.555297" lon="-137.239495"><ele>1164.053</ele><time>2026-07-12T17:42:59Z</time></trkpt><trkpt lat="60.555266" lon="-137.239494"><ele>1165.078</ele><time>2026-07-12T17:43:05Z</time></trkpt><trkpt lat="60.555264" lon="-137.239509"><ele>1165.432</ele><time>2026-07-12T17:43:07Z</time></trkpt><trkpt lat="60.55525" lon="-137.239536"><ele>1166.037</ele><time>2026-07-12T17:43:13Z</time></trkpt><trkpt lat="60.555234" lon="-137.239538"><ele>1166.449</ele><time>2026-07-12T17:43:16Z</time></trkpt><trkpt lat="60.555205" lon="-137.239487"><ele>1167.013</ele><time>2026-07-12T17:43:23Z</time></trkpt><trkpt lat="60.555202" lon="-137.239481"><ele>1167.009</ele><time>2026-07-12T17:43:24Z</time></trkpt><trkpt lat="60.555195" lon="-137.239477"><ele>1167.295</ele><time>2026-07-12T17:43:25Z</time></trkpt><trkpt lat="60.555166" lon="-137.239455"><ele>1168.040</ele><time>2026-07-12T17:43:31Z</time></trkpt><trkpt lat="60.55515" lon="-137.239445"><ele>1168.427</ele><time>2026-07-12T17:43:34Z</time></trkpt><trkpt lat="60.555144" lon="-137.239439"><ele>1169.254</ele><time>2026-07-12T17:43:37Z</time></trkpt><trkpt lat="60.555142" lon="-137.239454"><ele>1169.410</ele><time>2026-07-12T17:43:39Z</time></trkpt><trkpt lat="60.555138" lon="-137.239461"><ele>1169.435</ele><time>2026-07-12T17:43:40Z</time></trkpt><trkpt lat="60.555121" lon="-137.239448"><ele>1169.879</ele><time>2026-07-12T17:43:45Z</time></trkpt><trkpt lat="60.555105" lon="-137.239451"><ele>1170.494</ele><time>2026-07-12T17:43:50Z</time></trkpt><trkpt lat="60.555096" lon="-137.239458"><ele>1170.878</ele><time>2026-07-12T17:43:53Z</time></trkpt><trkpt lat="60.555083" lon="-137.239486"><ele>1171.443</ele><time>2026-07-12T17:43:57Z</time></trkpt><trkpt lat="60.555065" lon="-137.23955"><ele>1172.464</ele><time>2026-07-12T17:44:03Z</time></trkpt><trkpt lat="60.555063" lon="-137.239565"><ele>1172.610</ele><time>2026-07-12T17:44:04Z</time></trkpt><trkpt lat="60.555042" lon="-137.239589"><ele>1173.409</ele><time>2026-07-12T17:44:12Z</time></trkpt><trkpt lat="60.555037" lon="-137.239585"><ele>1173.656</ele><time>2026-07-12T17:44:13Z</time></trkpt><trkpt lat="60.555019" lon="-137.239621"><ele>1174.651</ele><time>2026-07-12T17:44:20Z</time></trkpt><trkpt lat="60.555005" lon="-137.23967"><ele>1175.898</ele><time>2026-07-12T17:44:27Z</time></trkpt><trkpt lat="60.555008" lon="-137.239684"><ele>1176.075</ele><time>2026-07-12T17:44:28Z</time></trkpt><trkpt lat="60.554982" lon="-137.239713"><ele>1176.831</ele><time>2026-07-12T17:44:35Z</time></trkpt><trkpt lat="60.554979" lon="-137.239715"><ele>1177.046</ele><time>2026-07-12T17:44:36Z</time></trkpt><trkpt lat="60.55497" lon="-137.239727"><ele>1178.010</ele><time>2026-07-12T17:44:43Z</time></trkpt><trkpt lat="60.554957" lon="-137.239788"><ele>1179.065</ele><time>2026-07-12T17:44:50Z</time></trkpt><trkpt lat="60.55495" lon="-137.239805"><ele>1179.269</ele><time>2026-07-12T17:44:51Z</time></trkpt><trkpt lat="60.554924" lon="-137.23984"><ele>1180.053</ele><time>2026-07-12T17:44:58Z</time></trkpt><trkpt lat="60.554918" lon="-137.239832"><ele>1180.204</ele><time>2026-07-12T17:44:59Z</time></trkpt><trkpt lat="60.554889" lon="-137.239818"><ele>1181.014</ele><time>2026-07-12T17:45:06Z</time></trkpt><trkpt lat="60.554892" lon="-137.239824"><ele>1181.009</ele><time>2026-07-12T17:45:07Z</time></trkpt><trkpt lat="60.554877" lon="-137.239861"><ele>1182.017</ele><time>2026-07-12T17:45:14Z</time></trkpt><trkpt lat="60.554871" lon="-137.239855"><ele>1182.292</ele><time>2026-07-12T17:45:16Z</time></trkpt><trkpt lat="60.554838" lon="-137.23986"><ele>1183.019</ele><time>2026-07-12T17:45:23Z</time></trkpt><trkpt lat="60.554829" lon="-137.23987"><ele>1183.266</ele><time>2026-07-12T17:45:25Z</time></trkpt><trkpt lat="60.554829" lon="-137.239909"><ele>1183.832</ele><time>2026-07-12T17:45:30Z</time></trkpt><trkpt lat="60.554827" lon="-137.239942"><ele>1184.257</ele><time>2026-07-12T17:45:33Z</time></trkpt><trkpt lat="60.554823" lon="-137.239948"><ele>1184.481</ele><time>2026-07-12T17:45:34Z</time></trkpt><trkpt lat="60.554802" lon="-137.239937"><ele>1185.236</ele><time>2026-07-12T17:45:39Z</time></trkpt><trkpt lat="60.554797" lon="-137.239937"><ele>1185.410</ele><time>2026-07-12T17:45:40Z</time></trkpt><trkpt lat="60.554755" lon="-137.239938"><ele>1186.287</ele><time>2026-07-12T17:45:48Z</time></trkpt><trkpt lat="60.554753" lon="-137.239946"><ele>1186.442</ele><time>2026-07-12T17:45:49Z</time></trkpt><trkpt lat="60.554744" lon="-137.239977"><ele>1187.026</ele><time>2026-07-12T17:45:53Z</time></trkpt><trkpt lat="60.554733" lon="-137.239993"><ele>1187.409</ele><time>2026-07-12T17:45:56Z</time></trkpt><trkpt lat="60.554703" lon="-137.23999"><ele>1188.690</ele><time>2026-07-12T17:46:03Z</time></trkpt><trkpt lat="60.554698" lon="-137.239997"><ele>1188.645</ele><time>2026-07-12T17:46:04Z</time></trkpt><trkpt lat="60.55467" lon="-137.240004"><ele>1189.612</ele><time>2026-07-12T17:46:10Z</time></trkpt><trkpt lat="60.554665" lon="-137.240002"><ele>1189.849</ele><time>2026-07-12T17:46:11Z</time></trkpt><trkpt lat="60.554616" lon="-137.240001"><ele>1190.665</ele><time>2026-07-12T17:46:20Z</time></trkpt><trkpt lat="60.554612" lon="-137.240009"><ele>1190.860</ele><time>2026-07-12T17:46:22Z</time></trkpt><trkpt lat="60.554604" lon="-137.240052"><ele>1191.884</ele><time>2026-07-12T17:46:29Z</time></trkpt><trkpt lat="60.554599" lon="-137.240081"><ele>1192.259</ele><time>2026-07-12T17:46:32Z</time></trkpt><trkpt lat="60.55459" lon="-137.24012"><ele>1192.483</ele><time>2026-07-12T17:46:35Z</time></trkpt><trkpt lat="60.554586" lon="-137.240133"><ele>1192.869</ele><time>2026-07-12T17:46:37Z</time></trkpt><trkpt lat="60.554581" lon="-137.240139"><ele>1193.004</ele><time>2026-07-12T17:46:39Z</time></trkpt><trkpt lat="60.55456" lon="-137.240141"><ele>1193.824</ele><time>2026-07-12T17:46:45Z</time></trkpt><trkpt lat="60.554558" lon="-137.24013"><ele>1194.209</ele><time>2026-07-12T17:46:47Z</time></trkpt><trkpt lat="60.554546" lon="-137.240097"><ele>1195.068</ele><time>2026-07-12T17:46:51Z</time></trkpt><trkpt lat="60.554536" lon="-137.240083"><ele>1195.283</ele><time>2026-07-12T17:46:53Z</time></trkpt><trkpt lat="60.554514" lon="-137.24013"><ele>1196.280</ele><time>2026-07-12T17:47:00Z</time></trkpt><trkpt lat="60.554479" lon="-137.240146"><ele>1197.297</ele><time>2026-07-12T17:47:07Z</time></trkpt><trkpt lat="60.554471" lon="-137.240133"><ele>1197.613</ele><time>2026-07-12T17:47:09Z</time></trkpt><trkpt lat="60.554465" lon="-137.240107"><ele>1198.298</ele><time>2026-07-12T17:47:12Z</time></trkpt><trkpt lat="60.554434" lon="-137.2401"><ele>1198.862</ele><time>2026-07-12T17:47:18Z</time></trkpt><trkpt lat="60.554421" lon="-137.240133"><ele>1199.687</ele><time>2026-07-12T17:47:22Z</time></trkpt><trkpt lat="60.554413" lon="-137.240137"><ele>1200.241</ele><time>2026-07-12T17:47:27Z</time></trkpt><trkpt lat="60.554398" lon="-137.240147"><ele>1200.625</ele><time>2026-07-12T17:47:31Z</time></trkpt><trkpt lat="60.55438" lon="-137.240142"><ele>1201.226</ele><time>2026-07-12T17:47:35Z</time></trkpt><trkpt lat="60.554372" lon="-137.240133"><ele>1201.608</ele><time>2026-07-12T17:47:37Z</time></trkpt><trkpt lat="60.554362" lon="-137.24014"><ele>1202.609</ele><time>2026-07-12T17:47:43Z</time></trkpt><trkpt lat="60.554357" lon="-137.24015"><ele>1202.834</ele><time>2026-07-12T17:47:45Z</time></trkpt><trkpt lat="60.554348" lon="-137.240187"><ele>1204.069</ele><time>2026-07-12T17:47:50Z</time></trkpt><trkpt lat="60.554346" lon="-137.24019"><ele>1204.266</ele><time>2026-07-12T17:47:51Z</time></trkpt><trkpt lat="60.554331" lon="-137.240201"><ele>1205.043</ele><time>2026-07-12T17:47:57Z</time></trkpt><trkpt lat="60.554334" lon="-137.240194"><ele>1205.479</ele><time>2026-07-12T17:47:59Z</time></trkpt><trkpt lat="60.55427" lon="-137.2402"><ele>1205.884</ele><time>2026-07-12T17:48:10Z</time></trkpt><trkpt lat="60.55425" lon="-137.240207"><ele>1206.688</ele><time>2026-07-12T17:48:13Z</time></trkpt><trkpt lat="60.554238" lon="-137.240215"><ele>1208.063</ele><time>2026-07-12T17:48:15Z</time></trkpt><trkpt lat="60.554225" lon="-137.240225"><ele>1209.487</ele><time>2026-07-12T17:48:17Z</time></trkpt><trkpt lat="60.5542" lon="-137.24023"><ele>1207.845</ele><time>2026-07-12T17:48:22Z</time></trkpt><trkpt lat="60.554175" lon="-137.240246"><ele>1208.447</ele><time>2026-07-12T17:48:26Z</time></trkpt><trkpt lat="60.554148" lon="-137.240243"><ele>1208.811</ele><time>2026-07-12T17:48:33Z</time></trkpt><trkpt lat="60.554136" lon="-137.240229"><ele>1209.209</ele><time>2026-07-12T17:48:35Z</time></trkpt><trkpt lat="60.554114" lon="-137.240219"><ele>1210.046</ele><time>2026-07-12T17:48:38Z</time></trkpt><trkpt lat="60.554092" lon="-137.240216"><ele>1211.071</ele><time>2026-07-12T17:48:41Z</time></trkpt><trkpt lat="60.554077" lon="-137.240223"><ele>1211.218</ele><time>2026-07-12T17:48:43Z</time></trkpt><trkpt lat="60.554035" lon="-137.240257"><ele>1212.035</ele><time>2026-07-12T17:48:49Z</time></trkpt><trkpt lat="60.55403" lon="-137.240259"><ele>1212.011</ele><time>2026-07-12T17:48:50Z</time></trkpt><trkpt lat="60.553984" lon="-137.240282"><ele>1213.016</ele><time>2026-07-12T17:48:58Z</time></trkpt><trkpt lat="60.553941" lon="-137.240265"><ele>1213.460</ele><time>2026-07-12T17:49:06Z</time></trkpt><trkpt lat="60.553923" lon="-137.240257"><ele>1214.265</ele><time>2026-07-12T17:49:09Z</time></trkpt><trkpt lat="60.553893" lon="-137.240257"><ele>1215.019</ele><time>2026-07-12T17:49:14Z</time></trkpt><trkpt lat="60.553853" lon="-137.240259"><ele>1213.673</ele><time>2026-07-12T17:49:22Z</time></trkpt><trkpt lat="60.553808" lon="-137.240285"><ele>1214.885</ele><time>2026-07-12T17:49:29Z</time></trkpt><trkpt lat="60.553791" lon="-137.240297"><ele>1215.213</ele><time>2026-07-12T17:49:33Z</time></trkpt><trkpt lat="60.553771" lon="-137.240301"><ele>1216.409</ele><time>2026-07-12T17:49:37Z</time></trkpt><trkpt lat="60.553754" lon="-137.240317"><ele>1217.429</ele><time>2026-07-12T17:49:42Z</time></trkpt><trkpt lat="60.553747" lon="-137.240324"><ele>1217.654</ele><time>2026-07-12T17:49:44Z</time></trkpt><trkpt lat="60.553728" lon="-137.24033"><ele>1218.611</ele><time>2026-07-12T17:49:52Z</time></trkpt><trkpt lat="60.553693" lon="-137.240303"><ele>1219.468</ele><time>2026-07-12T17:49:59Z</time></trkpt><trkpt lat="60.553691" lon="-137.240299"><ele>1219.674</ele><time>2026-07-12T17:50:00Z</time></trkpt><trkpt lat="60.55366" lon="-137.240271"><ele>1220.869</ele><time>2026-07-12T17:50:07Z</time></trkpt><trkpt lat="60.553652" lon="-137.240275"><ele>1221.093</ele><time>2026-07-12T17:50:09Z</time></trkpt><trkpt lat="60.553632" lon="-137.240269"><ele>1221.628</ele><time>2026-07-12T17:50:15Z</time></trkpt><trkpt lat="60.553631" lon="-137.240267"><ele>1221.862</ele><time>2026-07-12T17:50:16Z</time></trkpt><trkpt lat="60.553599" lon="-137.240275"><ele>1222.899</ele><time>2026-07-12T17:50:24Z</time></trkpt><trkpt lat="60.553579" lon="-137.240276"><ele>1223.407</ele><time>2026-07-12T17:50:30Z</time></trkpt><trkpt lat="60.553561" lon="-137.240263"><ele>1223.827</ele><time>2026-07-12T17:50:35Z</time></trkpt><trkpt lat="60.553548" lon="-137.24025"><ele>1224.209</ele><time>2026-07-12T17:50:37Z</time></trkpt><trkpt lat="60.55353" lon="-137.240244"><ele>1224.891</ele><time>2026-07-12T17:50:43Z</time></trkpt><trkpt lat="60.553527" lon="-137.240243"><ele>1225.016</ele><time>2026-07-12T17:50:44Z</time></trkpt><trkpt lat="60.553505" lon="-137.240259"><ele>1226.033</ele><time>2026-07-12T17:50:51Z</time></trkpt><trkpt lat="60.553503" lon="-137.240259"><ele>1226.070</ele><time>2026-07-12T17:50:52Z</time></trkpt><trkpt lat="60.553472" lon="-137.240267"><ele>1227.076</ele><time>2026-07-12T17:51:02Z</time></trkpt><trkpt lat="60.553469" lon="-137.240262"><ele>1227.261</ele><time>2026-07-12T17:51:03Z</time></trkpt><trkpt lat="60.553432" lon="-137.240238"><ele>1228.025</ele><time>2026-07-12T17:51:12Z</time></trkpt><trkpt lat="60.553431" lon="-137.24024"><ele>1228.220</ele><time>2026-07-12T17:51:13Z</time></trkpt><trkpt lat="60.553425" lon="-137.240231"><ele>1229.024</ele><time>2026-07-12T17:51:18Z</time></trkpt><trkpt lat="60.553421" lon="-137.240235"><ele>1229.242</ele><time>2026-07-12T17:51:19Z</time></trkpt><trkpt lat="60.553413" lon="-137.240237"><ele>1229.622</ele><time>2026-07-12T17:51:22Z</time></trkpt><trkpt lat="60.553404" lon="-137.240232"><ele>1230.014</ele><time>2026-07-12T17:51:25Z</time></trkpt><trkpt lat="60.553398" lon="-137.240229"><ele>1230.209</ele><time>2026-07-12T17:51:26Z</time></trkpt><trkpt lat="60.553377" lon="-137.240221"><ele>1231.046</ele><time>2026-07-12T17:51:31Z</time></trkpt><trkpt lat="60.553369" lon="-137.240231"><ele>1231.261</ele><time>2026-07-12T17:51:33Z</time></trkpt><trkpt lat="60.553362" lon="-137.240237"><ele>1231.498</ele><time>2026-07-12T17:51:34Z</time></trkpt><trkpt lat="60.553345" lon="-137.240226"><ele>1232.475</ele><time>2026-07-12T17:51:39Z</time></trkpt><trkpt lat="60.553323" lon="-137.240239"><ele>1232.681</ele><time>2026-07-12T17:51:43Z</time></trkpt><trkpt lat="60.553303" lon="-137.240247"><ele>1233.696</ele><time>2026-07-12T17:51:47Z</time></trkpt><trkpt lat="60.553285" lon="-137.240245"><ele>1234.820</ele><time>2026-07-12T17:51:51Z</time></trkpt><trkpt lat="60.553268" lon="-137.240229"><ele>1235.435</ele><time>2026-07-12T17:51:58Z</time></trkpt><trkpt lat="60.553235" lon="-137.240232"><ele>1235.879</ele><time>2026-07-12T17:52:05Z</time></trkpt><trkpt lat="60.553219" lon="-137.240238"><ele>1236.272</ele><time>2026-07-12T17:52:08Z</time></trkpt><trkpt lat="60.553196" lon="-137.240248"><ele>1236.813</ele><time>2026-07-12T17:52:13Z</time></trkpt><trkpt lat="60.553172" lon="-137.240274"><ele>1237.214</ele><time>2026-07-12T17:52:17Z</time></trkpt><trkpt lat="60.553163" lon="-137.240264"><ele>1237.809</ele><time>2026-07-12T17:52:22Z</time></trkpt><trkpt lat="60.553145" lon="-137.240259"><ele>1238.089</ele><time>2026-07-12T17:52:25Z</time></trkpt><trkpt lat="60.55312" lon="-137.240265"><ele>1239.054</ele><time>2026-07-12T17:52:30Z</time></trkpt><trkpt lat="60.553114" lon="-137.24026"><ele>1239.281</ele><time>2026-07-12T17:52:32Z</time></trkpt><trkpt lat="60.553088" lon="-137.240271"><ele>1240.238</ele><time>2026-07-12T17:52:37Z</time></trkpt><trkpt lat="60.553078" lon="-137.240263"><ele>1240.884</ele><time>2026-07-12T17:52:39Z</time></trkpt><trkpt lat="60.553069" lon="-137.240272"><ele>1241.449</ele><time>2026-07-12T17:52:41Z</time></trkpt><trkpt lat="60.553049" lon="-137.24028"><ele>1242.473</ele><time>2026-07-12T17:52:45Z</time></trkpt><trkpt lat="60.553053" lon="-137.240263"><ele>1242.648</ele><time>2026-07-12T17:52:51Z</time></trkpt><trkpt lat="60.553048" lon="-137.240242"><ele>1242.462</ele><time>2026-07-12T17:52:53Z</time></trkpt><trkpt lat="60.553032" lon="-137.24021"><ele>1243.059</ele><time>2026-07-12T17:52:56Z</time></trkpt><trkpt lat="60.553024" lon="-137.240195"><ele>1243.403</ele><time>2026-07-12T17:52:58Z</time></trkpt><trkpt lat="60.553014" lon="-137.240185"><ele>1243.623</ele><time>2026-07-12T17:53:00Z</time></trkpt><trkpt lat="60.553026" lon="-137.240201"><ele>1244.209</ele><time>2026-07-12T17:53:06Z</time></trkpt><trkpt lat="60.553018" lon="-137.240203"><ele>1244.247</ele><time>2026-07-12T17:53:14Z</time></trkpt><trkpt lat="60.553005" lon="-137.240191"><ele>1244.412</ele><time>2026-07-12T17:53:22Z</time></trkpt><trkpt lat="60.553008" lon="-137.240191"><ele>1244.469</ele><time>2026-07-12T17:53:23Z</time></trkpt><trkpt lat="60.553015" lon="-137.240201"><ele>1244.226</ele><time>2026-07-12T17:53:30Z</time></trkpt><trkpt lat="60.55303" lon="-137.24019"><ele>1244.432</ele><time>2026-07-12T17:53:36Z</time></trkpt><trkpt lat="60.553025" lon="-137.24019"><ele>1244.457</ele><time>2026-07-12T17:53:37Z</time></trkpt><trkpt lat="60.553021" lon="-137.240194"><ele>1244.481</ele><time>2026-07-12T17:53:38Z</time></trkpt><trkpt lat="60.553016" lon="-137.24019"><ele>1244.046</ele><time>2026-07-12T17:53:44Z</time></trkpt><trkpt lat="60.553017" lon="-137.240197"><ele>1244.440</ele><time>2026-07-12T17:53:47Z</time></trkpt><trkpt lat="60.552999" lon="-137.240216"><ele>1244.252</ele><time>2026-07-12T17:53:57Z</time></trkpt><trkpt lat="60.553001" lon="-137.240203"><ele>1243.853</ele><time>2026-07-12T17:54:08Z</time></trkpt><trkpt lat="60.553013" lon="-137.240193"><ele>1243.808</ele><time>2026-07-12T17:54:14Z</time></trkpt><trkpt lat="60.553017" lon="-137.240191"><ele>1244.009</ele><time>2026-07-12T17:54:23Z</time></trkpt><trkpt lat="60.553036" lon="-137.240164"><ele>1243.667</ele><time>2026-07-12T17:54:32Z</time></trkpt><trkpt lat="60.553033" lon="-137.240159"><ele>1243.642</ele><time>2026-07-12T17:54:35Z</time></trkpt><trkpt lat="60.553008" lon="-137.240157"><ele>1244.229</ele><time>2026-07-12T17:54:43Z</time></trkpt><trkpt lat="60.553008" lon="-137.240157"><ele>1244.256</ele><time>2026-07-12T17:54:55Z</time></trkpt><trkpt lat="60.553014" lon="-137.240199"><ele>1244.412</ele><time>2026-07-12T17:55:04Z</time></trkpt><trkpt lat="60.552977" lon="-137.240128"><ele>1246.467</ele><time>2026-07-12T17:58:12Z</time></trkpt><trkpt lat="60.552974" lon="-137.24011"><ele>1246.651</ele><time>2026-07-12T17:58:13Z</time></trkpt><trkpt lat="60.553006" lon="-137.240003"><ele>1246.066</ele><time>2026-07-12T17:58:20Z</time></trkpt><trkpt lat="60.553014" lon="-137.239919"><ele>1247.090</ele><time>2026-07-12T17:58:28Z</time></trkpt><trkpt lat="60.55302" lon="-137.239867"><ele>1247.626</ele><time>2026-07-12T17:58:32Z</time></trkpt><trkpt lat="60.553023" lon="-137.239815"><ele>1247.847</ele><time>2026-07-12T17:58:35Z</time></trkpt><trkpt lat="60.553033" lon="-137.239736"><ele>1248.611</ele><time>2026-07-12T17:58:40Z</time></trkpt><trkpt lat="60.553034" lon="-137.239717"><ele>1248.609</ele><time>2026-07-12T17:58:41Z</time></trkpt><trkpt lat="60.553037" lon="-137.239698"><ele>1249.284</ele><time>2026-07-12T17:58:43Z</time></trkpt><trkpt lat="60.553041" lon="-137.23966"><ele>1249.829</ele><time>2026-07-12T17:58:46Z</time></trkpt><trkpt lat="60.553053" lon="-137.239606"><ele>1250.476</ele><time>2026-07-12T17:58:51Z</time></trkpt><trkpt lat="60.553053" lon="-137.239587"><ele>1250.873</ele><time>2026-07-12T17:58:53Z</time></trkpt><trkpt lat="60.55305" lon="-137.239534"><ele>1251.849</ele><time>2026-07-12T17:58:59Z</time></trkpt><trkpt lat="60.553053" lon="-137.239526"><ele>1251.894</ele><time>2026-07-12T17:59:00Z</time></trkpt><trkpt lat="60.553082" lon="-137.239447"><ele>1253.068</ele><time>2026-07-12T17:59:06Z</time></trkpt><trkpt lat="60.553082" lon="-137.239438"><ele>1253.473</ele><time>2026-07-12T17:59:08Z</time></trkpt><trkpt lat="60.553092" lon="-137.239372"><ele>1254.067</ele><time>2026-07-12T17:59:14Z</time></trkpt><trkpt lat="60.553096" lon="-137.239361"><ele>1254.252</ele><time>2026-07-12T17:59:15Z</time></trkpt><trkpt lat="60.553135" lon="-137.239288"><ele>1255.053</ele><time>2026-07-12T17:59:22Z</time></trkpt><trkpt lat="60.553143" lon="-137.239265"><ele>1255.208</ele><time>2026-07-12T17:59:24Z</time></trkpt><trkpt lat="60.553145" lon="-137.239238"><ele>1255.609</ele><time>2026-07-12T17:59:26Z</time></trkpt><trkpt lat="60.553188" lon="-137.239141"><ele>1256.087</ele><time>2026-07-12T17:59:34Z</time></trkpt><trkpt lat="60.553196" lon="-137.239111"><ele>1256.292</ele><time>2026-07-12T17:59:37Z</time></trkpt><trkpt lat="60.553204" lon="-137.239085"><ele>1256.669</ele><time>2026-07-12T17:59:40Z</time></trkpt><trkpt lat="60.553198" lon="-137.239062"><ele>1257.216</ele><time>2026-07-12T17:59:43Z</time></trkpt><trkpt lat="60.553196" lon="-137.239055"><ele>1257.412</ele><time>2026-07-12T17:59:44Z</time></trkpt><trkpt lat="60.55318" lon="-137.239036"><ele>1258.297</ele><time>2026-07-12T17:59:48Z</time></trkpt><trkpt lat="60.553167" lon="-137.23902"><ele>1259.241</ele><time>2026-07-12T17:59:53Z</time></trkpt><trkpt lat="60.553166" lon="-137.239018"><ele>1259.456</ele><time>2026-07-12T17:59:54Z</time></trkpt><trkpt lat="60.553168" lon="-137.238997"><ele>1260.420</ele><time>2026-07-12T17:59:59Z</time></trkpt><trkpt lat="60.553167" lon="-137.238987"><ele>1260.836</ele><time>2026-07-12T18:00:01Z</time></trkpt><trkpt lat="60.553168" lon="-137.238983"><ele>1261.017</ele><time>2026-07-12T18:00:02Z</time></trkpt><trkpt lat="60.553168" lon="-137.238966"><ele>1261.618</ele><time>2026-07-12T18:00:05Z</time></trkpt><trkpt lat="60.553172" lon="-137.238914"><ele>1262.809</ele><time>2026-07-12T18:00:11Z</time></trkpt><trkpt lat="60.553176" lon="-137.238898"><ele>1263.475</ele><time>2026-07-12T18:00:13Z</time></trkpt><trkpt lat="60.553176" lon="-137.238875"><ele>1264.080</ele><time>2026-07-12T18:00:16Z</time></trkpt><trkpt lat="60.553185" lon="-137.238838"><ele>1265.037</ele><time>2026-07-12T18:00:22Z</time></trkpt><trkpt lat="60.553187" lon="-137.238794"><ele>1265.894</ele><time>2026-07-12T18:00:28Z</time></trkpt><trkpt lat="60.553188" lon="-137.238788"><ele>1266.040</ele><time>2026-07-12T18:00:29Z</time></trkpt><trkpt lat="60.553193" lon="-137.238766"><ele>1266.625</ele><time>2026-07-12T18:00:32Z</time></trkpt><trkpt lat="60.553202" lon="-137.238727"><ele>1267.039</ele><time>2026-07-12T18:00:37Z</time></trkpt><trkpt lat="60.553211" lon="-137.238687"><ele>1267.654</ele><time>2026-07-12T18:00:41Z</time></trkpt><trkpt lat="60.553223" lon="-137.238647"><ele>1268.298</ele><time>2026-07-12T18:00:45Z</time></trkpt><trkpt lat="60.553224" lon="-137.238619"><ele>1268.851</ele><time>2026-07-12T18:00:49Z</time></trkpt><trkpt lat="60.553222" lon="-137.238607"><ele>1269.201</ele><time>2026-07-12T18:00:52Z</time></trkpt><trkpt lat="60.553232" lon="-137.238568"><ele>1270.211</ele><time>2026-07-12T18:00:58Z</time></trkpt><trkpt lat="60.553242" lon="-137.238513"><ele>1271.409</ele><time>2026-07-12T18:01:06Z</time></trkpt><trkpt lat="60.553246" lon="-137.238473"><ele>1271.627</ele><time>2026-07-12T18:01:15Z</time></trkpt><trkpt lat="60.553237" lon="-137.238425"><ele>1271.862</ele><time>2026-07-12T18:01:21Z</time></trkpt><trkpt lat="60.553237" lon="-137.238422"><ele>1272.029</ele><time>2026-07-12T18:01:23Z</time></trkpt><trkpt lat="60.553237" lon="-137.238397"><ele>1272.436</ele><time>2026-07-12T18:01:28Z</time></trkpt><trkpt lat="60.553233" lon="-137.238385"><ele>1272.622</ele><time>2026-07-12T18:01:31Z</time></trkpt><trkpt lat="60.553226" lon="-137.238364"><ele>1273.497</ele><time>2026-07-12T18:01:36Z</time></trkpt><trkpt lat="60.553225" lon="-137.238363"><ele>1273.641</ele><time>2026-07-12T18:01:37Z</time></trkpt><trkpt lat="60.553222" lon="-137.238338"><ele>1274.626</ele><time>2026-07-12T18:01:41Z</time></trkpt><trkpt lat="60.553219" lon="-137.238312"><ele>1275.490</ele><time>2026-07-12T18:01:45Z</time></trkpt><trkpt lat="60.553219" lon="-137.238304"><ele>1275.667</ele><time>2026-07-12T18:01:46Z</time></trkpt><trkpt lat="60.553222" lon="-137.238291"><ele>1276.081</ele><time>2026-07-12T18:01:48Z</time></trkpt><trkpt lat="60.553223" lon="-137.238243"><ele>1276.819</ele><time>2026-07-12T18:01:54Z</time></trkpt><trkpt lat="60.553222" lon="-137.238235"><ele>1277.009</ele><time>2026-07-12T18:01:55Z</time></trkpt><trkpt lat="60.553218" lon="-137.2382"><ele>1278.028</ele><time>2026-07-12T18:01:59Z</time></trkpt><trkpt lat="60.553217" lon="-137.238176"><ele>1278.623</ele><time>2026-07-12T18:02:01Z</time></trkpt><trkpt lat="60.553216" lon="-137.238159"><ele>1278.810</ele><time>2026-07-12T18:02:02Z</time></trkpt><trkpt lat="60.553214" lon="-137.23816"><ele>1279.047</ele><time>2026-07-12T18:02:03Z</time></trkpt><trkpt lat="60.553213" lon="-137.238161"><ele>1279.093</ele><time>2026-07-12T18:02:04Z</time></trkpt><trkpt lat="60.553213" lon="-137.238161"><ele>1279.088</ele><time>2026-07-12T18:02:09Z</time></trkpt><trkpt lat="60.553213" lon="-137.238161"><ele>1279.032</ele><time>2026-07-12T18:02:12Z</time></trkpt><trkpt lat="60.553213" lon="-137.238161"><ele>1279.097</ele><time>2026-07-12T18:02:13Z</time></trkpt><trkpt lat="60.553213" lon="-137.238161"><ele>1279.021</ele><time>2026-07-12T18:02:16Z</time></trkpt><trkpt lat="60.553213" lon="-137.238161"><ele>1279.094</ele><time>2026-07-12T18:02:21Z</time></trkpt><trkpt lat="60.553213" lon="-137.238161"><ele>1279.057</ele><time>2026-07-12T18:02:23Z</time></trkpt><trkpt lat="60.553213" lon="-137.238161"><ele>1279.022</ele><time>2026-07-12T18:02:27Z</time></trkpt><trkpt lat="60.55322" lon="-137.238172"><ele>1279.609</ele><time>2026-07-12T18:02:41Z</time></trkpt><trkpt lat="60.553212" lon="-137.238172"><ele>1279.421</ele><time>2026-07-12T18:02:43Z</time></trkpt><trkpt lat="60.553196" lon="-137.238178"><ele>1280.226</ele><time>2026-07-12T18:02:48Z</time></trkpt><trkpt lat="60.553186" lon="-137.238192"><ele>1280.653</ele><time>2026-07-12T18:02:51Z</time></trkpt><trkpt lat="60.553177" lon="-137.238181"><ele>1281.050</ele><time>2026-07-12T18:02:55Z</time></trkpt><trkpt lat="60.553177" lon="-137.238169"><ele>1281.436</ele><time>2026-07-12T18:02:57Z</time></trkpt><trkpt lat="60.553177" lon="-137.23815"><ele>1281.631</ele><time>2026-07-12T18:02:59Z</time></trkpt><trkpt lat="60.553179" lon="-137.238123"><ele>1282.085</ele><time>2026-07-12T18:03:02Z</time></trkpt><trkpt lat="60.55317" lon="-137.238115"><ele>1282.440</ele><time>2026-07-12T18:03:04Z</time></trkpt><trkpt lat="60.553165" lon="-137.238121"><ele>1283.254</ele><time>2026-07-12T18:03:10Z</time></trkpt><trkpt lat="60.553164" lon="-137.23812"><ele>1283.438</ele><time>2026-07-12T18:03:11Z</time></trkpt><trkpt lat="60.553158" lon="-137.23811"><ele>1283.870</ele><time>2026-07-12T18:03:12Z</time></trkpt><trkpt lat="60.553154" lon="-137.238067"><ele>1284.617</ele><time>2026-07-12T18:03:17Z</time></trkpt><trkpt lat="60.55315" lon="-137.238047"><ele>1284.609</ele><time>2026-07-12T18:03:19Z</time></trkpt><trkpt lat="60.553128" lon="-137.238043"><ele>1285.615</ele><time>2026-07-12T18:03:27Z</time></trkpt><trkpt lat="60.553124" lon="-137.23805"><ele>1285.670</ele><time>2026-07-12T18:03:28Z</time></trkpt><trkpt lat="60.553112" lon="-137.238064"><ele>1286.257</ele><time>2026-07-12T18:03:34Z</time></trkpt><trkpt lat="60.553104" lon="-137.238084"><ele>1286.684</ele><time>2026-07-12T18:03:38Z</time></trkpt><trkpt lat="60.553094" lon="-137.238096"><ele>1287.080</ele><time>2026-07-12T18:03:41Z</time></trkpt><trkpt lat="60.553083" lon="-137.238099"><ele>1287.895</ele><time>2026-07-12T18:03:46Z</time></trkpt><trkpt lat="60.553069" lon="-137.238113"><ele>1288.629</ele><time>2026-07-12T18:03:50Z</time></trkpt><trkpt lat="60.553061" lon="-137.238119"><ele>1288.864</ele><time>2026-07-12T18:03:53Z</time></trkpt><trkpt lat="60.553048" lon="-137.238143"><ele>1288.898</ele><time>2026-07-12T18:03:58Z</time></trkpt><trkpt lat="60.553021" lon="-137.238105"><ele>1289.656</ele><time>2026-07-12T18:04:06Z</time></trkpt><trkpt lat="60.553022" lon="-137.2381"><ele>1290.059</ele><time>2026-07-12T18:04:07Z</time></trkpt><trkpt lat="60.553022" lon="-137.238053"><ele>1290.814</ele><time>2026-07-12T18:04:15Z</time></trkpt><trkpt lat="60.553021" lon="-137.238048"><ele>1291.009</ele><time>2026-07-12T18:04:16Z</time></trkpt><trkpt lat="60.553012" lon="-137.238007"><ele>1291.427</ele><time>2026-07-12T18:04:23Z</time></trkpt><trkpt lat="60.553004" lon="-137.237958"><ele>1291.872</ele><time>2026-07-12T18:04:30Z</time></trkpt><trkpt lat="60.552996" lon="-137.237947"><ele>1292.069</ele><time>2026-07-12T18:04:33Z</time></trkpt><trkpt lat="60.552994" lon="-137.237942"><ele>1292.696</ele><time>2026-07-12T18:04:36Z</time></trkpt><trkpt lat="60.553003" lon="-137.237961"><ele>1293.062</ele><time>2026-07-12T18:04:40Z</time></trkpt><trkpt lat="60.553023" lon="-137.237971"><ele>1293.067</ele><time>2026-07-12T18:04:45Z</time></trkpt><trkpt lat="60.553026" lon="-137.237956"><ele>1293.011</ele><time>2026-07-12T18:04:53Z</time></trkpt><trkpt lat="60.553025" lon="-137.237951"><ele>1292.846</ele><time>2026-07-12T18:04:57Z</time></trkpt><trkpt lat="60.553014" lon="-137.237968"><ele>1292.660</ele><time>2026-07-12T18:05:07Z</time></trkpt><trkpt lat="60.553006" lon="-137.237965"><ele>1292.636</ele><time>2026-07-12T18:05:11Z</time></trkpt><trkpt lat="60.553007" lon="-137.237968"><ele>1292.617</ele><time>2026-07-12T18:05:14Z</time></trkpt><trkpt lat="60.553007" lon="-137.237968"><ele>1292.618</ele><time>2026-07-12T18:05:15Z</time></trkpt><trkpt lat="60.553007" lon="-137.237968"><ele>1292.609</ele><time>2026-07-12T18:05:20Z</time></trkpt><trkpt lat="60.552998" lon="-137.237968"><ele>1292.485</ele><time>2026-07-12T18:05:28Z</time></trkpt><trkpt lat="60.553007" lon="-137.237968"><ele>1292.420</ele><time>2026-07-12T18:05:35Z</time></trkpt><trkpt lat="60.553006" lon="-137.237958"><ele>1292.077</ele><time>2026-07-12T18:05:44Z</time></trkpt><trkpt lat="60.553005" lon="-137.23796"><ele>1292.084</ele><time>2026-07-12T18:05:45Z</time></trkpt><trkpt lat="60.553007" lon="-137.237968"><ele>1292.260</ele><time>2026-07-12T18:05:50Z</time></trkpt><trkpt lat="60.553007" lon="-137.237968"><ele>1292.245</ele><time>2026-07-12T18:05:51Z</time></trkpt><trkpt lat="60.553007" lon="-137.237968"><ele>1292.239</ele><time>2026-07-12T18:05:53Z</time></trkpt><trkpt lat="60.553007" lon="-137.237968"><ele>1292.294</ele><time>2026-07-12T18:05:59Z</time></trkpt><trkpt lat="60.553007" lon="-137.237968"><ele>1292.218</ele><time>2026-07-12T18:06:00Z</time></trkpt><trkpt lat="60.552976" lon="-137.237961"><ele>1293.894</ele><time>2026-07-12T18:06:03Z</time></trkpt><trkpt lat="60.552958" lon="-137.237958"><ele>1294.257</ele><time>2026-07-12T18:06:05Z</time></trkpt><trkpt lat="60.552953" lon="-137.237963"><ele>1294.422</ele><time>2026-07-12T18:06:06Z</time></trkpt><trkpt lat="60.552947" lon="-137.237974"><ele>1294.209</ele><time>2026-07-12T18:06:07Z</time></trkpt><trkpt lat="60.552933" lon="-137.238018"><ele>1294.891</ele><time>2026-07-12T18:06:12Z</time></trkpt><trkpt lat="60.55293" lon="-137.238022"><ele>1295.016</ele><time>2026-07-12T18:06:13Z</time></trkpt><trkpt lat="60.552927" lon="-137.238029"><ele>1295.253</ele><time>2026-07-12T18:06:14Z</time></trkpt><trkpt lat="60.552915" lon="-137.238027"><ele>1296.270</ele><time>2026-07-12T18:06:18Z</time></trkpt><trkpt lat="60.552908" lon="-137.238042"><ele>1296.486</ele><time>2026-07-12T18:06:19Z</time></trkpt><trkpt lat="60.552906" lon="-137.238043"><ele>1296.671</ele><time>2026-07-12T18:06:20Z</time></trkpt><trkpt lat="60.552888" lon="-137.238078"><ele>1297.485</ele><time>2026-07-12T18:06:25Z</time></trkpt><trkpt lat="60.552884" lon="-137.238089"><ele>1297.850</ele><time>2026-07-12T18:06:27Z</time></trkpt><trkpt lat="60.552854" lon="-137.238093"><ele>1298.634</ele><time>2026-07-12T18:06:34Z</time></trkpt><trkpt lat="60.552838" lon="-137.238085"><ele>1299.648</ele><time>2026-07-12T18:06:39Z</time></trkpt><trkpt lat="60.55282" lon="-137.238071"><ele>1300.061</ele><time>2026-07-12T18:06:43Z</time></trkpt><trkpt lat="60.55282" lon="-137.238046"><ele>1300.417</ele><time>2026-07-12T18:06:50Z</time></trkpt><trkpt lat="60.552824" lon="-137.238036"><ele>1300.809</ele><time>2026-07-12T18:06:52Z</time></trkpt><trkpt lat="60.552818" lon="-137.238012"><ele>1301.426</ele><time>2026-07-12T18:06:56Z</time></trkpt><trkpt lat="60.552818" lon="-137.238012"><ele>1301.431</ele><time>2026-07-12T18:06:58Z</time></trkpt><trkpt lat="60.552818" lon="-137.238012"><ele>1301.458</ele><time>2026-07-12T18:06:59Z</time></trkpt><trkpt lat="60.552818" lon="-137.238011"><ele>1302.015</ele><time>2026-07-12T18:07:00Z</time></trkpt><trkpt lat="60.552813" lon="-137.237966"><ele>1302.431</ele><time>2026-07-12T18:07:04Z</time></trkpt><trkpt lat="60.552814" lon="-137.237947"><ele>1302.866</ele><time>2026-07-12T18:07:07Z</time></trkpt><trkpt lat="60.552798" lon="-137.237912"><ele>1303.270</ele><time>2026-07-12T18:07:11Z</time></trkpt><trkpt lat="60.552795" lon="-137.237912"><ele>1303.635</ele><time>2026-07-12T18:07:19Z</time></trkpt><trkpt lat="60.552793" lon="-137.237876"><ele>1304.069</ele><time>2026-07-12T18:07:25Z</time></trkpt><trkpt lat="60.552791" lon="-137.237859"><ele>1304.083</ele><time>2026-07-12T18:07:26Z</time></trkpt><trkpt lat="60.55276" lon="-137.237862"><ele>1304.625</ele><time>2026-07-12T18:07:31Z</time></trkpt><trkpt lat="60.552748" lon="-137.237879"><ele>1305.017</ele><time>2026-07-12T18:07:34Z</time></trkpt><trkpt lat="60.552751" lon="-137.237859"><ele>1305.409</ele><time>2026-07-12T18:07:37Z</time></trkpt><trkpt lat="60.552747" lon="-137.237821"><ele>1306.090</ele><time>2026-07-12T18:07:40Z</time></trkpt><trkpt lat="60.552712" lon="-137.237807"><ele>1307.095</ele><time>2026-07-12T18:07:46Z</time></trkpt><trkpt lat="60.552697" lon="-137.237827"><ele>1307.632</ele><time>2026-07-12T18:07:49Z</time></trkpt><trkpt lat="60.55269" lon="-137.237841"><ele>1308.089</ele><time>2026-07-12T18:07:51Z</time></trkpt><trkpt lat="60.552683" lon="-137.237857"><ele>1308.685</ele><time>2026-07-12T18:07:54Z</time></trkpt><trkpt lat="60.552681" lon="-137.237854"><ele>1309.080</ele><time>2026-07-12T18:07:57Z</time></trkpt><trkpt lat="60.552679" lon="-137.237853"><ele>1309.024</ele><time>2026-07-12T18:07:58Z</time></trkpt><trkpt lat="60.552671" lon="-137.237844"><ele>1309.639</ele><time>2026-07-12T18:08:02Z</time></trkpt><trkpt lat="60.552671" lon="-137.237844"><ele>1309.683</ele><time>2026-07-12T18:08:03Z</time></trkpt><trkpt lat="60.552671" lon="-137.237844"><ele>1309.669</ele><time>2026-07-12T18:08:07Z</time></trkpt><trkpt lat="60.552661" lon="-137.237829"><ele>1310.404</ele><time>2026-07-12T18:08:10Z</time></trkpt><trkpt lat="60.552653" lon="-137.237774"><ele>1311.024</ele><time>2026-07-12T18:08:16Z</time></trkpt><trkpt lat="60.552651" lon="-137.23777"><ele>1311.209</ele><time>2026-07-12T18:08:17Z</time></trkpt><trkpt lat="60.55263" lon="-137.237749"><ele>1312.018</ele><time>2026-07-12T18:08:22Z</time></trkpt><trkpt lat="60.552623" lon="-137.23775"><ele>1312.263</ele><time>2026-07-12T18:08:23Z</time></trkpt><trkpt lat="60.552618" lon="-137.23773"><ele>1312.890</ele><time>2026-07-12T18:08:28Z</time></trkpt><trkpt lat="60.552611" lon="-137.237713"><ele>1313.057</ele><time>2026-07-12T18:08:31Z</time></trkpt><trkpt lat="60.552611" lon="-137.237704"><ele>1313.273</ele><time>2026-07-12T18:08:32Z</time></trkpt><trkpt lat="60.552602" lon="-137.237666"><ele>1313.668</ele><time>2026-07-12T18:08:36Z</time></trkpt><trkpt lat="60.552598" lon="-137.237658"><ele>1313.862</ele><time>2026-07-12T18:08:37Z</time></trkpt><trkpt lat="60.552585" lon="-137.237602"><ele>1314.227</ele><time>2026-07-12T18:08:43Z</time></trkpt><trkpt lat="60.552581" lon="-137.237584"><ele>1314.851</ele><time>2026-07-12T18:08:46Z</time></trkpt><trkpt lat="60.552584" lon="-137.2376"><ele>1315.476</ele><time>2026-07-12T18:08:49Z</time></trkpt><trkpt lat="60.552582" lon="-137.237602"><ele>1315.690</ele><time>2026-07-12T18:08:52Z</time></trkpt><trkpt lat="60.552582" lon="-137.237606"><ele>1315.619</ele><time>2026-07-12T18:08:53Z</time></trkpt><trkpt lat="60.552582" lon="-137.237625"><ele>1316.209</ele><time>2026-07-12T18:08:57Z</time></trkpt><trkpt lat="60.552583" lon="-137.237624"><ele>1316.419</ele><time>2026-07-12T18:08:58Z</time></trkpt><trkpt lat="60.552582" lon="-137.237622"><ele>1316.664</ele><time>2026-07-12T18:09:02Z</time></trkpt><trkpt lat="60.552568" lon="-137.237635"><ele>1316.691</ele><time>2026-07-12T18:09:05Z</time></trkpt><trkpt lat="60.552555" lon="-137.237666"><ele>1317.278</ele><time>2026-07-12T18:09:08Z</time></trkpt><trkpt lat="60.552553" lon="-137.237678"><ele>1317.694</ele><time>2026-07-12T18:09:09Z</time></trkpt><trkpt lat="60.552536" lon="-137.237706"><ele>1318.679</ele><time>2026-07-12T18:09:18Z</time></trkpt><trkpt lat="60.552537" lon="-137.237694"><ele>1318.813</ele><time>2026-07-12T18:09:19Z</time></trkpt><trkpt lat="60.552508" lon="-137.237615"><ele>1319.898</ele><time>2026-07-12T18:09:28Z</time></trkpt><trkpt lat="60.552478" lon="-137.237638"><ele>1320.882</ele><time>2026-07-12T18:09:34Z</time></trkpt><trkpt lat="60.55248" lon="-137.23763"><ele>1321.036</ele><time>2026-07-12T18:09:36Z</time></trkpt><trkpt lat="60.552473" lon="-137.237631"><ele>1322.017</ele><time>2026-07-12T18:09:41Z</time></trkpt><trkpt lat="60.552462" lon="-137.237625"><ele>1322.618</ele><time>2026-07-12T18:09:46Z</time></trkpt><trkpt lat="60.552451" lon="-137.237627"><ele>1323.009</ele><time>2026-07-12T18:09:49Z</time></trkpt><trkpt lat="60.552428" lon="-137.237603"><ele>1323.645</ele><time>2026-07-12T18:09:55Z</time></trkpt><trkpt lat="60.552427" lon="-137.237587"><ele>1324.080</ele><time>2026-07-12T18:09:57Z</time></trkpt><trkpt lat="60.552424" lon="-137.23758"><ele>1324.297</ele><time>2026-07-12T18:09:58Z</time></trkpt><trkpt lat="60.552398" lon="-137.237605"><ele>1325.234</ele><time>2026-07-12T18:10:06Z</time></trkpt><trkpt lat="60.552399" lon="-137.237574"><ele>1325.880</ele><time>2026-07-12T18:10:12Z</time></trkpt><trkpt lat="60.55239" lon="-137.237553"><ele>1326.285</ele><time>2026-07-12T18:10:15Z</time></trkpt><trkpt lat="60.552372" lon="-137.237567"><ele>1326.629</ele><time>2026-07-12T18:10:21Z</time></trkpt><trkpt lat="60.55235" lon="-137.237593"><ele>1327.244</ele><time>2026-07-12T18:10:26Z</time></trkpt><trkpt lat="60.552339" lon="-137.237587"><ele>1327.888</ele><time>2026-07-12T18:10:31Z</time></trkpt><trkpt lat="60.55234" lon="-137.237569"><ele>1328.218</ele><time>2026-07-12T18:10:34Z</time></trkpt><trkpt lat="60.552333" lon="-137.23752"><ele>1329.098</ele><time>2026-07-12T18:10:40Z</time></trkpt><trkpt lat="60.552327" lon="-137.237538"><ele>1329.417</ele><time>2026-07-12T18:10:43Z</time></trkpt><trkpt lat="60.552318" lon="-137.237554"><ele>1330.009</ele><time>2026-07-12T18:10:47Z</time></trkpt><trkpt lat="60.552309" lon="-137.237544"><ele>1330.663</ele><time>2026-07-12T18:10:50Z</time></trkpt><trkpt lat="60.552297" lon="-137.237572"><ele>1331.638</ele><time>2026-07-12T18:10:55Z</time></trkpt><trkpt lat="60.552295" lon="-137.237579"><ele>1331.855</ele><time>2026-07-12T18:10:56Z</time></trkpt><trkpt lat="60.55227" lon="-137.237593"><ele>1332.872</ele><time>2026-07-12T18:11:04Z</time></trkpt><trkpt lat="60.552262" lon="-137.237587"><ele>1333.048</ele><time>2026-07-12T18:11:06Z</time></trkpt><trkpt lat="60.55224" lon="-137.237596"><ele>1333.893</ele><time>2026-07-12T18:11:12Z</time></trkpt><trkpt lat="60.552234" lon="-137.237621"><ele>1334.457</ele><time>2026-07-12T18:11:16Z</time></trkpt><trkpt lat="60.552218" lon="-137.237657"><ele>1335.092</ele><time>2026-07-12T18:11:21Z</time></trkpt><trkpt lat="60.552207" lon="-137.23765"><ele>1335.846</ele><time>2026-07-12T18:11:25Z</time></trkpt><trkpt lat="60.552207" lon="-137.237644"><ele>1336.063</ele><time>2026-07-12T18:11:26Z</time></trkpt><trkpt lat="60.552195" lon="-137.23765"><ele>1337.044</ele><time>2026-07-12T18:11:33Z</time></trkpt><trkpt lat="60.552192" lon="-137.237652"><ele>1337.418</ele><time>2026-07-12T18:11:34Z</time></trkpt><trkpt lat="60.552151" lon="-137.237683"><ele>1339.609</ele><time>2026-07-12T18:11:43Z</time></trkpt><trkpt lat="60.552141" lon="-137.237676"><ele>1340.228</ele><time>2026-07-12T18:11:45Z</time></trkpt><trkpt lat="60.552123" lon="-137.237629"><ele>1340.853</ele><time>2026-07-12T18:11:52Z</time></trkpt><trkpt lat="60.552124" lon="-137.237607"><ele>1341.470</ele><time>2026-07-12T18:11:55Z</time></trkpt><trkpt lat="60.552119" lon="-137.237568"><ele>1342.047</ele><time>2026-07-12T18:12:00Z</time></trkpt><trkpt lat="60.552114" lon="-137.237548"><ele>1342.693</ele><time>2026-07-12T18:12:04Z</time></trkpt><trkpt lat="60.552101" lon="-137.237542"><ele>1342.818</ele><time>2026-07-12T18:12:07Z</time></trkpt><trkpt lat="60.552085" lon="-137.2375"><ele>1343.652</ele><time>2026-07-12T18:12:15Z</time></trkpt><trkpt lat="60.552084" lon="-137.23749"><ele>1343.867</ele><time>2026-07-12T18:12:17Z</time></trkpt><trkpt lat="60.552079" lon="-137.237465"><ele>1344.851</ele><time>2026-07-12T18:12:22Z</time></trkpt><trkpt lat="60.552081" lon="-137.23743"><ele>1344.828</ele><time>2026-07-12T18:12:26Z</time></trkpt><trkpt lat="60.552068" lon="-137.23738"><ele>1345.889</ele><time>2026-07-12T18:12:34Z</time></trkpt><trkpt lat="60.552062" lon="-137.237395"><ele>1346.217</ele><time>2026-07-12T18:12:36Z</time></trkpt><trkpt lat="60.552049" lon="-137.237419"><ele>1346.609</ele><time>2026-07-12T18:12:41Z</time></trkpt><trkpt lat="60.552043" lon="-137.23742"><ele>1346.824</ele><time>2026-07-12T18:12:42Z</time></trkpt><trkpt lat="60.552033" lon="-137.237429"><ele>1347.219</ele><time>2026-07-12T18:12:44Z</time></trkpt><trkpt lat="60.552026" lon="-137.237431"><ele>1347.426</ele><time>2026-07-12T18:12:46Z</time></trkpt><trkpt lat="60.552026" lon="-137.237431"><ele>1347.413</ele><time>2026-07-12T18:12:48Z</time></trkpt><trkpt lat="60.55202" lon="-137.237425"><ele>1347.889</ele><time>2026-07-12T18:12:51Z</time></trkpt><trkpt lat="60.552018" lon="-137.237396"><ele>1348.634</ele><time>2026-07-12T18:12:56Z</time></trkpt><trkpt lat="60.552019" lon="-137.237338"><ele>1348.888</ele><time>2026-07-12T18:13:02Z</time></trkpt><trkpt lat="60.552014" lon="-137.237327"><ele>1349.033</ele><time>2026-07-12T18:13:04Z</time></trkpt><trkpt lat="60.551983" lon="-137.237362"><ele>1349.837</ele><time>2026-07-12T18:13:13Z</time></trkpt><trkpt lat="60.551961" lon="-137.237396"><ele>1351.073</ele><time>2026-07-12T18:13:21Z</time></trkpt><trkpt lat="60.551936" lon="-137.237408"><ele>1352.085</ele><time>2026-07-12T18:13:29Z</time></trkpt><trkpt lat="60.551932" lon="-137.237411"><ele>1352.213</ele><time>2026-07-12T18:13:30Z</time></trkpt><trkpt lat="60.551911" lon="-137.237418"><ele>1352.809</ele><time>2026-07-12T18:13:39Z</time></trkpt><trkpt lat="60.551903" lon="-137.237418"><ele>1353.249</ele><time>2026-07-12T18:13:41Z</time></trkpt><trkpt lat="60.551885" lon="-137.237379"><ele>1353.684</ele><time>2026-07-12T18:13:46Z</time></trkpt><trkpt lat="60.551871" lon="-137.237352"><ele>1354.061</ele><time>2026-07-12T18:13:51Z</time></trkpt><trkpt lat="60.551867" lon="-137.23735"><ele>1354.288</ele><time>2026-07-12T18:13:53Z</time></trkpt><trkpt lat="60.551853" lon="-137.237319"><ele>1355.064</ele><time>2026-07-12T18:14:01Z</time></trkpt><trkpt lat="60.551851" lon="-137.23731"><ele>1355.279</ele><time>2026-07-12T18:14:03Z</time></trkpt><trkpt lat="60.551862" lon="-137.237258"><ele>1356.073</ele><time>2026-07-12T18:14:10Z</time></trkpt><trkpt lat="60.551863" lon="-137.237244"><ele>1356.278</ele><time>2026-07-12T18:14:12Z</time></trkpt><trkpt lat="60.551852" lon="-137.237204"><ele>1357.252</ele><time>2026-07-12T18:14:19Z</time></trkpt><trkpt lat="60.551823" lon="-137.237212"><ele>1358.426</ele><time>2026-07-12T18:14:28Z</time></trkpt><trkpt lat="60.551819" lon="-137.237217"><ele>1358.647</ele><time>2026-07-12T18:14:29Z</time></trkpt><trkpt lat="60.551806" lon="-137.237223"><ele>1359.011</ele><time>2026-07-12T18:14:34Z</time></trkpt><trkpt lat="60.551807" lon="-137.23722"><ele>1359.409</ele><time>2026-07-12T18:14:37Z</time></trkpt><trkpt lat="60.551809" lon="-137.237217"><ele>1359.434</ele><time>2026-07-12T18:14:38Z</time></trkpt><trkpt lat="60.551799" lon="-137.237151"><ele>1360.259</ele><time>2026-07-12T18:14:44Z</time></trkpt><trkpt lat="60.551801" lon="-137.237141"><ele>1360.696</ele><time>2026-07-12T18:14:46Z</time></trkpt><trkpt lat="60.551794" lon="-137.237126"><ele>1361.433</ele><time>2026-07-12T18:14:53Z</time></trkpt><trkpt lat="60.551785" lon="-137.237129"><ele>1361.629</ele><time>2026-07-12T18:14:56Z</time></trkpt><trkpt lat="60.55176" lon="-137.237135"><ele>1362.214</ele><time>2026-07-12T18:15:01Z</time></trkpt><trkpt lat="60.55175" lon="-137.237116"><ele>1362.868</ele><time>2026-07-12T18:15:06Z</time></trkpt><trkpt lat="60.551742" lon="-137.237091"><ele>1363.413</ele><time>2026-07-12T18:15:11Z</time></trkpt><trkpt lat="60.551746" lon="-137.237067"><ele>1363.897</ele><time>2026-07-12T18:15:14Z</time></trkpt><trkpt lat="60.551753" lon="-137.237022"><ele>1364.212</ele><time>2026-07-12T18:15:19Z</time></trkpt><trkpt lat="60.551748" lon="-137.236986"><ele>1365.032</ele><time>2026-07-12T18:15:24Z</time></trkpt><trkpt lat="60.55174" lon="-137.236972"><ele>1365.405</ele><time>2026-07-12T18:15:28Z</time></trkpt><trkpt lat="60.551726" lon="-137.23694"><ele>1366.009</ele><time>2026-07-12T18:15:35Z</time></trkpt><trkpt lat="60.551724" lon="-137.236933"><ele>1366.063</ele><time>2026-07-12T18:15:36Z</time></trkpt><trkpt lat="60.551717" lon="-137.236894"><ele>1366.888</ele><time>2026-07-12T18:15:43Z</time></trkpt><trkpt lat="60.551714" lon="-137.236858"><ele>1367.045</ele><time>2026-07-12T18:15:47Z</time></trkpt><trkpt lat="60.551701" lon="-137.236836"><ele>1367.412</ele><time>2026-07-12T18:15:50Z</time></trkpt><trkpt lat="60.551692" lon="-137.236865"><ele>1368.068</ele><time>2026-07-12T18:15:56Z</time></trkpt><trkpt lat="60.551687" lon="-137.23687"><ele>1368.293</ele><time>2026-07-12T18:15:57Z</time></trkpt><trkpt lat="60.551659" lon="-137.236905"><ele>1369.017</ele><time>2026-07-12T18:16:04Z</time></trkpt><trkpt lat="60.551632" lon="-137.23692"><ele>1370.252</ele><time>2026-07-12T18:16:11Z</time></trkpt><trkpt lat="60.551617" lon="-137.236934"><ele>1370.876</ele><time>2026-07-12T18:16:15Z</time></trkpt><trkpt lat="60.551607" lon="-137.236955"><ele>1371.226</ele><time>2026-07-12T18:16:19Z</time></trkpt><trkpt lat="60.551583" lon="-137.236959"><ele>1372.047</ele><time>2026-07-12T18:16:23Z</time></trkpt><trkpt lat="60.551579" lon="-137.236948"><ele>1372.211</ele><time>2026-07-12T18:16:25Z</time></trkpt><trkpt lat="60.551565" lon="-137.236914"><ele>1373.009</ele><time>2026-07-12T18:16:31Z</time></trkpt><trkpt lat="60.55156" lon="-137.236909"><ele>1373.224</ele><time>2026-07-12T18:16:33Z</time></trkpt><trkpt lat="60.551544" lon="-137.236903"><ele>1374.239</ele><time>2026-07-12T18:16:40Z</time></trkpt><trkpt lat="60.551543" lon="-137.236906"><ele>1374.476</ele><time>2026-07-12T18:16:41Z</time></trkpt><trkpt lat="60.551524" lon="-137.236868"><ele>1375.443</ele><time>2026-07-12T18:16:47Z</time></trkpt><trkpt lat="60.551526" lon="-137.236871"><ele>1375.619</ele><time>2026-07-12T18:16:48Z</time></trkpt><trkpt lat="60.551535" lon="-137.236819"><ele>1376.494</ele><time>2026-07-12T18:16:56Z</time></trkpt><trkpt lat="60.551535" lon="-137.236803"><ele>1376.488</ele><time>2026-07-12T18:16:58Z</time></trkpt><trkpt lat="60.551514" lon="-137.236794"><ele>1377.453</ele><time>2026-07-12T18:17:05Z</time></trkpt><trkpt lat="60.551491" lon="-137.236796"><ele>1378.647</ele><time>2026-07-12T18:17:15Z</time></trkpt><trkpt lat="60.551446" lon="-137.236784"><ele>1379.638</ele><time>2026-07-12T18:17:25Z</time></trkpt><trkpt lat="60.551442" lon="-137.236782"><ele>1379.870</ele><time>2026-07-12T18:17:26Z</time></trkpt><trkpt lat="60.551428" lon="-137.236716"><ele>1380.817</ele><time>2026-07-12T18:17:35Z</time></trkpt><trkpt lat="60.551428" lon="-137.236716"><ele>1380.809</ele><time>2026-07-12T18:17:36Z</time></trkpt><trkpt lat="60.551417" lon="-137.236758"><ele>1381.875</ele><time>2026-07-12T18:17:45Z</time></trkpt><trkpt lat="60.551371" lon="-137.23674"><ele>1382.890</ele><time>2026-07-12T18:17:55Z</time></trkpt><trkpt lat="60.551369" lon="-137.236731"><ele>1383.067</ele><time>2026-07-12T18:17:56Z</time></trkpt><trkpt lat="60.551364" lon="-137.236697"><ele>1384.034</ele><time>2026-07-12T18:18:02Z</time></trkpt><trkpt lat="60.551365" lon="-137.236683"><ele>1384.270</ele><time>2026-07-12T18:18:04Z</time></trkpt><trkpt lat="60.551354" lon="-137.236651"><ele>1385.065</ele><time>2026-07-12T18:18:10Z</time></trkpt><trkpt lat="60.551347" lon="-137.23665"><ele>1385.449</ele><time>2026-07-12T18:18:13Z</time></trkpt><trkpt lat="60.551326" lon="-137.236627"><ele>1386.014</ele><time>2026-07-12T18:18:21Z</time></trkpt><trkpt lat="60.551323" lon="-137.236625"><ele>1386.228</ele><time>2026-07-12T18:18:22Z</time></trkpt><trkpt lat="60.551319" lon="-137.236607"><ele>1387.279</ele><time>2026-07-12T18:18:30Z</time></trkpt><trkpt lat="60.551318" lon="-137.236603"><ele>1387.205</ele><time>2026-07-12T18:18:31Z</time></trkpt><trkpt lat="60.551291" lon="-137.236569"><ele>1388.225</ele><time>2026-07-12T18:18:39Z</time></trkpt><trkpt lat="60.55126" lon="-137.236526"><ele>1389.009</ele><time>2026-07-12T18:18:48Z</time></trkpt><trkpt lat="60.551255" lon="-137.236509"><ele>1389.229</ele><time>2026-07-12T18:18:50Z</time></trkpt><trkpt lat="60.551248" lon="-137.236476"><ele>1390.244</ele><time>2026-07-12T18:18:56Z</time></trkpt><trkpt lat="60.551247" lon="-137.236475"><ele>1390.431</ele><time>2026-07-12T18:18:57Z</time></trkpt><trkpt lat="60.551234" lon="-137.236467"><ele>1391.448</ele><time>2026-07-12T18:19:03Z</time></trkpt><trkpt lat="60.551209" lon="-137.236465"><ele>1392.664</ele><time>2026-07-12T18:19:10Z</time></trkpt><trkpt lat="60.551187" lon="-137.236419"><ele>1393.669</ele><time>2026-07-12T18:19:19Z</time></trkpt><trkpt lat="60.551186" lon="-137.236415"><ele>1393.863</ele><time>2026-07-12T18:19:20Z</time></trkpt><trkpt lat="60.551165" lon="-137.236404"><ele>1394.818</ele><time>2026-07-12T18:19:28Z</time></trkpt><trkpt lat="60.551165" lon="-137.236397"><ele>1395.032</ele><time>2026-07-12T18:19:29Z</time></trkpt><trkpt lat="60.55115" lon="-137.236377"><ele>1395.824</ele><time>2026-07-12T18:19:35Z</time></trkpt><trkpt lat="60.551148" lon="-137.236381"><ele>1395.804</ele><time>2026-07-12T18:19:36Z</time></trkpt><trkpt lat="60.551131" lon="-137.236382"><ele>1396.814</ele><time>2026-07-12T18:19:45Z</time></trkpt><trkpt lat="60.55114" lon="-137.236387"><ele>1397.009</ele><time>2026-07-12T18:19:46Z</time></trkpt><trkpt lat="60.551143" lon="-137.236425"><ele>1397.894</ele><time>2026-07-12T18:19:53Z</time></trkpt><trkpt lat="60.551141" lon="-137.23643"><ele>1397.859</ele><time>2026-07-12T18:19:54Z</time></trkpt><trkpt lat="60.551124" lon="-137.236469"><ele>1399.076</ele><time>2026-07-12T18:20:00Z</time></trkpt><trkpt lat="60.551121" lon="-137.236472"><ele>1399.093</ele><time>2026-07-12T18:20:01Z</time></trkpt><trkpt lat="60.551121" lon="-137.236516"><ele>1400.039</ele><time>2026-07-12T18:20:08Z</time></trkpt><trkpt lat="60.55112" lon="-137.236529"><ele>1400.254</ele><time>2026-07-12T18:20:09Z</time></trkpt><trkpt lat="60.551125" lon="-137.236565"><ele>1401.038</ele><time>2026-07-12T18:20:14Z</time></trkpt><trkpt lat="60.551124" lon="-137.23657"><ele>1401.483</ele><time>2026-07-12T18:20:15Z</time></trkpt><trkpt lat="60.551118" lon="-137.236583"><ele>1402.097</ele><time>2026-07-12T18:20:18Z</time></trkpt><trkpt lat="60.551102" lon="-137.236593"><ele>1402.452</ele><time>2026-07-12T18:20:22Z</time></trkpt><trkpt lat="60.551095" lon="-137.236596"><ele>1403.053</ele><time>2026-07-12T18:20:25Z</time></trkpt><trkpt lat="60.551086" lon="-137.236601"><ele>1403.208</ele><time>2026-07-12T18:20:27Z</time></trkpt><trkpt lat="60.551081" lon="-137.236604"><ele>1403.409</ele><time>2026-07-12T18:20:29Z</time></trkpt><trkpt lat="60.551075" lon="-137.236602"><ele>1403.617</ele><time>2026-07-12T18:20:31Z</time></trkpt><trkpt lat="60.551059" lon="-137.236567"><ele>1404.032</ele><time>2026-07-12T18:20:37Z</time></trkpt><trkpt lat="60.551051" lon="-137.236574"><ele>1404.469</ele><time>2026-07-12T18:20:39Z</time></trkpt><trkpt lat="60.551037" lon="-137.236583"><ele>1405.456</ele><time>2026-07-12T18:20:43Z</time></trkpt><trkpt lat="60.551035" lon="-137.236588"><ele>1405.622</ele><time>2026-07-12T18:20:44Z</time></trkpt><trkpt lat="60.551015" lon="-137.236587"><ele>1406.657</ele><time>2026-07-12T18:20:50Z</time></trkpt><trkpt lat="60.551008" lon="-137.236517"><ele>1407.241</ele><time>2026-07-12T18:20:59Z</time></trkpt><trkpt lat="60.551002" lon="-137.236507"><ele>1407.626</ele><time>2026-07-12T18:21:01Z</time></trkpt><trkpt lat="60.550993" lon="-137.236493"><ele>1408.460</ele><time>2026-07-12T18:21:07Z</time></trkpt><trkpt lat="60.550983" lon="-137.236482"><ele>1408.684</ele><time>2026-07-12T18:21:09Z</time></trkpt><trkpt lat="60.550978" lon="-137.236468"><ele>1409.407</ele><time>2026-07-12T18:21:14Z</time></trkpt><trkpt lat="60.550975" lon="-137.236468"><ele>1409.617</ele><time>2026-07-12T18:21:15Z</time></trkpt><trkpt lat="60.550963" lon="-137.236486"><ele>1410.609</ele><time>2026-07-12T18:21:21Z</time></trkpt><trkpt lat="60.550959" lon="-137.236488"><ele>1410.830</ele><time>2026-07-12T18:21:22Z</time></trkpt><trkpt lat="60.550955" lon="-137.236493"><ele>1411.045</ele><time>2026-07-12T18:21:23Z</time></trkpt><trkpt lat="60.550947" lon="-137.236505"><ele>1411.632</ele><time>2026-07-12T18:21:26Z</time></trkpt><trkpt lat="60.550933" lon="-137.236527"><ele>1412.459</ele><time>2026-07-12T18:21:30Z</time></trkpt><trkpt lat="60.550927" lon="-137.236532"><ele>1412.825</ele><time>2026-07-12T18:21:33Z</time></trkpt><trkpt lat="60.550916" lon="-137.236516"><ele>1413.280</ele><time>2026-07-12T18:21:37Z</time></trkpt><trkpt lat="60.55091" lon="-137.236492"><ele>1414.014</ele><time>2026-07-12T18:21:41Z</time></trkpt><trkpt lat="60.550903" lon="-137.236464"><ele>1414.499</ele><time>2026-07-12T18:21:44Z</time></trkpt><trkpt lat="60.550898" lon="-137.236436"><ele>1415.053</ele><time>2026-07-12T18:21:49Z</time></trkpt><trkpt lat="60.550898" lon="-137.236435"><ele>1415.276</ele><time>2026-07-12T18:21:50Z</time></trkpt><trkpt lat="60.550898" lon="-137.236435"><ele>1415.290</ele><time>2026-07-12T18:21:57Z</time></trkpt><trkpt lat="60.550873" lon="-137.236405"><ele>1416.019</ele><time>2026-07-12T18:22:02Z</time></trkpt><trkpt lat="60.550867" lon="-137.236407"><ele>1416.409</ele><time>2026-07-12T18:22:05Z</time></trkpt><trkpt lat="60.55085" lon="-137.236444"><ele>1417.099</ele><time>2026-07-12T18:22:11Z</time></trkpt><trkpt lat="60.550843" lon="-137.236458"><ele>1417.464</ele><time>2026-07-12T18:22:13Z</time></trkpt><trkpt lat="60.550832" lon="-137.236468"><ele>1418.241</ele><time>2026-07-12T18:22:19Z</time></trkpt><trkpt lat="60.550832" lon="-137.236468"><ele>1418.298</ele><time>2026-07-12T18:22:20Z</time></trkpt><trkpt lat="60.55081" lon="-137.236494"><ele>1419.454</ele><time>2026-07-12T18:22:27Z</time></trkpt><trkpt lat="60.550804" lon="-137.236491"><ele>1419.669</ele><time>2026-07-12T18:22:29Z</time></trkpt><trkpt lat="60.550799" lon="-137.236473"><ele>1420.453</ele><time>2026-07-12T18:22:36Z</time></trkpt><trkpt lat="60.550799" lon="-137.236471"><ele>1420.628</ele><time>2026-07-12T18:22:39Z</time></trkpt><trkpt lat="60.550776" lon="-137.236437"><ele>1421.082</ele><time>2026-07-12T18:22:45Z</time></trkpt><trkpt lat="60.550764" lon="-137.236428"><ele>1421.646</ele><time>2026-07-12T18:22:48Z</time></trkpt><trkpt lat="60.55076" lon="-137.236414"><ele>1422.488</ele><time>2026-07-12T18:22:54Z</time></trkpt><trkpt lat="60.550759" lon="-137.236403"><ele>1422.616</ele><time>2026-07-12T18:22:56Z</time></trkpt><trkpt lat="60.550753" lon="-137.236363"><ele>1423.809</ele><time>2026-07-12T18:23:02Z</time></trkpt><trkpt lat="60.550753" lon="-137.236362"><ele>1424.056</ele><time>2026-07-12T18:23:04Z</time></trkpt><trkpt lat="60.550748" lon="-137.236352"><ele>1424.611</ele><time>2026-07-12T18:23:11Z</time></trkpt><trkpt lat="60.550743" lon="-137.236328"><ele>1424.888</ele><time>2026-07-12T18:23:13Z</time></trkpt><trkpt lat="60.550743" lon="-137.236327"><ele>1425.425</ele><time>2026-07-12T18:23:18Z</time></trkpt><trkpt lat="60.550725" lon="-137.236307"><ele>1426.081</ele><time>2026-07-12T18:23:23Z</time></trkpt><trkpt lat="60.550725" lon="-137.236314"><ele>1426.246</ele><time>2026-07-12T18:23:25Z</time></trkpt><trkpt lat="60.55071" lon="-137.236344"><ele>1427.090</ele><time>2026-07-12T18:23:31Z</time></trkpt><trkpt lat="60.550702" lon="-137.236361"><ele>1427.435</ele><time>2026-07-12T18:23:33Z</time></trkpt><trkpt lat="60.550689" lon="-137.236373"><ele>1428.249</ele><time>2026-07-12T18:23:37Z</time></trkpt><trkpt lat="60.550684" lon="-137.236378"><ele>1428.234</ele><time>2026-07-12T18:23:39Z</time></trkpt><trkpt lat="60.55067" lon="-137.236389"><ele>1429.255</ele><time>2026-07-12T18:23:45Z</time></trkpt><trkpt lat="60.550667" lon="-137.236391"><ele>1429.410</ele><time>2026-07-12T18:23:46Z</time></trkpt><trkpt lat="60.550638" lon="-137.236399"><ele>1430.009</ele><time>2026-07-12T18:23:53Z</time></trkpt><trkpt lat="60.550634" lon="-137.236387"><ele>1430.295</ele><time>2026-07-12T18:23:56Z</time></trkpt><trkpt lat="60.550633" lon="-137.236369"><ele>1431.090</ele><time>2026-07-12T18:24:01Z</time></trkpt><trkpt lat="60.550631" lon="-137.236372"><ele>1431.427</ele><time>2026-07-12T18:24:03Z</time></trkpt><trkpt lat="60.550627" lon="-137.236337"><ele>1432.064</ele><time>2026-07-12T18:24:08Z</time></trkpt><trkpt lat="60.550613" lon="-137.236323"><ele>1432.650</ele><time>2026-07-12T18:24:16Z</time></trkpt><trkpt lat="60.550598" lon="-137.236312"><ele>1433.665</ele><time>2026-07-12T18:24:23Z</time></trkpt><trkpt lat="60.550598" lon="-137.2363"><ele>1433.679</ele><time>2026-07-12T18:24:25Z</time></trkpt><trkpt lat="60.550589" lon="-137.236277"><ele>1434.464</ele><time>2026-07-12T18:24:32Z</time></trkpt><trkpt lat="60.550585" lon="-137.236273"><ele>1434.638</ele><time>2026-07-12T18:24:33Z</time></trkpt><trkpt lat="60.550584" lon="-137.236271"><ele>1434.828</ele><time>2026-07-12T18:24:34Z</time></trkpt><trkpt lat="60.550567" lon="-137.236282"><ele>1435.889</ele><time>2026-07-12T18:24:41Z</time></trkpt><trkpt lat="60.550568" lon="-137.236279"><ele>1436.017</ele><time>2026-07-12T18:24:42Z</time></trkpt><trkpt lat="60.55055" lon="-137.236306"><ele>1436.809</ele><time>2026-07-12T18:24:47Z</time></trkpt><trkpt lat="60.550547" lon="-137.236285"><ele>1437.274</ele><time>2026-07-12T18:24:50Z</time></trkpt><trkpt lat="60.550544" lon="-137.236278"><ele>1437.429</ele><time>2026-07-12T18:24:51Z</time></trkpt><trkpt lat="60.550542" lon="-137.236237"><ele>1438.026</ele><time>2026-07-12T18:24:58Z</time></trkpt><trkpt lat="60.550535" lon="-137.236228"><ele>1438.453</ele><time>2026-07-12T18:25:00Z</time></trkpt><trkpt lat="60.550532" lon="-137.236227"><ele>1439.099</ele><time>2026-07-12T18:25:03Z</time></trkpt><trkpt lat="60.550532" lon="-137.236204"><ele>1439.634</ele><time>2026-07-12T18:25:08Z</time></trkpt><trkpt lat="60.550527" lon="-137.236187"><ele>1440.048</ele><time>2026-07-12T18:25:12Z</time></trkpt><trkpt lat="60.550523" lon="-137.236163"><ele>1440.453</ele><time>2026-07-12T18:25:15Z</time></trkpt><trkpt lat="60.550516" lon="-137.236147"><ele>1440.877</ele><time>2026-07-12T18:25:19Z</time></trkpt><trkpt lat="60.550511" lon="-137.236142"><ele>1441.284</ele><time>2026-07-12T18:25:22Z</time></trkpt><trkpt lat="60.550506" lon="-137.236144"><ele>1441.207</ele><time>2026-07-12T18:25:23Z</time></trkpt><trkpt lat="60.550489" lon="-137.236153"><ele>1442.217</ele><time>2026-07-12T18:25:29Z</time></trkpt><trkpt lat="60.550485" lon="-137.236146"><ele>1442.409</ele><time>2026-07-12T18:25:32Z</time></trkpt><trkpt lat="60.550469" lon="-137.236094"><ele>1443.220</ele><time>2026-07-12T18:25:39Z</time></trkpt><trkpt lat="60.550467" lon="-137.236093"><ele>1443.265</ele><time>2026-07-12T18:25:40Z</time></trkpt><trkpt lat="60.550472" lon="-137.236087"><ele>1443.852</ele><time>2026-07-12T18:25:47Z</time></trkpt><trkpt lat="60.550454" lon="-137.236069"><ele>1444.279</ele><time>2026-07-12T18:25:51Z</time></trkpt><trkpt lat="60.550447" lon="-137.236077"><ele>1444.855</ele><time>2026-07-12T18:25:55Z</time></trkpt><trkpt lat="60.550443" lon="-137.236083"><ele>1445.430</ele><time>2026-07-12T18:25:59Z</time></trkpt><trkpt lat="60.550432" lon="-137.236082"><ele>1445.844</ele><time>2026-07-12T18:26:01Z</time></trkpt><trkpt lat="60.550408" lon="-137.236077"><ele>1446.479</ele><time>2026-07-12T18:26:08Z</time></trkpt><trkpt lat="60.550404" lon="-137.236078"><ele>1446.413</ele><time>2026-07-12T18:26:11Z</time></trkpt><trkpt lat="60.550405" lon="-137.236078"><ele>1446.629</ele><time>2026-07-12T18:26:17Z</time></trkpt><trkpt lat="60.550411" lon="-137.236078"><ele>1446.400</ele><time>2026-07-12T18:26:30Z</time></trkpt><trkpt lat="60.550405" lon="-137.236078"><ele>1446.420</ele><time>2026-07-12T18:26:38Z</time></trkpt><trkpt lat="60.550405" lon="-137.236078"><ele>1446.409</ele><time>2026-07-12T18:26:41Z</time></trkpt><trkpt lat="60.550405" lon="-137.236078"><ele>1446.494</ele><time>2026-07-12T18:26:42Z</time></trkpt><trkpt lat="60.550415" lon="-137.236096"><ele>1446.459</ele><time>2026-07-12T18:26:44Z</time></trkpt><trkpt lat="60.550417" lon="-137.236078"><ele>1446.236</ele><time>2026-07-12T18:26:50Z</time></trkpt><trkpt lat="60.550415" lon="-137.236096"><ele>1446.423</ele><time>2026-07-12T18:26:54Z</time></trkpt><trkpt lat="60.550415" lon="-137.236096"><ele>1446.459</ele><time>2026-07-12T18:26:58Z</time></trkpt><trkpt lat="60.550425" lon="-137.236073"><ele>1446.054</ele><time>2026-07-12T18:27:12Z</time></trkpt><trkpt lat="60.550425" lon="-137.236073"><ele>1446.068</ele><time>2026-07-12T18:27:17Z</time></trkpt><trkpt lat="60.550425" lon="-137.236073"><ele>1446.043</ele><time>2026-07-12T18:27:20Z</time></trkpt><trkpt lat="60.550425" lon="-137.236073"><ele>1446.027</ele><time>2026-07-12T18:27:26Z</time></trkpt><trkpt lat="60.550425" lon="-137.236073"><ele>1446.055</ele><time>2026-07-12T18:27:29Z</time></trkpt><trkpt lat="60.550418" lon="-137.236077"><ele>1446.207</ele><time>2026-07-12T18:27:32Z</time></trkpt><trkpt lat="60.550425" lon="-137.236073"><ele>1446.417</ele><time>2026-07-12T18:27:43Z</time></trkpt><trkpt lat="60.550418" lon="-137.236068"><ele>1446.609</ele><time>2026-07-12T18:27:50Z</time></trkpt><trkpt lat="60.550416" lon="-137.236074"><ele>1446.697</ele><time>2026-07-12T18:27:53Z</time></trkpt><trkpt lat="60.550416" lon="-137.236087"><ele>1446.472</ele><time>2026-07-12T18:28:00Z</time></trkpt><trkpt lat="60.550413" lon="-137.236089"><ele>1446.239</ele><time>2026-07-12T18:28:09Z</time></trkpt><trkpt lat="60.550408" lon="-137.236092"><ele>1446.066</ele><time>2026-07-12T18:28:19Z</time></trkpt><trkpt lat="60.550408" lon="-137.236092"><ele>1446.092</ele><time>2026-07-12T18:28:21Z</time></trkpt><trkpt lat="60.550416" lon="-137.236087"><ele>1446.047</ele><time>2026-07-12T18:28:26Z</time></trkpt><trkpt lat="60.550418" lon="-137.236076"><ele>1445.891</ele><time>2026-07-12T18:28:36Z</time></trkpt><trkpt lat="60.550413" lon="-137.236089"><ele>1445.646</ele><time>2026-07-12T18:28:41Z</time></trkpt><trkpt lat="60.550413" lon="-137.236089"><ele>1445.620</ele><time>2026-07-12T18:28:48Z</time></trkpt><trkpt lat="60.550411" lon="-137.236082"><ele>1445.842</ele><time>2026-07-12T18:29:01Z</time></trkpt><trkpt lat="60.550407" lon="-137.236089"><ele>1446.222</ele><time>2026-07-12T18:29:07Z</time></trkpt><trkpt lat="60.550407" lon="-137.236101"><ele>1445.814</ele><time>2026-07-12T18:29:10Z</time></trkpt><trkpt lat="60.550403" lon="-137.236093"><ele>1445.809</ele><time>2026-07-12T18:29:12Z</time></trkpt><trkpt lat="60.550408" lon="-137.236083"><ele>1445.886</ele><time>2026-07-12T18:29:15Z</time></trkpt><trkpt lat="60.550415" lon="-137.236069"><ele>1445.681</ele><time>2026-07-12T18:29:29Z</time></trkpt><trkpt lat="60.550408" lon="-137.23607"><ele>1445.648</ele><time>2026-07-12T18:29:44Z</time></trkpt><trkpt lat="60.550413" lon="-137.236089"><ele>1445.455</ele><time>2026-07-12T18:29:57Z</time></trkpt><trkpt lat="60.550413" lon="-137.236089"><ele>1445.421</ele><time>2026-07-12T18:29:59Z</time></trkpt><trkpt lat="60.550413" lon="-137.236089"><ele>1445.496</ele><time>2026-07-12T18:30:05Z</time></trkpt><trkpt lat="60.550413" lon="-137.236089"><ele>1445.470</ele><time>2026-07-12T18:30:11Z</time></trkpt><trkpt lat="60.550413" lon="-137.236089"><ele>1445.475</ele><time>2026-07-12T18:30:20Z</time></trkpt><trkpt lat="60.550413" lon="-137.236089"><ele>1445.469</ele><time>2026-07-12T18:30:24Z</time></trkpt><trkpt lat="60.550413" lon="-137.236089"><ele>1445.458</ele><time>2026-07-12T18:30:36Z</time></trkpt><trkpt lat="60.55041" lon="-137.23606"><ele>1445.652</ele><time>2026-07-12T18:30:46Z</time></trkpt><trkpt lat="60.55041" lon="-137.23606"><ele>1445.617</ele><time>2026-07-12T18:30:53Z</time></trkpt><trkpt lat="60.550411" lon="-137.236077"><ele>1445.409</ele><time>2026-07-12T18:30:59Z</time></trkpt><trkpt lat="60.550411" lon="-137.236079"><ele>1445.677</ele><time>2026-07-12T18:31:13Z</time></trkpt><trkpt lat="60.550412" lon="-137.236075"><ele>1445.792</ele><time>2026-07-12T18:31:18Z</time></trkpt><trkpt lat="60.550407" lon="-137.236078"><ele>1446.029</ele><time>2026-07-12T18:31:26Z</time></trkpt><trkpt lat="60.550406" lon="-137.236078"><ele>1446.176</ele><time>2026-07-12T18:31:27Z</time></trkpt><trkpt lat="60.549588" lon="-137.236026"><ele>1491.772</ele><time>2026-07-12T18:51:51Z</time></trkpt><trkpt lat="60.549585" lon="-137.236021"><ele>1491.977</ele><time>2026-07-12T18:51:52Z</time></trkpt><trkpt lat="60.549575" lon="-137.236013"><ele>1492.531</ele><time>2026-07-12T18:51:56Z</time></trkpt><trkpt lat="60.549535" lon="-137.235988"><ele>1494.866</ele><time>2026-07-12T18:52:05Z</time></trkpt><trkpt lat="60.549521" lon="-137.235996"><ele>1496.080</ele><time>2026-07-12T18:52:10Z</time></trkpt><trkpt lat="60.549511" lon="-137.235996"><ele>1497.227</ele><time>2026-07-12T18:52:14Z</time></trkpt><trkpt lat="60.549505" lon="-137.235998"><ele>1497.868</ele><time>2026-07-12T18:52:17Z</time></trkpt><trkpt lat="60.549495" lon="-137.236005"><ele>1498.214</ele><time>2026-07-12T18:52:22Z</time></trkpt><trkpt lat="60.549468" lon="-137.235991"><ele>1499.009</ele><time>2026-07-12T18:52:27Z</time></trkpt><trkpt lat="60.549459" lon="-137.23596"><ele>1499.684</ele><time>2026-07-12T18:52:33Z</time></trkpt><trkpt lat="60.549455" lon="-137.235953"><ele>1500.439</ele><time>2026-07-12T18:52:36Z</time></trkpt><trkpt lat="60.549448" lon="-137.235954"><ele>1500.626</ele><time>2026-07-12T18:52:38Z</time></trkpt><trkpt lat="60.549439" lon="-137.235971"><ele>1501.043</ele><time>2026-07-12T18:52:42Z</time></trkpt><trkpt lat="60.549431" lon="-137.235978"><ele>1501.449</ele><time>2026-07-12T18:52:44Z</time></trkpt><trkpt lat="60.549428" lon="-137.23598"><ele>1501.684</ele><time>2026-07-12T18:52:45Z</time></trkpt><trkpt lat="60.549397" lon="-137.236022"><ele>1502.478</ele><time>2026-07-12T18:52:54Z</time></trkpt><trkpt lat="60.549392" lon="-137.23603"><ele>1502.633</ele><time>2026-07-12T18:52:55Z</time></trkpt><trkpt lat="60.549358" lon="-137.236049"><ele>1503.267</ele><time>2026-07-12T18:53:02Z</time></trkpt><trkpt lat="60.549352" lon="-137.236048"><ele>1503.616</ele><time>2026-07-12T18:53:04Z</time></trkpt><trkpt lat="60.549329" lon="-137.23603"><ele>1504.676</ele><time>2026-07-12T18:53:11Z</time></trkpt><trkpt lat="60.549327" lon="-137.236025"><ele>1504.813</ele><time>2026-07-12T18:53:12Z</time></trkpt><trkpt lat="60.549312" lon="-137.235963"><ele>1506.009</ele><time>2026-07-12T18:53:22Z</time></trkpt><trkpt lat="60.549308" lon="-137.235959"><ele>1506.293</ele><time>2026-07-12T18:53:23Z</time></trkpt><trkpt lat="60.549294" lon="-137.235951"><ele>1507.098</ele><time>2026-07-12T18:53:27Z</time></trkpt><trkpt lat="60.54927" lon="-137.235954"><ele>1507.865</ele><time>2026-07-12T18:53:34Z</time></trkpt><trkpt lat="60.549266" lon="-137.235958"><ele>1508.242</ele><time>2026-07-12T18:53:36Z</time></trkpt><trkpt lat="60.549264" lon="-137.23596"><ele>1508.628</ele><time>2026-07-12T18:53:38Z</time></trkpt><trkpt lat="60.549262" lon="-137.235986"><ele>1509.453</ele><time>2026-07-12T18:53:41Z</time></trkpt><trkpt lat="60.549257" lon="-137.236003"><ele>1509.667</ele><time>2026-07-12T18:53:43Z</time></trkpt><trkpt lat="60.549243" lon="-137.236023"><ele>1510.682</ele><time>2026-07-12T18:53:46Z</time></trkpt><trkpt lat="60.54924" lon="-137.236023"><ele>1511.276</ele><time>2026-07-12T18:53:50Z</time></trkpt><trkpt lat="60.549235" lon="-137.236011"><ele>1511.617</ele><time>2026-07-12T18:53:53Z</time></trkpt><trkpt lat="60.549231" lon="-137.23605"><ele>1511.687</ele><time>2026-07-12T18:53:58Z</time></trkpt><trkpt lat="60.549211" lon="-137.23603"><ele>1511.815</ele><time>2026-07-12T18:54:06Z</time></trkpt><trkpt lat="60.549196" lon="-137.236014"><ele>1512.809</ele><time>2026-07-12T18:54:10Z</time></trkpt><trkpt lat="60.549182" lon="-137.236008"><ele>1513.413</ele><time>2026-07-12T18:54:15Z</time></trkpt><trkpt lat="60.549182" lon="-137.235998"><ele>1514.058</ele><time>2026-07-12T18:54:18Z</time></trkpt><trkpt lat="60.549189" lon="-137.235997"><ele>1514.445</ele><time>2026-07-12T18:54:21Z</time></trkpt><trkpt lat="60.549192" lon="-137.235994"><ele>1514.242</ele><time>2026-07-12T18:54:24Z</time></trkpt><trkpt lat="60.549179" lon="-137.23601"><ele>1514.628</ele><time>2026-07-12T18:54:38Z</time></trkpt><trkpt lat="60.549169" lon="-137.236014"><ele>1515.063</ele><time>2026-07-12T18:54:41Z</time></trkpt><trkpt lat="60.549153" lon="-137.235999"><ele>1515.627</ele><time>2026-07-12T18:54:46Z</time></trkpt><trkpt lat="60.549141" lon="-137.235993"><ele>1516.062</ele><time>2026-07-12T18:54:49Z</time></trkpt><trkpt lat="60.549124" lon="-137.236007"><ele>1517.096</ele><time>2026-07-12T18:54:55Z</time></trkpt><trkpt lat="60.549101" lon="-137.235992"><ele>1518.231</ele><time>2026-07-12T18:55:02Z</time></trkpt><trkpt lat="60.549087" lon="-137.235983"><ele>1518.661</ele><time>2026-07-12T18:55:05Z</time></trkpt><trkpt lat="60.549066" lon="-137.23596"><ele>1519.207</ele><time>2026-07-12T18:55:11Z</time></trkpt><trkpt lat="60.549062" lon="-137.235975"><ele>1519.609</ele><time>2026-07-12T18:55:14Z</time></trkpt><trkpt lat="60.549054" lon="-137.235996"><ele>1520.435</ele><time>2026-07-12T18:55:18Z</time></trkpt><trkpt lat="60.549032" lon="-137.235983"><ele>1521.010</ele><time>2026-07-12T18:55:23Z</time></trkpt><trkpt lat="60.549024" lon="-137.235993"><ele>1521.427</ele><time>2026-07-12T18:55:26Z</time></trkpt><trkpt lat="60.549002" lon="-137.235996"><ele>1522.094</ele><time>2026-07-12T18:55:31Z</time></trkpt><trkpt lat="60.548995" lon="-137.235987"><ele>1522.440</ele><time>2026-07-12T18:55:34Z</time></trkpt><trkpt lat="60.548984" lon="-137.235958"><ele>1523.465</ele><time>2026-07-12T18:55:40Z</time></trkpt><trkpt lat="60.548979" lon="-137.235959"><ele>1523.479</ele><time>2026-07-12T18:55:41Z</time></trkpt><trkpt lat="60.548969" lon="-137.235939"><ele>1524.614</ele><time>2026-07-12T18:55:47Z</time></trkpt><trkpt lat="60.548965" lon="-137.235924"><ele>1525.088</ele><time>2026-07-12T18:55:49Z</time></trkpt><trkpt lat="60.548955" lon="-137.235895"><ele>1525.499</ele><time>2026-07-12T18:55:53Z</time></trkpt><trkpt lat="60.548945" lon="-137.23588"><ele>1525.607</ele><time>2026-07-12T18:55:55Z</time></trkpt><trkpt lat="60.548936" lon="-137.235869"><ele>1526.227</ele><time>2026-07-12T18:55:58Z</time></trkpt><trkpt lat="60.548931" lon="-137.235844"><ele>1526.809</ele><time>2026-07-12T18:56:03Z</time></trkpt><trkpt lat="60.548918" lon="-137.235803"><ele>1527.631</ele><time>2026-07-12T18:56:09Z</time></trkpt><trkpt lat="60.548911" lon="-137.235791"><ele>1527.826</ele><time>2026-07-12T18:56:11Z</time></trkpt><trkpt lat="60.548903" lon="-137.235773"><ele>1528.663</ele><time>2026-07-12T18:56:17Z</time></trkpt><trkpt lat="60.548896" lon="-137.235781"><ele>1528.810</ele><time>2026-07-12T18:56:19Z</time></trkpt><trkpt lat="60.548881" lon="-137.23578"><ele>1529.276</ele><time>2026-07-12T18:56:22Z</time></trkpt><trkpt lat="60.548871" lon="-137.23577"><ele>1530.031</ele><time>2026-07-12T18:56:26Z</time></trkpt><trkpt lat="60.548869" lon="-137.235768"><ele>1530.255</ele><time>2026-07-12T18:56:27Z</time></trkpt><trkpt lat="60.548854" lon="-137.235749"><ele>1531.070</ele><time>2026-07-12T18:56:34Z</time></trkpt><trkpt lat="60.548853" lon="-137.235742"><ele>1531.234</ele><time>2026-07-12T18:56:36Z</time></trkpt><trkpt lat="60.548845" lon="-137.235704"><ele>1532.036</ele><time>2026-07-12T18:56:45Z</time></trkpt><trkpt lat="60.548841" lon="-137.2357"><ele>1532.217</ele><time>2026-07-12T18:56:46Z</time></trkpt><trkpt lat="60.548818" lon="-137.23571"><ele>1533.218</ele><time>2026-07-12T18:56:52Z</time></trkpt><trkpt lat="60.548817" lon="-137.235714"><ele>1533.409</ele><time>2026-07-12T18:56:53Z</time></trkpt><trkpt lat="60.54881" lon="-137.235724"><ele>1533.865</ele><time>2026-07-12T18:56:56Z</time></trkpt><trkpt lat="60.548805" lon="-137.235738"><ele>1534.260</ele><time>2026-07-12T18:56:58Z</time></trkpt><trkpt lat="60.548802" lon="-137.235745"><ele>1534.287</ele><time>2026-07-12T18:56:59Z</time></trkpt><trkpt lat="60.548792" lon="-137.235756"><ele>1535.284</ele><time>2026-07-12T18:57:03Z</time></trkpt><trkpt lat="60.548789" lon="-137.235762"><ele>1535.470</ele><time>2026-07-12T18:57:04Z</time></trkpt><trkpt lat="60.548784" lon="-137.235802"><ele>1536.475</ele><time>2026-07-12T18:57:11Z</time></trkpt><trkpt lat="60.548778" lon="-137.23581"><ele>1536.649</ele><time>2026-07-12T18:57:13Z</time></trkpt><trkpt lat="60.548765" lon="-137.235812"><ele>1537.464</ele><time>2026-07-12T18:57:18Z</time></trkpt><trkpt lat="60.548758" lon="-137.235796"><ele>1538.448</ele><time>2026-07-12T18:57:25Z</time></trkpt><trkpt lat="60.548755" lon="-137.235796"><ele>1538.655</ele><time>2026-07-12T18:57:26Z</time></trkpt><trkpt lat="60.548735" lon="-137.235762"><ele>1539.807</ele><time>2026-07-12T18:57:34Z</time></trkpt><trkpt lat="60.548735" lon="-137.235753"><ele>1540.217</ele><time>2026-07-12T18:57:36Z</time></trkpt><trkpt lat="60.548725" lon="-137.235748"><ele>1540.809</ele><time>2026-07-12T18:57:41Z</time></trkpt><trkpt lat="60.548717" lon="-137.23574"><ele>1541.457</ele><time>2026-07-12T18:57:44Z</time></trkpt><trkpt lat="60.548703" lon="-137.23575"><ele>1542.072</ele><time>2026-07-12T18:57:47Z</time></trkpt><trkpt lat="60.5487" lon="-137.235733"><ele>1542.659</ele><time>2026-07-12T18:57:51Z</time></trkpt><trkpt lat="60.548696" lon="-137.235725"><ele>1543.086</ele><time>2026-07-12T18:57:53Z</time></trkpt><trkpt lat="60.548674" lon="-137.235717"><ele>1544.052</ele><time>2026-07-12T18:58:00Z</time></trkpt><trkpt lat="60.548671" lon="-137.235721"><ele>1544.277</ele><time>2026-07-12T18:58:02Z</time></trkpt><trkpt lat="60.548659" lon="-137.235741"><ele>1545.071</ele><time>2026-07-12T18:58:08Z</time></trkpt><trkpt lat="60.548658" lon="-137.235752"><ele>1545.246</ele><time>2026-07-12T18:58:10Z</time></trkpt><trkpt lat="60.548653" lon="-137.235792"><ele>1546.050</ele><time>2026-07-12T18:58:17Z</time></trkpt><trkpt lat="60.54865" lon="-137.2358"><ele>1546.059</ele><time>2026-07-12T18:58:18Z</time></trkpt><trkpt lat="60.548647" lon="-137.235806"><ele>1546.003</ele><time>2026-07-12T18:58:19Z</time></trkpt><trkpt lat="60.548629" lon="-137.235821"><ele>1546.623</ele><time>2026-07-12T18:58:23Z</time></trkpt><trkpt lat="60.548625" lon="-137.235803"><ele>1547.209</ele><time>2026-07-12T18:58:26Z</time></trkpt><trkpt lat="60.548602" lon="-137.235807"><ele>1548.227</ele><time>2026-07-12T18:58:35Z</time></trkpt><trkpt lat="60.548598" lon="-137.235821"><ele>1548.432</ele><time>2026-07-12T18:58:37Z</time></trkpt><trkpt lat="60.54858" lon="-137.235849"><ele>1549.289</ele><time>2026-07-12T18:58:44Z</time></trkpt><trkpt lat="60.548576" lon="-137.235848"><ele>1549.446</ele><time>2026-07-12T18:58:45Z</time></trkpt><trkpt lat="60.548565" lon="-137.235835"><ele>1550.442</ele><time>2026-07-12T18:58:50Z</time></trkpt><trkpt lat="60.548562" lon="-137.235813"><ele>1550.867</ele><time>2026-07-12T18:58:55Z</time></trkpt><trkpt lat="60.548555" lon="-137.235781"><ele>1551.441</ele><time>2026-07-12T18:58:58Z</time></trkpt><trkpt lat="60.548546" lon="-137.235756"><ele>1552.416</ele><time>2026-07-12T18:59:03Z</time></trkpt><trkpt lat="60.548548" lon="-137.235756"><ele>1552.680</ele><time>2026-07-12T18:59:04Z</time></trkpt><trkpt lat="60.548544" lon="-137.235746"><ele>1553.668</ele><time>2026-07-12T18:59:08Z</time></trkpt><trkpt lat="60.54852" lon="-137.235741"><ele>1553.842</ele><time>2026-07-12T18:59:12Z</time></trkpt><trkpt lat="60.548498" lon="-137.235704"><ele>1554.426</ele><time>2026-07-12T18:59:19Z</time></trkpt><trkpt lat="60.548494" lon="-137.235698"><ele>1554.809</ele><time>2026-07-12T18:59:20Z</time></trkpt><trkpt lat="60.548478" lon="-137.23569"><ele>1555.828</ele><time>2026-07-12T18:59:26Z</time></trkpt><trkpt lat="60.548471" lon="-137.235696"><ele>1556.073</ele><time>2026-07-12T18:59:29Z</time></trkpt><trkpt lat="60.548449" lon="-137.235726"><ele>1556.870</ele><time>2026-07-12T18:59:37Z</time></trkpt><trkpt lat="60.548442" lon="-137.23573"><ele>1556.867</ele><time>2026-07-12T18:59:39Z</time></trkpt><trkpt lat="60.548433" lon="-137.235736"><ele>1558.063</ele><time>2026-07-12T18:59:45Z</time></trkpt><trkpt lat="60.548433" lon="-137.235744"><ele>1558.078</ele><time>2026-07-12T18:59:46Z</time></trkpt><trkpt lat="60.548419" lon="-137.235788"><ele>1559.092</ele><time>2026-07-12T18:59:53Z</time></trkpt><trkpt lat="60.548414" lon="-137.235794"><ele>1559.417</ele><time>2026-07-12T18:59:55Z</time></trkpt><trkpt lat="60.548396" lon="-137.235808"><ele>1560.091</ele><time>2026-07-12T19:00:01Z</time></trkpt><trkpt lat="60.548379" lon="-137.23585"><ele>1561.087</ele><time>2026-07-12T19:00:07Z</time></trkpt><trkpt lat="60.548373" lon="-137.235852"><ele>1561.242</ele><time>2026-07-12T19:00:08Z</time></trkpt><trkpt lat="60.548369" lon="-137.235842"><ele>1561.426</ele><time>2026-07-12T19:00:11Z</time></trkpt><trkpt lat="60.548365" lon="-137.23582"><ele>1562.209</ele><time>2026-07-12T19:00:16Z</time></trkpt><trkpt lat="60.548349" lon="-137.235826"><ele>1563.440</ele><time>2026-07-12T19:00:24Z</time></trkpt><trkpt lat="60.548346" lon="-137.23583"><ele>1563.685</ele><time>2026-07-12T19:00:25Z</time></trkpt><trkpt lat="60.548341" lon="-137.235841"><ele>1564.442</ele><time>2026-07-12T19:00:28Z</time></trkpt><trkpt lat="60.548321" lon="-137.235846"><ele>1565.479</ele><time>2026-07-12T19:00:35Z</time></trkpt><trkpt lat="60.54832" lon="-137.235848"><ele>1565.425</ele><time>2026-07-12T19:00:36Z</time></trkpt><trkpt lat="60.548312" lon="-137.235849"><ele>1565.670</ele><time>2026-07-12T19:00:38Z</time></trkpt><trkpt lat="60.548311" lon="-137.23585"><ele>1565.894</ele><time>2026-07-12T19:00:39Z</time></trkpt><trkpt lat="60.548305" lon="-137.235851"><ele>1566.029</ele><time>2026-07-12T19:00:40Z</time></trkpt><trkpt lat="60.548299" lon="-137.235853"><ele>1566.213</ele><time>2026-07-12T19:00:41Z</time></trkpt><trkpt lat="60.548297" lon="-137.23585"><ele>1566.414</ele><time>2026-07-12T19:00:42Z</time></trkpt><trkpt lat="60.548293" lon="-137.235849"><ele>1566.654</ele><time>2026-07-12T19:00:43Z</time></trkpt><trkpt lat="60.548287" lon="-137.235844"><ele>1567.809</ele><time>2026-07-12T19:00:47Z</time></trkpt><trkpt lat="60.548281" lon="-137.235821"><ele>1568.009</ele><time>2026-07-12T19:00:52Z</time></trkpt><trkpt lat="60.548281" lon="-137.235776"><ele>1569.073</ele><time>2026-07-12T19:00:59Z</time></trkpt><trkpt lat="60.548282" lon="-137.23577"><ele>1569.678</ele><time>2026-07-12T19:01:00Z</time></trkpt><trkpt lat="60.548277" lon="-137.235729"><ele>1570.055</ele><time>2026-07-12T19:01:08Z</time></trkpt><trkpt lat="60.548274" lon="-137.23573"><ele>1570.422</ele><time>2026-07-12T19:01:09Z</time></trkpt><trkpt lat="60.548265" lon="-137.235693"><ele>1569.658</ele><time>2026-07-12T19:01:18Z</time></trkpt><trkpt lat="60.548262" lon="-137.235669"><ele>1571.643</ele><time>2026-07-12T19:01:24Z</time></trkpt><trkpt lat="60.548248" lon="-137.235666"><ele>1571.897</ele><time>2026-07-12T19:01:28Z</time></trkpt><trkpt lat="60.548231" lon="-137.235672"><ele>1572.062</ele><time>2026-07-12T19:01:35Z</time></trkpt><trkpt lat="60.548217" lon="-137.235648"><ele>1572.656</ele><time>2026-07-12T19:01:44Z</time></trkpt><trkpt lat="60.548216" lon="-137.235645"><ele>1573.085</ele><time>2026-07-12T19:01:45Z</time></trkpt><trkpt lat="60.548205" lon="-137.235654"><ele>1573.689</ele><time>2026-07-12T19:01:52Z</time></trkpt><trkpt lat="60.548199" lon="-137.235663"><ele>1574.017</ele><time>2026-07-12T19:01:55Z</time></trkpt><trkpt lat="60.548195" lon="-137.235674"><ele>1574.609</ele><time>2026-07-12T19:01:57Z</time></trkpt><trkpt lat="60.548186" lon="-137.235674"><ele>1575.220</ele><time>2026-07-12T19:02:01Z</time></trkpt><trkpt lat="60.548174" lon="-137.235671"><ele>1575.895</ele><time>2026-07-12T19:02:04Z</time></trkpt><trkpt lat="60.54817" lon="-137.235666"><ele>1576.442</ele><time>2026-07-12T19:02:06Z</time></trkpt><trkpt lat="60.548162" lon="-137.235645"><ele>1576.889</ele><time>2026-07-12T19:02:10Z</time></trkpt><trkpt lat="60.548161" lon="-137.235638"><ele>1577.015</ele><time>2026-07-12T19:02:11Z</time></trkpt><trkpt lat="60.548163" lon="-137.235626"><ele>1577.490</ele><time>2026-07-12T19:02:15Z</time></trkpt><trkpt lat="60.548163" lon="-137.235623"><ele>1577.474</ele><time>2026-07-12T19:02:18Z</time></trkpt><trkpt lat="60.548151" lon="-137.235623"><ele>1577.649</ele><time>2026-07-12T19:02:23Z</time></trkpt><trkpt lat="60.548147" lon="-137.235618"><ele>1578.083</ele><time>2026-07-12T19:02:25Z</time></trkpt><trkpt lat="60.548141" lon="-137.235577"><ele>1578.436</ele><time>2026-07-12T19:02:30Z</time></trkpt><trkpt lat="60.548137" lon="-137.235576"><ele>1578.417</ele><time>2026-07-12T19:02:31Z</time></trkpt><trkpt lat="60.548124" lon="-137.235595"><ele>1579.418</ele><time>2026-07-12T19:02:37Z</time></trkpt><trkpt lat="60.548125" lon="-137.235597"><ele>1579.609</ele><time>2026-07-12T19:02:39Z</time></trkpt><trkpt lat="60.548104" lon="-137.235629"><ele>1580.625</ele><time>2026-07-12T19:02:46Z</time></trkpt><trkpt lat="60.548089" lon="-137.235574"><ele>1581.680</ele><time>2026-07-12T19:02:53Z</time></trkpt><trkpt lat="60.548086" lon="-137.235565"><ele>1581.817</ele><time>2026-07-12T19:02:54Z</time></trkpt><trkpt lat="60.548071" lon="-137.235532"><ele>1582.884</ele><time>2026-07-12T19:03:00Z</time></trkpt><trkpt lat="60.548069" lon="-137.235528"><ele>1583.020</ele><time>2026-07-12T19:03:01Z</time></trkpt><trkpt lat="60.548062" lon="-137.235564"><ele>1584.015</ele><time>2026-07-12T19:03:07Z</time></trkpt><trkpt lat="60.548059" lon="-137.235569"><ele>1584.079</ele><time>2026-07-12T19:03:08Z</time></trkpt><trkpt lat="60.54804" lon="-137.235543"><ele>1584.844</ele><time>2026-07-12T19:03:15Z</time></trkpt><trkpt lat="60.548034" lon="-137.235541"><ele>1585.058</ele><time>2026-07-12T19:03:17Z</time></trkpt><trkpt lat="60.548026" lon="-137.23556"><ele>1585.442</ele><time>2026-07-12T19:03:22Z</time></trkpt><trkpt lat="60.548007" lon="-137.235564"><ele>1586.222</ele><time>2026-07-12T19:03:27Z</time></trkpt><trkpt lat="60.548003" lon="-137.235533"><ele>1586.014</ele><time>2026-07-12T19:03:32Z</time></trkpt><trkpt lat="60.547993" lon="-137.235531"><ele>1587.209</ele><time>2026-07-12T19:03:35Z</time></trkpt><trkpt lat="60.547981" lon="-137.235553"><ele>1587.886</ele><time>2026-07-12T19:03:40Z</time></trkpt><trkpt lat="60.547963" lon="-137.235536"><ele>1588.251</ele><time>2026-07-12T19:03:47Z</time></trkpt><trkpt lat="60.547953" lon="-137.235535"><ele>1589.088</ele><time>2026-07-12T19:03:50Z</time></trkpt><trkpt lat="60.547949" lon="-137.235535"><ele>1589.255</ele><time>2026-07-12T19:03:51Z</time></trkpt><trkpt lat="60.547934" lon="-137.235553"><ele>1590.461</ele><time>2026-07-12T19:03:58Z</time></trkpt><trkpt lat="60.547931" lon="-137.235556"><ele>1591.066</ele><time>2026-07-12T19:04:01Z</time></trkpt><trkpt lat="60.547924" lon="-137.235576"><ele>1591.450</ele><time>2026-07-12T19:04:05Z</time></trkpt><trkpt lat="60.547903" lon="-137.235592"><ele>1591.885</ele><time>2026-07-12T19:04:11Z</time></trkpt><trkpt lat="60.547882" lon="-137.235587"><ele>1592.489</ele><time>2026-07-12T19:04:16Z</time></trkpt><trkpt lat="60.547872" lon="-137.235602"><ele>1592.817</ele><time>2026-07-12T19:04:19Z</time></trkpt><trkpt lat="60.547854" lon="-137.235595"><ele>1593.487</ele><time>2026-07-12T19:04:22Z</time></trkpt><trkpt lat="60.547841" lon="-137.235579"><ele>1594.215</ele><time>2026-07-12T19:04:26Z</time></trkpt><trkpt lat="60.547818" lon="-137.235562"><ele>1594.409</ele><time>2026-07-12T19:04:32Z</time></trkpt><trkpt lat="60.547807" lon="-137.235546"><ele>1595.243</ele><time>2026-07-12T19:04:37Z</time></trkpt><trkpt lat="60.547811" lon="-137.235537"><ele>1595.668</ele><time>2026-07-12T19:04:40Z</time></trkpt><trkpt lat="60.547822" lon="-137.235544"><ele>1595.625</ele><time>2026-07-12T19:04:47Z</time></trkpt><trkpt lat="60.547822" lon="-137.235544"><ele>1595.682</ele><time>2026-07-12T19:05:00Z</time></trkpt><trkpt lat="60.547822" lon="-137.235544"><ele>1595.678</ele><time>2026-07-12T19:05:08Z</time></trkpt><trkpt lat="60.54782" lon="-137.235538"><ele>1595.843</ele><time>2026-07-12T19:05:11Z</time></trkpt><trkpt lat="60.547817" lon="-137.235523"><ele>1596.017</ele><time>2026-07-12T19:05:22Z</time></trkpt><trkpt lat="60.547811" lon="-137.235531"><ele>1595.832</ele><time>2026-07-12T19:05:31Z</time></trkpt><trkpt lat="60.547812" lon="-137.23554"><ele>1596.046</ele><time>2026-07-12T19:05:38Z</time></trkpt><trkpt lat="60.547811" lon="-137.235543"><ele>1596.096</ele><time>2026-07-12T19:05:42Z</time></trkpt><trkpt lat="60.547817" lon="-137.235541"><ele>1596.031</ele><time>2026-07-12T19:05:48Z</time></trkpt><trkpt lat="60.547818" lon="-137.235536"><ele>1596.224</ele><time>2026-07-12T19:05:55Z</time></trkpt><trkpt lat="60.547816" lon="-137.235539"><ele>1596.009</ele><time>2026-07-12T19:06:04Z</time></trkpt><trkpt lat="60.547809" lon="-137.235528"><ele>1596.061</ele><time>2026-07-12T19:06:16Z</time></trkpt><trkpt lat="60.547809" lon="-137.235529"><ele>1596.086</ele><time>2026-07-12T19:06:17Z</time></trkpt><trkpt lat="60.547808" lon="-137.23553"><ele>1596.033</ele><time>2026-07-12T19:06:18Z</time></trkpt><trkpt lat="60.547811" lon="-137.235527"><ele>1596.080</ele><time>2026-07-12T19:06:22Z</time></trkpt><trkpt lat="60.547817" lon="-137.235523"><ele>1596.226</ele><time>2026-07-12T19:06:31Z</time></trkpt><trkpt lat="60.547822" lon="-137.235544"><ele>1596.231</ele><time>2026-07-12T19:06:44Z</time></trkpt><trkpt lat="60.5478" lon="-137.23554"><ele>1596.455</ele><time>2026-07-12T19:06:56Z</time></trkpt><trkpt lat="60.5478" lon="-137.23554"><ele>1596.410</ele><time>2026-07-12T19:06:58Z</time></trkpt><trkpt lat="60.5478" lon="-137.235539"><ele>1596.864</ele><time>2026-07-12T19:07:01Z</time></trkpt><trkpt lat="60.547801" lon="-137.235542"><ele>1597.254</ele><time>2026-07-12T19:07:06Z</time></trkpt><trkpt lat="60.547773" lon="-137.235527"><ele>1597.456</ele><time>2026-07-12T19:07:13Z</time></trkpt><trkpt lat="60.547768" lon="-137.235527"><ele>1597.811</ele><time>2026-07-12T19:07:15Z</time></trkpt><trkpt lat="60.547749" lon="-137.23553"><ele>1599.009</ele><time>2026-07-12T19:07:20Z</time></trkpt><trkpt lat="60.547735" lon="-137.235529"><ele>1599.617</ele><time>2026-07-12T19:07:23Z</time></trkpt><trkpt lat="60.547706" lon="-137.235528"><ele>1600.052</ele><time>2026-07-12T19:07:28Z</time></trkpt><trkpt lat="60.5477" lon="-137.235527"><ele>1600.069</ele><time>2026-07-12T19:07:29Z</time></trkpt><trkpt lat="60.547677" lon="-137.235514"><ele>1600.496</ele><time>2026-07-12T19:07:33Z</time></trkpt><trkpt lat="60.547671" lon="-137.23551"><ele>1600.652</ele><time>2026-07-12T19:07:35Z</time></trkpt><trkpt lat="60.547655" lon="-137.235515"><ele>1601.237</ele><time>2026-07-12T19:07:40Z</time></trkpt><trkpt lat="60.547643" lon="-137.23552"><ele>1601.431</ele><time>2026-07-12T19:07:43Z</time></trkpt><trkpt lat="60.54763" lon="-137.235535"><ele>1602.246</ele><time>2026-07-12T19:07:49Z</time></trkpt><trkpt lat="60.547629" lon="-137.23554"><ele>1602.430</ele><time>2026-07-12T19:07:51Z</time></trkpt><trkpt lat="60.547618" lon="-137.235578"><ele>1603.247</ele><time>2026-07-12T19:07:58Z</time></trkpt><trkpt lat="60.547617" lon="-137.235585"><ele>1603.429</ele><time>2026-07-12T19:07:59Z</time></trkpt><trkpt lat="60.547592" lon="-137.235586"><ele>1604.221</ele><time>2026-07-12T19:08:06Z</time></trkpt><trkpt lat="60.547589" lon="-137.235582"><ele>1604.409</ele><time>2026-07-12T19:08:07Z</time></trkpt><trkpt lat="60.547563" lon="-137.235551"><ele>1605.216</ele><time>2026-07-12T19:08:14Z</time></trkpt><trkpt lat="60.547554" lon="-137.235555"><ele>1605.821</ele><time>2026-07-12T19:08:19Z</time></trkpt><trkpt lat="60.547549" lon="-137.235549"><ele>1606.288</ele><time>2026-07-12T19:08:22Z</time></trkpt><trkpt lat="60.547525" lon="-137.235557"><ele>1607.265</ele><time>2026-07-12T19:08:28Z</time></trkpt><trkpt lat="60.547522" lon="-137.235552"><ele>1607.441</ele><time>2026-07-12T19:08:29Z</time></trkpt><trkpt lat="60.547496" lon="-137.235548"><ele>1607.876</ele><time>2026-07-12T19:08:36Z</time></trkpt><trkpt lat="60.547472" lon="-137.23554"><ele>1608.490</ele><time>2026-07-12T19:08:44Z</time></trkpt><trkpt lat="60.547469" lon="-137.235544"><ele>1608.685</ele><time>2026-07-12T19:08:46Z</time></trkpt><trkpt lat="60.547452" lon="-137.235579"><ele>1609.429</ele><time>2026-07-12T19:08:53Z</time></trkpt><trkpt lat="60.547446" lon="-137.235573"><ele>1609.882</ele><time>2026-07-12T19:08:55Z</time></trkpt><trkpt lat="60.547419" lon="-137.235584"><ele>1610.643</ele><time>2026-07-12T19:09:02Z</time></trkpt><trkpt lat="60.547406" lon="-137.235592"><ele>1611.017</ele><time>2026-07-12T19:09:05Z</time></trkpt><trkpt lat="60.547397" lon="-137.235589"><ele>1611.609</ele><time>2026-07-12T19:09:08Z</time></trkpt><trkpt lat="60.547384" lon="-137.235599"><ele>1612.630</ele><time>2026-07-12T19:09:15Z</time></trkpt><trkpt lat="60.547381" lon="-137.235599"><ele>1612.665</ele><time>2026-07-12T19:09:16Z</time></trkpt><trkpt lat="60.547353" lon="-137.235594"><ele>1613.892</ele><time>2026-07-12T19:09:24Z</time></trkpt><trkpt lat="60.547344" lon="-137.235587"><ele>1614.279</ele><time>2026-07-12T19:09:27Z</time></trkpt><trkpt lat="60.547331" lon="-137.235579"><ele>1614.835</ele><time>2026-07-12T19:09:31Z</time></trkpt><trkpt lat="60.547308" lon="-137.235559"><ele>1615.480</ele><time>2026-07-12T19:09:37Z</time></trkpt><trkpt lat="60.547303" lon="-137.235557"><ele>1615.664</ele><time>2026-07-12T19:09:38Z</time></trkpt><trkpt lat="60.5473" lon="-137.23556"><ele>1616.069</ele><time>2026-07-12T19:09:40Z</time></trkpt><trkpt lat="60.54729" lon="-137.235572"><ele>1616.853</ele><time>2026-07-12T19:09:47Z</time></trkpt><trkpt lat="60.547288" lon="-137.235577"><ele>1617.011</ele><time>2026-07-12T19:09:49Z</time></trkpt><trkpt lat="60.547285" lon="-137.235617"><ele>1618.021</ele><time>2026-07-12T19:09:55Z</time></trkpt><trkpt lat="60.547283" lon="-137.235624"><ele>1618.203</ele><time>2026-07-12T19:09:56Z</time></trkpt><trkpt lat="60.547261" lon="-137.235636"><ele>1619.409</ele><time>2026-07-12T19:10:02Z</time></trkpt><trkpt lat="60.547253" lon="-137.235623"><ele>1619.653</ele><time>2026-07-12T19:10:04Z</time></trkpt><trkpt lat="60.547244" lon="-137.235629"><ele>1620.488</ele><time>2026-07-12T19:10:09Z</time></trkpt><trkpt lat="60.54724" lon="-137.235629"><ele>1620.815</ele><time>2026-07-12T19:10:11Z</time></trkpt><trkpt lat="60.547229" lon="-137.235613"><ele>1621.442</ele><time>2026-07-12T19:10:16Z</time></trkpt><trkpt lat="60.547223" lon="-137.235629"><ele>1621.658</ele><time>2026-07-12T19:10:19Z</time></trkpt><trkpt lat="60.547207" lon="-137.235625"><ele>1622.433</ele><time>2026-07-12T19:10:25Z</time></trkpt><trkpt lat="60.547199" lon="-137.235627"><ele>1622.687</ele><time>2026-07-12T19:10:27Z</time></trkpt><trkpt lat="60.547189" lon="-137.235623"><ele>1623.262</ele><time>2026-07-12T19:10:31Z</time></trkpt><trkpt lat="60.547187" lon="-137.235624"><ele>1623.626</ele><time>2026-07-12T19:10:33Z</time></trkpt><trkpt lat="60.547176" lon="-137.235627"><ele>1624.478</ele><time>2026-07-12T19:10:39Z</time></trkpt><trkpt lat="60.547169" lon="-137.235629"><ele>1624.633</ele><time>2026-07-12T19:10:41Z</time></trkpt><trkpt lat="60.547166" lon="-137.235629"><ele>1624.826</ele><time>2026-07-12T19:10:42Z</time></trkpt><trkpt lat="60.547145" lon="-137.235604"><ele>1625.609</ele><time>2026-07-12T19:10:49Z</time></trkpt><trkpt lat="60.547137" lon="-137.235602"><ele>1626.099</ele><time>2026-07-12T19:10:52Z</time></trkpt><trkpt lat="60.547127" lon="-137.235621"><ele>1626.684</ele><time>2026-07-12T19:10:56Z</time></trkpt><trkpt lat="60.547115" lon="-137.235633"><ele>1627.461</ele><time>2026-07-12T19:11:00Z</time></trkpt><trkpt lat="60.547106" lon="-137.23562"><ele>1627.818</ele><time>2026-07-12T19:11:05Z</time></trkpt><trkpt lat="60.547095" lon="-137.235615"><ele>1628.444</ele><time>2026-07-12T19:11:09Z</time></trkpt><trkpt lat="60.54709" lon="-137.235612"><ele>1628.699</ele><time>2026-07-12T19:11:11Z</time></trkpt><trkpt lat="60.547087" lon="-137.235613"><ele>1628.853</ele><time>2026-07-12T19:11:12Z</time></trkpt><trkpt lat="60.547065" lon="-137.235594"><ele>1629.898</ele><time>2026-07-12T19:11:18Z</time></trkpt><trkpt lat="60.547062" lon="-137.235589"><ele>1630.052</ele><time>2026-07-12T19:11:19Z</time></trkpt><trkpt lat="60.547058" lon="-137.235592"><ele>1630.264</ele><time>2026-07-12T19:11:20Z</time></trkpt><trkpt lat="60.547037" lon="-137.235583"><ele>1631.006</ele><time>2026-07-12T19:11:26Z</time></trkpt><trkpt lat="60.547031" lon="-137.235578"><ele>1631.416</ele><time>2026-07-12T19:11:29Z</time></trkpt><trkpt lat="60.547025" lon="-137.235568"><ele>1632.009</ele><time>2026-07-12T19:11:34Z</time></trkpt><trkpt lat="60.547" lon="-137.235558"><ele>1633.268</ele><time>2026-07-12T19:11:41Z</time></trkpt><trkpt lat="60.546988" lon="-137.235554"><ele>1634.083</ele><time>2026-07-12T19:11:46Z</time></trkpt><trkpt lat="60.546982" lon="-137.235552"><ele>1634.280</ele><time>2026-07-12T19:11:48Z</time></trkpt><trkpt lat="60.546959" lon="-137.235545"><ele>1635.287</ele><time>2026-07-12T19:11:57Z</time></trkpt><trkpt lat="60.546939" lon="-137.235556"><ele>1636.483</ele><time>2026-07-12T19:12:06Z</time></trkpt><trkpt lat="60.546928" lon="-137.235562"><ele>1637.488</ele><time>2026-07-12T19:12:12Z</time></trkpt><trkpt lat="60.546922" lon="-137.235555"><ele>1637.652</ele><time>2026-07-12T19:12:14Z</time></trkpt><trkpt lat="60.546913" lon="-137.235554"><ele>1638.427</ele><time>2026-07-12T19:12:19Z</time></trkpt><trkpt lat="60.546909" lon="-137.235549"><ele>1638.841</ele><time>2026-07-12T19:12:23Z</time></trkpt><trkpt lat="60.546896" lon="-137.235552"><ele>1639.413</ele><time>2026-07-12T19:12:29Z</time></trkpt><trkpt lat="60.546881" lon="-137.23556"><ele>1640.043</ele><time>2026-07-12T19:12:32Z</time></trkpt><trkpt lat="60.546874" lon="-137.235565"><ele>1640.607</ele><time>2026-07-12T19:12:36Z</time></trkpt><trkpt lat="60.546867" lon="-137.235569"><ele>1641.209</ele><time>2026-07-12T19:12:40Z</time></trkpt><trkpt lat="60.546855" lon="-137.235575"><ele>1641.843</ele><time>2026-07-12T19:12:43Z</time></trkpt><trkpt lat="60.546852" lon="-137.235568"><ele>1642.648</ele><time>2026-07-12T19:12:48Z</time></trkpt><trkpt lat="60.546855" lon="-137.235566"><ele>1642.835</ele><time>2026-07-12T19:12:50Z</time></trkpt><trkpt lat="60.546844" lon="-137.235591"><ele>1643.892</ele><time>2026-07-12T19:12:59Z</time></trkpt><trkpt lat="60.546843" lon="-137.235598"><ele>1644.048</ele><time>2026-07-12T19:13:00Z</time></trkpt><trkpt lat="60.546832" lon="-137.235622"><ele>1645.083</ele><time>2026-07-12T19:13:04Z</time></trkpt><trkpt lat="60.546817" lon="-137.235643"><ele>1645.897</ele><time>2026-07-12T19:13:08Z</time></trkpt><trkpt lat="60.546795" lon="-137.23567"><ele>1646.232</ele><time>2026-07-12T19:13:10Z</time></trkpt><trkpt lat="60.546795" lon="-137.235669"><ele>1647.036</ele><time>2026-07-12T19:13:14Z</time></trkpt><trkpt lat="60.546796" lon="-137.235667"><ele>1647.272</ele><time>2026-07-12T19:13:17Z</time></trkpt><trkpt lat="60.546795" lon="-137.235662"><ele>1647.213</ele><time>2026-07-12T19:13:24Z</time></trkpt><trkpt lat="60.546796" lon="-137.235667"><ele>1646.614</ele><time>2026-07-12T19:13:37Z</time></trkpt><trkpt lat="60.546796" lon="-137.235667"><ele>1646.609</ele><time>2026-07-12T19:13:47Z</time></trkpt><trkpt lat="60.546809" lon="-137.235661"><ele>1647.079</ele><time>2026-07-12T19:13:56Z</time></trkpt><trkpt lat="60.546798" lon="-137.235674"><ele>1647.444</ele><time>2026-07-12T19:14:04Z</time></trkpt><trkpt lat="60.546805" lon="-137.235676"><ele>1646.831</ele><time>2026-07-12T19:14:14Z</time></trkpt><trkpt lat="60.546807" lon="-137.235659"><ele>1647.068</ele><time>2026-07-12T19:14:23Z</time></trkpt><trkpt lat="60.546802" lon="-137.235657"><ele>1647.034</ele><time>2026-07-12T19:14:26Z</time></trkpt><trkpt lat="60.5468" lon="-137.23566"><ele>1648.459</ele><time>2026-07-12T19:14:36Z</time></trkpt><trkpt lat="60.546793" lon="-137.235665"><ele>1648.663</ele><time>2026-07-12T19:14:38Z</time></trkpt><trkpt lat="60.546794" lon="-137.235673"><ele>1647.418</ele><time>2026-07-12T19:14:45Z</time></trkpt><trkpt lat="60.546796" lon="-137.235667"><ele>1647.492</ele><time>2026-07-12T19:14:53Z</time></trkpt><trkpt lat="60.546796" lon="-137.235667"><ele>1647.483</ele><time>2026-07-12T19:15:03Z</time></trkpt><trkpt lat="60.546796" lon="-137.235667"><ele>1647.425</ele><time>2026-07-12T19:15:04Z</time></trkpt><trkpt lat="60.546796" lon="-137.235667"><ele>1647.417</ele><time>2026-07-12T19:15:06Z</time></trkpt><trkpt lat="60.546796" lon="-137.235667"><ele>1647.409</ele><time>2026-07-12T19:15:09Z</time></trkpt><trkpt lat="60.546796" lon="-137.235667"><ele>1647.480</ele><time>2026-07-12T19:15:21Z</time></trkpt><trkpt lat="60.546804" lon="-137.235662"><ele>1647.275</ele><time>2026-07-12T19:15:35Z</time></trkpt><trkpt lat="60.546801" lon="-137.235654"><ele>1647.052</ele><time>2026-07-12T19:15:37Z</time></trkpt><trkpt lat="60.546765" lon="-137.235675"><ele>1648.639</ele><time>2026-07-12T19:15:44Z</time></trkpt><trkpt lat="60.546746" lon="-137.235688"><ele>1649.615</ele><time>2026-07-12T19:15:48Z</time></trkpt><trkpt lat="60.546731" lon="-137.235692"><ele>1650.490</ele><time>2026-07-12T19:15:51Z</time></trkpt><trkpt lat="60.546723" lon="-137.235687"><ele>1650.894</ele><time>2026-07-12T19:15:53Z</time></trkpt><trkpt lat="60.546703" lon="-137.235671"><ele>1652.089</ele><time>2026-07-12T19:15:58Z</time></trkpt><trkpt lat="60.546696" lon="-137.235678"><ele>1652.653</ele><time>2026-07-12T19:16:03Z</time></trkpt><trkpt lat="60.546691" lon="-137.235683"><ele>1652.843</ele><time>2026-07-12T19:16:05Z</time></trkpt><trkpt lat="60.54669" lon="-137.235685"><ele>1653.064</ele><time>2026-07-12T19:16:06Z</time></trkpt><trkpt lat="60.546669" lon="-137.235703"><ele>1654.210</ele><time>2026-07-12T19:16:14Z</time></trkpt><trkpt lat="60.546648" lon="-137.235702"><ele>1655.209</ele><time>2026-07-12T19:16:20Z</time></trkpt><trkpt lat="60.546642" lon="-137.235704"><ele>1655.646</ele><time>2026-07-12T19:16:22Z</time></trkpt><trkpt lat="60.546627" lon="-137.235716"><ele>1656.451</ele><time>2026-07-12T19:16:27Z</time></trkpt><trkpt lat="60.546616" lon="-137.23573"><ele>1656.818</ele><time>2026-07-12T19:16:31Z</time></trkpt><trkpt lat="60.546614" lon="-137.235743"><ele>1657.415</ele><time>2026-07-12T19:16:35Z</time></trkpt><trkpt lat="60.546595" lon="-137.235741"><ele>1657.831</ele><time>2026-07-12T19:16:39Z</time></trkpt><trkpt lat="60.546579" lon="-137.235725"><ele>1658.646</ele><time>2026-07-12T19:16:43Z</time></trkpt><trkpt lat="60.546562" lon="-137.235703"><ele>1659.420</ele><time>2026-07-12T19:16:50Z</time></trkpt><trkpt lat="60.546558" lon="-137.235704"><ele>1659.665</ele><time>2026-07-12T19:16:52Z</time></trkpt><trkpt lat="60.546534" lon="-137.235692"><ele>1660.849</ele><time>2026-07-12T19:16:59Z</time></trkpt><trkpt lat="60.546519" lon="-137.23568"><ele>1661.495</ele><time>2026-07-12T19:17:04Z</time></trkpt><trkpt lat="60.54651" lon="-137.235671"><ele>1661.849</ele><time>2026-07-12T19:17:08Z</time></trkpt><trkpt lat="60.546492" lon="-137.235658"><ele>1663.023</ele><time>2026-07-12T19:17:15Z</time></trkpt><trkpt lat="60.546482" lon="-137.235651"><ele>1663.209</ele><time>2026-07-12T19:17:18Z</time></trkpt><trkpt lat="60.54647" lon="-137.23565"><ele>1664.031</ele><time>2026-07-12T19:17:24Z</time></trkpt><trkpt lat="60.546466" lon="-137.235649"><ele>1664.456</ele><time>2026-07-12T19:17:26Z</time></trkpt><trkpt lat="60.546458" lon="-137.235648"><ele>1665.223</ele><time>2026-07-12T19:17:29Z</time></trkpt><trkpt lat="60.546438" lon="-137.235659"><ele>1666.610</ele><time>2026-07-12T19:17:34Z</time></trkpt><trkpt lat="60.546434" lon="-137.235662"><ele>1667.016</ele><time>2026-07-12T19:17:35Z</time></trkpt><trkpt lat="60.546425" lon="-137.235662"><ele>1667.811</ele><time>2026-07-12T19:17:37Z</time></trkpt><trkpt lat="60.546413" lon="-137.235642"><ele>1667.025</ele><time>2026-07-12T19:17:44Z</time></trkpt><trkpt lat="60.546412" lon="-137.235673"><ele>1668.650</ele><time>2026-07-12T19:17:54Z</time></trkpt><trkpt lat="60.546411" lon="-137.235681"><ele>1669.034</ele><time>2026-07-12T19:17:56Z</time></trkpt><trkpt lat="60.546405" lon="-137.235709"><ele>1670.062</ele><time>2026-07-12T19:18:01Z</time></trkpt><trkpt lat="60.546401" lon="-137.235719"><ele>1670.483</ele><time>2026-07-12T19:18:03Z</time></trkpt><trkpt lat="60.546398" lon="-137.235729"><ele>1671.011</ele><time>2026-07-12T19:18:07Z</time></trkpt><trkpt lat="60.546396" lon="-137.235735"><ele>1671.609</ele><time>2026-07-12T19:18:10Z</time></trkpt><trkpt lat="60.546389" lon="-137.235755"><ele>1672.268</ele><time>2026-07-12T19:18:13Z</time></trkpt><trkpt lat="60.546379" lon="-137.235788"><ele>1673.483</ele><time>2026-07-12T19:18:19Z</time></trkpt><trkpt lat="60.546376" lon="-137.235795"><ele>1673.640</ele><time>2026-07-12T19:18:20Z</time></trkpt><trkpt lat="60.546376" lon="-137.235824"><ele>1674.457</ele><time>2026-07-12T19:18:24Z</time></trkpt><trkpt lat="60.546378" lon="-137.235839"><ele>1675.063</ele><time>2026-07-12T19:18:30Z</time></trkpt><trkpt lat="60.546374" lon="-137.235856"><ele>1675.488</ele><time>2026-07-12T19:18:34Z</time></trkpt><trkpt lat="60.54637" lon="-137.235863"><ele>1675.062</ele><time>2026-07-12T19:18:38Z</time></trkpt><trkpt lat="60.546369" lon="-137.235864"><ele>1675.017</ele><time>2026-07-12T19:18:39Z</time></trkpt><trkpt lat="60.54636" lon="-137.235891"><ele>1675.481</ele><time>2026-07-12T19:18:47Z</time></trkpt><trkpt lat="60.546362" lon="-137.235889"><ele>1675.632</ele><time>2026-07-12T19:18:48Z</time></trkpt><trkpt lat="60.546357" lon="-137.235918"><ele>1676.692</ele><time>2026-07-12T19:18:56Z</time></trkpt><trkpt lat="60.546356" lon="-137.235927"><ele>1676.611</ele><time>2026-07-12T19:18:57Z</time></trkpt><trkpt lat="60.546357" lon="-137.235948"><ele>1677.809</ele><time>2026-07-12T19:19:02Z</time></trkpt><trkpt lat="60.546353" lon="-137.235972"><ele>1678.415</ele><time>2026-07-12T19:19:05Z</time></trkpt><trkpt lat="60.546351" lon="-137.235995"><ele>1678.810</ele><time>2026-07-12T19:19:07Z</time></trkpt><trkpt lat="60.546351" lon="-137.23601"><ele>1679.467</ele><time>2026-07-12T19:19:10Z</time></trkpt><trkpt lat="60.546348" lon="-137.236008"><ele>1680.014</ele><time>2026-07-12T19:19:14Z</time></trkpt><trkpt lat="60.546332" lon="-137.236027"><ele>1680.640</ele><time>2026-07-12T19:19:18Z</time></trkpt><trkpt lat="60.546327" lon="-137.236031"><ele>1681.025</ele><time>2026-07-12T19:19:20Z</time></trkpt><trkpt lat="60.546313" lon="-137.236007"><ele>1681.879</ele><time>2026-07-12T19:19:24Z</time></trkpt><trkpt lat="60.546305" lon="-137.236011"><ele>1682.034</ele><time>2026-07-12T19:19:26Z</time></trkpt><trkpt lat="60.546303" lon="-137.236018"><ele>1682.648</ele><time>2026-07-12T19:19:30Z</time></trkpt><trkpt lat="60.546301" lon="-137.236032"><ele>1682.661</ele><time>2026-07-12T19:19:39Z</time></trkpt><trkpt lat="60.5463" lon="-137.23606"><ele>1683.021</ele><time>2026-07-12T19:19:41Z</time></trkpt><trkpt lat="60.546299" lon="-137.236082"><ele>1683.613</ele><time>2026-07-12T19:19:45Z</time></trkpt><trkpt lat="60.546295" lon="-137.236112"><ele>1684.409</ele><time>2026-07-12T19:19:49Z</time></trkpt><trkpt lat="60.546298" lon="-137.236127"><ele>1685.098</ele><time>2026-07-12T19:19:51Z</time></trkpt><trkpt lat="60.546302" lon="-137.236134"><ele>1685.413</ele><time>2026-07-12T19:19:52Z</time></trkpt><trkpt lat="60.546303" lon="-137.236175"><ele>1686.490</ele><time>2026-07-12T19:19:57Z</time></trkpt><trkpt lat="60.546303" lon="-137.23619"><ele>1686.817</ele><time>2026-07-12T19:19:59Z</time></trkpt><trkpt lat="60.546305" lon="-137.236218"><ele>1687.663</ele><time>2026-07-12T19:20:02Z</time></trkpt><trkpt lat="60.546298" lon="-137.236235"><ele>1688.298</ele><time>2026-07-12T19:20:04Z</time></trkpt><trkpt lat="60.546294" lon="-137.236239"><ele>1688.482</ele><time>2026-07-12T19:20:05Z</time></trkpt><trkpt lat="60.546286" lon="-137.236245"><ele>1688.877</ele><time>2026-07-12T19:20:07Z</time></trkpt><trkpt lat="60.546265" lon="-137.236238"><ele>1690.091</ele><time>2026-07-12T19:20:11Z</time></trkpt><trkpt lat="60.546259" lon="-137.236243"><ele>1690.444</ele><time>2026-07-12T19:20:12Z</time></trkpt><trkpt lat="60.546255" lon="-137.236256"><ele>1691.405</ele><time>2026-07-12T19:20:14Z</time></trkpt><trkpt lat="60.546234" lon="-137.236258"><ele>1691.615</ele><time>2026-07-12T19:20:18Z</time></trkpt><trkpt lat="60.546226" lon="-137.236255"><ele>1691.209</ele><time>2026-07-12T19:20:24Z</time></trkpt><trkpt lat="60.546243" lon="-137.236267"><ele>1690.846</ele><time>2026-07-12T19:20:36Z</time></trkpt><trkpt lat="60.546228" lon="-137.236277"><ele>1690.891</ele><time>2026-07-12T19:20:44Z</time></trkpt><trkpt lat="60.546224" lon="-137.236263"><ele>1691.038</ele><time>2026-07-12T19:20:53Z</time></trkpt><trkpt lat="60.546227" lon="-137.236256"><ele>1691.235</ele><time>2026-07-12T19:20:58Z</time></trkpt><trkpt lat="60.546227" lon="-137.236256"><ele>1691.281</ele><time>2026-07-12T19:21:01Z</time></trkpt><trkpt lat="60.546227" lon="-137.236256"><ele>1691.296</ele><time>2026-07-12T19:21:02Z</time></trkpt><trkpt lat="60.546227" lon="-137.236256"><ele>1691.220</ele><time>2026-07-12T19:21:08Z</time></trkpt><trkpt lat="60.546227" lon="-137.236256"><ele>1691.245</ele><time>2026-07-12T19:21:09Z</time></trkpt><trkpt lat="60.546227" lon="-137.236256"><ele>1691.229</ele><time>2026-07-12T19:21:12Z</time></trkpt><trkpt lat="60.546224" lon="-137.23626"><ele>1691.697</ele><time>2026-07-12T19:21:14Z</time></trkpt><trkpt lat="60.54623" lon="-137.236258"><ele>1691.423</ele><time>2026-07-12T19:21:18Z</time></trkpt><trkpt lat="60.546227" lon="-137.236256"><ele>1691.425</ele><time>2026-07-12T19:21:24Z</time></trkpt><trkpt lat="60.546227" lon="-137.236256"><ele>1691.409</ele><time>2026-07-12T19:21:30Z</time></trkpt><trkpt lat="60.546227" lon="-137.236256"><ele>1691.461</ele><time>2026-07-12T19:21:32Z</time></trkpt><trkpt lat="60.546227" lon="-137.236256"><ele>1691.476</ele><time>2026-07-12T19:21:33Z</time></trkpt><trkpt lat="60.546214" lon="-137.236239"><ele>1691.213</ele><time>2026-07-12T19:21:41Z</time></trkpt><trkpt lat="60.546188" lon="-137.236196"><ele>1691.630</ele><time>2026-07-12T19:21:46Z</time></trkpt><trkpt lat="60.546176" lon="-137.236188"><ele>1692.076</ele><time>2026-07-12T19:21:48Z</time></trkpt><trkpt lat="60.546164" lon="-137.236192"><ele>1692.681</ele><time>2026-07-12T19:21:51Z</time></trkpt><trkpt lat="60.546138" lon="-137.236205"><ele>1693.835</ele><time>2026-07-12T19:21:56Z</time></trkpt><trkpt lat="60.546128" lon="-137.236218"><ele>1694.620</ele><time>2026-07-12T19:22:04Z</time></trkpt><trkpt lat="60.546128" lon="-137.236218"><ele>1694.684</ele><time>2026-07-12T19:22:08Z</time></trkpt><trkpt lat="60.546128" lon="-137.236218"><ele>1694.658</ele><time>2026-07-12T19:22:14Z</time></trkpt><trkpt lat="60.546128" lon="-137.236218"><ele>1694.652</ele><time>2026-07-12T19:22:15Z</time></trkpt><trkpt lat="60.546128" lon="-137.236218"><ele>1694.617</ele><time>2026-07-12T19:22:28Z</time></trkpt><trkpt lat="60.546119" lon="-137.236219"><ele>1695.009</ele><time>2026-07-12T19:22:32Z</time></trkpt><trkpt lat="60.546119" lon="-137.236214"><ele>1695.497</ele><time>2026-07-12T19:22:37Z</time></trkpt><trkpt lat="60.546126" lon="-137.236205"><ele>1695.222</ele><time>2026-07-12T19:22:46Z</time></trkpt><trkpt lat="60.546125" lon="-137.236199"><ele>1695.449</ele><time>2026-07-12T19:22:49Z</time></trkpt><trkpt lat="60.546117" lon="-137.236211"><ele>1695.666</ele><time>2026-07-12T19:23:00Z</time></trkpt><trkpt lat="60.546116" lon="-137.236232"><ele>1696.252</ele><time>2026-07-12T19:23:12Z</time></trkpt><trkpt lat="60.546116" lon="-137.236232"><ele>1696.237</ele><time>2026-07-12T19:23:13Z</time></trkpt><trkpt lat="60.546116" lon="-137.236232"><ele>1696.261</ele><time>2026-07-12T19:23:28Z</time></trkpt><trkpt lat="60.546114" lon="-137.23623"><ele>1697.646</ele><time>2026-07-12T19:23:29Z</time></trkpt><trkpt lat="60.546116" lon="-137.236232"><ele>1697.210</ele><time>2026-07-12T19:23:38Z</time></trkpt><trkpt lat="60.546113" lon="-137.236204"><ele>1698.063</ele><time>2026-07-12T19:23:46Z</time></trkpt><trkpt lat="60.546113" lon="-137.236204"><ele>1698.044</ele><time>2026-07-12T19:23:52Z</time></trkpt><trkpt lat="60.546107" lon="-137.236173"><ele>1696.618</ele><time>2026-07-12T19:23:59Z</time></trkpt><trkpt lat="60.5461" lon="-137.236161"><ele>1696.609</ele><time>2026-07-12T19:24:00Z</time></trkpt><trkpt lat="60.546073" lon="-137.236138"><ele>1697.898</ele><time>2026-07-12T19:24:05Z</time></trkpt><trkpt lat="60.546065" lon="-137.236122"><ele>1698.873</ele><time>2026-07-12T19:24:07Z</time></trkpt><trkpt lat="60.546062" lon="-137.236114"><ele>1699.480</ele><time>2026-07-12T19:24:08Z</time></trkpt><trkpt lat="60.546053" lon="-137.236104"><ele>1700.257</ele><time>2026-07-12T19:24:10Z</time></trkpt><trkpt lat="60.546022" lon="-137.236097"><ele>1700.063</ele><time>2026-07-12T19:24:17Z</time></trkpt><trkpt lat="60.545997" lon="-137.23609"><ele>1700.088</ele><time>2026-07-12T19:24:23Z</time></trkpt><trkpt lat="60.545986" lon="-137.236097"><ele>1699.232</ele><time>2026-07-12T19:24:27Z</time></trkpt><trkpt lat="60.545981" lon="-137.236097"><ele>1699.437</ele><time>2026-07-12T19:24:28Z</time></trkpt><trkpt lat="60.545977" lon="-137.236093"><ele>1700.091</ele><time>2026-07-12T19:24:29Z</time></trkpt><trkpt lat="60.545974" lon="-137.236089"><ele>1700.414</ele><time>2026-07-12T19:24:30Z</time></trkpt><trkpt lat="60.545963" lon="-137.23608"><ele>1701.254</ele><time>2026-07-12T19:24:33Z</time></trkpt><trkpt lat="60.545956" lon="-137.23607"><ele>1701.209</ele><time>2026-07-12T19:24:35Z</time></trkpt><trkpt lat="60.545943" lon="-137.236043"><ele>1702.409</ele><time>2026-07-12T19:24:40Z</time></trkpt><trkpt lat="60.545937" lon="-137.236031"><ele>1703.063</ele><time>2026-07-12T19:24:42Z</time></trkpt><trkpt lat="60.545925" lon="-137.236005"><ele>1702.818</ele><time>2026-07-12T19:24:47Z</time></trkpt><trkpt lat="60.545919" lon="-137.236006"><ele>1702.885</ele><time>2026-07-12T19:24:50Z</time></trkpt><trkpt lat="60.54591" lon="-137.236001"><ele>1703.292</ele><time>2026-07-12T19:24:53Z</time></trkpt><trkpt lat="60.545907" lon="-137.236001"><ele>1703.418</ele><time>2026-07-12T19:24:54Z</time></trkpt><trkpt lat="60.545895" lon="-137.235989"><ele>1704.613</ele><time>2026-07-12T19:24:59Z</time></trkpt><trkpt lat="60.545881" lon="-137.235981"><ele>1705.877</ele><time>2026-07-12T19:25:06Z</time></trkpt><trkpt lat="60.545871" lon="-137.235992"><ele>1706.292</ele><time>2026-07-12T19:25:09Z</time></trkpt><trkpt lat="60.545852" lon="-137.235991"><ele>1707.046</ele><time>2026-07-12T19:25:12Z</time></trkpt><trkpt lat="60.545845" lon="-137.235983"><ele>1707.897</ele><time>2026-07-12T19:25:19Z</time></trkpt><trkpt lat="60.545846" lon="-137.236"><ele>1708.023</ele><time>2026-07-12T19:25:23Z</time></trkpt><trkpt lat="60.545834" lon="-137.236024"><ele>1708.825</ele><time>2026-07-12T19:25:28Z</time></trkpt><trkpt lat="60.545828" lon="-137.236045"><ele>1709.009</ele><time>2026-07-12T19:25:30Z</time></trkpt><trkpt lat="60.54582" lon="-137.236073"><ele>1710.261</ele><time>2026-07-12T19:25:35Z</time></trkpt><trkpt lat="60.545815" lon="-137.236102"><ele>1710.836</ele><time>2026-07-12T19:25:39Z</time></trkpt><trkpt lat="60.545803" lon="-137.236118"><ele>1711.423</ele><time>2026-07-12T19:25:42Z</time></trkpt><trkpt lat="60.545786" lon="-137.236085"><ele>1712.280</ele><time>2026-07-12T19:25:47Z</time></trkpt><trkpt lat="60.545779" lon="-137.236073"><ele>1712.436</ele><time>2026-07-12T19:25:49Z</time></trkpt><trkpt lat="60.54576" lon="-137.236068"><ele>1713.481</ele><time>2026-07-12T19:25:53Z</time></trkpt><trkpt lat="60.545753" lon="-137.236093"><ele>1713.455</ele><time>2026-07-12T19:25:57Z</time></trkpt><trkpt lat="60.545745" lon="-137.236111"><ele>1714.450</ele><time>2026-07-12T19:26:01Z</time></trkpt><trkpt lat="60.54574" lon="-137.236112"><ele>1714.454</ele><time>2026-07-12T19:26:03Z</time></trkpt><trkpt lat="60.545719" lon="-137.236117"><ele>1715.476</ele><time>2026-07-12T19:26:08Z</time></trkpt><trkpt lat="60.545717" lon="-137.236119"><ele>1715.690</ele><time>2026-07-12T19:26:09Z</time></trkpt><trkpt lat="60.545708" lon="-137.236153"><ele>1716.019</ele><time>2026-07-12T19:26:16Z</time></trkpt><trkpt lat="60.545686" lon="-137.236192"><ele>1716.609</ele><time>2026-07-12T19:26:23Z</time></trkpt><trkpt lat="60.545666" lon="-137.236214"><ele>1717.879</ele><time>2026-07-12T19:26:30Z</time></trkpt><trkpt lat="60.545663" lon="-137.236227"><ele>1718.254</ele><time>2026-07-12T19:26:32Z</time></trkpt><trkpt lat="60.545654" lon="-137.236264"><ele>1718.871</ele><time>2026-07-12T19:26:37Z</time></trkpt><trkpt lat="60.545646" lon="-137.236275"><ele>1719.038</ele><time>2026-07-12T19:26:40Z</time></trkpt><trkpt lat="60.545632" lon="-137.236297"><ele>1720.084</ele><time>2026-07-12T19:26:46Z</time></trkpt><trkpt lat="60.545634" lon="-137.236311"><ele>1720.899</ele><time>2026-07-12T19:26:48Z</time></trkpt><trkpt lat="60.545632" lon="-137.23632"><ele>1721.283</ele><time>2026-07-12T19:26:49Z</time></trkpt><trkpt lat="60.545608" lon="-137.236373"><ele>1721.818</ele><time>2026-07-12T19:26:56Z</time></trkpt><trkpt lat="60.545597" lon="-137.23637"><ele>1722.462</ele><time>2026-07-12T19:26:58Z</time></trkpt><trkpt lat="60.545591" lon="-137.236381"><ele>1723.628</ele><time>2026-07-12T19:27:03Z</time></trkpt><trkpt lat="60.545589" lon="-137.236385"><ele>1723.889</ele><time>2026-07-12T19:27:04Z</time></trkpt><trkpt lat="60.545593" lon="-137.236392"><ele>1723.617</ele><time>2026-07-12T19:27:14Z</time></trkpt><trkpt lat="60.545603" lon="-137.236457"><ele>1723.609</ele><time>2026-07-12T19:27:22Z</time></trkpt><trkpt lat="60.545568" lon="-137.236479"><ele>1724.234</ele><time>2026-07-12T19:27:30Z</time></trkpt><trkpt lat="60.545565" lon="-137.236493"><ele>1724.859</ele><time>2026-07-12T19:27:32Z</time></trkpt><trkpt lat="60.545556" lon="-137.236514"><ele>1726.236</ele><time>2026-07-12T19:27:35Z</time></trkpt><trkpt lat="60.545547" lon="-137.236537"><ele>1727.283</ele><time>2026-07-12T19:27:38Z</time></trkpt><trkpt lat="60.545521" lon="-137.236571"><ele>1729.649</ele><time>2026-07-12T19:27:47Z</time></trkpt><trkpt lat="60.54551" lon="-137.236622"><ele>1730.854</ele><time>2026-07-12T19:27:55Z</time></trkpt><trkpt lat="60.545513" lon="-137.236622"><ele>1731.268</ele><time>2026-07-12T19:27:56Z</time></trkpt><trkpt lat="60.545517" lon="-137.236653"><ele>1732.063</ele><time>2026-07-12T19:28:00Z</time></trkpt><trkpt lat="60.545504" lon="-137.236683"><ele>1732.297</ele><time>2026-07-12T19:28:04Z</time></trkpt><trkpt lat="60.545482" lon="-137.236704"><ele>1733.018</ele><time>2026-07-12T19:28:11Z</time></trkpt><trkpt lat="60.545484" lon="-137.236728"><ele>1734.298</ele><time>2026-07-12T19:28:15Z</time></trkpt><trkpt lat="60.545483" lon="-137.236734"><ele>1734.617</ele><time>2026-07-12T19:28:18Z</time></trkpt><trkpt lat="60.54548" lon="-137.236735"><ele>1735.209</ele><time>2026-07-12T19:28:22Z</time></trkpt><trkpt lat="60.545464" lon="-137.236745"><ele>1735.443</ele><time>2026-07-12T19:28:24Z</time></trkpt><trkpt lat="60.545457" lon="-137.23676"><ele>1735.688</ele><time>2026-07-12T19:28:25Z</time></trkpt><trkpt lat="60.545461" lon="-137.23677"><ele>1736.445</ele><time>2026-07-12T19:28:29Z</time></trkpt><trkpt lat="60.545449" lon="-137.236788"><ele>1737.482</ele><time>2026-07-12T19:28:35Z</time></trkpt><trkpt lat="60.545435" lon="-137.236795"><ele>1737.678</ele><time>2026-07-12T19:28:39Z</time></trkpt><trkpt lat="60.54542" lon="-137.236794"><ele>1738.643</ele><time>2026-07-12T19:28:44Z</time></trkpt><trkpt lat="60.54542" lon="-137.2368"><ele>1739.067</ele><time>2026-07-12T19:28:45Z</time></trkpt><trkpt lat="60.545415" lon="-137.236805"><ele>1739.052</ele><time>2026-07-12T19:28:51Z</time></trkpt><trkpt lat="60.545415" lon="-137.236805"><ele>1739.046</ele><time>2026-07-12T19:28:55Z</time></trkpt><trkpt lat="60.545415" lon="-137.236841"><ele>1739.827</ele><time>2026-07-12T19:28:59Z</time></trkpt><trkpt lat="60.545416" lon="-137.236857"><ele>1740.268</ele><time>2026-07-12T19:29:01Z</time></trkpt><trkpt lat="60.545406" lon="-137.236871"><ele>1741.014</ele><time>2026-07-12T19:29:07Z</time></trkpt><trkpt lat="60.545408" lon="-137.23687"><ele>1741.209</ele><time>2026-07-12T19:29:08Z</time></trkpt><trkpt lat="60.545409" lon="-137.236885"><ele>1741.844</ele><time>2026-07-12T19:29:15Z</time></trkpt><trkpt lat="60.545385" lon="-137.236884"><ele>1741.889</ele><time>2026-07-12T19:29:23Z</time></trkpt><trkpt lat="60.545375" lon="-137.23689"><ele>1742.026</ele><time>2026-07-12T19:29:26Z</time></trkpt><trkpt lat="60.545365" lon="-137.236913"><ele>1743.093</ele><time>2026-07-12T19:29:31Z</time></trkpt><trkpt lat="60.545366" lon="-137.236912"><ele>1743.289</ele><time>2026-07-12T19:29:32Z</time></trkpt><trkpt lat="60.545349" lon="-137.236939"><ele>1743.894</ele><time>2026-07-12T19:29:39Z</time></trkpt><trkpt lat="60.545344" lon="-137.236949"><ele>1744.228</ele><time>2026-07-12T19:29:41Z</time></trkpt><trkpt lat="60.545342" lon="-137.236943"><ele>1744.463</ele><time>2026-07-12T19:29:43Z</time></trkpt><trkpt lat="60.545335" lon="-137.236951"><ele>1745.097</ele><time>2026-07-12T19:29:46Z</time></trkpt><trkpt lat="60.545335" lon="-137.236951"><ele>1745.016</ele><time>2026-07-12T19:29:47Z</time></trkpt><trkpt lat="60.545333" lon="-137.236952"><ele>1746.276</ele><time>2026-07-12T19:29:54Z</time></trkpt><trkpt lat="60.545316" lon="-137.236973"><ele>1746.413</ele><time>2026-07-12T19:29:55Z</time></trkpt><trkpt lat="60.545291" lon="-137.236996"><ele>1747.409</ele><time>2026-07-12T19:30:01Z</time></trkpt><trkpt lat="60.545265" lon="-137.237018"><ele>1747.833</ele><time>2026-07-12T19:30:08Z</time></trkpt><trkpt lat="60.545236" lon="-137.23704"><ele>1748.628</ele><time>2026-07-12T19:30:14Z</time></trkpt><trkpt lat="60.545222" lon="-137.237064"><ele>1749.835</ele><time>2026-07-12T19:30:18Z</time></trkpt><trkpt lat="60.545224" lon="-137.237101"><ele>1751.072</ele><time>2026-07-12T19:30:22Z</time></trkpt><trkpt lat="60.545224" lon="-137.237117"><ele>1751.418</ele><time>2026-07-12T19:30:24Z</time></trkpt><trkpt lat="60.545217" lon="-137.237122"><ele>1752.243</ele><time>2026-07-12T19:30:26Z</time></trkpt><trkpt lat="60.54522" lon="-137.237133"><ele>1752.877</ele><time>2026-07-12T19:30:30Z</time></trkpt><trkpt lat="60.545208" lon="-137.237158"><ele>1753.232</ele><time>2026-07-12T19:30:34Z</time></trkpt><trkpt lat="60.54522" lon="-137.23718"><ele>1753.616</ele><time>2026-07-12T19:30:36Z</time></trkpt><trkpt lat="60.545228" lon="-137.237199"><ele>1754.458</ele><time>2026-07-12T19:30:39Z</time></trkpt><trkpt lat="60.545219" lon="-137.237202"><ele>1754.652</ele><time>2026-07-12T19:30:41Z</time></trkpt><trkpt lat="60.545215" lon="-137.237209"><ele>1754.617</ele><time>2026-07-12T19:30:46Z</time></trkpt><trkpt lat="60.545215" lon="-137.237206"><ele>1754.809</ele><time>2026-07-12T19:30:47Z</time></trkpt><trkpt lat="60.545214" lon="-137.237205"><ele>1754.837</ele><time>2026-07-12T19:30:51Z</time></trkpt><trkpt lat="60.545209" lon="-137.237231"><ele>1754.892</ele><time>2026-07-12T19:30:55Z</time></trkpt><trkpt lat="60.545188" lon="-137.237269"><ele>1755.419</ele><time>2026-07-12T19:31:01Z</time></trkpt><trkpt lat="60.545181" lon="-137.237275"><ele>1756.026</ele><time>2026-07-12T19:31:04Z</time></trkpt><trkpt lat="60.54517" lon="-137.237289"><ele>1756.672</ele><time>2026-07-12T19:31:07Z</time></trkpt><trkpt lat="60.545159" lon="-137.237301"><ele>1757.267</ele><time>2026-07-12T19:31:11Z</time></trkpt><trkpt lat="60.54515" lon="-137.237302"><ele>1757.621</ele><time>2026-07-12T19:31:16Z</time></trkpt><trkpt lat="60.54515" lon="-137.237303"><ele>1757.696</ele><time>2026-07-12T19:31:17Z</time></trkpt><trkpt lat="60.545148" lon="-137.237309"><ele>1757.820</ele><time>2026-07-12T19:31:19Z</time></trkpt><trkpt lat="60.545135" lon="-137.237326"><ele>1758.825</ele><time>2026-07-12T19:31:26Z</time></trkpt><trkpt lat="60.545134" lon="-137.237328"><ele>1759.026</ele><time>2026-07-12T19:31:27Z</time></trkpt><trkpt lat="60.545126" lon="-137.23734"><ele>1759.408</ele><time>2026-07-12T19:31:30Z</time></trkpt><trkpt lat="60.545122" lon="-137.237345"><ele>1759.609</ele><time>2026-07-12T19:31:31Z</time></trkpt><trkpt lat="60.545118" lon="-137.237351"><ele>1759.854</ele><time>2026-07-12T19:31:32Z</time></trkpt><trkpt lat="60.545109" lon="-137.237362"><ele>1760.699</ele><time>2026-07-12T19:31:36Z</time></trkpt><trkpt lat="60.545101" lon="-137.237369"><ele>1760.846</ele><time>2026-07-12T19:31:38Z</time></trkpt><trkpt lat="60.545077" lon="-137.2374"><ele>1761.883</ele><time>2026-07-12T19:31:45Z</time></trkpt><trkpt lat="60.545075" lon="-137.237399"><ele>1762.059</ele><time>2026-07-12T19:31:46Z</time></trkpt><trkpt lat="60.545078" lon="-137.2374"><ele>1763.044</ele><time>2026-07-12T19:31:52Z</time></trkpt><trkpt lat="60.545068" lon="-137.237441"><ele>1764.068</ele><time>2026-07-12T19:32:00Z</time></trkpt><trkpt lat="60.545062" lon="-137.237461"><ele>1765.033</ele><time>2026-07-12T19:32:09Z</time></trkpt><trkpt lat="60.545054" lon="-137.237479"><ele>1765.227</ele><time>2026-07-12T19:32:12Z</time></trkpt><trkpt lat="60.545054" lon="-137.237474"><ele>1765.473</ele><time>2026-07-12T19:32:15Z</time></trkpt><trkpt lat="60.545056" lon="-137.237464"><ele>1765.485</ele><time>2026-07-12T19:32:17Z</time></trkpt><trkpt lat="60.545054" lon="-137.237461"><ele>1765.213</ele><time>2026-07-12T19:32:19Z</time></trkpt><trkpt lat="60.545058" lon="-137.237455"><ele>1764.809</ele><time>2026-07-12T19:32:26Z</time></trkpt><trkpt lat="60.545064" lon="-137.237427"><ele>1765.229</ele><time>2026-07-12T19:32:32Z</time></trkpt><trkpt lat="60.545051" lon="-137.237467"><ele>1764.854</ele><time>2026-07-12T19:32:40Z</time></trkpt><trkpt lat="60.545056" lon="-137.237469"><ele>1764.851</ele><time>2026-07-12T19:32:45Z</time></trkpt><trkpt lat="60.545062" lon="-137.237472"><ele>1764.848</ele><time>2026-07-12T19:32:49Z</time></trkpt><trkpt lat="60.545063" lon="-137.23747"><ele>1764.824</ele><time>2026-07-12T19:32:50Z</time></trkpt><trkpt lat="60.545062" lon="-137.23747"><ele>1764.879</ele><time>2026-07-12T19:32:51Z</time></trkpt><trkpt lat="60.545037" lon="-137.237487"><ele>1766.493</ele><time>2026-07-12T19:32:58Z</time></trkpt><trkpt lat="60.545033" lon="-137.237493"><ele>1766.668</ele><time>2026-07-12T19:32:59Z</time></trkpt><trkpt lat="60.545013" lon="-137.237505"><ele>1767.422</ele><time>2026-07-12T19:33:07Z</time></trkpt><trkpt lat="60.544987" lon="-137.237526"><ele>1768.697</ele><time>2026-07-12T19:33:13Z</time></trkpt><trkpt lat="60.54498" lon="-137.23753"><ele>1769.023</ele><time>2026-07-12T19:33:15Z</time></trkpt><trkpt lat="60.544962" lon="-137.237548"><ele>1769.625</ele><time>2026-07-12T19:33:19Z</time></trkpt><trkpt lat="60.544947" lon="-137.237554"><ele>1770.209</ele><time>2026-07-12T19:33:22Z</time></trkpt><trkpt lat="60.544946" lon="-137.237545"><ele>1770.651</ele><time>2026-07-12T19:33:24Z</time></trkpt><trkpt lat="60.544922" lon="-137.237566"><ele>1771.266</ele><time>2026-07-12T19:33:29Z</time></trkpt><trkpt lat="60.54492" lon="-137.237565"><ele>1771.293</ele><time>2026-07-12T19:33:30Z</time></trkpt><trkpt lat="60.54491" lon="-137.237581"><ele>1771.660</ele><time>2026-07-12T19:33:33Z</time></trkpt><trkpt lat="60.544893" lon="-137.237605"><ele>1772.876</ele><time>2026-07-12T19:33:38Z</time></trkpt><trkpt lat="60.544869" lon="-137.237618"><ele>1773.821</ele><time>2026-07-12T19:33:43Z</time></trkpt><trkpt lat="60.544862" lon="-137.23764"><ele>1774.875</ele><time>2026-07-12T19:33:47Z</time></trkpt><trkpt lat="60.544862" lon="-137.237647"><ele>1775.070</ele><time>2026-07-12T19:33:48Z</time></trkpt><trkpt lat="60.544862" lon="-137.237665"><ele>1775.414</ele><time>2026-07-12T19:33:51Z</time></trkpt><trkpt lat="60.544865" lon="-137.237679"><ele>1775.859</ele><time>2026-07-12T19:33:54Z</time></trkpt><trkpt lat="60.544868" lon="-137.237684"><ele>1776.203</ele><time>2026-07-12T19:33:55Z</time></trkpt><trkpt lat="60.544871" lon="-137.237688"><ele>1776.823</ele><time>2026-07-12T19:33:57Z</time></trkpt><trkpt lat="60.544875" lon="-137.237695"><ele>1777.409</ele><time>2026-07-12T19:33:59Z</time></trkpt><trkpt lat="60.544896" lon="-137.237751"><ele>1778.447</ele><time>2026-07-12T19:34:06Z</time></trkpt><trkpt lat="60.5449" lon="-137.237753"><ele>1778.862</ele><time>2026-07-12T19:34:07Z</time></trkpt><trkpt lat="60.544908" lon="-137.237765"><ele>1779.629</ele><time>2026-07-12T19:34:10Z</time></trkpt><trkpt lat="60.544913" lon="-137.237775"><ele>1780.036</ele><time>2026-07-12T19:34:15Z</time></trkpt><trkpt lat="60.544907" lon="-137.237766"><ele>1780.212</ele><time>2026-07-12T19:34:26Z</time></trkpt><trkpt lat="60.544908" lon="-137.237766"><ele>1779.847</ele><time>2026-07-12T19:34:36Z</time></trkpt><trkpt lat="60.544908" lon="-137.237766"><ele>1779.891</ele><time>2026-07-12T19:34:37Z</time></trkpt><trkpt lat="60.544908" lon="-137.237766"><ele>1779.896</ele><time>2026-07-12T19:34:43Z</time></trkpt><trkpt lat="60.544908" lon="-137.237766"><ele>1779.850</ele><time>2026-07-12T19:34:44Z</time></trkpt><trkpt lat="60.544906" lon="-137.237793"><ele>1779.651</ele><time>2026-07-12T19:34:51Z</time></trkpt><trkpt lat="60.544906" lon="-137.23778"><ele>1779.801</ele><time>2026-07-12T19:35:00Z</time></trkpt><trkpt lat="60.544908" lon="-137.237781"><ele>1779.811</ele><time>2026-07-12T19:35:01Z</time></trkpt><trkpt lat="60.544912" lon="-137.237775"><ele>1780.009</ele><time>2026-07-12T19:35:13Z</time></trkpt><trkpt lat="60.544908" lon="-137.237766"><ele>1780.427</ele><time>2026-07-12T19:35:22Z</time></trkpt><trkpt lat="60.544908" lon="-137.237766"><ele>1780.472</ele><time>2026-07-12T19:35:30Z</time></trkpt><trkpt lat="60.544908" lon="-137.237766"><ele>1780.419</ele><time>2026-07-12T19:35:38Z</time></trkpt><trkpt lat="60.544908" lon="-137.237766"><ele>1780.466</ele><time>2026-07-12T19:35:48Z</time></trkpt><trkpt lat="60.544908" lon="-137.237766"><ele>1780.462</ele><time>2026-07-12T19:35:50Z</time></trkpt><trkpt lat="60.544904" lon="-137.237783"><ele>1780.627</ele><time>2026-07-12T19:35:56Z</time></trkpt><trkpt lat="60.5449" lon="-137.237786"><ele>1780.831</ele><time>2026-07-12T19:35:57Z</time></trkpt><trkpt lat="60.544878" lon="-137.237822"><ele>1781.866</ele><time>2026-07-12T19:36:03Z</time></trkpt><trkpt lat="60.544876" lon="-137.237824"><ele>1782.020</ele><time>2026-07-12T19:36:04Z</time></trkpt><trkpt lat="60.544868" lon="-137.237844"><ele>1782.896</ele><time>2026-07-12T19:36:07Z</time></trkpt><trkpt lat="60.54486" lon="-137.237869"><ele>1784.031</ele><time>2026-07-12T19:36:12Z</time></trkpt><trkpt lat="60.54483" lon="-137.237894"><ele>1784.024</ele><time>2026-07-12T19:36:20Z</time></trkpt><trkpt lat="60.544825" lon="-137.237903"><ele>1784.209</ele><time>2026-07-12T19:36:25Z</time></trkpt><trkpt lat="60.544817" lon="-137.237909"><ele>1784.841</ele><time>2026-07-12T19:36:28Z</time></trkpt><trkpt lat="60.544815" lon="-137.237913"><ele>1785.036</ele><time>2026-07-12T19:36:29Z</time></trkpt><trkpt lat="60.544796" lon="-137.237952"><ele>1785.833</ele><time>2026-07-12T19:36:36Z</time></trkpt><trkpt lat="60.5448" lon="-137.237958"><ele>1786.290</ele><time>2026-07-12T19:36:38Z</time></trkpt><trkpt lat="60.544803" lon="-137.23799"><ele>1786.686</ele><time>2026-07-12T19:36:43Z</time></trkpt><trkpt lat="60.544797" lon="-137.237999"><ele>1787.211</ele><time>2026-07-12T19:36:46Z</time></trkpt><trkpt lat="60.544794" lon="-137.238005"><ele>1787.635</ele><time>2026-07-12T19:36:47Z</time></trkpt><trkpt lat="60.544791" lon="-137.238005"><ele>1788.050</ele><time>2026-07-12T19:36:49Z</time></trkpt><trkpt lat="60.544791" lon="-137.238005"><ele>1788.024</ele><time>2026-07-12T19:36:50Z</time></trkpt><trkpt lat="60.544778" lon="-137.238011"><ele>1788.492</ele><time>2026-07-12T19:36:53Z</time></trkpt><trkpt lat="60.544775" lon="-137.238008"><ele>1788.673</ele><time>2026-07-12T19:36:54Z</time></trkpt><trkpt lat="60.544763" lon="-137.238004"><ele>1789.020</ele><time>2026-07-12T19:36:58Z</time></trkpt><trkpt lat="60.544761" lon="-137.238012"><ele>1789.609</ele><time>2026-07-12T19:37:00Z</time></trkpt><trkpt lat="60.544763" lon="-137.23803"><ele>1790.841</ele><time>2026-07-12T19:37:04Z</time></trkpt><trkpt lat="60.544763" lon="-137.23803"><ele>1790.886</ele><time>2026-07-12T19:37:05Z</time></trkpt><trkpt lat="60.544761" lon="-137.238046"><ele>1791.463</ele><time>2026-07-12T19:37:09Z</time></trkpt><trkpt lat="60.544759" lon="-137.238052"><ele>1791.660</ele><time>2026-07-12T19:37:10Z</time></trkpt><trkpt lat="60.54475" lon="-137.238066"><ele>1791.836</ele><time>2026-07-12T19:37:14Z</time></trkpt><trkpt lat="60.544734" lon="-137.238075"><ele>1792.481</ele><time>2026-07-12T19:37:22Z</time></trkpt><trkpt lat="60.544729" lon="-137.238096"><ele>1793.095</ele><time>2026-07-12T19:37:26Z</time></trkpt><trkpt lat="60.544728" lon="-137.238101"><ele>1793.240</ele><time>2026-07-12T19:37:28Z</time></trkpt><trkpt lat="60.544713" lon="-137.238098"><ele>1793.834</ele><time>2026-07-12T19:37:34Z</time></trkpt><trkpt lat="60.544706" lon="-137.238097"><ele>1793.853</ele><time>2026-07-12T19:37:36Z</time></trkpt><trkpt lat="60.544706" lon="-137.238097"><ele>1793.804</ele><time>2026-07-12T19:37:37Z</time></trkpt><trkpt lat="60.544706" lon="-137.238097"><ele>1793.814</ele><time>2026-07-12T19:37:38Z</time></trkpt><trkpt lat="60.544706" lon="-137.238097"><ele>1793.809</ele><time>2026-07-12T19:37:41Z</time></trkpt><trkpt lat="60.544693" lon="-137.238111"><ele>1794.497</ele><time>2026-07-12T19:37:44Z</time></trkpt><trkpt lat="60.544684" lon="-137.238112"><ele>1795.272</ele><time>2026-07-12T19:37:48Z</time></trkpt><trkpt lat="60.54468" lon="-137.238122"><ele>1795.669</ele><time>2026-07-12T19:37:50Z</time></trkpt><trkpt lat="60.544671" lon="-137.23814"><ele>1796.476</ele><time>2026-07-12T19:37:53Z</time></trkpt><trkpt lat="60.544662" lon="-137.238151"><ele>1797.692</ele><time>2026-07-12T19:37:58Z</time></trkpt><trkpt lat="60.544635" lon="-137.238162"><ele>1798.287</ele><time>2026-07-12T19:38:03Z</time></trkpt><trkpt lat="60.544626" lon="-137.238162"><ele>1798.661</ele><time>2026-07-12T19:38:05Z</time></trkpt><trkpt lat="60.544622" lon="-137.238156"><ele>1799.026</ele><time>2026-07-12T19:38:07Z</time></trkpt><trkpt lat="60.544603" lon="-137.238153"><ele>1799.460</ele><time>2026-07-12T19:38:11Z</time></trkpt><trkpt lat="60.544599" lon="-137.238152"><ele>1799.615</ele><time>2026-07-12T19:38:12Z</time></trkpt><trkpt lat="60.544594" lon="-137.238155"><ele>1799.865</ele><time>2026-07-12T19:38:13Z</time></trkpt><trkpt lat="60.54459" lon="-137.23816"><ele>1800.011</ele><time>2026-07-12T19:38:14Z</time></trkpt><trkpt lat="60.544573" lon="-137.238162"><ele>1800.809</ele><time>2026-07-12T19:38:20Z</time></trkpt><trkpt lat="60.544569" lon="-137.238167"><ele>1801.243</ele><time>2026-07-12T19:38:22Z</time></trkpt><trkpt lat="60.544563" lon="-137.238174"><ele>1802.028</ele><time>2026-07-12T19:38:25Z</time></trkpt><trkpt lat="60.544546" lon="-137.238175"><ele>1802.295</ele><time>2026-07-12T19:38:29Z</time></trkpt><trkpt lat="60.544531" lon="-137.23818"><ele>1803.082</ele><time>2026-07-12T19:38:33Z</time></trkpt><trkpt lat="60.544529" lon="-137.238183"><ele>1803.268</ele><time>2026-07-12T19:38:35Z</time></trkpt><trkpt lat="60.544522" lon="-137.238186"><ele>1803.633</ele><time>2026-07-12T19:38:40Z</time></trkpt><trkpt lat="60.544518" lon="-137.238189"><ele>1804.227</ele><time>2026-07-12T19:38:42Z</time></trkpt><trkpt lat="60.544506" lon="-137.238239"><ele>1805.022</ele><time>2026-07-12T19:38:51Z</time></trkpt><trkpt lat="60.544498" lon="-137.238242"><ele>1805.466</ele><time>2026-07-12T19:38:54Z</time></trkpt><trkpt lat="60.544488" lon="-137.238246"><ele>1806.218</ele><time>2026-07-12T19:38:59Z</time></trkpt><trkpt lat="60.544492" lon="-137.238254"><ele>1806.498</ele><time>2026-07-12T19:39:01Z</time></trkpt><trkpt lat="60.54449" lon="-137.238282"><ele>1806.817</ele><time>2026-07-12T19:39:06Z</time></trkpt><trkpt lat="60.54448" lon="-137.238285"><ele>1807.409</ele><time>2026-07-12T19:39:10Z</time></trkpt><trkpt lat="60.54446" lon="-137.238298"><ele>1808.093</ele><time>2026-07-12T19:39:15Z</time></trkpt><trkpt lat="60.544453" lon="-137.238304"><ele>1808.678</ele><time>2026-07-12T19:39:18Z</time></trkpt><trkpt lat="60.544451" lon="-137.238326"><ele>1809.685</ele><time>2026-07-12T19:39:22Z</time></trkpt><trkpt lat="60.544439" lon="-137.238349"><ele>1810.892</ele><time>2026-07-12T19:39:26Z</time></trkpt><trkpt lat="60.54441" lon="-137.238376"><ele>1811.848</ele><time>2026-07-12T19:39:35Z</time></trkpt><trkpt lat="60.54441" lon="-137.238392"><ele>1812.463</ele><time>2026-07-12T19:39:43Z</time></trkpt><trkpt lat="60.544411" lon="-137.238398"><ele>1812.837</ele><time>2026-07-12T19:39:47Z</time></trkpt><trkpt lat="60.544415" lon="-137.238406"><ele>1813.892</ele><time>2026-07-12T19:39:53Z</time></trkpt><trkpt lat="60.544418" lon="-137.238405"><ele>1814.036</ele><time>2026-07-12T19:39:55Z</time></trkpt><trkpt lat="60.544435" lon="-137.238434"><ele>1815.096</ele><time>2026-07-12T19:40:01Z</time></trkpt><trkpt lat="60.54444" lon="-137.238443"><ele>1815.031</ele><time>2026-07-12T19:40:02Z</time></trkpt><trkpt lat="60.544435" lon="-137.238477"><ele>1815.424</ele><time>2026-07-12T19:40:11Z</time></trkpt><trkpt lat="60.544439" lon="-137.238519"><ele>1815.809</ele><time>2026-07-12T19:40:19Z</time></trkpt><trkpt lat="60.544437" lon="-137.238517"><ele>1816.041</ele><time>2026-07-12T19:40:26Z</time></trkpt><trkpt lat="60.544437" lon="-137.238517"><ele>1816.016</ele><time>2026-07-12T19:40:30Z</time></trkpt><trkpt lat="60.544437" lon="-137.238517"><ele>1816.053</ele><time>2026-07-12T19:40:40Z</time></trkpt><trkpt lat="60.544437" lon="-137.238517"><ele>1816.020</ele><time>2026-07-12T19:40:43Z</time></trkpt><trkpt lat="60.54442" lon="-137.238543"><ele>1817.476</ele><time>2026-07-12T19:40:50Z</time></trkpt><trkpt lat="60.544407" lon="-137.238557"><ele>1818.481</ele><time>2026-07-12T19:40:53Z</time></trkpt><trkpt lat="60.544388" lon="-137.238567"><ele>1819.415</ele><time>2026-07-12T19:40:57Z</time></trkpt><trkpt lat="60.544383" lon="-137.238572"><ele>1819.630</ele><time>2026-07-12T19:40:58Z</time></trkpt><trkpt lat="60.544358" lon="-137.238582"><ele>1820.824</ele><time>2026-07-12T19:41:03Z</time></trkpt><trkpt lat="60.544345" lon="-137.238603"><ele>1821.431</ele><time>2026-07-12T19:41:06Z</time></trkpt><trkpt lat="60.544336" lon="-137.238626"><ele>1821.861</ele><time>2026-07-12T19:41:08Z</time></trkpt><trkpt lat="60.544309" lon="-137.23863"><ele>1823.007</ele><time>2026-07-12T19:41:13Z</time></trkpt><trkpt lat="60.544302" lon="-137.238633"><ele>1823.009</ele><time>2026-07-12T19:41:14Z</time></trkpt><trkpt lat="60.544277" lon="-137.238689"><ele>1824.075</ele><time>2026-07-12T19:41:22Z</time></trkpt><trkpt lat="60.544275" lon="-137.23869"><ele>1824.210</ele><time>2026-07-12T19:41:23Z</time></trkpt><trkpt lat="60.544251" lon="-137.238708"><ele>1824.427</ele><time>2026-07-12T19:41:30Z</time></trkpt><trkpt lat="60.544252" lon="-137.238707"><ele>1825.254</ele><time>2026-07-12T19:41:36Z</time></trkpt><trkpt lat="60.544252" lon="-137.23871"><ele>1825.070</ele><time>2026-07-12T19:41:38Z</time></trkpt><trkpt lat="60.544248" lon="-137.238717"><ele>1824.425</ele><time>2026-07-12T19:41:47Z</time></trkpt><trkpt lat="60.54425" lon="-137.238715"><ele>1824.019</ele><time>2026-07-12T19:41:49Z</time></trkpt><trkpt lat="60.544248" lon="-137.238717"><ele>1824.014</ele><time>2026-07-12T19:41:55Z</time></trkpt><trkpt lat="60.544246" lon="-137.238717"><ele>1824.238</ele><time>2026-07-12T19:41:58Z</time></trkpt><trkpt lat="60.54425" lon="-137.238699"><ele>1823.875</ele><time>2026-07-12T19:42:08Z</time></trkpt><trkpt lat="60.544253" lon="-137.238711"><ele>1824.428</ele><time>2026-07-12T19:42:17Z</time></trkpt><trkpt lat="60.544228" lon="-137.238731"><ele>1824.420</ele><time>2026-07-12T19:42:23Z</time></trkpt><trkpt lat="60.54421" lon="-137.238748"><ele>1825.009</ele><time>2026-07-12T19:42:26Z</time></trkpt><trkpt lat="60.544198" lon="-137.238766"><ele>1826.479</ele><time>2026-07-12T19:42:29Z</time></trkpt><trkpt lat="60.544193" lon="-137.238767"><ele>1826.874</ele><time>2026-07-12T19:42:30Z</time></trkpt><trkpt lat="60.544184" lon="-137.238808"><ele>1827.491</ele><time>2026-07-12T19:42:37Z</time></trkpt><trkpt lat="60.544207" lon="-137.238846"><ele>1828.468</ele><time>2026-07-12T19:42:44Z</time></trkpt><trkpt lat="60.544208" lon="-137.238851"><ele>1829.084</ele><time>2026-07-12T19:42:45Z</time></trkpt><trkpt lat="60.5442" lon="-137.23885"><ele>1830.479</ele><time>2026-07-12T19:42:47Z</time></trkpt><trkpt lat="60.544191" lon="-137.238884"><ele>1831.643</ele><time>2026-07-12T19:42:50Z</time></trkpt><trkpt lat="60.544187" lon="-137.238889"><ele>1831.618</ele><time>2026-07-12T19:42:51Z</time></trkpt><trkpt lat="60.544181" lon="-137.238893"><ele>1831.632</ele><time>2026-07-12T19:42:52Z</time></trkpt><trkpt lat="60.544176" lon="-137.23889"><ele>1831.685</ele><time>2026-07-12T19:42:53Z</time></trkpt><trkpt lat="60.544152" lon="-137.238904"><ele>1832.889</ele><time>2026-07-12T19:42:57Z</time></trkpt><trkpt lat="60.544142" lon="-137.238909"><ele>1833.017</ele><time>2026-07-12T19:42:59Z</time></trkpt><trkpt lat="60.544116" lon="-137.238933"><ele>1833.809</ele><time>2026-07-12T19:43:05Z</time></trkpt><trkpt lat="60.544108" lon="-137.238955"><ele>1834.450</ele><time>2026-07-12T19:43:08Z</time></trkpt><trkpt lat="60.544084" lon="-137.238979"><ele>1835.075</ele><time>2026-07-12T19:43:14Z</time></trkpt><trkpt lat="60.544069" lon="-137.238986"><ele>1836.422</ele><time>2026-07-12T19:43:17Z</time></trkpt><trkpt lat="60.544061" lon="-137.238991"><ele>1836.049</ele><time>2026-07-12T19:43:25Z</time></trkpt><trkpt lat="60.544061" lon="-137.238991"><ele>1836.095</ele><time>2026-07-12T19:43:33Z</time></trkpt><trkpt lat="60.544035" lon="-137.239022"><ele>1837.680</ele><time>2026-07-12T19:43:39Z</time></trkpt><trkpt lat="60.544018" lon="-137.239036"><ele>1838.084</ele><time>2026-07-12T19:43:42Z</time></trkpt><trkpt lat="60.54397" lon="-137.239085"><ele>1838.639</ele><time>2026-07-12T19:43:50Z</time></trkpt><trkpt lat="60.543959" lon="-137.239098"><ele>1839.643</ele><time>2026-07-12T19:43:53Z</time></trkpt><trkpt lat="60.543959" lon="-137.239136"><ele>1840.878</ele><time>2026-07-12T19:43:57Z</time></trkpt><trkpt lat="60.543942" lon="-137.239183"><ele>1841.833</ele><time>2026-07-12T19:44:05Z</time></trkpt><trkpt lat="60.543941" lon="-137.239189"><ele>1842.026</ele><time>2026-07-12T19:44:06Z</time></trkpt><trkpt lat="60.543911" lon="-137.239216"><ele>1842.409</ele><time>2026-07-12T19:44:12Z</time></trkpt><trkpt lat="60.543907" lon="-137.239228"><ele>1843.269</ele><time>2026-07-12T19:44:15Z</time></trkpt><trkpt lat="60.543892" lon="-137.239253"><ele>1844.054</ele><time>2026-07-12T19:44:19Z</time></trkpt><trkpt lat="60.543887" lon="-137.239263"><ele>1844.431</ele><time>2026-07-12T19:44:20Z</time></trkpt><trkpt lat="60.54388" lon="-137.239306"><ele>1845.038</ele><time>2026-07-12T19:44:25Z</time></trkpt><trkpt lat="60.54387" lon="-137.239391"><ele>1843.664</ele><time>2026-07-12T19:44:32Z</time></trkpt><trkpt lat="60.543859" lon="-137.239458"><ele>1843.499</ele><time>2026-07-12T19:44:36Z</time></trkpt><trkpt lat="60.543856" lon="-137.239509"><ele>1842.883</ele><time>2026-07-12T19:44:41Z</time></trkpt><trkpt lat="60.543853" lon="-137.239516"><ele>1842.268</ele><time>2026-07-12T19:44:45Z</time></trkpt><trkpt lat="60.543848" lon="-137.239522"><ele>1840.242</ele><time>2026-07-12T19:44:47Z</time></trkpt><trkpt lat="60.543848" lon="-137.239532"><ele>1840.692</ele><time>2026-07-12T19:44:48Z</time></trkpt><trkpt lat="60.543847" lon="-137.23959"><ele>1841.873</ele><time>2026-07-12T19:44:52Z</time></trkpt><trkpt lat="60.543848" lon="-137.2396"><ele>1843.020</ele><time>2026-07-12T19:44:56Z</time></trkpt><trkpt lat="60.543847" lon="-137.2396"><ele>1844.009</ele><time>2026-07-12T19:44:58Z</time></trkpt><trkpt lat="60.543847" lon="-137.239599"><ele>1843.871</ele><time>2026-07-12T19:45:11Z</time></trkpt><trkpt lat="60.543848" lon="-137.239588"><ele>1843.656</ele><time>2026-07-12T19:45:19Z</time></trkpt><trkpt lat="60.543856" lon="-137.239587"><ele>1843.033</ele><time>2026-07-12T19:45:23Z</time></trkpt><trkpt lat="60.543855" lon="-137.239595"><ele>1841.810</ele><time>2026-07-12T19:45:26Z</time></trkpt><trkpt lat="60.543853" lon="-137.239602"><ele>1840.836</ele><time>2026-07-12T19:45:27Z</time></trkpt><trkpt lat="60.543852" lon="-137.239615"><ele>1839.861</ele><time>2026-07-12T19:45:28Z</time></trkpt><trkpt lat="60.543848" lon="-137.239627"><ele>1839.635</ele><time>2026-07-12T19:45:29Z</time></trkpt><trkpt lat="60.543804" lon="-137.239739"><ele>1839.880</ele><time>2026-07-12T19:45:37Z</time></trkpt><trkpt lat="60.543793" lon="-137.239767"><ele>1841.264</ele><time>2026-07-12T19:45:40Z</time></trkpt><trkpt lat="60.543774" lon="-137.239824"><ele>1840.263</ele><time>2026-07-12T19:45:43Z</time></trkpt><trkpt lat="60.543755" lon="-137.239884"><ele>1839.444</ele><time>2026-07-12T19:45:46Z</time></trkpt><trkpt lat="60.543711" lon="-137.239996"><ele>1840.418</ele><time>2026-07-12T19:45:52Z</time></trkpt><trkpt lat="60.543703" lon="-137.240012"><ele>1840.609</ele><time>2026-07-12T19:45:53Z</time></trkpt><trkpt lat="60.543635" lon="-137.240168"><ele>1841.468</ele><time>2026-07-12T19:46:03Z</time></trkpt><trkpt lat="60.543627" lon="-137.240183"><ele>1841.483</ele><time>2026-07-12T19:46:04Z</time></trkpt><trkpt lat="60.543582" lon="-137.240294"><ele>1842.690</ele><time>2026-07-12T19:46:11Z</time></trkpt><trkpt lat="60.543566" lon="-137.240338"><ele>1843.247</ele><time>2026-07-12T19:46:14Z</time></trkpt><trkpt lat="60.543528" lon="-137.240434"><ele>1842.493</ele><time>2026-07-12T19:46:21Z</time></trkpt><trkpt lat="60.543511" lon="-137.240467"><ele>1841.888</ele><time>2026-07-12T19:46:24Z</time></trkpt><trkpt lat="60.543501" lon="-137.240498"><ele>1841.692</ele><time>2026-07-12T19:46:26Z</time></trkpt><trkpt lat="60.543458" lon="-137.240659"><ele>1842.827</ele><time>2026-07-12T19:46:35Z</time></trkpt><trkpt lat="60.543435" lon="-137.240732"><ele>1843.811</ele><time>2026-07-12T19:46:39Z</time></trkpt><trkpt lat="60.543404" lon="-137.240795"><ele>1843.263</ele><time>2026-07-12T19:46:43Z</time></trkpt><trkpt lat="60.543359" lon="-137.240916"><ele>1842.844</ele><time>2026-07-12T19:46:50Z</time></trkpt><trkpt lat="60.543337" lon="-137.240962"><ele>1843.418</ele><time>2026-07-12T19:46:53Z</time></trkpt><trkpt lat="60.543255" lon="-137.241111"><ele>1841.609</ele><time>2026-07-12T19:47:03Z</time></trkpt><trkpt lat="60.543249" lon="-137.241127"><ele>1841.218</ele><time>2026-07-12T19:47:04Z</time></trkpt><trkpt lat="60.543216" lon="-137.241264"><ele>1842.643</ele><time>2026-07-12T19:47:12Z</time></trkpt><trkpt lat="60.543209" lon="-137.241338"><ele>1843.830</ele><time>2026-07-12T19:47:17Z</time></trkpt><trkpt lat="60.543206" lon="-137.241383"><ele>1844.877</ele><time>2026-07-12T19:47:19Z</time></trkpt><trkpt lat="60.543196" lon="-137.241413"><ele>1845.033</ele><time>2026-07-12T19:47:21Z</time></trkpt><trkpt lat="60.543194" lon="-137.241457"><ele>1846.068</ele><time>2026-07-12T19:47:24Z</time></trkpt><trkpt lat="60.543186" lon="-137.241504"><ele>1847.292</ele><time>2026-07-12T19:47:27Z</time></trkpt><trkpt lat="60.543183" lon="-137.241524"><ele>1847.427</ele><time>2026-07-12T19:47:28Z</time></trkpt><trkpt lat="60.543174" lon="-137.241583"><ele>1847.461</ele><time>2026-07-12T19:47:31Z</time></trkpt><trkpt lat="60.543138" lon="-137.241741"><ele>1847.835</ele><time>2026-07-12T19:47:40Z</time></trkpt><trkpt lat="60.543136" lon="-137.241755"><ele>1848.286</ele><time>2026-07-12T19:47:41Z</time></trkpt><trkpt lat="60.543132" lon="-137.241788"><ele>1848.814</ele><time>2026-07-12T19:47:43Z</time></trkpt><trkpt lat="60.543128" lon="-137.241804"><ele>1849.409</ele><time>2026-07-12T19:47:44Z</time></trkpt><trkpt lat="60.54312" lon="-137.24185"><ele>1850.665</ele><time>2026-07-12T19:47:47Z</time></trkpt><trkpt lat="60.543111" lon="-137.241974"><ele>1849.210</ele><time>2026-07-12T19:47:54Z</time></trkpt><trkpt lat="60.543103" lon="-137.242059"><ele>1849.217</ele><time>2026-07-12T19:47:59Z</time></trkpt><trkpt lat="60.543108" lon="-137.242078"><ele>1850.274</ele><time>2026-07-12T19:48:01Z</time></trkpt><trkpt lat="60.54311" lon="-137.242091"><ele>1850.690</ele><time>2026-07-12T19:48:02Z</time></trkpt><trkpt lat="60.54311" lon="-137.242159"><ele>1851.655</ele><time>2026-07-12T19:48:07Z</time></trkpt><trkpt lat="60.543109" lon="-137.242173"><ele>1851.839</ele><time>2026-07-12T19:48:08Z</time></trkpt><trkpt lat="60.543093" lon="-137.242254"><ele>1853.074</ele><time>2026-07-12T19:48:13Z</time></trkpt><trkpt lat="60.54308" lon="-137.242316"><ele>1853.668</ele><time>2026-07-12T19:48:16Z</time></trkpt><trkpt lat="60.543055" lon="-137.242409"><ele>1854.258</ele><time>2026-07-12T19:48:21Z</time></trkpt><trkpt lat="60.543048" lon="-137.242446"><ele>1854.652</ele><time>2026-07-12T19:48:24Z</time></trkpt><trkpt lat="60.543048" lon="-137.242485"><ele>1855.217</ele><time>2026-07-12T19:48:27Z</time></trkpt><trkpt lat="60.543049" lon="-137.242496"><ele>1855.609</ele><time>2026-07-12T19:48:28Z</time></trkpt><trkpt lat="60.54305" lon="-137.242505"><ele>1856.027</ele><time>2026-07-12T19:48:29Z</time></trkpt><trkpt lat="60.543052" lon="-137.24252"><ele>1856.462</ele><time>2026-07-12T19:48:30Z</time></trkpt><trkpt lat="60.543052" lon="-137.242527"><ele>1856.679</ele><time>2026-07-12T19:48:31Z</time></trkpt><trkpt lat="60.543049" lon="-137.242559"><ele>1856.816</ele><time>2026-07-12T19:48:33Z</time></trkpt><trkpt lat="60.543037" lon="-137.242662"><ele>1857.492</ele><time>2026-07-12T19:48:39Z</time></trkpt><trkpt lat="60.543039" lon="-137.242722"><ele>1857.457</ele><time>2026-07-12T19:48:43Z</time></trkpt><trkpt lat="60.543035" lon="-137.242779"><ele>1857.621</ele><time>2026-07-12T19:48:46Z</time></trkpt><trkpt lat="60.543029" lon="-137.242913"><ele>1857.256</ele><time>2026-07-12T19:48:53Z</time></trkpt><trkpt lat="60.543048" lon="-137.243124"><ele>1856.430</ele><time>2026-07-12T19:49:04Z</time></trkpt><trkpt lat="60.543056" lon="-137.243345"><ele>1857.855</ele><time>2026-07-12T19:49:14Z</time></trkpt><trkpt lat="60.543068" lon="-137.243506"><ele>1858.207</ele><time>2026-07-12T19:49:23Z</time></trkpt><trkpt lat="60.543069" lon="-137.243512"><ele>1858.417</ele><time>2026-07-12T19:49:24Z</time></trkpt><trkpt lat="60.54307" lon="-137.243577"><ele>1859.209</ele><time>2026-07-12T19:49:32Z</time></trkpt><trkpt lat="60.543071" lon="-137.243589"><ele>1860.247</ele><time>2026-07-12T19:49:33Z</time></trkpt><trkpt lat="60.543074" lon="-137.243593"><ele>1861.222</ele><time>2026-07-12T19:49:35Z</time></trkpt><trkpt lat="60.543077" lon="-137.243632"><ele>1861.419</ele><time>2026-07-12T19:49:38Z</time></trkpt><trkpt lat="60.543079" lon="-137.24367"><ele>1862.016</ele><time>2026-07-12T19:49:46Z</time></trkpt><trkpt lat="60.543076" lon="-137.24367"><ele>1862.292</ele><time>2026-07-12T19:49:47Z</time></trkpt><trkpt lat="60.543072" lon="-137.243684"><ele>1862.667</ele><time>2026-07-12T19:49:57Z</time></trkpt><trkpt lat="60.543072" lon="-137.243684"><ele>1862.621</ele><time>2026-07-12T19:50:08Z</time></trkpt><trkpt lat="60.543073" lon="-137.243788"><ele>1861.646</ele><time>2026-07-12T19:50:14Z</time></trkpt><trkpt lat="60.543061" lon="-137.243988"><ele>1863.010</ele><time>2026-07-12T19:50:24Z</time></trkpt><trkpt lat="60.54306" lon="-137.244002"><ele>1863.446</ele><time>2026-07-12T19:50:25Z</time></trkpt><trkpt lat="60.543053" lon="-137.244127"><ele>1863.288</ele><time>2026-07-12T19:50:32Z</time></trkpt><trkpt lat="60.54304" lon="-137.24428"><ele>1863.816</ele><time>2026-07-12T19:50:40Z</time></trkpt><trkpt lat="60.543044" lon="-137.244453"><ele>1864.009</ele><time>2026-07-12T19:50:48Z</time></trkpt><trkpt lat="60.543029" lon="-137.244616"><ele>1864.276</ele><time>2026-07-12T19:50:57Z</time></trkpt><trkpt lat="60.543029" lon="-137.244643"><ele>1864.641</ele><time>2026-07-12T19:50:59Z</time></trkpt><trkpt lat="60.543037" lon="-137.244703"><ele>1865.698</ele><time>2026-07-12T19:51:03Z</time></trkpt><trkpt lat="60.543041" lon="-137.244746"><ele>1866.095</ele><time>2026-07-12T19:51:06Z</time></trkpt><trkpt lat="60.543043" lon="-137.244809"><ele>1866.841</ele><time>2026-07-12T19:51:10Z</time></trkpt><trkpt lat="60.543044" lon="-137.244855"><ele>1868.016</ele><time>2026-07-12T19:51:13Z</time></trkpt><trkpt lat="60.543042" lon="-137.244874"><ele>1868.220</ele><time>2026-07-12T19:51:14Z</time></trkpt><trkpt lat="60.54303" lon="-137.244918"><ele>1869.245</ele><time>2026-07-12T19:51:17Z</time></trkpt><trkpt lat="60.543019" lon="-137.244949"><ele>1870.279</ele><time>2026-07-12T19:51:20Z</time></trkpt><trkpt lat="60.543014" lon="-137.244974"><ele>1870.466</ele><time>2026-07-12T19:51:22Z</time></trkpt><trkpt lat="60.54299" lon="-137.245077"><ele>1871.429</ele><time>2026-07-12T19:51:30Z</time></trkpt><trkpt lat="60.542987" lon="-137.245091"><ele>1871.621</ele><time>2026-07-12T19:51:31Z</time></trkpt><trkpt lat="60.542979" lon="-137.245128"><ele>1872.609</ele><time>2026-07-12T19:51:34Z</time></trkpt><trkpt lat="60.542973" lon="-137.245197"><ele>1873.278</ele><time>2026-07-12T19:51:40Z</time></trkpt><trkpt lat="60.542968" lon="-137.245228"><ele>1873.653</ele><time>2026-07-12T19:51:43Z</time></trkpt><trkpt lat="60.542964" lon="-137.245273"><ele>1874.010</ele><time>2026-07-12T19:51:48Z</time></trkpt><trkpt lat="60.54296" lon="-137.245343"><ele>1875.857</ele><time>2026-07-12T19:51:53Z</time></trkpt><trkpt lat="60.542959" lon="-137.245363"><ele>1877.423</ele><time>2026-07-12T19:51:55Z</time></trkpt><trkpt lat="60.542957" lon="-137.245396"><ele>1877.818</ele><time>2026-07-12T19:51:57Z</time></trkpt><trkpt lat="60.542947" lon="-137.245465"><ele>1874.222</ele><time>2026-07-12T19:52:02Z</time></trkpt><trkpt lat="60.542948" lon="-137.245509"><ele>1874.417</ele><time>2026-07-12T19:52:05Z</time></trkpt><trkpt lat="60.542944" lon="-137.245554"><ele>1875.681</ele><time>2026-07-12T19:52:09Z</time></trkpt><trkpt lat="60.542941" lon="-137.245584"><ele>1878.429</ele><time>2026-07-12T19:52:11Z</time></trkpt><trkpt lat="60.542927" lon="-137.245635"><ele>1879.400</ele><time>2026-07-12T19:52:16Z</time></trkpt><trkpt lat="60.542921" lon="-137.245717"><ele>1879.820</ele><time>2026-07-12T19:52:25Z</time></trkpt><trkpt lat="60.542918" lon="-137.245729"><ele>1879.809</ele><time>2026-07-12T19:52:26Z</time></trkpt><trkpt lat="60.542906" lon="-137.24581"><ele>1879.884</ele><time>2026-07-12T19:52:35Z</time></trkpt><trkpt lat="60.542901" lon="-137.245852"><ele>1880.839</ele><time>2026-07-12T19:52:39Z</time></trkpt><trkpt lat="60.542892" lon="-137.245902"><ele>1881.856</ele><time>2026-07-12T19:52:43Z</time></trkpt><trkpt lat="60.542891" lon="-137.245945"><ele>1882.423</ele><time>2026-07-12T19:52:46Z</time></trkpt><trkpt lat="60.542886" lon="-137.245978"><ele>1883.269</ele><time>2026-07-12T19:52:48Z</time></trkpt><trkpt lat="60.542881" lon="-137.246056"><ele>1883.614</ele><time>2026-07-12T19:52:54Z</time></trkpt><trkpt lat="60.542861" lon="-137.24621"><ele>1884.228</ele><time>2026-07-12T19:53:05Z</time></trkpt><trkpt lat="60.54286" lon="-137.246223"><ele>1884.633</ele><time>2026-07-12T19:53:06Z</time></trkpt><trkpt lat="60.54284" lon="-137.246313"><ele>1885.237</ele><time>2026-07-12T19:53:13Z</time></trkpt><trkpt lat="60.542835" lon="-137.246346"><ele>1885.447</ele><time>2026-07-12T19:53:15Z</time></trkpt><trkpt lat="60.542824" lon="-137.246417"><ele>1886.429</ele><time>2026-07-12T19:53:21Z</time></trkpt><trkpt lat="60.542824" lon="-137.246442"><ele>1887.221</ele><time>2026-07-12T19:53:23Z</time></trkpt><trkpt lat="60.542822" lon="-137.246456"><ele>1887.809</ele><time>2026-07-12T19:53:24Z</time></trkpt><trkpt lat="60.542817" lon="-137.246518"><ele>1888.816</ele><time>2026-07-12T19:53:28Z</time></trkpt><trkpt lat="60.542806" lon="-137.24657"><ele>1889.051</ele><time>2026-07-12T19:53:32Z</time></trkpt><trkpt lat="60.542777" lon="-137.246737"><ele>1889.878</ele><time>2026-07-12T19:53:42Z</time></trkpt><trkpt lat="60.542774" lon="-137.246751"><ele>1890.665</ele><time>2026-07-12T19:53:43Z</time></trkpt><trkpt lat="60.542765" lon="-137.246804"><ele>1891.621</ele><time>2026-07-12T19:53:46Z</time></trkpt><trkpt lat="60.542762" lon="-137.246843"><ele>1890.246</ele><time>2026-07-12T19:53:48Z</time></trkpt><trkpt lat="60.542751" lon="-137.246896"><ele>1889.660</ele><time>2026-07-12T19:53:51Z</time></trkpt><trkpt lat="60.542741" lon="-137.246958"><ele>1890.275</ele><time>2026-07-12T19:53:55Z</time></trkpt><trkpt lat="60.542738" lon="-137.246975"><ele>1890.229</ele><time>2026-07-12T19:53:56Z</time></trkpt><trkpt lat="60.542734" lon="-137.246991"><ele>1890.466</ele><time>2026-07-12T19:53:57Z</time></trkpt><trkpt lat="60.542725" lon="-137.247036"><ele>1892.229</ele><time>2026-07-12T19:54:00Z</time></trkpt><trkpt lat="60.542721" lon="-137.247055"><ele>1892.021</ele><time>2026-07-12T19:54:01Z</time></trkpt><trkpt lat="60.542719" lon="-137.247169"><ele>1892.809</ele><time>2026-07-12T19:54:09Z</time></trkpt><trkpt lat="60.542719" lon="-137.247185"><ele>1892.898</ele><time>2026-07-12T19:54:10Z</time></trkpt><trkpt lat="60.542707" lon="-137.247235"><ele>1893.243</ele><time>2026-07-12T19:54:15Z</time></trkpt><trkpt lat="60.542703" lon="-137.247264"><ele>1893.820</ele><time>2026-07-12T19:54:18Z</time></trkpt><trkpt lat="60.5427" lon="-137.247293"><ele>1894.297</ele><time>2026-07-12T19:54:20Z</time></trkpt><trkpt lat="60.54269" lon="-137.247365"><ele>1893.273</ele><time>2026-07-12T19:54:28Z</time></trkpt><trkpt lat="60.542674" lon="-137.247447"><ele>1892.488</ele><time>2026-07-12T19:54:34Z</time></trkpt><trkpt lat="60.54267" lon="-137.247463"><ele>1892.692</ele><time>2026-07-12T19:54:35Z</time></trkpt><trkpt lat="60.542666" lon="-137.247491"><ele>1893.627</ele><time>2026-07-12T19:54:37Z</time></trkpt><trkpt lat="60.54266" lon="-137.247512"><ele>1894.871</ele><time>2026-07-12T19:54:39Z</time></trkpt><trkpt lat="60.542658" lon="-137.247537"><ele>1895.887</ele><time>2026-07-12T19:54:41Z</time></trkpt><trkpt lat="60.542652" lon="-137.247558"><ele>1896.842</ele><time>2026-07-12T19:54:43Z</time></trkpt><trkpt lat="60.54264" lon="-137.24761"><ele>1895.226</ele><time>2026-07-12T19:54:47Z</time></trkpt><trkpt lat="60.542633" lon="-137.247632"><ele>1894.409</ele><time>2026-07-12T19:54:49Z</time></trkpt><trkpt lat="60.542613" lon="-137.247697"><ele>1894.640</ele><time>2026-07-12T19:54:54Z</time></trkpt><trkpt lat="60.542604" lon="-137.247738"><ele>1895.855</ele><time>2026-07-12T19:54:57Z</time></trkpt><trkpt lat="60.542588" lon="-137.247778"><ele>1896.862</ele><time>2026-07-12T19:55:00Z</time></trkpt><trkpt lat="60.542586" lon="-137.247804"><ele>1897.279</ele><time>2026-07-12T19:55:02Z</time></trkpt><trkpt lat="60.54258" lon="-137.247833"><ele>1897.815</ele><time>2026-07-12T19:55:04Z</time></trkpt><trkpt lat="60.542569" lon="-137.247888"><ele>1898.250</ele><time>2026-07-12T19:55:10Z</time></trkpt><trkpt lat="60.542564" lon="-137.247929"><ele>1899.294</ele><time>2026-07-12T19:55:14Z</time></trkpt><trkpt lat="60.542552" lon="-137.248045"><ele>1900.449</ele><time>2026-07-12T19:55:22Z</time></trkpt><trkpt lat="60.542544" lon="-137.248086"><ele>1901.453</ele><time>2026-07-12T19:55:26Z</time></trkpt><trkpt lat="60.54253" lon="-137.248164"><ele>1900.446</ele><time>2026-07-12T19:55:32Z</time></trkpt><trkpt lat="60.542524" lon="-137.2482"><ele>1899.688</ele><time>2026-07-12T19:55:34Z</time></trkpt><trkpt lat="60.542519" lon="-137.248234"><ele>1898.816</ele><time>2026-07-12T19:55:36Z</time></trkpt><trkpt lat="60.542514" lon="-137.248266"><ele>1900.409</ele><time>2026-07-12T19:55:38Z</time></trkpt><trkpt lat="60.542496" lon="-137.248355"><ele>1902.296</ele><time>2026-07-12T19:55:45Z</time></trkpt><trkpt lat="60.542471" lon="-137.248507"><ele>1901.861</ele><time>2026-07-12T19:55:53Z</time></trkpt><trkpt lat="60.542467" lon="-137.248547"><ele>1901.228</ele><time>2026-07-12T19:55:55Z</time></trkpt><trkpt lat="60.542465" lon="-137.248563"><ele>1900.845</ele><time>2026-07-12T19:55:56Z</time></trkpt><trkpt lat="60.542463" lon="-137.248661"><ele>1901.851</ele><time>2026-07-12T19:56:03Z</time></trkpt><trkpt lat="60.542462" lon="-137.24872"><ele>1903.226</ele><time>2026-07-12T19:56:06Z</time></trkpt><trkpt lat="60.54246" lon="-137.248754"><ele>1904.410</ele><time>2026-07-12T19:56:08Z</time></trkpt><trkpt lat="60.54245" lon="-137.248844"><ele>1905.615</ele><time>2026-07-12T19:56:14Z</time></trkpt><trkpt lat="60.54245" lon="-137.248864"><ele>1905.849</ele><time>2026-07-12T19:56:15Z</time></trkpt><trkpt lat="60.542446" lon="-137.249016"><ele>1905.249</ele><time>2026-07-12T19:56:24Z</time></trkpt><trkpt lat="60.542446" lon="-137.249087"><ele>1906.802</ele><time>2026-07-12T19:56:28Z</time></trkpt><trkpt lat="60.542436" lon="-137.249139"><ele>1906.222</ele><time>2026-07-12T19:56:31Z</time></trkpt><trkpt lat="60.542427" lon="-137.249187"><ele>1908.009</ele><time>2026-07-12T19:56:34Z</time></trkpt><trkpt lat="60.542425" lon="-137.249202"><ele>1909.286</ele><time>2026-07-12T19:56:35Z</time></trkpt><trkpt lat="60.542415" lon="-137.249274"><ele>1911.431</ele><time>2026-07-12T19:56:40Z</time></trkpt><trkpt lat="60.542407" lon="-137.249335"><ele>1913.218</ele><time>2026-07-12T19:56:44Z</time></trkpt><trkpt lat="60.542394" lon="-137.249394"><ele>1912.835</ele><time>2026-07-12T19:56:48Z</time></trkpt><trkpt lat="60.542391" lon="-137.249407"><ele>1912.261</ele><time>2026-07-12T19:56:49Z</time></trkpt><trkpt lat="60.542387" lon="-137.249419"><ele>1911.666</ele><time>2026-07-12T19:56:50Z</time></trkpt><trkpt lat="60.542366" lon="-137.249519"><ele>1912.850</ele><time>2026-07-12T19:56:59Z</time></trkpt><trkpt lat="60.542327" lon="-137.24962"><ele>1913.015</ele><time>2026-07-12T19:57:06Z</time></trkpt><trkpt lat="60.542317" lon="-137.249637"><ele>1913.259</ele><time>2026-07-12T19:57:07Z</time></trkpt><trkpt lat="60.542301" lon="-137.249664"><ele>1913.813</ele><time>2026-07-12T19:57:09Z</time></trkpt><trkpt lat="60.542279" lon="-137.249738"><ele>1913.843</ele><time>2026-07-12T19:57:14Z</time></trkpt><trkpt lat="60.542269" lon="-137.249773"><ele>1914.207</ele><time>2026-07-12T19:57:16Z</time></trkpt><trkpt lat="60.542251" lon="-137.249835"><ele>1915.209</ele><time>2026-07-12T19:57:20Z</time></trkpt><trkpt lat="60.542246" lon="-137.249858"><ele>1915.873</ele><time>2026-07-12T19:57:22Z</time></trkpt><trkpt lat="60.542231" lon="-137.249972"><ele>1916.428</ele><time>2026-07-12T19:57:29Z</time></trkpt><trkpt lat="60.542227" lon="-137.249999"><ele>1916.825</ele><time>2026-07-12T19:57:31Z</time></trkpt><trkpt lat="60.542216" lon="-137.250043"><ele>1917.832</ele><time>2026-07-12T19:57:34Z</time></trkpt><trkpt lat="60.54221" lon="-137.250058"><ele>1918.498</ele><time>2026-07-12T19:57:35Z</time></trkpt><trkpt lat="60.542199" lon="-137.250099"><ele>1917.233</ele><time>2026-07-12T19:57:37Z</time></trkpt><trkpt lat="60.542198" lon="-137.25012"><ele>1916.867</ele><time>2026-07-12T19:57:38Z</time></trkpt><trkpt lat="60.542198" lon="-137.250155"><ele>1915.622</ele><time>2026-07-12T19:57:40Z</time></trkpt><trkpt lat="60.542187" lon="-137.250259"><ele>1916.676</ele><time>2026-07-12T19:57:46Z</time></trkpt><trkpt lat="60.542185" lon="-137.250278"><ele>1917.221</ele><time>2026-07-12T19:57:47Z</time></trkpt><trkpt lat="60.542168" lon="-137.250378"><ele>1918.241</ele><time>2026-07-12T19:57:52Z</time></trkpt><trkpt lat="60.542163" lon="-137.250399"><ele>1918.405</ele><time>2026-07-12T19:57:53Z</time></trkpt><trkpt lat="60.542142" lon="-137.250479"><ele>1919.409</ele><time>2026-07-12T19:57:57Z</time></trkpt><trkpt lat="60.542138" lon="-137.250572"><ele>1919.644</ele><time>2026-07-12T19:58:03Z</time></trkpt><trkpt lat="60.542164" lon="-137.250654"><ele>1919.279</ele><time>2026-07-12T19:58:10Z</time></trkpt><trkpt lat="60.542159" lon="-137.250656"><ele>1920.436</ele><time>2026-07-12T19:58:14Z</time></trkpt><trkpt lat="60.542154" lon="-137.250651"><ele>1920.633</ele><time>2026-07-12T19:58:16Z</time></trkpt><trkpt lat="60.542153" lon="-137.25065"><ele>1920.639</ele><time>2026-07-12T19:58:17Z</time></trkpt><trkpt lat="60.542154" lon="-137.250653"><ele>1921.664</ele><time>2026-07-12T19:58:24Z</time></trkpt><trkpt lat="60.542154" lon="-137.250653"><ele>1921.658</ele><time>2026-07-12T19:58:27Z</time></trkpt><trkpt lat="60.542154" lon="-137.250653"><ele>1921.663</ele><time>2026-07-12T19:58:34Z</time></trkpt><trkpt lat="60.542154" lon="-137.250653"><ele>1921.617</ele><time>2026-07-12T19:58:42Z</time></trkpt><trkpt lat="60.542154" lon="-137.250653"><ele>1921.655</ele><time>2026-07-12T19:58:54Z</time></trkpt><trkpt lat="60.542152" lon="-137.250643"><ele>1919.007</ele><time>2026-07-12T19:58:59Z</time></trkpt><trkpt lat="60.542171" lon="-137.250741"><ele>1918.417</ele><time>2026-07-12T19:59:07Z</time></trkpt><trkpt lat="60.542173" lon="-137.25079"><ele>1917.409</ele><time>2026-07-12T19:59:09Z</time></trkpt><trkpt lat="60.542189" lon="-137.250961"><ele>1918.447</ele><time>2026-07-12T19:59:16Z</time></trkpt><trkpt lat="60.542191" lon="-137.250978"><ele>1918.612</ele><time>2026-07-12T19:59:17Z</time></trkpt><trkpt lat="60.542196" lon="-137.250996"><ele>1920.269</ele><time>2026-07-12T19:59:18Z</time></trkpt><trkpt lat="60.542199" lon="-137.251013"><ele>1921.676</ele><time>2026-07-12T19:59:19Z</time></trkpt><trkpt lat="60.542215" lon="-137.251091"><ele>1921.682</ele><time>2026-07-12T19:59:23Z</time></trkpt><trkpt lat="60.542248" lon="-137.251242"><ele>1921.437</ele><time>2026-07-12T19:59:30Z</time></trkpt><trkpt lat="60.542247" lon="-137.25126"><ele>1921.271</ele><time>2026-07-12T19:59:31Z</time></trkpt><trkpt lat="60.542238" lon="-137.251368"><ele>1920.466</ele><time>2026-07-12T19:59:36Z</time></trkpt><trkpt lat="60.542233" lon="-137.251393"><ele>1920.490</ele><time>2026-07-12T19:59:38Z</time></trkpt><trkpt lat="60.542215" lon="-137.251517"><ele>1920.621</ele><time>2026-07-12T19:59:44Z</time></trkpt><trkpt lat="60.542197" lon="-137.251644"><ele>1921.641</ele><time>2026-07-12T19:59:50Z</time></trkpt><trkpt lat="60.542198" lon="-137.251662"><ele>1922.405</ele><time>2026-07-12T19:59:51Z</time></trkpt><trkpt lat="60.542202" lon="-137.251685"><ele>1923.209</ele><time>2026-07-12T19:59:52Z</time></trkpt><trkpt lat="60.542213" lon="-137.251748"><ele>1924.454</ele><time>2026-07-12T19:59:55Z</time></trkpt><trkpt lat="60.542223" lon="-137.251874"><ele>1924.629</ele><time>2026-07-12T20:00:00Z</time></trkpt><trkpt lat="60.542236" lon="-137.252009"><ele>1923.256</ele><time>2026-07-12T20:00:06Z</time></trkpt><trkpt lat="60.542241" lon="-137.252083"><ele>1922.893</ele><time>2026-07-12T20:00:09Z</time></trkpt><trkpt lat="60.542283" lon="-137.252281"><ele>1921.839</ele><time>2026-07-12T20:00:18Z</time></trkpt><trkpt lat="60.542285" lon="-137.2523"><ele>1919.624</ele><time>2026-07-12T20:00:19Z</time></trkpt><trkpt lat="60.542288" lon="-137.252385"><ele>1918.688</ele><time>2026-07-12T20:00:23Z</time></trkpt><trkpt lat="60.542289" lon="-137.25244"><ele>1917.453</ele><time>2026-07-12T20:00:25Z</time></trkpt><trkpt lat="60.542292" lon="-137.252466"><ele>1917.497</ele><time>2026-07-12T20:00:26Z</time></trkpt><trkpt lat="60.542297" lon="-137.252521"><ele>1916.445</ele><time>2026-07-12T20:00:28Z</time></trkpt><trkpt lat="60.542311" lon="-137.252592"><ele>1918.047</ele><time>2026-07-12T20:00:31Z</time></trkpt><trkpt lat="60.542324" lon="-137.252667"><ele>1919.211</ele><time>2026-07-12T20:00:34Z</time></trkpt><trkpt lat="60.542332" lon="-137.252716"><ele>1920.409</ele><time>2026-07-12T20:00:36Z</time></trkpt><trkpt lat="60.542348" lon="-137.252919"><ele>1919.056</ele><time>2026-07-12T20:00:42Z</time></trkpt><trkpt lat="60.542348" lon="-137.252946"><ele>1918.861</ele><time>2026-07-12T20:00:43Z</time></trkpt><trkpt lat="60.542351" lon="-137.253006"><ele>1917.858</ele><time>2026-07-12T20:00:45Z</time></trkpt><trkpt lat="60.542368" lon="-137.253171"><ele>1918.015</ele><time>2026-07-12T20:00:51Z</time></trkpt><trkpt lat="60.542389" lon="-137.253295"><ele>1918.821</ele><time>2026-07-12T20:00:57Z</time></trkpt><trkpt lat="60.542387" lon="-137.253327"><ele>1919.896</ele><time>2026-07-12T20:01:00Z</time></trkpt><trkpt lat="60.542387" lon="-137.253332"><ele>1920.240</ele><time>2026-07-12T20:01:01Z</time></trkpt><trkpt lat="60.542391" lon="-137.253403"><ele>1920.895</ele><time>2026-07-12T20:01:07Z</time></trkpt><trkpt lat="60.542387" lon="-137.253392"><ele>1921.219</ele><time>2026-07-12T20:01:10Z</time></trkpt><trkpt lat="60.542387" lon="-137.253396"><ele>1925.425</ele><time>2026-07-12T20:01:12Z</time></trkpt><trkpt lat="60.542386" lon="-137.253392"><ele>1925.626</ele><time>2026-07-12T20:01:15Z</time></trkpt><trkpt lat="60.542388" lon="-137.253396"><ele>1924.208</ele><time>2026-07-12T20:01:21Z</time></trkpt><trkpt lat="60.542387" lon="-137.253394"><ele>1923.809</ele><time>2026-07-12T20:01:27Z</time></trkpt><trkpt lat="60.542385" lon="-137.253401"><ele>1925.414</ele><time>2026-07-12T20:01:37Z</time></trkpt><trkpt lat="60.542384" lon="-137.253406"><ele>1925.649</ele><time>2026-07-12T20:01:39Z</time></trkpt><trkpt lat="60.542385" lon="-137.253412"><ele>1925.246</ele><time>2026-07-12T20:01:41Z</time></trkpt><trkpt lat="60.542387" lon="-137.253394"><ele>1924.223</ele><time>2026-07-12T20:01:44Z</time></trkpt><trkpt lat="60.542387" lon="-137.253394"><ele>1924.259</ele><time>2026-07-12T20:01:47Z</time></trkpt><trkpt lat="60.542386" lon="-137.253408"><ele>1924.214</ele><time>2026-07-12T20:01:51Z</time></trkpt><trkpt lat="60.542386" lon="-137.253432"><ele>1924.638</ele><time>2026-07-12T20:01:54Z</time></trkpt><trkpt lat="60.542405" lon="-137.253508"><ele>1925.233</ele><time>2026-07-12T20:02:00Z</time></trkpt><trkpt lat="60.5424" lon="-137.253544"><ele>1925.477</ele><time>2026-07-12T20:02:02Z</time></trkpt><trkpt lat="60.542389" lon="-137.253639"><ele>1926.279</ele><time>2026-07-12T20:02:06Z</time></trkpt><trkpt lat="60.542385" lon="-137.253662"><ele>1926.405</ele><time>2026-07-12T20:02:07Z</time></trkpt><trkpt lat="60.542372" lon="-137.253719"><ele>1927.625</ele><time>2026-07-12T20:02:10Z</time></trkpt><trkpt lat="60.542361" lon="-137.253806"><ele>1927.409</ele><time>2026-07-12T20:02:14Z</time></trkpt><trkpt lat="60.54236" lon="-137.253825"><ele>1926.019</ele><time>2026-07-12T20:02:15Z</time></trkpt><trkpt lat="60.542354" lon="-137.253938"><ele>1927.024</ele><time>2026-07-12T20:02:20Z</time></trkpt><trkpt lat="60.542346" lon="-137.253976"><ele>1927.671</ele><time>2026-07-12T20:02:22Z</time></trkpt><trkpt lat="60.542334" lon="-137.254067"><ele>1928.678</ele><time>2026-07-12T20:02:26Z</time></trkpt><trkpt lat="60.542327" lon="-137.25411"><ele>1927.444</ele><time>2026-07-12T20:02:28Z</time></trkpt><trkpt lat="60.542312" lon="-137.254165"><ele>1926.889</ele><time>2026-07-12T20:02:31Z</time></trkpt><trkpt lat="60.542306" lon="-137.25419"><ele>1926.223</ele><time>2026-07-12T20:02:32Z</time></trkpt><trkpt lat="60.542271" lon="-137.254319"><ele>1927.668</ele><time>2026-07-12T20:02:38Z</time></trkpt><trkpt lat="60.542268" lon="-137.254344"><ele>1927.852</ele><time>2026-07-12T20:02:39Z</time></trkpt><trkpt lat="60.542266" lon="-137.254495"><ele>1926.458</ele><time>2026-07-12T20:02:45Z</time></trkpt><trkpt lat="60.542277" lon="-137.254534"><ele>1925.452</ele><time>2026-07-12T20:02:47Z</time></trkpt><trkpt lat="60.542276" lon="-137.254535"><ele>1925.417</ele><time>2026-07-12T20:02:48Z</time></trkpt><trkpt lat="60.542291" lon="-137.254587"><ele>1926.609</ele><time>2026-07-12T20:02:55Z</time></trkpt><trkpt lat="60.542322" lon="-137.254686"><ele>1925.077</ele><time>2026-07-12T20:03:01Z</time></trkpt><trkpt lat="60.542339" lon="-137.254728"><ele>1924.872</ele><time>2026-07-12T20:03:03Z</time></trkpt><trkpt lat="60.542356" lon="-137.254769"><ele>1925.269</ele><time>2026-07-12T20:03:05Z</time></trkpt><trkpt lat="60.5424" lon="-137.254858"><ele>1926.026</ele><time>2026-07-12T20:03:10Z</time></trkpt><trkpt lat="60.542408" lon="-137.254874"><ele>1926.462</ele><time>2026-07-12T20:03:11Z</time></trkpt><trkpt lat="60.542424" lon="-137.254908"><ele>1927.667</ele><time>2026-07-12T20:03:13Z</time></trkpt><trkpt lat="60.542447" lon="-137.254955"><ele>1928.671</ele><time>2026-07-12T20:03:16Z</time></trkpt><trkpt lat="60.542456" lon="-137.254971"><ele>1928.846</ele><time>2026-07-12T20:03:17Z</time></trkpt><trkpt lat="60.542514" lon="-137.255071"><ele>1929.660</ele><time>2026-07-12T20:03:24Z</time></trkpt><trkpt lat="60.542527" lon="-137.25509"><ele>1930.082</ele><time>2026-07-12T20:03:25Z</time></trkpt><trkpt lat="60.542539" lon="-137.255109"><ele>1930.443</ele><time>2026-07-12T20:03:26Z</time></trkpt><trkpt lat="60.542607" lon="-137.25521"><ele>1930.617</ele><time>2026-07-12T20:03:34Z</time></trkpt><trkpt lat="60.542623" lon="-137.25524"><ele>1931.209</ele><time>2026-07-12T20:03:36Z</time></trkpt><trkpt lat="60.542648" lon="-137.255293"><ele>1932.480</ele><time>2026-07-12T20:03:39Z</time></trkpt><trkpt lat="60.542659" lon="-137.255307"><ele>1932.845</ele><time>2026-07-12T20:03:40Z</time></trkpt><trkpt lat="60.542714" lon="-137.255359"><ele>1933.412</ele><time>2026-07-12T20:03:45Z</time></trkpt><trkpt lat="60.542757" lon="-137.255378"><ele>1934.829</ele><time>2026-07-12T20:03:50Z</time></trkpt><trkpt lat="60.54278" lon="-137.255388"><ele>1936.465</ele><time>2026-07-12T20:03:53Z</time></trkpt><trkpt lat="60.542796" lon="-137.255388"><ele>1938.230</ele><time>2026-07-12T20:03:55Z</time></trkpt><trkpt lat="60.542803" lon="-137.255386"><ele>1938.674</ele><time>2026-07-12T20:03:56Z</time></trkpt><trkpt lat="60.542816" lon="-137.255382"><ele>1939.629</ele><time>2026-07-12T20:03:58Z</time></trkpt><trkpt lat="60.542835" lon="-137.255406"><ele>1940.653</ele><time>2026-07-12T20:04:02Z</time></trkpt><trkpt lat="60.542849" lon="-137.255402"><ele>1941.497</ele><time>2026-07-12T20:04:04Z</time></trkpt><trkpt lat="60.542863" lon="-137.255396"><ele>1941.823</ele><time>2026-07-12T20:04:06Z</time></trkpt><trkpt lat="60.542883" lon="-137.255387"><ele>1943.025</ele><time>2026-07-12T20:04:09Z</time></trkpt><trkpt lat="60.542897" lon="-137.255385"><ele>1944.209</ele><time>2026-07-12T20:04:11Z</time></trkpt><trkpt lat="60.542918" lon="-137.255388"><ele>1945.451</ele><time>2026-07-12T20:04:14Z</time></trkpt><trkpt lat="60.54294" lon="-137.255404"><ele>1946.486</ele><time>2026-07-12T20:04:17Z</time></trkpt><trkpt lat="60.543022" lon="-137.25543"><ele>1947.673</ele><time>2026-07-12T20:04:26Z</time></trkpt><trkpt lat="60.543032" lon="-137.255432"><ele>1947.870</ele><time>2026-07-12T20:04:27Z</time></trkpt><trkpt lat="60.54306" lon="-137.255437"><ele>1948.816</ele><time>2026-07-12T20:04:30Z</time></trkpt><trkpt lat="60.543081" lon="-137.255439"><ele>1949.811</ele><time>2026-07-12T20:04:32Z</time></trkpt><trkpt lat="60.543089" lon="-137.255442"><ele>1950.285</ele><time>2026-07-12T20:04:33Z</time></trkpt><trkpt lat="60.543118" lon="-137.255453"><ele>1951.410</ele><time>2026-07-12T20:04:36Z</time></trkpt><trkpt lat="60.543176" lon="-137.255493"><ele>1953.054</ele><time>2026-07-12T20:04:41Z</time></trkpt><trkpt lat="60.543236" lon="-137.255564"><ele>1949.465</ele><time>2026-07-12T20:04:46Z</time></trkpt><trkpt lat="60.543243" lon="-137.255585"><ele>1948.068</ele><time>2026-07-12T20:04:47Z</time></trkpt><trkpt lat="60.543252" lon="-137.255605"><ele>1946.014</ele><time>2026-07-12T20:04:48Z</time></trkpt><trkpt lat="60.543261" lon="-137.255664"><ele>1952.809</ele><time>2026-07-12T20:04:53Z</time></trkpt><trkpt lat="60.543262" lon="-137.255672"><ele>1953.038</ele><time>2026-07-12T20:04:54Z</time></trkpt><trkpt lat="60.543258" lon="-137.255668"><ele>1952.673</ele><time>2026-07-12T20:05:02Z</time></trkpt><trkpt lat="60.543258" lon="-137.255668"><ele>1952.640</ele><time>2026-07-12T20:05:06Z</time></trkpt><trkpt lat="60.543255" lon="-137.255668"><ele>1952.687</ele><time>2026-07-12T20:05:13Z</time></trkpt><trkpt lat="60.543253" lon="-137.255673"><ele>1952.413</ele><time>2026-07-12T20:05:14Z</time></trkpt><trkpt lat="60.543257" lon="-137.255669"><ele>1952.278</ele><time>2026-07-12T20:05:25Z</time></trkpt><trkpt lat="60.543254" lon="-137.255684"><ele>1953.092</ele><time>2026-07-12T20:05:34Z</time></trkpt><trkpt lat="60.543265" lon="-137.255685"><ele>1951.487</ele><time>2026-07-12T20:05:41Z</time></trkpt><trkpt lat="60.54326" lon="-137.255672"><ele>1952.011</ele><time>2026-07-12T20:05:47Z</time></trkpt><trkpt lat="60.54326" lon="-137.255672"><ele>1952.035</ele><time>2026-07-12T20:05:53Z</time></trkpt><trkpt lat="60.543287" lon="-137.255759"><ele>1949.486</ele><time>2026-07-12T20:05:56Z</time></trkpt><trkpt lat="60.543303" lon="-137.255793"><ele>1949.214</ele><time>2026-07-12T20:05:57Z</time></trkpt><trkpt lat="60.543382" lon="-137.255884"><ele>1948.209</ele><time>2026-07-12T20:06:01Z</time></trkpt><trkpt lat="60.543435" lon="-137.255939"><ele>1947.265</ele><time>2026-07-12T20:06:03Z</time></trkpt><trkpt lat="60.543467" lon="-137.255967"><ele>1945.820</ele><time>2026-07-12T20:06:04Z</time></trkpt><trkpt lat="60.543495" lon="-137.255982"><ele>1945.617</ele><time>2026-07-12T20:06:05Z</time></trkpt><trkpt lat="60.543525" lon="-137.256"><ele>1944.844</ele><time>2026-07-12T20:06:06Z</time></trkpt><trkpt lat="60.543605" lon="-137.25607"><ele>1944.880</ele><time>2026-07-12T20:06:09Z</time></trkpt><trkpt lat="60.543631" lon="-137.256093"><ele>1945.045</ele><time>2026-07-12T20:06:10Z</time></trkpt><trkpt lat="60.543733" lon="-137.256148"><ele>1945.639</ele><time>2026-07-12T20:06:14Z</time></trkpt><trkpt lat="60.543784" lon="-137.256162"><ele>1946.064</ele><time>2026-07-12T20:06:17Z</time></trkpt><trkpt lat="60.543818" lon="-137.256166"><ele>1946.668</ele><time>2026-07-12T20:06:19Z</time></trkpt><trkpt lat="60.543833" lon="-137.25617"><ele>1947.628</ele><time>2026-07-12T20:06:20Z</time></trkpt><trkpt lat="60.543921" lon="-137.256239"><ele>1944.689</ele><time>2026-07-12T20:06:26Z</time></trkpt><trkpt lat="60.543988" lon="-137.256296"><ele>1942.817</ele><time>2026-07-12T20:06:29Z</time></trkpt><trkpt lat="60.544013" lon="-137.256319"><ele>1941.809</ele><time>2026-07-12T20:06:30Z</time></trkpt><trkpt lat="60.5441" lon="-137.256411"><ele>1940.824</ele><time>2026-07-12T20:06:35Z</time></trkpt><trkpt lat="60.544115" lon="-137.25642"><ele>1940.649</ele><time>2026-07-12T20:06:36Z</time></trkpt><trkpt lat="60.544228" lon="-137.256501"><ele>1939.696</ele><time>2026-07-12T20:06:43Z</time></trkpt><trkpt lat="60.544242" lon="-137.256517"><ele>1939.483</ele><time>2026-07-12T20:06:44Z</time></trkpt><trkpt lat="60.544276" lon="-137.256537"><ele>1938.269</ele><time>2026-07-12T20:06:46Z</time></trkpt><trkpt lat="60.544306" lon="-137.256554"><ele>1936.664</ele><time>2026-07-12T20:06:47Z</time></trkpt><trkpt lat="60.54435" lon="-137.25658"><ele>1935.248</ele><time>2026-07-12T20:06:49Z</time></trkpt><trkpt lat="60.544438" lon="-137.256662"><ele>1936.453</ele><time>2026-07-12T20:06:55Z</time></trkpt><trkpt lat="60.544451" lon="-137.256668"><ele>1936.637</ele><time>2026-07-12T20:06:56Z</time></trkpt><trkpt lat="60.544493" lon="-137.256734"><ele>1934.828</ele><time>2026-07-12T20:07:00Z</time></trkpt><trkpt lat="60.544509" lon="-137.256769"><ele>1933.089</ele><time>2026-07-12T20:07:02Z</time></trkpt><trkpt lat="60.544515" lon="-137.256785"><ele>1932.417</ele><time>2026-07-12T20:07:03Z</time></trkpt><trkpt lat="60.544523" lon="-137.256806"><ele>1932.009</ele><time>2026-07-12T20:07:04Z</time></trkpt><trkpt lat="60.544574" lon="-137.256916"><ele>1934.014</ele><time>2026-07-12T20:07:11Z</time></trkpt><trkpt lat="60.54458" lon="-137.256934"><ele>1935.669</ele><time>2026-07-12T20:07:12Z</time></trkpt><trkpt lat="60.544583" lon="-137.25695"><ele>1935.816</ele><time>2026-07-12T20:07:13Z</time></trkpt><trkpt lat="60.544598" lon="-137.25697"><ele>1936.613</ele><time>2026-07-12T20:07:16Z</time></trkpt><trkpt lat="60.544602" lon="-137.256977"><ele>1936.899</ele><time>2026-07-12T20:07:17Z</time></trkpt><trkpt lat="60.544607" lon="-137.256981"><ele>1938.294</ele><time>2026-07-12T20:07:18Z</time></trkpt><trkpt lat="60.544614" lon="-137.25699"><ele>1939.698</ele><time>2026-07-12T20:07:19Z</time></trkpt><trkpt lat="60.544627" lon="-137.257006"><ele>1940.493</ele><time>2026-07-12T20:07:21Z</time></trkpt><trkpt lat="60.544631" lon="-137.257011"><ele>1941.427</ele><time>2026-07-12T20:07:22Z</time></trkpt><trkpt lat="60.544635" lon="-137.257025"><ele>1943.089</ele><time>2026-07-12T20:07:24Z</time></trkpt><trkpt lat="60.544645" lon="-137.257025"><ele>1944.006</ele><time>2026-07-12T20:07:26Z</time></trkpt><trkpt lat="60.544677" lon="-137.257048"><ele>1945.026</ele><time>2026-07-12T20:07:30Z</time></trkpt><trkpt lat="60.544691" lon="-137.257071"><ele>1945.209</ele><time>2026-07-12T20:07:32Z</time></trkpt><trkpt lat="60.544709" lon="-137.257096"><ele>1945.650</ele><time>2026-07-12T20:07:34Z</time></trkpt><trkpt lat="60.544714" lon="-137.25714"><ele>1946.255</ele><time>2026-07-12T20:07:36Z</time></trkpt><trkpt lat="60.544731" lon="-137.257191"><ele>1946.882</ele><time>2026-07-12T20:07:39Z</time></trkpt><trkpt lat="60.54474" lon="-137.257201"><ele>1947.229</ele><time>2026-07-12T20:07:40Z</time></trkpt><trkpt lat="60.544764" lon="-137.257214"><ele>1947.645</ele><time>2026-07-12T20:07:42Z</time></trkpt><trkpt lat="60.544796" lon="-137.257234"><ele>1947.280</ele><time>2026-07-12T20:07:45Z</time></trkpt><trkpt lat="60.544834" lon="-137.257274"><ele>1947.014</ele><time>2026-07-12T20:07:50Z</time></trkpt><trkpt lat="60.544852" lon="-137.25731"><ele>1948.679</ele><time>2026-07-12T20:07:53Z</time></trkpt><trkpt lat="60.544872" lon="-137.257329"><ele>1950.213</ele><time>2026-07-12T20:07:55Z</time></trkpt><trkpt lat="60.54488" lon="-137.257332"><ele>1950.876</ele><time>2026-07-12T20:07:56Z</time></trkpt><trkpt lat="60.54489" lon="-137.257334"><ele>1951.690</ele><time>2026-07-12T20:07:57Z</time></trkpt><trkpt lat="60.544924" lon="-137.257372"><ele>1953.019</ele><time>2026-07-12T20:08:02Z</time></trkpt><trkpt lat="60.544933" lon="-137.257384"><ele>1953.209</ele><time>2026-07-12T20:08:03Z</time></trkpt><trkpt lat="60.544955" lon="-137.257421"><ele>1951.669</ele><time>2026-07-12T20:08:08Z</time></trkpt><trkpt lat="60.544972" lon="-137.257434"><ele>1951.094</ele><time>2026-07-12T20:08:10Z</time></trkpt><trkpt lat="60.544988" lon="-137.257467"><ele>1951.251</ele><time>2026-07-12T20:08:13Z</time></trkpt><trkpt lat="60.545005" lon="-137.257501"><ele>1952.418</ele><time>2026-07-12T20:08:16Z</time></trkpt><trkpt lat="60.545011" lon="-137.257517"><ele>1952.874</ele><time>2026-07-12T20:08:17Z</time></trkpt><trkpt lat="60.545047" lon="-137.257558"><ele>1954.019</ele><time>2026-07-12T20:08:21Z</time></trkpt><trkpt lat="60.545061" lon="-137.257565"><ele>1954.873</ele><time>2026-07-12T20:08:23Z</time></trkpt><trkpt lat="60.54507" lon="-137.257569"><ele>1955.268</ele><time>2026-07-12T20:08:24Z</time></trkpt><trkpt lat="60.545127" lon="-137.257609"><ele>1954.212</ele><time>2026-07-12T20:08:30Z</time></trkpt><trkpt lat="60.545155" lon="-137.257633"><ele>1953.627</ele><time>2026-07-12T20:08:33Z</time></trkpt><trkpt lat="60.545191" lon="-137.257672"><ele>1954.868</ele><time>2026-07-12T20:08:37Z</time></trkpt><trkpt lat="60.5452" lon="-137.257678"><ele>1955.014</ele><time>2026-07-12T20:08:38Z</time></trkpt><trkpt lat="60.545206" lon="-137.257696"><ele>1955.209</ele><time>2026-07-12T20:08:39Z</time></trkpt><trkpt lat="60.54521" lon="-137.25773"><ele>1955.234</ele><time>2026-07-12T20:08:42Z</time></trkpt><trkpt lat="60.545219" lon="-137.257739"><ele>1955.489</ele><time>2026-07-12T20:08:43Z</time></trkpt><trkpt lat="60.545232" lon="-137.257751"><ele>1955.876</ele><time>2026-07-12T20:08:45Z</time></trkpt><trkpt lat="60.545268" lon="-137.257786"><ele>1956.813</ele><time>2026-07-12T20:08:49Z</time></trkpt><trkpt lat="60.545307" lon="-137.257806"><ele>1956.869</ele><time>2026-07-12T20:08:53Z</time></trkpt><trkpt lat="60.54532" lon="-137.257814"><ele>1956.634</ele><time>2026-07-12T20:08:54Z</time></trkpt><trkpt lat="60.545331" lon="-137.25782"><ele>1956.468</ele><time>2026-07-12T20:08:55Z</time></trkpt><trkpt lat="60.545337" lon="-137.257826"><ele>1956.463</ele><time>2026-07-12T20:08:56Z</time></trkpt><trkpt lat="60.545368" lon="-137.257853"><ele>1956.257</ele><time>2026-07-12T20:09:01Z</time></trkpt><trkpt lat="60.545382" lon="-137.257885"><ele>1957.092</ele><time>2026-07-12T20:09:04Z</time></trkpt><trkpt lat="60.54541" lon="-137.257905"><ele>1957.273</ele><time>2026-07-12T20:09:08Z</time></trkpt><trkpt lat="60.545419" lon="-137.257898"><ele>1957.020</ele><time>2026-07-12T20:09:10Z</time></trkpt><trkpt lat="60.545481" lon="-137.257931"><ele>1957.009</ele><time>2026-07-12T20:09:16Z</time></trkpt><trkpt lat="60.545582" lon="-137.257986"><ele>1956.431</ele><time>2026-07-12T20:09:24Z</time></trkpt><trkpt lat="60.545678" lon="-137.258105"><ele>1957.296</ele><time>2026-07-12T20:09:32Z</time></trkpt><trkpt lat="60.545697" lon="-137.258127"><ele>1957.413</ele><time>2026-07-12T20:09:34Z</time></trkpt><trkpt lat="60.545758" lon="-137.258183"><ele>1957.660</ele><time>2026-07-12T20:09:40Z</time></trkpt><trkpt lat="60.545768" lon="-137.258196"><ele>1957.846</ele><time>2026-07-12T20:09:41Z</time></trkpt><trkpt lat="60.545805" lon="-137.258213"><ele>1958.441</ele><time>2026-07-12T20:09:44Z</time></trkpt><trkpt lat="60.54585" lon="-137.258244"><ele>1959.085</ele><time>2026-07-12T20:09:48Z</time></trkpt><trkpt lat="60.54587" lon="-137.258262"><ele>1959.830</ele><time>2026-07-12T20:09:50Z</time></trkpt><trkpt lat="60.54588" lon="-137.25827"><ele>1960.694</ele><time>2026-07-12T20:09:51Z</time></trkpt><trkpt lat="60.545903" lon="-137.258289"><ele>1961.864</ele><time>2026-07-12T20:09:53Z</time></trkpt><trkpt lat="60.545926" lon="-137.258327"><ele>1963.206</ele><time>2026-07-12T20:09:56Z</time></trkpt><trkpt lat="60.545946" lon="-137.258381"><ele>1964.816</ele><time>2026-07-12T20:09:59Z</time></trkpt><trkpt lat="60.545957" lon="-137.258436"><ele>1966.409</ele><time>2026-07-12T20:10:03Z</time></trkpt><trkpt lat="60.545977" lon="-137.258463"><ele>1969.888</ele><time>2026-07-12T20:10:06Z</time></trkpt><trkpt lat="60.545981" lon="-137.258474"><ele>1971.063</ele><time>2026-07-12T20:10:07Z</time></trkpt><trkpt lat="60.545987" lon="-137.258486"><ele>1972.040</ele><time>2026-07-12T20:10:08Z</time></trkpt><trkpt lat="60.545999" lon="-137.258503"><ele>1973.237</ele><time>2026-07-12T20:10:10Z</time></trkpt><trkpt lat="60.546013" lon="-137.25852"><ele>1974.243</ele><time>2026-07-12T20:10:12Z</time></trkpt><trkpt lat="60.546029" lon="-137.258538"><ele>1975.618</ele><time>2026-07-12T20:10:15Z</time></trkpt><trkpt lat="60.546065" lon="-137.258564"><ele>1974.272</ele><time>2026-07-12T20:10:20Z</time></trkpt><trkpt lat="60.546081" lon="-137.25857"><ele>1973.257</ele><time>2026-07-12T20:10:22Z</time></trkpt><trkpt lat="60.546108" lon="-137.258597"><ele>1972.671</ele><time>2026-07-12T20:10:27Z</time></trkpt><trkpt lat="60.546139" lon="-137.258632"><ele>1972.831</ele><time>2026-07-12T20:10:34Z</time></trkpt><trkpt lat="60.546148" lon="-137.258683"><ele>1972.461</ele><time>2026-07-12T20:10:40Z</time></trkpt><trkpt lat="60.546171" lon="-137.258694"><ele>1972.807</ele><time>2026-07-12T20:10:44Z</time></trkpt><trkpt lat="60.546183" lon="-137.258712"><ele>1973.209</ele><time>2026-07-12T20:10:46Z</time></trkpt><trkpt lat="60.546212" lon="-137.25874"><ele>1974.465</ele><time>2026-07-12T20:10:50Z</time></trkpt><trkpt lat="60.546232" lon="-137.25877"><ele>1974.680</ele><time>2026-07-12T20:10:54Z</time></trkpt><trkpt lat="60.546259" lon="-137.258792"><ele>1975.427</ele><time>2026-07-12T20:10:59Z</time></trkpt><trkpt lat="60.546271" lon="-137.258801"><ele>1976.494</ele><time>2026-07-12T20:11:01Z</time></trkpt><trkpt lat="60.546287" lon="-137.25882"><ele>1977.410</ele><time>2026-07-12T20:11:03Z</time></trkpt><trkpt lat="60.546303" lon="-137.258857"><ele>1978.235</ele><time>2026-07-12T20:11:07Z</time></trkpt><trkpt lat="60.546315" lon="-137.258877"><ele>1978.879</ele><time>2026-07-12T20:11:11Z</time></trkpt><trkpt lat="60.546329" lon="-137.25889"><ele>1979.284</ele><time>2026-07-12T20:11:14Z</time></trkpt><trkpt lat="60.546355" lon="-137.258938"><ele>1980.058</ele><time>2026-07-12T20:11:21Z</time></trkpt><trkpt lat="60.546372" lon="-137.258952"><ele>1980.451</ele><time>2026-07-12T20:11:24Z</time></trkpt><trkpt lat="60.546377" lon="-137.258955"><ele>1982.201</ele><time>2026-07-12T20:11:25Z</time></trkpt><trkpt lat="60.546391" lon="-137.25898"><ele>1983.211</ele><time>2026-07-12T20:11:29Z</time></trkpt><trkpt lat="60.546393" lon="-137.258987"><ele>1983.409</ele><time>2026-07-12T20:11:30Z</time></trkpt><trkpt lat="60.546427" lon="-137.259011"><ele>1982.687</ele><time>2026-07-12T20:11:36Z</time></trkpt><trkpt lat="60.546458" lon="-137.25905"><ele>1984.242</ele><time>2026-07-12T20:11:43Z</time></trkpt><trkpt lat="60.546464" lon="-137.25906"><ele>1984.459</ele><time>2026-07-12T20:11:44Z</time></trkpt><trkpt lat="60.546475" lon="-137.259074"><ele>1985.286</ele><time>2026-07-12T20:11:47Z</time></trkpt><trkpt lat="60.54648" lon="-137.259077"><ele>1985.632</ele><time>2026-07-12T20:11:48Z</time></trkpt><trkpt lat="60.546493" lon="-137.259108"><ele>1987.017</ele><time>2026-07-12T20:11:51Z</time></trkpt><trkpt lat="60.546494" lon="-137.259117"><ele>1987.431</ele><time>2026-07-12T20:11:52Z</time></trkpt><trkpt lat="60.546515" lon="-137.25915"><ele>1988.226</ele><time>2026-07-12T20:11:57Z</time></trkpt><trkpt lat="60.54652" lon="-137.259153"><ele>1988.440</ele><time>2026-07-12T20:11:58Z</time></trkpt><trkpt lat="60.54654" lon="-137.259203"><ele>1988.672</ele><time>2026-07-12T20:12:06Z</time></trkpt><trkpt lat="60.546544" lon="-137.259227"><ele>1990.213</ele><time>2026-07-12T20:12:08Z</time></trkpt><trkpt lat="60.546564" lon="-137.259286"><ele>1987.614</ele><time>2026-07-12T20:12:13Z</time></trkpt><trkpt lat="60.546571" lon="-137.2593"><ele>1988.009</ele><time>2026-07-12T20:12:14Z</time></trkpt><trkpt lat="60.546596" lon="-137.259321"><ele>1989.479</ele><time>2026-07-12T20:12:18Z</time></trkpt><trkpt lat="60.546614" lon="-137.259359"><ele>1989.814</ele><time>2026-07-12T20:12:22Z</time></trkpt><trkpt lat="60.546624" lon="-137.259375"><ele>1990.491</ele><time>2026-07-12T20:12:24Z</time></trkpt><trkpt lat="60.546628" lon="-137.259378"><ele>1990.888</ele><time>2026-07-12T20:12:25Z</time></trkpt><trkpt lat="60.54664" lon="-137.259396"><ele>1991.424</ele><time>2026-07-12T20:12:27Z</time></trkpt><trkpt lat="60.546647" lon="-137.259406"><ele>1991.699</ele><time>2026-07-12T20:12:28Z</time></trkpt><trkpt lat="60.546654" lon="-137.259415"><ele>1991.893</ele><time>2026-07-12T20:12:29Z</time></trkpt><trkpt lat="60.546689" lon="-137.259474"><ele>1992.848</ele><time>2026-07-12T20:12:35Z</time></trkpt><trkpt lat="60.546695" lon="-137.25949"><ele>1993.052</ele><time>2026-07-12T20:12:36Z</time></trkpt><trkpt lat="60.546711" lon="-137.259516"><ele>1993.847</ele><time>2026-07-12T20:12:39Z</time></trkpt><trkpt lat="60.546747" lon="-137.25955"><ele>1995.029</ele><time>2026-07-12T20:12:43Z</time></trkpt><trkpt lat="60.546765" lon="-137.25961"><ele>1994.821</ele><time>2026-07-12T20:12:47Z</time></trkpt><trkpt lat="60.54679" lon="-137.259678"><ele>1993.809</ele><time>2026-07-12T20:12:51Z</time></trkpt><trkpt lat="60.546818" lon="-137.259785"><ele>1994.616</ele><time>2026-07-12T20:12:58Z</time></trkpt><trkpt lat="60.546822" lon="-137.259803"><ele>1995.071</ele><time>2026-07-12T20:12:59Z</time></trkpt><trkpt lat="60.546826" lon="-137.259847"><ele>1995.228</ele><time>2026-07-12T20:13:05Z</time></trkpt><trkpt lat="60.546823" lon="-137.25983"><ele>1994.495</ele><time>2026-07-12T20:13:12Z</time></trkpt><trkpt lat="60.546823" lon="-137.25983"><ele>1994.491</ele><time>2026-07-12T20:13:18Z</time></trkpt><trkpt lat="60.54682" lon="-137.259815"><ele>1994.696</ele><time>2026-07-12T20:13:19Z</time></trkpt><trkpt lat="60.546816" lon="-137.259751"><ele>1993.810</ele><time>2026-07-12T20:13:22Z</time></trkpt><trkpt lat="60.546793" lon="-137.259695"><ele>1993.445</ele><time>2026-07-12T20:13:26Z</time></trkpt><trkpt lat="60.546744" lon="-137.259586"><ele>1993.449</ele><time>2026-07-12T20:13:34Z</time></trkpt><trkpt lat="60.546744" lon="-137.259589"><ele>1992.843</ele><time>2026-07-12T20:13:38Z</time></trkpt><trkpt lat="60.546745" lon="-137.259588"><ele>1992.864</ele><time>2026-07-12T20:13:39Z</time></trkpt><trkpt lat="60.546746" lon="-137.259585"><ele>1992.810</ele><time>2026-07-12T20:13:45Z</time></trkpt><trkpt lat="60.546746" lon="-137.259585"><ele>1992.809</ele><time>2026-07-12T20:13:47Z</time></trkpt><trkpt lat="60.546746" lon="-137.259585"><ele>1992.816</ele><time>2026-07-12T20:13:58Z</time></trkpt><trkpt lat="60.546717" lon="-137.259549"><ele>1994.631</ele><time>2026-07-12T20:14:04Z</time></trkpt><trkpt lat="60.546697" lon="-137.259526"><ele>1993.668</ele><time>2026-07-12T20:14:06Z</time></trkpt><trkpt lat="60.54669" lon="-137.25951"><ele>1993.075</ele><time>2026-07-12T20:14:07Z</time></trkpt><trkpt lat="60.546677" lon="-137.259463"><ele>1992.031</ele><time>2026-07-12T20:14:10Z</time></trkpt><trkpt lat="60.546665" lon="-137.259442"><ele>1991.826</ele><time>2026-07-12T20:14:12Z</time></trkpt><trkpt lat="60.546659" lon="-137.259431"><ele>1991.620</ele><time>2026-07-12T20:14:13Z</time></trkpt><trkpt lat="60.546618" lon="-137.259365"><ele>1990.815</ele><time>2026-07-12T20:14:19Z</time></trkpt><trkpt lat="60.546612" lon="-137.259347"><ele>1990.679</ele><time>2026-07-12T20:14:20Z</time></trkpt><trkpt lat="60.546565" lon="-137.259269"><ele>1993.015</ele><time>2026-07-12T20:14:25Z</time></trkpt><trkpt lat="60.546555" lon="-137.259255"><ele>1993.265</ele><time>2026-07-12T20:14:26Z</time></trkpt><trkpt lat="60.546512" lon="-137.259147"><ele>1990.011</ele><time>2026-07-12T20:14:33Z</time></trkpt><trkpt lat="60.546491" lon="-137.259107"><ele>1989.209</ele><time>2026-07-12T20:14:35Z</time></trkpt><trkpt lat="60.546478" lon="-137.259082"><ele>1987.823</ele><time>2026-07-12T20:14:36Z</time></trkpt><trkpt lat="60.546455" lon="-137.25905"><ele>1985.878</ele><time>2026-07-12T20:14:38Z</time></trkpt><trkpt lat="60.546446" lon="-137.259035"><ele>1985.085</ele><time>2026-07-12T20:14:39Z</time></trkpt><trkpt lat="60.546434" lon="-137.259015"><ele>1984.282</ele><time>2026-07-12T20:14:40Z</time></trkpt><trkpt lat="60.546361" lon="-137.258947"><ele>1982.838</ele><time>2026-07-12T20:14:45Z</time></trkpt><trkpt lat="60.54633" lon="-137.258903"><ele>1981.863</ele><time>2026-07-12T20:14:47Z</time></trkpt><trkpt lat="60.546282" lon="-137.258851"><ele>1980.857</ele><time>2026-07-12T20:14:50Z</time></trkpt><trkpt lat="60.546264" lon="-137.258829"><ele>1980.892</ele><time>2026-07-12T20:14:51Z</time></trkpt><trkpt lat="60.546198" lon="-137.25875"><ele>1979.656</ele><time>2026-07-12T20:14:55Z</time></trkpt><trkpt lat="60.546166" lon="-137.258709"><ele>1978.223</ele><time>2026-07-12T20:14:57Z</time></trkpt><trkpt lat="60.546159" lon="-137.258691"><ele>1977.683</ele><time>2026-07-12T20:14:58Z</time></trkpt><trkpt lat="60.546148" lon="-137.25866"><ele>1976.211</ele><time>2026-07-12T20:15:00Z</time></trkpt><trkpt lat="60.546141" lon="-137.258643"><ele>1974.809</ele><time>2026-07-12T20:15:01Z</time></trkpt><trkpt lat="60.546122" lon="-137.258602"><ele>1973.294</ele><time>2026-07-12T20:15:03Z</time></trkpt><trkpt lat="60.546084" lon="-137.258562"><ele>1972.239</ele><time>2026-07-12T20:15:06Z</time></trkpt><trkpt lat="60.546044" lon="-137.258528"><ele>1972.236</ele><time>2026-07-12T20:15:09Z</time></trkpt><trkpt lat="60.545966" lon="-137.258439"><ele>1970.693</ele><time>2026-07-12T20:15:15Z</time></trkpt><trkpt lat="60.545941" lon="-137.258391"><ele>1967.039</ele><time>2026-07-12T20:15:17Z</time></trkpt><trkpt lat="60.54594" lon="-137.258368"><ele>1965.224</ele><time>2026-07-12T20:15:18Z</time></trkpt><trkpt lat="60.545938" lon="-137.258335"><ele>1963.848</ele><time>2026-07-12T20:15:19Z</time></trkpt><trkpt lat="60.545927" lon="-137.258312"><ele>1962.473</ele><time>2026-07-12T20:15:20Z</time></trkpt><trkpt lat="60.545909" lon="-137.258281"><ele>1961.097</ele><time>2026-07-12T20:15:22Z</time></trkpt><trkpt lat="60.545882" lon="-137.258258"><ele>1959.491</ele><time>2026-07-12T20:15:24Z</time></trkpt><trkpt lat="60.545851" lon="-137.258242"><ele>1959.081</ele><time>2026-07-12T20:15:26Z</time></trkpt><trkpt lat="60.545824" lon="-137.25823"><ele>1958.419</ele><time>2026-07-12T20:15:28Z</time></trkpt><trkpt lat="60.54581" lon="-137.258215"><ele>1957.009</ele><time>2026-07-12T20:15:29Z</time></trkpt><trkpt lat="60.545786" lon="-137.258202"><ele>1955.821</ele><time>2026-07-12T20:15:31Z</time></trkpt><trkpt lat="60.545767" lon="-137.258191"><ele>1955.446</ele><time>2026-07-12T20:15:32Z</time></trkpt><trkpt lat="60.545733" lon="-137.258157"><ele>1954.613</ele><time>2026-07-12T20:15:34Z</time></trkpt><trkpt lat="60.545679" lon="-137.258068"><ele>1954.080</ele><time>2026-07-12T20:15:38Z</time></trkpt><trkpt lat="60.545633" lon="-137.258016"><ele>1953.686</ele><time>2026-07-12T20:15:41Z</time></trkpt><trkpt lat="60.545592" lon="-137.257973"><ele>1953.881</ele><time>2026-07-12T20:15:44Z</time></trkpt><trkpt lat="60.545506" lon="-137.257947"><ele>1953.285</ele><time>2026-07-12T20:15:50Z</time></trkpt><trkpt lat="60.545438" lon="-137.257893"><ele>1954.860</ele><time>2026-07-12T20:15:56Z</time></trkpt><trkpt lat="60.545425" lon="-137.257894"><ele>1954.854</ele><time>2026-07-12T20:15:57Z</time></trkpt><trkpt lat="60.545383" lon="-137.257843"><ele>1954.699</ele><time>2026-07-12T20:16:03Z</time></trkpt><trkpt lat="60.545315" lon="-137.257771"><ele>1953.807</ele><time>2026-07-12T20:16:11Z</time></trkpt><trkpt lat="60.545302" lon="-137.257765"><ele>1953.827</ele><time>2026-07-12T20:16:12Z</time></trkpt><trkpt lat="60.545226" lon="-137.257704"><ele>1952.809</ele><time>2026-07-12T20:16:18Z</time></trkpt><trkpt lat="60.545212" lon="-137.257689"><ele>1952.671</ele><time>2026-07-12T20:16:19Z</time></trkpt><trkpt lat="60.545115" lon="-137.257581"><ele>1952.046</ele><time>2026-07-12T20:16:27Z</time></trkpt><trkpt lat="60.545024" lon="-137.257525"><ele>1952.213</ele><time>2026-07-12T20:16:34Z</time></trkpt><trkpt lat="60.545001" lon="-137.257491"><ele>1951.280</ele><time>2026-07-12T20:16:37Z</time></trkpt><trkpt lat="60.544977" lon="-137.257459"><ele>1950.046</ele><time>2026-07-12T20:16:40Z</time></trkpt><trkpt lat="60.544937" lon="-137.257398"><ele>1948.851</ele><time>2026-07-12T20:16:44Z</time></trkpt><trkpt lat="60.544925" lon="-137.257372"><ele>1948.285</ele><time>2026-07-12T20:16:47Z</time></trkpt><trkpt lat="60.544896" lon="-137.257335"><ele>1947.870</ele><time>2026-07-12T20:16:50Z</time></trkpt><trkpt lat="60.544883" lon="-137.257331"><ele>1947.684</ele><time>2026-07-12T20:16:51Z</time></trkpt><trkpt lat="60.544809" lon="-137.257252"><ele>1947.247</ele><time>2026-07-12T20:16:57Z</time></trkpt><trkpt lat="60.544771" lon="-137.257224"><ele>1946.229</ele><time>2026-07-12T20:17:00Z</time></trkpt><trkpt lat="60.544732" lon="-137.257186"><ele>1945.221</ele><time>2026-07-12T20:17:03Z</time></trkpt><trkpt lat="60.544721" lon="-137.257165"><ele>1945.009</ele><time>2026-07-12T20:17:04Z</time></trkpt><trkpt lat="60.54469" lon="-137.257087"><ele>1944.026</ele><time>2026-07-12T20:17:07Z</time></trkpt><trkpt lat="60.544653" lon="-137.25705"><ele>1943.021</ele><time>2026-07-12T20:17:09Z</time></trkpt><trkpt lat="60.544581" lon="-137.256924"><ele>1942.448</ele><time>2026-07-12T20:17:14Z</time></trkpt><trkpt lat="60.544535" lon="-137.256831"><ele>1941.885</ele><time>2026-07-12T20:17:17Z</time></trkpt><trkpt lat="60.544501" lon="-137.256766"><ele>1940.891</ele><time>2026-07-12T20:17:19Z</time></trkpt><trkpt lat="60.544481" lon="-137.256683"><ele>1939.466</ele><time>2026-07-12T20:17:22Z</time></trkpt><trkpt lat="60.544453" lon="-137.256643"><ele>1938.230</ele><time>2026-07-12T20:17:24Z</time></trkpt><trkpt lat="60.544435" lon="-137.256631"><ele>1937.055</ele><time>2026-07-12T20:17:25Z</time></trkpt><trkpt lat="60.544402" lon="-137.256605"><ele>1936.059</ele><time>2026-07-12T20:17:27Z</time></trkpt><trkpt lat="60.54434" lon="-137.256547"><ele>1935.669</ele><time>2026-07-12T20:17:31Z</time></trkpt><trkpt lat="60.544324" lon="-137.256535"><ele>1935.604</ele><time>2026-07-12T20:17:32Z</time></trkpt><trkpt lat="60.544278" lon="-137.256517"><ele>1937.424</ele><time>2026-07-12T20:17:35Z</time></trkpt><trkpt lat="60.544247" lon="-137.256504"><ele>1939.009</ele><time>2026-07-12T20:17:37Z</time></trkpt><trkpt lat="60.544227" lon="-137.256475"><ele>1939.658</ele><time>2026-07-12T20:17:39Z</time></trkpt><trkpt lat="60.544145" lon="-137.256407"><ele>1939.033</ele><time>2026-07-12T20:17:46Z</time></trkpt><trkpt lat="60.544061" lon="-137.256347"><ele>1938.830</ele><time>2026-07-12T20:17:53Z</time></trkpt><trkpt lat="60.544034" lon="-137.25632"><ele>1940.897</ele><time>2026-07-12T20:17:55Z</time></trkpt><trkpt lat="60.544016" lon="-137.256304"><ele>1942.623</ele><time>2026-07-12T20:17:56Z</time></trkpt><trkpt lat="60.543981" lon="-137.256276"><ele>1944.058</ele><time>2026-07-12T20:17:58Z</time></trkpt><trkpt lat="60.543967" lon="-137.256262"><ele>1944.642</ele><time>2026-07-12T20:17:59Z</time></trkpt><trkpt lat="60.543949" lon="-137.256249"><ele>1945.447</ele><time>2026-07-12T20:18:00Z</time></trkpt><trkpt lat="60.54391" lon="-137.256214"><ele>1946.811</ele><time>2026-07-12T20:18:03Z</time></trkpt><trkpt lat="60.543899" lon="-137.256209"><ele>1947.097</ele><time>2026-07-12T20:18:04Z</time></trkpt><trkpt lat="60.543835" lon="-137.256152"><ele>1946.823</ele><time>2026-07-12T20:18:09Z</time></trkpt><trkpt lat="60.543791" lon="-137.256133"><ele>1946.425</ele><time>2026-07-12T20:18:12Z</time></trkpt><trkpt lat="60.543725" lon="-137.256107"><ele>1946.809</ele><time>2026-07-12T20:18:17Z</time></trkpt><trkpt lat="60.543697" lon="-137.256093"><ele>1948.091</ele><time>2026-07-12T20:18:19Z</time></trkpt><trkpt lat="60.543644" lon="-137.256062"><ele>1947.026</ele><time>2026-07-12T20:18:23Z</time></trkpt><trkpt lat="60.543603" lon="-137.256051"><ele>1946.253</ele><time>2026-07-12T20:18:26Z</time></trkpt><trkpt lat="60.54359" lon="-137.256041"><ele>1945.240</ele><time>2026-07-12T20:18:27Z</time></trkpt><trkpt lat="60.543578" lon="-137.256027"><ele>1944.476</ele><time>2026-07-12T20:18:28Z</time></trkpt><trkpt lat="60.543565" lon="-137.256016"><ele>1943.441</ele><time>2026-07-12T20:18:29Z</time></trkpt><trkpt lat="60.543478" lon="-137.255947"><ele>1942.455</ele><time>2026-07-12T20:18:36Z</time></trkpt><trkpt lat="60.543407" lon="-137.255891"><ele>1943.470</ele><time>2026-07-12T20:18:43Z</time></trkpt><trkpt lat="60.543387" lon="-137.255875"><ele>1944.244</ele><time>2026-07-12T20:18:45Z</time></trkpt><trkpt lat="60.543367" lon="-137.25584"><ele>1944.854</ele><time>2026-07-12T20:18:47Z</time></trkpt><trkpt lat="60.543355" lon="-137.255807"><ele>1946.256</ele><time>2026-07-12T20:18:49Z</time></trkpt><trkpt lat="60.543344" lon="-137.255803"><ele>1946.811</ele><time>2026-07-12T20:18:50Z</time></trkpt><trkpt lat="60.543334" lon="-137.255803"><ele>1947.209</ele><time>2026-07-12T20:18:51Z</time></trkpt><trkpt lat="60.543323" lon="-137.255792"><ele>1947.667</ele><time>2026-07-12T20:18:52Z</time></trkpt><trkpt lat="60.543269" lon="-137.255698"><ele>1948.282</ele><time>2026-07-12T20:18:57Z</time></trkpt><trkpt lat="60.543224" lon="-137.255581"><ele>1948.689</ele><time>2026-07-12T20:19:02Z</time></trkpt><trkpt lat="60.543201" lon="-137.25555"><ele>1949.036</ele><time>2026-07-12T20:19:04Z</time></trkpt><trkpt lat="60.543105" lon="-137.255478"><ele>1946.652</ele><time>2026-07-12T20:19:11Z</time></trkpt><trkpt lat="60.54309" lon="-137.25547"><ele>1946.217</ele><time>2026-07-12T20:19:12Z</time></trkpt><trkpt lat="60.543064" lon="-137.255469"><ele>1945.661</ele><time>2026-07-12T20:19:14Z</time></trkpt><trkpt lat="60.543023" lon="-137.255461"><ele>1944.836</ele><time>2026-07-12T20:19:17Z</time></trkpt><trkpt lat="60.543009" lon="-137.255451"><ele>1944.670</ele><time>2026-07-12T20:19:18Z</time></trkpt><trkpt lat="60.542991" lon="-137.25544"><ele>1944.297</ele><time>2026-07-12T20:19:19Z</time></trkpt><trkpt lat="60.542974" lon="-137.255428"><ele>1943.823</ele><time>2026-07-12T20:19:20Z</time></trkpt><trkpt lat="60.542937" lon="-137.255403"><ele>1942.625</ele><time>2026-07-12T20:19:22Z</time></trkpt><trkpt lat="60.542918" lon="-137.255397"><ele>1941.209</ele><time>2026-07-12T20:19:23Z</time></trkpt><trkpt lat="60.542901" lon="-137.2554"><ele>1939.621</ele><time>2026-07-12T20:19:24Z</time></trkpt><trkpt lat="60.542861" lon="-137.255419"><ele>1938.076</ele><time>2026-07-12T20:19:26Z</time></trkpt><trkpt lat="60.542827" lon="-137.255408"><ele>1937.013</ele><time>2026-07-12T20:19:28Z</time></trkpt><trkpt lat="60.542789" lon="-137.255391"><ele>1937.060</ele><time>2026-07-12T20:19:31Z</time></trkpt><trkpt lat="60.542777" lon="-137.255393"><ele>1937.056</ele><time>2026-07-12T20:19:32Z</time></trkpt><trkpt lat="60.542762" lon="-137.255389"><ele>1936.831</ele><time>2026-07-12T20:19:33Z</time></trkpt><trkpt lat="60.542726" lon="-137.25538"><ele>1935.825</ele><time>2026-07-12T20:19:36Z</time></trkpt><trkpt lat="60.542713" lon="-137.25538"><ele>1935.430</ele><time>2026-07-12T20:19:37Z</time></trkpt><trkpt lat="60.542657" lon="-137.25533"><ele>1934.614</ele><time>2026-07-12T20:19:41Z</time></trkpt><trkpt lat="60.542633" lon="-137.255288"><ele>1933.427</ele><time>2026-07-12T20:19:43Z</time></trkpt><trkpt lat="60.542542" lon="-137.255134"><ele>1932.668</ele><time>2026-07-12T20:19:51Z</time></trkpt><trkpt lat="60.542534" lon="-137.255112"><ele>1932.214</ele><time>2026-07-12T20:19:52Z</time></trkpt><trkpt lat="60.542485" lon="-137.255032"><ele>1931.009</ele><time>2026-07-12T20:19:56Z</time></trkpt><trkpt lat="60.542474" lon="-137.25501"><ele>1930.844</ele><time>2026-07-12T20:19:57Z</time></trkpt><trkpt lat="60.542457" lon="-137.254964"><ele>1930.029</ele><time>2026-07-12T20:19:59Z</time></trkpt><trkpt lat="60.542411" lon="-137.254885"><ele>1929.056</ele><time>2026-07-12T20:20:03Z</time></trkpt><trkpt lat="60.542398" lon="-137.254864"><ele>1928.693</ele><time>2026-07-12T20:20:04Z</time></trkpt><trkpt lat="60.542359" lon="-137.254787"><ele>1927.859</ele><time>2026-07-12T20:20:08Z</time></trkpt><trkpt lat="60.542335" lon="-137.254714"><ele>1927.074</ele><time>2026-07-12T20:20:11Z</time></trkpt><trkpt lat="60.542328" lon="-137.25469"><ele>1926.868</ele><time>2026-07-12T20:20:12Z</time></trkpt><trkpt lat="60.542278" lon="-137.254521"><ele>1925.833</ele><time>2026-07-12T20:20:18Z</time></trkpt><trkpt lat="60.542272" lon="-137.254488"><ele>1925.647</ele><time>2026-07-12T20:20:19Z</time></trkpt><trkpt lat="60.542275" lon="-137.254344"><ele>1926.099</ele><time>2026-07-12T20:20:24Z</time></trkpt><trkpt lat="60.542301" lon="-137.254244"><ele>1926.807</ele><time>2026-07-12T20:20:28Z</time></trkpt><trkpt lat="60.542317" lon="-137.25419"><ele>1927.027</ele><time>2026-07-12T20:20:30Z</time></trkpt><trkpt lat="60.542356" lon="-137.253934"><ele>1927.209</ele><time>2026-07-12T20:20:38Z</time></trkpt><trkpt lat="60.542364" lon="-137.253734"><ele>1927.811</ele><time>2026-07-12T20:20:45Z</time></trkpt><trkpt lat="60.542378" lon="-137.253687"><ele>1928.086</ele><time>2026-07-12T20:20:47Z</time></trkpt><trkpt lat="60.542402" lon="-137.253576"><ele>1927.613</ele><time>2026-07-12T20:20:51Z</time></trkpt><trkpt lat="60.542396" lon="-137.253492"><ele>1927.240</ele><time>2026-07-12T20:20:54Z</time></trkpt><trkpt lat="60.542383" lon="-137.253448"><ele>1927.296</ele><time>2026-07-12T20:20:56Z</time></trkpt><trkpt lat="60.542388" lon="-137.253414"><ele>1926.871</ele><time>2026-07-12T20:20:57Z</time></trkpt><trkpt lat="60.542391" lon="-137.253348"><ele>1925.635</ele><time>2026-07-12T20:20:59Z</time></trkpt><trkpt lat="60.542396" lon="-137.253325"><ele>1924.680</ele><time>2026-07-12T20:21:00Z</time></trkpt><trkpt lat="60.5424" lon="-137.253289"><ele>1924.274</ele><time>2026-07-12T20:21:01Z</time></trkpt><trkpt lat="60.542397" lon="-137.253115"><ele>1924.091</ele><time>2026-07-12T20:21:05Z</time></trkpt><trkpt lat="60.54241" lon="-137.252954"><ele>1924.681</ele><time>2026-07-12T20:21:11Z</time></trkpt><trkpt lat="60.542359" lon="-137.252752"><ele>1923.419</ele><time>2026-07-12T20:21:18Z</time></trkpt><trkpt lat="60.542311" lon="-137.252553"><ele>1923.409</ele><time>2026-07-12T20:21:26Z</time></trkpt><trkpt lat="60.542295" lon="-137.252409"><ele>1924.451</ele><time>2026-07-12T20:21:31Z</time></trkpt><trkpt lat="60.542294" lon="-137.252359"><ele>1925.476</ele><time>2026-07-12T20:21:33Z</time></trkpt><trkpt lat="60.542292" lon="-137.252335"><ele>1925.873</ele><time>2026-07-12T20:21:34Z</time></trkpt><trkpt lat="60.542283" lon="-137.252256"><ele>1926.410</ele><time>2026-07-12T20:21:37Z</time></trkpt><trkpt lat="60.54227" lon="-137.25218"><ele>1925.886</ele><time>2026-07-12T20:21:40Z</time></trkpt><trkpt lat="60.542253" lon="-137.252133"><ele>1926.431</ele><time>2026-07-12T20:21:42Z</time></trkpt><trkpt lat="60.542236" lon="-137.252038"><ele>1927.845</ele><time>2026-07-12T20:21:46Z</time></trkpt><trkpt lat="60.542237" lon="-137.251935"><ele>1928.480</ele><time>2026-07-12T20:21:50Z</time></trkpt><trkpt lat="60.542228" lon="-137.251778"><ele>1928.044</ele><time>2026-07-12T20:21:55Z</time></trkpt><trkpt lat="60.542208" lon="-137.251656"><ele>1928.054</ele><time>2026-07-12T20:21:59Z</time></trkpt><trkpt lat="60.542219" lon="-137.251503"><ele>1926.856</ele><time>2026-07-12T20:22:04Z</time></trkpt><trkpt lat="60.542223" lon="-137.251475"><ele>1926.211</ele><time>2026-07-12T20:22:05Z</time></trkpt><trkpt lat="60.542231" lon="-137.251394"><ele>1925.609</ele><time>2026-07-12T20:22:08Z</time></trkpt><trkpt lat="60.542243" lon="-137.251268"><ele>1924.627</ele><time>2026-07-12T20:22:12Z</time></trkpt><trkpt lat="60.542247" lon="-137.251237"><ele>1924.412</ele><time>2026-07-12T20:22:13Z</time></trkpt><trkpt lat="60.542217" lon="-137.251105"><ele>1923.499</ele><time>2026-07-12T20:22:18Z</time></trkpt><trkpt lat="60.542206" lon="-137.251043"><ele>1922.456</ele><time>2026-07-12T20:22:20Z</time></trkpt><trkpt lat="60.542201" lon="-137.251013"><ele>1921.892</ele><time>2026-07-12T20:22:21Z</time></trkpt><trkpt lat="60.542189" lon="-137.250953"><ele>1920.257</ele><time>2026-07-12T20:22:23Z</time></trkpt><trkpt lat="60.54218" lon="-137.250893"><ele>1918.651</ele><time>2026-07-12T20:22:25Z</time></trkpt><trkpt lat="60.542176" lon="-137.250834"><ele>1917.856</ele><time>2026-07-12T20:22:27Z</time></trkpt><trkpt lat="60.542168" lon="-137.25067"><ele>1918.040</ele><time>2026-07-12T20:22:33Z</time></trkpt><trkpt lat="60.542145" lon="-137.2505"><ele>1917.614</ele><time>2026-07-12T20:22:39Z</time></trkpt><trkpt lat="60.54215" lon="-137.250472"><ele>1917.654</ele><time>2026-07-12T20:22:40Z</time></trkpt><trkpt lat="60.542185" lon="-137.250302"><ele>1917.209</ele><time>2026-07-12T20:22:46Z</time></trkpt><trkpt lat="60.542215" lon="-137.250086"><ele>1916.209</ele><time>2026-07-12T20:22:53Z</time></trkpt><trkpt lat="60.542242" lon="-137.249987"><ele>1915.283</ele><time>2026-07-12T20:22:57Z</time></trkpt><trkpt lat="60.542253" lon="-137.249882"><ele>1914.898</ele><time>2026-07-12T20:23:00Z</time></trkpt><trkpt lat="60.542275" lon="-137.249754"><ele>1914.075</ele><time>2026-07-12T20:23:04Z</time></trkpt><trkpt lat="60.542302" lon="-137.249687"><ele>1913.422</ele><time>2026-07-12T20:23:07Z</time></trkpt><trkpt lat="60.542325" lon="-137.249618"><ele>1912.848</ele><time>2026-07-12T20:23:10Z</time></trkpt><trkpt lat="60.542376" lon="-137.249439"><ele>1912.043</ele><time>2026-07-12T20:23:16Z</time></trkpt><trkpt lat="60.542386" lon="-137.24939"><ele>1911.617</ele><time>2026-07-12T20:23:17Z</time></trkpt><trkpt lat="60.542405" lon="-137.249287"><ele>1910.262</ele><time>2026-07-12T20:23:19Z</time></trkpt><trkpt lat="60.542424" lon="-137.249181"><ele>1908.446</ele><time>2026-07-12T20:23:21Z</time></trkpt><trkpt lat="60.542461" lon="-137.249048"><ele>1907.288</ele><time>2026-07-12T20:23:24Z</time></trkpt><trkpt lat="60.542464" lon="-137.249007"><ele>1907.224</ele><time>2026-07-12T20:23:25Z</time></trkpt><trkpt lat="60.542462" lon="-137.248906"><ele>1906.226</ele><time>2026-07-12T20:23:28Z</time></trkpt><trkpt lat="60.542457" lon="-137.248813"><ele>1905.809</ele><time>2026-07-12T20:23:31Z</time></trkpt><trkpt lat="60.542466" lon="-137.248692"><ele>1905.210</ele><time>2026-07-12T20:23:35Z</time></trkpt><trkpt lat="60.542474" lon="-137.248598"><ele>1904.095</ele><time>2026-07-12T20:23:38Z</time></trkpt><trkpt lat="60.542477" lon="-137.248564"><ele>1903.682</ele><time>2026-07-12T20:23:39Z</time></trkpt><trkpt lat="60.542488" lon="-137.248463"><ele>1902.869</ele><time>2026-07-12T20:23:42Z</time></trkpt><trkpt lat="60.542501" lon="-137.248413"><ele>1902.615</ele><time>2026-07-12T20:23:44Z</time></trkpt><trkpt lat="60.542522" lon="-137.248189"><ele>1902.660</ele><time>2026-07-12T20:23:52Z</time></trkpt><trkpt lat="60.542543" lon="-137.248032"><ele>1901.684</ele><time>2026-07-12T20:23:57Z</time></trkpt><trkpt lat="60.542563" lon="-137.24795"><ele>1900.839</ele><time>2026-07-12T20:24:00Z</time></trkpt><trkpt lat="60.542573" lon="-137.247905"><ele>1900.493</ele><time>2026-07-12T20:24:01Z</time></trkpt><trkpt lat="60.542599" lon="-137.247809"><ele>1898.856</ele><time>2026-07-12T20:24:03Z</time></trkpt><trkpt lat="60.54261" lon="-137.247756"><ele>1898.659</ele><time>2026-07-12T20:24:04Z</time></trkpt><trkpt lat="60.542658" lon="-137.247525"><ele>1898.214</ele><time>2026-07-12T20:24:09Z</time></trkpt><trkpt lat="60.542678" lon="-137.247438"><ele>1897.609</ele><time>2026-07-12T20:24:11Z</time></trkpt><trkpt lat="60.5427" lon="-137.247358"><ele>1897.087</ele><time>2026-07-12T20:24:14Z</time></trkpt><trkpt lat="60.542705" lon="-137.247319"><ele>1896.632</ele><time>2026-07-12T20:24:15Z</time></trkpt><trkpt lat="60.542716" lon="-137.24725"><ele>1895.289</ele><time>2026-07-12T20:24:17Z</time></trkpt><trkpt lat="60.542732" lon="-137.247162"><ele>1894.026</ele><time>2026-07-12T20:24:20Z</time></trkpt><trkpt lat="60.542735" lon="-137.247132"><ele>1893.842</ele><time>2026-07-12T20:24:21Z</time></trkpt><trkpt lat="60.542746" lon="-137.247033"><ele>1892.897</ele><time>2026-07-12T20:24:24Z</time></trkpt><trkpt lat="60.542764" lon="-137.246932"><ele>1891.861</ele><time>2026-07-12T20:24:27Z</time></trkpt><trkpt lat="60.542781" lon="-137.246728"><ele>1891.626</ele><time>2026-07-12T20:24:34Z</time></trkpt><trkpt lat="60.542785" lon="-137.246699"><ele>1891.490</ele><time>2026-07-12T20:24:35Z</time></trkpt><trkpt lat="60.542802" lon="-137.246581"><ele>1890.651</ele><time>2026-07-12T20:24:39Z</time></trkpt><trkpt lat="60.542813" lon="-137.246505"><ele>1890.001</ele><time>2026-07-12T20:24:42Z</time></trkpt><trkpt lat="60.542832" lon="-137.246337"><ele>1889.411</ele><time>2026-07-12T20:24:48Z</time></trkpt><trkpt lat="60.542848" lon="-137.246247"><ele>1889.009</ele><time>2026-07-12T20:24:51Z</time></trkpt><trkpt lat="60.542861" lon="-137.246192"><ele>1888.287</ele><time>2026-07-12T20:24:53Z</time></trkpt><trkpt lat="60.542879" lon="-137.24608"><ele>1887.012</ele><time>2026-07-12T20:24:57Z</time></trkpt><trkpt lat="60.542889" lon="-137.245989"><ele>1885.899</ele><time>2026-07-12T20:25:00Z</time></trkpt><trkpt lat="60.542909" lon="-137.245821"><ele>1884.456</ele><time>2026-07-12T20:25:05Z</time></trkpt><trkpt lat="60.542921" lon="-137.245759"><ele>1883.652</ele><time>2026-07-12T20:25:07Z</time></trkpt><trkpt lat="60.542924" lon="-137.24574"><ele>1883.057</ele><time>2026-07-12T20:25:08Z</time></trkpt><trkpt lat="60.542933" lon="-137.245645"><ele>1882.051</ele><time>2026-07-12T20:25:11Z</time></trkpt><trkpt lat="60.542942" lon="-137.245523"><ele>1881.286</ele><time>2026-07-12T20:25:14Z</time></trkpt><trkpt lat="60.542945" lon="-137.245489"><ele>1880.630</ele><time>2026-07-12T20:25:15Z</time></trkpt><trkpt lat="60.542958" lon="-137.245316"><ele>1879.647</ele><time>2026-07-12T20:25:20Z</time></trkpt><trkpt lat="60.542961" lon="-137.245209"><ele>1877.829</ele><time>2026-07-12T20:25:23Z</time></trkpt><trkpt lat="60.54297" lon="-137.245109"><ele>1876.821</ele><time>2026-07-12T20:25:26Z</time></trkpt><trkpt lat="60.543025" lon="-137.244937"><ele>1875.809</ele><time>2026-07-12T20:25:34Z</time></trkpt><trkpt lat="60.543035" lon="-137.244914"><ele>1875.456</ele><time>2026-07-12T20:25:35Z</time></trkpt><trkpt lat="60.543054" lon="-137.24482"><ele>1874.641</ele><time>2026-07-12T20:25:38Z</time></trkpt><trkpt lat="60.543038" lon="-137.244693"><ele>1873.488</ele><time>2026-07-12T20:25:41Z</time></trkpt><trkpt lat="60.543032" lon="-137.244618"><ele>1871.645</ele><time>2026-07-12T20:25:43Z</time></trkpt><trkpt lat="60.543038" lon="-137.244554"><ele>1870.451</ele><time>2026-07-12T20:25:45Z</time></trkpt><trkpt lat="60.543046" lon="-137.244494"><ele>1870.026</ele><time>2026-07-12T20:25:47Z</time></trkpt><trkpt lat="60.54304" lon="-137.244348"><ele>1869.460</ele><time>2026-07-12T20:25:52Z</time></trkpt><trkpt lat="60.543032" lon="-137.244334"><ele>1868.885</ele><time>2026-07-12T20:25:54Z</time></trkpt><trkpt lat="60.543032" lon="-137.244344"><ele>1868.469</ele><time>2026-07-12T20:25:57Z</time></trkpt><trkpt lat="60.543028" lon="-137.244347"><ele>1868.423</ele><time>2026-07-12T20:26:00Z</time></trkpt><trkpt lat="60.543034" lon="-137.244316"><ele>1868.683</ele><time>2026-07-12T20:26:06Z</time></trkpt><trkpt lat="60.543035" lon="-137.244311"><ele>1869.211</ele><time>2026-07-12T20:26:11Z</time></trkpt><trkpt lat="60.543041" lon="-137.244261"><ele>1868.209</ele><time>2026-07-12T20:26:14Z</time></trkpt><trkpt lat="60.543047" lon="-137.244149"><ele>1867.214</ele><time>2026-07-12T20:26:20Z</time></trkpt><trkpt lat="60.543048" lon="-137.244102"><ele>1867.079</ele><time>2026-07-12T20:26:22Z</time></trkpt><trkpt lat="60.543054" lon="-137.243949"><ele>1866.446</ele><time>2026-07-12T20:26:29Z</time></trkpt><trkpt lat="60.543061" lon="-137.243879"><ele>1866.233</ele><time>2026-07-12T20:26:33Z</time></trkpt><trkpt lat="60.543072" lon="-137.243812"><ele>1866.229</ele><time>2026-07-12T20:26:36Z</time></trkpt><trkpt lat="60.543077" lon="-137.243643"><ele>1865.464</ele><time>2026-07-12T20:26:44Z</time></trkpt><trkpt lat="60.543074" lon="-137.243606"><ele>1865.098</ele><time>2026-07-12T20:26:46Z</time></trkpt><trkpt lat="60.543069" lon="-137.243467"><ele>1864.253</ele><time>2026-07-12T20:26:53Z</time></trkpt><trkpt lat="60.543068" lon="-137.24342"><ele>1863.857</ele><time>2026-07-12T20:26:55Z</time></trkpt><trkpt lat="60.543058" lon="-137.24324"><ele>1862.832</ele><time>2026-07-12T20:27:03Z</time></trkpt><trkpt lat="60.543058" lon="-137.243222"><ele>1862.692</ele><time>2026-07-12T20:27:04Z</time></trkpt><trkpt lat="60.543044" lon="-137.243051"><ele>1862.211</ele><time>2026-07-12T20:27:12Z</time></trkpt><trkpt lat="60.543033" lon="-137.242944"><ele>1862.809</ele><time>2026-07-12T20:27:19Z</time></trkpt><trkpt lat="60.543035" lon="-137.242928"><ele>1863.885</ele><time>2026-07-12T20:27:23Z</time></trkpt><trkpt lat="60.543034" lon="-137.242889"><ele>1864.030</ele><time>2026-07-12T20:27:26Z</time></trkpt><trkpt lat="60.543037" lon="-137.242666"><ele>1864.447</ele><time>2026-07-12T20:27:35Z</time></trkpt><trkpt lat="60.543042" lon="-137.242576"><ele>1864.054</ele><time>2026-07-12T20:27:40Z</time></trkpt><trkpt lat="60.543044" lon="-137.242553"><ele>1863.820</ele><time>2026-07-12T20:27:42Z</time></trkpt><trkpt lat="60.543056" lon="-137.242415"><ele>1863.255</ele><time>2026-07-12T20:27:50Z</time></trkpt><trkpt lat="60.543062" lon="-137.242375"><ele>1862.659</ele><time>2026-07-12T20:27:52Z</time></trkpt><trkpt lat="60.543087" lon="-137.242232"><ele>1862.094</ele><time>2026-07-12T20:28:00Z</time></trkpt><trkpt lat="60.543113" lon="-137.242119"><ele>1861.648</ele><time>2026-07-12T20:28:06Z</time></trkpt><trkpt lat="60.543114" lon="-137.242088"><ele>1861.083</ele><time>2026-07-12T20:28:08Z</time></trkpt><trkpt lat="60.543109" lon="-137.242042"><ele>1860.625</ele><time>2026-07-12T20:28:11Z</time></trkpt><trkpt lat="60.543115" lon="-137.241983"><ele>1859.617</ele><time>2026-07-12T20:28:14Z</time></trkpt><trkpt lat="60.543118" lon="-137.241961"><ele>1859.609</ele><time>2026-07-12T20:28:15Z</time></trkpt><trkpt lat="60.54313" lon="-137.241819"><ele>1859.610</ele><time>2026-07-12T20:28:22Z</time></trkpt><trkpt lat="60.543146" lon="-137.241702"><ele>1858.495</ele><time>2026-07-12T20:28:28Z</time></trkpt><trkpt lat="60.543156" lon="-137.241652"><ele>1857.842</ele><time>2026-07-12T20:28:31Z</time></trkpt><trkpt lat="60.543182" lon="-137.241472"><ele>1857.689</ele><time>2026-07-12T20:28:41Z</time></trkpt><trkpt lat="60.543183" lon="-137.241448"><ele>1857.225</ele><time>2026-07-12T20:28:42Z</time></trkpt><trkpt lat="60.543201" lon="-137.241364"><ele>1856.290</ele><time>2026-07-12T20:28:46Z</time></trkpt><trkpt lat="60.543208" lon="-137.24131"><ele>1855.814</ele><time>2026-07-12T20:28:49Z</time></trkpt><trkpt lat="60.543245" lon="-137.241161"><ele>1855.269</ele><time>2026-07-12T20:28:56Z</time></trkpt><trkpt lat="60.543251" lon="-137.24114"><ele>1855.083</ele><time>2026-07-12T20:28:57Z</time></trkpt><trkpt lat="60.543302" lon="-137.241026"><ele>1854.268</ele><time>2026-07-12T20:29:04Z</time></trkpt><trkpt lat="60.543308" lon="-137.241016"><ele>1854.042</ele><time>2026-07-12T20:29:05Z</time></trkpt><trkpt lat="60.543363" lon="-137.240895"><ele>1855.026</ele><time>2026-07-12T20:29:14Z</time></trkpt><trkpt lat="60.543384" lon="-137.240836"><ele>1855.209</ele><time>2026-07-12T20:29:17Z</time></trkpt><trkpt lat="60.543397" lon="-137.2408"><ele>1855.438</ele><time>2026-07-12T20:29:19Z</time></trkpt><trkpt lat="60.543458" lon="-137.240657"><ele>1855.453</ele><time>2026-07-12T20:29:27Z</time></trkpt><trkpt lat="60.543507" lon="-137.240469"><ele>1854.650</ele><time>2026-07-12T20:29:36Z</time></trkpt><trkpt lat="60.543563" lon="-137.240349"><ele>1855.257</ele><time>2026-07-12T20:29:43Z</time></trkpt><trkpt lat="60.543627" lon="-137.240188"><ele>1855.083</ele><time>2026-07-12T20:29:51Z</time></trkpt><trkpt lat="60.543664" lon="-137.240097"><ele>1854.858</ele><time>2026-07-12T20:29:56Z</time></trkpt><trkpt lat="60.543726" lon="-137.239956"><ele>1855.462</ele><time>2026-07-12T20:30:03Z</time></trkpt><trkpt lat="60.543797" lon="-137.239775"><ele>1855.867</ele><time>2026-07-12T20:30:12Z</time></trkpt><trkpt lat="60.543816" lon="-137.239707"><ele>1856.251</ele><time>2026-07-12T20:30:15Z</time></trkpt><trkpt lat="60.543855" lon="-137.239599"><ele>1857.015</ele><time>2026-07-12T20:30:20Z</time></trkpt><trkpt lat="60.543867" lon="-137.239567"><ele>1856.865</ele><time>2026-07-12T20:30:22Z</time></trkpt><trkpt lat="60.54387" lon="-137.239575"><ele>1857.411</ele><time>2026-07-12T20:30:26Z</time></trkpt><trkpt lat="60.543865" lon="-137.23948"><ele>1857.809</ele><time>2026-07-12T20:30:32Z</time></trkpt><trkpt lat="60.543867" lon="-137.239422"><ele>1858.663</ele><time>2026-07-12T20:30:34Z</time></trkpt><trkpt lat="60.543882" lon="-137.239334"><ele>1859.888</ele><time>2026-07-12T20:30:38Z</time></trkpt><trkpt lat="60.543883" lon="-137.239314"><ele>1859.815</ele><time>2026-07-12T20:30:39Z</time></trkpt><trkpt lat="60.543892" lon="-137.239255"><ele>1857.852</ele><time>2026-07-12T20:30:43Z</time></trkpt><trkpt lat="60.543898" lon="-137.23925"><ele>1857.468</ele><time>2026-07-12T20:30:44Z</time></trkpt><trkpt lat="60.543904" lon="-137.23924"><ele>1857.253</ele><time>2026-07-12T20:30:45Z</time></trkpt><trkpt lat="60.543906" lon="-137.239232"><ele>1856.877</ele><time>2026-07-12T20:30:46Z</time></trkpt><trkpt lat="60.543916" lon="-137.239201"><ele>1855.642</ele><time>2026-07-12T20:30:49Z</time></trkpt><trkpt lat="60.543927" lon="-137.239198"><ele>1855.046</ele><time>2026-07-12T20:30:51Z</time></trkpt><trkpt lat="60.543943" lon="-137.239175"><ele>1854.648</ele><time>2026-07-12T20:30:54Z</time></trkpt><trkpt lat="60.543943" lon="-137.23916"><ele>1854.261</ele><time>2026-07-12T20:30:56Z</time></trkpt><trkpt lat="60.543944" lon="-137.239155"><ele>1853.417</ele><time>2026-07-12T20:30:59Z</time></trkpt><trkpt lat="60.543961" lon="-137.239121"><ele>1852.609</ele><time>2026-07-12T20:31:02Z</time></trkpt><trkpt lat="60.543966" lon="-137.239096"><ele>1852.446</ele><time>2026-07-12T20:31:04Z</time></trkpt><trkpt lat="60.543976" lon="-137.239073"><ele>1851.611</ele><time>2026-07-12T20:31:08Z</time></trkpt><trkpt lat="60.543984" lon="-137.239056"><ele>1851.058</ele><time>2026-07-12T20:31:10Z</time></trkpt><trkpt lat="60.544034" lon="-137.239012"><ele>1850.855</ele><time>2026-07-12T20:31:16Z</time></trkpt><trkpt lat="60.544058" lon="-137.23899"><ele>1849.611</ele><time>2026-07-12T20:31:20Z</time></trkpt><trkpt lat="60.544076" lon="-137.238987"><ele>1848.886</ele><time>2026-07-12T20:31:22Z</time></trkpt><trkpt lat="60.544086" lon="-137.238981"><ele>1848.630</ele><time>2026-07-12T20:31:23Z</time></trkpt><trkpt lat="60.544102" lon="-137.238959"><ele>1848.275</ele><time>2026-07-12T20:31:29Z</time></trkpt><trkpt lat="60.544101" lon="-137.238961"><ele>1847.619</ele><time>2026-07-12T20:31:34Z</time></trkpt><trkpt lat="60.544101" lon="-137.238961"><ele>1847.687</ele><time>2026-07-12T20:31:37Z</time></trkpt><trkpt lat="60.544119" lon="-137.238924"><ele>1847.242</ele><time>2026-07-12T20:31:41Z</time></trkpt><trkpt lat="60.544143" lon="-137.238898"><ele>1846.426</ele><time>2026-07-12T20:31:43Z</time></trkpt><trkpt lat="60.544168" lon="-137.238886"><ele>1845.209</ele><time>2026-07-12T20:31:45Z</time></trkpt><trkpt lat="60.544188" lon="-137.238869"><ele>1844.470</ele><time>2026-07-12T20:31:47Z</time></trkpt><trkpt lat="60.544192" lon="-137.238856"><ele>1843.885</ele><time>2026-07-12T20:31:48Z</time></trkpt><trkpt lat="60.544196" lon="-137.23883"><ele>1842.852</ele><time>2026-07-12T20:31:52Z</time></trkpt><trkpt lat="60.544203" lon="-137.23882"><ele>1842.699</ele><time>2026-07-12T20:31:58Z</time></trkpt><trkpt lat="60.544189" lon="-137.238812"><ele>1841.675</ele><time>2026-07-12T20:32:01Z</time></trkpt><trkpt lat="60.544173" lon="-137.2388"><ele>1840.470</ele><time>2026-07-12T20:32:05Z</time></trkpt><trkpt lat="60.544187" lon="-137.23877"><ele>1839.454</ele><time>2026-07-12T20:32:11Z</time></trkpt><trkpt lat="60.544217" lon="-137.238725"><ele>1838.259</ele><time>2026-07-12T20:32:16Z</time></trkpt><trkpt lat="60.544226" lon="-137.238717"><ele>1838.083</ele><time>2026-07-12T20:32:17Z</time></trkpt><trkpt lat="60.544281" lon="-137.238663"><ele>1837.623</ele><time>2026-07-12T20:32:23Z</time></trkpt><trkpt lat="60.544288" lon="-137.238651"><ele>1837.283</ele><time>2026-07-12T20:32:24Z</time></trkpt><trkpt lat="60.544307" lon="-137.238642"><ele>1836.011</ele><time>2026-07-12T20:32:26Z</time></trkpt><trkpt lat="60.544328" lon="-137.238644"><ele>1834.809</ele><time>2026-07-12T20:32:28Z</time></trkpt><trkpt lat="60.544338" lon="-137.238639"><ele>1834.444</ele><time>2026-07-12T20:32:29Z</time></trkpt><trkpt lat="60.544354" lon="-137.238609"><ele>1833.639</ele><time>2026-07-12T20:32:31Z</time></trkpt><trkpt lat="60.544368" lon="-137.238592"><ele>1832.616</ele><time>2026-07-12T20:32:34Z</time></trkpt><trkpt lat="60.544376" lon="-137.238593"><ele>1832.223</ele><time>2026-07-12T20:32:35Z</time></trkpt><trkpt lat="60.54441" lon="-137.23856"><ele>1831.419</ele><time>2026-07-12T20:32:39Z</time></trkpt><trkpt lat="60.544427" lon="-137.238548"><ele>1831.044</ele><time>2026-07-12T20:32:41Z</time></trkpt><trkpt lat="60.544443" lon="-137.238518"><ele>1830.238</ele><time>2026-07-12T20:32:43Z</time></trkpt><trkpt lat="60.544456" lon="-137.23849"><ele>1829.023</ele><time>2026-07-12T20:32:46Z</time></trkpt><trkpt lat="60.544459" lon="-137.238476"><ele>1828.847</ele><time>2026-07-12T20:32:47Z</time></trkpt><trkpt lat="60.544466" lon="-137.238469"><ele>1828.691</ele><time>2026-07-12T20:32:52Z</time></trkpt><trkpt lat="60.544469" lon="-137.238467"><ele>1828.081</ele><time>2026-07-12T20:32:59Z</time></trkpt><trkpt lat="60.544468" lon="-137.238464"><ele>1827.819</ele><time>2026-07-12T20:33:00Z</time></trkpt><trkpt lat="60.544468" lon="-137.238464"><ele>1827.809</ele><time>2026-07-12T20:33:07Z</time></trkpt><trkpt lat="60.544474" lon="-137.23844"><ele>1827.091</ele><time>2026-07-12T20:33:15Z</time></trkpt><trkpt lat="60.544474" lon="-137.238439"><ele>1826.846</ele><time>2026-07-12T20:33:16Z</time></trkpt><trkpt lat="60.544469" lon="-137.23845"><ele>1828.273</ele><time>2026-07-12T20:33:23Z</time></trkpt><trkpt lat="60.544469" lon="-137.238449"><ele>1828.460</ele><time>2026-07-12T20:33:24Z</time></trkpt><trkpt lat="60.544476" lon="-137.238456"><ele>1829.276</ele><time>2026-07-12T20:33:32Z</time></trkpt><trkpt lat="60.544468" lon="-137.238464"><ele>1828.081</ele><time>2026-07-12T20:33:37Z</time></trkpt><trkpt lat="60.544468" lon="-137.238464"><ele>1828.065</ele><time>2026-07-12T20:33:44Z</time></trkpt><trkpt lat="60.544468" lon="-137.238464"><ele>1828.010</ele><time>2026-07-12T20:33:46Z</time></trkpt><trkpt lat="60.544471" lon="-137.238474"><ele>1827.294</ele><time>2026-07-12T20:33:48Z</time></trkpt><trkpt lat="60.544468" lon="-137.238472"><ele>1827.816</ele><time>2026-07-12T20:33:53Z</time></trkpt><trkpt lat="60.544465" lon="-137.238468"><ele>1828.276</ele><time>2026-07-12T20:34:00Z</time></trkpt><trkpt lat="60.544465" lon="-137.238466"><ele>1827.013</ele><time>2026-07-12T20:34:04Z</time></trkpt><trkpt lat="60.544468" lon="-137.238464"><ele>1829.409</ele><time>2026-07-12T20:34:09Z</time></trkpt><trkpt lat="60.544468" lon="-137.238464"><ele>1829.443</ele><time>2026-07-12T20:34:11Z</time></trkpt><trkpt lat="60.544468" lon="-137.238464"><ele>1829.418</ele><time>2026-07-12T20:34:17Z</time></trkpt><trkpt lat="60.544468" lon="-137.238464"><ele>1829.485</ele><time>2026-07-12T20:34:19Z</time></trkpt><trkpt lat="60.544458" lon="-137.238464"><ele>1827.642</ele><time>2026-07-12T20:34:25Z</time></trkpt><trkpt lat="60.544458" lon="-137.238464"><ele>1827.668</ele><time>2026-07-12T20:34:26Z</time></trkpt><trkpt lat="60.544458" lon="-137.238464"><ele>1827.693</ele><time>2026-07-12T20:34:28Z</time></trkpt><trkpt lat="60.544464" lon="-137.238476"><ele>1826.657</ele><time>2026-07-12T20:34:36Z</time></trkpt><trkpt lat="60.544468" lon="-137.238464"><ele>1826.452</ele><time>2026-07-12T20:34:50Z</time></trkpt><trkpt lat="60.544468" lon="-137.238464"><ele>1826.456</ele><time>2026-07-12T20:35:09Z</time></trkpt><trkpt lat="60.544468" lon="-137.238464"><ele>1826.442</ele><time>2026-07-12T20:35:11Z</time></trkpt><trkpt lat="60.544468" lon="-137.238464"><ele>1826.422</ele><time>2026-07-12T20:35:22Z</time></trkpt><trkpt lat="60.544468" lon="-137.238464"><ele>1826.414</ele><time>2026-07-12T20:35:27Z</time></trkpt><trkpt lat="60.544468" lon="-137.238464"><ele>1826.409</ele><time>2026-07-12T20:35:37Z</time></trkpt><trkpt lat="60.544468" lon="-137.238464"><ele>1826.476</ele><time>2026-07-12T20:35:42Z</time></trkpt><trkpt lat="60.544468" lon="-137.238464"><ele>1826.411</ele><time>2026-07-12T20:35:56Z</time></trkpt><trkpt lat="60.544468" lon="-137.238464"><ele>1826.448</ele><time>2026-07-12T20:36:00Z</time></trkpt><trkpt lat="60.544468" lon="-137.238464"><ele>1826.435</ele><time>2026-07-12T20:36:06Z</time></trkpt><trkpt lat="60.544468" lon="-137.238464"><ele>1826.461</ele><time>2026-07-12T20:36:18Z</time></trkpt><trkpt lat="60.544468" lon="-137.238464"><ele>1826.456</ele><time>2026-07-12T20:36:20Z</time></trkpt><trkpt lat="60.544468" lon="-137.238464"><ele>1826.430</ele><time>2026-07-12T20:36:26Z</time></trkpt><trkpt lat="60.544468" lon="-137.238464"><ele>1826.465</ele><time>2026-07-12T20:36:40Z</time></trkpt><trkpt lat="60.544468" lon="-137.238464"><ele>1826.429</ele><time>2026-07-12T20:36:44Z</time></trkpt><trkpt lat="60.544468" lon="-137.238464"><ele>1826.436</ele><time>2026-07-12T20:37:03Z</time></trkpt><trkpt lat="60.544468" lon="-137.238464"><ele>1826.417</ele><time>2026-07-12T20:37:04Z</time></trkpt><trkpt lat="60.544468" lon="-137.238464"><ele>1826.418</ele><time>2026-07-12T20:37:28Z</time></trkpt><trkpt lat="60.544468" lon="-137.238464"><ele>1826.409</ele><time>2026-07-12T20:37:32Z</time></trkpt><trkpt lat="60.544468" lon="-137.238464"><ele>1826.455</ele><time>2026-07-12T20:37:39Z</time></trkpt><trkpt lat="60.544468" lon="-137.238464"><ele>1826.440</ele><time>2026-07-12T20:37:41Z</time></trkpt><trkpt lat="60.544468" lon="-137.238464"><ele>1826.427</ele><time>2026-07-12T20:37:53Z</time></trkpt><trkpt lat="60.544468" lon="-137.238464"><ele>1826.454</ele><time>2026-07-12T20:37:56Z</time></trkpt><trkpt lat="60.544468" lon="-137.238464"><ele>1826.430</ele><time>2026-07-12T20:38:00Z</time></trkpt><trkpt lat="60.544468" lon="-137.238464"><ele>1826.435</ele><time>2026-07-12T20:38:06Z</time></trkpt><trkpt lat="60.544468" lon="-137.238464"><ele>1826.459</ele><time>2026-07-12T20:38:13Z</time></trkpt><trkpt lat="60.544468" lon="-137.238464"><ele>1826.494</ele><time>2026-07-12T20:38:33Z</time></trkpt><trkpt lat="60.544468" lon="-137.238464"><ele>1826.458</ele><time>2026-07-12T20:38:38Z</time></trkpt><trkpt lat="60.544468" lon="-137.238464"><ele>1826.445</ele><time>2026-07-12T20:38:47Z</time></trkpt><trkpt lat="60.544468" lon="-137.238464"><ele>1826.447</ele><time>2026-07-12T20:38:55Z</time></trkpt><trkpt lat="60.544468" lon="-137.238464"><ele>1826.411</ele><time>2026-07-12T20:38:58Z</time></trkpt><trkpt lat="60.544468" lon="-137.238464"><ele>1826.409</ele><time>2026-07-12T20:39:10Z</time></trkpt><trkpt lat="60.544468" lon="-137.238464"><ele>1826.446</ele><time>2026-07-12T20:39:15Z</time></trkpt><trkpt lat="60.544468" lon="-137.238464"><ele>1826.461</ele><time>2026-07-12T20:39:27Z</time></trkpt><trkpt lat="60.544468" lon="-137.238464"><ele>1826.498</ele><time>2026-07-12T20:39:39Z</time></trkpt><trkpt lat="60.544468" lon="-137.238464"><ele>1826.485</ele><time>2026-07-12T20:39:52Z</time></trkpt><trkpt lat="60.544468" lon="-137.238464"><ele>1826.481</ele><time>2026-07-12T20:39:56Z</time></trkpt><trkpt lat="60.544465" lon="-137.238465"><ele>1824.096</ele><time>2026-07-12T20:40:17Z</time></trkpt><trkpt lat="60.544465" lon="-137.238465"><ele>1824.010</ele><time>2026-07-12T20:40:19Z</time></trkpt><trkpt lat="60.544468" lon="-137.238464"><ele>1824.095</ele><time>2026-07-12T20:40:20Z</time></trkpt><trkpt lat="60.544467" lon="-137.238469"><ele>1822.879</ele><time>2026-07-12T20:44:57Z</time></trkpt><trkpt lat="60.544467" lon="-137.238471"><ele>1822.636</ele><time>2026-07-12T20:44:58Z</time></trkpt><trkpt lat="60.544456" lon="-137.238466"><ele>1822.017</ele><time>2026-07-12T20:45:04Z</time></trkpt><trkpt lat="60.544452" lon="-137.238458"><ele>1821.618</ele><time>2026-07-12T20:45:07Z</time></trkpt><trkpt lat="60.544439" lon="-137.238453"><ele>1821.809</ele><time>2026-07-12T20:45:15Z</time></trkpt><trkpt lat="60.544422" lon="-137.238415"><ele>1820.895</ele><time>2026-07-12T20:45:22Z</time></trkpt><trkpt lat="60.544419" lon="-137.23841"><ele>1820.670</ele><time>2026-07-12T20:45:23Z</time></trkpt><trkpt lat="60.544404" lon="-137.238395"><ele>1819.697</ele><time>2026-07-12T20:45:28Z</time></trkpt><trkpt lat="60.544397" lon="-137.23838"><ele>1818.474</ele><time>2026-07-12T20:45:32Z</time></trkpt><trkpt lat="60.544418" lon="-137.238335"><ele>1817.420</ele><time>2026-07-12T20:45:39Z</time></trkpt><trkpt lat="60.544428" lon="-137.238318"><ele>1816.485</ele><time>2026-07-12T20:45:41Z</time></trkpt><trkpt lat="60.544432" lon="-137.238312"><ele>1815.879</ele><time>2026-07-12T20:45:42Z</time></trkpt><trkpt lat="60.544444" lon="-137.238283"><ele>1814.874</ele><time>2026-07-12T20:45:45Z</time></trkpt><trkpt lat="60.544467" lon="-137.238272"><ele>1814.248</ele><time>2026-07-12T20:45:49Z</time></trkpt><trkpt lat="60.544473" lon="-137.238262"><ele>1814.415</ele><time>2026-07-12T20:45:56Z</time></trkpt><trkpt lat="60.544475" lon="-137.238241"><ele>1813.665</ele><time>2026-07-12T20:46:00Z</time></trkpt><trkpt lat="60.544496" lon="-137.238221"><ele>1812.611</ele><time>2026-07-12T20:46:03Z</time></trkpt><trkpt lat="60.544495" lon="-137.238217"><ele>1812.209</ele><time>2026-07-12T20:46:04Z</time></trkpt><trkpt lat="60.544495" lon="-137.238187"><ele>1811.443</ele><time>2026-07-12T20:46:07Z</time></trkpt><trkpt lat="60.544519" lon="-137.238161"><ele>1810.838</ele><time>2026-07-12T20:46:10Z</time></trkpt><trkpt lat="60.544535" lon="-137.238159"><ele>1810.235</ele><time>2026-07-12T20:46:12Z</time></trkpt><trkpt lat="60.544559" lon="-137.238167"><ele>1809.222</ele><time>2026-07-12T20:46:16Z</time></trkpt><trkpt lat="60.544572" lon="-137.238157"><ele>1808.638</ele><time>2026-07-12T20:46:18Z</time></trkpt><trkpt lat="60.544586" lon="-137.238164"><ele>1808.073</ele><time>2026-07-12T20:46:20Z</time></trkpt><trkpt lat="60.544605" lon="-137.23816"><ele>1807.067</ele><time>2026-07-12T20:46:23Z</time></trkpt><trkpt lat="60.544623" lon="-137.238158"><ele>1806.252</ele><time>2026-07-12T20:46:26Z</time></trkpt><trkpt lat="60.544648" lon="-137.238157"><ele>1805.846</ele><time>2026-07-12T20:46:30Z</time></trkpt><trkpt lat="60.544667" lon="-137.238159"><ele>1804.299</ele><time>2026-07-12T20:46:33Z</time></trkpt><trkpt lat="60.54467" lon="-137.238155"><ele>1803.807</ele><time>2026-07-12T20:46:34Z</time></trkpt><trkpt lat="60.544672" lon="-137.238139"><ele>1803.227</ele><time>2026-07-12T20:46:39Z</time></trkpt><trkpt lat="60.544675" lon="-137.238135"><ele>1803.209</ele><time>2026-07-12T20:46:42Z</time></trkpt><trkpt lat="60.544685" lon="-137.238146"><ele>1803.031</ele><time>2026-07-12T20:46:49Z</time></trkpt><trkpt lat="60.544693" lon="-137.238148"><ele>1802.036</ele><time>2026-07-12T20:46:54Z</time></trkpt><trkpt lat="60.544696" lon="-137.238131"><ele>1801.893</ele><time>2026-07-12T20:46:56Z</time></trkpt><trkpt lat="60.544716" lon="-137.23813"><ele>1800.860</ele><time>2026-07-12T20:47:01Z</time></trkpt><trkpt lat="60.544733" lon="-137.238074"><ele>1799.616</ele><time>2026-07-12T20:47:05Z</time></trkpt><trkpt lat="60.544741" lon="-137.23807"><ele>1799.061</ele><time>2026-07-12T20:47:07Z</time></trkpt><trkpt lat="60.544759" lon="-137.23807"><ele>1798.425</ele><time>2026-07-12T20:47:09Z</time></trkpt><trkpt lat="60.544765" lon="-137.238049"><ele>1797.640</ele><time>2026-07-12T20:47:11Z</time></trkpt><trkpt lat="60.544765" lon="-137.238037"><ele>1797.484</ele><time>2026-07-12T20:47:12Z</time></trkpt><trkpt lat="60.544757" lon="-137.238029"><ele>1796.676</ele><time>2026-07-12T20:47:17Z</time></trkpt><trkpt lat="60.544758" lon="-137.238014"><ele>1796.290</ele><time>2026-07-12T20:47:19Z</time></trkpt><trkpt lat="60.544788" lon="-137.238009"><ele>1795.019</ele><time>2026-07-12T20:47:24Z</time></trkpt><trkpt lat="60.544796" lon="-137.238011"><ele>1795.009</ele><time>2026-07-12T20:47:25Z</time></trkpt><trkpt lat="60.544814" lon="-137.237991"><ele>1794.479</ele><time>2026-07-12T20:47:28Z</time></trkpt><trkpt lat="60.544808" lon="-137.237966"><ele>1793.824</ele><time>2026-07-12T20:47:30Z</time></trkpt><trkpt lat="60.544804" lon="-137.237961"><ele>1792.881</ele><time>2026-07-12T20:47:34Z</time></trkpt><trkpt lat="60.544799" lon="-137.237964"><ele>1793.268</ele><time>2026-07-12T20:47:37Z</time></trkpt><trkpt lat="60.544804" lon="-137.237961"><ele>1792.894</ele><time>2026-07-12T20:47:42Z</time></trkpt><trkpt lat="60.54481" lon="-137.237922"><ele>1792.059</ele><time>2026-07-12T20:47:45Z</time></trkpt><trkpt lat="60.544817" lon="-137.237917"><ele>1791.823</ele><time>2026-07-12T20:47:46Z</time></trkpt><trkpt lat="60.544842" lon="-137.237885"><ele>1790.898</ele><time>2026-07-12T20:47:50Z</time></trkpt><trkpt lat="60.544856" lon="-137.237878"><ele>1790.282</ele><time>2026-07-12T20:47:52Z</time></trkpt><trkpt lat="60.544865" lon="-137.237863"><ele>1789.433</ele><time>2026-07-12T20:47:54Z</time></trkpt><trkpt lat="60.54488" lon="-137.237835"><ele>1788.423</ele><time>2026-07-12T20:47:57Z</time></trkpt><trkpt lat="60.544893" lon="-137.237816"><ele>1788.015</ele><time>2026-07-12T20:47:59Z</time></trkpt><trkpt lat="60.544908" lon="-137.237803"><ele>1787.009</ele><time>2026-07-12T20:48:02Z</time></trkpt><trkpt lat="60.544907" lon="-137.237774"><ele>1786.275</ele><time>2026-07-12T20:48:06Z</time></trkpt><trkpt lat="60.544893" lon="-137.237744"><ele>1786.020</ele><time>2026-07-12T20:48:12Z</time></trkpt><trkpt lat="60.544891" lon="-137.23774"><ele>1785.827</ele><time>2026-07-12T20:48:13Z</time></trkpt><trkpt lat="60.544888" lon="-137.237729"><ele>1785.014</ele><time>2026-07-12T20:48:16Z</time></trkpt><trkpt lat="60.544878" lon="-137.237708"><ele>1784.640</ele><time>2026-07-12T20:48:22Z</time></trkpt><trkpt lat="60.544864" lon="-137.237693"><ele>1783.835</ele><time>2026-07-12T20:48:30Z</time></trkpt><trkpt lat="60.544854" lon="-137.237683"><ele>1783.239</ele><time>2026-07-12T20:48:32Z</time></trkpt><trkpt lat="60.544852" lon="-137.237682"><ele>1783.884</ele><time>2026-07-12T20:48:40Z</time></trkpt><trkpt lat="60.544869" lon="-137.237613"><ele>1782.438</ele><time>2026-07-12T20:48:46Z</time></trkpt><trkpt lat="60.544877" lon="-137.237607"><ele>1782.277</ele><time>2026-07-12T20:48:47Z</time></trkpt><trkpt lat="60.544906" lon="-137.237582"><ele>1781.061</ele><time>2026-07-12T20:48:50Z</time></trkpt><trkpt lat="60.544926" lon="-137.23757"><ele>1779.627</ele><time>2026-07-12T20:48:52Z</time></trkpt><trkpt lat="60.544947" lon="-137.237559"><ele>1778.409</ele><time>2026-07-12T20:48:54Z</time></trkpt><trkpt lat="60.544963" lon="-137.237551"><ele>1778.039</ele><time>2026-07-12T20:48:56Z</time></trkpt><trkpt lat="60.544991" lon="-137.237534"><ele>1777.464</ele><time>2026-07-12T20:49:00Z</time></trkpt><trkpt lat="60.545027" lon="-137.237513"><ele>1776.491</ele><time>2026-07-12T20:49:05Z</time></trkpt><trkpt lat="60.545044" lon="-137.237494"><ele>1775.078</ele><time>2026-07-12T20:49:11Z</time></trkpt><trkpt lat="60.545044" lon="-137.23748"><ele>1773.224</ele><time>2026-07-12T20:49:13Z</time></trkpt><trkpt lat="60.545045" lon="-137.23747"><ele>1773.289</ele><time>2026-07-12T20:49:14Z</time></trkpt><trkpt lat="60.545052" lon="-137.237421"><ele>1772.493</ele><time>2026-07-12T20:49:17Z</time></trkpt><trkpt lat="60.545052" lon="-137.237421"><ele>1772.458</ele><time>2026-07-12T20:49:18Z</time></trkpt><trkpt lat="60.545052" lon="-137.237421"><ele>1772.472</ele><time>2026-07-12T20:49:20Z</time></trkpt><trkpt lat="60.545057" lon="-137.237421"><ele>1771.263</ele><time>2026-07-12T20:49:26Z</time></trkpt><trkpt lat="60.545069" lon="-137.237411"><ele>1771.244</ele><time>2026-07-12T20:49:28Z</time></trkpt><trkpt lat="60.545075" lon="-137.237391"><ele>1771.018</ele><time>2026-07-12T20:49:30Z</time></trkpt><trkpt lat="60.545096" lon="-137.237368"><ele>1769.809</ele><time>2026-07-12T20:49:34Z</time></trkpt><trkpt lat="60.545103" lon="-137.237359"><ele>1769.628</ele><time>2026-07-12T20:49:35Z</time></trkpt><trkpt lat="60.545117" lon="-137.237345"><ele>1768.863</ele><time>2026-07-12T20:49:38Z</time></trkpt><trkpt lat="60.545138" lon="-137.237326"><ele>1767.680</ele><time>2026-07-12T20:49:41Z</time></trkpt><trkpt lat="60.545149" lon="-137.237316"><ele>1767.037</ele><time>2026-07-12T20:49:43Z</time></trkpt><trkpt lat="60.545157" lon="-137.237307"><ele>1766.663</ele><time>2026-07-12T20:49:44Z</time></trkpt><trkpt lat="60.54518" lon="-137.237292"><ele>1765.418</ele><time>2026-07-12T20:49:48Z</time></trkpt><trkpt lat="60.545192" lon="-137.237279"><ele>1765.212</ele><time>2026-07-12T20:49:50Z</time></trkpt><trkpt lat="60.545211" lon="-137.237222"><ele>1763.037</ele><time>2026-07-12T20:49:57Z</time></trkpt><trkpt lat="60.545206" lon="-137.23722"><ele>1761.651</ele><time>2026-07-12T20:49:58Z</time></trkpt><trkpt lat="60.545181" lon="-137.237198"><ele>1761.676</ele><time>2026-07-12T20:50:06Z</time></trkpt><trkpt lat="60.545172" lon="-137.237199"><ele>1761.290</ele><time>2026-07-12T20:50:11Z</time></trkpt><trkpt lat="60.54517" lon="-137.237199"><ele>1761.219</ele><time>2026-07-12T20:50:13Z</time></trkpt><trkpt lat="60.545171" lon="-137.23718"><ele>1760.609</ele><time>2026-07-12T20:50:16Z</time></trkpt><trkpt lat="60.54517" lon="-137.237173"><ele>1761.039</ele><time>2026-07-12T20:50:21Z</time></trkpt><trkpt lat="60.545169" lon="-137.23717"><ele>1759.454</ele><time>2026-07-12T20:50:29Z</time></trkpt><trkpt lat="60.54518" lon="-137.237141"><ele>1759.251</ele><time>2026-07-12T20:50:33Z</time></trkpt><trkpt lat="60.545213" lon="-137.23711"><ele>1758.498</ele><time>2026-07-12T20:50:36Z</time></trkpt><trkpt lat="60.545227" lon="-137.237083"><ele>1757.694</ele><time>2026-07-12T20:50:39Z</time></trkpt><trkpt lat="60.545226" lon="-137.237073"><ele>1757.419</ele><time>2026-07-12T20:50:40Z</time></trkpt><trkpt lat="60.545253" lon="-137.23702"><ele>1756.463</ele><time>2026-07-12T20:50:47Z</time></trkpt><trkpt lat="60.5453" lon="-137.236979"><ele>1755.218</ele><time>2026-07-12T20:50:54Z</time></trkpt><trkpt lat="60.545309" lon="-137.23697"><ele>1755.082</ele><time>2026-07-12T20:50:55Z</time></trkpt><trkpt lat="60.545332" lon="-137.236942"><ele>1754.052</ele><time>2026-07-12T20:51:00Z</time></trkpt><trkpt lat="60.545342" lon="-137.236926"><ele>1753.053</ele><time>2026-07-12T20:51:03Z</time></trkpt><trkpt lat="60.545364" lon="-137.236912"><ele>1751.808</ele><time>2026-07-12T20:51:07Z</time></trkpt><trkpt lat="60.545371" lon="-137.236893"><ele>1751.009</ele><time>2026-07-12T20:51:09Z</time></trkpt><trkpt lat="60.545374" lon="-137.236893"><ele>1750.697</ele><time>2026-07-12T20:51:10Z</time></trkpt><trkpt lat="60.545388" lon="-137.236879"><ele>1749.812</ele><time>2026-07-12T20:51:12Z</time></trkpt><trkpt lat="60.545392" lon="-137.236872"><ele>1749.469</ele><time>2026-07-12T20:51:13Z</time></trkpt><trkpt lat="60.5454" lon="-137.236864"><ele>1749.036</ele><time>2026-07-12T20:51:15Z</time></trkpt><trkpt lat="60.545412" lon="-137.236862"><ele>1748.492</ele><time>2026-07-12T20:51:19Z</time></trkpt><trkpt lat="60.545415" lon="-137.236862"><ele>1748.227</ele><time>2026-07-12T20:51:21Z</time></trkpt><trkpt lat="60.545424" lon="-137.236823"><ele>1747.441</ele><time>2026-07-12T20:51:27Z</time></trkpt><trkpt lat="60.545424" lon="-137.23682"><ele>1747.056</ele><time>2026-07-12T20:51:28Z</time></trkpt><trkpt lat="60.545429" lon="-137.236804"><ele>1746.060</ele><time>2026-07-12T20:51:30Z</time></trkpt><trkpt lat="60.54544" lon="-137.236794"><ele>1744.845</ele><time>2026-07-12T20:51:33Z</time></trkpt><trkpt lat="60.545446" lon="-137.236795"><ele>1744.647</ele><time>2026-07-12T20:51:34Z</time></trkpt><trkpt lat="60.545459" lon="-137.236798"><ele>1743.811</ele><time>2026-07-12T20:51:37Z</time></trkpt><trkpt lat="60.545463" lon="-137.236809"><ele>1743.209</ele><time>2026-07-12T20:51:44Z</time></trkpt><trkpt lat="60.545468" lon="-137.236803"><ele>1742.836</ele><time>2026-07-12T20:51:50Z</time></trkpt><trkpt lat="60.545471" lon="-137.236774"><ele>1742.261</ele><time>2026-07-12T20:51:54Z</time></trkpt><trkpt lat="60.545475" lon="-137.236774"><ele>1741.888</ele><time>2026-07-12T20:52:00Z</time></trkpt><trkpt lat="60.545471" lon="-137.236767"><ele>1741.845</ele><time>2026-07-12T20:52:01Z</time></trkpt><trkpt lat="60.545477" lon="-137.236759"><ele>1741.861</ele><time>2026-07-12T20:52:02Z</time></trkpt><trkpt lat="60.545481" lon="-137.236741"><ele>1740.866</ele><time>2026-07-12T20:52:06Z</time></trkpt><trkpt lat="60.545488" lon="-137.236741"><ele>1740.650</ele><time>2026-07-12T20:52:07Z</time></trkpt><trkpt lat="60.545529" lon="-137.236726"><ele>1739.675</ele><time>2026-07-12T20:52:12Z</time></trkpt><trkpt lat="60.545528" lon="-137.236661"><ele>1738.649</ele><time>2026-07-12T20:52:17Z</time></trkpt><trkpt lat="60.545525" lon="-137.23665"><ele>1738.418</ele><time>2026-07-12T20:52:19Z</time></trkpt><trkpt lat="60.54551" lon="-137.236617"><ele>1737.898</ele><time>2026-07-12T20:52:24Z</time></trkpt><trkpt lat="60.545514" lon="-137.236591"><ele>1737.417</ele><time>2026-07-12T20:52:27Z</time></trkpt><trkpt lat="60.545522" lon="-137.236579"><ele>1737.609</ele><time>2026-07-12T20:52:29Z</time></trkpt><trkpt lat="60.545525" lon="-137.236565"><ele>1737.853</ele><time>2026-07-12T20:52:30Z</time></trkpt><trkpt lat="60.545527" lon="-137.236559"><ele>1737.828</ele><time>2026-07-12T20:52:31Z</time></trkpt><trkpt lat="60.54553" lon="-137.236551"><ele>1737.825</ele><time>2026-07-12T20:52:32Z</time></trkpt><trkpt lat="60.545548" lon="-137.236539"><ele>1736.272</ele><time>2026-07-12T20:52:36Z</time></trkpt><trkpt lat="60.545557" lon="-137.236515"><ele>1735.428</ele><time>2026-07-12T20:52:39Z</time></trkpt><trkpt lat="60.545571" lon="-137.236479"><ele>1735.083</ele><time>2026-07-12T20:52:43Z</time></trkpt><trkpt lat="60.54558" lon="-137.236477"><ele>1734.637</ele><time>2026-07-12T20:52:45Z</time></trkpt><trkpt lat="60.545593" lon="-137.236474"><ele>1734.022</ele><time>2026-07-12T20:52:47Z</time></trkpt><trkpt lat="60.545603" lon="-137.236455"><ele>1732.896</ele><time>2026-07-12T20:52:51Z</time></trkpt><trkpt lat="60.545589" lon="-137.23641"><ele>1731.827</ele><time>2026-07-12T20:52:55Z</time></trkpt><trkpt lat="60.545592" lon="-137.236377"><ele>1731.068</ele><time>2026-07-12T20:52:58Z</time></trkpt><trkpt lat="60.545596" lon="-137.236374"><ele>1730.614</ele><time>2026-07-12T20:52:59Z</time></trkpt><trkpt lat="60.545619" lon="-137.236372"><ele>1729.409</ele><time>2026-07-12T20:53:02Z</time></trkpt><trkpt lat="60.545631" lon="-137.236357"><ele>1728.814</ele><time>2026-07-12T20:53:04Z</time></trkpt><trkpt lat="60.545628" lon="-137.236315"><ele>1728.279</ele><time>2026-07-12T20:53:07Z</time></trkpt><trkpt lat="60.545641" lon="-137.236281"><ele>1727.286</ele><time>2026-07-12T20:53:10Z</time></trkpt><trkpt lat="60.545654" lon="-137.236276"><ele>1726.843</ele><time>2026-07-12T20:53:11Z</time></trkpt><trkpt lat="60.545662" lon="-137.23626"><ele>1726.629</ele><time>2026-07-12T20:53:12Z</time></trkpt><trkpt lat="60.545676" lon="-137.236225"><ele>1725.814</ele><time>2026-07-12T20:53:15Z</time></trkpt><trkpt lat="60.545698" lon="-137.236188"><ele>1724.428</ele><time>2026-07-12T20:53:18Z</time></trkpt><trkpt lat="60.545712" lon="-137.236173"><ele>1723.413</ele><time>2026-07-12T20:53:20Z</time></trkpt><trkpt lat="60.545734" lon="-137.236119"><ele>1723.037</ele><time>2026-07-12T20:53:27Z</time></trkpt><trkpt lat="60.545743" lon="-137.2361"><ele>1722.263</ele><time>2026-07-12T20:53:32Z</time></trkpt><trkpt lat="60.545741" lon="-137.236103"><ele>1721.844</ele><time>2026-07-12T20:53:35Z</time></trkpt><trkpt lat="60.545736" lon="-137.236104"><ele>1721.818</ele><time>2026-07-12T20:53:44Z</time></trkpt><trkpt lat="60.545756" lon="-137.236095"><ele>1721.009</ele><time>2026-07-12T20:53:46Z</time></trkpt><trkpt lat="60.545764" lon="-137.236075"><ele>1720.698</ele><time>2026-07-12T20:53:47Z</time></trkpt><trkpt lat="60.545776" lon="-137.236066"><ele>1719.623</ele><time>2026-07-12T20:53:49Z</time></trkpt><trkpt lat="60.545782" lon="-137.23608"><ele>1719.040</ele><time>2026-07-12T20:53:51Z</time></trkpt><trkpt lat="60.545784" lon="-137.236094"><ele>1718.667</ele><time>2026-07-12T20:53:52Z</time></trkpt><trkpt lat="60.545811" lon="-137.23608"><ele>1717.433</ele><time>2026-07-12T20:53:55Z</time></trkpt><trkpt lat="60.54582" lon="-137.236063"><ele>1717.088</ele><time>2026-07-12T20:53:56Z</time></trkpt><trkpt lat="60.54584" lon="-137.236019"><ele>1716.072</ele><time>2026-07-12T20:53:58Z</time></trkpt><trkpt lat="60.545856" lon="-137.235978"><ele>1714.637</ele><time>2026-07-12T20:54:01Z</time></trkpt><trkpt lat="60.545859" lon="-137.235981"><ele>1714.291</ele><time>2026-07-12T20:54:02Z</time></trkpt><trkpt lat="60.545864" lon="-137.235987"><ele>1713.887</ele><time>2026-07-12T20:54:03Z</time></trkpt><trkpt lat="60.545868" lon="-137.235993"><ele>1713.442</ele><time>2026-07-12T20:54:04Z</time></trkpt><trkpt lat="60.545881" lon="-137.235988"><ele>1712.426</ele><time>2026-07-12T20:54:10Z</time></trkpt><trkpt lat="60.545892" lon="-137.235994"><ele>1711.209</ele><time>2026-07-12T20:54:13Z</time></trkpt><trkpt lat="60.54592" lon="-137.236014"><ele>1710.250</ele><time>2026-07-12T20:54:16Z</time></trkpt><trkpt lat="60.54593" lon="-137.236009"><ele>1710.085</ele><time>2026-07-12T20:54:17Z</time></trkpt><trkpt lat="60.545945" lon="-137.236042"><ele>1708.882</ele><time>2026-07-12T20:54:21Z</time></trkpt><trkpt lat="60.545962" lon="-137.236101"><ele>1707.469</ele><time>2026-07-12T20:54:25Z</time></trkpt><trkpt lat="60.54599" lon="-137.236116"><ele>1706.415</ele><time>2026-07-12T20:54:28Z</time></trkpt><trkpt lat="60.546012" lon="-137.23609"><ele>1705.280</ele><time>2026-07-12T20:54:31Z</time></trkpt><trkpt lat="60.54602" lon="-137.236101"><ele>1704.854</ele><time>2026-07-12T20:54:33Z</time></trkpt><trkpt lat="60.546023" lon="-137.236111"><ele>1704.669</ele><time>2026-07-12T20:54:35Z</time></trkpt><trkpt lat="60.54604" lon="-137.236104"><ele>1704.043</ele><time>2026-07-12T20:54:38Z</time></trkpt><trkpt lat="60.546055" lon="-137.236102"><ele>1703.264</ele><time>2026-07-12T20:54:41Z</time></trkpt><trkpt lat="60.546063" lon="-137.236107"><ele>1702.806</ele><time>2026-07-12T20:54:42Z</time></trkpt><trkpt lat="60.546081" lon="-137.236143"><ele>1701.616</ele><time>2026-07-12T20:54:45Z</time></trkpt><trkpt lat="60.546091" lon="-137.236151"><ele>1701.009</ele><time>2026-07-12T20:54:47Z</time></trkpt><trkpt lat="60.546106" lon="-137.236165"><ele>1700.438</ele><time>2026-07-12T20:54:49Z</time></trkpt><trkpt lat="60.546124" lon="-137.236197"><ele>1699.673</ele><time>2026-07-12T20:54:55Z</time></trkpt><trkpt lat="60.546112" lon="-137.236189"><ele>1700.250</ele><time>2026-07-12T20:55:06Z</time></trkpt><trkpt lat="60.546129" lon="-137.236221"><ele>1700.857</ele><time>2026-07-12T20:55:10Z</time></trkpt><trkpt lat="60.546199" lon="-137.236221"><ele>1697.223</ele><time>2026-07-12T20:55:16Z</time></trkpt><trkpt lat="60.546238" lon="-137.236235"><ele>1696.478</ele><time>2026-07-12T20:55:21Z</time></trkpt><trkpt lat="60.546234" lon="-137.236217"><ele>1696.232</ele><time>2026-07-12T20:55:30Z</time></trkpt><trkpt lat="60.546234" lon="-137.236217"><ele>1696.247</ele><time>2026-07-12T20:55:36Z</time></trkpt><trkpt lat="60.546234" lon="-137.236217"><ele>1696.221</ele><time>2026-07-12T20:55:45Z</time></trkpt><trkpt lat="60.546234" lon="-137.236217"><ele>1696.213</ele><time>2026-07-12T20:55:55Z</time></trkpt><trkpt lat="60.546229" lon="-137.236184"><ele>1695.243</ele><time>2026-07-12T20:55:59Z</time></trkpt><trkpt lat="60.546235" lon="-137.236169"><ele>1695.007</ele><time>2026-07-12T20:56:00Z</time></trkpt><trkpt lat="60.546254" lon="-137.236157"><ele>1693.809</ele><time>2026-07-12T20:56:03Z</time></trkpt><trkpt lat="60.546261" lon="-137.236158"><ele>1693.463</ele><time>2026-07-12T20:56:04Z</time></trkpt><trkpt lat="60.546271" lon="-137.236167"><ele>1692.838</ele><time>2026-07-12T20:56:06Z</time></trkpt><trkpt lat="60.546282" lon="-137.236137"><ele>1691.685</ele><time>2026-07-12T20:56:10Z</time></trkpt><trkpt lat="60.546285" lon="-137.236134"><ele>1691.222</ele><time>2026-07-12T20:56:11Z</time></trkpt><trkpt lat="60.546299" lon="-137.236142"><ele>1690.468</ele><time>2026-07-12T20:56:14Z</time></trkpt><trkpt lat="60.546298" lon="-137.236122"><ele>1690.023</ele><time>2026-07-12T20:56:16Z</time></trkpt><trkpt lat="60.546295" lon="-137.236115"><ele>1689.627</ele><time>2026-07-12T20:56:17Z</time></trkpt><trkpt lat="60.546296" lon="-137.236117"><ele>1689.492</ele><time>2026-07-12T20:56:18Z</time></trkpt><trkpt lat="60.546302" lon="-137.236091"><ele>1688.616</ele><time>2026-07-12T20:56:26Z</time></trkpt><trkpt lat="60.546305" lon="-137.236075"><ele>1688.258</ele><time>2026-07-12T20:56:27Z</time></trkpt><trkpt lat="60.546307" lon="-137.236032"><ele>1687.052</ele><time>2026-07-12T20:56:30Z</time></trkpt><trkpt lat="60.54631" lon="-137.236009"><ele>1686.417</ele><time>2026-07-12T20:56:32Z</time></trkpt><trkpt lat="60.546309" lon="-137.236009"><ele>1686.009</ele><time>2026-07-12T20:56:33Z</time></trkpt><trkpt lat="60.546306" lon="-137.236014"><ele>1686.067</ele><time>2026-07-12T20:56:41Z</time></trkpt><trkpt lat="60.546307" lon="-137.236012"><ele>1685.692</ele><time>2026-07-12T20:56:51Z</time></trkpt><trkpt lat="60.546307" lon="-137.236012"><ele>1685.639</ele><time>2026-07-12T20:56:57Z</time></trkpt><trkpt lat="60.546304" lon="-137.235991"><ele>1685.046</ele><time>2026-07-12T20:57:01Z</time></trkpt><trkpt lat="60.546308" lon="-137.235972"><ele>1684.882</ele><time>2026-07-12T20:57:02Z</time></trkpt><trkpt lat="60.546332" lon="-137.235923"><ele>1683.287</ele><time>2026-07-12T20:57:05Z</time></trkpt><trkpt lat="60.546339" lon="-137.235918"><ele>1682.641</ele><time>2026-07-12T20:57:06Z</time></trkpt><trkpt lat="60.546348" lon="-137.235909"><ele>1681.836</ele><time>2026-07-12T20:57:07Z</time></trkpt><trkpt lat="60.546364" lon="-137.235886"><ele>1680.430</ele><time>2026-07-12T20:57:09Z</time></trkpt><trkpt lat="60.546373" lon="-137.235853"><ele>1679.059</ele><time>2026-07-12T20:57:11Z</time></trkpt><trkpt lat="60.546381" lon="-137.23583"><ele>1678.403</ele><time>2026-07-12T20:57:12Z</time></trkpt><trkpt lat="60.546385" lon="-137.235808"><ele>1677.623</ele><time>2026-07-12T20:57:13Z</time></trkpt><trkpt lat="60.546394" lon="-137.235764"><ele>1676.209</ele><time>2026-07-12T20:57:15Z</time></trkpt><trkpt lat="60.546404" lon="-137.23573"><ele>1675.057</ele><time>2026-07-12T20:57:17Z</time></trkpt><trkpt lat="60.546415" lon="-137.235698"><ele>1673.682</ele><time>2026-07-12T20:57:19Z</time></trkpt><trkpt lat="60.546432" lon="-137.235652"><ele>1672.439</ele><time>2026-07-12T20:57:21Z</time></trkpt><trkpt lat="60.546435" lon="-137.235649"><ele>1671.426</ele><time>2026-07-12T20:57:23Z</time></trkpt><trkpt lat="60.54644" lon="-137.23566"><ele>1670.882</ele><time>2026-07-12T20:57:24Z</time></trkpt><trkpt lat="60.546447" lon="-137.235666"><ele>1670.457</ele><time>2026-07-12T20:57:25Z</time></trkpt><trkpt lat="60.546469" lon="-137.235664"><ele>1669.451</ele><time>2026-07-12T20:57:27Z</time></trkpt><trkpt lat="60.546482" lon="-137.235655"><ele>1668.496</ele><time>2026-07-12T20:57:29Z</time></trkpt><trkpt lat="60.546485" lon="-137.235663"><ele>1668.070</ele><time>2026-07-12T20:57:31Z</time></trkpt><trkpt lat="60.546518" lon="-137.23567"><ele>1667.436</ele><time>2026-07-12T20:57:36Z</time></trkpt><trkpt lat="60.546526" lon="-137.235675"><ele>1667.017</ele><time>2026-07-12T20:57:37Z</time></trkpt><trkpt lat="60.546542" lon="-137.23569"><ele>1666.018</ele><time>2026-07-12T20:57:40Z</time></trkpt><trkpt lat="60.546578" lon="-137.235708"><ele>1665.009</ele><time>2026-07-12T20:57:45Z</time></trkpt><trkpt lat="60.546593" lon="-137.235732"><ele>1664.665</ele><time>2026-07-12T20:57:47Z</time></trkpt><trkpt lat="60.546613" lon="-137.235738"><ele>1664.050</ele><time>2026-07-12T20:57:50Z</time></trkpt><trkpt lat="60.54662" lon="-137.235722"><ele>1663.867</ele><time>2026-07-12T20:57:51Z</time></trkpt><trkpt lat="60.546643" lon="-137.235703"><ele>1663.614</ele><time>2026-07-12T20:57:54Z</time></trkpt><trkpt lat="60.546664" lon="-137.235705"><ele>1662.890</ele><time>2026-07-12T20:57:58Z</time></trkpt><trkpt lat="60.546672" lon="-137.235697"><ele>1661.895</ele><time>2026-07-12T20:58:00Z</time></trkpt><trkpt lat="60.546681" lon="-137.235688"><ele>1661.429</ele><time>2026-07-12T20:58:01Z</time></trkpt><trkpt lat="60.546709" lon="-137.23567"><ele>1660.014</ele><time>2026-07-12T20:58:04Z</time></trkpt><trkpt lat="60.54673" lon="-137.23567"><ele>1658.698</ele><time>2026-07-12T20:58:07Z</time></trkpt><trkpt lat="60.546734" lon="-137.235683"><ele>1658.046</ele><time>2026-07-12T20:58:08Z</time></trkpt><trkpt lat="60.546744" lon="-137.235693"><ele>1657.488</ele><time>2026-07-12T20:58:10Z</time></trkpt><trkpt lat="60.546777" lon="-137.235681"><ele>1656.216</ele><time>2026-07-12T20:58:15Z</time></trkpt><trkpt lat="60.546779" lon="-137.235675"><ele>1656.009</ele><time>2026-07-12T20:58:16Z</time></trkpt><trkpt lat="60.5468" lon="-137.235662"><ele>1655.296</ele><time>2026-07-12T20:58:20Z</time></trkpt><trkpt lat="60.546824" lon="-137.235655"><ele>1653.841</ele><time>2026-07-12T20:58:23Z</time></trkpt><trkpt lat="60.546824" lon="-137.235654"><ele>1653.278</ele><time>2026-07-12T20:58:24Z</time></trkpt><trkpt lat="60.546829" lon="-137.23566"><ele>1652.455</ele><time>2026-07-12T20:58:26Z</time></trkpt><trkpt lat="60.546855" lon="-137.235664"><ele>1651.861</ele><time>2026-07-12T20:58:32Z</time></trkpt><trkpt lat="60.546867" lon="-137.235666"><ele>1651.456</ele><time>2026-07-12T20:58:36Z</time></trkpt><trkpt lat="60.546864" lon="-137.235672"><ele>1651.020</ele><time>2026-07-12T20:58:39Z</time></trkpt><trkpt lat="60.546881" lon="-137.235678"><ele>1650.215</ele><time>2026-07-12T20:58:46Z</time></trkpt><trkpt lat="60.546887" lon="-137.235666"><ele>1650.039</ele><time>2026-07-12T20:58:47Z</time></trkpt><trkpt lat="60.546888" lon="-137.235644"><ele>1649.219</ele><time>2026-07-12T20:58:49Z</time></trkpt><trkpt lat="60.546886" lon="-137.235597"><ele>1648.409</ele><time>2026-07-12T20:58:53Z</time></trkpt><trkpt lat="60.546885" lon="-137.235582"><ele>1648.019</ele><time>2026-07-12T20:58:54Z</time></trkpt><trkpt lat="60.546912" lon="-137.235556"><ele>1646.809</ele><time>2026-07-12T20:58:57Z</time></trkpt><trkpt lat="60.546926" lon="-137.23556"><ele>1645.833</ele><time>2026-07-12T20:58:59Z</time></trkpt><trkpt lat="60.546932" lon="-137.235562"><ele>1645.458</ele><time>2026-07-12T20:59:00Z</time></trkpt><trkpt lat="60.546955" lon="-137.235557"><ele>1644.425</ele><time>2026-07-12T20:59:03Z</time></trkpt><trkpt lat="60.546976" lon="-137.235538"><ele>1643.262</ele><time>2026-07-12T20:59:06Z</time></trkpt><trkpt lat="60.546981" lon="-137.23555"><ele>1642.858</ele><time>2026-07-12T20:59:07Z</time></trkpt><trkpt lat="60.546994" lon="-137.235557"><ele>1642.013</ele><time>2026-07-12T20:59:09Z</time></trkpt><trkpt lat="60.547019" lon="-137.23557"><ele>1640.867</ele><time>2026-07-12T20:59:12Z</time></trkpt><trkpt lat="60.547042" lon="-137.235585"><ele>1640.052</ele><time>2026-07-12T20:59:15Z</time></trkpt><trkpt lat="60.54705" lon="-137.235588"><ele>1639.626</ele><time>2026-07-12T20:59:16Z</time></trkpt><trkpt lat="60.547072" lon="-137.235604"><ele>1638.692</ele><time>2026-07-12T20:59:20Z</time></trkpt><trkpt lat="60.547099" lon="-137.235627"><ele>1638.073</ele><time>2026-07-12T20:59:24Z</time></trkpt><trkpt lat="60.547126" lon="-137.235634"><ele>1637.420</ele><time>2026-07-12T20:59:28Z</time></trkpt><trkpt lat="60.547135" lon="-137.235606"><ele>1636.409</ele><time>2026-07-12T20:59:31Z</time></trkpt><trkpt lat="60.547139" lon="-137.235601"><ele>1636.281</ele><time>2026-07-12T20:59:33Z</time></trkpt><trkpt lat="60.547133" lon="-137.235603"><ele>1637.686</ele><time>2026-07-12T20:59:37Z</time></trkpt><trkpt lat="60.547133" lon="-137.235584"><ele>1637.083</ele><time>2026-07-12T20:59:44Z</time></trkpt><trkpt lat="60.547139" lon="-137.235565"><ele>1636.480</ele><time>2026-07-12T20:59:45Z</time></trkpt><trkpt lat="60.54715" lon="-137.235552"><ele>1635.826</ele><time>2026-07-12T20:59:46Z</time></trkpt><trkpt lat="60.547161" lon="-137.23555"><ele>1635.251</ele><time>2026-07-12T20:59:47Z</time></trkpt><trkpt lat="60.54718" lon="-137.235558"><ele>1633.895</ele><time>2026-07-12T20:59:49Z</time></trkpt><trkpt lat="60.547196" lon="-137.235564"><ele>1632.420</ele><time>2026-07-12T20:59:51Z</time></trkpt><trkpt lat="60.547204" lon="-137.235567"><ele>1632.074</ele><time>2026-07-12T20:59:52Z</time></trkpt><trkpt lat="60.547214" lon="-137.235577"><ele>1631.283</ele><time>2026-07-12T20:59:54Z</time></trkpt><trkpt lat="60.547249" lon="-137.235645"><ele>1631.025</ele><time>2026-07-12T21:00:00Z</time></trkpt><trkpt lat="60.547293" lon="-137.235659"><ele>1631.017</ele><time>2026-07-12T21:00:05Z</time></trkpt><trkpt lat="60.547285" lon="-137.235605"><ele>1630.209</ele><time>2026-07-12T21:00:10Z</time></trkpt><trkpt lat="60.547287" lon="-137.235596"><ele>1629.820</ele><time>2026-07-12T21:00:11Z</time></trkpt><trkpt lat="60.547296" lon="-137.23558"><ele>1628.215</ele><time>2026-07-12T21:00:14Z</time></trkpt><trkpt lat="60.547319" lon="-137.235594"><ele>1627.632</ele><time>2026-07-12T21:00:17Z</time></trkpt><trkpt lat="60.547395" lon="-137.235613"><ele>1626.699</ele><time>2026-07-12T21:00:24Z</time></trkpt><trkpt lat="60.547398" lon="-137.235609"><ele>1624.295</ele><time>2026-07-12T21:00:27Z</time></trkpt><trkpt lat="60.54741" lon="-137.235607"><ele>1624.010</ele><time>2026-07-12T21:00:30Z</time></trkpt><trkpt lat="60.547423" lon="-137.235612"><ele>1623.094</ele><time>2026-07-12T21:00:33Z</time></trkpt><trkpt lat="60.54745" lon="-137.235602"><ele>1621.899</ele><time>2026-07-12T21:00:36Z</time></trkpt><trkpt lat="60.547465" lon="-137.235591"><ele>1622.043</ele><time>2026-07-12T21:00:43Z</time></trkpt><trkpt lat="60.547462" lon="-137.235595"><ele>1620.845</ele><time>2026-07-12T21:00:55Z</time></trkpt><trkpt lat="60.547456" lon="-137.235601"><ele>1621.047</ele><time>2026-07-12T21:01:05Z</time></trkpt><trkpt lat="60.547454" lon="-137.235595"><ele>1620.811</ele><time>2026-07-12T21:01:06Z</time></trkpt><trkpt lat="60.54748" lon="-137.235546"><ele>1619.609</ele><time>2026-07-12T21:01:10Z</time></trkpt><trkpt lat="60.547501" lon="-137.23555"><ele>1619.026</ele><time>2026-07-12T21:01:12Z</time></trkpt><trkpt lat="60.547514" lon="-137.235552"><ele>1618.671</ele><time>2026-07-12T21:01:14Z</time></trkpt><trkpt lat="60.547549" lon="-137.235557"><ele>1617.628</ele><time>2026-07-12T21:01:19Z</time></trkpt><trkpt lat="60.547556" lon="-137.235554"><ele>1617.225</ele><time>2026-07-12T21:01:20Z</time></trkpt><trkpt lat="60.547573" lon="-137.235563"><ele>1616.231</ele><time>2026-07-12T21:01:23Z</time></trkpt><trkpt lat="60.547584" lon="-137.235588"><ele>1615.666</ele><time>2026-07-12T21:01:27Z</time></trkpt><trkpt lat="60.547593" lon="-137.235621"><ele>1615.290</ele><time>2026-07-12T21:01:31Z</time></trkpt><trkpt lat="60.547596" lon="-137.235622"><ele>1615.215</ele><time>2026-07-12T21:01:32Z</time></trkpt><trkpt lat="60.547592" lon="-137.23561"><ele>1615.089</ele><time>2026-07-12T21:01:35Z</time></trkpt><trkpt lat="60.547601" lon="-137.235603"><ele>1614.452</ele><time>2026-07-12T21:01:38Z</time></trkpt><trkpt lat="60.547612" lon="-137.23559"><ele>1614.053</ele><time>2026-07-12T21:01:40Z</time></trkpt><trkpt lat="60.547634" lon="-137.235552"><ele>1613.008</ele><time>2026-07-12T21:01:44Z</time></trkpt><trkpt lat="60.547665" lon="-137.235531"><ele>1611.809</ele><time>2026-07-12T21:01:47Z</time></trkpt><trkpt lat="60.547688" lon="-137.235518"><ele>1610.827</ele><time>2026-07-12T21:01:50Z</time></trkpt><trkpt lat="60.547726" lon="-137.235533"><ele>1610.062</ele><time>2026-07-12T21:01:54Z</time></trkpt><trkpt lat="60.547745" lon="-137.235541"><ele>1610.269</ele><time>2026-07-12T21:02:00Z</time></trkpt><trkpt lat="60.547744" lon="-137.23554"><ele>1609.826</ele><time>2026-07-12T21:02:13Z</time></trkpt><trkpt lat="60.547744" lon="-137.23554"><ele>1609.842</ele><time>2026-07-12T21:02:15Z</time></trkpt><trkpt lat="60.547744" lon="-137.23554"><ele>1609.877</ele><time>2026-07-12T21:02:18Z</time></trkpt><trkpt lat="60.547744" lon="-137.23554"><ele>1609.841</ele><time>2026-07-12T21:02:25Z</time></trkpt><trkpt lat="60.547744" lon="-137.23554"><ele>1609.886</ele><time>2026-07-12T21:02:27Z</time></trkpt><trkpt lat="60.547744" lon="-137.23554"><ele>1609.880</ele><time>2026-07-12T21:02:34Z</time></trkpt><trkpt lat="60.547761" lon="-137.235555"><ele>1609.837</ele><time>2026-07-12T21:02:42Z</time></trkpt><trkpt lat="60.547787" lon="-137.23555"><ele>1608.649</ele><time>2026-07-12T21:02:45Z</time></trkpt><trkpt lat="60.547825" lon="-137.235569"><ele>1607.213</ele><time>2026-07-12T21:02:49Z</time></trkpt><trkpt lat="60.547854" lon="-137.235595"><ele>1606.009</ele><time>2026-07-12T21:02:52Z</time></trkpt><trkpt lat="60.547875" lon="-137.235618"><ele>1604.625</ele><time>2026-07-12T21:02:55Z</time></trkpt><trkpt lat="60.547889" lon="-137.235601"><ele>1603.480</ele><time>2026-07-12T21:02:58Z</time></trkpt><trkpt lat="60.547895" lon="-137.235609"><ele>1603.237</ele><time>2026-07-12T21:02:59Z</time></trkpt><trkpt lat="60.547913" lon="-137.235612"><ele>1602.614</ele><time>2026-07-12T21:03:01Z</time></trkpt><trkpt lat="60.547917" lon="-137.235604"><ele>1602.470</ele><time>2026-07-12T21:03:02Z</time></trkpt><trkpt lat="60.547933" lon="-137.235569"><ele>1601.475</ele><time>2026-07-12T21:03:06Z</time></trkpt><trkpt lat="60.547948" lon="-137.235549"><ele>1600.819</ele><time>2026-07-12T21:03:08Z</time></trkpt><trkpt lat="60.547958" lon="-137.235543"><ele>1600.094</ele><time>2026-07-12T21:03:10Z</time></trkpt><trkpt lat="60.547983" lon="-137.235567"><ele>1598.668</ele><time>2026-07-12T21:03:13Z</time></trkpt><trkpt lat="60.547997" lon="-137.235549"><ele>1598.055</ele><time>2026-07-12T21:03:15Z</time></trkpt><trkpt lat="60.54801" lon="-137.235551"><ele>1597.407</ele><time>2026-07-12T21:03:17Z</time></trkpt><trkpt lat="60.548013" lon="-137.23557"><ele>1597.017</ele><time>2026-07-12T21:03:18Z</time></trkpt><trkpt lat="60.548028" lon="-137.23558"><ele>1596.209</ele><time>2026-07-12T21:03:20Z</time></trkpt><trkpt lat="60.548041" lon="-137.235557"><ele>1595.217</ele><time>2026-07-12T21:03:23Z</time></trkpt><trkpt lat="60.54805" lon="-137.235587"><ele>1594.212</ele><time>2026-07-12T21:03:25Z</time></trkpt><trkpt lat="60.548066" lon="-137.235562"><ele>1593.879</ele><time>2026-07-12T21:03:28Z</time></trkpt><trkpt lat="60.548079" lon="-137.235552"><ele>1593.046</ele><time>2026-07-12T21:03:32Z</time></trkpt><trkpt lat="60.548089" lon="-137.235577"><ele>1592.432</ele><time>2026-07-12T21:03:35Z</time></trkpt><trkpt lat="60.548096" lon="-137.235594"><ele>1592.067</ele><time>2026-07-12T21:03:37Z</time></trkpt><trkpt lat="60.548108" lon="-137.23562"><ele>1591.061</ele><time>2026-07-12T21:03:41Z</time></trkpt><trkpt lat="60.548111" lon="-137.235628"><ele>1590.496</ele><time>2026-07-12T21:03:43Z</time></trkpt><trkpt lat="60.548116" lon="-137.23564"><ele>1589.890</ele><time>2026-07-12T21:03:48Z</time></trkpt><trkpt lat="60.548127" lon="-137.235652"><ele>1589.477</ele><time>2026-07-12T21:03:50Z</time></trkpt><trkpt lat="60.548128" lon="-137.235634"><ele>1588.861</ele><time>2026-07-12T21:03:52Z</time></trkpt><trkpt lat="60.54814" lon="-137.235586"><ele>1587.827</ele><time>2026-07-12T21:03:56Z</time></trkpt><trkpt lat="60.548152" lon="-137.235593"><ele>1587.609</ele><time>2026-07-12T21:03:57Z</time></trkpt><trkpt lat="60.548161" lon="-137.235639"><ele>1587.249</ele><time>2026-07-12T21:04:01Z</time></trkpt><trkpt lat="60.548173" lon="-137.235648"><ele>1586.854</ele><time>2026-07-12T21:04:06Z</time></trkpt><trkpt lat="60.548174" lon="-137.23566"><ele>1586.491</ele><time>2026-07-12T21:04:07Z</time></trkpt><trkpt lat="60.548178" lon="-137.235687"><ele>1586.028</ele><time>2026-07-12T21:04:12Z</time></trkpt><trkpt lat="60.548181" lon="-137.235685"><ele>1586.074</ele><time>2026-07-12T21:04:13Z</time></trkpt><trkpt lat="60.548192" lon="-137.235658"><ele>1585.249</ele><time>2026-07-12T21:04:17Z</time></trkpt><trkpt lat="60.548195" lon="-137.235658"><ele>1584.043</ele><time>2026-07-12T21:04:19Z</time></trkpt><trkpt lat="60.548197" lon="-137.235665"><ele>1583.698</ele><time>2026-07-12T21:04:20Z</time></trkpt><trkpt lat="60.548219" lon="-137.23567"><ele>1583.052</ele><time>2026-07-12T21:04:26Z</time></trkpt><trkpt lat="60.548229" lon="-137.235651"><ele>1581.644</ele><time>2026-07-12T21:04:30Z</time></trkpt><trkpt lat="60.54823" lon="-137.235667"><ele>1581.005</ele><time>2026-07-12T21:04:32Z</time></trkpt><trkpt lat="60.548229" lon="-137.235683"><ele>1580.615</ele><time>2026-07-12T21:04:34Z</time></trkpt><trkpt lat="60.548252" lon="-137.235673"><ele>1579.609</ele><time>2026-07-12T21:04:38Z</time></trkpt><trkpt lat="60.548257" lon="-137.235666"><ele>1579.256</ele><time>2026-07-12T21:04:39Z</time></trkpt><trkpt lat="60.548263" lon="-137.235689"><ele>1578.231</ele><time>2026-07-12T21:04:42Z</time></trkpt><trkpt lat="60.548266" lon="-137.235701"><ele>1577.638</ele><time>2026-07-12T21:04:44Z</time></trkpt><trkpt lat="60.548272" lon="-137.235723"><ele>1577.025</ele><time>2026-07-12T21:04:47Z</time></trkpt><trkpt lat="60.548282" lon="-137.235736"><ele>1576.651</ele><time>2026-07-12T21:04:51Z</time></trkpt><trkpt lat="60.548287" lon="-137.235795"><ele>1575.856</ele><time>2026-07-12T21:04:56Z</time></trkpt><trkpt lat="60.548295" lon="-137.235806"><ele>1575.250</ele><time>2026-07-12T21:04:58Z</time></trkpt><trkpt lat="60.548299" lon="-137.235819"><ele>1574.645</ele><time>2026-07-12T21:05:00Z</time></trkpt><trkpt lat="60.54831" lon="-137.235874"><ele>1573.849</ele><time>2026-07-12T21:05:06Z</time></trkpt><trkpt lat="60.548321" lon="-137.235877"><ele>1573.662</ele><time>2026-07-12T21:05:08Z</time></trkpt><trkpt lat="60.548348" lon="-137.235854"><ele>1572.483</ele><time>2026-07-12T21:05:12Z</time></trkpt><trkpt lat="60.548351" lon="-137.235854"><ele>1572.011</ele><time>2026-07-12T21:05:13Z</time></trkpt><trkpt lat="60.548355" lon="-137.235856"><ele>1571.409</ele><time>2026-07-12T21:05:15Z</time></trkpt><trkpt lat="60.548375" lon="-137.235832"><ele>1570.278</ele><time>2026-07-12T21:05:20Z</time></trkpt><trkpt lat="60.54838" lon="-137.235873"><ele>1569.273</ele><time>2026-07-12T21:05:24Z</time></trkpt><trkpt lat="60.548386" lon="-137.235871"><ele>1569.090</ele><time>2026-07-12T21:05:25Z</time></trkpt><trkpt lat="60.548394" lon="-137.235836"><ele>1568.057</ele><time>2026-07-12T21:05:28Z</time></trkpt><trkpt lat="60.548409" lon="-137.235805"><ele>1567.243</ele><time>2026-07-12T21:05:31Z</time></trkpt><trkpt lat="60.548416" lon="-137.2358"><ele>1567.088</ele><time>2026-07-12T21:05:32Z</time></trkpt><trkpt lat="60.548441" lon="-137.235756"><ele>1565.832</ele><time>2026-07-12T21:05:36Z</time></trkpt><trkpt lat="60.548456" lon="-137.235741"><ele>1564.677</ele><time>2026-07-12T21:05:40Z</time></trkpt><trkpt lat="60.548468" lon="-137.235716"><ele>1564.261</ele><time>2026-07-12T21:05:42Z</time></trkpt><trkpt lat="60.548493" lon="-137.23569"><ele>1563.437</ele><time>2026-07-12T21:05:46Z</time></trkpt><trkpt lat="60.548497" lon="-137.235702"><ele>1563.249</ele><time>2026-07-12T21:05:47Z</time></trkpt><trkpt lat="60.548513" lon="-137.235729"><ele>1562.013</ele><time>2026-07-12T21:05:50Z</time></trkpt><trkpt lat="60.548535" lon="-137.235741"><ele>1561.009</ele><time>2026-07-12T21:05:54Z</time></trkpt><trkpt lat="60.54854" lon="-137.235733"><ele>1560.855</ele><time>2026-07-12T21:05:55Z</time></trkpt><trkpt lat="60.548548" lon="-137.235769"><ele>1560.020</ele><time>2026-07-12T21:05:58Z</time></trkpt><trkpt lat="60.54857" lon="-137.235835"><ele>1558.677</ele><time>2026-07-12T21:06:01Z</time></trkpt><trkpt lat="60.548591" lon="-137.235852"><ele>1557.494</ele><time>2026-07-12T21:06:03Z</time></trkpt><trkpt lat="60.548609" lon="-137.235827"><ele>1556.670</ele><time>2026-07-12T21:06:06Z</time></trkpt><trkpt lat="60.54861" lon="-137.235808"><ele>1556.415</ele><time>2026-07-12T21:06:07Z</time></trkpt><trkpt lat="60.548628" lon="-137.235776"><ele>1556.099</ele><time>2026-07-12T21:06:10Z</time></trkpt><trkpt lat="60.548633" lon="-137.235798"><ele>1555.454</ele><time>2026-07-12T21:06:12Z</time></trkpt><trkpt lat="60.548638" lon="-137.235822"><ele>1555.048</ele><time>2026-07-12T21:06:13Z</time></trkpt><trkpt lat="60.548657" lon="-137.235819"><ele>1554.666</ele><time>2026-07-12T21:06:16Z</time></trkpt><trkpt lat="60.54866" lon="-137.235805"><ele>1554.429</ele><time>2026-07-12T21:06:17Z</time></trkpt><trkpt lat="60.548662" lon="-137.235782"><ele>1554.221</ele><time>2026-07-12T21:06:18Z</time></trkpt><trkpt lat="60.54868" lon="-137.235719"><ele>1552.809</ele><time>2026-07-12T21:06:21Z</time></trkpt><trkpt lat="60.548693" lon="-137.235732"><ele>1552.058</ele><time>2026-07-12T21:06:23Z</time></trkpt><trkpt lat="60.548702" lon="-137.235742"><ele>1551.623</ele><time>2026-07-12T21:06:24Z</time></trkpt><trkpt lat="60.548717" lon="-137.235769"><ele>1550.660</ele><time>2026-07-12T21:06:28Z</time></trkpt><trkpt lat="60.548725" lon="-137.235762"><ele>1550.487</ele><time>2026-07-12T21:06:29Z</time></trkpt><trkpt lat="60.548741" lon="-137.235759"><ele>1549.023</ele><time>2026-07-12T21:06:33Z</time></trkpt><trkpt lat="60.548753" lon="-137.235784"><ele>1547.888</ele><time>2026-07-12T21:06:37Z</time></trkpt><trkpt lat="60.548768" lon="-137.235803"><ele>1547.212</ele><time>2026-07-12T21:06:40Z</time></trkpt><trkpt lat="60.548766" lon="-137.235811"><ele>1546.667</ele><time>2026-07-12T21:06:42Z</time></trkpt><trkpt lat="60.548775" lon="-137.235834"><ele>1545.811</ele><time>2026-07-12T21:06:46Z</time></trkpt><trkpt lat="60.548785" lon="-137.235833"><ele>1545.661</ele><time>2026-07-12T21:06:48Z</time></trkpt><trkpt lat="60.548798" lon="-137.235782"><ele>1544.221</ele><time>2026-07-12T21:06:52Z</time></trkpt><trkpt lat="60.548816" lon="-137.235745"><ele>1543.013</ele><time>2026-07-12T21:06:55Z</time></trkpt><trkpt lat="60.548833" lon="-137.235711"><ele>1542.009</ele><time>2026-07-12T21:06:57Z</time></trkpt><trkpt lat="60.548838" lon="-137.235708"><ele>1541.678</ele><time>2026-07-12T21:06:58Z</time></trkpt><trkpt lat="60.548849" lon="-137.235702"><ele>1540.463</ele><time>2026-07-12T21:07:01Z</time></trkpt><trkpt lat="60.548858" lon="-137.235731"><ele>1540.090</ele><time>2026-07-12T21:07:04Z</time></trkpt><trkpt lat="60.548874" lon="-137.235757"><ele>1539.427</ele><time>2026-07-12T21:07:07Z</time></trkpt><trkpt lat="60.548901" lon="-137.235785"><ele>1538.263</ele><time>2026-07-12T21:07:12Z</time></trkpt><trkpt lat="60.54891" lon="-137.235776"><ele>1538.058</ele><time>2026-07-12T21:07:13Z</time></trkpt><trkpt lat="60.54892" lon="-137.235789"><ele>1537.012</ele><time>2026-07-12T21:07:16Z</time></trkpt><trkpt lat="60.54893" lon="-137.235802"><ele>1536.647</ele><time>2026-07-12T21:07:18Z</time></trkpt><trkpt lat="60.548935" lon="-137.235832"><ele>1536.061</ele><time>2026-07-12T21:07:20Z</time></trkpt><trkpt lat="60.548956" lon="-137.235887"><ele>1534.832</ele><time>2026-07-12T21:07:24Z</time></trkpt><trkpt lat="60.54898" lon="-137.235921"><ele>1533.892</ele><time>2026-07-12T21:07:29Z</time></trkpt><trkpt lat="60.548979" lon="-137.235922"><ele>1533.411</ele><time>2026-07-12T21:07:30Z</time></trkpt><trkpt lat="60.548994" lon="-137.235977"><ele>1533.209</ele><time>2026-07-12T21:07:35Z</time></trkpt><trkpt lat="60.549021" lon="-137.236036"><ele>1532.685</ele><time>2026-07-12T21:07:40Z</time></trkpt><trkpt lat="60.549024" lon="-137.236032"><ele>1532.690</ele><time>2026-07-12T21:07:41Z</time></trkpt><trkpt lat="60.549072" lon="-137.235984"><ele>1532.287</ele><time>2026-07-12T21:07:49Z</time></trkpt><trkpt lat="60.549079" lon="-137.23597"><ele>1531.414</ele><time>2026-07-12T21:07:51Z</time></trkpt><trkpt lat="60.54909" lon="-137.235989"><ele>1530.250</ele><time>2026-07-12T21:07:54Z</time></trkpt><trkpt lat="60.549098" lon="-137.236003"><ele>1529.415</ele><time>2026-07-12T21:07:56Z</time></trkpt><trkpt lat="60.549103" lon="-137.236014"><ele>1529.069</ele><time>2026-07-12T21:07:57Z</time></trkpt><trkpt lat="60.549128" lon="-137.236024"><ele>1527.854</ele><time>2026-07-12T21:08:03Z</time></trkpt><trkpt lat="60.549139" lon="-137.236016"><ele>1527.638</ele><time>2026-07-12T21:08:05Z</time></trkpt><trkpt lat="60.549155" lon="-137.236011"><ele>1526.644</ele><time>2026-07-12T21:08:08Z</time></trkpt><trkpt lat="60.549176" lon="-137.23602"><ele>1525.605</ele><time>2026-07-12T21:08:12Z</time></trkpt><trkpt lat="60.549184" lon="-137.236007"><ele>1525.215</ele><time>2026-07-12T21:08:13Z</time></trkpt><trkpt lat="60.549203" lon="-137.236026"><ele>1523.409</ele><time>2026-07-12T21:08:17Z</time></trkpt><trkpt lat="60.549209" lon="-137.23603"><ele>1522.886</ele><time>2026-07-12T21:08:18Z</time></trkpt><trkpt lat="60.549238" lon="-137.236071"><ele>1523.031</ele><time>2026-07-12T21:08:25Z</time></trkpt><trkpt lat="60.549241" lon="-137.236051"><ele>1522.058</ele><time>2026-07-12T21:08:27Z</time></trkpt><trkpt lat="60.549246" lon="-137.236037"><ele>1520.835</ele><time>2026-07-12T21:08:30Z</time></trkpt><trkpt lat="60.549253" lon="-137.236042"><ele>1520.451</ele><time>2026-07-12T21:08:31Z</time></trkpt><trkpt lat="60.549263" lon="-137.235995"><ele>1519.816</ele><time>2026-07-12T21:08:36Z</time></trkpt><trkpt lat="60.549267" lon="-137.235988"><ele>1519.480</ele><time>2026-07-12T21:08:37Z</time></trkpt><trkpt lat="60.549275" lon="-137.235957"><ele>1518.415</ele><time>2026-07-12T21:08:40Z</time></trkpt><trkpt lat="60.54929" lon="-137.235952"><ele>1517.439</ele><time>2026-07-12T21:08:42Z</time></trkpt><trkpt lat="60.549314" lon="-137.23597"><ele>1516.259</ele><time>2026-07-12T21:08:45Z</time></trkpt><trkpt lat="60.549324" lon="-137.23601"><ele>1515.203</ele><time>2026-07-12T21:08:48Z</time></trkpt><trkpt lat="60.549327" lon="-137.23602"><ele>1514.823</ele><time>2026-07-12T21:08:49Z</time></trkpt><trkpt lat="60.549348" lon="-137.236059"><ele>1513.809</ele><time>2026-07-12T21:08:54Z</time></trkpt><trkpt lat="60.549366" lon="-137.236069"><ele>1512.647</ele><time>2026-07-12T21:08:57Z</time></trkpt><trkpt lat="60.549392" lon="-137.236044"><ele>1511.412</ele><time>2026-07-12T21:09:02Z</time></trkpt><trkpt lat="60.549406" lon="-137.236028"><ele>1511.269</ele><time>2026-07-12T21:09:04Z</time></trkpt><trkpt lat="60.54943" lon="-137.235995"><ele>1510.276</ele><time>2026-07-12T21:09:09Z</time></trkpt><trkpt lat="60.549442" lon="-137.235988"><ele>1509.612</ele><time>2026-07-12T21:09:11Z</time></trkpt><trkpt lat="60.54946" lon="-137.235965"><ele>1509.097</ele><time>2026-07-12T21:09:15Z</time></trkpt><trkpt lat="60.54947" lon="-137.235985"><ele>1508.271</ele><time>2026-07-12T21:09:18Z</time></trkpt><trkpt lat="60.54947" lon="-137.235999"><ele>1508.096</ele><time>2026-07-12T21:09:19Z</time></trkpt><trkpt lat="60.549493" lon="-137.23601"><ele>1507.210</ele><time>2026-07-12T21:09:24Z</time></trkpt><trkpt lat="60.549497" lon="-137.236009"><ele>1507.096</ele><time>2026-07-12T21:09:25Z</time></trkpt><trkpt lat="60.549513" lon="-137.236"><ele>1505.831</ele><time>2026-07-12T21:09:29Z</time></trkpt><trkpt lat="60.549521" lon="-137.236026"><ele>1505.224</ele><time>2026-07-12T21:09:31Z</time></trkpt><trkpt lat="60.54954" lon="-137.236032"><ele>1505.009</ele><time>2026-07-12T21:09:34Z</time></trkpt><trkpt lat="60.549551" lon="-137.236008"><ele>1504.871</ele><time>2026-07-12T21:09:36Z</time></trkpt><trkpt lat="60.549555" lon="-137.236002"><ele>1504.626</ele><time>2026-07-12T21:09:37Z</time></trkpt><trkpt lat="60.549569" lon="-137.236023"><ele>1503.433</ele><time>2026-07-12T21:09:40Z</time></trkpt><trkpt lat="60.549589" lon="-137.23602"><ele>1502.880</ele><time>2026-07-12T21:09:43Z</time></trkpt><trkpt lat="60.549604" lon="-137.236056"><ele>1502.286</ele><time>2026-07-12T21:09:46Z</time></trkpt><trkpt lat="60.549622" lon="-137.236057"><ele>1501.411</ele><time>2026-07-12T21:09:50Z</time></trkpt><trkpt lat="60.549626" lon="-137.236056"><ele>1501.265</ele><time>2026-07-12T21:09:51Z</time></trkpt><trkpt lat="60.549642" lon="-137.236048"><ele>1500.290</ele><time>2026-07-12T21:09:54Z</time></trkpt><trkpt lat="60.549648" lon="-137.236081"><ele>1499.414</ele><time>2026-07-12T21:09:57Z</time></trkpt><trkpt lat="60.549668" lon="-137.236137"><ele>1499.211</ele><time>2026-07-12T21:10:03Z</time></trkpt><trkpt lat="60.54967" lon="-137.236131"><ele>1498.821</ele><time>2026-07-12T21:10:04Z</time></trkpt><trkpt lat="60.549684" lon="-137.23611"><ele>1497.403</ele><time>2026-07-12T21:10:07Z</time></trkpt><trkpt lat="60.549696" lon="-137.236078"><ele>1496.209</ele><time>2026-07-12T21:10:10Z</time></trkpt><trkpt lat="60.549697" lon="-137.236082"><ele>1495.693</ele><time>2026-07-12T21:10:12Z</time></trkpt><trkpt lat="60.549719" lon="-137.236105"><ele>1495.078</ele><time>2026-07-12T21:10:17Z</time></trkpt><trkpt lat="60.549722" lon="-137.236095"><ele>1494.855</ele><time>2026-07-12T21:10:18Z</time></trkpt><trkpt lat="60.549727" lon="-137.236069"><ele>1494.052</ele><time>2026-07-12T21:10:20Z</time></trkpt><trkpt lat="60.54974" lon="-137.235968"><ele>1493.078</ele><time>2026-07-12T21:10:26Z</time></trkpt><trkpt lat="60.549743" lon="-137.235951"><ele>1492.823</ele><time>2026-07-12T21:10:27Z</time></trkpt><trkpt lat="60.549761" lon="-137.235966"><ele>1491.447</ele><time>2026-07-12T21:10:30Z</time></trkpt><trkpt lat="60.549769" lon="-137.235996"><ele>1490.462</ele><time>2026-07-12T21:10:32Z</time></trkpt><trkpt lat="60.549773" lon="-137.236014"><ele>1490.236</ele><time>2026-07-12T21:10:33Z</time></trkpt><trkpt lat="60.549796" lon="-137.235999"><ele>1489.291</ele><time>2026-07-12T21:10:36Z</time></trkpt><trkpt lat="60.549806" lon="-137.235979"><ele>1488.681</ele><time>2026-07-12T21:10:37Z</time></trkpt><trkpt lat="60.549812" lon="-137.235973"><ele>1488.219</ele><time>2026-07-12T21:10:38Z</time></trkpt><trkpt lat="60.549821" lon="-137.235973"><ele>1487.609</ele><time>2026-07-12T21:10:39Z</time></trkpt><trkpt lat="60.549827" lon="-137.235981"><ele>1487.041</ele><time>2026-07-12T21:10:40Z</time></trkpt><trkpt lat="60.549843" lon="-137.235981"><ele>1485.846</ele><time>2026-07-12T21:10:42Z</time></trkpt><trkpt lat="60.549855" lon="-137.235989"><ele>1485.063</ele><time>2026-07-12T21:10:44Z</time></trkpt><trkpt lat="60.549861" lon="-137.235994"><ele>1484.610</ele><time>2026-07-12T21:10:45Z</time></trkpt><trkpt lat="60.549882" lon="-137.235979"><ele>1483.616</ele><time>2026-07-12T21:10:48Z</time></trkpt><trkpt lat="60.549887" lon="-137.235973"><ele>1483.411</ele><time>2026-07-12T21:10:49Z</time></trkpt><trkpt lat="60.549919" lon="-137.235994"><ele>1482.285</ele><time>2026-07-12T21:10:55Z</time></trkpt><trkpt lat="60.549934" lon="-137.23593"><ele>1481.090</ele><time>2026-07-12T21:10:59Z</time></trkpt><trkpt lat="60.549942" lon="-137.235938"><ele>1480.464</ele><time>2026-07-12T21:11:00Z</time></trkpt><trkpt lat="60.549953" lon="-137.235947"><ele>1479.627</ele><time>2026-07-12T21:11:02Z</time></trkpt><trkpt lat="60.549968" lon="-137.235997"><ele>1478.468</ele><time>2026-07-12T21:11:06Z</time></trkpt><trkpt lat="60.549977" lon="-137.236"><ele>1478.214</ele><time>2026-07-12T21:11:07Z</time></trkpt><trkpt lat="60.549992" lon="-137.236"><ele>1477.409</ele><time>2026-07-12T21:11:09Z</time></trkpt><trkpt lat="60.550006" lon="-137.235977"><ele>1476.424</ele><time>2026-07-12T21:11:12Z</time></trkpt><trkpt lat="60.550014" lon="-137.23597"><ele>1475.889</ele><time>2026-07-12T21:11:14Z</time></trkpt><trkpt lat="60.550023" lon="-137.235993"><ele>1475.416</ele><time>2026-07-12T21:11:16Z</time></trkpt><trkpt lat="60.55003" lon="-137.235974"><ele>1474.813</ele><time>2026-07-12T21:11:19Z</time></trkpt><trkpt lat="60.550037" lon="-137.235954"><ele>1474.219</ele><time>2026-07-12T21:11:21Z</time></trkpt><trkpt lat="60.550056" lon="-137.235953"><ele>1473.064</ele><time>2026-07-12T21:11:25Z</time></trkpt><trkpt lat="60.55009" lon="-137.235987"><ele>1472.038</ele><time>2026-07-12T21:11:29Z</time></trkpt><trkpt lat="60.5501" lon="-137.235985"><ele>1471.233</ele><time>2026-07-12T21:11:33Z</time></trkpt><trkpt lat="60.550113" lon="-137.235985"><ele>1470.837</ele><time>2026-07-12T21:11:36Z</time></trkpt><trkpt lat="60.550129" lon="-137.236"><ele>1470.272</ele><time>2026-07-12T21:11:38Z</time></trkpt><trkpt lat="60.550135" lon="-137.236013"><ele>1470.013</ele><time>2026-07-12T21:11:39Z</time></trkpt><trkpt lat="60.550143" lon="-137.236025"><ele>1469.814</ele><time>2026-07-12T21:11:40Z</time></trkpt><trkpt lat="60.550168" lon="-137.236032"><ele>1468.609</ele><time>2026-07-12T21:11:44Z</time></trkpt><trkpt lat="60.550178" lon="-137.236024"><ele>1468.419</ele><time>2026-07-12T21:11:45Z</time></trkpt><trkpt lat="60.550201" lon="-137.236043"><ele>1467.494</ele><time>2026-07-12T21:11:48Z</time></trkpt><trkpt lat="60.550217" lon="-137.236052"><ele>1466.681</ele><time>2026-07-12T21:11:51Z</time></trkpt><trkpt lat="60.55022" lon="-137.236051"><ele>1466.458</ele><time>2026-07-12T21:11:52Z</time></trkpt><trkpt lat="60.550241" lon="-137.236018"><ele>1465.244</ele><time>2026-07-12T21:11:58Z</time></trkpt><trkpt lat="60.550255" lon="-137.236025"><ele>1464.859</ele><time>2026-07-12T21:12:03Z</time></trkpt><trkpt lat="60.550254" lon="-137.236005"><ele>1464.063</ele><time>2026-07-12T21:12:06Z</time></trkpt><trkpt lat="60.55026" lon="-137.235987"><ele>1463.468</ele><time>2026-07-12T21:12:10Z</time></trkpt><trkpt lat="60.55027" lon="-137.236011"><ele>1462.662</ele><time>2026-07-12T21:12:14Z</time></trkpt><trkpt lat="60.550278" lon="-137.23599"><ele>1462.263</ele><time>2026-07-12T21:12:16Z</time></trkpt><trkpt lat="60.550284" lon="-137.236005"><ele>1461.644</ele><time>2026-07-12T21:12:19Z</time></trkpt><trkpt lat="60.550292" lon="-137.236027"><ele>1460.818</ele><time>2026-07-12T21:12:22Z</time></trkpt><trkpt lat="60.550292" lon="-137.236027"><ele>1460.809</ele><time>2026-07-12T21:12:23Z</time></trkpt><trkpt lat="60.550292" lon="-137.236023"><ele>1460.888</ele><time>2026-07-12T21:12:31Z</time></trkpt><trkpt lat="60.550316" lon="-137.235979"><ele>1459.243</ele><time>2026-07-12T21:12:36Z</time></trkpt><trkpt lat="60.550324" lon="-137.235994"><ele>1458.030</ele><time>2026-07-12T21:12:39Z</time></trkpt><trkpt lat="60.550341" lon="-137.236007"><ele>1457.057</ele><time>2026-07-12T21:12:44Z</time></trkpt><trkpt lat="60.550352" lon="-137.236004"><ele>1456.633</ele><time>2026-07-12T21:12:46Z</time></trkpt><trkpt lat="60.550361" lon="-137.23602"><ele>1456.098</ele><time>2026-07-12T21:12:50Z</time></trkpt><trkpt lat="60.55037" lon="-137.236018"><ele>1455.662</ele><time>2026-07-12T21:12:52Z</time></trkpt><trkpt lat="60.550386" lon="-137.236028"><ele>1455.037</ele><time>2026-07-12T21:12:55Z</time></trkpt><trkpt lat="60.55039" lon="-137.236038"><ele>1454.421</ele><time>2026-07-12T21:12:58Z</time></trkpt><trkpt lat="60.55042" lon="-137.236102"><ele>1452.825</ele><time>2026-07-12T21:13:05Z</time></trkpt><trkpt lat="60.550425" lon="-137.236112"><ele>1452.426</ele><time>2026-07-12T21:13:07Z</time></trkpt><trkpt lat="60.550426" lon="-137.236104"><ele>1451.408</ele><time>2026-07-12T21:13:08Z</time></trkpt><trkpt lat="60.550443" lon="-137.236062"><ele>1450.809</ele><time>2026-07-12T21:13:12Z</time></trkpt><trkpt lat="60.550459" lon="-137.236086"><ele>1450.294</ele><time>2026-07-12T21:13:15Z</time></trkpt><trkpt lat="60.550468" lon="-137.236092"><ele>1449.889</ele><time>2026-07-12T21:13:17Z</time></trkpt><trkpt lat="60.550472" lon="-137.236115"><ele>1449.096</ele><time>2026-07-12T21:13:19Z</time></trkpt><trkpt lat="60.550483" lon="-137.236145"><ele>1448.223</ele><time>2026-07-12T21:13:24Z</time></trkpt><trkpt lat="60.550485" lon="-137.236161"><ele>1448.039</ele><time>2026-07-12T21:13:26Z</time></trkpt><trkpt lat="60.550506" lon="-137.236153"><ele>1447.044</ele><time>2026-07-12T21:13:31Z</time></trkpt><trkpt lat="60.550524" lon="-137.236179"><ele>1445.828</ele><time>2026-07-12T21:13:36Z</time></trkpt><trkpt lat="60.550527" lon="-137.236194"><ele>1445.423</ele><time>2026-07-12T21:13:37Z</time></trkpt><trkpt lat="60.550527" lon="-137.236219"><ele>1444.627</ele><time>2026-07-12T21:13:39Z</time></trkpt><trkpt lat="60.550543" lon="-137.236255"><ele>1443.637</ele><time>2026-07-12T21:13:43Z</time></trkpt><trkpt lat="60.550548" lon="-137.236264"><ele>1443.249</ele><time>2026-07-12T21:13:44Z</time></trkpt><trkpt lat="60.550557" lon="-137.236315"><ele>1442.813</ele><time>2026-07-12T21:13:50Z</time></trkpt><trkpt lat="60.550566" lon="-137.236296"><ele>1442.209</ele><time>2026-07-12T21:13:52Z</time></trkpt><trkpt lat="60.550574" lon="-137.236274"><ele>1440.835</ele><time>2026-07-12T21:13:55Z</time></trkpt><trkpt lat="60.55059" lon="-137.236276"><ele>1440.050</ele><time>2026-07-12T21:13:57Z</time></trkpt><trkpt lat="60.5506" lon="-137.236295"><ele>1439.647</ele><time>2026-07-12T21:13:59Z</time></trkpt><trkpt lat="60.550611" lon="-137.236331"><ele>1439.414</ele><time>2026-07-12T21:14:03Z</time></trkpt><trkpt lat="60.550628" lon="-137.236379"><ele>1438.240</ele><time>2026-07-12T21:14:09Z</time></trkpt><trkpt lat="60.550628" lon="-137.236392"><ele>1437.835</ele><time>2026-07-12T21:14:10Z</time></trkpt><trkpt lat="60.550636" lon="-137.236412"><ele>1436.829</ele><time>2026-07-12T21:14:12Z</time></trkpt><trkpt lat="60.550653" lon="-137.236438"><ele>1435.864</ele><time>2026-07-12T21:14:15Z</time></trkpt><trkpt lat="60.550664" lon="-137.236428"><ele>1435.078</ele><time>2026-07-12T21:14:17Z</time></trkpt><trkpt lat="60.550671" lon="-137.23641"><ele>1434.695</ele><time>2026-07-12T21:14:19Z</time></trkpt><trkpt lat="60.550698" lon="-137.236384"><ele>1433.249</ele><time>2026-07-12T21:14:24Z</time></trkpt><trkpt lat="60.550718" lon="-137.236353"><ele>1432.023</ele><time>2026-07-12T21:14:29Z</time></trkpt><trkpt lat="60.550722" lon="-137.236338"><ele>1431.409</ele><time>2026-07-12T21:14:31Z</time></trkpt><trkpt lat="60.550728" lon="-137.236326"><ele>1430.841</ele><time>2026-07-12T21:14:33Z</time></trkpt><trkpt lat="60.550736" lon="-137.236346"><ele>1429.856</ele><time>2026-07-12T21:14:38Z</time></trkpt><trkpt lat="60.550738" lon="-137.236389"><ele>1428.643</ele><time>2026-07-12T21:14:43Z</time></trkpt><trkpt lat="60.550754" lon="-137.236408"><ele>1427.640</ele><time>2026-07-12T21:14:47Z</time></trkpt><trkpt lat="60.550766" lon="-137.23644"><ele>1426.476</ele><time>2026-07-12T21:14:54Z</time></trkpt><trkpt lat="60.550766" lon="-137.236442"><ele>1426.281</ele><time>2026-07-12T21:14:55Z</time></trkpt><trkpt lat="60.550782" lon="-137.236467"><ele>1425.215</ele><time>2026-07-12T21:15:00Z</time></trkpt><trkpt lat="60.550783" lon="-137.236483"><ele>1425.070</ele><time>2026-07-12T21:15:01Z</time></trkpt><trkpt lat="60.550797" lon="-137.236514"><ele>1424.264</ele><time>2026-07-12T21:15:06Z</time></trkpt><trkpt lat="60.550806" lon="-137.236507"><ele>1423.852</ele><time>2026-07-12T21:15:08Z</time></trkpt><trkpt lat="60.550821" lon="-137.236495"><ele>1423.053</ele><time>2026-07-12T21:15:12Z</time></trkpt><trkpt lat="60.550824" lon="-137.236494"><ele>1422.808</ele><time>2026-07-12T21:15:14Z</time></trkpt><trkpt lat="60.550843" lon="-137.236484"><ele>1422.409</ele><time>2026-07-12T21:15:20Z</time></trkpt><trkpt lat="60.550839" lon="-137.236484"><ele>1421.897</ele><time>2026-07-12T21:15:22Z</time></trkpt><trkpt lat="60.550855" lon="-137.236448"><ele>1421.052</ele><time>2026-07-12T21:15:28Z</time></trkpt><trkpt lat="60.550858" lon="-137.236439"><ele>1420.879</ele><time>2026-07-12T21:15:29Z</time></trkpt><trkpt lat="60.550884" lon="-137.236403"><ele>1419.466</ele><time>2026-07-12T21:15:33Z</time></trkpt><trkpt lat="60.550889" lon="-137.236413"><ele>1419.042</ele><time>2026-07-12T21:15:34Z</time></trkpt><trkpt lat="60.550893" lon="-137.236426"><ele>1418.497</ele><time>2026-07-12T21:15:40Z</time></trkpt><trkpt lat="60.550893" lon="-137.236426"><ele>1418.411</ele><time>2026-07-12T21:15:41Z</time></trkpt><trkpt lat="60.550893" lon="-137.236426"><ele>1418.456</ele><time>2026-07-12T21:15:49Z</time></trkpt><trkpt lat="60.550893" lon="-137.236426"><ele>1418.410</ele><time>2026-07-12T21:15:57Z</time></trkpt><trkpt lat="60.550907" lon="-137.236489"><ele>1417.293</ele><time>2026-07-12T21:16:04Z</time></trkpt><trkpt lat="60.550925" lon="-137.23654"><ele>1416.065</ele><time>2026-07-12T21:16:07Z</time></trkpt><trkpt lat="60.550947" lon="-137.236527"><ele>1415.021</ele><time>2026-07-12T21:16:10Z</time></trkpt><trkpt lat="60.55095" lon="-137.236522"><ele>1414.809</ele><time>2026-07-12T21:16:11Z</time></trkpt><trkpt lat="60.550981" lon="-137.23645"><ele>1413.831</ele><time>2026-07-12T21:16:17Z</time></trkpt><trkpt lat="60.550983" lon="-137.236439"><ele>1413.456</ele><time>2026-07-12T21:16:18Z</time></trkpt><trkpt lat="60.550991" lon="-137.236466"><ele>1412.643</ele><time>2026-07-12T21:16:21Z</time></trkpt><trkpt lat="60.551" lon="-137.236486"><ele>1412.410</ele><time>2026-07-12T21:16:24Z</time></trkpt><trkpt lat="60.551016" lon="-137.236569"><ele>1411.816</ele><time>2026-07-12T21:16:30Z</time></trkpt><trkpt lat="60.551017" lon="-137.236584"><ele>1411.651</ele><time>2026-07-12T21:16:31Z</time></trkpt><trkpt lat="60.551027" lon="-137.236614"><ele>1410.285</ele><time>2026-07-12T21:16:33Z</time></trkpt><trkpt lat="60.551041" lon="-137.236612"><ele>1409.020</ele><time>2026-07-12T21:16:35Z</time></trkpt><trkpt lat="60.551043" lon="-137.236603"><ele>1408.834</ele><time>2026-07-12T21:16:36Z</time></trkpt><trkpt lat="60.551076" lon="-137.236602"><ele>1407.848</ele><time>2026-07-12T21:16:42Z</time></trkpt><trkpt lat="60.551076" lon="-137.236606"><ele>1407.661</ele><time>2026-07-12T21:16:43Z</time></trkpt><trkpt lat="60.551101" lon="-137.236616"><ele>1407.417</ele><time>2026-07-12T21:16:48Z</time></trkpt><trkpt lat="60.551122" lon="-137.236608"><ele>1406.809</ele><time>2026-07-12T21:16:50Z</time></trkpt><trkpt lat="60.551133" lon="-137.236586"><ele>1406.476</ele><time>2026-07-12T21:16:52Z</time></trkpt><trkpt lat="60.551135" lon="-137.236576"><ele>1406.231</ele><time>2026-07-12T21:16:53Z</time></trkpt><trkpt lat="60.551128" lon="-137.236545"><ele>1405.628</ele><time>2026-07-12T21:16:56Z</time></trkpt><trkpt lat="60.551123" lon="-137.236521"><ele>1404.065</ele><time>2026-07-12T21:16:59Z</time></trkpt><trkpt lat="60.551123" lon="-137.23651"><ele>1403.621</ele><time>2026-07-12T21:17:00Z</time></trkpt><trkpt lat="60.551118" lon="-137.23648"><ele>1403.276</ele><time>2026-07-12T21:17:07Z</time></trkpt><trkpt lat="60.551119" lon="-137.236488"><ele>1403.880</ele><time>2026-07-12T21:17:14Z</time></trkpt><trkpt lat="60.551127" lon="-137.236457"><ele>1403.095</ele><time>2026-07-12T21:17:19Z</time></trkpt><trkpt lat="60.551124" lon="-137.236436"><ele>1401.459</ele><time>2026-07-12T21:17:22Z</time></trkpt><trkpt lat="60.551133" lon="-137.236398"><ele>1400.285</ele><time>2026-07-12T21:17:25Z</time></trkpt><trkpt lat="60.551135" lon="-137.236382"><ele>1400.089</ele><time>2026-07-12T21:17:26Z</time></trkpt><trkpt lat="60.551142" lon="-137.236372"><ele>1399.217</ele><time>2026-07-12T21:17:29Z</time></trkpt><trkpt lat="60.551152" lon="-137.236386"><ele>1398.809</ele><time>2026-07-12T21:17:32Z</time></trkpt><trkpt lat="60.551173" lon="-137.236402"><ele>1398.210</ele><time>2026-07-12T21:17:35Z</time></trkpt><trkpt lat="60.551199" lon="-137.236434"><ele>1397.095</ele><time>2026-07-12T21:17:41Z</time></trkpt><trkpt lat="60.551199" lon="-137.236436"><ele>1396.692</ele><time>2026-07-12T21:17:42Z</time></trkpt><trkpt lat="60.551203" lon="-137.236439"><ele>1395.879</ele><time>2026-07-12T21:17:45Z</time></trkpt><trkpt lat="60.55122" lon="-137.236439"><ele>1395.875</ele><time>2026-07-12T21:17:48Z</time></trkpt><trkpt lat="60.551235" lon="-137.23647"><ele>1394.820</ele><time>2026-07-12T21:17:52Z</time></trkpt><trkpt lat="60.551242" lon="-137.236488"><ele>1393.834</ele><time>2026-07-12T21:17:55Z</time></trkpt><trkpt lat="60.551271" lon="-137.236539"><ele>1392.679</ele><time>2026-07-12T21:18:01Z</time></trkpt><trkpt lat="60.551279" lon="-137.236557"><ele>1392.053</ele><time>2026-07-12T21:18:03Z</time></trkpt><trkpt lat="60.551301" lon="-137.236582"><ele>1391.251</ele><time>2026-07-12T21:18:06Z</time></trkpt><trkpt lat="60.551314" lon="-137.236604"><ele>1390.801</ele><time>2026-07-12T21:18:09Z</time></trkpt><trkpt lat="60.551332" lon="-137.236628"><ele>1390.011</ele><time>2026-07-12T21:18:13Z</time></trkpt><trkpt lat="60.551351" lon="-137.236653"><ele>1388.809</ele><time>2026-07-12T21:18:16Z</time></trkpt><trkpt lat="60.551383" lon="-137.236697"><ele>1387.667</ele><time>2026-07-12T21:18:22Z</time></trkpt><trkpt lat="60.551396" lon="-137.236741"><ele>1386.832</ele><time>2026-07-12T21:18:25Z</time></trkpt><trkpt lat="60.551406" lon="-137.236752"><ele>1386.469</ele><time>2026-07-12T21:18:26Z</time></trkpt><trkpt lat="60.551432" lon="-137.236711"><ele>1385.476</ele><time>2026-07-12T21:18:30Z</time></trkpt><trkpt lat="60.55144" lon="-137.236746"><ele>1384.242</ele><time>2026-07-12T21:18:34Z</time></trkpt><trkpt lat="60.551442" lon="-137.236762"><ele>1383.897</ele><time>2026-07-12T21:18:35Z</time></trkpt><trkpt lat="60.551457" lon="-137.236793"><ele>1383.071</ele><time>2026-07-12T21:18:38Z</time></trkpt><trkpt lat="60.551474" lon="-137.236807"><ele>1382.226</ele><time>2026-07-12T21:18:41Z</time></trkpt><trkpt lat="60.551481" lon="-137.236812"><ele>1382.030</ele><time>2026-07-12T21:18:42Z</time></trkpt><trkpt lat="60.551513" lon="-137.236785"><ele>1380.621</ele><time>2026-07-12T21:18:47Z</time></trkpt><trkpt lat="60.551528" lon="-137.236801"><ele>1379.641</ele><time>2026-07-12T21:18:50Z</time></trkpt><trkpt lat="60.551526" lon="-137.236835"><ele>1379.005</ele><time>2026-07-12T21:18:52Z</time></trkpt><trkpt lat="60.55152" lon="-137.236876"><ele>1378.809</ele><time>2026-07-12T21:18:54Z</time></trkpt><trkpt lat="60.551531" lon="-137.236911"><ele>1378.494</ele><time>2026-07-12T21:18:56Z</time></trkpt><trkpt lat="60.551546" lon="-137.236909"><ele>1378.079</ele><time>2026-07-12T21:18:58Z</time></trkpt><trkpt lat="60.55157" lon="-137.236908"><ele>1377.226</ele><time>2026-07-12T21:19:00Z</time></trkpt><trkpt lat="60.55159" lon="-137.236935"><ele>1375.893</ele><time>2026-07-12T21:19:03Z</time></trkpt><trkpt lat="60.551591" lon="-137.236951"><ele>1375.449</ele><time>2026-07-12T21:19:04Z</time></trkpt><trkpt lat="60.5516" lon="-137.236963"><ele>1375.034</ele><time>2026-07-12T21:19:05Z</time></trkpt><trkpt lat="60.551621" lon="-137.236941"><ele>1374.818</ele><time>2026-07-12T21:19:08Z</time></trkpt><trkpt lat="60.551626" lon="-137.236933"><ele>1374.643</ele><time>2026-07-12T21:19:09Z</time></trkpt><trkpt lat="60.551643" lon="-137.23691"><ele>1373.637</ele><time>2026-07-12T21:19:12Z</time></trkpt><trkpt lat="60.551661" lon="-137.236893"><ele>1372.428</ele><time>2026-07-12T21:19:15Z</time></trkpt><trkpt lat="60.551679" lon="-137.236873"><ele>1371.289</ele><time>2026-07-12T21:19:19Z</time></trkpt><trkpt lat="60.551707" lon="-137.236846"><ele>1370.017</ele><time>2026-07-12T21:19:23Z</time></trkpt><trkpt lat="60.55173" lon="-137.236926"><ele>1369.209</ele><time>2026-07-12T21:19:29Z</time></trkpt><trkpt lat="60.551747" lon="-137.236959"><ele>1369.044</ele><time>2026-07-12T21:19:32Z</time></trkpt><trkpt lat="60.55176" lon="-137.236986"><ele>1368.869</ele><time>2026-07-12T21:19:35Z</time></trkpt><trkpt lat="60.551758" lon="-137.237036"><ele>1367.836</ele><time>2026-07-12T21:19:39Z</time></trkpt><trkpt lat="60.551757" lon="-137.237052"><ele>1367.433</ele><time>2026-07-12T21:19:41Z</time></trkpt><trkpt lat="60.55178" lon="-137.237154"><ele>1366.629</ele><time>2026-07-12T21:19:49Z</time></trkpt><trkpt lat="60.551787" lon="-137.237157"><ele>1366.614</ele><time>2026-07-12T21:19:50Z</time></trkpt><trkpt lat="60.551794" lon="-137.237156"><ele>1366.478</ele><time>2026-07-12T21:19:51Z</time></trkpt><trkpt lat="60.551807" lon="-137.237153"><ele>1365.483</ele><time>2026-07-12T21:19:54Z</time></trkpt><trkpt lat="60.551801" lon="-137.237186"><ele>1364.887</ele><time>2026-07-12T21:19:58Z</time></trkpt><trkpt lat="60.55181" lon="-137.237235"><ele>1364.432</ele><time>2026-07-12T21:20:01Z</time></trkpt><trkpt lat="60.551824" lon="-137.237235"><ele>1363.292</ele><time>2026-07-12T21:20:03Z</time></trkpt><trkpt lat="60.551828" lon="-137.237233"><ele>1363.011</ele><time>2026-07-12T21:20:04Z</time></trkpt><trkpt lat="60.551844" lon="-137.237219"><ele>1362.009</ele><time>2026-07-12T21:20:06Z</time></trkpt><trkpt lat="60.551861" lon="-137.237222"><ele>1360.485</ele><time>2026-07-12T21:20:09Z</time></trkpt><trkpt lat="60.551862" lon="-137.237232"><ele>1360.410</ele><time>2026-07-12T21:20:10Z</time></trkpt><trkpt lat="60.551869" lon="-137.23736"><ele>1360.017</ele><time>2026-07-12T21:20:19Z</time></trkpt><trkpt lat="60.551876" lon="-137.237358"><ele>1359.224</ele><time>2026-07-12T21:20:20Z</time></trkpt><trkpt lat="60.55189" lon="-137.237367"><ele>1357.870</ele><time>2026-07-12T21:20:22Z</time></trkpt><trkpt lat="60.551901" lon="-137.23742"><ele>1355.865</ele><time>2026-07-12T21:20:25Z</time></trkpt><trkpt lat="60.551929" lon="-137.237432"><ele>1355.429</ele><time>2026-07-12T21:20:31Z</time></trkpt><trkpt lat="60.551945" lon="-137.237411"><ele>1354.434</ele><time>2026-07-12T21:20:34Z</time></trkpt><trkpt lat="60.551964" lon="-137.237398"><ele>1353.048</ele><time>2026-07-12T21:20:37Z</time></trkpt><trkpt lat="60.551982" lon="-137.237375"><ele>1352.213</ele><time>2026-07-12T21:20:40Z</time></trkpt><trkpt lat="60.55199" lon="-137.23737"><ele>1351.843</ele><time>2026-07-12T21:20:41Z</time></trkpt><trkpt lat="60.552009" lon="-137.23736"><ele>1350.807</ele><time>2026-07-12T21:20:44Z</time></trkpt><trkpt lat="60.552019" lon="-137.237379"><ele>1349.609</ele><time>2026-07-12T21:20:47Z</time></trkpt><trkpt lat="60.552018" lon="-137.237389"><ele>1349.233</ele><time>2026-07-12T21:20:48Z</time></trkpt><trkpt lat="60.55202" lon="-137.237442"><ele>1348.488</ele><time>2026-07-12T21:20:51Z</time></trkpt><trkpt lat="60.552032" lon="-137.237472"><ele>1347.685</ele><time>2026-07-12T21:20:54Z</time></trkpt><trkpt lat="60.552036" lon="-137.237463"><ele>1347.222</ele><time>2026-07-12T21:20:55Z</time></trkpt><trkpt lat="60.552061" lon="-137.237421"><ele>1346.228</ele><time>2026-07-12T21:20:59Z</time></trkpt><trkpt lat="60.552067" lon="-137.237413"><ele>1345.883</ele><time>2026-07-12T21:21:00Z</time></trkpt><trkpt lat="60.552083" lon="-137.237415"><ele>1345.037</ele><time>2026-07-12T21:21:03Z</time></trkpt><trkpt lat="60.55208" lon="-137.237481"><ele>1343.682</ele><time>2026-07-12T21:21:07Z</time></trkpt><trkpt lat="60.552071" lon="-137.237524"><ele>1342.416</ele><time>2026-07-12T21:21:10Z</time></trkpt><trkpt lat="60.552078" lon="-137.237541"><ele>1341.293</ele><time>2026-07-12T21:21:13Z</time></trkpt><trkpt lat="60.552084" lon="-137.237546"><ele>1340.865</ele><time>2026-07-12T21:21:14Z</time></trkpt><trkpt lat="60.552123" lon="-137.2376"><ele>1340.621</ele><time>2026-07-12T21:21:21Z</time></trkpt><trkpt lat="60.552122" lon="-137.237662"><ele>1340.009</ele><time>2026-07-12T21:21:26Z</time></trkpt><trkpt lat="60.552125" lon="-137.237676"><ele>1339.631</ele><time>2026-07-12T21:21:27Z</time></trkpt><trkpt lat="60.552134" lon="-137.237699"><ele>1338.816</ele><time>2026-07-12T21:21:29Z</time></trkpt><trkpt lat="60.552153" lon="-137.237715"><ele>1337.643</ele><time>2026-07-12T21:21:32Z</time></trkpt><trkpt lat="60.552161" lon="-137.237707"><ele>1337.070</ele><time>2026-07-12T21:21:34Z</time></trkpt><trkpt lat="60.552183" lon="-137.237684"><ele>1336.436</ele><time>2026-07-12T21:21:38Z</time></trkpt><trkpt lat="60.552197" lon="-137.237678"><ele>1335.631</ele><time>2026-07-12T21:21:43Z</time></trkpt><trkpt lat="60.552212" lon="-137.237685"><ele>1335.275</ele><time>2026-07-12T21:21:45Z</time></trkpt><trkpt lat="60.552225" lon="-137.237663"><ele>1334.640</ele><time>2026-07-12T21:21:48Z</time></trkpt><trkpt lat="60.552233" lon="-137.237641"><ele>1334.094</ele><time>2026-07-12T21:21:50Z</time></trkpt><trkpt lat="60.552251" lon="-137.237625"><ele>1333.276</ele><time>2026-07-12T21:21:54Z</time></trkpt><trkpt lat="60.552263" lon="-137.237631"><ele>1333.090</ele><time>2026-07-12T21:21:56Z</time></trkpt><trkpt lat="60.55228" lon="-137.2376"><ele>1333.019</ele><time>2026-07-12T21:22:00Z</time></trkpt><trkpt lat="60.552305" lon="-137.237557"><ele>1331.809</ele><time>2026-07-12T21:22:05Z</time></trkpt><trkpt lat="60.552311" lon="-137.237571"><ele>1331.219</ele><time>2026-07-12T21:22:07Z</time></trkpt><trkpt lat="60.552323" lon="-137.23754"><ele>1330.694</ele><time>2026-07-12T21:22:11Z</time></trkpt><trkpt lat="60.552327" lon="-137.237549"><ele>1330.061</ele><time>2026-07-12T21:22:13Z</time></trkpt><trkpt lat="60.552326" lon="-137.237563"><ele>1329.428</ele><time>2026-07-12T21:22:14Z</time></trkpt><trkpt lat="60.552323" lon="-137.23759"><ele>1328.444</ele><time>2026-07-12T21:22:17Z</time></trkpt><trkpt lat="60.552331" lon="-137.237615"><ele>1328.259</ele><time>2026-07-12T21:22:20Z</time></trkpt><trkpt lat="60.552351" lon="-137.23759"><ele>1327.293</ele><time>2026-07-12T21:22:25Z</time></trkpt><trkpt lat="60.552356" lon="-137.237578"><ele>1326.828</ele><time>2026-07-12T21:22:26Z</time></trkpt><trkpt lat="60.552365" lon="-137.237564"><ele>1326.032</ele><time>2026-07-12T21:22:28Z</time></trkpt><trkpt lat="60.552379" lon="-137.23756"><ele>1325.483</ele><time>2026-07-12T21:22:32Z</time></trkpt><trkpt lat="60.552383" lon="-137.23759"><ele>1324.625</ele><time>2026-07-12T21:22:35Z</time></trkpt><trkpt lat="60.552385" lon="-137.237616"><ele>1324.017</ele><time>2026-07-12T21:22:38Z</time></trkpt><trkpt lat="60.552389" lon="-137.23764"><ele>1323.609</ele><time>2026-07-12T21:22:40Z</time></trkpt><trkpt lat="60.552396" lon="-137.237644"><ele>1323.270</ele><time>2026-07-12T21:22:43Z</time></trkpt><trkpt lat="60.552403" lon="-137.237631"><ele>1322.435</ele><time>2026-07-12T21:22:46Z</time></trkpt><trkpt lat="60.552425" lon="-137.237617"><ele>1321.672</ele><time>2026-07-12T21:22:51Z</time></trkpt><trkpt lat="60.552425" lon="-137.237623"><ele>1321.269</ele><time>2026-07-12T21:22:52Z</time></trkpt><trkpt lat="60.552437" lon="-137.237666"><ele>1320.625</ele><time>2026-07-12T21:22:57Z</time></trkpt><trkpt lat="60.55246" lon="-137.237643"><ele>1320.050</ele><time>2026-07-12T21:23:01Z</time></trkpt><trkpt lat="60.552476" lon="-137.237659"><ele>1318.814</ele><time>2026-07-12T21:23:04Z</time></trkpt><trkpt lat="60.552496" lon="-137.237631"><ele>1317.639</ele><time>2026-07-12T21:23:08Z</time></trkpt><trkpt lat="60.552511" lon="-137.237639"><ele>1317.273</ele><time>2026-07-12T21:23:10Z</time></trkpt><trkpt lat="60.55251" lon="-137.237681"><ele>1316.651</ele><time>2026-07-12T21:23:13Z</time></trkpt><trkpt lat="60.552515" lon="-137.237733"><ele>1316.001</ele><time>2026-07-12T21:23:17Z</time></trkpt><trkpt lat="60.552538" lon="-137.237681"><ele>1315.611</ele><time>2026-07-12T21:23:21Z</time></trkpt><trkpt lat="60.552553" lon="-137.23767"><ele>1314.609</ele><time>2026-07-12T21:23:24Z</time></trkpt><trkpt lat="60.552553" lon="-137.237684"><ele>1314.417</ele><time>2026-07-12T21:23:25Z</time></trkpt><trkpt lat="60.552572" lon="-137.237633"><ele>1313.472</ele><time>2026-07-12T21:23:30Z</time></trkpt><trkpt lat="60.552578" lon="-137.237631"><ele>1313.039</ele><time>2026-07-12T21:23:31Z</time></trkpt><trkpt lat="60.552592" lon="-137.237665"><ele>1312.246</ele><time>2026-07-12T21:23:36Z</time></trkpt><trkpt lat="60.552595" lon="-137.237669"><ele>1312.052</ele><time>2026-07-12T21:23:37Z</time></trkpt><trkpt lat="60.552605" lon="-137.237722"><ele>1310.817</ele><time>2026-07-12T21:23:41Z</time></trkpt><trkpt lat="60.552608" lon="-137.237751"><ele>1310.241</ele><time>2026-07-12T21:23:43Z</time></trkpt><trkpt lat="60.55261" lon="-137.237762"><ele>1309.836</ele><time>2026-07-12T21:23:44Z</time></trkpt><trkpt lat="60.552636" lon="-137.237774"><ele>1309.430</ele><time>2026-07-12T21:23:50Z</time></trkpt><trkpt lat="60.552642" lon="-137.237811"><ele>1308.619</ele><time>2026-07-12T21:23:53Z</time></trkpt><trkpt lat="60.552643" lon="-137.23786"><ele>1307.209</ele><time>2026-07-12T21:23:58Z</time></trkpt><trkpt lat="60.552647" lon="-137.237868"><ele>1306.819</ele><time>2026-07-12T21:23:59Z</time></trkpt><trkpt lat="60.552655" lon="-137.237893"><ele>1306.009</ele><time>2026-07-12T21:24:01Z</time></trkpt><trkpt lat="60.552678" lon="-137.237869"><ele>1304.843</ele><time>2026-07-12T21:24:06Z</time></trkpt><trkpt lat="60.552697" lon="-137.237841"><ele>1303.698</ele><time>2026-07-12T21:24:11Z</time></trkpt><trkpt lat="60.552704" lon="-137.237843"><ele>1303.015</ele><time>2026-07-12T21:24:15Z</time></trkpt><trkpt lat="60.552708" lon="-137.237836"><ele>1302.872</ele><time>2026-07-12T21:24:26Z</time></trkpt><trkpt lat="60.552709" lon="-137.237835"><ele>1302.648</ele><time>2026-07-12T21:24:28Z</time></trkpt><trkpt lat="60.552725" lon="-137.237843"><ele>1302.073</ele><time>2026-07-12T21:24:31Z</time></trkpt><trkpt lat="60.552724" lon="-137.237858"><ele>1301.817</ele><time>2026-07-12T21:24:32Z</time></trkpt><trkpt lat="60.552734" lon="-137.237884"><ele>1301.492</ele><time>2026-07-12T21:24:34Z</time></trkpt><trkpt lat="60.552757" lon="-137.237865"><ele>1300.866</ele><time>2026-07-12T21:24:37Z</time></trkpt><trkpt lat="60.552764" lon="-137.237866"><ele>1300.468</ele><time>2026-07-12T21:24:38Z</time></trkpt><trkpt lat="60.552758" lon="-137.237924"><ele>1299.442</ele><time>2026-07-12T21:24:42Z</time></trkpt><trkpt lat="60.552791" lon="-137.237948"><ele>1298.226</ele><time>2026-07-12T21:24:45Z</time></trkpt><trkpt lat="60.552795" lon="-137.237966"><ele>1297.809</ele><time>2026-07-12T21:24:46Z</time></trkpt><trkpt lat="60.552795" lon="-137.238017"><ele>1297.298</ele><time>2026-07-12T21:24:48Z</time></trkpt><trkpt lat="60.552806" lon="-137.238101"><ele>1295.843</ele><time>2026-07-12T21:24:51Z</time></trkpt><trkpt lat="60.552813" lon="-137.238119"><ele>1295.430</ele><time>2026-07-12T21:24:52Z</time></trkpt><trkpt lat="60.552826" lon="-137.238114"><ele>1294.647</ele><time>2026-07-12T21:24:54Z</time></trkpt><trkpt lat="60.552839" lon="-137.238119"><ele>1294.233</ele><time>2026-07-12T21:24:56Z</time></trkpt><trkpt lat="60.552839" lon="-137.23812"><ele>1294.078</ele><time>2026-07-12T21:24:57Z</time></trkpt><trkpt lat="60.552864" lon="-137.238114"><ele>1293.682</ele><time>2026-07-12T21:25:03Z</time></trkpt><trkpt lat="60.55287" lon="-137.238108"><ele>1293.697</ele><time>2026-07-12T21:25:04Z</time></trkpt><trkpt lat="60.552889" lon="-137.238068"><ele>1292.211</ele><time>2026-07-12T21:25:09Z</time></trkpt><trkpt lat="60.552896" lon="-137.238057"><ele>1291.827</ele><time>2026-07-12T21:25:11Z</time></trkpt><trkpt lat="60.552911" lon="-137.238037"><ele>1291.068</ele><time>2026-07-12T21:25:15Z</time></trkpt><trkpt lat="60.552913" lon="-137.238021"><ele>1290.814</ele><time>2026-07-12T21:25:16Z</time></trkpt><trkpt lat="60.55292" lon="-137.237985"><ele>1289.809</ele><time>2026-07-12T21:25:18Z</time></trkpt><trkpt lat="60.55294" lon="-137.237973"><ele>1288.864</ele><time>2026-07-12T21:25:21Z</time></trkpt><trkpt lat="60.552951" lon="-137.237984"><ele>1288.289</ele><time>2026-07-12T21:25:23Z</time></trkpt><trkpt lat="60.552968" lon="-137.237997"><ele>1287.496</ele><time>2026-07-12T21:25:27Z</time></trkpt><trkpt lat="60.552969" lon="-137.237983"><ele>1287.213</ele><time>2026-07-12T21:25:28Z</time></trkpt><trkpt lat="60.552986" lon="-137.237953"><ele>1286.259</ele><time>2026-07-12T21:25:31Z</time></trkpt><trkpt lat="60.553004" lon="-137.237978"><ele>1285.064</ele><time>2026-07-12T21:25:34Z</time></trkpt><trkpt lat="60.553009" lon="-137.238006"><ele>1284.058</ele><time>2026-07-12T21:25:37Z</time></trkpt><trkpt lat="60.553011" lon="-137.238029"><ele>1283.623</ele><time>2026-07-12T21:25:40Z</time></trkpt><trkpt lat="60.553012" lon="-137.238069"><ele>1283.227</ele><time>2026-07-12T21:25:47Z</time></trkpt><trkpt lat="60.55301" lon="-137.238085"><ele>1282.865</ele><time>2026-07-12T21:25:48Z</time></trkpt><trkpt lat="60.553011" lon="-137.238124"><ele>1282.068</ele><time>2026-07-12T21:25:50Z</time></trkpt><trkpt lat="60.553019" lon="-137.238139"><ele>1281.814</ele><time>2026-07-12T21:25:51Z</time></trkpt><trkpt lat="60.553036" lon="-137.238149"><ele>1281.009</ele><time>2026-07-12T21:25:53Z</time></trkpt><trkpt lat="60.553041" lon="-137.238143"><ele>1280.678</ele><time>2026-07-12T21:25:54Z</time></trkpt><trkpt lat="60.553039" lon="-137.238126"><ele>1280.453</ele><time>2026-07-12T21:25:58Z</time></trkpt><trkpt lat="60.553049" lon="-137.238107"><ele>1279.620</ele><time>2026-07-12T21:26:03Z</time></trkpt><trkpt lat="60.553062" lon="-137.238101"><ele>1279.227</ele><time>2026-07-12T21:26:05Z</time></trkpt><trkpt lat="60.55307" lon="-137.238112"><ele>1279.463</ele><time>2026-07-12T21:26:13Z</time></trkpt><trkpt lat="60.55307" lon="-137.238112"><ele>1279.438</ele><time>2026-07-12T21:26:15Z</time></trkpt><trkpt lat="60.553087" lon="-137.2381"><ele>1278.832</ele><time>2026-07-12T21:26:16Z</time></trkpt><trkpt lat="60.553084" lon="-137.238093"><ele>1278.627</ele><time>2026-07-12T21:26:17Z</time></trkpt><trkpt lat="60.553093" lon="-137.238069"><ele>1277.661</ele><time>2026-07-12T21:26:20Z</time></trkpt><trkpt lat="60.553094" lon="-137.238067"><ele>1277.439</ele><time>2026-07-12T21:26:21Z</time></trkpt><trkpt lat="60.553122" lon="-137.238049"><ele>1276.201</ele><time>2026-07-12T21:26:26Z</time></trkpt><trkpt lat="60.553154" lon="-137.238986"><ele>1257.821</ele><time>2026-07-12T21:28:50Z</time></trkpt><trkpt lat="60.553182" lon="-137.239123"><ele>1255.109</ele><time>2026-07-12T21:29:01Z</time></trkpt><trkpt lat="60.553155" lon="-137.239272"><ele>1254.325</ele><time>2026-07-12T21:29:09Z</time></trkpt><trkpt lat="60.553108" lon="-137.239401"><ele>1253.680</ele><time>2026-07-12T21:29:17Z</time></trkpt><trkpt lat="60.55306" lon="-137.239534"><ele>1251.827</ele><time>2026-07-12T21:29:26Z</time></trkpt><trkpt lat="60.553029" lon="-137.23967"><ele>1249.634</ele><time>2026-07-12T21:29:34Z</time></trkpt><trkpt lat="60.553017" lon="-137.239822"><ele>1246.950</ele><time>2026-07-12T21:29:45Z</time></trkpt><trkpt lat="60.553002" lon="-137.239967"><ele>1245.985</ele><time>2026-07-12T21:29:50Z</time></trkpt><trkpt lat="60.552965" lon="-137.240112"><ele>1242.939</ele><time>2026-07-12T21:30:01Z</time></trkpt><trkpt lat="60.552991" lon="-137.240253"><ele>1243.214</ele><time>2026-07-12T21:30:11Z</time></trkpt><trkpt lat="60.553049" lon="-137.240343"><ele>1241.628</ele><time>2026-07-12T21:30:23Z</time></trkpt><trkpt lat="60.553126" lon="-137.240344"><ele>1239.749</ele><time>2026-07-12T21:30:34Z</time></trkpt><trkpt lat="60.553201" lon="-137.24033"><ele>1237.702</ele><time>2026-07-12T21:30:45Z</time></trkpt><trkpt lat="60.553273" lon="-137.240323"><ele>1235.422</ele><time>2026-07-12T21:30:54Z</time></trkpt><trkpt lat="60.553347" lon="-137.240337"><ele>1234.209</ele><time>2026-07-12T21:31:07Z</time></trkpt><trkpt lat="60.553421" lon="-137.240303"><ele>1230.796</ele><time>2026-07-12T21:31:25Z</time></trkpt><trkpt lat="60.55349" lon="-137.240348"><ele>1227.711</ele><time>2026-07-12T21:31:39Z</time></trkpt><trkpt lat="60.553567" lon="-137.240337"><ele>1224.618</ele><time>2026-07-12T21:31:52Z</time></trkpt><trkpt lat="60.55364" lon="-137.240335"><ele>1221.445</ele><time>2026-07-12T21:32:06Z</time></trkpt><trkpt lat="60.553709" lon="-137.24039"><ele>1219.891</ele><time>2026-07-12T21:32:17Z</time></trkpt><trkpt lat="60.553784" lon="-137.240374"><ele>1218.056</ele><time>2026-07-12T21:32:30Z</time></trkpt><trkpt lat="60.553862" lon="-137.240338"><ele>1216.520</ele><time>2026-07-12T21:32:39Z</time></trkpt><trkpt lat="60.553934" lon="-137.240364"><ele>1215.015</ele><time>2026-07-12T21:32:46Z</time></trkpt><trkpt lat="60.554008" lon="-137.24035"><ele>1213.499</ele><time>2026-07-12T21:32:53Z</time></trkpt><trkpt lat="60.554082" lon="-137.240333"><ele>1212.962</ele><time>2026-07-12T21:33:00Z</time></trkpt><trkpt lat="60.554161" lon="-137.240349"><ele>1212.983</ele><time>2026-07-12T21:33:08Z</time></trkpt><trkpt lat="60.554235" lon="-137.240326"><ele>1211.711</ele><time>2026-07-12T21:33:18Z</time></trkpt><trkpt lat="60.554309" lon="-137.24029"><ele>1209.109</ele><time>2026-07-12T21:33:29Z</time></trkpt><trkpt lat="60.554377" lon="-137.240219"><ele>1206.148</ele><time>2026-07-12T21:33:42Z</time></trkpt><trkpt lat="60.554451" lon="-137.240199"><ele>1204.023</ele><time>2026-07-12T21:33:54Z</time></trkpt><trkpt lat="60.554523" lon="-137.240173"><ele>1202.350</ele><time>2026-07-12T21:34:04Z</time></trkpt><trkpt lat="60.554596" lon="-137.240141"><ele>1200.147</ele><time>2026-07-12T21:34:14Z</time></trkpt><trkpt lat="60.554675" lon="-137.2401"><ele>1196.233</ele><time>2026-07-12T21:34:22Z</time></trkpt><trkpt lat="60.554746" lon="-137.240073"><ele>1194.528</ele><time>2026-07-12T21:34:29Z</time></trkpt><trkpt lat="60.554814" lon="-137.240025"><ele>1191.142</ele><time>2026-07-12T21:34:39Z</time></trkpt><trkpt lat="60.55488" lon="-137.239941"><ele>1188.967</ele><time>2026-07-12T21:34:55Z</time></trkpt><trkpt lat="60.554941" lon="-137.239823"><ele>1185.841</ele><time>2026-07-12T21:35:03Z</time></trkpt><trkpt lat="60.554997" lon="-137.239729"><ele>1183.818</ele><time>2026-07-12T21:35:09Z</time></trkpt><trkpt lat="60.555056" lon="-137.239626"><ele>1180.298</ele><time>2026-07-12T21:35:18Z</time></trkpt><trkpt lat="60.555125" lon="-137.239534"><ele>1176.717</ele><time>2026-07-12T21:35:25Z</time></trkpt><trkpt lat="60.555196" lon="-137.239555"><ele>1175.309</ele><time>2026-07-12T21:35:31Z</time></trkpt><trkpt lat="60.555267" lon="-137.239595"><ele>1173.523</ele><time>2026-07-12T21:35:38Z</time></trkpt><trkpt lat="60.555348" lon="-137.239586"><ele>1169.938</ele><time>2026-07-12T21:35:45Z</time></trkpt><trkpt lat="60.55541" lon="-137.239659"><ele>1167.095</ele><time>2026-07-12T21:35:53Z</time></trkpt><trkpt lat="60.555474" lon="-137.239732"><ele>1162.882</ele><time>2026-07-12T21:36:10Z</time></trkpt><trkpt lat="60.555537" lon="-137.239807"><ele>1158.868</ele><time>2026-07-12T21:36:26Z</time></trkpt><trkpt lat="60.555597" lon="-137.23989"><ele>1155.353</ele><time>2026-07-12T21:36:39Z</time></trkpt><trkpt lat="60.555631" lon="-137.240034"><ele>1154.057</ele><time>2026-07-12T21:36:55Z</time></trkpt><trkpt lat="60.555652" lon="-137.240195"><ele>1149.972</ele><time>2026-07-12T21:37:05Z</time></trkpt><trkpt lat="60.555719" lon="-137.240129"><ele>1146.856</ele><time>2026-07-12T21:37:14Z</time></trkpt><trkpt lat="60.555794" lon="-137.240166"><ele>1143.055</ele><time>2026-07-12T21:37:26Z</time></trkpt><trkpt lat="60.555861" lon="-137.240244"><ele>1140.907</ele><time>2026-07-12T21:37:37Z</time></trkpt><trkpt lat="60.555914" lon="-137.240342"><ele>1138.317</ele><time>2026-07-12T21:37:50Z</time></trkpt><trkpt lat="60.555957" lon="-137.240211"><ele>1136.609</ele><time>2026-07-12T21:37:59Z</time></trkpt><trkpt lat="60.556028" lon="-137.24018"><ele>1131.267</ele><time>2026-07-12T21:38:15Z</time></trkpt><trkpt lat="60.556095" lon="-137.240236"><ele>1130.072</ele><time>2026-07-12T21:38:23Z</time></trkpt><trkpt lat="60.556161" lon="-137.240164"><ele>1125.089</ele><time>2026-07-12T21:38:42Z</time></trkpt><trkpt lat="60.556239" lon="-137.240221"><ele>1122.146</ele><time>2026-07-12T21:39:00Z</time></trkpt><trkpt lat="60.55631" lon="-137.240302"><ele>1120.212</ele><time>2026-07-12T21:39:06Z</time></trkpt><trkpt lat="60.556368" lon="-137.240203"><ele>1116.967</ele><time>2026-07-12T21:39:12Z</time></trkpt><trkpt lat="60.556359" lon="-137.240051"><ele>1113.161</ele><time>2026-07-12T21:39:23Z</time></trkpt><trkpt lat="60.556412" lon="-137.24015"><ele>1109.316</ele><time>2026-07-12T21:41:00Z</time></trkpt><trkpt lat="60.556491" lon="-137.240138"><ele>1104.610</ele><time>2026-07-12T21:41:17Z</time></trkpt><trkpt lat="60.556557" lon="-137.240226"><ele>1103.168</ele><time>2026-07-12T21:41:22Z</time></trkpt><trkpt lat="60.556589" lon="-137.240091"><ele>1100.342</ele><time>2026-07-12T21:41:32Z</time></trkpt><trkpt lat="60.556578" lon="-137.239923"><ele>1099.426</ele><time>2026-07-12T21:41:38Z</time></trkpt><trkpt lat="60.556646" lon="-137.239866"><ele>1097.209</ele><time>2026-07-12T21:41:57Z</time></trkpt><trkpt lat="60.55672" lon="-137.239872"><ele>1093.278</ele><time>2026-07-12T21:42:10Z</time></trkpt><trkpt lat="60.556797" lon="-137.239876"><ele>1088.223</ele><time>2026-07-12T21:42:26Z</time></trkpt><trkpt lat="60.556839" lon="-137.239752"><ele>1082.480</ele><time>2026-07-12T21:42:46Z</time></trkpt><trkpt lat="60.556854" lon="-137.239608"><ele>1079.977</ele><time>2026-07-12T21:43:07Z</time></trkpt><trkpt lat="60.55691" lon="-137.239512"><ele>1072.963</ele><time>2026-07-12T21:43:59Z</time></trkpt><trkpt lat="60.556982" lon="-137.239469"><ele>1068.898</ele><time>2026-07-12T21:44:21Z</time></trkpt><trkpt lat="60.557055" lon="-137.239455"><ele>1066.872</ele><time>2026-07-12T21:44:34Z</time></trkpt><trkpt lat="60.557123" lon="-137.239391"><ele>1062.317</ele><time>2026-07-12T21:44:50Z</time></trkpt><trkpt lat="60.557191" lon="-137.239438"><ele>1059.641</ele><time>2026-07-12T21:44:58Z</time></trkpt><trkpt lat="60.557261" lon="-137.23941"><ele>1058.314</ele><time>2026-07-12T21:45:11Z</time></trkpt><trkpt lat="60.557241" lon="-137.239254"><ele>1056.354</ele><time>2026-07-12T21:45:17Z</time></trkpt><trkpt lat="60.557304" lon="-137.239335"><ele>1054.009</ele><time>2026-07-12T21:45:26Z</time></trkpt><trkpt lat="60.557358" lon="-137.239435"><ele>1052.809</ele><time>2026-07-12T21:45:34Z</time></trkpt><trkpt lat="60.55741" lon="-137.239537"><ele>1051.743</ele><time>2026-07-12T21:45:47Z</time></trkpt><trkpt lat="60.557452" lon="-137.23966"><ele>1049.028</ele><time>2026-07-12T21:45:56Z</time></trkpt><trkpt lat="60.557497" lon="-137.239793"><ele>1046.015</ele><time>2026-07-12T21:46:05Z</time></trkpt><trkpt lat="60.557529" lon="-137.23966"><ele>1042.712</ele><time>2026-07-12T21:46:22Z</time></trkpt><trkpt lat="60.557514" lon="-137.239508"><ele>1042.068</ele><time>2026-07-12T21:46:33Z</time></trkpt><trkpt lat="60.557493" lon="-137.239357"><ele>1041.313</ele><time>2026-07-12T21:46:41Z</time></trkpt><trkpt lat="60.557464" lon="-137.23922"><ele>1040.957</ele><time>2026-07-12T21:46:50Z</time></trkpt><trkpt lat="60.55746" lon="-137.239066"><ele>1038.992</ele><time>2026-07-12T21:47:02Z</time></trkpt><trkpt lat="60.557455" lon="-137.238906"><ele>1036.756</ele><time>2026-07-12T21:47:14Z</time></trkpt><trkpt lat="60.557407" lon="-137.238784"><ele>1034.236</ele><time>2026-07-12T21:47:20Z</time></trkpt><trkpt lat="60.557342" lon="-137.238693"><ele>1033.117</ele><time>2026-07-12T21:47:25Z</time></trkpt><trkpt lat="60.557359" lon="-137.238526"><ele>1033.318</ele><time>2026-07-12T21:47:47Z</time></trkpt><trkpt lat="60.557412" lon="-137.238426"><ele>1030.409</ele><time>2026-07-12T21:47:57Z</time></trkpt><trkpt lat="60.557436" lon="-137.238281"><ele>1029.455</ele><time>2026-07-12T21:48:03Z</time></trkpt><trkpt lat="60.55747" lon="-137.238142"><ele>1026.780</ele><time>2026-07-12T21:48:11Z</time></trkpt><trkpt lat="60.557489" lon="-137.237996"><ele>1024.757</ele><time>2026-07-12T21:48:18Z</time></trkpt><trkpt lat="60.55751" lon="-137.237842"><ele>1021.844</ele><time>2026-07-12T21:48:25Z</time></trkpt><trkpt lat="60.557578" lon="-137.237912"><ele>1016.480</ele><time>2026-07-12T21:48:34Z</time></trkpt><trkpt lat="60.557625" lon="-137.238025"><ele>1012.725</ele><time>2026-07-12T21:48:40Z</time></trkpt><trkpt lat="60.557664" lon="-137.238149"><ele>1008.839</ele><time>2026-07-12T21:48:54Z</time></trkpt><trkpt lat="60.557739" lon="-137.238152"><ele>1005.434</ele><time>2026-07-12T21:49:13Z</time></trkpt><trkpt lat="60.55781" lon="-137.238187"><ele>1000.928</ele><time>2026-07-12T21:49:27Z</time></trkpt><trkpt lat="60.557886" lon="-137.23819"><ele>995.578</ele><time>2026-07-12T21:49:53Z</time></trkpt><trkpt lat="60.557958" lon="-137.238196"><ele>993.033</ele><time>2026-07-12T21:50:05Z</time></trkpt><trkpt lat="60.558029" lon="-137.238122"><ele>991.026</ele><time>2026-07-12T21:50:18Z</time></trkpt><trkpt lat="60.558105" lon="-137.238137"><ele>990.409</ele><time>2026-07-12T21:50:29Z</time></trkpt><trkpt lat="60.558178" lon="-137.238208"><ele>990.699</ele><time>2026-07-12T21:50:42Z</time></trkpt><trkpt lat="60.558255" lon="-137.23825"><ele>987.044</ele><time>2026-07-12T21:50:55Z</time></trkpt><trkpt lat="60.558327" lon="-137.238273"><ele>978.611</ele><time>2026-07-12T21:51:12Z</time></trkpt><trkpt lat="60.558385" lon="-137.238364"><ele>979.128</ele><time>2026-07-12T21:51:18Z</time></trkpt><trkpt lat="60.55845" lon="-137.23843"><ele>974.994</ele><time>2026-07-12T21:51:32Z</time></trkpt><trkpt lat="60.558522" lon="-137.238428"><ele>970.549</ele><time>2026-07-12T21:51:47Z</time></trkpt><trkpt lat="60.55859" lon="-137.238494"><ele>964.393</ele><time>2026-07-12T21:52:15Z</time></trkpt><trkpt lat="60.558612" lon="-137.238348"><ele>960.738</ele><time>2026-07-12T21:52:27Z</time></trkpt><trkpt lat="60.558627" lon="-137.238194"><ele>957.752</ele><time>2026-07-12T21:52:37Z</time></trkpt><trkpt lat="60.558702" lon="-137.238207"><ele>956.653</ele><time>2026-07-12T21:52:47Z</time></trkpt><trkpt lat="60.558764" lon="-137.238113"><ele>954.304</ele><time>2026-07-12T21:52:59Z</time></trkpt><trkpt lat="60.558842" lon="-137.238115"><ele>951.214</ele><time>2026-07-12T21:53:11Z</time></trkpt><trkpt lat="60.558915" lon="-137.238146"><ele>949.309</ele><time>2026-07-12T21:53:19Z</time></trkpt><trkpt lat="60.558954" lon="-137.23802"><ele>944.927</ele><time>2026-07-12T21:53:31Z</time></trkpt><trkpt lat="60.558989" lon="-137.237884"><ele>941.742</ele><time>2026-07-12T21:53:45Z</time></trkpt><trkpt lat="60.559066" lon="-137.237873"><ele>938.859</ele><time>2026-07-12T21:53:56Z</time></trkpt><trkpt lat="60.559052" lon="-137.237728"><ele>934.696</ele><time>2026-07-12T21:54:05Z</time></trkpt><trkpt lat="60.559128" lon="-137.237765"><ele>936.482</ele><time>2026-07-12T21:54:13Z</time></trkpt><trkpt lat="60.559205" lon="-137.237841"><ele>934.547</ele><time>2026-07-12T21:54:36Z</time></trkpt><trkpt lat="60.559282" lon="-137.237877"><ele>928.561</ele><time>2026-07-12T21:54:56Z</time></trkpt><trkpt lat="60.559357" lon="-137.237799"><ele>927.016</ele><time>2026-07-12T21:55:11Z</time></trkpt><trkpt lat="60.559426" lon="-137.237855"><ele>920.910</ele><time>2026-07-12T21:55:38Z</time></trkpt><trkpt lat="60.559469" lon="-137.237981"><ele>915.641</ele><time>2026-07-12T21:55:52Z</time></trkpt><trkpt lat="60.559539" lon="-137.238047"><ele>914.181</ele><time>2026-07-12T21:56:03Z</time></trkpt><trkpt lat="60.559564" lon="-137.237902"><ele>905.109</ele><time>2026-07-12T21:56:45Z</time></trkpt><trkpt lat="60.55961" lon="-137.237775"><ele>902.409</ele><time>2026-07-12T21:57:34Z</time></trkpt><trkpt lat="60.559671" lon="-137.237675"><ele>899.336</ele><time>2026-07-12T21:58:12Z</time></trkpt><trkpt lat="60.559738" lon="-137.237568"><ele>895.471</ele><time>2026-07-12T21:58:21Z</time></trkpt><trkpt lat="60.559781" lon="-137.237436"><ele>892.448</ele><time>2026-07-12T21:58:32Z</time></trkpt><trkpt lat="60.559854" lon="-137.237427"><ele>888.775</ele><time>2026-07-12T21:58:42Z</time></trkpt><trkpt lat="60.559917" lon="-137.237516"><ele>883.231</ele><time>2026-07-12T21:58:55Z</time></trkpt><trkpt lat="60.559986" lon="-137.237453"><ele>879.146</ele><time>2026-07-12T21:59:10Z</time></trkpt><trkpt lat="60.560019" lon="-137.237319"><ele>876.730</ele><time>2026-07-12T21:59:20Z</time></trkpt><trkpt lat="60.560095" lon="-137.237356"><ele>873.815</ele><time>2026-07-12T21:59:34Z</time></trkpt><trkpt lat="60.560162" lon="-137.237281"><ele>872.319</ele><time>2026-07-12T21:59:46Z</time></trkpt><trkpt lat="60.560225" lon="-137.237206"><ele>871.246</ele><time>2026-07-12T21:59:57Z</time></trkpt><trkpt lat="60.56022" lon="-137.237049"><ele>868.288</ele><time>2026-07-12T22:00:06Z</time></trkpt><trkpt lat="60.560204" lon="-137.2369"><ele>866.216</ele><time>2026-07-12T22:00:12Z</time></trkpt><trkpt lat="60.56019" lon="-137.236748"><ele>864.609</ele><time>2026-07-12T22:00:26Z</time></trkpt><trkpt lat="60.560251" lon="-137.236665"><ele>860.766</ele><time>2026-07-12T22:00:38Z</time></trkpt><trkpt lat="60.560315" lon="-137.236588"><ele>856.451</ele><time>2026-07-12T22:00:52Z</time></trkpt><trkpt lat="60.560386" lon="-137.236622"><ele>854.648</ele><time>2026-07-12T22:01:00Z</time></trkpt><trkpt lat="60.560453" lon="-137.23655"><ele>851.035</ele><time>2026-07-12T22:01:08Z</time></trkpt><trkpt lat="60.560498" lon="-137.236427"><ele>847.521</ele><time>2026-07-12T22:01:19Z</time></trkpt><trkpt lat="60.560575" lon="-137.236441"><ele>843.236</ele><time>2026-07-12T22:01:29Z</time></trkpt><trkpt lat="60.560648" lon="-137.23643"><ele>835.380</ele><time>2026-07-12T22:01:46Z</time></trkpt><trkpt lat="60.560704" lon="-137.236331"><ele>834.675</ele><time>2026-07-12T22:02:00Z</time></trkpt><trkpt lat="60.560769" lon="-137.23626"><ele>833.199</ele><time>2026-07-12T22:02:06Z</time></trkpt><trkpt lat="60.56084" lon="-137.236232"><ele>831.494</ele><time>2026-07-12T22:02:11Z</time></trkpt><trkpt lat="60.560897" lon="-137.23613"><ele>829.757</ele><time>2026-07-12T22:02:18Z</time></trkpt><trkpt lat="60.560965" lon="-137.236054"><ele>828.222</ele><time>2026-07-12T22:02:25Z</time></trkpt><trkpt lat="60.561041" lon="-137.235971"><ele>828.709</ele><time>2026-07-12T22:02:34Z</time></trkpt><trkpt lat="60.561093" lon="-137.235862"><ele>826.311</ele><time>2026-07-12T22:02:46Z</time></trkpt><trkpt lat="60.561166" lon="-137.235818"><ele>825.986</ele><time>2026-07-12T22:02:53Z</time></trkpt><trkpt lat="60.56124" lon="-137.235808"><ele>823.033</ele><time>2026-07-12T22:03:02Z</time></trkpt><trkpt lat="60.561307" lon="-137.235734"><ele>821.320</ele><time>2026-07-12T22:03:07Z</time></trkpt><trkpt lat="60.561378" lon="-137.235644"><ele>819.436</ele><time>2026-07-12T22:03:16Z</time></trkpt><trkpt lat="60.56142" lon="-137.23552"><ele>818.061</ele><time>2026-07-12T22:03:22Z</time></trkpt><trkpt lat="60.561475" lon="-137.235409"><ele>815.535</ele><time>2026-07-12T22:03:33Z</time></trkpt><trkpt lat="60.561548" lon="-137.235387"><ele>811.270</ele><time>2026-07-12T22:03:49Z</time></trkpt><trkpt lat="60.561567" lon="-137.235239"><ele>809.034</ele><time>2026-07-12T22:03:57Z</time></trkpt><trkpt lat="60.561498" lon="-137.235152"><ele>807.195</ele><time>2026-07-12T22:04:03Z</time></trkpt><trkpt lat="60.561423" lon="-137.235156"><ele>803.249</ele><time>2026-07-12T22:04:11Z</time></trkpt><trkpt lat="60.561349" lon="-137.235169"><ele>801.523</ele><time>2026-07-12T22:04:18Z</time></trkpt><trkpt lat="60.561271" lon="-137.235138"><ele>800.309</ele><time>2026-07-12T22:04:25Z</time></trkpt><trkpt lat="60.561291" lon="-137.234986"><ele>795.841</ele><time>2026-07-12T22:04:35Z</time></trkpt><trkpt lat="60.561364" lon="-137.234903"><ele>793.296</ele><time>2026-07-12T22:04:44Z</time></trkpt><trkpt lat="60.561438" lon="-137.234869"><ele>792.163</ele><time>2026-07-12T22:04:49Z</time></trkpt><trkpt lat="60.561514" lon="-137.2348"><ele>790.950</ele><time>2026-07-12T22:04:57Z</time></trkpt><trkpt lat="60.561589" lon="-137.234756"><ele>790.366</ele><time>2026-07-12T22:05:04Z</time></trkpt><trkpt lat="60.561575" lon="-137.234591"><ele>788.241</ele><time>2026-07-12T22:05:10Z</time></trkpt><trkpt lat="60.561527" lon="-137.234457"><ele>786.535</ele><time>2026-07-12T22:05:15Z</time></trkpt><trkpt lat="60.561504" lon="-137.234281"><ele>784.980</ele><time>2026-07-12T22:05:20Z</time></trkpt><trkpt lat="60.561545" lon="-137.234105"><ele>783.564</ele><time>2026-07-12T22:05:25Z</time></trkpt><trkpt lat="60.561636" lon="-137.233871"><ele>781.113</ele><time>2026-07-12T22:05:35Z</time></trkpt><trkpt lat="60.561651" lon="-137.23372"><ele>778.743</ele><time>2026-07-12T22:05:40Z</time></trkpt><trkpt lat="60.561647" lon="-137.233556"><ele>777.907</ele><time>2026-07-12T22:05:45Z</time></trkpt><trkpt lat="60.561605" lon="-137.233426"><ele>775.109</ele><time>2026-07-12T22:05:52Z</time></trkpt><trkpt lat="60.561585" lon="-137.233256"><ele>775.163</ele><time>2026-07-12T22:05:59Z</time></trkpt><trkpt lat="60.561559" lon="-137.233103"><ele>775.188</ele><time>2026-07-12T22:06:06Z</time></trkpt><trkpt lat="60.561575" lon="-137.23296"><ele>776.615</ele><time>2026-07-12T22:06:13Z</time></trkpt><trkpt lat="60.561613" lon="-137.232824"><ele>777.332</ele><time>2026-07-12T22:06:20Z</time></trkpt><trkpt lat="60.561647" lon="-137.232675"><ele>780.768</ele><time>2026-07-12T22:06:27Z</time></trkpt><trkpt lat="60.561662" lon="-137.232523"><ele>778.193</ele><time>2026-07-12T22:06:34Z</time></trkpt><trkpt lat="60.561684" lon="-137.232365"><ele>776.457</ele><time>2026-07-12T22:06:41Z</time></trkpt><trkpt lat="60.561721" lon="-137.23222"><ele>775.782</ele><time>2026-07-12T22:06:48Z</time></trkpt><trkpt lat="60.56175" lon="-137.232076"><ele>774.326</ele><time>2026-07-12T22:06:55Z</time></trkpt><trkpt lat="60.56177" lon="-137.231934"><ele>772.633</ele><time>2026-07-12T22:07:01Z</time></trkpt><trkpt lat="60.561805" lon="-137.231805"><ele>773.223</ele><time>2026-07-12T22:07:09Z</time></trkpt><trkpt lat="60.561846" lon="-137.231668"><ele>772.315</ele><time>2026-07-12T22:07:14Z</time></trkpt><trkpt lat="60.561845" lon="-137.231501"><ele>771.309</ele><time>2026-07-12T22:07:21Z</time></trkpt><trkpt lat="60.561852" lon="-137.231342"><ele>771.635</ele><time>2026-07-12T22:07:28Z</time></trkpt><trkpt lat="60.561898" lon="-137.231199"><ele>770.170</ele><time>2026-07-12T22:07:37Z</time></trkpt><trkpt lat="60.561926" lon="-137.231061"><ele>768.147</ele><time>2026-07-12T22:07:44Z</time></trkpt><trkpt lat="60.561985" lon="-137.230977"><ele>767.754</ele><time>2026-07-12T22:07:50Z</time></trkpt><trkpt lat="60.562034" lon="-137.230868"><ele>765.920</ele><time>2026-07-12T22:07:57Z</time></trkpt><trkpt lat="60.56207" lon="-137.230739"><ele>764.435</ele><time>2026-07-12T22:08:03Z</time></trkpt><trkpt lat="60.562107" lon="-137.230603"><ele>764.519</ele><time>2026-07-12T22:08:10Z</time></trkpt><trkpt lat="60.562147" lon="-137.230473"><ele>764.934</ele><time>2026-07-12T22:08:17Z</time></trkpt><trkpt lat="60.562187" lon="-137.230338"><ele>764.448</ele><time>2026-07-12T22:08:24Z</time></trkpt><trkpt lat="60.562213" lon="-137.230194"><ele>765.191</ele><time>2026-07-12T22:08:32Z</time></trkpt><trkpt lat="60.562265" lon="-137.23007"><ele>763.981</ele><time>2026-07-12T22:08:40Z</time></trkpt><trkpt lat="60.562322" lon="-137.229954"><ele>764.519</ele><time>2026-07-12T22:08:47Z</time></trkpt><trkpt lat="60.562377" lon="-137.229857"><ele>763.309</ele><time>2026-07-12T22:08:53Z</time></trkpt><trkpt lat="60.562417" lon="-137.229733"><ele>761.731</ele><time>2026-07-12T22:08:59Z</time></trkpt><trkpt lat="60.562487" lon="-137.229661"><ele>762.026</ele><time>2026-07-12T22:09:06Z</time></trkpt><trkpt lat="60.562537" lon="-137.229549"><ele>763.393</ele><time>2026-07-12T22:09:15Z</time></trkpt><trkpt lat="60.562607" lon="-137.229485"><ele>763.440</ele><time>2026-07-12T22:09:37Z</time></trkpt><trkpt lat="60.562689" lon="-137.229475"><ele>761.296</ele><time>2026-07-12T22:09:44Z</time></trkpt><trkpt lat="60.562783" lon="-137.229471"><ele>760.191</ele><time>2026-07-12T22:09:50Z</time></trkpt><trkpt lat="60.562838" lon="-137.229366"><ele>758.455</ele><time>2026-07-12T22:09:56Z</time></trkpt><trkpt lat="60.562905" lon="-137.229303"><ele>758.570</ele><time>2026-07-12T22:10:02Z</time></trkpt><trkpt lat="60.562969" lon="-137.229207"><ele>759.414</ele><time>2026-07-12T22:10:07Z</time></trkpt><trkpt lat="60.562985" lon="-137.229034"><ele>759.038</ele><time>2026-07-12T22:10:13Z</time></trkpt><trkpt lat="60.563015" lon="-137.22888"><ele>757.170</ele><time>2026-07-12T22:10:21Z</time></trkpt><trkpt lat="60.563093" lon="-137.228817"><ele>756.917</ele><time>2026-07-12T22:10:29Z</time></trkpt><trkpt lat="60.563134" lon="-137.228693"><ele>756.409</ele><time>2026-07-12T22:10:37Z</time></trkpt><trkpt lat="60.563186" lon="-137.228575"><ele>755.625</ele><time>2026-07-12T22:10:45Z</time></trkpt><trkpt lat="60.563236" lon="-137.228453"><ele>755.240</ele><time>2026-07-12T22:10:52Z</time></trkpt><trkpt lat="60.563297" lon="-137.228369"><ele>755.987</ele><time>2026-07-12T22:10:59Z</time></trkpt><trkpt lat="60.563374" lon="-137.228315"><ele>757.624</ele><time>2026-07-12T22:11:06Z</time></trkpt><trkpt lat="60.563435" lon="-137.228202"><ele>756.080</ele><time>2026-07-12T22:11:12Z</time></trkpt><trkpt lat="60.563497" lon="-137.228097"><ele>755.035</ele><time>2026-07-12T22:11:21Z</time></trkpt><trkpt lat="60.56356" lon="-137.228004"><ele>756.269</ele><time>2026-07-12T22:11:28Z</time></trkpt><trkpt lat="60.563611" lon="-137.227896"><ele>755.834</ele><time>2026-07-12T22:11:35Z</time></trkpt><trkpt lat="60.563688" lon="-137.227856"><ele>755.768</ele><time>2026-07-12T22:11:42Z</time></trkpt><trkpt lat="60.563742" lon="-137.22774"><ele>754.183</ele><time>2026-07-12T22:11:48Z</time></trkpt><trkpt lat="60.563803" lon="-137.227658"><ele>753.425</ele><time>2026-07-12T22:11:55Z</time></trkpt><trkpt lat="60.563868" lon="-137.227566"><ele>753.817</ele><time>2026-07-12T22:12:02Z</time></trkpt><trkpt lat="60.563929" lon="-137.22747"><ele>752.709</ele><time>2026-07-12T22:12:10Z</time></trkpt><trkpt lat="60.564007" lon="-137.227456"><ele>755.050</ele><time>2026-07-12T22:12:17Z</time></trkpt><trkpt lat="60.564087" lon="-137.227425"><ele>755.315</ele><time>2026-07-12T22:12:24Z</time></trkpt><trkpt lat="60.564155" lon="-137.227327"><ele>754.812</ele><time>2026-07-12T22:12:29Z</time></trkpt><trkpt lat="60.564221" lon="-137.227264"><ele>753.829</ele><time>2026-07-12T22:12:36Z</time></trkpt><trkpt lat="60.564289" lon="-137.227172"><ele>754.245</ele><time>2026-07-12T22:12:41Z</time></trkpt><trkpt lat="60.564336" lon="-137.227025"><ele>754.060</ele><time>2026-07-12T22:12:48Z</time></trkpt><trkpt lat="60.564393" lon="-137.226935"><ele>753.224</ele><time>2026-07-12T22:12:53Z</time></trkpt><trkpt lat="60.56443" lon="-137.226806"><ele>752.219</ele><time>2026-07-12T22:12:59Z</time></trkpt><trkpt lat="60.564484" lon="-137.226705"><ele>753.353</ele><time>2026-07-12T22:13:06Z</time></trkpt><trkpt lat="60.564535" lon="-137.226598"><ele>753.025</ele><time>2026-07-12T22:13:13Z</time></trkpt><trkpt lat="60.564598" lon="-137.226488"><ele>751.026</ele><time>2026-07-12T22:13:20Z</time></trkpt><trkpt lat="60.564666" lon="-137.226418"><ele>751.408</ele><time>2026-07-12T22:13:26Z</time></trkpt><trkpt lat="60.56473" lon="-137.226316"><ele>751.309</ele><time>2026-07-12T22:13:32Z</time></trkpt><trkpt lat="60.564801" lon="-137.226244"><ele>751.134</ele><time>2026-07-12T22:13:38Z</time></trkpt><trkpt lat="60.56487" lon="-137.226174"><ele>750.989</ele><time>2026-07-12T22:13:44Z</time></trkpt><trkpt lat="60.56493" lon="-137.226048"><ele>750.496</ele><time>2026-07-12T22:13:52Z</time></trkpt><trkpt lat="60.564992" lon="-137.225935"><ele>750.113</ele><time>2026-07-12T22:13:58Z</time></trkpt><trkpt lat="60.565044" lon="-137.225809"><ele>750.849</ele><time>2026-07-12T22:14:05Z</time></trkpt><trkpt lat="60.5651" lon="-137.225713"><ele>751.234</ele><time>2026-07-12T22:14:10Z</time></trkpt><trkpt lat="60.565165" lon="-137.22561"><ele>750.848</ele><time>2026-07-12T22:14:18Z</time></trkpt><trkpt lat="60.565206" lon="-137.225462"><ele>751.023</ele><time>2026-07-12T22:14:24Z</time></trkpt><trkpt lat="60.565252" lon="-137.225331"><ele>751.247</ele><time>2026-07-12T22:14:30Z</time></trkpt><trkpt lat="60.565288" lon="-137.225203"><ele>752.397</ele><time>2026-07-12T22:14:37Z</time></trkpt><trkpt lat="60.565342" lon="-137.225064"><ele>753.223</ele><time>2026-07-12T22:14:44Z</time></trkpt><trkpt lat="60.565378" lon="-137.224932"><ele>753.825</ele><time>2026-07-12T22:14:50Z</time></trkpt><trkpt lat="60.565405" lon="-137.224793"><ele>754.209</ele><time>2026-07-12T22:14:57Z</time></trkpt><trkpt lat="60.565443" lon="-137.224656"><ele>754.941</ele><time>2026-07-12T22:15:04Z</time></trkpt><trkpt lat="60.565495" lon="-137.224536"><ele>754.996</ele><time>2026-07-12T22:15:10Z</time></trkpt><trkpt lat="60.565529" lon="-137.224406"><ele>754.963</ele><time>2026-07-12T22:15:16Z</time></trkpt><trkpt lat="60.565573" lon="-137.224259"><ele>754.180</ele><time>2026-07-12T22:15:23Z</time></trkpt><trkpt lat="60.565606" lon="-137.224123"><ele>753.346</ele><time>2026-07-12T22:15:29Z</time></trkpt><trkpt lat="60.565646" lon="-137.223979"><ele>753.961</ele><time>2026-07-12T22:15:36Z</time></trkpt><trkpt lat="60.565703" lon="-137.223862"><ele>753.225</ele><time>2026-07-12T22:15:44Z</time></trkpt><trkpt lat="60.565776" lon="-137.223763"><ele>754.070</ele><time>2026-07-12T22:15:51Z</time></trkpt><trkpt lat="60.565824" lon="-137.223646"><ele>753.414</ele><time>2026-07-12T22:15:56Z</time></trkpt><trkpt lat="60.565882" lon="-137.22353"><ele>753.715</ele><time>2026-07-12T22:16:02Z</time></trkpt><trkpt lat="60.565919" lon="-137.223401"><ele>754.665</ele><time>2026-07-12T22:16:10Z</time></trkpt><trkpt lat="60.565937" lon="-137.223253"><ele>755.311</ele><time>2026-07-12T22:16:16Z</time></trkpt><trkpt lat="60.56599" lon="-137.223141"><ele>758.409</ele><time>2026-07-12T22:16:24Z</time></trkpt><trkpt lat="60.566013" lon="-137.222986"><ele>758.163</ele><time>2026-07-12T22:16:30Z</time></trkpt><trkpt lat="60.566067" lon="-137.222877"><ele>752.578</ele><time>2026-07-12T22:17:18Z</time></trkpt><trkpt lat="60.566144" lon="-137.222805"><ele>753.015</ele><time>2026-07-12T22:17:23Z</time></trkpt><trkpt lat="60.566226" lon="-137.222777"><ele>753.792</ele><time>2026-07-12T22:17:28Z</time></trkpt><trkpt lat="60.566375" lon="-137.222657"><ele>756.518</ele><time>2026-07-12T22:17:36Z</time></trkpt><trkpt lat="60.566441" lon="-137.222576"><ele>757.033</ele><time>2026-07-12T22:17:41Z</time></trkpt><trkpt lat="60.566557" lon="-137.222381"><ele>753.357</ele><time>2026-07-12T22:17:49Z</time></trkpt><trkpt lat="60.566688" lon="-137.22217"><ele>752.462</ele><time>2026-07-12T22:17:59Z</time></trkpt><trkpt lat="60.566832" lon="-137.222045"><ele>751.586</ele><time>2026-07-12T22:18:09Z</time></trkpt><trkpt lat="60.566897" lon="-137.221939"><ele>751.067</ele><time>2026-07-12T22:18:15Z</time></trkpt><trkpt lat="60.566979" lon="-137.221924"><ele>752.481</ele><time>2026-07-12T22:18:19Z</time></trkpt><trkpt lat="60.567065" lon="-137.221922"><ele>755.219</ele><time>2026-07-12T22:18:26Z</time></trkpt><trkpt lat="60.567141" lon="-137.22188"><ele>759.109</ele><time>2026-07-12T22:18:32Z</time></trkpt><trkpt lat="60.567211" lon="-137.221792"><ele>757.558</ele><time>2026-07-12T22:18:37Z</time></trkpt><trkpt lat="60.567273" lon="-137.221712"><ele>755.373</ele><time>2026-07-12T22:18:43Z</time></trkpt><trkpt lat="60.567346" lon="-137.221616"><ele>755.180</ele><time>2026-07-12T22:18:50Z</time></trkpt><trkpt lat="60.567375" lon="-137.221481"><ele>752.757</ele><time>2026-07-12T22:18:56Z</time></trkpt><trkpt lat="60.567438" lon="-137.221361"><ele>752.513</ele><time>2026-07-12T22:19:02Z</time></trkpt><trkpt lat="60.567507" lon="-137.221279"><ele>754.028</ele><time>2026-07-12T22:19:08Z</time></trkpt><trkpt lat="60.567593" lon="-137.221278"><ele>753.892</ele><time>2026-07-12T22:19:15Z</time></trkpt><trkpt lat="60.567672" lon="-137.221325"><ele>754.477</ele><time>2026-07-12T22:19:23Z</time></trkpt><trkpt lat="60.567739" lon="-137.221401"><ele>754.511</ele><time>2026-07-12T22:19:30Z</time></trkpt><trkpt lat="60.56781" lon="-137.221473"><ele>754.575</ele><time>2026-07-12T22:19:36Z</time></trkpt><trkpt lat="60.567881" lon="-137.221525"><ele>755.128</ele><time>2026-07-12T22:19:43Z</time></trkpt><trkpt lat="60.56796" lon="-137.221521"><ele>756.620</ele><time>2026-07-12T22:19:48Z</time></trkpt><trkpt lat="60.568044" lon="-137.221519"><ele>756.809</ele><time>2026-07-12T22:19:54Z</time></trkpt><trkpt lat="60.568117" lon="-137.221538"><ele>755.629</ele><time>2026-07-12T22:20:02Z</time></trkpt><trkpt lat="60.568193" lon="-137.221489"><ele>755.194</ele><time>2026-07-12T22:20:07Z</time></trkpt><trkpt lat="60.568261" lon="-137.221442"><ele>754.991</ele><time>2026-07-12T22:20:14Z</time></trkpt><trkpt lat="60.568324" lon="-137.221345"><ele>755.978</ele><time>2026-07-12T22:20:20Z</time></trkpt><trkpt lat="60.568381" lon="-137.221232"><ele>756.134</ele><time>2026-07-12T22:20:28Z</time></trkpt><trkpt lat="60.568435" lon="-137.221132"><ele>755.089</ele><time>2026-07-12T22:20:34Z</time></trkpt><trkpt lat="60.568492" lon="-137.221043"><ele>754.153</ele><time>2026-07-12T22:20:41Z</time></trkpt><trkpt lat="60.56856" lon="-137.22096"><ele>753.518</ele><time>2026-07-12T22:20:47Z</time></trkpt><trkpt lat="60.56864" lon="-137.220927"><ele>753.012</ele><time>2026-07-12T22:20:54Z</time></trkpt><trkpt lat="60.568708" lon="-137.220876"><ele>754.713</ele><time>2026-07-12T22:20:59Z</time></trkpt><trkpt lat="60.568786" lon="-137.220849"><ele>754.843</ele><time>2026-07-12T22:21:05Z</time></trkpt><trkpt lat="60.568862" lon="-137.220832"><ele>754.907</ele><time>2026-07-12T22:21:12Z</time></trkpt><trkpt lat="60.568935" lon="-137.220806"><ele>756.109</ele><time>2026-07-12T22:21:18Z</time></trkpt><trkpt lat="60.56901" lon="-137.22078"><ele>756.463</ele><time>2026-07-12T22:21:23Z</time></trkpt><trkpt lat="60.569078" lon="-137.220702"><ele>756.628</ele><time>2026-07-12T22:21:29Z</time></trkpt><trkpt lat="60.569139" lon="-137.220613"><ele>754.885</ele><time>2026-07-12T22:21:35Z</time></trkpt><trkpt lat="60.569207" lon="-137.220555"><ele>755.052</ele><time>2026-07-12T22:21:40Z</time></trkpt><trkpt lat="60.569277" lon="-137.2205"><ele>756.238</ele><time>2026-07-12T22:21:46Z</time></trkpt><trkpt lat="60.569345" lon="-137.220443"><ele>756.763</ele><time>2026-07-12T22:21:53Z</time></trkpt><trkpt lat="60.569415" lon="-137.220381"><ele>755.647</ele><time>2026-07-12T22:22:00Z</time></trkpt><trkpt lat="60.569493" lon="-137.22037"><ele>754.062</ele><time>2026-07-12T22:22:06Z</time></trkpt><trkpt lat="60.569567" lon="-137.220358"><ele>754.426</ele><time>2026-07-12T22:22:13Z</time></trkpt><trkpt lat="60.569639" lon="-137.220317"><ele>755.748</ele><time>2026-07-12T22:22:19Z</time></trkpt><trkpt lat="60.569697" lon="-137.220217"><ele>755.461</ele><time>2026-07-12T22:22:27Z</time></trkpt><trkpt lat="60.569771" lon="-137.220189"><ele>753.917</ele><time>2026-07-12T22:22:34Z</time></trkpt><trkpt lat="60.569838" lon="-137.220125"><ele>755.009</ele><time>2026-07-12T22:22:40Z</time></trkpt><trkpt lat="60.569905" lon="-137.220066"><ele>754.436</ele><time>2026-07-12T22:22:46Z</time></trkpt><trkpt lat="60.569971" lon="-137.22"><ele>753.961</ele><time>2026-07-12T22:22:53Z</time></trkpt><trkpt lat="60.570048" lon="-137.219956"><ele>754.138</ele><time>2026-07-12T22:22:58Z</time></trkpt><trkpt lat="60.570119" lon="-137.219882"><ele>755.555</ele><time>2026-07-12T22:23:05Z</time></trkpt><trkpt lat="60.570199" lon="-137.21983"><ele>755.441</ele><time>2026-07-12T22:23:12Z</time></trkpt><trkpt lat="60.570268" lon="-137.219754"><ele>754.926</ele><time>2026-07-12T22:23:20Z</time></trkpt><trkpt lat="60.570344" lon="-137.219697"><ele>756.270</ele><time>2026-07-12T22:23:27Z</time></trkpt><trkpt lat="60.570418" lon="-137.219672"><ele>756.965</ele><time>2026-07-12T22:23:33Z</time></trkpt><trkpt lat="60.570503" lon="-137.219646"><ele>756.479</ele><time>2026-07-12T22:23:41Z</time></trkpt><trkpt lat="60.57058" lon="-137.219642"><ele>755.024</ele><time>2026-07-12T22:23:48Z</time></trkpt><trkpt lat="60.57066" lon="-137.219625"><ele>755.104</ele><time>2026-07-12T22:23:55Z</time></trkpt><trkpt lat="60.570739" lon="-137.219585"><ele>756.614</ele><time>2026-07-12T22:24:02Z</time></trkpt><trkpt lat="60.570813" lon="-137.21952"><ele>757.009</ele><time>2026-07-12T22:24:10Z</time></trkpt><trkpt lat="60.570881" lon="-137.219464"><ele>755.694</ele><time>2026-07-12T22:24:19Z</time></trkpt><trkpt lat="60.570958" lon="-137.219429"><ele>755.969</ele><time>2026-07-12T22:24:25Z</time></trkpt><trkpt lat="60.571021" lon="-137.219354"><ele>755.376</ele><time>2026-07-12T22:24:34Z</time></trkpt><trkpt lat="60.571095" lon="-137.219264"><ele>756.943</ele><time>2026-07-12T22:24:41Z</time></trkpt><trkpt lat="60.571174" lon="-137.219198"><ele>758.419</ele><time>2026-07-12T22:24:49Z</time></trkpt><trkpt lat="60.57125" lon="-137.219211"><ele>760.884</ele><time>2026-07-12T22:24:56Z</time></trkpt><trkpt lat="60.571331" lon="-137.219178"><ele>759.528</ele><time>2026-07-12T22:25:04Z</time></trkpt><trkpt lat="60.571397" lon="-137.219238"><ele>759.163</ele><time>2026-07-12T22:25:10Z</time></trkpt><trkpt lat="60.571462" lon="-137.219306"><ele>762.027</ele><time>2026-07-12T22:25:16Z</time></trkpt><trkpt lat="60.571526" lon="-137.219389"><ele>762.198</ele><time>2026-07-12T22:25:23Z</time></trkpt><trkpt lat="60.571604" lon="-137.219455"><ele>763.015</ele><time>2026-07-12T22:25:29Z</time></trkpt><trkpt lat="60.571683" lon="-137.219462"><ele>762.226</ele><time>2026-07-12T22:25:34Z</time></trkpt><trkpt lat="60.571762" lon="-137.219496"><ele>762.209</ele><time>2026-07-12T22:25:40Z</time></trkpt><trkpt lat="60.571835" lon="-137.219442"><ele>758.911</ele><time>2026-07-12T22:25:46Z</time></trkpt><trkpt lat="60.571912" lon="-137.21944"><ele>758.026</ele><time>2026-07-12T22:25:53Z</time></trkpt><trkpt lat="60.571999" lon="-137.219416"><ele>758.993</ele><time>2026-07-12T22:26:00Z</time></trkpt><trkpt lat="60.572073" lon="-137.219352"><ele>756.150</ele><time>2026-07-12T22:26:07Z</time></trkpt><trkpt lat="60.572146" lon="-137.219331"><ele>755.476</ele><time>2026-07-12T22:26:13Z</time></trkpt><trkpt lat="60.572215" lon="-137.219286"><ele>754.961</ele><time>2026-07-12T22:26:18Z</time></trkpt><trkpt lat="60.572288" lon="-137.219277"><ele>753.355</ele><time>2026-07-12T22:26:25Z</time></trkpt><trkpt lat="60.57236" lon="-137.219248"><ele>752.750</ele><time>2026-07-12T22:26:32Z</time></trkpt><trkpt lat="60.572432" lon="-137.219226"><ele>753.364</ele><time>2026-07-12T22:26:37Z</time></trkpt><trkpt lat="60.572507" lon="-137.219187"><ele>753.336</ele><time>2026-07-12T22:26:44Z</time></trkpt><trkpt lat="60.572583" lon="-137.219158"><ele>751.417</ele><time>2026-07-12T22:26:51Z</time></trkpt><trkpt lat="60.572662" lon="-137.219117"><ele>750.518</ele><time>2026-07-12T22:26:59Z</time></trkpt><trkpt lat="60.572739" lon="-137.21906"><ele>748.409</ele><time>2026-07-12T22:27:07Z</time></trkpt><trkpt lat="60.572809" lon="-137.219"><ele>748.475</ele><time>2026-07-12T22:27:12Z</time></trkpt><trkpt lat="60.572892" lon="-137.218948"><ele>749.640</ele><time>2026-07-12T22:27:18Z</time></trkpt><trkpt lat="60.572966" lon="-137.218901"><ele>751.097</ele><time>2026-07-12T22:27:24Z</time></trkpt><trkpt lat="60.573022" lon="-137.218809"><ele>750.454</ele><time>2026-07-12T22:27:31Z</time></trkpt><trkpt lat="60.573086" lon="-137.218695"><ele>749.770</ele><time>2026-07-12T22:27:38Z</time></trkpt><trkpt lat="60.57313" lon="-137.218563"><ele>751.365</ele><time>2026-07-12T22:27:45Z</time></trkpt><trkpt lat="60.573157" lon="-137.218412"><ele>751.939</ele><time>2026-07-12T22:27:52Z</time></trkpt><trkpt lat="60.573212" lon="-137.218296"><ele>750.914</ele><time>2026-07-12T22:27:59Z</time></trkpt><trkpt lat="60.573247" lon="-137.218168"><ele>752.228</ele><time>2026-07-12T22:28:06Z</time></trkpt><trkpt lat="60.57329" lon="-137.218044"><ele>751.946</ele><time>2026-07-12T22:28:14Z</time></trkpt><trkpt lat="60.573334" lon="-137.217915"><ele>752.388</ele><time>2026-07-12T22:28:21Z</time></trkpt><trkpt lat="60.573408" lon="-137.217864"><ele>753.116</ele><time>2026-07-12T22:28:28Z</time></trkpt><trkpt lat="60.573476" lon="-137.217766"><ele>753.809</ele><time>2026-07-12T22:28:35Z</time></trkpt><trkpt lat="60.573549" lon="-137.217697"><ele>753.966</ele><time>2026-07-12T22:28:42Z</time></trkpt><trkpt lat="60.573612" lon="-137.217622"><ele>753.561</ele><time>2026-07-12T22:28:50Z</time></trkpt><trkpt lat="60.573688" lon="-137.217544"><ele>751.548</ele><time>2026-07-12T22:28:55Z</time></trkpt><trkpt lat="60.57376" lon="-137.217493"><ele>751.645</ele><time>2026-07-12T22:29:01Z</time></trkpt><trkpt lat="60.573809" lon="-137.217386"><ele>750.021</ele><time>2026-07-12T22:29:08Z</time></trkpt><trkpt lat="60.573879" lon="-137.217321"><ele>748.766</ele><time>2026-07-12T22:29:14Z</time></trkpt><trkpt lat="60.573941" lon="-137.217242"><ele>749.950</ele><time>2026-07-12T22:29:21Z</time></trkpt><trkpt lat="60.574009" lon="-137.217163"><ele>750.085</ele><time>2026-07-12T22:29:27Z</time></trkpt><trkpt lat="60.574074" lon="-137.217087"><ele>749.239</ele><time>2026-07-12T22:29:35Z</time></trkpt><trkpt lat="60.574148" lon="-137.217009"><ele>749.795</ele><time>2026-07-12T22:29:41Z</time></trkpt><trkpt lat="60.574216" lon="-137.216955"><ele>750.049</ele><time>2026-07-12T22:29:46Z</time></trkpt><trkpt lat="60.574288" lon="-137.216912"><ele>750.223</ele><time>2026-07-12T22:29:52Z</time></trkpt><trkpt lat="60.574364" lon="-137.216936"><ele>750.709</ele><time>2026-07-12T22:29:59Z</time></trkpt><trkpt lat="60.57444" lon="-137.216923"><ele>751.581</ele><time>2026-07-12T22:30:04Z</time></trkpt><trkpt lat="60.574526" lon="-137.216925"><ele>749.886</ele><time>2026-07-12T22:30:13Z</time></trkpt><trkpt lat="60.574598" lon="-137.216923"><ele>750.363</ele><time>2026-07-12T22:30:19Z</time></trkpt><trkpt lat="60.574678" lon="-137.216939"><ele>750.640</ele><time>2026-07-12T22:30:27Z</time></trkpt><trkpt lat="60.574755" lon="-137.216963"><ele>750.336</ele><time>2026-07-12T22:30:32Z</time></trkpt><trkpt lat="60.574829" lon="-137.216979"><ele>750.381</ele><time>2026-07-12T22:30:37Z</time></trkpt><trkpt lat="60.574902" lon="-137.217029"><ele>749.785</ele><time>2026-07-12T22:30:43Z</time></trkpt><trkpt lat="60.574978" lon="-137.217086"><ele>748.230</ele><time>2026-07-12T22:30:50Z</time></trkpt><trkpt lat="60.57502" lon="-137.217206"><ele>747.364</ele><time>2026-07-12T22:30:56Z</time></trkpt><trkpt lat="60.575094" lon="-137.21727"><ele>748.262</ele><time>2026-07-12T22:31:01Z</time></trkpt><trkpt lat="60.57517" lon="-137.21733"><ele>747.083</ele><time>2026-07-12T22:31:08Z</time></trkpt><trkpt lat="60.575244" lon="-137.217403"><ele>747.811</ele><time>2026-07-12T22:31:15Z</time></trkpt><trkpt lat="60.575309" lon="-137.217507"><ele>746.709</ele><time>2026-07-12T22:31:22Z</time></trkpt><trkpt lat="60.575376" lon="-137.217563"><ele>745.778</ele><time>2026-07-12T22:31:29Z</time></trkpt><trkpt lat="60.575438" lon="-137.217656"><ele>745.743</ele><time>2026-07-12T22:31:35Z</time></trkpt><trkpt lat="60.575516" lon="-137.217684"><ele>745.450</ele><time>2026-07-12T22:31:41Z</time></trkpt><trkpt lat="60.575602" lon="-137.217698"><ele>743.947</ele><time>2026-07-12T22:31:46Z</time></trkpt><trkpt lat="60.575676" lon="-137.217748"><ele>742.533</ele><time>2026-07-12T22:31:53Z</time></trkpt><trkpt lat="60.575756" lon="-137.217775"><ele>741.518</ele><time>2026-07-12T22:31:59Z</time></trkpt><trkpt lat="60.575833" lon="-137.217794"><ele>741.672</ele><time>2026-07-12T22:32:04Z</time></trkpt><trkpt lat="60.575909" lon="-137.217779"><ele>741.847</ele><time>2026-07-12T22:32:10Z</time></trkpt><trkpt lat="60.575984" lon="-137.21778"><ele>741.541</ele><time>2026-07-12T22:32:16Z</time></trkpt><trkpt lat="60.576068" lon="-137.21781"><ele>740.746</ele><time>2026-07-12T22:32:24Z</time></trkpt><trkpt lat="60.576143" lon="-137.21784"><ele>740.388</ele><time>2026-07-12T22:32:29Z</time></trkpt><trkpt lat="60.576227" lon="-137.217852"><ele>739.916</ele><time>2026-07-12T22:32:35Z</time></trkpt><trkpt lat="60.576312" lon="-137.217871"><ele>740.809</ele><time>2026-07-12T22:32:41Z</time></trkpt><trkpt lat="60.576362" lon="-137.21798"><ele>740.316</ele><time>2026-07-12T22:32:53Z</time></trkpt><trkpt lat="60.576352" lon="-137.218126"><ele>738.741</ele><time>2026-07-12T22:33:23Z</time></trkpt></trkseg></trk></gpx>