<?xml version="1.0" encoding="UTF-8"?><gpx creator="Wikiloc - http://www.wikiloc.com" version="1.1" xmlns="http://www.topografix.com/GPX/1/1" xmlns:xsi="http://www.w3.org/2001/XMLSchema-instance" xsi:schemaLocation="http://www.topografix.com/GPX/1/1 http://www.topografix.com/GPX/1/1/gpx.xsd"><trk><name><![CDATA[Olympic National Park: Hurricane Hill]]></name><cmt><![CDATA[Whiskey Bend]]></cmt><desc><![CDATA[Whiskey Bend]]></desc><trkseg><trkpt lat="47.972814" lon="-123.515829"><ele>1524.843</ele><time>2026-08-18T22:00:16Z</time></trkpt><trkpt lat="47.972726" lon="-123.515757"><ele>1525.064</ele><time>2026-08-18T22:00:21Z</time></trkpt><trkpt lat="47.972777" lon="-123.515724"><ele>1525.210</ele><time>2026-08-18T22:00:25Z</time></trkpt><trkpt lat="47.972806" lon="-123.515634"><ele>1525.409</ele><time>2026-08-18T22:00:28Z</time></trkpt><trkpt lat="47.972838" lon="-123.5156"><ele>1525.816</ele><time>2026-08-18T22:00:34Z</time></trkpt><trkpt lat="47.972885" lon="-123.515585"><ele>1525.842</ele><time>2026-08-18T22:00:38Z</time></trkpt><trkpt lat="47.972908" lon="-123.515574"><ele>1525.874</ele><time>2026-08-18T22:00:40Z</time></trkpt><trkpt lat="47.972955" lon="-123.515617"><ele>1526.460</ele><time>2026-08-18T22:00:47Z</time></trkpt><trkpt lat="47.973018" lon="-123.515684"><ele>1526.831</ele><time>2026-08-18T22:00:55Z</time></trkpt><trkpt lat="47.973037" lon="-123.515687"><ele>1527.063</ele><time>2026-08-18T22:00:57Z</time></trkpt><trkpt lat="47.973109" lon="-123.51569"><ele>1527.443</ele><time>2026-08-18T22:01:03Z</time></trkpt><trkpt lat="47.973129" lon="-123.515714"><ele>1527.893</ele><time>2026-08-18T22:01:05Z</time></trkpt><trkpt lat="47.973156" lon="-123.515746"><ele>1528.693</ele><time>2026-08-18T22:01:09Z</time></trkpt><trkpt lat="47.973177" lon="-123.515774"><ele>1528.833</ele><time>2026-08-18T22:01:12Z</time></trkpt><trkpt lat="47.973203" lon="-123.515833"><ele>1529.423</ele><time>2026-08-18T22:01:16Z</time></trkpt><trkpt lat="47.973274" lon="-123.51598"><ele>1529.815</ele><time>2026-08-18T22:01:26Z</time></trkpt><trkpt lat="47.973286" lon="-123.51598"><ele>1530.009</ele><time>2026-08-18T22:01:27Z</time></trkpt><trkpt lat="47.973375" lon="-123.515951"><ele>1529.875</ele><time>2026-08-18T22:01:36Z</time></trkpt><trkpt lat="47.973461" lon="-123.516027"><ele>1529.881</ele><time>2026-08-18T22:01:44Z</time></trkpt><trkpt lat="47.973542" lon="-123.516093"><ele>1529.873</ele><time>2026-08-18T22:01:52Z</time></trkpt><trkpt lat="47.9736" lon="-123.516119"><ele>1530.069</ele><time>2026-08-18T22:01:57Z</time></trkpt><trkpt lat="47.97369" lon="-123.516201"><ele>1530.440</ele><time>2026-08-18T22:02:07Z</time></trkpt><trkpt lat="47.973762" lon="-123.516355"><ele>1530.492</ele><time>2026-08-18T22:02:17Z</time></trkpt><trkpt lat="47.973796" lon="-123.516376"><ele>1530.682</ele><time>2026-08-18T22:02:21Z</time></trkpt><trkpt lat="47.973843" lon="-123.516371"><ele>1530.842</ele><time>2026-08-18T22:02:25Z</time></trkpt><trkpt lat="47.973851" lon="-123.516373"><ele>1531.082</ele><time>2026-08-18T22:02:26Z</time></trkpt><trkpt lat="47.973926" lon="-123.51645"><ele>1531.459</ele><time>2026-08-18T22:02:34Z</time></trkpt><trkpt lat="47.973993" lon="-123.516532"><ele>1531.803</ele><time>2026-08-18T22:02:42Z</time></trkpt><trkpt lat="47.974003" lon="-123.516537"><ele>1532.023</ele><time>2026-08-18T22:02:43Z</time></trkpt><trkpt lat="47.974084" lon="-123.516549"><ele>1532.409</ele><time>2026-08-18T22:02:51Z</time></trkpt><trkpt lat="47.974157" lon="-123.51656"><ele>1533.087</ele><time>2026-08-18T22:02:57Z</time></trkpt><trkpt lat="47.974179" lon="-123.516579"><ele>1533.043</ele><time>2026-08-18T22:02:59Z</time></trkpt><trkpt lat="47.974247" lon="-123.516626"><ele>1533.865</ele><time>2026-08-18T22:03:08Z</time></trkpt><trkpt lat="47.974273" lon="-123.516644"><ele>1534.091</ele><time>2026-08-18T22:03:11Z</time></trkpt><trkpt lat="47.974307" lon="-123.516719"><ele>1534.282</ele><time>2026-08-18T22:03:16Z</time></trkpt><trkpt lat="47.974359" lon="-123.516744"><ele>1534.684</ele><time>2026-08-18T22:03:22Z</time></trkpt><trkpt lat="47.974371" lon="-123.516737"><ele>1534.844</ele><time>2026-08-18T22:03:24Z</time></trkpt><trkpt lat="47.974381" lon="-123.516751"><ele>1535.094</ele><time>2026-08-18T22:03:26Z</time></trkpt><trkpt lat="47.974386" lon="-123.516762"><ele>1535.244</ele><time>2026-08-18T22:03:27Z</time></trkpt><trkpt lat="47.974403" lon="-123.516822"><ele>1535.481</ele><time>2026-08-18T22:03:31Z</time></trkpt><trkpt lat="47.974446" lon="-123.516916"><ele>1536.061</ele><time>2026-08-18T22:03:39Z</time></trkpt><trkpt lat="47.974455" lon="-123.516916"><ele>1536.017</ele><time>2026-08-18T22:03:40Z</time></trkpt><trkpt lat="47.974464" lon="-123.516913"><ele>1536.209</ele><time>2026-08-18T22:03:41Z</time></trkpt><trkpt lat="47.974514" lon="-123.516898"><ele>1536.680</ele><time>2026-08-18T22:03:46Z</time></trkpt><trkpt lat="47.974553" lon="-123.516901"><ele>1537.096</ele><time>2026-08-18T22:03:50Z</time></trkpt><trkpt lat="47.974561" lon="-123.516904"><ele>1537.268</ele><time>2026-08-18T22:03:51Z</time></trkpt><trkpt lat="47.974603" lon="-123.516925"><ele>1538.084</ele><time>2026-08-18T22:03:56Z</time></trkpt><trkpt lat="47.974618" lon="-123.516936"><ele>1538.285</ele><time>2026-08-18T22:03:58Z</time></trkpt><trkpt lat="47.974638" lon="-123.516951"><ele>1538.427</ele><time>2026-08-18T22:04:00Z</time></trkpt><trkpt lat="47.974726" lon="-123.517062"><ele>1539.257</ele><time>2026-08-18T22:04:09Z</time></trkpt><trkpt lat="47.974728" lon="-123.517072"><ele>1539.487</ele><time>2026-08-18T22:04:10Z</time></trkpt><trkpt lat="47.974735" lon="-123.517213"><ele>1539.827</ele><time>2026-08-18T22:04:19Z</time></trkpt><trkpt lat="47.974754" lon="-123.517317"><ele>1540.079</ele><time>2026-08-18T22:04:26Z</time></trkpt><trkpt lat="47.974767" lon="-123.517382"><ele>1540.005</ele><time>2026-08-18T22:04:29Z</time></trkpt><trkpt lat="47.974774" lon="-123.517441"><ele>1540.225</ele><time>2026-08-18T22:04:32Z</time></trkpt><trkpt lat="47.97481" lon="-123.517555"><ele>1540.809</ele><time>2026-08-18T22:04:39Z</time></trkpt><trkpt lat="47.974847" lon="-123.517671"><ele>1541.279</ele><time>2026-08-18T22:04:46Z</time></trkpt><trkpt lat="47.974866" lon="-123.517722"><ele>1541.255</ele><time>2026-08-18T22:04:50Z</time></trkpt><trkpt lat="47.974886" lon="-123.517764"><ele>1541.447</ele><time>2026-08-18T22:04:53Z</time></trkpt><trkpt lat="47.974977" lon="-123.517842"><ele>1541.893</ele><time>2026-08-18T22:05:02Z</time></trkpt><trkpt lat="47.975058" lon="-123.517877"><ele>1542.274</ele><time>2026-08-18T22:05:09Z</time></trkpt><trkpt lat="47.975068" lon="-123.517881"><ele>1542.416</ele><time>2026-08-18T22:05:10Z</time></trkpt><trkpt lat="47.975076" lon="-123.517888"><ele>1542.456</ele><time>2026-08-18T22:05:11Z</time></trkpt><trkpt lat="47.975145" lon="-123.517964"><ele>1542.676</ele><time>2026-08-18T22:05:18Z</time></trkpt><trkpt lat="47.975232" lon="-123.51805"><ele>1543.456</ele><time>2026-08-18T22:05:27Z</time></trkpt><trkpt lat="47.975273" lon="-123.51808"><ele>1543.845</ele><time>2026-08-18T22:05:31Z</time></trkpt><trkpt lat="47.97535" lon="-123.518113"><ele>1544.447</ele><time>2026-08-18T22:05:37Z</time></trkpt><trkpt lat="47.97542" lon="-123.518186"><ele>1545.211</ele><time>2026-08-18T22:05:46Z</time></trkpt><trkpt lat="47.975447" lon="-123.518229"><ele>1545.409</ele><time>2026-08-18T22:05:50Z</time></trkpt><trkpt lat="47.975518" lon="-123.518265"><ele>1545.686</ele><time>2026-08-18T22:05:56Z</time></trkpt><trkpt lat="47.975591" lon="-123.518264"><ele>1546.492</ele><time>2026-08-18T22:06:01Z</time></trkpt><trkpt lat="47.975633" lon="-123.518287"><ele>1546.814</ele><time>2026-08-18T22:06:06Z</time></trkpt><trkpt lat="47.9757" lon="-123.51831"><ele>1547.660</ele><time>2026-08-18T22:06:13Z</time></trkpt><trkpt lat="47.97572" lon="-123.518328"><ele>1547.891</ele><time>2026-08-18T22:06:15Z</time></trkpt><trkpt lat="47.975815" lon="-123.518317"><ele>1548.423</ele><time>2026-08-18T22:06:23Z</time></trkpt><trkpt lat="47.975823" lon="-123.51831"><ele>1548.633</ele><time>2026-08-18T22:06:24Z</time></trkpt><trkpt lat="47.975908" lon="-123.518299"><ele>1549.413</ele><time>2026-08-18T22:06:32Z</time></trkpt><trkpt lat="47.975936" lon="-123.518275"><ele>1549.673</ele><time>2026-08-18T22:06:35Z</time></trkpt><trkpt lat="47.975969" lon="-123.51819"><ele>1550.067</ele><time>2026-08-18T22:06:41Z</time></trkpt><trkpt lat="47.975994" lon="-123.518075"><ele>1550.881</ele><time>2026-08-18T22:06:51Z</time></trkpt><trkpt lat="47.975996" lon="-123.518061"><ele>1551.019</ele><time>2026-08-18T22:06:52Z</time></trkpt><trkpt lat="47.97605" lon="-123.517952"><ele>1551.209</ele><time>2026-08-18T22:07:00Z</time></trkpt><trkpt lat="47.976151" lon="-123.51792"><ele>1551.688</ele><time>2026-08-18T22:07:08Z</time></trkpt><trkpt lat="47.976201" lon="-123.517927"><ele>1551.884</ele><time>2026-08-18T22:07:12Z</time></trkpt><trkpt lat="47.976244" lon="-123.517921"><ele>1552.446</ele><time>2026-08-18T22:07:17Z</time></trkpt><trkpt lat="47.976279" lon="-123.517918"><ele>1552.832</ele><time>2026-08-18T22:07:20Z</time></trkpt><trkpt lat="47.976351" lon="-123.517873"><ele>1553.213</ele><time>2026-08-18T22:07:26Z</time></trkpt><trkpt lat="47.976404" lon="-123.517842"><ele>1553.855</ele><time>2026-08-18T22:07:32Z</time></trkpt><trkpt lat="47.976416" lon="-123.51784"><ele>1553.835</ele><time>2026-08-18T22:07:33Z</time></trkpt><trkpt lat="47.976561" lon="-123.517829"><ele>1554.655</ele><time>2026-08-18T22:07:45Z</time></trkpt><trkpt lat="47.976597" lon="-123.51782"><ele>1555.095</ele><time>2026-08-18T22:07:48Z</time></trkpt><trkpt lat="47.976679" lon="-123.517811"><ele>1555.446</ele><time>2026-08-18T22:07:55Z</time></trkpt><trkpt lat="47.976808" lon="-123.517783"><ele>1555.288</ele><time>2026-08-18T22:08:05Z</time></trkpt><trkpt lat="47.976935" lon="-123.517764"><ele>1555.016</ele><time>2026-08-18T22:08:15Z</time></trkpt><trkpt lat="47.977038" lon="-123.517747"><ele>1554.809</ele><time>2026-08-18T22:08:24Z</time></trkpt><trkpt lat="47.977079" lon="-123.517753"><ele>1554.496</ele><time>2026-08-18T22:08:27Z</time></trkpt><trkpt lat="47.977185" lon="-123.517774"><ele>1554.012</ele><time>2026-08-18T22:08:35Z</time></trkpt><trkpt lat="47.977199" lon="-123.517776"><ele>1554.094</ele><time>2026-08-18T22:08:36Z</time></trkpt><trkpt lat="47.97731" lon="-123.517815"><ele>1553.050</ele><time>2026-08-18T22:08:45Z</time></trkpt><trkpt lat="47.977321" lon="-123.51782"><ele>1552.871</ele><time>2026-08-18T22:08:46Z</time></trkpt><trkpt lat="47.977404" lon="-123.517852"><ele>1553.063</ele><time>2026-08-18T22:08:53Z</time></trkpt><trkpt lat="47.977499" lon="-123.517941"><ele>1552.843</ele><time>2026-08-18T22:09:03Z</time></trkpt><trkpt lat="47.97759" lon="-123.51802"><ele>1553.493</ele><time>2026-08-18T22:09:12Z</time></trkpt><trkpt lat="47.977632" lon="-123.518063"><ele>1554.013</ele><time>2026-08-18T22:09:16Z</time></trkpt><trkpt lat="47.977681" lon="-123.518116"><ele>1554.461</ele><time>2026-08-18T22:09:21Z</time></trkpt><trkpt lat="47.977711" lon="-123.518166"><ele>1555.021</ele><time>2026-08-18T22:09:25Z</time></trkpt><trkpt lat="47.977766" lon="-123.518225"><ele>1555.813</ele><time>2026-08-18T22:09:31Z</time></trkpt><trkpt lat="47.977802" lon="-123.518262"><ele>1556.009</ele><time>2026-08-18T22:09:35Z</time></trkpt><trkpt lat="47.977853" lon="-123.518301"><ele>1556.418</ele><time>2026-08-18T22:09:40Z</time></trkpt><trkpt lat="47.977886" lon="-123.518321"><ele>1556.684</ele><time>2026-08-18T22:09:43Z</time></trkpt><trkpt lat="47.977958" lon="-123.518365"><ele>1557.246</ele><time>2026-08-18T22:09:50Z</time></trkpt><trkpt lat="47.978047" lon="-123.518426"><ele>1557.412</ele><time>2026-08-18T22:09:59Z</time></trkpt><trkpt lat="47.978145" lon="-123.518493"><ele>1558.043</ele><time>2026-08-18T22:10:08Z</time></trkpt><trkpt lat="47.978158" lon="-123.518498"><ele>1558.225</ele><time>2026-08-18T22:10:09Z</time></trkpt><trkpt lat="47.978288" lon="-123.518575"><ele>1558.035</ele><time>2026-08-18T22:10:19Z</time></trkpt><trkpt lat="47.97841" lon="-123.518691"><ele>1557.665</ele><time>2026-08-18T22:10:30Z</time></trkpt><trkpt lat="47.978477" lon="-123.518855"><ele>1557.245</ele><time>2026-08-18T22:10:40Z</time></trkpt><trkpt lat="47.978529" lon="-123.519023"><ele>1557.647</ele><time>2026-08-18T22:10:49Z</time></trkpt><trkpt lat="47.978575" lon="-123.519197"><ele>1557.629</ele><time>2026-08-18T22:10:59Z</time></trkpt><trkpt lat="47.978616" lon="-123.519354"><ele>1557.821</ele><time>2026-08-18T22:11:08Z</time></trkpt><trkpt lat="47.978636" lon="-123.519412"><ele>1557.809</ele><time>2026-08-18T22:11:11Z</time></trkpt><trkpt lat="47.978666" lon="-123.51949"><ele>1557.836</ele><time>2026-08-18T22:11:16Z</time></trkpt><trkpt lat="47.978704" lon="-123.519603"><ele>1557.872</ele><time>2026-08-18T22:11:23Z</time></trkpt><trkpt lat="47.978763" lon="-123.519837"><ele>1558.034</ele><time>2026-08-18T22:11:36Z</time></trkpt><trkpt lat="47.978812" lon="-123.519986"><ele>1558.420</ele><time>2026-08-18T22:11:44Z</time></trkpt><trkpt lat="47.978841" lon="-123.520123"><ele>1558.681</ele><time>2026-08-18T22:11:51Z</time></trkpt><trkpt lat="47.978876" lon="-123.520247"><ele>1558.293</ele><time>2026-08-18T22:11:58Z</time></trkpt><trkpt lat="47.978915" lon="-123.520364"><ele>1558.263</ele><time>2026-08-18T22:12:06Z</time></trkpt><trkpt lat="47.978967" lon="-123.520518"><ele>1558.413</ele><time>2026-08-18T22:12:15Z</time></trkpt><trkpt lat="47.979046" lon="-123.520653"><ele>1558.463</ele><time>2026-08-18T22:12:24Z</time></trkpt><trkpt lat="47.979122" lon="-123.52069"><ele>1558.264</ele><time>2026-08-18T22:12:31Z</time></trkpt><trkpt lat="47.979199" lon="-123.520693"><ele>1558.206</ele><time>2026-08-18T22:12:37Z</time></trkpt><trkpt lat="47.979331" lon="-123.520693"><ele>1557.416</ele><time>2026-08-18T22:12:48Z</time></trkpt><trkpt lat="47.979433" lon="-123.520694"><ele>1557.409</ele><time>2026-08-18T22:12:56Z</time></trkpt><trkpt lat="47.979479" lon="-123.520704"><ele>1557.258</ele><time>2026-08-18T22:13:00Z</time></trkpt><trkpt lat="47.979583" lon="-123.520732"><ele>1557.094</ele><time>2026-08-18T22:13:08Z</time></trkpt><trkpt lat="47.979691" lon="-123.5208"><ele>1556.686</ele><time>2026-08-18T22:13:17Z</time></trkpt><trkpt lat="47.979712" lon="-123.52082"><ele>1556.652</ele><time>2026-08-18T22:13:19Z</time></trkpt><trkpt lat="47.979747" lon="-123.520842"><ele>1556.463</ele><time>2026-08-18T22:13:22Z</time></trkpt><trkpt lat="47.979819" lon="-123.520896"><ele>1556.485</ele><time>2026-08-18T22:13:28Z</time></trkpt><trkpt lat="47.979943" lon="-123.521045"><ele>1556.695</ele><time>2026-08-18T22:13:40Z</time></trkpt><trkpt lat="47.980055" lon="-123.521158"><ele>1557.085</ele><time>2026-08-18T22:13:50Z</time></trkpt><trkpt lat="47.980156" lon="-123.521278"><ele>1557.675</ele><time>2026-08-18T22:14:00Z</time></trkpt><trkpt lat="47.980196" lon="-123.52134"><ele>1557.629</ele><time>2026-08-18T22:14:04Z</time></trkpt><trkpt lat="47.980227" lon="-123.521379"><ele>1558.000</ele><time>2026-08-18T22:14:07Z</time></trkpt><trkpt lat="47.98025" lon="-123.521402"><ele>1558.220</ele><time>2026-08-18T22:14:09Z</time></trkpt><trkpt lat="47.980335" lon="-123.521468"><ele>1558.609</ele><time>2026-08-18T22:14:16Z</time></trkpt><trkpt lat="47.980366" lon="-123.521503"><ele>1558.624</ele><time>2026-08-18T22:14:19Z</time></trkpt><trkpt lat="47.980398" lon="-123.521543"><ele>1559.260</ele><time>2026-08-18T22:14:22Z</time></trkpt><trkpt lat="47.980409" lon="-123.521558"><ele>1559.252</ele><time>2026-08-18T22:14:23Z</time></trkpt><trkpt lat="47.980419" lon="-123.52157"><ele>1559.478</ele><time>2026-08-18T22:14:24Z</time></trkpt><trkpt lat="47.980543" lon="-123.521685"><ele>1559.869</ele><time>2026-08-18T22:14:36Z</time></trkpt><trkpt lat="47.980653" lon="-123.521778"><ele>1560.281</ele><time>2026-08-18T22:14:46Z</time></trkpt><trkpt lat="47.980675" lon="-123.521801"><ele>1560.271</ele><time>2026-08-18T22:14:48Z</time></trkpt><trkpt lat="47.980762" lon="-123.52188"><ele>1560.861</ele><time>2026-08-18T22:14:56Z</time></trkpt><trkpt lat="47.980888" lon="-123.522029"><ele>1560.891</ele><time>2026-08-18T22:15:09Z</time></trkpt><trkpt lat="47.980965" lon="-123.522187"><ele>1560.871</ele><time>2026-08-18T22:15:19Z</time></trkpt><trkpt lat="47.981038" lon="-123.522328"><ele>1561.241</ele><time>2026-08-18T22:15:28Z</time></trkpt><trkpt lat="47.981062" lon="-123.522355"><ele>1561.215</ele><time>2026-08-18T22:15:30Z</time></trkpt><trkpt lat="47.98113" lon="-123.522457"><ele>1561.409</ele><time>2026-08-18T22:15:38Z</time></trkpt><trkpt lat="47.981182" lon="-123.522555"><ele>1561.269</ele><time>2026-08-18T22:15:44Z</time></trkpt><trkpt lat="47.981189" lon="-123.522573"><ele>1561.225</ele><time>2026-08-18T22:15:45Z</time></trkpt><trkpt lat="47.981231" lon="-123.522735"><ele>1560.227</ele><time>2026-08-18T22:15:53Z</time></trkpt><trkpt lat="47.981237" lon="-123.522752"><ele>1560.213</ele><time>2026-08-18T22:15:54Z</time></trkpt><trkpt lat="47.981266" lon="-123.522885"><ele>1559.864</ele><time>2026-08-18T22:16:01Z</time></trkpt><trkpt lat="47.981309" lon="-123.52306"><ele>1559.256</ele><time>2026-08-18T22:16:10Z</time></trkpt><trkpt lat="47.981313" lon="-123.523082"><ele>1559.066</ele><time>2026-08-18T22:16:11Z</time></trkpt><trkpt lat="47.981366" lon="-123.523244"><ele>1558.836</ele><time>2026-08-18T22:16:20Z</time></trkpt><trkpt lat="47.981402" lon="-123.523308"><ele>1558.486</ele><time>2026-08-18T22:16:24Z</time></trkpt><trkpt lat="47.981444" lon="-123.523362"><ele>1558.082</ele><time>2026-08-18T22:16:28Z</time></trkpt><trkpt lat="47.981453" lon="-123.523373"><ele>1558.043</ele><time>2026-08-18T22:16:29Z</time></trkpt><trkpt lat="47.981567" lon="-123.523513"><ele>1557.217</ele><time>2026-08-18T22:16:40Z</time></trkpt><trkpt lat="47.981581" lon="-123.523528"><ele>1557.009</ele><time>2026-08-18T22:16:41Z</time></trkpt><trkpt lat="47.981665" lon="-123.523672"><ele>1556.610</ele><time>2026-08-18T22:16:50Z</time></trkpt><trkpt lat="47.981706" lon="-123.523758"><ele>1556.886</ele><time>2026-08-18T22:16:55Z</time></trkpt><trkpt lat="47.981729" lon="-123.523805"><ele>1556.848</ele><time>2026-08-18T22:16:58Z</time></trkpt><trkpt lat="47.981741" lon="-123.52384"><ele>1556.864</ele><time>2026-08-18T22:17:00Z</time></trkpt><trkpt lat="47.9818" lon="-123.524012"><ele>1557.015</ele><time>2026-08-18T22:17:10Z</time></trkpt><trkpt lat="47.981819" lon="-123.524069"><ele>1557.297</ele><time>2026-08-18T22:17:13Z</time></trkpt><trkpt lat="47.981834" lon="-123.524116"><ele>1557.437</ele><time>2026-08-18T22:17:16Z</time></trkpt><trkpt lat="47.981844" lon="-123.524148"><ele>1557.497</ele><time>2026-08-18T22:17:18Z</time></trkpt><trkpt lat="47.981861" lon="-123.524191"><ele>1557.867</ele><time>2026-08-18T22:17:21Z</time></trkpt><trkpt lat="47.981893" lon="-123.524263"><ele>1557.869</ele><time>2026-08-18T22:17:26Z</time></trkpt><trkpt lat="47.981915" lon="-123.524319"><ele>1558.004</ele><time>2026-08-18T22:17:30Z</time></trkpt><trkpt lat="47.981947" lon="-123.524389"><ele>1558.824</ele><time>2026-08-18T22:17:35Z</time></trkpt><trkpt lat="47.981979" lon="-123.524457"><ele>1559.209</ele><time>2026-08-18T22:17:40Z</time></trkpt><trkpt lat="47.982005" lon="-123.524494"><ele>1559.868</ele><time>2026-08-18T22:17:44Z</time></trkpt><trkpt lat="47.982042" lon="-123.524548"><ele>1560.224</ele><time>2026-08-18T22:17:49Z</time></trkpt><trkpt lat="47.982074" lon="-123.524604"><ele>1561.026</ele><time>2026-08-18T22:17:54Z</time></trkpt><trkpt lat="47.982082" lon="-123.524614"><ele>1561.212</ele><time>2026-08-18T22:17:55Z</time></trkpt><trkpt lat="47.982116" lon="-123.52468"><ele>1562.263</ele><time>2026-08-18T22:18:01Z</time></trkpt><trkpt lat="47.982121" lon="-123.524693"><ele>1562.485</ele><time>2026-08-18T22:18:02Z</time></trkpt><trkpt lat="47.982171" lon="-123.524795"><ele>1563.425</ele><time>2026-08-18T22:18:10Z</time></trkpt><trkpt lat="47.982202" lon="-123.524854"><ele>1564.075</ele><time>2026-08-18T22:18:15Z</time></trkpt><trkpt lat="47.982213" lon="-123.524878"><ele>1564.235</ele><time>2026-08-18T22:18:17Z</time></trkpt><trkpt lat="47.982218" lon="-123.524889"><ele>1564.481</ele><time>2026-08-18T22:18:18Z</time></trkpt><trkpt lat="47.982223" lon="-123.524898"><ele>1564.661</ele><time>2026-08-18T22:18:19Z</time></trkpt><trkpt lat="47.982262" lon="-123.524969"><ele>1565.017</ele><time>2026-08-18T22:18:26Z</time></trkpt><trkpt lat="47.982276" lon="-123.525013"><ele>1565.609</ele><time>2026-08-18T22:18:30Z</time></trkpt><trkpt lat="47.982287" lon="-123.525034"><ele>1566.220</ele><time>2026-08-18T22:18:32Z</time></trkpt><trkpt lat="47.982301" lon="-123.525072"><ele>1566.656</ele><time>2026-08-18T22:18:35Z</time></trkpt><trkpt lat="47.982306" lon="-123.525086"><ele>1566.648</ele><time>2026-08-18T22:18:36Z</time></trkpt><trkpt lat="47.982336" lon="-123.52517"><ele>1567.874</ele><time>2026-08-18T22:18:44Z</time></trkpt><trkpt lat="47.982339" lon="-123.52518"><ele>1567.835</ele><time>2026-08-18T22:18:45Z</time></trkpt><trkpt lat="47.982361" lon="-123.525247"><ele>1568.887</ele><time>2026-08-18T22:18:51Z</time></trkpt><trkpt lat="47.982371" lon="-123.525278"><ele>1569.447</ele><time>2026-08-18T22:18:54Z</time></trkpt><trkpt lat="47.982385" lon="-123.525323"><ele>1570.057</ele><time>2026-08-18T22:18:58Z</time></trkpt><trkpt lat="47.982395" lon="-123.525378"><ele>1570.667</ele><time>2026-08-18T22:19:02Z</time></trkpt><trkpt lat="47.982406" lon="-123.525413"><ele>1571.285</ele><time>2026-08-18T22:19:05Z</time></trkpt><trkpt lat="47.982421" lon="-123.525471"><ele>1571.889</ele><time>2026-08-18T22:19:11Z</time></trkpt><trkpt lat="47.982429" lon="-123.5255"><ele>1572.217</ele><time>2026-08-18T22:19:13Z</time></trkpt><trkpt lat="47.982439" lon="-123.525536"><ele>1573.009</ele><time>2026-08-18T22:19:16Z</time></trkpt><trkpt lat="47.982443" lon="-123.525555"><ele>1573.250</ele><time>2026-08-18T22:19:18Z</time></trkpt><trkpt lat="47.982465" lon="-123.525625"><ele>1574.026</ele><time>2026-08-18T22:19:24Z</time></trkpt><trkpt lat="47.982476" lon="-123.525658"><ele>1574.498</ele><time>2026-08-18T22:19:27Z</time></trkpt><trkpt lat="47.982494" lon="-123.525741"><ele>1575.444</ele><time>2026-08-18T22:19:34Z</time></trkpt><trkpt lat="47.982496" lon="-123.525754"><ele>1575.625</ele><time>2026-08-18T22:19:35Z</time></trkpt><trkpt lat="47.982521" lon="-123.525845"><ele>1576.427</ele><time>2026-08-18T22:19:43Z</time></trkpt><trkpt lat="47.982533" lon="-123.525877"><ele>1576.827</ele><time>2026-08-18T22:19:46Z</time></trkpt><trkpt lat="47.982564" lon="-123.525962"><ele>1577.677</ele><time>2026-08-18T22:19:53Z</time></trkpt><trkpt lat="47.982584" lon="-123.526023"><ele>1578.457</ele><time>2026-08-18T22:19:58Z</time></trkpt><trkpt lat="47.982587" lon="-123.526035"><ele>1578.663</ele><time>2026-08-18T22:19:59Z</time></trkpt><trkpt lat="47.982614" lon="-123.526151"><ele>1579.644</ele><time>2026-08-18T22:20:10Z</time></trkpt><trkpt lat="47.982617" lon="-123.52616"><ele>1579.618</ele><time>2026-08-18T22:20:11Z</time></trkpt><trkpt lat="47.982632" lon="-123.526211"><ele>1580.809</ele><time>2026-08-18T22:20:16Z</time></trkpt><trkpt lat="47.982648" lon="-123.526283"><ele>1581.238</ele><time>2026-08-18T22:20:23Z</time></trkpt><trkpt lat="47.982657" lon="-123.526311"><ele>1581.874</ele><time>2026-08-18T22:20:26Z</time></trkpt><trkpt lat="47.982682" lon="-123.526371"><ele>1582.696</ele><time>2026-08-18T22:20:31Z</time></trkpt><trkpt lat="47.982694" lon="-123.526393"><ele>1582.882</ele><time>2026-08-18T22:20:33Z</time></trkpt><trkpt lat="47.982727" lon="-123.526448"><ele>1584.063</ele><time>2026-08-18T22:20:41Z</time></trkpt><trkpt lat="47.98273" lon="-123.526456"><ele>1584.015</ele><time>2026-08-18T22:20:42Z</time></trkpt><trkpt lat="47.982784" lon="-123.526599"><ele>1585.085</ele><time>2026-08-18T22:20:54Z</time></trkpt><trkpt lat="47.982803" lon="-123.52666"><ele>1586.015</ele><time>2026-08-18T22:20:59Z</time></trkpt><trkpt lat="47.982827" lon="-123.526732"><ele>1587.015</ele><time>2026-08-18T22:21:04Z</time></trkpt><trkpt lat="47.982834" lon="-123.526755"><ele>1587.239</ele><time>2026-08-18T22:21:06Z</time></trkpt><trkpt lat="47.982874" lon="-123.52685"><ele>1588.201</ele><time>2026-08-18T22:21:15Z</time></trkpt><trkpt lat="47.982881" lon="-123.526864"><ele>1588.421</ele><time>2026-08-18T22:21:16Z</time></trkpt><trkpt lat="47.982912" lon="-123.526958"><ele>1589.209</ele><time>2026-08-18T22:21:23Z</time></trkpt><trkpt lat="47.982923" lon="-123.526982"><ele>1589.685</ele><time>2026-08-18T22:21:25Z</time></trkpt><trkpt lat="47.982974" lon="-123.527086"><ele>1590.251</ele><time>2026-08-18T22:21:35Z</time></trkpt><trkpt lat="47.982977" lon="-123.527101"><ele>1590.483</ele><time>2026-08-18T22:21:36Z</time></trkpt><trkpt lat="47.983002" lon="-123.527233"><ele>1591.419</ele><time>2026-08-18T22:21:44Z</time></trkpt><trkpt lat="47.983017" lon="-123.527349"><ele>1592.070</ele><time>2026-08-18T22:21:51Z</time></trkpt><trkpt lat="47.983028" lon="-123.527413"><ele>1592.422</ele><time>2026-08-18T22:21:55Z</time></trkpt><trkpt lat="47.98304" lon="-123.527506"><ele>1593.092</ele><time>2026-08-18T22:22:01Z</time></trkpt><trkpt lat="47.983036" lon="-123.527537"><ele>1593.432</ele><time>2026-08-18T22:22:03Z</time></trkpt><trkpt lat="47.983011" lon="-123.527657"><ele>1593.892</ele><time>2026-08-18T22:22:10Z</time></trkpt><trkpt lat="47.982982" lon="-123.527793"><ele>1594.491</ele><time>2026-08-18T22:22:18Z</time></trkpt><trkpt lat="47.982974" lon="-123.52788"><ele>1594.481</ele><time>2026-08-18T22:22:24Z</time></trkpt><trkpt lat="47.982964" lon="-123.527974"><ele>1594.819</ele><time>2026-08-18T22:22:30Z</time></trkpt><trkpt lat="47.982957" lon="-123.528072"><ele>1595.409</ele><time>2026-08-18T22:22:36Z</time></trkpt><trkpt lat="47.982957" lon="-123.528087"><ele>1595.661</ele><time>2026-08-18T22:22:37Z</time></trkpt><trkpt lat="47.982931" lon="-123.528324"><ele>1596.237</ele><time>2026-08-18T22:22:50Z</time></trkpt><trkpt lat="47.982924" lon="-123.528399"><ele>1596.669</ele><time>2026-08-18T22:22:55Z</time></trkpt><trkpt lat="47.982911" lon="-123.528474"><ele>1596.835</ele><time>2026-08-18T22:23:00Z</time></trkpt><trkpt lat="47.982906" lon="-123.528509"><ele>1597.066</ele><time>2026-08-18T22:23:02Z</time></trkpt><trkpt lat="47.982889" lon="-123.528579"><ele>1597.668</ele><time>2026-08-18T22:23:07Z</time></trkpt><trkpt lat="47.982879" lon="-123.528629"><ele>1598.018</ele><time>2026-08-18T22:23:11Z</time></trkpt><trkpt lat="47.982856" lon="-123.528718"><ele>1598.898</ele><time>2026-08-18T22:23:16Z</time></trkpt><trkpt lat="47.982842" lon="-123.528834"><ele>1599.878</ele><time>2026-08-18T22:23:23Z</time></trkpt><trkpt lat="47.98284" lon="-123.528846"><ele>1600.054</ele><time>2026-08-18T22:23:24Z</time></trkpt><trkpt lat="47.982821" lon="-123.528966"><ele>1600.856</ele><time>2026-08-18T22:23:31Z</time></trkpt><trkpt lat="47.982818" lon="-123.529"><ele>1601.011</ele><time>2026-08-18T22:23:33Z</time></trkpt><trkpt lat="47.982807" lon="-123.529119"><ele>1601.809</ele><time>2026-08-18T22:23:41Z</time></trkpt><trkpt lat="47.9828" lon="-123.529157"><ele>1602.097</ele><time>2026-08-18T22:23:44Z</time></trkpt><trkpt lat="47.982786" lon="-123.529251"><ele>1603.233</ele><time>2026-08-18T22:23:50Z</time></trkpt><trkpt lat="47.982773" lon="-123.529381"><ele>1604.265</ele><time>2026-08-18T22:23:58Z</time></trkpt><trkpt lat="47.982771" lon="-123.529394"><ele>1604.421</ele><time>2026-08-18T22:23:59Z</time></trkpt><trkpt lat="47.982752" lon="-123.529495"><ele>1605.032</ele><time>2026-08-18T22:24:06Z</time></trkpt><trkpt lat="47.982751" lon="-123.529513"><ele>1605.224</ele><time>2026-08-18T22:24:07Z</time></trkpt><trkpt lat="47.982747" lon="-123.529548"><ele>1605.464</ele><time>2026-08-18T22:24:09Z</time></trkpt><trkpt lat="47.982738" lon="-123.529694"><ele>1606.464</ele><time>2026-08-18T22:24:18Z</time></trkpt><trkpt lat="47.982751" lon="-123.529777"><ele>1606.624</ele><time>2026-08-18T22:24:23Z</time></trkpt><trkpt lat="47.982762" lon="-123.529807"><ele>1606.891</ele><time>2026-08-18T22:24:25Z</time></trkpt><trkpt lat="47.982812" lon="-123.529913"><ele>1607.481</ele><time>2026-08-18T22:24:32Z</time></trkpt><trkpt lat="47.982821" lon="-123.529925"><ele>1607.619</ele><time>2026-08-18T22:24:33Z</time></trkpt><trkpt lat="47.982891" lon="-123.530047"><ele>1608.009</ele><time>2026-08-18T22:24:42Z</time></trkpt><trkpt lat="47.982926" lon="-123.530073"><ele>1608.221</ele><time>2026-08-18T22:24:45Z</time></trkpt><trkpt lat="47.982945" lon="-123.530081"><ele>1608.027</ele><time>2026-08-18T22:24:47Z</time></trkpt><trkpt lat="47.982971" lon="-123.530085"><ele>1608.249</ele><time>2026-08-18T22:24:50Z</time></trkpt><trkpt lat="47.982998" lon="-123.530085"><ele>1608.695</ele><time>2026-08-18T22:24:52Z</time></trkpt><trkpt lat="47.983085" lon="-123.530094"><ele>1609.276</ele><time>2026-08-18T22:24:59Z</time></trkpt><trkpt lat="47.983129" lon="-123.530106"><ele>1609.668</ele><time>2026-08-18T22:25:03Z</time></trkpt><trkpt lat="47.983176" lon="-123.530118"><ele>1610.088</ele><time>2026-08-18T22:25:07Z</time></trkpt><trkpt lat="47.98323" lon="-123.530135"><ele>1610.638</ele><time>2026-08-18T22:25:12Z</time></trkpt><trkpt lat="47.98329" lon="-123.530159"><ele>1611.428</ele><time>2026-08-18T22:25:17Z</time></trkpt><trkpt lat="47.983311" lon="-123.530169"><ele>1611.834</ele><time>2026-08-18T22:25:19Z</time></trkpt><trkpt lat="47.983383" lon="-123.530214"><ele>1612.255</ele><time>2026-08-18T22:25:26Z</time></trkpt><trkpt lat="47.983444" lon="-123.530249"><ele>1612.810</ele><time>2026-08-18T22:25:31Z</time></trkpt><trkpt lat="47.983472" lon="-123.530264"><ele>1613.209</ele><time>2026-08-18T22:25:34Z</time></trkpt><trkpt lat="47.983544" lon="-123.530321"><ele>1614.095</ele><time>2026-08-18T22:25:41Z</time></trkpt><trkpt lat="47.983631" lon="-123.530392"><ele>1615.021</ele><time>2026-08-18T22:25:50Z</time></trkpt><trkpt lat="47.983644" lon="-123.530401"><ele>1615.253</ele><time>2026-08-18T22:25:51Z</time></trkpt><trkpt lat="47.983711" lon="-123.530442"><ele>1616.069</ele><time>2026-08-18T22:25:58Z</time></trkpt><trkpt lat="47.983736" lon="-123.530454"><ele>1616.250</ele><time>2026-08-18T22:26:00Z</time></trkpt><trkpt lat="47.983825" lon="-123.530482"><ele>1617.262</ele><time>2026-08-18T22:26:08Z</time></trkpt><trkpt lat="47.983843" lon="-123.530488"><ele>1617.242</ele><time>2026-08-18T22:26:10Z</time></trkpt><trkpt lat="47.983958" lon="-123.530558"><ele>1618.242</ele><time>2026-08-18T22:26:20Z</time></trkpt><trkpt lat="47.984071" lon="-123.530584"><ele>1619.012</ele><time>2026-08-18T22:26:30Z</time></trkpt><trkpt lat="47.984081" lon="-123.530585"><ele>1619.262</ele><time>2026-08-18T22:26:31Z</time></trkpt><trkpt lat="47.984174" lon="-123.530618"><ele>1620.083</ele><time>2026-08-18T22:26:40Z</time></trkpt><trkpt lat="47.984196" lon="-123.530622"><ele>1620.411</ele><time>2026-08-18T22:26:42Z</time></trkpt><trkpt lat="47.984258" lon="-123.53062"><ele>1620.809</ele><time>2026-08-18T22:26:48Z</time></trkpt><trkpt lat="47.984355" lon="-123.530603"><ele>1621.448</ele><time>2026-08-18T22:26:55Z</time></trkpt><trkpt lat="47.984377" lon="-123.530604"><ele>1621.664</ele><time>2026-08-18T22:26:57Z</time></trkpt><trkpt lat="47.984462" lon="-123.530614"><ele>1622.256</ele><time>2026-08-18T22:27:04Z</time></trkpt><trkpt lat="47.984471" lon="-123.530615"><ele>1622.452</ele><time>2026-08-18T22:27:05Z</time></trkpt><trkpt lat="47.984498" lon="-123.530617"><ele>1622.813</ele><time>2026-08-18T22:27:08Z</time></trkpt><trkpt lat="47.98457" lon="-123.530624"><ele>1623.435</ele><time>2026-08-18T22:27:15Z</time></trkpt><trkpt lat="47.984584" lon="-123.530625"><ele>1623.425</ele><time>2026-08-18T22:27:16Z</time></trkpt><trkpt lat="47.984697" lon="-123.530652"><ele>1624.465</ele><time>2026-08-18T22:27:26Z</time></trkpt><trkpt lat="47.984706" lon="-123.530654"><ele>1624.415</ele><time>2026-08-18T22:27:27Z</time></trkpt><trkpt lat="47.984797" lon="-123.530678"><ele>1625.226</ele><time>2026-08-18T22:27:35Z</time></trkpt><trkpt lat="47.984839" lon="-123.530683"><ele>1625.647</ele><time>2026-08-18T22:27:38Z</time></trkpt><trkpt lat="47.984911" lon="-123.530685"><ele>1626.011</ele><time>2026-08-18T22:27:44Z</time></trkpt><trkpt lat="47.985017" lon="-123.530691"><ele>1626.609</ele><time>2026-08-18T22:27:53Z</time></trkpt><trkpt lat="47.985111" lon="-123.530685"><ele>1627.084</ele><time>2026-08-18T22:28:03Z</time></trkpt><trkpt lat="47.985211" lon="-123.530655"><ele>1627.680</ele><time>2026-08-18T22:28:11Z</time></trkpt><trkpt lat="47.985221" lon="-123.53065"><ele>1627.612</ele><time>2026-08-18T22:28:12Z</time></trkpt><trkpt lat="47.985321" lon="-123.530619"><ele>1628.248</ele><time>2026-08-18T22:28:22Z</time></trkpt><trkpt lat="47.985388" lon="-123.5306"><ele>1628.439</ele><time>2026-08-18T22:28:27Z</time></trkpt><trkpt lat="47.98541" lon="-123.530592"><ele>1628.651</ele><time>2026-08-18T22:28:29Z</time></trkpt><trkpt lat="47.98542" lon="-123.530588"><ele>1628.821</ele><time>2026-08-18T22:28:30Z</time></trkpt><trkpt lat="47.985529" lon="-123.530542"><ele>1629.291</ele><time>2026-08-18T22:28:39Z</time></trkpt><trkpt lat="47.985601" lon="-123.530497"><ele>1629.821</ele><time>2026-08-18T22:28:46Z</time></trkpt><trkpt lat="47.98564" lon="-123.530496"><ele>1630.276</ele><time>2026-08-18T22:28:50Z</time></trkpt><trkpt lat="47.985739" lon="-123.530454"><ele>1631.090</ele><time>2026-08-18T22:28:58Z</time></trkpt><trkpt lat="47.985827" lon="-123.530406"><ele>1631.419</ele><time>2026-08-18T22:29:07Z</time></trkpt><trkpt lat="47.985863" lon="-123.530392"><ele>1632.009</ele><time>2026-08-18T22:29:11Z</time></trkpt><trkpt lat="47.985908" lon="-123.530395"><ele>1632.289</ele><time>2026-08-18T22:29:15Z</time></trkpt><trkpt lat="47.985979" lon="-123.530434"><ele>1632.685</ele><time>2026-08-18T22:29:22Z</time></trkpt><trkpt lat="47.986011" lon="-123.530465"><ele>1633.087</ele><time>2026-08-18T22:29:25Z</time></trkpt><trkpt lat="47.986058" lon="-123.530506"><ele>1633.483</ele><time>2026-08-18T22:29:30Z</time></trkpt><trkpt lat="47.98612" lon="-123.530537"><ele>1634.074</ele><time>2026-08-18T22:29:37Z</time></trkpt><trkpt lat="47.986132" lon="-123.530542"><ele>1634.046</ele><time>2026-08-18T22:29:38Z</time></trkpt><trkpt lat="47.986144" lon="-123.530545"><ele>1634.046</ele><time>2026-08-18T22:29:39Z</time></trkpt><trkpt lat="47.986269" lon="-123.530556"><ele>1634.016</ele><time>2026-08-18T22:29:48Z</time></trkpt><trkpt lat="47.986372" lon="-123.530594"><ele>1633.816</ele><time>2026-08-18T22:29:57Z</time></trkpt><trkpt lat="47.986413" lon="-123.530614"><ele>1634.283</ele><time>2026-08-18T22:30:01Z</time></trkpt><trkpt lat="47.986474" lon="-123.530657"><ele>1634.825</ele><time>2026-08-18T22:30:07Z</time></trkpt><trkpt lat="47.986495" lon="-123.530678"><ele>1635.017</ele><time>2026-08-18T22:30:10Z</time></trkpt><trkpt lat="47.986535" lon="-123.530748"><ele>1636.009</ele><time>2026-08-18T22:30:16Z</time></trkpt><trkpt lat="47.98654" lon="-123.530757"><ele>1636.280</ele><time>2026-08-18T22:30:17Z</time></trkpt><trkpt lat="47.986577" lon="-123.530821"><ele>1637.496</ele><time>2026-08-18T22:30:24Z</time></trkpt><trkpt lat="47.986597" lon="-123.530854"><ele>1638.088</ele><time>2026-08-18T22:30:27Z</time></trkpt><trkpt lat="47.986614" lon="-123.530898"><ele>1638.444</ele><time>2026-08-18T22:30:30Z</time></trkpt><trkpt lat="47.986661" lon="-123.530996"><ele>1639.465</ele><time>2026-08-18T22:30:38Z</time></trkpt><trkpt lat="47.986666" lon="-123.531001"><ele>1639.697</ele><time>2026-08-18T22:30:39Z</time></trkpt><trkpt lat="47.986673" lon="-123.53101"><ele>1639.687</ele><time>2026-08-18T22:30:40Z</time></trkpt><trkpt lat="47.986712" lon="-123.531058"><ele>1640.697</ele><time>2026-08-18T22:30:47Z</time></trkpt><trkpt lat="47.986725" lon="-123.531072"><ele>1641.067</ele><time>2026-08-18T22:30:49Z</time></trkpt><trkpt lat="47.986777" lon="-123.531131"><ele>1641.886</ele><time>2026-08-18T22:30:56Z</time></trkpt><trkpt lat="47.986791" lon="-123.531147"><ele>1642.060</ele><time>2026-08-18T22:30:58Z</time></trkpt><trkpt lat="47.986857" lon="-123.531245"><ele>1642.826</ele><time>2026-08-18T22:31:09Z</time></trkpt><trkpt lat="47.986868" lon="-123.531261"><ele>1643.009</ele><time>2026-08-18T22:31:11Z</time></trkpt><trkpt lat="47.986903" lon="-123.531309"><ele>1644.070</ele><time>2026-08-18T22:31:18Z</time></trkpt><trkpt lat="47.986923" lon="-123.531347"><ele>1644.866</ele><time>2026-08-18T22:31:23Z</time></trkpt><trkpt lat="47.986935" lon="-123.531372"><ele>1645.268</ele><time>2026-08-18T22:31:25Z</time></trkpt><trkpt lat="47.986983" lon="-123.531451"><ele>1646.294</ele><time>2026-08-18T22:31:33Z</time></trkpt><trkpt lat="47.987016" lon="-123.531514"><ele>1647.265</ele><time>2026-08-18T22:31:40Z</time></trkpt><trkpt lat="47.987045" lon="-123.531585"><ele>1648.287</ele><time>2026-08-18T22:31:47Z</time></trkpt><trkpt lat="47.987048" lon="-123.531595"><ele>1648.437</ele><time>2026-08-18T22:31:48Z</time></trkpt><trkpt lat="47.987091" lon="-123.531698"><ele>1649.497</ele><time>2026-08-18T22:31:58Z</time></trkpt><trkpt lat="47.987103" lon="-123.531715"><ele>1649.817</ele><time>2026-08-18T22:32:00Z</time></trkpt><trkpt lat="47.987131" lon="-123.531771"><ele>1650.488</ele><time>2026-08-18T22:32:07Z</time></trkpt><trkpt lat="47.98716" lon="-123.531817"><ele>1651.224</ele><time>2026-08-18T22:32:13Z</time></trkpt><trkpt lat="47.987177" lon="-123.531841"><ele>1651.626</ele><time>2026-08-18T22:32:16Z</time></trkpt><trkpt lat="47.987217" lon="-123.531893"><ele>1652.409</ele><time>2026-08-18T22:32:23Z</time></trkpt><trkpt lat="47.987223" lon="-123.531901"><ele>1652.690</ele><time>2026-08-18T22:32:24Z</time></trkpt><trkpt lat="47.987255" lon="-123.531947"><ele>1653.286</ele><time>2026-08-18T22:32:31Z</time></trkpt><trkpt lat="47.987268" lon="-123.531957"><ele>1653.698</ele><time>2026-08-18T22:32:33Z</time></trkpt><trkpt lat="47.987319" lon="-123.532"><ele>1654.634</ele><time>2026-08-18T22:32:42Z</time></trkpt><trkpt lat="47.987324" lon="-123.532006"><ele>1654.635</ele><time>2026-08-18T22:32:43Z</time></trkpt><trkpt lat="47.987365" lon="-123.532032"><ele>1655.847</ele><time>2026-08-18T22:32:50Z</time></trkpt><trkpt lat="47.98739" lon="-123.532045"><ele>1656.077</ele><time>2026-08-18T22:32:53Z</time></trkpt><trkpt lat="47.987432" lon="-123.532069"><ele>1656.817</ele><time>2026-08-18T22:33:00Z</time></trkpt><trkpt lat="47.987454" lon="-123.532103"><ele>1657.627</ele><time>2026-08-18T22:33:05Z</time></trkpt><trkpt lat="47.987469" lon="-123.532114"><ele>1657.864</ele><time>2026-08-18T22:33:07Z</time></trkpt><trkpt lat="47.987525" lon="-123.532156"><ele>1658.806</ele><time>2026-08-18T22:33:15Z</time></trkpt><trkpt lat="47.987533" lon="-123.532158"><ele>1659.016</ele><time>2026-08-18T22:33:16Z</time></trkpt><trkpt lat="47.987579" lon="-123.532183"><ele>1659.809</ele><time>2026-08-18T22:33:24Z</time></trkpt><trkpt lat="47.987584" lon="-123.532188"><ele>1660.018</ele><time>2026-08-18T22:33:25Z</time></trkpt><trkpt lat="47.987588" lon="-123.532194"><ele>1660.094</ele><time>2026-08-18T22:33:26Z</time></trkpt><trkpt lat="47.987648" lon="-123.532239"><ele>1661.266</ele><time>2026-08-18T22:33:35Z</time></trkpt><trkpt lat="47.987653" lon="-123.532244"><ele>1661.482</ele><time>2026-08-18T22:33:36Z</time></trkpt><trkpt lat="47.987691" lon="-123.532265"><ele>1662.283</ele><time>2026-08-18T22:33:42Z</time></trkpt><trkpt lat="47.987721" lon="-123.53228"><ele>1663.015</ele><time>2026-08-18T22:33:46Z</time></trkpt><trkpt lat="47.987741" lon="-123.532298"><ele>1663.445</ele><time>2026-08-18T22:33:49Z</time></trkpt><trkpt lat="47.98778" lon="-123.53232"><ele>1664.255</ele><time>2026-08-18T22:33:54Z</time></trkpt><trkpt lat="47.987804" lon="-123.532329"><ele>1664.465</ele><time>2026-08-18T22:33:57Z</time></trkpt><trkpt lat="47.987837" lon="-123.532357"><ele>1665.449</ele><time>2026-08-18T22:34:04Z</time></trkpt><trkpt lat="47.987852" lon="-123.532364"><ele>1665.802</ele><time>2026-08-18T22:34:06Z</time></trkpt><trkpt lat="47.987878" lon="-123.532376"><ele>1666.422</ele><time>2026-08-18T22:34:11Z</time></trkpt><trkpt lat="47.987893" lon="-123.532376"><ele>1666.609</ele><time>2026-08-18T22:34:13Z</time></trkpt><trkpt lat="47.987933" lon="-123.532331"><ele>1667.456</ele><time>2026-08-18T22:34:20Z</time></trkpt><trkpt lat="47.987935" lon="-123.532324"><ele>1667.622</ele><time>2026-08-18T22:34:22Z</time></trkpt><trkpt lat="47.987933" lon="-123.53229"><ele>1668.224</ele><time>2026-08-18T22:34:26Z</time></trkpt><trkpt lat="47.987931" lon="-123.532261"><ele>1668.870</ele><time>2026-08-18T22:34:29Z</time></trkpt><trkpt lat="47.987925" lon="-123.532218"><ele>1669.661</ele><time>2026-08-18T22:34:35Z</time></trkpt><trkpt lat="47.987923" lon="-123.532208"><ele>1669.833</ele><time>2026-08-18T22:34:36Z</time></trkpt><trkpt lat="47.987908" lon="-123.532137"><ele>1670.813</ele><time>2026-08-18T22:34:44Z</time></trkpt><trkpt lat="47.987907" lon="-123.532127"><ele>1670.813</ele><time>2026-08-18T22:34:45Z</time></trkpt><trkpt lat="47.987891" lon="-123.532084"><ele>1671.863</ele><time>2026-08-18T22:34:50Z</time></trkpt><trkpt lat="47.987874" lon="-123.532036"><ele>1672.671</ele><time>2026-08-18T22:34:55Z</time></trkpt><trkpt lat="47.987869" lon="-123.532006"><ele>1673.041</ele><time>2026-08-18T22:34:58Z</time></trkpt><trkpt lat="47.987859" lon="-123.531967"><ele>1674.215</ele><time>2026-08-18T22:35:03Z</time></trkpt><trkpt lat="47.987856" lon="-123.531946"><ele>1674.609</ele><time>2026-08-18T22:35:05Z</time></trkpt><trkpt lat="47.987852" lon="-123.531881"><ele>1675.289</ele><time>2026-08-18T22:35:11Z</time></trkpt><trkpt lat="47.987847" lon="-123.53181"><ele>1676.445</ele><time>2026-08-18T22:35:18Z</time></trkpt><trkpt lat="47.987843" lon="-123.531748"><ele>1677.477</ele><time>2026-08-18T22:35:24Z</time></trkpt><trkpt lat="47.987846" lon="-123.5317"><ele>1678.073</ele><time>2026-08-18T22:35:28Z</time></trkpt><trkpt lat="47.987851" lon="-123.531669"><ele>1678.644</ele><time>2026-08-18T22:35:31Z</time></trkpt><trkpt lat="47.987845" lon="-123.531605"><ele>1679.646</ele><time>2026-08-18T22:35:38Z</time></trkpt><trkpt lat="47.987845" lon="-123.531595"><ele>1679.876</ele><time>2026-08-18T22:35:39Z</time></trkpt><trkpt lat="47.987846" lon="-123.531549"><ele>1680.616</ele><time>2026-08-18T22:35:43Z</time></trkpt><trkpt lat="47.987858" lon="-123.531478"><ele>1681.476</ele><time>2026-08-18T22:35:50Z</time></trkpt><trkpt lat="47.987858" lon="-123.53147"><ele>1681.625</ele><time>2026-08-18T22:35:51Z</time></trkpt><trkpt lat="47.987878" lon="-123.531406"><ele>1682.626</ele><time>2026-08-18T22:35:59Z</time></trkpt><trkpt lat="47.987895" lon="-123.531405"><ele>1683.008</ele><time>2026-08-18T22:36:02Z</time></trkpt><trkpt lat="47.987932" lon="-123.531415"><ele>1683.609</ele><time>2026-08-18T22:36:06Z</time></trkpt><trkpt lat="47.987953" lon="-123.531452"><ele>1684.434</ele><time>2026-08-18T22:36:10Z</time></trkpt><trkpt lat="47.987973" lon="-123.531479"><ele>1684.820</ele><time>2026-08-18T22:36:14Z</time></trkpt><trkpt lat="47.987997" lon="-123.531515"><ele>1685.852</ele><time>2026-08-18T22:36:19Z</time></trkpt><trkpt lat="47.988015" lon="-123.531546"><ele>1686.238</ele><time>2026-08-18T22:36:23Z</time></trkpt><trkpt lat="47.988035" lon="-123.531569"><ele>1686.649</ele><time>2026-08-18T22:36:26Z</time></trkpt><trkpt lat="47.988058" lon="-123.531584"><ele>1686.831</ele><time>2026-08-18T22:36:29Z</time></trkpt><trkpt lat="47.988094" lon="-123.531625"><ele>1687.611</ele><time>2026-08-18T22:36:35Z</time></trkpt><trkpt lat="47.98811" lon="-123.531639"><ele>1688.031</ele><time>2026-08-18T22:36:37Z</time></trkpt><trkpt lat="47.988144" lon="-123.531666"><ele>1688.471</ele><time>2026-08-18T22:36:42Z</time></trkpt><trkpt lat="47.988181" lon="-123.531691"><ele>1689.086</ele><time>2026-08-18T22:36:47Z</time></trkpt><trkpt lat="47.988194" lon="-123.53171"><ele>1689.660</ele><time>2026-08-18T22:36:50Z</time></trkpt><trkpt lat="47.988209" lon="-123.531727"><ele>1690.226</ele><time>2026-08-18T22:36:53Z</time></trkpt><trkpt lat="47.988277" lon="-123.531759"><ele>1691.209</ele><time>2026-08-18T22:37:01Z</time></trkpt><trkpt lat="47.988347" lon="-123.5318"><ele>1692.230</ele><time>2026-08-18T22:37:11Z</time></trkpt><trkpt lat="47.988376" lon="-123.531813"><ele>1692.846</ele><time>2026-08-18T22:37:16Z</time></trkpt><trkpt lat="47.988405" lon="-123.53184"><ele>1693.458</ele><time>2026-08-18T22:37:21Z</time></trkpt><trkpt lat="47.988412" lon="-123.531843"><ele>1693.624</ele><time>2026-08-18T22:37:22Z</time></trkpt><trkpt lat="47.988469" lon="-123.531863"><ele>1694.425</ele><time>2026-08-18T22:37:30Z</time></trkpt><trkpt lat="47.988484" lon="-123.531868"><ele>1694.687</ele><time>2026-08-18T22:37:32Z</time></trkpt><trkpt lat="47.988511" lon="-123.531864"><ele>1695.427</ele><time>2026-08-18T22:37:39Z</time></trkpt><trkpt lat="47.988555" lon="-123.531851"><ele>1696.457</ele><time>2026-08-18T22:37:48Z</time></trkpt><trkpt lat="47.988558" lon="-123.53184"><ele>1696.687</ele><time>2026-08-18T22:37:49Z</time></trkpt><trkpt lat="47.988569" lon="-123.531752"><ele>1697.624</ele><time>2026-08-18T22:37:56Z</time></trkpt><trkpt lat="47.988573" lon="-123.531717"><ele>1698.604</ele><time>2026-08-18T22:37:59Z</time></trkpt><trkpt lat="47.988572" lon="-123.531704"><ele>1698.814</ele><time>2026-08-18T22:38:00Z</time></trkpt><trkpt lat="47.988547" lon="-123.531625"><ele>1699.609</ele><time>2026-08-18T22:38:07Z</time></trkpt><trkpt lat="47.988538" lon="-123.5316"><ele>1700.084</ele><time>2026-08-18T22:38:09Z</time></trkpt><trkpt lat="47.988518" lon="-123.531534"><ele>1701.030</ele><time>2026-08-18T22:38:15Z</time></trkpt><trkpt lat="47.988495" lon="-123.531444"><ele>1702.052</ele><time>2026-08-18T22:38:23Z</time></trkpt><trkpt lat="47.988479" lon="-123.531399"><ele>1702.678</ele><time>2026-08-18T22:38:27Z</time></trkpt><trkpt lat="47.988468" lon="-123.531342"><ele>1703.089</ele><time>2026-08-18T22:38:31Z</time></trkpt><trkpt lat="47.988459" lon="-123.531245"><ele>1704.271</ele><time>2026-08-18T22:38:39Z</time></trkpt><trkpt lat="47.988455" lon="-123.53119"><ele>1704.661</ele><time>2026-08-18T22:38:43Z</time></trkpt><trkpt lat="47.988448" lon="-123.531157"><ele>1705.221</ele><time>2026-08-18T22:38:46Z</time></trkpt><trkpt lat="47.988442" lon="-123.531038"><ele>1706.041</ele><time>2026-08-18T22:38:55Z</time></trkpt><trkpt lat="47.98844" lon="-123.531024"><ele>1706.295</ele><time>2026-08-18T22:38:56Z</time></trkpt><trkpt lat="47.988429" lon="-123.530925"><ele>1707.249</ele><time>2026-08-18T22:39:03Z</time></trkpt><trkpt lat="47.988423" lon="-123.530876"><ele>1707.623</ele><time>2026-08-18T22:39:07Z</time></trkpt><trkpt lat="47.988428" lon="-123.530833"><ele>1708.209</ele><time>2026-08-18T22:39:11Z</time></trkpt><trkpt lat="47.988449" lon="-123.5308"><ele>1708.651</ele><time>2026-08-18T22:39:15Z</time></trkpt><trkpt lat="47.988455" lon="-123.530786"><ele>1708.867</ele><time>2026-08-18T22:39:16Z</time></trkpt><trkpt lat="47.988484" lon="-123.530738"><ele>1709.469</ele><time>2026-08-18T22:39:20Z</time></trkpt><trkpt lat="47.98853" lon="-123.530691"><ele>1709.895</ele><time>2026-08-18T22:39:25Z</time></trkpt><trkpt lat="47.988587" lon="-123.530672"><ele>1710.276</ele><time>2026-08-18T22:39:31Z</time></trkpt><trkpt lat="47.988596" lon="-123.530671"><ele>1710.418</ele><time>2026-08-18T22:39:32Z</time></trkpt><trkpt lat="47.98868" lon="-123.530659"><ele>1711.038</ele><time>2026-08-18T22:39:41Z</time></trkpt><trkpt lat="47.98871" lon="-123.530655"><ele>1711.458</ele><time>2026-08-18T22:39:44Z</time></trkpt><trkpt lat="47.988774" lon="-123.53066"><ele>1712.278</ele><time>2026-08-18T22:39:51Z</time></trkpt><trkpt lat="47.988788" lon="-123.530667"><ele>1712.415</ele><time>2026-08-18T22:39:53Z</time></trkpt><trkpt lat="47.988838" lon="-123.530684"><ele>1713.465</ele><time>2026-08-18T22:39:59Z</time></trkpt><trkpt lat="47.988851" lon="-123.530687"><ele>1713.811</ele><time>2026-08-18T22:40:01Z</time></trkpt><trkpt lat="47.988909" lon="-123.530708"><ele>1714.409</ele><time>2026-08-18T22:40:07Z</time></trkpt><trkpt lat="47.988926" lon="-123.530717"><ele>1714.873</ele><time>2026-08-18T22:40:09Z</time></trkpt><trkpt lat="47.988969" lon="-123.530728"><ele>1715.679</ele><time>2026-08-18T22:40:14Z</time></trkpt><trkpt lat="47.988999" lon="-123.530735"><ele>1716.031</ele><time>2026-08-18T22:40:17Z</time></trkpt><trkpt lat="47.98903" lon="-123.530744"><ele>1716.677</ele><time>2026-08-18T22:40:21Z</time></trkpt><trkpt lat="47.989088" lon="-123.530757"><ele>1717.258</ele><time>2026-08-18T22:40:27Z</time></trkpt><trkpt lat="47.98912" lon="-123.530765"><ele>1717.690</ele><time>2026-08-18T22:40:30Z</time></trkpt><trkpt lat="47.989179" lon="-123.530775"><ele>1718.230</ele><time>2026-08-18T22:40:36Z</time></trkpt><trkpt lat="47.989215" lon="-123.530775"><ele>1718.630</ele><time>2026-08-18T22:40:40Z</time></trkpt><trkpt lat="47.989259" lon="-123.530767"><ele>1718.810</ele><time>2026-08-18T22:40:45Z</time></trkpt><trkpt lat="47.989295" lon="-123.530766"><ele>1719.828</ele><time>2026-08-18T22:40:49Z</time></trkpt><trkpt lat="47.989353" lon="-123.530757"><ele>1720.689</ele><time>2026-08-18T22:40:55Z</time></trkpt><trkpt lat="47.98936" lon="-123.530756"><ele>1720.817</ele><time>2026-08-18T22:40:56Z</time></trkpt><trkpt lat="47.989427" lon="-123.530732"><ele>1721.809</ele><time>2026-08-18T22:41:03Z</time></trkpt><trkpt lat="47.989453" lon="-123.530706"><ele>1722.414</ele><time>2026-08-18T22:41:06Z</time></trkpt><trkpt lat="47.989507" lon="-123.530671"><ele>1722.660</ele><time>2026-08-18T22:41:13Z</time></trkpt><trkpt lat="47.989518" lon="-123.530662"><ele>1722.882</ele><time>2026-08-18T22:41:14Z</time></trkpt><trkpt lat="47.989522" lon="-123.530657"><ele>1723.058</ele><time>2026-08-18T22:41:15Z</time></trkpt><trkpt lat="47.989583" lon="-123.530604"><ele>1724.019</ele><time>2026-08-18T22:41:23Z</time></trkpt><trkpt lat="47.989664" lon="-123.530536"><ele>1725.051</ele><time>2026-08-18T22:41:33Z</time></trkpt><trkpt lat="47.989704" lon="-123.53051"><ele>1726.081</ele><time>2026-08-18T22:41:38Z</time></trkpt><trkpt lat="47.989714" lon="-123.530503"><ele>1726.441</ele><time>2026-08-18T22:41:39Z</time></trkpt><trkpt lat="47.98973" lon="-123.530491"><ele>1726.631</ele><time>2026-08-18T22:41:41Z</time></trkpt><trkpt lat="47.989808" lon="-123.530439"><ele>1727.235</ele><time>2026-08-18T22:41:50Z</time></trkpt><trkpt lat="47.989823" lon="-123.530428"><ele>1727.686</ele><time>2026-08-18T22:41:52Z</time></trkpt><trkpt lat="47.989871" lon="-123.530405"><ele>1728.414</ele><time>2026-08-18T22:41:58Z</time></trkpt><trkpt lat="47.98989" lon="-123.530407"><ele>1728.609</ele><time>2026-08-18T22:42:00Z</time></trkpt><trkpt lat="47.989957" lon="-123.530454"><ele>1728.655</ele><time>2026-08-18T22:42:07Z</time></trkpt><trkpt lat="47.990026" lon="-123.530509"><ele>1728.861</ele><time>2026-08-18T22:42:14Z</time></trkpt><trkpt lat="47.990049" lon="-123.530522"><ele>1728.843</ele><time>2026-08-18T22:42:16Z</time></trkpt><trkpt lat="47.990134" lon="-123.530503"><ele>1729.249</ele><time>2026-08-18T22:42:26Z</time></trkpt><trkpt lat="47.990142" lon="-123.530493"><ele>1729.820</ele><time>2026-08-18T22:42:29Z</time></trkpt><trkpt lat="47.990141" lon="-123.530489"><ele>1729.452</ele><time>2026-08-18T22:42:33Z</time></trkpt><trkpt lat="47.990129" lon="-123.530494"><ele>1729.492</ele><time>2026-08-18T22:42:40Z</time></trkpt><trkpt lat="47.990129" lon="-123.5305"><ele>1729.672</ele><time>2026-08-18T22:42:44Z</time></trkpt><trkpt lat="47.990133" lon="-123.530498"><ele>1729.632</ele><time>2026-08-18T22:42:46Z</time></trkpt><trkpt lat="47.990151" lon="-123.530435"><ele>1730.018</ele><time>2026-08-18T22:42:51Z</time></trkpt><trkpt lat="47.990157" lon="-123.530395"><ele>1731.098</ele><time>2026-08-18T22:42:55Z</time></trkpt><trkpt lat="47.99016" lon="-123.53035"><ele>1731.817</ele><time>2026-08-18T22:43:00Z</time></trkpt><trkpt lat="47.990161" lon="-123.530339"><ele>1732.209</ele><time>2026-08-18T22:43:01Z</time></trkpt><trkpt lat="47.990161" lon="-123.530276"><ele>1733.093</ele><time>2026-08-18T22:43:06Z</time></trkpt><trkpt lat="47.990165" lon="-123.530267"><ele>1733.289</ele><time>2026-08-18T22:43:07Z</time></trkpt><trkpt lat="47.990171" lon="-123.530257"><ele>1733.481</ele><time>2026-08-18T22:43:08Z</time></trkpt><trkpt lat="47.990183" lon="-123.530195"><ele>1734.057</ele><time>2026-08-18T22:43:13Z</time></trkpt><trkpt lat="47.990184" lon="-123.530179"><ele>1734.418</ele><time>2026-08-18T22:43:14Z</time></trkpt><trkpt lat="47.990177" lon="-123.530138"><ele>1735.050</ele><time>2026-08-18T22:43:17Z</time></trkpt><trkpt lat="47.990178" lon="-123.530113"><ele>1735.480</ele><time>2026-08-18T22:43:19Z</time></trkpt><trkpt lat="47.990174" lon="-123.530062"><ele>1736.080</ele><time>2026-08-18T22:43:24Z</time></trkpt><trkpt lat="47.990171" lon="-123.530014"><ele>1736.420</ele><time>2026-08-18T22:43:28Z</time></trkpt><trkpt lat="47.990174" lon="-123.529952"><ele>1737.422</ele><time>2026-08-18T22:43:33Z</time></trkpt><trkpt lat="47.990174" lon="-123.52994"><ele>1737.662</ele><time>2026-08-18T22:43:34Z</time></trkpt><trkpt lat="47.990172" lon="-123.529902"><ele>1738.608</ele><time>2026-08-18T22:43:39Z</time></trkpt><trkpt lat="47.99017" lon="-123.52989"><ele>1738.809</ele><time>2026-08-18T22:43:41Z</time></trkpt><trkpt lat="47.990166" lon="-123.529856"><ele>1739.694</ele><time>2026-08-18T22:43:45Z</time></trkpt><trkpt lat="47.990159" lon="-123.529847"><ele>1739.810</ele><time>2026-08-18T22:43:48Z</time></trkpt><trkpt lat="47.990172" lon="-123.529833"><ele>1739.472</ele><time>2026-08-18T22:43:51Z</time></trkpt><trkpt lat="47.990176" lon="-123.529856"><ele>1739.418</ele><time>2026-08-18T22:44:03Z</time></trkpt><trkpt lat="47.990159" lon="-123.529823"><ele>1739.489</ele><time>2026-08-18T22:44:08Z</time></trkpt><trkpt lat="47.990163" lon="-123.529776"><ele>1740.691</ele><time>2026-08-18T22:44:12Z</time></trkpt><trkpt lat="47.990164" lon="-123.529762"><ele>1740.861</ele><time>2026-08-18T22:44:13Z</time></trkpt><trkpt lat="47.99019" lon="-123.529684"><ele>1742.031</ele><time>2026-08-18T22:44:21Z</time></trkpt><trkpt lat="47.990187" lon="-123.529665"><ele>1742.471</ele><time>2026-08-18T22:44:23Z</time></trkpt><trkpt lat="47.99018" lon="-123.529639"><ele>1743.084</ele><time>2026-08-18T22:44:26Z</time></trkpt><trkpt lat="47.990154" lon="-123.529556"><ele>1744.207</ele><time>2026-08-18T22:44:34Z</time></trkpt><trkpt lat="47.990094" lon="-123.529446"><ele>1744.417</ele><time>2026-08-18T22:44:43Z</time></trkpt><trkpt lat="47.99006" lon="-123.529367"><ele>1745.409</ele><time>2026-08-18T22:44:52Z</time></trkpt><trkpt lat="47.990067" lon="-123.529353"><ele>1746.090</ele><time>2026-08-18T22:44:55Z</time></trkpt><trkpt lat="47.990081" lon="-123.529345"><ele>1746.446</ele><time>2026-08-18T22:44:57Z</time></trkpt><trkpt lat="47.990085" lon="-123.529345"><ele>1746.468</ele><time>2026-08-18T22:44:58Z</time></trkpt><trkpt lat="47.990127" lon="-123.529318"><ele>1747.624</ele><time>2026-08-18T22:45:05Z</time></trkpt><trkpt lat="47.99015" lon="-123.529318"><ele>1748.865</ele><time>2026-08-18T22:45:09Z</time></trkpt><trkpt lat="47.990156" lon="-123.529286"><ele>1749.297</ele><time>2026-08-18T22:45:14Z</time></trkpt><trkpt lat="47.990164" lon="-123.529264"><ele>1750.087</ele><time>2026-08-18T22:45:17Z</time></trkpt><trkpt lat="47.990175" lon="-123.529246"><ele>1750.647</ele><time>2026-08-18T22:45:20Z</time></trkpt><trkpt lat="47.990181" lon="-123.529236"><ele>1751.077</ele><time>2026-08-18T22:45:22Z</time></trkpt><trkpt lat="47.990186" lon="-123.529225"><ele>1751.429</ele><time>2026-08-18T22:45:24Z</time></trkpt><trkpt lat="47.990202" lon="-123.529231"><ele>1751.800</ele><time>2026-08-18T22:45:27Z</time></trkpt><trkpt lat="47.990225" lon="-123.529244"><ele>1752.220</ele><time>2026-08-18T22:45:30Z</time></trkpt><trkpt lat="47.990252" lon="-123.52926"><ele>1752.609</ele><time>2026-08-18T22:45:33Z</time></trkpt><trkpt lat="47.990289" lon="-123.529262"><ele>1753.424</ele><time>2026-08-18T22:45:38Z</time></trkpt><trkpt lat="47.990292" lon="-123.529253"><ele>1753.640</ele><time>2026-08-18T22:45:39Z</time></trkpt><trkpt lat="47.990294" lon="-123.529244"><ele>1753.872</ele><time>2026-08-18T22:45:40Z</time></trkpt><trkpt lat="47.990307" lon="-123.529203"><ele>1754.478</ele><time>2026-08-18T22:45:45Z</time></trkpt><trkpt lat="47.990319" lon="-123.529159"><ele>1755.229</ele><time>2026-08-18T22:45:51Z</time></trkpt><trkpt lat="47.990324" lon="-123.529132"><ele>1755.451</ele><time>2026-08-18T22:45:53Z</time></trkpt><trkpt lat="47.990333" lon="-123.529078"><ele>1756.221</ele><time>2026-08-18T22:46:02Z</time></trkpt><trkpt lat="47.990343" lon="-123.529059"><ele>1755.611</ele><time>2026-08-18T22:46:11Z</time></trkpt><trkpt lat="47.990375" lon="-123.529084"><ele>1754.461</ele><time>2026-08-18T22:46:16Z</time></trkpt><trkpt lat="47.99038" lon="-123.529095"><ele>1754.067</ele><time>2026-08-18T22:46:17Z</time></trkpt><trkpt lat="47.990391" lon="-123.52911"><ele>1753.281</ele><time>2026-08-18T22:46:20Z</time></trkpt><trkpt lat="47.9904" lon="-123.529113"><ele>1753.419</ele><time>2026-08-18T22:46:23Z</time></trkpt><trkpt lat="47.990392" lon="-123.529136"><ele>1753.209</ele><time>2026-08-18T22:46:31Z</time></trkpt><trkpt lat="47.990391" lon="-123.529134"><ele>1753.018</ele><time>2026-08-18T22:46:33Z</time></trkpt><trkpt lat="47.990394" lon="-123.529135"><ele>1752.644</ele><time>2026-08-18T22:46:39Z</time></trkpt><trkpt lat="47.990394" lon="-123.529131"><ele>1752.636</ele><time>2026-08-18T22:46:41Z</time></trkpt><trkpt lat="47.990395" lon="-123.529133"><ele>1752.632</ele><time>2026-08-18T22:46:43Z</time></trkpt><trkpt lat="47.990394" lon="-123.529134"><ele>1752.413</ele><time>2026-08-18T22:46:54Z</time></trkpt><trkpt lat="47.990398" lon="-123.529127"><ele>1752.435</ele><time>2026-08-18T22:47:01Z</time></trkpt><trkpt lat="47.990399" lon="-123.529116"><ele>1752.235</ele><time>2026-08-18T22:47:03Z</time></trkpt><trkpt lat="47.990393" lon="-123.529126"><ele>1751.645</ele><time>2026-08-18T22:47:08Z</time></trkpt><trkpt lat="47.990393" lon="-123.52913"><ele>1751.465</ele><time>2026-08-18T22:47:16Z</time></trkpt><trkpt lat="47.990396" lon="-123.529132"><ele>1751.215</ele><time>2026-08-18T22:47:25Z</time></trkpt><trkpt lat="47.990394" lon="-123.529137"><ele>1751.265</ele><time>2026-08-18T22:47:33Z</time></trkpt><trkpt lat="47.990395" lon="-123.529137"><ele>1751.211</ele><time>2026-08-18T22:47:34Z</time></trkpt><trkpt lat="47.990396" lon="-123.529129"><ele>1751.209</ele><time>2026-08-18T22:47:36Z</time></trkpt><trkpt lat="47.990401" lon="-123.529134"><ele>1751.263</ele><time>2026-08-18T22:47:40Z</time></trkpt><trkpt lat="47.9904" lon="-123.529137"><ele>1751.459</ele><time>2026-08-18T22:47:47Z</time></trkpt><trkpt lat="47.990394" lon="-123.529141"><ele>1751.441</ele><time>2026-08-18T22:47:49Z</time></trkpt><trkpt lat="47.990395" lon="-123.529138"><ele>1750.817</ele><time>2026-08-18T22:47:53Z</time></trkpt><trkpt lat="47.990392" lon="-123.529129"><ele>1751.078</ele><time>2026-08-18T22:47:58Z</time></trkpt><trkpt lat="47.990399" lon="-123.529127"><ele>1750.690</ele><time>2026-08-18T22:48:09Z</time></trkpt><trkpt lat="47.990403" lon="-123.529127"><ele>1750.610</ele><time>2026-08-18T22:48:11Z</time></trkpt><trkpt lat="47.990401" lon="-123.529132"><ele>1750.870</ele><time>2026-08-18T22:48:12Z</time></trkpt><trkpt lat="47.990402" lon="-123.529129"><ele>1750.680</ele><time>2026-08-18T22:48:13Z</time></trkpt><trkpt lat="47.990403" lon="-123.529123"><ele>1750.876</ele><time>2026-08-18T22:48:17Z</time></trkpt><trkpt lat="47.990409" lon="-123.529137"><ele>1750.690</ele><time>2026-08-18T22:48:31Z</time></trkpt><trkpt lat="47.9904" lon="-123.529145"><ele>1751.019</ele><time>2026-08-18T22:48:37Z</time></trkpt><trkpt lat="47.990398" lon="-123.529147"><ele>1750.809</ele><time>2026-08-18T22:48:39Z</time></trkpt><trkpt lat="47.990394" lon="-123.529137"><ele>1750.089</ele><time>2026-08-18T22:48:43Z</time></trkpt><trkpt lat="47.990394" lon="-123.529137"><ele>1750.255</ele><time>2026-08-18T22:48:45Z</time></trkpt><trkpt lat="47.990394" lon="-123.529137"><ele>1750.217</ele><time>2026-08-18T22:48:46Z</time></trkpt><trkpt lat="47.990394" lon="-123.529137"><ele>1750.223</ele><time>2026-08-18T22:48:47Z</time></trkpt><trkpt lat="47.990394" lon="-123.529137"><ele>1750.284</ele><time>2026-08-18T22:48:49Z</time></trkpt><trkpt lat="47.990403" lon="-123.529141"><ele>1750.256</ele><time>2026-08-18T22:48:50Z</time></trkpt><trkpt lat="47.990409" lon="-123.529136"><ele>1750.446</ele><time>2026-08-18T22:48:53Z</time></trkpt><trkpt lat="47.990295" lon="-123.529036"><ele>1746.416</ele><time>2026-08-18T23:11:41Z</time></trkpt><trkpt lat="47.990295" lon="-123.529033"><ele>1746.436</ele><time>2026-08-18T23:11:42Z</time></trkpt><trkpt lat="47.990293" lon="-123.529025"><ele>1746.678</ele><time>2026-08-18T23:11:45Z</time></trkpt><trkpt lat="47.990265" lon="-123.528985"><ele>1746.033</ele><time>2026-08-18T23:11:53Z</time></trkpt><trkpt lat="47.990258" lon="-123.528977"><ele>1745.626</ele><time>2026-08-18T23:11:58Z</time></trkpt><trkpt lat="47.99026" lon="-123.528978"><ele>1745.409</ele><time>2026-08-18T23:11:59Z</time></trkpt><trkpt lat="47.990262" lon="-123.52898"><ele>1745.489</ele><time>2026-08-18T23:12:00Z</time></trkpt><trkpt lat="47.990249" lon="-123.52896"><ele>1745.025</ele><time>2026-08-18T23:12:10Z</time></trkpt><trkpt lat="47.990236" lon="-123.528935"><ele>1744.697</ele><time>2026-08-18T23:12:17Z</time></trkpt><trkpt lat="47.990228" lon="-123.528934"><ele>1744.463</ele><time>2026-08-18T23:12:21Z</time></trkpt><trkpt lat="47.990217" lon="-123.528917"><ele>1744.244</ele><time>2026-08-18T23:12:26Z</time></trkpt><trkpt lat="47.990214" lon="-123.528893"><ele>1743.646</ele><time>2026-08-18T23:12:34Z</time></trkpt><trkpt lat="47.990211" lon="-123.528883"><ele>1743.246</ele><time>2026-08-18T23:12:37Z</time></trkpt><trkpt lat="47.990212" lon="-123.528867"><ele>1743.266</ele><time>2026-08-18T23:12:43Z</time></trkpt><trkpt lat="47.990204" lon="-123.528818"><ele>1742.216</ele><time>2026-08-18T23:12:50Z</time></trkpt><trkpt lat="47.990203" lon="-123.528806"><ele>1742.014</ele><time>2026-08-18T23:12:52Z</time></trkpt><trkpt lat="47.9902" lon="-123.528797"><ele>1742.054</ele><time>2026-08-18T23:12:57Z</time></trkpt><trkpt lat="47.990199" lon="-123.528799"><ele>1742.209</ele><time>2026-08-18T23:12:59Z</time></trkpt><trkpt lat="47.990197" lon="-123.528769"><ele>1742.009</ele><time>2026-08-18T23:13:08Z</time></trkpt><trkpt lat="47.990182" lon="-123.528686"><ele>1741.083</ele><time>2026-08-18T23:13:16Z</time></trkpt><trkpt lat="47.990169" lon="-123.528648"><ele>1740.629</ele><time>2026-08-18T23:13:20Z</time></trkpt><trkpt lat="47.99014" lon="-123.528564"><ele>1740.431</ele><time>2026-08-18T23:13:30Z</time></trkpt><trkpt lat="47.990137" lon="-123.528549"><ele>1740.457</ele><time>2026-08-18T23:13:37Z</time></trkpt><trkpt lat="47.990134" lon="-123.528514"><ele>1741.018</ele><time>2026-08-18T23:13:46Z</time></trkpt><trkpt lat="47.990126" lon="-123.528516"><ele>1741.050</ele><time>2026-08-18T23:13:50Z</time></trkpt><trkpt lat="47.990122" lon="-123.528523"><ele>1740.850</ele><time>2026-08-18T23:13:55Z</time></trkpt><trkpt lat="47.99013" lon="-123.528516"><ele>1740.860</ele><time>2026-08-18T23:14:08Z</time></trkpt><trkpt lat="47.990133" lon="-123.528517"><ele>1740.850</ele><time>2026-08-18T23:14:18Z</time></trkpt><trkpt lat="47.990132" lon="-123.528519"><ele>1741.097</ele><time>2026-08-18T23:14:25Z</time></trkpt><trkpt lat="47.990132" lon="-123.528519"><ele>1741.023</ele><time>2026-08-18T23:14:33Z</time></trkpt><trkpt lat="47.990132" lon="-123.528519"><ele>1741.025</ele><time>2026-08-18T23:14:46Z</time></trkpt><trkpt lat="47.990132" lon="-123.528519"><ele>1741.009</ele><time>2026-08-18T23:14:48Z</time></trkpt><trkpt lat="47.990132" lon="-123.528519"><ele>1741.061</ele><time>2026-08-18T23:14:51Z</time></trkpt><trkpt lat="47.990132" lon="-123.528519"><ele>1741.067</ele><time>2026-08-18T23:14:54Z</time></trkpt><trkpt lat="47.990124" lon="-123.528517"><ele>1741.249</ele><time>2026-08-18T23:15:12Z</time></trkpt><trkpt lat="47.99013" lon="-123.528525"><ele>1741.015</ele><time>2026-08-18T23:15:18Z</time></trkpt><trkpt lat="47.99013" lon="-123.528526"><ele>1741.046</ele><time>2026-08-18T23:15:19Z</time></trkpt><trkpt lat="47.990128" lon="-123.528527"><ele>1741.028</ele><time>2026-08-18T23:15:20Z</time></trkpt><trkpt lat="47.99013" lon="-123.528528"><ele>1741.028</ele><time>2026-08-18T23:15:22Z</time></trkpt><trkpt lat="47.990139" lon="-123.528531"><ele>1741.268</ele><time>2026-08-18T23:15:32Z</time></trkpt><trkpt lat="47.990141" lon="-123.528537"><ele>1741.258</ele><time>2026-08-18T23:15:44Z</time></trkpt><trkpt lat="47.990144" lon="-123.528535"><ele>1741.081</ele><time>2026-08-18T23:15:58Z</time></trkpt><trkpt lat="47.990128" lon="-123.528537"><ele>1741.461</ele><time>2026-08-18T23:16:05Z</time></trkpt><trkpt lat="47.990126" lon="-123.528537"><ele>1741.217</ele><time>2026-08-18T23:16:06Z</time></trkpt><trkpt lat="47.990121" lon="-123.528537"><ele>1741.409</ele><time>2026-08-18T23:16:14Z</time></trkpt><trkpt lat="47.990122" lon="-123.528585"><ele>1741.470</ele><time>2026-08-18T23:16:21Z</time></trkpt><trkpt lat="47.990122" lon="-123.528584"><ele>1741.476</ele><time>2026-08-18T23:16:28Z</time></trkpt><trkpt lat="47.990122" lon="-123.528584"><ele>1741.498</ele><time>2026-08-18T23:16:30Z</time></trkpt><trkpt lat="47.990122" lon="-123.528584"><ele>1741.274</ele><time>2026-08-18T23:16:37Z</time></trkpt><trkpt lat="47.990128" lon="-123.52856"><ele>1741.695</ele><time>2026-08-18T23:16:48Z</time></trkpt><trkpt lat="47.99013" lon="-123.528561"><ele>1741.617</ele><time>2026-08-18T23:16:49Z</time></trkpt><trkpt lat="47.990132" lon="-123.52856"><ele>1741.697</ele><time>2026-08-18T23:16:59Z</time></trkpt><trkpt lat="47.990132" lon="-123.52856"><ele>1741.467</ele><time>2026-08-18T23:17:02Z</time></trkpt><trkpt lat="47.990132" lon="-123.52856"><ele>1741.487</ele><time>2026-08-18T23:17:09Z</time></trkpt><trkpt lat="47.990146" lon="-123.528559"><ele>1741.211</ele><time>2026-08-18T23:17:13Z</time></trkpt><trkpt lat="47.990126" lon="-123.528572"><ele>1741.221</ele><time>2026-08-18T23:17:25Z</time></trkpt><trkpt lat="47.990113" lon="-123.528506"><ele>1740.803</ele><time>2026-08-18T23:17:33Z</time></trkpt><trkpt lat="47.990098" lon="-123.528446"><ele>1740.609</ele><time>2026-08-18T23:17:40Z</time></trkpt><trkpt lat="47.990096" lon="-123.528436"><ele>1740.613</ele><time>2026-08-18T23:17:42Z</time></trkpt><trkpt lat="47.990078" lon="-123.528394"><ele>1740.099</ele><time>2026-08-18T23:17:47Z</time></trkpt><trkpt lat="47.990077" lon="-123.528391"><ele>1739.821</ele><time>2026-08-18T23:17:49Z</time></trkpt><trkpt lat="47.99008" lon="-123.528391"><ele>1740.427</ele><time>2026-08-18T23:17:57Z</time></trkpt><trkpt lat="47.990071" lon="-123.528377"><ele>1740.088</ele><time>2026-08-18T23:18:06Z</time></trkpt><trkpt lat="47.990062" lon="-123.528295"><ele>1738.830</ele><time>2026-08-18T23:18:12Z</time></trkpt><trkpt lat="47.990054" lon="-123.528245"><ele>1738.250</ele><time>2026-08-18T23:18:15Z</time></trkpt><trkpt lat="47.990046" lon="-123.52821"><ele>1738.090</ele><time>2026-08-18T23:18:17Z</time></trkpt><trkpt lat="47.990044" lon="-123.528191"><ele>1737.660</ele><time>2026-08-18T23:18:18Z</time></trkpt><trkpt lat="47.990029" lon="-123.528083"><ele>1736.668</ele><time>2026-08-18T23:18:25Z</time></trkpt><trkpt lat="47.990017" lon="-123.528024"><ele>1735.642</ele><time>2026-08-18T23:18:28Z</time></trkpt><trkpt lat="47.990011" lon="-123.527977"><ele>1735.226</ele><time>2026-08-18T23:18:32Z</time></trkpt><trkpt lat="47.989998" lon="-123.527916"><ele>1734.409</ele><time>2026-08-18T23:18:36Z</time></trkpt><trkpt lat="47.989965" lon="-123.527865"><ele>1734.258</ele><time>2026-08-18T23:18:41Z</time></trkpt><trkpt lat="47.989962" lon="-123.527846"><ele>1734.074</ele><time>2026-08-18T23:18:49Z</time></trkpt><trkpt lat="47.989952" lon="-123.527856"><ele>1733.826</ele><time>2026-08-18T23:19:03Z</time></trkpt><trkpt lat="47.989935" lon="-123.527851"><ele>1734.062</ele><time>2026-08-18T23:19:11Z</time></trkpt><trkpt lat="47.989927" lon="-123.527847"><ele>1734.023</ele><time>2026-08-18T23:19:12Z</time></trkpt><trkpt lat="47.989896" lon="-123.527846"><ele>1734.055</ele><time>2026-08-18T23:19:17Z</time></trkpt><trkpt lat="47.989879" lon="-123.52784"><ele>1734.055</ele><time>2026-08-18T23:19:19Z</time></trkpt><trkpt lat="47.989853" lon="-123.527839"><ele>1733.835</ele><time>2026-08-18T23:19:27Z</time></trkpt><trkpt lat="47.989845" lon="-123.527832"><ele>1733.825</ele><time>2026-08-18T23:19:33Z</time></trkpt><trkpt lat="47.98982" lon="-123.52782"><ele>1733.633</ele><time>2026-08-18T23:19:36Z</time></trkpt><trkpt lat="47.989815" lon="-123.527815"><ele>1733.623</ele><time>2026-08-18T23:19:37Z</time></trkpt><trkpt lat="47.989804" lon="-123.527803"><ele>1733.615</ele><time>2026-08-18T23:19:39Z</time></trkpt><trkpt lat="47.989797" lon="-123.527793"><ele>1733.609</ele><time>2026-08-18T23:19:40Z</time></trkpt><trkpt lat="47.989767" lon="-123.527761"><ele>1733.455</ele><time>2026-08-18T23:19:44Z</time></trkpt><trkpt lat="47.989745" lon="-123.527745"><ele>1733.291</ele><time>2026-08-18T23:19:48Z</time></trkpt><trkpt lat="47.989747" lon="-123.527744"><ele>1733.223</ele><time>2026-08-18T23:19:55Z</time></trkpt><trkpt lat="47.989746" lon="-123.527741"><ele>1733.059</ele><time>2026-08-18T23:20:04Z</time></trkpt><trkpt lat="47.989747" lon="-123.527744"><ele>1733.250</ele><time>2026-08-18T23:20:12Z</time></trkpt><trkpt lat="47.989717" lon="-123.527682"><ele>1733.272</ele><time>2026-08-18T23:20:18Z</time></trkpt><trkpt lat="47.989673" lon="-123.527619"><ele>1733.062</ele><time>2026-08-18T23:20:25Z</time></trkpt><trkpt lat="47.989667" lon="-123.527612"><ele>1732.892</ele><time>2026-08-18T23:20:27Z</time></trkpt><trkpt lat="47.989625" lon="-123.527557"><ele>1732.852</ele><time>2026-08-18T23:20:34Z</time></trkpt><trkpt lat="47.989597" lon="-123.527505"><ele>1732.612</ele><time>2026-08-18T23:20:40Z</time></trkpt><trkpt lat="47.989555" lon="-123.527417"><ele>1733.032</ele><time>2026-08-18T23:20:48Z</time></trkpt><trkpt lat="47.989522" lon="-123.527356"><ele>1732.805</ele><time>2026-08-18T23:20:55Z</time></trkpt><trkpt lat="47.989516" lon="-123.52735"><ele>1732.809</ele><time>2026-08-18T23:20:56Z</time></trkpt><trkpt lat="47.989505" lon="-123.527343"><ele>1732.873</ele><time>2026-08-18T23:20:57Z</time></trkpt><trkpt lat="47.989499" lon="-123.527333"><ele>1732.839</ele><time>2026-08-18T23:20:58Z</time></trkpt><trkpt lat="47.989493" lon="-123.52732"><ele>1733.051</ele><time>2026-08-18T23:20:59Z</time></trkpt><trkpt lat="47.989486" lon="-123.527309"><ele>1733.027</ele><time>2026-08-18T23:21:00Z</time></trkpt><trkpt lat="47.989475" lon="-123.52729"><ele>1733.098</ele><time>2026-08-18T23:21:02Z</time></trkpt><trkpt lat="47.98943" lon="-123.527214"><ele>1733.070</ele><time>2026-08-18T23:21:10Z</time></trkpt><trkpt lat="47.989366" lon="-123.527185"><ele>1733.480</ele><time>2026-08-18T23:21:18Z</time></trkpt><trkpt lat="47.989367" lon="-123.527188"><ele>1733.470</ele><time>2026-08-18T23:21:24Z</time></trkpt><trkpt lat="47.98938" lon="-123.527178"><ele>1733.280</ele><time>2026-08-18T23:21:29Z</time></trkpt><trkpt lat="47.98938" lon="-123.527178"><ele>1733.647</ele><time>2026-08-18T23:21:33Z</time></trkpt><trkpt lat="47.989354" lon="-123.527207"><ele>1733.829</ele><time>2026-08-18T23:21:39Z</time></trkpt><trkpt lat="47.989346" lon="-123.52721"><ele>1733.821</ele><time>2026-08-18T23:21:41Z</time></trkpt><trkpt lat="47.989343" lon="-123.527195"><ele>1734.009</ele><time>2026-08-18T23:21:43Z</time></trkpt><trkpt lat="47.989344" lon="-123.527195"><ele>1734.026</ele><time>2026-08-18T23:21:44Z</time></trkpt><trkpt lat="47.989344" lon="-123.527193"><ele>1734.292</ele><time>2026-08-18T23:21:45Z</time></trkpt><trkpt lat="47.989345" lon="-123.527192"><ele>1734.254</ele><time>2026-08-18T23:21:46Z</time></trkpt><trkpt lat="47.989348" lon="-123.527176"><ele>1734.050</ele><time>2026-08-18T23:21:52Z</time></trkpt><trkpt lat="47.989348" lon="-123.527176"><ele>1734.011</ele><time>2026-08-18T23:21:57Z</time></trkpt><trkpt lat="47.989348" lon="-123.527176"><ele>1734.073</ele><time>2026-08-18T23:22:05Z</time></trkpt><trkpt lat="47.989348" lon="-123.527176"><ele>1733.883</ele><time>2026-08-18T23:22:18Z</time></trkpt><trkpt lat="47.989348" lon="-123.527176"><ele>1734.023</ele><time>2026-08-18T23:22:30Z</time></trkpt><trkpt lat="47.989348" lon="-123.527176"><ele>1734.253</ele><time>2026-08-18T23:22:44Z</time></trkpt><trkpt lat="47.989348" lon="-123.527176"><ele>1734.233</ele><time>2026-08-18T23:22:45Z</time></trkpt><trkpt lat="47.989348" lon="-123.527176"><ele>1734.223</ele><time>2026-08-18T23:22:46Z</time></trkpt><trkpt lat="47.989348" lon="-123.527176"><ele>1734.215</ele><time>2026-08-18T23:22:48Z</time></trkpt><trkpt lat="47.989348" lon="-123.527176"><ele>1734.209</ele><time>2026-08-18T23:22:54Z</time></trkpt><trkpt lat="47.989348" lon="-123.527176"><ele>1733.865</ele><time>2026-08-18T23:22:58Z</time></trkpt><trkpt lat="47.989348" lon="-123.527176"><ele>1734.461</ele><time>2026-08-18T23:23:13Z</time></trkpt><trkpt lat="47.989348" lon="-123.527176"><ele>1734.253</ele><time>2026-08-18T23:23:19Z</time></trkpt><trkpt lat="47.989348" lon="-123.527176"><ele>1734.259</ele><time>2026-08-18T23:23:30Z</time></trkpt><trkpt lat="47.989348" lon="-123.527176"><ele>1733.820</ele><time>2026-08-18T23:23:32Z</time></trkpt><trkpt lat="47.989348" lon="-123.527176"><ele>1734.092</ele><time>2026-08-18T23:23:36Z</time></trkpt><trkpt lat="47.989348" lon="-123.527176"><ele>1734.042</ele><time>2026-08-18T23:23:39Z</time></trkpt><trkpt lat="47.989348" lon="-123.527176"><ele>1733.832</ele><time>2026-08-18T23:23:45Z</time></trkpt><trkpt lat="47.989348" lon="-123.527176"><ele>1734.042</ele><time>2026-08-18T23:23:50Z</time></trkpt><trkpt lat="47.989348" lon="-123.527176"><ele>1733.888</ele><time>2026-08-18T23:23:55Z</time></trkpt><trkpt lat="47.989348" lon="-123.527176"><ele>1733.824</ele><time>2026-08-18T23:23:57Z</time></trkpt><trkpt lat="47.989348" lon="-123.527176"><ele>1734.226</ele><time>2026-08-18T23:24:01Z</time></trkpt><trkpt lat="47.989348" lon="-123.527176"><ele>1733.609</ele><time>2026-08-18T23:24:12Z</time></trkpt><trkpt lat="47.989348" lon="-123.527176"><ele>1733.640</ele><time>2026-08-18T23:24:24Z</time></trkpt><trkpt lat="47.989348" lon="-123.527176"><ele>1733.826</ele><time>2026-08-18T23:24:25Z</time></trkpt><trkpt lat="47.989348" lon="-123.527176"><ele>1733.698</ele><time>2026-08-18T23:24:33Z</time></trkpt><trkpt lat="47.989348" lon="-123.527176"><ele>1734.044</ele><time>2026-08-18T23:24:39Z</time></trkpt><trkpt lat="47.98933" lon="-123.527159"><ele>1733.835</ele><time>2026-08-18T23:24:47Z</time></trkpt><trkpt lat="47.989333" lon="-123.52716"><ele>1733.887</ele><time>2026-08-18T23:24:55Z</time></trkpt><trkpt lat="47.989347" lon="-123.527155"><ele>1733.647</ele><time>2026-08-18T23:25:00Z</time></trkpt><trkpt lat="47.989353" lon="-123.527156"><ele>1733.667</ele><time>2026-08-18T23:25:01Z</time></trkpt><trkpt lat="47.98936" lon="-123.527158"><ele>1733.697</ele><time>2026-08-18T23:25:02Z</time></trkpt><trkpt lat="47.989382" lon="-123.527163"><ele>1733.616</ele><time>2026-08-18T23:25:05Z</time></trkpt><trkpt lat="47.989414" lon="-123.527192"><ele>1733.876</ele><time>2026-08-18T23:25:11Z</time></trkpt><trkpt lat="47.989453" lon="-123.527239"><ele>1733.413</ele><time>2026-08-18T23:25:17Z</time></trkpt><trkpt lat="47.989469" lon="-123.527249"><ele>1733.209</ele><time>2026-08-18T23:25:19Z</time></trkpt><trkpt lat="47.989484" lon="-123.527245"><ele>1733.483</ele><time>2026-08-18T23:25:25Z</time></trkpt><trkpt lat="47.98956" lon="-123.527263"><ele>1733.699</ele><time>2026-08-18T23:25:32Z</time></trkpt><trkpt lat="47.989623" lon="-123.527253"><ele>1733.681</ele><time>2026-08-18T23:25:39Z</time></trkpt><trkpt lat="47.989689" lon="-123.527239"><ele>1733.447</ele><time>2026-08-18T23:25:47Z</time></trkpt><trkpt lat="47.989753" lon="-123.527263"><ele>1733.678</ele><time>2026-08-18T23:25:55Z</time></trkpt><trkpt lat="47.989815" lon="-123.527247"><ele>1733.670</ele><time>2026-08-18T23:26:02Z</time></trkpt><trkpt lat="47.989842" lon="-123.527227"><ele>1733.090</ele><time>2026-08-18T23:26:10Z</time></trkpt><trkpt lat="47.989848" lon="-123.527228"><ele>1733.830</ele><time>2026-08-18T23:26:17Z</time></trkpt><trkpt lat="47.989843" lon="-123.52722"><ele>1733.640</ele><time>2026-08-18T23:26:25Z</time></trkpt><trkpt lat="47.989842" lon="-123.527225"><ele>1733.637</ele><time>2026-08-18T23:26:32Z</time></trkpt><trkpt lat="47.98983" lon="-123.527219"><ele>1733.649</ele><time>2026-08-18T23:26:43Z</time></trkpt><trkpt lat="47.989827" lon="-123.527221"><ele>1733.613</ele><time>2026-08-18T23:26:48Z</time></trkpt><trkpt lat="47.98982" lon="-123.527221"><ele>1733.609</ele><time>2026-08-18T23:26:50Z</time></trkpt><trkpt lat="47.989815" lon="-123.527229"><ele>1733.285</ele><time>2026-08-18T23:26:53Z</time></trkpt><trkpt lat="47.989818" lon="-123.527231"><ele>1733.291</ele><time>2026-08-18T23:26:56Z</time></trkpt><trkpt lat="47.989811" lon="-123.527234"><ele>1733.243</ele><time>2026-08-18T23:27:07Z</time></trkpt><trkpt lat="47.989821" lon="-123.527228"><ele>1733.219</ele><time>2026-08-18T23:27:08Z</time></trkpt><trkpt lat="47.98985" lon="-123.527219"><ele>1733.070</ele><time>2026-08-18T23:27:13Z</time></trkpt><trkpt lat="47.989832" lon="-123.527218"><ele>1733.472</ele><time>2026-08-18T23:27:16Z</time></trkpt><trkpt lat="47.989837" lon="-123.527217"><ele>1733.652</ele><time>2026-08-18T23:27:23Z</time></trkpt><trkpt lat="47.989841" lon="-123.527219"><ele>1733.022</ele><time>2026-08-18T23:27:29Z</time></trkpt><trkpt lat="47.989844" lon="-123.527208"><ele>1733.242</ele><time>2026-08-18T23:27:38Z</time></trkpt><trkpt lat="47.989853" lon="-123.527219"><ele>1733.268</ele><time>2026-08-18T23:27:45Z</time></trkpt><trkpt lat="47.989852" lon="-123.527207"><ele>1733.042</ele><time>2026-08-18T23:27:54Z</time></trkpt><trkpt lat="47.989848" lon="-123.527206"><ele>1733.226</ele><time>2026-08-18T23:28:01Z</time></trkpt><trkpt lat="47.989828" lon="-123.527226"><ele>1733.209</ele><time>2026-08-18T23:28:09Z</time></trkpt><trkpt lat="47.989825" lon="-123.527219"><ele>1733.288</ele><time>2026-08-18T23:28:19Z</time></trkpt><trkpt lat="47.989824" lon="-123.527227"><ele>1733.054</ele><time>2026-08-18T23:28:30Z</time></trkpt><trkpt lat="47.989828" lon="-123.52723"><ele>1732.636</ele><time>2026-08-18T23:28:39Z</time></trkpt><trkpt lat="47.989821" lon="-123.52721"><ele>1733.222</ele><time>2026-08-18T23:28:45Z</time></trkpt><trkpt lat="47.989816" lon="-123.527212"><ele>1733.493</ele><time>2026-08-18T23:28:46Z</time></trkpt><trkpt lat="47.989812" lon="-123.527223"><ele>1733.445</ele><time>2026-08-18T23:28:53Z</time></trkpt><trkpt lat="47.989825" lon="-123.527199"><ele>1733.425</ele><time>2026-08-18T23:28:58Z</time></trkpt><trkpt lat="47.989829" lon="-123.527196"><ele>1733.215</ele><time>2026-08-18T23:29:03Z</time></trkpt><trkpt lat="47.989827" lon="-123.527212"><ele>1733.245</ele><time>2026-08-18T23:29:10Z</time></trkpt><trkpt lat="47.989798" lon="-123.527257"><ele>1733.236</ele><time>2026-08-18T23:29:15Z</time></trkpt><trkpt lat="47.989778" lon="-123.52735"><ele>1733.017</ele><time>2026-08-18T23:29:23Z</time></trkpt><trkpt lat="47.989763" lon="-123.527448"><ele>1733.218</ele><time>2026-08-18T23:29:32Z</time></trkpt><trkpt lat="47.989746" lon="-123.527526"><ele>1733.209</ele><time>2026-08-18T23:29:40Z</time></trkpt><trkpt lat="47.989726" lon="-123.527643"><ele>1733.235</ele><time>2026-08-18T23:29:48Z</time></trkpt><trkpt lat="47.989732" lon="-123.527734"><ele>1733.211</ele><time>2026-08-18T23:29:56Z</time></trkpt><trkpt lat="47.989767" lon="-123.52779"><ele>1733.643</ele><time>2026-08-18T23:30:04Z</time></trkpt><trkpt lat="47.989772" lon="-123.527776"><ele>1733.639</ele><time>2026-08-18T23:30:07Z</time></trkpt><trkpt lat="47.98977" lon="-123.52778"><ele>1733.280</ele><time>2026-08-18T23:30:10Z</time></trkpt><trkpt lat="47.989801" lon="-123.527843"><ele>1733.692</ele><time>2026-08-18T23:30:17Z</time></trkpt><trkpt lat="47.989802" lon="-123.527915"><ele>1734.042</ele><time>2026-08-18T23:30:23Z</time></trkpt><trkpt lat="47.989801" lon="-123.527943"><ele>1734.252</ele><time>2026-08-18T23:30:25Z</time></trkpt><trkpt lat="47.989808" lon="-123.527963"><ele>1734.432</ele><time>2026-08-18T23:30:30Z</time></trkpt><trkpt lat="47.989808" lon="-123.527961"><ele>1734.447</ele><time>2026-08-18T23:30:31Z</time></trkpt><trkpt lat="47.989816" lon="-123.52796"><ele>1734.229</ele><time>2026-08-18T23:30:37Z</time></trkpt><trkpt lat="47.989813" lon="-123.527953"><ele>1734.221</ele><time>2026-08-18T23:30:41Z</time></trkpt><trkpt lat="47.989807" lon="-123.527947"><ele>1734.209</ele><time>2026-08-18T23:30:50Z</time></trkpt><trkpt lat="47.989812" lon="-123.527955"><ele>1734.046</ele><time>2026-08-18T23:31:02Z</time></trkpt><trkpt lat="47.989807" lon="-123.527947"><ele>1734.232</ele><time>2026-08-18T23:31:11Z</time></trkpt><trkpt lat="47.989808" lon="-123.527946"><ele>1734.244</ele><time>2026-08-18T23:31:19Z</time></trkpt><trkpt lat="47.98981" lon="-123.527968"><ele>1734.220</ele><time>2026-08-18T23:31:22Z</time></trkpt><trkpt lat="47.989826" lon="-123.528048"><ele>1734.491</ele><time>2026-08-18T23:31:27Z</time></trkpt><trkpt lat="47.989835" lon="-123.528084"><ele>1734.633</ele><time>2026-08-18T23:31:29Z</time></trkpt><trkpt lat="47.989831" lon="-123.528166"><ele>1734.863</ele><time>2026-08-18T23:31:35Z</time></trkpt><trkpt lat="47.989814" lon="-123.528276"><ele>1735.283</ele><time>2026-08-18T23:31:42Z</time></trkpt><trkpt lat="47.989813" lon="-123.52836"><ele>1735.423</ele><time>2026-08-18T23:31:47Z</time></trkpt><trkpt lat="47.989812" lon="-123.528378"><ele>1735.475</ele><time>2026-08-18T23:31:48Z</time></trkpt><trkpt lat="47.989815" lon="-123.528395"><ele>1735.428</ele><time>2026-08-18T23:31:49Z</time></trkpt><trkpt lat="47.989841" lon="-123.5285"><ele>1735.820</ele><time>2026-08-18T23:31:56Z</time></trkpt><trkpt lat="47.989859" lon="-123.528567"><ele>1736.409</ele><time>2026-08-18T23:32:01Z</time></trkpt><trkpt lat="47.989858" lon="-123.528583"><ele>1736.839</ele><time>2026-08-18T23:32:03Z</time></trkpt><trkpt lat="47.989871" lon="-123.528644"><ele>1737.025</ele><time>2026-08-18T23:32:09Z</time></trkpt><trkpt lat="47.989895" lon="-123.528724"><ele>1737.647</ele><time>2026-08-18T23:32:14Z</time></trkpt><trkpt lat="47.989924" lon="-123.528805"><ele>1737.483</ele><time>2026-08-18T23:32:19Z</time></trkpt><trkpt lat="47.989939" lon="-123.528935"><ele>1737.494</ele><time>2026-08-18T23:32:26Z</time></trkpt><trkpt lat="47.989936" lon="-123.529055"><ele>1736.626</ele><time>2026-08-18T23:32:33Z</time></trkpt><trkpt lat="47.989929" lon="-123.529111"><ele>1736.266</ele><time>2026-08-18T23:32:36Z</time></trkpt><trkpt lat="47.989924" lon="-123.529146"><ele>1736.266</ele><time>2026-08-18T23:32:38Z</time></trkpt><trkpt lat="47.989916" lon="-123.529212"><ele>1735.416</ele><time>2026-08-18T23:32:42Z</time></trkpt><trkpt lat="47.989908" lon="-123.529302"><ele>1734.682</ele><time>2026-08-18T23:32:47Z</time></trkpt><trkpt lat="47.989908" lon="-123.529369"><ele>1734.443</ele><time>2026-08-18T23:32:51Z</time></trkpt><trkpt lat="47.989905" lon="-123.529432"><ele>1733.217</ele><time>2026-08-18T23:32:55Z</time></trkpt><trkpt lat="47.989905" lon="-123.529469"><ele>1732.809</ele><time>2026-08-18T23:32:57Z</time></trkpt><trkpt lat="47.989907" lon="-123.529545"><ele>1732.220</ele><time>2026-08-18T23:33:01Z</time></trkpt><trkpt lat="47.989909" lon="-123.529637"><ele>1731.266</ele><time>2026-08-18T23:33:06Z</time></trkpt><trkpt lat="47.98991" lon="-123.529656"><ele>1730.878</ele><time>2026-08-18T23:33:07Z</time></trkpt><trkpt lat="47.989917" lon="-123.529781"><ele>1729.654</ele><time>2026-08-18T23:33:14Z</time></trkpt><trkpt lat="47.98992" lon="-123.529891"><ele>1728.455</ele><time>2026-08-18T23:33:20Z</time></trkpt><trkpt lat="47.989923" lon="-123.529911"><ele>1728.227</ele><time>2026-08-18T23:33:21Z</time></trkpt><trkpt lat="47.989928" lon="-123.529973"><ele>1727.457</ele><time>2026-08-18T23:33:25Z</time></trkpt><trkpt lat="47.989926" lon="-123.53007"><ele>1726.237</ele><time>2026-08-18T23:33:30Z</time></trkpt><trkpt lat="47.989927" lon="-123.530148"><ele>1725.277</ele><time>2026-08-18T23:33:35Z</time></trkpt><trkpt lat="47.989933" lon="-123.530245"><ele>1724.236</ele><time>2026-08-18T23:33:40Z</time></trkpt><trkpt lat="47.989934" lon="-123.530263"><ele>1724.017</ele><time>2026-08-18T23:33:41Z</time></trkpt><trkpt lat="47.989906" lon="-123.530374"><ele>1723.218</ele><time>2026-08-18T23:33:48Z</time></trkpt><trkpt lat="47.989902" lon="-123.530384"><ele>1723.009</ele><time>2026-08-18T23:33:49Z</time></trkpt><trkpt lat="47.989853" lon="-123.530436"><ele>1722.035</ele><time>2026-08-18T23:33:54Z</time></trkpt><trkpt lat="47.989828" lon="-123.53045"><ele>1721.621</ele><time>2026-08-18T23:33:56Z</time></trkpt><trkpt lat="47.989772" lon="-123.530497"><ele>1720.883</ele><time>2026-08-18T23:34:01Z</time></trkpt><trkpt lat="47.989731" lon="-123.53053"><ele>1720.279</ele><time>2026-08-18T23:34:05Z</time></trkpt><trkpt lat="47.98971" lon="-123.530549"><ele>1719.890</ele><time>2026-08-18T23:34:07Z</time></trkpt><trkpt lat="47.989666" lon="-123.530578"><ele>1719.092</ele><time>2026-08-18T23:34:13Z</time></trkpt><trkpt lat="47.989661" lon="-123.530584"><ele>1718.882</ele><time>2026-08-18T23:34:14Z</time></trkpt><trkpt lat="47.9896" lon="-123.530638"><ele>1718.052</ele><time>2026-08-18T23:34:20Z</time></trkpt><trkpt lat="47.989589" lon="-123.530646"><ele>1718.062</ele><time>2026-08-18T23:34:21Z</time></trkpt><trkpt lat="47.989567" lon="-123.530661"><ele>1717.874</ele><time>2026-08-18T23:34:23Z</time></trkpt><trkpt lat="47.989504" lon="-123.5307"><ele>1717.056</ele><time>2026-08-18T23:34:29Z</time></trkpt><trkpt lat="47.989473" lon="-123.530745"><ele>1716.621</ele><time>2026-08-18T23:34:32Z</time></trkpt><trkpt lat="47.989453" lon="-123.530776"><ele>1716.209</ele><time>2026-08-18T23:34:35Z</time></trkpt><trkpt lat="47.98937" lon="-123.53077"><ele>1715.629</ele><time>2026-08-18T23:34:41Z</time></trkpt><trkpt lat="47.989293" lon="-123.530785"><ele>1714.625</ele><time>2026-08-18T23:34:47Z</time></trkpt><trkpt lat="47.989213" lon="-123.530789"><ele>1713.447</ele><time>2026-08-18T23:34:53Z</time></trkpt><trkpt lat="47.989105" lon="-123.530785"><ele>1712.423</ele><time>2026-08-18T23:35:02Z</time></trkpt><trkpt lat="47.989012" lon="-123.530771"><ele>1711.214</ele><time>2026-08-18T23:35:10Z</time></trkpt><trkpt lat="47.988986" lon="-123.530762"><ele>1711.076</ele><time>2026-08-18T23:35:12Z</time></trkpt><trkpt lat="47.988932" lon="-123.530742"><ele>1710.026</ele><time>2026-08-18T23:35:17Z</time></trkpt><trkpt lat="47.988888" lon="-123.530728"><ele>1709.236</ele><time>2026-08-18T23:35:21Z</time></trkpt><trkpt lat="47.988875" lon="-123.530724"><ele>1709.066</ele><time>2026-08-18T23:35:22Z</time></trkpt><trkpt lat="47.988794" lon="-123.530694"><ele>1707.869</ele><time>2026-08-18T23:35:29Z</time></trkpt><trkpt lat="47.98878" lon="-123.530692"><ele>1707.804</ele><time>2026-08-18T23:35:30Z</time></trkpt><trkpt lat="47.988767" lon="-123.53069"><ele>1707.424</ele><time>2026-08-18T23:35:31Z</time></trkpt><trkpt lat="47.988742" lon="-123.53069"><ele>1707.209</ele><time>2026-08-18T23:35:33Z</time></trkpt><trkpt lat="47.988695" lon="-123.530682"><ele>1706.888</ele><time>2026-08-18T23:35:37Z</time></trkpt><trkpt lat="47.988674" lon="-123.530678"><ele>1706.424</ele><time>2026-08-18T23:35:39Z</time></trkpt><trkpt lat="47.98863" lon="-123.53068"><ele>1705.686</ele><time>2026-08-18T23:35:43Z</time></trkpt><trkpt lat="47.988581" lon="-123.530698"><ele>1705.082</ele><time>2026-08-18T23:35:47Z</time></trkpt><trkpt lat="47.988533" lon="-123.530718"><ele>1704.613</ele><time>2026-08-18T23:35:51Z</time></trkpt><trkpt lat="47.988497" lon="-123.530759"><ele>1704.075</ele><time>2026-08-18T23:35:55Z</time></trkpt><trkpt lat="47.988483" lon="-123.530788"><ele>1703.695</ele><time>2026-08-18T23:35:57Z</time></trkpt><trkpt lat="47.988448" lon="-123.530877"><ele>1702.835</ele><time>2026-08-18T23:36:03Z</time></trkpt><trkpt lat="47.988442" lon="-123.53091"><ele>1702.415</ele><time>2026-08-18T23:36:05Z</time></trkpt><trkpt lat="47.988438" lon="-123.530958"><ele>1702.282</ele><time>2026-08-18T23:36:09Z</time></trkpt><trkpt lat="47.988438" lon="-123.530998"><ele>1701.443</ele><time>2026-08-18T23:36:14Z</time></trkpt><trkpt lat="47.988442" lon="-123.531001"><ele>1701.417</ele><time>2026-08-18T23:36:15Z</time></trkpt><trkpt lat="47.988448" lon="-123.531013"><ele>1701.009</ele><time>2026-08-18T23:36:24Z</time></trkpt><trkpt lat="47.988443" lon="-123.531037"><ele>1701.030</ele><time>2026-08-18T23:36:28Z</time></trkpt><trkpt lat="47.988444" lon="-123.531038"><ele>1700.866</ele><time>2026-08-18T23:36:30Z</time></trkpt><trkpt lat="47.988451" lon="-123.531055"><ele>1700.638</ele><time>2026-08-18T23:36:36Z</time></trkpt><trkpt lat="47.988449" lon="-123.531113"><ele>1700.434</ele><time>2026-08-18T23:36:40Z</time></trkpt><trkpt lat="47.988454" lon="-123.531153"><ele>1700.065</ele><time>2026-08-18T23:36:42Z</time></trkpt><trkpt lat="47.988461" lon="-123.531244"><ele>1699.237</ele><time>2026-08-18T23:36:47Z</time></trkpt><trkpt lat="47.988464" lon="-123.531295"><ele>1698.687</ele><time>2026-08-18T23:36:50Z</time></trkpt><trkpt lat="47.988475" lon="-123.531372"><ele>1698.047</ele><time>2026-08-18T23:36:54Z</time></trkpt><trkpt lat="47.988486" lon="-123.531427"><ele>1697.477</ele><time>2026-08-18T23:36:57Z</time></trkpt><trkpt lat="47.988495" lon="-123.531476"><ele>1697.023</ele><time>2026-08-18T23:37:00Z</time></trkpt><trkpt lat="47.988527" lon="-123.531584"><ele>1695.883</ele><time>2026-08-18T23:37:06Z</time></trkpt><trkpt lat="47.98853" lon="-123.531599"><ele>1695.611</ele><time>2026-08-18T23:37:07Z</time></trkpt><trkpt lat="47.988554" lon="-123.531663"><ele>1694.809</ele><time>2026-08-18T23:37:11Z</time></trkpt><trkpt lat="47.988582" lon="-123.531743"><ele>1694.244</ele><time>2026-08-18T23:37:16Z</time></trkpt><trkpt lat="47.988587" lon="-123.531802"><ele>1693.630</ele><time>2026-08-18T23:37:19Z</time></trkpt><trkpt lat="47.988562" lon="-123.531865"><ele>1692.662</ele><time>2026-08-18T23:37:23Z</time></trkpt><trkpt lat="47.988552" lon="-123.531879"><ele>1692.458</ele><time>2026-08-18T23:37:24Z</time></trkpt><trkpt lat="47.988505" lon="-123.531893"><ele>1691.259</ele><time>2026-08-18T23:37:28Z</time></trkpt><trkpt lat="47.98849" lon="-123.531892"><ele>1691.081</ele><time>2026-08-18T23:37:29Z</time></trkpt><trkpt lat="47.988445" lon="-123.531851"><ele>1690.431</ele><time>2026-08-18T23:37:34Z</time></trkpt><trkpt lat="47.988441" lon="-123.531838"><ele>1690.221</ele><time>2026-08-18T23:37:36Z</time></trkpt><trkpt lat="47.98844" lon="-123.53183"><ele>1690.421</ele><time>2026-08-18T23:37:45Z</time></trkpt><trkpt lat="47.988415" lon="-123.531843"><ele>1690.051</ele><time>2026-08-18T23:37:49Z</time></trkpt><trkpt lat="47.988413" lon="-123.531841"><ele>1689.601</ele><time>2026-08-18T23:37:55Z</time></trkpt><trkpt lat="47.988401" lon="-123.531849"><ele>1689.611</ele><time>2026-08-18T23:38:05Z</time></trkpt><trkpt lat="47.988347" lon="-123.531836"><ele>1689.209</ele><time>2026-08-18T23:38:09Z</time></trkpt><trkpt lat="47.98831" lon="-123.531814"><ele>1688.657</ele><time>2026-08-18T23:38:12Z</time></trkpt><trkpt lat="47.988277" lon="-123.53179"><ele>1688.273</ele><time>2026-08-18T23:38:15Z</time></trkpt><trkpt lat="47.988209" lon="-123.531743"><ele>1686.825</ele><time>2026-08-18T23:38:22Z</time></trkpt><trkpt lat="47.988163" lon="-123.531714"><ele>1685.851</ele><time>2026-08-18T23:38:26Z</time></trkpt><trkpt lat="47.988099" lon="-123.531662"><ele>1684.812</ele><time>2026-08-18T23:38:32Z</time></trkpt><trkpt lat="47.988095" lon="-123.531655"><ele>1684.624</ele><time>2026-08-18T23:38:33Z</time></trkpt><trkpt lat="47.988043" lon="-123.531609"><ele>1684.494</ele><time>2026-08-18T23:38:38Z</time></trkpt><trkpt lat="47.988008" lon="-123.531554"><ele>1683.694</ele><time>2026-08-18T23:38:42Z</time></trkpt><trkpt lat="47.987973" lon="-123.531488"><ele>1682.854</ele><time>2026-08-18T23:38:47Z</time></trkpt><trkpt lat="47.987962" lon="-123.531461"><ele>1682.424</ele><time>2026-08-18T23:38:49Z</time></trkpt><trkpt lat="47.987927" lon="-123.531414"><ele>1681.404</ele><time>2026-08-18T23:38:53Z</time></trkpt><trkpt lat="47.987886" lon="-123.531408"><ele>1680.814</ele><time>2026-08-18T23:38:56Z</time></trkpt><trkpt lat="47.987865" lon="-123.531421"><ele>1680.209</ele><time>2026-08-18T23:38:58Z</time></trkpt><trkpt lat="47.98785" lon="-123.531487"><ele>1679.214</ele><time>2026-08-18T23:39:02Z</time></trkpt><trkpt lat="47.98785" lon="-123.531523"><ele>1678.890</ele><time>2026-08-18T23:39:04Z</time></trkpt><trkpt lat="47.987846" lon="-123.531599"><ele>1678.032</ele><time>2026-08-18T23:39:08Z</time></trkpt><trkpt lat="47.987844" lon="-123.531611"><ele>1677.828</ele><time>2026-08-18T23:39:09Z</time></trkpt><trkpt lat="47.987847" lon="-123.531678"><ele>1677.089</ele><time>2026-08-18T23:39:13Z</time></trkpt><trkpt lat="47.987851" lon="-123.531748"><ele>1676.091</ele><time>2026-08-18T23:39:17Z</time></trkpt><trkpt lat="47.987852" lon="-123.531779"><ele>1675.631</ele><time>2026-08-18T23:39:19Z</time></trkpt><trkpt lat="47.987851" lon="-123.531831"><ele>1675.071</ele><time>2026-08-18T23:39:22Z</time></trkpt><trkpt lat="47.987859" lon="-123.531907"><ele>1673.871</ele><time>2026-08-18T23:39:27Z</time></trkpt><trkpt lat="47.98786" lon="-123.531925"><ele>1673.657</ele><time>2026-08-18T23:39:28Z</time></trkpt><trkpt lat="47.987876" lon="-123.532002"><ele>1672.600</ele><time>2026-08-18T23:39:33Z</time></trkpt><trkpt lat="47.987889" lon="-123.53205"><ele>1672.020</ele><time>2026-08-18T23:39:36Z</time></trkpt><trkpt lat="47.987895" lon="-123.532079"><ele>1671.609</ele><time>2026-08-18T23:39:38Z</time></trkpt><trkpt lat="47.987922" lon="-123.532147"><ele>1670.457</ele><time>2026-08-18T23:39:43Z</time></trkpt><trkpt lat="47.987927" lon="-123.532166"><ele>1670.293</ele><time>2026-08-18T23:39:44Z</time></trkpt><trkpt lat="47.987941" lon="-123.532224"><ele>1669.215</ele><time>2026-08-18T23:39:48Z</time></trkpt><trkpt lat="47.987952" lon="-123.532297"><ele>1668.261</ele><time>2026-08-18T23:39:52Z</time></trkpt><trkpt lat="47.987952" lon="-123.532315"><ele>1667.852</ele><time>2026-08-18T23:39:53Z</time></trkpt><trkpt lat="47.987931" lon="-123.532388"><ele>1666.614</ele><time>2026-08-18T23:39:57Z</time></trkpt><trkpt lat="47.987904" lon="-123.532421"><ele>1666.014</ele><time>2026-08-18T23:40:00Z</time></trkpt><trkpt lat="47.98789" lon="-123.532419"><ele>1665.634</ele><time>2026-08-18T23:40:01Z</time></trkpt><trkpt lat="47.987878" lon="-123.532417"><ele>1665.454</ele><time>2026-08-18T23:40:02Z</time></trkpt><trkpt lat="47.987834" lon="-123.532396"><ele>1665.056</ele><time>2026-08-18T23:40:06Z</time></trkpt><trkpt lat="47.987796" lon="-123.532366"><ele>1664.259</ele><time>2026-08-18T23:40:10Z</time></trkpt><trkpt lat="47.987766" lon="-123.532343"><ele>1663.414</ele><time>2026-08-18T23:40:13Z</time></trkpt><trkpt lat="47.987744" lon="-123.532324"><ele>1663.009</ele><time>2026-08-18T23:40:15Z</time></trkpt><trkpt lat="47.987698" lon="-123.532302"><ele>1661.847</ele><time>2026-08-18T23:40:19Z</time></trkpt><trkpt lat="47.987678" lon="-123.532289"><ele>1661.493</ele><time>2026-08-18T23:40:21Z</time></trkpt><trkpt lat="47.987631" lon="-123.532265"><ele>1660.625</ele><time>2026-08-18T23:40:25Z</time></trkpt><trkpt lat="47.987591" lon="-123.532233"><ele>1659.411</ele><time>2026-08-18T23:40:29Z</time></trkpt><trkpt lat="47.98758" lon="-123.532227"><ele>1659.222</ele><time>2026-08-18T23:40:30Z</time></trkpt><trkpt lat="47.987516" lon="-123.532178"><ele>1658.214</ele><time>2026-08-18T23:40:36Z</time></trkpt><trkpt lat="47.987495" lon="-123.532165"><ele>1657.854</ele><time>2026-08-18T23:40:38Z</time></trkpt><trkpt lat="47.987452" lon="-123.53214"><ele>1657.284</ele><time>2026-08-18T23:40:42Z</time></trkpt><trkpt lat="47.987427" lon="-123.532132"><ele>1656.894</ele><time>2026-08-18T23:40:44Z</time></trkpt><trkpt lat="47.987405" lon="-123.532116"><ele>1656.485</ele><time>2026-08-18T23:40:46Z</time></trkpt><trkpt lat="47.987395" lon="-123.53211"><ele>1656.289</ele><time>2026-08-18T23:40:47Z</time></trkpt><trkpt lat="47.987341" lon="-123.532067"><ele>1655.017</ele><time>2026-08-18T23:40:52Z</time></trkpt><trkpt lat="47.987316" lon="-123.532037"><ele>1654.609</ele><time>2026-08-18T23:40:55Z</time></trkpt><trkpt lat="47.987289" lon="-123.532009"><ele>1653.870</ele><time>2026-08-18T23:40:58Z</time></trkpt><trkpt lat="47.987266" lon="-123.531987"><ele>1653.476</ele><time>2026-08-18T23:41:00Z</time></trkpt><trkpt lat="47.987237" lon="-123.531953"><ele>1652.898</ele><time>2026-08-18T23:41:03Z</time></trkpt><trkpt lat="47.987217" lon="-123.531935"><ele>1652.464</ele><time>2026-08-18T23:41:05Z</time></trkpt><trkpt lat="47.987176" lon="-123.531887"><ele>1651.675</ele><time>2026-08-18T23:41:09Z</time></trkpt><trkpt lat="47.987127" lon="-123.53181"><ele>1650.627</ele><time>2026-08-18T23:41:15Z</time></trkpt><trkpt lat="47.987119" lon="-123.531795"><ele>1650.427</ele><time>2026-08-18T23:41:16Z</time></trkpt><trkpt lat="47.987089" lon="-123.531744"><ele>1649.427</ele><time>2026-08-18T23:41:20Z</time></trkpt><trkpt lat="47.987065" lon="-123.531705"><ele>1648.637</ele><time>2026-08-18T23:41:23Z</time></trkpt><trkpt lat="47.987048" lon="-123.531678"><ele>1648.428</ele><time>2026-08-18T23:41:25Z</time></trkpt><trkpt lat="47.987006" lon="-123.531594"><ele>1647.289</ele><time>2026-08-18T23:41:31Z</time></trkpt><trkpt lat="47.986989" lon="-123.531562"><ele>1646.817</ele><time>2026-08-18T23:41:33Z</time></trkpt><trkpt lat="47.98696" lon="-123.531505"><ele>1646.009</ele><time>2026-08-18T23:41:37Z</time></trkpt><trkpt lat="47.98694" lon="-123.531457"><ele>1645.234</ele><time>2026-08-18T23:41:40Z</time></trkpt><trkpt lat="47.986933" lon="-123.53144"><ele>1645.060</ele><time>2026-08-18T23:41:41Z</time></trkpt><trkpt lat="47.986885" lon="-123.531346"><ele>1643.852</ele><time>2026-08-18T23:41:48Z</time></trkpt><trkpt lat="47.986844" lon="-123.531279"><ele>1642.648</ele><time>2026-08-18T23:41:53Z</time></trkpt><trkpt lat="47.986802" lon="-123.531212"><ele>1642.049</ele><time>2026-08-18T23:41:58Z</time></trkpt><trkpt lat="47.986783" lon="-123.53119"><ele>1641.461</ele><time>2026-08-18T23:42:00Z</time></trkpt><trkpt lat="47.986723" lon="-123.531107"><ele>1640.441</ele><time>2026-08-18T23:42:06Z</time></trkpt><trkpt lat="47.986701" lon="-123.53108"><ele>1640.021</ele><time>2026-08-18T23:42:08Z</time></trkpt><trkpt lat="47.986677" lon="-123.53105"><ele>1639.421</ele><time>2026-08-18T23:42:10Z</time></trkpt><trkpt lat="47.986625" lon="-123.530989"><ele>1638.069</ele><time>2026-08-18T23:42:14Z</time></trkpt><trkpt lat="47.986615" lon="-123.53095"><ele>1637.804</ele><time>2026-08-18T23:42:16Z</time></trkpt><trkpt lat="47.986564" lon="-123.530847"><ele>1636.824</ele><time>2026-08-18T23:42:22Z</time></trkpt><trkpt lat="47.986555" lon="-123.530812"><ele>1636.009</ele><time>2026-08-18T23:42:24Z</time></trkpt><trkpt lat="47.986546" lon="-123.530783"><ele>1635.688</ele><time>2026-08-18T23:42:26Z</time></trkpt><trkpt lat="47.986479" lon="-123.53068"><ele>1634.654</ele><time>2026-08-18T23:42:33Z</time></trkpt><trkpt lat="47.986469" lon="-123.530668"><ele>1634.296</ele><time>2026-08-18T23:42:34Z</time></trkpt><trkpt lat="47.986435" lon="-123.530637"><ele>1633.412</ele><time>2026-08-18T23:42:37Z</time></trkpt><trkpt lat="47.986387" lon="-123.530601"><ele>1632.873</ele><time>2026-08-18T23:42:41Z</time></trkpt><trkpt lat="47.986296" lon="-123.530566"><ele>1632.875</ele><time>2026-08-18T23:42:48Z</time></trkpt><trkpt lat="47.986132" lon="-123.530542"><ele>1632.645</ele><time>2026-08-18T23:43:00Z</time></trkpt><trkpt lat="47.986113" lon="-123.530556"><ele>1632.475</ele><time>2026-08-18T23:43:02Z</time></trkpt><trkpt lat="47.986108" lon="-123.530571"><ele>1632.425</ele><time>2026-08-18T23:43:03Z</time></trkpt><trkpt lat="47.986104" lon="-123.530589"><ele>1632.234</ele><time>2026-08-18T23:43:05Z</time></trkpt><trkpt lat="47.986088" lon="-123.530583"><ele>1632.255</ele><time>2026-08-18T23:43:16Z</time></trkpt><trkpt lat="47.986085" lon="-123.530559"><ele>1632.010</ele><time>2026-08-18T23:43:26Z</time></trkpt><trkpt lat="47.986022" lon="-123.530486"><ele>1631.609</ele><time>2026-08-18T23:43:32Z</time></trkpt><trkpt lat="47.985997" lon="-123.53045"><ele>1631.495</ele><time>2026-08-18T23:43:34Z</time></trkpt><trkpt lat="47.985939" lon="-123.530371"><ele>1630.691</ele><time>2026-08-18T23:43:40Z</time></trkpt><trkpt lat="47.985926" lon="-123.530375"><ele>1630.643</ele><time>2026-08-18T23:43:42Z</time></trkpt><trkpt lat="47.9859" lon="-123.530388"><ele>1630.429</ele><time>2026-08-18T23:43:44Z</time></trkpt><trkpt lat="47.985888" lon="-123.530391"><ele>1630.270</ele><time>2026-08-18T23:43:45Z</time></trkpt><trkpt lat="47.985804" lon="-123.530432"><ele>1630.082</ele><time>2026-08-18T23:43:52Z</time></trkpt><trkpt lat="47.98576" lon="-123.530446"><ele>1629.282</ele><time>2026-08-18T23:43:55Z</time></trkpt><trkpt lat="47.98567" lon="-123.530484"><ele>1628.682</ele><time>2026-08-18T23:44:02Z</time></trkpt><trkpt lat="47.985626" lon="-123.530498"><ele>1628.272</ele><time>2026-08-18T23:44:05Z</time></trkpt><trkpt lat="47.985575" lon="-123.530508"><ele>1627.861</ele><time>2026-08-18T23:44:09Z</time></trkpt><trkpt lat="47.985514" lon="-123.530526"><ele>1627.221</ele><time>2026-08-18T23:44:14Z</time></trkpt><trkpt lat="47.985476" lon="-123.530541"><ele>1627.013</ele><time>2026-08-18T23:44:17Z</time></trkpt><trkpt lat="47.985384" lon="-123.530597"><ele>1626.609</ele><time>2026-08-18T23:44:26Z</time></trkpt><trkpt lat="47.985386" lon="-123.530598"><ele>1626.438</ele><time>2026-08-18T23:44:35Z</time></trkpt><trkpt lat="47.985383" lon="-123.530557"><ele>1626.874</ele><time>2026-08-18T23:44:46Z</time></trkpt><trkpt lat="47.985327" lon="-123.530579"><ele>1626.446</ele><time>2026-08-18T23:44:54Z</time></trkpt><trkpt lat="47.985274" lon="-123.530597"><ele>1626.252</ele><time>2026-08-18T23:45:01Z</time></trkpt><trkpt lat="47.985241" lon="-123.530615"><ele>1626.033</ele><time>2026-08-18T23:45:04Z</time></trkpt><trkpt lat="47.985225" lon="-123.530627"><ele>1626.045</ele><time>2026-08-18T23:45:06Z</time></trkpt><trkpt lat="47.985155" lon="-123.53066"><ele>1625.685</ele><time>2026-08-18T23:45:13Z</time></trkpt><trkpt lat="47.985073" lon="-123.530677"><ele>1625.635</ele><time>2026-08-18T23:45:21Z</time></trkpt><trkpt lat="47.984969" lon="-123.530691"><ele>1625.255</ele><time>2026-08-18T23:45:29Z</time></trkpt><trkpt lat="47.98492" lon="-123.530685"><ele>1625.059</ele><time>2026-08-18T23:45:33Z</time></trkpt><trkpt lat="47.984847" lon="-123.530688"><ele>1624.603</ele><time>2026-08-18T23:45:39Z</time></trkpt><trkpt lat="47.984733" lon="-123.530671"><ele>1624.023</ele><time>2026-08-18T23:45:48Z</time></trkpt><trkpt lat="47.984721" lon="-123.530671"><ele>1623.809</ele><time>2026-08-18T23:45:49Z</time></trkpt><trkpt lat="47.984573" lon="-123.530619"><ele>1623.247</ele><time>2026-08-18T23:46:00Z</time></trkpt><trkpt lat="47.984538" lon="-123.5306"><ele>1623.083</ele><time>2026-08-18T23:46:03Z</time></trkpt><trkpt lat="47.984485" lon="-123.530602"><ele>1622.895</ele><time>2026-08-18T23:46:07Z</time></trkpt><trkpt lat="47.984453" lon="-123.5306"><ele>1622.611</ele><time>2026-08-18T23:46:10Z</time></trkpt><trkpt lat="47.984391" lon="-123.530595"><ele>1621.832</ele><time>2026-08-18T23:46:15Z</time></trkpt><trkpt lat="47.984288" lon="-123.530598"><ele>1621.284</ele><time>2026-08-18T23:46:23Z</time></trkpt><trkpt lat="47.984195" lon="-123.530604"><ele>1620.834</ele><time>2026-08-18T23:46:30Z</time></trkpt><trkpt lat="47.984168" lon="-123.530601"><ele>1620.814</ele><time>2026-08-18T23:46:32Z</time></trkpt><trkpt lat="47.984027" lon="-123.530581"><ele>1620.214</ele><time>2026-08-18T23:46:42Z</time></trkpt><trkpt lat="47.983991" lon="-123.530575"><ele>1619.851</ele><time>2026-08-18T23:46:45Z</time></trkpt><trkpt lat="47.983912" lon="-123.530542"><ele>1619.401</ele><time>2026-08-18T23:46:51Z</time></trkpt><trkpt lat="47.983859" lon="-123.530511"><ele>1618.811</ele><time>2026-08-18T23:46:55Z</time></trkpt><trkpt lat="47.98381" lon="-123.530468"><ele>1618.209</ele><time>2026-08-18T23:47:00Z</time></trkpt><trkpt lat="47.983698" lon="-123.53041"><ele>1617.847</ele><time>2026-08-18T23:47:10Z</time></trkpt><trkpt lat="47.983692" lon="-123.530408"><ele>1617.833</ele><time>2026-08-18T23:47:11Z</time></trkpt><trkpt lat="47.983661" lon="-123.530407"><ele>1617.485</ele><time>2026-08-18T23:47:18Z</time></trkpt><trkpt lat="47.983609" lon="-123.530379"><ele>1616.851</ele><time>2026-08-18T23:47:23Z</time></trkpt><trkpt lat="47.983596" lon="-123.530372"><ele>1616.852</ele><time>2026-08-18T23:47:24Z</time></trkpt><trkpt lat="47.983577" lon="-123.53036"><ele>1616.674</ele><time>2026-08-18T23:47:25Z</time></trkpt><trkpt lat="47.983562" lon="-123.530352"><ele>1616.684</ele><time>2026-08-18T23:47:26Z</time></trkpt><trkpt lat="47.983464" lon="-123.530269"><ele>1616.084</ele><time>2026-08-18T23:47:35Z</time></trkpt><trkpt lat="47.983444" lon="-123.530259"><ele>1615.614</ele><time>2026-08-18T23:47:37Z</time></trkpt><trkpt lat="47.983332" lon="-123.5302"><ele>1615.262</ele><time>2026-08-18T23:47:45Z</time></trkpt><trkpt lat="47.983281" lon="-123.530176"><ele>1614.883</ele><time>2026-08-18T23:47:50Z</time></trkpt><trkpt lat="47.98326" lon="-123.530161"><ele>1614.611</ele><time>2026-08-18T23:47:52Z</time></trkpt><trkpt lat="47.983223" lon="-123.530144"><ele>1614.409</ele><time>2026-08-18T23:47:55Z</time></trkpt><trkpt lat="47.983112" lon="-123.530088"><ele>1613.658</ele><time>2026-08-18T23:48:03Z</time></trkpt><trkpt lat="47.983101" lon="-123.530085"><ele>1613.454</ele><time>2026-08-18T23:48:04Z</time></trkpt><trkpt lat="47.983021" lon="-123.530063"><ele>1613.036</ele><time>2026-08-18T23:48:11Z</time></trkpt><trkpt lat="47.982997" lon="-123.530062"><ele>1612.882</ele><time>2026-08-18T23:48:13Z</time></trkpt><trkpt lat="47.982926" lon="-123.530064"><ele>1612.693</ele><time>2026-08-18T23:48:18Z</time></trkpt><trkpt lat="47.982912" lon="-123.530062"><ele>1612.415</ele><time>2026-08-18T23:48:19Z</time></trkpt><trkpt lat="47.982868" lon="-123.530041"><ele>1612.235</ele><time>2026-08-18T23:48:22Z</time></trkpt><trkpt lat="47.982785" lon="-123.529909"><ele>1612.095</ele><time>2026-08-18T23:48:31Z</time></trkpt><trkpt lat="47.982763" lon="-123.529849"><ele>1611.255</ele><time>2026-08-18T23:48:35Z</time></trkpt><trkpt lat="47.982743" lon="-123.529765"><ele>1611.836</ele><time>2026-08-18T23:48:40Z</time></trkpt><trkpt lat="47.98274" lon="-123.529683"><ele>1611.017</ele><time>2026-08-18T23:48:44Z</time></trkpt><trkpt lat="47.982739" lon="-123.529647"><ele>1610.818</ele><time>2026-08-18T23:48:46Z</time></trkpt><trkpt lat="47.982747" lon="-123.529524"><ele>1610.209</ele><time>2026-08-18T23:48:52Z</time></trkpt><trkpt lat="47.982752" lon="-123.529434"><ele>1609.485</ele><time>2026-08-18T23:48:57Z</time></trkpt><trkpt lat="47.982761" lon="-123.529392"><ele>1609.211</ele><time>2026-08-18T23:48:59Z</time></trkpt><trkpt lat="47.982782" lon="-123.529258"><ele>1608.273</ele><time>2026-08-18T23:49:06Z</time></trkpt><trkpt lat="47.982785" lon="-123.529238"><ele>1608.089</ele><time>2026-08-18T23:49:07Z</time></trkpt><trkpt lat="47.982808" lon="-123.52909"><ele>1606.830</ele><time>2026-08-18T23:49:15Z</time></trkpt><trkpt lat="47.98281" lon="-123.52907"><ele>1606.882</ele><time>2026-08-18T23:49:16Z</time></trkpt><trkpt lat="47.982818" lon="-123.528944"><ele>1605.812</ele><time>2026-08-18T23:49:23Z</time></trkpt><trkpt lat="47.982822" lon="-123.52891"><ele>1605.632</ele><time>2026-08-18T23:49:25Z</time></trkpt><trkpt lat="47.982836" lon="-123.528837"><ele>1604.852</ele><time>2026-08-18T23:49:29Z</time></trkpt><trkpt lat="47.982849" lon="-123.528718"><ele>1603.878</ele><time>2026-08-18T23:49:35Z</time></trkpt><trkpt lat="47.982851" lon="-123.528704"><ele>1603.633</ele><time>2026-08-18T23:49:36Z</time></trkpt><trkpt lat="47.982879" lon="-123.528575"><ele>1602.826</ele><time>2026-08-18T23:49:43Z</time></trkpt><trkpt lat="47.982883" lon="-123.528559"><ele>1602.609</ele><time>2026-08-18T23:49:44Z</time></trkpt><trkpt lat="47.982928" lon="-123.528401"><ele>1601.889</ele><time>2026-08-18T23:49:52Z</time></trkpt><trkpt lat="47.982935" lon="-123.52835"><ele>1601.625</ele><time>2026-08-18T23:49:55Z</time></trkpt><trkpt lat="47.98294" lon="-123.528245"><ele>1601.217</ele><time>2026-08-18T23:50:00Z</time></trkpt><trkpt lat="47.98295" lon="-123.528062"><ele>1600.693</ele><time>2026-08-18T23:50:09Z</time></trkpt><trkpt lat="47.982956" lon="-123.528028"><ele>1600.424</ele><time>2026-08-18T23:50:11Z</time></trkpt><trkpt lat="47.982974" lon="-123.527924"><ele>1599.426</ele><time>2026-08-18T23:50:17Z</time></trkpt><trkpt lat="47.982976" lon="-123.527902"><ele>1599.446</ele><time>2026-08-18T23:50:18Z</time></trkpt><trkpt lat="47.982998" lon="-123.527721"><ele>1599.226</ele><time>2026-08-18T23:50:28Z</time></trkpt><trkpt lat="47.983046" lon="-123.527562"><ele>1598.436</ele><time>2026-08-18T23:50:37Z</time></trkpt><trkpt lat="47.983054" lon="-123.527515"><ele>1598.082</ele><time>2026-08-18T23:50:40Z</time></trkpt><trkpt lat="47.983051" lon="-123.527443"><ele>1597.443</ele><time>2026-08-18T23:50:44Z</time></trkpt><trkpt lat="47.98303" lon="-123.52735"><ele>1596.617</ele><time>2026-08-18T23:50:48Z</time></trkpt><trkpt lat="47.983023" lon="-123.527308"><ele>1596.409</ele><time>2026-08-18T23:50:50Z</time></trkpt><trkpt lat="47.982992" lon="-123.527194"><ele>1595.490</ele><time>2026-08-18T23:50:57Z</time></trkpt><trkpt lat="47.982967" lon="-123.527109"><ele>1594.296</ele><time>2026-08-18T23:51:02Z</time></trkpt><trkpt lat="47.982957" lon="-123.527078"><ele>1594.068</ele><time>2026-08-18T23:51:04Z</time></trkpt><trkpt lat="47.982922" lon="-123.526973"><ele>1593.044</ele><time>2026-08-18T23:51:10Z</time></trkpt><trkpt lat="47.98291" lon="-123.526924"><ele>1592.875</ele><time>2026-08-18T23:51:13Z</time></trkpt><trkpt lat="47.98289" lon="-123.526861"><ele>1592.467</ele><time>2026-08-18T23:51:17Z</time></trkpt><trkpt lat="47.982875" lon="-123.526837"><ele>1592.067</ele><time>2026-08-18T23:51:19Z</time></trkpt><trkpt lat="47.982853" lon="-123.526803"><ele>1591.687</ele><time>2026-08-18T23:51:22Z</time></trkpt><trkpt lat="47.982831" lon="-123.52676"><ele>1591.087</ele><time>2026-08-18T23:51:25Z</time></trkpt><trkpt lat="47.982799" lon="-123.526684"><ele>1590.095</ele><time>2026-08-18T23:51:30Z</time></trkpt><trkpt lat="47.982764" lon="-123.526613"><ele>1588.849</ele><time>2026-08-18T23:51:35Z</time></trkpt><trkpt lat="47.982754" lon="-123.526583"><ele>1588.623</ele><time>2026-08-18T23:51:37Z</time></trkpt><trkpt lat="47.982717" lon="-123.526489"><ele>1587.809</ele><time>2026-08-18T23:51:43Z</time></trkpt><trkpt lat="47.982699" lon="-123.526442"><ele>1587.221</ele><time>2026-08-18T23:51:46Z</time></trkpt><trkpt lat="47.98269" lon="-123.526409"><ele>1586.677</ele><time>2026-08-18T23:51:48Z</time></trkpt><trkpt lat="47.982664" lon="-123.526314"><ele>1585.649</ele><time>2026-08-18T23:51:54Z</time></trkpt><trkpt lat="47.982655" lon="-123.526246"><ele>1584.455</ele><time>2026-08-18T23:51:58Z</time></trkpt><trkpt lat="47.982636" lon="-123.526169"><ele>1583.296</ele><time>2026-08-18T23:52:03Z</time></trkpt><trkpt lat="47.982632" lon="-123.526153"><ele>1583.098</ele><time>2026-08-18T23:52:04Z</time></trkpt><trkpt lat="47.982605" lon="-123.526087"><ele>1582.088</ele><time>2026-08-18T23:52:08Z</time></trkpt><trkpt lat="47.982587" lon="-123.526036"><ele>1581.458</ele><time>2026-08-18T23:52:11Z</time></trkpt><trkpt lat="47.982587" lon="-123.525992"><ele>1580.868</ele><time>2026-08-18T23:52:14Z</time></trkpt><trkpt lat="47.982573" lon="-123.525945"><ele>1580.421</ele><time>2026-08-18T23:52:17Z</time></trkpt><trkpt lat="47.982555" lon="-123.525898"><ele>1579.841</ele><time>2026-08-18T23:52:20Z</time></trkpt><trkpt lat="47.982525" lon="-123.525817"><ele>1578.605</ele><time>2026-08-18T23:52:26Z</time></trkpt><trkpt lat="47.982493" lon="-123.525717"><ele>1577.609</ele><time>2026-08-18T23:52:32Z</time></trkpt><trkpt lat="47.982469" lon="-123.525655"><ele>1576.874</ele><time>2026-08-18T23:52:36Z</time></trkpt><trkpt lat="47.982465" lon="-123.525632"><ele>1576.440</ele><time>2026-08-18T23:52:38Z</time></trkpt><trkpt lat="47.982443" lon="-123.525539"><ele>1575.452</ele><time>2026-08-18T23:52:43Z</time></trkpt><trkpt lat="47.98244" lon="-123.525526"><ele>1575.288</ele><time>2026-08-18T23:52:44Z</time></trkpt><trkpt lat="47.982414" lon="-123.52544"><ele>1574.059</ele><time>2026-08-18T23:52:50Z</time></trkpt><trkpt lat="47.98241" lon="-123.525422"><ele>1573.681</ele><time>2026-08-18T23:52:51Z</time></trkpt><trkpt lat="47.982395" lon="-123.525383"><ele>1572.851</ele><time>2026-08-18T23:52:54Z</time></trkpt><trkpt lat="47.982374" lon="-123.525349"><ele>1572.081</ele><time>2026-08-18T23:52:59Z</time></trkpt><trkpt lat="47.982374" lon="-123.525308"><ele>1571.821</ele><time>2026-08-18T23:53:06Z</time></trkpt><trkpt lat="47.982368" lon="-123.525281"><ele>1571.667</ele><time>2026-08-18T23:53:08Z</time></trkpt><trkpt lat="47.982351" lon="-123.525244"><ele>1570.881</ele><time>2026-08-18T23:53:11Z</time></trkpt><trkpt lat="47.982324" lon="-123.525162"><ele>1569.619</ele><time>2026-08-18T23:53:16Z</time></trkpt><trkpt lat="47.982299" lon="-123.525081"><ele>1568.409</ele><time>2026-08-18T23:53:21Z</time></trkpt><trkpt lat="47.98228" lon="-123.525034"><ele>1567.858</ele><time>2026-08-18T23:53:24Z</time></trkpt><trkpt lat="47.982263" lon="-123.525001"><ele>1567.424</ele><time>2026-08-18T23:53:26Z</time></trkpt><trkpt lat="47.982221" lon="-123.524905"><ele>1566.256</ele><time>2026-08-18T23:53:32Z</time></trkpt><trkpt lat="47.982209" lon="-123.524874"><ele>1565.812</ele><time>2026-08-18T23:53:34Z</time></trkpt><trkpt lat="47.9822" lon="-123.524845"><ele>1565.243</ele><time>2026-08-18T23:53:36Z</time></trkpt><trkpt lat="47.982169" lon="-123.524766"><ele>1564.095</ele><time>2026-08-18T23:53:41Z</time></trkpt><trkpt lat="47.982153" lon="-123.524736"><ele>1563.685</ele><time>2026-08-18T23:53:43Z</time></trkpt><trkpt lat="47.982127" lon="-123.524691"><ele>1562.845</ele><time>2026-08-18T23:53:46Z</time></trkpt><trkpt lat="47.98208" lon="-123.524607"><ele>1562.055</ele><time>2026-08-18T23:53:52Z</time></trkpt><trkpt lat="47.982069" lon="-123.524593"><ele>1561.452</ele><time>2026-08-18T23:53:53Z</time></trkpt><trkpt lat="47.982041" lon="-123.524556"><ele>1560.453</ele><time>2026-08-18T23:53:57Z</time></trkpt><trkpt lat="47.982008" lon="-123.524506"><ele>1559.608</ele><time>2026-08-18T23:54:01Z</time></trkpt><trkpt lat="47.982" lon="-123.524492"><ele>1559.409</ele><time>2026-08-18T23:54:02Z</time></trkpt><trkpt lat="47.981992" lon="-123.524476"><ele>1559.287</ele><time>2026-08-18T23:54:03Z</time></trkpt><trkpt lat="47.981966" lon="-123.524429"><ele>1559.233</ele><time>2026-08-18T23:54:06Z</time></trkpt><trkpt lat="47.981938" lon="-123.524366"><ele>1558.665</ele><time>2026-08-18T23:54:10Z</time></trkpt><trkpt lat="47.981922" lon="-123.524333"><ele>1558.291</ele><time>2026-08-18T23:54:12Z</time></trkpt><trkpt lat="47.981875" lon="-123.524217"><ele>1557.482</ele><time>2026-08-18T23:54:19Z</time></trkpt><trkpt lat="47.981859" lon="-123.524183"><ele>1557.254</ele><time>2026-08-18T23:54:22Z</time></trkpt><trkpt lat="47.981832" lon="-123.524123"><ele>1556.464</ele><time>2026-08-18T23:54:26Z</time></trkpt><trkpt lat="47.981819" lon="-123.52409"><ele>1556.094</ele><time>2026-08-18T23:54:28Z</time></trkpt><trkpt lat="47.981787" lon="-123.523977"><ele>1555.854</ele><time>2026-08-18T23:54:34Z</time></trkpt><trkpt lat="47.981745" lon="-123.523847"><ele>1555.422</ele><time>2026-08-18T23:54:42Z</time></trkpt><trkpt lat="47.981725" lon="-123.52379"><ele>1554.862</ele><time>2026-08-18T23:54:45Z</time></trkpt><trkpt lat="47.981702" lon="-123.523731"><ele>1555.008</ele><time>2026-08-18T23:54:49Z</time></trkpt><trkpt lat="47.981627" lon="-123.523565"><ele>1555.409</ele><time>2026-08-18T23:55:00Z</time></trkpt><trkpt lat="47.981551" lon="-123.52348"><ele>1555.644</ele><time>2026-08-18T23:55:09Z</time></trkpt><trkpt lat="47.981529" lon="-123.523456"><ele>1556.060</ele><time>2026-08-18T23:55:11Z</time></trkpt><trkpt lat="47.981477" lon="-123.523397"><ele>1556.262</ele><time>2026-08-18T23:55:16Z</time></trkpt><trkpt lat="47.981458" lon="-123.52338"><ele>1556.288</ele><time>2026-08-18T23:55:18Z</time></trkpt><trkpt lat="47.981448" lon="-123.52337"><ele>1556.249</ele><time>2026-08-18T23:55:19Z</time></trkpt><trkpt lat="47.981441" lon="-123.523361"><ele>1556.481</ele><time>2026-08-18T23:55:20Z</time></trkpt><trkpt lat="47.981409" lon="-123.523318"><ele>1556.681</ele><time>2026-08-18T23:55:24Z</time></trkpt><trkpt lat="47.98137" lon="-123.523247"><ele>1556.881</ele><time>2026-08-18T23:55:29Z</time></trkpt><trkpt lat="47.981317" lon="-123.523115"><ele>1557.031</ele><time>2026-08-18T23:55:38Z</time></trkpt><trkpt lat="47.981316" lon="-123.523101"><ele>1557.085</ele><time>2026-08-18T23:55:39Z</time></trkpt><trkpt lat="47.981299" lon="-123.522993"><ele>1556.889</ele><time>2026-08-18T23:55:45Z</time></trkpt><trkpt lat="47.981263" lon="-123.522845"><ele>1557.217</ele><time>2026-08-18T23:55:54Z</time></trkpt><trkpt lat="47.98124" lon="-123.522719"><ele>1557.609</ele><time>2026-08-18T23:56:01Z</time></trkpt><trkpt lat="47.98122" lon="-123.522659"><ele>1557.680</ele><time>2026-08-18T23:56:05Z</time></trkpt><trkpt lat="47.981204" lon="-123.522603"><ele>1557.656</ele><time>2026-08-18T23:56:08Z</time></trkpt><trkpt lat="47.981194" lon="-123.522566"><ele>1557.838</ele><time>2026-08-18T23:56:10Z</time></trkpt><trkpt lat="47.981118" lon="-123.52243"><ele>1557.844</ele><time>2026-08-18T23:56:19Z</time></trkpt><trkpt lat="47.981052" lon="-123.522331"><ele>1557.895</ele><time>2026-08-18T23:56:27Z</time></trkpt><trkpt lat="47.980971" lon="-123.522193"><ele>1557.097</ele><time>2026-08-18T23:56:36Z</time></trkpt><trkpt lat="47.980923" lon="-123.522092"><ele>1557.047</ele><time>2026-08-18T23:56:44Z</time></trkpt><trkpt lat="47.980847" lon="-123.521947"><ele>1556.637</ele><time>2026-08-18T23:56:54Z</time></trkpt><trkpt lat="47.980769" lon="-123.521884"><ele>1556.887</ele><time>2026-08-18T23:57:00Z</time></trkpt><trkpt lat="47.980711" lon="-123.52182"><ele>1557.083</ele><time>2026-08-18T23:57:07Z</time></trkpt><trkpt lat="47.980627" lon="-123.521741"><ele>1557.025</ele><time>2026-08-18T23:57:15Z</time></trkpt><trkpt lat="47.980525" lon="-123.521652"><ele>1556.817</ele><time>2026-08-18T23:57:24Z</time></trkpt><trkpt lat="47.980396" lon="-123.521542"><ele>1556.209</ele><time>2026-08-18T23:57:35Z</time></trkpt><trkpt lat="47.980332" lon="-123.521465"><ele>1556.020</ele><time>2026-08-18T23:57:42Z</time></trkpt><trkpt lat="47.980326" lon="-123.521458"><ele>1555.856</ele><time>2026-08-18T23:57:43Z</time></trkpt><trkpt lat="47.980239" lon="-123.521344"><ele>1555.438</ele><time>2026-08-18T23:57:51Z</time></trkpt><trkpt lat="47.980132" lon="-123.521226"><ele>1554.864</ele><time>2026-08-18T23:58:01Z</time></trkpt><trkpt lat="47.980065" lon="-123.521154"><ele>1555.275</ele><time>2026-08-18T23:58:08Z</time></trkpt><trkpt lat="47.97998" lon="-123.521067"><ele>1555.067</ele><time>2026-08-18T23:58:17Z</time></trkpt><trkpt lat="47.979905" lon="-123.520967"><ele>1555.057</ele><time>2026-08-18T23:58:25Z</time></trkpt><trkpt lat="47.979823" lon="-123.520877"><ele>1555.067</ele><time>2026-08-18T23:58:33Z</time></trkpt><trkpt lat="47.979719" lon="-123.5208"><ele>1555.417</ele><time>2026-08-18T23:58:41Z</time></trkpt><trkpt lat="47.979623" lon="-123.520739"><ele>1556.099</ele><time>2026-08-18T23:58:50Z</time></trkpt><trkpt lat="47.979601" lon="-123.520723"><ele>1556.207</ele><time>2026-08-18T23:58:52Z</time></trkpt><trkpt lat="47.979512" lon="-123.520707"><ele>1557.027</ele><time>2026-08-18T23:59:00Z</time></trkpt><trkpt lat="47.979501" lon="-123.520705"><ele>1557.009</ele><time>2026-08-18T23:59:01Z</time></trkpt><trkpt lat="47.979428" lon="-123.520707"><ele>1557.271</ele><time>2026-08-18T23:59:08Z</time></trkpt><trkpt lat="47.979421" lon="-123.520705"><ele>1557.257</ele><time>2026-08-18T23:59:09Z</time></trkpt><trkpt lat="47.979338" lon="-123.520718"><ele>1557.699</ele><time>2026-08-18T23:59:16Z</time></trkpt><trkpt lat="47.979294" lon="-123.520708"><ele>1558.055</ele><time>2026-08-18T23:59:20Z</time></trkpt><trkpt lat="47.979244" lon="-123.520701"><ele>1558.066</ele><time>2026-08-18T23:59:24Z</time></trkpt><trkpt lat="47.979164" lon="-123.520704"><ele>1558.658</ele><time>2026-08-18T23:59:32Z</time></trkpt><trkpt lat="47.979138" lon="-123.520699"><ele>1559.068</ele><time>2026-08-18T23:59:34Z</time></trkpt><trkpt lat="47.979066" lon="-123.520684"><ele>1559.038</ele><time>2026-08-18T23:59:40Z</time></trkpt><trkpt lat="47.979037" lon="-123.520641"><ele>1559.098</ele><time>2026-08-18T23:59:44Z</time></trkpt><trkpt lat="47.979003" lon="-123.520591"><ele>1559.455</ele><time>2026-08-18T23:59:48Z</time></trkpt><trkpt lat="47.978945" lon="-123.520472"><ele>1559.207</ele><time>2026-08-18T23:59:56Z</time></trkpt><trkpt lat="47.978927" lon="-123.520366"><ele>1559.217</ele><time>2026-08-19T00:00:02Z</time></trkpt><trkpt lat="47.978911" lon="-123.520321"><ele>1559.209</ele><time>2026-08-19T00:00:05Z</time></trkpt><trkpt lat="47.978868" lon="-123.520182"><ele>1559.237</ele><time>2026-08-19T00:00:13Z</time></trkpt><trkpt lat="47.978832" lon="-123.520043"><ele>1559.443</ele><time>2026-08-19T00:00:21Z</time></trkpt><trkpt lat="47.978789" lon="-123.519886"><ele>1559.445</ele><time>2026-08-19T00:00:30Z</time></trkpt><trkpt lat="47.978776" lon="-123.519847"><ele>1559.421</ele><time>2026-08-19T00:00:32Z</time></trkpt><trkpt lat="47.978741" lon="-123.519725"><ele>1559.062</ele><time>2026-08-19T00:00:39Z</time></trkpt><trkpt lat="47.978704" lon="-123.519573"><ele>1559.064</ele><time>2026-08-19T00:00:48Z</time></trkpt><trkpt lat="47.978661" lon="-123.51943"><ele>1559.274</ele><time>2026-08-19T00:00:56Z</time></trkpt><trkpt lat="47.978603" lon="-123.519248"><ele>1559.034</ele><time>2026-08-19T00:01:07Z</time></trkpt><trkpt lat="47.978549" lon="-123.519076"><ele>1558.894</ele><time>2026-08-19T00:01:17Z</time></trkpt><trkpt lat="47.978504" lon="-123.518924"><ele>1558.688</ele><time>2026-08-19T00:01:26Z</time></trkpt><trkpt lat="47.978457" lon="-123.51881"><ele>1558.424</ele><time>2026-08-19T00:01:34Z</time></trkpt><trkpt lat="47.978383" lon="-123.518675"><ele>1558.426</ele><time>2026-08-19T00:01:43Z</time></trkpt><trkpt lat="47.978312" lon="-123.518605"><ele>1558.009</ele><time>2026-08-19T00:01:50Z</time></trkpt><trkpt lat="47.978301" lon="-123.518597"><ele>1558.020</ele><time>2026-08-19T00:01:51Z</time></trkpt><trkpt lat="47.978226" lon="-123.518552"><ele>1557.886</ele><time>2026-08-19T00:01:58Z</time></trkpt><trkpt lat="47.978147" lon="-123.518494"><ele>1558.028</ele><time>2026-08-19T00:02:05Z</time></trkpt><trkpt lat="47.978049" lon="-123.518434"><ele>1557.034</ele><time>2026-08-19T00:02:13Z</time></trkpt><trkpt lat="47.978039" lon="-123.518429"><ele>1557.025</ele><time>2026-08-19T00:02:14Z</time></trkpt><trkpt lat="47.97794" lon="-123.518367"><ele>1556.257</ele><time>2026-08-19T00:02:23Z</time></trkpt><trkpt lat="47.977879" lon="-123.518323"><ele>1555.857</ele><time>2026-08-19T00:02:28Z</time></trkpt><trkpt lat="47.97784" lon="-123.518284"><ele>1555.097</ele><time>2026-08-19T00:02:32Z</time></trkpt><trkpt lat="47.977828" lon="-123.51827"><ele>1554.877</ele><time>2026-08-19T00:02:33Z</time></trkpt><trkpt lat="47.977768" lon="-123.518216"><ele>1554.873</ele><time>2026-08-19T00:02:39Z</time></trkpt><trkpt lat="47.977723" lon="-123.51817"><ele>1553.485</ele><time>2026-08-19T00:02:43Z</time></trkpt><trkpt lat="47.977679" lon="-123.518123"><ele>1553.413</ele><time>2026-08-19T00:02:48Z</time></trkpt><trkpt lat="47.977614" lon="-123.518038"><ele>1552.609</ele><time>2026-08-19T00:02:55Z</time></trkpt><trkpt lat="47.977603" lon="-123.518027"><ele>1552.279</ele><time>2026-08-19T00:02:56Z</time></trkpt><trkpt lat="47.977535" lon="-123.517975"><ele>1551.285</ele><time>2026-08-19T00:03:02Z</time></trkpt><trkpt lat="47.977514" lon="-123.517958"><ele>1551.017</ele><time>2026-08-19T00:03:04Z</time></trkpt><trkpt lat="47.977411" lon="-123.517856"><ele>1550.463</ele><time>2026-08-19T00:03:13Z</time></trkpt><trkpt lat="47.97734" lon="-123.517805"><ele>1550.214</ele><time>2026-08-19T00:03:19Z</time></trkpt><trkpt lat="47.977247" lon="-123.517792"><ele>1550.496</ele><time>2026-08-19T00:03:26Z</time></trkpt><trkpt lat="47.977134" lon="-123.517764"><ele>1551.026</ele><time>2026-08-19T00:03:36Z</time></trkpt><trkpt lat="47.977051" lon="-123.517745"><ele>1551.626</ele><time>2026-08-19T00:03:43Z</time></trkpt><trkpt lat="47.977041" lon="-123.517744"><ele>1551.626</ele><time>2026-08-19T00:03:44Z</time></trkpt><trkpt lat="47.976989" lon="-123.517741"><ele>1551.686</ele><time>2026-08-19T00:03:49Z</time></trkpt><trkpt lat="47.976938" lon="-123.517742"><ele>1551.660</ele><time>2026-08-19T00:03:53Z</time></trkpt><trkpt lat="47.976822" lon="-123.517777"><ele>1551.626</ele><time>2026-08-19T00:04:03Z</time></trkpt><trkpt lat="47.976729" lon="-123.517791"><ele>1551.409</ele><time>2026-08-19T00:04:11Z</time></trkpt><trkpt lat="47.976598" lon="-123.517813"><ele>1551.250</ele><time>2026-08-19T00:04:21Z</time></trkpt><trkpt lat="47.976518" lon="-123.517823"><ele>1550.896</ele><time>2026-08-19T00:04:27Z</time></trkpt><trkpt lat="47.97644" lon="-123.51784"><ele>1550.028</ele><time>2026-08-19T00:04:33Z</time></trkpt><trkpt lat="47.976418" lon="-123.517853"><ele>1549.864</ele><time>2026-08-19T00:04:35Z</time></trkpt><trkpt lat="47.976362" lon="-123.517877"><ele>1549.285</ele><time>2026-08-19T00:04:40Z</time></trkpt><trkpt lat="47.976339" lon="-123.517882"><ele>1548.847</ele><time>2026-08-19T00:04:42Z</time></trkpt><trkpt lat="47.976327" lon="-123.517889"><ele>1548.687</ele><time>2026-08-19T00:04:43Z</time></trkpt><trkpt lat="47.976212" lon="-123.51791"><ele>1547.867</ele><time>2026-08-19T00:04:53Z</time></trkpt><trkpt lat="47.976099" lon="-123.51791"><ele>1547.017</ele><time>2026-08-19T00:05:02Z</time></trkpt><trkpt lat="47.976069" lon="-123.517913"><ele>1546.683</ele><time>2026-08-19T00:05:05Z</time></trkpt><trkpt lat="47.976029" lon="-123.517965"><ele>1546.025</ele><time>2026-08-19T00:05:10Z</time></trkpt><trkpt lat="47.976003" lon="-123.518017"><ele>1545.617</ele><time>2026-08-19T00:05:13Z</time></trkpt><trkpt lat="47.976" lon="-123.518071"><ele>1545.209</ele><time>2026-08-19T00:05:16Z</time></trkpt><trkpt lat="47.975963" lon="-123.518207"><ele>1544.650</ele><time>2026-08-19T00:05:24Z</time></trkpt><trkpt lat="47.975901" lon="-123.518284"><ele>1543.646</ele><time>2026-08-19T00:05:32Z</time></trkpt><trkpt lat="47.975889" lon="-123.518287"><ele>1543.428</ele><time>2026-08-19T00:05:33Z</time></trkpt><trkpt lat="47.975821" lon="-123.518286"><ele>1542.884</ele><time>2026-08-19T00:05:40Z</time></trkpt><trkpt lat="47.975796" lon="-123.518306"><ele>1542.455</ele><time>2026-08-19T00:05:42Z</time></trkpt><trkpt lat="47.975739" lon="-123.518312"><ele>1541.887</ele><time>2026-08-19T00:05:47Z</time></trkpt><trkpt lat="47.975689" lon="-123.518298"><ele>1541.497</ele><time>2026-08-19T00:05:53Z</time></trkpt><trkpt lat="47.975651" lon="-123.518281"><ele>1540.897</ele><time>2026-08-19T00:05:56Z</time></trkpt><trkpt lat="47.975571" lon="-123.518264"><ele>1540.457</ele><time>2026-08-19T00:06:03Z</time></trkpt><trkpt lat="47.975501" lon="-123.518224"><ele>1539.665</ele><time>2026-08-19T00:06:10Z</time></trkpt><trkpt lat="47.975479" lon="-123.518199"><ele>1539.668</ele><time>2026-08-19T00:06:12Z</time></trkpt><trkpt lat="47.975433" lon="-123.518155"><ele>1539.414</ele><time>2026-08-19T00:06:18Z</time></trkpt><trkpt lat="47.975422" lon="-123.518145"><ele>1539.409</ele><time>2026-08-19T00:06:19Z</time></trkpt><trkpt lat="47.97535" lon="-123.518124"><ele>1538.868</ele><time>2026-08-19T00:06:25Z</time></trkpt><trkpt lat="47.975321" lon="-123.518118"><ele>1538.624</ele><time>2026-08-19T00:06:27Z</time></trkpt><trkpt lat="47.975304" lon="-123.518097"><ele>1538.456</ele><time>2026-08-19T00:06:29Z</time></trkpt><trkpt lat="47.975245" lon="-123.518058"><ele>1537.832</ele><time>2026-08-19T00:06:34Z</time></trkpt><trkpt lat="47.975175" lon="-123.518"><ele>1537.623</ele><time>2026-08-19T00:06:41Z</time></trkpt><trkpt lat="47.975166" lon="-123.517993"><ele>1537.465</ele><time>2026-08-19T00:06:42Z</time></trkpt><trkpt lat="47.975158" lon="-123.517983"><ele>1537.495</ele><time>2026-08-19T00:06:43Z</time></trkpt><trkpt lat="47.97511" lon="-123.517918"><ele>1537.255</ele><time>2026-08-19T00:06:48Z</time></trkpt><trkpt lat="47.97509" lon="-123.517897"><ele>1537.285</ele><time>2026-08-19T00:06:50Z</time></trkpt><trkpt lat="47.975003" lon="-123.51783"><ele>1536.692</ele><time>2026-08-19T00:06:59Z</time></trkpt><trkpt lat="47.974973" lon="-123.517809"><ele>1536.273</ele><time>2026-08-19T00:07:02Z</time></trkpt><trkpt lat="47.974898" lon="-123.517728"><ele>1535.820</ele><time>2026-08-19T00:07:09Z</time></trkpt><trkpt lat="47.974859" lon="-123.517624"><ele>1535.809</ele><time>2026-08-19T00:07:19Z</time></trkpt><trkpt lat="47.974812" lon="-123.517515"><ele>1535.831</ele><time>2026-08-19T00:07:26Z</time></trkpt><trkpt lat="47.974794" lon="-123.517446"><ele>1535.247</ele><time>2026-08-19T00:07:30Z</time></trkpt><trkpt lat="47.974771" lon="-123.517381"><ele>1535.229</ele><time>2026-08-19T00:07:34Z</time></trkpt><trkpt lat="47.974731" lon="-123.517209"><ele>1535.265</ele><time>2026-08-19T00:07:44Z</time></trkpt><trkpt lat="47.974737" lon="-123.517081"><ele>1534.876</ele><time>2026-08-19T00:07:51Z</time></trkpt><trkpt lat="47.974716" lon="-123.517025"><ele>1534.828</ele><time>2026-08-19T00:07:55Z</time></trkpt><trkpt lat="47.974705" lon="-123.517014"><ele>1534.488</ele><time>2026-08-19T00:07:57Z</time></trkpt><trkpt lat="47.974698" lon="-123.517004"><ele>1534.048</ele><time>2026-08-19T00:07:59Z</time></trkpt><trkpt lat="47.974651" lon="-123.516931"><ele>1533.498</ele><time>2026-08-19T00:08:05Z</time></trkpt><trkpt lat="47.974604" lon="-123.516903"><ele>1533.011</ele><time>2026-08-19T00:08:09Z</time></trkpt><trkpt lat="47.974556" lon="-123.516901"><ele>1532.421</ele><time>2026-08-19T00:08:13Z</time></trkpt><trkpt lat="47.974495" lon="-123.516922"><ele>1532.003</ele><time>2026-08-19T00:08:18Z</time></trkpt><trkpt lat="47.974474" lon="-123.516929"><ele>1531.809</ele><time>2026-08-19T00:08:20Z</time></trkpt><trkpt lat="47.974449" lon="-123.516902"><ele>1531.663</ele><time>2026-08-19T00:08:23Z</time></trkpt><trkpt lat="47.974441" lon="-123.516845"><ele>1531.459</ele><time>2026-08-19T00:08:26Z</time></trkpt><trkpt lat="47.97444" lon="-123.516799"><ele>1531.291</ele><time>2026-08-19T00:08:29Z</time></trkpt><trkpt lat="47.974427" lon="-123.516749"><ele>1531.057</ele><time>2026-08-19T00:08:33Z</time></trkpt><trkpt lat="47.97442" lon="-123.516746"><ele>1530.838</ele><time>2026-08-19T00:08:34Z</time></trkpt><trkpt lat="47.974411" lon="-123.516747"><ele>1530.840</ele><time>2026-08-19T00:08:35Z</time></trkpt><trkpt lat="47.974355" lon="-123.516764"><ele>1530.440</ele><time>2026-08-19T00:08:39Z</time></trkpt><trkpt lat="47.974331" lon="-123.516737"><ele>1530.220</ele><time>2026-08-19T00:08:41Z</time></trkpt><trkpt lat="47.974312" lon="-123.516684"><ele>1530.250</ele><time>2026-08-19T00:08:44Z</time></trkpt><trkpt lat="47.974278" lon="-123.516639"><ele>1529.865</ele><time>2026-08-19T00:08:48Z</time></trkpt><trkpt lat="47.974246" lon="-123.516637"><ele>1529.668</ele><time>2026-08-19T00:08:51Z</time></trkpt><trkpt lat="47.974205" lon="-123.516601"><ele>1528.814</ele><time>2026-08-19T00:08:56Z</time></trkpt><trkpt lat="47.97418" lon="-123.516566"><ele>1529.009</ele><time>2026-08-19T00:08:59Z</time></trkpt><trkpt lat="47.974129" lon="-123.516549"><ele>1528.848</ele><time>2026-08-19T00:09:03Z</time></trkpt><trkpt lat="47.974066" lon="-123.516543"><ele>1528.494</ele><time>2026-08-19T00:09:08Z</time></trkpt><trkpt lat="47.973967" lon="-123.516504"><ele>1527.866</ele><time>2026-08-19T00:09:17Z</time></trkpt><trkpt lat="47.973927" lon="-123.516429"><ele>1527.422</ele><time>2026-08-19T00:09:23Z</time></trkpt><trkpt lat="47.973867" lon="-123.516386"><ele>1527.073</ele><time>2026-08-19T00:09:30Z</time></trkpt><trkpt lat="47.973833" lon="-123.516391"><ele>1527.055</ele><time>2026-08-19T00:09:33Z</time></trkpt><trkpt lat="47.973789" lon="-123.516382"><ele>1526.645</ele><time>2026-08-19T00:09:37Z</time></trkpt><trkpt lat="47.973776" lon="-123.516355"><ele>1526.675</ele><time>2026-08-19T00:09:40Z</time></trkpt><trkpt lat="47.973771" lon="-123.516292"><ele>1526.855</ele><time>2026-08-19T00:09:44Z</time></trkpt><trkpt lat="47.973721" lon="-123.516169"><ele>1526.636</ele><time>2026-08-19T00:09:52Z</time></trkpt><trkpt lat="47.973608" lon="-123.51611"><ele>1526.417</ele><time>2026-08-19T00:10:00Z</time></trkpt><trkpt lat="47.973513" lon="-123.516058"><ele>1526.018</ele><time>2026-08-19T00:10:08Z</time></trkpt><trkpt lat="47.97344" lon="-123.515986"><ele>1526.009</ele><time>2026-08-19T00:10:15Z</time></trkpt><trkpt lat="47.973417" lon="-123.515955"><ele>1526.095</ele><time>2026-08-19T00:10:17Z</time></trkpt><trkpt lat="47.973315" lon="-123.51596"><ele>1525.871</ele><time>2026-08-19T00:10:25Z</time></trkpt><trkpt lat="47.973261" lon="-123.515965"><ele>1526.023</ele><time>2026-08-19T00:10:31Z</time></trkpt><trkpt lat="47.973219" lon="-123.51585"><ele>1525.629</ele><time>2026-08-19T00:10:38Z</time></trkpt><trkpt lat="47.973164" lon="-123.51574"><ele>1524.680</ele><time>2026-08-19T00:10:44Z</time></trkpt><trkpt lat="47.973154" lon="-123.515721"><ele>1524.422</ele><time>2026-08-19T00:10:45Z</time></trkpt><trkpt lat="47.973094" lon="-123.51566"><ele>1523.642</ele><time>2026-08-19T00:10:51Z</time></trkpt><trkpt lat="47.973071" lon="-123.515665"><ele>1523.422</ele><time>2026-08-19T00:10:53Z</time></trkpt><trkpt lat="47.973059" lon="-123.515668"><ele>1523.222</ele><time>2026-08-19T00:10:54Z</time></trkpt><trkpt lat="47.972958" lon="-123.515699"><ele>1522.885</ele><time>2026-08-19T00:11:02Z</time></trkpt><trkpt lat="47.972943" lon="-123.515697"><ele>1522.689</ele><time>2026-08-19T00:11:03Z</time></trkpt><trkpt lat="47.972885" lon="-123.515688"><ele>1522.617</ele><time>2026-08-19T00:11:07Z</time></trkpt><trkpt lat="47.972838" lon="-123.515702"><ele>1522.209</ele><time>2026-08-19T00:11:10Z</time></trkpt><trkpt lat="47.972809" lon="-123.515712"><ele>1522.240</ele><time>2026-08-19T00:11:12Z</time></trkpt><trkpt lat="47.97276" lon="-123.515684"><ele>1521.666</ele><time>2026-08-19T00:11:17Z</time></trkpt><trkpt lat="47.972754" lon="-123.515666"><ele>1521.438</ele><time>2026-08-19T00:11:18Z</time></trkpt><trkpt lat="47.972693" lon="-123.515591"><ele>1521.094</ele><time>2026-08-19T00:11:24Z</time></trkpt><trkpt lat="47.972648" lon="-123.515503"><ele>1520.615</ele><time>2026-08-19T00:11:31Z</time></trkpt><trkpt lat="47.97264" lon="-123.515506"><ele>1521.267</ele><time>2026-08-19T00:11:37Z</time></trkpt></trkseg></trk></gpx>