<?xml version="1.0" encoding="UTF-8"?><gpx creator="Wikiloc - http://www.wikiloc.com" version="1.1" xmlns="http://www.topografix.com/GPX/1/1" xmlns:xsi="http://www.w3.org/2001/XMLSchema-instance" xsi:schemaLocation="http://www.topografix.com/GPX/1/1 http://www.topografix.com/GPX/1/1/gpx.xsd"><trk><name><![CDATA[Olympic National Park: Mount Storm King - Marymere Falls]]></name><cmt><![CDATA[Piedmont]]></cmt><desc><![CDATA[Piedmont]]></desc><trkseg><trkpt lat="48.05817" lon="-123.789374"><ele>178.054</ele><time>2026-08-19T16:09:19Z</time></trkpt><trkpt lat="48.058118" lon="-123.789434"><ele>178.056</ele><time>2026-08-19T16:09:20Z</time></trkpt><trkpt lat="48.05811" lon="-123.78949"><ele>177.811</ele><time>2026-08-19T16:09:24Z</time></trkpt><trkpt lat="48.058109" lon="-123.789483"><ele>177.809</ele><time>2026-08-19T16:09:25Z</time></trkpt><trkpt lat="48.058117" lon="-123.789384"><ele>178.057</ele><time>2026-08-19T16:09:32Z</time></trkpt><trkpt lat="48.058106" lon="-123.789379"><ele>177.813</ele><time>2026-08-19T16:09:36Z</time></trkpt><trkpt lat="48.058107" lon="-123.78933"><ele>178.045</ele><time>2026-08-19T16:09:45Z</time></trkpt><trkpt lat="48.058117" lon="-123.789242"><ele>177.833</ele><time>2026-08-19T16:09:52Z</time></trkpt><trkpt lat="48.058126" lon="-123.789104"><ele>178.031</ele><time>2026-08-19T16:10:01Z</time></trkpt><trkpt lat="48.058123" lon="-123.78906"><ele>178.034</ele><time>2026-08-19T16:10:04Z</time></trkpt><trkpt lat="48.058117" lon="-123.789044"><ele>178.078</ele><time>2026-08-19T16:10:07Z</time></trkpt><trkpt lat="48.058107" lon="-123.789018"><ele>177.848</ele><time>2026-08-19T16:10:10Z</time></trkpt><trkpt lat="48.058094" lon="-123.788971"><ele>177.883</ele><time>2026-08-19T16:10:13Z</time></trkpt><trkpt lat="48.058089" lon="-123.788909"><ele>177.887</ele><time>2026-08-19T16:10:17Z</time></trkpt><trkpt lat="48.058086" lon="-123.788865"><ele>177.842</ele><time>2026-08-19T16:10:20Z</time></trkpt><trkpt lat="48.058074" lon="-123.788808"><ele>177.826</ele><time>2026-08-19T16:10:25Z</time></trkpt><trkpt lat="48.058059" lon="-123.788723"><ele>177.809</ele><time>2026-08-19T16:10:32Z</time></trkpt><trkpt lat="48.058019" lon="-123.788643"><ele>177.870</ele><time>2026-08-19T16:10:40Z</time></trkpt><trkpt lat="48.058004" lon="-123.788616"><ele>177.636</ele><time>2026-08-19T16:10:46Z</time></trkpt><trkpt lat="48.057987" lon="-123.788584"><ele>177.648</ele><time>2026-08-19T16:10:49Z</time></trkpt><trkpt lat="48.057971" lon="-123.78853"><ele>177.666</ele><time>2026-08-19T16:10:52Z</time></trkpt><trkpt lat="48.057955" lon="-123.788488"><ele>177.614</ele><time>2026-08-19T16:10:55Z</time></trkpt><trkpt lat="48.05793" lon="-123.788425"><ele>177.647</ele><time>2026-08-19T16:11:02Z</time></trkpt><trkpt lat="48.057922" lon="-123.788339"><ele>177.291</ele><time>2026-08-19T16:11:11Z</time></trkpt><trkpt lat="48.057925" lon="-123.788352"><ele>177.031</ele><time>2026-08-19T16:11:19Z</time></trkpt><trkpt lat="48.057932" lon="-123.788338"><ele>177.046</ele><time>2026-08-19T16:11:24Z</time></trkpt><trkpt lat="48.057934" lon="-123.788313"><ele>177.217</ele><time>2026-08-19T16:11:28Z</time></trkpt><trkpt lat="48.057918" lon="-123.78824"><ele>177.087</ele><time>2026-08-19T16:11:34Z</time></trkpt><trkpt lat="48.057909" lon="-123.788192"><ele>177.015</ele><time>2026-08-19T16:11:41Z</time></trkpt><trkpt lat="48.057891" lon="-123.788109"><ele>177.009</ele><time>2026-08-19T16:11:49Z</time></trkpt><trkpt lat="48.057889" lon="-123.788105"><ele>177.063</ele><time>2026-08-19T16:11:51Z</time></trkpt><trkpt lat="48.057877" lon="-123.788089"><ele>176.449</ele><time>2026-08-19T16:11:58Z</time></trkpt><trkpt lat="48.057887" lon="-123.788056"><ele>176.491</ele><time>2026-08-19T16:12:08Z</time></trkpt><trkpt lat="48.057908" lon="-123.788074"><ele>177.019</ele><time>2026-08-19T16:12:16Z</time></trkpt><trkpt lat="48.057951" lon="-123.78799"><ele>176.897</ele><time>2026-08-19T16:12:25Z</time></trkpt><trkpt lat="48.05798" lon="-123.787826"><ele>176.280</ele><time>2026-08-19T16:12:36Z</time></trkpt><trkpt lat="48.057981" lon="-123.787769"><ele>175.884</ele><time>2026-08-19T16:12:40Z</time></trkpt><trkpt lat="48.057986" lon="-123.787682"><ele>175.824</ele><time>2026-08-19T16:12:46Z</time></trkpt><trkpt lat="48.058004" lon="-123.787607"><ele>175.859</ele><time>2026-08-19T16:12:51Z</time></trkpt><trkpt lat="48.058027" lon="-123.787539"><ele>175.615</ele><time>2026-08-19T16:12:55Z</time></trkpt><trkpt lat="48.058104" lon="-123.787374"><ele>175.465</ele><time>2026-08-19T16:13:07Z</time></trkpt><trkpt lat="48.058134" lon="-123.787197"><ele>175.011</ele><time>2026-08-19T16:13:17Z</time></trkpt><trkpt lat="48.058133" lon="-123.78714"><ele>174.809</ele><time>2026-08-19T16:13:20Z</time></trkpt><trkpt lat="48.058122" lon="-123.787033"><ele>175.023</ele><time>2026-08-19T16:13:27Z</time></trkpt><trkpt lat="48.058108" lon="-123.787021"><ele>175.029</ele><time>2026-08-19T16:13:34Z</time></trkpt><trkpt lat="48.058112" lon="-123.787013"><ele>174.881</ele><time>2026-08-19T16:13:35Z</time></trkpt><trkpt lat="48.058101" lon="-123.786923"><ele>174.659</ele><time>2026-08-19T16:13:40Z</time></trkpt><trkpt lat="48.058094" lon="-123.786796"><ele>173.827</ele><time>2026-08-19T16:13:49Z</time></trkpt><trkpt lat="48.058097" lon="-123.786787"><ele>173.610</ele><time>2026-08-19T16:13:50Z</time></trkpt><trkpt lat="48.058083" lon="-123.786697"><ele>172.884</ele><time>2026-08-19T16:13:55Z</time></trkpt><trkpt lat="48.058069" lon="-123.786623"><ele>172.234</ele><time>2026-08-19T16:13:59Z</time></trkpt><trkpt lat="48.058053" lon="-123.786561"><ele>171.829</ele><time>2026-08-19T16:14:02Z</time></trkpt><trkpt lat="48.058014" lon="-123.786437"><ele>171.051</ele><time>2026-08-19T16:14:09Z</time></trkpt><trkpt lat="48.05799" lon="-123.786432"><ele>171.001</ele><time>2026-08-19T16:14:11Z</time></trkpt><trkpt lat="48.05793" lon="-123.786439"><ele>171.211</ele><time>2026-08-19T16:14:15Z</time></trkpt><trkpt lat="48.057878" lon="-123.786455"><ele>171.809</ele><time>2026-08-19T16:14:25Z</time></trkpt><trkpt lat="48.05782" lon="-123.786404"><ele>172.037</ele><time>2026-08-19T16:14:29Z</time></trkpt><trkpt lat="48.057778" lon="-123.78641"><ele>172.083</ele><time>2026-08-19T16:14:31Z</time></trkpt><trkpt lat="48.057759" lon="-123.786415"><ele>172.065</ele><time>2026-08-19T16:14:32Z</time></trkpt><trkpt lat="48.057728" lon="-123.786444"><ele>172.683</ele><time>2026-08-19T16:14:36Z</time></trkpt><trkpt lat="48.057712" lon="-123.786467"><ele>172.891</ele><time>2026-08-19T16:14:38Z</time></trkpt><trkpt lat="48.057681" lon="-123.786549"><ele>173.624</ele><time>2026-08-19T16:14:44Z</time></trkpt><trkpt lat="48.05768" lon="-123.786571"><ele>173.838</ele><time>2026-08-19T16:14:46Z</time></trkpt><trkpt lat="48.057663" lon="-123.786633"><ele>174.278</ele><time>2026-08-19T16:14:50Z</time></trkpt><trkpt lat="48.057643" lon="-123.786708"><ele>174.813</ele><time>2026-08-19T16:14:56Z</time></trkpt><trkpt lat="48.057659" lon="-123.786767"><ele>175.247</ele><time>2026-08-19T16:15:00Z</time></trkpt><trkpt lat="48.057681" lon="-123.786788"><ele>175.629</ele><time>2026-08-19T16:15:02Z</time></trkpt><trkpt lat="48.057688" lon="-123.786794"><ele>176.021</ele><time>2026-08-19T16:15:03Z</time></trkpt><trkpt lat="48.057698" lon="-123.786802"><ele>176.609</ele><time>2026-08-19T16:15:05Z</time></trkpt><trkpt lat="48.057699" lon="-123.786794"><ele>177.096</ele><time>2026-08-19T16:15:07Z</time></trkpt><trkpt lat="48.057702" lon="-123.786799"><ele>177.462</ele><time>2026-08-19T16:15:09Z</time></trkpt><trkpt lat="48.057705" lon="-123.78681"><ele>177.454</ele><time>2026-08-19T16:15:12Z</time></trkpt><trkpt lat="48.057689" lon="-123.786781"><ele>177.472</ele><time>2026-08-19T16:15:19Z</time></trkpt><trkpt lat="48.057681" lon="-123.786765"><ele>177.280</ele><time>2026-08-19T16:15:24Z</time></trkpt><trkpt lat="48.057655" lon="-123.786752"><ele>176.413</ele><time>2026-08-19T16:15:29Z</time></trkpt><trkpt lat="48.057633" lon="-123.786784"><ele>176.077</ele><time>2026-08-19T16:15:31Z</time></trkpt><trkpt lat="48.057572" lon="-123.786878"><ele>175.637</ele><time>2026-08-19T16:15:37Z</time></trkpt><trkpt lat="48.057468" lon="-123.787036"><ele>176.222</ele><time>2026-08-19T16:15:47Z</time></trkpt><trkpt lat="48.057439" lon="-123.787077"><ele>176.277</ele><time>2026-08-19T16:15:50Z</time></trkpt><trkpt lat="48.057421" lon="-123.787097"><ele>176.461</ele><time>2026-08-19T16:15:52Z</time></trkpt><trkpt lat="48.057396" lon="-123.787114"><ele>176.827</ele><time>2026-08-19T16:15:55Z</time></trkpt><trkpt lat="48.057364" lon="-123.787133"><ele>177.009</ele><time>2026-08-19T16:15:58Z</time></trkpt><trkpt lat="48.057288" lon="-123.787161"><ele>177.239</ele><time>2026-08-19T16:16:03Z</time></trkpt><trkpt lat="48.057259" lon="-123.787185"><ele>177.235</ele><time>2026-08-19T16:16:06Z</time></trkpt><trkpt lat="48.05715" lon="-123.787304"><ele>177.817</ele><time>2026-08-19T16:16:16Z</time></trkpt><trkpt lat="48.057094" lon="-123.787408"><ele>178.235</ele><time>2026-08-19T16:16:22Z</time></trkpt><trkpt lat="48.057085" lon="-123.787424"><ele>178.273</ele><time>2026-08-19T16:16:23Z</time></trkpt><trkpt lat="48.057025" lon="-123.787501"><ele>178.826</ele><time>2026-08-19T16:16:31Z</time></trkpt><trkpt lat="48.056946" lon="-123.787591"><ele>179.270</ele><time>2026-08-19T16:16:40Z</time></trkpt><trkpt lat="48.056924" lon="-123.787617"><ele>179.480</ele><time>2026-08-19T16:16:42Z</time></trkpt><trkpt lat="48.056826" lon="-123.787731"><ele>180.015</ele><time>2026-08-19T16:16:52Z</time></trkpt><trkpt lat="48.056754" lon="-123.787789"><ele>180.496</ele><time>2026-08-19T16:16:57Z</time></trkpt><trkpt lat="48.05672" lon="-123.787819"><ele>180.831</ele><time>2026-08-19T16:17:01Z</time></trkpt><trkpt lat="48.056687" lon="-123.78785"><ele>181.024</ele><time>2026-08-19T16:17:04Z</time></trkpt><trkpt lat="48.056668" lon="-123.787868"><ele>181.209</ele><time>2026-08-19T16:17:06Z</time></trkpt><trkpt lat="48.056653" lon="-123.787883"><ele>181.411</ele><time>2026-08-19T16:17:08Z</time></trkpt><trkpt lat="48.056629" lon="-123.787922"><ele>181.667</ele><time>2026-08-19T16:17:12Z</time></trkpt><trkpt lat="48.056548" lon="-123.788038"><ele>182.299</ele><time>2026-08-19T16:17:22Z</time></trkpt><trkpt lat="48.056519" lon="-123.788067"><ele>182.497</ele><time>2026-08-19T16:17:25Z</time></trkpt><trkpt lat="48.056474" lon="-123.788164"><ele>183.015</ele><time>2026-08-19T16:17:32Z</time></trkpt><trkpt lat="48.056446" lon="-123.788214"><ele>183.618</ele><time>2026-08-19T16:17:36Z</time></trkpt><trkpt lat="48.056374" lon="-123.788315"><ele>184.442</ele><time>2026-08-19T16:17:44Z</time></trkpt><trkpt lat="48.056367" lon="-123.788324"><ele>184.662</ele><time>2026-08-19T16:17:45Z</time></trkpt><trkpt lat="48.056309" lon="-123.788411"><ele>185.257</ele><time>2026-08-19T16:17:53Z</time></trkpt><trkpt lat="48.056282" lon="-123.788451"><ele>185.658</ele><time>2026-08-19T16:17:56Z</time></trkpt><trkpt lat="48.056216" lon="-123.78852"><ele>186.252</ele><time>2026-08-19T16:18:02Z</time></trkpt><trkpt lat="48.056161" lon="-123.788603"><ele>186.617</ele><time>2026-08-19T16:18:07Z</time></trkpt><trkpt lat="48.056146" lon="-123.788625"><ele>186.809</ele><time>2026-08-19T16:18:09Z</time></trkpt><trkpt lat="48.056087" lon="-123.788741"><ele>187.627</ele><time>2026-08-19T16:18:17Z</time></trkpt><trkpt lat="48.056045" lon="-123.788881"><ele>188.823</ele><time>2026-08-19T16:18:27Z</time></trkpt><trkpt lat="48.05604" lon="-123.788895"><ele>188.885</ele><time>2026-08-19T16:18:28Z</time></trkpt><trkpt lat="48.055988" lon="-123.789036"><ele>189.493</ele><time>2026-08-19T16:18:36Z</time></trkpt><trkpt lat="48.055962" lon="-123.789089"><ele>189.811</ele><time>2026-08-19T16:18:41Z</time></trkpt><trkpt lat="48.055934" lon="-123.789143"><ele>190.014</ele><time>2026-08-19T16:18:44Z</time></trkpt><trkpt lat="48.055842" lon="-123.789293"><ele>190.828</ele><time>2026-08-19T16:18:55Z</time></trkpt><trkpt lat="48.055833" lon="-123.789307"><ele>190.858</ele><time>2026-08-19T16:18:56Z</time></trkpt><trkpt lat="48.05574" lon="-123.789426"><ele>191.613</ele><time>2026-08-19T16:19:06Z</time></trkpt><trkpt lat="48.055721" lon="-123.789449"><ele>191.864</ele><time>2026-08-19T16:19:08Z</time></trkpt><trkpt lat="48.055673" lon="-123.789552"><ele>192.406</ele><time>2026-08-19T16:19:15Z</time></trkpt><trkpt lat="48.055655" lon="-123.789681"><ele>192.816</ele><time>2026-08-19T16:19:22Z</time></trkpt><trkpt lat="48.055655" lon="-123.789699"><ele>192.809</ele><time>2026-08-19T16:19:23Z</time></trkpt><trkpt lat="48.055596" lon="-123.789865"><ele>193.088</ele><time>2026-08-19T16:19:34Z</time></trkpt><trkpt lat="48.05554" lon="-123.790036"><ele>193.274</ele><time>2026-08-19T16:19:44Z</time></trkpt><trkpt lat="48.055502" lon="-123.790091"><ele>193.476</ele><time>2026-08-19T16:19:49Z</time></trkpt><trkpt lat="48.055478" lon="-123.790129"><ele>193.664</ele><time>2026-08-19T16:19:52Z</time></trkpt><trkpt lat="48.055467" lon="-123.790146"><ele>193.682</ele><time>2026-08-19T16:19:54Z</time></trkpt><trkpt lat="48.05545" lon="-123.790191"><ele>193.855</ele><time>2026-08-19T16:19:58Z</time></trkpt><trkpt lat="48.055431" lon="-123.790235"><ele>194.049</ele><time>2026-08-19T16:20:01Z</time></trkpt><trkpt lat="48.055381" lon="-123.790327"><ele>194.459</ele><time>2026-08-19T16:20:07Z</time></trkpt><trkpt lat="48.055351" lon="-123.790351"><ele>194.494</ele><time>2026-08-19T16:20:10Z</time></trkpt><trkpt lat="48.055284" lon="-123.790456"><ele>194.845</ele><time>2026-08-19T16:20:18Z</time></trkpt><trkpt lat="48.055276" lon="-123.79047"><ele>194.847</ele><time>2026-08-19T16:20:19Z</time></trkpt><trkpt lat="48.055197" lon="-123.790563"><ele>195.411</ele><time>2026-08-19T16:20:27Z</time></trkpt><trkpt lat="48.055125" lon="-123.790633"><ele>195.809</ele><time>2026-08-19T16:20:35Z</time></trkpt><trkpt lat="48.055109" lon="-123.790646"><ele>196.036</ele><time>2026-08-19T16:20:37Z</time></trkpt><trkpt lat="48.055026" lon="-123.790691"><ele>196.262</ele><time>2026-08-19T16:20:46Z</time></trkpt><trkpt lat="48.054972" lon="-123.79071"><ele>196.274</ele><time>2026-08-19T16:20:50Z</time></trkpt><trkpt lat="48.054908" lon="-123.790713"><ele>196.422</ele><time>2026-08-19T16:20:54Z</time></trkpt><trkpt lat="48.054794" lon="-123.790752"><ele>196.660</ele><time>2026-08-19T16:21:04Z</time></trkpt><trkpt lat="48.054768" lon="-123.790761"><ele>196.813</ele><time>2026-08-19T16:21:06Z</time></trkpt><trkpt lat="48.054713" lon="-123.790764"><ele>197.697</ele><time>2026-08-19T16:21:12Z</time></trkpt><trkpt lat="48.054631" lon="-123.790761"><ele>197.817</ele><time>2026-08-19T16:21:20Z</time></trkpt><trkpt lat="48.054623" lon="-123.790764"><ele>198.012</ele><time>2026-08-19T16:21:21Z</time></trkpt><trkpt lat="48.054518" lon="-123.790796"><ele>198.472</ele><time>2026-08-19T16:21:30Z</time></trkpt><trkpt lat="48.054423" lon="-123.790795"><ele>198.813</ele><time>2026-08-19T16:21:38Z</time></trkpt><trkpt lat="48.054414" lon="-123.790796"><ele>199.014</ele><time>2026-08-19T16:21:39Z</time></trkpt><trkpt lat="48.054329" lon="-123.790781"><ele>199.609</ele><time>2026-08-19T16:21:47Z</time></trkpt><trkpt lat="48.054268" lon="-123.790779"><ele>199.859</ele><time>2026-08-19T16:21:52Z</time></trkpt><trkpt lat="48.054212" lon="-123.790798"><ele>200.065</ele><time>2026-08-19T16:21:56Z</time></trkpt><trkpt lat="48.054185" lon="-123.790808"><ele>200.247</ele><time>2026-08-19T16:21:58Z</time></trkpt><trkpt lat="48.054112" lon="-123.790798"><ele>200.465</ele><time>2026-08-19T16:22:06Z</time></trkpt><trkpt lat="48.054041" lon="-123.790774"><ele>200.433</ele><time>2026-08-19T16:22:13Z</time></trkpt><trkpt lat="48.054015" lon="-123.790698"><ele>200.456</ele><time>2026-08-19T16:22:20Z</time></trkpt><trkpt lat="48.053974" lon="-123.790546"><ele>201.020</ele><time>2026-08-19T16:22:29Z</time></trkpt><trkpt lat="48.053941" lon="-123.790412"><ele>201.680</ele><time>2026-08-19T16:22:38Z</time></trkpt><trkpt lat="48.053861" lon="-123.790309"><ele>201.635</ele><time>2026-08-19T16:22:47Z</time></trkpt><trkpt lat="48.053793" lon="-123.790196"><ele>202.025</ele><time>2026-08-19T16:22:56Z</time></trkpt><trkpt lat="48.05372" lon="-123.790128"><ele>202.426</ele><time>2026-08-19T16:23:04Z</time></trkpt><trkpt lat="48.053659" lon="-123.79009"><ele>203.208</ele><time>2026-08-19T16:23:10Z</time></trkpt><trkpt lat="48.053646" lon="-123.790062"><ele>203.009</ele><time>2026-08-19T16:23:13Z</time></trkpt><trkpt lat="48.053643" lon="-123.790049"><ele>203.224</ele><time>2026-08-19T16:23:14Z</time></trkpt><trkpt lat="48.053663" lon="-123.790042"><ele>204.030</ele><time>2026-08-19T16:23:20Z</time></trkpt><trkpt lat="48.053669" lon="-123.790046"><ele>204.292</ele><time>2026-08-19T16:23:21Z</time></trkpt><trkpt lat="48.053704" lon="-123.790049"><ele>205.260</ele><time>2026-08-19T16:23:26Z</time></trkpt><trkpt lat="48.053714" lon="-123.790048"><ele>205.238</ele><time>2026-08-19T16:23:27Z</time></trkpt><trkpt lat="48.053724" lon="-123.790049"><ele>205.691</ele><time>2026-08-19T16:23:29Z</time></trkpt><trkpt lat="48.053744" lon="-123.790034"><ele>206.445</ele><time>2026-08-19T16:23:33Z</time></trkpt><trkpt lat="48.053749" lon="-123.790011"><ele>207.045</ele><time>2026-08-19T16:23:37Z</time></trkpt><trkpt lat="48.053755" lon="-123.79001"><ele>207.410</ele><time>2026-08-19T16:23:39Z</time></trkpt><trkpt lat="48.053762" lon="-123.790012"><ele>207.697</ele><time>2026-08-19T16:23:40Z</time></trkpt><trkpt lat="48.053797" lon="-123.790009"><ele>208.623</ele><time>2026-08-19T16:23:44Z</time></trkpt><trkpt lat="48.05382" lon="-123.79001"><ele>209.025</ele><time>2026-08-19T16:23:47Z</time></trkpt><trkpt lat="48.053824" lon="-123.790011"><ele>209.209</ele><time>2026-08-19T16:23:48Z</time></trkpt><trkpt lat="48.053828" lon="-123.790011"><ele>209.221</ele><time>2026-08-19T16:23:49Z</time></trkpt><trkpt lat="48.053835" lon="-123.790008"><ele>209.447</ele><time>2026-08-19T16:23:50Z</time></trkpt><trkpt lat="48.053842" lon="-123.790009"><ele>209.689</ele><time>2026-08-19T16:23:51Z</time></trkpt><trkpt lat="48.053853" lon="-123.790018"><ele>210.277</ele><time>2026-08-19T16:23:55Z</time></trkpt><trkpt lat="48.053879" lon="-123.790035"><ele>210.655</ele><time>2026-08-19T16:23:59Z</time></trkpt><trkpt lat="48.053889" lon="-123.790039"><ele>210.868</ele><time>2026-08-19T16:24:00Z</time></trkpt><trkpt lat="48.053928" lon="-123.790067"><ele>211.832</ele><time>2026-08-19T16:24:06Z</time></trkpt><trkpt lat="48.053913" lon="-123.790069"><ele>212.062</ele><time>2026-08-19T16:24:10Z</time></trkpt><trkpt lat="48.0539" lon="-123.79007"><ele>212.097</ele><time>2026-08-19T16:24:12Z</time></trkpt><trkpt lat="48.053876" lon="-123.790064"><ele>212.056</ele><time>2026-08-19T16:24:23Z</time></trkpt><trkpt lat="48.053886" lon="-123.790047"><ele>212.059</ele><time>2026-08-19T16:24:31Z</time></trkpt><trkpt lat="48.053893" lon="-123.790031"><ele>212.014</ele><time>2026-08-19T16:24:34Z</time></trkpt><trkpt lat="48.053893" lon="-123.790019"><ele>212.009</ele><time>2026-08-19T16:24:40Z</time></trkpt><trkpt lat="48.053906" lon="-123.790014"><ele>212.017</ele><time>2026-08-19T16:24:46Z</time></trkpt><trkpt lat="48.053955" lon="-123.789998"><ele>212.693</ele><time>2026-08-19T16:24:51Z</time></trkpt><trkpt lat="48.053982" lon="-123.789993"><ele>212.895</ele><time>2026-08-19T16:24:53Z</time></trkpt><trkpt lat="48.054022" lon="-123.789972"><ele>213.443</ele><time>2026-08-19T16:24:56Z</time></trkpt><trkpt lat="48.05404" lon="-123.78996"><ele>213.881</ele><time>2026-08-19T16:24:58Z</time></trkpt><trkpt lat="48.054048" lon="-123.789943"><ele>214.254</ele><time>2026-08-19T16:24:59Z</time></trkpt><trkpt lat="48.054038" lon="-123.789913"><ele>214.838</ele><time>2026-08-19T16:25:02Z</time></trkpt><trkpt lat="48.054035" lon="-123.789906"><ele>215.098</ele><time>2026-08-19T16:25:03Z</time></trkpt><trkpt lat="48.054031" lon="-123.7899"><ele>215.213</ele><time>2026-08-19T16:25:04Z</time></trkpt><trkpt lat="48.054013" lon="-123.789857"><ele>216.223</ele><time>2026-08-19T16:25:08Z</time></trkpt><trkpt lat="48.053991" lon="-123.789841"><ele>217.283</ele><time>2026-08-19T16:25:13Z</time></trkpt><trkpt lat="48.053986" lon="-123.789835"><ele>217.411</ele><time>2026-08-19T16:25:14Z</time></trkpt><trkpt lat="48.053973" lon="-123.789819"><ele>217.809</ele><time>2026-08-19T16:25:16Z</time></trkpt><trkpt lat="48.053968" lon="-123.78981"><ele>218.084</ele><time>2026-08-19T16:25:17Z</time></trkpt><trkpt lat="48.053962" lon="-123.789801"><ele>218.260</ele><time>2026-08-19T16:25:18Z</time></trkpt><trkpt lat="48.053957" lon="-123.789793"><ele>218.412</ele><time>2026-08-19T16:25:19Z</time></trkpt><trkpt lat="48.053929" lon="-123.78976"><ele>219.430</ele><time>2026-08-19T16:25:24Z</time></trkpt><trkpt lat="48.053923" lon="-123.789754"><ele>219.648</ele><time>2026-08-19T16:25:25Z</time></trkpt><trkpt lat="48.053893" lon="-123.789727"><ele>220.691</ele><time>2026-08-19T16:25:30Z</time></trkpt><trkpt lat="48.053854" lon="-123.789702"><ele>221.435</ele><time>2026-08-19T16:25:35Z</time></trkpt><trkpt lat="48.053835" lon="-123.78969"><ele>221.635</ele><time>2026-08-19T16:25:37Z</time></trkpt><trkpt lat="48.053781" lon="-123.789664"><ele>222.490</ele><time>2026-08-19T16:25:44Z</time></trkpt><trkpt lat="48.053776" lon="-123.789653"><ele>222.881</ele><time>2026-08-19T16:25:47Z</time></trkpt><trkpt lat="48.053768" lon="-123.789622"><ele>223.861</ele><time>2026-08-19T16:25:53Z</time></trkpt><trkpt lat="48.053733" lon="-123.789568"><ele>225.017</ele><time>2026-08-19T16:25:58Z</time></trkpt><trkpt lat="48.053709" lon="-123.789526"><ele>225.409</ele><time>2026-08-19T16:26:03Z</time></trkpt><trkpt lat="48.053679" lon="-123.789499"><ele>226.070</ele><time>2026-08-19T16:26:07Z</time></trkpt><trkpt lat="48.053654" lon="-123.789483"><ele>226.476</ele><time>2026-08-19T16:26:10Z</time></trkpt><trkpt lat="48.05362" lon="-123.789443"><ele>227.268</ele><time>2026-08-19T16:26:15Z</time></trkpt><trkpt lat="48.053609" lon="-123.789411"><ele>227.816</ele><time>2026-08-19T16:26:20Z</time></trkpt><trkpt lat="48.053604" lon="-123.789402"><ele>228.244</ele><time>2026-08-19T16:26:22Z</time></trkpt><trkpt lat="48.053577" lon="-123.789333"><ele>229.477</ele><time>2026-08-19T16:26:29Z</time></trkpt><trkpt lat="48.053571" lon="-123.789326"><ele>229.431</ele><time>2026-08-19T16:26:30Z</time></trkpt><trkpt lat="48.053553" lon="-123.789304"><ele>230.431</ele><time>2026-08-19T16:26:35Z</time></trkpt><trkpt lat="48.053541" lon="-123.789298"><ele>231.016</ele><time>2026-08-19T16:26:40Z</time></trkpt><trkpt lat="48.053538" lon="-123.789292"><ele>231.431</ele><time>2026-08-19T16:26:43Z</time></trkpt><trkpt lat="48.053528" lon="-123.789261"><ele>232.461</ele><time>2026-08-19T16:26:50Z</time></trkpt><trkpt lat="48.053525" lon="-123.789248"><ele>232.807</ele><time>2026-08-19T16:26:52Z</time></trkpt><trkpt lat="48.053521" lon="-123.789195"><ele>233.409</ele><time>2026-08-19T16:26:57Z</time></trkpt><trkpt lat="48.053524" lon="-123.789142"><ele>234.095</ele><time>2026-08-19T16:27:02Z</time></trkpt><trkpt lat="48.053515" lon="-123.7891"><ele>234.691</ele><time>2026-08-19T16:27:05Z</time></trkpt><trkpt lat="48.053512" lon="-123.78909"><ele>234.833</ele><time>2026-08-19T16:27:06Z</time></trkpt><trkpt lat="48.053512" lon="-123.789078"><ele>235.021</ele><time>2026-08-19T16:27:07Z</time></trkpt><trkpt lat="48.053508" lon="-123.789058"><ele>235.639</ele><time>2026-08-19T16:27:11Z</time></trkpt><trkpt lat="48.053507" lon="-123.789056"><ele>235.672</ele><time>2026-08-19T16:27:12Z</time></trkpt><trkpt lat="48.053521" lon="-123.789081"><ele>236.846</ele><time>2026-08-19T16:27:19Z</time></trkpt><trkpt lat="48.05354" lon="-123.789129"><ele>237.646</ele><time>2026-08-19T16:27:24Z</time></trkpt><trkpt lat="48.053544" lon="-123.789134"><ele>237.861</ele><time>2026-08-19T16:27:25Z</time></trkpt><trkpt lat="48.053573" lon="-123.789176"><ele>238.819</ele><time>2026-08-19T16:27:31Z</time></trkpt><trkpt lat="48.053577" lon="-123.789182"><ele>239.009</ele><time>2026-08-19T16:27:32Z</time></trkpt><trkpt lat="48.053593" lon="-123.789204"><ele>239.219</ele><time>2026-08-19T16:27:34Z</time></trkpt><trkpt lat="48.053608" lon="-123.78923"><ele>239.609</ele><time>2026-08-19T16:27:37Z</time></trkpt><trkpt lat="48.053616" lon="-123.789238"><ele>239.873</ele><time>2026-08-19T16:27:38Z</time></trkpt><trkpt lat="48.053644" lon="-123.789271"><ele>240.859</ele><time>2026-08-19T16:27:44Z</time></trkpt><trkpt lat="48.053648" lon="-123.789276"><ele>240.841</ele><time>2026-08-19T16:27:45Z</time></trkpt><trkpt lat="48.053679" lon="-123.78928"><ele>242.089</ele><time>2026-08-19T16:27:52Z</time></trkpt><trkpt lat="48.053691" lon="-123.789274"><ele>242.677</ele><time>2026-08-19T16:27:56Z</time></trkpt><trkpt lat="48.053693" lon="-123.789261"><ele>243.070</ele><time>2026-08-19T16:27:59Z</time></trkpt><trkpt lat="48.053692" lon="-123.78923"><ele>244.254</ele><time>2026-08-19T16:28:06Z</time></trkpt><trkpt lat="48.053689" lon="-123.789213"><ele>244.424</ele><time>2026-08-19T16:28:08Z</time></trkpt><trkpt lat="48.053673" lon="-123.789164"><ele>245.239</ele><time>2026-08-19T16:28:14Z</time></trkpt><trkpt lat="48.053653" lon="-123.789139"><ele>246.027</ele><time>2026-08-19T16:28:19Z</time></trkpt><trkpt lat="48.053647" lon="-123.789131"><ele>246.268</ele><time>2026-08-19T16:28:22Z</time></trkpt><trkpt lat="48.053638" lon="-123.789072"><ele>247.414</ele><time>2026-08-19T16:28:30Z</time></trkpt><trkpt lat="48.053639" lon="-123.789062"><ele>247.409</ele><time>2026-08-19T16:28:31Z</time></trkpt><trkpt lat="48.053648" lon="-123.788992"><ele>248.244</ele><time>2026-08-19T16:28:37Z</time></trkpt><trkpt lat="48.053645" lon="-123.788984"><ele>248.470</ele><time>2026-08-19T16:28:39Z</time></trkpt><trkpt lat="48.053638" lon="-123.788977"><ele>248.892</ele><time>2026-08-19T16:28:41Z</time></trkpt><trkpt lat="48.053628" lon="-123.788953"><ele>249.670</ele><time>2026-08-19T16:28:45Z</time></trkpt><trkpt lat="48.053619" lon="-123.788902"><ele>250.078</ele><time>2026-08-19T16:28:50Z</time></trkpt><trkpt lat="48.053602" lon="-123.788878"><ele>250.871</ele><time>2026-08-19T16:28:55Z</time></trkpt><trkpt lat="48.053581" lon="-123.788846"><ele>251.685</ele><time>2026-08-19T16:29:00Z</time></trkpt><trkpt lat="48.053579" lon="-123.788836"><ele>251.815</ele><time>2026-08-19T16:29:01Z</time></trkpt><trkpt lat="48.053549" lon="-123.788799"><ele>253.090</ele><time>2026-08-19T16:29:08Z</time></trkpt><trkpt lat="48.053534" lon="-123.788789"><ele>253.487</ele><time>2026-08-19T16:29:12Z</time></trkpt><trkpt lat="48.053555" lon="-123.788813"><ele>254.042</ele><time>2026-08-19T16:29:17Z</time></trkpt><trkpt lat="48.053568" lon="-123.788834"><ele>254.226</ele><time>2026-08-19T16:29:18Z</time></trkpt><trkpt lat="48.053586" lon="-123.788854"><ele>254.609</ele><time>2026-08-19T16:29:21Z</time></trkpt><trkpt lat="48.053604" lon="-123.788871"><ele>255.070</ele><time>2026-08-19T16:29:24Z</time></trkpt><trkpt lat="48.053642" lon="-123.788911"><ele>256.226</ele><time>2026-08-19T16:29:32Z</time></trkpt><trkpt lat="48.053643" lon="-123.788919"><ele>256.678</ele><time>2026-08-19T16:29:34Z</time></trkpt><trkpt lat="48.053676" lon="-123.788967"><ele>257.216</ele><time>2026-08-19T16:29:42Z</time></trkpt><trkpt lat="48.053684" lon="-123.788981"><ele>257.444</ele><time>2026-08-19T16:29:44Z</time></trkpt><trkpt lat="48.05371" lon="-123.789018"><ele>257.857</ele><time>2026-08-19T16:29:49Z</time></trkpt><trkpt lat="48.05372" lon="-123.789033"><ele>258.291</ele><time>2026-08-19T16:29:52Z</time></trkpt><trkpt lat="48.053742" lon="-123.789074"><ele>259.091</ele><time>2026-08-19T16:29:58Z</time></trkpt><trkpt lat="48.053753" lon="-123.789086"><ele>259.466</ele><time>2026-08-19T16:30:00Z</time></trkpt><trkpt lat="48.053791" lon="-123.789117"><ele>260.461</ele><time>2026-08-19T16:30:08Z</time></trkpt><trkpt lat="48.053804" lon="-123.789112"><ele>260.621</ele><time>2026-08-19T16:30:10Z</time></trkpt><trkpt lat="48.053836" lon="-123.789135"><ele>261.413</ele><time>2026-08-19T16:30:16Z</time></trkpt><trkpt lat="48.053856" lon="-123.789126"><ele>261.809</ele><time>2026-08-19T16:30:20Z</time></trkpt><trkpt lat="48.053876" lon="-123.789096"><ele>262.698</ele><time>2026-08-19T16:30:25Z</time></trkpt><trkpt lat="48.053899" lon="-123.789028"><ele>263.694</ele><time>2026-08-19T16:30:31Z</time></trkpt><trkpt lat="48.0539" lon="-123.789025"><ele>263.856</ele><time>2026-08-19T16:30:32Z</time></trkpt><trkpt lat="48.053907" lon="-123.78895"><ele>264.424</ele><time>2026-08-19T16:30:41Z</time></trkpt><trkpt lat="48.053906" lon="-123.788931"><ele>264.852</ele><time>2026-08-19T16:30:43Z</time></trkpt><trkpt lat="48.053884" lon="-123.788865"><ele>265.855</ele><time>2026-08-19T16:30:51Z</time></trkpt><trkpt lat="48.05388" lon="-123.788858"><ele>265.869</ele><time>2026-08-19T16:30:52Z</time></trkpt><trkpt lat="48.053839" lon="-123.788819"><ele>266.859</ele><time>2026-08-19T16:30:58Z</time></trkpt><trkpt lat="48.053826" lon="-123.788796"><ele>267.234</ele><time>2026-08-19T16:31:02Z</time></trkpt><trkpt lat="48.053814" lon="-123.788753"><ele>268.079</ele><time>2026-08-19T16:31:07Z</time></trkpt><trkpt lat="48.0538" lon="-123.788696"><ele>268.605</ele><time>2026-08-19T16:31:12Z</time></trkpt><trkpt lat="48.053797" lon="-123.788688"><ele>268.825</ele><time>2026-08-19T16:31:14Z</time></trkpt><trkpt lat="48.053795" lon="-123.788681"><ele>269.009</ele><time>2026-08-19T16:31:15Z</time></trkpt><trkpt lat="48.053779" lon="-123.788639"><ele>269.899</ele><time>2026-08-19T16:31:23Z</time></trkpt><trkpt lat="48.053775" lon="-123.788625"><ele>270.095</ele><time>2026-08-19T16:31:25Z</time></trkpt><trkpt lat="48.053759" lon="-123.788553"><ele>271.257</ele><time>2026-08-19T16:31:33Z</time></trkpt><trkpt lat="48.053754" lon="-123.788534"><ele>271.475</ele><time>2026-08-19T16:31:35Z</time></trkpt><trkpt lat="48.053739" lon="-123.788493"><ele>272.283</ele><time>2026-08-19T16:31:41Z</time></trkpt><trkpt lat="48.053747" lon="-123.788452"><ele>272.896</ele><time>2026-08-19T16:31:45Z</time></trkpt><trkpt lat="48.053751" lon="-123.788429"><ele>273.250</ele><time>2026-08-19T16:31:48Z</time></trkpt><trkpt lat="48.053754" lon="-123.788397"><ele>274.290</ele><time>2026-08-19T16:31:53Z</time></trkpt><trkpt lat="48.053747" lon="-123.788328"><ele>275.225</ele><time>2026-08-19T16:32:02Z</time></trkpt><trkpt lat="48.053741" lon="-123.788321"><ele>275.461</ele><time>2026-08-19T16:32:03Z</time></trkpt><trkpt lat="48.053714" lon="-123.788288"><ele>275.821</ele><time>2026-08-19T16:32:06Z</time></trkpt><trkpt lat="48.053704" lon="-123.788273"><ele>276.013</ele><time>2026-08-19T16:32:07Z</time></trkpt><trkpt lat="48.053689" lon="-123.788258"><ele>276.009</ele><time>2026-08-19T16:32:08Z</time></trkpt><trkpt lat="48.053676" lon="-123.788246"><ele>276.098</ele><time>2026-08-19T16:32:09Z</time></trkpt><trkpt lat="48.053625" lon="-123.788208"><ele>275.854</ele><time>2026-08-19T16:32:15Z</time></trkpt><trkpt lat="48.053592" lon="-123.788191"><ele>276.476</ele><time>2026-08-19T16:32:21Z</time></trkpt><trkpt lat="48.053572" lon="-123.788171"><ele>277.044</ele><time>2026-08-19T16:32:26Z</time></trkpt><trkpt lat="48.053574" lon="-123.788159"><ele>277.682</ele><time>2026-08-19T16:32:30Z</time></trkpt><trkpt lat="48.053544" lon="-123.788107"><ele>278.625</ele><time>2026-08-19T16:32:36Z</time></trkpt><trkpt lat="48.05354" lon="-123.788097"><ele>278.889</ele><time>2026-08-19T16:32:37Z</time></trkpt><trkpt lat="48.053509" lon="-123.788067"><ele>279.839</ele><time>2026-08-19T16:32:43Z</time></trkpt><trkpt lat="48.053484" lon="-123.788041"><ele>280.454</ele><time>2026-08-19T16:32:48Z</time></trkpt><trkpt lat="48.053464" lon="-123.788026"><ele>281.062</ele><time>2026-08-19T16:32:52Z</time></trkpt><trkpt lat="48.053437" lon="-123.788021"><ele>281.683</ele><time>2026-08-19T16:32:57Z</time></trkpt><trkpt lat="48.053414" lon="-123.788022"><ele>282.011</ele><time>2026-08-19T16:33:00Z</time></trkpt><trkpt lat="48.053414" lon="-123.788023"><ele>282.009</ele><time>2026-08-19T16:33:01Z</time></trkpt><trkpt lat="48.053437" lon="-123.788066"><ele>283.228</ele><time>2026-08-19T16:33:07Z</time></trkpt><trkpt lat="48.053439" lon="-123.788072"><ele>283.244</ele><time>2026-08-19T16:33:08Z</time></trkpt><trkpt lat="48.053466" lon="-123.788138"><ele>283.086</ele><time>2026-08-19T16:33:20Z</time></trkpt><trkpt lat="48.05349" lon="-123.788132"><ele>283.694</ele><time>2026-08-19T16:33:29Z</time></trkpt><trkpt lat="48.053494" lon="-123.788114"><ele>284.212</ele><time>2026-08-19T16:33:32Z</time></trkpt><trkpt lat="48.053512" lon="-123.788105"><ele>285.485</ele><time>2026-08-19T16:33:36Z</time></trkpt><trkpt lat="48.053528" lon="-123.788098"><ele>285.679</ele><time>2026-08-19T16:33:38Z</time></trkpt><trkpt lat="48.053558" lon="-123.788067"><ele>286.669</ele><time>2026-08-19T16:33:44Z</time></trkpt><trkpt lat="48.053569" lon="-123.788065"><ele>287.014</ele><time>2026-08-19T16:33:46Z</time></trkpt><trkpt lat="48.053572" lon="-123.788071"><ele>287.625</ele><time>2026-08-19T16:33:50Z</time></trkpt><trkpt lat="48.05358" lon="-123.788085"><ele>288.026</ele><time>2026-08-19T16:33:53Z</time></trkpt><trkpt lat="48.053609" lon="-123.788103"><ele>288.608</ele><time>2026-08-19T16:33:58Z</time></trkpt><trkpt lat="48.053625" lon="-123.78811"><ele>289.009</ele><time>2026-08-19T16:34:01Z</time></trkpt><trkpt lat="48.05364" lon="-123.788136"><ele>289.864</ele><time>2026-08-19T16:34:06Z</time></trkpt><trkpt lat="48.053681" lon="-123.788173"><ele>290.890</ele><time>2026-08-19T16:34:13Z</time></trkpt><trkpt lat="48.053687" lon="-123.788177"><ele>290.832</ele><time>2026-08-19T16:34:14Z</time></trkpt><trkpt lat="48.0537" lon="-123.788195"><ele>291.490</ele><time>2026-08-19T16:34:18Z</time></trkpt><trkpt lat="48.053724" lon="-123.788208"><ele>291.838</ele><time>2026-08-19T16:34:22Z</time></trkpt><trkpt lat="48.053755" lon="-123.788231"><ele>292.431</ele><time>2026-08-19T16:34:27Z</time></trkpt><trkpt lat="48.053778" lon="-123.788247"><ele>292.855</ele><time>2026-08-19T16:34:33Z</time></trkpt><trkpt lat="48.053784" lon="-123.788252"><ele>293.015</ele><time>2026-08-19T16:34:35Z</time></trkpt><trkpt lat="48.05382" lon="-123.788296"><ele>294.070</ele><time>2026-08-19T16:34:42Z</time></trkpt><trkpt lat="48.053826" lon="-123.788297"><ele>294.293</ele><time>2026-08-19T16:34:43Z</time></trkpt><trkpt lat="48.05385" lon="-123.788341"><ele>295.065</ele><time>2026-08-19T16:34:50Z</time></trkpt><trkpt lat="48.053872" lon="-123.788354"><ele>295.421</ele><time>2026-08-19T16:34:53Z</time></trkpt><trkpt lat="48.053888" lon="-123.788346"><ele>296.009</ele><time>2026-08-19T16:34:57Z</time></trkpt><trkpt lat="48.053895" lon="-123.78833"><ele>296.211</ele><time>2026-08-19T16:34:59Z</time></trkpt><trkpt lat="48.053898" lon="-123.788314"><ele>296.487</ele><time>2026-08-19T16:35:01Z</time></trkpt><trkpt lat="48.053892" lon="-123.78826"><ele>297.029</ele><time>2026-08-19T16:35:07Z</time></trkpt><trkpt lat="48.053891" lon="-123.788248"><ele>297.277</ele><time>2026-08-19T16:35:08Z</time></trkpt><trkpt lat="48.053882" lon="-123.788223"><ele>297.665</ele><time>2026-08-19T16:35:11Z</time></trkpt><trkpt lat="48.053875" lon="-123.788215"><ele>298.218</ele><time>2026-08-19T16:35:16Z</time></trkpt><trkpt lat="48.053842" lon="-123.788095"><ele>298.692</ele><time>2026-08-19T16:35:21Z</time></trkpt><trkpt lat="48.053807" lon="-123.788017"><ele>299.272</ele><time>2026-08-19T16:35:28Z</time></trkpt><trkpt lat="48.053794" lon="-123.787988"><ele>299.847</ele><time>2026-08-19T16:35:33Z</time></trkpt><trkpt lat="48.053791" lon="-123.787973"><ele>300.223</ele><time>2026-08-19T16:35:36Z</time></trkpt><trkpt lat="48.053787" lon="-123.787936"><ele>301.483</ele><time>2026-08-19T16:35:44Z</time></trkpt><trkpt lat="48.053785" lon="-123.78793"><ele>301.411</ele><time>2026-08-19T16:35:45Z</time></trkpt><trkpt lat="48.053766" lon="-123.787902"><ele>302.409</ele><time>2026-08-19T16:35:52Z</time></trkpt><trkpt lat="48.053757" lon="-123.787888"><ele>302.654</ele><time>2026-08-19T16:35:55Z</time></trkpt><trkpt lat="48.053737" lon="-123.787847"><ele>303.610</ele><time>2026-08-19T16:36:02Z</time></trkpt><trkpt lat="48.053723" lon="-123.787832"><ele>304.012</ele><time>2026-08-19T16:36:06Z</time></trkpt><trkpt lat="48.053697" lon="-123.78782"><ele>304.640</ele><time>2026-08-19T16:36:11Z</time></trkpt><trkpt lat="48.053667" lon="-123.78778"><ele>305.238</ele><time>2026-08-19T16:36:15Z</time></trkpt><trkpt lat="48.05366" lon="-123.787774"><ele>305.291</ele><time>2026-08-19T16:36:16Z</time></trkpt><trkpt lat="48.053648" lon="-123.787763"><ele>305.855</ele><time>2026-08-19T16:36:20Z</time></trkpt><trkpt lat="48.053613" lon="-123.787731"><ele>306.695</ele><time>2026-08-19T16:36:26Z</time></trkpt><trkpt lat="48.053604" lon="-123.787724"><ele>306.830</ele><time>2026-08-19T16:36:28Z</time></trkpt><trkpt lat="48.053579" lon="-123.787687"><ele>307.694</ele><time>2026-08-19T16:36:35Z</time></trkpt><trkpt lat="48.053575" lon="-123.787678"><ele>307.857</ele><time>2026-08-19T16:36:37Z</time></trkpt><trkpt lat="48.053558" lon="-123.787636"><ele>309.022</ele><time>2026-08-19T16:36:46Z</time></trkpt><trkpt lat="48.053551" lon="-123.787621"><ele>309.209</ele><time>2026-08-19T16:36:48Z</time></trkpt><trkpt lat="48.053533" lon="-123.787602"><ele>310.031</ele><time>2026-08-19T16:36:56Z</time></trkpt><trkpt lat="48.053524" lon="-123.787593"><ele>310.497</ele><time>2026-08-19T16:36:58Z</time></trkpt><trkpt lat="48.0535" lon="-123.787537"><ele>311.279</ele><time>2026-08-19T16:37:06Z</time></trkpt><trkpt lat="48.053488" lon="-123.787511"><ele>311.427</ele><time>2026-08-19T16:37:09Z</time></trkpt><trkpt lat="48.053475" lon="-123.787463"><ele>312.255</ele><time>2026-08-19T16:37:16Z</time></trkpt><trkpt lat="48.053471" lon="-123.787445"><ele>312.638</ele><time>2026-08-19T16:37:19Z</time></trkpt><trkpt lat="48.05346" lon="-123.787419"><ele>313.432</ele><time>2026-08-19T16:37:22Z</time></trkpt><trkpt lat="48.053439" lon="-123.787372"><ele>314.432</ele><time>2026-08-19T16:37:28Z</time></trkpt><trkpt lat="48.053436" lon="-123.787366"><ele>314.667</ele><time>2026-08-19T16:37:29Z</time></trkpt><trkpt lat="48.05342" lon="-123.78732"><ele>315.447</ele><time>2026-08-19T16:37:34Z</time></trkpt><trkpt lat="48.053414" lon="-123.787263"><ele>316.429</ele><time>2026-08-19T16:37:41Z</time></trkpt><trkpt lat="48.053403" lon="-123.787175"><ele>317.421</ele><time>2026-08-19T16:37:49Z</time></trkpt><trkpt lat="48.053401" lon="-123.787167"><ele>317.609</ele><time>2026-08-19T16:37:50Z</time></trkpt><trkpt lat="48.053388" lon="-123.787104"><ele>318.626</ele><time>2026-08-19T16:38:00Z</time></trkpt><trkpt lat="48.053386" lon="-123.787097"><ele>318.852</ele><time>2026-08-19T16:38:01Z</time></trkpt><trkpt lat="48.053367" lon="-123.787032"><ele>319.874</ele><time>2026-08-19T16:38:10Z</time></trkpt><trkpt lat="48.053366" lon="-123.787027"><ele>320.062</ele><time>2026-08-19T16:38:11Z</time></trkpt><trkpt lat="48.053369" lon="-123.786986"><ele>320.860</ele><time>2026-08-19T16:38:18Z</time></trkpt><trkpt lat="48.053367" lon="-123.78695"><ele>321.483</ele><time>2026-08-19T16:38:22Z</time></trkpt><trkpt lat="48.053368" lon="-123.78692"><ele>322.047</ele><time>2026-08-19T16:38:26Z</time></trkpt><trkpt lat="48.053351" lon="-123.786891"><ele>323.097</ele><time>2026-08-19T16:38:33Z</time></trkpt><trkpt lat="48.053333" lon="-123.786828"><ele>324.082</ele><time>2026-08-19T16:38:41Z</time></trkpt><trkpt lat="48.053332" lon="-123.786819"><ele>324.266</ele><time>2026-08-19T16:38:42Z</time></trkpt><trkpt lat="48.05334" lon="-123.786755"><ele>325.229</ele><time>2026-08-19T16:38:50Z</time></trkpt><trkpt lat="48.053347" lon="-123.786733"><ele>325.821</ele><time>2026-08-19T16:38:53Z</time></trkpt><trkpt lat="48.053348" lon="-123.786704"><ele>326.409</ele><time>2026-08-19T16:38:58Z</time></trkpt><trkpt lat="48.053328" lon="-123.786656"><ele>327.438</ele><time>2026-08-19T16:39:05Z</time></trkpt><trkpt lat="48.053273" lon="-123.786577"><ele>328.464</ele><time>2026-08-19T16:39:15Z</time></trkpt><trkpt lat="48.053255" lon="-123.786526"><ele>329.696</ele><time>2026-08-19T16:39:23Z</time></trkpt><trkpt lat="48.053264" lon="-123.786515"><ele>330.024</ele><time>2026-08-19T16:39:27Z</time></trkpt><trkpt lat="48.053281" lon="-123.786525"><ele>330.612</ele><time>2026-08-19T16:39:31Z</time></trkpt><trkpt lat="48.053314" lon="-123.786542"><ele>331.615</ele><time>2026-08-19T16:39:38Z</time></trkpt><trkpt lat="48.053387" lon="-123.786489"><ele>332.429</ele><time>2026-08-19T16:39:47Z</time></trkpt><trkpt lat="48.053418" lon="-123.786427"><ele>332.649</ele><time>2026-08-19T16:39:55Z</time></trkpt><trkpt lat="48.053429" lon="-123.786409"><ele>332.614</ele><time>2026-08-19T16:39:58Z</time></trkpt><trkpt lat="48.053471" lon="-123.786384"><ele>333.456</ele><time>2026-08-19T16:40:06Z</time></trkpt><trkpt lat="48.053489" lon="-123.786359"><ele>333.659</ele><time>2026-08-19T16:40:10Z</time></trkpt><trkpt lat="48.053529" lon="-123.786303"><ele>334.414</ele><time>2026-08-19T16:40:17Z</time></trkpt><trkpt lat="48.053542" lon="-123.786272"><ele>334.809</ele><time>2026-08-19T16:40:20Z</time></trkpt><trkpt lat="48.053552" lon="-123.786257"><ele>335.227</ele><time>2026-08-19T16:40:23Z</time></trkpt><trkpt lat="48.05356" lon="-123.786252"><ele>335.823</ele><time>2026-08-19T16:40:25Z</time></trkpt><trkpt lat="48.053566" lon="-123.786246"><ele>336.425</ele><time>2026-08-19T16:40:27Z</time></trkpt><trkpt lat="48.053594" lon="-123.786214"><ele>336.863</ele><time>2026-08-19T16:40:33Z</time></trkpt><trkpt lat="48.053625" lon="-123.786205"><ele>337.051</ele><time>2026-08-19T16:40:35Z</time></trkpt><trkpt lat="48.053642" lon="-123.786187"><ele>337.464</ele><time>2026-08-19T16:40:37Z</time></trkpt><trkpt lat="48.053657" lon="-123.786167"><ele>337.878</ele><time>2026-08-19T16:40:41Z</time></trkpt><trkpt lat="48.053685" lon="-123.786138"><ele>339.078</ele><time>2026-08-19T16:40:47Z</time></trkpt><trkpt lat="48.053694" lon="-123.786122"><ele>339.623</ele><time>2026-08-19T16:40:51Z</time></trkpt><trkpt lat="48.053706" lon="-123.786104"><ele>340.265</ele><time>2026-08-19T16:40:54Z</time></trkpt><trkpt lat="48.053729" lon="-123.786054"><ele>341.068</ele><time>2026-08-19T16:41:00Z</time></trkpt><trkpt lat="48.053731" lon="-123.786048"><ele>341.014</ele><time>2026-08-19T16:41:01Z</time></trkpt><trkpt lat="48.053764" lon="-123.786064"><ele>342.209</ele><time>2026-08-19T16:41:07Z</time></trkpt><trkpt lat="48.053784" lon="-123.786068"><ele>342.878</ele><time>2026-08-19T16:41:10Z</time></trkpt><trkpt lat="48.053821" lon="-123.786066"><ele>343.424</ele><time>2026-08-19T16:41:14Z</time></trkpt><trkpt lat="48.053851" lon="-123.786073"><ele>344.266</ele><time>2026-08-19T16:41:20Z</time></trkpt><trkpt lat="48.053872" lon="-123.786067"><ele>344.664</ele><time>2026-08-19T16:41:22Z</time></trkpt><trkpt lat="48.053916" lon="-123.786049"><ele>345.422</ele><time>2026-08-19T16:41:28Z</time></trkpt><trkpt lat="48.053941" lon="-123.786041"><ele>346.025</ele><time>2026-08-19T16:41:31Z</time></trkpt><trkpt lat="48.053971" lon="-123.786034"><ele>346.619</ele><time>2026-08-19T16:41:36Z</time></trkpt><trkpt lat="48.053995" lon="-123.786008"><ele>347.879</ele><time>2026-08-19T16:41:43Z</time></trkpt><trkpt lat="48.053997" lon="-123.786002"><ele>348.074</ele><time>2026-08-19T16:41:44Z</time></trkpt><trkpt lat="48.05402" lon="-123.785969"><ele>348.812</ele><time>2026-08-19T16:41:48Z</time></trkpt><trkpt lat="48.05405" lon="-123.785908"><ele>349.432</ele><time>2026-08-19T16:41:53Z</time></trkpt><trkpt lat="48.054066" lon="-123.785881"><ele>350.005</ele><time>2026-08-19T16:41:56Z</time></trkpt><trkpt lat="48.054112" lon="-123.785871"><ele>351.009</ele><time>2026-08-19T16:42:02Z</time></trkpt><trkpt lat="48.054115" lon="-123.785872"><ele>351.253</ele><time>2026-08-19T16:42:03Z</time></trkpt><trkpt lat="48.054163" lon="-123.785865"><ele>352.259</ele><time>2026-08-19T16:42:09Z</time></trkpt><trkpt lat="48.054171" lon="-123.785837"><ele>353.011</ele><time>2026-08-19T16:42:14Z</time></trkpt><trkpt lat="48.054165" lon="-123.785836"><ele>353.239</ele><time>2026-08-19T16:42:17Z</time></trkpt><trkpt lat="48.054163" lon="-123.785785"><ele>354.467</ele><time>2026-08-19T16:42:23Z</time></trkpt><trkpt lat="48.054165" lon="-123.785777"><ele>354.420</ele><time>2026-08-19T16:42:24Z</time></trkpt><trkpt lat="48.054175" lon="-123.785743"><ele>355.414</ele><time>2026-08-19T16:42:30Z</time></trkpt><trkpt lat="48.0542" lon="-123.785707"><ele>356.434</ele><time>2026-08-19T16:42:34Z</time></trkpt><trkpt lat="48.054203" lon="-123.785693"><ele>356.639</ele><time>2026-08-19T16:42:35Z</time></trkpt><trkpt lat="48.054213" lon="-123.785634"><ele>357.649</ele><time>2026-08-19T16:42:41Z</time></trkpt><trkpt lat="48.054216" lon="-123.785628"><ele>357.802</ele><time>2026-08-19T16:42:42Z</time></trkpt><trkpt lat="48.054222" lon="-123.78562"><ele>358.022</ele><time>2026-08-19T16:42:43Z</time></trkpt><trkpt lat="48.054255" lon="-123.785609"><ele>358.809</ele><time>2026-08-19T16:42:52Z</time></trkpt><trkpt lat="48.054304" lon="-123.785554"><ele>360.096</ele><time>2026-08-19T16:42:58Z</time></trkpt><trkpt lat="48.054329" lon="-123.785524"><ele>360.622</ele><time>2026-08-19T16:43:02Z</time></trkpt><trkpt lat="48.054324" lon="-123.785517"><ele>361.034</ele><time>2026-08-19T16:43:05Z</time></trkpt><trkpt lat="48.054324" lon="-123.785546"><ele>361.822</ele><time>2026-08-19T16:43:11Z</time></trkpt><trkpt lat="48.054342" lon="-123.78557"><ele>362.010</ele><time>2026-08-19T16:43:21Z</time></trkpt><trkpt lat="48.054346" lon="-123.785568"><ele>362.023</ele><time>2026-08-19T16:43:22Z</time></trkpt><trkpt lat="48.054354" lon="-123.785555"><ele>362.827</ele><time>2026-08-19T16:43:27Z</time></trkpt><trkpt lat="48.054362" lon="-123.785538"><ele>363.067</ele><time>2026-08-19T16:43:29Z</time></trkpt><trkpt lat="48.054374" lon="-123.785518"><ele>363.422</ele><time>2026-08-19T16:43:31Z</time></trkpt><trkpt lat="48.054407" lon="-123.785487"><ele>364.074</ele><time>2026-08-19T16:43:35Z</time></trkpt><trkpt lat="48.054415" lon="-123.78548"><ele>364.256</ele><time>2026-08-19T16:43:36Z</time></trkpt><trkpt lat="48.054441" lon="-123.785435"><ele>365.021</ele><time>2026-08-19T16:43:40Z</time></trkpt><trkpt lat="48.054453" lon="-123.785415"><ele>365.409</ele><time>2026-08-19T16:43:42Z</time></trkpt><trkpt lat="48.054464" lon="-123.785362"><ele>366.079</ele><time>2026-08-19T16:43:46Z</time></trkpt><trkpt lat="48.054473" lon="-123.785353"><ele>366.425</ele><time>2026-08-19T16:43:48Z</time></trkpt><trkpt lat="48.054479" lon="-123.785353"><ele>366.627</ele><time>2026-08-19T16:43:49Z</time></trkpt><trkpt lat="48.054488" lon="-123.785365"><ele>367.045</ele><time>2026-08-19T16:43:52Z</time></trkpt><trkpt lat="48.054491" lon="-123.785388"><ele>367.693</ele><time>2026-08-19T16:43:55Z</time></trkpt><trkpt lat="48.054507" lon="-123.78546"><ele>368.676</ele><time>2026-08-19T16:44:02Z</time></trkpt><trkpt lat="48.054507" lon="-123.785476"><ele>369.080</ele><time>2026-08-19T16:44:04Z</time></trkpt><trkpt lat="48.054515" lon="-123.785512"><ele>369.830</ele><time>2026-08-19T16:44:08Z</time></trkpt><trkpt lat="48.054527" lon="-123.785548"><ele>370.415</ele><time>2026-08-19T16:44:14Z</time></trkpt><trkpt lat="48.054531" lon="-123.785559"><ele>370.847</ele><time>2026-08-19T16:44:16Z</time></trkpt><trkpt lat="48.054547" lon="-123.785578"><ele>371.429</ele><time>2026-08-19T16:44:19Z</time></trkpt><trkpt lat="48.054571" lon="-123.785598"><ele>371.821</ele><time>2026-08-19T16:44:22Z</time></trkpt><trkpt lat="48.054586" lon="-123.785607"><ele>372.009</ele><time>2026-08-19T16:44:24Z</time></trkpt><trkpt lat="48.054677" lon="-123.785639"><ele>372.876</ele><time>2026-08-19T16:44:34Z</time></trkpt><trkpt lat="48.054683" lon="-123.785632"><ele>372.842</ele><time>2026-08-19T16:44:36Z</time></trkpt><trkpt lat="48.054728" lon="-123.78561"><ele>374.054</ele><time>2026-08-19T16:44:42Z</time></trkpt><trkpt lat="48.054734" lon="-123.785608"><ele>374.082</ele><time>2026-08-19T16:44:43Z</time></trkpt><trkpt lat="48.054794" lon="-123.785599"><ele>375.060</ele><time>2026-08-19T16:44:53Z</time></trkpt><trkpt lat="48.054846" lon="-123.785562"><ele>376.093</ele><time>2026-08-19T16:45:01Z</time></trkpt><trkpt lat="48.054849" lon="-123.78556"><ele>376.067</ele><time>2026-08-19T16:45:02Z</time></trkpt><trkpt lat="48.054895" lon="-123.785538"><ele>377.057</ele><time>2026-08-19T16:45:10Z</time></trkpt><trkpt lat="48.054898" lon="-123.785537"><ele>377.082</ele><time>2026-08-19T16:45:11Z</time></trkpt><trkpt lat="48.054943" lon="-123.785533"><ele>377.852</ele><time>2026-08-19T16:45:17Z</time></trkpt><trkpt lat="48.054957" lon="-123.785533"><ele>378.053</ele><time>2026-08-19T16:45:19Z</time></trkpt><trkpt lat="48.055002" lon="-123.785532"><ele>379.208</ele><time>2026-08-19T16:45:27Z</time></trkpt><trkpt lat="48.055057" lon="-123.785591"><ele>380.009</ele><time>2026-08-19T16:45:36Z</time></trkpt><trkpt lat="48.055066" lon="-123.7856"><ele>380.217</ele><time>2026-08-19T16:45:37Z</time></trkpt><trkpt lat="48.055127" lon="-123.785569"><ele>381.213</ele><time>2026-08-19T16:45:45Z</time></trkpt><trkpt lat="48.055136" lon="-123.785557"><ele>381.265</ele><time>2026-08-19T16:45:46Z</time></trkpt><trkpt lat="48.055136" lon="-123.785516"><ele>381.483</ele><time>2026-08-19T16:45:49Z</time></trkpt><trkpt lat="48.055124" lon="-123.785515"><ele>381.881</ele><time>2026-08-19T16:45:52Z</time></trkpt><trkpt lat="48.055115" lon="-123.785519"><ele>382.434</ele><time>2026-08-19T16:45:55Z</time></trkpt><trkpt lat="48.055057" lon="-123.785474"><ele>383.038</ele><time>2026-08-19T16:46:03Z</time></trkpt><trkpt lat="48.055033" lon="-123.785427"><ele>383.468</ele><time>2026-08-19T16:46:07Z</time></trkpt><trkpt lat="48.054996" lon="-123.785347"><ele>383.613</ele><time>2026-08-19T16:46:11Z</time></trkpt><trkpt lat="48.054951" lon="-123.785316"><ele>384.481</ele><time>2026-08-19T16:46:19Z</time></trkpt><trkpt lat="48.054952" lon="-123.785309"><ele>384.661</ele><time>2026-08-19T16:46:20Z</time></trkpt><trkpt lat="48.054952" lon="-123.785302"><ele>385.017</ele><time>2026-08-19T16:46:22Z</time></trkpt><trkpt lat="48.054926" lon="-123.785278"><ele>385.609</ele><time>2026-08-19T16:46:28Z</time></trkpt><trkpt lat="48.054921" lon="-123.785266"><ele>386.040</ele><time>2026-08-19T16:46:31Z</time></trkpt><trkpt lat="48.054906" lon="-123.785241"><ele>386.676</ele><time>2026-08-19T16:46:36Z</time></trkpt><trkpt lat="48.05488" lon="-123.785219"><ele>387.298</ele><time>2026-08-19T16:46:40Z</time></trkpt><trkpt lat="48.05487" lon="-123.7852"><ele>387.676</ele><time>2026-08-19T16:46:43Z</time></trkpt><trkpt lat="48.054865" lon="-123.78514"><ele>388.814</ele><time>2026-08-19T16:46:51Z</time></trkpt><trkpt lat="48.054887" lon="-123.785069"><ele>389.857</ele><time>2026-08-19T16:46:58Z</time></trkpt><trkpt lat="48.054898" lon="-123.785037"><ele>390.251</ele><time>2026-08-19T16:47:01Z</time></trkpt><trkpt lat="48.054915" lon="-123.785025"><ele>390.891</ele><time>2026-08-19T16:47:06Z</time></trkpt><trkpt lat="48.054932" lon="-123.784966"><ele>391.656</ele><time>2026-08-19T16:47:11Z</time></trkpt><trkpt lat="48.054933" lon="-123.784953"><ele>391.871</ele><time>2026-08-19T16:47:12Z</time></trkpt><trkpt lat="48.054937" lon="-123.784915"><ele>393.041</ele><time>2026-08-19T16:47:17Z</time></trkpt><trkpt lat="48.05494" lon="-123.784895"><ele>393.415</ele><time>2026-08-19T16:47:20Z</time></trkpt><trkpt lat="48.054944" lon="-123.784875"><ele>394.009</ele><time>2026-08-19T16:47:23Z</time></trkpt><trkpt lat="48.054958" lon="-123.784825"><ele>395.049</ele><time>2026-08-19T16:47:29Z</time></trkpt><trkpt lat="48.054969" lon="-123.784804"><ele>395.835</ele><time>2026-08-19T16:47:33Z</time></trkpt><trkpt lat="48.054972" lon="-123.78478"><ele>396.057</ele><time>2026-08-19T16:47:35Z</time></trkpt><trkpt lat="48.054971" lon="-123.784737"><ele>397.285</ele><time>2026-08-19T16:47:41Z</time></trkpt><trkpt lat="48.054971" lon="-123.78473"><ele>397.443</ele><time>2026-08-19T16:47:42Z</time></trkpt><trkpt lat="48.054974" lon="-123.784651"><ele>398.436</ele><time>2026-08-19T16:47:48Z</time></trkpt><trkpt lat="48.054978" lon="-123.784591"><ele>399.620</ele><time>2026-08-19T16:47:54Z</time></trkpt><trkpt lat="48.054975" lon="-123.784508"><ele>400.610</ele><time>2026-08-19T16:48:01Z</time></trkpt><trkpt lat="48.054968" lon="-123.784483"><ele>401.255</ele><time>2026-08-19T16:48:05Z</time></trkpt><trkpt lat="48.054965" lon="-123.784474"><ele>401.628</ele><time>2026-08-19T16:48:07Z</time></trkpt><trkpt lat="48.054935" lon="-123.784414"><ele>402.689</ele><time>2026-08-19T16:48:15Z</time></trkpt><trkpt lat="48.054935" lon="-123.784408"><ele>402.817</ele><time>2026-08-19T16:48:16Z</time></trkpt><trkpt lat="48.054922" lon="-123.784384"><ele>403.809</ele><time>2026-08-19T16:48:21Z</time></trkpt><trkpt lat="48.054889" lon="-123.784341"><ele>404.874</ele><time>2026-08-19T16:48:27Z</time></trkpt><trkpt lat="48.054858" lon="-123.784262"><ele>405.840</ele><time>2026-08-19T16:48:35Z</time></trkpt><trkpt lat="48.054849" lon="-123.784253"><ele>406.222</ele><time>2026-08-19T16:48:37Z</time></trkpt><trkpt lat="48.05483" lon="-123.784232"><ele>407.070</ele><time>2026-08-19T16:48:41Z</time></trkpt><trkpt lat="48.054779" lon="-123.784197"><ele>408.058</ele><time>2026-08-19T16:48:47Z</time></trkpt><trkpt lat="48.054767" lon="-123.78419"><ele>408.261</ele><time>2026-08-19T16:48:48Z</time></trkpt><trkpt lat="48.054691" lon="-123.784157"><ele>409.295</ele><time>2026-08-19T16:48:54Z</time></trkpt><trkpt lat="48.054634" lon="-123.784147"><ele>410.015</ele><time>2026-08-19T16:48:59Z</time></trkpt><trkpt lat="48.054618" lon="-123.784143"><ele>410.250</ele><time>2026-08-19T16:49:01Z</time></trkpt><trkpt lat="48.054573" lon="-123.784101"><ele>411.471</ele><time>2026-08-19T16:49:09Z</time></trkpt><trkpt lat="48.054584" lon="-123.784078"><ele>412.641</ele><time>2026-08-19T16:49:15Z</time></trkpt><trkpt lat="48.054581" lon="-123.784061"><ele>413.615</ele><time>2026-08-19T16:49:20Z</time></trkpt><trkpt lat="48.054554" lon="-123.784061"><ele>414.809</ele><time>2026-08-19T16:49:27Z</time></trkpt><trkpt lat="48.054531" lon="-123.784071"><ele>416.099</ele><time>2026-08-19T16:49:32Z</time></trkpt><trkpt lat="48.05449" lon="-123.784109"><ele>417.015</ele><time>2026-08-19T16:49:38Z</time></trkpt><trkpt lat="48.054471" lon="-123.784139"><ele>417.877</ele><time>2026-08-19T16:49:42Z</time></trkpt><trkpt lat="48.054461" lon="-123.784155"><ele>418.255</ele><time>2026-08-19T16:49:44Z</time></trkpt><trkpt lat="48.05444" lon="-123.784187"><ele>418.863</ele><time>2026-08-19T16:49:48Z</time></trkpt><trkpt lat="48.054425" lon="-123.784207"><ele>419.236</ele><time>2026-08-19T16:49:50Z</time></trkpt><trkpt lat="48.054414" lon="-123.784221"><ele>419.890</ele><time>2026-08-19T16:49:53Z</time></trkpt><trkpt lat="48.054404" lon="-123.784233"><ele>420.210</ele><time>2026-08-19T16:49:56Z</time></trkpt><trkpt lat="48.054394" lon="-123.784263"><ele>421.415</ele><time>2026-08-19T16:50:02Z</time></trkpt><trkpt lat="48.054383" lon="-123.784279"><ele>421.875</ele><time>2026-08-19T16:50:05Z</time></trkpt><trkpt lat="48.054362" lon="-123.784293"><ele>422.428</ele><time>2026-08-19T16:50:09Z</time></trkpt><trkpt lat="48.054329" lon="-123.784293"><ele>423.620</ele><time>2026-08-19T16:50:15Z</time></trkpt><trkpt lat="48.054293" lon="-123.784281"><ele>424.609</ele><time>2026-08-19T16:50:23Z</time></trkpt><trkpt lat="48.054287" lon="-123.78428"><ele>424.889</ele><time>2026-08-19T16:50:24Z</time></trkpt><trkpt lat="48.054264" lon="-123.784279"><ele>425.825</ele><time>2026-08-19T16:50:28Z</time></trkpt><trkpt lat="48.054242" lon="-123.784295"><ele>426.827</ele><time>2026-08-19T16:50:34Z</time></trkpt><trkpt lat="48.054234" lon="-123.784297"><ele>427.025</ele><time>2026-08-19T16:50:36Z</time></trkpt><trkpt lat="48.05421" lon="-123.784301"><ele>427.873</ele><time>2026-08-19T16:50:41Z</time></trkpt><trkpt lat="48.054171" lon="-123.784323"><ele>428.876</ele><time>2026-08-19T16:50:48Z</time></trkpt><trkpt lat="48.054127" lon="-123.784291"><ele>429.870</ele><time>2026-08-19T16:50:58Z</time></trkpt><trkpt lat="48.054125" lon="-123.784281"><ele>429.830</ele><time>2026-08-19T16:50:59Z</time></trkpt><trkpt lat="48.05413" lon="-123.784212"><ele>431.045</ele><time>2026-08-19T16:51:06Z</time></trkpt><trkpt lat="48.054133" lon="-123.784207"><ele>431.288</ele><time>2026-08-19T16:51:07Z</time></trkpt><trkpt lat="48.054125" lon="-123.784145"><ele>432.024</ele><time>2026-08-19T16:51:15Z</time></trkpt><trkpt lat="48.054119" lon="-123.784125"><ele>432.626</ele><time>2026-08-19T16:51:18Z</time></trkpt><trkpt lat="48.054096" lon="-123.784075"><ele>433.209</ele><time>2026-08-19T16:51:23Z</time></trkpt><trkpt lat="48.054069" lon="-123.784033"><ele>434.010</ele><time>2026-08-19T16:51:29Z</time></trkpt><trkpt lat="48.054066" lon="-123.784032"><ele>434.286</ele><time>2026-08-19T16:51:30Z</time></trkpt><trkpt lat="48.054039" lon="-123.783995"><ele>435.468</ele><time>2026-08-19T16:51:37Z</time></trkpt><trkpt lat="48.054009" lon="-123.783977"><ele>436.026</ele><time>2026-08-19T16:51:40Z</time></trkpt><trkpt lat="48.054" lon="-123.783972"><ele>436.424</ele><time>2026-08-19T16:51:42Z</time></trkpt><trkpt lat="48.053933" lon="-123.783959"><ele>437.647</ele><time>2026-08-19T16:51:52Z</time></trkpt><trkpt lat="48.053894" lon="-123.783954"><ele>438.471</ele><time>2026-08-19T16:51:59Z</time></trkpt><trkpt lat="48.053891" lon="-123.783954"><ele>438.641</ele><time>2026-08-19T16:52:00Z</time></trkpt><trkpt lat="48.053843" lon="-123.783924"><ele>439.846</ele><time>2026-08-19T16:52:07Z</time></trkpt><trkpt lat="48.053833" lon="-123.783911"><ele>440.016</ele><time>2026-08-19T16:52:09Z</time></trkpt><trkpt lat="48.053803" lon="-123.783875"><ele>440.876</ele><time>2026-08-19T16:52:14Z</time></trkpt><trkpt lat="48.053776" lon="-123.783856"><ele>441.813</ele><time>2026-08-19T16:52:20Z</time></trkpt><trkpt lat="48.053771" lon="-123.783856"><ele>442.009</ele><time>2026-08-19T16:52:21Z</time></trkpt><trkpt lat="48.053723" lon="-123.783869"><ele>443.093</ele><time>2026-08-19T16:52:28Z</time></trkpt><trkpt lat="48.0537" lon="-123.78386"><ele>443.449</ele><time>2026-08-19T16:52:31Z</time></trkpt><trkpt lat="48.053688" lon="-123.783852"><ele>444.051</ele><time>2026-08-19T16:52:34Z</time></trkpt><trkpt lat="48.053668" lon="-123.783824"><ele>445.019</ele><time>2026-08-19T16:52:40Z</time></trkpt><trkpt lat="48.053665" lon="-123.783819"><ele>445.237</ele><time>2026-08-19T16:52:41Z</time></trkpt><trkpt lat="48.053615" lon="-123.783786"><ele>446.070</ele><time>2026-08-19T16:52:48Z</time></trkpt><trkpt lat="48.053598" lon="-123.783775"><ele>446.644</ele><time>2026-08-19T16:52:52Z</time></trkpt><trkpt lat="48.053585" lon="-123.783762"><ele>447.094</ele><time>2026-08-19T16:52:57Z</time></trkpt><trkpt lat="48.053545" lon="-123.783748"><ele>447.829</ele><time>2026-08-19T16:53:04Z</time></trkpt><trkpt lat="48.05354" lon="-123.78374"><ele>448.224</ele><time>2026-08-19T16:53:06Z</time></trkpt><trkpt lat="48.05352" lon="-123.783723"><ele>449.204</ele><time>2026-08-19T16:53:14Z</time></trkpt><trkpt lat="48.053514" lon="-123.783722"><ele>449.414</ele><time>2026-08-19T16:53:15Z</time></trkpt><trkpt lat="48.053486" lon="-123.783728"><ele>450.209</ele><time>2026-08-19T16:53:22Z</time></trkpt><trkpt lat="48.053467" lon="-123.783725"><ele>450.674</ele><time>2026-08-19T16:53:26Z</time></trkpt><trkpt lat="48.053444" lon="-123.783703"><ele>451.440</ele><time>2026-08-19T16:53:31Z</time></trkpt><trkpt lat="48.053396" lon="-123.783697"><ele>452.482</ele><time>2026-08-19T16:53:38Z</time></trkpt><trkpt lat="48.053394" lon="-123.783699"><ele>452.460</ele><time>2026-08-19T16:53:39Z</time></trkpt><trkpt lat="48.053376" lon="-123.783699"><ele>453.418</ele><time>2026-08-19T16:53:45Z</time></trkpt><trkpt lat="48.053375" lon="-123.783693"><ele>453.651</ele><time>2026-08-19T16:53:46Z</time></trkpt><trkpt lat="48.053383" lon="-123.783646"><ele>454.485</ele><time>2026-08-19T16:53:54Z</time></trkpt><trkpt lat="48.053383" lon="-123.783641"><ele>454.465</ele><time>2026-08-19T16:53:55Z</time></trkpt><trkpt lat="48.053422" lon="-123.783613"><ele>454.880</ele><time>2026-08-19T16:54:03Z</time></trkpt><trkpt lat="48.053429" lon="-123.783613"><ele>455.066</ele><time>2026-08-19T16:54:04Z</time></trkpt><trkpt lat="48.05346" lon="-123.783598"><ele>455.429</ele><time>2026-08-19T16:54:09Z</time></trkpt><trkpt lat="48.053503" lon="-123.783571"><ele>456.021</ele><time>2026-08-19T16:54:16Z</time></trkpt><trkpt lat="48.053507" lon="-123.783541"><ele>456.409</ele><time>2026-08-19T16:54:20Z</time></trkpt><trkpt lat="48.05351" lon="-123.783491"><ele>457.488</ele><time>2026-08-19T16:54:26Z</time></trkpt><trkpt lat="48.05351" lon="-123.783486"><ele>457.624</ele><time>2026-08-19T16:54:27Z</time></trkpt><trkpt lat="48.053522" lon="-123.783408"><ele>458.646</ele><time>2026-08-19T16:54:36Z</time></trkpt><trkpt lat="48.053522" lon="-123.7834"><ele>458.814</ele><time>2026-08-19T16:54:37Z</time></trkpt><trkpt lat="48.053542" lon="-123.783322"><ele>459.672</ele><time>2026-08-19T16:54:46Z</time></trkpt><trkpt lat="48.053536" lon="-123.783267"><ele>460.865</ele><time>2026-08-19T16:54:55Z</time></trkpt><trkpt lat="48.053526" lon="-123.783258"><ele>461.269</ele><time>2026-08-19T16:54:58Z</time></trkpt><trkpt lat="48.053506" lon="-123.783236"><ele>461.829</ele><time>2026-08-19T16:55:03Z</time></trkpt><trkpt lat="48.053476" lon="-123.783198"><ele>462.864</ele><time>2026-08-19T16:55:10Z</time></trkpt><trkpt lat="48.053466" lon="-123.78319"><ele>462.896</ele><time>2026-08-19T16:55:11Z</time></trkpt><trkpt lat="48.053409" lon="-123.783144"><ele>464.031</ele><time>2026-08-19T16:55:18Z</time></trkpt><trkpt lat="48.053405" lon="-123.783138"><ele>464.024</ele><time>2026-08-19T16:55:20Z</time></trkpt><trkpt lat="48.053375" lon="-123.783089"><ele>465.009</ele><time>2026-08-19T16:55:30Z</time></trkpt><trkpt lat="48.053363" lon="-123.783072"><ele>465.251</ele><time>2026-08-19T16:55:32Z</time></trkpt><trkpt lat="48.053341" lon="-123.783028"><ele>466.087</ele><time>2026-08-19T16:55:38Z</time></trkpt><trkpt lat="48.053343" lon="-123.783003"><ele>466.629</ele><time>2026-08-19T16:55:42Z</time></trkpt><trkpt lat="48.053345" lon="-123.782967"><ele>467.257</ele><time>2026-08-19T16:55:48Z</time></trkpt><trkpt lat="48.053344" lon="-123.782931"><ele>468.015</ele><time>2026-08-19T16:55:55Z</time></trkpt><trkpt lat="48.053341" lon="-123.782924"><ele>468.258</ele><time>2026-08-19T16:55:57Z</time></trkpt><trkpt lat="48.053354" lon="-123.78288"><ele>469.252</ele><time>2026-08-19T16:56:05Z</time></trkpt><trkpt lat="48.053375" lon="-123.782825"><ele>470.262</ele><time>2026-08-19T16:56:11Z</time></trkpt><trkpt lat="48.053377" lon="-123.782821"><ele>470.667</ele><time>2026-08-19T16:56:14Z</time></trkpt><trkpt lat="48.053377" lon="-123.782759"><ele>471.477</ele><time>2026-08-19T16:56:22Z</time></trkpt><trkpt lat="48.053378" lon="-123.782746"><ele>471.461</ele><time>2026-08-19T16:56:23Z</time></trkpt><trkpt lat="48.053395" lon="-123.782753"><ele>472.427</ele><time>2026-08-19T16:56:32Z</time></trkpt><trkpt lat="48.053403" lon="-123.78276"><ele>472.609</ele><time>2026-08-19T16:56:34Z</time></trkpt><trkpt lat="48.053423" lon="-123.7828"><ele>473.439</ele><time>2026-08-19T16:56:39Z</time></trkpt><trkpt lat="48.053444" lon="-123.782811"><ele>473.835</ele><time>2026-08-19T16:56:43Z</time></trkpt><trkpt lat="48.053456" lon="-123.782797"><ele>474.487</ele><time>2026-08-19T16:56:47Z</time></trkpt><trkpt lat="48.05348" lon="-123.782787"><ele>475.035</ele><time>2026-08-19T16:56:52Z</time></trkpt><trkpt lat="48.053489" lon="-123.782779"><ele>475.483</ele><time>2026-08-19T16:56:55Z</time></trkpt><trkpt lat="48.053512" lon="-123.782773"><ele>476.436</ele><time>2026-08-19T16:57:03Z</time></trkpt><trkpt lat="48.053514" lon="-123.782772"><ele>476.610</ele><time>2026-08-19T16:57:04Z</time></trkpt><trkpt lat="48.053519" lon="-123.782805"><ele>476.290</ele><time>2026-08-19T16:57:14Z</time></trkpt><trkpt lat="48.053551" lon="-123.782781"><ele>477.045</ele><time>2026-08-19T16:57:23Z</time></trkpt><trkpt lat="48.053569" lon="-123.78274"><ele>477.617</ele><time>2026-08-19T16:57:28Z</time></trkpt><trkpt lat="48.053583" lon="-123.782695"><ele>478.287</ele><time>2026-08-19T16:57:32Z</time></trkpt><trkpt lat="48.053584" lon="-123.782684"><ele>478.415</ele><time>2026-08-19T16:57:34Z</time></trkpt><trkpt lat="48.053584" lon="-123.78266"><ele>478.609</ele><time>2026-08-19T16:57:36Z</time></trkpt><trkpt lat="48.053599" lon="-123.782622"><ele>479.463</ele><time>2026-08-19T16:57:43Z</time></trkpt><trkpt lat="48.053596" lon="-123.782627"><ele>479.639</ele><time>2026-08-19T16:57:44Z</time></trkpt><trkpt lat="48.053614" lon="-123.782604"><ele>480.841</ele><time>2026-08-19T16:57:51Z</time></trkpt><trkpt lat="48.053619" lon="-123.782598"><ele>481.099</ele><time>2026-08-19T16:57:52Z</time></trkpt><trkpt lat="48.053647" lon="-123.782593"><ele>482.027</ele><time>2026-08-19T16:57:59Z</time></trkpt><trkpt lat="48.053657" lon="-123.782579"><ele>482.010</ele><time>2026-08-19T16:58:01Z</time></trkpt><trkpt lat="48.053692" lon="-123.782558"><ele>482.824</ele><time>2026-08-19T16:58:07Z</time></trkpt><trkpt lat="48.053696" lon="-123.782558"><ele>483.024</ele><time>2026-08-19T16:58:08Z</time></trkpt><trkpt lat="48.053726" lon="-123.78255"><ele>484.069</ele><time>2026-08-19T16:58:14Z</time></trkpt><trkpt lat="48.053773" lon="-123.782529"><ele>484.879</ele><time>2026-08-19T16:58:22Z</time></trkpt><trkpt lat="48.053774" lon="-123.782507"><ele>485.005</ele><time>2026-08-19T16:58:24Z</time></trkpt><trkpt lat="48.053778" lon="-123.782474"><ele>486.025</ele><time>2026-08-19T16:58:31Z</time></trkpt><trkpt lat="48.053783" lon="-123.782473"><ele>486.009</ele><time>2026-08-19T16:58:32Z</time></trkpt><trkpt lat="48.053824" lon="-123.78245"><ele>487.269</ele><time>2026-08-19T16:58:40Z</time></trkpt><trkpt lat="48.053824" lon="-123.782453"><ele>487.275</ele><time>2026-08-19T16:58:41Z</time></trkpt><trkpt lat="48.053847" lon="-123.782432"><ele>488.227</ele><time>2026-08-19T16:58:49Z</time></trkpt><trkpt lat="48.053853" lon="-123.782413"><ele>488.815</ele><time>2026-08-19T16:58:53Z</time></trkpt><trkpt lat="48.053862" lon="-123.782391"><ele>489.273</ele><time>2026-08-19T16:58:57Z</time></trkpt><trkpt lat="48.053887" lon="-123.782387"><ele>489.866</ele><time>2026-08-19T16:59:02Z</time></trkpt><trkpt lat="48.053904" lon="-123.782355"><ele>490.250</ele><time>2026-08-19T16:59:07Z</time></trkpt><trkpt lat="48.053912" lon="-123.782336"><ele>490.860</ele><time>2026-08-19T16:59:12Z</time></trkpt><trkpt lat="48.053921" lon="-123.782317"><ele>491.425</ele><time>2026-08-19T16:59:16Z</time></trkpt><trkpt lat="48.053945" lon="-123.782261"><ele>492.212</ele><time>2026-08-19T16:59:22Z</time></trkpt><trkpt lat="48.05395" lon="-123.782245"><ele>492.432</ele><time>2026-08-19T16:59:25Z</time></trkpt><trkpt lat="48.053956" lon="-123.782208"><ele>493.005</ele><time>2026-08-19T16:59:31Z</time></trkpt><trkpt lat="48.053964" lon="-123.782171"><ele>493.409</ele><time>2026-08-19T16:59:35Z</time></trkpt><trkpt lat="48.05399" lon="-123.782124"><ele>494.413</ele><time>2026-08-19T16:59:43Z</time></trkpt><trkpt lat="48.053991" lon="-123.782119"><ele>494.659</ele><time>2026-08-19T16:59:44Z</time></trkpt><trkpt lat="48.054" lon="-123.782107"><ele>495.831</ele><time>2026-08-19T16:59:50Z</time></trkpt><trkpt lat="48.053998" lon="-123.782102"><ele>496.069</ele><time>2026-08-19T16:59:53Z</time></trkpt><trkpt lat="48.054032" lon="-123.782041"><ele>496.847</ele><time>2026-08-19T16:59:59Z</time></trkpt><trkpt lat="48.054037" lon="-123.782025"><ele>497.090</ele><time>2026-08-19T17:00:02Z</time></trkpt><trkpt lat="48.054038" lon="-123.781996"><ele>497.474</ele><time>2026-08-19T17:00:06Z</time></trkpt><trkpt lat="48.054043" lon="-123.78198"><ele>497.674</ele><time>2026-08-19T17:00:08Z</time></trkpt><trkpt lat="48.054047" lon="-123.781961"><ele>497.879</ele><time>2026-08-19T17:00:10Z</time></trkpt><trkpt lat="48.054051" lon="-123.781947"><ele>497.891</ele><time>2026-08-19T17:00:11Z</time></trkpt><trkpt lat="48.054076" lon="-123.78186"><ele>498.681</ele><time>2026-08-19T17:00:19Z</time></trkpt><trkpt lat="48.054079" lon="-123.781843"><ele>499.019</ele><time>2026-08-19T17:00:22Z</time></trkpt><trkpt lat="48.054095" lon="-123.781795"><ele>499.809</ele><time>2026-08-19T17:00:30Z</time></trkpt><trkpt lat="48.054107" lon="-123.781764"><ele>500.011</ele><time>2026-08-19T17:00:33Z</time></trkpt><trkpt lat="48.054113" lon="-123.781732"><ele>500.267</ele><time>2026-08-19T17:00:35Z</time></trkpt><trkpt lat="48.054127" lon="-123.78168"><ele>500.679</ele><time>2026-08-19T17:00:38Z</time></trkpt><trkpt lat="48.054132" lon="-123.781643"><ele>501.017</ele><time>2026-08-19T17:00:42Z</time></trkpt><trkpt lat="48.054142" lon="-123.781605"><ele>501.475</ele><time>2026-08-19T17:00:47Z</time></trkpt><trkpt lat="48.054164" lon="-123.781534"><ele>502.298</ele><time>2026-08-19T17:00:52Z</time></trkpt><trkpt lat="48.054166" lon="-123.781501"><ele>502.672</ele><time>2026-08-19T17:00:55Z</time></trkpt><trkpt lat="48.054165" lon="-123.781479"><ele>503.232</ele><time>2026-08-19T17:00:59Z</time></trkpt><trkpt lat="48.054171" lon="-123.78144"><ele>503.827</ele><time>2026-08-19T17:01:04Z</time></trkpt><trkpt lat="48.054175" lon="-123.781426"><ele>504.217</ele><time>2026-08-19T17:01:06Z</time></trkpt><trkpt lat="48.054188" lon="-123.781383"><ele>505.287</ele><time>2026-08-19T17:01:13Z</time></trkpt><trkpt lat="48.054205" lon="-123.781333"><ele>506.215</ele><time>2026-08-19T17:01:21Z</time></trkpt><trkpt lat="48.054207" lon="-123.781326"><ele>506.409</ele><time>2026-08-19T17:01:22Z</time></trkpt><trkpt lat="48.054232" lon="-123.781298"><ele>507.423</ele><time>2026-08-19T17:01:29Z</time></trkpt><trkpt lat="48.054241" lon="-123.781274"><ele>507.879</ele><time>2026-08-19T17:01:32Z</time></trkpt><trkpt lat="48.054264" lon="-123.781225"><ele>508.441</ele><time>2026-08-19T17:01:38Z</time></trkpt><trkpt lat="48.054273" lon="-123.781194"><ele>508.869</ele><time>2026-08-19T17:01:42Z</time></trkpt><trkpt lat="48.054278" lon="-123.781175"><ele>509.457</ele><time>2026-08-19T17:01:46Z</time></trkpt><trkpt lat="48.054297" lon="-123.781118"><ele>510.040</ele><time>2026-08-19T17:01:51Z</time></trkpt><trkpt lat="48.054321" lon="-123.781087"><ele>510.664</ele><time>2026-08-19T17:01:56Z</time></trkpt><trkpt lat="48.054333" lon="-123.781075"><ele>511.254</ele><time>2026-08-19T17:02:00Z</time></trkpt><trkpt lat="48.054351" lon="-123.781063"><ele>511.639</ele><time>2026-08-19T17:02:04Z</time></trkpt><trkpt lat="48.054397" lon="-123.781018"><ele>512.656</ele><time>2026-08-19T17:02:11Z</time></trkpt><trkpt lat="48.0544" lon="-123.781017"><ele>513.259</ele><time>2026-08-19T17:02:13Z</time></trkpt><trkpt lat="48.054403" lon="-123.780983"><ele>513.814</ele><time>2026-08-19T17:02:18Z</time></trkpt><trkpt lat="48.054422" lon="-123.780955"><ele>514.209</ele><time>2026-08-19T17:02:22Z</time></trkpt><trkpt lat="48.054441" lon="-123.780894"><ele>514.817</ele><time>2026-08-19T17:02:27Z</time></trkpt><trkpt lat="48.054457" lon="-123.780835"><ele>515.883</ele><time>2026-08-19T17:02:33Z</time></trkpt><trkpt lat="48.054457" lon="-123.780828"><ele>516.075</ele><time>2026-08-19T17:02:34Z</time></trkpt><trkpt lat="48.05446" lon="-123.780763"><ele>517.043</ele><time>2026-08-19T17:02:41Z</time></trkpt><trkpt lat="48.054461" lon="-123.780754"><ele>517.221</ele><time>2026-08-19T17:02:42Z</time></trkpt><trkpt lat="48.054483" lon="-123.780702"><ele>518.234</ele><time>2026-08-19T17:02:48Z</time></trkpt><trkpt lat="48.054501" lon="-123.780678"><ele>518.868</ele><time>2026-08-19T17:02:52Z</time></trkpt><trkpt lat="48.054513" lon="-123.780657"><ele>519.288</ele><time>2026-08-19T17:02:55Z</time></trkpt><trkpt lat="48.054523" lon="-123.780622"><ele>520.463</ele><time>2026-08-19T17:03:02Z</time></trkpt><trkpt lat="48.05453" lon="-123.780589"><ele>521.498</ele><time>2026-08-19T17:03:08Z</time></trkpt><trkpt lat="48.054543" lon="-123.780554"><ele>522.215</ele><time>2026-08-19T17:03:13Z</time></trkpt><trkpt lat="48.054545" lon="-123.780543"><ele>522.626</ele><time>2026-08-19T17:03:15Z</time></trkpt><trkpt lat="48.054538" lon="-123.780514"><ele>523.609</ele><time>2026-08-19T17:03:21Z</time></trkpt><trkpt lat="48.054534" lon="-123.780488"><ele>524.251</ele><time>2026-08-19T17:03:24Z</time></trkpt><trkpt lat="48.054531" lon="-123.780436"><ele>524.877</ele><time>2026-08-19T17:03:29Z</time></trkpt><trkpt lat="48.054534" lon="-123.780396"><ele>525.839</ele><time>2026-08-19T17:03:35Z</time></trkpt><trkpt lat="48.054536" lon="-123.780389"><ele>525.887</ele><time>2026-08-19T17:03:36Z</time></trkpt><trkpt lat="48.054551" lon="-123.780358"><ele>527.085</ele><time>2026-08-19T17:03:43Z</time></trkpt><trkpt lat="48.054547" lon="-123.780346"><ele>527.448</ele><time>2026-08-19T17:03:47Z</time></trkpt><trkpt lat="48.05453" lon="-123.780334"><ele>528.272</ele><time>2026-08-19T17:03:51Z</time></trkpt><trkpt lat="48.054539" lon="-123.780292"><ele>529.252</ele><time>2026-08-19T17:03:58Z</time></trkpt><trkpt lat="48.054551" lon="-123.78022"><ele>530.277</ele><time>2026-08-19T17:04:05Z</time></trkpt><trkpt lat="48.054553" lon="-123.780179"><ele>531.043</ele><time>2026-08-19T17:04:09Z</time></trkpt><trkpt lat="48.054553" lon="-123.780168"><ele>531.464</ele><time>2026-08-19T17:04:11Z</time></trkpt><trkpt lat="48.054544" lon="-123.780131"><ele>532.410</ele><time>2026-08-19T17:04:18Z</time></trkpt><trkpt lat="48.054537" lon="-123.780109"><ele>533.009</ele><time>2026-08-19T17:04:22Z</time></trkpt><trkpt lat="48.054536" lon="-123.780088"><ele>533.456</ele><time>2026-08-19T17:04:25Z</time></trkpt><trkpt lat="48.05455" lon="-123.780025"><ele>534.652</ele><time>2026-08-19T17:04:33Z</time></trkpt><trkpt lat="48.054556" lon="-123.779975"><ele>535.694</ele><time>2026-08-19T17:04:41Z</time></trkpt><trkpt lat="48.054559" lon="-123.779969"><ele>536.032</ele><time>2026-08-19T17:04:43Z</time></trkpt><trkpt lat="48.05456" lon="-123.779926"><ele>536.640</ele><time>2026-08-19T17:04:49Z</time></trkpt><trkpt lat="48.054555" lon="-123.779917"><ele>536.873</ele><time>2026-08-19T17:04:51Z</time></trkpt><trkpt lat="48.054553" lon="-123.779889"><ele>537.027</ele><time>2026-08-19T17:04:54Z</time></trkpt><trkpt lat="48.05456" lon="-123.779828"><ele>537.847</ele><time>2026-08-19T17:05:00Z</time></trkpt><trkpt lat="48.054559" lon="-123.7798"><ele>538.232</ele><time>2026-08-19T17:05:05Z</time></trkpt><trkpt lat="48.05455" lon="-123.779796"><ele>538.847</ele><time>2026-08-19T17:05:10Z</time></trkpt><trkpt lat="48.054535" lon="-123.779754"><ele>539.429</ele><time>2026-08-19T17:05:15Z</time></trkpt><trkpt lat="48.054527" lon="-123.779733"><ele>539.821</ele><time>2026-08-19T17:05:18Z</time></trkpt><trkpt lat="48.054502" lon="-123.779653"><ele>541.009</ele><time>2026-08-19T17:05:25Z</time></trkpt><trkpt lat="48.054494" lon="-123.779637"><ele>541.446</ele><time>2026-08-19T17:05:27Z</time></trkpt><trkpt lat="48.054494" lon="-123.779606"><ele>542.272</ele><time>2026-08-19T17:05:32Z</time></trkpt><trkpt lat="48.054499" lon="-123.779547"><ele>543.054</ele><time>2026-08-19T17:05:37Z</time></trkpt><trkpt lat="48.054494" lon="-123.779526"><ele>543.282</ele><time>2026-08-19T17:05:39Z</time></trkpt><trkpt lat="48.054486" lon="-123.779474"><ele>544.410</ele><time>2026-08-19T17:05:46Z</time></trkpt><trkpt lat="48.054484" lon="-123.77946"><ele>544.863</ele><time>2026-08-19T17:05:48Z</time></trkpt><trkpt lat="48.054483" lon="-123.779433"><ele>545.447</ele><time>2026-08-19T17:05:51Z</time></trkpt><trkpt lat="48.054464" lon="-123.779376"><ele>546.447</ele><time>2026-08-19T17:05:57Z</time></trkpt><trkpt lat="48.054462" lon="-123.779312"><ele>547.672</ele><time>2026-08-19T17:06:04Z</time></trkpt><trkpt lat="48.054467" lon="-123.779271"><ele>548.229</ele><time>2026-08-19T17:06:07Z</time></trkpt><trkpt lat="48.054465" lon="-123.779238"><ele>548.600</ele><time>2026-08-19T17:06:10Z</time></trkpt><trkpt lat="48.054438" lon="-123.779183"><ele>549.820</ele><time>2026-08-19T17:06:16Z</time></trkpt><trkpt lat="48.054401" lon="-123.779113"><ele>551.009</ele><time>2026-08-19T17:06:23Z</time></trkpt><trkpt lat="48.054389" lon="-123.779098"><ele>551.684</ele><time>2026-08-19T17:06:25Z</time></trkpt><trkpt lat="48.054376" lon="-123.779079"><ele>552.230</ele><time>2026-08-19T17:06:29Z</time></trkpt><trkpt lat="48.054361" lon="-123.779046"><ele>553.252</ele><time>2026-08-19T17:06:35Z</time></trkpt><trkpt lat="48.054351" lon="-123.77903"><ele>553.630</ele><time>2026-08-19T17:06:37Z</time></trkpt><trkpt lat="48.054341" lon="-123.778996"><ele>554.278</ele><time>2026-08-19T17:06:42Z</time></trkpt><trkpt lat="48.054312" lon="-123.778947"><ele>555.081</ele><time>2026-08-19T17:06:47Z</time></trkpt><trkpt lat="48.0543" lon="-123.778925"><ele>555.425</ele><time>2026-08-19T17:06:49Z</time></trkpt><trkpt lat="48.05429" lon="-123.778878"><ele>556.425</ele><time>2026-08-19T17:06:55Z</time></trkpt><trkpt lat="48.054283" lon="-123.778863"><ele>556.850</ele><time>2026-08-19T17:06:57Z</time></trkpt><trkpt lat="48.054257" lon="-123.778828"><ele>557.643</ele><time>2026-08-19T17:07:02Z</time></trkpt><trkpt lat="48.054237" lon="-123.778793"><ele>558.464</ele><time>2026-08-19T17:07:07Z</time></trkpt><trkpt lat="48.054227" lon="-123.778786"><ele>558.810</ele><time>2026-08-19T17:07:10Z</time></trkpt><trkpt lat="48.054201" lon="-123.778757"><ele>560.009</ele><time>2026-08-19T17:07:17Z</time></trkpt><trkpt lat="48.054181" lon="-123.778707"><ele>561.036</ele><time>2026-08-19T17:07:23Z</time></trkpt><trkpt lat="48.054176" lon="-123.778686"><ele>561.672</ele><time>2026-08-19T17:07:27Z</time></trkpt><trkpt lat="48.05417" lon="-123.778669"><ele>562.014</ele><time>2026-08-19T17:07:30Z</time></trkpt><trkpt lat="48.054171" lon="-123.778631"><ele>563.262</ele><time>2026-08-19T17:07:37Z</time></trkpt><trkpt lat="48.054174" lon="-123.778628"><ele>563.250</ele><time>2026-08-19T17:07:38Z</time></trkpt><trkpt lat="48.054193" lon="-123.778631"><ele>564.233</ele><time>2026-08-19T17:07:42Z</time></trkpt><trkpt lat="48.054219" lon="-123.778646"><ele>565.027</ele><time>2026-08-19T17:07:46Z</time></trkpt><trkpt lat="48.054233" lon="-123.778676"><ele>565.277</ele><time>2026-08-19T17:07:49Z</time></trkpt><trkpt lat="48.054273" lon="-123.778713"><ele>565.832</ele><time>2026-08-19T17:07:56Z</time></trkpt><trkpt lat="48.054283" lon="-123.778699"><ele>566.484</ele><time>2026-08-19T17:08:01Z</time></trkpt><trkpt lat="48.054297" lon="-123.778704"><ele>567.007</ele><time>2026-08-19T17:08:04Z</time></trkpt><trkpt lat="48.05431" lon="-123.778697"><ele>567.217</ele><time>2026-08-19T17:08:06Z</time></trkpt><trkpt lat="48.054314" lon="-123.778686"><ele>567.609</ele><time>2026-08-19T17:08:08Z</time></trkpt><trkpt lat="48.054334" lon="-123.778693"><ele>568.640</ele><time>2026-08-19T17:08:15Z</time></trkpt><trkpt lat="48.05438" lon="-123.778687"><ele>568.876</ele><time>2026-08-19T17:08:16Z</time></trkpt><trkpt lat="48.054367" lon="-123.778743"><ele>569.028</ele><time>2026-08-19T17:08:21Z</time></trkpt><trkpt lat="48.054373" lon="-123.778748"><ele>569.226</ele><time>2026-08-19T17:08:22Z</time></trkpt><trkpt lat="48.054396" lon="-123.778763"><ele>569.814</ele><time>2026-08-19T17:08:26Z</time></trkpt><trkpt lat="48.054421" lon="-123.778766"><ele>570.477</ele><time>2026-08-19T17:08:31Z</time></trkpt><trkpt lat="48.054434" lon="-123.77877"><ele>571.061</ele><time>2026-08-19T17:08:34Z</time></trkpt><trkpt lat="48.054481" lon="-123.778785"><ele>571.691</ele><time>2026-08-19T17:08:39Z</time></trkpt><trkpt lat="48.054497" lon="-123.778789"><ele>572.086</ele><time>2026-08-19T17:08:41Z</time></trkpt><trkpt lat="48.054516" lon="-123.778819"><ele>573.287</ele><time>2026-08-19T17:08:48Z</time></trkpt><trkpt lat="48.054536" lon="-123.778869"><ele>574.242</ele><time>2026-08-19T17:08:55Z</time></trkpt><trkpt lat="48.054558" lon="-123.778891"><ele>574.626</ele><time>2026-08-19T17:08:58Z</time></trkpt><trkpt lat="48.054569" lon="-123.778906"><ele>575.209</ele><time>2026-08-19T17:09:02Z</time></trkpt><trkpt lat="48.054603" lon="-123.778935"><ele>576.420</ele><time>2026-08-19T17:09:08Z</time></trkpt><trkpt lat="48.054609" lon="-123.778853"><ele>577.466</ele><time>2026-08-19T17:09:15Z</time></trkpt><trkpt lat="48.054609" lon="-123.778802"><ele>577.858</ele><time>2026-08-19T17:09:18Z</time></trkpt><trkpt lat="48.054608" lon="-123.778745"><ele>578.466</ele><time>2026-08-19T17:09:23Z</time></trkpt><trkpt lat="48.054593" lon="-123.778697"><ele>579.024</ele><time>2026-08-19T17:09:27Z</time></trkpt><trkpt lat="48.054585" lon="-123.778679"><ele>579.217</ele><time>2026-08-19T17:09:28Z</time></trkpt><trkpt lat="48.054578" lon="-123.778661"><ele>579.621</ele><time>2026-08-19T17:09:30Z</time></trkpt><trkpt lat="48.054576" lon="-123.778638"><ele>580.611</ele><time>2026-08-19T17:09:36Z</time></trkpt><trkpt lat="48.054574" lon="-123.778629"><ele>580.856</ele><time>2026-08-19T17:09:37Z</time></trkpt><trkpt lat="48.054559" lon="-123.778567"><ele>581.834</ele><time>2026-08-19T17:09:44Z</time></trkpt><trkpt lat="48.05455" lon="-123.778508"><ele>582.855</ele><time>2026-08-19T17:09:50Z</time></trkpt><trkpt lat="48.054549" lon="-123.778497"><ele>583.010</ele><time>2026-08-19T17:09:51Z</time></trkpt><trkpt lat="48.054546" lon="-123.778425"><ele>584.009</ele><time>2026-08-19T17:09:57Z</time></trkpt><trkpt lat="48.054557" lon="-123.778377"><ele>584.675</ele><time>2026-08-19T17:10:01Z</time></trkpt><trkpt lat="48.05456" lon="-123.778366"><ele>585.021</ele><time>2026-08-19T17:10:03Z</time></trkpt><trkpt lat="48.054543" lon="-123.778349"><ele>586.293</ele><time>2026-08-19T17:10:10Z</time></trkpt><trkpt lat="48.054528" lon="-123.77835"><ele>586.851</ele><time>2026-08-19T17:10:13Z</time></trkpt><trkpt lat="48.05449" lon="-123.778325"><ele>587.239</ele><time>2026-08-19T17:10:19Z</time></trkpt><trkpt lat="48.054473" lon="-123.7783"><ele>587.852</ele><time>2026-08-19T17:10:24Z</time></trkpt><trkpt lat="48.054459" lon="-123.778288"><ele>588.426</ele><time>2026-08-19T17:10:27Z</time></trkpt><trkpt lat="48.054433" lon="-123.778271"><ele>589.016</ele><time>2026-08-19T17:10:34Z</time></trkpt><trkpt lat="48.054429" lon="-123.778269"><ele>589.441</ele><time>2026-08-19T17:10:38Z</time></trkpt><trkpt lat="48.054398" lon="-123.778248"><ele>590.425</ele><time>2026-08-19T17:10:44Z</time></trkpt><trkpt lat="48.054353" lon="-123.778203"><ele>591.426</ele><time>2026-08-19T17:10:52Z</time></trkpt><trkpt lat="48.054349" lon="-123.778199"><ele>591.608</ele><time>2026-08-19T17:10:53Z</time></trkpt><trkpt lat="48.054319" lon="-123.778167"><ele>592.809</ele><time>2026-08-19T17:11:00Z</time></trkpt><trkpt lat="48.05431" lon="-123.778162"><ele>593.064</ele><time>2026-08-19T17:11:02Z</time></trkpt><trkpt lat="48.054298" lon="-123.778143"><ele>593.890</ele><time>2026-08-19T17:11:06Z</time></trkpt><trkpt lat="48.05432" lon="-123.778155"><ele>594.642</ele><time>2026-08-19T17:11:11Z</time></trkpt><trkpt lat="48.054331" lon="-123.77816"><ele>595.040</ele><time>2026-08-19T17:11:12Z</time></trkpt><trkpt lat="48.054401" lon="-123.77819"><ele>595.628</ele><time>2026-08-19T17:11:19Z</time></trkpt><trkpt lat="48.054424" lon="-123.778192"><ele>596.031</ele><time>2026-08-19T17:11:22Z</time></trkpt><trkpt lat="48.05449" lon="-123.778206"><ele>596.255</ele><time>2026-08-19T17:11:29Z</time></trkpt><trkpt lat="48.054563" lon="-123.778221"><ele>597.215</ele><time>2026-08-19T17:11:38Z</time></trkpt><trkpt lat="48.054565" lon="-123.778223"><ele>597.430</ele><time>2026-08-19T17:11:39Z</time></trkpt><trkpt lat="48.054587" lon="-123.778227"><ele>598.289</ele><time>2026-08-19T17:11:44Z</time></trkpt><trkpt lat="48.054606" lon="-123.778233"><ele>598.806</ele><time>2026-08-19T17:11:49Z</time></trkpt><trkpt lat="48.054618" lon="-123.778235"><ele>599.426</ele><time>2026-08-19T17:11:51Z</time></trkpt><trkpt lat="48.054653" lon="-123.778274"><ele>600.409</ele><time>2026-08-19T17:11:58Z</time></trkpt><trkpt lat="48.054655" lon="-123.77828"><ele>600.470</ele><time>2026-08-19T17:11:59Z</time></trkpt><trkpt lat="48.054685" lon="-123.778315"><ele>601.646</ele><time>2026-08-19T17:12:05Z</time></trkpt><trkpt lat="48.054708" lon="-123.778322"><ele>602.028</ele><time>2026-08-19T17:12:08Z</time></trkpt><trkpt lat="48.054733" lon="-123.778338"><ele>602.856</ele><time>2026-08-19T17:12:12Z</time></trkpt><trkpt lat="48.05475" lon="-123.778366"><ele>603.644</ele><time>2026-08-19T17:12:18Z</time></trkpt><trkpt lat="48.054748" lon="-123.77837"><ele>603.897</ele><time>2026-08-19T17:12:19Z</time></trkpt><trkpt lat="48.054782" lon="-123.778413"><ele>604.811</ele><time>2026-08-19T17:12:25Z</time></trkpt><trkpt lat="48.054797" lon="-123.778436"><ele>605.241</ele><time>2026-08-19T17:12:28Z</time></trkpt><trkpt lat="48.054808" lon="-123.778464"><ele>605.636</ele><time>2026-08-19T17:12:31Z</time></trkpt><trkpt lat="48.054813" lon="-123.778477"><ele>605.857</ele><time>2026-08-19T17:12:33Z</time></trkpt><trkpt lat="48.05482" lon="-123.778507"><ele>606.400</ele><time>2026-08-19T17:12:36Z</time></trkpt><trkpt lat="48.054827" lon="-123.778561"><ele>607.020</ele><time>2026-08-19T17:12:40Z</time></trkpt><trkpt lat="48.054836" lon="-123.778589"><ele>608.009</ele><time>2026-08-19T17:12:45Z</time></trkpt><trkpt lat="48.05484" lon="-123.778596"><ele>608.047</ele><time>2026-08-19T17:12:46Z</time></trkpt><trkpt lat="48.054874" lon="-123.778672"><ele>609.273</ele><time>2026-08-19T17:12:54Z</time></trkpt><trkpt lat="48.054884" lon="-123.778705"><ele>610.295</ele><time>2026-08-19T17:12:59Z</time></trkpt><trkpt lat="48.054899" lon="-123.778738"><ele>611.093</ele><time>2026-08-19T17:13:04Z</time></trkpt><trkpt lat="48.054902" lon="-123.778744"><ele>611.231</ele><time>2026-08-19T17:13:05Z</time></trkpt><trkpt lat="48.054944" lon="-123.778806"><ele>612.424</ele><time>2026-08-19T17:13:14Z</time></trkpt><trkpt lat="48.054951" lon="-123.77882"><ele>612.618</ele><time>2026-08-19T17:13:16Z</time></trkpt><trkpt lat="48.054984" lon="-123.778838"><ele>613.418</ele><time>2026-08-19T17:13:22Z</time></trkpt><trkpt lat="48.055006" lon="-123.778852"><ele>613.843</ele><time>2026-08-19T17:13:26Z</time></trkpt><trkpt lat="48.055016" lon="-123.778885"><ele>614.448</ele><time>2026-08-19T17:13:30Z</time></trkpt><trkpt lat="48.055038" lon="-123.778912"><ele>614.861</ele><time>2026-08-19T17:13:34Z</time></trkpt><trkpt lat="48.055052" lon="-123.778945"><ele>615.417</ele><time>2026-08-19T17:13:38Z</time></trkpt><trkpt lat="48.055066" lon="-123.779015"><ele>616.209</ele><time>2026-08-19T17:13:44Z</time></trkpt><trkpt lat="48.055091" lon="-123.779043"><ele>616.636</ele><time>2026-08-19T17:13:48Z</time></trkpt><trkpt lat="48.055124" lon="-123.779078"><ele>617.022</ele><time>2026-08-19T17:13:52Z</time></trkpt><trkpt lat="48.055159" lon="-123.779125"><ele>617.614</ele><time>2026-08-19T17:13:58Z</time></trkpt><trkpt lat="48.055183" lon="-123.779173"><ele>618.022</ele><time>2026-08-19T17:14:02Z</time></trkpt><trkpt lat="48.055206" lon="-123.779205"><ele>618.480</ele><time>2026-08-19T17:14:09Z</time></trkpt><trkpt lat="48.055211" lon="-123.779211"><ele>618.613</ele><time>2026-08-19T17:14:10Z</time></trkpt><trkpt lat="48.055243" lon="-123.779238"><ele>619.417</ele><time>2026-08-19T17:14:17Z</time></trkpt><trkpt lat="48.055259" lon="-123.779244"><ele>619.677</ele><time>2026-08-19T17:14:19Z</time></trkpt><trkpt lat="48.05531" lon="-123.779288"><ele>620.252</ele><time>2026-08-19T17:14:25Z</time></trkpt><trkpt lat="48.05532" lon="-123.779271"><ele>620.621</ele><time>2026-08-19T17:14:28Z</time></trkpt><trkpt lat="48.055315" lon="-123.779205"><ele>621.841</ele><time>2026-08-19T17:14:35Z</time></trkpt><trkpt lat="48.055315" lon="-123.779202"><ele>622.005</ele><time>2026-08-19T17:14:36Z</time></trkpt><trkpt lat="48.05531" lon="-123.779177"><ele>622.809</ele><time>2026-08-19T17:14:43Z</time></trkpt><trkpt lat="48.055317" lon="-123.779176"><ele>623.444</ele><time>2026-08-19T17:14:46Z</time></trkpt><trkpt lat="48.055322" lon="-123.779151"><ele>624.080</ele><time>2026-08-19T17:14:50Z</time></trkpt><trkpt lat="48.055326" lon="-123.779106"><ele>624.862</ele><time>2026-08-19T17:14:55Z</time></trkpt><trkpt lat="48.055324" lon="-123.779086"><ele>625.220</ele><time>2026-08-19T17:14:57Z</time></trkpt><trkpt lat="48.055329" lon="-123.779073"><ele>625.628</ele><time>2026-08-19T17:15:00Z</time></trkpt><trkpt lat="48.05533" lon="-123.779058"><ele>626.071</ele><time>2026-08-19T17:15:02Z</time></trkpt><trkpt lat="48.055328" lon="-123.779053"><ele>626.265</ele><time>2026-08-19T17:15:03Z</time></trkpt><trkpt lat="48.055325" lon="-123.779026"><ele>627.235</ele><time>2026-08-19T17:15:09Z</time></trkpt><trkpt lat="48.055307" lon="-123.778979"><ele>628.470</ele><time>2026-08-19T17:15:16Z</time></trkpt><trkpt lat="48.0553" lon="-123.778968"><ele>628.669</ele><time>2026-08-19T17:15:18Z</time></trkpt><trkpt lat="48.055292" lon="-123.778938"><ele>629.404</ele><time>2026-08-19T17:15:23Z</time></trkpt><trkpt lat="48.05529" lon="-123.778916"><ele>630.024</ele><time>2026-08-19T17:15:27Z</time></trkpt><trkpt lat="48.055277" lon="-123.778888"><ele>630.609</ele><time>2026-08-19T17:15:31Z</time></trkpt><trkpt lat="48.055273" lon="-123.778852"><ele>631.428</ele><time>2026-08-19T17:15:37Z</time></trkpt><trkpt lat="48.05527" lon="-123.778843"><ele>631.664</ele><time>2026-08-19T17:15:38Z</time></trkpt><trkpt lat="48.055252" lon="-123.778766"><ele>632.236</ele><time>2026-08-19T17:15:44Z</time></trkpt><trkpt lat="48.055246" lon="-123.778739"><ele>632.254</ele><time>2026-08-19T17:15:52Z</time></trkpt><trkpt lat="48.055242" lon="-123.778677"><ele>632.612</ele><time>2026-08-19T17:15:59Z</time></trkpt><trkpt lat="48.055252" lon="-123.778668"><ele>633.025</ele><time>2026-08-19T17:16:03Z</time></trkpt><trkpt lat="48.055255" lon="-123.778647"><ele>633.299</ele><time>2026-08-19T17:16:06Z</time></trkpt><trkpt lat="48.055252" lon="-123.778613"><ele>633.839</ele><time>2026-08-19T17:16:12Z</time></trkpt><trkpt lat="48.055249" lon="-123.778605"><ele>633.814</ele><time>2026-08-19T17:16:14Z</time></trkpt><trkpt lat="48.055237" lon="-123.778573"><ele>634.672</ele><time>2026-08-19T17:16:22Z</time></trkpt><trkpt lat="48.055247" lon="-123.778482"><ele>634.813</ele><time>2026-08-19T17:16:31Z</time></trkpt><trkpt lat="48.055248" lon="-123.778478"><ele>634.814</ele><time>2026-08-19T17:16:32Z</time></trkpt><trkpt lat="48.055251" lon="-123.778374"><ele>634.809</ele><time>2026-08-19T17:16:41Z</time></trkpt><trkpt lat="48.055251" lon="-123.77834"><ele>634.879</ele><time>2026-08-19T17:16:44Z</time></trkpt><trkpt lat="48.055245" lon="-123.778237"><ele>634.645</ele><time>2026-08-19T17:16:52Z</time></trkpt><trkpt lat="48.055246" lon="-123.778148"><ele>635.647</ele><time>2026-08-19T17:17:01Z</time></trkpt><trkpt lat="48.055247" lon="-123.778123"><ele>635.825</ele><time>2026-08-19T17:17:03Z</time></trkpt><trkpt lat="48.055255" lon="-123.778062"><ele>636.863</ele><time>2026-08-19T17:17:08Z</time></trkpt><trkpt lat="48.055257" lon="-123.778045"><ele>637.076</ele><time>2026-08-19T17:17:10Z</time></trkpt><trkpt lat="48.055269" lon="-123.778001"><ele>637.890</ele><time>2026-08-19T17:17:15Z</time></trkpt><trkpt lat="48.055274" lon="-123.777987"><ele>638.220</ele><time>2026-08-19T17:17:17Z</time></trkpt><trkpt lat="48.055284" lon="-123.777931"><ele>639.295</ele><time>2026-08-19T17:17:24Z</time></trkpt><trkpt lat="48.055278" lon="-123.777872"><ele>640.089</ele><time>2026-08-19T17:17:29Z</time></trkpt><trkpt lat="48.055278" lon="-123.777855"><ele>640.206</ele><time>2026-08-19T17:17:31Z</time></trkpt><trkpt lat="48.055281" lon="-123.777804"><ele>641.026</ele><time>2026-08-19T17:17:36Z</time></trkpt><trkpt lat="48.055282" lon="-123.777777"><ele>641.409</ele><time>2026-08-19T17:17:39Z</time></trkpt><trkpt lat="48.055269" lon="-123.777702"><ele>642.480</ele><time>2026-08-19T17:17:47Z</time></trkpt><trkpt lat="48.055269" lon="-123.777693"><ele>642.616</ele><time>2026-08-19T17:17:48Z</time></trkpt><trkpt lat="48.05527" lon="-123.777665"><ele>643.098</ele><time>2026-08-19T17:17:51Z</time></trkpt><trkpt lat="48.055266" lon="-123.777645"><ele>643.666</ele><time>2026-08-19T17:17:54Z</time></trkpt><trkpt lat="48.055258" lon="-123.777617"><ele>644.434</ele><time>2026-08-19T17:17:59Z</time></trkpt><trkpt lat="48.055257" lon="-123.777611"><ele>644.627</ele><time>2026-08-19T17:18:00Z</time></trkpt><trkpt lat="48.055244" lon="-123.777547"><ele>645.661</ele><time>2026-08-19T17:18:06Z</time></trkpt><trkpt lat="48.055234" lon="-123.777503"><ele>646.421</ele><time>2026-08-19T17:18:10Z</time></trkpt><trkpt lat="48.055228" lon="-123.77749"><ele>646.826</ele><time>2026-08-19T17:18:12Z</time></trkpt><trkpt lat="48.055221" lon="-123.777434"><ele>647.869</ele><time>2026-08-19T17:18:20Z</time></trkpt><trkpt lat="48.055219" lon="-123.777428"><ele>647.804</ele><time>2026-08-19T17:18:21Z</time></trkpt><trkpt lat="48.055212" lon="-123.777395"><ele>648.424</ele><time>2026-08-19T17:18:25Z</time></trkpt><trkpt lat="48.055203" lon="-123.777371"><ele>649.009</ele><time>2026-08-19T17:18:28Z</time></trkpt><trkpt lat="48.055196" lon="-123.777352"><ele>649.468</ele><time>2026-08-19T17:18:31Z</time></trkpt><trkpt lat="48.055187" lon="-123.777317"><ele>650.054</ele><time>2026-08-19T17:18:36Z</time></trkpt><trkpt lat="48.055163" lon="-123.777285"><ele>650.856</ele><time>2026-08-19T17:18:42Z</time></trkpt><trkpt lat="48.055155" lon="-123.777273"><ele>651.264</ele><time>2026-08-19T17:18:44Z</time></trkpt><trkpt lat="48.05511" lon="-123.77723"><ele>652.232</ele><time>2026-08-19T17:18:54Z</time></trkpt><trkpt lat="48.055075" lon="-123.777191"><ele>653.265</ele><time>2026-08-19T17:19:01Z</time></trkpt><trkpt lat="48.055063" lon="-123.777164"><ele>654.099</ele><time>2026-08-19T17:19:06Z</time></trkpt><trkpt lat="48.055055" lon="-123.777152"><ele>654.499</ele><time>2026-08-19T17:19:09Z</time></trkpt><trkpt lat="48.055054" lon="-123.777122"><ele>655.454</ele><time>2026-08-19T17:19:16Z</time></trkpt><trkpt lat="48.055044" lon="-123.777104"><ele>655.894</ele><time>2026-08-19T17:19:18Z</time></trkpt><trkpt lat="48.055017" lon="-123.777074"><ele>656.457</ele><time>2026-08-19T17:19:24Z</time></trkpt><trkpt lat="48.054996" lon="-123.777054"><ele>657.022</ele><time>2026-08-19T17:19:28Z</time></trkpt><trkpt lat="48.054975" lon="-123.777047"><ele>657.409</ele><time>2026-08-19T17:19:34Z</time></trkpt><trkpt lat="48.05496" lon="-123.777026"><ele>658.221</ele><time>2026-08-19T17:19:39Z</time></trkpt><trkpt lat="48.054941" lon="-123.777006"><ele>658.637</ele><time>2026-08-19T17:19:42Z</time></trkpt><trkpt lat="48.054907" lon="-123.776986"><ele>659.619</ele><time>2026-08-19T17:19:48Z</time></trkpt><trkpt lat="48.054894" lon="-123.776968"><ele>660.077</ele><time>2026-08-19T17:19:51Z</time></trkpt><trkpt lat="48.054886" lon="-123.776959"><ele>660.815</ele><time>2026-08-19T17:19:54Z</time></trkpt><trkpt lat="48.054826" lon="-123.776904"><ele>661.618</ele><time>2026-08-19T17:20:03Z</time></trkpt><trkpt lat="48.054817" lon="-123.776902"><ele>661.852</ele><time>2026-08-19T17:20:05Z</time></trkpt><trkpt lat="48.054791" lon="-123.776878"><ele>663.042</ele><time>2026-08-19T17:20:13Z</time></trkpt><trkpt lat="48.054757" lon="-123.776877"><ele>664.067</ele><time>2026-08-19T17:20:20Z</time></trkpt><trkpt lat="48.054741" lon="-123.77687"><ele>664.868</ele><time>2026-08-19T17:20:24Z</time></trkpt><trkpt lat="48.054725" lon="-123.77686"><ele>665.242</ele><time>2026-08-19T17:20:27Z</time></trkpt><trkpt lat="48.054746" lon="-123.776831"><ele>666.226</ele><time>2026-08-19T17:20:36Z</time></trkpt><trkpt lat="48.054748" lon="-123.776828"><ele>666.409</ele><time>2026-08-19T17:20:37Z</time></trkpt><trkpt lat="48.054749" lon="-123.7768"><ele>667.438</ele><time>2026-08-19T17:20:42Z</time></trkpt><trkpt lat="48.054754" lon="-123.776794"><ele>668.264</ele><time>2026-08-19T17:20:46Z</time></trkpt><trkpt lat="48.054764" lon="-123.776793"><ele>668.666</ele><time>2026-08-19T17:20:49Z</time></trkpt><trkpt lat="48.054777" lon="-123.776767"><ele>669.624</ele><time>2026-08-19T17:20:54Z</time></trkpt><trkpt lat="48.054781" lon="-123.776758"><ele>670.072</ele><time>2026-08-19T17:20:56Z</time></trkpt><trkpt lat="48.054791" lon="-123.776743"><ele>670.815</ele><time>2026-08-19T17:21:01Z</time></trkpt><trkpt lat="48.054786" lon="-123.776713"><ele>671.679</ele><time>2026-08-19T17:21:06Z</time></trkpt><trkpt lat="48.054784" lon="-123.776707"><ele>671.859</ele><time>2026-08-19T17:21:07Z</time></trkpt><trkpt lat="48.054772" lon="-123.776662"><ele>672.884</ele><time>2026-08-19T17:21:15Z</time></trkpt><trkpt lat="48.054771" lon="-123.776651"><ele>673.285</ele><time>2026-08-19T17:21:17Z</time></trkpt><trkpt lat="48.054776" lon="-123.776637"><ele>674.089</ele><time>2026-08-19T17:21:23Z</time></trkpt><trkpt lat="48.054778" lon="-123.776596"><ele>675.017</ele><time>2026-08-19T17:21:28Z</time></trkpt><trkpt lat="48.054777" lon="-123.776587"><ele>675.209</ele><time>2026-08-19T17:21:29Z</time></trkpt><trkpt lat="48.05476" lon="-123.776531"><ele>676.290</ele><time>2026-08-19T17:21:35Z</time></trkpt><trkpt lat="48.054756" lon="-123.776518"><ele>676.476</ele><time>2026-08-19T17:21:37Z</time></trkpt><trkpt lat="48.054745" lon="-123.776492"><ele>677.028</ele><time>2026-08-19T17:21:41Z</time></trkpt><trkpt lat="48.05474" lon="-123.776483"><ele>677.236</ele><time>2026-08-19T17:21:43Z</time></trkpt><trkpt lat="48.054739" lon="-123.776481"><ele>677.634</ele><time>2026-08-19T17:21:46Z</time></trkpt><trkpt lat="48.054759" lon="-123.776504"><ele>678.467</ele><time>2026-08-19T17:21:53Z</time></trkpt><trkpt lat="48.054772" lon="-123.776522"><ele>679.011</ele><time>2026-08-19T17:21:57Z</time></trkpt><trkpt lat="48.054798" lon="-123.776539"><ele>679.431</ele><time>2026-08-19T17:22:01Z</time></trkpt><trkpt lat="48.054849" lon="-123.776595"><ele>680.456</ele><time>2026-08-19T17:22:09Z</time></trkpt><trkpt lat="48.054855" lon="-123.776598"><ele>680.641</ele><time>2026-08-19T17:22:10Z</time></trkpt><trkpt lat="48.054895" lon="-123.776616"><ele>681.681</ele><time>2026-08-19T17:22:17Z</time></trkpt><trkpt lat="48.054903" lon="-123.776625"><ele>681.609</ele><time>2026-08-19T17:22:18Z</time></trkpt><trkpt lat="48.054955" lon="-123.776672"><ele>682.209</ele><time>2026-08-19T17:22:25Z</time></trkpt><trkpt lat="48.054979" lon="-123.776683"><ele>682.656</ele><time>2026-08-19T17:22:29Z</time></trkpt><trkpt lat="48.055011" lon="-123.776701"><ele>683.482</ele><time>2026-08-19T17:22:35Z</time></trkpt><trkpt lat="48.055018" lon="-123.776706"><ele>683.874</ele><time>2026-08-19T17:22:37Z</time></trkpt><trkpt lat="48.055048" lon="-123.7767"><ele>684.882</ele><time>2026-08-19T17:22:43Z</time></trkpt><trkpt lat="48.055072" lon="-123.776681"><ele>685.230</ele><time>2026-08-19T17:22:46Z</time></trkpt><trkpt lat="48.055097" lon="-123.776655"><ele>685.823</ele><time>2026-08-19T17:22:50Z</time></trkpt><trkpt lat="48.055156" lon="-123.776584"><ele>686.427</ele><time>2026-08-19T17:22:57Z</time></trkpt><trkpt lat="48.055168" lon="-123.77654"><ele>686.897</ele><time>2026-08-19T17:23:01Z</time></trkpt><trkpt lat="48.055177" lon="-123.776497"><ele>687.482</ele><time>2026-08-19T17:23:06Z</time></trkpt><trkpt lat="48.055182" lon="-123.776466"><ele>688.048</ele><time>2026-08-19T17:23:09Z</time></trkpt><trkpt lat="48.055189" lon="-123.776436"><ele>688.461</ele><time>2026-08-19T17:23:13Z</time></trkpt><trkpt lat="48.055191" lon="-123.776386"><ele>689.017</ele><time>2026-08-19T17:23:18Z</time></trkpt><trkpt lat="48.055172" lon="-123.776383"><ele>689.409</ele><time>2026-08-19T17:23:22Z</time></trkpt><trkpt lat="48.055156" lon="-123.776418"><ele>690.026</ele><time>2026-08-19T17:23:25Z</time></trkpt><trkpt lat="48.055138" lon="-123.776447"><ele>690.662</ele><time>2026-08-19T17:23:29Z</time></trkpt><trkpt lat="48.055114" lon="-123.776493"><ele>691.074</ele><time>2026-08-19T17:23:33Z</time></trkpt><trkpt lat="48.055113" lon="-123.776487"><ele>691.262</ele><time>2026-08-19T17:23:36Z</time></trkpt><trkpt lat="48.055123" lon="-123.776444"><ele>692.020</ele><time>2026-08-19T17:23:42Z</time></trkpt><trkpt lat="48.055127" lon="-123.776438"><ele>692.433</ele><time>2026-08-19T17:23:45Z</time></trkpt><trkpt lat="48.055144" lon="-123.77639"><ele>693.227</ele><time>2026-08-19T17:23:51Z</time></trkpt><trkpt lat="48.055145" lon="-123.77637"><ele>693.677</ele><time>2026-08-19T17:23:54Z</time></trkpt><trkpt lat="48.055142" lon="-123.776347"><ele>694.282</ele><time>2026-08-19T17:23:59Z</time></trkpt><trkpt lat="48.055136" lon="-123.776305"><ele>695.041</ele><time>2026-08-19T17:24:06Z</time></trkpt><trkpt lat="48.055136" lon="-123.776276"><ele>695.281</ele><time>2026-08-19T17:24:09Z</time></trkpt><trkpt lat="48.055123" lon="-123.77623"><ele>695.809</ele><time>2026-08-19T17:24:15Z</time></trkpt><trkpt lat="48.055102" lon="-123.776243"><ele>696.409</ele><time>2026-08-19T17:24:19Z</time></trkpt><trkpt lat="48.055087" lon="-123.776282"><ele>697.056</ele><time>2026-08-19T17:24:23Z</time></trkpt><trkpt lat="48.055081" lon="-123.776297"><ele>697.452</ele><time>2026-08-19T17:24:25Z</time></trkpt><trkpt lat="48.055059" lon="-123.776341"><ele>698.034</ele><time>2026-08-19T17:24:32Z</time></trkpt><trkpt lat="48.055052" lon="-123.77635"><ele>698.412</ele><time>2026-08-19T17:24:35Z</time></trkpt><trkpt lat="48.055035" lon="-123.776358"><ele>699.030</ele><time>2026-08-19T17:24:41Z</time></trkpt><trkpt lat="48.055027" lon="-123.776347"><ele>699.463</ele><time>2026-08-19T17:24:44Z</time></trkpt><trkpt lat="48.05502" lon="-123.776302"><ele>700.257</ele><time>2026-08-19T17:24:50Z</time></trkpt><trkpt lat="48.055024" lon="-123.776283"><ele>700.677</ele><time>2026-08-19T17:24:53Z</time></trkpt><trkpt lat="48.055039" lon="-123.776217"><ele>701.072</ele><time>2026-08-19T17:25:00Z</time></trkpt><trkpt lat="48.055029" lon="-123.776182"><ele>701.635</ele><time>2026-08-19T17:25:07Z</time></trkpt><trkpt lat="48.05503" lon="-123.776161"><ele>701.886</ele><time>2026-08-19T17:25:09Z</time></trkpt><trkpt lat="48.055017" lon="-123.776057"><ele>702.614</ele><time>2026-08-19T17:25:18Z</time></trkpt><trkpt lat="48.055015" lon="-123.776049"><ele>702.609</ele><time>2026-08-19T17:25:19Z</time></trkpt><trkpt lat="48.055022" lon="-123.776005"><ele>703.635</ele><time>2026-08-19T17:25:27Z</time></trkpt><trkpt lat="48.055021" lon="-123.775996"><ele>703.861</ele><time>2026-08-19T17:25:28Z</time></trkpt><trkpt lat="48.055028" lon="-123.775957"><ele>704.893</ele><time>2026-08-19T17:25:34Z</time></trkpt><trkpt lat="48.055028" lon="-123.775951"><ele>705.031</ele><time>2026-08-19T17:25:35Z</time></trkpt><trkpt lat="48.05504" lon="-123.775892"><ele>706.079</ele><time>2026-08-19T17:25:42Z</time></trkpt><trkpt lat="48.055038" lon="-123.775876"><ele>706.292</ele><time>2026-08-19T17:25:44Z</time></trkpt><trkpt lat="48.055035" lon="-123.775812"><ele>707.046</ele><time>2026-08-19T17:25:51Z</time></trkpt><trkpt lat="48.055031" lon="-123.775777"><ele>707.486</ele><time>2026-08-19T17:25:55Z</time></trkpt><trkpt lat="48.055026" lon="-123.77576"><ele>708.081</ele><time>2026-08-19T17:25:58Z</time></trkpt><trkpt lat="48.055011" lon="-123.775725"><ele>709.274</ele><time>2026-08-19T17:26:04Z</time></trkpt><trkpt lat="48.055014" lon="-123.775722"><ele>709.256</ele><time>2026-08-19T17:26:05Z</time></trkpt><trkpt lat="48.05501" lon="-123.775702"><ele>710.221</ele><time>2026-08-19T17:26:10Z</time></trkpt><trkpt lat="48.054995" lon="-123.775695"><ele>711.009</ele><time>2026-08-19T17:26:14Z</time></trkpt><trkpt lat="48.054991" lon="-123.775681"><ele>711.419</ele><time>2026-08-19T17:26:16Z</time></trkpt><trkpt lat="48.054988" lon="-123.775676"><ele>712.235</ele><time>2026-08-19T17:26:20Z</time></trkpt><trkpt lat="48.05499" lon="-123.775655"><ele>712.697</ele><time>2026-08-19T17:26:22Z</time></trkpt><trkpt lat="48.054995" lon="-123.775633"><ele>713.075</ele><time>2026-08-19T17:26:26Z</time></trkpt><trkpt lat="48.054998" lon="-123.775613"><ele>713.623</ele><time>2026-08-19T17:26:30Z</time></trkpt><trkpt lat="48.055" lon="-123.775594"><ele>714.216</ele><time>2026-08-19T17:26:34Z</time></trkpt><trkpt lat="48.054998" lon="-123.775562"><ele>714.610</ele><time>2026-08-19T17:26:38Z</time></trkpt><trkpt lat="48.054994" lon="-123.775523"><ele>714.880</ele><time>2026-08-19T17:26:42Z</time></trkpt><trkpt lat="48.054986" lon="-123.775464"><ele>715.635</ele><time>2026-08-19T17:26:51Z</time></trkpt><trkpt lat="48.054984" lon="-123.77546"><ele>715.864</ele><time>2026-08-19T17:26:52Z</time></trkpt><trkpt lat="48.054977" lon="-123.775381"><ele>716.806</ele><time>2026-08-19T17:27:02Z</time></trkpt><trkpt lat="48.054975" lon="-123.775373"><ele>717.016</ele><time>2026-08-19T17:27:03Z</time></trkpt><trkpt lat="48.054956" lon="-123.775288"><ele>717.409</ele><time>2026-08-19T17:27:11Z</time></trkpt><trkpt lat="48.054941" lon="-123.775198"><ele>717.438</ele><time>2026-08-19T17:27:21Z</time></trkpt><trkpt lat="48.054938" lon="-123.775186"><ele>717.874</ele><time>2026-08-19T17:27:23Z</time></trkpt><trkpt lat="48.054916" lon="-123.775115"><ele>718.096</ele><time>2026-08-19T17:27:31Z</time></trkpt><trkpt lat="48.054913" lon="-123.77503"><ele>719.054</ele><time>2026-08-19T17:27:40Z</time></trkpt><trkpt lat="48.054912" lon="-123.77502"><ele>719.482</ele><time>2026-08-19T17:27:41Z</time></trkpt><trkpt lat="48.054914" lon="-123.774988"><ele>720.255</ele><time>2026-08-19T17:27:44Z</time></trkpt><trkpt lat="48.054923" lon="-123.774931"><ele>721.299</ele><time>2026-08-19T17:27:49Z</time></trkpt><trkpt lat="48.054923" lon="-123.774923"><ele>721.489</ele><time>2026-08-19T17:27:50Z</time></trkpt><trkpt lat="48.054914" lon="-123.774892"><ele>722.274</ele><time>2026-08-19T17:27:55Z</time></trkpt><trkpt lat="48.054914" lon="-123.774888"><ele>722.453</ele><time>2026-08-19T17:27:56Z</time></trkpt><trkpt lat="48.054913" lon="-123.774879"><ele>722.804</ele><time>2026-08-19T17:27:58Z</time></trkpt><trkpt lat="48.054917" lon="-123.77485"><ele>723.414</ele><time>2026-08-19T17:28:02Z</time></trkpt><trkpt lat="48.054917" lon="-123.774832"><ele>724.009</ele><time>2026-08-19T17:28:06Z</time></trkpt><trkpt lat="48.054922" lon="-123.774817"><ele>724.617</ele><time>2026-08-19T17:28:09Z</time></trkpt><trkpt lat="48.054925" lon="-123.774787"><ele>725.293</ele><time>2026-08-19T17:28:12Z</time></trkpt><trkpt lat="48.054922" lon="-123.774752"><ele>725.685</ele><time>2026-08-19T17:28:15Z</time></trkpt><trkpt lat="48.054909" lon="-123.77471"><ele>726.293</ele><time>2026-08-19T17:28:20Z</time></trkpt><trkpt lat="48.054904" lon="-123.774663"><ele>726.831</ele><time>2026-08-19T17:28:26Z</time></trkpt><trkpt lat="48.054911" lon="-123.774643"><ele>727.464</ele><time>2026-08-19T17:28:30Z</time></trkpt><trkpt lat="48.054914" lon="-123.774629"><ele>727.898</ele><time>2026-08-19T17:28:32Z</time></trkpt><trkpt lat="48.054928" lon="-123.774607"><ele>729.058</ele><time>2026-08-19T17:28:38Z</time></trkpt><trkpt lat="48.054934" lon="-123.774551"><ele>730.073</ele><time>2026-08-19T17:28:45Z</time></trkpt><trkpt lat="48.054937" lon="-123.774545"><ele>730.292</ele><time>2026-08-19T17:28:46Z</time></trkpt><trkpt lat="48.054939" lon="-123.774491"><ele>731.273</ele><time>2026-08-19T17:28:53Z</time></trkpt><trkpt lat="48.054939" lon="-123.774487"><ele>731.220</ele><time>2026-08-19T17:28:54Z</time></trkpt><trkpt lat="48.054936" lon="-123.774429"><ele>732.009</ele><time>2026-08-19T17:29:05Z</time></trkpt><trkpt lat="48.054935" lon="-123.774422"><ele>732.211</ele><time>2026-08-19T17:29:06Z</time></trkpt><trkpt lat="48.05492" lon="-123.77438"><ele>733.227</ele><time>2026-08-19T17:29:14Z</time></trkpt><trkpt lat="48.05492" lon="-123.774376"><ele>733.459</ele><time>2026-08-19T17:29:15Z</time></trkpt><trkpt lat="48.054927" lon="-123.774335"><ele>734.477</ele><time>2026-08-19T17:29:21Z</time></trkpt><trkpt lat="48.054927" lon="-123.774328"><ele>734.635</ele><time>2026-08-19T17:29:22Z</time></trkpt><trkpt lat="48.054928" lon="-123.774324"><ele>735.488</ele><time>2026-08-19T17:29:25Z</time></trkpt><trkpt lat="48.054933" lon="-123.774326"><ele>736.062</ele><time>2026-08-19T17:29:29Z</time></trkpt><trkpt lat="48.054933" lon="-123.774326"><ele>736.232</ele><time>2026-08-19T17:29:37Z</time></trkpt><trkpt lat="48.054946" lon="-123.774359"><ele>736.237</ele><time>2026-08-19T17:29:46Z</time></trkpt><trkpt lat="48.05496" lon="-123.774356"><ele>736.613</ele><time>2026-08-19T17:29:49Z</time></trkpt><trkpt lat="48.054966" lon="-123.77433"><ele>737.643</ele><time>2026-08-19T17:29:53Z</time></trkpt><trkpt lat="48.05497" lon="-123.774316"><ele>738.007</ele><time>2026-08-19T17:29:54Z</time></trkpt><trkpt lat="48.054977" lon="-123.774295"><ele>738.809</ele><time>2026-08-19T17:29:57Z</time></trkpt><trkpt lat="48.054983" lon="-123.774287"><ele>739.883</ele><time>2026-08-19T17:30:00Z</time></trkpt><trkpt lat="48.054984" lon="-123.774283"><ele>740.049</ele><time>2026-08-19T17:30:01Z</time></trkpt><trkpt lat="48.054981" lon="-123.77427"><ele>740.681</ele><time>2026-08-19T17:30:08Z</time></trkpt><trkpt lat="48.054977" lon="-123.774264"><ele>740.689</ele><time>2026-08-19T17:30:10Z</time></trkpt><trkpt lat="48.05496" lon="-123.774243"><ele>740.637</ele><time>2026-08-19T17:30:19Z</time></trkpt><trkpt lat="48.054963" lon="-123.774212"><ele>740.680</ele><time>2026-08-19T17:30:23Z</time></trkpt><trkpt lat="48.054961" lon="-123.774198"><ele>740.614</ele><time>2026-08-19T17:30:28Z</time></trkpt><trkpt lat="48.054957" lon="-123.774201"><ele>740.674</ele><time>2026-08-19T17:30:30Z</time></trkpt><trkpt lat="48.054954" lon="-123.77421"><ele>740.869</ele><time>2026-08-19T17:30:34Z</time></trkpt><trkpt lat="48.054958" lon="-123.774221"><ele>740.682</ele><time>2026-08-19T17:30:40Z</time></trkpt><trkpt lat="48.054964" lon="-123.774239"><ele>740.843</ele><time>2026-08-19T17:30:43Z</time></trkpt><trkpt lat="48.054969" lon="-123.774259"><ele>740.817</ele><time>2026-08-19T17:30:46Z</time></trkpt><trkpt lat="48.054969" lon="-123.774259"><ele>740.809</ele><time>2026-08-19T17:30:54Z</time></trkpt><trkpt lat="48.054969" lon="-123.774259"><ele>740.870</ele><time>2026-08-19T17:31:01Z</time></trkpt><trkpt lat="48.054982" lon="-123.774248"><ele>740.856</ele><time>2026-08-19T17:31:03Z</time></trkpt><trkpt lat="48.054985" lon="-123.774248"><ele>740.828</ele><time>2026-08-19T17:31:06Z</time></trkpt><trkpt lat="48.05498" lon="-123.774247"><ele>740.816</ele><time>2026-08-19T17:31:07Z</time></trkpt><trkpt lat="48.054981" lon="-123.774239"><ele>741.244</ele><time>2026-08-19T17:31:09Z</time></trkpt><trkpt lat="48.054988" lon="-123.77421"><ele>742.297</ele><time>2026-08-19T17:31:12Z</time></trkpt><trkpt lat="48.054987" lon="-123.774199"><ele>742.891</ele><time>2026-08-19T17:31:14Z</time></trkpt><trkpt lat="48.054987" lon="-123.774186"><ele>743.471</ele><time>2026-08-19T17:31:16Z</time></trkpt><trkpt lat="48.054985" lon="-123.774146"><ele>744.676</ele><time>2026-08-19T17:31:21Z</time></trkpt><trkpt lat="48.054989" lon="-123.774126"><ele>745.684</ele><time>2026-08-19T17:31:24Z</time></trkpt><trkpt lat="48.054991" lon="-123.774107"><ele>746.807</ele><time>2026-08-19T17:31:27Z</time></trkpt><trkpt lat="48.05499" lon="-123.77409"><ele>748.017</ele><time>2026-08-19T17:31:30Z</time></trkpt><trkpt lat="48.054988" lon="-123.774077"><ele>748.209</ele><time>2026-08-19T17:31:31Z</time></trkpt><trkpt lat="48.054982" lon="-123.77405"><ele>749.270</ele><time>2026-08-19T17:31:34Z</time></trkpt><trkpt lat="48.054975" lon="-123.774016"><ele>750.046</ele><time>2026-08-19T17:31:38Z</time></trkpt><trkpt lat="48.054974" lon="-123.774011"><ele>750.218</ele><time>2026-08-19T17:31:39Z</time></trkpt><trkpt lat="48.054967" lon="-123.773973"><ele>751.436</ele><time>2026-08-19T17:31:44Z</time></trkpt><trkpt lat="48.05496" lon="-123.773969"><ele>752.064</ele><time>2026-08-19T17:31:46Z</time></trkpt><trkpt lat="48.054952" lon="-123.773962"><ele>752.627</ele><time>2026-08-19T17:31:48Z</time></trkpt><trkpt lat="48.054943" lon="-123.773941"><ele>753.811</ele><time>2026-08-19T17:31:52Z</time></trkpt><trkpt lat="48.054942" lon="-123.773925"><ele>754.861</ele><time>2026-08-19T17:31:56Z</time></trkpt><trkpt lat="48.054934" lon="-123.773887"><ele>756.086</ele><time>2026-08-19T17:32:01Z</time></trkpt><trkpt lat="48.054935" lon="-123.773869"><ele>756.878</ele><time>2026-08-19T17:32:06Z</time></trkpt><trkpt lat="48.054936" lon="-123.773878"><ele>757.033</ele><time>2026-08-19T17:32:09Z</time></trkpt><trkpt lat="48.054933" lon="-123.773891"><ele>757.026</ele><time>2026-08-19T17:32:16Z</time></trkpt><trkpt lat="48.054918" lon="-123.773867"><ele>757.009</ele><time>2026-08-19T17:32:23Z</time></trkpt><trkpt lat="48.054917" lon="-123.773866"><ele>757.019</ele><time>2026-08-19T17:32:24Z</time></trkpt><trkpt lat="48.054917" lon="-123.77387"><ele>757.095</ele><time>2026-08-19T17:32:25Z</time></trkpt><trkpt lat="48.054915" lon="-123.773874"><ele>757.287</ele><time>2026-08-19T17:32:26Z</time></trkpt><trkpt lat="48.054919" lon="-123.773884"><ele>757.085</ele><time>2026-08-19T17:32:29Z</time></trkpt><trkpt lat="48.054919" lon="-123.773881"><ele>756.843</ele><time>2026-08-19T17:32:32Z</time></trkpt><trkpt lat="48.054923" lon="-123.773874"><ele>756.816</ele><time>2026-08-19T17:32:34Z</time></trkpt><trkpt lat="48.054964" lon="-123.773859"><ele>757.490</ele><time>2026-08-19T17:32:43Z</time></trkpt><trkpt lat="48.054976" lon="-123.77385"><ele>758.080</ele><time>2026-08-19T17:32:46Z</time></trkpt><trkpt lat="48.05497" lon="-123.773856"><ele>758.495</ele><time>2026-08-19T17:32:48Z</time></trkpt><trkpt lat="48.054971" lon="-123.773847"><ele>758.634</ele><time>2026-08-19T17:32:50Z</time></trkpt><trkpt lat="48.054973" lon="-123.773833"><ele>759.255</ele><time>2026-08-19T17:32:55Z</time></trkpt><trkpt lat="48.054979" lon="-123.773826"><ele>759.410</ele><time>2026-08-19T17:32:58Z</time></trkpt><trkpt lat="48.054986" lon="-123.773823"><ele>759.409</ele><time>2026-08-19T17:33:07Z</time></trkpt><trkpt lat="48.05499" lon="-123.773841"><ele>759.035</ele><time>2026-08-19T17:33:15Z</time></trkpt><trkpt lat="48.054989" lon="-123.773828"><ele>759.091</ele><time>2026-08-19T17:33:20Z</time></trkpt><trkpt lat="48.054986" lon="-123.773833"><ele>759.013</ele><time>2026-08-19T17:33:22Z</time></trkpt><trkpt lat="48.054984" lon="-123.773829"><ele>759.011</ele><time>2026-08-19T17:33:25Z</time></trkpt><trkpt lat="48.054982" lon="-123.773814"><ele>759.069</ele><time>2026-08-19T17:33:27Z</time></trkpt><trkpt lat="48.054971" lon="-123.773804"><ele>758.842</ele><time>2026-08-19T17:33:31Z</time></trkpt><trkpt lat="48.054968" lon="-123.773811"><ele>758.866</ele><time>2026-08-19T17:33:34Z</time></trkpt><trkpt lat="48.054963" lon="-123.77383"><ele>759.026</ele><time>2026-08-19T17:33:37Z</time></trkpt><trkpt lat="48.054945" lon="-123.773861"><ele>759.061</ele><time>2026-08-19T17:33:43Z</time></trkpt><trkpt lat="48.054945" lon="-123.773862"><ele>759.087</ele><time>2026-08-19T17:33:44Z</time></trkpt><trkpt lat="48.054945" lon="-123.77386"><ele>759.042</ele><time>2026-08-19T17:33:47Z</time></trkpt><trkpt lat="48.054962" lon="-123.77383"><ele>759.026</ele><time>2026-08-19T17:33:58Z</time></trkpt><trkpt lat="48.054958" lon="-123.773828"><ele>759.009</ele><time>2026-08-19T17:34:08Z</time></trkpt><trkpt lat="48.054959" lon="-123.77383"><ele>759.020</ele><time>2026-08-19T17:34:15Z</time></trkpt><trkpt lat="48.05496" lon="-123.77383"><ele>759.066</ele><time>2026-08-19T17:34:18Z</time></trkpt><trkpt lat="48.054974" lon="-123.773795"><ele>759.678</ele><time>2026-08-19T17:34:25Z</time></trkpt><trkpt lat="48.054994" lon="-123.773762"><ele>760.486</ele><time>2026-08-19T17:34:29Z</time></trkpt><trkpt lat="48.055009" lon="-123.773749"><ele>761.454</ele><time>2026-08-19T17:34:33Z</time></trkpt><trkpt lat="48.055015" lon="-123.773745"><ele>761.697</ele><time>2026-08-19T17:34:34Z</time></trkpt><trkpt lat="48.055035" lon="-123.773743"><ele>762.691</ele><time>2026-08-19T17:34:39Z</time></trkpt><trkpt lat="48.055041" lon="-123.773735"><ele>763.031</ele><time>2026-08-19T17:34:42Z</time></trkpt><trkpt lat="48.055048" lon="-123.773721"><ele>763.636</ele><time>2026-08-19T17:34:45Z</time></trkpt><trkpt lat="48.05506" lon="-123.773674"><ele>764.613</ele><time>2026-08-19T17:34:51Z</time></trkpt><trkpt lat="48.055063" lon="-123.773629"><ele>765.843</ele><time>2026-08-19T17:34:57Z</time></trkpt><trkpt lat="48.055061" lon="-123.773623"><ele>766.207</ele><time>2026-08-19T17:34:59Z</time></trkpt><trkpt lat="48.055058" lon="-123.773623"><ele>766.809</ele><time>2026-08-19T17:35:02Z</time></trkpt><trkpt lat="48.05507" lon="-123.77358"><ele>767.673</ele><time>2026-08-19T17:35:07Z</time></trkpt><trkpt lat="48.055075" lon="-123.773559"><ele>767.869</ele><time>2026-08-19T17:35:10Z</time></trkpt><trkpt lat="48.055078" lon="-123.773535"><ele>768.631</ele><time>2026-08-19T17:35:14Z</time></trkpt><trkpt lat="48.05508" lon="-123.773523"><ele>769.029</ele><time>2026-08-19T17:35:15Z</time></trkpt><trkpt lat="48.055077" lon="-123.773486"><ele>770.087</ele><time>2026-08-19T17:35:21Z</time></trkpt><trkpt lat="48.055076" lon="-123.773483"><ele>770.240</ele><time>2026-08-19T17:35:22Z</time></trkpt><trkpt lat="48.055085" lon="-123.773428"><ele>771.084</ele><time>2026-08-19T17:35:31Z</time></trkpt><trkpt lat="48.055082" lon="-123.773399"><ele>771.224</ele><time>2026-08-19T17:35:34Z</time></trkpt><trkpt lat="48.055083" lon="-123.773386"><ele>771.489</ele><time>2026-08-19T17:35:36Z</time></trkpt><trkpt lat="48.055083" lon="-123.773381"><ele>771.637</ele><time>2026-08-19T17:35:37Z</time></trkpt><trkpt lat="48.055082" lon="-123.773379"><ele>771.649</ele><time>2026-08-19T17:35:38Z</time></trkpt><trkpt lat="48.055078" lon="-123.773371"><ele>772.013</ele><time>2026-08-19T17:35:40Z</time></trkpt><trkpt lat="48.055075" lon="-123.773367"><ele>772.209</ele><time>2026-08-19T17:35:42Z</time></trkpt><trkpt lat="48.055075" lon="-123.773361"><ele>772.445</ele><time>2026-08-19T17:35:44Z</time></trkpt><trkpt lat="48.055071" lon="-123.773312"><ele>773.431</ele><time>2026-08-19T17:35:48Z</time></trkpt><trkpt lat="48.055073" lon="-123.773299"><ele>773.633</ele><time>2026-08-19T17:35:50Z</time></trkpt><trkpt lat="48.05508" lon="-123.773244"><ele>774.431</ele><time>2026-08-19T17:35:55Z</time></trkpt><trkpt lat="48.055074" lon="-123.773205"><ele>775.029</ele><time>2026-08-19T17:35:59Z</time></trkpt><trkpt lat="48.055048" lon="-123.773084"><ele>774.652</ele><time>2026-08-19T17:36:09Z</time></trkpt><trkpt lat="48.055031" lon="-123.773064"><ele>774.886</ele><time>2026-08-19T17:36:16Z</time></trkpt><trkpt lat="48.055029" lon="-123.773028"><ele>775.016</ele><time>2026-08-19T17:36:25Z</time></trkpt><trkpt lat="48.055027" lon="-123.772999"><ele>775.461</ele><time>2026-08-19T17:36:28Z</time></trkpt><trkpt lat="48.055029" lon="-123.772957"><ele>776.626</ele><time>2026-08-19T17:36:34Z</time></trkpt><trkpt lat="48.05503" lon="-123.772953"><ele>776.847</ele><time>2026-08-19T17:36:35Z</time></trkpt><trkpt lat="48.055039" lon="-123.772945"><ele>777.211</ele><time>2026-08-19T17:36:39Z</time></trkpt><trkpt lat="48.055044" lon="-123.772939"><ele>777.609</ele><time>2026-08-19T17:36:45Z</time></trkpt><trkpt lat="48.055045" lon="-123.772943"><ele>777.664</ele><time>2026-08-19T17:36:46Z</time></trkpt><trkpt lat="48.055041" lon="-123.772956"><ele>777.850</ele><time>2026-08-19T17:36:50Z</time></trkpt><trkpt lat="48.055029" lon="-123.772954"><ele>777.882</ele><time>2026-08-19T17:36:59Z</time></trkpt><trkpt lat="48.055025" lon="-123.772951"><ele>777.820</ele><time>2026-08-19T17:37:06Z</time></trkpt><trkpt lat="48.055032" lon="-123.772951"><ele>778.038</ele><time>2026-08-19T17:37:11Z</time></trkpt><trkpt lat="48.055038" lon="-123.77295"><ele>778.231</ele><time>2026-08-19T17:37:21Z</time></trkpt><trkpt lat="48.055038" lon="-123.77295"><ele>778.245</ele><time>2026-08-19T17:37:22Z</time></trkpt><trkpt lat="48.055038" lon="-123.77295"><ele>778.295</ele><time>2026-08-19T17:37:24Z</time></trkpt><trkpt lat="48.055045" lon="-123.772961"><ele>778.450</ele><time>2026-08-19T17:37:29Z</time></trkpt><trkpt lat="48.055038" lon="-123.77295"><ele>778.697</ele><time>2026-08-19T17:37:37Z</time></trkpt><trkpt lat="48.055038" lon="-123.77295"><ele>778.623</ele><time>2026-08-19T17:37:38Z</time></trkpt><trkpt lat="48.055038" lon="-123.77295"><ele>778.625</ele><time>2026-08-19T17:37:39Z</time></trkpt><trkpt lat="48.055076" lon="-123.772921"><ele>779.409</ele><time>2026-08-19T17:37:46Z</time></trkpt><trkpt lat="48.055085" lon="-123.772914"><ele>779.841</ele><time>2026-08-19T17:37:47Z</time></trkpt><trkpt lat="48.055091" lon="-123.772895"><ele>780.857</ele><time>2026-08-19T17:37:50Z</time></trkpt><trkpt lat="48.055095" lon="-123.77289"><ele>781.249</ele><time>2026-08-19T17:37:51Z</time></trkpt><trkpt lat="48.055103" lon="-123.772881"><ele>781.877</ele><time>2026-08-19T17:37:56Z</time></trkpt><trkpt lat="48.055101" lon="-123.772871"><ele>781.875</ele><time>2026-08-19T17:38:01Z</time></trkpt><trkpt lat="48.055111" lon="-123.772871"><ele>782.298</ele><time>2026-08-19T17:38:04Z</time></trkpt><trkpt lat="48.055111" lon="-123.772877"><ele>782.212</ele><time>2026-08-19T17:38:05Z</time></trkpt><trkpt lat="48.055123" lon="-123.772875"><ele>782.672</ele><time>2026-08-19T17:38:07Z</time></trkpt><trkpt lat="48.055135" lon="-123.772864"><ele>783.047</ele><time>2026-08-19T17:38:09Z</time></trkpt><trkpt lat="48.05516" lon="-123.77284"><ele>784.297</ele><time>2026-08-19T17:38:12Z</time></trkpt><trkpt lat="48.055167" lon="-123.772835"><ele>784.823</ele><time>2026-08-19T17:38:13Z</time></trkpt><trkpt lat="48.055181" lon="-123.772827"><ele>785.625</ele><time>2026-08-19T17:38:15Z</time></trkpt><trkpt lat="48.055201" lon="-123.772818"><ele>786.809</ele><time>2026-08-19T17:38:19Z</time></trkpt><trkpt lat="48.055217" lon="-123.772803"><ele>788.041</ele><time>2026-08-19T17:38:22Z</time></trkpt><trkpt lat="48.055234" lon="-123.772782"><ele>789.237</ele><time>2026-08-19T17:38:25Z</time></trkpt><trkpt lat="48.055248" lon="-123.772765"><ele>790.269</ele><time>2026-08-19T17:38:29Z</time></trkpt><trkpt lat="48.05526" lon="-123.77276"><ele>791.257</ele><time>2026-08-19T17:38:32Z</time></trkpt><trkpt lat="48.055262" lon="-123.772764"><ele>791.415</ele><time>2026-08-19T17:38:33Z</time></trkpt><trkpt lat="48.055263" lon="-123.772768"><ele>791.618</ele><time>2026-08-19T17:38:34Z</time></trkpt><trkpt lat="48.055258" lon="-123.772836"><ele>792.452</ele><time>2026-08-19T17:38:40Z</time></trkpt><trkpt lat="48.055253" lon="-123.77285"><ele>792.642</ele><time>2026-08-19T17:38:42Z</time></trkpt><trkpt lat="48.055268" lon="-123.772887"><ele>793.057</ele><time>2026-08-19T17:38:46Z</time></trkpt><trkpt lat="48.055268" lon="-123.772884"><ele>793.211</ele><time>2026-08-19T17:38:47Z</time></trkpt><trkpt lat="48.05527" lon="-123.772859"><ele>793.421</ele><time>2026-08-19T17:38:53Z</time></trkpt><trkpt lat="48.055267" lon="-123.772843"><ele>793.403</ele><time>2026-08-19T17:38:55Z</time></trkpt><trkpt lat="48.055264" lon="-123.772839"><ele>793.409</ele><time>2026-08-19T17:39:03Z</time></trkpt><trkpt lat="48.055264" lon="-123.772846"><ele>793.413</ele><time>2026-08-19T17:39:04Z</time></trkpt><trkpt lat="48.055264" lon="-123.77285"><ele>793.419</ele><time>2026-08-19T17:39:05Z</time></trkpt><trkpt lat="48.055264" lon="-123.772853"><ele>793.481</ele><time>2026-08-19T17:39:07Z</time></trkpt><trkpt lat="48.055255" lon="-123.772902"><ele>793.449</ele><time>2026-08-19T17:39:16Z</time></trkpt><trkpt lat="48.055278" lon="-123.772953"><ele>794.667</ele><time>2026-08-19T17:39:23Z</time></trkpt><trkpt lat="48.055282" lon="-123.772959"><ele>794.880</ele><time>2026-08-19T17:39:24Z</time></trkpt><trkpt lat="48.055282" lon="-123.772994"><ele>795.614</ele><time>2026-08-19T17:39:29Z</time></trkpt><trkpt lat="48.055282" lon="-123.773009"><ele>796.034</ele><time>2026-08-19T17:39:31Z</time></trkpt><trkpt lat="48.055284" lon="-123.773031"><ele>796.829</ele><time>2026-08-19T17:39:35Z</time></trkpt><trkpt lat="48.055285" lon="-123.773047"><ele>797.297</ele><time>2026-08-19T17:39:37Z</time></trkpt><trkpt lat="48.055291" lon="-123.773064"><ele>798.023</ele><time>2026-08-19T17:39:41Z</time></trkpt><trkpt lat="48.055293" lon="-123.773069"><ele>798.225</ele><time>2026-08-19T17:39:42Z</time></trkpt><trkpt lat="48.055293" lon="-123.773072"><ele>798.409</ele><time>2026-08-19T17:39:43Z</time></trkpt><trkpt lat="48.055288" lon="-123.773087"><ele>799.061</ele><time>2026-08-19T17:39:46Z</time></trkpt><trkpt lat="48.055283" lon="-123.773123"><ele>799.687</ele><time>2026-08-19T17:39:51Z</time></trkpt><trkpt lat="48.055291" lon="-123.773138"><ele>800.219</ele><time>2026-08-19T17:39:54Z</time></trkpt><trkpt lat="48.055299" lon="-123.773147"><ele>801.217</ele><time>2026-08-19T17:39:59Z</time></trkpt><trkpt lat="48.0553" lon="-123.773149"><ele>801.435</ele><time>2026-08-19T17:40:00Z</time></trkpt><trkpt lat="48.0553" lon="-123.773174"><ele>801.838</ele><time>2026-08-19T17:40:06Z</time></trkpt><trkpt lat="48.0553" lon="-123.773174"><ele>802.462</ele><time>2026-08-19T17:40:09Z</time></trkpt><trkpt lat="48.0553" lon="-123.773174"><ele>803.292</ele><time>2026-08-19T17:40:14Z</time></trkpt><trkpt lat="48.0553" lon="-123.773174"><ele>803.417</ele><time>2026-08-19T17:40:15Z</time></trkpt><trkpt lat="48.05532" lon="-123.773223"><ele>804.247</ele><time>2026-08-19T17:40:20Z</time></trkpt><trkpt lat="48.055323" lon="-123.77323"><ele>804.629</ele><time>2026-08-19T17:40:22Z</time></trkpt><trkpt lat="48.055332" lon="-123.773281"><ele>805.221</ele><time>2026-08-19T17:40:27Z</time></trkpt><trkpt lat="48.055347" lon="-123.773326"><ele>805.609</ele><time>2026-08-19T17:40:31Z</time></trkpt><trkpt lat="48.05535" lon="-123.773356"><ele>805.876</ele><time>2026-08-19T17:40:34Z</time></trkpt><trkpt lat="48.055346" lon="-123.77337"><ele>806.632</ele><time>2026-08-19T17:40:40Z</time></trkpt><trkpt lat="48.055346" lon="-123.773375"><ele>806.814</ele><time>2026-08-19T17:40:41Z</time></trkpt><trkpt lat="48.055349" lon="-123.773384"><ele>807.052</ele><time>2026-08-19T17:40:46Z</time></trkpt><trkpt lat="48.055367" lon="-123.773423"><ele>807.040</ele><time>2026-08-19T17:40:53Z</time></trkpt><trkpt lat="48.055363" lon="-123.773434"><ele>806.813</ele><time>2026-08-19T17:41:02Z</time></trkpt><trkpt lat="48.055362" lon="-123.773444"><ele>806.857</ele><time>2026-08-19T17:41:03Z</time></trkpt><trkpt lat="48.055375" lon="-123.773515"><ele>805.467</ele><time>2026-08-19T17:41:10Z</time></trkpt><trkpt lat="48.055378" lon="-123.773546"><ele>804.482</ele><time>2026-08-19T17:41:13Z</time></trkpt><trkpt lat="48.055385" lon="-123.773579"><ele>804.295</ele><time>2026-08-19T17:41:18Z</time></trkpt><trkpt lat="48.055385" lon="-123.773582"><ele>804.049</ele><time>2026-08-19T17:41:25Z</time></trkpt><trkpt lat="48.055387" lon="-123.77361"><ele>803.623</ele><time>2026-08-19T17:41:31Z</time></trkpt><trkpt lat="48.055389" lon="-123.773631"><ele>803.209</ele><time>2026-08-19T17:41:33Z</time></trkpt><trkpt lat="48.055395" lon="-123.773655"><ele>802.691</ele><time>2026-08-19T17:41:38Z</time></trkpt><trkpt lat="48.055394" lon="-123.773651"><ele>802.817</ele><time>2026-08-19T17:41:44Z</time></trkpt><trkpt lat="48.055394" lon="-123.773651"><ele>802.839</ele><time>2026-08-19T17:41:46Z</time></trkpt><trkpt lat="48.055394" lon="-123.773651"><ele>802.847</ele><time>2026-08-19T17:41:48Z</time></trkpt><trkpt lat="48.055399" lon="-123.773655"><ele>802.275</ele><time>2026-08-19T17:41:59Z</time></trkpt><trkpt lat="48.055402" lon="-123.773663"><ele>802.278</ele><time>2026-08-19T17:42:00Z</time></trkpt><trkpt lat="48.055411" lon="-123.773679"><ele>801.862</ele><time>2026-08-19T17:42:03Z</time></trkpt><trkpt lat="48.055412" lon="-123.773688"><ele>801.482</ele><time>2026-08-19T17:42:07Z</time></trkpt><trkpt lat="48.05541" lon="-123.773686"><ele>801.227</ele><time>2026-08-19T17:42:09Z</time></trkpt><trkpt lat="48.055411" lon="-123.773685"><ele>801.025</ele><time>2026-08-19T17:42:17Z</time></trkpt><trkpt lat="48.055412" lon="-123.773683"><ele>801.226</ele><time>2026-08-19T17:42:23Z</time></trkpt><trkpt lat="48.05542" lon="-123.773687"><ele>800.808</ele><time>2026-08-19T17:42:27Z</time></trkpt><trkpt lat="48.05542" lon="-123.773686"><ele>800.609</ele><time>2026-08-19T17:42:35Z</time></trkpt><trkpt lat="48.05541" lon="-123.773678"><ele>800.244</ele><time>2026-08-19T17:42:41Z</time></trkpt><trkpt lat="48.055407" lon="-123.773682"><ele>800.050</ele><time>2026-08-19T17:42:47Z</time></trkpt><trkpt lat="48.055408" lon="-123.773676"><ele>800.072</ele><time>2026-08-19T17:42:56Z</time></trkpt><trkpt lat="48.055412" lon="-123.773673"><ele>800.260</ele><time>2026-08-19T17:42:58Z</time></trkpt><trkpt lat="48.05542" lon="-123.773671"><ele>799.868</ele><time>2026-08-19T17:43:05Z</time></trkpt><trkpt lat="48.055421" lon="-123.773677"><ele>799.661</ele><time>2026-08-19T17:43:07Z</time></trkpt><trkpt lat="48.055423" lon="-123.773676"><ele>799.425</ele><time>2026-08-19T17:43:20Z</time></trkpt><trkpt lat="48.055423" lon="-123.773676"><ele>799.215</ele><time>2026-08-19T17:43:24Z</time></trkpt><trkpt lat="48.055424" lon="-123.773676"><ele>799.450</ele><time>2026-08-19T17:43:28Z</time></trkpt><trkpt lat="48.055426" lon="-123.773679"><ele>799.489</ele><time>2026-08-19T17:43:30Z</time></trkpt><trkpt lat="48.055423" lon="-123.773676"><ele>799.006</ele><time>2026-08-19T17:43:38Z</time></trkpt><trkpt lat="48.055423" lon="-123.773676"><ele>798.826</ele><time>2026-08-19T17:43:47Z</time></trkpt><trkpt lat="48.055423" lon="-123.773676"><ele>798.809</ele><time>2026-08-19T17:43:48Z</time></trkpt><trkpt lat="48.055423" lon="-123.773676"><ele>798.840</ele><time>2026-08-19T17:43:49Z</time></trkpt><trkpt lat="48.055423" lon="-123.773676"><ele>798.616</ele><time>2026-08-19T17:43:54Z</time></trkpt><trkpt lat="48.055423" lon="-123.773676"><ele>798.438</ele><time>2026-08-19T17:44:02Z</time></trkpt><trkpt lat="48.055423" lon="-123.773676"><ele>798.496</ele><time>2026-08-19T17:44:03Z</time></trkpt><trkpt lat="48.055423" lon="-123.773676"><ele>798.224</ele><time>2026-08-19T17:44:12Z</time></trkpt><trkpt lat="48.055423" lon="-123.773676"><ele>798.457</ele><time>2026-08-19T17:44:22Z</time></trkpt><trkpt lat="48.055423" lon="-123.773677"><ele>798.211</ele><time>2026-08-19T17:44:27Z</time></trkpt><trkpt lat="48.055422" lon="-123.773676"><ele>798.031</ele><time>2026-08-19T17:44:28Z</time></trkpt><trkpt lat="48.055423" lon="-123.773675"><ele>797.866</ele><time>2026-08-19T17:44:31Z</time></trkpt><trkpt lat="48.055417" lon="-123.773673"><ele>797.659</ele><time>2026-08-19T17:44:41Z</time></trkpt><trkpt lat="48.055419" lon="-123.773667"><ele>797.403</ele><time>2026-08-19T17:44:49Z</time></trkpt><trkpt lat="48.055424" lon="-123.773663"><ele>797.423</ele><time>2026-08-19T17:44:54Z</time></trkpt><trkpt lat="48.055422" lon="-123.773667"><ele>797.009</ele><time>2026-08-19T17:44:58Z</time></trkpt><trkpt lat="48.055419" lon="-123.773674"><ele>796.827</ele><time>2026-08-19T17:45:06Z</time></trkpt><trkpt lat="48.055422" lon="-123.773673"><ele>796.463</ele><time>2026-08-19T17:45:15Z</time></trkpt><trkpt lat="48.055421" lon="-123.773673"><ele>796.495</ele><time>2026-08-19T17:45:22Z</time></trkpt><trkpt lat="48.055422" lon="-123.773677"><ele>796.413</ele><time>2026-08-19T17:45:25Z</time></trkpt><trkpt lat="48.055427" lon="-123.773682"><ele>796.431</ele><time>2026-08-19T17:45:37Z</time></trkpt><trkpt lat="48.055426" lon="-123.77368"><ele>796.044</ele><time>2026-08-19T17:45:46Z</time></trkpt><trkpt lat="48.055429" lon="-123.773672"><ele>796.068</ele><time>2026-08-19T17:45:51Z</time></trkpt><trkpt lat="48.055423" lon="-123.773676"><ele>796.068</ele><time>2026-08-19T17:46:01Z</time></trkpt><trkpt lat="48.055423" lon="-123.773676"><ele>795.823</ele><time>2026-08-19T17:46:07Z</time></trkpt><trkpt lat="48.05542" lon="-123.773667"><ele>796.069</ele><time>2026-08-19T17:46:14Z</time></trkpt><trkpt lat="48.055423" lon="-123.773676"><ele>796.004</ele><time>2026-08-19T17:46:15Z</time></trkpt><trkpt lat="48.055423" lon="-123.773676"><ele>795.624</ele><time>2026-08-19T17:46:28Z</time></trkpt><trkpt lat="48.055423" lon="-123.773676"><ele>795.409</ele><time>2026-08-19T17:46:37Z</time></trkpt><trkpt lat="48.055421" lon="-123.773668"><ele>795.628</ele><time>2026-08-19T17:46:39Z</time></trkpt><trkpt lat="48.05542" lon="-123.773668"><ele>795.674</ele><time>2026-08-19T17:46:40Z</time></trkpt><trkpt lat="48.055427" lon="-123.77367"><ele>795.256</ele><time>2026-08-19T17:46:46Z</time></trkpt><trkpt lat="48.055426" lon="-123.773667"><ele>795.434</ele><time>2026-08-19T17:46:51Z</time></trkpt><trkpt lat="48.055423" lon="-123.77367"><ele>795.662</ele><time>2026-08-19T17:46:52Z</time></trkpt><trkpt lat="48.055423" lon="-123.773676"><ele>795.255</ele><time>2026-08-19T17:47:02Z</time></trkpt><trkpt lat="48.055423" lon="-123.773676"><ele>795.039</ele><time>2026-08-19T17:47:17Z</time></trkpt><trkpt lat="48.055423" lon="-123.773676"><ele>795.079</ele><time>2026-08-19T17:47:18Z</time></trkpt><trkpt lat="48.055423" lon="-123.773676"><ele>794.864</ele><time>2026-08-19T17:47:21Z</time></trkpt><trkpt lat="48.055423" lon="-123.773676"><ele>795.039</ele><time>2026-08-19T17:47:27Z</time></trkpt><trkpt lat="48.055423" lon="-123.773676"><ele>794.601</ele><time>2026-08-19T17:47:41Z</time></trkpt><trkpt lat="48.055423" lon="-123.773676"><ele>794.821</ele><time>2026-08-19T17:47:49Z</time></trkpt><trkpt lat="48.055423" lon="-123.773676"><ele>794.609</ele><time>2026-08-19T17:48:04Z</time></trkpt><trkpt lat="48.055423" lon="-123.773676"><ele>794.635</ele><time>2026-08-19T17:48:19Z</time></trkpt><trkpt lat="48.055423" lon="-123.773676"><ele>794.681</ele><time>2026-08-19T17:48:33Z</time></trkpt><trkpt lat="48.055423" lon="-123.773676"><ele>794.443</ele><time>2026-08-19T17:48:57Z</time></trkpt><trkpt lat="48.055423" lon="-123.773676"><ele>794.241</ele><time>2026-08-19T17:49:08Z</time></trkpt><trkpt lat="48.055423" lon="-123.773676"><ele>794.249</ele><time>2026-08-19T17:49:23Z</time></trkpt><trkpt lat="48.055423" lon="-123.773676"><ele>794.092</ele><time>2026-08-19T17:49:32Z</time></trkpt><trkpt lat="48.055423" lon="-123.773676"><ele>794.066</ele><time>2026-08-19T17:49:35Z</time></trkpt><trkpt lat="48.055423" lon="-123.773676"><ele>794.076</ele><time>2026-08-19T17:49:43Z</time></trkpt><trkpt lat="48.055423" lon="-123.773676"><ele>794.071</ele><time>2026-08-19T17:49:47Z</time></trkpt><trkpt lat="48.055423" lon="-123.773676"><ele>794.035</ele><time>2026-08-19T17:50:03Z</time></trkpt><trkpt lat="48.055424" lon="-123.773669"><ele>794.086</ele><time>2026-08-19T17:50:18Z</time></trkpt><trkpt lat="48.055423" lon="-123.773676"><ele>793.614</ele><time>2026-08-19T17:50:31Z</time></trkpt><trkpt lat="48.055423" lon="-123.773676"><ele>793.609</ele><time>2026-08-19T17:50:43Z</time></trkpt><trkpt lat="48.055423" lon="-123.773676"><ele>793.445</ele><time>2026-08-19T17:50:48Z</time></trkpt><trkpt lat="48.055423" lon="-123.773676"><ele>793.471</ele><time>2026-08-19T17:50:56Z</time></trkpt><trkpt lat="48.055423" lon="-123.773676"><ele>793.433</ele><time>2026-08-19T17:51:02Z</time></trkpt><trkpt lat="48.055423" lon="-123.773676"><ele>793.411</ele><time>2026-08-19T17:51:13Z</time></trkpt><trkpt lat="48.055424" lon="-123.773674"><ele>793.289</ele><time>2026-08-19T17:51:37Z</time></trkpt><trkpt lat="48.05535" lon="-123.773439"><ele>794.682</ele><time>2026-08-19T18:11:07Z</time></trkpt><trkpt lat="48.055347" lon="-123.77343"><ele>794.886</ele><time>2026-08-19T18:11:08Z</time></trkpt><trkpt lat="48.055342" lon="-123.773366"><ele>794.676</ele><time>2026-08-19T18:11:13Z</time></trkpt><trkpt lat="48.055332" lon="-123.7733"><ele>793.221</ele><time>2026-08-19T18:11:18Z</time></trkpt><trkpt lat="48.055327" lon="-123.773287"><ele>792.847</ele><time>2026-08-19T18:11:19Z</time></trkpt><trkpt lat="48.055323" lon="-123.773275"><ele>792.629</ele><time>2026-08-19T18:11:20Z</time></trkpt><trkpt lat="48.05532" lon="-123.7732"><ele>791.621</ele><time>2026-08-19T18:11:26Z</time></trkpt><trkpt lat="48.055322" lon="-123.773185"><ele>791.409</ele><time>2026-08-19T18:11:27Z</time></trkpt><trkpt lat="48.05531" lon="-123.773176"><ele>790.496</ele><time>2026-08-19T18:11:30Z</time></trkpt><trkpt lat="48.055303" lon="-123.773157"><ele>789.652</ele><time>2026-08-19T18:11:33Z</time></trkpt><trkpt lat="48.055301" lon="-123.773155"><ele>789.434</ele><time>2026-08-19T18:11:34Z</time></trkpt><trkpt lat="48.0553" lon="-123.773137"><ele>788.292</ele><time>2026-08-19T18:11:38Z</time></trkpt><trkpt lat="48.055294" lon="-123.773125"><ele>787.680</ele><time>2026-08-19T18:11:41Z</time></trkpt><trkpt lat="48.055297" lon="-123.773112"><ele>787.273</ele><time>2026-08-19T18:11:43Z</time></trkpt><trkpt lat="48.055284" lon="-123.773096"><ele>786.677</ele><time>2026-08-19T18:11:47Z</time></trkpt><trkpt lat="48.055286" lon="-123.773079"><ele>786.027</ele><time>2026-08-19T18:11:50Z</time></trkpt><trkpt lat="48.055285" lon="-123.773047"><ele>784.862</ele><time>2026-08-19T18:11:54Z</time></trkpt><trkpt lat="48.05529" lon="-123.773019"><ele>783.833</ele><time>2026-08-19T18:11:58Z</time></trkpt><trkpt lat="48.055282" lon="-123.773001"><ele>783.423</ele><time>2026-08-19T18:12:00Z</time></trkpt><trkpt lat="48.055283" lon="-123.772973"><ele>782.615</ele><time>2026-08-19T18:12:03Z</time></trkpt><trkpt lat="48.055286" lon="-123.772948"><ele>781.809</ele><time>2026-08-19T18:12:06Z</time></trkpt><trkpt lat="48.055284" lon="-123.772947"><ele>781.685</ele><time>2026-08-19T18:12:08Z</time></trkpt><trkpt lat="48.055273" lon="-123.772882"><ele>781.021</ele><time>2026-08-19T18:12:14Z</time></trkpt><trkpt lat="48.055272" lon="-123.772845"><ele>780.263</ele><time>2026-08-19T18:12:16Z</time></trkpt><trkpt lat="48.055271" lon="-123.772797"><ele>779.291</ele><time>2026-08-19T18:12:19Z</time></trkpt><trkpt lat="48.055253" lon="-123.772743"><ele>778.459</ele><time>2026-08-19T18:12:24Z</time></trkpt><trkpt lat="48.055244" lon="-123.772741"><ele>778.022</ele><time>2026-08-19T18:12:26Z</time></trkpt><trkpt lat="48.055226" lon="-123.772754"><ele>777.046</ele><time>2026-08-19T18:12:31Z</time></trkpt><trkpt lat="48.055225" lon="-123.772754"><ele>776.816</ele><time>2026-08-19T18:12:32Z</time></trkpt><trkpt lat="48.055205" lon="-123.772787"><ele>775.661</ele><time>2026-08-19T18:12:37Z</time></trkpt><trkpt lat="48.055188" lon="-123.772817"><ele>774.653</ele><time>2026-08-19T18:12:41Z</time></trkpt><trkpt lat="48.055169" lon="-123.772838"><ele>773.604</ele><time>2026-08-19T18:12:47Z</time></trkpt><trkpt lat="48.055168" lon="-123.77284"><ele>773.614</ele><time>2026-08-19T18:12:48Z</time></trkpt><trkpt lat="48.055154" lon="-123.772852"><ele>772.409</ele><time>2026-08-19T18:12:55Z</time></trkpt><trkpt lat="48.055147" lon="-123.772859"><ele>772.047</ele><time>2026-08-19T18:12:57Z</time></trkpt><trkpt lat="48.055132" lon="-123.772874"><ele>771.283</ele><time>2026-08-19T18:13:01Z</time></trkpt><trkpt lat="48.055116" lon="-123.772884"><ele>770.625</ele><time>2026-08-19T18:13:06Z</time></trkpt><trkpt lat="48.055111" lon="-123.772888"><ele>770.293</ele><time>2026-08-19T18:13:11Z</time></trkpt><trkpt lat="48.055106" lon="-123.772885"><ele>770.011</ele><time>2026-08-19T18:13:14Z</time></trkpt><trkpt lat="48.055068" lon="-123.772904"><ele>769.654</ele><time>2026-08-19T18:13:21Z</time></trkpt><trkpt lat="48.055061" lon="-123.772903"><ele>769.268</ele><time>2026-08-19T18:13:24Z</time></trkpt><trkpt lat="48.055057" lon="-123.772911"><ele>769.068</ele><time>2026-08-19T18:13:25Z</time></trkpt><trkpt lat="48.055051" lon="-123.772914"><ele>768.633</ele><time>2026-08-19T18:13:27Z</time></trkpt><trkpt lat="48.055039" lon="-123.77291"><ele>768.016</ele><time>2026-08-19T18:13:29Z</time></trkpt><trkpt lat="48.055023" lon="-123.772949"><ele>767.476</ele><time>2026-08-19T18:13:33Z</time></trkpt><trkpt lat="48.055017" lon="-123.77296"><ele>767.013</ele><time>2026-08-19T18:13:36Z</time></trkpt><trkpt lat="48.055019" lon="-123.772977"><ele>766.809</ele><time>2026-08-19T18:13:40Z</time></trkpt><trkpt lat="48.055033" lon="-123.773035"><ele>766.263</ele><time>2026-08-19T18:13:47Z</time></trkpt><trkpt lat="48.05504" lon="-123.773091"><ele>766.089</ele><time>2026-08-19T18:13:56Z</time></trkpt><trkpt lat="48.055043" lon="-123.773114"><ele>765.811</ele><time>2026-08-19T18:13:57Z</time></trkpt><trkpt lat="48.055052" lon="-123.773168"><ele>765.649</ele><time>2026-08-19T18:14:03Z</time></trkpt><trkpt lat="48.055062" lon="-123.773236"><ele>766.437</ele><time>2026-08-19T18:14:08Z</time></trkpt><trkpt lat="48.055061" lon="-123.773252"><ele>766.670</ele><time>2026-08-19T18:14:09Z</time></trkpt><trkpt lat="48.05505" lon="-123.773335"><ele>764.894</ele><time>2026-08-19T18:14:15Z</time></trkpt><trkpt lat="48.055049" lon="-123.77335"><ele>764.634</ele><time>2026-08-19T18:14:16Z</time></trkpt><trkpt lat="48.055053" lon="-123.773438"><ele>763.439</ele><time>2026-08-19T18:14:21Z</time></trkpt><trkpt lat="48.055058" lon="-123.773464"><ele>763.254</ele><time>2026-08-19T18:14:23Z</time></trkpt><trkpt lat="48.055084" lon="-123.773514"><ele>762.456</ele><time>2026-08-19T18:14:28Z</time></trkpt><trkpt lat="48.055084" lon="-123.773519"><ele>762.211</ele><time>2026-08-19T18:14:30Z</time></trkpt><trkpt lat="48.055064" lon="-123.77361"><ele>761.209</ele><time>2026-08-19T18:14:37Z</time></trkpt><trkpt lat="48.055056" lon="-123.773631"><ele>760.057</ele><time>2026-08-19T18:14:40Z</time></trkpt><trkpt lat="48.055047" lon="-123.773639"><ele>759.413</ele><time>2026-08-19T18:14:43Z</time></trkpt><trkpt lat="48.055047" lon="-123.773663"><ele>759.285</ele><time>2026-08-19T18:14:51Z</time></trkpt><trkpt lat="48.055049" lon="-123.773663"><ele>759.013</ele><time>2026-08-19T18:14:53Z</time></trkpt><trkpt lat="48.055048" lon="-123.773698"><ele>758.081</ele><time>2026-08-19T18:14:59Z</time></trkpt><trkpt lat="48.055045" lon="-123.773708"><ele>757.824</ele><time>2026-08-19T18:15:00Z</time></trkpt><trkpt lat="48.055027" lon="-123.773759"><ele>756.868</ele><time>2026-08-19T18:15:05Z</time></trkpt><trkpt lat="48.055023" lon="-123.773767"><ele>756.698</ele><time>2026-08-19T18:15:06Z</time></trkpt><trkpt lat="48.055006" lon="-123.773754"><ele>755.683</ele><time>2026-08-19T18:15:12Z</time></trkpt><trkpt lat="48.054997" lon="-123.773757"><ele>755.434</ele><time>2026-08-19T18:15:13Z</time></trkpt><trkpt lat="48.054982" lon="-123.773772"><ele>754.255</ele><time>2026-08-19T18:15:17Z</time></trkpt><trkpt lat="48.05498" lon="-123.773782"><ele>753.610</ele><time>2026-08-19T18:15:21Z</time></trkpt><trkpt lat="48.054976" lon="-123.773816"><ele>753.009</ele><time>2026-08-19T18:15:25Z</time></trkpt><trkpt lat="48.054973" lon="-123.773849"><ele>752.225</ele><time>2026-08-19T18:15:29Z</time></trkpt><trkpt lat="48.054968" lon="-123.773856"><ele>752.081</ele><time>2026-08-19T18:15:31Z</time></trkpt><trkpt lat="48.054954" lon="-123.773882"><ele>751.053</ele><time>2026-08-19T18:15:36Z</time></trkpt><trkpt lat="48.054946" lon="-123.773895"><ele>750.481</ele><time>2026-08-19T18:15:39Z</time></trkpt><trkpt lat="48.054926" lon="-123.773907"><ele>749.879</ele><time>2026-08-19T18:15:44Z</time></trkpt><trkpt lat="48.054922" lon="-123.773902"><ele>749.612</ele><time>2026-08-19T18:15:47Z</time></trkpt><trkpt lat="48.054925" lon="-123.773927"><ele>749.016</ele><time>2026-08-19T18:15:54Z</time></trkpt><trkpt lat="48.054927" lon="-123.773931"><ele>748.856</ele><time>2026-08-19T18:15:55Z</time></trkpt><trkpt lat="48.054936" lon="-123.773952"><ele>747.821</ele><time>2026-08-19T18:16:00Z</time></trkpt><trkpt lat="48.054937" lon="-123.773964"><ele>747.439</ele><time>2026-08-19T18:16:02Z</time></trkpt><trkpt lat="48.054935" lon="-123.773981"><ele>746.801</ele><time>2026-08-19T18:16:12Z</time></trkpt><trkpt lat="48.054935" lon="-123.77398"><ele>746.621</ele><time>2026-08-19T18:16:13Z</time></trkpt><trkpt lat="48.054961" lon="-123.774002"><ele>745.609</ele><time>2026-08-19T18:16:21Z</time></trkpt><trkpt lat="48.054968" lon="-123.774028"><ele>744.615</ele><time>2026-08-19T18:16:28Z</time></trkpt><trkpt lat="48.054962" lon="-123.774038"><ele>744.421</ele><time>2026-08-19T18:16:31Z</time></trkpt><trkpt lat="48.054975" lon="-123.774077"><ele>743.473</ele><time>2026-08-19T18:16:39Z</time></trkpt><trkpt lat="48.054977" lon="-123.774083"><ele>743.221</ele><time>2026-08-19T18:16:40Z</time></trkpt><trkpt lat="48.054987" lon="-123.774085"><ele>742.699</ele><time>2026-08-19T18:16:47Z</time></trkpt><trkpt lat="48.054984" lon="-123.774082"><ele>742.452</ele><time>2026-08-19T18:16:48Z</time></trkpt><trkpt lat="48.054988" lon="-123.774104"><ele>741.476</ele><time>2026-08-19T18:16:54Z</time></trkpt><trkpt lat="48.054989" lon="-123.774113"><ele>741.266</ele><time>2026-08-19T18:16:55Z</time></trkpt><trkpt lat="48.054988" lon="-123.774132"><ele>740.491</ele><time>2026-08-19T18:16:59Z</time></trkpt><trkpt lat="48.054983" lon="-123.774146"><ele>740.072</ele><time>2026-08-19T18:17:05Z</time></trkpt><trkpt lat="48.054981" lon="-123.774167"><ele>739.213</ele><time>2026-08-19T18:17:13Z</time></trkpt><trkpt lat="48.05498" lon="-123.774167"><ele>739.214</ele><time>2026-08-19T18:17:14Z</time></trkpt><trkpt lat="48.054977" lon="-123.774212"><ele>738.409</ele><time>2026-08-19T18:17:23Z</time></trkpt><trkpt lat="48.054976" lon="-123.774216"><ele>738.219</ele><time>2026-08-19T18:17:24Z</time></trkpt><trkpt lat="48.054967" lon="-123.774236"><ele>737.655</ele><time>2026-08-19T18:17:30Z</time></trkpt><trkpt lat="48.054967" lon="-123.774258"><ele>737.287</ele><time>2026-08-19T18:17:35Z</time></trkpt><trkpt lat="48.054966" lon="-123.774253"><ele>737.065</ele><time>2026-08-19T18:17:37Z</time></trkpt><trkpt lat="48.054965" lon="-123.774263"><ele>736.043</ele><time>2026-08-19T18:17:43Z</time></trkpt><trkpt lat="48.054969" lon="-123.774256"><ele>735.636</ele><time>2026-08-19T18:17:46Z</time></trkpt><trkpt lat="48.054973" lon="-123.774267"><ele>735.290</ele><time>2026-08-19T18:17:54Z</time></trkpt><trkpt lat="48.054966" lon="-123.774275"><ele>735.220</ele><time>2026-08-19T18:18:02Z</time></trkpt><trkpt lat="48.054959" lon="-123.77428"><ele>735.495</ele><time>2026-08-19T18:18:05Z</time></trkpt><trkpt lat="48.054957" lon="-123.774295"><ele>735.255</ele><time>2026-08-19T18:18:07Z</time></trkpt><trkpt lat="48.054963" lon="-123.774306"><ele>735.007</ele><time>2026-08-19T18:18:10Z</time></trkpt><trkpt lat="48.054963" lon="-123.77433"><ele>734.417</ele><time>2026-08-19T18:18:18Z</time></trkpt><trkpt lat="48.054965" lon="-123.774337"><ele>733.809</ele><time>2026-08-19T18:18:23Z</time></trkpt><trkpt lat="48.054958" lon="-123.774342"><ele>733.647</ele><time>2026-08-19T18:18:25Z</time></trkpt><trkpt lat="48.054951" lon="-123.774363"><ele>732.833</ele><time>2026-08-19T18:18:30Z</time></trkpt><trkpt lat="48.054933" lon="-123.774321"><ele>732.695</ele><time>2026-08-19T18:18:36Z</time></trkpt><trkpt lat="48.054915" lon="-123.774307"><ele>732.623</ele><time>2026-08-19T18:18:40Z</time></trkpt><trkpt lat="48.054918" lon="-123.774333"><ele>732.271</ele><time>2026-08-19T18:18:42Z</time></trkpt><trkpt lat="48.054916" lon="-123.774338"><ele>731.844</ele><time>2026-08-19T18:18:43Z</time></trkpt><trkpt lat="48.054913" lon="-123.77434"><ele>731.698</ele><time>2026-08-19T18:18:44Z</time></trkpt><trkpt lat="48.054913" lon="-123.774367"><ele>730.858</ele><time>2026-08-19T18:18:47Z</time></trkpt><trkpt lat="48.054914" lon="-123.774379"><ele>730.653</ele><time>2026-08-19T18:18:48Z</time></trkpt><trkpt lat="48.054915" lon="-123.774397"><ele>730.029</ele><time>2026-08-19T18:18:50Z</time></trkpt><trkpt lat="48.054921" lon="-123.774423"><ele>729.600</ele><time>2026-08-19T18:18:53Z</time></trkpt><trkpt lat="48.054922" lon="-123.774427"><ele>729.620</ele><time>2026-08-19T18:18:58Z</time></trkpt><trkpt lat="48.054921" lon="-123.774423"><ele>729.609</ele><time>2026-08-19T18:19:03Z</time></trkpt><trkpt lat="48.054929" lon="-123.77445"><ele>729.434</ele><time>2026-08-19T18:19:06Z</time></trkpt><trkpt lat="48.054936" lon="-123.77454"><ele>728.690</ele><time>2026-08-19T18:19:12Z</time></trkpt><trkpt lat="48.054931" lon="-123.774558"><ele>728.432</ele><time>2026-08-19T18:19:14Z</time></trkpt><trkpt lat="48.054925" lon="-123.774573"><ele>727.830</ele><time>2026-08-19T18:19:17Z</time></trkpt><trkpt lat="48.054927" lon="-123.774579"><ele>727.488</ele><time>2026-08-19T18:19:18Z</time></trkpt><trkpt lat="48.054923" lon="-123.774635"><ele>726.441</ele><time>2026-08-19T18:19:23Z</time></trkpt><trkpt lat="48.054911" lon="-123.774638"><ele>726.075</ele><time>2026-08-19T18:19:25Z</time></trkpt><trkpt lat="48.054908" lon="-123.774672"><ele>725.295</ele><time>2026-08-19T18:19:28Z</time></trkpt><trkpt lat="48.054913" lon="-123.774734"><ele>724.260</ele><time>2026-08-19T18:19:32Z</time></trkpt><trkpt lat="48.054916" lon="-123.77478"><ele>723.417</ele><time>2026-08-19T18:19:35Z</time></trkpt><trkpt lat="48.054914" lon="-123.774804"><ele>723.087</ele><time>2026-08-19T18:19:37Z</time></trkpt><trkpt lat="48.054914" lon="-123.774849"><ele>722.415</ele><time>2026-08-19T18:19:42Z</time></trkpt><trkpt lat="48.054915" lon="-123.774856"><ele>722.209</ele><time>2026-08-19T18:19:43Z</time></trkpt><trkpt lat="48.054911" lon="-123.774869"><ele>722.083</ele><time>2026-08-19T18:19:44Z</time></trkpt><trkpt lat="48.054897" lon="-123.774906"><ele>721.019</ele><time>2026-08-19T18:19:48Z</time></trkpt><trkpt lat="48.054901" lon="-123.774922"><ele>720.681</ele><time>2026-08-19T18:19:49Z</time></trkpt><trkpt lat="48.054909" lon="-123.774951"><ele>719.819</ele><time>2026-08-19T18:19:51Z</time></trkpt><trkpt lat="48.054906" lon="-123.774985"><ele>718.847</ele><time>2026-08-19T18:19:54Z</time></trkpt><trkpt lat="48.054903" lon="-123.77499"><ele>718.630</ele><time>2026-08-19T18:19:55Z</time></trkpt><trkpt lat="48.054894" lon="-123.775021"><ele>717.654</ele><time>2026-08-19T18:19:59Z</time></trkpt><trkpt lat="48.054888" lon="-123.775081"><ele>716.894</ele><time>2026-08-19T18:20:02Z</time></trkpt><trkpt lat="48.054887" lon="-123.775096"><ele>716.459</ele><time>2026-08-19T18:20:03Z</time></trkpt><trkpt lat="48.054898" lon="-123.775168"><ele>715.685</ele><time>2026-08-19T18:20:07Z</time></trkpt><trkpt lat="48.054915" lon="-123.775186"><ele>715.689</ele><time>2026-08-19T18:20:09Z</time></trkpt><trkpt lat="48.054924" lon="-123.775193"><ele>715.617</ele><time>2026-08-19T18:20:11Z</time></trkpt><trkpt lat="48.054933" lon="-123.775245"><ele>715.409</ele><time>2026-08-19T18:20:15Z</time></trkpt><trkpt lat="48.054946" lon="-123.775291"><ele>714.660</ele><time>2026-08-19T18:20:18Z</time></trkpt><trkpt lat="48.05497" lon="-123.775372"><ele>714.836</ele><time>2026-08-19T18:20:24Z</time></trkpt><trkpt lat="48.05497" lon="-123.775384"><ele>714.888</ele><time>2026-08-19T18:20:25Z</time></trkpt><trkpt lat="48.054969" lon="-123.775427"><ele>714.246</ele><time>2026-08-19T18:20:29Z</time></trkpt><trkpt lat="48.054973" lon="-123.775454"><ele>713.494</ele><time>2026-08-19T18:20:32Z</time></trkpt><trkpt lat="48.054984" lon="-123.775482"><ele>713.047</ele><time>2026-08-19T18:20:34Z</time></trkpt><trkpt lat="48.05499" lon="-123.775545"><ele>712.091</ele><time>2026-08-19T18:20:39Z</time></trkpt><trkpt lat="48.054989" lon="-123.775563"><ele>711.811</ele><time>2026-08-19T18:20:40Z</time></trkpt><trkpt lat="48.054987" lon="-123.775595"><ele>711.456</ele><time>2026-08-19T18:20:44Z</time></trkpt><trkpt lat="48.054986" lon="-123.775625"><ele>710.815</ele><time>2026-08-19T18:20:49Z</time></trkpt><trkpt lat="48.05499" lon="-123.77565"><ele>709.865</ele><time>2026-08-19T18:20:53Z</time></trkpt><trkpt lat="48.054996" lon="-123.77568"><ele>708.611</ele><time>2026-08-19T18:20:59Z</time></trkpt><trkpt lat="48.054998" lon="-123.77569"><ele>708.409</ele><time>2026-08-19T18:21:00Z</time></trkpt><trkpt lat="48.055012" lon="-123.7757"><ele>707.493</ele><time>2026-08-19T18:21:04Z</time></trkpt><trkpt lat="48.055013" lon="-123.775704"><ele>707.259</ele><time>2026-08-19T18:21:06Z</time></trkpt><trkpt lat="48.055013" lon="-123.77572"><ele>706.441</ele><time>2026-08-19T18:21:11Z</time></trkpt><trkpt lat="48.055009" lon="-123.77574"><ele>705.839</ele><time>2026-08-19T18:21:14Z</time></trkpt><trkpt lat="48.055018" lon="-123.775755"><ele>705.417</ele><time>2026-08-19T18:21:16Z</time></trkpt><trkpt lat="48.055025" lon="-123.775796"><ele>704.050</ele><time>2026-08-19T18:21:20Z</time></trkpt><trkpt lat="48.055037" lon="-123.775852"><ele>702.674</ele><time>2026-08-19T18:21:23Z</time></trkpt><trkpt lat="48.055045" lon="-123.775881"><ele>702.014</ele><time>2026-08-19T18:21:25Z</time></trkpt><trkpt lat="48.055041" lon="-123.775896"><ele>701.649</ele><time>2026-08-19T18:21:26Z</time></trkpt><trkpt lat="48.055032" lon="-123.775947"><ele>700.675</ele><time>2026-08-19T18:21:30Z</time></trkpt><trkpt lat="48.05503" lon="-123.775967"><ele>700.428</ele><time>2026-08-19T18:21:31Z</time></trkpt><trkpt lat="48.055024" lon="-123.776021"><ele>699.620</ele><time>2026-08-19T18:21:35Z</time></trkpt><trkpt lat="48.055015" lon="-123.776052"><ele>698.409</ele><time>2026-08-19T18:21:38Z</time></trkpt><trkpt lat="48.055017" lon="-123.776076"><ele>697.889</ele><time>2026-08-19T18:21:40Z</time></trkpt><trkpt lat="48.055017" lon="-123.776091"><ele>697.465</ele><time>2026-08-19T18:21:41Z</time></trkpt><trkpt lat="48.05502" lon="-123.776174"><ele>696.437</ele><time>2026-08-19T18:21:46Z</time></trkpt><trkpt lat="48.055027" lon="-123.776195"><ele>696.095</ele><time>2026-08-19T18:21:53Z</time></trkpt><trkpt lat="48.055025" lon="-123.77623"><ele>695.443</ele><time>2026-08-19T18:22:02Z</time></trkpt><trkpt lat="48.055025" lon="-123.776246"><ele>695.466</ele><time>2026-08-19T18:22:03Z</time></trkpt><trkpt lat="48.055023" lon="-123.776297"><ele>694.440</ele><time>2026-08-19T18:22:09Z</time></trkpt><trkpt lat="48.055022" lon="-123.776326"><ele>694.250</ele><time>2026-08-19T18:22:13Z</time></trkpt><trkpt lat="48.055025" lon="-123.776345"><ele>694.055</ele><time>2026-08-19T18:22:15Z</time></trkpt><trkpt lat="48.055039" lon="-123.776364"><ele>693.042</ele><time>2026-08-19T18:22:18Z</time></trkpt><trkpt lat="48.055046" lon="-123.776355"><ele>691.822</ele><time>2026-08-19T18:22:21Z</time></trkpt><trkpt lat="48.055059" lon="-123.77631"><ele>690.814</ele><time>2026-08-19T18:22:27Z</time></trkpt><trkpt lat="48.055062" lon="-123.776303"><ele>690.609</ele><time>2026-08-19T18:22:28Z</time></trkpt><trkpt lat="48.055065" lon="-123.776292"><ele>689.826</ele><time>2026-08-19T18:22:34Z</time></trkpt><trkpt lat="48.055066" lon="-123.776268"><ele>689.662</ele><time>2026-08-19T18:22:37Z</time></trkpt><trkpt lat="48.055083" lon="-123.776262"><ele>688.624</ele><time>2026-08-19T18:22:41Z</time></trkpt><trkpt lat="48.055099" lon="-123.776311"><ele>687.682</ele><time>2026-08-19T18:22:45Z</time></trkpt><trkpt lat="48.055107" lon="-123.776353"><ele>686.440</ele><time>2026-08-19T18:22:50Z</time></trkpt><trkpt lat="48.055102" lon="-123.776348"><ele>686.223</ele><time>2026-08-19T18:22:52Z</time></trkpt><trkpt lat="48.055089" lon="-123.776331"><ele>686.247</ele><time>2026-08-19T18:23:02Z</time></trkpt><trkpt lat="48.055095" lon="-123.776355"><ele>685.877</ele><time>2026-08-19T18:23:04Z</time></trkpt><trkpt lat="48.055094" lon="-123.776367"><ele>685.622</ele><time>2026-08-19T18:23:05Z</time></trkpt><trkpt lat="48.055093" lon="-123.776383"><ele>685.423</ele><time>2026-08-19T18:23:06Z</time></trkpt><trkpt lat="48.055089" lon="-123.776409"><ele>684.883</ele><time>2026-08-19T18:23:08Z</time></trkpt><trkpt lat="48.055089" lon="-123.776441"><ele>684.211</ele><time>2026-08-19T18:23:11Z</time></trkpt><trkpt lat="48.055087" lon="-123.776481"><ele>683.209</ele><time>2026-08-19T18:23:15Z</time></trkpt><trkpt lat="48.055108" lon="-123.776462"><ele>682.264</ele><time>2026-08-19T18:23:20Z</time></trkpt><trkpt lat="48.055112" lon="-123.776446"><ele>681.830</ele><time>2026-08-19T18:23:21Z</time></trkpt><trkpt lat="48.05513" lon="-123.77641"><ele>681.072</ele><time>2026-08-19T18:23:24Z</time></trkpt><trkpt lat="48.055148" lon="-123.776421"><ele>680.450</ele><time>2026-08-19T18:23:27Z</time></trkpt><trkpt lat="48.055149" lon="-123.776438"><ele>680.078</ele><time>2026-08-19T18:23:28Z</time></trkpt><trkpt lat="48.055149" lon="-123.776451"><ele>679.631</ele><time>2026-08-19T18:23:29Z</time></trkpt><trkpt lat="48.055144" lon="-123.776493"><ele>678.635</ele><time>2026-08-19T18:23:32Z</time></trkpt><trkpt lat="48.055132" lon="-123.776549"><ele>677.455</ele><time>2026-08-19T18:23:37Z</time></trkpt><trkpt lat="48.05512" lon="-123.776577"><ele>677.090</ele><time>2026-08-19T18:23:39Z</time></trkpt><trkpt lat="48.055083" lon="-123.776635"><ele>676.485</ele><time>2026-08-19T18:23:43Z</time></trkpt><trkpt lat="48.055048" lon="-123.776646"><ele>675.289</ele><time>2026-08-19T18:23:48Z</time></trkpt><trkpt lat="48.055007" lon="-123.776641"><ele>673.817</ele><time>2026-08-19T18:23:52Z</time></trkpt><trkpt lat="48.054958" lon="-123.776629"><ele>672.609</ele><time>2026-08-19T18:23:56Z</time></trkpt><trkpt lat="48.054935" lon="-123.77662"><ele>672.230</ele><time>2026-08-19T18:23:58Z</time></trkpt><trkpt lat="48.054883" lon="-123.776596"><ele>671.456</ele><time>2026-08-19T18:24:03Z</time></trkpt><trkpt lat="48.054872" lon="-123.776587"><ele>671.458</ele><time>2026-08-19T18:24:05Z</time></trkpt><trkpt lat="48.054822" lon="-123.776549"><ele>670.456</ele><time>2026-08-19T18:24:11Z</time></trkpt><trkpt lat="48.054803" lon="-123.77653"><ele>670.074</ele><time>2026-08-19T18:24:13Z</time></trkpt><trkpt lat="48.054783" lon="-123.776512"><ele>669.427</ele><time>2026-08-19T18:24:15Z</time></trkpt><trkpt lat="48.054766" lon="-123.776518"><ele>668.281</ele><time>2026-08-19T18:24:18Z</time></trkpt><trkpt lat="48.054768" lon="-123.776529"><ele>667.831</ele><time>2026-08-19T18:24:19Z</time></trkpt><trkpt lat="48.054773" lon="-123.776548"><ele>667.216</ele><time>2026-08-19T18:24:21Z</time></trkpt><trkpt lat="48.054785" lon="-123.776591"><ele>666.287</ele><time>2026-08-19T18:24:24Z</time></trkpt><trkpt lat="48.054783" lon="-123.776629"><ele>665.042</ele><time>2026-08-19T18:24:27Z</time></trkpt><trkpt lat="48.054779" lon="-123.776635"><ele>664.626</ele><time>2026-08-19T18:24:28Z</time></trkpt><trkpt lat="48.054776" lon="-123.776659"><ele>663.809</ele><time>2026-08-19T18:24:30Z</time></trkpt><trkpt lat="48.054772" lon="-123.776705"><ele>662.610</ele><time>2026-08-19T18:24:33Z</time></trkpt><trkpt lat="48.054771" lon="-123.776743"><ele>661.856</ele><time>2026-08-19T18:24:36Z</time></trkpt><trkpt lat="48.054759" lon="-123.776753"><ele>661.448</ele><time>2026-08-19T18:24:38Z</time></trkpt><trkpt lat="48.05474" lon="-123.776789"><ele>660.256</ele><time>2026-08-19T18:24:42Z</time></trkpt><trkpt lat="48.054728" lon="-123.776815"><ele>659.054</ele><time>2026-08-19T18:24:46Z</time></trkpt><trkpt lat="48.054713" lon="-123.776866"><ele>658.027</ele><time>2026-08-19T18:24:49Z</time></trkpt><trkpt lat="48.054704" lon="-123.776881"><ele>657.641</ele><time>2026-08-19T18:24:50Z</time></trkpt><trkpt lat="48.054695" lon="-123.776904"><ele>656.631</ele><time>2026-08-19T18:24:52Z</time></trkpt><trkpt lat="48.054702" lon="-123.776911"><ele>655.466</ele><time>2026-08-19T18:24:55Z</time></trkpt><trkpt lat="48.054702" lon="-123.776917"><ele>655.255</ele><time>2026-08-19T18:24:56Z</time></trkpt><trkpt lat="48.054734" lon="-123.776914"><ele>655.007</ele><time>2026-08-19T18:25:04Z</time></trkpt><trkpt lat="48.054793" lon="-123.776945"><ele>654.017</ele><time>2026-08-19T18:25:10Z</time></trkpt><trkpt lat="48.054802" lon="-123.77695"><ele>653.609</ele><time>2026-08-19T18:25:11Z</time></trkpt><trkpt lat="48.054816" lon="-123.776965"><ele>652.847</ele><time>2026-08-19T18:25:13Z</time></trkpt><trkpt lat="48.054838" lon="-123.776979"><ele>651.673</ele><time>2026-08-19T18:25:16Z</time></trkpt><trkpt lat="48.054858" lon="-123.776995"><ele>651.475</ele><time>2026-08-19T18:25:18Z</time></trkpt><trkpt lat="48.054903" lon="-123.777036"><ele>650.643</ele><time>2026-08-19T18:25:23Z</time></trkpt><trkpt lat="48.054936" lon="-123.77707"><ele>649.631</ele><time>2026-08-19T18:25:26Z</time></trkpt><trkpt lat="48.054946" lon="-123.777083"><ele>649.274</ele><time>2026-08-19T18:25:27Z</time></trkpt><trkpt lat="48.054979" lon="-123.777114"><ele>648.458</ele><time>2026-08-19T18:25:30Z</time></trkpt><trkpt lat="48.055032" lon="-123.777168"><ele>647.658</ele><time>2026-08-19T18:25:37Z</time></trkpt><trkpt lat="48.055043" lon="-123.777183"><ele>647.453</ele><time>2026-08-19T18:25:39Z</time></trkpt><trkpt lat="48.055074" lon="-123.777229"><ele>646.282</ele><time>2026-08-19T18:25:43Z</time></trkpt><trkpt lat="48.055086" lon="-123.777263"><ele>645.043</ele><time>2026-08-19T18:25:47Z</time></trkpt><trkpt lat="48.055108" lon="-123.777324"><ele>643.817</ele><time>2026-08-19T18:25:51Z</time></trkpt><trkpt lat="48.055124" lon="-123.77734"><ele>643.209</ele><time>2026-08-19T18:25:54Z</time></trkpt><trkpt lat="48.055139" lon="-123.777371"><ele>642.680</ele><time>2026-08-19T18:25:57Z</time></trkpt><trkpt lat="48.055162" lon="-123.777421"><ele>641.626</ele><time>2026-08-19T18:26:00Z</time></trkpt><trkpt lat="48.055172" lon="-123.777439"><ele>641.298</ele><time>2026-08-19T18:26:01Z</time></trkpt><trkpt lat="48.055194" lon="-123.777484"><ele>640.076</ele><time>2026-08-19T18:26:04Z</time></trkpt><trkpt lat="48.055215" lon="-123.777534"><ele>638.854</ele><time>2026-08-19T18:26:08Z</time></trkpt><trkpt lat="48.055221" lon="-123.777555"><ele>638.297</ele><time>2026-08-19T18:26:10Z</time></trkpt><trkpt lat="48.055227" lon="-123.777605"><ele>637.681</ele><time>2026-08-19T18:26:13Z</time></trkpt><trkpt lat="48.055236" lon="-123.777675"><ele>636.481</ele><time>2026-08-19T18:26:16Z</time></trkpt><trkpt lat="48.055239" lon="-123.777742"><ele>635.076</ele><time>2026-08-19T18:26:19Z</time></trkpt><trkpt lat="48.055237" lon="-123.777813"><ele>633.821</ele><time>2026-08-19T18:26:23Z</time></trkpt><trkpt lat="48.055237" lon="-123.777856"><ele>633.241</ele><time>2026-08-19T18:26:25Z</time></trkpt><trkpt lat="48.055237" lon="-123.777876"><ele>632.805</ele><time>2026-08-19T18:26:26Z</time></trkpt><trkpt lat="48.055237" lon="-123.777919"><ele>631.809</ele><time>2026-08-19T18:26:29Z</time></trkpt><trkpt lat="48.05523" lon="-123.777965"><ele>630.614</ele><time>2026-08-19T18:26:32Z</time></trkpt><trkpt lat="48.055225" lon="-123.778017"><ele>629.640</ele><time>2026-08-19T18:26:34Z</time></trkpt><trkpt lat="48.055223" lon="-123.778073"><ele>628.262</ele><time>2026-08-19T18:26:36Z</time></trkpt><trkpt lat="48.055222" lon="-123.778139"><ele>627.050</ele><time>2026-08-19T18:26:38Z</time></trkpt><trkpt lat="48.055221" lon="-123.778209"><ele>625.898</ele><time>2026-08-19T18:26:40Z</time></trkpt><trkpt lat="48.055223" lon="-123.77827"><ele>625.271</ele><time>2026-08-19T18:26:42Z</time></trkpt><trkpt lat="48.055221" lon="-123.778426"><ele>625.025</ele><time>2026-08-19T18:26:50Z</time></trkpt><trkpt lat="48.05522" lon="-123.778471"><ele>624.835</ele><time>2026-08-19T18:26:52Z</time></trkpt><trkpt lat="48.055213" lon="-123.778564"><ele>624.030</ele><time>2026-08-19T18:26:57Z</time></trkpt><trkpt lat="48.055213" lon="-123.778595"><ele>623.897</ele><time>2026-08-19T18:26:59Z</time></trkpt><trkpt lat="48.055219" lon="-123.778606"><ele>623.623</ele><time>2026-08-19T18:27:00Z</time></trkpt><trkpt lat="48.05523" lon="-123.778646"><ele>622.625</ele><time>2026-08-19T18:27:04Z</time></trkpt><trkpt lat="48.055235" lon="-123.778678"><ele>621.609</ele><time>2026-08-19T18:27:07Z</time></trkpt><trkpt lat="48.055234" lon="-123.778687"><ele>621.271</ele><time>2026-08-19T18:27:08Z</time></trkpt><trkpt lat="48.055234" lon="-123.778742"><ele>620.237</ele><time>2026-08-19T18:27:11Z</time></trkpt><trkpt lat="48.055235" lon="-123.778806"><ele>619.899</ele><time>2026-08-19T18:27:14Z</time></trkpt><trkpt lat="48.055262" lon="-123.778897"><ele>619.037</ele><time>2026-08-19T18:27:19Z</time></trkpt><trkpt lat="48.055267" lon="-123.778913"><ele>618.685</ele><time>2026-08-19T18:27:20Z</time></trkpt><trkpt lat="48.055276" lon="-123.778951"><ele>617.858</ele><time>2026-08-19T18:27:23Z</time></trkpt><trkpt lat="48.055285" lon="-123.778991"><ele>617.012</ele><time>2026-08-19T18:27:26Z</time></trkpt><trkpt lat="48.055288" lon="-123.779006"><ele>616.672</ele><time>2026-08-19T18:27:27Z</time></trkpt><trkpt lat="48.055295" lon="-123.779034"><ele>615.427</ele><time>2026-08-19T18:27:30Z</time></trkpt><trkpt lat="48.055296" lon="-123.779029"><ele>614.679</ele><time>2026-08-19T18:27:34Z</time></trkpt><trkpt lat="48.055297" lon="-123.779036"><ele>614.405</ele><time>2026-08-19T18:27:39Z</time></trkpt><trkpt lat="48.055295" lon="-123.779037"><ele>614.425</ele><time>2026-08-19T18:27:40Z</time></trkpt><trkpt lat="48.055296" lon="-123.779045"><ele>614.409</ele><time>2026-08-19T18:27:43Z</time></trkpt><trkpt lat="48.055297" lon="-123.779046"><ele>614.449</ele><time>2026-08-19T18:27:44Z</time></trkpt><trkpt lat="48.055295" lon="-123.779027"><ele>614.255</ele><time>2026-08-19T18:27:53Z</time></trkpt><trkpt lat="48.055294" lon="-123.779018"><ele>614.277</ele><time>2026-08-19T18:27:55Z</time></trkpt><trkpt lat="48.0553" lon="-123.779076"><ele>613.255</ele><time>2026-08-19T18:28:00Z</time></trkpt><trkpt lat="48.055299" lon="-123.779108"><ele>612.293</ele><time>2026-08-19T18:28:03Z</time></trkpt><trkpt lat="48.055294" lon="-123.779149"><ele>611.046</ele><time>2026-08-19T18:28:07Z</time></trkpt><trkpt lat="48.055307" lon="-123.779209"><ele>609.660</ele><time>2026-08-19T18:28:10Z</time></trkpt><trkpt lat="48.055314" lon="-123.779235"><ele>608.880</ele><time>2026-08-19T18:28:11Z</time></trkpt><trkpt lat="48.055318" lon="-123.77925"><ele>608.265</ele><time>2026-08-19T18:28:12Z</time></trkpt><trkpt lat="48.055312" lon="-123.779265"><ele>607.238</ele><time>2026-08-19T18:28:14Z</time></trkpt><trkpt lat="48.055297" lon="-123.779256"><ele>606.670</ele><time>2026-08-19T18:28:16Z</time></trkpt><trkpt lat="48.055278" lon="-123.779246"><ele>606.217</ele><time>2026-08-19T18:28:18Z</time></trkpt><trkpt lat="48.055235" lon="-123.779198"><ele>605.009</ele><time>2026-08-19T18:28:22Z</time></trkpt><trkpt lat="48.055214" lon="-123.779174"><ele>604.245</ele><time>2026-08-19T18:28:24Z</time></trkpt><trkpt lat="48.055195" lon="-123.779152"><ele>603.881</ele><time>2026-08-19T18:28:26Z</time></trkpt><trkpt lat="48.055144" lon="-123.779071"><ele>602.863</ele><time>2026-08-19T18:28:31Z</time></trkpt><trkpt lat="48.055115" lon="-123.779024"><ele>602.081</ele><time>2026-08-19T18:28:34Z</time></trkpt><trkpt lat="48.055105" lon="-123.779008"><ele>601.819</ele><time>2026-08-19T18:28:35Z</time></trkpt><trkpt lat="48.055066" lon="-123.778939"><ele>600.672</ele><time>2026-08-19T18:28:40Z</time></trkpt><trkpt lat="48.055031" lon="-123.778866"><ele>599.466</ele><time>2026-08-19T18:28:44Z</time></trkpt><trkpt lat="48.054995" lon="-123.778816"><ele>598.496</ele><time>2026-08-19T18:28:48Z</time></trkpt><trkpt lat="48.054961" lon="-123.778782"><ele>597.471</ele><time>2026-08-19T18:28:52Z</time></trkpt><trkpt lat="48.054943" lon="-123.778745"><ele>596.621</ele><time>2026-08-19T18:28:54Z</time></trkpt><trkpt lat="48.054938" lon="-123.778734"><ele>596.441</ele><time>2026-08-19T18:28:55Z</time></trkpt><trkpt lat="48.054916" lon="-123.778657"><ele>595.205</ele><time>2026-08-19T18:28:59Z</time></trkpt><trkpt lat="48.054902" lon="-123.778619"><ele>594.609</ele><time>2026-08-19T18:29:02Z</time></trkpt><trkpt lat="48.054886" lon="-123.778579"><ele>594.094</ele><time>2026-08-19T18:29:04Z</time></trkpt><trkpt lat="48.054869" lon="-123.778533"><ele>593.040</ele><time>2026-08-19T18:29:07Z</time></trkpt><trkpt lat="48.054853" lon="-123.778494"><ele>592.232</ele><time>2026-08-19T18:29:10Z</time></trkpt><trkpt lat="48.054841" lon="-123.778468"><ele>591.830</ele><time>2026-08-19T18:29:12Z</time></trkpt><trkpt lat="48.054806" lon="-123.77839"><ele>590.648</ele><time>2026-08-19T18:29:17Z</time></trkpt><trkpt lat="48.05479" lon="-123.778352"><ele>589.851</ele><time>2026-08-19T18:29:19Z</time></trkpt><trkpt lat="48.054779" lon="-123.778335"><ele>589.485</ele><time>2026-08-19T18:29:20Z</time></trkpt><trkpt lat="48.05475" lon="-123.778286"><ele>588.825</ele><time>2026-08-19T18:29:23Z</time></trkpt><trkpt lat="48.054739" lon="-123.778267"><ele>588.680</ele><time>2026-08-19T18:29:25Z</time></trkpt><trkpt lat="48.054726" lon="-123.778261"><ele>588.465</ele><time>2026-08-19T18:29:27Z</time></trkpt><trkpt lat="48.054718" lon="-123.778256"><ele>588.268</ele><time>2026-08-19T18:29:28Z</time></trkpt><trkpt lat="48.054676" lon="-123.77823"><ele>587.214</ele><time>2026-08-19T18:29:31Z</time></trkpt><trkpt lat="48.054615" lon="-123.77819"><ele>586.409</ele><time>2026-08-19T18:29:36Z</time></trkpt><trkpt lat="48.054598" lon="-123.778189"><ele>586.268</ele><time>2026-08-19T18:29:38Z</time></trkpt><trkpt lat="48.054547" lon="-123.778192"><ele>585.074</ele><time>2026-08-19T18:29:43Z</time></trkpt><trkpt lat="48.054535" lon="-123.77819"><ele>584.896</ele><time>2026-08-19T18:29:44Z</time></trkpt><trkpt lat="48.054508" lon="-123.778183"><ele>584.084</ele><time>2026-08-19T18:29:48Z</time></trkpt><trkpt lat="48.054465" lon="-123.778168"><ele>583.082</ele><time>2026-08-19T18:29:52Z</time></trkpt><trkpt lat="48.054454" lon="-123.778163"><ele>583.055</ele><time>2026-08-19T18:29:53Z</time></trkpt><trkpt lat="48.054392" lon="-123.778152"><ele>583.059</ele><time>2026-08-19T18:29:59Z</time></trkpt><trkpt lat="48.054363" lon="-123.778148"><ele>582.889</ele><time>2026-08-19T18:30:01Z</time></trkpt><trkpt lat="48.054294" lon="-123.778145"><ele>582.094</ele><time>2026-08-19T18:30:07Z</time></trkpt><trkpt lat="48.054302" lon="-123.778163"><ele>581.666</ele><time>2026-08-19T18:30:09Z</time></trkpt><trkpt lat="48.054308" lon="-123.778172"><ele>581.429</ele><time>2026-08-19T18:30:10Z</time></trkpt><trkpt lat="48.054318" lon="-123.778188"><ele>581.021</ele><time>2026-08-19T18:30:11Z</time></trkpt><trkpt lat="48.054345" lon="-123.778227"><ele>579.809</ele><time>2026-08-19T18:30:14Z</time></trkpt><trkpt lat="48.054369" lon="-123.778258"><ele>578.848</ele><time>2026-08-19T18:30:17Z</time></trkpt><trkpt lat="48.054378" lon="-123.77827"><ele>578.644</ele><time>2026-08-19T18:30:18Z</time></trkpt><trkpt lat="48.054423" lon="-123.77833"><ele>577.696</ele><time>2026-08-19T18:30:25Z</time></trkpt><trkpt lat="48.054474" lon="-123.778366"><ele>577.054</ele><time>2026-08-19T18:30:34Z</time></trkpt><trkpt lat="48.054498" lon="-123.778404"><ele>576.422</ele><time>2026-08-19T18:30:38Z</time></trkpt><trkpt lat="48.054507" lon="-123.778413"><ele>576.035</ele><time>2026-08-19T18:30:41Z</time></trkpt><trkpt lat="48.054516" lon="-123.778438"><ele>575.499</ele><time>2026-08-19T18:30:46Z</time></trkpt><trkpt lat="48.054517" lon="-123.778464"><ele>574.639</ele><time>2026-08-19T18:30:49Z</time></trkpt><trkpt lat="48.05452" lon="-123.778493"><ele>574.294</ele><time>2026-08-19T18:30:51Z</time></trkpt><trkpt lat="48.054516" lon="-123.778532"><ele>573.069</ele><time>2026-08-19T18:30:55Z</time></trkpt><trkpt lat="48.054518" lon="-123.778567"><ele>572.604</ele><time>2026-08-19T18:30:57Z</time></trkpt><trkpt lat="48.054529" lon="-123.778603"><ele>572.024</ele><time>2026-08-19T18:31:00Z</time></trkpt><trkpt lat="48.054545" lon="-123.778674"><ele>571.009</ele><time>2026-08-19T18:31:05Z</time></trkpt><trkpt lat="48.054547" lon="-123.778744"><ele>569.678</ele><time>2026-08-19T18:31:09Z</time></trkpt><trkpt lat="48.054565" lon="-123.778812"><ele>568.674</ele><time>2026-08-19T18:31:13Z</time></trkpt><trkpt lat="48.054572" lon="-123.778831"><ele>568.636</ele><time>2026-08-19T18:31:14Z</time></trkpt><trkpt lat="48.05456" lon="-123.778843"><ele>567.684</ele><time>2026-08-19T18:31:20Z</time></trkpt><trkpt lat="48.054556" lon="-123.778834"><ele>567.262</ele><time>2026-08-19T18:31:21Z</time></trkpt><trkpt lat="48.054531" lon="-123.778821"><ele>566.495</ele><time>2026-08-19T18:31:24Z</time></trkpt><trkpt lat="48.054489" lon="-123.778789"><ele>565.229</ele><time>2026-08-19T18:31:28Z</time></trkpt><trkpt lat="48.054459" lon="-123.778761"><ele>563.889</ele><time>2026-08-19T18:31:32Z</time></trkpt><trkpt lat="48.054427" lon="-123.778728"><ele>562.854</ele><time>2026-08-19T18:31:37Z</time></trkpt><trkpt lat="48.05437" lon="-123.778698"><ele>561.676</ele><time>2026-08-19T18:31:42Z</time></trkpt><trkpt lat="48.054335" lon="-123.778692"><ele>560.890</ele><time>2026-08-19T18:31:46Z</time></trkpt><trkpt lat="48.05432" lon="-123.778691"><ele>560.419</ele><time>2026-08-19T18:31:48Z</time></trkpt><trkpt lat="48.054267" lon="-123.778688"><ele>559.209</ele><time>2026-08-19T18:31:53Z</time></trkpt><trkpt lat="48.054247" lon="-123.778682"><ele>558.889</ele><time>2026-08-19T18:31:55Z</time></trkpt><trkpt lat="48.054149" lon="-123.778674"><ele>558.025</ele><time>2026-08-19T18:32:01Z</time></trkpt><trkpt lat="48.054103" lon="-123.778691"><ele>557.687</ele><time>2026-08-19T18:32:04Z</time></trkpt><trkpt lat="48.054127" lon="-123.778697"><ele>556.825</ele><time>2026-08-19T18:32:07Z</time></trkpt><trkpt lat="48.054136" lon="-123.778699"><ele>556.693</ele><time>2026-08-19T18:32:08Z</time></trkpt><trkpt lat="48.054186" lon="-123.778754"><ele>555.866</ele><time>2026-08-19T18:32:13Z</time></trkpt><trkpt lat="48.054203" lon="-123.778792"><ele>555.020</ele><time>2026-08-19T18:32:15Z</time></trkpt><trkpt lat="48.054213" lon="-123.778808"><ele>554.610</ele><time>2026-08-19T18:32:16Z</time></trkpt><trkpt lat="48.054236" lon="-123.778861"><ele>553.425</ele><time>2026-08-19T18:32:19Z</time></trkpt><trkpt lat="48.054261" lon="-123.778926"><ele>552.648</ele><time>2026-08-19T18:32:23Z</time></trkpt><trkpt lat="48.054267" lon="-123.778936"><ele>552.261</ele><time>2026-08-19T18:32:24Z</time></trkpt><trkpt lat="48.054295" lon="-123.778997"><ele>551.017</ele><time>2026-08-19T18:32:29Z</time></trkpt><trkpt lat="48.054317" lon="-123.779039"><ele>550.209</ele><time>2026-08-19T18:32:33Z</time></trkpt><trkpt lat="48.054323" lon="-123.779052"><ele>550.076</ele><time>2026-08-19T18:32:34Z</time></trkpt><trkpt lat="48.05435" lon="-123.779112"><ele>549.022</ele><time>2026-08-19T18:32:39Z</time></trkpt><trkpt lat="48.054357" lon="-123.77914"><ele>548.684</ele><time>2026-08-19T18:32:41Z</time></trkpt><trkpt lat="48.054368" lon="-123.779183"><ele>547.812</ele><time>2026-08-19T18:32:44Z</time></trkpt><trkpt lat="48.054405" lon="-123.779274"><ele>546.890</ele><time>2026-08-19T18:32:49Z</time></trkpt><trkpt lat="48.054421" lon="-123.779329"><ele>545.413</ele><time>2026-08-19T18:32:53Z</time></trkpt><trkpt lat="48.054423" lon="-123.779364"><ele>544.447</ele><time>2026-08-19T18:32:57Z</time></trkpt><trkpt lat="48.054422" lon="-123.779373"><ele>544.247</ele><time>2026-08-19T18:32:58Z</time></trkpt><trkpt lat="48.054429" lon="-123.779483"><ele>543.252</ele><time>2026-08-19T18:33:04Z</time></trkpt><trkpt lat="48.054432" lon="-123.779536"><ele>542.417</ele><time>2026-08-19T18:33:06Z</time></trkpt><trkpt lat="48.054444" lon="-123.77957"><ele>541.887</ele><time>2026-08-19T18:33:08Z</time></trkpt><trkpt lat="48.054461" lon="-123.779647"><ele>540.815</ele><time>2026-08-19T18:33:12Z</time></trkpt><trkpt lat="48.054477" lon="-123.779691"><ele>539.609</ele><time>2026-08-19T18:33:15Z</time></trkpt><trkpt lat="48.054486" lon="-123.779746"><ele>538.483</ele><time>2026-08-19T18:33:19Z</time></trkpt><trkpt lat="48.054504" lon="-123.779826"><ele>537.269</ele><time>2026-08-19T18:33:23Z</time></trkpt><trkpt lat="48.054507" lon="-123.779913"><ele>536.631</ele><time>2026-08-19T18:33:27Z</time></trkpt><trkpt lat="48.054509" lon="-123.779947"><ele>536.289</ele><time>2026-08-19T18:33:29Z</time></trkpt><trkpt lat="48.054507" lon="-123.780048"><ele>535.047</ele><time>2026-08-19T18:33:34Z</time></trkpt><trkpt lat="48.054509" lon="-123.780094"><ele>534.230</ele><time>2026-08-19T18:33:36Z</time></trkpt><trkpt lat="48.05451" lon="-123.780116"><ele>534.044</ele><time>2026-08-19T18:33:37Z</time></trkpt><trkpt lat="48.054511" lon="-123.780178"><ele>532.844</ele><time>2026-08-19T18:33:40Z</time></trkpt><trkpt lat="48.054509" lon="-123.780223"><ele>531.639</ele><time>2026-08-19T18:33:43Z</time></trkpt><trkpt lat="48.054506" lon="-123.780256"><ele>531.271</ele><time>2026-08-19T18:33:45Z</time></trkpt><trkpt lat="48.054501" lon="-123.780288"><ele>530.641</ele><time>2026-08-19T18:33:47Z</time></trkpt><trkpt lat="48.0545" lon="-123.780356"><ele>529.215</ele><time>2026-08-19T18:33:51Z</time></trkpt><trkpt lat="48.054495" lon="-123.780427"><ele>528.209</ele><time>2026-08-19T18:33:54Z</time></trkpt><trkpt lat="48.054492" lon="-123.780499"><ele>526.819</ele><time>2026-08-19T18:33:58Z</time></trkpt><trkpt lat="48.054486" lon="-123.780552"><ele>525.665</ele><time>2026-08-19T18:34:01Z</time></trkpt><trkpt lat="48.054478" lon="-123.780592"><ele>525.057</ele><time>2026-08-19T18:34:03Z</time></trkpt><trkpt lat="48.054477" lon="-123.780618"><ele>524.415</ele><time>2026-08-19T18:34:05Z</time></trkpt><trkpt lat="48.054469" lon="-123.780635"><ele>523.273</ele><time>2026-08-19T18:34:08Z</time></trkpt><trkpt lat="48.054461" lon="-123.780655"><ele>522.456</ele><time>2026-08-19T18:34:10Z</time></trkpt><trkpt lat="48.054458" lon="-123.780667"><ele>522.020</ele><time>2026-08-19T18:34:11Z</time></trkpt><trkpt lat="48.054444" lon="-123.780718"><ele>521.010</ele><time>2026-08-19T18:34:14Z</time></trkpt><trkpt lat="48.054433" lon="-123.780771"><ele>519.645</ele><time>2026-08-19T18:34:17Z</time></trkpt><trkpt lat="48.054428" lon="-123.7808"><ele>519.069</ele><time>2026-08-19T18:34:19Z</time></trkpt><trkpt lat="48.054422" lon="-123.780824"><ele>518.404</ele><time>2026-08-19T18:34:21Z</time></trkpt><trkpt lat="48.054402" lon="-123.780884"><ele>517.424</ele><time>2026-08-19T18:34:26Z</time></trkpt><trkpt lat="48.054387" lon="-123.78091"><ele>516.809</ele><time>2026-08-19T18:34:28Z</time></trkpt><trkpt lat="48.054378" lon="-123.780924"><ele>516.068</ele><time>2026-08-19T18:34:30Z</time></trkpt><trkpt lat="48.054345" lon="-123.780969"><ele>514.864</ele><time>2026-08-19T18:34:34Z</time></trkpt><trkpt lat="48.054324" lon="-123.780991"><ele>514.296</ele><time>2026-08-19T18:34:36Z</time></trkpt><trkpt lat="48.05431" lon="-123.781016"><ele>513.474</ele><time>2026-08-19T18:34:38Z</time></trkpt><trkpt lat="48.054274" lon="-123.781081"><ele>512.452</ele><time>2026-08-19T18:34:42Z</time></trkpt><trkpt lat="48.054247" lon="-123.781132"><ele>511.485</ele><time>2026-08-19T18:34:45Z</time></trkpt><trkpt lat="48.054239" lon="-123.781147"><ele>511.299</ele><time>2026-08-19T18:34:46Z</time></trkpt><trkpt lat="48.054217" lon="-123.781196"><ele>510.249</ele><time>2026-08-19T18:34:49Z</time></trkpt><trkpt lat="48.054204" lon="-123.781244"><ele>509.054</ele><time>2026-08-19T18:34:52Z</time></trkpt><trkpt lat="48.054201" lon="-123.78126"><ele>508.879</ele><time>2026-08-19T18:34:53Z</time></trkpt><trkpt lat="48.054187" lon="-123.781309"><ele>508.005</ele><time>2026-08-19T18:34:57Z</time></trkpt><trkpt lat="48.054163" lon="-123.781368"><ele>506.825</ele><time>2026-08-19T18:35:01Z</time></trkpt><trkpt lat="48.054152" lon="-123.781397"><ele>506.209</ele><time>2026-08-19T18:35:03Z</time></trkpt><trkpt lat="48.054143" lon="-123.781423"><ele>505.699</ele><time>2026-08-19T18:35:05Z</time></trkpt><trkpt lat="48.05412" lon="-123.781482"><ele>504.495</ele><time>2026-08-19T18:35:09Z</time></trkpt><trkpt lat="48.054116" lon="-123.781502"><ele>503.817</ele><time>2026-08-19T18:35:10Z</time></trkpt><trkpt lat="48.05411" lon="-123.781528"><ele>503.095</ele><time>2026-08-19T18:35:12Z</time></trkpt><trkpt lat="48.054099" lon="-123.781578"><ele>501.863</ele><time>2026-08-19T18:35:15Z</time></trkpt><trkpt lat="48.054095" lon="-123.781592"><ele>501.696</ele><time>2026-08-19T18:35:16Z</time></trkpt><trkpt lat="48.054084" lon="-123.781645"><ele>500.810</ele><time>2026-08-19T18:35:19Z</time></trkpt><trkpt lat="48.054068" lon="-123.781713"><ele>499.690</ele><time>2026-08-19T18:35:23Z</time></trkpt><trkpt lat="48.054054" lon="-123.781749"><ele>499.085</ele><time>2026-08-19T18:35:25Z</time></trkpt><trkpt lat="48.05404" lon="-123.781789"><ele>498.484</ele><time>2026-08-19T18:35:27Z</time></trkpt><trkpt lat="48.05402" lon="-123.781878"><ele>497.407</ele><time>2026-08-19T18:35:32Z</time></trkpt><trkpt lat="48.054015" lon="-123.781911"><ele>497.017</ele><time>2026-08-19T18:35:34Z</time></trkpt><trkpt lat="48.054" lon="-123.781977"><ele>496.209</ele><time>2026-08-19T18:35:38Z</time></trkpt><trkpt lat="48.053975" lon="-123.782042"><ele>495.480</ele><time>2026-08-19T18:35:42Z</time></trkpt><trkpt lat="48.05397" lon="-123.782062"><ele>495.286</ele><time>2026-08-19T18:35:43Z</time></trkpt><trkpt lat="48.053949" lon="-123.782119"><ele>494.038</ele><time>2026-08-19T18:35:48Z</time></trkpt><trkpt lat="48.053948" lon="-123.782126"><ele>493.886</ele><time>2026-08-19T18:35:49Z</time></trkpt><trkpt lat="48.053945" lon="-123.782148"><ele>493.034</ele><time>2026-08-19T18:35:51Z</time></trkpt><trkpt lat="48.053933" lon="-123.78221"><ele>492.057</ele><time>2026-08-19T18:35:56Z</time></trkpt><trkpt lat="48.053923" lon="-123.782226"><ele>491.051</ele><time>2026-08-19T18:35:59Z</time></trkpt><trkpt lat="48.05392" lon="-123.782232"><ele>490.831</ele><time>2026-08-19T18:36:00Z</time></trkpt><trkpt lat="48.053904" lon="-123.782275"><ele>489.696</ele><time>2026-08-19T18:36:04Z</time></trkpt><trkpt lat="48.053882" lon="-123.782315"><ele>488.617</ele><time>2026-08-19T18:36:08Z</time></trkpt><trkpt lat="48.053853" lon="-123.782368"><ele>487.687</ele><time>2026-08-19T18:36:12Z</time></trkpt><trkpt lat="48.053833" lon="-123.782383"><ele>486.415</ele><time>2026-08-19T18:36:16Z</time></trkpt><trkpt lat="48.053826" lon="-123.782389"><ele>486.009</ele><time>2026-08-19T18:36:17Z</time></trkpt><trkpt lat="48.053811" lon="-123.782404"><ele>485.283</ele><time>2026-08-19T18:36:20Z</time></trkpt><trkpt lat="48.053775" lon="-123.782428"><ele>484.049</ele><time>2026-08-19T18:36:24Z</time></trkpt><trkpt lat="48.053766" lon="-123.78243"><ele>483.621</ele><time>2026-08-19T18:36:25Z</time></trkpt><trkpt lat="48.053747" lon="-123.782443"><ele>482.869</ele><time>2026-08-19T18:36:28Z</time></trkpt><trkpt lat="48.053731" lon="-123.782481"><ele>481.887</ele><time>2026-08-19T18:36:32Z</time></trkpt><trkpt lat="48.053728" lon="-123.782499"><ele>481.470</ele><time>2026-08-19T18:36:33Z</time></trkpt><trkpt lat="48.053713" lon="-123.782525"><ele>480.634</ele><time>2026-08-19T18:36:35Z</time></trkpt><trkpt lat="48.053684" lon="-123.782551"><ele>479.434</ele><time>2026-08-19T18:36:38Z</time></trkpt><trkpt lat="48.053668" lon="-123.782554"><ele>478.619</ele><time>2026-08-19T18:36:41Z</time></trkpt><trkpt lat="48.053664" lon="-123.782557"><ele>478.451</ele><time>2026-08-19T18:36:42Z</time></trkpt><trkpt lat="48.053629" lon="-123.782579"><ele>477.201</ele><time>2026-08-19T18:36:47Z</time></trkpt><trkpt lat="48.053611" lon="-123.78259"><ele>476.611</ele><time>2026-08-19T18:36:49Z</time></trkpt><trkpt lat="48.053601" lon="-123.782603"><ele>476.009</ele><time>2026-08-19T18:36:51Z</time></trkpt><trkpt lat="48.053587" lon="-123.782602"><ele>475.677</ele><time>2026-08-19T18:36:53Z</time></trkpt><trkpt lat="48.053573" lon="-123.7826"><ele>475.053</ele><time>2026-08-19T18:36:55Z</time></trkpt><trkpt lat="48.053566" lon="-123.782605"><ele>474.875</ele><time>2026-08-19T18:36:56Z</time></trkpt><trkpt lat="48.053547" lon="-123.782636"><ele>473.883</ele><time>2026-08-19T18:37:00Z</time></trkpt><trkpt lat="48.053535" lon="-123.782663"><ele>472.661</ele><time>2026-08-19T18:37:04Z</time></trkpt><trkpt lat="48.053535" lon="-123.782673"><ele>472.264</ele><time>2026-08-19T18:37:05Z</time></trkpt><trkpt lat="48.053538" lon="-123.782705"><ele>471.448</ele><time>2026-08-19T18:37:08Z</time></trkpt><trkpt lat="48.053527" lon="-123.782719"><ele>470.498</ele><time>2026-08-19T18:37:12Z</time></trkpt><trkpt lat="48.05352" lon="-123.78272"><ele>470.243</ele><time>2026-08-19T18:37:13Z</time></trkpt><trkpt lat="48.053492" lon="-123.782725"><ele>469.048</ele><time>2026-08-19T18:37:18Z</time></trkpt><trkpt lat="48.053483" lon="-123.782723"><ele>468.861</ele><time>2026-08-19T18:37:19Z</time></trkpt><trkpt lat="48.053459" lon="-123.782727"><ele>468.017</ele><time>2026-08-19T18:37:22Z</time></trkpt><trkpt lat="48.053452" lon="-123.78276"><ele>467.209</ele><time>2026-08-19T18:37:26Z</time></trkpt><trkpt lat="48.053452" lon="-123.782768"><ele>466.816</ele><time>2026-08-19T18:37:27Z</time></trkpt><trkpt lat="48.053439" lon="-123.782767"><ele>465.892</ele><time>2026-08-19T18:37:32Z</time></trkpt><trkpt lat="48.053424" lon="-123.782799"><ele>465.024</ele><time>2026-08-19T18:37:36Z</time></trkpt><trkpt lat="48.053415" lon="-123.782791"><ele>464.632</ele><time>2026-08-19T18:37:38Z</time></trkpt><trkpt lat="48.053391" lon="-123.782749"><ele>463.420</ele><time>2026-08-19T18:37:43Z</time></trkpt><trkpt lat="48.053359" lon="-123.782709"><ele>462.483</ele><time>2026-08-19T18:37:48Z</time></trkpt><trkpt lat="48.053347" lon="-123.782706"><ele>461.617</ele><time>2026-08-19T18:37:50Z</time></trkpt><trkpt lat="48.053347" lon="-123.782732"><ele>461.237</ele><time>2026-08-19T18:37:52Z</time></trkpt><trkpt lat="48.053336" lon="-123.782801"><ele>460.462</ele><time>2026-08-19T18:37:56Z</time></trkpt><trkpt lat="48.053332" lon="-123.78282"><ele>460.081</ele><time>2026-08-19T18:37:57Z</time></trkpt><trkpt lat="48.053309" lon="-123.782879"><ele>459.061</ele><time>2026-08-19T18:38:01Z</time></trkpt><trkpt lat="48.053291" lon="-123.782914"><ele>457.817</ele><time>2026-08-19T18:38:04Z</time></trkpt><trkpt lat="48.053289" lon="-123.782953"><ele>456.609</ele><time>2026-08-19T18:38:07Z</time></trkpt><trkpt lat="48.0533" lon="-123.783014"><ele>455.410</ele><time>2026-08-19T18:38:11Z</time></trkpt><trkpt lat="48.053306" lon="-123.783049"><ele>454.836</ele><time>2026-08-19T18:38:13Z</time></trkpt><trkpt lat="48.053309" lon="-123.783078"><ele>454.238</ele><time>2026-08-19T18:38:15Z</time></trkpt><trkpt lat="48.053303" lon="-123.783135"><ele>453.686</ele><time>2026-08-19T18:38:23Z</time></trkpt><trkpt lat="48.053284" lon="-123.783181"><ele>453.494</ele><time>2026-08-19T18:38:34Z</time></trkpt><trkpt lat="48.053284" lon="-123.783176"><ele>453.467</ele><time>2026-08-19T18:38:35Z</time></trkpt><trkpt lat="48.053305" lon="-123.783179"><ele>453.261</ele><time>2026-08-19T18:38:40Z</time></trkpt><trkpt lat="48.053318" lon="-123.783191"><ele>453.071</ele><time>2026-08-19T18:38:42Z</time></trkpt><trkpt lat="48.053327" lon="-123.7832"><ele>452.896</ele><time>2026-08-19T18:38:43Z</time></trkpt><trkpt lat="48.053341" lon="-123.783216"><ele>452.454</ele><time>2026-08-19T18:38:45Z</time></trkpt><trkpt lat="48.053349" lon="-123.783222"><ele>452.056</ele><time>2026-08-19T18:38:46Z</time></trkpt><trkpt lat="48.053357" lon="-123.783228"><ele>451.611</ele><time>2026-08-19T18:38:47Z</time></trkpt><trkpt lat="48.053366" lon="-123.783231"><ele>451.409</ele><time>2026-08-19T18:38:48Z</time></trkpt><trkpt lat="48.053387" lon="-123.783239"><ele>451.077</ele><time>2026-08-19T18:38:50Z</time></trkpt><trkpt lat="48.05342" lon="-123.783248"><ele>450.253</ele><time>2026-08-19T18:38:54Z</time></trkpt><trkpt lat="48.053429" lon="-123.783251"><ele>449.885</ele><time>2026-08-19T18:38:55Z</time></trkpt><trkpt lat="48.053468" lon="-123.783285"><ele>448.893</ele><time>2026-08-19T18:39:00Z</time></trkpt><trkpt lat="48.053476" lon="-123.783305"><ele>448.011</ele><time>2026-08-19T18:39:03Z</time></trkpt><trkpt lat="48.053478" lon="-123.783317"><ele>447.614</ele><time>2026-08-19T18:39:05Z</time></trkpt><trkpt lat="48.05348" lon="-123.783359"><ele>446.628</ele><time>2026-08-19T18:39:10Z</time></trkpt><trkpt lat="48.053472" lon="-123.783376"><ele>446.278</ele><time>2026-08-19T18:39:12Z</time></trkpt><trkpt lat="48.053465" lon="-123.783411"><ele>445.423</ele><time>2026-08-19T18:39:15Z</time></trkpt><trkpt lat="48.05347" lon="-123.783451"><ele>444.255</ele><time>2026-08-19T18:39:19Z</time></trkpt><trkpt lat="48.053474" lon="-123.783469"><ele>443.807</ele><time>2026-08-19T18:39:21Z</time></trkpt><trkpt lat="48.05348" lon="-123.783503"><ele>443.017</ele><time>2026-08-19T18:39:25Z</time></trkpt><trkpt lat="48.053472" lon="-123.783557"><ele>441.609</ele><time>2026-08-19T18:39:29Z</time></trkpt><trkpt lat="48.053462" lon="-123.783578"><ele>441.227</ele><time>2026-08-19T18:39:31Z</time></trkpt><trkpt lat="48.053455" lon="-123.783589"><ele>440.633</ele><time>2026-08-19T18:39:33Z</time></trkpt><trkpt lat="48.05341" lon="-123.783606"><ele>439.675</ele><time>2026-08-19T18:39:38Z</time></trkpt><trkpt lat="48.053389" lon="-123.78362"><ele>439.273</ele><time>2026-08-19T18:39:40Z</time></trkpt><trkpt lat="48.053372" lon="-123.783658"><ele>438.631</ele><time>2026-08-19T18:39:43Z</time></trkpt><trkpt lat="48.053379" lon="-123.783758"><ele>437.664</ele><time>2026-08-19T18:39:49Z</time></trkpt><trkpt lat="48.053386" lon="-123.783764"><ele>437.638</ele><time>2026-08-19T18:39:50Z</time></trkpt><trkpt lat="48.053409" lon="-123.783758"><ele>436.818</ele><time>2026-08-19T18:39:53Z</time></trkpt><trkpt lat="48.053416" lon="-123.783757"><ele>436.413</ele><time>2026-08-19T18:39:54Z</time></trkpt><trkpt lat="48.053427" lon="-123.783752"><ele>435.666</ele><time>2026-08-19T18:39:56Z</time></trkpt><trkpt lat="48.05345" lon="-123.783751"><ele>435.229</ele><time>2026-08-19T18:39:58Z</time></trkpt><trkpt lat="48.053497" lon="-123.783756"><ele>434.021</ele><time>2026-08-19T18:40:01Z</time></trkpt><trkpt lat="48.053524" lon="-123.783765"><ele>433.409</ele><time>2026-08-19T18:40:02Z</time></trkpt><trkpt lat="48.053547" lon="-123.783778"><ele>432.698</ele><time>2026-08-19T18:40:03Z</time></trkpt><trkpt lat="48.053614" lon="-123.78382"><ele>431.424</ele><time>2026-08-19T18:40:06Z</time></trkpt><trkpt lat="48.053639" lon="-123.783836"><ele>430.676</ele><time>2026-08-19T18:40:08Z</time></trkpt><trkpt lat="48.053648" lon="-123.783841"><ele>430.244</ele><time>2026-08-19T18:40:09Z</time></trkpt><trkpt lat="48.053666" lon="-123.783854"><ele>429.892</ele><time>2026-08-19T18:40:11Z</time></trkpt><trkpt lat="48.053694" lon="-123.783878"><ele>429.015</ele><time>2026-08-19T18:40:13Z</time></trkpt><trkpt lat="48.053736" lon="-123.783906"><ele>427.479</ele><time>2026-08-19T18:40:16Z</time></trkpt><trkpt lat="48.053777" lon="-123.783923"><ele>426.249</ele><time>2026-08-19T18:40:19Z</time></trkpt><trkpt lat="48.053828" lon="-123.783953"><ele>425.054</ele><time>2026-08-19T18:40:23Z</time></trkpt><trkpt lat="48.053874" lon="-123.783979"><ele>423.889</ele><time>2026-08-19T18:40:26Z</time></trkpt><trkpt lat="48.053917" lon="-123.784007"><ele>422.606</ele><time>2026-08-19T18:40:30Z</time></trkpt><trkpt lat="48.053935" lon="-123.784023"><ele>421.826</ele><time>2026-08-19T18:40:32Z</time></trkpt><trkpt lat="48.053958" lon="-123.784034"><ele>421.409</ele><time>2026-08-19T18:40:34Z</time></trkpt><trkpt lat="48.05398" lon="-123.784039"><ele>421.010</ele><time>2026-08-19T18:40:36Z</time></trkpt><trkpt lat="48.054016" lon="-123.784055"><ele>420.616</ele><time>2026-08-19T18:40:40Z</time></trkpt><trkpt lat="48.054048" lon="-123.784087"><ele>420.218</ele><time>2026-08-19T18:40:43Z</time></trkpt><trkpt lat="48.054081" lon="-123.784143"><ele>418.816</ele><time>2026-08-19T18:40:47Z</time></trkpt><trkpt lat="48.054088" lon="-123.78417"><ele>418.044</ele><time>2026-08-19T18:40:49Z</time></trkpt><trkpt lat="48.054092" lon="-123.784187"><ele>417.877</ele><time>2026-08-19T18:40:50Z</time></trkpt><trkpt lat="48.054116" lon="-123.784273"><ele>416.411</ele><time>2026-08-19T18:40:55Z</time></trkpt><trkpt lat="48.054134" lon="-123.78432"><ele>415.871</ele><time>2026-08-19T18:40:58Z</time></trkpt><trkpt lat="48.054153" lon="-123.784337"><ele>415.416</ele><time>2026-08-19T18:41:00Z</time></trkpt><trkpt lat="48.054203" lon="-123.784354"><ele>414.684</ele><time>2026-08-19T18:41:06Z</time></trkpt><trkpt lat="48.054259" lon="-123.784341"><ele>414.207</ele><time>2026-08-19T18:41:12Z</time></trkpt><trkpt lat="48.054284" lon="-123.784336"><ele>413.817</ele><time>2026-08-19T18:41:14Z</time></trkpt><trkpt lat="48.054318" lon="-123.784314"><ele>413.009</ele><time>2026-08-19T18:41:18Z</time></trkpt><trkpt lat="48.054343" lon="-123.784317"><ele>412.080</ele><time>2026-08-19T18:41:22Z</time></trkpt><trkpt lat="48.05435" lon="-123.784307"><ele>411.636</ele><time>2026-08-19T18:41:23Z</time></trkpt><trkpt lat="48.054376" lon="-123.784281"><ele>410.658</ele><time>2026-08-19T18:41:26Z</time></trkpt><trkpt lat="48.054414" lon="-123.784239"><ele>409.436</ele><time>2026-08-19T18:41:30Z</time></trkpt><trkpt lat="48.054462" lon="-123.784192"><ele>408.424</ele><time>2026-08-19T18:41:34Z</time></trkpt><trkpt lat="48.054508" lon="-123.784155"><ele>407.057</ele><time>2026-08-19T18:41:37Z</time></trkpt><trkpt lat="48.054545" lon="-123.784151"><ele>405.841</ele><time>2026-08-19T18:41:39Z</time></trkpt><trkpt lat="48.054596" lon="-123.784183"><ele>404.691</ele><time>2026-08-19T18:41:42Z</time></trkpt><trkpt lat="48.05461" lon="-123.78419"><ele>404.026</ele><time>2026-08-19T18:41:43Z</time></trkpt><trkpt lat="48.054615" lon="-123.784186"><ele>403.282</ele><time>2026-08-19T18:41:45Z</time></trkpt><trkpt lat="48.054621" lon="-123.784179"><ele>403.043</ele><time>2026-08-19T18:41:48Z</time></trkpt><trkpt lat="48.054649" lon="-123.784165"><ele>403.417</ele><time>2026-08-19T18:41:58Z</time></trkpt><trkpt lat="48.054658" lon="-123.784161"><ele>403.409</ele><time>2026-08-19T18:42:00Z</time></trkpt><trkpt lat="48.05466" lon="-123.784162"><ele>403.440</ele><time>2026-08-19T18:42:01Z</time></trkpt><trkpt lat="48.054687" lon="-123.78425"><ele>403.296</ele><time>2026-08-19T18:42:11Z</time></trkpt><trkpt lat="48.054655" lon="-123.78417"><ele>403.868</ele><time>2026-08-19T18:42:20Z</time></trkpt><trkpt lat="48.054676" lon="-123.784195"><ele>404.036</ele><time>2026-08-19T18:42:27Z</time></trkpt><trkpt lat="48.054689" lon="-123.784202"><ele>403.454</ele><time>2026-08-19T18:42:32Z</time></trkpt><trkpt lat="48.054747" lon="-123.784239"><ele>403.047</ele><time>2026-08-19T18:42:39Z</time></trkpt><trkpt lat="48.054787" lon="-123.784275"><ele>402.031</ele><time>2026-08-19T18:42:43Z</time></trkpt><trkpt lat="48.054822" lon="-123.784318"><ele>401.221</ele><time>2026-08-19T18:42:48Z</time></trkpt><trkpt lat="48.054826" lon="-123.784329"><ele>401.056</ele><time>2026-08-19T18:42:49Z</time></trkpt><trkpt lat="48.054868" lon="-123.784389"><ele>400.086</ele><time>2026-08-19T18:42:54Z</time></trkpt><trkpt lat="48.05488" lon="-123.784417"><ele>399.660</ele><time>2026-08-19T18:42:56Z</time></trkpt><trkpt lat="48.054899" lon="-123.784466"><ele>398.826</ele><time>2026-08-19T18:42:59Z</time></trkpt><trkpt lat="48.054921" lon="-123.784547"><ele>397.809</ele><time>2026-08-19T18:43:03Z</time></trkpt><trkpt lat="48.054924" lon="-123.784567"><ele>397.680</ele><time>2026-08-19T18:43:04Z</time></trkpt><trkpt lat="48.054922" lon="-123.78463"><ele>396.456</ele><time>2026-08-19T18:43:08Z</time></trkpt><trkpt lat="48.054928" lon="-123.784686"><ele>395.498</ele><time>2026-08-19T18:43:12Z</time></trkpt><trkpt lat="48.054925" lon="-123.784726"><ele>394.436</ele><time>2026-08-19T18:43:16Z</time></trkpt><trkpt lat="48.054918" lon="-123.784805"><ele>393.214</ele><time>2026-08-19T18:43:20Z</time></trkpt><trkpt lat="48.054905" lon="-123.784852"><ele>392.077</ele><time>2026-08-19T18:43:23Z</time></trkpt><trkpt lat="48.054898" lon="-123.784905"><ele>391.051</ele><time>2026-08-19T18:43:26Z</time></trkpt><trkpt lat="48.054894" lon="-123.78493"><ele>390.461</ele><time>2026-08-19T18:43:28Z</time></trkpt><trkpt lat="48.054889" lon="-123.784968"><ele>389.816</ele><time>2026-08-19T18:43:30Z</time></trkpt><trkpt lat="48.054883" lon="-123.785031"><ele>388.884</ele><time>2026-08-19T18:43:34Z</time></trkpt><trkpt lat="48.054877" lon="-123.785081"><ele>388.007</ele><time>2026-08-19T18:43:37Z</time></trkpt><trkpt lat="48.054874" lon="-123.785094"><ele>387.617</ele><time>2026-08-19T18:43:38Z</time></trkpt><trkpt lat="48.054862" lon="-123.785167"><ele>386.609</ele><time>2026-08-19T18:43:43Z</time></trkpt><trkpt lat="48.054875" lon="-123.785224"><ele>385.880</ele><time>2026-08-19T18:43:47Z</time></trkpt><trkpt lat="48.054884" lon="-123.785235"><ele>385.646</ele><time>2026-08-19T18:43:48Z</time></trkpt><trkpt lat="48.05489" lon="-123.785246"><ele>385.268</ele><time>2026-08-19T18:43:49Z</time></trkpt><trkpt lat="48.054897" lon="-123.78526"><ele>385.086</ele><time>2026-08-19T18:43:50Z</time></trkpt><trkpt lat="48.054906" lon="-123.785278"><ele>384.864</ele><time>2026-08-19T18:43:51Z</time></trkpt><trkpt lat="48.054922" lon="-123.785305"><ele>384.287</ele><time>2026-08-19T18:43:53Z</time></trkpt><trkpt lat="48.054943" lon="-123.785338"><ele>383.621</ele><time>2026-08-19T18:43:55Z</time></trkpt><trkpt lat="48.054963" lon="-123.785368"><ele>382.831</ele><time>2026-08-19T18:43:57Z</time></trkpt><trkpt lat="48.054977" lon="-123.785407"><ele>381.616</ele><time>2026-08-19T18:44:00Z</time></trkpt><trkpt lat="48.054991" lon="-123.785439"><ele>380.883</ele><time>2026-08-19T18:44:03Z</time></trkpt><trkpt lat="48.055009" lon="-123.785468"><ele>380.625</ele><time>2026-08-19T18:44:05Z</time></trkpt><trkpt lat="48.055078" lon="-123.785518"><ele>379.417</ele><time>2026-08-19T18:44:11Z</time></trkpt><trkpt lat="48.055093" lon="-123.785528"><ele>379.009</ele><time>2026-08-19T18:44:12Z</time></trkpt><trkpt lat="48.0551" lon="-123.785556"><ele>378.080</ele><time>2026-08-19T18:44:15Z</time></trkpt><trkpt lat="48.05509" lon="-123.785567"><ele>377.886</ele><time>2026-08-19T18:44:16Z</time></trkpt><trkpt lat="48.055077" lon="-123.785574"><ele>377.468</ele><time>2026-08-19T18:44:18Z</time></trkpt><trkpt lat="48.055055" lon="-123.785572"><ele>376.846</ele><time>2026-08-19T18:44:20Z</time></trkpt><trkpt lat="48.055013" lon="-123.785558"><ele>375.894</ele><time>2026-08-19T18:44:24Z</time></trkpt><trkpt lat="48.054991" lon="-123.785523"><ele>375.227</ele><time>2026-08-19T18:44:27Z</time></trkpt><trkpt lat="48.054959" lon="-123.785494"><ele>374.671</ele><time>2026-08-19T18:44:30Z</time></trkpt><trkpt lat="48.054907" lon="-123.785473"><ele>373.611</ele><time>2026-08-19T18:44:34Z</time></trkpt><trkpt lat="48.05487" lon="-123.785473"><ele>373.026</ele><time>2026-08-19T18:44:37Z</time></trkpt><trkpt lat="48.054835" lon="-123.785482"><ele>372.623</ele><time>2026-08-19T18:44:40Z</time></trkpt><trkpt lat="48.054787" lon="-123.785496"><ele>371.483</ele><time>2026-08-19T18:44:44Z</time></trkpt><trkpt lat="48.054762" lon="-123.785512"><ele>371.011</ele><time>2026-08-19T18:44:46Z</time></trkpt><trkpt lat="48.054708" lon="-123.785531"><ele>370.409</ele><time>2026-08-19T18:44:50Z</time></trkpt><trkpt lat="48.054654" lon="-123.785564"><ele>369.674</ele><time>2026-08-19T18:44:56Z</time></trkpt><trkpt lat="48.054644" lon="-123.785569"><ele>369.230</ele><time>2026-08-19T18:44:57Z</time></trkpt><trkpt lat="48.054579" lon="-123.785577"><ele>368.272</ele><time>2026-08-19T18:45:03Z</time></trkpt><trkpt lat="48.054561" lon="-123.785564"><ele>368.090</ele><time>2026-08-19T18:45:05Z</time></trkpt><trkpt lat="48.054535" lon="-123.785475"><ele>367.038</ele><time>2026-08-19T18:45:11Z</time></trkpt><trkpt lat="48.054523" lon="-123.785431"><ele>366.491</ele><time>2026-08-19T18:45:13Z</time></trkpt><trkpt lat="48.054499" lon="-123.785375"><ele>366.065</ele><time>2026-08-19T18:45:17Z</time></trkpt><trkpt lat="48.054471" lon="-123.785349"><ele>365.055</ele><time>2026-08-19T18:45:21Z</time></trkpt><trkpt lat="48.054459" lon="-123.785346"><ele>364.810</ele><time>2026-08-19T18:45:22Z</time></trkpt><trkpt lat="48.054395" lon="-123.785364"><ele>363.681</ele><time>2026-08-19T18:45:27Z</time></trkpt><trkpt lat="48.054353" lon="-123.785376"><ele>363.261</ele><time>2026-08-19T18:45:30Z</time></trkpt><trkpt lat="48.054315" lon="-123.78542"><ele>362.417</ele><time>2026-08-19T18:45:34Z</time></trkpt><trkpt lat="48.054289" lon="-123.785485"><ele>361.409</ele><time>2026-08-19T18:45:38Z</time></trkpt><trkpt lat="48.054283" lon="-123.785501"><ele>361.220</ele><time>2026-08-19T18:45:39Z</time></trkpt><trkpt lat="48.054252" lon="-123.785549"><ele>360.286</ele><time>2026-08-19T18:45:43Z</time></trkpt><trkpt lat="48.054212" lon="-123.785601"><ele>359.488</ele><time>2026-08-19T18:45:47Z</time></trkpt><trkpt lat="48.054202" lon="-123.785611"><ele>359.046</ele><time>2026-08-19T18:45:48Z</time></trkpt><trkpt lat="48.054129" lon="-123.785684"><ele>358.074</ele><time>2026-08-19T18:45:54Z</time></trkpt><trkpt lat="48.054104" lon="-123.785711"><ele>357.287</ele><time>2026-08-19T18:45:57Z</time></trkpt><trkpt lat="48.054086" lon="-123.785731"><ele>356.851</ele><time>2026-08-19T18:45:59Z</time></trkpt><trkpt lat="48.054024" lon="-123.785821"><ele>356.071</ele><time>2026-08-19T18:46:06Z</time></trkpt><trkpt lat="48.054015" lon="-123.785833"><ele>355.676</ele><time>2026-08-19T18:46:07Z</time></trkpt><trkpt lat="48.053968" lon="-123.785895"><ele>354.634</ele><time>2026-08-19T18:46:11Z</time></trkpt><trkpt lat="48.053921" lon="-123.785942"><ele>353.855</ele><time>2026-08-19T18:46:17Z</time></trkpt><trkpt lat="48.053903" lon="-123.785957"><ele>353.410</ele><time>2026-08-19T18:46:19Z</time></trkpt><trkpt lat="48.053833" lon="-123.785972"><ele>352.409</ele><time>2026-08-19T18:46:24Z</time></trkpt><trkpt lat="48.053774" lon="-123.78597"><ele>351.215</ele><time>2026-08-19T18:46:29Z</time></trkpt><trkpt lat="48.053762" lon="-123.785969"><ele>351.231</ele><time>2026-08-19T18:46:30Z</time></trkpt><trkpt lat="48.05373" lon="-123.785962"><ele>350.663</ele><time>2026-08-19T18:46:33Z</time></trkpt><trkpt lat="48.053705" lon="-123.78596"><ele>350.071</ele><time>2026-08-19T18:46:36Z</time></trkpt><trkpt lat="48.053674" lon="-123.785997"><ele>349.449</ele><time>2026-08-19T18:46:40Z</time></trkpt><trkpt lat="48.053666" lon="-123.786015"><ele>349.222</ele><time>2026-08-19T18:46:41Z</time></trkpt><trkpt lat="48.053657" lon="-123.78603"><ele>348.876</ele><time>2026-08-19T18:46:42Z</time></trkpt><trkpt lat="48.053635" lon="-123.786063"><ele>348.026</ele><time>2026-08-19T18:46:45Z</time></trkpt><trkpt lat="48.053597" lon="-123.786104"><ele>346.871</ele><time>2026-08-19T18:46:49Z</time></trkpt><trkpt lat="48.053569" lon="-123.786142"><ele>346.239</ele><time>2026-08-19T18:46:52Z</time></trkpt><trkpt lat="48.05355" lon="-123.786167"><ele>345.401</ele><time>2026-08-19T18:46:54Z</time></trkpt><trkpt lat="48.053515" lon="-123.786197"><ele>344.621</ele><time>2026-08-19T18:46:58Z</time></trkpt><trkpt lat="48.053504" lon="-123.786205"><ele>344.209</ele><time>2026-08-19T18:46:59Z</time></trkpt><trkpt lat="48.053473" lon="-123.786237"><ele>343.415</ele><time>2026-08-19T18:47:02Z</time></trkpt><trkpt lat="48.053462" lon="-123.786253"><ele>343.021</ele><time>2026-08-19T18:47:03Z</time></trkpt><trkpt lat="48.053422" lon="-123.786325"><ele>342.263</ele><time>2026-08-19T18:47:07Z</time></trkpt><trkpt lat="48.053417" lon="-123.786342"><ele>342.071</ele><time>2026-08-19T18:47:08Z</time></trkpt><trkpt lat="48.053406" lon="-123.786378"><ele>341.629</ele><time>2026-08-19T18:47:10Z</time></trkpt><trkpt lat="48.053374" lon="-123.786462"><ele>341.062</ele><time>2026-08-19T18:47:14Z</time></trkpt><trkpt lat="48.053354" lon="-123.786488"><ele>340.426</ele><time>2026-08-19T18:47:16Z</time></trkpt><trkpt lat="48.053282" lon="-123.786536"><ele>339.666</ele><time>2026-08-19T18:47:23Z</time></trkpt><trkpt lat="48.053256" lon="-123.786559"><ele>339.441</ele><time>2026-08-19T18:47:25Z</time></trkpt><trkpt lat="48.053247" lon="-123.786588"><ele>338.456</ele><time>2026-08-19T18:47:27Z</time></trkpt><trkpt lat="48.053253" lon="-123.786613"><ele>337.859</ele><time>2026-08-19T18:47:29Z</time></trkpt><trkpt lat="48.053259" lon="-123.786621"><ele>337.414</ele><time>2026-08-19T18:47:30Z</time></trkpt><trkpt lat="48.053267" lon="-123.786629"><ele>337.009</ele><time>2026-08-19T18:47:32Z</time></trkpt><trkpt lat="48.053275" lon="-123.786652"><ele>336.437</ele><time>2026-08-19T18:47:34Z</time></trkpt><trkpt lat="48.053293" lon="-123.786688"><ele>335.233</ele><time>2026-08-19T18:47:38Z</time></trkpt><trkpt lat="48.053309" lon="-123.786726"><ele>334.495</ele><time>2026-08-19T18:47:41Z</time></trkpt><trkpt lat="48.053315" lon="-123.786739"><ele>334.043</ele><time>2026-08-19T18:47:42Z</time></trkpt><trkpt lat="48.053326" lon="-123.786765"><ele>332.851</ele><time>2026-08-19T18:47:45Z</time></trkpt><trkpt lat="48.053341" lon="-123.786803"><ele>332.024</ele><time>2026-08-19T18:47:48Z</time></trkpt><trkpt lat="48.053345" lon="-123.786818"><ele>331.678</ele><time>2026-08-19T18:47:49Z</time></trkpt><trkpt lat="48.053353" lon="-123.786887"><ele>330.468</ele><time>2026-08-19T18:47:53Z</time></trkpt><trkpt lat="48.053349" lon="-123.78691"><ele>329.683</ele><time>2026-08-19T18:47:55Z</time></trkpt><trkpt lat="48.053346" lon="-123.78692"><ele>329.248</ele><time>2026-08-19T18:47:56Z</time></trkpt><trkpt lat="48.053343" lon="-123.786968"><ele>328.061</ele><time>2026-08-19T18:48:00Z</time></trkpt><trkpt lat="48.053345" lon="-123.786972"><ele>327.617</ele><time>2026-08-19T18:48:02Z</time></trkpt><trkpt lat="48.053351" lon="-123.787053"><ele>326.809</ele><time>2026-08-19T18:48:10Z</time></trkpt><trkpt lat="48.053354" lon="-123.787103"><ele>325.636</ele><time>2026-08-19T18:48:14Z</time></trkpt><trkpt lat="48.053365" lon="-123.787143"><ele>324.422</ele><time>2026-08-19T18:48:17Z</time></trkpt><trkpt lat="48.053371" lon="-123.787161"><ele>324.044</ele><time>2026-08-19T18:48:18Z</time></trkpt><trkpt lat="48.053382" lon="-123.787196"><ele>323.232</ele><time>2026-08-19T18:48:20Z</time></trkpt><trkpt lat="48.053402" lon="-123.787269"><ele>322.030</ele><time>2026-08-19T18:48:24Z</time></trkpt><trkpt lat="48.053413" lon="-123.787326"><ele>320.813</ele><time>2026-08-19T18:48:27Z</time></trkpt><trkpt lat="48.053434" lon="-123.787399"><ele>319.697</ele><time>2026-08-19T18:48:31Z</time></trkpt><trkpt lat="48.05345" lon="-123.787437"><ele>318.697</ele><time>2026-08-19T18:48:33Z</time></trkpt><trkpt lat="48.053456" lon="-123.787444"><ele>318.012</ele><time>2026-08-19T18:48:34Z</time></trkpt><trkpt lat="48.053464" lon="-123.787447"><ele>317.474</ele><time>2026-08-19T18:48:36Z</time></trkpt><trkpt lat="48.053483" lon="-123.787454"><ele>317.456</ele><time>2026-08-19T18:48:40Z</time></trkpt><trkpt lat="48.053487" lon="-123.787455"><ele>317.221</ele><time>2026-08-19T18:48:47Z</time></trkpt><trkpt lat="48.05345" lon="-123.787464"><ele>316.809</ele><time>2026-08-19T18:48:56Z</time></trkpt><trkpt lat="48.053448" lon="-123.787449"><ele>316.649</ele><time>2026-08-19T18:48:58Z</time></trkpt><trkpt lat="48.05345" lon="-123.787448"><ele>316.665</ele><time>2026-08-19T18:49:02Z</time></trkpt><trkpt lat="48.05345" lon="-123.787436"><ele>316.677</ele><time>2026-08-19T18:49:03Z</time></trkpt><trkpt lat="48.053447" lon="-123.787426"><ele>316.635</ele><time>2026-08-19T18:49:04Z</time></trkpt><trkpt lat="48.053441" lon="-123.787423"><ele>316.493</ele><time>2026-08-19T18:49:10Z</time></trkpt><trkpt lat="48.053439" lon="-123.787441"><ele>316.286</ele><time>2026-08-19T18:49:14Z</time></trkpt><trkpt lat="48.053454" lon="-123.787462"><ele>315.860</ele><time>2026-08-19T18:49:24Z</time></trkpt><trkpt lat="48.053474" lon="-123.787476"><ele>315.480</ele><time>2026-08-19T18:49:29Z</time></trkpt><trkpt lat="48.053474" lon="-123.787514"><ele>314.675</ele><time>2026-08-19T18:49:32Z</time></trkpt><trkpt lat="48.053483" lon="-123.787543"><ele>314.025</ele><time>2026-08-19T18:49:34Z</time></trkpt><trkpt lat="48.0535" lon="-123.787588"><ele>312.626</ele><time>2026-08-19T18:49:37Z</time></trkpt><trkpt lat="48.05351" lon="-123.787615"><ele>312.008</ele><time>2026-08-19T18:49:39Z</time></trkpt><trkpt lat="48.053514" lon="-123.787632"><ele>311.609</ele><time>2026-08-19T18:49:40Z</time></trkpt><trkpt lat="48.053519" lon="-123.787649"><ele>311.464</ele><time>2026-08-19T18:49:41Z</time></trkpt><trkpt lat="48.053542" lon="-123.787676"><ele>310.450</ele><time>2026-08-19T18:49:45Z</time></trkpt><trkpt lat="48.053553" lon="-123.787693"><ele>310.262</ele><time>2026-08-19T18:49:46Z</time></trkpt><trkpt lat="48.05358" lon="-123.787726"><ele>308.880</ele><time>2026-08-19T18:49:49Z</time></trkpt><trkpt lat="48.053599" lon="-123.78775"><ele>308.058</ele><time>2026-08-19T18:49:52Z</time></trkpt><trkpt lat="48.053605" lon="-123.78776"><ele>307.881</ele><time>2026-08-19T18:49:53Z</time></trkpt><trkpt lat="48.053643" lon="-123.787817"><ele>306.635</ele><time>2026-08-19T18:49:57Z</time></trkpt><trkpt lat="48.053679" lon="-123.787844"><ele>305.425</ele><time>2026-08-19T18:50:00Z</time></trkpt><trkpt lat="48.05369" lon="-123.787852"><ele>305.070</ele><time>2026-08-19T18:50:01Z</time></trkpt><trkpt lat="48.053713" lon="-123.787878"><ele>304.418</ele><time>2026-08-19T18:50:04Z</time></trkpt><trkpt lat="48.053742" lon="-123.787932"><ele>303.298</ele><time>2026-08-19T18:50:08Z</time></trkpt><trkpt lat="48.053749" lon="-123.787946"><ele>302.817</ele><time>2026-08-19T18:50:09Z</time></trkpt><trkpt lat="48.053762" lon="-123.787972"><ele>302.009</ele><time>2026-08-19T18:50:11Z</time></trkpt><trkpt lat="48.053783" lon="-123.788026"><ele>300.853</ele><time>2026-08-19T18:50:15Z</time></trkpt><trkpt lat="48.053797" lon="-123.788058"><ele>300.039</ele><time>2026-08-19T18:50:17Z</time></trkpt><trkpt lat="48.053803" lon="-123.788071"><ele>299.691</ele><time>2026-08-19T18:50:18Z</time></trkpt><trkpt lat="48.053807" lon="-123.788106"><ele>298.649</ele><time>2026-08-19T18:50:21Z</time></trkpt><trkpt lat="48.05381" lon="-123.788142"><ele>297.837</ele><time>2026-08-19T18:50:24Z</time></trkpt><trkpt lat="48.053809" lon="-123.788143"><ele>297.640</ele><time>2026-08-19T18:50:25Z</time></trkpt><trkpt lat="48.053808" lon="-123.788122"><ele>296.844</ele><time>2026-08-19T18:50:33Z</time></trkpt><trkpt lat="48.053835" lon="-123.788176"><ele>296.444</ele><time>2026-08-19T18:50:39Z</time></trkpt><trkpt lat="48.053851" lon="-123.788204"><ele>296.059</ele><time>2026-08-19T18:50:41Z</time></trkpt><trkpt lat="48.05387" lon="-123.78823"><ele>295.229</ele><time>2026-08-19T18:50:43Z</time></trkpt><trkpt lat="48.053883" lon="-123.78826"><ele>294.200</ele><time>2026-08-19T18:50:46Z</time></trkpt><trkpt lat="48.053865" lon="-123.788253"><ele>293.620</ele><time>2026-08-19T18:50:48Z</time></trkpt><trkpt lat="48.053848" lon="-123.788243"><ele>293.209</ele><time>2026-08-19T18:50:50Z</time></trkpt><trkpt lat="48.053817" lon="-123.788222"><ele>292.014</ele><time>2026-08-19T18:50:54Z</time></trkpt><trkpt lat="48.053776" lon="-123.788194"><ele>291.220</ele><time>2026-08-19T18:50:58Z</time></trkpt><trkpt lat="48.053771" lon="-123.788189"><ele>291.022</ele><time>2026-08-19T18:50:59Z</time></trkpt><trkpt lat="48.053743" lon="-123.788159"><ele>289.860</ele><time>2026-08-19T18:51:03Z</time></trkpt><trkpt lat="48.053738" lon="-123.788141"><ele>289.298</ele><time>2026-08-19T18:51:06Z</time></trkpt><trkpt lat="48.053725" lon="-123.788128"><ele>288.871</ele><time>2026-08-19T18:51:08Z</time></trkpt><trkpt lat="48.053693" lon="-123.788105"><ele>287.685</ele><time>2026-08-19T18:51:13Z</time></trkpt><trkpt lat="48.053655" lon="-123.788071"><ele>286.855</ele><time>2026-08-19T18:51:15Z</time></trkpt><trkpt lat="48.053638" lon="-123.788063"><ele>286.670</ele><time>2026-08-19T18:51:16Z</time></trkpt><trkpt lat="48.05359" lon="-123.788028"><ele>285.469</ele><time>2026-08-19T18:51:20Z</time></trkpt><trkpt lat="48.053582" lon="-123.788008"><ele>284.804</ele><time>2026-08-19T18:51:22Z</time></trkpt><trkpt lat="48.053558" lon="-123.788002"><ele>284.424</ele><time>2026-08-19T18:51:27Z</time></trkpt><trkpt lat="48.053552" lon="-123.788006"><ele>283.809</ele><time>2026-08-19T18:51:30Z</time></trkpt><trkpt lat="48.053542" lon="-123.788012"><ele>283.238</ele><time>2026-08-19T18:51:32Z</time></trkpt><trkpt lat="48.053521" lon="-123.788036"><ele>282.244</ele><time>2026-08-19T18:51:38Z</time></trkpt><trkpt lat="48.053519" lon="-123.788034"><ele>282.066</ele><time>2026-08-19T18:51:39Z</time></trkpt><trkpt lat="48.05351" lon="-123.788008"><ele>281.294</ele><time>2026-08-19T18:51:44Z</time></trkpt><trkpt lat="48.053493" lon="-123.788017"><ele>280.622</ele><time>2026-08-19T18:51:47Z</time></trkpt><trkpt lat="48.053482" lon="-123.788016"><ele>280.035</ele><time>2026-08-19T18:51:49Z</time></trkpt><trkpt lat="48.053444" lon="-123.788011"><ele>279.059</ele><time>2026-08-19T18:51:55Z</time></trkpt><trkpt lat="48.053433" lon="-123.788011"><ele>279.099</ele><time>2026-08-19T18:51:56Z</time></trkpt><trkpt lat="48.053443" lon="-123.788036"><ele>278.234</ele><time>2026-08-19T18:52:02Z</time></trkpt><trkpt lat="48.053451" lon="-123.788044"><ele>277.826</ele><time>2026-08-19T18:52:03Z</time></trkpt><trkpt lat="48.053477" lon="-123.788094"><ele>276.647</ele><time>2026-08-19T18:52:07Z</time></trkpt><trkpt lat="48.053498" lon="-123.788137"><ele>275.411</ele><time>2026-08-19T18:52:12Z</time></trkpt><trkpt lat="48.053514" lon="-123.788172"><ele>274.209</ele><time>2026-08-19T18:52:16Z</time></trkpt><trkpt lat="48.053554" lon="-123.788205"><ele>273.014</ele><time>2026-08-19T18:52:21Z</time></trkpt><trkpt lat="48.053591" lon="-123.788237"><ele>271.850</ele><time>2026-08-19T18:52:24Z</time></trkpt><trkpt lat="48.053642" lon="-123.788296"><ele>270.842</ele><time>2026-08-19T18:52:29Z</time></trkpt><trkpt lat="48.053648" lon="-123.788308"><ele>270.870</ele><time>2026-08-19T18:52:30Z</time></trkpt><trkpt lat="48.053682" lon="-123.788451"><ele>269.648</ele><time>2026-08-19T18:52:38Z</time></trkpt><trkpt lat="48.053684" lon="-123.788482"><ele>268.681</ele><time>2026-08-19T18:52:41Z</time></trkpt><trkpt lat="48.0537" lon="-123.78856"><ele>267.295</ele><time>2026-08-19T18:52:46Z</time></trkpt><trkpt lat="48.053722" lon="-123.78863"><ele>266.075</ele><time>2026-08-19T18:52:50Z</time></trkpt><trkpt lat="48.05375" lon="-123.78868"><ele>265.010</ele><time>2026-08-19T18:52:53Z</time></trkpt><trkpt lat="48.053785" lon="-123.788744"><ele>264.096</ele><time>2026-08-19T18:52:57Z</time></trkpt><trkpt lat="48.053813" lon="-123.788805"><ele>263.431</ele><time>2026-08-19T18:53:02Z</time></trkpt><trkpt lat="48.053829" lon="-123.788834"><ele>262.824</ele><time>2026-08-19T18:53:04Z</time></trkpt><trkpt lat="48.053854" lon="-123.788892"><ele>261.409</ele><time>2026-08-19T18:53:08Z</time></trkpt><trkpt lat="48.053863" lon="-123.788956"><ele>260.041</ele><time>2026-08-19T18:53:11Z</time></trkpt><trkpt lat="48.053866" lon="-123.788996"><ele>259.017</ele><time>2026-08-19T18:53:13Z</time></trkpt><trkpt lat="48.05388" lon="-123.789062"><ele>257.899</ele><time>2026-08-19T18:53:16Z</time></trkpt><trkpt lat="48.053863" lon="-123.789071"><ele>256.817</ele><time>2026-08-19T18:53:19Z</time></trkpt><trkpt lat="48.053856" lon="-123.789064"><ele>256.645</ele><time>2026-08-19T18:53:20Z</time></trkpt><trkpt lat="48.053832" lon="-123.789026"><ele>255.628</ele><time>2026-08-19T18:53:24Z</time></trkpt><trkpt lat="48.0538" lon="-123.788993"><ele>254.462</ele><time>2026-08-19T18:53:27Z</time></trkpt><trkpt lat="48.053788" lon="-123.788979"><ele>254.012</ele><time>2026-08-19T18:53:28Z</time></trkpt><trkpt lat="48.053766" lon="-123.788948"><ele>253.037</ele><time>2026-08-19T18:53:30Z</time></trkpt><trkpt lat="48.053725" lon="-123.78891"><ele>251.832</ele><time>2026-08-19T18:53:34Z</time></trkpt><trkpt lat="48.053703" lon="-123.7889"><ele>251.292</ele><time>2026-08-19T18:53:36Z</time></trkpt><trkpt lat="48.053683" lon="-123.788881"><ele>250.611</ele><time>2026-08-19T18:53:38Z</time></trkpt><trkpt lat="48.053648" lon="-123.788862"><ele>250.009</ele><time>2026-08-19T18:53:41Z</time></trkpt><trkpt lat="48.053619" lon="-123.788845"><ele>249.235</ele><time>2026-08-19T18:53:43Z</time></trkpt><trkpt lat="48.053578" lon="-123.788826"><ele>248.051</ele><time>2026-08-19T18:53:46Z</time></trkpt><trkpt lat="48.053562" lon="-123.788826"><ele>246.813</ele><time>2026-08-19T18:53:49Z</time></trkpt><trkpt lat="48.053567" lon="-123.788835"><ele>246.431</ele><time>2026-08-19T18:53:50Z</time></trkpt><trkpt lat="48.053582" lon="-123.788852"><ele>246.049</ele><time>2026-08-19T18:53:52Z</time></trkpt><trkpt lat="48.053589" lon="-123.788857"><ele>245.682</ele><time>2026-08-19T18:53:53Z</time></trkpt><trkpt lat="48.053603" lon="-123.788879"><ele>244.676</ele><time>2026-08-19T18:53:56Z</time></trkpt><trkpt lat="48.053618" lon="-123.788912"><ele>244.036</ele><time>2026-08-19T18:54:01Z</time></trkpt><trkpt lat="48.053632" lon="-123.788964"><ele>243.211</ele><time>2026-08-19T18:54:04Z</time></trkpt><trkpt lat="48.053644" lon="-123.789009"><ele>242.236</ele><time>2026-08-19T18:54:07Z</time></trkpt><trkpt lat="48.053639" lon="-123.789023"><ele>241.417</ele><time>2026-08-19T18:54:11Z</time></trkpt><trkpt lat="48.053636" lon="-123.789028"><ele>241.218</ele><time>2026-08-19T18:54:12Z</time></trkpt><trkpt lat="48.053635" lon="-123.789034"><ele>241.009</ele><time>2026-08-19T18:54:13Z</time></trkpt><trkpt lat="48.053644" lon="-123.789089"><ele>239.865</ele><time>2026-08-19T18:54:17Z</time></trkpt><trkpt lat="48.053656" lon="-123.789108"><ele>239.491</ele><time>2026-08-19T18:54:19Z</time></trkpt><trkpt lat="48.05367" lon="-123.789142"><ele>238.883</ele><time>2026-08-19T18:54:21Z</time></trkpt><trkpt lat="48.05369" lon="-123.789189"><ele>237.661</ele><time>2026-08-19T18:54:24Z</time></trkpt><trkpt lat="48.0537" lon="-123.789211"><ele>236.459</ele><time>2026-08-19T18:54:27Z</time></trkpt><trkpt lat="48.05368" lon="-123.789179"><ele>235.022</ele><time>2026-08-19T18:54:37Z</time></trkpt><trkpt lat="48.053652" lon="-123.789163"><ele>233.636</ele><time>2026-08-19T18:54:40Z</time></trkpt><trkpt lat="48.053623" lon="-123.789143"><ele>232.626</ele><time>2026-08-19T18:54:43Z</time></trkpt><trkpt lat="48.053593" lon="-123.789124"><ele>232.081</ele><time>2026-08-19T18:54:45Z</time></trkpt><trkpt lat="48.053561" lon="-123.789106"><ele>231.248</ele><time>2026-08-19T18:54:47Z</time></trkpt><trkpt lat="48.053516" lon="-123.78909"><ele>229.861</ele><time>2026-08-19T18:54:51Z</time></trkpt><trkpt lat="48.053504" lon="-123.789089"><ele>229.417</ele><time>2026-08-19T18:54:52Z</time></trkpt><trkpt lat="48.053495" lon="-123.789088"><ele>228.809</ele><time>2026-08-19T18:54:53Z</time></trkpt><trkpt lat="48.053474" lon="-123.789121"><ele>227.426</ele><time>2026-08-19T18:54:56Z</time></trkpt><trkpt lat="48.053476" lon="-123.789135"><ele>227.042</ele><time>2026-08-19T18:54:57Z</time></trkpt><trkpt lat="48.053473" lon="-123.789169"><ele>226.274</ele><time>2026-08-19T18:54:59Z</time></trkpt><trkpt lat="48.053489" lon="-123.789255"><ele>224.842</ele><time>2026-08-19T18:55:02Z</time></trkpt><trkpt lat="48.053511" lon="-123.789324"><ele>223.890</ele><time>2026-08-19T18:55:05Z</time></trkpt><trkpt lat="48.053518" lon="-123.789341"><ele>223.633</ele><time>2026-08-19T18:55:06Z</time></trkpt><trkpt lat="48.053533" lon="-123.789373"><ele>223.297</ele><time>2026-08-19T18:55:08Z</time></trkpt><trkpt lat="48.053553" lon="-123.789408"><ele>222.627</ele><time>2026-08-19T18:55:10Z</time></trkpt><trkpt lat="48.053593" lon="-123.789472"><ele>221.452</ele><time>2026-08-19T18:55:14Z</time></trkpt><trkpt lat="48.053601" lon="-123.78948"><ele>221.215</ele><time>2026-08-19T18:55:15Z</time></trkpt><trkpt lat="48.053644" lon="-123.789538"><ele>220.265</ele><time>2026-08-19T18:55:20Z</time></trkpt><trkpt lat="48.053662" lon="-123.789562"><ele>219.611</ele><time>2026-08-19T18:55:22Z</time></trkpt><trkpt lat="48.053684" lon="-123.789588"><ele>219.009</ele><time>2026-08-19T18:55:24Z</time></trkpt><trkpt lat="48.053719" lon="-123.789632"><ele>218.033</ele><time>2026-08-19T18:55:28Z</time></trkpt><trkpt lat="48.053745" lon="-123.789662"><ele>217.499</ele><time>2026-08-19T18:55:31Z</time></trkpt><trkpt lat="48.053755" lon="-123.789674"><ele>217.041</ele><time>2026-08-19T18:55:33Z</time></trkpt><trkpt lat="48.053792" lon="-123.789721"><ele>215.619</ele><time>2026-08-19T18:55:37Z</time></trkpt><trkpt lat="48.053817" lon="-123.789741"><ele>215.077</ele><time>2026-08-19T18:55:39Z</time></trkpt><trkpt lat="48.05384" lon="-123.789754"><ele>214.630</ele><time>2026-08-19T18:55:42Z</time></trkpt><trkpt lat="48.053898" lon="-123.789788"><ele>213.454</ele><time>2026-08-19T18:55:48Z</time></trkpt><trkpt lat="48.053927" lon="-123.789814"><ele>212.834</ele><time>2026-08-19T18:55:51Z</time></trkpt><trkpt lat="48.053951" lon="-123.789833"><ele>212.249</ele><time>2026-08-19T18:55:53Z</time></trkpt><trkpt lat="48.053975" lon="-123.789871"><ele>211.234</ele><time>2026-08-19T18:55:56Z</time></trkpt><trkpt lat="48.053982" lon="-123.789882"><ele>210.855</ele><time>2026-08-19T18:55:57Z</time></trkpt><trkpt lat="48.053999" lon="-123.789902"><ele>209.810</ele><time>2026-08-19T18:56:00Z</time></trkpt><trkpt lat="48.054013" lon="-123.789933"><ele>208.809</ele><time>2026-08-19T18:56:04Z</time></trkpt><trkpt lat="48.054017" lon="-123.789937"><ele>208.615</ele><time>2026-08-19T18:56:05Z</time></trkpt><trkpt lat="48.054012" lon="-123.78994"><ele>207.831</ele><time>2026-08-19T18:56:08Z</time></trkpt><trkpt lat="48.053972" lon="-123.78993"><ele>206.623</ele><time>2026-08-19T18:56:12Z</time></trkpt><trkpt lat="48.053913" lon="-123.789919"><ele>205.481</ele><time>2026-08-19T18:56:17Z</time></trkpt><trkpt lat="48.053847" lon="-123.789922"><ele>204.439</ele><time>2026-08-19T18:56:22Z</time></trkpt><trkpt lat="48.053836" lon="-123.789921"><ele>204.272</ele><time>2026-08-19T18:56:23Z</time></trkpt><trkpt lat="48.053763" lon="-123.789912"><ele>203.256</ele><time>2026-08-19T18:56:30Z</time></trkpt><trkpt lat="48.053743" lon="-123.789917"><ele>202.846</ele><time>2026-08-19T18:56:32Z</time></trkpt><trkpt lat="48.05372" lon="-123.789921"><ele>202.071</ele><time>2026-08-19T18:56:35Z</time></trkpt><trkpt lat="48.053698" lon="-123.789928"><ele>201.062</ele><time>2026-08-19T18:56:39Z</time></trkpt><trkpt lat="48.053673" lon="-123.789946"><ele>200.683</ele><time>2026-08-19T18:56:41Z</time></trkpt><trkpt lat="48.053645" lon="-123.789969"><ele>199.611</ele><time>2026-08-19T18:56:43Z</time></trkpt><trkpt lat="48.053613" lon="-123.789994"><ele>198.409</ele><time>2026-08-19T18:56:46Z</time></trkpt><trkpt lat="48.053589" lon="-123.790007"><ele>197.658</ele><time>2026-08-19T18:56:49Z</time></trkpt><trkpt lat="48.053576" lon="-123.790008"><ele>197.484</ele><time>2026-08-19T18:56:51Z</time></trkpt><trkpt lat="48.053555" lon="-123.790006"><ele>197.216</ele><time>2026-08-19T18:56:54Z</time></trkpt><trkpt lat="48.053551" lon="-123.789993"><ele>197.234</ele><time>2026-08-19T18:56:55Z</time></trkpt><trkpt lat="48.053548" lon="-123.789984"><ele>197.442</ele><time>2026-08-19T18:56:56Z</time></trkpt><trkpt lat="48.05354" lon="-123.789973"><ele>197.485</ele><time>2026-08-19T18:56:57Z</time></trkpt><trkpt lat="48.053528" lon="-123.789964"><ele>197.499</ele><time>2026-08-19T18:56:59Z</time></trkpt><trkpt lat="48.053504" lon="-123.789948"><ele>197.659</ele><time>2026-08-19T18:57:01Z</time></trkpt><trkpt lat="48.053449" lon="-123.789914"><ele>198.294</ele><time>2026-08-19T18:57:06Z</time></trkpt><trkpt lat="48.053368" lon="-123.789876"><ele>198.489</ele><time>2026-08-19T18:57:12Z</time></trkpt><trkpt lat="48.053331" lon="-123.789865"><ele>198.406</ele><time>2026-08-19T18:57:15Z</time></trkpt><trkpt lat="48.05323" lon="-123.789825"><ele>198.426</ele><time>2026-08-19T18:57:22Z</time></trkpt><trkpt lat="48.053141" lon="-123.789759"><ele>198.209</ele><time>2026-08-19T18:57:30Z</time></trkpt><trkpt lat="48.053042" lon="-123.789705"><ele>198.440</ele><time>2026-08-19T18:57:39Z</time></trkpt><trkpt lat="48.052944" lon="-123.789651"><ele>199.056</ele><time>2026-08-19T18:57:48Z</time></trkpt><trkpt lat="48.052898" lon="-123.789517"><ele>199.028</ele><time>2026-08-19T18:57:56Z</time></trkpt><trkpt lat="48.052863" lon="-123.789419"><ele>199.486</ele><time>2026-08-19T18:58:03Z</time></trkpt><trkpt lat="48.052849" lon="-123.789381"><ele>199.474</ele><time>2026-08-19T18:58:05Z</time></trkpt><trkpt lat="48.052838" lon="-123.789363"><ele>199.447</ele><time>2026-08-19T18:58:06Z</time></trkpt><trkpt lat="48.05274" lon="-123.789223"><ele>199.621</ele><time>2026-08-19T18:58:15Z</time></trkpt><trkpt lat="48.052613" lon="-123.789097"><ele>200.011</ele><time>2026-08-19T18:58:26Z</time></trkpt><trkpt lat="48.052553" lon="-123.789051"><ele>200.426</ele><time>2026-08-19T18:58:31Z</time></trkpt><trkpt lat="48.052515" lon="-123.789002"><ele>200.884</ele><time>2026-08-19T18:58:35Z</time></trkpt><trkpt lat="48.052458" lon="-123.788871"><ele>201.407</ele><time>2026-08-19T18:58:45Z</time></trkpt><trkpt lat="48.052449" lon="-123.78883"><ele>201.417</ele><time>2026-08-19T18:58:47Z</time></trkpt><trkpt lat="48.052432" lon="-123.788707"><ele>202.009</ele><time>2026-08-19T18:58:54Z</time></trkpt><trkpt lat="48.052429" lon="-123.78864"><ele>202.050</ele><time>2026-08-19T18:58:58Z</time></trkpt><trkpt lat="48.052427" lon="-123.788614"><ele>202.076</ele><time>2026-08-19T18:58:59Z</time></trkpt><trkpt lat="48.052427" lon="-123.788592"><ele>202.028</ele><time>2026-08-19T18:59:00Z</time></trkpt><trkpt lat="48.052426" lon="-123.788548"><ele>202.286</ele><time>2026-08-19T18:59:02Z</time></trkpt><trkpt lat="48.052424" lon="-123.788504"><ele>202.614</ele><time>2026-08-19T18:59:06Z</time></trkpt><trkpt lat="48.052423" lon="-123.788465"><ele>202.897</ele><time>2026-08-19T18:59:09Z</time></trkpt><trkpt lat="48.052427" lon="-123.78843"><ele>203.661</ele><time>2026-08-19T18:59:12Z</time></trkpt><trkpt lat="48.052427" lon="-123.788421"><ele>203.821</ele><time>2026-08-19T18:59:13Z</time></trkpt><trkpt lat="48.052424" lon="-123.788395"><ele>204.246</ele><time>2026-08-19T18:59:15Z</time></trkpt><trkpt lat="48.05241" lon="-123.788295"><ele>204.459</ele><time>2026-08-19T18:59:20Z</time></trkpt><trkpt lat="48.0524" lon="-123.788257"><ele>204.603</ele><time>2026-08-19T18:59:22Z</time></trkpt><trkpt lat="48.052328" lon="-123.788137"><ele>205.223</ele><time>2026-08-19T18:59:31Z</time></trkpt><trkpt lat="48.05221" lon="-123.788023"><ele>204.609</ele><time>2026-08-19T18:59:41Z</time></trkpt><trkpt lat="48.052187" lon="-123.788029"><ele>204.497</ele><time>2026-08-19T18:59:43Z</time></trkpt><trkpt lat="48.052132" lon="-123.788052"><ele>203.813</ele><time>2026-08-19T18:59:48Z</time></trkpt><trkpt lat="48.052127" lon="-123.788027"><ele>204.095</ele><time>2026-08-19T18:59:56Z</time></trkpt><trkpt lat="48.052088" lon="-123.788015"><ele>204.243</ele><time>2026-08-19T19:00:03Z</time></trkpt><trkpt lat="48.052077" lon="-123.788017"><ele>204.281</ele><time>2026-08-19T19:00:04Z</time></trkpt><trkpt lat="48.051949" lon="-123.788099"><ele>204.634</ele><time>2026-08-19T19:00:14Z</time></trkpt><trkpt lat="48.051875" lon="-123.788124"><ele>204.078</ele><time>2026-08-19T19:00:21Z</time></trkpt><trkpt lat="48.051804" lon="-123.788157"><ele>204.478</ele><time>2026-08-19T19:00:28Z</time></trkpt><trkpt lat="48.051751" lon="-123.788172"><ele>204.243</ele><time>2026-08-19T19:00:36Z</time></trkpt><trkpt lat="48.051675" lon="-123.788186"><ele>203.631</ele><time>2026-08-19T19:00:42Z</time></trkpt><trkpt lat="48.05164" lon="-123.788173"><ele>203.661</ele><time>2026-08-19T19:00:44Z</time></trkpt><trkpt lat="48.051618" lon="-123.78812"><ele>204.007</ele><time>2026-08-19T19:00:50Z</time></trkpt><trkpt lat="48.051628" lon="-123.788088"><ele>204.009</ele><time>2026-08-19T19:00:52Z</time></trkpt><trkpt lat="48.051657" lon="-123.787995"><ele>204.215</ele><time>2026-08-19T19:00:57Z</time></trkpt><trkpt lat="48.051666" lon="-123.787984"><ele>204.491</ele><time>2026-08-19T19:00:59Z</time></trkpt><trkpt lat="48.051675" lon="-123.78798"><ele>204.623</ele><time>2026-08-19T19:01:02Z</time></trkpt><trkpt lat="48.051671" lon="-123.787954"><ele>204.651</ele><time>2026-08-19T19:01:08Z</time></trkpt><trkpt lat="48.051623" lon="-123.78783"><ele>205.229</ele><time>2026-08-19T19:01:16Z</time></trkpt><trkpt lat="48.051591" lon="-123.787819"><ele>205.622</ele><time>2026-08-19T19:01:18Z</time></trkpt><trkpt lat="48.051526" lon="-123.787767"><ele>206.446</ele><time>2026-08-19T19:01:23Z</time></trkpt><trkpt lat="48.051488" lon="-123.787726"><ele>206.656</ele><time>2026-08-19T19:01:28Z</time></trkpt><trkpt lat="48.051475" lon="-123.78771"><ele>206.671</ele><time>2026-08-19T19:01:30Z</time></trkpt><trkpt lat="48.051464" lon="-123.7877"><ele>206.619</ele><time>2026-08-19T19:01:32Z</time></trkpt><trkpt lat="48.051349" lon="-123.787681"><ele>206.409</ele><time>2026-08-19T19:01:42Z</time></trkpt><trkpt lat="48.051232" lon="-123.78779"><ele>206.019</ele><time>2026-08-19T19:01:52Z</time></trkpt><trkpt lat="48.051256" lon="-123.787962"><ele>206.209</ele><time>2026-08-19T19:02:00Z</time></trkpt><trkpt lat="48.051274" lon="-123.788065"><ele>206.013</ele><time>2026-08-19T19:02:07Z</time></trkpt><trkpt lat="48.051263" lon="-123.788083"><ele>206.239</ele><time>2026-08-19T19:02:09Z</time></trkpt><trkpt lat="48.051211" lon="-123.788147"><ele>207.021</ele><time>2026-08-19T19:02:18Z</time></trkpt><trkpt lat="48.05121" lon="-123.788137"><ele>207.069</ele><time>2026-08-19T19:02:19Z</time></trkpt><trkpt lat="48.051213" lon="-123.788122"><ele>207.097</ele><time>2026-08-19T19:02:20Z</time></trkpt><trkpt lat="48.051214" lon="-123.788071"><ele>207.290</ele><time>2026-08-19T19:02:27Z</time></trkpt><trkpt lat="48.051199" lon="-123.788115"><ele>207.654</ele><time>2026-08-19T19:02:30Z</time></trkpt><trkpt lat="48.051197" lon="-123.788138"><ele>207.874</ele><time>2026-08-19T19:02:31Z</time></trkpt><trkpt lat="48.051197" lon="-123.788176"><ele>208.259</ele><time>2026-08-19T19:02:33Z</time></trkpt><trkpt lat="48.051222" lon="-123.788339"><ele>208.495</ele><time>2026-08-19T19:02:41Z</time></trkpt><trkpt lat="48.051223" lon="-123.788365"><ele>208.649</ele><time>2026-08-19T19:02:42Z</time></trkpt><trkpt lat="48.051226" lon="-123.788381"><ele>208.823</ele><time>2026-08-19T19:02:43Z</time></trkpt><trkpt lat="48.051259" lon="-123.78846"><ele>209.809</ele><time>2026-08-19T19:02:48Z</time></trkpt><trkpt lat="48.051272" lon="-123.788486"><ele>211.051</ele><time>2026-08-19T19:02:52Z</time></trkpt><trkpt lat="48.051285" lon="-123.788512"><ele>211.627</ele><time>2026-08-19T19:02:54Z</time></trkpt><trkpt lat="48.051304" lon="-123.788544"><ele>212.459</ele><time>2026-08-19T19:02:57Z</time></trkpt><trkpt lat="48.051323" lon="-123.788562"><ele>213.647</ele><time>2026-08-19T19:03:01Z</time></trkpt><trkpt lat="48.051332" lon="-123.788565"><ele>213.875</ele><time>2026-08-19T19:03:02Z</time></trkpt><trkpt lat="48.05137" lon="-123.7886"><ele>214.828</ele><time>2026-08-19T19:03:06Z</time></trkpt><trkpt lat="48.051391" lon="-123.788635"><ele>215.662</ele><time>2026-08-19T19:03:10Z</time></trkpt><trkpt lat="48.051393" lon="-123.788645"><ele>215.812</ele><time>2026-08-19T19:03:11Z</time></trkpt><trkpt lat="48.051382" lon="-123.788707"><ele>216.827</ele><time>2026-08-19T19:03:18Z</time></trkpt><trkpt lat="48.051365" lon="-123.788686"><ele>217.273</ele><time>2026-08-19T19:03:20Z</time></trkpt><trkpt lat="48.051337" lon="-123.788632"><ele>218.085</ele><time>2026-08-19T19:03:24Z</time></trkpt><trkpt lat="48.051298" lon="-123.788626"><ele>219.013</ele><time>2026-08-19T19:03:29Z</time></trkpt><trkpt lat="48.051296" lon="-123.78866"><ele>220.209</ele><time>2026-08-19T19:03:33Z</time></trkpt><trkpt lat="48.051308" lon="-123.78871"><ele>221.289</ele><time>2026-08-19T19:03:37Z</time></trkpt><trkpt lat="48.051306" lon="-123.78873"><ele>221.645</ele><time>2026-08-19T19:03:39Z</time></trkpt><trkpt lat="48.0513" lon="-123.788727"><ele>222.067</ele><time>2026-08-19T19:03:42Z</time></trkpt><trkpt lat="48.051288" lon="-123.788727"><ele>222.265</ele><time>2026-08-19T19:03:45Z</time></trkpt><trkpt lat="48.051254" lon="-123.7887"><ele>223.053</ele><time>2026-08-19T19:03:51Z</time></trkpt><trkpt lat="48.051248" lon="-123.788691"><ele>223.476</ele><time>2026-08-19T19:03:53Z</time></trkpt><trkpt lat="48.051231" lon="-123.788626"><ele>224.420</ele><time>2026-08-19T19:03:59Z</time></trkpt><trkpt lat="48.051211" lon="-123.788594"><ele>224.870</ele><time>2026-08-19T19:04:03Z</time></trkpt><trkpt lat="48.051175" lon="-123.788574"><ele>225.425</ele><time>2026-08-19T19:04:08Z</time></trkpt><trkpt lat="48.051139" lon="-123.788575"><ele>226.256</ele><time>2026-08-19T19:04:13Z</time></trkpt><trkpt lat="48.05112" lon="-123.788583"><ele>226.459</ele><time>2026-08-19T19:04:15Z</time></trkpt><trkpt lat="48.051041" lon="-123.788609"><ele>227.614</ele><time>2026-08-19T19:04:21Z</time></trkpt><trkpt lat="48.051006" lon="-123.788596"><ele>228.209</ele><time>2026-08-19T19:04:25Z</time></trkpt><trkpt lat="48.05098" lon="-123.7886"><ele>228.647</ele><time>2026-08-19T19:04:28Z</time></trkpt><trkpt lat="48.050942" lon="-123.788619"><ele>229.063</ele><time>2026-08-19T19:04:34Z</time></trkpt><trkpt lat="48.050891" lon="-123.788607"><ele>229.645</ele><time>2026-08-19T19:04:39Z</time></trkpt><trkpt lat="48.050857" lon="-123.788597"><ele>230.443</ele><time>2026-08-19T19:04:43Z</time></trkpt><trkpt lat="48.050834" lon="-123.788586"><ele>230.811</ele><time>2026-08-19T19:04:46Z</time></trkpt><trkpt lat="48.050791" lon="-123.788545"><ele>231.614</ele><time>2026-08-19T19:04:53Z</time></trkpt><trkpt lat="48.050765" lon="-123.78853"><ele>231.818</ele><time>2026-08-19T19:04:56Z</time></trkpt><trkpt lat="48.050748" lon="-123.788496"><ele>232.678</ele><time>2026-08-19T19:05:01Z</time></trkpt><trkpt lat="48.050743" lon="-123.788486"><ele>233.023</ele><time>2026-08-19T19:05:03Z</time></trkpt><trkpt lat="48.0507" lon="-123.788443"><ele>234.092</ele><time>2026-08-19T19:05:09Z</time></trkpt><trkpt lat="48.05069" lon="-123.78844"><ele>234.273</ele><time>2026-08-19T19:05:10Z</time></trkpt><trkpt lat="48.050647" lon="-123.78843"><ele>234.420</ele><time>2026-08-19T19:05:13Z</time></trkpt><trkpt lat="48.050585" lon="-123.788427"><ele>235.009</ele><time>2026-08-19T19:05:20Z</time></trkpt><trkpt lat="48.050575" lon="-123.788424"><ele>235.041</ele><time>2026-08-19T19:05:21Z</time></trkpt><trkpt lat="48.050494" lon="-123.788432"><ele>236.247</ele><time>2026-08-19T19:05:29Z</time></trkpt><trkpt lat="48.050477" lon="-123.788432"><ele>236.689</ele><time>2026-08-19T19:05:31Z</time></trkpt><trkpt lat="48.050468" lon="-123.788435"><ele>236.857</ele><time>2026-08-19T19:05:32Z</time></trkpt><trkpt lat="48.050458" lon="-123.788437"><ele>237.065</ele><time>2026-08-19T19:05:33Z</time></trkpt><trkpt lat="48.050446" lon="-123.788441"><ele>237.268</ele><time>2026-08-19T19:05:35Z</time></trkpt><trkpt lat="48.050405" lon="-123.788436"><ele>237.262</ele><time>2026-08-19T19:05:39Z</time></trkpt><trkpt lat="48.050424" lon="-123.788427"><ele>237.652</ele><time>2026-08-19T19:05:47Z</time></trkpt><trkpt lat="48.05042" lon="-123.788428"><ele>238.087</ele><time>2026-08-19T19:05:51Z</time></trkpt><trkpt lat="48.050414" lon="-123.788414"><ele>238.258</ele><time>2026-08-19T19:05:55Z</time></trkpt><trkpt lat="48.050409" lon="-123.788412"><ele>238.452</ele><time>2026-08-19T19:05:57Z</time></trkpt><trkpt lat="48.050388" lon="-123.788406"><ele>238.417</ele><time>2026-08-19T19:06:02Z</time></trkpt><trkpt lat="48.050356" lon="-123.788405"><ele>238.609</ele><time>2026-08-19T19:06:06Z</time></trkpt><trkpt lat="48.050345" lon="-123.788411"><ele>238.857</ele><time>2026-08-19T19:06:09Z</time></trkpt><trkpt lat="48.050315" lon="-123.788452"><ele>238.833</ele><time>2026-08-19T19:06:16Z</time></trkpt><trkpt lat="48.050295" lon="-123.788473"><ele>238.875</ele><time>2026-08-19T19:06:24Z</time></trkpt><trkpt lat="48.050303" lon="-123.788451"><ele>239.083</ele><time>2026-08-19T19:06:30Z</time></trkpt><trkpt lat="48.050317" lon="-123.788473"><ele>239.081</ele><time>2026-08-19T19:06:37Z</time></trkpt><trkpt lat="48.050356" lon="-123.788485"><ele>239.014</ele><time>2026-08-19T19:06:47Z</time></trkpt><trkpt lat="48.050374" lon="-123.788475"><ele>239.028</ele><time>2026-08-19T19:06:50Z</time></trkpt><trkpt lat="48.050377" lon="-123.788509"><ele>239.018</ele><time>2026-08-19T19:06:55Z</time></trkpt><trkpt lat="48.050367" lon="-123.788566"><ele>239.023</ele><time>2026-08-19T19:07:00Z</time></trkpt><trkpt lat="48.050376" lon="-123.788609"><ele>239.015</ele><time>2026-08-19T19:07:09Z</time></trkpt><trkpt lat="48.050366" lon="-123.78862"><ele>239.065</ele><time>2026-08-19T19:07:16Z</time></trkpt><trkpt lat="48.050375" lon="-123.788606"><ele>239.011</ele><time>2026-08-19T19:07:18Z</time></trkpt><trkpt lat="48.05038" lon="-123.788593"><ele>239.009</ele><time>2026-08-19T19:07:20Z</time></trkpt><trkpt lat="48.050374" lon="-123.78859"><ele>239.263</ele><time>2026-08-19T19:07:22Z</time></trkpt><trkpt lat="48.050354" lon="-123.788561"><ele>239.239</ele><time>2026-08-19T19:07:29Z</time></trkpt><trkpt lat="48.05036" lon="-123.788551"><ele>239.271</ele><time>2026-08-19T19:07:30Z</time></trkpt><trkpt lat="48.050386" lon="-123.788508"><ele>239.249</ele><time>2026-08-19T19:07:40Z</time></trkpt><trkpt lat="48.050389" lon="-123.788474"><ele>239.077</ele><time>2026-08-19T19:07:48Z</time></trkpt><trkpt lat="48.050349" lon="-123.788468"><ele>238.870</ele><time>2026-08-19T19:08:00Z</time></trkpt><trkpt lat="48.050369" lon="-123.788498"><ele>238.894</ele><time>2026-08-19T19:08:08Z</time></trkpt><trkpt lat="48.050424" lon="-123.78855"><ele>240.684</ele><time>2026-08-19T19:08:15Z</time></trkpt><trkpt lat="48.050445" lon="-123.78857"><ele>241.819</ele><time>2026-08-19T19:08:18Z</time></trkpt><trkpt lat="48.05047" lon="-123.7886"><ele>243.021</ele><time>2026-08-19T19:08:22Z</time></trkpt><trkpt lat="48.05047" lon="-123.78862"><ele>243.641</ele><time>2026-08-19T19:08:24Z</time></trkpt><trkpt lat="48.050471" lon="-123.788632"><ele>244.005</ele><time>2026-08-19T19:08:25Z</time></trkpt><trkpt lat="48.05048" lon="-123.788635"><ele>244.209</ele><time>2026-08-19T19:08:26Z</time></trkpt><trkpt lat="48.050509" lon="-123.788696"><ele>245.674</ele><time>2026-08-19T19:08:30Z</time></trkpt><trkpt lat="48.050512" lon="-123.788706"><ele>246.010</ele><time>2026-08-19T19:08:31Z</time></trkpt><trkpt lat="48.050521" lon="-123.788758"><ele>246.892</ele><time>2026-08-19T19:08:34Z</time></trkpt><trkpt lat="48.050529" lon="-123.788804"><ele>247.850</ele><time>2026-08-19T19:08:38Z</time></trkpt><trkpt lat="48.050529" lon="-123.788807"><ele>248.298</ele><time>2026-08-19T19:08:39Z</time></trkpt><trkpt lat="48.050526" lon="-123.788823"><ele>249.071</ele><time>2026-08-19T19:08:42Z</time></trkpt><trkpt lat="48.050526" lon="-123.788835"><ele>249.665</ele><time>2026-08-19T19:08:44Z</time></trkpt><trkpt lat="48.050531" lon="-123.788855"><ele>250.235</ele><time>2026-08-19T19:08:46Z</time></trkpt><trkpt lat="48.050538" lon="-123.788873"><ele>251.410</ele><time>2026-08-19T19:08:49Z</time></trkpt><trkpt lat="48.050545" lon="-123.788906"><ele>252.288</ele><time>2026-08-19T19:08:52Z</time></trkpt><trkpt lat="48.050555" lon="-123.788927"><ele>252.424</ele><time>2026-08-19T19:08:54Z</time></trkpt><trkpt lat="48.050556" lon="-123.78896"><ele>253.226</ele><time>2026-08-19T19:08:58Z</time></trkpt><trkpt lat="48.050558" lon="-123.788966"><ele>253.609</ele><time>2026-08-19T19:08:59Z</time></trkpt><trkpt lat="48.050562" lon="-123.788965"><ele>253.820</ele><time>2026-08-19T19:09:00Z</time></trkpt><trkpt lat="48.050565" lon="-123.788962"><ele>254.066</ele><time>2026-08-19T19:09:01Z</time></trkpt><trkpt lat="48.050589" lon="-123.788953"><ele>253.828</ele><time>2026-08-19T19:09:04Z</time></trkpt><trkpt lat="48.05061" lon="-123.788954"><ele>253.466</ele><time>2026-08-19T19:09:06Z</time></trkpt><trkpt lat="48.050675" lon="-123.788955"><ele>252.664</ele><time>2026-08-19T19:09:11Z</time></trkpt><trkpt lat="48.050707" lon="-123.788956"><ele>252.447</ele><time>2026-08-19T19:09:13Z</time></trkpt><trkpt lat="48.050754" lon="-123.788926"><ele>251.671</ele><time>2026-08-19T19:09:18Z</time></trkpt><trkpt lat="48.050767" lon="-123.788924"><ele>251.261</ele><time>2026-08-19T19:09:20Z</time></trkpt><trkpt lat="48.050828" lon="-123.788914"><ele>250.286</ele><time>2026-08-19T19:09:27Z</time></trkpt><trkpt lat="48.050865" lon="-123.788933"><ele>249.224</ele><time>2026-08-19T19:09:31Z</time></trkpt><trkpt lat="48.050859" lon="-123.788938"><ele>248.804</ele><time>2026-08-19T19:09:32Z</time></trkpt><trkpt lat="48.05088" lon="-123.788949"><ele>248.014</ele><time>2026-08-19T19:09:35Z</time></trkpt><trkpt lat="48.050889" lon="-123.788945"><ele>247.609</ele><time>2026-08-19T19:09:36Z</time></trkpt><trkpt lat="48.050919" lon="-123.788937"><ele>247.264</ele><time>2026-08-19T19:09:38Z</time></trkpt><trkpt lat="48.050963" lon="-123.788916"><ele>246.650</ele><time>2026-08-19T19:09:42Z</time></trkpt><trkpt lat="48.05098" lon="-123.788898"><ele>246.462</ele><time>2026-08-19T19:09:44Z</time></trkpt><trkpt lat="48.050986" lon="-123.788897"><ele>246.250</ele><time>2026-08-19T19:09:46Z</time></trkpt><trkpt lat="48.050996" lon="-123.788914"><ele>246.028</ele><time>2026-08-19T19:09:49Z</time></trkpt><trkpt lat="48.050998" lon="-123.788938"><ele>246.051</ele><time>2026-08-19T19:09:53Z</time></trkpt><trkpt lat="48.051014" lon="-123.788932"><ele>246.075</ele><time>2026-08-19T19:09:56Z</time></trkpt><trkpt lat="48.051019" lon="-123.788932"><ele>246.095</ele><time>2026-08-19T19:09:57Z</time></trkpt><trkpt lat="48.051034" lon="-123.788924"><ele>245.890</ele><time>2026-08-19T19:09:59Z</time></trkpt><trkpt lat="48.051046" lon="-123.788909"><ele>245.638</ele><time>2026-08-19T19:10:01Z</time></trkpt><trkpt lat="48.051081" lon="-123.78887"><ele>244.670</ele><time>2026-08-19T19:10:06Z</time></trkpt><trkpt lat="48.051091" lon="-123.78886"><ele>244.217</ele><time>2026-08-19T19:10:07Z</time></trkpt><trkpt lat="48.051099" lon="-123.788847"><ele>243.609</ele><time>2026-08-19T19:10:11Z</time></trkpt><trkpt lat="48.051106" lon="-123.78884"><ele>243.645</ele><time>2026-08-19T19:10:14Z</time></trkpt><trkpt lat="48.05111" lon="-123.788842"><ele>243.471</ele><time>2026-08-19T19:10:15Z</time></trkpt><trkpt lat="48.051125" lon="-123.788855"><ele>242.813</ele><time>2026-08-19T19:10:18Z</time></trkpt><trkpt lat="48.051134" lon="-123.788864"><ele>242.271</ele><time>2026-08-19T19:10:20Z</time></trkpt><trkpt lat="48.051147" lon="-123.788882"><ele>241.689</ele><time>2026-08-19T19:10:24Z</time></trkpt><trkpt lat="48.051163" lon="-123.788893"><ele>241.272</ele><time>2026-08-19T19:10:26Z</time></trkpt><trkpt lat="48.051218" lon="-123.788922"><ele>240.256</ele><time>2026-08-19T19:10:31Z</time></trkpt><trkpt lat="48.051241" lon="-123.788933"><ele>239.636</ele><time>2026-08-19T19:10:33Z</time></trkpt><trkpt lat="48.051255" lon="-123.78894"><ele>239.061</ele><time>2026-08-19T19:10:35Z</time></trkpt><trkpt lat="48.051294" lon="-123.788946"><ele>237.844</ele><time>2026-08-19T19:10:40Z</time></trkpt><trkpt lat="48.051316" lon="-123.788945"><ele>237.205</ele><time>2026-08-19T19:10:43Z</time></trkpt><trkpt lat="48.051347" lon="-123.788951"><ele>236.615</ele><time>2026-08-19T19:10:46Z</time></trkpt><trkpt lat="48.051381" lon="-123.788966"><ele>235.409</ele><time>2026-08-19T19:10:50Z</time></trkpt><trkpt lat="48.051398" lon="-123.788973"><ele>235.046</ele><time>2026-08-19T19:10:52Z</time></trkpt><trkpt lat="48.051436" lon="-123.78898"><ele>234.262</ele><time>2026-08-19T19:10:57Z</time></trkpt><trkpt lat="48.051439" lon="-123.78896"><ele>233.854</ele><time>2026-08-19T19:10:59Z</time></trkpt><trkpt lat="48.051435" lon="-123.788953"><ele>233.692</ele><time>2026-08-19T19:11:00Z</time></trkpt><trkpt lat="48.051427" lon="-123.788934"><ele>233.020</ele><time>2026-08-19T19:11:02Z</time></trkpt><trkpt lat="48.051413" lon="-123.788891"><ele>232.033</ele><time>2026-08-19T19:11:07Z</time></trkpt><trkpt lat="48.051398" lon="-123.788838"><ele>230.847</ele><time>2026-08-19T19:11:11Z</time></trkpt><trkpt lat="48.051387" lon="-123.788797"><ele>230.067</ele><time>2026-08-19T19:11:14Z</time></trkpt><trkpt lat="48.051384" lon="-123.788762"><ele>229.882</ele><time>2026-08-19T19:11:16Z</time></trkpt><trkpt lat="48.051381" lon="-123.788707"><ele>229.062</ele><time>2026-08-19T19:11:21Z</time></trkpt><trkpt lat="48.051365" lon="-123.788666"><ele>228.683</ele><time>2026-08-19T19:11:25Z</time></trkpt><trkpt lat="48.051348" lon="-123.788635"><ele>227.811</ele><time>2026-08-19T19:11:29Z</time></trkpt><trkpt lat="48.051347" lon="-123.788631"><ele>227.609</ele><time>2026-08-19T19:11:30Z</time></trkpt><trkpt lat="48.051338" lon="-123.788625"><ele>226.478</ele><time>2026-08-19T19:11:39Z</time></trkpt><trkpt lat="48.051347" lon="-123.788653"><ele>225.894</ele><time>2026-08-19T19:11:46Z</time></trkpt><trkpt lat="48.051353" lon="-123.788671"><ele>225.456</ele><time>2026-08-19T19:11:48Z</time></trkpt><trkpt lat="48.051371" lon="-123.78869"><ele>224.854</ele><time>2026-08-19T19:11:50Z</time></trkpt><trkpt lat="48.051392" lon="-123.788711"><ele>224.242</ele><time>2026-08-19T19:11:52Z</time></trkpt><trkpt lat="48.051416" lon="-123.78869"><ele>223.295</ele><time>2026-08-19T19:11:57Z</time></trkpt><trkpt lat="48.051391" lon="-123.788581"><ele>222.269</ele><time>2026-08-19T19:12:03Z</time></trkpt><trkpt lat="48.051391" lon="-123.78857"><ele>222.279</ele><time>2026-08-19T19:12:04Z</time></trkpt><trkpt lat="48.051371" lon="-123.788523"><ele>221.274</ele><time>2026-08-19T19:12:13Z</time></trkpt><trkpt lat="48.051362" lon="-123.788514"><ele>220.821</ele><time>2026-08-19T19:12:15Z</time></trkpt><trkpt lat="48.051341" lon="-123.788459"><ele>220.241</ele><time>2026-08-19T19:12:21Z</time></trkpt><trkpt lat="48.051334" lon="-123.788442"><ele>219.805</ele><time>2026-08-19T19:12:23Z</time></trkpt><trkpt lat="48.051334" lon="-123.788417"><ele>219.009</ele><time>2026-08-19T19:12:27Z</time></trkpt><trkpt lat="48.051332" lon="-123.788379"><ele>218.464</ele><time>2026-08-19T19:12:31Z</time></trkpt><trkpt lat="48.05133" lon="-123.788368"><ele>218.060</ele><time>2026-08-19T19:12:34Z</time></trkpt><trkpt lat="48.051309" lon="-123.788349"><ele>217.452</ele><time>2026-08-19T19:12:40Z</time></trkpt><trkpt lat="48.051287" lon="-123.788304"><ele>216.860</ele><time>2026-08-19T19:12:43Z</time></trkpt><trkpt lat="48.051276" lon="-123.788208"><ele>215.828</ele><time>2026-08-19T19:12:49Z</time></trkpt><trkpt lat="48.051273" lon="-123.788193"><ele>215.811</ele><time>2026-08-19T19:12:50Z</time></trkpt><trkpt lat="48.051274" lon="-123.788101"><ele>215.815</ele><time>2026-08-19T19:13:01Z</time></trkpt><trkpt lat="48.051324" lon="-123.788038"><ele>214.845</ele><time>2026-08-19T19:13:08Z</time></trkpt><trkpt lat="48.051336" lon="-123.78801"><ele>214.630</ele><time>2026-08-19T19:13:10Z</time></trkpt><trkpt lat="48.051317" lon="-123.787945"><ele>214.677</ele><time>2026-08-19T19:13:17Z</time></trkpt><trkpt lat="48.051304" lon="-123.787789"><ele>215.261</ele><time>2026-08-19T19:13:26Z</time></trkpt><trkpt lat="48.051319" lon="-123.787745"><ele>215.627</ele><time>2026-08-19T19:13:33Z</time></trkpt><trkpt lat="48.051331" lon="-123.787729"><ele>215.809</ele><time>2026-08-19T19:13:36Z</time></trkpt><trkpt lat="48.051363" lon="-123.787713"><ele>216.059</ele><time>2026-08-19T19:13:41Z</time></trkpt><trkpt lat="48.051384" lon="-123.78772"><ele>216.065</ele><time>2026-08-19T19:13:45Z</time></trkpt><trkpt lat="48.051403" lon="-123.787732"><ele>216.257</ele><time>2026-08-19T19:13:47Z</time></trkpt><trkpt lat="48.051417" lon="-123.78776"><ele>216.255</ele><time>2026-08-19T19:13:49Z</time></trkpt><trkpt lat="48.051449" lon="-123.787789"><ele>216.063</ele><time>2026-08-19T19:13:52Z</time></trkpt><trkpt lat="48.05147" lon="-123.787799"><ele>216.016</ele><time>2026-08-19T19:13:54Z</time></trkpt><trkpt lat="48.051528" lon="-123.787835"><ele>216.020</ele><time>2026-08-19T19:13:59Z</time></trkpt><trkpt lat="48.051606" lon="-123.787919"><ele>215.090</ele><time>2026-08-19T19:14:09Z</time></trkpt><trkpt lat="48.051619" lon="-123.787956"><ele>214.815</ele><time>2026-08-19T19:14:11Z</time></trkpt><trkpt lat="48.05162" lon="-123.788058"><ele>214.671</ele><time>2026-08-19T19:14:17Z</time></trkpt><trkpt lat="48.051639" lon="-123.788122"><ele>214.241</ele><time>2026-08-19T19:14:21Z</time></trkpt><trkpt lat="48.051657" lon="-123.788202"><ele>214.015</ele><time>2026-08-19T19:14:25Z</time></trkpt><trkpt lat="48.051723" lon="-123.78825"><ele>214.409</ele><time>2026-08-19T19:14:32Z</time></trkpt><trkpt lat="48.051818" lon="-123.788217"><ele>214.499</ele><time>2026-08-19T19:14:40Z</time></trkpt><trkpt lat="48.051929" lon="-123.788171"><ele>214.665</ele><time>2026-08-19T19:14:48Z</time></trkpt><trkpt lat="48.052043" lon="-123.78809"><ele>215.067</ele><time>2026-08-19T19:14:57Z</time></trkpt><trkpt lat="48.05218" lon="-123.788054"><ele>215.265</ele><time>2026-08-19T19:15:07Z</time></trkpt><trkpt lat="48.052236" lon="-123.788044"><ele>215.853</ele><time>2026-08-19T19:15:12Z</time></trkpt><trkpt lat="48.052255" lon="-123.788079"><ele>216.226</ele><time>2026-08-19T19:15:15Z</time></trkpt><trkpt lat="48.052318" lon="-123.788186"><ele>216.620</ele><time>2026-08-19T19:15:22Z</time></trkpt><trkpt lat="48.052327" lon="-123.788202"><ele>216.640</ele><time>2026-08-19T19:15:23Z</time></trkpt><trkpt lat="48.052359" lon="-123.788269"><ele>216.875</ele><time>2026-08-19T19:15:27Z</time></trkpt><trkpt lat="48.052376" lon="-123.788365"><ele>216.412</ele><time>2026-08-19T19:15:32Z</time></trkpt><trkpt lat="48.052388" lon="-123.788518"><ele>215.832</ele><time>2026-08-19T19:15:40Z</time></trkpt><trkpt lat="48.052397" lon="-123.788605"><ele>214.405</ele><time>2026-08-19T19:15:44Z</time></trkpt><trkpt lat="48.052398" lon="-123.788657"><ele>214.009</ele><time>2026-08-19T19:15:47Z</time></trkpt><trkpt lat="48.052416" lon="-123.788828"><ele>213.813</ele><time>2026-08-19T19:15:56Z</time></trkpt><trkpt lat="48.052419" lon="-123.788858"><ele>213.819</ele><time>2026-08-19T19:15:57Z</time></trkpt><trkpt lat="48.05243" lon="-123.788906"><ele>213.641</ele><time>2026-08-19T19:15:59Z</time></trkpt><trkpt lat="48.052464" lon="-123.788985"><ele>213.429</ele><time>2026-08-19T19:16:04Z</time></trkpt><trkpt lat="48.052474" lon="-123.789"><ele>213.487</ele><time>2026-08-19T19:16:05Z</time></trkpt><trkpt lat="48.052553" lon="-123.789082"><ele>212.810</ele><time>2026-08-19T19:16:13Z</time></trkpt><trkpt lat="48.052651" lon="-123.789145"><ele>212.224</ele><time>2026-08-19T19:16:22Z</time></trkpt><trkpt lat="48.052666" lon="-123.789162"><ele>212.094</ele><time>2026-08-19T19:16:23Z</time></trkpt><trkpt lat="48.05279" lon="-123.789309"><ele>212.029</ele><time>2026-08-19T19:16:33Z</time></trkpt><trkpt lat="48.052894" lon="-123.7895"><ele>211.861</ele><time>2026-08-19T19:16:45Z</time></trkpt><trkpt lat="48.052949" lon="-123.789676"><ele>211.621</ele><time>2026-08-19T19:16:54Z</time></trkpt><trkpt lat="48.05299" lon="-123.789736"><ele>211.413</ele><time>2026-08-19T19:16:58Z</time></trkpt><trkpt lat="48.053041" lon="-123.789775"><ele>211.209</ele><time>2026-08-19T19:17:02Z</time></trkpt><trkpt lat="48.053133" lon="-123.789834"><ele>210.898</ele><time>2026-08-19T19:17:11Z</time></trkpt><trkpt lat="48.053225" lon="-123.78987"><ele>210.694</ele><time>2026-08-19T19:17:19Z</time></trkpt><trkpt lat="48.053341" lon="-123.789926"><ele>210.646</ele><time>2026-08-19T19:17:29Z</time></trkpt><trkpt lat="48.05343" lon="-123.789991"><ele>210.844</ele><time>2026-08-19T19:17:38Z</time></trkpt><trkpt lat="48.053535" lon="-123.790074"><ele>210.242</ele><time>2026-08-19T19:17:46Z</time></trkpt><trkpt lat="48.053547" lon="-123.790083"><ele>210.015</ele><time>2026-08-19T19:17:48Z</time></trkpt><trkpt lat="48.053649" lon="-123.790152"><ele>209.839</ele><time>2026-08-19T19:17:59Z</time></trkpt><trkpt lat="48.053707" lon="-123.790223"><ele>209.419</ele><time>2026-08-19T19:18:04Z</time></trkpt><trkpt lat="48.053742" lon="-123.79026"><ele>209.264</ele><time>2026-08-19T19:18:07Z</time></trkpt><trkpt lat="48.053754" lon="-123.790276"><ele>209.031</ele><time>2026-08-19T19:18:08Z</time></trkpt><trkpt lat="48.053866" lon="-123.79039"><ele>208.661</ele><time>2026-08-19T19:18:18Z</time></trkpt><trkpt lat="48.053923" lon="-123.79054"><ele>208.407</ele><time>2026-08-19T19:18:27Z</time></trkpt><trkpt lat="48.053933" lon="-123.790664"><ele>208.009</ele><time>2026-08-19T19:18:33Z</time></trkpt><trkpt lat="48.053947" lon="-123.790702"><ele>208.085</ele><time>2026-08-19T19:18:35Z</time></trkpt><trkpt lat="48.054036" lon="-123.790809"><ele>207.291</ele><time>2026-08-19T19:18:44Z</time></trkpt><trkpt lat="48.054151" lon="-123.790828"><ele>207.453</ele><time>2026-08-19T19:18:52Z</time></trkpt><trkpt lat="48.054167" lon="-123.790823"><ele>207.461</ele><time>2026-08-19T19:18:59Z</time></trkpt><trkpt lat="48.054182" lon="-123.790828"><ele>207.419</ele><time>2026-08-19T19:19:01Z</time></trkpt><trkpt lat="48.054225" lon="-123.790821"><ele>207.062</ele><time>2026-08-19T19:19:04Z</time></trkpt><trkpt lat="48.054252" lon="-123.790817"><ele>207.086</ele><time>2026-08-19T19:19:06Z</time></trkpt><trkpt lat="48.054364" lon="-123.790822"><ele>206.646</ele><time>2026-08-19T19:19:14Z</time></trkpt><trkpt lat="48.054465" lon="-123.790834"><ele>206.221</ele><time>2026-08-19T19:19:22Z</time></trkpt><trkpt lat="48.05448" lon="-123.790834"><ele>206.049</ele><time>2026-08-19T19:19:23Z</time></trkpt><trkpt lat="48.054525" lon="-123.790829"><ele>205.802</ele><time>2026-08-19T19:19:27Z</time></trkpt><trkpt lat="48.054551" lon="-123.790828"><ele>205.822</ele><time>2026-08-19T19:19:29Z</time></trkpt><trkpt lat="48.054579" lon="-123.790825"><ele>205.609</ele><time>2026-08-19T19:19:31Z</time></trkpt><trkpt lat="48.05459" lon="-123.790823"><ele>205.636</ele><time>2026-08-19T19:19:32Z</time></trkpt><trkpt lat="48.054731" lon="-123.790802"><ele>205.272</ele><time>2026-08-19T19:19:44Z</time></trkpt><trkpt lat="48.054808" lon="-123.79079"><ele>205.064</ele><time>2026-08-19T19:19:49Z</time></trkpt><trkpt lat="48.054837" lon="-123.790785"><ele>204.832</ele><time>2026-08-19T19:19:51Z</time></trkpt><trkpt lat="48.05499" lon="-123.790747"><ele>204.410</ele><time>2026-08-19T19:20:03Z</time></trkpt><trkpt lat="48.05505" lon="-123.790723"><ele>204.683</ele><time>2026-08-19T19:20:07Z</time></trkpt><trkpt lat="48.055137" lon="-123.790657"><ele>204.637</ele><time>2026-08-19T19:20:13Z</time></trkpt><trkpt lat="48.055282" lon="-123.79055"><ele>204.077</ele><time>2026-08-19T19:20:24Z</time></trkpt><trkpt lat="48.05532" lon="-123.790493"><ele>204.022</ele><time>2026-08-19T19:20:29Z</time></trkpt><trkpt lat="48.055333" lon="-123.790467"><ele>203.858</ele><time>2026-08-19T19:20:31Z</time></trkpt><trkpt lat="48.055422" lon="-123.790347"><ele>203.452</ele><time>2026-08-19T19:20:40Z</time></trkpt><trkpt lat="48.055496" lon="-123.790202"><ele>203.217</ele><time>2026-08-19T19:20:49Z</time></trkpt><trkpt lat="48.055529" lon="-123.79014"><ele>203.009</ele><time>2026-08-19T19:20:54Z</time></trkpt><trkpt lat="48.055554" lon="-123.790091"><ele>202.877</ele><time>2026-08-19T19:20:58Z</time></trkpt><trkpt lat="48.055628" lon="-123.789924"><ele>202.813</ele><time>2026-08-19T19:21:07Z</time></trkpt><trkpt lat="48.055694" lon="-123.789767"><ele>202.865</ele><time>2026-08-19T19:21:15Z</time></trkpt><trkpt lat="48.055726" lon="-123.789651"><ele>202.833</ele><time>2026-08-19T19:21:23Z</time></trkpt><trkpt lat="48.055766" lon="-123.789528"><ele>202.621</ele><time>2026-08-19T19:21:31Z</time></trkpt><trkpt lat="48.055821" lon="-123.789455"><ele>202.034</ele><time>2026-08-19T19:21:41Z</time></trkpt><trkpt lat="48.055863" lon="-123.789392"><ele>202.088</ele><time>2026-08-19T19:21:45Z</time></trkpt><trkpt lat="48.055893" lon="-123.789345"><ele>201.848</ele><time>2026-08-19T19:21:48Z</time></trkpt><trkpt lat="48.055912" lon="-123.789311"><ele>201.893</ele><time>2026-08-19T19:21:50Z</time></trkpt><trkpt lat="48.056014" lon="-123.789148"><ele>201.689</ele><time>2026-08-19T19:22:00Z</time></trkpt><trkpt lat="48.056066" lon="-123.789035"><ele>201.406</ele><time>2026-08-19T19:22:07Z</time></trkpt><trkpt lat="48.056136" lon="-123.788908"><ele>200.826</ele><time>2026-08-19T19:22:14Z</time></trkpt><trkpt lat="48.056169" lon="-123.788828"><ele>200.809</ele><time>2026-08-19T19:22:18Z</time></trkpt><trkpt lat="48.056222" lon="-123.78869"><ele>200.050</ele><time>2026-08-19T19:22:28Z</time></trkpt><trkpt lat="48.056283" lon="-123.788589"><ele>199.896</ele><time>2026-08-19T19:22:35Z</time></trkpt><trkpt lat="48.056301" lon="-123.788554"><ele>199.638</ele><time>2026-08-19T19:22:37Z</time></trkpt><trkpt lat="48.05637" lon="-123.788438"><ele>199.466</ele><time>2026-08-19T19:22:45Z</time></trkpt><trkpt lat="48.056423" lon="-123.788335"><ele>199.034</ele><time>2026-08-19T19:22:52Z</time></trkpt><trkpt lat="48.05645" lon="-123.788297"><ele>198.887</ele><time>2026-08-19T19:22:55Z</time></trkpt><trkpt lat="48.056511" lon="-123.788208"><ele>198.251</ele><time>2026-08-19T19:23:02Z</time></trkpt><trkpt lat="48.056564" lon="-123.788112"><ele>197.631</ele><time>2026-08-19T19:23:08Z</time></trkpt><trkpt lat="48.056575" lon="-123.788089"><ele>197.436</ele><time>2026-08-19T19:23:10Z</time></trkpt><trkpt lat="48.056668" lon="-123.787974"><ele>197.287</ele><time>2026-08-19T19:23:19Z</time></trkpt><trkpt lat="48.056746" lon="-123.787882"><ele>196.842</ele><time>2026-08-19T19:23:28Z</time></trkpt><trkpt lat="48.056773" lon="-123.78785"><ele>196.626</ele><time>2026-08-19T19:23:31Z</time></trkpt><trkpt lat="48.056856" lon="-123.787763"><ele>196.409</ele><time>2026-08-19T19:23:39Z</time></trkpt><trkpt lat="48.056962" lon="-123.78765"><ele>196.030</ele><time>2026-08-19T19:23:47Z</time></trkpt><trkpt lat="48.057059" lon="-123.787562"><ele>195.686</ele><time>2026-08-19T19:23:56Z</time></trkpt><trkpt lat="48.057129" lon="-123.787486"><ele>195.218</ele><time>2026-08-19T19:24:03Z</time></trkpt><trkpt lat="48.057227" lon="-123.787352"><ele>195.046</ele><time>2026-08-19T19:24:13Z</time></trkpt><trkpt lat="48.057306" lon="-123.787239"><ele>194.674</ele><time>2026-08-19T19:24:22Z</time></trkpt><trkpt lat="48.057317" lon="-123.787231"><ele>194.447</ele><time>2026-08-19T19:24:23Z</time></trkpt><trkpt lat="48.057481" lon="-123.787127"><ele>193.831</ele><time>2026-08-19T19:24:35Z</time></trkpt><trkpt lat="48.057517" lon="-123.787101"><ele>193.491</ele><time>2026-08-19T19:24:38Z</time></trkpt><trkpt lat="48.057577" lon="-123.787008"><ele>193.096</ele><time>2026-08-19T19:24:45Z</time></trkpt><trkpt lat="48.05764" lon="-123.786863"><ele>192.482</ele><time>2026-08-19T19:24:54Z</time></trkpt><trkpt lat="48.057671" lon="-123.786737"><ele>191.443</ele><time>2026-08-19T19:25:04Z</time></trkpt><trkpt lat="48.057656" lon="-123.78673"><ele>191.217</ele><time>2026-08-19T19:25:11Z</time></trkpt><trkpt lat="48.057645" lon="-123.786716"><ele>191.009</ele><time>2026-08-19T19:25:13Z</time></trkpt><trkpt lat="48.057654" lon="-123.786666"><ele>191.010</ele><time>2026-08-19T19:25:23Z</time></trkpt><trkpt lat="48.057676" lon="-123.786641"><ele>190.816</ele><time>2026-08-19T19:25:31Z</time></trkpt><trkpt lat="48.057693" lon="-123.786586"><ele>190.488</ele><time>2026-08-19T19:25:40Z</time></trkpt><trkpt lat="48.057697" lon="-123.786568"><ele>190.296</ele><time>2026-08-19T19:25:42Z</time></trkpt><trkpt lat="48.057722" lon="-123.78651"><ele>189.074</ele><time>2026-08-19T19:25:49Z</time></trkpt><trkpt lat="48.05777" lon="-123.786448"><ele>188.077</ele><time>2026-08-19T19:25:55Z</time></trkpt><trkpt lat="48.057791" lon="-123.786439"><ele>187.651</ele><time>2026-08-19T19:25:59Z</time></trkpt><trkpt lat="48.057797" lon="-123.786462"><ele>187.421</ele><time>2026-08-19T19:26:03Z</time></trkpt><trkpt lat="48.057795" lon="-123.78653"><ele>187.616</ele><time>2026-08-19T19:26:10Z</time></trkpt><trkpt lat="48.05794" lon="-123.786546"><ele>187.276</ele><time>2026-08-19T19:26:21Z</time></trkpt><trkpt lat="48.058004" lon="-123.786522"><ele>186.890</ele><time>2026-08-19T19:26:24Z</time></trkpt><trkpt lat="48.058066" lon="-123.78649"><ele>186.419</ele><time>2026-08-19T19:26:28Z</time></trkpt><trkpt lat="48.058074" lon="-123.786473"><ele>186.209</ele><time>2026-08-19T19:26:29Z</time></trkpt><trkpt lat="48.058091" lon="-123.786447"><ele>185.839</ele><time>2026-08-19T19:26:31Z</time></trkpt><trkpt lat="48.058089" lon="-123.786436"><ele>185.245</ele><time>2026-08-19T19:26:34Z</time></trkpt><trkpt lat="48.058105" lon="-123.786394"><ele>185.097</ele><time>2026-08-19T19:26:42Z</time></trkpt><trkpt lat="48.058105" lon="-123.786379"><ele>185.035</ele><time>2026-08-19T19:26:46Z</time></trkpt><trkpt lat="48.058111" lon="-123.786357"><ele>184.873</ele><time>2026-08-19T19:26:49Z</time></trkpt><trkpt lat="48.058112" lon="-123.786346"><ele>184.676</ele><time>2026-08-19T19:26:50Z</time></trkpt><trkpt lat="48.058091" lon="-123.78624"><ele>184.060</ele><time>2026-08-19T19:26:59Z</time></trkpt><trkpt lat="48.058094" lon="-123.786177"><ele>183.810</ele><time>2026-08-19T19:27:05Z</time></trkpt><trkpt lat="48.058095" lon="-123.786153"><ele>183.665</ele><time>2026-08-19T19:27:08Z</time></trkpt><trkpt lat="48.058075" lon="-123.786151"><ele>183.213</ele><time>2026-08-19T19:27:17Z</time></trkpt><trkpt lat="48.058075" lon="-123.786145"><ele>183.243</ele><time>2026-08-19T19:27:19Z</time></trkpt><trkpt lat="48.058076" lon="-123.786143"><ele>183.207</ele><time>2026-08-19T19:27:20Z</time></trkpt><trkpt lat="48.058079" lon="-123.786139"><ele>183.209</ele><time>2026-08-19T19:27:21Z</time></trkpt><trkpt lat="48.058081" lon="-123.786136"><ele>183.273</ele><time>2026-08-19T19:27:22Z</time></trkpt><trkpt lat="48.05808" lon="-123.786135"><ele>183.259</ele><time>2026-08-19T19:27:23Z</time></trkpt><trkpt lat="48.058096" lon="-123.786127"><ele>183.081</ele><time>2026-08-19T19:27:25Z</time></trkpt><trkpt lat="48.058101" lon="-123.786119"><ele>183.239</ele><time>2026-08-19T19:27:32Z</time></trkpt><trkpt lat="48.058123" lon="-123.786113"><ele>182.677</ele><time>2026-08-19T19:27:42Z</time></trkpt><trkpt lat="48.058139" lon="-123.786084"><ele>182.670</ele><time>2026-08-19T19:27:48Z</time></trkpt><trkpt lat="48.058139" lon="-123.786082"><ele>182.614</ele><time>2026-08-19T19:27:49Z</time></trkpt><trkpt lat="48.058138" lon="-123.78608"><ele>182.634</ele><time>2026-08-19T19:27:50Z</time></trkpt><trkpt lat="48.058128" lon="-123.786084"><ele>182.629</ele><time>2026-08-19T19:27:52Z</time></trkpt><trkpt lat="48.058122" lon="-123.78609"><ele>182.484</ele><time>2026-08-19T19:27:54Z</time></trkpt><trkpt lat="48.058117" lon="-123.786078"><ele>182.007</ele><time>2026-08-19T19:28:02Z</time></trkpt><trkpt lat="48.05812" lon="-123.786103"><ele>182.217</ele><time>2026-08-19T19:28:11Z</time></trkpt><trkpt lat="48.058129" lon="-123.786087"><ele>181.609</ele><time>2026-08-19T19:28:15Z</time></trkpt><trkpt lat="48.058125" lon="-123.786105"><ele>181.470</ele><time>2026-08-19T19:28:18Z</time></trkpt><trkpt lat="48.058127" lon="-123.786113"><ele>180.876</ele><time>2026-08-19T19:28:28Z</time></trkpt><trkpt lat="48.058123" lon="-123.786103"><ele>180.698</ele><time>2026-08-19T19:28:40Z</time></trkpt><trkpt lat="48.058122" lon="-123.786104"><ele>180.656</ele><time>2026-08-19T19:28:41Z</time></trkpt><trkpt lat="48.058107" lon="-123.786098"><ele>180.684</ele><time>2026-08-19T19:28:50Z</time></trkpt><trkpt lat="48.058117" lon="-123.786105"><ele>180.447</ele><time>2026-08-19T19:28:59Z</time></trkpt><trkpt lat="48.05812" lon="-123.7861"><ele>180.441</ele><time>2026-08-19T19:29:00Z</time></trkpt><trkpt lat="48.058118" lon="-123.786115"><ele>180.261</ele><time>2026-08-19T19:29:10Z</time></trkpt><trkpt lat="48.058117" lon="-123.786111"><ele>180.026</ele><time>2026-08-19T19:29:15Z</time></trkpt><trkpt lat="48.058119" lon="-123.786111"><ele>180.063</ele><time>2026-08-19T19:29:16Z</time></trkpt><trkpt lat="48.058119" lon="-123.786108"><ele>179.844</ele><time>2026-08-19T19:29:18Z</time></trkpt><trkpt lat="48.058115" lon="-123.786105"><ele>179.618</ele><time>2026-08-19T19:29:23Z</time></trkpt><trkpt lat="48.058128" lon="-123.786106"><ele>179.609</ele><time>2026-08-19T19:29:34Z</time></trkpt><trkpt lat="48.058126" lon="-123.786105"><ele>179.498</ele><time>2026-08-19T19:29:36Z</time></trkpt><trkpt lat="48.058115" lon="-123.786102"><ele>179.414</ele><time>2026-08-19T19:29:44Z</time></trkpt><trkpt lat="48.058111" lon="-123.786101"><ele>179.416</ele><time>2026-08-19T19:29:49Z</time></trkpt><trkpt lat="48.058097" lon="-123.786087"><ele>179.414</ele><time>2026-08-19T19:30:03Z</time></trkpt><trkpt lat="48.058139" lon="-123.786108"><ele>179.442</ele><time>2026-08-19T19:30:13Z</time></trkpt><trkpt lat="48.058134" lon="-123.786107"><ele>179.455</ele><time>2026-08-19T19:30:16Z</time></trkpt><trkpt lat="48.058119" lon="-123.78611"><ele>179.489</ele><time>2026-08-19T19:30:23Z</time></trkpt><trkpt lat="48.058107" lon="-123.786086"><ele>179.259</ele><time>2026-08-19T19:30:31Z</time></trkpt><trkpt lat="48.058111" lon="-123.786087"><ele>179.034</ele><time>2026-08-19T19:30:35Z</time></trkpt><trkpt lat="48.05811" lon="-123.786071"><ele>179.047</ele><time>2026-08-19T19:30:49Z</time></trkpt><trkpt lat="48.058113" lon="-123.786074"><ele>179.029</ele><time>2026-08-19T19:30:52Z</time></trkpt><trkpt lat="48.058114" lon="-123.786082"><ele>179.021</ele><time>2026-08-19T19:30:56Z</time></trkpt><trkpt lat="48.058121" lon="-123.786089"><ele>178.809</ele><time>2026-08-19T19:31:02Z</time></trkpt><trkpt lat="48.058143" lon="-123.786101"><ele>178.816</ele><time>2026-08-19T19:31:12Z</time></trkpt><trkpt lat="48.058049" lon="-123.786232"><ele>178.462</ele><time>2026-08-19T19:56:30Z</time></trkpt><trkpt lat="48.058096" lon="-123.786269"><ele>178.644</ele><time>2026-08-19T19:56:35Z</time></trkpt><trkpt lat="48.058095" lon="-123.786301"><ele>178.852</ele><time>2026-08-19T19:56:37Z</time></trkpt><trkpt lat="48.058091" lon="-123.786347"><ele>178.840</ele><time>2026-08-19T19:56:41Z</time></trkpt><trkpt lat="48.058084" lon="-123.786346"><ele>178.813</ele><time>2026-08-19T19:56:42Z</time></trkpt><trkpt lat="48.058072" lon="-123.786352"><ele>178.877</ele><time>2026-08-19T19:56:44Z</time></trkpt><trkpt lat="48.058041" lon="-123.786403"><ele>179.267</ele><time>2026-08-19T19:56:51Z</time></trkpt><trkpt lat="48.058034" lon="-123.786424"><ele>179.482</ele><time>2026-08-19T19:56:53Z</time></trkpt><trkpt lat="48.058039" lon="-123.786451"><ele>179.854</ele><time>2026-08-19T19:57:00Z</time></trkpt><trkpt lat="48.058049" lon="-123.786525"><ele>180.256</ele><time>2026-08-19T19:57:10Z</time></trkpt><trkpt lat="48.058053" lon="-123.786533"><ele>180.411</ele><time>2026-08-19T19:57:13Z</time></trkpt><trkpt lat="48.058051" lon="-123.786537"><ele>180.409</ele><time>2026-08-19T19:57:17Z</time></trkpt><trkpt lat="48.058051" lon="-123.786542"><ele>180.497</ele><time>2026-08-19T19:57:18Z</time></trkpt><trkpt lat="48.058056" lon="-123.786629"><ele>181.083</ele><time>2026-08-19T19:57:26Z</time></trkpt><trkpt lat="48.058049" lon="-123.786704"><ele>181.425</ele><time>2026-08-19T19:57:33Z</time></trkpt><trkpt lat="48.058051" lon="-123.786715"><ele>181.643</ele><time>2026-08-19T19:57:34Z</time></trkpt><trkpt lat="48.058057" lon="-123.786733"><ele>182.081</ele><time>2026-08-19T19:57:42Z</time></trkpt><trkpt lat="48.058059" lon="-123.786803"><ele>182.654</ele><time>2026-08-19T19:57:48Z</time></trkpt><trkpt lat="48.05806" lon="-123.786842"><ele>183.098</ele><time>2026-08-19T19:57:51Z</time></trkpt><trkpt lat="48.058084" lon="-123.786929"><ele>183.498</ele><time>2026-08-19T19:57:56Z</time></trkpt><trkpt lat="48.058092" lon="-123.786949"><ele>183.673</ele><time>2026-08-19T19:57:58Z</time></trkpt><trkpt lat="48.058112" lon="-123.786992"><ele>183.659</ele><time>2026-08-19T19:58:04Z</time></trkpt><trkpt lat="48.058119" lon="-123.787029"><ele>184.003</ele><time>2026-08-19T19:58:08Z</time></trkpt><trkpt lat="48.058156" lon="-123.787119"><ele>184.223</ele><time>2026-08-19T19:58:16Z</time></trkpt><trkpt lat="48.058163" lon="-123.787128"><ele>184.209</ele><time>2026-08-19T19:58:18Z</time></trkpt><trkpt lat="48.058156" lon="-123.787164"><ele>184.257</ele><time>2026-08-19T19:58:26Z</time></trkpt><trkpt lat="48.058138" lon="-123.787291"><ele>184.433</ele><time>2026-08-19T19:58:35Z</time></trkpt><trkpt lat="48.058185" lon="-123.787364"><ele>184.245</ele><time>2026-08-19T19:58:42Z</time></trkpt><trkpt lat="48.058261" lon="-123.787374"><ele>182.633</ele><time>2026-08-19T19:58:50Z</time></trkpt><trkpt lat="48.058268" lon="-123.787367"><ele>182.611</ele><time>2026-08-19T19:58:51Z</time></trkpt><trkpt lat="48.058282" lon="-123.787342"><ele>182.464</ele><time>2026-08-19T19:58:53Z</time></trkpt><trkpt lat="48.05832" lon="-123.78727"><ele>181.818</ele><time>2026-08-19T19:58:58Z</time></trkpt><trkpt lat="48.058337" lon="-123.787243"><ele>181.498</ele><time>2026-08-19T19:59:00Z</time></trkpt><trkpt lat="48.058357" lon="-123.787225"><ele>181.293</ele><time>2026-08-19T19:59:02Z</time></trkpt><trkpt lat="48.05843" lon="-123.787185"><ele>180.417</ele><time>2026-08-19T19:59:09Z</time></trkpt><trkpt lat="48.05845" lon="-123.787186"><ele>180.287</ele><time>2026-08-19T19:59:11Z</time></trkpt><trkpt lat="48.058476" lon="-123.787203"><ele>179.815</ele><time>2026-08-19T19:59:19Z</time></trkpt><trkpt lat="48.05852" lon="-123.787173"><ele>179.609</ele><time>2026-08-19T19:59:26Z</time></trkpt><trkpt lat="48.058575" lon="-123.787229"><ele>179.643</ele><time>2026-08-19T19:59:34Z</time></trkpt><trkpt lat="48.058637" lon="-123.787243"><ele>179.699</ele><time>2026-08-19T19:59:42Z</time></trkpt><trkpt lat="48.058642" lon="-123.787226"><ele>179.461</ele><time>2026-08-19T19:59:46Z</time></trkpt><trkpt lat="48.058631" lon="-123.787223"><ele>179.239</ele><time>2026-08-19T19:59:51Z</time></trkpt><trkpt lat="48.058646" lon="-123.787207"><ele>179.457</ele><time>2026-08-19T19:59:57Z</time></trkpt><trkpt lat="48.058677" lon="-123.787158"><ele>178.420</ele><time>2026-08-19T20:00:06Z</time></trkpt><trkpt lat="48.058679" lon="-123.787153"><ele>178.484</ele><time>2026-08-19T20:00:07Z</time></trkpt><trkpt lat="48.058693" lon="-123.787123"><ele>178.054</ele><time>2026-08-19T20:00:13Z</time></trkpt><trkpt lat="48.058691" lon="-123.787134"><ele>178.089</ele><time>2026-08-19T20:00:17Z</time></trkpt><trkpt lat="48.058681" lon="-123.787123"><ele>177.845</ele><time>2026-08-19T20:00:30Z</time></trkpt><trkpt lat="48.058644" lon="-123.787139"><ele>178.247</ele><time>2026-08-19T20:00:37Z</time></trkpt><trkpt lat="48.058623" lon="-123.787182"><ele>178.811</ele><time>2026-08-19T20:00:45Z</time></trkpt><trkpt lat="48.058621" lon="-123.787195"><ele>179.209</ele><time>2026-08-19T20:00:55Z</time></trkpt><trkpt lat="48.058621" lon="-123.787183"><ele>179.076</ele><time>2026-08-19T20:00:58Z</time></trkpt><trkpt lat="48.058621" lon="-123.787183"><ele>179.212</ele><time>2026-08-19T20:01:03Z</time></trkpt><trkpt lat="48.058629" lon="-123.787196"><ele>179.074</ele><time>2026-08-19T20:01:10Z</time></trkpt><trkpt lat="48.058607" lon="-123.787149"><ele>179.022</ele><time>2026-08-19T20:01:18Z</time></trkpt><trkpt lat="48.058573" lon="-123.787104"><ele>179.290</ele><time>2026-08-19T20:01:25Z</time></trkpt><trkpt lat="48.058531" lon="-123.787055"><ele>179.273</ele><time>2026-08-19T20:01:34Z</time></trkpt><trkpt lat="48.058523" lon="-123.787052"><ele>179.497</ele><time>2026-08-19T20:01:36Z</time></trkpt><trkpt lat="48.058476" lon="-123.787056"><ele>179.267</ele><time>2026-08-19T20:01:42Z</time></trkpt><trkpt lat="48.05845" lon="-123.787051"><ele>179.262</ele><time>2026-08-19T20:01:50Z</time></trkpt><trkpt lat="48.058461" lon="-123.787049"><ele>179.416</ele><time>2026-08-19T20:01:58Z</time></trkpt><trkpt lat="48.058456" lon="-123.787031"><ele>179.476</ele><time>2026-08-19T20:02:05Z</time></trkpt><trkpt lat="48.058469" lon="-123.787027"><ele>179.413</ele><time>2026-08-19T20:03:47Z</time></trkpt><trkpt lat="48.058382" lon="-123.787143"><ele>180.209</ele><time>2026-08-19T20:03:55Z</time></trkpt><trkpt lat="48.058356" lon="-123.787188"><ele>180.473</ele><time>2026-08-19T20:03:58Z</time></trkpt><trkpt lat="48.058323" lon="-123.787233"><ele>181.049</ele><time>2026-08-19T20:04:02Z</time></trkpt><trkpt lat="48.058304" lon="-123.78729"><ele>181.621</ele><time>2026-08-19T20:04:06Z</time></trkpt><trkpt lat="48.058285" lon="-123.787357"><ele>182.239</ele><time>2026-08-19T20:04:10Z</time></trkpt><trkpt lat="48.058274" lon="-123.787413"><ele>182.647</ele><time>2026-08-19T20:04:13Z</time></trkpt><trkpt lat="48.058255" lon="-123.787485"><ele>183.080</ele><time>2026-08-19T20:04:17Z</time></trkpt><trkpt lat="48.058249" lon="-123.787526"><ele>183.214</ele><time>2026-08-19T20:04:20Z</time></trkpt><trkpt lat="48.058245" lon="-123.787596"><ele>183.684</ele><time>2026-08-19T20:04:23Z</time></trkpt><trkpt lat="48.058245" lon="-123.787617"><ele>183.639</ele><time>2026-08-19T20:04:24Z</time></trkpt><trkpt lat="48.058244" lon="-123.787637"><ele>183.627</ele><time>2026-08-19T20:04:25Z</time></trkpt><trkpt lat="48.058249" lon="-123.787762"><ele>184.068</ele><time>2026-08-19T20:04:31Z</time></trkpt><trkpt lat="48.058254" lon="-123.787843"><ele>184.214</ele><time>2026-08-19T20:04:35Z</time></trkpt><trkpt lat="48.058275" lon="-123.787945"><ele>184.209</ele><time>2026-08-19T20:04:40Z</time></trkpt><trkpt lat="48.058308" lon="-123.788041"><ele>184.494</ele><time>2026-08-19T20:04:45Z</time></trkpt><trkpt lat="48.058331" lon="-123.788094"><ele>184.420</ele><time>2026-08-19T20:04:48Z</time></trkpt><trkpt lat="48.058347" lon="-123.788166"><ele>184.642</ele><time>2026-08-19T20:04:52Z</time></trkpt><trkpt lat="48.058302" lon="-123.788262"><ele>184.680</ele><time>2026-08-19T20:04:58Z</time></trkpt><trkpt lat="48.058271" lon="-123.788397"><ele>184.818</ele><time>2026-08-19T20:05:05Z</time></trkpt><trkpt lat="48.058264" lon="-123.788435"><ele>184.871</ele><time>2026-08-19T20:05:07Z</time></trkpt><trkpt lat="48.058247" lon="-123.788631"><ele>185.285</ele><time>2026-08-19T20:05:17Z</time></trkpt><trkpt lat="48.05819" lon="-123.788757"><ele>185.225</ele><time>2026-08-19T20:05:25Z</time></trkpt><trkpt lat="48.058128" lon="-123.788825"><ele>185.820</ele><time>2026-08-19T20:05:31Z</time></trkpt><trkpt lat="48.058106" lon="-123.788851"><ele>185.851</ele><time>2026-08-19T20:05:33Z</time></trkpt><trkpt lat="48.058079" lon="-123.788959"><ele>186.401</ele><time>2026-08-19T20:05:39Z</time></trkpt><trkpt lat="48.058098" lon="-123.789113"><ele>186.611</ele><time>2026-08-19T20:05:46Z</time></trkpt><trkpt lat="48.058149" lon="-123.789254"><ele>186.609</ele><time>2026-08-19T20:05:54Z</time></trkpt><trkpt lat="48.058175" lon="-123.789379"><ele>186.857</ele><time>2026-08-19T20:06:03Z</time></trkpt><trkpt lat="48.058177" lon="-123.789387"><ele>186.883</ele><time>2026-08-19T20:06:04Z</time></trkpt></trkseg></trk></gpx>