<?xml version="1.0" encoding="UTF-8"?><gpx creator="Wikiloc - http://www.wikiloc.com" version="1.1" xmlns="http://www.topografix.com/GPX/1/1" xmlns:xsi="http://www.w3.org/2001/XMLSchema-instance" xsi:schemaLocation="http://www.topografix.com/GPX/1/1 http://www.topografix.com/GPX/1/1/gpx.xsd"><trk><name><![CDATA[Redwood National Park: Hope Creek]]></name><cmt><![CDATA[Elk Grove (historical)]]></cmt><desc><![CDATA[Elk Grove (historical)]]></desc><trkseg><trkpt lat="41.438615" lon="-124.040786"><ele>193.211</ele><time>2026-08-28T18:10:26Z</time></trkpt><trkpt lat="41.438763" lon="-124.040682"><ele>193.221</ele><time>2026-08-28T18:10:29Z</time></trkpt><trkpt lat="41.438751" lon="-124.040575"><ele>193.203</ele><time>2026-08-28T18:10:31Z</time></trkpt><trkpt lat="41.43877" lon="-124.040577"><ele>193.409</ele><time>2026-08-28T18:10:34Z</time></trkpt><trkpt lat="41.438815" lon="-124.040574"><ele>193.463</ele><time>2026-08-28T18:10:37Z</time></trkpt><trkpt lat="41.438833" lon="-124.040563"><ele>193.499</ele><time>2026-08-28T18:10:41Z</time></trkpt><trkpt lat="41.438831" lon="-124.040554"><ele>193.653</ele><time>2026-08-28T18:10:42Z</time></trkpt><trkpt lat="41.438892" lon="-124.040487"><ele>194.247</ele><time>2026-08-28T18:10:49Z</time></trkpt><trkpt lat="41.438972" lon="-124.040448"><ele>194.086</ele><time>2026-08-28T18:10:58Z</time></trkpt><trkpt lat="41.438987" lon="-124.040462"><ele>194.271</ele><time>2026-08-28T18:11:03Z</time></trkpt><trkpt lat="41.43898" lon="-124.040428"><ele>194.299</ele><time>2026-08-28T18:11:07Z</time></trkpt><trkpt lat="41.43895" lon="-124.040377"><ele>194.627</ele><time>2026-08-28T18:11:11Z</time></trkpt><trkpt lat="41.438944" lon="-124.040371"><ele>194.645</ele><time>2026-08-28T18:11:12Z</time></trkpt><trkpt lat="41.438944" lon="-124.040346"><ele>194.265</ele><time>2026-08-28T18:11:20Z</time></trkpt><trkpt lat="41.438947" lon="-124.040314"><ele>194.668</ele><time>2026-08-28T18:11:26Z</time></trkpt><trkpt lat="41.438931" lon="-124.040271"><ele>194.614</ele><time>2026-08-28T18:11:31Z</time></trkpt><trkpt lat="41.438944" lon="-124.040278"><ele>194.809</ele><time>2026-08-28T18:11:38Z</time></trkpt><trkpt lat="41.438946" lon="-124.040285"><ele>195.018</ele><time>2026-08-28T18:11:46Z</time></trkpt><trkpt lat="41.438945" lon="-124.040283"><ele>195.294</ele><time>2026-08-28T18:11:47Z</time></trkpt><trkpt lat="41.438931" lon="-124.040246"><ele>195.228</ele><time>2026-08-28T18:11:52Z</time></trkpt><trkpt lat="41.438927" lon="-124.040242"><ele>195.252</ele><time>2026-08-28T18:11:53Z</time></trkpt><trkpt lat="41.438914" lon="-124.040237"><ele>195.261</ele><time>2026-08-28T18:11:57Z</time></trkpt><trkpt lat="41.438904" lon="-124.040226"><ele>195.066</ele><time>2026-08-28T18:12:00Z</time></trkpt><trkpt lat="41.438895" lon="-124.040218"><ele>194.894</ele><time>2026-08-28T18:12:03Z</time></trkpt><trkpt lat="41.438901" lon="-124.040248"><ele>194.462</ele><time>2026-08-28T18:12:12Z</time></trkpt><trkpt lat="41.438947" lon="-124.040204"><ele>194.450</ele><time>2026-08-28T18:12:20Z</time></trkpt><trkpt lat="41.438951" lon="-124.040195"><ele>194.454</ele><time>2026-08-28T18:12:21Z</time></trkpt><trkpt lat="41.438956" lon="-124.040186"><ele>194.456</ele><time>2026-08-28T18:12:22Z</time></trkpt><trkpt lat="41.438961" lon="-124.040167"><ele>194.411</ele><time>2026-08-28T18:12:25Z</time></trkpt><trkpt lat="41.43896" lon="-124.040168"><ele>194.409</ele><time>2026-08-28T18:12:27Z</time></trkpt><trkpt lat="41.439199" lon="-124.039737"><ele>202.427</ele><time>2026-08-28T18:13:59Z</time></trkpt><trkpt lat="41.439207" lon="-124.039707"><ele>202.833</ele><time>2026-08-28T18:14:01Z</time></trkpt><trkpt lat="41.43922" lon="-124.03967"><ele>203.267</ele><time>2026-08-28T18:14:05Z</time></trkpt><trkpt lat="41.439223" lon="-124.039652"><ele>203.651</ele><time>2026-08-28T18:14:07Z</time></trkpt><trkpt lat="41.439223" lon="-124.039636"><ele>204.090</ele><time>2026-08-28T18:14:09Z</time></trkpt><trkpt lat="41.439227" lon="-124.039634"><ele>204.495</ele><time>2026-08-28T18:14:11Z</time></trkpt><trkpt lat="41.439232" lon="-124.039632"><ele>204.693</ele><time>2026-08-28T18:14:12Z</time></trkpt><trkpt lat="41.439251" lon="-124.039636"><ele>205.241</ele><time>2026-08-28T18:14:15Z</time></trkpt><trkpt lat="41.439288" lon="-124.039638"><ele>205.829</ele><time>2026-08-28T18:14:19Z</time></trkpt><trkpt lat="41.439335" lon="-124.03961"><ele>206.884</ele><time>2026-08-28T18:14:25Z</time></trkpt><trkpt lat="41.43934" lon="-124.039605"><ele>207.207</ele><time>2026-08-28T18:14:28Z</time></trkpt><trkpt lat="41.439353" lon="-124.039595"><ele>207.217</ele><time>2026-08-28T18:14:32Z</time></trkpt><trkpt lat="41.439373" lon="-124.039543"><ele>206.809</ele><time>2026-08-28T18:14:37Z</time></trkpt><trkpt lat="41.439404" lon="-124.039477"><ele>206.660</ele><time>2026-08-28T18:14:43Z</time></trkpt><trkpt lat="41.439427" lon="-124.039448"><ele>207.036</ele><time>2026-08-28T18:14:46Z</time></trkpt><trkpt lat="41.439447" lon="-124.03939"><ele>207.050</ele><time>2026-08-28T18:14:51Z</time></trkpt><trkpt lat="41.439451" lon="-124.039339"><ele>207.434</ele><time>2026-08-28T18:14:55Z</time></trkpt><trkpt lat="41.439454" lon="-124.039231"><ele>205.843</ele><time>2026-08-28T18:15:04Z</time></trkpt><trkpt lat="41.439456" lon="-124.039212"><ele>205.648</ele><time>2026-08-28T18:15:05Z</time></trkpt><trkpt lat="41.439461" lon="-124.03916"><ele>204.816</ele><time>2026-08-28T18:15:10Z</time></trkpt><trkpt lat="41.439473" lon="-124.039084"><ele>204.464</ele><time>2026-08-28T18:15:16Z</time></trkpt><trkpt lat="41.439494" lon="-124.039037"><ele>204.282</ele><time>2026-08-28T18:15:20Z</time></trkpt><trkpt lat="41.439546" lon="-124.039003"><ele>205.298</ele><time>2026-08-28T18:15:26Z</time></trkpt><trkpt lat="41.439567" lon="-124.039006"><ele>205.615</ele><time>2026-08-28T18:15:29Z</time></trkpt><trkpt lat="41.439567" lon="-124.039012"><ele>205.826</ele><time>2026-08-28T18:15:30Z</time></trkpt><trkpt lat="41.439565" lon="-124.039019"><ele>206.009</ele><time>2026-08-28T18:15:31Z</time></trkpt><trkpt lat="41.439561" lon="-124.039043"><ele>206.891</ele><time>2026-08-28T18:15:35Z</time></trkpt><trkpt lat="41.439555" lon="-124.03906"><ele>207.027</ele><time>2026-08-28T18:15:37Z</time></trkpt><trkpt lat="41.439557" lon="-124.039059"><ele>207.691</ele><time>2026-08-28T18:15:40Z</time></trkpt><trkpt lat="41.439562" lon="-124.039049"><ele>208.265</ele><time>2026-08-28T18:15:42Z</time></trkpt><trkpt lat="41.439571" lon="-124.039038"><ele>208.444</ele><time>2026-08-28T18:15:44Z</time></trkpt><trkpt lat="41.439577" lon="-124.039017"><ele>209.249</ele><time>2026-08-28T18:15:48Z</time></trkpt><trkpt lat="41.439581" lon="-124.03897"><ele>209.827</ele><time>2026-08-28T18:15:52Z</time></trkpt><trkpt lat="41.43962" lon="-124.038829"><ele>210.275</ele><time>2026-08-28T18:16:03Z</time></trkpt><trkpt lat="41.439647" lon="-124.038799"><ele>211.223</ele><time>2026-08-28T18:16:09Z</time></trkpt><trkpt lat="41.439658" lon="-124.038783"><ele>211.464</ele><time>2026-08-28T18:16:11Z</time></trkpt><trkpt lat="41.439687" lon="-124.038747"><ele>211.806</ele><time>2026-08-28T18:16:15Z</time></trkpt><trkpt lat="41.439694" lon="-124.038733"><ele>212.016</ele><time>2026-08-28T18:16:16Z</time></trkpt><trkpt lat="41.439711" lon="-124.038704"><ele>212.409</ele><time>2026-08-28T18:16:18Z</time></trkpt><trkpt lat="41.439734" lon="-124.038669"><ele>212.888</ele><time>2026-08-28T18:16:21Z</time></trkpt><trkpt lat="41.439758" lon="-124.038654"><ele>213.664</ele><time>2026-08-28T18:16:26Z</time></trkpt><trkpt lat="41.439763" lon="-124.038649"><ele>214.258</ele><time>2026-08-28T18:16:30Z</time></trkpt><trkpt lat="41.439764" lon="-124.038666"><ele>214.652</ele><time>2026-08-28T18:16:33Z</time></trkpt><trkpt lat="41.439759" lon="-124.038681"><ele>214.671</ele><time>2026-08-28T18:16:34Z</time></trkpt><trkpt lat="41.439754" lon="-124.038723"><ele>215.476</ele><time>2026-08-28T18:16:39Z</time></trkpt><trkpt lat="41.439754" lon="-124.038733"><ele>215.664</ele><time>2026-08-28T18:16:40Z</time></trkpt><trkpt lat="41.439782" lon="-124.038756"><ele>216.682</ele><time>2026-08-28T18:16:46Z</time></trkpt><trkpt lat="41.4398" lon="-124.038759"><ele>217.250</ele><time>2026-08-28T18:16:49Z</time></trkpt><trkpt lat="41.439841" lon="-124.038759"><ele>217.495</ele><time>2026-08-28T18:16:53Z</time></trkpt><trkpt lat="41.439863" lon="-124.038748"><ele>217.849</ele><time>2026-08-28T18:16:55Z</time></trkpt><trkpt lat="41.439892" lon="-124.038724"><ele>218.023</ele><time>2026-08-28T18:16:58Z</time></trkpt><trkpt lat="41.439922" lon="-124.038706"><ele>218.809</ele><time>2026-08-28T18:17:03Z</time></trkpt><trkpt lat="41.439939" lon="-124.038705"><ele>219.861</ele><time>2026-08-28T18:17:08Z</time></trkpt><trkpt lat="41.439941" lon="-124.038706"><ele>220.067</ele><time>2026-08-28T18:17:09Z</time></trkpt><trkpt lat="41.43995" lon="-124.038723"><ele>220.631</ele><time>2026-08-28T18:17:13Z</time></trkpt><trkpt lat="41.439967" lon="-124.038747"><ele>221.055</ele><time>2026-08-28T18:17:17Z</time></trkpt><trkpt lat="41.439971" lon="-124.038754"><ele>221.084</ele><time>2026-08-28T18:17:18Z</time></trkpt><trkpt lat="41.439976" lon="-124.038761"><ele>221.269</ele><time>2026-08-28T18:17:19Z</time></trkpt><trkpt lat="41.439986" lon="-124.038771"><ele>221.417</ele><time>2026-08-28T18:17:20Z</time></trkpt><trkpt lat="41.439995" lon="-124.038783"><ele>221.435</ele><time>2026-08-28T18:17:21Z</time></trkpt><trkpt lat="41.440026" lon="-124.038805"><ele>222.293</ele><time>2026-08-28T18:17:26Z</time></trkpt><trkpt lat="41.440031" lon="-124.038794"><ele>222.438</ele><time>2026-08-28T18:17:27Z</time></trkpt><trkpt lat="41.440036" lon="-124.038737"><ele>223.270</ele><time>2026-08-28T18:17:31Z</time></trkpt><trkpt lat="41.440028" lon="-124.038714"><ele>223.417</ele><time>2026-08-28T18:17:32Z</time></trkpt><trkpt lat="41.440034" lon="-124.038666"><ele>223.609</ele><time>2026-08-28T18:17:36Z</time></trkpt><trkpt lat="41.44005" lon="-124.038599"><ele>224.445</ele><time>2026-08-28T18:17:40Z</time></trkpt><trkpt lat="41.440058" lon="-124.038581"><ele>224.881</ele><time>2026-08-28T18:17:42Z</time></trkpt><trkpt lat="41.440071" lon="-124.038531"><ele>225.475</ele><time>2026-08-28T18:17:46Z</time></trkpt><trkpt lat="41.440072" lon="-124.038522"><ele>225.649</ele><time>2026-08-28T18:17:47Z</time></trkpt><trkpt lat="41.440082" lon="-124.038501"><ele>225.828</ele><time>2026-08-28T18:17:50Z</time></trkpt><trkpt lat="41.440101" lon="-124.038466"><ele>226.893</ele><time>2026-08-28T18:17:56Z</time></trkpt><trkpt lat="41.440109" lon="-124.038509"><ele>227.851</ele><time>2026-08-28T18:18:02Z</time></trkpt><trkpt lat="41.440113" lon="-124.038536"><ele>228.069</ele><time>2026-08-28T18:18:05Z</time></trkpt><trkpt lat="41.440128" lon="-124.038539"><ele>228.877</ele><time>2026-08-28T18:18:10Z</time></trkpt><trkpt lat="41.440128" lon="-124.038522"><ele>229.098</ele><time>2026-08-28T18:18:11Z</time></trkpt><trkpt lat="41.440134" lon="-124.038494"><ele>229.615</ele><time>2026-08-28T18:18:14Z</time></trkpt><trkpt lat="41.440139" lon="-124.038473"><ele>229.826</ele><time>2026-08-28T18:18:16Z</time></trkpt><trkpt lat="41.440144" lon="-124.038464"><ele>230.009</ele><time>2026-08-28T18:18:17Z</time></trkpt><trkpt lat="41.44016" lon="-124.038451"><ele>230.831</ele><time>2026-08-28T18:18:21Z</time></trkpt><trkpt lat="41.440168" lon="-124.03845"><ele>231.227</ele><time>2026-08-28T18:18:23Z</time></trkpt><trkpt lat="41.44017" lon="-124.038449"><ele>231.451</ele><time>2026-08-28T18:18:24Z</time></trkpt><trkpt lat="41.440185" lon="-124.038433"><ele>232.455</ele><time>2026-08-28T18:18:31Z</time></trkpt><trkpt lat="41.440215" lon="-124.038404"><ele>233.214</ele><time>2026-08-28T18:18:36Z</time></trkpt><trkpt lat="41.440221" lon="-124.038393"><ele>233.469</ele><time>2026-08-28T18:18:37Z</time></trkpt><trkpt lat="41.44028" lon="-124.038316"><ele>233.027</ele><time>2026-08-28T18:18:45Z</time></trkpt><trkpt lat="41.440332" lon="-124.038267"><ele>232.415</ele><time>2026-08-28T18:18:52Z</time></trkpt><trkpt lat="41.440337" lon="-124.038257"><ele>232.273</ele><time>2026-08-28T18:18:53Z</time></trkpt><trkpt lat="41.440354" lon="-124.038225"><ele>231.442</ele><time>2026-08-28T18:18:56Z</time></trkpt><trkpt lat="41.440371" lon="-124.038162"><ele>230.422</ele><time>2026-08-28T18:19:01Z</time></trkpt><trkpt lat="41.440381" lon="-124.038127"><ele>230.014</ele><time>2026-08-28T18:19:04Z</time></trkpt><trkpt lat="41.440403" lon="-124.038096"><ele>229.409</ele><time>2026-08-28T18:19:07Z</time></trkpt><trkpt lat="41.440407" lon="-124.038066"><ele>228.856</ele><time>2026-08-28T18:19:10Z</time></trkpt><trkpt lat="41.440398" lon="-124.038051"><ele>228.692</ele><time>2026-08-28T18:19:12Z</time></trkpt><trkpt lat="41.440386" lon="-124.038039"><ele>228.436</ele><time>2026-08-28T18:19:13Z</time></trkpt><trkpt lat="41.440376" lon="-124.038027"><ele>228.250</ele><time>2026-08-28T18:19:14Z</time></trkpt><trkpt lat="41.440345" lon="-124.038008"><ele>228.219</ele><time>2026-08-28T18:19:20Z</time></trkpt><trkpt lat="41.440364" lon="-124.03801"><ele>228.224</ele><time>2026-08-28T18:19:31Z</time></trkpt><trkpt lat="41.440384" lon="-124.038016"><ele>228.412</ele><time>2026-08-28T18:19:37Z</time></trkpt><trkpt lat="41.440401" lon="-124.03803"><ele>228.420</ele><time>2026-08-28T18:19:41Z</time></trkpt><trkpt lat="41.440414" lon="-124.038043"><ele>228.288</ele><time>2026-08-28T18:19:48Z</time></trkpt><trkpt lat="41.440407" lon="-124.038038"><ele>228.242</ele><time>2026-08-28T18:19:49Z</time></trkpt><trkpt lat="41.440382" lon="-124.038018"><ele>228.222</ele><time>2026-08-28T18:19:52Z</time></trkpt><trkpt lat="41.44034" lon="-124.037978"><ele>228.214</ele><time>2026-08-28T18:19:55Z</time></trkpt><trkpt lat="41.440313" lon="-124.037942"><ele>228.609</ele><time>2026-08-28T18:19:59Z</time></trkpt><trkpt lat="41.440305" lon="-124.037905"><ele>229.036</ele><time>2026-08-28T18:20:11Z</time></trkpt><trkpt lat="41.44029" lon="-124.037828"><ele>229.232</ele><time>2026-08-28T18:20:23Z</time></trkpt><trkpt lat="41.440285" lon="-124.037821"><ele>229.296</ele><time>2026-08-28T18:20:24Z</time></trkpt><trkpt lat="41.440281" lon="-124.037812"><ele>229.230</ele><time>2026-08-28T18:20:25Z</time></trkpt><trkpt lat="41.440266" lon="-124.037791"><ele>229.269</ele><time>2026-08-28T18:20:29Z</time></trkpt><trkpt lat="41.44026" lon="-124.037799"><ele>229.264</ele><time>2026-08-28T18:20:34Z</time></trkpt><trkpt lat="41.440279" lon="-124.037838"><ele>229.222</ele><time>2026-08-28T18:20:44Z</time></trkpt><trkpt lat="41.440332" lon="-124.037882"><ele>230.250</ele><time>2026-08-28T18:20:56Z</time></trkpt><trkpt lat="41.440337" lon="-124.037884"><ele>230.498</ele><time>2026-08-28T18:20:57Z</time></trkpt><trkpt lat="41.440369" lon="-124.037852"><ele>231.637</ele><time>2026-08-28T18:21:02Z</time></trkpt><trkpt lat="41.440394" lon="-124.037789"><ele>232.049</ele><time>2026-08-28T18:21:06Z</time></trkpt><trkpt lat="41.440408" lon="-124.037734"><ele>231.613</ele><time>2026-08-28T18:21:09Z</time></trkpt><trkpt lat="41.440416" lon="-124.037703"><ele>231.609</ele><time>2026-08-28T18:21:12Z</time></trkpt><trkpt lat="41.440415" lon="-124.037689"><ele>231.425</ele><time>2026-08-28T18:21:14Z</time></trkpt><trkpt lat="41.440403" lon="-124.037578"><ele>230.881</ele><time>2026-08-28T18:21:24Z</time></trkpt><trkpt lat="41.440402" lon="-124.037566"><ele>230.625</ele><time>2026-08-28T18:21:25Z</time></trkpt><trkpt lat="41.440403" lon="-124.037509"><ele>229.639</ele><time>2026-08-28T18:21:29Z</time></trkpt><trkpt lat="41.440418" lon="-124.037479"><ele>229.498</ele><time>2026-08-28T18:21:32Z</time></trkpt><trkpt lat="41.440438" lon="-124.037396"><ele>228.473</ele><time>2026-08-28T18:21:39Z</time></trkpt><trkpt lat="41.44045" lon="-124.037349"><ele>228.031</ele><time>2026-08-28T18:21:42Z</time></trkpt><trkpt lat="41.440494" lon="-124.037321"><ele>228.439</ele><time>2026-08-28T18:21:50Z</time></trkpt><trkpt lat="41.440531" lon="-124.037305"><ele>229.417</ele><time>2026-08-28T18:21:55Z</time></trkpt><trkpt lat="41.440542" lon="-124.037263"><ele>230.081</ele><time>2026-08-28T18:22:00Z</time></trkpt><trkpt lat="41.440554" lon="-124.037183"><ele>230.261</ele><time>2026-08-28T18:22:05Z</time></trkpt><trkpt lat="41.440554" lon="-124.037137"><ele>230.217</ele><time>2026-08-28T18:22:08Z</time></trkpt><trkpt lat="41.440541" lon="-124.037028"><ele>229.009</ele><time>2026-08-28T18:22:17Z</time></trkpt><trkpt lat="41.440535" lon="-124.036993"><ele>228.420</ele><time>2026-08-28T18:22:21Z</time></trkpt><trkpt lat="41.44053" lon="-124.036946"><ele>227.286</ele><time>2026-08-28T18:22:25Z</time></trkpt><trkpt lat="41.440532" lon="-124.036926"><ele>226.880</ele><time>2026-08-28T18:22:27Z</time></trkpt><trkpt lat="41.440539" lon="-124.036862"><ele>226.424</ele><time>2026-08-28T18:22:32Z</time></trkpt><trkpt lat="41.440541" lon="-124.03682"><ele>226.073</ele><time>2026-08-28T18:22:34Z</time></trkpt><trkpt lat="41.440548" lon="-124.036763"><ele>225.858</ele><time>2026-08-28T18:22:37Z</time></trkpt><trkpt lat="41.440583" lon="-124.036659"><ele>226.266</ele><time>2026-08-28T18:22:46Z</time></trkpt><trkpt lat="41.440611" lon="-124.036683"><ele>227.264</ele><time>2026-08-28T18:22:50Z</time></trkpt><trkpt lat="41.440641" lon="-124.036705"><ele>227.882</ele><time>2026-08-28T18:22:54Z</time></trkpt><trkpt lat="41.440658" lon="-124.036716"><ele>228.482</ele><time>2026-08-28T18:22:56Z</time></trkpt><trkpt lat="41.440693" lon="-124.036726"><ele>229.243</ele><time>2026-08-28T18:23:01Z</time></trkpt><trkpt lat="41.440704" lon="-124.036724"><ele>229.417</ele><time>2026-08-28T18:23:02Z</time></trkpt><trkpt lat="41.44071" lon="-124.03672"><ele>229.409</ele><time>2026-08-28T18:23:03Z</time></trkpt><trkpt lat="41.440792" lon="-124.036707"><ele>230.060</ele><time>2026-08-28T18:23:08Z</time></trkpt><trkpt lat="41.440826" lon="-124.036709"><ele>230.456</ele><time>2026-08-28T18:23:11Z</time></trkpt><trkpt lat="41.440878" lon="-124.036726"><ele>231.620</ele><time>2026-08-28T18:23:17Z</time></trkpt><trkpt lat="41.440904" lon="-124.036725"><ele>232.214</ele><time>2026-08-28T18:23:21Z</time></trkpt><trkpt lat="41.440909" lon="-124.036724"><ele>232.813</ele><time>2026-08-28T18:23:24Z</time></trkpt><trkpt lat="41.440932" lon="-124.036739"><ele>233.888</ele><time>2026-08-28T18:23:31Z</time></trkpt><trkpt lat="41.440947" lon="-124.036748"><ele>234.226</ele><time>2026-08-28T18:23:33Z</time></trkpt><trkpt lat="41.440986" lon="-124.036766"><ele>234.684</ele><time>2026-08-28T18:23:37Z</time></trkpt><trkpt lat="41.441009" lon="-124.036775"><ele>235.072</ele><time>2026-08-28T18:23:39Z</time></trkpt><trkpt lat="41.441044" lon="-124.036782"><ele>235.485</ele><time>2026-08-28T18:23:42Z</time></trkpt><trkpt lat="41.441084" lon="-124.03676"><ele>236.089</ele><time>2026-08-28T18:23:46Z</time></trkpt><trkpt lat="41.441102" lon="-124.03675"><ele>236.417</ele><time>2026-08-28T18:23:50Z</time></trkpt><trkpt lat="41.441104" lon="-124.036753"><ele>236.409</ele><time>2026-08-28T18:23:51Z</time></trkpt><trkpt lat="41.441096" lon="-124.036764"><ele>237.230</ele><time>2026-08-28T18:24:00Z</time></trkpt><trkpt lat="41.441095" lon="-124.036784"><ele>237.696</ele><time>2026-08-28T18:24:03Z</time></trkpt><trkpt lat="41.441092" lon="-124.036807"><ele>238.250</ele><time>2026-08-28T18:24:06Z</time></trkpt><trkpt lat="41.441095" lon="-124.036834"><ele>239.444</ele><time>2026-08-28T18:24:12Z</time></trkpt><trkpt lat="41.441098" lon="-124.03684"><ele>239.633</ele><time>2026-08-28T18:24:13Z</time></trkpt><trkpt lat="41.441117" lon="-124.036851"><ele>240.288</ele><time>2026-08-28T18:24:17Z</time></trkpt><trkpt lat="41.441128" lon="-124.036851"><ele>240.486</ele><time>2026-08-28T18:24:19Z</time></trkpt><trkpt lat="41.441155" lon="-124.036846"><ele>240.424</ele><time>2026-08-28T18:24:22Z</time></trkpt><trkpt lat="41.441195" lon="-124.036816"><ele>241.022</ele><time>2026-08-28T18:24:27Z</time></trkpt><trkpt lat="41.441185" lon="-124.036795"><ele>241.446</ele><time>2026-08-28T18:24:30Z</time></trkpt><trkpt lat="41.44118" lon="-124.036787"><ele>241.488</ele><time>2026-08-28T18:24:31Z</time></trkpt><trkpt lat="41.441173" lon="-124.036772"><ele>241.616</ele><time>2026-08-28T18:24:32Z</time></trkpt><trkpt lat="41.441145" lon="-124.036691"><ele>241.809</ele><time>2026-08-28T18:24:38Z</time></trkpt><trkpt lat="41.441119" lon="-124.036649"><ele>242.446</ele><time>2026-08-28T18:24:42Z</time></trkpt><trkpt lat="41.441091" lon="-124.036591"><ele>243.022</ele><time>2026-08-28T18:24:47Z</time></trkpt><trkpt lat="41.441103" lon="-124.036573"><ele>243.686</ele><time>2026-08-28T18:24:51Z</time></trkpt><trkpt lat="41.441117" lon="-124.036547"><ele>244.420</ele><time>2026-08-28T18:24:55Z</time></trkpt><trkpt lat="41.441119" lon="-124.03654"><ele>244.679</ele><time>2026-08-28T18:24:56Z</time></trkpt><trkpt lat="41.441125" lon="-124.036522"><ele>245.064</ele><time>2026-08-28T18:24:59Z</time></trkpt><trkpt lat="41.441135" lon="-124.036502"><ele>245.622</ele><time>2026-08-28T18:25:02Z</time></trkpt><trkpt lat="41.441144" lon="-124.036496"><ele>246.450</ele><time>2026-08-28T18:25:07Z</time></trkpt><trkpt lat="41.441149" lon="-124.036491"><ele>246.838</ele><time>2026-08-28T18:25:09Z</time></trkpt><trkpt lat="41.441167" lon="-124.036472"><ele>247.815</ele><time>2026-08-28T18:25:14Z</time></trkpt><trkpt lat="41.44118" lon="-124.036461"><ele>248.465</ele><time>2026-08-28T18:25:18Z</time></trkpt><trkpt lat="41.441226" lon="-124.036453"><ele>249.011</ele><time>2026-08-28T18:25:25Z</time></trkpt><trkpt lat="41.441259" lon="-124.036434"><ele>249.809</ele><time>2026-08-28T18:25:29Z</time></trkpt><trkpt lat="41.441274" lon="-124.03642"><ele>250.043</ele><time>2026-08-28T18:25:31Z</time></trkpt><trkpt lat="41.441314" lon="-124.036373"><ele>251.249</ele><time>2026-08-28T18:25:38Z</time></trkpt><trkpt lat="41.441322" lon="-124.036366"><ele>251.223</ele><time>2026-08-28T18:25:39Z</time></trkpt><trkpt lat="41.441349" lon="-124.036329"><ele>251.867</ele><time>2026-08-28T18:25:44Z</time></trkpt><trkpt lat="41.441358" lon="-124.036299"><ele>252.256</ele><time>2026-08-28T18:25:48Z</time></trkpt><trkpt lat="41.441363" lon="-124.036278"><ele>252.471</ele><time>2026-08-28T18:25:50Z</time></trkpt><trkpt lat="41.441426" lon="-124.036186"><ele>253.019</ele><time>2026-08-28T18:26:00Z</time></trkpt><trkpt lat="41.44145" lon="-124.03617"><ele>253.467</ele><time>2026-08-28T18:26:04Z</time></trkpt><trkpt lat="41.441477" lon="-124.036147"><ele>254.435</ele><time>2026-08-28T18:26:09Z</time></trkpt><trkpt lat="41.441487" lon="-124.03614"><ele>254.866</ele><time>2026-08-28T18:26:11Z</time></trkpt><trkpt lat="41.441522" lon="-124.036108"><ele>255.429</ele><time>2026-08-28T18:26:17Z</time></trkpt><trkpt lat="41.441571" lon="-124.036068"><ele>255.821</ele><time>2026-08-28T18:26:23Z</time></trkpt><trkpt lat="41.441624" lon="-124.036019"><ele>256.609</ele><time>2026-08-28T18:26:30Z</time></trkpt><trkpt lat="41.441667" lon="-124.035989"><ele>257.078</ele><time>2026-08-28T18:26:35Z</time></trkpt><trkpt lat="41.44172" lon="-124.035988"><ele>257.624</ele><time>2026-08-28T18:26:42Z</time></trkpt><trkpt lat="41.44175" lon="-124.03598"><ele>257.658</ele><time>2026-08-28T18:26:44Z</time></trkpt><trkpt lat="41.441853" lon="-124.035923"><ele>257.882</ele><time>2026-08-28T18:26:52Z</time></trkpt><trkpt lat="41.441922" lon="-124.035833"><ele>258.641</ele><time>2026-08-28T18:27:02Z</time></trkpt><trkpt lat="41.441936" lon="-124.03582"><ele>258.626</ele><time>2026-08-28T18:27:04Z</time></trkpt><trkpt lat="41.441993" lon="-124.035737"><ele>259.634</ele><time>2026-08-28T18:27:12Z</time></trkpt><trkpt lat="41.441998" lon="-124.035732"><ele>259.882</ele><time>2026-08-28T18:27:13Z</time></trkpt><trkpt lat="41.442019" lon="-124.035713"><ele>260.860</ele><time>2026-08-28T18:27:19Z</time></trkpt><trkpt lat="41.442044" lon="-124.035702"><ele>260.651</ele><time>2026-08-28T18:27:23Z</time></trkpt><trkpt lat="41.442117" lon="-124.035668"><ele>260.401</ele><time>2026-08-28T18:27:32Z</time></trkpt><trkpt lat="41.442164" lon="-124.035656"><ele>259.811</ele><time>2026-08-28T18:27:37Z</time></trkpt><trkpt lat="41.442211" lon="-124.035662"><ele>258.809</ele><time>2026-08-28T18:27:43Z</time></trkpt><trkpt lat="41.442314" lon="-124.035656"><ele>259.687</ele><time>2026-08-28T18:27:51Z</time></trkpt><trkpt lat="41.442344" lon="-124.035648"><ele>258.833</ele><time>2026-08-28T18:27:55Z</time></trkpt><trkpt lat="41.442403" lon="-124.035657"><ele>259.077</ele><time>2026-08-28T18:28:03Z</time></trkpt><trkpt lat="41.442475" lon="-124.035687"><ele>259.651</ele><time>2026-08-28T18:28:08Z</time></trkpt><trkpt lat="41.442496" lon="-124.035697"><ele>259.880</ele><time>2026-08-28T18:28:09Z</time></trkpt><trkpt lat="41.442534" lon="-124.035711"><ele>260.025</ele><time>2026-08-28T18:28:11Z</time></trkpt><trkpt lat="41.442557" lon="-124.035724"><ele>261.083</ele><time>2026-08-28T18:28:15Z</time></trkpt><trkpt lat="41.442599" lon="-124.035732"><ele>261.491</ele><time>2026-08-28T18:28:19Z</time></trkpt><trkpt lat="41.442664" lon="-124.035752"><ele>262.299</ele><time>2026-08-28T18:28:24Z</time></trkpt><trkpt lat="41.442677" lon="-124.035746"><ele>262.697</ele><time>2026-08-28T18:28:26Z</time></trkpt><trkpt lat="41.442681" lon="-124.035743"><ele>262.823</ele><time>2026-08-28T18:28:27Z</time></trkpt><trkpt lat="41.44271" lon="-124.035727"><ele>263.425</ele><time>2026-08-28T18:28:31Z</time></trkpt><trkpt lat="41.442695" lon="-124.035663"><ele>264.209</ele><time>2026-08-28T18:28:37Z</time></trkpt><trkpt lat="41.442685" lon="-124.035636"><ele>264.421</ele><time>2026-08-28T18:28:39Z</time></trkpt><trkpt lat="41.442676" lon="-124.035584"><ele>264.857</ele><time>2026-08-28T18:28:44Z</time></trkpt><trkpt lat="41.442684" lon="-124.035575"><ele>265.071</ele><time>2026-08-28T18:28:45Z</time></trkpt><trkpt lat="41.442688" lon="-124.035545"><ele>265.435</ele><time>2026-08-28T18:28:48Z</time></trkpt><trkpt lat="41.442671" lon="-124.035527"><ele>266.064</ele><time>2026-08-28T18:28:55Z</time></trkpt><trkpt lat="41.442632" lon="-124.035461"><ele>266.019</ele><time>2026-08-28T18:29:04Z</time></trkpt><trkpt lat="41.442604" lon="-124.035446"><ele>266.087</ele><time>2026-08-28T18:29:08Z</time></trkpt><trkpt lat="41.442594" lon="-124.035476"><ele>266.075</ele><time>2026-08-28T18:29:12Z</time></trkpt><trkpt lat="41.442576" lon="-124.03556"><ele>266.023</ele><time>2026-08-28T18:29:20Z</time></trkpt><trkpt lat="41.442563" lon="-124.035566"><ele>266.088</ele><time>2026-08-28T18:29:22Z</time></trkpt><trkpt lat="41.442544" lon="-124.035489"><ele>266.224</ele><time>2026-08-28T18:29:27Z</time></trkpt><trkpt lat="41.442538" lon="-124.035462"><ele>266.226</ele><time>2026-08-28T18:29:28Z</time></trkpt><trkpt lat="41.442527" lon="-124.035424"><ele>266.609</ele><time>2026-08-28T18:29:30Z</time></trkpt><trkpt lat="41.442524" lon="-124.035379"><ele>267.450</ele><time>2026-08-28T18:29:34Z</time></trkpt><trkpt lat="41.442525" lon="-124.03536"><ele>267.856</ele><time>2026-08-28T18:29:36Z</time></trkpt><trkpt lat="41.442526" lon="-124.035355"><ele>268.220</ele><time>2026-08-28T18:29:38Z</time></trkpt><trkpt lat="41.442537" lon="-124.035357"><ele>268.864</ele><time>2026-08-28T18:29:41Z</time></trkpt><trkpt lat="41.442541" lon="-124.03536"><ele>269.033</ele><time>2026-08-28T18:29:42Z</time></trkpt><trkpt lat="41.442559" lon="-124.03537"><ele>269.498</ele><time>2026-08-28T18:29:44Z</time></trkpt><trkpt lat="41.442614" lon="-124.035418"><ele>270.076</ele><time>2026-08-28T18:29:50Z</time></trkpt><trkpt lat="41.442637" lon="-124.035446"><ele>270.054</ele><time>2026-08-28T18:29:53Z</time></trkpt><trkpt lat="41.442682" lon="-124.035483"><ele>270.892</ele><time>2026-08-28T18:29:59Z</time></trkpt><trkpt lat="41.442703" lon="-124.035499"><ele>271.046</ele><time>2026-08-28T18:30:01Z</time></trkpt><trkpt lat="41.442758" lon="-124.035484"><ele>272.488</ele><time>2026-08-28T18:30:08Z</time></trkpt><trkpt lat="41.442762" lon="-124.035464"><ele>272.816</ele><time>2026-08-28T18:30:10Z</time></trkpt><trkpt lat="41.44276" lon="-124.03544"><ele>273.409</ele><time>2026-08-28T18:30:13Z</time></trkpt><trkpt lat="41.442758" lon="-124.035431"><ele>273.666</ele><time>2026-08-28T18:30:14Z</time></trkpt><trkpt lat="41.442741" lon="-124.035401"><ele>274.482</ele><time>2026-08-28T18:30:18Z</time></trkpt><trkpt lat="41.442735" lon="-124.035402"><ele>274.476</ele><time>2026-08-28T18:30:20Z</time></trkpt><trkpt lat="41.442731" lon="-124.035421"><ele>274.440</ele><time>2026-08-28T18:30:23Z</time></trkpt><trkpt lat="41.442707" lon="-124.035403"><ele>274.489</ele><time>2026-08-28T18:30:27Z</time></trkpt><trkpt lat="41.442666" lon="-124.035277"><ele>273.824</ele><time>2026-08-28T18:30:38Z</time></trkpt><trkpt lat="41.442669" lon="-124.035259"><ele>275.242</ele><time>2026-08-28T18:30:45Z</time></trkpt><trkpt lat="41.442678" lon="-124.03527"><ele>275.660</ele><time>2026-08-28T18:30:47Z</time></trkpt><trkpt lat="41.442714" lon="-124.035319"><ele>276.618</ele><time>2026-08-28T18:30:55Z</time></trkpt><trkpt lat="41.442732" lon="-124.035337"><ele>277.013</ele><time>2026-08-28T18:30:58Z</time></trkpt><trkpt lat="41.442758" lon="-124.035352"><ele>277.843</ele><time>2026-08-28T18:31:03Z</time></trkpt><trkpt lat="41.442747" lon="-124.035304"><ele>278.607</ele><time>2026-08-28T18:31:08Z</time></trkpt><trkpt lat="41.442734" lon="-124.035275"><ele>278.809</ele><time>2026-08-28T18:31:10Z</time></trkpt><trkpt lat="41.442729" lon="-124.035216"><ele>279.613</ele><time>2026-08-28T18:31:15Z</time></trkpt><trkpt lat="41.442735" lon="-124.035206"><ele>279.839</ele><time>2026-08-28T18:31:17Z</time></trkpt><trkpt lat="41.442739" lon="-124.035199"><ele>280.043</ele><time>2026-08-28T18:31:18Z</time></trkpt><trkpt lat="41.442816" lon="-124.035134"><ele>281.067</ele><time>2026-08-28T18:31:27Z</time></trkpt><trkpt lat="41.442827" lon="-124.035135"><ele>281.256</ele><time>2026-08-28T18:31:28Z</time></trkpt><trkpt lat="41.442911" lon="-124.035059"><ele>281.651</ele><time>2026-08-28T18:31:37Z</time></trkpt><trkpt lat="41.442937" lon="-124.035026"><ele>282.219</ele><time>2026-08-28T18:31:41Z</time></trkpt><trkpt lat="41.442958" lon="-124.034956"><ele>283.497</ele><time>2026-08-28T18:31:47Z</time></trkpt><trkpt lat="41.442969" lon="-124.034859"><ele>284.435</ele><time>2026-08-28T18:31:55Z</time></trkpt><trkpt lat="41.44297" lon="-124.034854"><ele>284.646</ele><time>2026-08-28T18:31:56Z</time></trkpt><trkpt lat="41.442973" lon="-124.034819"><ele>285.488</ele><time>2026-08-28T18:32:01Z</time></trkpt><trkpt lat="41.442976" lon="-124.034792"><ele>286.216</ele><time>2026-08-28T18:32:06Z</time></trkpt><trkpt lat="41.442972" lon="-124.034775"><ele>286.409</ele><time>2026-08-28T18:32:09Z</time></trkpt><trkpt lat="41.442972" lon="-124.034722"><ele>287.636</ele><time>2026-08-28T18:32:16Z</time></trkpt><trkpt lat="41.442974" lon="-124.034703"><ele>287.862</ele><time>2026-08-28T18:32:18Z</time></trkpt><trkpt lat="41.442992" lon="-124.034613"><ele>288.666</ele><time>2026-08-28T18:32:28Z</time></trkpt><trkpt lat="41.442995" lon="-124.034601"><ele>288.840</ele><time>2026-08-28T18:32:31Z</time></trkpt><trkpt lat="41.442994" lon="-124.034534"><ele>289.849</ele><time>2026-08-28T18:32:37Z</time></trkpt><trkpt lat="41.442996" lon="-124.034486"><ele>290.674</ele><time>2026-08-28T18:32:42Z</time></trkpt><trkpt lat="41.442998" lon="-124.034473"><ele>291.072</ele><time>2026-08-28T18:32:44Z</time></trkpt><trkpt lat="41.443011" lon="-124.034445"><ele>291.820</ele><time>2026-08-28T18:32:49Z</time></trkpt><trkpt lat="41.443022" lon="-124.034431"><ele>292.038</ele><time>2026-08-28T18:32:51Z</time></trkpt><trkpt lat="41.443055" lon="-124.034373"><ele>293.096</ele><time>2026-08-28T18:32:57Z</time></trkpt><trkpt lat="41.443068" lon="-124.034356"><ele>293.231</ele><time>2026-08-28T18:32:59Z</time></trkpt><trkpt lat="41.443081" lon="-124.034224"><ele>293.624</ele><time>2026-08-28T18:33:11Z</time></trkpt><trkpt lat="41.443081" lon="-124.034143"><ele>293.809</ele><time>2026-08-28T18:33:18Z</time></trkpt><trkpt lat="41.443082" lon="-124.034119"><ele>294.271</ele><time>2026-08-28T18:33:20Z</time></trkpt><trkpt lat="41.443083" lon="-124.03411"><ele>294.487</ele><time>2026-08-28T18:33:21Z</time></trkpt><trkpt lat="41.443079" lon="-124.034068"><ele>295.231</ele><time>2026-08-28T18:33:25Z</time></trkpt><trkpt lat="41.443079" lon="-124.03406"><ele>295.485</ele><time>2026-08-28T18:33:26Z</time></trkpt><trkpt lat="41.443066" lon="-124.034013"><ele>296.644</ele><time>2026-08-28T18:33:32Z</time></trkpt><trkpt lat="41.443063" lon="-124.033964"><ele>297.669</ele><time>2026-08-28T18:33:38Z</time></trkpt><trkpt lat="41.443086" lon="-124.033926"><ele>298.667</ele><time>2026-08-28T18:33:43Z</time></trkpt><trkpt lat="41.443089" lon="-124.033916"><ele>298.625</ele><time>2026-08-28T18:33:44Z</time></trkpt><trkpt lat="41.443102" lon="-124.033885"><ele>299.213</ele><time>2026-08-28T18:33:48Z</time></trkpt><trkpt lat="41.443114" lon="-124.033869"><ele>299.869</ele><time>2026-08-28T18:33:51Z</time></trkpt><trkpt lat="41.443124" lon="-124.033854"><ele>300.204</ele><time>2026-08-28T18:33:54Z</time></trkpt><trkpt lat="41.443147" lon="-124.033837"><ele>300.824</ele><time>2026-08-28T18:33:57Z</time></trkpt><trkpt lat="41.443211" lon="-124.033798"><ele>301.609</ele><time>2026-08-28T18:34:02Z</time></trkpt><trkpt lat="41.443239" lon="-124.033785"><ele>301.858</ele><time>2026-08-28T18:34:04Z</time></trkpt><trkpt lat="41.443272" lon="-124.033766"><ele>302.454</ele><time>2026-08-28T18:34:08Z</time></trkpt><trkpt lat="41.4433" lon="-124.033762"><ele>302.818</ele><time>2026-08-28T18:34:11Z</time></trkpt><trkpt lat="41.443324" lon="-124.033765"><ele>303.032</ele><time>2026-08-28T18:34:13Z</time></trkpt><trkpt lat="41.443365" lon="-124.033766"><ele>304.021</ele><time>2026-08-28T18:34:20Z</time></trkpt><trkpt lat="41.443456" lon="-124.033724"><ele>305.046</ele><time>2026-08-28T18:34:32Z</time></trkpt><trkpt lat="41.443465" lon="-124.033717"><ele>305.294</ele><time>2026-08-28T18:34:33Z</time></trkpt><trkpt lat="41.443492" lon="-124.033657"><ele>306.092</ele><time>2026-08-28T18:34:38Z</time></trkpt><trkpt lat="41.443506" lon="-124.033651"><ele>306.270</ele><time>2026-08-28T18:34:41Z</time></trkpt><trkpt lat="41.443513" lon="-124.033638"><ele>306.247</ele><time>2026-08-28T18:34:43Z</time></trkpt><trkpt lat="41.443565" lon="-124.033574"><ele>307.429</ele><time>2026-08-28T18:34:51Z</time></trkpt><trkpt lat="41.443604" lon="-124.033578"><ele>308.421</ele><time>2026-08-28T18:34:56Z</time></trkpt><trkpt lat="41.443639" lon="-124.033596"><ele>309.009</ele><time>2026-08-28T18:35:00Z</time></trkpt><trkpt lat="41.443668" lon="-124.033607"><ele>309.486</ele><time>2026-08-28T18:35:02Z</time></trkpt><trkpt lat="41.443746" lon="-124.03364"><ele>310.662</ele><time>2026-08-28T18:35:09Z</time></trkpt><trkpt lat="41.443758" lon="-124.033642"><ele>310.826</ele><time>2026-08-28T18:35:10Z</time></trkpt><trkpt lat="41.443803" lon="-124.033644"><ele>311.680</ele><time>2026-08-28T18:35:15Z</time></trkpt><trkpt lat="41.443838" lon="-124.033622"><ele>312.669</ele><time>2026-08-28T18:35:21Z</time></trkpt><trkpt lat="41.443841" lon="-124.033617"><ele>312.814</ele><time>2026-08-28T18:35:22Z</time></trkpt><trkpt lat="41.443865" lon="-124.033543"><ele>313.832</ele><time>2026-08-28T18:35:29Z</time></trkpt><trkpt lat="41.443871" lon="-124.033522"><ele>314.220</ele><time>2026-08-28T18:35:31Z</time></trkpt><trkpt lat="41.443889" lon="-124.033486"><ele>315.048</ele><time>2026-08-28T18:35:34Z</time></trkpt><trkpt lat="41.443916" lon="-124.033444"><ele>315.845</ele><time>2026-08-28T18:35:38Z</time></trkpt><trkpt lat="41.443924" lon="-124.033427"><ele>316.047</ele><time>2026-08-28T18:35:40Z</time></trkpt><trkpt lat="41.443938" lon="-124.033418"><ele>316.611</ele><time>2026-08-28T18:35:44Z</time></trkpt><trkpt lat="41.443897" lon="-124.033446"><ele>316.809</ele><time>2026-08-28T18:35:53Z</time></trkpt><trkpt lat="41.443882" lon="-124.033437"><ele>316.846</ele><time>2026-08-28T18:35:56Z</time></trkpt><trkpt lat="41.443912" lon="-124.033414"><ele>317.042</ele><time>2026-08-28T18:36:01Z</time></trkpt><trkpt lat="41.443917" lon="-124.033411"><ele>317.216</ele><time>2026-08-28T18:36:02Z</time></trkpt><trkpt lat="41.443949" lon="-124.0334"><ele>318.270</ele><time>2026-08-28T18:36:07Z</time></trkpt><trkpt lat="41.443958" lon="-124.033397"><ele>318.499</ele><time>2026-08-28T18:36:08Z</time></trkpt><trkpt lat="41.443993" lon="-124.033398"><ele>319.234</ele><time>2026-08-28T18:36:12Z</time></trkpt><trkpt lat="41.444015" lon="-124.033402"><ele>319.822</ele><time>2026-08-28T18:36:15Z</time></trkpt><trkpt lat="41.444036" lon="-124.03341"><ele>320.480</ele><time>2026-08-28T18:36:18Z</time></trkpt><trkpt lat="41.444067" lon="-124.033407"><ele>321.418</ele><time>2026-08-28T18:36:23Z</time></trkpt><trkpt lat="41.444094" lon="-124.033411"><ele>322.088</ele><time>2026-08-28T18:36:26Z</time></trkpt><trkpt lat="41.444172" lon="-124.033422"><ele>322.424</ele><time>2026-08-28T18:36:35Z</time></trkpt><trkpt lat="41.444188" lon="-124.033426"><ele>322.826</ele><time>2026-08-28T18:36:37Z</time></trkpt><trkpt lat="41.444247" lon="-124.033445"><ele>323.609</ele><time>2026-08-28T18:36:43Z</time></trkpt><trkpt lat="41.444293" lon="-124.033478"><ele>324.870</ele><time>2026-08-28T18:36:49Z</time></trkpt><trkpt lat="41.444334" lon="-124.033507"><ele>325.826</ele><time>2026-08-28T18:36:56Z</time></trkpt><trkpt lat="41.444346" lon="-124.033505"><ele>326.230</ele><time>2026-08-28T18:36:59Z</time></trkpt><trkpt lat="41.444389" lon="-124.033524"><ele>327.024</ele><time>2026-08-28T18:37:04Z</time></trkpt><trkpt lat="41.44442" lon="-124.033529"><ele>327.643</ele><time>2026-08-28T18:37:09Z</time></trkpt><trkpt lat="41.444427" lon="-124.033506"><ele>328.018</ele><time>2026-08-28T18:37:11Z</time></trkpt><trkpt lat="41.444427" lon="-124.033451"><ele>329.036</ele><time>2026-08-28T18:37:18Z</time></trkpt><trkpt lat="41.444423" lon="-124.033442"><ele>329.244</ele><time>2026-08-28T18:37:19Z</time></trkpt><trkpt lat="41.444427" lon="-124.033403"><ele>330.072</ele><time>2026-08-28T18:37:24Z</time></trkpt><trkpt lat="41.444417" lon="-124.033356"><ele>330.631</ele><time>2026-08-28T18:37:27Z</time></trkpt><trkpt lat="41.444414" lon="-124.033307"><ele>331.261</ele><time>2026-08-28T18:37:30Z</time></trkpt><trkpt lat="41.444406" lon="-124.03325"><ele>332.207</ele><time>2026-08-28T18:37:38Z</time></trkpt><trkpt lat="41.444394" lon="-124.033214"><ele>333.409</ele><time>2026-08-28T18:37:44Z</time></trkpt><trkpt lat="41.444391" lon="-124.033206"><ele>334.025</ele><time>2026-08-28T18:37:49Z</time></trkpt><trkpt lat="41.444386" lon="-124.033178"><ele>334.421</ele><time>2026-08-28T18:37:52Z</time></trkpt><trkpt lat="41.44436" lon="-124.033076"><ele>335.685</ele><time>2026-08-28T18:37:59Z</time></trkpt><trkpt lat="41.444359" lon="-124.033064"><ele>335.679</ele><time>2026-08-28T18:38:00Z</time></trkpt><trkpt lat="41.444307" lon="-124.032958"><ele>336.028</ele><time>2026-08-28T18:38:10Z</time></trkpt><trkpt lat="41.444299" lon="-124.032937"><ele>336.653</ele><time>2026-08-28T18:38:12Z</time></trkpt><trkpt lat="41.44428" lon="-124.032861"><ele>337.461</ele><time>2026-08-28T18:38:19Z</time></trkpt><trkpt lat="41.444279" lon="-124.032847"><ele>337.619</ele><time>2026-08-28T18:38:20Z</time></trkpt><trkpt lat="41.444287" lon="-124.032766"><ele>338.667</ele><time>2026-08-28T18:38:26Z</time></trkpt><trkpt lat="41.444294" lon="-124.032737"><ele>338.838</ele><time>2026-08-28T18:38:28Z</time></trkpt><trkpt lat="41.444313" lon="-124.032703"><ele>338.870</ele><time>2026-08-28T18:38:32Z</time></trkpt><trkpt lat="41.444356" lon="-124.032675"><ele>339.417</ele><time>2026-08-28T18:38:38Z</time></trkpt><trkpt lat="41.44436" lon="-124.03267"><ele>339.609</ele><time>2026-08-28T18:38:39Z</time></trkpt><trkpt lat="41.444396" lon="-124.032642"><ele>340.645</ele><time>2026-08-28T18:38:45Z</time></trkpt><trkpt lat="41.444415" lon="-124.032632"><ele>341.051</ele><time>2026-08-28T18:38:48Z</time></trkpt><trkpt lat="41.444454" lon="-124.032539"><ele>341.045</ele><time>2026-08-28T18:39:01Z</time></trkpt><trkpt lat="41.444465" lon="-124.032526"><ele>341.059</ele><time>2026-08-28T18:39:07Z</time></trkpt><trkpt lat="41.444471" lon="-124.032523"><ele>341.058</ele><time>2026-08-28T18:39:08Z</time></trkpt><trkpt lat="41.444484" lon="-124.032519"><ele>341.293</ele><time>2026-08-28T18:39:10Z</time></trkpt><trkpt lat="41.444511" lon="-124.032526"><ele>341.881</ele><time>2026-08-28T18:39:14Z</time></trkpt><trkpt lat="41.444558" lon="-124.032533"><ele>342.669</ele><time>2026-08-28T18:39:19Z</time></trkpt><trkpt lat="41.44458" lon="-124.032525"><ele>342.897</ele><time>2026-08-28T18:39:21Z</time></trkpt><trkpt lat="41.444662" lon="-124.032514"><ele>344.063</ele><time>2026-08-28T18:39:28Z</time></trkpt><trkpt lat="41.444679" lon="-124.032501"><ele>344.244</ele><time>2026-08-28T18:39:30Z</time></trkpt><trkpt lat="41.444683" lon="-124.032438"><ele>344.418</ele><time>2026-08-28T18:39:35Z</time></trkpt><trkpt lat="41.444667" lon="-124.032378"><ele>344.209</ele><time>2026-08-28T18:39:38Z</time></trkpt><trkpt lat="41.444631" lon="-124.03227"><ele>344.028</ele><time>2026-08-28T18:39:47Z</time></trkpt><trkpt lat="41.444621" lon="-124.03224"><ele>344.674</ele><time>2026-08-28T18:39:50Z</time></trkpt><trkpt lat="41.44459" lon="-124.032168"><ele>345.078</ele><time>2026-08-28T18:39:57Z</time></trkpt><trkpt lat="41.444578" lon="-124.032144"><ele>345.222</ele><time>2026-08-28T18:39:59Z</time></trkpt><trkpt lat="41.444534" lon="-124.032015"><ele>345.421</ele><time>2026-08-28T18:40:08Z</time></trkpt><trkpt lat="41.444493" lon="-124.031954"><ele>346.056</ele><time>2026-08-28T18:40:16Z</time></trkpt><trkpt lat="41.444473" lon="-124.031936"><ele>346.434</ele><time>2026-08-28T18:40:19Z</time></trkpt><trkpt lat="41.444435" lon="-124.031904"><ele>347.262</ele><time>2026-08-28T18:40:23Z</time></trkpt><trkpt lat="41.444401" lon="-124.031855"><ele>347.830</ele><time>2026-08-28T18:40:30Z</time></trkpt><trkpt lat="41.444366" lon="-124.031838"><ele>348.073</ele><time>2026-08-28T18:40:36Z</time></trkpt><trkpt lat="41.444361" lon="-124.031833"><ele>348.285</ele><time>2026-08-28T18:40:37Z</time></trkpt><trkpt lat="41.444349" lon="-124.031822"><ele>348.613</ele><time>2026-08-28T18:40:39Z</time></trkpt><trkpt lat="41.444332" lon="-124.031784"><ele>349.209</ele><time>2026-08-28T18:40:44Z</time></trkpt><trkpt lat="41.444332" lon="-124.031745"><ele>349.499</ele><time>2026-08-28T18:40:47Z</time></trkpt><trkpt lat="41.444364" lon="-124.031629"><ele>348.475</ele><time>2026-08-28T18:40:56Z</time></trkpt><trkpt lat="41.444368" lon="-124.031617"><ele>348.459</ele><time>2026-08-28T18:40:57Z</time></trkpt><trkpt lat="41.444375" lon="-124.03159"><ele>348.063</ele><time>2026-08-28T18:40:59Z</time></trkpt><trkpt lat="41.44436" lon="-124.031534"><ele>347.072</ele><time>2026-08-28T18:41:04Z</time></trkpt><trkpt lat="41.444342" lon="-124.031484"><ele>346.027</ele><time>2026-08-28T18:41:10Z</time></trkpt><trkpt lat="41.444346" lon="-124.031426"><ele>345.495</ele><time>2026-08-28T18:41:14Z</time></trkpt><trkpt lat="41.444353" lon="-124.031409"><ele>344.873</ele><time>2026-08-28T18:41:16Z</time></trkpt><trkpt lat="41.444373" lon="-124.031365"><ele>343.821</ele><time>2026-08-28T18:41:21Z</time></trkpt><trkpt lat="41.444379" lon="-124.031322"><ele>343.261</ele><time>2026-08-28T18:41:24Z</time></trkpt><trkpt lat="41.444377" lon="-124.031293"><ele>342.621</ele><time>2026-08-28T18:41:26Z</time></trkpt><trkpt lat="41.444355" lon="-124.031235"><ele>342.013</ele><time>2026-08-28T18:41:31Z</time></trkpt><trkpt lat="41.444347" lon="-124.031205"><ele>341.409</ele><time>2026-08-28T18:41:33Z</time></trkpt><trkpt lat="41.444335" lon="-124.031181"><ele>341.268</ele><time>2026-08-28T18:41:34Z</time></trkpt><trkpt lat="41.444335" lon="-124.031147"><ele>340.484</ele><time>2026-08-28T18:41:37Z</time></trkpt><trkpt lat="41.444359" lon="-124.031081"><ele>339.478</ele><time>2026-08-28T18:41:42Z</time></trkpt><trkpt lat="41.444366" lon="-124.03107"><ele>339.252</ele><time>2026-08-28T18:41:43Z</time></trkpt><trkpt lat="41.444401" lon="-124.030997"><ele>338.431</ele><time>2026-08-28T18:41:50Z</time></trkpt><trkpt lat="41.44441" lon="-124.030972"><ele>337.836</ele><time>2026-08-28T18:41:52Z</time></trkpt><trkpt lat="41.444418" lon="-124.030944"><ele>337.294</ele><time>2026-08-28T18:41:54Z</time></trkpt><trkpt lat="41.444429" lon="-124.030923"><ele>336.812</ele><time>2026-08-28T18:42:01Z</time></trkpt><trkpt lat="41.444436" lon="-124.030872"><ele>336.240</ele><time>2026-08-28T18:42:08Z</time></trkpt><trkpt lat="41.444434" lon="-124.030867"><ele>336.213</ele><time>2026-08-28T18:42:09Z</time></trkpt><trkpt lat="41.444396" lon="-124.030819"><ele>335.443</ele><time>2026-08-28T18:42:19Z</time></trkpt><trkpt lat="41.444415" lon="-124.030839"><ele>335.407</ele><time>2026-08-28T18:42:27Z</time></trkpt><trkpt lat="41.44442" lon="-124.030841"><ele>335.409</ele><time>2026-08-28T18:42:28Z</time></trkpt><trkpt lat="41.444427" lon="-124.030849"><ele>335.233</ele><time>2026-08-28T18:42:32Z</time></trkpt><trkpt lat="41.444446" lon="-124.030856"><ele>334.859</ele><time>2026-08-28T18:42:39Z</time></trkpt><trkpt lat="41.444455" lon="-124.030837"><ele>334.273</ele><time>2026-08-28T18:42:42Z</time></trkpt><trkpt lat="41.44447" lon="-124.030774"><ele>333.267</ele><time>2026-08-28T18:42:47Z</time></trkpt><trkpt lat="41.444471" lon="-124.030763"><ele>333.096</ele><time>2026-08-28T18:42:48Z</time></trkpt><trkpt lat="41.44449" lon="-124.030703"><ele>332.061</ele><time>2026-08-28T18:42:54Z</time></trkpt><trkpt lat="41.44452" lon="-124.030648"><ele>331.219</ele><time>2026-08-28T18:42:59Z</time></trkpt><trkpt lat="41.44453" lon="-124.030627"><ele>330.877</ele><time>2026-08-28T18:43:01Z</time></trkpt><trkpt lat="41.444554" lon="-124.030555"><ele>329.635</ele><time>2026-08-28T18:43:06Z</time></trkpt><trkpt lat="41.444575" lon="-124.030513"><ele>329.434</ele><time>2026-08-28T18:43:09Z</time></trkpt><trkpt lat="41.444613" lon="-124.030466"><ele>328.455</ele><time>2026-08-28T18:43:14Z</time></trkpt><trkpt lat="41.444655" lon="-124.030427"><ele>327.410</ele><time>2026-08-28T18:43:18Z</time></trkpt><trkpt lat="41.444683" lon="-124.030401"><ele>326.809</ele><time>2026-08-28T18:43:21Z</time></trkpt><trkpt lat="41.444729" lon="-124.030354"><ele>326.475</ele><time>2026-08-28T18:43:27Z</time></trkpt><trkpt lat="41.444736" lon="-124.030348"><ele>326.011</ele><time>2026-08-28T18:43:30Z</time></trkpt><trkpt lat="41.444782" lon="-124.030279"><ele>325.865</ele><time>2026-08-28T18:43:42Z</time></trkpt><trkpt lat="41.444828" lon="-124.030322"><ele>325.699</ele><time>2026-08-28T18:43:49Z</time></trkpt><trkpt lat="41.444837" lon="-124.03032"><ele>325.488</ele><time>2026-08-28T18:43:51Z</time></trkpt><trkpt lat="41.44484" lon="-124.030319"><ele>325.053</ele><time>2026-08-28T18:43:52Z</time></trkpt><trkpt lat="41.444859" lon="-124.030268"><ele>324.061</ele><time>2026-08-28T18:43:59Z</time></trkpt><trkpt lat="41.444862" lon="-124.030229"><ele>323.879</ele><time>2026-08-28T18:44:02Z</time></trkpt><trkpt lat="41.444871" lon="-124.030166"><ele>322.827</ele><time>2026-08-28T18:44:08Z</time></trkpt><trkpt lat="41.444883" lon="-124.030146"><ele>321.672</ele><time>2026-08-28T18:44:11Z</time></trkpt><trkpt lat="41.444888" lon="-124.030141"><ele>321.413</ele><time>2026-08-28T18:44:12Z</time></trkpt><trkpt lat="41.444907" lon="-124.030113"><ele>320.614</ele><time>2026-08-28T18:44:16Z</time></trkpt><trkpt lat="41.444956" lon="-124.030057"><ele>319.809</ele><time>2026-08-28T18:44:22Z</time></trkpt><trkpt lat="41.444968" lon="-124.030046"><ele>319.669</ele><time>2026-08-28T18:44:23Z</time></trkpt><trkpt lat="41.44502" lon="-124.030004"><ele>318.425</ele><time>2026-08-28T18:44:27Z</time></trkpt><trkpt lat="41.445068" lon="-124.029962"><ele>317.499</ele><time>2026-08-28T18:44:32Z</time></trkpt><trkpt lat="41.445099" lon="-124.029937"><ele>316.893</ele><time>2026-08-28T18:44:35Z</time></trkpt><trkpt lat="41.445123" lon="-124.029911"><ele>316.282</ele><time>2026-08-28T18:44:38Z</time></trkpt><trkpt lat="41.445166" lon="-124.029864"><ele>315.287</ele><time>2026-08-28T18:44:45Z</time></trkpt><trkpt lat="41.445199" lon="-124.029719"><ele>315.295</ele><time>2026-08-28T18:44:55Z</time></trkpt><trkpt lat="41.445185" lon="-124.02966"><ele>315.853</ele><time>2026-08-28T18:44:59Z</time></trkpt><trkpt lat="41.445155" lon="-124.029606"><ele>316.221</ele><time>2026-08-28T18:45:02Z</time></trkpt><trkpt lat="41.445147" lon="-124.029588"><ele>316.254</ele><time>2026-08-28T18:45:03Z</time></trkpt><trkpt lat="41.445096" lon="-124.029484"><ele>317.456</ele><time>2026-08-28T18:45:12Z</time></trkpt><trkpt lat="41.445114" lon="-124.02945"><ele>317.611</ele><time>2026-08-28T18:45:15Z</time></trkpt><trkpt lat="41.445135" lon="-124.029364"><ele>318.409</ele><time>2026-08-28T18:45:21Z</time></trkpt><trkpt lat="41.445134" lon="-124.029326"><ele>318.877</ele><time>2026-08-28T18:45:24Z</time></trkpt><trkpt lat="41.445126" lon="-124.029294"><ele>319.253</ele><time>2026-08-28T18:45:27Z</time></trkpt><trkpt lat="41.445124" lon="-124.029284"><ele>319.447</ele><time>2026-08-28T18:45:28Z</time></trkpt><trkpt lat="41.44512" lon="-124.029258"><ele>319.621</ele><time>2026-08-28T18:45:30Z</time></trkpt><trkpt lat="41.445117" lon="-124.029245"><ele>319.810</ele><time>2026-08-28T18:45:31Z</time></trkpt><trkpt lat="41.445114" lon="-124.029232"><ele>320.035</ele><time>2026-08-28T18:45:32Z</time></trkpt><trkpt lat="41.445109" lon="-124.029201"><ele>320.443</ele><time>2026-08-28T18:45:35Z</time></trkpt><trkpt lat="41.44511" lon="-124.029187"><ele>320.461</ele><time>2026-08-28T18:45:36Z</time></trkpt><trkpt lat="41.445097" lon="-124.029081"><ele>321.629</ele><time>2026-08-28T18:45:43Z</time></trkpt><trkpt lat="41.445094" lon="-124.029034"><ele>321.893</ele><time>2026-08-28T18:45:46Z</time></trkpt><trkpt lat="41.445069" lon="-124.028943"><ele>322.665</ele><time>2026-08-28T18:45:53Z</time></trkpt><trkpt lat="41.44504" lon="-124.028919"><ele>323.421</ele><time>2026-08-28T18:45:59Z</time></trkpt><trkpt lat="41.445018" lon="-124.028937"><ele>323.809</ele><time>2026-08-28T18:46:03Z</time></trkpt><trkpt lat="41.445007" lon="-124.028955"><ele>324.091</ele><time>2026-08-28T18:46:05Z</time></trkpt><trkpt lat="41.444987" lon="-124.028988"><ele>324.627</ele><time>2026-08-28T18:46:09Z</time></trkpt><trkpt lat="41.444985" lon="-124.028994"><ele>324.821</ele><time>2026-08-28T18:46:10Z</time></trkpt><trkpt lat="41.444947" lon="-124.029012"><ele>325.865</ele><time>2026-08-28T18:46:15Z</time></trkpt><trkpt lat="41.444924" lon="-124.029012"><ele>326.634</ele><time>2026-08-28T18:46:19Z</time></trkpt><trkpt lat="41.444916" lon="-124.028992"><ele>326.899</ele><time>2026-08-28T18:46:22Z</time></trkpt><trkpt lat="41.444878" lon="-124.028955"><ele>327.447</ele><time>2026-08-28T18:46:27Z</time></trkpt><trkpt lat="41.444851" lon="-124.028929"><ele>328.085</ele><time>2026-08-28T18:46:33Z</time></trkpt><trkpt lat="41.444817" lon="-124.028918"><ele>328.053</ele><time>2026-08-28T18:46:37Z</time></trkpt><trkpt lat="41.4447" lon="-124.028847"><ele>328.068</ele><time>2026-08-28T18:46:48Z</time></trkpt><trkpt lat="41.444612" lon="-124.02882"><ele>328.842</ele><time>2026-08-28T18:46:56Z</time></trkpt><trkpt lat="41.444603" lon="-124.028815"><ele>329.026</ele><time>2026-08-28T18:46:57Z</time></trkpt><trkpt lat="41.444583" lon="-124.028802"><ele>329.209</ele><time>2026-08-28T18:46:59Z</time></trkpt><trkpt lat="41.444551" lon="-124.028791"><ele>329.478</ele><time>2026-08-28T18:47:02Z</time></trkpt><trkpt lat="41.444527" lon="-124.028782"><ele>330.024</ele><time>2026-08-28T18:47:05Z</time></trkpt><trkpt lat="41.444488" lon="-124.028776"><ele>330.678</ele><time>2026-08-28T18:47:09Z</time></trkpt><trkpt lat="41.444435" lon="-124.028763"><ele>331.212</ele><time>2026-08-28T18:47:14Z</time></trkpt><trkpt lat="41.444409" lon="-124.028756"><ele>331.481</ele><time>2026-08-28T18:47:17Z</time></trkpt><trkpt lat="41.444393" lon="-124.028747"><ele>331.856</ele><time>2026-08-28T18:47:19Z</time></trkpt><trkpt lat="41.444383" lon="-124.028742"><ele>331.824</ele><time>2026-08-28T18:47:20Z</time></trkpt><trkpt lat="41.444364" lon="-124.028738"><ele>332.242</ele><time>2026-08-28T18:47:22Z</time></trkpt><trkpt lat="41.444295" lon="-124.028728"><ele>333.230</ele><time>2026-08-28T18:47:30Z</time></trkpt><trkpt lat="41.444287" lon="-124.028728"><ele>333.481</ele><time>2026-08-28T18:47:31Z</time></trkpt><trkpt lat="41.44425" lon="-124.028723"><ele>333.861</ele><time>2026-08-28T18:47:35Z</time></trkpt><trkpt lat="41.444215" lon="-124.028724"><ele>334.217</ele><time>2026-08-28T18:47:39Z</time></trkpt><trkpt lat="41.444199" lon="-124.028719"><ele>334.409</ele><time>2026-08-28T18:47:41Z</time></trkpt><trkpt lat="41.444153" lon="-124.02868"><ele>335.450</ele><time>2026-08-28T18:47:48Z</time></trkpt><trkpt lat="41.44411" lon="-124.028644"><ele>336.096</ele><time>2026-08-28T18:47:53Z</time></trkpt><trkpt lat="41.444086" lon="-124.02862"><ele>336.440</ele><time>2026-08-28T18:47:57Z</time></trkpt><trkpt lat="41.444071" lon="-124.028593"><ele>337.274</ele><time>2026-08-28T18:48:03Z</time></trkpt><trkpt lat="41.444059" lon="-124.028575"><ele>337.653</ele><time>2026-08-28T18:48:06Z</time></trkpt><trkpt lat="41.444017" lon="-124.028506"><ele>338.698</ele><time>2026-08-28T18:48:14Z</time></trkpt><trkpt lat="41.444012" lon="-124.0285"><ele>338.686</ele><time>2026-08-28T18:48:15Z</time></trkpt><trkpt lat="41.443985" lon="-124.028471"><ele>339.694</ele><time>2026-08-28T18:48:21Z</time></trkpt><trkpt lat="41.443979" lon="-124.02846"><ele>339.822</ele><time>2026-08-28T18:48:24Z</time></trkpt><trkpt lat="41.443973" lon="-124.028445"><ele>339.811</ele><time>2026-08-28T18:48:26Z</time></trkpt><trkpt lat="41.443944" lon="-124.028374"><ele>340.221</ele><time>2026-08-28T18:48:30Z</time></trkpt><trkpt lat="41.443935" lon="-124.028271"><ele>340.603</ele><time>2026-08-28T18:48:36Z</time></trkpt><trkpt lat="41.443933" lon="-124.028252"><ele>340.809</ele><time>2026-08-28T18:48:37Z</time></trkpt><trkpt lat="41.443934" lon="-124.028152"><ele>341.863</ele><time>2026-08-28T18:48:47Z</time></trkpt><trkpt lat="41.44393" lon="-124.028143"><ele>341.859</ele><time>2026-08-28T18:48:48Z</time></trkpt><trkpt lat="41.443877" lon="-124.028088"><ele>342.453</ele><time>2026-08-28T18:48:57Z</time></trkpt><trkpt lat="41.443846" lon="-124.028067"><ele>343.097</ele><time>2026-08-28T18:49:00Z</time></trkpt><trkpt lat="41.443789" lon="-124.028026"><ele>343.086</ele><time>2026-08-28T18:49:04Z</time></trkpt><trkpt lat="41.443717" lon="-124.027948"><ele>343.221</ele><time>2026-08-28T18:49:13Z</time></trkpt><trkpt lat="41.443636" lon="-124.02786"><ele>342.869</ele><time>2026-08-28T18:49:23Z</time></trkpt><trkpt lat="41.443614" lon="-124.027839"><ele>342.857</ele><time>2026-08-28T18:49:25Z</time></trkpt><trkpt lat="41.443553" lon="-124.027802"><ele>342.875</ele><time>2026-08-28T18:49:31Z</time></trkpt><trkpt lat="41.44345" lon="-124.027771"><ele>342.616</ele><time>2026-08-28T18:49:40Z</time></trkpt><trkpt lat="41.443353" lon="-124.02771"><ele>342.476</ele><time>2026-08-28T18:49:51Z</time></trkpt><trkpt lat="41.44329" lon="-124.02769"><ele>342.813</ele><time>2026-08-28T18:49:56Z</time></trkpt><trkpt lat="41.443245" lon="-124.027689"><ele>342.809</ele><time>2026-08-28T18:50:00Z</time></trkpt><trkpt lat="41.443182" lon="-124.027676"><ele>343.663</ele><time>2026-08-28T18:50:08Z</time></trkpt><trkpt lat="41.443176" lon="-124.027676"><ele>343.639</ele><time>2026-08-28T18:50:09Z</time></trkpt><trkpt lat="41.443152" lon="-124.027669"><ele>344.023</ele><time>2026-08-28T18:50:13Z</time></trkpt><trkpt lat="41.443073" lon="-124.027653"><ele>344.697</ele><time>2026-08-28T18:50:21Z</time></trkpt><trkpt lat="41.443018" lon="-124.027636"><ele>345.046</ele><time>2026-08-28T18:50:26Z</time></trkpt><trkpt lat="41.442969" lon="-124.027598"><ele>345.231</ele><time>2026-08-28T18:50:32Z</time></trkpt><trkpt lat="41.442933" lon="-124.027515"><ele>344.879</ele><time>2026-08-28T18:50:42Z</time></trkpt><trkpt lat="41.442923" lon="-124.027477"><ele>344.437</ele><time>2026-08-28T18:50:45Z</time></trkpt><trkpt lat="41.4429" lon="-124.027401"><ele>344.025</ele><time>2026-08-28T18:50:49Z</time></trkpt><trkpt lat="41.442892" lon="-124.027379"><ele>343.677</ele><time>2026-08-28T18:50:51Z</time></trkpt><trkpt lat="41.442886" lon="-124.027312"><ele>343.061</ele><time>2026-08-28T18:50:56Z</time></trkpt><trkpt lat="41.442895" lon="-124.027258"><ele>342.227</ele><time>2026-08-28T18:51:00Z</time></trkpt><trkpt lat="41.442899" lon="-124.027242"><ele>341.809</ele><time>2026-08-28T18:51:02Z</time></trkpt><trkpt lat="41.442932" lon="-124.027142"><ele>340.899</ele><time>2026-08-28T18:51:10Z</time></trkpt><trkpt lat="41.442906" lon="-124.027037"><ele>339.885</ele><time>2026-08-28T18:51:16Z</time></trkpt><trkpt lat="41.442892" lon="-124.027009"><ele>339.499</ele><time>2026-08-28T18:51:19Z</time></trkpt><trkpt lat="41.442864" lon="-124.026941"><ele>338.873</ele><time>2026-08-28T18:51:25Z</time></trkpt><trkpt lat="41.442832" lon="-124.026874"><ele>338.432</ele><time>2026-08-28T18:51:30Z</time></trkpt><trkpt lat="41.442786" lon="-124.026837"><ele>337.897</ele><time>2026-08-28T18:51:35Z</time></trkpt><trkpt lat="41.442748" lon="-124.026809"><ele>337.665</ele><time>2026-08-28T18:51:38Z</time></trkpt><trkpt lat="41.442692" lon="-124.026781"><ele>337.413</ele><time>2026-08-28T18:51:42Z</time></trkpt><trkpt lat="41.442603" lon="-124.026759"><ele>336.611</ele><time>2026-08-28T18:51:48Z</time></trkpt><trkpt lat="41.442565" lon="-124.02676"><ele>336.469</ele><time>2026-08-28T18:51:51Z</time></trkpt><trkpt lat="41.442502" lon="-124.026761"><ele>335.404</ele><time>2026-08-28T18:51:56Z</time></trkpt><trkpt lat="41.442458" lon="-124.02676"><ele>334.824</ele><time>2026-08-28T18:52:00Z</time></trkpt><trkpt lat="41.442435" lon="-124.02676"><ele>334.409</ele><time>2026-08-28T18:52:03Z</time></trkpt><trkpt lat="41.442376" lon="-124.026745"><ele>333.228</ele><time>2026-08-28T18:52:11Z</time></trkpt><trkpt lat="41.442289" lon="-124.026705"><ele>332.074</ele><time>2026-08-28T18:52:19Z</time></trkpt><trkpt lat="41.442263" lon="-124.02668"><ele>331.898</ele><time>2026-08-28T18:52:21Z</time></trkpt><trkpt lat="41.442211" lon="-124.026651"><ele>331.032</ele><time>2026-08-28T18:52:26Z</time></trkpt><trkpt lat="41.442155" lon="-124.02663"><ele>330.081</ele><time>2026-08-28T18:52:31Z</time></trkpt><trkpt lat="41.442147" lon="-124.026626"><ele>329.876</ele><time>2026-08-28T18:52:32Z</time></trkpt><trkpt lat="41.442075" lon="-124.026567"><ele>328.844</ele><time>2026-08-28T18:52:39Z</time></trkpt><trkpt lat="41.442067" lon="-124.026561"><ele>328.682</ele><time>2026-08-28T18:52:40Z</time></trkpt><trkpt lat="41.441968" lon="-124.0265"><ele>327.690</ele><time>2026-08-28T18:52:48Z</time></trkpt><trkpt lat="41.441945" lon="-124.026497"><ele>327.472</ele><time>2026-08-28T18:52:49Z</time></trkpt><trkpt lat="41.441838" lon="-124.026455"><ele>326.613</ele><time>2026-08-28T18:52:56Z</time></trkpt><trkpt lat="41.441829" lon="-124.026451"><ele>326.414</ele><time>2026-08-28T18:52:57Z</time></trkpt><trkpt lat="41.441757" lon="-124.026399"><ele>325.809</ele><time>2026-08-28T18:53:06Z</time></trkpt><trkpt lat="41.441743" lon="-124.026389"><ele>325.849</ele><time>2026-08-28T18:53:07Z</time></trkpt><trkpt lat="41.441665" lon="-124.026284"><ele>326.025</ele><time>2026-08-28T18:53:18Z</time></trkpt><trkpt lat="41.44164" lon="-124.026224"><ele>326.629</ele><time>2026-08-28T18:53:25Z</time></trkpt><trkpt lat="41.441568" lon="-124.026103"><ele>327.643</ele><time>2026-08-28T18:53:35Z</time></trkpt><trkpt lat="41.441522" lon="-124.026031"><ele>328.032</ele><time>2026-08-28T18:53:42Z</time></trkpt><trkpt lat="41.441484" lon="-124.025983"><ele>328.217</ele><time>2026-08-28T18:53:46Z</time></trkpt><trkpt lat="41.441422" lon="-124.025917"><ele>328.695</ele><time>2026-08-28T18:53:52Z</time></trkpt><trkpt lat="41.441399" lon="-124.025899"><ele>328.883</ele><time>2026-08-28T18:53:55Z</time></trkpt><trkpt lat="41.441254" lon="-124.025836"><ele>329.681</ele><time>2026-08-28T18:54:06Z</time></trkpt><trkpt lat="41.441243" lon="-124.02583"><ele>329.626</ele><time>2026-08-28T18:54:07Z</time></trkpt><trkpt lat="41.441141" lon="-124.025787"><ele>330.247</ele><time>2026-08-28T18:54:16Z</time></trkpt><trkpt lat="41.441103" lon="-124.025776"><ele>330.611</ele><time>2026-08-28T18:54:19Z</time></trkpt><trkpt lat="41.441082" lon="-124.025767"><ele>330.609</ele><time>2026-08-28T18:54:21Z</time></trkpt><trkpt lat="41.441044" lon="-124.025735"><ele>331.094</ele><time>2026-08-28T18:54:26Z</time></trkpt><trkpt lat="41.440924" lon="-124.025653"><ele>331.850</ele><time>2026-08-28T18:54:37Z</time></trkpt><trkpt lat="41.440913" lon="-124.025656"><ele>331.874</ele><time>2026-08-28T18:54:38Z</time></trkpt><trkpt lat="41.440886" lon="-124.025732"><ele>332.248</ele><time>2026-08-28T18:54:46Z</time></trkpt><trkpt lat="41.440888" lon="-124.025746"><ele>332.097</ele><time>2026-08-28T18:54:47Z</time></trkpt><trkpt lat="41.440928" lon="-124.025914"><ele>331.632</ele><time>2026-08-28T18:54:57Z</time></trkpt><trkpt lat="41.440997" lon="-124.026028"><ele>330.690</ele><time>2026-08-28T18:55:06Z</time></trkpt><trkpt lat="41.441006" lon="-124.026045"><ele>330.638</ele><time>2026-08-28T18:55:07Z</time></trkpt><trkpt lat="41.441108" lon="-124.026178"><ele>330.066</ele><time>2026-08-28T18:55:17Z</time></trkpt><trkpt lat="41.441121" lon="-124.026206"><ele>329.451</ele><time>2026-08-28T18:55:19Z</time></trkpt><trkpt lat="41.441142" lon="-124.026245"><ele>328.201</ele><time>2026-08-28T18:55:24Z</time></trkpt><trkpt lat="41.441178" lon="-124.026279"><ele>327.611</ele><time>2026-08-28T18:55:28Z</time></trkpt><trkpt lat="41.441254" lon="-124.026355"><ele>327.209</ele><time>2026-08-28T18:55:36Z</time></trkpt><trkpt lat="41.441272" lon="-124.026365"><ele>327.267</ele><time>2026-08-28T18:55:38Z</time></trkpt><trkpt lat="41.441305" lon="-124.026431"><ele>326.663</ele><time>2026-08-28T18:55:47Z</time></trkpt><trkpt lat="41.441308" lon="-124.02645"><ele>326.067</ele><time>2026-08-28T18:55:49Z</time></trkpt><trkpt lat="41.441321" lon="-124.026515"><ele>325.031</ele><time>2026-08-28T18:55:54Z</time></trkpt><trkpt lat="41.441326" lon="-124.026553"><ele>324.680</ele><time>2026-08-28T18:55:57Z</time></trkpt><trkpt lat="41.441317" lon="-124.026578"><ele>323.885</ele><time>2026-08-28T18:56:00Z</time></trkpt><trkpt lat="41.441281" lon="-124.026631"><ele>322.833</ele><time>2026-08-28T18:56:07Z</time></trkpt><trkpt lat="41.441291" lon="-124.026676"><ele>321.631</ele><time>2026-08-28T18:56:11Z</time></trkpt><trkpt lat="41.441333" lon="-124.026751"><ele>320.679</ele><time>2026-08-28T18:56:16Z</time></trkpt><trkpt lat="41.44137" lon="-124.026788"><ele>319.639</ele><time>2026-08-28T18:56:22Z</time></trkpt><trkpt lat="41.441379" lon="-124.026791"><ele>319.201</ele><time>2026-08-28T18:56:24Z</time></trkpt><trkpt lat="41.441396" lon="-124.026787"><ele>319.021</ele><time>2026-08-28T18:56:26Z</time></trkpt><trkpt lat="41.441466" lon="-124.026786"><ele>318.609</ele><time>2026-08-28T18:56:31Z</time></trkpt><trkpt lat="41.441499" lon="-124.026789"><ele>318.475</ele><time>2026-08-28T18:56:33Z</time></trkpt><trkpt lat="41.441542" lon="-124.026791"><ele>318.031</ele><time>2026-08-28T18:56:37Z</time></trkpt><trkpt lat="41.441588" lon="-124.026802"><ele>317.435</ele><time>2026-08-28T18:56:40Z</time></trkpt><trkpt lat="41.441615" lon="-124.026801"><ele>316.859</ele><time>2026-08-28T18:56:43Z</time></trkpt><trkpt lat="41.441712" lon="-124.026786"><ele>318.468</ele><time>2026-08-28T18:56:52Z</time></trkpt><trkpt lat="41.441722" lon="-124.026787"><ele>318.483</ele><time>2026-08-28T18:56:53Z</time></trkpt><trkpt lat="41.441793" lon="-124.026801"><ele>319.681</ele><time>2026-08-28T18:57:01Z</time></trkpt><trkpt lat="41.441798" lon="-124.0268"><ele>319.859</ele><time>2026-08-28T18:57:02Z</time></trkpt><trkpt lat="41.44184" lon="-124.026799"><ele>320.657</ele><time>2026-08-28T18:57:07Z</time></trkpt><trkpt lat="41.44184" lon="-124.026797"><ele>320.665</ele><time>2026-08-28T18:57:08Z</time></trkpt><trkpt lat="41.441843" lon="-124.026792"><ele>320.868</ele><time>2026-08-28T18:57:10Z</time></trkpt><trkpt lat="41.441842" lon="-124.026783"><ele>321.014</ele><time>2026-08-28T18:57:12Z</time></trkpt><trkpt lat="41.441839" lon="-124.026772"><ele>321.009</ele><time>2026-08-28T18:57:15Z</time></trkpt><trkpt lat="41.441847" lon="-124.026769"><ele>321.418</ele><time>2026-08-28T18:57:22Z</time></trkpt><trkpt lat="41.441879" lon="-124.026774"><ele>321.864</ele><time>2026-08-28T18:57:25Z</time></trkpt><trkpt lat="41.441933" lon="-124.026816"><ele>322.218</ele><time>2026-08-28T18:57:30Z</time></trkpt><trkpt lat="41.441991" lon="-124.026872"><ele>322.882</ele><time>2026-08-28T18:57:38Z</time></trkpt><trkpt lat="41.442001" lon="-124.026882"><ele>322.841</ele><time>2026-08-28T18:57:39Z</time></trkpt><trkpt lat="41.442012" lon="-124.026901"><ele>323.076</ele><time>2026-08-28T18:57:41Z</time></trkpt><trkpt lat="41.442014" lon="-124.026953"><ele>323.864</ele><time>2026-08-28T18:57:47Z</time></trkpt><trkpt lat="41.441995" lon="-124.026964"><ele>324.242</ele><time>2026-08-28T18:57:50Z</time></trkpt><trkpt lat="41.441966" lon="-124.02698"><ele>325.010</ele><time>2026-08-28T18:57:54Z</time></trkpt><trkpt lat="41.441925" lon="-124.027031"><ele>325.616</ele><time>2026-08-28T18:57:59Z</time></trkpt><trkpt lat="41.441929" lon="-124.027089"><ele>326.076</ele><time>2026-08-28T18:58:03Z</time></trkpt><trkpt lat="41.441934" lon="-124.027105"><ele>326.013</ele><time>2026-08-28T18:58:04Z</time></trkpt><trkpt lat="41.441946" lon="-124.027147"><ele>325.809</ele><time>2026-08-28T18:58:07Z</time></trkpt><trkpt lat="41.441927" lon="-124.027293"><ele>325.073</ele><time>2026-08-28T18:58:16Z</time></trkpt><trkpt lat="41.441923" lon="-124.027305"><ele>325.079</ele><time>2026-08-28T18:58:17Z</time></trkpt><trkpt lat="41.441902" lon="-124.027417"><ele>325.653</ele><time>2026-08-28T18:58:24Z</time></trkpt><trkpt lat="41.441901" lon="-124.027446"><ele>325.837</ele><time>2026-08-28T18:58:26Z</time></trkpt><trkpt lat="41.441902" lon="-124.027482"><ele>326.046</ele><time>2026-08-28T18:58:28Z</time></trkpt><trkpt lat="41.441941" lon="-124.027571"><ele>326.011</ele><time>2026-08-28T18:58:35Z</time></trkpt><trkpt lat="41.441974" lon="-124.027635"><ele>327.059</ele><time>2026-08-28T18:58:42Z</time></trkpt><trkpt lat="41.441982" lon="-124.027682"><ele>326.887</ele><time>2026-08-28T18:58:46Z</time></trkpt><trkpt lat="41.44198" lon="-124.02772"><ele>325.815</ele><time>2026-08-28T18:58:49Z</time></trkpt><trkpt lat="41.441934" lon="-124.027732"><ele>325.683</ele><time>2026-08-28T18:58:55Z</time></trkpt><trkpt lat="41.441864" lon="-124.027793"><ele>325.225</ele><time>2026-08-28T18:59:03Z</time></trkpt><trkpt lat="41.441846" lon="-124.027837"><ele>324.617</ele><time>2026-08-28T18:59:08Z</time></trkpt><trkpt lat="41.441825" lon="-124.02789"><ele>323.609</ele><time>2026-08-28T18:59:13Z</time></trkpt><trkpt lat="41.441821" lon="-124.027905"><ele>323.460</ele><time>2026-08-28T18:59:14Z</time></trkpt><trkpt lat="41.441807" lon="-124.028006"><ele>322.856</ele><time>2026-08-28T18:59:23Z</time></trkpt><trkpt lat="41.441809" lon="-124.028033"><ele>323.010</ele><time>2026-08-28T18:59:25Z</time></trkpt><trkpt lat="41.441917" lon="-124.028223"><ele>322.624</ele><time>2026-08-28T18:59:35Z</time></trkpt><trkpt lat="41.441928" lon="-124.028242"><ele>322.413</ele><time>2026-08-28T18:59:36Z</time></trkpt><trkpt lat="41.44198" lon="-124.028349"><ele>321.698</ele><time>2026-08-28T18:59:43Z</time></trkpt><trkpt lat="41.442005" lon="-124.028388"><ele>320.876</ele><time>2026-08-28T18:59:47Z</time></trkpt><trkpt lat="41.442013" lon="-124.028406"><ele>320.494</ele><time>2026-08-28T18:59:49Z</time></trkpt><trkpt lat="41.442074" lon="-124.028489"><ele>319.492</ele><time>2026-08-28T18:59:56Z</time></trkpt><trkpt lat="41.442081" lon="-124.028498"><ele>319.216</ele><time>2026-08-28T18:59:57Z</time></trkpt><trkpt lat="41.442181" lon="-124.028569"><ele>318.476</ele><time>2026-08-28T19:00:07Z</time></trkpt><trkpt lat="41.442239" lon="-124.028582"><ele>318.213</ele><time>2026-08-28T19:00:11Z</time></trkpt><trkpt lat="41.442315" lon="-124.028592"><ele>317.809</ele><time>2026-08-28T19:00:16Z</time></trkpt><trkpt lat="41.442382" lon="-124.028611"><ele>317.293</ele><time>2026-08-28T19:00:25Z</time></trkpt><trkpt lat="41.442391" lon="-124.028621"><ele>317.019</ele><time>2026-08-28T19:00:26Z</time></trkpt><trkpt lat="41.442413" lon="-124.028657"><ele>316.213</ele><time>2026-08-28T19:00:30Z</time></trkpt><trkpt lat="41.442428" lon="-124.028695"><ele>315.877</ele><time>2026-08-28T19:00:33Z</time></trkpt><trkpt lat="41.442465" lon="-124.028805"><ele>315.076</ele><time>2026-08-28T19:00:39Z</time></trkpt><trkpt lat="41.442471" lon="-124.028847"><ele>314.661</ele><time>2026-08-28T19:00:42Z</time></trkpt><trkpt lat="41.442473" lon="-124.028943"><ele>313.859</ele><time>2026-08-28T19:00:47Z</time></trkpt><trkpt lat="41.442486" lon="-124.028995"><ele>312.897</ele><time>2026-08-28T19:00:51Z</time></trkpt><trkpt lat="41.442488" lon="-124.029005"><ele>312.675</ele><time>2026-08-28T19:00:52Z</time></trkpt><trkpt lat="41.442501" lon="-124.029083"><ele>311.659</ele><time>2026-08-28T19:00:58Z</time></trkpt><trkpt lat="41.442521" lon="-124.029136"><ele>311.603</ele><time>2026-08-28T19:01:04Z</time></trkpt><trkpt lat="41.442576" lon="-124.029309"><ele>310.623</ele><time>2026-08-28T19:01:15Z</time></trkpt><trkpt lat="41.442584" lon="-124.029327"><ele>310.409</ele><time>2026-08-28T19:01:16Z</time></trkpt><trkpt lat="41.4426" lon="-124.029474"><ele>309.277</ele><time>2026-08-28T19:01:24Z</time></trkpt><trkpt lat="41.442554" lon="-124.02948"><ele>308.023</ele><time>2026-08-28T19:01:29Z</time></trkpt><trkpt lat="41.442537" lon="-124.029488"><ele>307.657</ele><time>2026-08-28T19:01:31Z</time></trkpt><trkpt lat="41.442524" lon="-124.029501"><ele>306.861</ele><time>2026-08-28T19:01:33Z</time></trkpt><trkpt lat="41.442505" lon="-124.029531"><ele>305.840</ele><time>2026-08-28T19:01:37Z</time></trkpt><trkpt lat="41.442505" lon="-124.029597"><ele>305.045</ele><time>2026-08-28T19:01:42Z</time></trkpt><trkpt lat="41.442496" lon="-124.029622"><ele>304.843</ele><time>2026-08-28T19:01:44Z</time></trkpt><trkpt lat="41.442469" lon="-124.029737"><ele>303.691</ele><time>2026-08-28T19:01:50Z</time></trkpt><trkpt lat="41.442468" lon="-124.029757"><ele>303.459</ele><time>2026-08-28T19:01:51Z</time></trkpt><trkpt lat="41.442484" lon="-124.029872"><ele>302.676</ele><time>2026-08-28T19:01:57Z</time></trkpt><trkpt lat="41.442505" lon="-124.029949"><ele>302.490</ele><time>2026-08-28T19:02:01Z</time></trkpt><trkpt lat="41.442504" lon="-124.030082"><ele>301.419</ele><time>2026-08-28T19:02:10Z</time></trkpt><trkpt lat="41.442506" lon="-124.03011"><ele>301.209</ele><time>2026-08-28T19:02:12Z</time></trkpt><trkpt lat="41.442521" lon="-124.030182"><ele>300.489</ele><time>2026-08-28T19:02:16Z</time></trkpt><trkpt lat="41.442574" lon="-124.030245"><ele>299.655</ele><time>2026-08-28T19:02:22Z</time></trkpt><trkpt lat="41.442594" lon="-124.030262"><ele>299.489</ele><time>2026-08-28T19:02:23Z</time></trkpt><trkpt lat="41.442698" lon="-124.030365"><ele>298.653</ele><time>2026-08-28T19:02:30Z</time></trkpt><trkpt lat="41.44271" lon="-124.030375"><ele>298.472</ele><time>2026-08-28T19:02:31Z</time></trkpt><trkpt lat="41.442736" lon="-124.030426"><ele>297.247</ele><time>2026-08-28T19:02:36Z</time></trkpt><trkpt lat="41.442736" lon="-124.030436"><ele>296.845</ele><time>2026-08-28T19:02:38Z</time></trkpt><trkpt lat="41.442759" lon="-124.030497"><ele>296.233</ele><time>2026-08-28T19:02:46Z</time></trkpt><trkpt lat="41.442761" lon="-124.030514"><ele>295.841</ele><time>2026-08-28T19:02:49Z</time></trkpt><trkpt lat="41.442757" lon="-124.030537"><ele>295.058</ele><time>2026-08-28T19:02:52Z</time></trkpt><trkpt lat="41.442751" lon="-124.0306"><ele>293.852</ele><time>2026-08-28T19:02:58Z</time></trkpt><trkpt lat="41.442742" lon="-124.030616"><ele>293.417</ele><time>2026-08-28T19:03:00Z</time></trkpt><trkpt lat="41.442698" lon="-124.030648"><ele>292.809</ele><time>2026-08-28T19:03:05Z</time></trkpt><trkpt lat="41.442666" lon="-124.03068"><ele>292.627</ele><time>2026-08-28T19:03:08Z</time></trkpt><trkpt lat="41.442598" lon="-124.03079"><ele>292.453</ele><time>2026-08-28T19:03:18Z</time></trkpt><trkpt lat="41.442548" lon="-124.030849"><ele>291.887</ele><time>2026-08-28T19:03:27Z</time></trkpt><trkpt lat="41.442545" lon="-124.030837"><ele>291.631</ele><time>2026-08-28T19:03:28Z</time></trkpt><trkpt lat="41.44253" lon="-124.030802"><ele>291.270</ele><time>2026-08-28T19:03:31Z</time></trkpt><trkpt lat="41.4425" lon="-124.030786"><ele>290.485</ele><time>2026-08-28T19:03:34Z</time></trkpt><trkpt lat="41.442488" lon="-124.030778"><ele>290.253</ele><time>2026-08-28T19:03:35Z</time></trkpt><trkpt lat="41.442471" lon="-124.030756"><ele>289.491</ele><time>2026-08-28T19:03:39Z</time></trkpt><trkpt lat="41.442495" lon="-124.030771"><ele>289.419</ele><time>2026-08-28T19:03:43Z</time></trkpt><trkpt lat="41.442501" lon="-124.030768"><ele>289.432</ele><time>2026-08-28T19:03:45Z</time></trkpt><trkpt lat="41.442486" lon="-124.030747"><ele>289.492</ele><time>2026-08-28T19:03:48Z</time></trkpt><trkpt lat="41.442466" lon="-124.030723"><ele>289.211</ele><time>2026-08-28T19:03:50Z</time></trkpt><trkpt lat="41.442426" lon="-124.030668"><ele>288.409</ele><time>2026-08-28T19:03:55Z</time></trkpt><trkpt lat="41.442395" lon="-124.030682"><ele>287.625</ele><time>2026-08-28T19:04:00Z</time></trkpt><trkpt lat="41.442393" lon="-124.030695"><ele>287.261</ele><time>2026-08-28T19:04:01Z</time></trkpt><trkpt lat="41.442371" lon="-124.030747"><ele>286.685</ele><time>2026-08-28T19:04:05Z</time></trkpt><trkpt lat="41.442356" lon="-124.030781"><ele>286.299</ele><time>2026-08-28T19:04:07Z</time></trkpt><trkpt lat="41.442342" lon="-124.030809"><ele>286.058</ele><time>2026-08-28T19:04:09Z</time></trkpt><trkpt lat="41.442253" lon="-124.030865"><ele>285.263</ele><time>2026-08-28T19:04:18Z</time></trkpt><trkpt lat="41.442215" lon="-124.030899"><ele>284.041</ele><time>2026-08-28T19:04:23Z</time></trkpt><trkpt lat="41.442169" lon="-124.030932"><ele>283.069</ele><time>2026-08-28T19:04:28Z</time></trkpt><trkpt lat="41.442062" lon="-124.031032"><ele>282.677</ele><time>2026-08-28T19:04:38Z</time></trkpt><trkpt lat="41.441979" lon="-124.031065"><ele>281.813</ele><time>2026-08-28T19:04:44Z</time></trkpt><trkpt lat="41.441952" lon="-124.031085"><ele>280.843</ele><time>2026-08-28T19:04:47Z</time></trkpt><trkpt lat="41.441938" lon="-124.031103"><ele>280.207</ele><time>2026-08-28T19:04:49Z</time></trkpt><trkpt lat="41.441922" lon="-124.03112"><ele>279.609</ele><time>2026-08-28T19:04:51Z</time></trkpt><trkpt lat="41.441865" lon="-124.031161"><ele>278.663</ele><time>2026-08-28T19:04:57Z</time></trkpt><trkpt lat="41.441857" lon="-124.031167"><ele>278.689</ele><time>2026-08-28T19:04:58Z</time></trkpt><trkpt lat="41.44176" lon="-124.031262"><ele>279.473</ele><time>2026-08-28T19:05:07Z</time></trkpt><trkpt lat="41.44175" lon="-124.031277"><ele>279.657</ele><time>2026-08-28T19:05:08Z</time></trkpt><trkpt lat="41.441711" lon="-124.031398"><ele>279.846</ele><time>2026-08-28T19:05:16Z</time></trkpt><trkpt lat="41.441657" lon="-124.031534"><ele>278.891</ele><time>2026-08-28T19:05:27Z</time></trkpt><trkpt lat="41.441639" lon="-124.031562"><ele>278.669</ele><time>2026-08-28T19:05:30Z</time></trkpt><trkpt lat="41.441595" lon="-124.031628"><ele>277.617</ele><time>2026-08-28T19:05:36Z</time></trkpt><trkpt lat="41.441587" lon="-124.031643"><ele>277.695</ele><time>2026-08-28T19:05:37Z</time></trkpt><trkpt lat="41.44153" lon="-124.031776"><ele>277.258</ele><time>2026-08-28T19:05:47Z</time></trkpt><trkpt lat="41.441518" lon="-124.031831"><ele>276.452</ele><time>2026-08-28T19:05:51Z</time></trkpt><trkpt lat="41.441494" lon="-124.031901"><ele>275.617</ele><time>2026-08-28T19:05:55Z</time></trkpt><trkpt lat="41.44149" lon="-124.031923"><ele>275.409</ele><time>2026-08-28T19:05:56Z</time></trkpt><trkpt lat="41.4415" lon="-124.032073"><ele>276.027</ele><time>2026-08-28T19:06:05Z</time></trkpt><trkpt lat="41.441509" lon="-124.032111"><ele>276.473</ele><time>2026-08-28T19:06:08Z</time></trkpt><trkpt lat="41.441497" lon="-124.03218"><ele>277.637</ele><time>2026-08-28T19:06:15Z</time></trkpt><trkpt lat="41.44149" lon="-124.032192"><ele>277.831</ele><time>2026-08-28T19:06:16Z</time></trkpt><trkpt lat="41.441483" lon="-124.032209"><ele>277.810</ele><time>2026-08-28T19:06:18Z</time></trkpt><trkpt lat="41.441449" lon="-124.032238"><ele>278.275</ele><time>2026-08-28T19:06:22Z</time></trkpt><trkpt lat="41.441406" lon="-124.032254"><ele>278.643</ele><time>2026-08-28T19:06:27Z</time></trkpt><trkpt lat="41.441398" lon="-124.032255"><ele>278.631</ele><time>2026-08-28T19:06:28Z</time></trkpt><trkpt lat="41.441315" lon="-124.032312"><ele>278.279</ele><time>2026-08-28T19:06:37Z</time></trkpt><trkpt lat="41.441293" lon="-124.032336"><ele>277.616</ele><time>2026-08-28T19:06:40Z</time></trkpt><trkpt lat="41.441263" lon="-124.03237"><ele>276.476</ele><time>2026-08-28T19:06:45Z</time></trkpt><trkpt lat="41.441251" lon="-124.032397"><ele>275.813</ele><time>2026-08-28T19:06:48Z</time></trkpt><trkpt lat="41.441235" lon="-124.032423"><ele>275.409</ele><time>2026-08-28T19:06:50Z</time></trkpt><trkpt lat="41.441193" lon="-124.032505"><ele>274.413</ele><time>2026-08-28T19:06:57Z</time></trkpt><trkpt lat="41.441184" lon="-124.032499"><ele>273.299</ele><time>2026-08-28T19:07:01Z</time></trkpt><trkpt lat="41.441174" lon="-124.032482"><ele>272.413</ele><time>2026-08-28T19:07:05Z</time></trkpt><trkpt lat="41.441165" lon="-124.032483"><ele>272.097</ele><time>2026-08-28T19:07:06Z</time></trkpt><trkpt lat="41.441105" lon="-124.032497"><ele>271.226</ele><time>2026-08-28T19:07:11Z</time></trkpt><trkpt lat="41.441097" lon="-124.032495"><ele>271.051</ele><time>2026-08-28T19:07:12Z</time></trkpt><trkpt lat="41.441077" lon="-124.032482"><ele>270.419</ele><time>2026-08-28T19:07:14Z</time></trkpt><trkpt lat="41.441076" lon="-124.03247"><ele>269.827</ele><time>2026-08-28T19:07:16Z</time></trkpt><trkpt lat="41.441086" lon="-124.032444"><ele>269.285</ele><time>2026-08-28T19:07:19Z</time></trkpt><trkpt lat="41.441105" lon="-124.032406"><ele>268.676</ele><time>2026-08-28T19:07:21Z</time></trkpt><trkpt lat="41.441111" lon="-124.0324"><ele>268.690</ele><time>2026-08-28T19:07:22Z</time></trkpt><trkpt lat="41.441139" lon="-124.032366"><ele>267.619</ele><time>2026-08-28T19:07:26Z</time></trkpt><trkpt lat="41.441164" lon="-124.032298"><ele>266.609</ele><time>2026-08-28T19:07:34Z</time></trkpt><trkpt lat="41.441166" lon="-124.032286"><ele>266.689</ele><time>2026-08-28T19:07:35Z</time></trkpt><trkpt lat="41.441168" lon="-124.032201"><ele>265.625</ele><time>2026-08-28T19:07:40Z</time></trkpt><trkpt lat="41.441156" lon="-124.032132"><ele>264.429</ele><time>2026-08-28T19:07:46Z</time></trkpt><trkpt lat="41.441133" lon="-124.032108"><ele>263.813</ele><time>2026-08-28T19:07:48Z</time></trkpt><trkpt lat="41.441118" lon="-124.032099"><ele>263.462</ele><time>2026-08-28T19:07:50Z</time></trkpt><trkpt lat="41.441055" lon="-124.032084"><ele>262.427</ele><time>2026-08-28T19:07:56Z</time></trkpt><trkpt lat="41.440999" lon="-124.032107"><ele>261.265</ele><time>2026-08-28T19:08:00Z</time></trkpt><trkpt lat="41.440948" lon="-124.032125"><ele>260.043</ele><time>2026-08-28T19:08:04Z</time></trkpt><trkpt lat="41.440912" lon="-124.032137"><ele>259.651</ele><time>2026-08-28T19:08:08Z</time></trkpt><trkpt lat="41.440864" lon="-124.032149"><ele>259.097</ele><time>2026-08-28T19:08:14Z</time></trkpt><trkpt lat="41.440832" lon="-124.032169"><ele>257.823</ele><time>2026-08-28T19:08:19Z</time></trkpt><trkpt lat="41.440811" lon="-124.032187"><ele>257.025</ele><time>2026-08-28T19:08:22Z</time></trkpt><trkpt lat="41.440799" lon="-124.032204"><ele>256.609</ele><time>2026-08-28T19:08:24Z</time></trkpt><trkpt lat="41.440756" lon="-124.032228"><ele>255.621</ele><time>2026-08-28T19:08:30Z</time></trkpt><trkpt lat="41.440673" lon="-124.032294"><ele>255.067</ele><time>2026-08-28T19:08:37Z</time></trkpt><trkpt lat="41.440633" lon="-124.032334"><ele>254.451</ele><time>2026-08-28T19:08:41Z</time></trkpt><trkpt lat="41.440601" lon="-124.032351"><ele>253.845</ele><time>2026-08-28T19:08:44Z</time></trkpt><trkpt lat="41.440575" lon="-124.032372"><ele>253.424</ele><time>2026-08-28T19:08:47Z</time></trkpt><trkpt lat="41.440545" lon="-124.032413"><ele>252.429</ele><time>2026-08-28T19:08:52Z</time></trkpt><trkpt lat="41.440499" lon="-124.032465"><ele>251.267</ele><time>2026-08-28T19:08:56Z</time></trkpt><trkpt lat="41.44048" lon="-124.032494"><ele>250.845</ele><time>2026-08-28T19:08:58Z</time></trkpt><trkpt lat="41.440407" lon="-124.032578"><ele>250.273</ele><time>2026-08-28T19:09:06Z</time></trkpt><trkpt lat="41.440359" lon="-124.03264"><ele>249.246</ele><time>2026-08-28T19:09:11Z</time></trkpt><trkpt lat="41.440312" lon="-124.032702"><ele>248.688</ele><time>2026-08-28T19:09:16Z</time></trkpt><trkpt lat="41.440231" lon="-124.032818"><ele>249.416</ele><time>2026-08-28T19:09:29Z</time></trkpt><trkpt lat="41.440127" lon="-124.032874"><ele>248.209</ele><time>2026-08-28T19:09:37Z</time></trkpt><trkpt lat="41.440115" lon="-124.032876"><ele>248.016</ele><time>2026-08-28T19:09:39Z</time></trkpt><trkpt lat="41.440064" lon="-124.032904"><ele>247.862</ele><time>2026-08-28T19:09:45Z</time></trkpt><trkpt lat="41.440042" lon="-124.032904"><ele>247.616</ele><time>2026-08-28T19:09:49Z</time></trkpt><trkpt lat="41.439999" lon="-124.032917"><ele>246.850</ele><time>2026-08-28T19:09:53Z</time></trkpt><trkpt lat="41.439945" lon="-124.032937"><ele>246.229</ele><time>2026-08-28T19:09:56Z</time></trkpt><trkpt lat="41.439917" lon="-124.032947"><ele>245.894</ele><time>2026-08-28T19:09:58Z</time></trkpt><trkpt lat="41.439834" lon="-124.032964"><ele>244.862</ele><time>2026-08-28T19:10:02Z</time></trkpt><trkpt lat="41.439778" lon="-124.033"><ele>243.860</ele><time>2026-08-28T19:10:07Z</time></trkpt><trkpt lat="41.43977" lon="-124.033024"><ele>243.878</ele><time>2026-08-28T19:10:10Z</time></trkpt><trkpt lat="41.439769" lon="-124.033027"><ele>243.614</ele><time>2026-08-28T19:10:11Z</time></trkpt><trkpt lat="41.439788" lon="-124.033018"><ele>242.854</ele><time>2026-08-28T19:10:16Z</time></trkpt><trkpt lat="41.439789" lon="-124.033008"><ele>242.609</ele><time>2026-08-28T19:10:17Z</time></trkpt><trkpt lat="41.439792" lon="-124.032998"><ele>242.609</ele><time>2026-08-28T19:10:18Z</time></trkpt><trkpt lat="41.439789" lon="-124.03294"><ele>241.853</ele><time>2026-08-28T19:10:26Z</time></trkpt><trkpt lat="41.439784" lon="-124.03294"><ele>241.689</ele><time>2026-08-28T19:10:27Z</time></trkpt><trkpt lat="41.439746" lon="-124.032972"><ele>240.673</ele><time>2026-08-28T19:10:33Z</time></trkpt><trkpt lat="41.439725" lon="-124.033004"><ele>240.097</ele><time>2026-08-28T19:10:37Z</time></trkpt><trkpt lat="41.439681" lon="-124.033042"><ele>239.476</ele><time>2026-08-28T19:10:43Z</time></trkpt><trkpt lat="41.439644" lon="-124.033077"><ele>238.621</ele><time>2026-08-28T19:10:47Z</time></trkpt><trkpt lat="41.439621" lon="-124.033098"><ele>238.289</ele><time>2026-08-28T19:10:50Z</time></trkpt><trkpt lat="41.439577" lon="-124.033143"><ele>237.217</ele><time>2026-08-28T19:10:54Z</time></trkpt><trkpt lat="41.439562" lon="-124.033176"><ele>236.275</ele><time>2026-08-28T19:10:57Z</time></trkpt><trkpt lat="41.439555" lon="-124.033228"><ele>236.048</ele><time>2026-08-28T19:11:02Z</time></trkpt><trkpt lat="41.439553" lon="-124.033287"><ele>235.461</ele><time>2026-08-28T19:11:06Z</time></trkpt><trkpt lat="41.439583" lon="-124.033376"><ele>235.617</ele><time>2026-08-28T19:11:15Z</time></trkpt><trkpt lat="41.439622" lon="-124.033443"><ele>236.409</ele><time>2026-08-28T19:11:21Z</time></trkpt><trkpt lat="41.43962" lon="-124.033472"><ele>237.066</ele><time>2026-08-28T19:11:30Z</time></trkpt><trkpt lat="41.439619" lon="-124.033481"><ele>237.072</ele><time>2026-08-28T19:11:31Z</time></trkpt><trkpt lat="41.439622" lon="-124.033495"><ele>237.276</ele><time>2026-08-28T19:11:33Z</time></trkpt><trkpt lat="41.439638" lon="-124.033564"><ele>237.480</ele><time>2026-08-28T19:11:39Z</time></trkpt><trkpt lat="41.43966" lon="-124.033611"><ele>237.499</ele><time>2026-08-28T19:11:42Z</time></trkpt><trkpt lat="41.43967" lon="-124.03367"><ele>237.254</ele><time>2026-08-28T19:11:46Z</time></trkpt><trkpt lat="41.439629" lon="-124.033726"><ele>236.872</ele><time>2026-08-28T19:11:53Z</time></trkpt><trkpt lat="41.439593" lon="-124.033715"><ele>236.090</ele><time>2026-08-28T19:12:00Z</time></trkpt><trkpt lat="41.439575" lon="-124.033724"><ele>236.018</ele><time>2026-08-28T19:12:02Z</time></trkpt><trkpt lat="41.439487" lon="-124.033788"><ele>237.267</ele><time>2026-08-28T19:12:12Z</time></trkpt><trkpt lat="41.439429" lon="-124.0339"><ele>238.281</ele><time>2026-08-28T19:12:22Z</time></trkpt><trkpt lat="41.439429" lon="-124.034004"><ele>239.019</ele><time>2026-08-28T19:12:28Z</time></trkpt><trkpt lat="41.439429" lon="-124.034018"><ele>239.009</ele><time>2026-08-28T19:12:29Z</time></trkpt><trkpt lat="41.439427" lon="-124.034081"><ele>238.658</ele><time>2026-08-28T19:12:34Z</time></trkpt><trkpt lat="41.439423" lon="-124.034143"><ele>238.024</ele><time>2026-08-28T19:12:39Z</time></trkpt><trkpt lat="41.43941" lon="-124.03416"><ele>237.268</ele><time>2026-08-28T19:12:42Z</time></trkpt><trkpt lat="41.439393" lon="-124.034157"><ele>236.422</ele><time>2026-08-28T19:12:44Z</time></trkpt><trkpt lat="41.43938" lon="-124.034161"><ele>236.071</ele><time>2026-08-28T19:12:46Z</time></trkpt><trkpt lat="41.43937" lon="-124.034169"><ele>235.886</ele><time>2026-08-28T19:12:47Z</time></trkpt><trkpt lat="41.439299" lon="-124.034212"><ele>237.094</ele><time>2026-08-28T19:12:54Z</time></trkpt><trkpt lat="41.439281" lon="-124.034211"><ele>237.442</ele><time>2026-08-28T19:12:57Z</time></trkpt><trkpt lat="41.43919" lon="-124.034228"><ele>238.060</ele><time>2026-08-28T19:13:05Z</time></trkpt><trkpt lat="41.43917" lon="-124.034234"><ele>238.486</ele><time>2026-08-28T19:13:07Z</time></trkpt><trkpt lat="41.439151" lon="-124.034286"><ele>238.660</ele><time>2026-08-28T19:13:11Z</time></trkpt><trkpt lat="41.439143" lon="-124.034303"><ele>238.826</ele><time>2026-08-28T19:13:13Z</time></trkpt><trkpt lat="41.439138" lon="-124.03433"><ele>239.009</ele><time>2026-08-28T19:13:15Z</time></trkpt><trkpt lat="41.439119" lon="-124.034388"><ele>239.450</ele><time>2026-08-28T19:13:19Z</time></trkpt><trkpt lat="41.439077" lon="-124.034481"><ele>240.086</ele><time>2026-08-28T19:13:26Z</time></trkpt><trkpt lat="41.439033" lon="-124.034512"><ele>240.670</ele><time>2026-08-28T19:13:33Z</time></trkpt><trkpt lat="41.43891" lon="-124.034581"><ele>241.094</ele><time>2026-08-28T19:13:46Z</time></trkpt><trkpt lat="41.438898" lon="-124.034609"><ele>240.833</ele><time>2026-08-28T19:13:50Z</time></trkpt><trkpt lat="41.438911" lon="-124.034643"><ele>240.838</ele><time>2026-08-28T19:13:51Z</time></trkpt><trkpt lat="41.438913" lon="-124.03466"><ele>240.856</ele><time>2026-08-28T19:13:52Z</time></trkpt><trkpt lat="41.438915" lon="-124.03471"><ele>241.034</ele><time>2026-08-28T19:13:55Z</time></trkpt><trkpt lat="41.438918" lon="-124.034733"><ele>241.062</ele><time>2026-08-28T19:13:56Z</time></trkpt><trkpt lat="41.438922" lon="-124.034776"><ele>241.438</ele><time>2026-08-28T19:13:59Z</time></trkpt><trkpt lat="41.438919" lon="-124.034811"><ele>241.470</ele><time>2026-08-28T19:14:01Z</time></trkpt><trkpt lat="41.438917" lon="-124.034827"><ele>241.217</ele><time>2026-08-28T19:14:02Z</time></trkpt><trkpt lat="41.438926" lon="-124.034925"><ele>241.609</ele><time>2026-08-28T19:14:10Z</time></trkpt><trkpt lat="41.438936" lon="-124.034996"><ele>242.285</ele><time>2026-08-28T19:14:14Z</time></trkpt><trkpt lat="41.43893" lon="-124.035086"><ele>242.871</ele><time>2026-08-28T19:14:19Z</time></trkpt><trkpt lat="41.438931" lon="-124.035099"><ele>243.275</ele><time>2026-08-28T19:14:21Z</time></trkpt><trkpt lat="41.438931" lon="-124.035142"><ele>244.429</ele><time>2026-08-28T19:14:27Z</time></trkpt><trkpt lat="41.43892" lon="-124.03515"><ele>245.018</ele><time>2026-08-28T19:14:30Z</time></trkpt><trkpt lat="41.438889" lon="-124.035115"><ele>245.433</ele><time>2026-08-28T19:14:36Z</time></trkpt><trkpt lat="41.438879" lon="-124.035111"><ele>245.461</ele><time>2026-08-28T19:14:37Z</time></trkpt><trkpt lat="41.438858" lon="-124.0351"><ele>245.829</ele><time>2026-08-28T19:14:39Z</time></trkpt><trkpt lat="41.438836" lon="-124.035082"><ele>246.617</ele><time>2026-08-28T19:14:44Z</time></trkpt><trkpt lat="41.438826" lon="-124.035067"><ele>246.836</ele><time>2026-08-28T19:14:48Z</time></trkpt><trkpt lat="41.438821" lon="-124.035065"><ele>246.817</ele><time>2026-08-28T19:14:50Z</time></trkpt><trkpt lat="41.438803" lon="-124.035055"><ele>247.818</ele><time>2026-08-28T19:14:55Z</time></trkpt><trkpt lat="41.438768" lon="-124.035048"><ele>248.209</ele><time>2026-08-28T19:15:01Z</time></trkpt><trkpt lat="41.438635" lon="-124.035"><ele>247.485</ele><time>2026-08-28T19:15:11Z</time></trkpt><trkpt lat="41.438604" lon="-124.034978"><ele>246.881</ele><time>2026-08-28T19:15:13Z</time></trkpt><trkpt lat="41.438563" lon="-124.034938"><ele>245.485</ele><time>2026-08-28T19:15:17Z</time></trkpt><trkpt lat="41.438529" lon="-124.034902"><ele>244.699</ele><time>2026-08-28T19:15:21Z</time></trkpt><trkpt lat="41.438524" lon="-124.034896"><ele>244.468</ele><time>2026-08-28T19:15:22Z</time></trkpt><trkpt lat="41.438476" lon="-124.03487"><ele>244.843</ele><time>2026-08-28T19:15:27Z</time></trkpt><trkpt lat="41.438445" lon="-124.034863"><ele>245.091</ele><time>2026-08-28T19:15:30Z</time></trkpt><trkpt lat="41.43833" lon="-124.034868"><ele>243.889</ele><time>2026-08-28T19:15:40Z</time></trkpt><trkpt lat="41.438279" lon="-124.034868"><ele>243.417</ele><time>2026-08-28T19:15:42Z</time></trkpt><trkpt lat="41.438223" lon="-124.034872"><ele>242.296</ele><time>2026-08-28T19:15:46Z</time></trkpt><trkpt lat="41.438174" lon="-124.034904"><ele>241.031</ele><time>2026-08-28T19:15:51Z</time></trkpt><trkpt lat="41.438151" lon="-124.034928"><ele>241.624</ele><time>2026-08-28T19:15:55Z</time></trkpt><trkpt lat="41.438116" lon="-124.035005"><ele>241.409</ele><time>2026-08-28T19:16:01Z</time></trkpt><trkpt lat="41.43812" lon="-124.0351"><ele>242.271</ele><time>2026-08-28T19:16:07Z</time></trkpt><trkpt lat="41.438121" lon="-124.0352"><ele>242.687</ele><time>2026-08-28T19:16:15Z</time></trkpt><trkpt lat="41.438108" lon="-124.03526"><ele>242.621</ele><time>2026-08-28T19:16:21Z</time></trkpt><trkpt lat="41.438105" lon="-124.035278"><ele>242.625</ele><time>2026-08-28T19:16:22Z</time></trkpt><trkpt lat="41.438106" lon="-124.035297"><ele>242.644</ele><time>2026-08-28T19:16:23Z</time></trkpt><trkpt lat="41.438078" lon="-124.035397"><ele>242.849</ele><time>2026-08-28T19:16:28Z</time></trkpt><trkpt lat="41.438062" lon="-124.035496"><ele>243.277</ele><time>2026-08-28T19:16:34Z</time></trkpt><trkpt lat="41.438059" lon="-124.035515"><ele>243.225</ele><time>2026-08-28T19:16:35Z</time></trkpt><trkpt lat="41.438044" lon="-124.03559"><ele>244.263</ele><time>2026-08-28T19:16:42Z</time></trkpt><trkpt lat="41.438044" lon="-124.035597"><ele>244.482</ele><time>2026-08-28T19:16:43Z</time></trkpt><trkpt lat="41.438026" lon="-124.035688"><ele>245.443</ele><time>2026-08-28T19:16:52Z</time></trkpt><trkpt lat="41.438022" lon="-124.035706"><ele>245.617</ele><time>2026-08-28T19:16:54Z</time></trkpt><trkpt lat="41.438009" lon="-124.03574"><ele>245.409</ele><time>2026-08-28T19:16:56Z</time></trkpt><trkpt lat="41.437969" lon="-124.035817"><ele>244.820</ele><time>2026-08-28T19:17:03Z</time></trkpt><trkpt lat="41.437917" lon="-124.035889"><ele>246.656</ele><time>2026-08-28T19:17:10Z</time></trkpt><trkpt lat="41.437908" lon="-124.035909"><ele>247.240</ele><time>2026-08-28T19:17:12Z</time></trkpt><trkpt lat="41.437899" lon="-124.035927"><ele>247.694</ele><time>2026-08-28T19:17:14Z</time></trkpt><trkpt lat="41.437896" lon="-124.035929"><ele>247.813</ele><time>2026-08-28T19:17:15Z</time></trkpt><trkpt lat="41.437902" lon="-124.035899"><ele>248.868</ele><time>2026-08-28T19:17:20Z</time></trkpt><trkpt lat="41.437897" lon="-124.035867"><ele>249.876</ele><time>2026-08-28T19:17:24Z</time></trkpt><trkpt lat="41.437898" lon="-124.035859"><ele>250.064</ele><time>2026-08-28T19:17:25Z</time></trkpt><trkpt lat="41.437888" lon="-124.035824"><ele>250.672</ele><time>2026-08-28T19:17:29Z</time></trkpt><trkpt lat="41.437884" lon="-124.035821"><ele>251.041</ele><time>2026-08-28T19:17:30Z</time></trkpt><trkpt lat="41.437862" lon="-124.035802"><ele>251.881</ele><time>2026-08-28T19:17:34Z</time></trkpt><trkpt lat="41.43785" lon="-124.035796"><ele>252.009</ele><time>2026-08-28T19:17:36Z</time></trkpt><trkpt lat="41.437829" lon="-124.035793"><ele>252.609</ele><time>2026-08-28T19:17:40Z</time></trkpt><trkpt lat="41.437811" lon="-124.035795"><ele>253.056</ele><time>2026-08-28T19:17:44Z</time></trkpt><trkpt lat="41.43781" lon="-124.035791"><ele>253.252</ele><time>2026-08-28T19:17:45Z</time></trkpt><trkpt lat="41.437782" lon="-124.035701"><ele>253.856</ele><time>2026-08-28T19:17:56Z</time></trkpt><trkpt lat="41.437766" lon="-124.035687"><ele>254.030</ele><time>2026-08-28T19:17:59Z</time></trkpt><trkpt lat="41.437746" lon="-124.035643"><ele>253.469</ele><time>2026-08-28T19:18:05Z</time></trkpt><trkpt lat="41.437729" lon="-124.035584"><ele>253.034</ele><time>2026-08-28T19:18:12Z</time></trkpt><trkpt lat="41.437727" lon="-124.035573"><ele>252.892</ele><time>2026-08-28T19:18:13Z</time></trkpt><trkpt lat="41.437715" lon="-124.035528"><ele>252.080</ele><time>2026-08-28T19:18:16Z</time></trkpt><trkpt lat="41.437692" lon="-124.03547"><ele>250.888</ele><time>2026-08-28T19:18:20Z</time></trkpt><trkpt lat="41.437681" lon="-124.035452"><ele>250.648</ele><time>2026-08-28T19:18:21Z</time></trkpt><trkpt lat="41.437654" lon="-124.035412"><ele>249.861</ele><time>2026-08-28T19:18:24Z</time></trkpt><trkpt lat="41.437645" lon="-124.035382"><ele>249.017</ele><time>2026-08-28T19:18:27Z</time></trkpt><trkpt lat="41.437641" lon="-124.035371"><ele>248.809</ele><time>2026-08-28T19:18:28Z</time></trkpt><trkpt lat="41.437635" lon="-124.03534"><ele>247.646</ele><time>2026-08-28T19:18:32Z</time></trkpt><trkpt lat="41.437613" lon="-124.035295"><ele>246.872</ele><time>2026-08-28T19:18:36Z</time></trkpt><trkpt lat="41.437611" lon="-124.035288"><ele>246.656</ele><time>2026-08-28T19:18:37Z</time></trkpt><trkpt lat="41.437565" lon="-124.035243"><ele>245.460</ele><time>2026-08-28T19:18:44Z</time></trkpt><trkpt lat="41.437555" lon="-124.035237"><ele>245.219</ele><time>2026-08-28T19:18:45Z</time></trkpt><trkpt lat="41.4375" lon="-124.035226"><ele>244.474</ele><time>2026-08-28T19:18:49Z</time></trkpt><trkpt lat="41.437457" lon="-124.03523"><ele>243.832</ele><time>2026-08-28T19:18:52Z</time></trkpt><trkpt lat="41.437409" lon="-124.035243"><ele>243.820</ele><time>2026-08-28T19:18:57Z</time></trkpt><trkpt lat="41.4374" lon="-124.035246"><ele>243.828</ele><time>2026-08-28T19:18:58Z</time></trkpt><trkpt lat="41.437393" lon="-124.035249"><ele>244.049</ele><time>2026-08-28T19:18:59Z</time></trkpt><trkpt lat="41.437385" lon="-124.035251"><ele>244.202</ele><time>2026-08-28T19:19:00Z</time></trkpt><trkpt lat="41.43733" lon="-124.035277"><ele>245.622</ele><time>2026-08-28T19:19:07Z</time></trkpt><trkpt lat="41.437279" lon="-124.035311"><ele>246.209</ele><time>2026-08-28T19:19:11Z</time></trkpt><trkpt lat="41.43725" lon="-124.035324"><ele>246.496</ele><time>2026-08-28T19:19:13Z</time></trkpt><trkpt lat="41.437241" lon="-124.03533"><ele>246.672</ele><time>2026-08-28T19:19:14Z</time></trkpt><trkpt lat="41.437216" lon="-124.035354"><ele>246.856</ele><time>2026-08-28T19:19:17Z</time></trkpt><trkpt lat="41.437198" lon="-124.035403"><ele>247.290</ele><time>2026-08-28T19:19:21Z</time></trkpt><trkpt lat="41.437198" lon="-124.035452"><ele>247.629</ele><time>2026-08-28T19:19:25Z</time></trkpt><trkpt lat="41.437201" lon="-124.035463"><ele>247.844</ele><time>2026-08-28T19:19:26Z</time></trkpt><trkpt lat="41.437206" lon="-124.035519"><ele>248.422</ele><time>2026-08-28T19:19:30Z</time></trkpt><trkpt lat="41.437204" lon="-124.03553"><ele>248.650</ele><time>2026-08-28T19:19:31Z</time></trkpt><trkpt lat="41.437202" lon="-124.035565"><ele>248.848</ele><time>2026-08-28T19:19:33Z</time></trkpt><trkpt lat="41.437191" lon="-124.035631"><ele>248.467</ele><time>2026-08-28T19:19:37Z</time></trkpt><trkpt lat="41.437187" lon="-124.035678"><ele>247.681</ele><time>2026-08-28T19:19:40Z</time></trkpt><trkpt lat="41.437185" lon="-124.035685"><ele>247.219</ele><time>2026-08-28T19:19:41Z</time></trkpt><trkpt lat="41.43718" lon="-124.035708"><ele>246.209</ele><time>2026-08-28T19:19:44Z</time></trkpt><trkpt lat="41.437156" lon="-124.035826"><ele>245.218</ele><time>2026-08-28T19:19:50Z</time></trkpt><trkpt lat="41.437155" lon="-124.035847"><ele>245.044</ele><time>2026-08-28T19:19:51Z</time></trkpt><trkpt lat="41.43715" lon="-124.035952"><ele>244.698</ele><time>2026-08-28T19:19:56Z</time></trkpt><trkpt lat="41.437151" lon="-124.036018"><ele>244.452</ele><time>2026-08-28T19:20:00Z</time></trkpt><trkpt lat="41.43715" lon="-124.036039"><ele>244.461</ele><time>2026-08-28T19:20:01Z</time></trkpt><trkpt lat="41.437124" lon="-124.036114"><ele>244.816</ele><time>2026-08-28T19:20:08Z</time></trkpt><trkpt lat="41.437064" lon="-124.036138"><ele>246.274</ele><time>2026-08-28T19:20:16Z</time></trkpt><trkpt lat="41.436971" lon="-124.03609"><ele>246.272</ele><time>2026-08-28T19:20:26Z</time></trkpt><trkpt lat="41.436891" lon="-124.036047"><ele>246.620</ele><time>2026-08-28T19:20:35Z</time></trkpt><trkpt lat="41.436868" lon="-124.036032"><ele>247.232</ele><time>2026-08-28T19:20:37Z</time></trkpt><trkpt lat="41.436799" lon="-124.035989"><ele>247.892</ele><time>2026-08-28T19:20:43Z</time></trkpt><trkpt lat="41.436756" lon="-124.035964"><ele>248.411</ele><time>2026-08-28T19:20:47Z</time></trkpt><trkpt lat="41.436713" lon="-124.035952"><ele>249.409</ele><time>2026-08-28T19:20:53Z</time></trkpt><trkpt lat="41.436617" lon="-124.035921"><ele>250.485</ele><time>2026-08-28T19:21:02Z</time></trkpt><trkpt lat="41.43653" lon="-124.035923"><ele>248.691</ele><time>2026-08-28T19:21:12Z</time></trkpt><trkpt lat="41.436519" lon="-124.035929"><ele>248.235</ele><time>2026-08-28T19:21:13Z</time></trkpt><trkpt lat="41.436508" lon="-124.035937"><ele>247.879</ele><time>2026-08-28T19:21:14Z</time></trkpt><trkpt lat="41.436497" lon="-124.035944"><ele>247.678</ele><time>2026-08-28T19:21:15Z</time></trkpt><trkpt lat="41.436483" lon="-124.035954"><ele>247.493</ele><time>2026-08-28T19:21:16Z</time></trkpt><trkpt lat="41.436475" lon="-124.035961"><ele>247.251</ele><time>2026-08-28T19:21:17Z</time></trkpt><trkpt lat="41.436453" lon="-124.035996"><ele>246.619</ele><time>2026-08-28T19:21:21Z</time></trkpt><trkpt lat="41.436358" lon="-124.036113"><ele>247.087</ele><time>2026-08-28T19:21:30Z</time></trkpt><trkpt lat="41.436253" lon="-124.036166"><ele>246.285</ele><time>2026-08-28T19:21:38Z</time></trkpt><trkpt lat="41.436244" lon="-124.036175"><ele>246.089</ele><time>2026-08-28T19:21:39Z</time></trkpt><trkpt lat="41.436194" lon="-124.03623"><ele>245.017</ele><time>2026-08-28T19:21:45Z</time></trkpt><trkpt lat="41.436165" lon="-124.03628"><ele>244.209</ele><time>2026-08-28T19:21:49Z</time></trkpt><trkpt lat="41.436158" lon="-124.036296"><ele>244.060</ele><time>2026-08-28T19:21:50Z</time></trkpt><trkpt lat="41.43615" lon="-124.036356"><ele>244.036</ele><time>2026-08-28T19:21:54Z</time></trkpt><trkpt lat="41.43615" lon="-124.036426"><ele>243.280</ele><time>2026-08-28T19:21:58Z</time></trkpt><trkpt lat="41.436149" lon="-124.036446"><ele>242.864</ele><time>2026-08-28T19:21:59Z</time></trkpt><trkpt lat="41.436175" lon="-124.036531"><ele>241.823</ele><time>2026-08-28T19:22:04Z</time></trkpt><trkpt lat="41.436224" lon="-124.036595"><ele>241.258</ele><time>2026-08-28T19:22:09Z</time></trkpt><trkpt lat="41.436308" lon="-124.036671"><ele>241.046</ele><time>2026-08-28T19:22:19Z</time></trkpt><trkpt lat="41.436411" lon="-124.036801"><ele>240.814</ele><time>2026-08-28T19:22:29Z</time></trkpt><trkpt lat="41.436478" lon="-124.036914"><ele>240.852</ele><time>2026-08-28T19:22:39Z</time></trkpt><trkpt lat="41.436552" lon="-124.037014"><ele>241.647</ele><time>2026-08-28T19:22:49Z</time></trkpt><trkpt lat="41.436542" lon="-124.037054"><ele>241.429</ele><time>2026-08-28T19:22:53Z</time></trkpt><trkpt lat="41.436511" lon="-124.037088"><ele>241.221</ele><time>2026-08-28T19:22:56Z</time></trkpt><trkpt lat="41.436436" lon="-124.037121"><ele>242.209</ele><time>2026-08-28T19:23:06Z</time></trkpt><trkpt lat="41.436294" lon="-124.037134"><ele>242.046</ele><time>2026-08-28T19:23:20Z</time></trkpt><trkpt lat="41.436206" lon="-124.037187"><ele>242.282</ele><time>2026-08-28T19:23:31Z</time></trkpt><trkpt lat="41.436165" lon="-124.037197"><ele>242.836</ele><time>2026-08-28T19:23:35Z</time></trkpt><trkpt lat="41.436062" lon="-124.037249"><ele>243.470</ele><time>2026-08-28T19:23:41Z</time></trkpt><trkpt lat="41.436022" lon="-124.037284"><ele>243.829</ele><time>2026-08-28T19:23:44Z</time></trkpt><trkpt lat="41.435983" lon="-124.037364"><ele>243.894</ele><time>2026-08-28T19:23:51Z</time></trkpt><trkpt lat="41.435983" lon="-124.037374"><ele>244.082</ele><time>2026-08-28T19:23:52Z</time></trkpt><trkpt lat="41.435984" lon="-124.037494"><ele>243.040</ele><time>2026-08-28T19:24:01Z</time></trkpt><trkpt lat="41.435985" lon="-124.037523"><ele>242.688</ele><time>2026-08-28T19:24:03Z</time></trkpt><trkpt lat="41.435983" lon="-124.03762"><ele>241.631</ele><time>2026-08-28T19:24:08Z</time></trkpt><trkpt lat="41.435976" lon="-124.037651"><ele>241.061</ele><time>2026-08-28T19:24:11Z</time></trkpt><trkpt lat="41.435916" lon="-124.03777"><ele>241.807</ele><time>2026-08-28T19:24:23Z</time></trkpt><trkpt lat="41.435867" lon="-124.037822"><ele>242.009</ele><time>2026-08-28T19:24:30Z</time></trkpt><trkpt lat="41.43583" lon="-124.037845"><ele>242.455</ele><time>2026-08-28T19:24:33Z</time></trkpt><trkpt lat="41.435822" lon="-124.037849"><ele>242.681</ele><time>2026-08-28T19:24:34Z</time></trkpt><trkpt lat="41.435786" lon="-124.037868"><ele>243.665</ele><time>2026-08-28T19:24:41Z</time></trkpt><trkpt lat="41.435784" lon="-124.037867"><ele>243.829</ele><time>2026-08-28T19:24:42Z</time></trkpt><trkpt lat="41.435772" lon="-124.037875"><ele>244.048</ele><time>2026-08-28T19:24:45Z</time></trkpt><trkpt lat="41.435749" lon="-124.0379"><ele>244.433</ele><time>2026-08-28T19:24:49Z</time></trkpt><trkpt lat="41.435736" lon="-124.037915"><ele>244.691</ele><time>2026-08-28T19:24:51Z</time></trkpt><trkpt lat="41.435729" lon="-124.037922"><ele>244.889</ele><time>2026-08-28T19:24:52Z</time></trkpt><trkpt lat="41.43572" lon="-124.037929"><ele>244.877</ele><time>2026-08-28T19:24:53Z</time></trkpt><trkpt lat="41.435632" lon="-124.037986"><ele>245.224</ele><time>2026-08-28T19:25:03Z</time></trkpt><trkpt lat="41.435553" lon="-124.038023"><ele>243.804</ele><time>2026-08-28T19:25:13Z</time></trkpt><trkpt lat="41.435541" lon="-124.038026"><ele>243.614</ele><time>2026-08-28T19:25:14Z</time></trkpt><trkpt lat="41.435514" lon="-124.038062"><ele>242.409</ele><time>2026-08-28T19:25:18Z</time></trkpt><trkpt lat="41.435515" lon="-124.038115"><ele>241.844</ele><time>2026-08-28T19:25:22Z</time></trkpt><trkpt lat="41.435531" lon="-124.038154"><ele>241.250</ele><time>2026-08-28T19:25:26Z</time></trkpt><trkpt lat="41.435557" lon="-124.038187"><ele>241.014</ele><time>2026-08-28T19:25:31Z</time></trkpt><trkpt lat="41.435652" lon="-124.038288"><ele>241.098</ele><time>2026-08-28T19:25:42Z</time></trkpt><trkpt lat="41.435711" lon="-124.038348"><ele>240.297</ele><time>2026-08-28T19:25:49Z</time></trkpt><trkpt lat="41.435763" lon="-124.03839"><ele>239.482</ele><time>2026-08-28T19:25:54Z</time></trkpt><trkpt lat="41.435791" lon="-124.038402"><ele>239.610</ele><time>2026-08-28T19:25:56Z</time></trkpt><trkpt lat="41.435827" lon="-124.0384"><ele>239.428</ele><time>2026-08-28T19:26:00Z</time></trkpt><trkpt lat="41.435876" lon="-124.038393"><ele>239.446</ele><time>2026-08-28T19:26:03Z</time></trkpt><trkpt lat="41.435911" lon="-124.038386"><ele>239.666</ele><time>2026-08-28T19:26:06Z</time></trkpt><trkpt lat="41.435963" lon="-124.038365"><ele>239.029</ele><time>2026-08-28T19:26:11Z</time></trkpt><trkpt lat="41.436002" lon="-124.038351"><ele>238.821</ele><time>2026-08-28T19:26:15Z</time></trkpt><trkpt lat="41.436074" lon="-124.03836"><ele>239.009</ele><time>2026-08-28T19:26:25Z</time></trkpt><trkpt lat="41.436183" lon="-124.038475"><ele>239.858</ele><time>2026-08-28T19:26:38Z</time></trkpt><trkpt lat="41.436212" lon="-124.03849"><ele>240.224</ele><time>2026-08-28T19:26:40Z</time></trkpt><trkpt lat="41.436271" lon="-124.038537"><ele>241.038</ele><time>2026-08-28T19:26:46Z</time></trkpt><trkpt lat="41.436299" lon="-124.03854"><ele>241.042</ele><time>2026-08-28T19:26:48Z</time></trkpt><trkpt lat="41.436349" lon="-124.038515"><ele>240.211</ele><time>2026-08-28T19:26:54Z</time></trkpt><trkpt lat="41.436353" lon="-124.03851"><ele>240.056</ele><time>2026-08-28T19:26:55Z</time></trkpt><trkpt lat="41.436379" lon="-124.038496"><ele>239.294</ele><time>2026-08-28T19:26:59Z</time></trkpt><trkpt lat="41.436433" lon="-124.03846"><ele>238.892</ele><time>2026-08-28T19:27:03Z</time></trkpt><trkpt lat="41.436513" lon="-124.03838"><ele>240.060</ele><time>2026-08-28T19:27:11Z</time></trkpt><trkpt lat="41.436595" lon="-124.038381"><ele>239.438</ele><time>2026-08-28T19:27:18Z</time></trkpt><trkpt lat="41.436757" lon="-124.038383"><ele>238.470</ele><time>2026-08-28T19:27:28Z</time></trkpt><trkpt lat="41.436799" lon="-124.03841"><ele>238.217</ele><time>2026-08-28T19:27:36Z</time></trkpt><trkpt lat="41.436842" lon="-124.038472"><ele>239.209</ele><time>2026-08-28T19:27:45Z</time></trkpt><trkpt lat="41.436845" lon="-124.038476"><ele>239.465</ele><time>2026-08-28T19:27:46Z</time></trkpt><trkpt lat="41.436865" lon="-124.038491"><ele>240.491</ele><time>2026-08-28T19:27:52Z</time></trkpt><trkpt lat="41.436875" lon="-124.038507"><ele>240.875</ele><time>2026-08-28T19:27:55Z</time></trkpt><trkpt lat="41.436878" lon="-124.038512"><ele>241.089</ele><time>2026-08-28T19:27:56Z</time></trkpt><trkpt lat="41.436892" lon="-124.038529"><ele>241.488</ele><time>2026-08-28T19:27:58Z</time></trkpt><trkpt lat="41.436927" lon="-124.038625"><ele>242.413</ele><time>2026-08-28T19:28:06Z</time></trkpt><trkpt lat="41.436932" lon="-124.038637"><ele>242.631</ele><time>2026-08-28T19:28:07Z</time></trkpt><trkpt lat="41.436938" lon="-124.038645"><ele>242.649</ele><time>2026-08-28T19:28:08Z</time></trkpt><trkpt lat="41.436974" lon="-124.03867"><ele>243.627</ele><time>2026-08-28T19:28:13Z</time></trkpt><trkpt lat="41.437001" lon="-124.038672"><ele>243.813</ele><time>2026-08-28T19:28:18Z</time></trkpt><trkpt lat="41.437088" lon="-124.038697"><ele>242.643</ele><time>2026-08-28T19:28:27Z</time></trkpt><trkpt lat="41.437103" lon="-124.038695"><ele>242.407</ele><time>2026-08-28T19:28:28Z</time></trkpt><trkpt lat="41.437116" lon="-124.038693"><ele>242.209</ele><time>2026-08-28T19:28:29Z</time></trkpt><trkpt lat="41.437181" lon="-124.038645"><ele>241.823</ele><time>2026-08-28T19:28:37Z</time></trkpt><trkpt lat="41.437272" lon="-124.038618"><ele>241.419</ele><time>2026-08-28T19:28:46Z</time></trkpt><trkpt lat="41.437296" lon="-124.038613"><ele>241.253</ele><time>2026-08-28T19:28:49Z</time></trkpt><trkpt lat="41.437319" lon="-124.038635"><ele>241.617</ele><time>2026-08-28T19:28:58Z</time></trkpt><trkpt lat="41.437378" lon="-124.038737"><ele>241.476</ele><time>2026-08-28T19:29:06Z</time></trkpt><trkpt lat="41.43739" lon="-124.038775"><ele>241.261</ele><time>2026-08-28T19:29:08Z</time></trkpt><trkpt lat="41.437422" lon="-124.038898"><ele>240.249</ele><time>2026-08-28T19:29:15Z</time></trkpt><trkpt lat="41.437431" lon="-124.038943"><ele>239.877</ele><time>2026-08-28T19:29:18Z</time></trkpt><trkpt lat="41.437448" lon="-124.039017"><ele>239.025</ele><time>2026-08-28T19:29:22Z</time></trkpt><trkpt lat="41.437455" lon="-124.039075"><ele>238.227</ele><time>2026-08-28T19:29:26Z</time></trkpt><trkpt lat="41.43749" lon="-124.039175"><ele>238.068</ele><time>2026-08-28T19:29:35Z</time></trkpt><trkpt lat="41.437499" lon="-124.039185"><ele>238.014</ele><time>2026-08-28T19:29:36Z</time></trkpt><trkpt lat="41.437578" lon="-124.039215"><ele>238.609</ele><time>2026-08-28T19:29:44Z</time></trkpt><trkpt lat="41.437672" lon="-124.03924"><ele>239.084</ele><time>2026-08-28T19:29:55Z</time></trkpt><trkpt lat="41.437683" lon="-124.039236"><ele>239.210</ele><time>2026-08-28T19:29:56Z</time></trkpt><trkpt lat="41.437765" lon="-124.039178"><ele>240.044</ele><time>2026-08-28T19:30:03Z</time></trkpt><trkpt lat="41.437779" lon="-124.039163"><ele>239.848</ele><time>2026-08-28T19:30:04Z</time></trkpt><trkpt lat="41.437827" lon="-124.039103"><ele>239.627</ele><time>2026-08-28T19:30:08Z</time></trkpt><trkpt lat="41.43789" lon="-124.03904"><ele>239.612</ele><time>2026-08-28T19:30:14Z</time></trkpt><trkpt lat="41.437916" lon="-124.039016"><ele>239.680</ele><time>2026-08-28T19:30:17Z</time></trkpt><trkpt lat="41.437933" lon="-124.038991"><ele>240.218</ele><time>2026-08-28T19:30:20Z</time></trkpt><trkpt lat="41.437957" lon="-124.038956"><ele>240.886</ele><time>2026-08-28T19:30:23Z</time></trkpt><trkpt lat="41.437981" lon="-124.038914"><ele>241.421</ele><time>2026-08-28T19:30:26Z</time></trkpt><trkpt lat="41.438021" lon="-124.038803"><ele>241.841</ele><time>2026-08-28T19:30:34Z</time></trkpt><trkpt lat="41.438072" lon="-124.038739"><ele>241.405</ele><time>2026-08-28T19:30:44Z</time></trkpt><trkpt lat="41.438103" lon="-124.038754"><ele>240.409</ele><time>2026-08-28T19:30:49Z</time></trkpt><trkpt lat="41.438116" lon="-124.038784"><ele>240.264</ele><time>2026-08-28T19:30:53Z</time></trkpt><trkpt lat="41.438124" lon="-124.038826"><ele>239.280</ele><time>2026-08-28T19:30:57Z</time></trkpt><trkpt lat="41.438136" lon="-124.038877"><ele>238.264</ele><time>2026-08-28T19:31:01Z</time></trkpt><trkpt lat="41.438136" lon="-124.038904"><ele>237.618</ele><time>2026-08-28T19:31:03Z</time></trkpt><trkpt lat="41.438131" lon="-124.039004"><ele>237.287</ele><time>2026-08-28T19:31:11Z</time></trkpt><trkpt lat="41.438141" lon="-124.03903"><ele>237.062</ele><time>2026-08-28T19:31:14Z</time></trkpt><trkpt lat="41.438191" lon="-124.039095"><ele>237.810</ele><time>2026-08-28T19:31:23Z</time></trkpt><trkpt lat="41.438198" lon="-124.0391"><ele>238.018</ele><time>2026-08-28T19:31:24Z</time></trkpt><trkpt lat="41.438204" lon="-124.039106"><ele>238.456</ele><time>2026-08-28T19:31:25Z</time></trkpt><trkpt lat="41.438274" lon="-124.039156"><ele>239.049</ele><time>2026-08-28T19:31:32Z</time></trkpt><trkpt lat="41.438287" lon="-124.039189"><ele>239.002</ele><time>2026-08-28T19:31:35Z</time></trkpt><trkpt lat="41.438287" lon="-124.039212"><ele>239.022</ele><time>2026-08-28T19:31:38Z</time></trkpt><trkpt lat="41.438297" lon="-124.039224"><ele>239.009</ele><time>2026-08-28T19:31:41Z</time></trkpt><trkpt lat="41.438296" lon="-124.03923"><ele>239.026</ele><time>2026-08-28T19:31:42Z</time></trkpt><trkpt lat="41.438296" lon="-124.039247"><ele>238.882</ele><time>2026-08-28T19:31:43Z</time></trkpt><trkpt lat="41.438312" lon="-124.039316"><ele>238.646</ele><time>2026-08-28T19:31:48Z</time></trkpt><trkpt lat="41.438321" lon="-124.039411"><ele>237.680</ele><time>2026-08-28T19:31:55Z</time></trkpt><trkpt lat="41.438323" lon="-124.039442"><ele>237.219</ele><time>2026-08-28T19:31:57Z</time></trkpt><trkpt lat="41.438355" lon="-124.039505"><ele>236.284</ele><time>2026-08-28T19:32:02Z</time></trkpt><trkpt lat="41.43836" lon="-124.03951"><ele>236.232</ele><time>2026-08-28T19:32:03Z</time></trkpt><trkpt lat="41.438391" lon="-124.039522"><ele>236.660</ele><time>2026-08-28T19:32:06Z</time></trkpt><trkpt lat="41.438439" lon="-124.039522"><ele>237.238</ele><time>2026-08-28T19:32:10Z</time></trkpt><trkpt lat="41.438458" lon="-124.039521"><ele>237.863</ele><time>2026-08-28T19:32:12Z</time></trkpt><trkpt lat="41.438467" lon="-124.039515"><ele>238.444</ele><time>2026-08-28T19:32:15Z</time></trkpt><trkpt lat="41.438506" lon="-124.039487"><ele>238.618</ele><time>2026-08-28T19:32:20Z</time></trkpt><trkpt lat="41.438514" lon="-124.039464"><ele>238.209</ele><time>2026-08-28T19:32:22Z</time></trkpt><trkpt lat="41.43858" lon="-124.039381"><ele>239.448</ele><time>2026-08-28T19:32:30Z</time></trkpt><trkpt lat="41.438598" lon="-124.039373"><ele>239.444</ele><time>2026-08-28T19:32:32Z</time></trkpt><trkpt lat="41.438605" lon="-124.039365"><ele>239.468</ele><time>2026-08-28T19:32:34Z</time></trkpt><trkpt lat="41.438607" lon="-124.03936"><ele>239.432</ele><time>2026-08-28T19:32:35Z</time></trkpt><trkpt lat="41.438607" lon="-124.039321"><ele>239.221</ele><time>2026-08-28T19:32:40Z</time></trkpt><trkpt lat="41.43861" lon="-124.039277"><ele>239.426</ele><time>2026-08-28T19:32:43Z</time></trkpt><trkpt lat="41.438681" lon="-124.039165"><ele>239.864</ele><time>2026-08-28T19:32:56Z</time></trkpt><trkpt lat="41.43874" lon="-124.039112"><ele>238.612</ele><time>2026-08-28T19:33:02Z</time></trkpt><trkpt lat="41.438755" lon="-124.039094"><ele>238.290</ele><time>2026-08-28T19:33:04Z</time></trkpt><trkpt lat="41.438764" lon="-124.03908"><ele>237.838</ele><time>2026-08-28T19:33:06Z</time></trkpt><trkpt lat="41.438774" lon="-124.039063"><ele>237.070</ele><time>2026-08-28T19:33:09Z</time></trkpt><trkpt lat="41.438784" lon="-124.039001"><ele>236.417</ele><time>2026-08-28T19:33:15Z</time></trkpt><trkpt lat="41.438801" lon="-124.038916"><ele>235.809</ele><time>2026-08-28T19:33:19Z</time></trkpt><trkpt lat="41.438788" lon="-124.038824"><ele>235.815</ele><time>2026-08-28T19:33:23Z</time></trkpt><trkpt lat="41.438804" lon="-124.038748"><ele>235.471</ele><time>2026-08-28T19:33:29Z</time></trkpt><trkpt lat="41.438816" lon="-124.038749"><ele>234.695</ele><time>2026-08-28T19:33:32Z</time></trkpt><trkpt lat="41.438833" lon="-124.038744"><ele>234.219</ele><time>2026-08-28T19:33:35Z</time></trkpt><trkpt lat="41.438849" lon="-124.038742"><ele>234.088</ele><time>2026-08-28T19:33:37Z</time></trkpt><trkpt lat="41.438863" lon="-124.038739"><ele>234.043</ele><time>2026-08-28T19:33:38Z</time></trkpt><trkpt lat="41.438934" lon="-124.038753"><ele>233.631</ele><time>2026-08-28T19:33:42Z</time></trkpt><trkpt lat="41.439046" lon="-124.038697"><ele>233.419</ele><time>2026-08-28T19:33:51Z</time></trkpt><trkpt lat="41.439064" lon="-124.038655"><ele>234.437</ele><time>2026-08-28T19:33:57Z</time></trkpt><trkpt lat="41.439066" lon="-124.038648"><ele>234.661</ele><time>2026-08-28T19:33:58Z</time></trkpt><trkpt lat="41.439068" lon="-124.038638"><ele>234.821</ele><time>2026-08-28T19:33:59Z</time></trkpt><trkpt lat="41.439074" lon="-124.038592"><ele>235.813</ele><time>2026-08-28T19:34:03Z</time></trkpt><trkpt lat="41.439076" lon="-124.038541"><ele>236.209</ele><time>2026-08-28T19:34:07Z</time></trkpt><trkpt lat="41.439078" lon="-124.038524"><ele>236.288</ele><time>2026-08-28T19:34:08Z</time></trkpt><trkpt lat="41.439095" lon="-124.038453"><ele>235.814</ele><time>2026-08-28T19:34:13Z</time></trkpt><trkpt lat="41.439119" lon="-124.038424"><ele>235.448</ele><time>2026-08-28T19:34:16Z</time></trkpt><trkpt lat="41.439147" lon="-124.038395"><ele>234.432</ele><time>2026-08-28T19:34:19Z</time></trkpt><trkpt lat="41.439171" lon="-124.038359"><ele>233.421</ele><time>2026-08-28T19:34:22Z</time></trkpt><trkpt lat="41.439186" lon="-124.03832"><ele>232.466</ele><time>2026-08-28T19:34:26Z</time></trkpt><trkpt lat="41.439205" lon="-124.038245"><ele>231.414</ele><time>2026-08-28T19:34:31Z</time></trkpt><trkpt lat="41.439212" lon="-124.038194"><ele>231.042</ele><time>2026-08-28T19:34:35Z</time></trkpt><trkpt lat="41.439273" lon="-124.038122"><ele>231.450</ele><time>2026-08-28T19:34:46Z</time></trkpt><trkpt lat="41.439358" lon="-124.038084"><ele>231.434</ele><time>2026-08-28T19:34:56Z</time></trkpt><trkpt lat="41.439385" lon="-124.038062"><ele>230.655</ele><time>2026-08-28T19:35:04Z</time></trkpt><trkpt lat="41.439412" lon="-124.038057"><ele>230.210</ele><time>2026-08-28T19:35:07Z</time></trkpt><trkpt lat="41.439553" lon="-124.03802"><ele>229.209</ele><time>2026-08-28T19:35:16Z</time></trkpt><trkpt lat="41.439569" lon="-124.038012"><ele>229.285</ele><time>2026-08-28T19:35:18Z</time></trkpt><trkpt lat="41.43958" lon="-124.037994"><ele>229.231</ele><time>2026-08-28T19:35:20Z</time></trkpt><trkpt lat="41.439582" lon="-124.037966"><ele>229.475</ele><time>2026-08-28T19:35:24Z</time></trkpt><trkpt lat="41.439546" lon="-124.037942"><ele>229.679</ele><time>2026-08-28T19:35:32Z</time></trkpt><trkpt lat="41.439536" lon="-124.037955"><ele>229.828</ele><time>2026-08-28T19:35:40Z</time></trkpt><trkpt lat="41.439524" lon="-124.037981"><ele>229.833</ele><time>2026-08-28T19:35:47Z</time></trkpt><trkpt lat="41.439524" lon="-124.037986"><ele>229.851</ele><time>2026-08-28T19:35:48Z</time></trkpt><trkpt lat="41.43952" lon="-124.037993"><ele>229.899</ele><time>2026-08-28T19:35:49Z</time></trkpt><trkpt lat="41.43952" lon="-124.038005"><ele>229.857</ele><time>2026-08-28T19:35:50Z</time></trkpt><trkpt lat="41.439519" lon="-124.038013"><ele>229.826</ele><time>2026-08-28T19:35:51Z</time></trkpt><trkpt lat="41.439522" lon="-124.038025"><ele>229.847</ele><time>2026-08-28T19:35:54Z</time></trkpt><trkpt lat="41.43952" lon="-124.038015"><ele>230.011</ele><time>2026-08-28T19:35:58Z</time></trkpt><trkpt lat="41.4395" lon="-124.037987"><ele>229.809</ele><time>2026-08-28T19:36:08Z</time></trkpt><trkpt lat="41.439519" lon="-124.037868"><ele>229.864</ele><time>2026-08-28T19:36:17Z</time></trkpt><trkpt lat="41.439547" lon="-124.037777"><ele>229.620</ele><time>2026-08-28T19:36:24Z</time></trkpt><trkpt lat="41.439585" lon="-124.037689"><ele>229.074</ele><time>2026-08-28T19:36:29Z</time></trkpt><trkpt lat="41.43962" lon="-124.037624"><ele>227.868</ele><time>2026-08-28T19:36:33Z</time></trkpt><trkpt lat="41.439686" lon="-124.037582"><ele>227.487</ele><time>2026-08-28T19:36:40Z</time></trkpt><trkpt lat="41.439746" lon="-124.037546"><ele>228.282</ele><time>2026-08-28T19:36:46Z</time></trkpt><trkpt lat="41.439779" lon="-124.037499"><ele>228.220</ele><time>2026-08-28T19:36:53Z</time></trkpt><trkpt lat="41.439765" lon="-124.037507"><ele>228.258</ele><time>2026-08-28T19:36:57Z</time></trkpt><trkpt lat="41.43976" lon="-124.037513"><ele>228.296</ele><time>2026-08-28T19:37:00Z</time></trkpt><trkpt lat="41.439797" lon="-124.037489"><ele>228.438</ele><time>2026-08-28T19:37:06Z</time></trkpt><trkpt lat="41.43982" lon="-124.037477"><ele>228.470</ele><time>2026-08-28T19:37:09Z</time></trkpt><trkpt lat="41.439835" lon="-124.037474"><ele>228.417</ele><time>2026-08-28T19:37:11Z</time></trkpt><trkpt lat="41.439852" lon="-124.037462"><ele>228.409</ele><time>2026-08-28T19:37:15Z</time></trkpt><trkpt lat="41.439863" lon="-124.037431"><ele>229.075</ele><time>2026-08-28T19:37:19Z</time></trkpt><trkpt lat="41.439856" lon="-124.037418"><ele>229.251</ele><time>2026-08-28T19:37:20Z</time></trkpt><trkpt lat="41.439849" lon="-124.037354"><ele>229.815</ele><time>2026-08-28T19:37:28Z</time></trkpt><trkpt lat="41.439885" lon="-124.037352"><ele>229.849</ele><time>2026-08-28T19:37:39Z</time></trkpt><trkpt lat="41.439997" lon="-124.037232"><ele>228.428</ele><time>2026-08-28T19:37:49Z</time></trkpt><trkpt lat="41.440026" lon="-124.037176"><ele>228.053</ele><time>2026-08-28T19:37:54Z</time></trkpt><trkpt lat="41.440058" lon="-124.037097"><ele>226.881</ele><time>2026-08-28T19:38:00Z</time></trkpt><trkpt lat="41.440065" lon="-124.037088"><ele>226.699</ele><time>2026-08-28T19:38:01Z</time></trkpt><trkpt lat="41.440085" lon="-124.037003"><ele>227.047</ele><time>2026-08-28T19:38:07Z</time></trkpt><trkpt lat="41.440095" lon="-124.036979"><ele>227.014</ele><time>2026-08-28T19:38:09Z</time></trkpt><trkpt lat="41.44021" lon="-124.036889"><ele>226.854</ele><time>2026-08-28T19:38:21Z</time></trkpt><trkpt lat="41.440277" lon="-124.036817"><ele>228.209</ele><time>2026-08-28T19:38:29Z</time></trkpt><trkpt lat="41.440292" lon="-124.036799"><ele>229.009</ele><time>2026-08-28T19:38:32Z</time></trkpt><trkpt lat="41.440305" lon="-124.036787"><ele>229.293</ele><time>2026-08-28T19:38:34Z</time></trkpt><trkpt lat="41.440326" lon="-124.036754"><ele>229.269</ele><time>2026-08-28T19:38:37Z</time></trkpt><trkpt lat="41.440346" lon="-124.0367"><ele>229.273</ele><time>2026-08-28T19:38:41Z</time></trkpt><trkpt lat="41.440388" lon="-124.036637"><ele>229.617</ele><time>2026-08-28T19:38:48Z</time></trkpt><trkpt lat="41.440399" lon="-124.036642"><ele>229.676</ele><time>2026-08-28T19:38:50Z</time></trkpt><trkpt lat="41.440411" lon="-124.036673"><ele>229.661</ele><time>2026-08-28T19:38:53Z</time></trkpt><trkpt lat="41.440435" lon="-124.036712"><ele>229.879</ele><time>2026-08-28T19:38:57Z</time></trkpt><trkpt lat="41.440449" lon="-124.036736"><ele>230.217</ele><time>2026-08-28T19:39:00Z</time></trkpt><trkpt lat="41.440479" lon="-124.036784"><ele>231.425</ele><time>2026-08-28T19:39:04Z</time></trkpt><trkpt lat="41.440488" lon="-124.036807"><ele>232.227</ele><time>2026-08-28T19:39:07Z</time></trkpt><trkpt lat="41.440491" lon="-124.036815"><ele>232.468</ele><time>2026-08-28T19:39:08Z</time></trkpt><trkpt lat="41.440508" lon="-124.036816"><ele>233.014</ele><time>2026-08-28T19:39:12Z</time></trkpt><trkpt lat="41.440505" lon="-124.036814"><ele>233.209</ele><time>2026-08-28T19:39:16Z</time></trkpt><trkpt lat="41.440515" lon="-124.036861"><ele>233.654</ele><time>2026-08-28T19:39:24Z</time></trkpt><trkpt lat="41.440521" lon="-124.036857"><ele>233.820</ele><time>2026-08-28T19:39:25Z</time></trkpt><trkpt lat="41.440546" lon="-124.036848"><ele>234.694</ele><time>2026-08-28T19:39:28Z</time></trkpt><trkpt lat="41.440579" lon="-124.036867"><ele>235.858</ele><time>2026-08-28T19:39:33Z</time></trkpt><trkpt lat="41.440566" lon="-124.036889"><ele>236.487</ele><time>2026-08-28T19:39:36Z</time></trkpt><trkpt lat="41.440556" lon="-124.036963"><ele>236.652</ele><time>2026-08-28T19:39:41Z</time></trkpt><trkpt lat="41.440564" lon="-124.037006"><ele>236.820</ele><time>2026-08-28T19:39:43Z</time></trkpt><trkpt lat="41.440562" lon="-124.037063"><ele>238.058</ele><time>2026-08-28T19:39:48Z</time></trkpt><trkpt lat="41.440562" lon="-124.037088"><ele>238.476</ele><time>2026-08-28T19:39:50Z</time></trkpt><trkpt lat="41.44057" lon="-124.037189"><ele>239.243</ele><time>2026-08-28T19:39:58Z</time></trkpt><trkpt lat="41.440574" lon="-124.037208"><ele>239.464</ele><time>2026-08-28T19:40:00Z</time></trkpt><trkpt lat="41.440588" lon="-124.0373"><ele>240.010</ele><time>2026-08-28T19:40:09Z</time></trkpt><trkpt lat="41.440584" lon="-124.037305"><ele>240.009</ele><time>2026-08-28T19:40:10Z</time></trkpt><trkpt lat="41.440577" lon="-124.03731"><ele>240.066</ele><time>2026-08-28T19:40:11Z</time></trkpt><trkpt lat="41.440482" lon="-124.037317"><ele>238.432</ele><time>2026-08-28T19:40:19Z</time></trkpt><trkpt lat="41.440465" lon="-124.037324"><ele>238.086</ele><time>2026-08-28T19:40:20Z</time></trkpt><trkpt lat="41.440407" lon="-124.037404"><ele>237.820</ele><time>2026-08-28T19:40:27Z</time></trkpt><trkpt lat="41.440387" lon="-124.037524"><ele>239.239</ele><time>2026-08-28T19:40:36Z</time></trkpt><trkpt lat="41.440385" lon="-124.037545"><ele>239.634</ele><time>2026-08-28T19:40:39Z</time></trkpt><trkpt lat="41.440383" lon="-124.037572"><ele>240.292</ele><time>2026-08-28T19:40:43Z</time></trkpt><trkpt lat="41.440384" lon="-124.037586"><ele>240.610</ele><time>2026-08-28T19:40:45Z</time></trkpt><trkpt lat="41.440367" lon="-124.037696"><ele>241.218</ele><time>2026-08-28T19:40:55Z</time></trkpt><trkpt lat="41.440354" lon="-124.037719"><ele>241.264</ele><time>2026-08-28T19:40:57Z</time></trkpt><trkpt lat="41.440351" lon="-124.037734"><ele>241.406</ele><time>2026-08-28T19:40:58Z</time></trkpt><trkpt lat="41.440332" lon="-124.037805"><ele>241.416</ele><time>2026-08-28T19:41:03Z</time></trkpt><trkpt lat="41.440334" lon="-124.037885"><ele>241.209</ele><time>2026-08-28T19:41:12Z</time></trkpt><trkpt lat="41.440328" lon="-124.037914"><ele>240.218</ele><time>2026-08-28T19:41:15Z</time></trkpt><trkpt lat="41.440322" lon="-124.037958"><ele>239.014</ele><time>2026-08-28T19:41:18Z</time></trkpt><trkpt lat="41.440323" lon="-124.038022"><ele>238.028</ele><time>2026-08-28T19:41:23Z</time></trkpt><trkpt lat="41.440321" lon="-124.038123"><ele>239.082</ele><time>2026-08-28T19:41:34Z</time></trkpt><trkpt lat="41.440319" lon="-124.038134"><ele>239.221</ele><time>2026-08-28T19:41:35Z</time></trkpt><trkpt lat="41.440315" lon="-124.038174"><ele>240.256</ele><time>2026-08-28T19:41:41Z</time></trkpt><trkpt lat="41.44031" lon="-124.038206"><ele>240.824</ele><time>2026-08-28T19:41:45Z</time></trkpt><trkpt lat="41.440306" lon="-124.038222"><ele>241.262</ele><time>2026-08-28T19:41:47Z</time></trkpt><trkpt lat="41.440307" lon="-124.038243"><ele>241.820</ele><time>2026-08-28T19:41:51Z</time></trkpt><trkpt lat="41.440294" lon="-124.038263"><ele>242.495</ele><time>2026-08-28T19:41:54Z</time></trkpt><trkpt lat="41.440277" lon="-124.038262"><ele>242.649</ele><time>2026-08-28T19:41:56Z</time></trkpt><trkpt lat="41.440235" lon="-124.038303"><ele>243.223</ele><time>2026-08-28T19:42:02Z</time></trkpt><trkpt lat="41.440229" lon="-124.03832"><ele>243.409</ele><time>2026-08-28T19:42:04Z</time></trkpt><trkpt lat="41.440172" lon="-124.038339"><ele>243.041</ele><time>2026-08-28T19:42:12Z</time></trkpt><trkpt lat="41.440148" lon="-124.038353"><ele>242.077</ele><time>2026-08-28T19:42:14Z</time></trkpt><trkpt lat="41.440119" lon="-124.038405"><ele>240.871</ele><time>2026-08-28T19:42:17Z</time></trkpt><trkpt lat="41.440101" lon="-124.038447"><ele>240.285</ele><time>2026-08-28T19:42:19Z</time></trkpt><trkpt lat="41.440094" lon="-124.038463"><ele>239.824</ele><time>2026-08-28T19:42:20Z</time></trkpt><trkpt lat="41.440082" lon="-124.038454"><ele>238.669</ele><time>2026-08-28T19:42:23Z</time></trkpt><trkpt lat="41.440076" lon="-124.038445"><ele>238.247</ele><time>2026-08-28T19:42:24Z</time></trkpt><trkpt lat="41.440068" lon="-124.038451"><ele>237.885</ele><time>2026-08-28T19:42:25Z</time></trkpt><trkpt lat="41.440059" lon="-124.038464"><ele>237.233</ele><time>2026-08-28T19:42:26Z</time></trkpt><trkpt lat="41.44005" lon="-124.038497"><ele>236.276</ele><time>2026-08-28T19:42:28Z</time></trkpt><trkpt lat="41.440057" lon="-124.038543"><ele>235.490</ele><time>2026-08-28T19:42:31Z</time></trkpt><trkpt lat="41.440053" lon="-124.038603"><ele>235.219</ele><time>2026-08-28T19:42:33Z</time></trkpt><trkpt lat="41.440055" lon="-124.038681"><ele>233.809</ele><time>2026-08-28T19:42:36Z</time></trkpt><trkpt lat="41.440053" lon="-124.038696"><ele>233.229</ele><time>2026-08-28T19:42:37Z</time></trkpt><trkpt lat="41.44005" lon="-124.038704"><ele>232.675</ele><time>2026-08-28T19:42:39Z</time></trkpt><trkpt lat="41.440015" lon="-124.038676"><ele>231.869</ele><time>2026-08-28T19:42:43Z</time></trkpt><trkpt lat="41.440004" lon="-124.03867"><ele>231.463</ele><time>2026-08-28T19:42:44Z</time></trkpt><trkpt lat="41.439938" lon="-124.038648"><ele>230.222</ele><time>2026-08-28T19:42:49Z</time></trkpt><trkpt lat="41.4399" lon="-124.038654"><ele>229.237</ele><time>2026-08-28T19:42:51Z</time></trkpt><trkpt lat="41.439858" lon="-124.038666"><ele>228.075</ele><time>2026-08-28T19:42:53Z</time></trkpt><trkpt lat="41.439803" lon="-124.038702"><ele>227.263</ele><time>2026-08-28T19:42:58Z</time></trkpt><trkpt lat="41.439788" lon="-124.0387"><ele>227.011</ele><time>2026-08-28T19:43:00Z</time></trkpt><trkpt lat="41.43975" lon="-124.038679"><ele>225.837</ele><time>2026-08-28T19:43:04Z</time></trkpt><trkpt lat="41.439722" lon="-124.03868"><ele>224.649</ele><time>2026-08-28T19:43:06Z</time></trkpt><trkpt lat="41.439697" lon="-124.038701"><ele>223.413</ele><time>2026-08-28T19:43:08Z</time></trkpt><trkpt lat="41.439657" lon="-124.038749"><ele>222.209</ele><time>2026-08-28T19:43:11Z</time></trkpt><trkpt lat="41.439649" lon="-124.038765"><ele>222.055</ele><time>2026-08-28T19:43:12Z</time></trkpt><trkpt lat="41.439614" lon="-124.03884"><ele>221.251</ele><time>2026-08-28T19:43:16Z</time></trkpt><trkpt lat="41.439604" lon="-124.038917"><ele>220.285</ele><time>2026-08-28T19:43:20Z</time></trkpt><trkpt lat="41.439561" lon="-124.039062"><ele>219.469</ele><time>2026-08-28T19:43:27Z</time></trkpt><trkpt lat="41.439558" lon="-124.03906"><ele>218.848</ele><time>2026-08-28T19:43:28Z</time></trkpt><trkpt lat="41.439548" lon="-124.039027"><ele>217.863</ele><time>2026-08-28T19:43:30Z</time></trkpt><trkpt lat="41.439542" lon="-124.039024"><ele>217.231</ele><time>2026-08-28T19:43:31Z</time></trkpt><trkpt lat="41.439514" lon="-124.039043"><ele>216.439</ele><time>2026-08-28T19:43:33Z</time></trkpt><trkpt lat="41.439467" lon="-124.039089"><ele>215.427</ele><time>2026-08-28T19:43:35Z</time></trkpt><trkpt lat="41.439458" lon="-124.0391"><ele>215.239</ele><time>2026-08-28T19:43:36Z</time></trkpt><trkpt lat="41.439441" lon="-124.039131"><ele>215.801</ele><time>2026-08-28T19:43:40Z</time></trkpt><trkpt lat="41.43943" lon="-124.039209"><ele>216.421</ele><time>2026-08-28T19:43:47Z</time></trkpt><trkpt lat="41.439426" lon="-124.039234"><ele>216.809</ele><time>2026-08-28T19:43:49Z</time></trkpt><trkpt lat="41.439423" lon="-124.03929"><ele>217.675</ele><time>2026-08-28T19:43:54Z</time></trkpt><trkpt lat="41.439408" lon="-124.039344"><ele>218.291</ele><time>2026-08-28T19:44:00Z</time></trkpt><trkpt lat="41.43939" lon="-124.039369"><ele>218.615</ele><time>2026-08-28T19:44:03Z</time></trkpt><trkpt lat="41.439351" lon="-124.039436"><ele>218.429</ele><time>2026-08-28T19:44:10Z</time></trkpt><trkpt lat="41.439333" lon="-124.039443"><ele>218.628</ele><time>2026-08-28T19:44:16Z</time></trkpt><trkpt lat="41.439286" lon="-124.039541"><ele>218.013</ele><time>2026-08-28T19:44:22Z</time></trkpt><trkpt lat="41.439268" lon="-124.039633"><ele>218.491</ele><time>2026-08-28T19:44:29Z</time></trkpt><trkpt lat="41.439225" lon="-124.039678"><ele>217.079</ele><time>2026-08-28T19:44:34Z</time></trkpt><trkpt lat="41.439195" lon="-124.039713"><ele>215.287</ele><time>2026-08-28T19:44:36Z</time></trkpt><trkpt lat="41.439158" lon="-124.039753"><ele>214.024</ele><time>2026-08-28T19:44:38Z</time></trkpt><trkpt lat="41.439133" lon="-124.039793"><ele>212.804</ele><time>2026-08-28T19:44:40Z</time></trkpt><trkpt lat="41.439094" lon="-124.039845"><ele>212.014</ele><time>2026-08-28T19:44:43Z</time></trkpt><trkpt lat="41.439078" lon="-124.039868"><ele>211.609</ele><time>2026-08-28T19:44:44Z</time></trkpt><trkpt lat="41.439045" lon="-124.039929"><ele>210.234</ele><time>2026-08-28T19:44:46Z</time></trkpt><trkpt lat="41.438999" lon="-124.039995"><ele>208.850</ele><time>2026-08-28T19:44:48Z</time></trkpt><trkpt lat="41.438958" lon="-124.040062"><ele>208.274</ele><time>2026-08-28T19:44:50Z</time></trkpt><trkpt lat="41.438926" lon="-124.04012"><ele>207.628</ele><time>2026-08-28T19:44:52Z</time></trkpt><trkpt lat="41.43888" lon="-124.040242"><ele>206.427</ele><time>2026-08-28T19:44:56Z</time></trkpt><trkpt lat="41.438888" lon="-124.040274"><ele>206.062</ele><time>2026-08-28T19:44:57Z</time></trkpt><trkpt lat="41.438912" lon="-124.040339"><ele>205.490</ele><time>2026-08-28T19:45:00Z</time></trkpt><trkpt lat="41.438923" lon="-124.040403"><ele>205.478</ele><time>2026-08-28T19:45:02Z</time></trkpt><trkpt lat="41.4389" lon="-124.040431"><ele>205.466</ele><time>2026-08-28T19:45:07Z</time></trkpt><trkpt lat="41.438893" lon="-124.040434"><ele>205.489</ele><time>2026-08-28T19:45:08Z</time></trkpt><trkpt lat="41.438794" lon="-124.040461"><ele>205.006</ele><time>2026-08-28T19:45:17Z</time></trkpt><trkpt lat="41.438714" lon="-124.040496"><ele>204.626</ele><time>2026-08-28T19:45:23Z</time></trkpt><trkpt lat="41.438694" lon="-124.040507"><ele>204.409</ele><time>2026-08-28T19:45:24Z</time></trkpt><trkpt lat="41.43869" lon="-124.040511"><ele>204.450</ele><time>2026-08-28T19:45:25Z</time></trkpt><trkpt lat="41.438688" lon="-124.040514"><ele>204.476</ele><time>2026-08-28T19:45:26Z</time></trkpt><trkpt lat="41.438673" lon="-124.040533"><ele>204.480</ele><time>2026-08-28T19:45:28Z</time></trkpt></trkseg></trk></gpx>