<?xml version="1.0" encoding="UTF-8"?><gpx creator="Wikiloc - http://www.wikiloc.com" version="1.1" xmlns="http://www.topografix.com/GPX/1/1" xmlns:xsi="http://www.w3.org/2001/XMLSchema-instance" xsi:schemaLocation="http://www.topografix.com/GPX/1/1 http://www.topografix.com/GPX/1/1/gpx.xsd"><trk><name><![CDATA[Wailua - Sleeping Giant - Wailua]]></name><cmt><![CDATA[Wailua]]></cmt><desc><![CDATA[Wailua]]></desc><trkseg><trkpt lat="22.061416" lon="-159.346561"><ele>48.252</ele><time>2026-09-11T19:42:01Z</time></trkpt><trkpt lat="22.061419" lon="-159.34654"><ele>48.453</ele><time>2026-09-11T19:42:06Z</time></trkpt><trkpt lat="22.061448" lon="-159.346484"><ele>49.408</ele><time>2026-09-11T19:42:11Z</time></trkpt><trkpt lat="22.061475" lon="-159.346466"><ele>50.009</ele><time>2026-09-11T19:42:14Z</time></trkpt><trkpt lat="22.061487" lon="-159.346454"><ele>50.417</ele><time>2026-09-11T19:42:16Z</time></trkpt><trkpt lat="22.061528" lon="-159.346431"><ele>51.033</ele><time>2026-09-11T19:42:21Z</time></trkpt><trkpt lat="22.061543" lon="-159.346427"><ele>51.490</ele><time>2026-09-11T19:42:24Z</time></trkpt><trkpt lat="22.061551" lon="-159.346422"><ele>51.617</ele><time>2026-09-11T19:42:25Z</time></trkpt><trkpt lat="22.061576" lon="-159.346401"><ele>52.689</ele><time>2026-09-11T19:42:30Z</time></trkpt><trkpt lat="22.061616" lon="-159.346359"><ele>53.455</ele><time>2026-09-11T19:42:38Z</time></trkpt><trkpt lat="22.061649" lon="-159.346334"><ele>53.499</ele><time>2026-09-11T19:42:42Z</time></trkpt><trkpt lat="22.061663" lon="-159.34632"><ele>53.892</ele><time>2026-09-11T19:42:44Z</time></trkpt><trkpt lat="22.061688" lon="-159.346299"><ele>54.658</ele><time>2026-09-11T19:42:49Z</time></trkpt><trkpt lat="22.061697" lon="-159.346289"><ele>54.819</ele><time>2026-09-11T19:42:50Z</time></trkpt><trkpt lat="22.061724" lon="-159.346294"><ele>55.809</ele><time>2026-09-11T19:42:56Z</time></trkpt><trkpt lat="22.061736" lon="-159.346293"><ele>55.819</ele><time>2026-09-11T19:42:59Z</time></trkpt><trkpt lat="22.061801" lon="-159.34629"><ele>56.409</ele><time>2026-09-11T19:43:07Z</time></trkpt><trkpt lat="22.061807" lon="-159.346299"><ele>56.863</ele><time>2026-09-11T19:43:10Z</time></trkpt><trkpt lat="22.061819" lon="-159.346346"><ele>57.699</ele><time>2026-09-11T19:43:17Z</time></trkpt><trkpt lat="22.061811" lon="-159.346367"><ele>58.046</ele><time>2026-09-11T19:43:19Z</time></trkpt><trkpt lat="22.061817" lon="-159.346421"><ele>58.893</ele><time>2026-09-11T19:43:25Z</time></trkpt><trkpt lat="22.061823" lon="-159.346432"><ele>59.085</ele><time>2026-09-11T19:43:27Z</time></trkpt><trkpt lat="22.061831" lon="-159.346493"><ele>60.231</ele><time>2026-09-11T19:43:35Z</time></trkpt><trkpt lat="22.061831" lon="-159.346502"><ele>60.265</ele><time>2026-09-11T19:43:36Z</time></trkpt><trkpt lat="22.061829" lon="-159.346509"><ele>60.498</ele><time>2026-09-11T19:43:37Z</time></trkpt><trkpt lat="22.061827" lon="-159.346516"><ele>60.454</ele><time>2026-09-11T19:43:38Z</time></trkpt><trkpt lat="22.061824" lon="-159.346523"><ele>60.614</ele><time>2026-09-11T19:43:39Z</time></trkpt><trkpt lat="22.061822" lon="-159.346545"><ele>61.054</ele><time>2026-09-11T19:43:46Z</time></trkpt><trkpt lat="22.061819" lon="-159.346562"><ele>61.209</ele><time>2026-09-11T19:43:55Z</time></trkpt><trkpt lat="22.061827" lon="-159.346562"><ele>61.209</ele><time>2026-09-11T19:43:57Z</time></trkpt><trkpt lat="22.061858" lon="-159.346564"><ele>60.883</ele><time>2026-09-11T19:44:06Z</time></trkpt><trkpt lat="22.061861" lon="-159.346568"><ele>60.899</ele><time>2026-09-11T19:44:07Z</time></trkpt><trkpt lat="22.06187" lon="-159.346577"><ele>61.016</ele><time>2026-09-11T19:44:10Z</time></trkpt><trkpt lat="22.061872" lon="-159.346598"><ele>61.223</ele><time>2026-09-11T19:44:17Z</time></trkpt><trkpt lat="22.061872" lon="-159.3466"><ele>61.225</ele><time>2026-09-11T19:44:18Z</time></trkpt><trkpt lat="22.061861" lon="-159.346599"><ele>61.281</ele><time>2026-09-11T19:44:20Z</time></trkpt><trkpt lat="22.061838" lon="-159.346618"><ele>61.665</ele><time>2026-09-11T19:44:25Z</time></trkpt><trkpt lat="22.06183" lon="-159.34662"><ele>61.818</ele><time>2026-09-11T19:44:26Z</time></trkpt><trkpt lat="22.06181" lon="-159.346643"><ele>62.034</ele><time>2026-09-11T19:44:30Z</time></trkpt><trkpt lat="22.061813" lon="-159.346648"><ele>62.259</ele><time>2026-09-11T19:44:32Z</time></trkpt><trkpt lat="22.061827" lon="-159.34664"><ele>62.803</ele><time>2026-09-11T19:44:36Z</time></trkpt><trkpt lat="22.061878" lon="-159.346576"><ele>63.023</ele><time>2026-09-11T19:44:45Z</time></trkpt><trkpt lat="22.061892" lon="-159.346559"><ele>63.209</ele><time>2026-09-11T19:44:47Z</time></trkpt><trkpt lat="22.061937" lon="-159.346515"><ele>64.047</ele><time>2026-09-11T19:44:54Z</time></trkpt><trkpt lat="22.061942" lon="-159.346509"><ele>64.413</ele><time>2026-09-11T19:44:55Z</time></trkpt><trkpt lat="22.06196" lon="-159.346488"><ele>65.470</ele><time>2026-09-11T19:44:59Z</time></trkpt><trkpt lat="22.061976" lon="-159.346457"><ele>66.217</ele><time>2026-09-11T19:45:04Z</time></trkpt><trkpt lat="22.061981" lon="-159.346452"><ele>66.469</ele><time>2026-09-11T19:45:05Z</time></trkpt><trkpt lat="22.061988" lon="-159.346446"><ele>66.685</ele><time>2026-09-11T19:45:06Z</time></trkpt><trkpt lat="22.06201" lon="-159.346433"><ele>67.259</ele><time>2026-09-11T19:45:09Z</time></trkpt><trkpt lat="22.062021" lon="-159.346427"><ele>67.652</ele><time>2026-09-11T19:45:11Z</time></trkpt><trkpt lat="22.062041" lon="-159.34643"><ele>68.428</ele><time>2026-09-11T19:45:14Z</time></trkpt><trkpt lat="22.062047" lon="-159.346434"><ele>68.636</ele><time>2026-09-11T19:45:15Z</time></trkpt><trkpt lat="22.062055" lon="-159.34644"><ele>68.817</ele><time>2026-09-11T19:45:16Z</time></trkpt><trkpt lat="22.062065" lon="-159.34645"><ele>69.018</ele><time>2026-09-11T19:45:17Z</time></trkpt><trkpt lat="22.062067" lon="-159.346469"><ele>69.809</ele><time>2026-09-11T19:45:21Z</time></trkpt><trkpt lat="22.062069" lon="-159.346476"><ele>70.025</ele><time>2026-09-11T19:45:22Z</time></trkpt><trkpt lat="22.062068" lon="-159.346547"><ele>70.871</ele><time>2026-09-11T19:45:30Z</time></trkpt><trkpt lat="22.062065" lon="-159.346554"><ele>71.038</ele><time>2026-09-11T19:45:31Z</time></trkpt><trkpt lat="22.062061" lon="-159.346564"><ele>71.045</ele><time>2026-09-11T19:45:33Z</time></trkpt><trkpt lat="22.062045" lon="-159.346601"><ele>71.627</ele><time>2026-09-11T19:45:39Z</time></trkpt><trkpt lat="22.062035" lon="-159.346618"><ele>72.263</ele><time>2026-09-11T19:45:41Z</time></trkpt><trkpt lat="22.062019" lon="-159.346627"><ele>72.677</ele><time>2026-09-11T19:45:44Z</time></trkpt><trkpt lat="22.061971" lon="-159.346705"><ele>72.210</ele><time>2026-09-11T19:45:54Z</time></trkpt><trkpt lat="22.061938" lon="-159.346753"><ele>71.256</ele><time>2026-09-11T19:46:00Z</time></trkpt><trkpt lat="22.061926" lon="-159.346814"><ele>71.228</ele><time>2026-09-11T19:46:06Z</time></trkpt><trkpt lat="22.061952" lon="-159.346822"><ele>72.489</ele><time>2026-09-11T19:46:11Z</time></trkpt><trkpt lat="22.061965" lon="-159.346822"><ele>73.017</ele><time>2026-09-11T19:46:14Z</time></trkpt><trkpt lat="22.061986" lon="-159.346812"><ele>73.409</ele><time>2026-09-11T19:46:18Z</time></trkpt><trkpt lat="22.062019" lon="-159.346786"><ele>74.654</ele><time>2026-09-11T19:46:25Z</time></trkpt><trkpt lat="22.06202" lon="-159.346784"><ele>74.680</ele><time>2026-09-11T19:46:26Z</time></trkpt><trkpt lat="22.06204" lon="-159.346765"><ele>75.477</ele><time>2026-09-11T19:46:34Z</time></trkpt><trkpt lat="22.062039" lon="-159.346765"><ele>75.684</ele><time>2026-09-11T19:46:36Z</time></trkpt><trkpt lat="22.062066" lon="-159.346752"><ele>75.866</ele><time>2026-09-11T19:46:45Z</time></trkpt><trkpt lat="22.062095" lon="-159.346726"><ele>76.832</ele><time>2026-09-11T19:46:50Z</time></trkpt><trkpt lat="22.06214" lon="-159.346691"><ele>77.876</ele><time>2026-09-11T19:46:57Z</time></trkpt><trkpt lat="22.062161" lon="-159.346669"><ele>78.879</ele><time>2026-09-11T19:47:04Z</time></trkpt><trkpt lat="22.062169" lon="-159.346662"><ele>79.285</ele><time>2026-09-11T19:47:06Z</time></trkpt><trkpt lat="22.062184" lon="-159.346646"><ele>80.013</ele><time>2026-09-11T19:47:10Z</time></trkpt><trkpt lat="22.06221" lon="-159.346624"><ele>80.443</ele><time>2026-09-11T19:47:14Z</time></trkpt><trkpt lat="22.062225" lon="-159.346606"><ele>81.007</ele><time>2026-09-11T19:47:16Z</time></trkpt><trkpt lat="22.062231" lon="-159.3466"><ele>81.209</ele><time>2026-09-11T19:47:17Z</time></trkpt><trkpt lat="22.062279" lon="-159.346551"><ele>82.093</ele><time>2026-09-11T19:47:25Z</time></trkpt><trkpt lat="22.062286" lon="-159.346549"><ele>82.089</ele><time>2026-09-11T19:47:27Z</time></trkpt><trkpt lat="22.062326" lon="-159.346512"><ele>83.086</ele><time>2026-09-11T19:47:35Z</time></trkpt><trkpt lat="22.062336" lon="-159.346492"><ele>83.083</ele><time>2026-09-11T19:47:38Z</time></trkpt><trkpt lat="22.062344" lon="-159.34648"><ele>82.885</ele><time>2026-09-11T19:47:40Z</time></trkpt><trkpt lat="22.062403" lon="-159.346427"><ele>83.621</ele><time>2026-09-11T19:47:48Z</time></trkpt><trkpt lat="22.06242" lon="-159.346418"><ele>83.825</ele><time>2026-09-11T19:47:50Z</time></trkpt><trkpt lat="22.062466" lon="-159.346394"><ele>84.838</ele><time>2026-09-11T19:47:58Z</time></trkpt><trkpt lat="22.06247" lon="-159.346392"><ele>84.834</ele><time>2026-09-11T19:47:59Z</time></trkpt><trkpt lat="22.062513" lon="-159.346414"><ele>86.086</ele><time>2026-09-11T19:48:08Z</time></trkpt><trkpt lat="22.062517" lon="-159.346418"><ele>86.260</ele><time>2026-09-11T19:48:09Z</time></trkpt><trkpt lat="22.062533" lon="-159.346476"><ele>87.226</ele><time>2026-09-11T19:48:17Z</time></trkpt><trkpt lat="22.06252" lon="-159.346491"><ele>87.209</ele><time>2026-09-11T19:48:19Z</time></trkpt><trkpt lat="22.0625" lon="-159.346543"><ele>87.640</ele><time>2026-09-11T19:48:28Z</time></trkpt><trkpt lat="22.062489" lon="-159.346562"><ele>88.236</ele><time>2026-09-11T19:48:31Z</time></trkpt><trkpt lat="22.062454" lon="-159.346592"><ele>89.023</ele><time>2026-09-11T19:48:38Z</time></trkpt><trkpt lat="22.062445" lon="-159.346617"><ele>89.260</ele><time>2026-09-11T19:48:42Z</time></trkpt><trkpt lat="22.062445" lon="-159.346662"><ele>90.012</ele><time>2026-09-11T19:48:48Z</time></trkpt><trkpt lat="22.062447" lon="-159.346665"><ele>90.268</ele><time>2026-09-11T19:48:49Z</time></trkpt><trkpt lat="22.062448" lon="-159.346668"><ele>90.222</ele><time>2026-09-11T19:48:50Z</time></trkpt><trkpt lat="22.062457" lon="-159.346663"><ele>90.245</ele><time>2026-09-11T19:48:56Z</time></trkpt><trkpt lat="22.06247" lon="-159.346664"><ele>90.241</ele><time>2026-09-11T19:49:01Z</time></trkpt><trkpt lat="22.06247" lon="-159.346658"><ele>90.049</ele><time>2026-09-11T19:49:09Z</time></trkpt><trkpt lat="22.062469" lon="-159.346666"><ele>90.002</ele><time>2026-09-11T19:49:12Z</time></trkpt><trkpt lat="22.062468" lon="-159.346667"><ele>90.022</ele><time>2026-09-11T19:49:13Z</time></trkpt><trkpt lat="22.062455" lon="-159.346689"><ele>89.409</ele><time>2026-09-11T19:49:25Z</time></trkpt><trkpt lat="22.062461" lon="-159.346698"><ele>89.446</ele><time>2026-09-11T19:49:27Z</time></trkpt><trkpt lat="22.062515" lon="-159.346714"><ele>90.612</ele><time>2026-09-11T19:49:38Z</time></trkpt><trkpt lat="22.062522" lon="-159.346716"><ele>90.659</ele><time>2026-09-11T19:49:39Z</time></trkpt><trkpt lat="22.062528" lon="-159.346718"><ele>90.866</ele><time>2026-09-11T19:49:40Z</time></trkpt><trkpt lat="22.062536" lon="-159.346721"><ele>91.078</ele><time>2026-09-11T19:49:41Z</time></trkpt><trkpt lat="22.062543" lon="-159.346725"><ele>91.434</ele><time>2026-09-11T19:49:43Z</time></trkpt><trkpt lat="22.062566" lon="-159.34673"><ele>92.228</ele><time>2026-09-11T19:49:48Z</time></trkpt><trkpt lat="22.062573" lon="-159.346736"><ele>92.431</ele><time>2026-09-11T19:49:50Z</time></trkpt><trkpt lat="22.062595" lon="-159.346742"><ele>93.047</ele><time>2026-09-11T19:49:54Z</time></trkpt><trkpt lat="22.062638" lon="-159.346747"><ele>93.073</ele><time>2026-09-11T19:49:58Z</time></trkpt><trkpt lat="22.062676" lon="-159.346753"><ele>93.285</ele><time>2026-09-11T19:50:02Z</time></trkpt><trkpt lat="22.062689" lon="-159.346762"><ele>93.413</ele><time>2026-09-11T19:50:04Z</time></trkpt><trkpt lat="22.062698" lon="-159.346779"><ele>93.609</ele><time>2026-09-11T19:50:07Z</time></trkpt><trkpt lat="22.0627" lon="-159.346787"><ele>93.839</ele><time>2026-09-11T19:50:09Z</time></trkpt><trkpt lat="22.062701" lon="-159.346804"><ele>94.445</ele><time>2026-09-11T19:50:12Z</time></trkpt><trkpt lat="22.062677" lon="-159.34681"><ele>95.072</ele><time>2026-09-11T19:50:17Z</time></trkpt><trkpt lat="22.062651" lon="-159.346841"><ele>95.629</ele><time>2026-09-11T19:50:23Z</time></trkpt><trkpt lat="22.06263" lon="-159.346861"><ele>96.061</ele><time>2026-09-11T19:50:27Z</time></trkpt><trkpt lat="22.062607" lon="-159.346921"><ele>96.677</ele><time>2026-09-11T19:50:33Z</time></trkpt><trkpt lat="22.062606" lon="-159.346925"><ele>96.821</ele><time>2026-09-11T19:50:34Z</time></trkpt><trkpt lat="22.062604" lon="-159.346928"><ele>97.064</ele><time>2026-09-11T19:50:35Z</time></trkpt><trkpt lat="22.062558" lon="-159.346982"><ele>97.490</ele><time>2026-09-11T19:50:42Z</time></trkpt><trkpt lat="22.062538" lon="-159.347015"><ele>97.657</ele><time>2026-09-11T19:50:45Z</time></trkpt><trkpt lat="22.062534" lon="-159.347037"><ele>97.800</ele><time>2026-09-11T19:50:49Z</time></trkpt><trkpt lat="22.062528" lon="-159.347077"><ele>98.620</ele><time>2026-09-11T19:50:55Z</time></trkpt><trkpt lat="22.062523" lon="-159.347095"><ele>99.009</ele><time>2026-09-11T19:50:58Z</time></trkpt><trkpt lat="22.062503" lon="-159.347143"><ele>99.487</ele><time>2026-09-11T19:51:05Z</time></trkpt><trkpt lat="22.062503" lon="-159.347175"><ele>100.013</ele><time>2026-09-11T19:51:08Z</time></trkpt><trkpt lat="22.062521" lon="-159.347213"><ele>100.890</ele><time>2026-09-11T19:51:14Z</time></trkpt><trkpt lat="22.062534" lon="-159.347212"><ele>101.067</ele><time>2026-09-11T19:51:16Z</time></trkpt><trkpt lat="22.062573" lon="-159.3472"><ele>101.899</ele><time>2026-09-11T19:51:24Z</time></trkpt><trkpt lat="22.062596" lon="-159.347195"><ele>102.025</ele><time>2026-09-11T19:51:27Z</time></trkpt><trkpt lat="22.06267" lon="-159.347157"><ele>103.029</ele><time>2026-09-11T19:51:36Z</time></trkpt><trkpt lat="22.062691" lon="-159.347148"><ele>103.212</ele><time>2026-09-11T19:51:38Z</time></trkpt><trkpt lat="22.062758" lon="-159.347114"><ele>103.618</ele><time>2026-09-11T19:51:45Z</time></trkpt><trkpt lat="22.0628" lon="-159.347104"><ele>104.274</ele><time>2026-09-11T19:51:52Z</time></trkpt><trkpt lat="22.062815" lon="-159.3471"><ele>104.656</ele><time>2026-09-11T19:51:55Z</time></trkpt><trkpt lat="22.06287" lon="-159.347089"><ele>105.221</ele><time>2026-09-11T19:52:04Z</time></trkpt><trkpt lat="22.062876" lon="-159.347087"><ele>105.209</ele><time>2026-09-11T19:52:05Z</time></trkpt><trkpt lat="22.062947" lon="-159.347059"><ele>106.099</ele><time>2026-09-11T19:52:14Z</time></trkpt><trkpt lat="22.062985" lon="-159.347058"><ele>106.235</ele><time>2026-09-11T19:52:19Z</time></trkpt><trkpt lat="22.063015" lon="-159.347057"><ele>106.672</ele><time>2026-09-11T19:52:23Z</time></trkpt><trkpt lat="22.063097" lon="-159.347063"><ele>107.459</ele><time>2026-09-11T19:52:33Z</time></trkpt><trkpt lat="22.063109" lon="-159.347064"><ele>107.451</ele><time>2026-09-11T19:52:34Z</time></trkpt><trkpt lat="22.063215" lon="-159.347062"><ele>108.477</ele><time>2026-09-11T19:52:46Z</time></trkpt><trkpt lat="22.063246" lon="-159.347089"><ele>109.481</ele><time>2026-09-11T19:52:53Z</time></trkpt><trkpt lat="22.06324" lon="-159.347096"><ele>109.874</ele><time>2026-09-11T19:52:55Z</time></trkpt><trkpt lat="22.063234" lon="-159.347108"><ele>109.890</ele><time>2026-09-11T19:52:57Z</time></trkpt><trkpt lat="22.063195" lon="-159.347125"><ele>110.673</ele><time>2026-09-11T19:53:04Z</time></trkpt><trkpt lat="22.06318" lon="-159.347133"><ele>110.885</ele><time>2026-09-11T19:53:07Z</time></trkpt><trkpt lat="22.063129" lon="-159.347183"><ele>111.013</ele><time>2026-09-11T19:53:16Z</time></trkpt><trkpt lat="22.063093" lon="-159.34721"><ele>111.809</ele><time>2026-09-11T19:53:21Z</time></trkpt><trkpt lat="22.063057" lon="-159.347226"><ele>112.049</ele><time>2026-09-11T19:53:26Z</time></trkpt><trkpt lat="22.06304" lon="-159.347259"><ele>112.865</ele><time>2026-09-11T19:53:33Z</time></trkpt><trkpt lat="22.063027" lon="-159.347272"><ele>113.252</ele><time>2026-09-11T19:53:35Z</time></trkpt><trkpt lat="22.062982" lon="-159.347308"><ele>114.049</ele><time>2026-09-11T19:53:41Z</time></trkpt><trkpt lat="22.062956" lon="-159.347328"><ele>114.471</ele><time>2026-09-11T19:53:45Z</time></trkpt><trkpt lat="22.062913" lon="-159.347369"><ele>114.227</ele><time>2026-09-11T19:53:53Z</time></trkpt><trkpt lat="22.062902" lon="-159.347383"><ele>114.421</ele><time>2026-09-11T19:53:55Z</time></trkpt><trkpt lat="22.062869" lon="-159.347418"><ele>115.234</ele><time>2026-09-11T19:54:00Z</time></trkpt><trkpt lat="22.062843" lon="-159.347466"><ele>116.070</ele><time>2026-09-11T19:54:06Z</time></trkpt><trkpt lat="22.062833" lon="-159.347478"><ele>116.213</ele><time>2026-09-11T19:54:08Z</time></trkpt><trkpt lat="22.062784" lon="-159.34752"><ele>116.643</ele><time>2026-09-11T19:54:16Z</time></trkpt><trkpt lat="22.062736" lon="-159.347563"><ele>117.207</ele><time>2026-09-11T19:54:24Z</time></trkpt><trkpt lat="22.06273" lon="-159.347572"><ele>117.409</ele><time>2026-09-11T19:54:25Z</time></trkpt><trkpt lat="22.062716" lon="-159.347603"><ele>117.653</ele><time>2026-09-11T19:54:28Z</time></trkpt><trkpt lat="22.062723" lon="-159.347677"><ele>118.219</ele><time>2026-09-11T19:54:36Z</time></trkpt><trkpt lat="22.062725" lon="-159.347682"><ele>118.436</ele><time>2026-09-11T19:54:37Z</time></trkpt><trkpt lat="22.062749" lon="-159.3477"><ele>119.673</ele><time>2026-09-11T19:54:44Z</time></trkpt><trkpt lat="22.062753" lon="-159.347701"><ele>119.635</ele><time>2026-09-11T19:54:45Z</time></trkpt><trkpt lat="22.062781" lon="-159.347707"><ele>120.641</ele><time>2026-09-11T19:54:51Z</time></trkpt><trkpt lat="22.062802" lon="-159.34771"><ele>121.445</ele><time>2026-09-11T19:54:55Z</time></trkpt><trkpt lat="22.06281" lon="-159.347707"><ele>121.838</ele><time>2026-09-11T19:54:57Z</time></trkpt><trkpt lat="22.062838" lon="-159.347681"><ele>122.654</ele><time>2026-09-11T19:55:03Z</time></trkpt><trkpt lat="22.062841" lon="-159.347673"><ele>122.834</ele><time>2026-09-11T19:55:04Z</time></trkpt><trkpt lat="22.062849" lon="-159.347662"><ele>122.855</ele><time>2026-09-11T19:55:05Z</time></trkpt><trkpt lat="22.062915" lon="-159.347617"><ele>123.010</ele><time>2026-09-11T19:55:15Z</time></trkpt><trkpt lat="22.062964" lon="-159.347572"><ele>123.009</ele><time>2026-09-11T19:55:23Z</time></trkpt><trkpt lat="22.062995" lon="-159.347565"><ele>123.855</ele><time>2026-09-11T19:55:27Z</time></trkpt><trkpt lat="22.063044" lon="-159.347547"><ele>124.821</ele><time>2026-09-11T19:55:33Z</time></trkpt><trkpt lat="22.063124" lon="-159.347497"><ele>125.218</ele><time>2026-09-11T19:55:43Z</time></trkpt><trkpt lat="22.063181" lon="-159.347463"><ele>125.855</ele><time>2026-09-11T19:55:51Z</time></trkpt><trkpt lat="22.063201" lon="-159.347446"><ele>126.037</ele><time>2026-09-11T19:55:53Z</time></trkpt><trkpt lat="22.063269" lon="-159.347401"><ele>127.063</ele><time>2026-09-11T19:56:02Z</time></trkpt><trkpt lat="22.063274" lon="-159.347399"><ele>127.077</ele><time>2026-09-11T19:56:03Z</time></trkpt><trkpt lat="22.063297" lon="-159.347409"><ele>127.680</ele><time>2026-09-11T19:56:06Z</time></trkpt><trkpt lat="22.063295" lon="-159.347421"><ele>128.266</ele><time>2026-09-11T19:56:08Z</time></trkpt><trkpt lat="22.063289" lon="-159.347428"><ele>128.637</ele><time>2026-09-11T19:56:10Z</time></trkpt><trkpt lat="22.063263" lon="-159.347465"><ele>129.249</ele><time>2026-09-11T19:56:16Z</time></trkpt><trkpt lat="22.063255" lon="-159.347474"><ele>129.413</ele><time>2026-09-11T19:56:18Z</time></trkpt><trkpt lat="22.063206" lon="-159.347528"><ele>130.009</ele><time>2026-09-11T19:56:28Z</time></trkpt><trkpt lat="22.063197" lon="-159.34754"><ele>130.455</ele><time>2026-09-11T19:56:30Z</time></trkpt><trkpt lat="22.063176" lon="-159.347553"><ele>130.821</ele><time>2026-09-11T19:56:34Z</time></trkpt><trkpt lat="22.063164" lon="-159.347572"><ele>131.488</ele><time>2026-09-11T19:56:38Z</time></trkpt><trkpt lat="22.063147" lon="-159.34762"><ele>132.455</ele><time>2026-09-11T19:56:45Z</time></trkpt><trkpt lat="22.063128" lon="-159.347653"><ele>133.257</ele><time>2026-09-11T19:56:50Z</time></trkpt><trkpt lat="22.06312" lon="-159.347662"><ele>133.643</ele><time>2026-09-11T19:56:52Z</time></trkpt><trkpt lat="22.063112" lon="-159.347729"><ele>134.427</ele><time>2026-09-11T19:57:00Z</time></trkpt><trkpt lat="22.063116" lon="-159.347738"><ele>134.850</ele><time>2026-09-11T19:57:01Z</time></trkpt><trkpt lat="22.063112" lon="-159.34777"><ele>135.856</ele><time>2026-09-11T19:57:06Z</time></trkpt><trkpt lat="22.063111" lon="-159.347773"><ele>135.872</ele><time>2026-09-11T19:57:07Z</time></trkpt><trkpt lat="22.063107" lon="-159.347802"><ele>136.813</ele><time>2026-09-11T19:57:12Z</time></trkpt><trkpt lat="22.063106" lon="-159.347822"><ele>137.414</ele><time>2026-09-11T19:57:15Z</time></trkpt><trkpt lat="22.063094" lon="-159.347845"><ele>137.809</ele><time>2026-09-11T19:57:19Z</time></trkpt><trkpt lat="22.063074" lon="-159.347894"><ele>138.229</ele><time>2026-09-11T19:57:24Z</time></trkpt><trkpt lat="22.063075" lon="-159.347924"><ele>139.085</ele><time>2026-09-11T19:57:28Z</time></trkpt><trkpt lat="22.063077" lon="-159.347953"><ele>139.222</ele><time>2026-09-11T19:57:34Z</time></trkpt><trkpt lat="22.063094" lon="-159.347951"><ele>139.289</ele><time>2026-09-11T19:57:42Z</time></trkpt><trkpt lat="22.0631" lon="-159.347943"><ele>139.081</ele><time>2026-09-11T19:57:44Z</time></trkpt><trkpt lat="22.063103" lon="-159.347944"><ele>139.257</ele><time>2026-09-11T19:57:54Z</time></trkpt><trkpt lat="22.063102" lon="-159.347945"><ele>139.231</ele><time>2026-09-11T19:57:55Z</time></trkpt><trkpt lat="22.063067" lon="-159.347956"><ele>139.484</ele><time>2026-09-11T19:58:07Z</time></trkpt><trkpt lat="22.063067" lon="-159.347957"><ele>139.470</ele><time>2026-09-11T19:58:08Z</time></trkpt><trkpt lat="22.063078" lon="-159.347955"><ele>139.459</ele><time>2026-09-11T19:58:14Z</time></trkpt><trkpt lat="22.063079" lon="-159.347956"><ele>139.403</ele><time>2026-09-11T19:58:15Z</time></trkpt><trkpt lat="22.063089" lon="-159.347955"><ele>139.423</ele><time>2026-09-11T19:58:19Z</time></trkpt><trkpt lat="22.063095" lon="-159.347954"><ele>139.409</ele><time>2026-09-11T19:58:22Z</time></trkpt><trkpt lat="22.0631" lon="-159.34795"><ele>139.477</ele><time>2026-09-11T19:58:25Z</time></trkpt><trkpt lat="22.063095" lon="-159.347942"><ele>139.633</ele><time>2026-09-11T19:58:30Z</time></trkpt><trkpt lat="22.063095" lon="-159.347947"><ele>139.680</ele><time>2026-09-11T19:58:37Z</time></trkpt><trkpt lat="22.063097" lon="-159.347943"><ele>139.647</ele><time>2026-09-11T19:58:39Z</time></trkpt><trkpt lat="22.063099" lon="-159.34794"><ele>139.669</ele><time>2026-09-11T19:58:41Z</time></trkpt><trkpt lat="22.063093" lon="-159.347944"><ele>140.025</ele><time>2026-09-11T19:58:53Z</time></trkpt><trkpt lat="22.063055" lon="-159.347993"><ele>140.079</ele><time>2026-09-11T19:59:02Z</time></trkpt><trkpt lat="22.063022" lon="-159.348026"><ele>141.062</ele><time>2026-09-11T19:59:08Z</time></trkpt><trkpt lat="22.063009" lon="-159.348043"><ele>141.688</ele><time>2026-09-11T19:59:11Z</time></trkpt><trkpt lat="22.062982" lon="-159.348079"><ele>142.062</ele><time>2026-09-11T19:59:19Z</time></trkpt><trkpt lat="22.062967" lon="-159.348089"><ele>142.283</ele><time>2026-09-11T19:59:21Z</time></trkpt><trkpt lat="22.062903" lon="-159.34811"><ele>142.211</ele><time>2026-09-11T19:59:28Z</time></trkpt><trkpt lat="22.062831" lon="-159.348157"><ele>143.209</ele><time>2026-09-11T19:59:36Z</time></trkpt><trkpt lat="22.062823" lon="-159.348165"><ele>143.828</ele><time>2026-09-11T19:59:39Z</time></trkpt><trkpt lat="22.062784" lon="-159.348185"><ele>144.244</ele><time>2026-09-11T19:59:45Z</time></trkpt><trkpt lat="22.06279" lon="-159.348192"><ele>144.451</ele><time>2026-09-11T19:59:47Z</time></trkpt><trkpt lat="22.062798" lon="-159.348193"><ele>144.688</ele><time>2026-09-11T19:59:49Z</time></trkpt><trkpt lat="22.062812" lon="-159.348197"><ele>145.420</ele><time>2026-09-11T19:59:54Z</time></trkpt><trkpt lat="22.062828" lon="-159.348205"><ele>145.266</ele><time>2026-09-11T19:59:58Z</time></trkpt><trkpt lat="22.062866" lon="-159.348203"><ele>145.440</ele><time>2026-09-11T20:00:06Z</time></trkpt><trkpt lat="22.062882" lon="-159.348194"><ele>145.883</ele><time>2026-09-11T20:00:09Z</time></trkpt><trkpt lat="22.062919" lon="-159.348168"><ele>145.689</ele><time>2026-09-11T20:00:13Z</time></trkpt><trkpt lat="22.062953" lon="-159.34816"><ele>145.892</ele><time>2026-09-11T20:00:17Z</time></trkpt><trkpt lat="22.062968" lon="-159.348162"><ele>146.073</ele><time>2026-09-11T20:00:19Z</time></trkpt><trkpt lat="22.062995" lon="-159.348171"><ele>146.420</ele><time>2026-09-11T20:00:23Z</time></trkpt><trkpt lat="22.063005" lon="-159.34818"><ele>146.609</ele><time>2026-09-11T20:00:25Z</time></trkpt><trkpt lat="22.063015" lon="-159.348179"><ele>146.611</ele><time>2026-09-11T20:00:27Z</time></trkpt><trkpt lat="22.063003" lon="-159.348177"><ele>147.657</ele><time>2026-09-11T20:00:34Z</time></trkpt><trkpt lat="22.062999" lon="-159.348177"><ele>147.694</ele><time>2026-09-11T20:00:36Z</time></trkpt><trkpt lat="22.062954" lon="-159.348204"><ele>148.411</ele><time>2026-09-11T20:00:44Z</time></trkpt><trkpt lat="22.062937" lon="-159.34822"><ele>148.693</ele><time>2026-09-11T20:00:47Z</time></trkpt><trkpt lat="22.062925" lon="-159.348237"><ele>149.479</ele><time>2026-09-11T20:00:52Z</time></trkpt><trkpt lat="22.062922" lon="-159.34824"><ele>149.633</ele><time>2026-09-11T20:00:53Z</time></trkpt><trkpt lat="22.062921" lon="-159.348243"><ele>149.846</ele><time>2026-09-11T20:00:54Z</time></trkpt><trkpt lat="22.062889" lon="-159.348262"><ele>150.862</ele><time>2026-09-11T20:01:00Z</time></trkpt><trkpt lat="22.062874" lon="-159.348269"><ele>151.293</ele><time>2026-09-11T20:01:03Z</time></trkpt><trkpt lat="22.062847" lon="-159.348302"><ele>151.865</ele><time>2026-09-11T20:01:09Z</time></trkpt><trkpt lat="22.062841" lon="-159.348306"><ele>152.021</ele><time>2026-09-11T20:01:10Z</time></trkpt><trkpt lat="22.062829" lon="-159.348316"><ele>152.209</ele><time>2026-09-11T20:01:12Z</time></trkpt><trkpt lat="22.062798" lon="-159.348351"><ele>152.851</ele><time>2026-09-11T20:01:19Z</time></trkpt><trkpt lat="22.062786" lon="-159.348361"><ele>153.077</ele><time>2026-09-11T20:01:21Z</time></trkpt><trkpt lat="22.062761" lon="-159.348378"><ele>154.094</ele><time>2026-09-11T20:01:26Z</time></trkpt><trkpt lat="22.062754" lon="-159.348381"><ele>154.291</ele><time>2026-09-11T20:01:27Z</time></trkpt><trkpt lat="22.062741" lon="-159.348407"><ele>154.883</ele><time>2026-09-11T20:01:33Z</time></trkpt><trkpt lat="22.062734" lon="-159.348431"><ele>155.269</ele><time>2026-09-11T20:01:37Z</time></trkpt><trkpt lat="22.062745" lon="-159.348439"><ele>155.873</ele><time>2026-09-11T20:01:40Z</time></trkpt><trkpt lat="22.062744" lon="-159.348435"><ele>156.296</ele><time>2026-09-11T20:01:42Z</time></trkpt><trkpt lat="22.062739" lon="-159.348439"><ele>156.422</ele><time>2026-09-11T20:01:45Z</time></trkpt><trkpt lat="22.062736" lon="-159.348437"><ele>156.839</ele><time>2026-09-11T20:01:52Z</time></trkpt><trkpt lat="22.062739" lon="-159.348438"><ele>156.601</ele><time>2026-09-11T20:01:57Z</time></trkpt><trkpt lat="22.062751" lon="-159.348446"><ele>156.621</ele><time>2026-09-11T20:02:00Z</time></trkpt><trkpt lat="22.062779" lon="-159.348444"><ele>157.409</ele><time>2026-09-11T20:02:05Z</time></trkpt><trkpt lat="22.062795" lon="-159.348436"><ele>158.095</ele><time>2026-09-11T20:02:08Z</time></trkpt><trkpt lat="22.062801" lon="-159.348429"><ele>158.491</ele><time>2026-09-11T20:02:10Z</time></trkpt><trkpt lat="22.062809" lon="-159.348417"><ele>158.698</ele><time>2026-09-11T20:02:14Z</time></trkpt><trkpt lat="22.062819" lon="-159.348422"><ele>158.885</ele><time>2026-09-11T20:02:18Z</time></trkpt><trkpt lat="22.062819" lon="-159.34843"><ele>159.277</ele><time>2026-09-11T20:02:27Z</time></trkpt><trkpt lat="22.062819" lon="-159.348428"><ele>159.283</ele><time>2026-09-11T20:02:28Z</time></trkpt><trkpt lat="22.062819" lon="-159.34843"><ele>159.697</ele><time>2026-09-11T20:02:31Z</time></trkpt><trkpt lat="22.062823" lon="-159.348429"><ele>160.270</ele><time>2026-09-11T20:02:35Z</time></trkpt><trkpt lat="22.062812" lon="-159.348442"><ele>160.036</ele><time>2026-09-11T20:02:41Z</time></trkpt><trkpt lat="22.062803" lon="-159.348453"><ele>160.291</ele><time>2026-09-11T20:02:46Z</time></trkpt><trkpt lat="22.0628" lon="-159.348452"><ele>160.281</ele><time>2026-09-11T20:02:47Z</time></trkpt><trkpt lat="22.062799" lon="-159.348454"><ele>160.219</ele><time>2026-09-11T20:02:48Z</time></trkpt><trkpt lat="22.062797" lon="-159.348455"><ele>160.209</ele><time>2026-09-11T20:02:49Z</time></trkpt><trkpt lat="22.062797" lon="-159.348455"><ele>160.211</ele><time>2026-09-11T20:02:50Z</time></trkpt><trkpt lat="22.062797" lon="-159.348455"><ele>160.097</ele><time>2026-09-11T20:02:51Z</time></trkpt><trkpt lat="22.062822" lon="-159.348433"><ele>160.224</ele><time>2026-09-11T20:02:58Z</time></trkpt><trkpt lat="22.062821" lon="-159.348432"><ele>159.491</ele><time>2026-09-11T20:03:04Z</time></trkpt><trkpt lat="22.062822" lon="-159.348438"><ele>159.463</ele><time>2026-09-11T20:03:13Z</time></trkpt><trkpt lat="22.062819" lon="-159.348438"><ele>159.479</ele><time>2026-09-11T20:03:15Z</time></trkpt><trkpt lat="22.062818" lon="-159.348442"><ele>159.093</ele><time>2026-09-11T20:03:22Z</time></trkpt><trkpt lat="22.062817" lon="-159.348443"><ele>159.076</ele><time>2026-09-11T20:03:23Z</time></trkpt><trkpt lat="22.062815" lon="-159.348444"><ele>158.832</ele><time>2026-09-11T20:03:25Z</time></trkpt><trkpt lat="22.062815" lon="-159.348448"><ele>158.867</ele><time>2026-09-11T20:03:29Z</time></trkpt><trkpt lat="22.062829" lon="-159.348428"><ele>158.881</ele><time>2026-09-11T20:03:32Z</time></trkpt><trkpt lat="22.062862" lon="-159.348397"><ele>158.819</ele><time>2026-09-11T20:03:36Z</time></trkpt><trkpt lat="22.062896" lon="-159.348373"><ele>158.609</ele><time>2026-09-11T20:03:43Z</time></trkpt><trkpt lat="22.062944" lon="-159.348349"><ele>159.278</ele><time>2026-09-11T20:03:50Z</time></trkpt><trkpt lat="22.06296" lon="-159.348338"><ele>159.424</ele><time>2026-09-11T20:03:54Z</time></trkpt><trkpt lat="22.063004" lon="-159.348331"><ele>160.231</ele><time>2026-09-11T20:04:04Z</time></trkpt><trkpt lat="22.063034" lon="-159.348319"><ele>160.418</ele><time>2026-09-11T20:04:09Z</time></trkpt><trkpt lat="22.063047" lon="-159.348315"><ele>160.430</ele><time>2026-09-11T20:04:11Z</time></trkpt><trkpt lat="22.063057" lon="-159.34831"><ele>160.456</ele><time>2026-09-11T20:04:13Z</time></trkpt><trkpt lat="22.063065" lon="-159.348306"><ele>160.650</ele><time>2026-09-11T20:04:14Z</time></trkpt><trkpt lat="22.063112" lon="-159.348243"><ele>160.863</ele><time>2026-09-11T20:04:23Z</time></trkpt><trkpt lat="22.06315" lon="-159.348199"><ele>161.479</ele><time>2026-09-11T20:04:30Z</time></trkpt><trkpt lat="22.063193" lon="-159.348173"><ele>161.638</ele><time>2026-09-11T20:04:34Z</time></trkpt><trkpt lat="22.063229" lon="-159.348162"><ele>161.470</ele><time>2026-09-11T20:04:37Z</time></trkpt><trkpt lat="22.063288" lon="-159.348133"><ele>161.617</ele><time>2026-09-11T20:04:45Z</time></trkpt><trkpt lat="22.063331" lon="-159.348089"><ele>161.409</ele><time>2026-09-11T20:04:54Z</time></trkpt><trkpt lat="22.063344" lon="-159.348028"><ele>160.485</ele><time>2026-09-11T20:05:04Z</time></trkpt><trkpt lat="22.063348" lon="-159.348024"><ele>160.231</ele><time>2026-09-11T20:05:05Z</time></trkpt><trkpt lat="22.063369" lon="-159.347965"><ele>159.428</ele><time>2026-09-11T20:05:10Z</time></trkpt><trkpt lat="22.06338" lon="-159.347946"><ele>159.265</ele><time>2026-09-11T20:05:12Z</time></trkpt><trkpt lat="22.063409" lon="-159.347902"><ele>159.277</ele><time>2026-09-11T20:05:20Z</time></trkpt><trkpt lat="22.063412" lon="-159.347896"><ele>159.253</ele><time>2026-09-11T20:05:21Z</time></trkpt><trkpt lat="22.063439" lon="-159.347837"><ele>158.447</ele><time>2026-09-11T20:05:29Z</time></trkpt><trkpt lat="22.063443" lon="-159.347829"><ele>158.270</ele><time>2026-09-11T20:05:31Z</time></trkpt><trkpt lat="22.063452" lon="-159.347818"><ele>157.236</ele><time>2026-09-11T20:05:37Z</time></trkpt><trkpt lat="22.063465" lon="-159.347797"><ele>156.833</ele><time>2026-09-11T20:05:40Z</time></trkpt><trkpt lat="22.063478" lon="-159.347766"><ele>156.223</ele><time>2026-09-11T20:05:44Z</time></trkpt><trkpt lat="22.063485" lon="-159.347733"><ele>155.215</ele><time>2026-09-11T20:05:48Z</time></trkpt><trkpt lat="22.063488" lon="-159.347718"><ele>154.809</ele><time>2026-09-11T20:05:49Z</time></trkpt><trkpt lat="22.063489" lon="-159.347682"><ele>154.035</ele><time>2026-09-11T20:05:53Z</time></trkpt><trkpt lat="22.063513" lon="-159.347632"><ele>153.221</ele><time>2026-09-11T20:05:58Z</time></trkpt><trkpt lat="22.063529" lon="-159.347621"><ele>153.048</ele><time>2026-09-11T20:06:00Z</time></trkpt><trkpt lat="22.063544" lon="-159.347611"><ele>152.695</ele><time>2026-09-11T20:06:02Z</time></trkpt><trkpt lat="22.063581" lon="-159.347614"><ele>151.817</ele><time>2026-09-11T20:06:07Z</time></trkpt><trkpt lat="22.063584" lon="-159.347618"><ele>151.813</ele><time>2026-09-11T20:06:08Z</time></trkpt><trkpt lat="22.063622" lon="-159.347635"><ele>151.257</ele><time>2026-09-11T20:06:15Z</time></trkpt><trkpt lat="22.063629" lon="-159.347638"><ele>150.870</ele><time>2026-09-11T20:06:16Z</time></trkpt><trkpt lat="22.063643" lon="-159.347646"><ele>149.696</ele><time>2026-09-11T20:06:19Z</time></trkpt><trkpt lat="22.063691" lon="-159.347679"><ele>148.873</ele><time>2026-09-11T20:06:25Z</time></trkpt><trkpt lat="22.063776" lon="-159.347715"><ele>148.885</ele><time>2026-09-11T20:06:34Z</time></trkpt><trkpt lat="22.063853" lon="-159.347688"><ele>149.413</ele><time>2026-09-11T20:06:42Z</time></trkpt><trkpt lat="22.063932" lon="-159.347669"><ele>150.009</ele><time>2026-09-11T20:06:51Z</time></trkpt><trkpt lat="22.063973" lon="-159.347648"><ele>150.829</ele><time>2026-09-11T20:06:56Z</time></trkpt><trkpt lat="22.063995" lon="-159.347641"><ele>151.255</ele><time>2026-09-11T20:07:00Z</time></trkpt><trkpt lat="22.064028" lon="-159.347637"><ele>151.252</ele><time>2026-09-11T20:07:05Z</time></trkpt><trkpt lat="22.064045" lon="-159.347635"><ele>151.499</ele><time>2026-09-11T20:07:07Z</time></trkpt><trkpt lat="22.064057" lon="-159.347629"><ele>151.631</ele><time>2026-09-11T20:07:09Z</time></trkpt><trkpt lat="22.064061" lon="-159.347627"><ele>151.827</ele><time>2026-09-11T20:07:10Z</time></trkpt><trkpt lat="22.064108" lon="-159.347606"><ele>151.681</ele><time>2026-09-11T20:07:19Z</time></trkpt><trkpt lat="22.064115" lon="-159.3476"><ele>151.834</ele><time>2026-09-11T20:07:21Z</time></trkpt><trkpt lat="22.064157" lon="-159.347565"><ele>152.660</ele><time>2026-09-11T20:07:30Z</time></trkpt><trkpt lat="22.064192" lon="-159.347546"><ele>152.863</ele><time>2026-09-11T20:07:34Z</time></trkpt><trkpt lat="22.064252" lon="-159.347514"><ele>153.244</ele><time>2026-09-11T20:07:41Z</time></trkpt><trkpt lat="22.064312" lon="-159.347494"><ele>153.618</ele><time>2026-09-11T20:07:49Z</time></trkpt><trkpt lat="22.064325" lon="-159.347488"><ele>153.809</ele><time>2026-09-11T20:07:51Z</time></trkpt><trkpt lat="22.064364" lon="-159.347455"><ele>154.858</ele><time>2026-09-11T20:07:57Z</time></trkpt><trkpt lat="22.06437" lon="-159.347452"><ele>154.834</ele><time>2026-09-11T20:07:59Z</time></trkpt><trkpt lat="22.064374" lon="-159.34745"><ele>155.081</ele><time>2026-09-11T20:08:00Z</time></trkpt><trkpt lat="22.064405" lon="-159.347443"><ele>155.248</ele><time>2026-09-11T20:08:05Z</time></trkpt><trkpt lat="22.064417" lon="-159.347452"><ele>155.420</ele><time>2026-09-11T20:08:09Z</time></trkpt><trkpt lat="22.064423" lon="-159.347456"><ele>155.496</ele><time>2026-09-11T20:08:10Z</time></trkpt><trkpt lat="22.064412" lon="-159.347462"><ele>155.840</ele><time>2026-09-11T20:08:16Z</time></trkpt><trkpt lat="22.064397" lon="-159.347466"><ele>155.843</ele><time>2026-09-11T20:08:18Z</time></trkpt><trkpt lat="22.064382" lon="-159.347474"><ele>156.099</ele><time>2026-09-11T20:08:20Z</time></trkpt><trkpt lat="22.064368" lon="-159.347505"><ele>156.262</ele><time>2026-09-11T20:08:26Z</time></trkpt><trkpt lat="22.064351" lon="-159.347557"><ele>156.883</ele><time>2026-09-11T20:08:35Z</time></trkpt><trkpt lat="22.06434" lon="-159.34757"><ele>157.011</ele><time>2026-09-11T20:08:37Z</time></trkpt><trkpt lat="22.064317" lon="-159.347591"><ele>157.009</ele><time>2026-09-11T20:08:43Z</time></trkpt><trkpt lat="22.064306" lon="-159.347651"><ele>158.048</ele><time>2026-09-11T20:08:50Z</time></trkpt><trkpt lat="22.064307" lon="-159.347659"><ele>158.224</ele><time>2026-09-11T20:08:52Z</time></trkpt><trkpt lat="22.064277" lon="-159.347666"><ele>158.861</ele><time>2026-09-11T20:09:00Z</time></trkpt><trkpt lat="22.064258" lon="-159.347714"><ele>159.218</ele><time>2026-09-11T20:09:05Z</time></trkpt><trkpt lat="22.064259" lon="-159.34774"><ele>159.610</ele><time>2026-09-11T20:09:08Z</time></trkpt><trkpt lat="22.064275" lon="-159.347761"><ele>160.236</ele><time>2026-09-11T20:09:12Z</time></trkpt><trkpt lat="22.064297" lon="-159.347743"><ele>161.470</ele><time>2026-09-11T20:09:17Z</time></trkpt><trkpt lat="22.064322" lon="-159.347722"><ele>162.063</ele><time>2026-09-11T20:09:23Z</time></trkpt><trkpt lat="22.06434" lon="-159.347702"><ele>162.429</ele><time>2026-09-11T20:09:26Z</time></trkpt><trkpt lat="22.06439" lon="-159.34764"><ele>163.495</ele><time>2026-09-11T20:09:33Z</time></trkpt><trkpt lat="22.064405" lon="-159.347625"><ele>163.649</ele><time>2026-09-11T20:09:35Z</time></trkpt><trkpt lat="22.064508" lon="-159.347603"><ele>164.423</ele><time>2026-09-11T20:09:45Z</time></trkpt><trkpt lat="22.064524" lon="-159.347599"><ele>164.609</ele><time>2026-09-11T20:09:48Z</time></trkpt><trkpt lat="22.064555" lon="-159.347583"><ele>165.051</ele><time>2026-09-11T20:09:54Z</time></trkpt><trkpt lat="22.064613" lon="-159.347521"><ele>165.297</ele><time>2026-09-11T20:10:04Z</time></trkpt><trkpt lat="22.064621" lon="-159.347528"><ele>165.634</ele><time>2026-09-11T20:10:07Z</time></trkpt><trkpt lat="22.064619" lon="-159.347533"><ele>165.871</ele><time>2026-09-11T20:10:08Z</time></trkpt><trkpt lat="22.064611" lon="-159.347549"><ele>166.413</ele><time>2026-09-11T20:10:11Z</time></trkpt><trkpt lat="22.064602" lon="-159.347557"><ele>166.819</ele><time>2026-09-11T20:10:13Z</time></trkpt><trkpt lat="22.064567" lon="-159.347599"><ele>167.033</ele><time>2026-09-11T20:10:21Z</time></trkpt><trkpt lat="22.06455" lon="-159.347615"><ele>166.696</ele><time>2026-09-11T20:10:24Z</time></trkpt><trkpt lat="22.064543" lon="-159.347622"><ele>166.632</ele><time>2026-09-11T20:10:26Z</time></trkpt><trkpt lat="22.06451" lon="-159.347661"><ele>166.853</ele><time>2026-09-11T20:10:32Z</time></trkpt><trkpt lat="22.064457" lon="-159.347692"><ele>167.804</ele><time>2026-09-11T20:10:39Z</time></trkpt><trkpt lat="22.06446" lon="-159.347695"><ele>168.014</ele><time>2026-09-11T20:10:42Z</time></trkpt><trkpt lat="22.064447" lon="-159.347727"><ele>168.609</ele><time>2026-09-11T20:10:51Z</time></trkpt><trkpt lat="22.064442" lon="-159.347737"><ele>169.027</ele><time>2026-09-11T20:10:53Z</time></trkpt><trkpt lat="22.064437" lon="-159.347743"><ele>169.223</ele><time>2026-09-11T20:10:55Z</time></trkpt><trkpt lat="22.064424" lon="-159.347763"><ele>169.890</ele><time>2026-09-11T20:11:00Z</time></trkpt><trkpt lat="22.064421" lon="-159.34777"><ele>170.057</ele><time>2026-09-11T20:11:01Z</time></trkpt><trkpt lat="22.064419" lon="-159.347774"><ele>170.299</ele><time>2026-09-11T20:11:02Z</time></trkpt><trkpt lat="22.064394" lon="-159.347821"><ele>171.025</ele><time>2026-09-11T20:11:08Z</time></trkpt><trkpt lat="22.064385" lon="-159.347827"><ele>171.289</ele><time>2026-09-11T20:11:09Z</time></trkpt><trkpt lat="22.064365" lon="-159.347846"><ele>171.422</ele><time>2026-09-11T20:11:12Z</time></trkpt><trkpt lat="22.064328" lon="-159.347863"><ele>172.088</ele><time>2026-09-11T20:11:19Z</time></trkpt><trkpt lat="22.064311" lon="-159.347867"><ele>172.277</ele><time>2026-09-11T20:11:21Z</time></trkpt><trkpt lat="22.064302" lon="-159.347867"><ele>172.461</ele><time>2026-09-11T20:11:22Z</time></trkpt><trkpt lat="22.064264" lon="-159.347891"><ele>173.427</ele><time>2026-09-11T20:11:29Z</time></trkpt><trkpt lat="22.064239" lon="-159.347906"><ele>173.809</ele><time>2026-09-11T20:11:32Z</time></trkpt><trkpt lat="22.064238" lon="-159.347923"><ele>174.089</ele><time>2026-09-11T20:11:35Z</time></trkpt><trkpt lat="22.064252" lon="-159.347935"><ele>174.675</ele><time>2026-09-11T20:11:39Z</time></trkpt><trkpt lat="22.064278" lon="-159.347951"><ele>175.612</ele><time>2026-09-11T20:11:44Z</time></trkpt><trkpt lat="22.064299" lon="-159.347976"><ele>176.659</ele><time>2026-09-11T20:11:50Z</time></trkpt><trkpt lat="22.064302" lon="-159.347976"><ele>176.851</ele><time>2026-09-11T20:11:51Z</time></trkpt><trkpt lat="22.064323" lon="-159.347994"><ele>178.047</ele><time>2026-09-11T20:11:57Z</time></trkpt><trkpt lat="22.064346" lon="-159.348009"><ele>178.871</ele><time>2026-09-11T20:12:02Z</time></trkpt><trkpt lat="22.064354" lon="-159.348014"><ele>179.264</ele><time>2026-09-11T20:12:03Z</time></trkpt><trkpt lat="22.06439" lon="-159.348008"><ele>180.230</ele><time>2026-09-11T20:12:09Z</time></trkpt><trkpt lat="22.0644" lon="-159.348007"><ele>180.681</ele><time>2026-09-11T20:12:11Z</time></trkpt><trkpt lat="22.064412" lon="-159.348002"><ele>181.261</ele><time>2026-09-11T20:12:14Z</time></trkpt><trkpt lat="22.064459" lon="-159.348006"><ele>182.417</ele><time>2026-09-11T20:12:21Z</time></trkpt><trkpt lat="22.064459" lon="-159.348011"><ele>182.409</ele><time>2026-09-11T20:12:22Z</time></trkpt><trkpt lat="22.064453" lon="-159.34802"><ele>182.840</ele><time>2026-09-11T20:12:24Z</time></trkpt><trkpt lat="22.064444" lon="-159.348037"><ele>183.496</ele><time>2026-09-11T20:12:30Z</time></trkpt><trkpt lat="22.064459" lon="-159.348056"><ele>184.673</ele><time>2026-09-11T20:12:39Z</time></trkpt><trkpt lat="22.064491" lon="-159.348046"><ele>185.830</ele><time>2026-09-11T20:12:44Z</time></trkpt><trkpt lat="22.064515" lon="-159.348021"><ele>186.262</ele><time>2026-09-11T20:12:47Z</time></trkpt><trkpt lat="22.064535" lon="-159.347989"><ele>186.868</ele><time>2026-09-11T20:12:53Z</time></trkpt><trkpt lat="22.064545" lon="-159.347963"><ele>187.062</ele><time>2026-09-11T20:12:56Z</time></trkpt><trkpt lat="22.06459" lon="-159.347865"><ele>187.475</ele><time>2026-09-11T20:13:08Z</time></trkpt><trkpt lat="22.064608" lon="-159.347838"><ele>188.071</ele><time>2026-09-11T20:13:14Z</time></trkpt><trkpt lat="22.06462" lon="-159.347832"><ele>188.636</ele><time>2026-09-11T20:13:17Z</time></trkpt><trkpt lat="22.06463" lon="-159.347839"><ele>188.817</ele><time>2026-09-11T20:13:19Z</time></trkpt><trkpt lat="22.064636" lon="-159.347852"><ele>189.018</ele><time>2026-09-11T20:13:21Z</time></trkpt><trkpt lat="22.064639" lon="-159.347864"><ele>189.209</ele><time>2026-09-11T20:13:24Z</time></trkpt><trkpt lat="22.064638" lon="-159.347861"><ele>189.215</ele><time>2026-09-11T20:13:25Z</time></trkpt><trkpt lat="22.064638" lon="-159.347853"><ele>189.261</ele><time>2026-09-11T20:13:29Z</time></trkpt><trkpt lat="22.06464" lon="-159.347854"><ele>188.888</ele><time>2026-09-11T20:13:37Z</time></trkpt><trkpt lat="22.06464" lon="-159.347857"><ele>188.845</ele><time>2026-09-11T20:13:40Z</time></trkpt><trkpt lat="22.06464" lon="-159.347853"><ele>188.697</ele><time>2026-09-11T20:13:49Z</time></trkpt><trkpt lat="22.06464" lon="-159.347853"><ele>188.293</ele><time>2026-09-11T20:13:56Z</time></trkpt><trkpt lat="22.064625" lon="-159.347884"><ele>188.027</ele><time>2026-09-11T20:14:06Z</time></trkpt><trkpt lat="22.064619" lon="-159.347895"><ele>187.830</ele><time>2026-09-11T20:14:07Z</time></trkpt><trkpt lat="22.064612" lon="-159.347929"><ele>187.816</ele><time>2026-09-11T20:14:10Z</time></trkpt><trkpt lat="22.06462" lon="-159.347951"><ele>188.087</ele><time>2026-09-11T20:14:13Z</time></trkpt><trkpt lat="22.064627" lon="-159.347973"><ele>188.442</ele><time>2026-09-11T20:14:17Z</time></trkpt><trkpt lat="22.064627" lon="-159.34798"><ele>188.626</ele><time>2026-09-11T20:14:18Z</time></trkpt><trkpt lat="22.064627" lon="-159.347998"><ele>188.809</ele><time>2026-09-11T20:14:20Z</time></trkpt><trkpt lat="22.064625" lon="-159.34802"><ele>189.070</ele><time>2026-09-11T20:14:22Z</time></trkpt><trkpt lat="22.064625" lon="-159.348033"><ele>189.096</ele><time>2026-09-11T20:14:24Z</time></trkpt><trkpt lat="22.064624" lon="-159.348082"><ele>189.613</ele><time>2026-09-11T20:14:30Z</time></trkpt><trkpt lat="22.064588" lon="-159.348127"><ele>189.640</ele><time>2026-09-11T20:14:38Z</time></trkpt><trkpt lat="22.064575" lon="-159.348135"><ele>189.822</ele><time>2026-09-11T20:14:40Z</time></trkpt><trkpt lat="22.06457" lon="-159.348139"><ele>190.048</ele><time>2026-09-11T20:14:41Z</time></trkpt><trkpt lat="22.064504" lon="-159.348195"><ele>190.692</ele><time>2026-09-11T20:14:51Z</time></trkpt><trkpt lat="22.064485" lon="-159.348224"><ele>191.085</ele><time>2026-09-11T20:14:55Z</time></trkpt><trkpt lat="22.06447" lon="-159.348233"><ele>191.421</ele><time>2026-09-11T20:14:58Z</time></trkpt><trkpt lat="22.064457" lon="-159.348253"><ele>191.826</ele><time>2026-09-11T20:15:01Z</time></trkpt><trkpt lat="22.064448" lon="-159.348265"><ele>192.247</ele><time>2026-09-11T20:15:03Z</time></trkpt><trkpt lat="22.064429" lon="-159.348306"><ele>193.011</ele><time>2026-09-11T20:15:09Z</time></trkpt><trkpt lat="22.064419" lon="-159.348318"><ele>193.209</ele><time>2026-09-11T20:15:11Z</time></trkpt><trkpt lat="22.064414" lon="-159.348322"><ele>193.444</ele><time>2026-09-11T20:15:12Z</time></trkpt><trkpt lat="22.064397" lon="-159.348354"><ele>194.410</ele><time>2026-09-11T20:15:17Z</time></trkpt><trkpt lat="22.064368" lon="-159.348388"><ele>195.227</ele><time>2026-09-11T20:15:24Z</time></trkpt><trkpt lat="22.064363" lon="-159.348391"><ele>195.464</ele><time>2026-09-11T20:15:25Z</time></trkpt><trkpt lat="22.064344" lon="-159.348437"><ele>196.426</ele><time>2026-09-11T20:15:32Z</time></trkpt><trkpt lat="22.064343" lon="-159.348446"><ele>196.622</ele><time>2026-09-11T20:15:33Z</time></trkpt><trkpt lat="22.064342" lon="-159.348524"><ele>197.496</ele><time>2026-09-11T20:15:43Z</time></trkpt><trkpt lat="22.064342" lon="-159.348527"><ele>197.649</ele><time>2026-09-11T20:15:44Z</time></trkpt><trkpt lat="22.064359" lon="-159.348597"><ele>198.475</ele><time>2026-09-11T20:15:53Z</time></trkpt><trkpt lat="22.064362" lon="-159.348608"><ele>198.627</ele><time>2026-09-11T20:15:54Z</time></trkpt><trkpt lat="22.064384" lon="-159.348684"><ele>199.468</ele><time>2026-09-11T20:16:03Z</time></trkpt><trkpt lat="22.064384" lon="-159.348691"><ele>199.614</ele><time>2026-09-11T20:16:04Z</time></trkpt><trkpt lat="22.064416" lon="-159.348774"><ele>200.409</ele><time>2026-09-11T20:16:12Z</time></trkpt><trkpt lat="22.064467" lon="-159.348841"><ele>200.234</ele><time>2026-09-11T20:16:20Z</time></trkpt><trkpt lat="22.064479" lon="-159.348897"><ele>200.610</ele><time>2026-09-11T20:16:27Z</time></trkpt><trkpt lat="22.064471" lon="-159.348901"><ele>201.047</ele><time>2026-09-11T20:16:29Z</time></trkpt><trkpt lat="22.064457" lon="-159.348908"><ele>201.834</ele><time>2026-09-11T20:16:33Z</time></trkpt><trkpt lat="22.064442" lon="-159.348887"><ele>202.266</ele><time>2026-09-11T20:16:36Z</time></trkpt><trkpt lat="22.064403" lon="-159.348865"><ele>202.872</ele><time>2026-09-11T20:16:41Z</time></trkpt><trkpt lat="22.064378" lon="-159.348847"><ele>203.296</ele><time>2026-09-11T20:16:44Z</time></trkpt><trkpt lat="22.064329" lon="-159.348804"><ele>203.889</ele><time>2026-09-11T20:16:51Z</time></trkpt><trkpt lat="22.06432" lon="-159.348789"><ele>204.285</ele><time>2026-09-11T20:16:53Z</time></trkpt><trkpt lat="22.064298" lon="-159.348759"><ele>205.093</ele><time>2026-09-11T20:16:59Z</time></trkpt><trkpt lat="22.064286" lon="-159.348739"><ele>205.265</ele><time>2026-09-11T20:17:02Z</time></trkpt><trkpt lat="22.06425" lon="-159.348689"><ele>206.021</ele><time>2026-09-11T20:17:11Z</time></trkpt><trkpt lat="22.064239" lon="-159.348685"><ele>206.009</ele><time>2026-09-11T20:17:12Z</time></trkpt><trkpt lat="22.064226" lon="-159.348689"><ele>206.491</ele><time>2026-09-11T20:17:17Z</time></trkpt><trkpt lat="22.064191" lon="-159.348671"><ele>206.837</ele><time>2026-09-11T20:17:26Z</time></trkpt><trkpt lat="22.064192" lon="-159.348672"><ele>206.884</ele><time>2026-09-11T20:17:27Z</time></trkpt><trkpt lat="22.064191" lon="-159.348667"><ele>207.061</ele><time>2026-09-11T20:17:30Z</time></trkpt><trkpt lat="22.064177" lon="-159.348648"><ele>207.013</ele><time>2026-09-11T20:17:33Z</time></trkpt><trkpt lat="22.064168" lon="-159.348635"><ele>207.299</ele><time>2026-09-11T20:17:35Z</time></trkpt><trkpt lat="22.06411" lon="-159.34862"><ele>207.843</ele><time>2026-09-11T20:17:43Z</time></trkpt><trkpt lat="22.064074" lon="-159.348624"><ele>208.246</ele><time>2026-09-11T20:17:48Z</time></trkpt><trkpt lat="22.064062" lon="-159.348631"><ele>208.412</ele><time>2026-09-11T20:17:52Z</time></trkpt><trkpt lat="22.064015" lon="-159.348681"><ele>209.253</ele><time>2026-09-11T20:18:00Z</time></trkpt><trkpt lat="22.063965" lon="-159.348698"><ele>210.004</ele><time>2026-09-11T20:18:06Z</time></trkpt><trkpt lat="22.063944" lon="-159.34871"><ele>210.214</ele><time>2026-09-11T20:18:09Z</time></trkpt><trkpt lat="22.06389" lon="-159.348741"><ele>211.009</ele><time>2026-09-11T20:18:17Z</time></trkpt><trkpt lat="22.063885" lon="-159.348745"><ele>211.067</ele><time>2026-09-11T20:18:18Z</time></trkpt><trkpt lat="22.063883" lon="-159.348745"><ele>211.063</ele><time>2026-09-11T20:18:19Z</time></trkpt><trkpt lat="22.063879" lon="-159.348751"><ele>211.220</ele><time>2026-09-11T20:18:21Z</time></trkpt><trkpt lat="22.063811" lon="-159.348776"><ele>211.617</ele><time>2026-09-11T20:18:26Z</time></trkpt><trkpt lat="22.063802" lon="-159.348781"><ele>211.669</ele><time>2026-09-11T20:18:27Z</time></trkpt><trkpt lat="22.063744" lon="-159.348819"><ele>212.455</ele><time>2026-09-11T20:18:35Z</time></trkpt><trkpt lat="22.063687" lon="-159.348868"><ele>212.869</ele><time>2026-09-11T20:18:43Z</time></trkpt><trkpt lat="22.063664" lon="-159.348876"><ele>213.422</ele><time>2026-09-11T20:18:47Z</time></trkpt><trkpt lat="22.063628" lon="-159.348892"><ele>214.288</ele><time>2026-09-11T20:18:53Z</time></trkpt><trkpt lat="22.06362" lon="-159.348899"><ele>214.412</ele><time>2026-09-11T20:18:55Z</time></trkpt><trkpt lat="22.063583" lon="-159.348927"><ele>214.632</ele><time>2026-09-11T20:19:01Z</time></trkpt><trkpt lat="22.063567" lon="-159.348994"><ele>215.605</ele><time>2026-09-11T20:19:11Z</time></trkpt><trkpt lat="22.063574" lon="-159.349018"><ele>216.209</ele><time>2026-09-11T20:19:17Z</time></trkpt><trkpt lat="22.063574" lon="-159.349017"><ele>216.243</ele><time>2026-09-11T20:19:18Z</time></trkpt><trkpt lat="22.063572" lon="-159.34902"><ele>216.649</ele><time>2026-09-11T20:19:22Z</time></trkpt><trkpt lat="22.063553" lon="-159.349035"><ele>217.016</ele><time>2026-09-11T20:19:26Z</time></trkpt><trkpt lat="22.063537" lon="-159.34908"><ele>217.283</ele><time>2026-09-11T20:19:33Z</time></trkpt><trkpt lat="22.063535" lon="-159.349133"><ele>217.455</ele><time>2026-09-11T20:19:38Z</time></trkpt><trkpt lat="22.063518" lon="-159.349148"><ele>217.611</ele><time>2026-09-11T20:19:41Z</time></trkpt><trkpt lat="22.063507" lon="-159.349151"><ele>217.685</ele><time>2026-09-11T20:19:43Z</time></trkpt><trkpt lat="22.063451" lon="-159.349159"><ele>218.458</ele><time>2026-09-11T20:19:51Z</time></trkpt><trkpt lat="22.063436" lon="-159.349164"><ele>218.684</ele><time>2026-09-11T20:19:53Z</time></trkpt><trkpt lat="22.063395" lon="-159.349186"><ele>219.278</ele><time>2026-09-11T20:20:00Z</time></trkpt><trkpt lat="22.063335" lon="-159.349249"><ele>219.833</ele><time>2026-09-11T20:20:09Z</time></trkpt><trkpt lat="22.063329" lon="-159.349269"><ele>220.026</ele><time>2026-09-11T20:20:11Z</time></trkpt><trkpt lat="22.063349" lon="-159.349285"><ele>220.409</ele><time>2026-09-11T20:20:17Z</time></trkpt><trkpt lat="22.063355" lon="-159.349281"><ele>220.699</ele><time>2026-09-11T20:20:18Z</time></trkpt><trkpt lat="22.063375" lon="-159.349276"><ele>220.835</ele><time>2026-09-11T20:20:21Z</time></trkpt><trkpt lat="22.063418" lon="-159.349275"><ele>221.412</ele><time>2026-09-11T20:20:27Z</time></trkpt><trkpt lat="22.063449" lon="-159.349278"><ele>221.889</ele><time>2026-09-11T20:20:31Z</time></trkpt><trkpt lat="22.063469" lon="-159.349283"><ele>222.471</ele><time>2026-09-11T20:20:35Z</time></trkpt><trkpt lat="22.063506" lon="-159.349295"><ele>222.897</ele><time>2026-09-11T20:20:44Z</time></trkpt><trkpt lat="22.06356" lon="-159.349307"><ele>223.071</ele><time>2026-09-11T20:20:52Z</time></trkpt><trkpt lat="22.063576" lon="-159.3493"><ele>223.074</ele><time>2026-09-11T20:20:54Z</time></trkpt><trkpt lat="22.063645" lon="-159.349263"><ele>224.020</ele><time>2026-09-11T20:21:04Z</time></trkpt><trkpt lat="22.063661" lon="-159.349254"><ele>224.066</ele><time>2026-09-11T20:21:06Z</time></trkpt><trkpt lat="22.063728" lon="-159.349247"><ele>224.629</ele><time>2026-09-11T20:21:17Z</time></trkpt><trkpt lat="22.063783" lon="-159.349262"><ele>225.021</ele><time>2026-09-11T20:21:25Z</time></trkpt><trkpt lat="22.0638" lon="-159.349262"><ele>224.809</ele><time>2026-09-11T20:21:27Z</time></trkpt><trkpt lat="22.063807" lon="-159.34926"><ele>225.068</ele><time>2026-09-11T20:21:29Z</time></trkpt><trkpt lat="22.063863" lon="-159.349287"><ele>225.624</ele><time>2026-09-11T20:21:38Z</time></trkpt><trkpt lat="22.063851" lon="-159.349314"><ele>226.011</ele><time>2026-09-11T20:21:43Z</time></trkpt><trkpt lat="22.063839" lon="-159.349324"><ele>226.268</ele><time>2026-09-11T20:21:46Z</time></trkpt><trkpt lat="22.06381" lon="-159.349344"><ele>227.070</ele><time>2026-09-11T20:21:53Z</time></trkpt><trkpt lat="22.063799" lon="-159.349357"><ele>227.016</ele><time>2026-09-11T20:21:57Z</time></trkpt><trkpt lat="22.063775" lon="-159.349378"><ele>227.470</ele><time>2026-09-11T20:22:06Z</time></trkpt><trkpt lat="22.063717" lon="-159.349402"><ele>228.053</ele><time>2026-09-11T20:22:14Z</time></trkpt><trkpt lat="22.063714" lon="-159.349404"><ele>228.029</ele><time>2026-09-11T20:22:15Z</time></trkpt><trkpt lat="22.063709" lon="-159.349435"><ele>228.663</ele><time>2026-09-11T20:22:21Z</time></trkpt><trkpt lat="22.063716" lon="-159.349437"><ele>228.844</ele><time>2026-09-11T20:22:22Z</time></trkpt><trkpt lat="22.063736" lon="-159.34944"><ele>229.218</ele><time>2026-09-11T20:22:25Z</time></trkpt><trkpt lat="22.063767" lon="-159.349463"><ele>230.009</ele><time>2026-09-11T20:22:33Z</time></trkpt><trkpt lat="22.063782" lon="-159.349463"><ele>230.218</ele><time>2026-09-11T20:22:35Z</time></trkpt><trkpt lat="22.063803" lon="-159.349501"><ele>230.484</ele><time>2026-09-11T20:22:40Z</time></trkpt><trkpt lat="22.063807" lon="-159.349539"><ele>230.861</ele><time>2026-09-11T20:22:47Z</time></trkpt><trkpt lat="22.063795" lon="-159.349547"><ele>231.058</ele><time>2026-09-11T20:22:51Z</time></trkpt><trkpt lat="22.063788" lon="-159.349551"><ele>231.250</ele><time>2026-09-11T20:22:53Z</time></trkpt><trkpt lat="22.063782" lon="-159.349559"><ele>231.816</ele><time>2026-09-11T20:22:57Z</time></trkpt><trkpt lat="22.063782" lon="-159.349556"><ele>232.060</ele><time>2026-09-11T20:22:58Z</time></trkpt><trkpt lat="22.063782" lon="-159.349555"><ele>232.293</ele><time>2026-09-11T20:22:59Z</time></trkpt><trkpt lat="22.063785" lon="-159.349555"><ele>232.449</ele><time>2026-09-11T20:23:00Z</time></trkpt><trkpt lat="22.063776" lon="-159.349561"><ele>233.095</ele><time>2026-09-11T20:23:04Z</time></trkpt><trkpt lat="22.063774" lon="-159.349566"><ele>233.449</ele><time>2026-09-11T20:23:07Z</time></trkpt><trkpt lat="22.063758" lon="-159.349568"><ele>233.623</ele><time>2026-09-11T20:23:14Z</time></trkpt><trkpt lat="22.063757" lon="-159.34957"><ele>233.209</ele><time>2026-09-11T20:23:25Z</time></trkpt><trkpt lat="22.063749" lon="-159.349586"><ele>233.431</ele><time>2026-09-11T20:23:33Z</time></trkpt><trkpt lat="22.063739" lon="-159.349583"><ele>233.237</ele><time>2026-09-11T20:23:41Z</time></trkpt><trkpt lat="22.063729" lon="-159.349598"><ele>233.294</ele><time>2026-09-11T20:23:49Z</time></trkpt><trkpt lat="22.063692" lon="-159.349595"><ele>233.291</ele><time>2026-09-11T20:23:57Z</time></trkpt><trkpt lat="22.063657" lon="-159.349609"><ele>233.433</ele><time>2026-09-11T20:24:06Z</time></trkpt><trkpt lat="22.063652" lon="-159.349611"><ele>233.459</ele><time>2026-09-11T20:24:07Z</time></trkpt><trkpt lat="22.063613" lon="-159.349606"><ele>234.473</ele><time>2026-09-11T20:24:14Z</time></trkpt><trkpt lat="22.063557" lon="-159.349607"><ele>234.886</ele><time>2026-09-11T20:24:21Z</time></trkpt><trkpt lat="22.063504" lon="-159.349635"><ele>235.282</ele><time>2026-09-11T20:24:28Z</time></trkpt><trkpt lat="22.063483" lon="-159.349678"><ele>235.464</ele><time>2026-09-11T20:24:33Z</time></trkpt><trkpt lat="22.063484" lon="-159.349685"><ele>235.406</ele><time>2026-09-11T20:24:34Z</time></trkpt><trkpt lat="22.063488" lon="-159.349699"><ele>235.616</ele><time>2026-09-11T20:24:36Z</time></trkpt><trkpt lat="22.063493" lon="-159.349711"><ele>235.809</ele><time>2026-09-11T20:24:38Z</time></trkpt><trkpt lat="22.063511" lon="-159.349725"><ele>236.258</ele><time>2026-09-11T20:24:44Z</time></trkpt><trkpt lat="22.063523" lon="-159.349728"><ele>236.624</ele><time>2026-09-11T20:24:46Z</time></trkpt><trkpt lat="22.063552" lon="-159.349741"><ele>237.681</ele><time>2026-09-11T20:24:54Z</time></trkpt><trkpt lat="22.063595" lon="-159.349774"><ele>238.698</ele><time>2026-09-11T20:25:04Z</time></trkpt><trkpt lat="22.063598" lon="-159.349781"><ele>238.890</ele><time>2026-09-11T20:25:05Z</time></trkpt><trkpt lat="22.063593" lon="-159.349822"><ele>239.836</ele><time>2026-09-11T20:25:14Z</time></trkpt><trkpt lat="22.063593" lon="-159.349829"><ele>240.070</ele><time>2026-09-11T20:25:15Z</time></trkpt><trkpt lat="22.063564" lon="-159.349869"><ele>240.493</ele><time>2026-09-11T20:25:24Z</time></trkpt><trkpt lat="22.063558" lon="-159.349895"><ele>240.889</ele><time>2026-09-11T20:25:28Z</time></trkpt><trkpt lat="22.063558" lon="-159.349917"><ele>241.489</ele><time>2026-09-11T20:25:32Z</time></trkpt><trkpt lat="22.063547" lon="-159.349959"><ele>241.806</ele><time>2026-09-11T20:25:38Z</time></trkpt><trkpt lat="22.063541" lon="-159.349965"><ele>242.226</ele><time>2026-09-11T20:25:40Z</time></trkpt><trkpt lat="22.063558" lon="-159.34997"><ele>242.009</ele><time>2026-09-11T20:25:47Z</time></trkpt><trkpt lat="22.063562" lon="-159.350044"><ele>242.810</ele><time>2026-09-11T20:25:58Z</time></trkpt><trkpt lat="22.063566" lon="-159.350125"><ele>243.896</ele><time>2026-09-11T20:26:08Z</time></trkpt><trkpt lat="22.063567" lon="-159.350142"><ele>244.023</ele><time>2026-09-11T20:26:10Z</time></trkpt><trkpt lat="22.063571" lon="-159.350214"><ele>245.090</ele><time>2026-09-11T20:26:20Z</time></trkpt><trkpt lat="22.063595" lon="-159.350246"><ele>245.872</ele><time>2026-09-11T20:26:29Z</time></trkpt><trkpt lat="22.063607" lon="-159.350276"><ele>245.628</ele><time>2026-09-11T20:26:39Z</time></trkpt><trkpt lat="22.063597" lon="-159.350309"><ele>245.662</ele><time>2026-09-11T20:26:50Z</time></trkpt><trkpt lat="22.063596" lon="-159.350395"><ele>246.095</ele><time>2026-09-11T20:27:02Z</time></trkpt><trkpt lat="22.063607" lon="-159.350473"><ele>246.071</ele><time>2026-09-11T20:27:11Z</time></trkpt><trkpt lat="22.063614" lon="-159.350508"><ele>245.895</ele><time>2026-09-11T20:27:15Z</time></trkpt><trkpt lat="22.063615" lon="-159.350511"><ele>245.849</ele><time>2026-09-11T20:27:16Z</time></trkpt><trkpt lat="22.063619" lon="-159.350523"><ele>245.823</ele><time>2026-09-11T20:27:18Z</time></trkpt><trkpt lat="22.063621" lon="-159.35054"><ele>245.809</ele><time>2026-09-11T20:27:20Z</time></trkpt><trkpt lat="22.063626" lon="-159.350572"><ele>245.441</ele><time>2026-09-11T20:27:28Z</time></trkpt><trkpt lat="22.063641" lon="-159.350614"><ele>244.887</ele><time>2026-09-11T20:27:36Z</time></trkpt><trkpt lat="22.063641" lon="-159.350671"><ele>245.244</ele><time>2026-09-11T20:27:42Z</time></trkpt><trkpt lat="22.063641" lon="-159.350694"><ele>245.661</ele><time>2026-09-11T20:27:45Z</time></trkpt><trkpt lat="22.063632" lon="-159.350764"><ele>245.643</ele><time>2026-09-11T20:27:51Z</time></trkpt><trkpt lat="22.063626" lon="-159.350809"><ele>246.059</ele><time>2026-09-11T20:27:56Z</time></trkpt><trkpt lat="22.063624" lon="-159.350855"><ele>246.083</ele><time>2026-09-11T20:28:00Z</time></trkpt><trkpt lat="22.063628" lon="-159.350907"><ele>247.086</ele><time>2026-09-11T20:28:07Z</time></trkpt><trkpt lat="22.063628" lon="-159.350913"><ele>247.032</ele><time>2026-09-11T20:28:08Z</time></trkpt><trkpt lat="22.063623" lon="-159.350987"><ele>248.277</ele><time>2026-09-11T20:28:16Z</time></trkpt><trkpt lat="22.063621" lon="-159.350993"><ele>248.461</ele><time>2026-09-11T20:28:18Z</time></trkpt><trkpt lat="22.063619" lon="-159.351029"><ele>249.227</ele><time>2026-09-11T20:28:25Z</time></trkpt><trkpt lat="22.063618" lon="-159.351052"><ele>249.609</ele><time>2026-09-11T20:28:28Z</time></trkpt><trkpt lat="22.063623" lon="-159.351078"><ele>250.229</ele><time>2026-09-11T20:28:32Z</time></trkpt><trkpt lat="22.063621" lon="-159.351139"><ele>251.285</ele><time>2026-09-11T20:28:41Z</time></trkpt><trkpt lat="22.06362" lon="-159.351145"><ele>251.492</ele><time>2026-09-11T20:28:42Z</time></trkpt><trkpt lat="22.063613" lon="-159.351181"><ele>251.839</ele><time>2026-09-11T20:28:47Z</time></trkpt><trkpt lat="22.063611" lon="-159.351205"><ele>252.441</ele><time>2026-09-11T20:28:51Z</time></trkpt><trkpt lat="22.063611" lon="-159.35121"><ele>252.437</ele><time>2026-09-11T20:28:52Z</time></trkpt><trkpt lat="22.063605" lon="-159.351247"><ele>253.451</ele><time>2026-09-11T20:28:59Z</time></trkpt><trkpt lat="22.063605" lon="-159.351268"><ele>253.854</ele><time>2026-09-11T20:29:02Z</time></trkpt><trkpt lat="22.0636" lon="-159.35129"><ele>254.690</ele><time>2026-09-11T20:29:07Z</time></trkpt><trkpt lat="22.063596" lon="-159.351319"><ele>255.265</ele><time>2026-09-11T20:29:11Z</time></trkpt><trkpt lat="22.063587" lon="-159.351348"><ele>255.668</ele><time>2026-09-11T20:29:16Z</time></trkpt><trkpt lat="22.063577" lon="-159.351376"><ele>256.014</ele><time>2026-09-11T20:29:21Z</time></trkpt><trkpt lat="22.063563" lon="-159.351415"><ele>256.609</ele><time>2026-09-11T20:29:27Z</time></trkpt><trkpt lat="22.063547" lon="-159.351424"><ele>256.848</ele><time>2026-09-11T20:29:30Z</time></trkpt><trkpt lat="22.063555" lon="-159.351478"><ele>256.854</ele><time>2026-09-11T20:29:39Z</time></trkpt><trkpt lat="22.063584" lon="-159.351502"><ele>257.631</ele><time>2026-09-11T20:29:49Z</time></trkpt><trkpt lat="22.063582" lon="-159.351519"><ele>257.478</ele><time>2026-09-11T20:29:58Z</time></trkpt><trkpt lat="22.063585" lon="-159.351529"><ele>257.460</ele><time>2026-09-11T20:29:59Z</time></trkpt><trkpt lat="22.063631" lon="-159.351581"><ele>257.666</ele><time>2026-09-11T20:30:06Z</time></trkpt><trkpt lat="22.06364" lon="-159.351592"><ele>258.230</ele><time>2026-09-11T20:30:08Z</time></trkpt><trkpt lat="22.063657" lon="-159.351598"><ele>258.843</ele><time>2026-09-11T20:30:12Z</time></trkpt><trkpt lat="22.063669" lon="-159.351605"><ele>258.819</ele><time>2026-09-11T20:30:14Z</time></trkpt><trkpt lat="22.063683" lon="-159.351618"><ele>258.658</ele><time>2026-09-11T20:30:16Z</time></trkpt><trkpt lat="22.063689" lon="-159.351624"><ele>258.852</ele><time>2026-09-11T20:30:17Z</time></trkpt><trkpt lat="22.063713" lon="-159.351655"><ele>259.417</ele><time>2026-09-11T20:30:22Z</time></trkpt><trkpt lat="22.06375" lon="-159.351686"><ele>259.809</ele><time>2026-09-11T20:30:28Z</time></trkpt><trkpt lat="22.063845" lon="-159.351716"><ele>260.017</ele><time>2026-09-11T20:30:40Z</time></trkpt><trkpt lat="22.063911" lon="-159.351698"><ele>261.033</ele><time>2026-09-11T20:30:46Z</time></trkpt><trkpt lat="22.063946" lon="-159.351699"><ele>261.640</ele><time>2026-09-11T20:30:50Z</time></trkpt><trkpt lat="22.063992" lon="-159.351734"><ele>261.667</ele><time>2026-09-11T20:30:57Z</time></trkpt><trkpt lat="22.064067" lon="-159.351794"><ele>261.459</ele><time>2026-09-11T20:31:06Z</time></trkpt><trkpt lat="22.064115" lon="-159.351828"><ele>262.035</ele><time>2026-09-11T20:31:12Z</time></trkpt><trkpt lat="22.064142" lon="-159.351841"><ele>262.289</ele><time>2026-09-11T20:31:15Z</time></trkpt><trkpt lat="22.064162" lon="-159.351844"><ele>263.022</ele><time>2026-09-11T20:31:23Z</time></trkpt><trkpt lat="22.064174" lon="-159.351847"><ele>263.228</ele><time>2026-09-11T20:31:25Z</time></trkpt><trkpt lat="22.064237" lon="-159.351851"><ele>264.086</ele><time>2026-09-11T20:31:34Z</time></trkpt><trkpt lat="22.064251" lon="-159.351852"><ele>264.060</ele><time>2026-09-11T20:31:36Z</time></trkpt><trkpt lat="22.064294" lon="-159.351872"><ele>264.426</ele><time>2026-09-11T20:31:42Z</time></trkpt><trkpt lat="22.06431" lon="-159.351887"><ele>264.609</ele><time>2026-09-11T20:31:44Z</time></trkpt><trkpt lat="22.064318" lon="-159.351926"><ele>265.230</ele><time>2026-09-11T20:31:50Z</time></trkpt><trkpt lat="22.064312" lon="-159.351941"><ele>265.496</ele><time>2026-09-11T20:31:53Z</time></trkpt><trkpt lat="22.064287" lon="-159.351985"><ele>266.243</ele><time>2026-09-11T20:31:59Z</time></trkpt><trkpt lat="22.064281" lon="-159.352007"><ele>266.610</ele><time>2026-09-11T20:32:02Z</time></trkpt><trkpt lat="22.064271" lon="-159.352013"><ele>267.272</ele><time>2026-09-11T20:32:05Z</time></trkpt><trkpt lat="22.064261" lon="-159.352011"><ele>268.288</ele><time>2026-09-11T20:32:09Z</time></trkpt><trkpt lat="22.064242" lon="-159.352014"><ele>268.892</ele><time>2026-09-11T20:32:12Z</time></trkpt><trkpt lat="22.064222" lon="-159.352029"><ele>269.285</ele><time>2026-09-11T20:32:16Z</time></trkpt><trkpt lat="22.064219" lon="-159.352033"><ele>269.231</ele><time>2026-09-11T20:32:17Z</time></trkpt><trkpt lat="22.064199" lon="-159.352055"><ele>269.897</ele><time>2026-09-11T20:32:21Z</time></trkpt><trkpt lat="22.064188" lon="-159.352064"><ele>270.023</ele><time>2026-09-11T20:32:23Z</time></trkpt><trkpt lat="22.064174" lon="-159.352078"><ele>270.225</ele><time>2026-09-11T20:32:26Z</time></trkpt><trkpt lat="22.064155" lon="-159.352111"><ele>271.209</ele><time>2026-09-11T20:32:33Z</time></trkpt><trkpt lat="22.064152" lon="-159.352116"><ele>271.431</ele><time>2026-09-11T20:32:34Z</time></trkpt><trkpt lat="22.064114" lon="-159.352196"><ele>272.217</ele><time>2026-09-11T20:32:44Z</time></trkpt><trkpt lat="22.064084" lon="-159.352245"><ele>272.484</ele><time>2026-09-11T20:32:50Z</time></trkpt><trkpt lat="22.064074" lon="-159.352265"><ele>272.811</ele><time>2026-09-11T20:32:53Z</time></trkpt><trkpt lat="22.064037" lon="-159.352302"><ele>273.433</ele><time>2026-09-11T20:33:02Z</time></trkpt><trkpt lat="22.064031" lon="-159.352308"><ele>273.829</ele><time>2026-09-11T20:33:04Z</time></trkpt><trkpt lat="22.064024" lon="-159.352301"><ele>274.483</ele><time>2026-09-11T20:33:08Z</time></trkpt><trkpt lat="22.064009" lon="-159.352291"><ele>275.656</ele><time>2026-09-11T20:33:13Z</time></trkpt><trkpt lat="22.063999" lon="-159.352289"><ele>275.842</ele><time>2026-09-11T20:33:15Z</time></trkpt><trkpt lat="22.063969" lon="-159.352232"><ele>276.615</ele><time>2026-09-11T20:33:26Z</time></trkpt><trkpt lat="22.063955" lon="-159.352214"><ele>276.865</ele><time>2026-09-11T20:33:28Z</time></trkpt><trkpt lat="22.063912" lon="-159.352198"><ele>277.811</ele><time>2026-09-11T20:33:36Z</time></trkpt><trkpt lat="22.063908" lon="-159.352211"><ele>278.009</ele><time>2026-09-11T20:33:38Z</time></trkpt><trkpt lat="22.063904" lon="-159.352236"><ele>278.843</ele><time>2026-09-11T20:33:42Z</time></trkpt><trkpt lat="22.063884" lon="-159.352262"><ele>279.679</ele><time>2026-09-11T20:33:48Z</time></trkpt><trkpt lat="22.063881" lon="-159.352264"><ele>279.826</ele><time>2026-09-11T20:33:49Z</time></trkpt><trkpt lat="22.063836" lon="-159.35228"><ele>281.053</ele><time>2026-09-11T20:33:56Z</time></trkpt><trkpt lat="22.06383" lon="-159.352282"><ele>281.075</ele><time>2026-09-11T20:33:57Z</time></trkpt><trkpt lat="22.063796" lon="-159.352282"><ele>282.071</ele><time>2026-09-11T20:34:02Z</time></trkpt><trkpt lat="22.063762" lon="-159.352281"><ele>282.625</ele><time>2026-09-11T20:34:07Z</time></trkpt><trkpt lat="22.063746" lon="-159.35229"><ele>283.078</ele><time>2026-09-11T20:34:10Z</time></trkpt><trkpt lat="22.063751" lon="-159.35233"><ele>283.824</ele><time>2026-09-11T20:34:15Z</time></trkpt><trkpt lat="22.063756" lon="-159.352334"><ele>284.059</ele><time>2026-09-11T20:34:16Z</time></trkpt><trkpt lat="22.063812" lon="-159.352356"><ele>285.003</ele><time>2026-09-11T20:34:24Z</time></trkpt><trkpt lat="22.063861" lon="-159.35241"><ele>284.823</ele><time>2026-09-11T20:34:34Z</time></trkpt><trkpt lat="22.063863" lon="-159.352432"><ele>285.209</ele><time>2026-09-11T20:34:36Z</time></trkpt><trkpt lat="22.063853" lon="-159.352461"><ele>285.617</ele><time>2026-09-11T20:34:41Z</time></trkpt><trkpt lat="22.063837" lon="-159.352485"><ele>286.243</ele><time>2026-09-11T20:34:46Z</time></trkpt><trkpt lat="22.063821" lon="-159.352523"><ele>287.240</ele><time>2026-09-11T20:34:52Z</time></trkpt><trkpt lat="22.063802" lon="-159.352611"><ele>288.477</ele><time>2026-09-11T20:35:02Z</time></trkpt><trkpt lat="22.063802" lon="-159.352615"><ele>288.459</ele><time>2026-09-11T20:35:03Z</time></trkpt><trkpt lat="22.063789" lon="-159.352697"><ele>289.065</ele><time>2026-09-11T20:35:15Z</time></trkpt><trkpt lat="22.063789" lon="-159.352726"><ele>289.469</ele><time>2026-09-11T20:35:18Z</time></trkpt><trkpt lat="22.063785" lon="-159.352795"><ele>290.652</ele><time>2026-09-11T20:35:26Z</time></trkpt><trkpt lat="22.063787" lon="-159.352829"><ele>291.618</ele><time>2026-09-11T20:35:31Z</time></trkpt><trkpt lat="22.063795" lon="-159.35287"><ele>292.223</ele><time>2026-09-11T20:35:36Z</time></trkpt><trkpt lat="22.063805" lon="-159.352934"><ele>292.683</ele><time>2026-09-11T20:35:44Z</time></trkpt><trkpt lat="22.063806" lon="-159.352938"><ele>292.811</ele><time>2026-09-11T20:35:45Z</time></trkpt><trkpt lat="22.063817" lon="-159.352981"><ele>293.409</ele><time>2026-09-11T20:35:53Z</time></trkpt><trkpt lat="22.063819" lon="-159.352985"><ele>293.424</ele><time>2026-09-11T20:35:54Z</time></trkpt><trkpt lat="22.06383" lon="-159.353006"><ele>293.830</ele><time>2026-09-11T20:36:04Z</time></trkpt><trkpt lat="22.063855" lon="-159.353073"><ele>294.687</ele><time>2026-09-11T20:36:13Z</time></trkpt><trkpt lat="22.063867" lon="-159.353087"><ele>294.874</ele><time>2026-09-11T20:36:15Z</time></trkpt><trkpt lat="22.063922" lon="-159.353142"><ele>295.446</ele><time>2026-09-11T20:36:22Z</time></trkpt><trkpt lat="22.063946" lon="-159.353158"><ele>295.892</ele><time>2026-09-11T20:36:29Z</time></trkpt><trkpt lat="22.063951" lon="-159.353164"><ele>296.036</ele><time>2026-09-11T20:36:31Z</time></trkpt><trkpt lat="22.063955" lon="-159.353179"><ele>297.089</ele><time>2026-09-11T20:36:36Z</time></trkpt><trkpt lat="22.063965" lon="-159.353198"><ele>297.675</ele><time>2026-09-11T20:36:40Z</time></trkpt><trkpt lat="22.063976" lon="-159.353227"><ele>298.052</ele><time>2026-09-11T20:36:44Z</time></trkpt><trkpt lat="22.063984" lon="-159.353282"><ele>298.253</ele><time>2026-09-11T20:36:49Z</time></trkpt><trkpt lat="22.063998" lon="-159.353332"><ele>299.008</ele><time>2026-09-11T20:36:55Z</time></trkpt><trkpt lat="22.064002" lon="-159.353376"><ele>299.809</ele><time>2026-09-11T20:37:00Z</time></trkpt><trkpt lat="22.063999" lon="-159.353406"><ele>300.217</ele><time>2026-09-11T20:37:03Z</time></trkpt><trkpt lat="22.064002" lon="-159.353399"><ele>300.233</ele><time>2026-09-11T20:37:08Z</time></trkpt><trkpt lat="22.064003" lon="-159.353362"><ele>301.280</ele><time>2026-09-11T20:37:12Z</time></trkpt><trkpt lat="22.063985" lon="-159.353337"><ele>301.697</ele><time>2026-09-11T20:37:17Z</time></trkpt><trkpt lat="22.063979" lon="-159.353331"><ele>301.669</ele><time>2026-09-11T20:37:18Z</time></trkpt><trkpt lat="22.063955" lon="-159.353305"><ele>302.265</ele><time>2026-09-11T20:37:23Z</time></trkpt><trkpt lat="22.063945" lon="-159.353267"><ele>303.099</ele><time>2026-09-11T20:37:29Z</time></trkpt><trkpt lat="22.063933" lon="-159.353246"><ele>303.442</ele><time>2026-09-11T20:37:31Z</time></trkpt><trkpt lat="22.063889" lon="-159.353209"><ele>303.458</ele><time>2026-09-11T20:37:37Z</time></trkpt><trkpt lat="22.063805" lon="-159.353174"><ele>304.017</ele><time>2026-09-11T20:37:46Z</time></trkpt><trkpt lat="22.063776" lon="-159.353159"><ele>304.487</ele><time>2026-09-11T20:37:50Z</time></trkpt><trkpt lat="22.063748" lon="-159.353138"><ele>305.415</ele><time>2026-09-11T20:37:57Z</time></trkpt><trkpt lat="22.063742" lon="-159.353134"><ele>305.409</ele><time>2026-09-11T20:37:58Z</time></trkpt><trkpt lat="22.063711" lon="-159.35308"><ele>306.243</ele><time>2026-09-11T20:38:06Z</time></trkpt><trkpt lat="22.063706" lon="-159.353064"><ele>306.489</ele><time>2026-09-11T20:38:08Z</time></trkpt><trkpt lat="22.0637" lon="-159.353054"><ele>306.466</ele><time>2026-09-11T20:38:10Z</time></trkpt><trkpt lat="22.063669" lon="-159.353047"><ele>307.643</ele><time>2026-09-11T20:38:17Z</time></trkpt><trkpt lat="22.063661" lon="-159.353051"><ele>307.885</ele><time>2026-09-11T20:38:18Z</time></trkpt><trkpt lat="22.063673" lon="-159.353091"><ele>308.221</ele><time>2026-09-11T20:38:27Z</time></trkpt><trkpt lat="22.063682" lon="-159.353106"><ele>308.825</ele><time>2026-09-11T20:38:29Z</time></trkpt><trkpt lat="22.063714" lon="-159.353178"><ele>309.648</ele><time>2026-09-11T20:38:36Z</time></trkpt><trkpt lat="22.063727" lon="-159.353205"><ele>309.824</ele><time>2026-09-11T20:38:39Z</time></trkpt><trkpt lat="22.063752" lon="-159.353249"><ele>310.451</ele><time>2026-09-11T20:38:46Z</time></trkpt><trkpt lat="22.063763" lon="-159.35327"><ele>310.801</ele><time>2026-09-11T20:38:50Z</time></trkpt><trkpt lat="22.063783" lon="-159.353306"><ele>311.811</ele><time>2026-09-11T20:38:56Z</time></trkpt><trkpt lat="22.063783" lon="-159.353311"><ele>312.009</ele><time>2026-09-11T20:38:57Z</time></trkpt><trkpt lat="22.063767" lon="-159.353391"><ele>312.887</ele><time>2026-09-11T20:39:08Z</time></trkpt><trkpt lat="22.063758" lon="-159.353456"><ele>312.023</ele><time>2026-09-11T20:39:16Z</time></trkpt><trkpt lat="22.063743" lon="-159.353543"><ele>312.030</ele><time>2026-09-11T20:39:27Z</time></trkpt><trkpt lat="22.063738" lon="-159.353564"><ele>312.077</ele><time>2026-09-11T20:39:31Z</time></trkpt><trkpt lat="22.063734" lon="-159.35358"><ele>311.879</ele><time>2026-09-11T20:39:35Z</time></trkpt><trkpt lat="22.063734" lon="-159.353591"><ele>312.045</ele><time>2026-09-11T20:39:38Z</time></trkpt><trkpt lat="22.063735" lon="-159.353617"><ele>311.829</ele><time>2026-09-11T20:39:41Z</time></trkpt><trkpt lat="22.063735" lon="-159.353643"><ele>312.032</ele><time>2026-09-11T20:39:46Z</time></trkpt><trkpt lat="22.063729" lon="-159.353652"><ele>312.038</ele><time>2026-09-11T20:39:54Z</time></trkpt><trkpt lat="22.063725" lon="-159.353659"><ele>312.239</ele><time>2026-09-11T20:39:57Z</time></trkpt><trkpt lat="22.063725" lon="-159.353676"><ele>312.401</ele><time>2026-09-11T20:40:04Z</time></trkpt><trkpt lat="22.063724" lon="-159.353682"><ele>312.421</ele><time>2026-09-11T20:40:05Z</time></trkpt><trkpt lat="22.063713" lon="-159.353752"><ele>312.409</ele><time>2026-09-11T20:40:12Z</time></trkpt><trkpt lat="22.063713" lon="-159.353825"><ele>312.845</ele><time>2026-09-11T20:40:21Z</time></trkpt><trkpt lat="22.063716" lon="-159.353832"><ele>313.081</ele><time>2026-09-11T20:40:22Z</time></trkpt><trkpt lat="22.063718" lon="-159.353918"><ele>313.458</ele><time>2026-09-11T20:40:31Z</time></trkpt><trkpt lat="22.063725" lon="-159.353941"><ele>313.415</ele><time>2026-09-11T20:40:33Z</time></trkpt><trkpt lat="22.063726" lon="-159.353947"><ele>313.497</ele><time>2026-09-11T20:40:34Z</time></trkpt><trkpt lat="22.06373" lon="-159.353958"><ele>313.683</ele><time>2026-09-11T20:40:35Z</time></trkpt><trkpt lat="22.063736" lon="-159.353974"><ele>313.847</ele><time>2026-09-11T20:40:37Z</time></trkpt><trkpt lat="22.063745" lon="-159.353999"><ele>314.470</ele><time>2026-09-11T20:40:41Z</time></trkpt><trkpt lat="22.063755" lon="-159.35406"><ele>315.036</ele><time>2026-09-11T20:40:47Z</time></trkpt><trkpt lat="22.063752" lon="-159.354067"><ele>315.031</ele><time>2026-09-11T20:40:48Z</time></trkpt><trkpt lat="22.06375" lon="-159.354087"><ele>315.261</ele><time>2026-09-11T20:40:57Z</time></trkpt><trkpt lat="22.063741" lon="-159.354106"><ele>315.207</ele><time>2026-09-11T20:41:01Z</time></trkpt><trkpt lat="22.063726" lon="-159.354128"><ele>315.809</ele><time>2026-09-11T20:41:06Z</time></trkpt><trkpt lat="22.06372" lon="-159.354134"><ele>316.095</ele><time>2026-09-11T20:41:07Z</time></trkpt><trkpt lat="22.063715" lon="-159.354143"><ele>316.451</ele><time>2026-09-11T20:41:15Z</time></trkpt><trkpt lat="22.063715" lon="-159.354152"><ele>316.658</ele><time>2026-09-11T20:41:28Z</time></trkpt><trkpt lat="22.063717" lon="-159.354152"><ele>316.825</ele><time>2026-09-11T20:41:32Z</time></trkpt><trkpt lat="22.063716" lon="-159.354146"><ele>316.837</ele><time>2026-09-11T20:41:39Z</time></trkpt><trkpt lat="22.063715" lon="-159.354142"><ele>317.063</ele><time>2026-09-11T20:41:41Z</time></trkpt><trkpt lat="22.063714" lon="-159.354142"><ele>317.277</ele><time>2026-09-11T20:41:47Z</time></trkpt><trkpt lat="22.063714" lon="-159.354143"><ele>317.240</ele><time>2026-09-11T20:41:48Z</time></trkpt><trkpt lat="22.063712" lon="-159.354145"><ele>317.216</ele><time>2026-09-11T20:41:49Z</time></trkpt><trkpt lat="22.063698" lon="-159.354146"><ele>317.082</ele><time>2026-09-11T20:41:58Z</time></trkpt><trkpt lat="22.063699" lon="-159.354146"><ele>317.043</ele><time>2026-09-11T20:41:59Z</time></trkpt><trkpt lat="22.063703" lon="-159.35415"><ele>317.017</ele><time>2026-09-11T20:42:01Z</time></trkpt><trkpt lat="22.063717" lon="-159.354157"><ele>316.809</ele><time>2026-09-11T20:42:13Z</time></trkpt><trkpt lat="22.063705" lon="-159.354168"><ele>317.080</ele><time>2026-09-11T20:42:23Z</time></trkpt><trkpt lat="22.063705" lon="-159.35416"><ele>317.256</ele><time>2026-09-11T20:42:26Z</time></trkpt><trkpt lat="22.0637" lon="-159.354137"><ele>317.433</ele><time>2026-09-11T20:42:36Z</time></trkpt><trkpt lat="22.063699" lon="-159.354136"><ele>317.440</ele><time>2026-09-11T20:42:42Z</time></trkpt><trkpt lat="22.063715" lon="-159.354141"><ele>317.492</ele><time>2026-09-11T20:42:51Z</time></trkpt><trkpt lat="22.063686" lon="-159.354177"><ele>318.098</ele><time>2026-09-11T20:43:03Z</time></trkpt><trkpt lat="22.06368" lon="-159.354184"><ele>318.082</ele><time>2026-09-11T20:43:04Z</time></trkpt><trkpt lat="22.063659" lon="-159.354202"><ele>318.075</ele><time>2026-09-11T20:43:07Z</time></trkpt><trkpt lat="22.063625" lon="-159.354232"><ele>318.631</ele><time>2026-09-11T20:43:12Z</time></trkpt><trkpt lat="22.063613" lon="-159.35425"><ele>319.269</ele><time>2026-09-11T20:43:15Z</time></trkpt><trkpt lat="22.063596" lon="-159.354257"><ele>319.404</ele><time>2026-09-11T20:43:22Z</time></trkpt><trkpt lat="22.063591" lon="-159.354254"><ele>319.624</ele><time>2026-09-11T20:43:26Z</time></trkpt><trkpt lat="22.063584" lon="-159.354261"><ele>319.809</ele><time>2026-09-11T20:43:28Z</time></trkpt><trkpt lat="22.063569" lon="-159.35428"><ele>320.448</ele><time>2026-09-11T20:43:32Z</time></trkpt><trkpt lat="22.063567" lon="-159.354285"><ele>320.624</ele><time>2026-09-11T20:43:33Z</time></trkpt><trkpt lat="22.063548" lon="-159.354305"><ele>320.881</ele><time>2026-09-11T20:43:38Z</time></trkpt><trkpt lat="22.063529" lon="-159.354343"><ele>321.478</ele><time>2026-09-11T20:43:43Z</time></trkpt><trkpt lat="22.063526" lon="-159.354351"><ele>321.420</ele><time>2026-09-11T20:43:44Z</time></trkpt><trkpt lat="22.06351" lon="-159.354369"><ele>322.486</ele><time>2026-09-11T20:43:49Z</time></trkpt><trkpt lat="22.063485" lon="-159.354384"><ele>323.290</ele><time>2026-09-11T20:43:55Z</time></trkpt><trkpt lat="22.063466" lon="-159.354391"><ele>323.433</ele><time>2026-09-11T20:43:59Z</time></trkpt><trkpt lat="22.063439" lon="-159.354382"><ele>323.859</ele><time>2026-09-11T20:44:04Z</time></trkpt><trkpt lat="22.063409" lon="-159.35439"><ele>324.628</ele><time>2026-09-11T20:44:12Z</time></trkpt><trkpt lat="22.063411" lon="-159.354395"><ele>324.889</ele><time>2026-09-11T20:44:14Z</time></trkpt><trkpt lat="22.063413" lon="-159.354397"><ele>325.017</ele><time>2026-09-11T20:44:15Z</time></trkpt><trkpt lat="22.063423" lon="-159.354416"><ele>325.609</ele><time>2026-09-11T20:44:19Z</time></trkpt><trkpt lat="22.06346" lon="-159.354453"><ele>326.284</ele><time>2026-09-11T20:44:25Z</time></trkpt><trkpt lat="22.063502" lon="-159.354483"><ele>326.670</ele><time>2026-09-11T20:44:32Z</time></trkpt><trkpt lat="22.063503" lon="-159.35449"><ele>326.817</ele><time>2026-09-11T20:44:34Z</time></trkpt><trkpt lat="22.063512" lon="-159.354528"><ele>327.844</ele><time>2026-09-11T20:44:42Z</time></trkpt><trkpt lat="22.063519" lon="-159.35457"><ele>328.456</ele><time>2026-09-11T20:44:48Z</time></trkpt><trkpt lat="22.063495" lon="-159.354605"><ele>328.812</ele><time>2026-09-11T20:44:54Z</time></trkpt><trkpt lat="22.063477" lon="-159.354614"><ele>329.266</ele><time>2026-09-11T20:44:59Z</time></trkpt><trkpt lat="22.063465" lon="-159.354625"><ele>329.899</ele><time>2026-09-11T20:45:04Z</time></trkpt><trkpt lat="22.063448" lon="-159.354644"><ele>330.695</ele><time>2026-09-11T20:45:12Z</time></trkpt><trkpt lat="22.063436" lon="-159.354659"><ele>330.857</ele><time>2026-09-11T20:45:17Z</time></trkpt><trkpt lat="22.063438" lon="-159.35468"><ele>332.000</ele><time>2026-09-11T20:45:23Z</time></trkpt><trkpt lat="22.063438" lon="-159.354684"><ele>332.220</ele><time>2026-09-11T20:45:24Z</time></trkpt><trkpt lat="22.063445" lon="-159.354715"><ele>333.009</ele><time>2026-09-11T20:45:33Z</time></trkpt><trkpt lat="22.063451" lon="-159.354726"><ele>333.267</ele><time>2026-09-11T20:45:35Z</time></trkpt><trkpt lat="22.063443" lon="-159.354779"><ele>333.413</ele><time>2026-09-11T20:45:44Z</time></trkpt><trkpt lat="22.063382" lon="-159.354815"><ele>334.060</ele><time>2026-09-11T20:45:52Z</time></trkpt><trkpt lat="22.063368" lon="-159.354807"><ele>334.237</ele><time>2026-09-11T20:45:54Z</time></trkpt><trkpt lat="22.063346" lon="-159.35476"><ele>334.439</ele><time>2026-09-11T20:46:03Z</time></trkpt><trkpt lat="22.063334" lon="-159.354752"><ele>334.245</ele><time>2026-09-11T20:46:07Z</time></trkpt><trkpt lat="22.063326" lon="-159.354763"><ele>334.079</ele><time>2026-09-11T20:46:12Z</time></trkpt><trkpt lat="22.063279" lon="-159.354791"><ele>333.892</ele><time>2026-09-11T20:46:23Z</time></trkpt><trkpt lat="22.063228" lon="-159.354789"><ele>333.018</ele><time>2026-09-11T20:46:30Z</time></trkpt><trkpt lat="22.063215" lon="-159.354791"><ele>332.681</ele><time>2026-09-11T20:46:33Z</time></trkpt><trkpt lat="22.063185" lon="-159.354793"><ele>331.861</ele><time>2026-09-11T20:46:40Z</time></trkpt><trkpt lat="22.063169" lon="-159.354772"><ele>330.817</ele><time>2026-09-11T20:46:45Z</time></trkpt><trkpt lat="22.063167" lon="-159.354766"><ele>330.809</ele><time>2026-09-11T20:46:46Z</time></trkpt><trkpt lat="22.06314" lon="-159.354692"><ele>330.470</ele><time>2026-09-11T20:46:55Z</time></trkpt><trkpt lat="22.06313" lon="-159.354678"><ele>329.876</ele><time>2026-09-11T20:46:57Z</time></trkpt><trkpt lat="22.063126" lon="-159.35467"><ele>329.693</ele><time>2026-09-11T20:46:58Z</time></trkpt><trkpt lat="22.063112" lon="-159.354646"><ele>328.460</ele><time>2026-09-11T20:47:03Z</time></trkpt><trkpt lat="22.063111" lon="-159.354642"><ele>328.462</ele><time>2026-09-11T20:47:04Z</time></trkpt><trkpt lat="22.063068" lon="-159.354564"><ele>327.678</ele><time>2026-09-11T20:47:13Z</time></trkpt><trkpt lat="22.062979" lon="-159.354491"><ele>327.412</ele><time>2026-09-11T20:47:23Z</time></trkpt><trkpt lat="22.062939" lon="-159.354465"><ele>326.415</ele><time>2026-09-11T20:47:30Z</time></trkpt><trkpt lat="22.06294" lon="-159.354459"><ele>326.011</ele><time>2026-09-11T20:47:32Z</time></trkpt><trkpt lat="22.062895" lon="-159.354448"><ele>325.238</ele><time>2026-09-11T20:47:38Z</time></trkpt><trkpt lat="22.062858" lon="-159.354448"><ele>324.670</ele><time>2026-09-11T20:47:41Z</time></trkpt><trkpt lat="22.062835" lon="-159.35445"><ele>324.217</ele><time>2026-09-11T20:47:45Z</time></trkpt><trkpt lat="22.062796" lon="-159.354441"><ele>323.609</ele><time>2026-09-11T20:47:49Z</time></trkpt><trkpt lat="22.062789" lon="-159.354434"><ele>323.425</ele><time>2026-09-11T20:47:52Z</time></trkpt><trkpt lat="22.062788" lon="-159.354424"><ele>323.251</ele><time>2026-09-11T20:47:57Z</time></trkpt><trkpt lat="22.06279" lon="-159.354419"><ele>323.288</ele><time>2026-09-11T20:47:59Z</time></trkpt><trkpt lat="22.062804" lon="-159.354411"><ele>323.435</ele><time>2026-09-11T20:48:04Z</time></trkpt><trkpt lat="22.062798" lon="-159.354411"><ele>323.627</ele><time>2026-09-11T20:48:07Z</time></trkpt><trkpt lat="22.06279" lon="-159.354419"><ele>323.213</ele><time>2026-09-11T20:48:12Z</time></trkpt><trkpt lat="22.062768" lon="-159.354429"><ele>322.667</ele><time>2026-09-11T20:48:17Z</time></trkpt><trkpt lat="22.062745" lon="-159.354428"><ele>321.810</ele><time>2026-09-11T20:48:19Z</time></trkpt><trkpt lat="22.062692" lon="-159.354428"><ele>320.886</ele><time>2026-09-11T20:48:25Z</time></trkpt><trkpt lat="22.062607" lon="-159.354417"><ele>320.037</ele><time>2026-09-11T20:48:35Z</time></trkpt><trkpt lat="22.062556" lon="-159.354416"><ele>320.449</ele><time>2026-09-11T20:48:40Z</time></trkpt><trkpt lat="22.062519" lon="-159.35441"><ele>320.613</ele><time>2026-09-11T20:48:43Z</time></trkpt><trkpt lat="22.062478" lon="-159.354374"><ele>321.409</ele><time>2026-09-11T20:48:51Z</time></trkpt><trkpt lat="22.062429" lon="-159.35436"><ele>321.475</ele><time>2026-09-11T20:48:59Z</time></trkpt><trkpt lat="22.062411" lon="-159.354362"><ele>321.871</ele><time>2026-09-11T20:49:01Z</time></trkpt><trkpt lat="22.062393" lon="-159.354362"><ele>322.048</ele><time>2026-09-11T20:49:04Z</time></trkpt><trkpt lat="22.062365" lon="-159.354359"><ele>322.825</ele><time>2026-09-11T20:49:08Z</time></trkpt><trkpt lat="22.062358" lon="-159.35435"><ele>323.277</ele><time>2026-09-11T20:49:10Z</time></trkpt><trkpt lat="22.062351" lon="-159.354348"><ele>323.423</ele><time>2026-09-11T20:49:12Z</time></trkpt><trkpt lat="22.062344" lon="-159.35434"><ele>324.077</ele><time>2026-09-11T20:49:15Z</time></trkpt><trkpt lat="22.062332" lon="-159.354332"><ele>324.490</ele><time>2026-09-11T20:49:18Z</time></trkpt><trkpt lat="22.06231" lon="-159.354342"><ele>325.076</ele><time>2026-09-11T20:49:23Z</time></trkpt><trkpt lat="22.062305" lon="-159.354341"><ele>325.425</ele><time>2026-09-11T20:49:24Z</time></trkpt><trkpt lat="22.062288" lon="-159.35433"><ele>326.226</ele><time>2026-09-11T20:49:28Z</time></trkpt><trkpt lat="22.062273" lon="-159.354325"><ele>326.208</ele><time>2026-09-11T20:49:30Z</time></trkpt><trkpt lat="22.062234" lon="-159.354321"><ele>326.809</ele><time>2026-09-11T20:49:36Z</time></trkpt><trkpt lat="22.062227" lon="-159.354315"><ele>327.244</ele><time>2026-09-11T20:49:39Z</time></trkpt><trkpt lat="22.062232" lon="-159.354297"><ele>328.250</ele><time>2026-09-11T20:49:44Z</time></trkpt><trkpt lat="22.062225" lon="-159.35429"><ele>328.817</ele><time>2026-09-11T20:49:47Z</time></trkpt><trkpt lat="22.062222" lon="-159.354291"><ele>329.034</ele><time>2026-09-11T20:49:48Z</time></trkpt><trkpt lat="22.062214" lon="-159.354286"><ele>329.266</ele><time>2026-09-11T20:49:49Z</time></trkpt><trkpt lat="22.062212" lon="-159.354284"><ele>329.442</ele><time>2026-09-11T20:49:50Z</time></trkpt><trkpt lat="22.062209" lon="-159.354289"><ele>329.616</ele><time>2026-09-11T20:49:53Z</time></trkpt><trkpt lat="22.062186" lon="-159.354288"><ele>329.869</ele><time>2026-09-11T20:50:00Z</time></trkpt><trkpt lat="22.062154" lon="-159.354281"><ele>330.455</ele><time>2026-09-11T20:50:05Z</time></trkpt><trkpt lat="22.062119" lon="-159.354281"><ele>331.228</ele><time>2026-09-11T20:50:13Z</time></trkpt><trkpt lat="22.062108" lon="-159.354275"><ele>331.689</ele><time>2026-09-11T20:50:15Z</time></trkpt><trkpt lat="22.062071" lon="-159.35428"><ele>331.817</ele><time>2026-09-11T20:50:22Z</time></trkpt><trkpt lat="22.062021" lon="-159.354296"><ele>332.809</ele><time>2026-09-11T20:50:32Z</time></trkpt><trkpt lat="22.062015" lon="-159.354299"><ele>333.084</ele><time>2026-09-11T20:50:34Z</time></trkpt><trkpt lat="22.061996" lon="-159.354313"><ele>333.660</ele><time>2026-09-11T20:50:43Z</time></trkpt><trkpt lat="22.061997" lon="-159.35431"><ele>333.847</ele><time>2026-09-11T20:50:44Z</time></trkpt><trkpt lat="22.061993" lon="-159.354301"><ele>334.834</ele><time>2026-09-11T20:50:50Z</time></trkpt><trkpt lat="22.061981" lon="-159.3543"><ele>335.666</ele><time>2026-09-11T20:50:54Z</time></trkpt><trkpt lat="22.061978" lon="-159.354303"><ele>336.012</ele><time>2026-09-11T20:50:56Z</time></trkpt><trkpt lat="22.061928" lon="-159.354322"><ele>336.876</ele><time>2026-09-11T20:51:04Z</time></trkpt><trkpt lat="22.061924" lon="-159.354323"><ele>337.019</ele><time>2026-09-11T20:51:05Z</time></trkpt><trkpt lat="22.061901" lon="-159.354343"><ele>338.085</ele><time>2026-09-11T20:51:14Z</time></trkpt><trkpt lat="22.061911" lon="-159.354347"><ele>338.423</ele><time>2026-09-11T20:51:22Z</time></trkpt><trkpt lat="22.061909" lon="-159.354349"><ele>339.083</ele><time>2026-09-11T20:51:27Z</time></trkpt><trkpt lat="22.061902" lon="-159.354336"><ele>339.611</ele><time>2026-09-11T20:51:31Z</time></trkpt><trkpt lat="22.061895" lon="-159.354339"><ele>340.209</ele><time>2026-09-11T20:51:33Z</time></trkpt><trkpt lat="22.061886" lon="-159.354338"><ele>341.294</ele><time>2026-09-11T20:51:40Z</time></trkpt><trkpt lat="22.061885" lon="-159.354314"><ele>342.430</ele><time>2026-09-11T20:51:47Z</time></trkpt><trkpt lat="22.061886" lon="-159.354329"><ele>342.467</ele><time>2026-09-11T20:51:57Z</time></trkpt><trkpt lat="22.06188" lon="-159.354303"><ele>342.244</ele><time>2026-09-11T20:52:03Z</time></trkpt><trkpt lat="22.061865" lon="-159.354299"><ele>343.036</ele><time>2026-09-11T20:52:09Z</time></trkpt><trkpt lat="22.061858" lon="-159.35429"><ele>343.422</ele><time>2026-09-11T20:52:11Z</time></trkpt><trkpt lat="22.06186" lon="-159.354275"><ele>344.046</ele><time>2026-09-11T20:52:16Z</time></trkpt><trkpt lat="22.061865" lon="-159.354272"><ele>343.639</ele><time>2026-09-11T20:52:26Z</time></trkpt><trkpt lat="22.061896" lon="-159.354253"><ele>344.665</ele><time>2026-09-11T20:52:33Z</time></trkpt><trkpt lat="22.061914" lon="-159.354233"><ele>344.831</ele><time>2026-09-11T20:52:40Z</time></trkpt><trkpt lat="22.061909" lon="-159.354235"><ele>344.461</ele><time>2026-09-11T20:52:50Z</time></trkpt><trkpt lat="22.061913" lon="-159.354227"><ele>344.207</ele><time>2026-09-11T20:53:01Z</time></trkpt><trkpt lat="22.061916" lon="-159.354228"><ele>344.009</ele><time>2026-09-11T20:53:09Z</time></trkpt><trkpt lat="22.061917" lon="-159.354234"><ele>344.045</ele><time>2026-09-11T20:53:13Z</time></trkpt><trkpt lat="22.061933" lon="-159.354221"><ele>344.421</ele><time>2026-09-11T20:53:18Z</time></trkpt><trkpt lat="22.061934" lon="-159.35422"><ele>343.888</ele><time>2026-09-11T20:53:27Z</time></trkpt><trkpt lat="22.061934" lon="-159.35422"><ele>343.615</ele><time>2026-09-11T20:53:29Z</time></trkpt><trkpt lat="22.061934" lon="-159.35422"><ele>344.087</ele><time>2026-09-11T20:53:37Z</time></trkpt><trkpt lat="22.061934" lon="-159.35422"><ele>344.263</ele><time>2026-09-11T20:53:39Z</time></trkpt><trkpt lat="22.061925" lon="-159.354218"><ele>344.057</ele><time>2026-09-11T20:53:42Z</time></trkpt><trkpt lat="22.061925" lon="-159.354217"><ele>343.880</ele><time>2026-09-11T20:53:43Z</time></trkpt><trkpt lat="22.061923" lon="-159.354218"><ele>343.236</ele><time>2026-09-11T20:53:54Z</time></trkpt><trkpt lat="22.061934" lon="-159.35422"><ele>342.844</ele><time>2026-09-11T20:54:03Z</time></trkpt><trkpt lat="22.061934" lon="-159.354222"><ele>342.805</ele><time>2026-09-11T20:54:11Z</time></trkpt><trkpt lat="22.061918" lon="-159.354223"><ele>342.415</ele><time>2026-09-11T20:54:15Z</time></trkpt><trkpt lat="22.06191" lon="-159.35422"><ele>342.209</ele><time>2026-09-11T20:54:18Z</time></trkpt><trkpt lat="22.061912" lon="-159.354219"><ele>342.286</ele><time>2026-09-11T20:54:24Z</time></trkpt><trkpt lat="22.061912" lon="-159.354219"><ele>342.222</ele><time>2026-09-11T20:54:25Z</time></trkpt><trkpt lat="22.061912" lon="-159.354219"><ele>342.289</ele><time>2026-09-11T20:54:27Z</time></trkpt><trkpt lat="22.061912" lon="-159.354219"><ele>342.046</ele><time>2026-09-11T20:54:29Z</time></trkpt><trkpt lat="22.061912" lon="-159.354219"><ele>341.828</ele><time>2026-09-11T20:54:32Z</time></trkpt><trkpt lat="22.061912" lon="-159.354219"><ele>341.884</ele><time>2026-09-11T20:54:34Z</time></trkpt><trkpt lat="22.061912" lon="-159.354219"><ele>342.278</ele><time>2026-09-11T20:54:37Z</time></trkpt><trkpt lat="22.061912" lon="-159.354219"><ele>342.651</ele><time>2026-09-11T20:54:39Z</time></trkpt><trkpt lat="22.061912" lon="-159.354219"><ele>342.067</ele><time>2026-09-11T20:54:45Z</time></trkpt><trkpt lat="22.061912" lon="-159.354219"><ele>341.645</ele><time>2026-09-11T20:54:49Z</time></trkpt><trkpt lat="22.061912" lon="-159.354219"><ele>341.647</ele><time>2026-09-11T20:54:55Z</time></trkpt><trkpt lat="22.061912" lon="-159.354219"><ele>341.411</ele><time>2026-09-11T20:55:00Z</time></trkpt><trkpt lat="22.061912" lon="-159.354219"><ele>341.409</ele><time>2026-09-11T20:55:01Z</time></trkpt><trkpt lat="22.061912" lon="-159.354219"><ele>341.446</ele><time>2026-09-11T20:55:13Z</time></trkpt><trkpt lat="22.061912" lon="-159.354219"><ele>341.262</ele><time>2026-09-11T20:55:15Z</time></trkpt><trkpt lat="22.061912" lon="-159.354219"><ele>341.469</ele><time>2026-09-11T20:55:33Z</time></trkpt><trkpt lat="22.061912" lon="-159.354219"><ele>341.216</ele><time>2026-09-11T20:55:41Z</time></trkpt><trkpt lat="22.061912" lon="-159.354219"><ele>341.278</ele><time>2026-09-11T20:55:46Z</time></trkpt><trkpt lat="22.061914" lon="-159.354219"><ele>341.084</ele><time>2026-09-11T20:55:57Z</time></trkpt><trkpt lat="22.061912" lon="-159.354219"><ele>340.418</ele><time>2026-09-11T20:56:05Z</time></trkpt><trkpt lat="22.061912" lon="-159.354219"><ele>339.851</ele><time>2026-09-11T20:56:20Z</time></trkpt><trkpt lat="22.061912" lon="-159.354219"><ele>339.897</ele><time>2026-09-11T20:56:31Z</time></trkpt><trkpt lat="22.061912" lon="-159.354219"><ele>339.479</ele><time>2026-09-11T20:56:33Z</time></trkpt><trkpt lat="22.061912" lon="-159.354219"><ele>339.605</ele><time>2026-09-11T20:56:42Z</time></trkpt><trkpt lat="22.061912" lon="-159.354219"><ele>339.625</ele><time>2026-09-11T20:56:54Z</time></trkpt><trkpt lat="22.061912" lon="-159.354219"><ele>339.609</ele><time>2026-09-11T20:56:59Z</time></trkpt><trkpt lat="22.061912" lon="-159.354219"><ele>339.459</ele><time>2026-09-11T20:57:05Z</time></trkpt><trkpt lat="22.061912" lon="-159.354219"><ele>339.645</ele><time>2026-09-11T20:57:14Z</time></trkpt><trkpt lat="22.061912" lon="-159.354219"><ele>339.442</ele><time>2026-09-11T20:57:28Z</time></trkpt><trkpt lat="22.061912" lon="-159.354219"><ele>339.489</ele><time>2026-09-11T20:57:36Z</time></trkpt><trkpt lat="22.061912" lon="-159.354219"><ele>339.471</ele><time>2026-09-11T20:57:38Z</time></trkpt><trkpt lat="22.061912" lon="-159.354219"><ele>339.237</ele><time>2026-09-11T20:57:48Z</time></trkpt><trkpt lat="22.061912" lon="-159.354219"><ele>339.211</ele><time>2026-09-11T20:58:04Z</time></trkpt><trkpt lat="22.061912" lon="-159.354219"><ele>339.464</ele><time>2026-09-11T20:58:12Z</time></trkpt><trkpt lat="22.061912" lon="-159.354219"><ele>339.270</ele><time>2026-09-11T20:58:20Z</time></trkpt><trkpt lat="22.061928" lon="-159.354208"><ele>339.244</ele><time>2026-09-11T20:58:28Z</time></trkpt><trkpt lat="22.061917" lon="-159.354216"><ele>339.005</ele><time>2026-09-11T20:58:40Z</time></trkpt><trkpt lat="22.061912" lon="-159.354219"><ele>339.015</ele><time>2026-09-11T20:58:43Z</time></trkpt><trkpt lat="22.061912" lon="-159.354219"><ele>338.609</ele><time>2026-09-11T20:58:53Z</time></trkpt><trkpt lat="22.061912" lon="-159.354219"><ele>338.896</ele><time>2026-09-11T20:58:54Z</time></trkpt><trkpt lat="22.061912" lon="-159.354219"><ele>339.262</ele><time>2026-09-11T20:58:58Z</time></trkpt><trkpt lat="22.061912" lon="-159.354219"><ele>339.269</ele><time>2026-09-11T20:59:00Z</time></trkpt><trkpt lat="22.061912" lon="-159.354219"><ele>338.886</ele><time>2026-09-11T20:59:08Z</time></trkpt><trkpt lat="22.061928" lon="-159.354217"><ele>338.828</ele><time>2026-09-11T20:59:12Z</time></trkpt><trkpt lat="22.061933" lon="-159.354226"><ele>338.824</ele><time>2026-09-11T20:59:24Z</time></trkpt><trkpt lat="22.061931" lon="-159.354224"><ele>338.498</ele><time>2026-09-11T20:59:33Z</time></trkpt><trkpt lat="22.06193" lon="-159.354219"><ele>338.481</ele><time>2026-09-11T20:59:35Z</time></trkpt><trkpt lat="22.06196" lon="-159.354191"><ele>337.857</ele><time>2026-09-11T21:01:34Z</time></trkpt><trkpt lat="22.061964" lon="-159.354189"><ele>337.873</ele><time>2026-09-11T21:01:35Z</time></trkpt><trkpt lat="22.061979" lon="-159.354182"><ele>337.685</ele><time>2026-09-11T21:01:39Z</time></trkpt><trkpt lat="22.061995" lon="-159.354175"><ele>337.813</ele><time>2026-09-11T21:01:41Z</time></trkpt><trkpt lat="22.062002" lon="-159.354172"><ele>338.009</ele><time>2026-09-11T21:01:43Z</time></trkpt><trkpt lat="22.062012" lon="-159.354171"><ele>337.689</ele><time>2026-09-11T21:01:53Z</time></trkpt><trkpt lat="22.062023" lon="-159.354158"><ele>337.625</ele><time>2026-09-11T21:01:58Z</time></trkpt><trkpt lat="22.06203" lon="-159.354151"><ele>337.212</ele><time>2026-09-11T21:02:00Z</time></trkpt><trkpt lat="22.062035" lon="-159.354156"><ele>336.629</ele><time>2026-09-11T21:02:05Z</time></trkpt><trkpt lat="22.062038" lon="-159.354155"><ele>337.861</ele><time>2026-09-11T21:02:13Z</time></trkpt><trkpt lat="22.062055" lon="-159.354144"><ele>338.267</ele><time>2026-09-11T21:02:15Z</time></trkpt><trkpt lat="22.062071" lon="-159.354138"><ele>338.231</ele><time>2026-09-11T21:02:20Z</time></trkpt><trkpt lat="22.062073" lon="-159.354138"><ele>338.214</ele><time>2026-09-11T21:02:22Z</time></trkpt><trkpt lat="22.062073" lon="-159.354138"><ele>338.270</ele><time>2026-09-11T21:02:23Z</time></trkpt><trkpt lat="22.062073" lon="-159.354138"><ele>338.449</ele><time>2026-09-11T21:02:25Z</time></trkpt><trkpt lat="22.062073" lon="-159.354138"><ele>338.802</ele><time>2026-09-11T21:02:29Z</time></trkpt><trkpt lat="22.062071" lon="-159.35414"><ele>337.622</ele><time>2026-09-11T21:02:39Z</time></trkpt><trkpt lat="22.062059" lon="-159.354134"><ele>338.409</ele><time>2026-09-11T21:02:49Z</time></trkpt><trkpt lat="22.062064" lon="-159.354144"><ele>337.666</ele><time>2026-09-11T21:03:00Z</time></trkpt><trkpt lat="22.06206" lon="-159.354141"><ele>337.832</ele><time>2026-09-11T21:03:04Z</time></trkpt><trkpt lat="22.062073" lon="-159.354138"><ele>337.629</ele><time>2026-09-11T21:03:11Z</time></trkpt><trkpt lat="22.062063" lon="-159.354141"><ele>337.656</ele><time>2026-09-11T21:03:12Z</time></trkpt><trkpt lat="22.061993" lon="-159.354176"><ele>334.218</ele><time>2026-09-11T21:08:12Z</time></trkpt><trkpt lat="22.061985" lon="-159.354182"><ele>334.284</ele><time>2026-09-11T21:08:13Z</time></trkpt><trkpt lat="22.06196" lon="-159.354196"><ele>333.648</ele><time>2026-09-11T21:08:16Z</time></trkpt><trkpt lat="22.061953" lon="-159.354204"><ele>333.061</ele><time>2026-09-11T21:08:18Z</time></trkpt><trkpt lat="22.061952" lon="-159.354206"><ele>332.817</ele><time>2026-09-11T21:08:24Z</time></trkpt><trkpt lat="22.061936" lon="-159.354198"><ele>332.657</ele><time>2026-09-11T21:08:34Z</time></trkpt><trkpt lat="22.061938" lon="-159.354197"><ele>332.800</ele><time>2026-09-11T21:08:36Z</time></trkpt><trkpt lat="22.061897" lon="-159.354239"><ele>331.620</ele><time>2026-09-11T21:10:33Z</time></trkpt><trkpt lat="22.061883" lon="-159.354255"><ele>331.409</ele><time>2026-09-11T21:10:37Z</time></trkpt><trkpt lat="22.061873" lon="-159.354271"><ele>330.627</ele><time>2026-09-11T21:10:41Z</time></trkpt><trkpt lat="22.061858" lon="-159.354293"><ele>329.893</ele><time>2026-09-11T21:10:46Z</time></trkpt><trkpt lat="22.061855" lon="-159.3543"><ele>329.470</ele><time>2026-09-11T21:10:48Z</time></trkpt><trkpt lat="22.061852" lon="-159.354296"><ele>329.487</ele><time>2026-09-11T21:10:53Z</time></trkpt><trkpt lat="22.061855" lon="-159.354298"><ele>329.419</ele><time>2026-09-11T21:10:56Z</time></trkpt><trkpt lat="22.061855" lon="-159.354295"><ele>329.015</ele><time>2026-09-11T21:10:58Z</time></trkpt><trkpt lat="22.061855" lon="-159.354295"><ele>328.889</ele><time>2026-09-11T21:11:00Z</time></trkpt><trkpt lat="22.061855" lon="-159.354295"><ele>329.062</ele><time>2026-09-11T21:11:04Z</time></trkpt><trkpt lat="22.061858" lon="-159.354283"><ele>329.478</ele><time>2026-09-11T21:11:10Z</time></trkpt><trkpt lat="22.061854" lon="-159.354286"><ele>329.619</ele><time>2026-09-11T21:11:17Z</time></trkpt><trkpt lat="22.061847" lon="-159.354299"><ele>329.409</ele><time>2026-09-11T21:11:21Z</time></trkpt><trkpt lat="22.061855" lon="-159.354295"><ele>329.419</ele><time>2026-09-11T21:11:31Z</time></trkpt><trkpt lat="22.061855" lon="-159.354295"><ele>329.209</ele><time>2026-09-11T21:11:34Z</time></trkpt><trkpt lat="22.061855" lon="-159.354295"><ele>329.233</ele><time>2026-09-11T21:11:35Z</time></trkpt><trkpt lat="22.061855" lon="-159.354295"><ele>329.289</ele><time>2026-09-11T21:11:36Z</time></trkpt><trkpt lat="22.061855" lon="-159.354295"><ele>329.236</ele><time>2026-09-11T21:11:37Z</time></trkpt><trkpt lat="22.061855" lon="-159.354295"><ele>329.023</ele><time>2026-09-11T21:11:41Z</time></trkpt><trkpt lat="22.061855" lon="-159.354295"><ele>329.095</ele><time>2026-09-11T21:11:42Z</time></trkpt><trkpt lat="22.061845" lon="-159.3543"><ele>329.251</ele><time>2026-09-11T21:11:43Z</time></trkpt><trkpt lat="22.061845" lon="-159.354298"><ele>329.265</ele><time>2026-09-11T21:11:44Z</time></trkpt><trkpt lat="22.06185" lon="-159.354295"><ele>329.418</ele><time>2026-09-11T21:11:51Z</time></trkpt><trkpt lat="22.061844" lon="-159.354297"><ele>329.414</ele><time>2026-09-11T21:11:57Z</time></trkpt><trkpt lat="22.061833" lon="-159.354301"><ele>329.879</ele><time>2026-09-11T21:12:05Z</time></trkpt><trkpt lat="22.06183" lon="-159.354314"><ele>329.805</ele><time>2026-09-11T21:12:11Z</time></trkpt><trkpt lat="22.061829" lon="-159.35432"><ele>329.825</ele><time>2026-09-11T21:12:12Z</time></trkpt><trkpt lat="22.061831" lon="-159.354327"><ele>329.809</ele><time>2026-09-11T21:12:18Z</time></trkpt><trkpt lat="22.061829" lon="-159.35433"><ele>329.899</ele><time>2026-09-11T21:12:21Z</time></trkpt><trkpt lat="22.061819" lon="-159.354342"><ele>330.435</ele><time>2026-09-11T21:12:31Z</time></trkpt><trkpt lat="22.061818" lon="-159.354341"><ele>330.652</ele><time>2026-09-11T21:12:32Z</time></trkpt><trkpt lat="22.061816" lon="-159.354342"><ele>330.649</ele><time>2026-09-11T21:12:33Z</time></trkpt><trkpt lat="22.061817" lon="-159.354343"><ele>330.891</ele><time>2026-09-11T21:12:35Z</time></trkpt><trkpt lat="22.061808" lon="-159.354346"><ele>330.617</ele><time>2026-09-11T21:12:41Z</time></trkpt><trkpt lat="22.061799" lon="-159.354353"><ele>330.671</ele><time>2026-09-11T21:12:51Z</time></trkpt><trkpt lat="22.061795" lon="-159.354353"><ele>330.654</ele><time>2026-09-11T21:12:53Z</time></trkpt><trkpt lat="22.061786" lon="-159.354373"><ele>330.840</ele><time>2026-09-11T21:13:02Z</time></trkpt><trkpt lat="22.061775" lon="-159.354389"><ele>330.879</ele><time>2026-09-11T21:13:11Z</time></trkpt><trkpt lat="22.061766" lon="-159.354398"><ele>331.205</ele><time>2026-09-11T21:13:23Z</time></trkpt><trkpt lat="22.061762" lon="-159.354409"><ele>331.625</ele><time>2026-09-11T21:13:25Z</time></trkpt><trkpt lat="22.061745" lon="-159.354446"><ele>332.209</ele><time>2026-09-11T21:13:31Z</time></trkpt><trkpt lat="22.061741" lon="-159.354458"><ele>332.639</ele><time>2026-09-11T21:13:34Z</time></trkpt><trkpt lat="22.061733" lon="-159.354454"><ele>333.645</ele><time>2026-09-11T21:13:37Z</time></trkpt><trkpt lat="22.061729" lon="-159.354455"><ele>334.082</ele><time>2026-09-11T21:13:39Z</time></trkpt><trkpt lat="22.061709" lon="-159.354469"><ele>334.889</ele><time>2026-09-11T21:13:44Z</time></trkpt><trkpt lat="22.061693" lon="-159.354476"><ele>335.481</ele><time>2026-09-11T21:13:47Z</time></trkpt><trkpt lat="22.06169" lon="-159.354478"><ele>335.427</ele><time>2026-09-11T21:13:48Z</time></trkpt><trkpt lat="22.061688" lon="-159.354492"><ele>336.011</ele><time>2026-09-11T21:13:52Z</time></trkpt><trkpt lat="22.061683" lon="-159.354515"><ele>337.224</ele><time>2026-09-11T21:13:57Z</time></trkpt><trkpt lat="22.061681" lon="-159.354542"><ele>338.060</ele><time>2026-09-11T21:14:03Z</time></trkpt><trkpt lat="22.061677" lon="-159.354548"><ele>338.248</ele><time>2026-09-11T21:14:04Z</time></trkpt><trkpt lat="22.06164" lon="-159.354599"><ele>338.261</ele><time>2026-09-11T21:14:10Z</time></trkpt><trkpt lat="22.061587" lon="-159.354693"><ele>338.217</ele><time>2026-09-11T21:14:19Z</time></trkpt><trkpt lat="22.061573" lon="-159.354699"><ele>338.409</ele><time>2026-09-11T21:14:21Z</time></trkpt><trkpt lat="22.061544" lon="-159.354711"><ele>338.466</ele><time>2026-09-11T21:14:25Z</time></trkpt><trkpt lat="22.061496" lon="-159.35475"><ele>339.062</ele><time>2026-09-11T21:14:35Z</time></trkpt><trkpt lat="22.06149" lon="-159.354756"><ele>339.079</ele><time>2026-09-11T21:14:36Z</time></trkpt><trkpt lat="22.061469" lon="-159.354771"><ele>339.426</ele><time>2026-09-11T21:14:39Z</time></trkpt><trkpt lat="22.061432" lon="-159.354783"><ele>339.868</ele><time>2026-09-11T21:14:44Z</time></trkpt><trkpt lat="22.061418" lon="-159.354786"><ele>340.244</ele><time>2026-09-11T21:14:46Z</time></trkpt><trkpt lat="22.061401" lon="-159.354795"><ele>340.438</ele><time>2026-09-11T21:14:48Z</time></trkpt><trkpt lat="22.061355" lon="-159.354811"><ele>341.441</ele><time>2026-09-11T21:14:55Z</time></trkpt><trkpt lat="22.06135" lon="-159.354813"><ele>341.627</ele><time>2026-09-11T21:14:56Z</time></trkpt><trkpt lat="22.061327" lon="-159.354825"><ele>342.835</ele><time>2026-09-11T21:15:03Z</time></trkpt><trkpt lat="22.061318" lon="-159.354825"><ele>343.486</ele><time>2026-09-11T21:15:05Z</time></trkpt><trkpt lat="22.06131" lon="-159.354821"><ele>344.014</ele><time>2026-09-11T21:15:07Z</time></trkpt><trkpt lat="22.061295" lon="-159.354819"><ele>345.209</ele><time>2026-09-11T21:15:13Z</time></trkpt><trkpt lat="22.061261" lon="-159.354821"><ele>346.255</ele><time>2026-09-11T21:15:21Z</time></trkpt><trkpt lat="22.061237" lon="-159.354821"><ele>347.471</ele><time>2026-09-11T21:15:28Z</time></trkpt><trkpt lat="22.061215" lon="-159.354832"><ele>348.448</ele><time>2026-09-11T21:15:33Z</time></trkpt><trkpt lat="22.06122" lon="-159.354851"><ele>349.085</ele><time>2026-09-11T21:15:37Z</time></trkpt><trkpt lat="22.061251" lon="-159.354861"><ele>348.857</ele><time>2026-09-11T21:15:43Z</time></trkpt><trkpt lat="22.061248" lon="-159.354861"><ele>348.663</ele><time>2026-09-11T21:15:45Z</time></trkpt><trkpt lat="22.061236" lon="-159.354857"><ele>348.617</ele><time>2026-09-11T21:15:51Z</time></trkpt><trkpt lat="22.061236" lon="-159.354858"><ele>348.630</ele><time>2026-09-11T21:16:05Z</time></trkpt><trkpt lat="22.061236" lon="-159.354858"><ele>348.696</ele><time>2026-09-11T21:16:07Z</time></trkpt><trkpt lat="22.061235" lon="-159.35486"><ele>348.624</ele><time>2026-09-11T21:16:08Z</time></trkpt><trkpt lat="22.061234" lon="-159.354859"><ele>348.604</ele><time>2026-09-11T21:16:09Z</time></trkpt><trkpt lat="22.061238" lon="-159.354855"><ele>348.414</ele><time>2026-09-11T21:16:14Z</time></trkpt><trkpt lat="22.061074" lon="-159.35452"><ele>331.009</ele><time>2026-09-11T21:32:16Z</time></trkpt><trkpt lat="22.061073" lon="-159.354521"><ele>331.064</ele><time>2026-09-11T21:32:17Z</time></trkpt><trkpt lat="22.061071" lon="-159.354523"><ele>331.020</ele><time>2026-09-11T21:32:19Z</time></trkpt><trkpt lat="22.061074" lon="-159.354506"><ele>330.257</ele><time>2026-09-11T21:32:29Z</time></trkpt><trkpt lat="22.061072" lon="-159.354505"><ele>330.434</ele><time>2026-09-11T21:32:33Z</time></trkpt><trkpt lat="22.061069" lon="-159.354502"><ele>330.666</ele><time>2026-09-11T21:32:38Z</time></trkpt><trkpt lat="22.061067" lon="-159.354504"><ele>330.622</ele><time>2026-09-11T21:32:40Z</time></trkpt><trkpt lat="22.061064" lon="-159.354504"><ele>330.676</ele><time>2026-09-11T21:32:42Z</time></trkpt><trkpt lat="22.061067" lon="-159.354506"><ele>330.829</ele><time>2026-09-11T21:32:45Z</time></trkpt><trkpt lat="22.06107" lon="-159.354495"><ele>330.435</ele><time>2026-09-11T21:32:55Z</time></trkpt><trkpt lat="22.06107" lon="-159.354495"><ele>330.424</ele><time>2026-09-11T21:32:56Z</time></trkpt><trkpt lat="22.061068" lon="-159.354506"><ele>330.604</ele><time>2026-09-11T21:32:58Z</time></trkpt><trkpt lat="22.061069" lon="-159.354508"><ele>330.814</ele><time>2026-09-11T21:33:00Z</time></trkpt><trkpt lat="22.061067" lon="-159.354532"><ele>331.409</ele><time>2026-09-11T21:33:06Z</time></trkpt><trkpt lat="22.061066" lon="-159.35452"><ele>330.874</ele><time>2026-09-11T21:33:17Z</time></trkpt><trkpt lat="22.06108" lon="-159.354537"><ele>331.810</ele><time>2026-09-11T21:33:26Z</time></trkpt><trkpt lat="22.061073" lon="-159.354544"><ele>332.287</ele><time>2026-09-11T21:33:29Z</time></trkpt><trkpt lat="22.061053" lon="-159.354555"><ele>332.064</ele><time>2026-09-11T21:33:34Z</time></trkpt><trkpt lat="22.06105" lon="-159.354551"><ele>332.466</ele><time>2026-09-11T21:33:37Z</time></trkpt><trkpt lat="22.061073" lon="-159.354561"><ele>332.822</ele><time>2026-09-11T21:33:44Z</time></trkpt><trkpt lat="22.061076" lon="-159.354567"><ele>333.226</ele><time>2026-09-11T21:33:46Z</time></trkpt><trkpt lat="22.06108" lon="-159.354586"><ele>333.899</ele><time>2026-09-11T21:33:52Z</time></trkpt><trkpt lat="22.061074" lon="-159.354612"><ele>333.865</ele><time>2026-09-11T21:34:01Z</time></trkpt><trkpt lat="22.061082" lon="-159.354637"><ele>334.446</ele><time>2026-09-11T21:34:04Z</time></trkpt><trkpt lat="22.061096" lon="-159.354642"><ele>335.288</ele><time>2026-09-11T21:34:07Z</time></trkpt><trkpt lat="22.061102" lon="-159.354644"><ele>335.616</ele><time>2026-09-11T21:34:09Z</time></trkpt><trkpt lat="22.061117" lon="-159.354653"><ele>336.809</ele><time>2026-09-11T21:34:13Z</time></trkpt><trkpt lat="22.061126" lon="-159.354665"><ele>337.876</ele><time>2026-09-11T21:34:16Z</time></trkpt><trkpt lat="22.061127" lon="-159.354671"><ele>338.042</ele><time>2026-09-11T21:34:17Z</time></trkpt><trkpt lat="22.061127" lon="-159.354695"><ele>338.889</ele><time>2026-09-11T21:34:21Z</time></trkpt><trkpt lat="22.061126" lon="-159.3547"><ele>339.026</ele><time>2026-09-11T21:34:22Z</time></trkpt><trkpt lat="22.061134" lon="-159.354716"><ele>339.688</ele><time>2026-09-11T21:34:25Z</time></trkpt><trkpt lat="22.061138" lon="-159.354723"><ele>339.874</ele><time>2026-09-11T21:34:26Z</time></trkpt><trkpt lat="22.061141" lon="-159.35473"><ele>340.068</ele><time>2026-09-11T21:34:27Z</time></trkpt><trkpt lat="22.061158" lon="-159.354753"><ele>340.681</ele><time>2026-09-11T21:34:32Z</time></trkpt><trkpt lat="22.061162" lon="-159.354753"><ele>340.857</ele><time>2026-09-11T21:34:42Z</time></trkpt><trkpt lat="22.061167" lon="-159.354762"><ele>340.037</ele><time>2026-09-11T21:34:49Z</time></trkpt><trkpt lat="22.061162" lon="-159.354753"><ele>340.249</ele><time>2026-09-11T21:34:57Z</time></trkpt><trkpt lat="22.061167" lon="-159.354761"><ele>340.413</ele><time>2026-09-11T21:35:03Z</time></trkpt><trkpt lat="22.061175" lon="-159.354767"><ele>340.409</ele><time>2026-09-11T21:35:16Z</time></trkpt><trkpt lat="22.061175" lon="-159.354764"><ele>340.445</ele><time>2026-09-11T21:35:17Z</time></trkpt><trkpt lat="22.061173" lon="-159.35476"><ele>340.451</ele><time>2026-09-11T21:35:18Z</time></trkpt><trkpt lat="22.061168" lon="-159.354764"><ele>340.298</ele><time>2026-09-11T21:35:27Z</time></trkpt><trkpt lat="22.061164" lon="-159.354767"><ele>340.055</ele><time>2026-09-11T21:35:35Z</time></trkpt><trkpt lat="22.061169" lon="-159.354764"><ele>339.857</ele><time>2026-09-11T21:35:40Z</time></trkpt><trkpt lat="22.061158" lon="-159.354758"><ele>339.893</ele><time>2026-09-11T21:35:48Z</time></trkpt><trkpt lat="22.061161" lon="-159.354757"><ele>340.077</ele><time>2026-09-11T21:35:52Z</time></trkpt><trkpt lat="22.061161" lon="-159.354756"><ele>339.830</ele><time>2026-09-11T21:35:54Z</time></trkpt><trkpt lat="22.061171" lon="-159.354758"><ele>339.626</ele><time>2026-09-11T21:36:02Z</time></trkpt><trkpt lat="22.061151" lon="-159.354758"><ele>339.282</ele><time>2026-09-11T21:36:15Z</time></trkpt><trkpt lat="22.06116" lon="-159.35475"><ele>339.243</ele><time>2026-09-11T21:36:28Z</time></trkpt><trkpt lat="22.061163" lon="-159.354752"><ele>339.617</ele><time>2026-09-11T21:36:33Z</time></trkpt><trkpt lat="22.061162" lon="-159.354753"><ele>339.609</ele><time>2026-09-11T21:36:35Z</time></trkpt><trkpt lat="22.061162" lon="-159.354753"><ele>339.430</ele><time>2026-09-11T21:36:39Z</time></trkpt><trkpt lat="22.06116" lon="-159.354752"><ele>339.276</ele><time>2026-09-11T21:36:41Z</time></trkpt><trkpt lat="22.061158" lon="-159.354751"><ele>339.083</ele><time>2026-09-11T21:36:42Z</time></trkpt><trkpt lat="22.061166" lon="-159.354756"><ele>340.040</ele><time>2026-09-11T21:36:54Z</time></trkpt><trkpt lat="22.061163" lon="-159.354753"><ele>339.832</ele><time>2026-09-11T21:36:56Z</time></trkpt><trkpt lat="22.061163" lon="-159.354757"><ele>339.498</ele><time>2026-09-11T21:37:03Z</time></trkpt><trkpt lat="22.061166" lon="-159.354765"><ele>339.292</ele><time>2026-09-11T21:37:06Z</time></trkpt><trkpt lat="22.061162" lon="-159.354742"><ele>339.015</ele><time>2026-09-11T21:37:19Z</time></trkpt><trkpt lat="22.06116" lon="-159.354745"><ele>339.251</ele><time>2026-09-11T21:37:22Z</time></trkpt><trkpt lat="22.06116" lon="-159.354747"><ele>339.471</ele><time>2026-09-11T21:37:23Z</time></trkpt><trkpt lat="22.061159" lon="-159.354748"><ele>339.641</ele><time>2026-09-11T21:37:24Z</time></trkpt><trkpt lat="22.061163" lon="-159.354747"><ele>339.415</ele><time>2026-09-11T21:37:29Z</time></trkpt><trkpt lat="22.061173" lon="-159.354749"><ele>339.409</ele><time>2026-09-11T21:37:37Z</time></trkpt><trkpt lat="22.061181" lon="-159.354748"><ele>339.089</ele><time>2026-09-11T21:37:42Z</time></trkpt><trkpt lat="22.06117" lon="-159.354747"><ele>338.855</ele><time>2026-09-11T21:37:46Z</time></trkpt><trkpt lat="22.061168" lon="-159.354746"><ele>339.042</ele><time>2026-09-11T21:37:47Z</time></trkpt><trkpt lat="22.061161" lon="-159.354743"><ele>339.279</ele><time>2026-09-11T21:37:53Z</time></trkpt><trkpt lat="22.061161" lon="-159.354745"><ele>339.211</ele><time>2026-09-11T21:37:54Z</time></trkpt><trkpt lat="22.061165" lon="-159.354749"><ele>339.417</ele><time>2026-09-11T21:38:00Z</time></trkpt><trkpt lat="22.061166" lon="-159.35475"><ele>339.441</ele><time>2026-09-11T21:38:05Z</time></trkpt><trkpt lat="22.061165" lon="-159.354749"><ele>339.474</ele><time>2026-09-11T21:38:06Z</time></trkpt><trkpt lat="22.061165" lon="-159.354748"><ele>339.410</ele><time>2026-09-11T21:38:07Z</time></trkpt><trkpt lat="22.061166" lon="-159.354746"><ele>339.497</ele><time>2026-09-11T21:38:10Z</time></trkpt><trkpt lat="22.061163" lon="-159.35475"><ele>339.423</ele><time>2026-09-11T21:38:18Z</time></trkpt><trkpt lat="22.061162" lon="-159.354752"><ele>339.225</ele><time>2026-09-11T21:38:23Z</time></trkpt><trkpt lat="22.061172" lon="-159.354748"><ele>339.609</ele><time>2026-09-11T21:38:38Z</time></trkpt><trkpt lat="22.061163" lon="-159.354744"><ele>339.081</ele><time>2026-09-11T21:38:50Z</time></trkpt><trkpt lat="22.061163" lon="-159.354748"><ele>339.097</ele><time>2026-09-11T21:38:57Z</time></trkpt><trkpt lat="22.061161" lon="-159.35475"><ele>338.884</ele><time>2026-09-11T21:39:02Z</time></trkpt><trkpt lat="22.061168" lon="-159.354756"><ele>339.011</ele><time>2026-09-11T21:39:13Z</time></trkpt><trkpt lat="22.061162" lon="-159.354751"><ele>338.443</ele><time>2026-09-11T21:39:25Z</time></trkpt><trkpt lat="22.061162" lon="-159.354753"><ele>338.239</ele><time>2026-09-11T21:39:29Z</time></trkpt><trkpt lat="22.061162" lon="-159.354753"><ele>338.443</ele><time>2026-09-11T21:39:42Z</time></trkpt><trkpt lat="22.061167" lon="-159.354756"><ele>338.046</ele><time>2026-09-11T21:39:56Z</time></trkpt><trkpt lat="22.061165" lon="-159.354758"><ele>338.262</ele><time>2026-09-11T21:40:03Z</time></trkpt><trkpt lat="22.061172" lon="-159.354759"><ele>337.869</ele><time>2026-09-11T21:40:15Z</time></trkpt><trkpt lat="22.061174" lon="-159.354757"><ele>338.004</ele><time>2026-09-11T21:40:18Z</time></trkpt><trkpt lat="22.06117" lon="-159.354762"><ele>338.024</ele><time>2026-09-11T21:40:21Z</time></trkpt><trkpt lat="22.061171" lon="-159.354767"><ele>338.009</ele><time>2026-09-11T21:40:22Z</time></trkpt><trkpt lat="22.06117" lon="-159.354771"><ele>338.068</ele><time>2026-09-11T21:40:26Z</time></trkpt><trkpt lat="22.061167" lon="-159.354761"><ele>338.644</ele><time>2026-09-11T21:40:33Z</time></trkpt><trkpt lat="22.061172" lon="-159.354758"><ele>339.271</ele><time>2026-09-11T21:40:39Z</time></trkpt><trkpt lat="22.061165" lon="-159.354758"><ele>338.698</ele><time>2026-09-11T21:40:47Z</time></trkpt><trkpt lat="22.061162" lon="-159.354752"><ele>338.680</ele><time>2026-09-11T21:40:50Z</time></trkpt><trkpt lat="22.06116" lon="-159.354746"><ele>338.436</ele><time>2026-09-11T21:40:55Z</time></trkpt><trkpt lat="22.061159" lon="-159.354747"><ele>338.410</ele><time>2026-09-11T21:40:56Z</time></trkpt><trkpt lat="22.061159" lon="-159.35475"><ele>338.473</ele><time>2026-09-11T21:40:59Z</time></trkpt><trkpt lat="22.061159" lon="-159.35476"><ele>338.039</ele><time>2026-09-11T21:41:10Z</time></trkpt><trkpt lat="22.061162" lon="-159.354759"><ele>338.039</ele><time>2026-09-11T21:41:11Z</time></trkpt><trkpt lat="22.061164" lon="-159.354759"><ele>338.001</ele><time>2026-09-11T21:41:13Z</time></trkpt><trkpt lat="22.061164" lon="-159.354758"><ele>338.021</ele><time>2026-09-11T21:41:14Z</time></trkpt><trkpt lat="22.06116" lon="-159.354765"><ele>337.609</ele><time>2026-09-11T21:41:23Z</time></trkpt><trkpt lat="22.061156" lon="-159.354766"><ele>337.825</ele><time>2026-09-11T21:41:31Z</time></trkpt><trkpt lat="22.061155" lon="-159.354771"><ele>338.061</ele><time>2026-09-11T21:41:32Z</time></trkpt><trkpt lat="22.061155" lon="-159.354771"><ele>338.098</ele><time>2026-09-11T21:41:33Z</time></trkpt><trkpt lat="22.061155" lon="-159.354769"><ele>337.495</ele><time>2026-09-11T21:41:37Z</time></trkpt><trkpt lat="22.061155" lon="-159.354767"><ele>337.027</ele><time>2026-09-11T21:41:39Z</time></trkpt><trkpt lat="22.061159" lon="-159.354764"><ele>337.013</ele><time>2026-09-11T21:41:41Z</time></trkpt><trkpt lat="22.061165" lon="-159.354768"><ele>336.627</ele><time>2026-09-11T21:41:52Z</time></trkpt><trkpt lat="22.061169" lon="-159.354769"><ele>336.810</ele><time>2026-09-11T21:41:55Z</time></trkpt><trkpt lat="22.061169" lon="-159.35477"><ele>336.626</ele><time>2026-09-11T21:41:57Z</time></trkpt><trkpt lat="22.061171" lon="-159.35477"><ele>336.611</ele><time>2026-09-11T21:41:58Z</time></trkpt><trkpt lat="22.061187" lon="-159.354778"><ele>336.821</ele><time>2026-09-11T21:42:03Z</time></trkpt><trkpt lat="22.061208" lon="-159.35484"><ele>337.603</ele><time>2026-09-11T21:42:11Z</time></trkpt><trkpt lat="22.061231" lon="-159.354831"><ele>337.209</ele><time>2026-09-11T21:42:18Z</time></trkpt><trkpt lat="22.061252" lon="-159.354823"><ele>335.863</ele><time>2026-09-11T21:42:24Z</time></trkpt><trkpt lat="22.061254" lon="-159.354821"><ele>335.629</ele><time>2026-09-11T21:42:25Z</time></trkpt><trkpt lat="22.061272" lon="-159.35481"><ele>334.886</ele><time>2026-09-11T21:42:29Z</time></trkpt><trkpt lat="22.061284" lon="-159.354812"><ele>334.013</ele><time>2026-09-11T21:42:32Z</time></trkpt><trkpt lat="22.061292" lon="-159.354807"><ele>333.625</ele><time>2026-09-11T21:42:34Z</time></trkpt><trkpt lat="22.061314" lon="-159.354815"><ele>332.661</ele><time>2026-09-11T21:42:40Z</time></trkpt><trkpt lat="22.061317" lon="-159.354816"><ele>332.475</ele><time>2026-09-11T21:42:41Z</time></trkpt><trkpt lat="22.061336" lon="-159.354815"><ele>331.278</ele><time>2026-09-11T21:42:48Z</time></trkpt><trkpt lat="22.061345" lon="-159.354809"><ele>330.834</ele><time>2026-09-11T21:42:50Z</time></trkpt><trkpt lat="22.061373" lon="-159.354805"><ele>330.241</ele><time>2026-09-11T21:42:55Z</time></trkpt><trkpt lat="22.061384" lon="-159.354798"><ele>329.881</ele><time>2026-09-11T21:42:57Z</time></trkpt><trkpt lat="22.061418" lon="-159.354787"><ele>329.209</ele><time>2026-09-11T21:43:04Z</time></trkpt><trkpt lat="22.061418" lon="-159.354788"><ele>329.009</ele><time>2026-09-11T21:43:05Z</time></trkpt><trkpt lat="22.061434" lon="-159.354787"><ele>329.216</ele><time>2026-09-11T21:43:15Z</time></trkpt><trkpt lat="22.061461" lon="-159.354779"><ele>328.452</ele><time>2026-09-11T21:43:23Z</time></trkpt><trkpt lat="22.061487" lon="-159.354752"><ele>328.049</ele><time>2026-09-11T21:43:28Z</time></trkpt><trkpt lat="22.061506" lon="-159.354721"><ele>327.676</ele><time>2026-09-11T21:43:32Z</time></trkpt><trkpt lat="22.061579" lon="-159.354673"><ele>327.068</ele><time>2026-09-11T21:43:41Z</time></trkpt><trkpt lat="22.061629" lon="-159.354595"><ele>327.684</ele><time>2026-09-11T21:43:49Z</time></trkpt><trkpt lat="22.061679" lon="-159.354536"><ele>328.038</ele><time>2026-09-11T21:43:57Z</time></trkpt><trkpt lat="22.061676" lon="-159.354525"><ele>327.881</ele><time>2026-09-11T21:44:00Z</time></trkpt><trkpt lat="22.061677" lon="-159.354512"><ele>327.657</ele><time>2026-09-11T21:44:02Z</time></trkpt><trkpt lat="22.061679" lon="-159.354507"><ele>327.472</ele><time>2026-09-11T21:44:03Z</time></trkpt><trkpt lat="22.061677" lon="-159.354497"><ele>327.213</ele><time>2026-09-11T21:44:05Z</time></trkpt><trkpt lat="22.061679" lon="-159.354488"><ele>327.014</ele><time>2026-09-11T21:44:07Z</time></trkpt><trkpt lat="22.06168" lon="-159.354474"><ele>326.609</ele><time>2026-09-11T21:44:10Z</time></trkpt><trkpt lat="22.061707" lon="-159.354467"><ele>325.869</ele><time>2026-09-11T21:44:14Z</time></trkpt><trkpt lat="22.061718" lon="-159.354465"><ele>325.695</ele><time>2026-09-11T21:44:15Z</time></trkpt><trkpt lat="22.061756" lon="-159.354458"><ele>324.842</ele><time>2026-09-11T21:44:21Z</time></trkpt><trkpt lat="22.061758" lon="-159.354462"><ele>324.619</ele><time>2026-09-11T21:44:23Z</time></trkpt><trkpt lat="22.061747" lon="-159.354453"><ele>324.481</ele><time>2026-09-11T21:44:25Z</time></trkpt><trkpt lat="22.061746" lon="-159.354426"><ele>323.887</ele><time>2026-09-11T21:44:30Z</time></trkpt><trkpt lat="22.06175" lon="-159.354421"><ele>323.671</ele><time>2026-09-11T21:44:31Z</time></trkpt><trkpt lat="22.061781" lon="-159.354363"><ele>322.864</ele><time>2026-09-11T21:44:38Z</time></trkpt><trkpt lat="22.061799" lon="-159.354355"><ele>322.630</ele><time>2026-09-11T21:44:41Z</time></trkpt><trkpt lat="22.061821" lon="-159.354338"><ele>322.021</ele><time>2026-09-11T21:44:46Z</time></trkpt><trkpt lat="22.06183" lon="-159.354316"><ele>321.641</ele><time>2026-09-11T21:44:49Z</time></trkpt><trkpt lat="22.061852" lon="-159.354285"><ele>321.205</ele><time>2026-09-11T21:44:55Z</time></trkpt><trkpt lat="22.061859" lon="-159.354287"><ele>321.009</ele><time>2026-09-11T21:44:56Z</time></trkpt><trkpt lat="22.061877" lon="-159.354287"><ele>320.674</ele><time>2026-09-11T21:45:01Z</time></trkpt><trkpt lat="22.061881" lon="-159.35429"><ele>320.670</ele><time>2026-09-11T21:45:02Z</time></trkpt><trkpt lat="22.061885" lon="-159.35429"><ele>320.477</ele><time>2026-09-11T21:45:03Z</time></trkpt><trkpt lat="22.061888" lon="-159.354286"><ele>320.884</ele><time>2026-09-11T21:45:09Z</time></trkpt><trkpt lat="22.061954" lon="-159.354251"><ele>319.626</ele><time>2026-09-11T21:45:17Z</time></trkpt><trkpt lat="22.06197" lon="-159.354243"><ele>319.452</ele><time>2026-09-11T21:45:19Z</time></trkpt><trkpt lat="22.061993" lon="-159.35422"><ele>319.046</ele><time>2026-09-11T21:45:24Z</time></trkpt><trkpt lat="22.062025" lon="-159.354217"><ele>318.679</ele><time>2026-09-11T21:45:32Z</time></trkpt><trkpt lat="22.062045" lon="-159.354197"><ele>318.485</ele><time>2026-09-11T21:45:40Z</time></trkpt><trkpt lat="22.062051" lon="-159.354192"><ele>318.426</ele><time>2026-09-11T21:45:41Z</time></trkpt><trkpt lat="22.06206" lon="-159.354183"><ele>318.247</ele><time>2026-09-11T21:45:49Z</time></trkpt><trkpt lat="22.062046" lon="-159.354205"><ele>318.811</ele><time>2026-09-11T21:45:59Z</time></trkpt><trkpt lat="22.062045" lon="-159.354137"><ele>318.409</ele><time>2026-09-11T21:46:08Z</time></trkpt><trkpt lat="22.062037" lon="-159.354118"><ele>317.624</ele><time>2026-09-11T21:46:10Z</time></trkpt><trkpt lat="22.062037" lon="-159.35412"><ele>316.830</ele><time>2026-09-11T21:46:11Z</time></trkpt><trkpt lat="22.062045" lon="-159.354139"><ele>316.087</ele><time>2026-09-11T21:46:15Z</time></trkpt><trkpt lat="22.062051" lon="-159.354142"><ele>318.234</ele><time>2026-09-11T21:46:20Z</time></trkpt><trkpt lat="22.062054" lon="-159.354147"><ele>318.276</ele><time>2026-09-11T21:46:22Z</time></trkpt><trkpt lat="22.062039" lon="-159.354182"><ele>318.062</ele><time>2026-09-11T21:46:30Z</time></trkpt><trkpt lat="22.062026" lon="-159.35417"><ele>318.426</ele><time>2026-09-11T21:46:40Z</time></trkpt><trkpt lat="22.062037" lon="-159.354177"><ele>318.049</ele><time>2026-09-11T21:46:46Z</time></trkpt><trkpt lat="22.062037" lon="-159.35418"><ele>317.465</ele><time>2026-09-11T21:46:49Z</time></trkpt><trkpt lat="22.062027" lon="-159.35417"><ele>319.691</ele><time>2026-09-11T21:46:54Z</time></trkpt><trkpt lat="22.062031" lon="-159.354177"><ele>319.481</ele><time>2026-09-11T21:46:58Z</time></trkpt><trkpt lat="22.062038" lon="-159.354187"><ele>319.019</ele><time>2026-09-11T21:47:06Z</time></trkpt><trkpt lat="22.062045" lon="-159.354196"><ele>319.209</ele><time>2026-09-11T21:47:10Z</time></trkpt><trkpt lat="22.062045" lon="-159.354197"><ele>319.211</ele><time>2026-09-11T21:47:11Z</time></trkpt><trkpt lat="22.062043" lon="-159.3542"><ele>319.277</ele><time>2026-09-11T21:47:12Z</time></trkpt><trkpt lat="22.062035" lon="-159.354197"><ele>319.244</ele><time>2026-09-11T21:47:16Z</time></trkpt><trkpt lat="22.06201" lon="-159.354226"><ele>319.491</ele><time>2026-09-11T21:47:25Z</time></trkpt><trkpt lat="22.061954" lon="-159.354234"><ele>320.243</ele><time>2026-09-11T21:47:35Z</time></trkpt><trkpt lat="22.061941" lon="-159.354245"><ele>320.439</ele><time>2026-09-11T21:47:37Z</time></trkpt><trkpt lat="22.06193" lon="-159.354252"><ele>320.683</ele><time>2026-09-11T21:47:39Z</time></trkpt><trkpt lat="22.061894" lon="-159.354277"><ele>321.656</ele><time>2026-09-11T21:47:47Z</time></trkpt><trkpt lat="22.061884" lon="-159.354286"><ele>321.412</ele><time>2026-09-11T21:47:52Z</time></trkpt><trkpt lat="22.061882" lon="-159.354295"><ele>321.451</ele><time>2026-09-11T21:47:56Z</time></trkpt><trkpt lat="22.061893" lon="-159.354325"><ele>320.001</ele><time>2026-09-11T21:48:04Z</time></trkpt><trkpt lat="22.061893" lon="-159.35433"><ele>319.611</ele><time>2026-09-11T21:48:09Z</time></trkpt><trkpt lat="22.061887" lon="-159.354347"><ele>319.409</ele><time>2026-09-11T21:48:13Z</time></trkpt><trkpt lat="22.061885" lon="-159.354357"><ele>318.687</ele><time>2026-09-11T21:48:20Z</time></trkpt><trkpt lat="22.061888" lon="-159.354353"><ele>318.653</ele><time>2026-09-11T21:48:22Z</time></trkpt><trkpt lat="22.061902" lon="-159.354339"><ele>318.230</ele><time>2026-09-11T21:48:32Z</time></trkpt><trkpt lat="22.061904" lon="-159.354335"><ele>317.447</ele><time>2026-09-11T21:48:39Z</time></trkpt><trkpt lat="22.061907" lon="-159.354345"><ele>316.879</ele><time>2026-09-11T21:48:42Z</time></trkpt><trkpt lat="22.061909" lon="-159.354353"><ele>316.245</ele><time>2026-09-11T21:48:44Z</time></trkpt><trkpt lat="22.061917" lon="-159.35436"><ele>315.889</ele><time>2026-09-11T21:48:47Z</time></trkpt><trkpt lat="22.061927" lon="-159.354362"><ele>316.062</ele><time>2026-09-11T21:48:50Z</time></trkpt><trkpt lat="22.061935" lon="-159.354341"><ele>315.268</ele><time>2026-09-11T21:48:59Z</time></trkpt><trkpt lat="22.06196" lon="-159.354317"><ele>314.028</ele><time>2026-09-11T21:49:03Z</time></trkpt><trkpt lat="22.061971" lon="-159.354316"><ele>313.689</ele><time>2026-09-11T21:49:05Z</time></trkpt><trkpt lat="22.061973" lon="-159.354322"><ele>313.417</ele><time>2026-09-11T21:49:08Z</time></trkpt><trkpt lat="22.061982" lon="-159.354338"><ele>313.409</ele><time>2026-09-11T21:49:12Z</time></trkpt><trkpt lat="22.061997" lon="-159.354325"><ele>313.274</ele><time>2026-09-11T21:49:19Z</time></trkpt><trkpt lat="22.062002" lon="-159.354325"><ele>313.060</ele><time>2026-09-11T21:49:20Z</time></trkpt><trkpt lat="22.062026" lon="-159.354311"><ele>312.037</ele><time>2026-09-11T21:49:24Z</time></trkpt><trkpt lat="22.062047" lon="-159.354302"><ele>311.454</ele><time>2026-09-11T21:49:27Z</time></trkpt><trkpt lat="22.062061" lon="-159.354301"><ele>310.856</ele><time>2026-09-11T21:49:31Z</time></trkpt><trkpt lat="22.062069" lon="-159.354298"><ele>310.642</ele><time>2026-09-11T21:49:34Z</time></trkpt><trkpt lat="22.062102" lon="-159.354291"><ele>309.866</ele><time>2026-09-11T21:49:39Z</time></trkpt><trkpt lat="22.062106" lon="-159.354289"><ele>309.649</ele><time>2026-09-11T21:49:40Z</time></trkpt><trkpt lat="22.062143" lon="-159.354279"><ele>308.625</ele><time>2026-09-11T21:49:47Z</time></trkpt><trkpt lat="22.062149" lon="-159.354278"><ele>308.476</ele><time>2026-09-11T21:49:48Z</time></trkpt><trkpt lat="22.062183" lon="-159.354277"><ele>307.690</ele><time>2026-09-11T21:49:55Z</time></trkpt><trkpt lat="22.062186" lon="-159.354275"><ele>307.619</ele><time>2026-09-11T21:49:56Z</time></trkpt><trkpt lat="22.062188" lon="-159.354284"><ele>307.009</ele><time>2026-09-11T21:50:05Z</time></trkpt><trkpt lat="22.06218" lon="-159.35429"><ele>307.459</ele><time>2026-09-11T21:50:11Z</time></trkpt><trkpt lat="22.062196" lon="-159.354292"><ele>307.825</ele><time>2026-09-11T21:50:15Z</time></trkpt><trkpt lat="22.062217" lon="-159.354288"><ele>307.852</ele><time>2026-09-11T21:50:19Z</time></trkpt><trkpt lat="22.062231" lon="-159.354278"><ele>307.269</ele><time>2026-09-11T21:50:22Z</time></trkpt><trkpt lat="22.062244" lon="-159.354276"><ele>306.461</ele><time>2026-09-11T21:50:24Z</time></trkpt><trkpt lat="22.062241" lon="-159.35429"><ele>305.417</ele><time>2026-09-11T21:50:28Z</time></trkpt><trkpt lat="22.062241" lon="-159.354303"><ele>305.261</ele><time>2026-09-11T21:50:30Z</time></trkpt><trkpt lat="22.062262" lon="-159.354315"><ele>304.444</ele><time>2026-09-11T21:50:33Z</time></trkpt><trkpt lat="22.062299" lon="-159.354319"><ele>303.480</ele><time>2026-09-11T21:50:37Z</time></trkpt><trkpt lat="22.062308" lon="-159.354305"><ele>303.654</ele><time>2026-09-11T21:50:42Z</time></trkpt><trkpt lat="22.062332" lon="-159.354315"><ele>302.856</ele><time>2026-09-11T21:50:48Z</time></trkpt><trkpt lat="22.062359" lon="-159.354322"><ele>302.211</ele><time>2026-09-11T21:50:52Z</time></trkpt><trkpt lat="22.062368" lon="-159.354332"><ele>302.209</ele><time>2026-09-11T21:50:54Z</time></trkpt><trkpt lat="22.06238" lon="-159.354342"><ele>301.447</ele><time>2026-09-11T21:51:00Z</time></trkpt><trkpt lat="22.06239" lon="-159.354347"><ele>301.233</ele><time>2026-09-11T21:51:02Z</time></trkpt><trkpt lat="22.062444" lon="-159.354347"><ele>300.450</ele><time>2026-09-11T21:51:10Z</time></trkpt><trkpt lat="22.062474" lon="-159.354354"><ele>300.237</ele><time>2026-09-11T21:51:14Z</time></trkpt><trkpt lat="22.062512" lon="-159.354381"><ele>300.089</ele><time>2026-09-11T21:51:19Z</time></trkpt><trkpt lat="22.062585" lon="-159.354389"><ele>299.685</ele><time>2026-09-11T21:51:27Z</time></trkpt><trkpt lat="22.062612" lon="-159.354387"><ele>299.689</ele><time>2026-09-11T21:51:29Z</time></trkpt><trkpt lat="22.06262" lon="-159.354386"><ele>299.662</ele><time>2026-09-11T21:51:30Z</time></trkpt><trkpt lat="22.062627" lon="-159.354385"><ele>299.818</ele><time>2026-09-11T21:51:31Z</time></trkpt><trkpt lat="22.062636" lon="-159.354386"><ele>299.873</ele><time>2026-09-11T21:51:33Z</time></trkpt><trkpt lat="22.062638" lon="-159.354388"><ele>299.885</ele><time>2026-09-11T21:51:34Z</time></trkpt><trkpt lat="22.062652" lon="-159.354391"><ele>300.013</ele><time>2026-09-11T21:51:41Z</time></trkpt><trkpt lat="22.062699" lon="-159.354403"><ele>300.609</ele><time>2026-09-11T21:51:47Z</time></trkpt><trkpt lat="22.062728" lon="-159.354408"><ele>301.499</ele><time>2026-09-11T21:51:50Z</time></trkpt><trkpt lat="22.062762" lon="-159.354411"><ele>302.235</ele><time>2026-09-11T21:51:55Z</time></trkpt><trkpt lat="22.062769" lon="-159.354412"><ele>302.452</ele><time>2026-09-11T21:51:56Z</time></trkpt><trkpt lat="22.062792" lon="-159.35441"><ele>303.659</ele><time>2026-09-11T21:52:00Z</time></trkpt><trkpt lat="22.062806" lon="-159.354415"><ele>304.221</ele><time>2026-09-11T21:52:03Z</time></trkpt><trkpt lat="22.062823" lon="-159.354416"><ele>304.887</ele><time>2026-09-11T21:52:06Z</time></trkpt><trkpt lat="22.062842" lon="-159.354413"><ele>305.091</ele><time>2026-09-11T21:52:09Z</time></trkpt><trkpt lat="22.062856" lon="-159.354413"><ele>305.094</ele><time>2026-09-11T21:52:10Z</time></trkpt><trkpt lat="22.062899" lon="-159.354424"><ele>306.010</ele><time>2026-09-11T21:52:17Z</time></trkpt><trkpt lat="22.062905" lon="-159.354427"><ele>306.239</ele><time>2026-09-11T21:52:18Z</time></trkpt><trkpt lat="22.062916" lon="-159.354433"><ele>306.601</ele><time>2026-09-11T21:52:21Z</time></trkpt><trkpt lat="22.062923" lon="-159.354438"><ele>306.821</ele><time>2026-09-11T21:52:22Z</time></trkpt><trkpt lat="22.062927" lon="-159.354445"><ele>307.009</ele><time>2026-09-11T21:52:23Z</time></trkpt><trkpt lat="22.062934" lon="-159.354455"><ele>307.475</ele><time>2026-09-11T21:52:25Z</time></trkpt><trkpt lat="22.062939" lon="-159.354459"><ele>307.451</ele><time>2026-09-11T21:52:26Z</time></trkpt><trkpt lat="22.062957" lon="-159.354464"><ele>308.058</ele><time>2026-09-11T21:52:30Z</time></trkpt><trkpt lat="22.062984" lon="-159.354468"><ele>309.025</ele><time>2026-09-11T21:52:35Z</time></trkpt><trkpt lat="22.062987" lon="-159.35447"><ele>309.257</ele><time>2026-09-11T21:52:36Z</time></trkpt><trkpt lat="22.063048" lon="-159.354507"><ele>309.673</ele><time>2026-09-11T21:52:45Z</time></trkpt><trkpt lat="22.063076" lon="-159.354549"><ele>310.067</ele><time>2026-09-11T21:52:50Z</time></trkpt><trkpt lat="22.063091" lon="-159.354578"><ele>310.630</ele><time>2026-09-11T21:52:54Z</time></trkpt><trkpt lat="22.063104" lon="-159.354604"><ele>311.216</ele><time>2026-09-11T21:52:59Z</time></trkpt><trkpt lat="22.063112" lon="-159.354619"><ele>311.638</ele><time>2026-09-11T21:53:02Z</time></trkpt><trkpt lat="22.063117" lon="-159.354633"><ele>312.270</ele><time>2026-09-11T21:53:05Z</time></trkpt><trkpt lat="22.06313" lon="-159.35466"><ele>313.017</ele><time>2026-09-11T21:53:08Z</time></trkpt><trkpt lat="22.063133" lon="-159.354669"><ele>313.009</ele><time>2026-09-11T21:53:09Z</time></trkpt><trkpt lat="22.063137" lon="-159.354683"><ele>313.065</ele><time>2026-09-11T21:53:10Z</time></trkpt><trkpt lat="22.063153" lon="-159.354722"><ele>313.071</ele><time>2026-09-11T21:53:14Z</time></trkpt><trkpt lat="22.063158" lon="-159.354741"><ele>313.418</ele><time>2026-09-11T21:53:17Z</time></trkpt><trkpt lat="22.06315" lon="-159.354757"><ele>313.895</ele><time>2026-09-11T21:53:23Z</time></trkpt><trkpt lat="22.063188" lon="-159.354787"><ele>314.097</ele><time>2026-09-11T21:53:31Z</time></trkpt><trkpt lat="22.063204" lon="-159.354795"><ele>314.433</ele><time>2026-09-11T21:53:33Z</time></trkpt><trkpt lat="22.063242" lon="-159.354795"><ele>315.667</ele><time>2026-09-11T21:53:39Z</time></trkpt><trkpt lat="22.0633" lon="-159.354779"><ele>316.020</ele><time>2026-09-11T21:53:45Z</time></trkpt><trkpt lat="22.063365" lon="-159.35479"><ele>316.466</ele><time>2026-09-11T21:53:53Z</time></trkpt><trkpt lat="22.063411" lon="-159.354824"><ele>315.692</ele><time>2026-09-11T21:54:00Z</time></trkpt><trkpt lat="22.063434" lon="-159.354805"><ele>315.073</ele><time>2026-09-11T21:54:03Z</time></trkpt><trkpt lat="22.06344" lon="-159.354795"><ele>314.820</ele><time>2026-09-11T21:54:04Z</time></trkpt><trkpt lat="22.063443" lon="-159.354759"><ele>314.809</ele><time>2026-09-11T21:54:07Z</time></trkpt><trkpt lat="22.063428" lon="-159.354686"><ele>314.461</ele><time>2026-09-11T21:54:13Z</time></trkpt><trkpt lat="22.063426" lon="-159.354655"><ele>313.487</ele><time>2026-09-11T21:54:16Z</time></trkpt><trkpt lat="22.06343" lon="-159.354646"><ele>313.244</ele><time>2026-09-11T21:54:17Z</time></trkpt><trkpt lat="22.063447" lon="-159.354638"><ele>312.651</ele><time>2026-09-11T21:54:19Z</time></trkpt><trkpt lat="22.063481" lon="-159.354622"><ele>312.283</ele><time>2026-09-11T21:54:23Z</time></trkpt><trkpt lat="22.06349" lon="-159.354618"><ele>312.079</ele><time>2026-09-11T21:54:25Z</time></trkpt><trkpt lat="22.063524" lon="-159.354577"><ele>311.043</ele><time>2026-09-11T21:54:31Z</time></trkpt><trkpt lat="22.063526" lon="-159.354505"><ele>309.896</ele><time>2026-09-11T21:54:39Z</time></trkpt><trkpt lat="22.063514" lon="-159.354475"><ele>309.072</ele><time>2026-09-11T21:54:44Z</time></trkpt><trkpt lat="22.063508" lon="-159.35447"><ele>309.092</ele><time>2026-09-11T21:54:45Z</time></trkpt><trkpt lat="22.0635" lon="-159.354463"><ele>309.073</ele><time>2026-09-11T21:54:46Z</time></trkpt><trkpt lat="22.063484" lon="-159.35445"><ele>308.820</ele><time>2026-09-11T21:54:49Z</time></trkpt><trkpt lat="22.063437" lon="-159.354422"><ele>308.409</ele><time>2026-09-11T21:54:54Z</time></trkpt><trkpt lat="22.063431" lon="-159.354418"><ele>308.251</ele><time>2026-09-11T21:54:55Z</time></trkpt><trkpt lat="22.063414" lon="-159.354407"><ele>308.227</ele><time>2026-09-11T21:54:57Z</time></trkpt><trkpt lat="22.063414" lon="-159.354383"><ele>307.884</ele><time>2026-09-11T21:55:01Z</time></trkpt><trkpt lat="22.063433" lon="-159.354384"><ele>307.681</ele><time>2026-09-11T21:55:03Z</time></trkpt><trkpt lat="22.06345" lon="-159.354388"><ele>307.223</ele><time>2026-09-11T21:55:10Z</time></trkpt><trkpt lat="22.063513" lon="-159.354363"><ele>306.859</ele><time>2026-09-11T21:55:20Z</time></trkpt><trkpt lat="22.06352" lon="-159.354354"><ele>306.683</ele><time>2026-09-11T21:55:21Z</time></trkpt><trkpt lat="22.063556" lon="-159.354305"><ele>305.666</ele><time>2026-09-11T21:55:28Z</time></trkpt><trkpt lat="22.063567" lon="-159.354285"><ele>305.262</ele><time>2026-09-11T21:55:30Z</time></trkpt><trkpt lat="22.063576" lon="-159.354262"><ele>304.658</ele><time>2026-09-11T21:55:35Z</time></trkpt><trkpt lat="22.063578" lon="-159.354257"><ele>305.052</ele><time>2026-09-11T21:55:40Z</time></trkpt><trkpt lat="22.063594" lon="-159.354243"><ele>305.017</ele><time>2026-09-11T21:55:45Z</time></trkpt><trkpt lat="22.063622" lon="-159.35422"><ele>304.809</ele><time>2026-09-11T21:55:48Z</time></trkpt><trkpt lat="22.063692" lon="-159.354154"><ele>303.477</ele><time>2026-09-11T21:55:55Z</time></trkpt><trkpt lat="22.063713" lon="-159.354143"><ele>303.033</ele><time>2026-09-11T21:55:57Z</time></trkpt><trkpt lat="22.063763" lon="-159.35408"><ele>302.460</ele><time>2026-09-11T21:56:05Z</time></trkpt><trkpt lat="22.063764" lon="-159.35407"><ele>302.237</ele><time>2026-09-11T21:56:06Z</time></trkpt><trkpt lat="22.063749" lon="-159.353992"><ele>301.689</ele><time>2026-09-11T21:56:14Z</time></trkpt><trkpt lat="22.063737" lon="-159.353973"><ele>301.465</ele><time>2026-09-11T21:56:20Z</time></trkpt><trkpt lat="22.063723" lon="-159.353947"><ele>301.039</ele><time>2026-09-11T21:56:23Z</time></trkpt><trkpt lat="22.063716" lon="-159.353884"><ele>301.022</ele><time>2026-09-11T21:56:30Z</time></trkpt><trkpt lat="22.063714" lon="-159.353823"><ele>301.068</ele><time>2026-09-11T21:56:38Z</time></trkpt><trkpt lat="22.063716" lon="-159.353748"><ele>301.271</ele><time>2026-09-11T21:56:46Z</time></trkpt><trkpt lat="22.063741" lon="-159.353644"><ele>301.241</ele><time>2026-09-11T21:56:57Z</time></trkpt><trkpt lat="22.063742" lon="-159.353609"><ele>301.415</ele><time>2026-09-11T21:57:06Z</time></trkpt><trkpt lat="22.063739" lon="-159.35359"><ele>301.409</ele><time>2026-09-11T21:57:13Z</time></trkpt><trkpt lat="22.063734" lon="-159.35358"><ele>301.249</ele><time>2026-09-11T21:57:17Z</time></trkpt><trkpt lat="22.063757" lon="-159.353543"><ele>301.635</ele><time>2026-09-11T21:57:26Z</time></trkpt><trkpt lat="22.063745" lon="-159.353512"><ele>302.082</ele><time>2026-09-11T21:57:37Z</time></trkpt><trkpt lat="22.063751" lon="-159.353449"><ele>302.459</ele><time>2026-09-11T21:57:45Z</time></trkpt><trkpt lat="22.063751" lon="-159.353437"><ele>302.461</ele><time>2026-09-11T21:57:46Z</time></trkpt><trkpt lat="22.063782" lon="-159.353381"><ele>303.467</ele><time>2026-09-11T21:57:54Z</time></trkpt><trkpt lat="22.063809" lon="-159.353327"><ele>302.871</ele><time>2026-09-11T21:58:00Z</time></trkpt><trkpt lat="22.063803" lon="-159.353295"><ele>302.494</ele><time>2026-09-11T21:58:03Z</time></trkpt><trkpt lat="22.063771" lon="-159.353239"><ele>301.630</ele><time>2026-09-11T21:58:07Z</time></trkpt><trkpt lat="22.063766" lon="-159.353228"><ele>301.456</ele><time>2026-09-11T21:58:08Z</time></trkpt><trkpt lat="22.063764" lon="-159.353226"><ele>301.059</ele><time>2026-09-11T21:58:12Z</time></trkpt><trkpt lat="22.063749" lon="-159.353203"><ele>301.014</ele><time>2026-09-11T21:58:19Z</time></trkpt><trkpt lat="22.063695" lon="-159.353129"><ele>300.209</ele><time>2026-09-11T21:58:27Z</time></trkpt><trkpt lat="22.063688" lon="-159.35312"><ele>300.237</ele><time>2026-09-11T21:58:28Z</time></trkpt><trkpt lat="22.063677" lon="-159.353102"><ele>300.013</ele><time>2026-09-11T21:58:30Z</time></trkpt><trkpt lat="22.063661" lon="-159.353074"><ele>299.220</ele><time>2026-09-11T21:58:34Z</time></trkpt><trkpt lat="22.063649" lon="-159.353056"><ele>298.867</ele><time>2026-09-11T21:58:36Z</time></trkpt><trkpt lat="22.063652" lon="-159.353025"><ele>298.649</ele><time>2026-09-11T21:58:39Z</time></trkpt><trkpt lat="22.063665" lon="-159.353019"><ele>298.815</ele><time>2026-09-11T21:58:41Z</time></trkpt><trkpt lat="22.063679" lon="-159.353021"><ele>298.689</ele><time>2026-09-11T21:58:43Z</time></trkpt><trkpt lat="22.063699" lon="-159.353028"><ele>298.222</ele><time>2026-09-11T21:58:45Z</time></trkpt><trkpt lat="22.063722" lon="-159.353069"><ele>297.668</ele><time>2026-09-11T21:58:51Z</time></trkpt><trkpt lat="22.063745" lon="-159.353125"><ele>297.271</ele><time>2026-09-11T21:58:57Z</time></trkpt><trkpt lat="22.063754" lon="-159.353133"><ele>296.841</ele><time>2026-09-11T21:58:59Z</time></trkpt><trkpt lat="22.063794" lon="-159.353156"><ele>296.015</ele><time>2026-09-11T21:59:06Z</time></trkpt><trkpt lat="22.063843" lon="-159.353182"><ele>295.609</ele><time>2026-09-11T21:59:11Z</time></trkpt><trkpt lat="22.063889" lon="-159.353205"><ele>295.679</ele><time>2026-09-11T21:59:18Z</time></trkpt><trkpt lat="22.06394" lon="-159.353264"><ele>295.495</ele><time>2026-09-11T21:59:26Z</time></trkpt><trkpt lat="22.063968" lon="-159.353306"><ele>295.092</ele><time>2026-09-11T21:59:31Z</time></trkpt><trkpt lat="22.063981" lon="-159.353332"><ele>294.429</ele><time>2026-09-11T21:59:34Z</time></trkpt><trkpt lat="22.063996" lon="-159.353366"><ele>293.831</ele><time>2026-09-11T21:59:38Z</time></trkpt><trkpt lat="22.063998" lon="-159.353386"><ele>293.687</ele><time>2026-09-11T21:59:40Z</time></trkpt><trkpt lat="22.063997" lon="-159.353395"><ele>293.441</ele><time>2026-09-11T21:59:41Z</time></trkpt><trkpt lat="22.064" lon="-159.353405"><ele>293.224</ele><time>2026-09-11T21:59:42Z</time></trkpt><trkpt lat="22.064004" lon="-159.353414"><ele>293.070</ele><time>2026-09-11T21:59:43Z</time></trkpt><trkpt lat="22.064015" lon="-159.353413"><ele>293.089</ele><time>2026-09-11T21:59:44Z</time></trkpt><trkpt lat="22.064019" lon="-159.353405"><ele>292.806</ele><time>2026-09-11T21:59:45Z</time></trkpt><trkpt lat="22.064029" lon="-159.353385"><ele>292.626</ele><time>2026-09-11T21:59:47Z</time></trkpt><trkpt lat="22.06403" lon="-159.353373"><ele>292.609</ele><time>2026-09-11T21:59:48Z</time></trkpt><trkpt lat="22.064028" lon="-159.353315"><ele>292.290</ele><time>2026-09-11T21:59:53Z</time></trkpt><trkpt lat="22.06401" lon="-159.353272"><ele>291.826</ele><time>2026-09-11T21:59:57Z</time></trkpt><trkpt lat="22.064004" lon="-159.353225"><ele>291.253</ele><time>2026-09-11T22:00:01Z</time></trkpt><trkpt lat="22.063958" lon="-159.35316"><ele>290.820</ele><time>2026-09-11T22:00:09Z</time></trkpt><trkpt lat="22.063956" lon="-159.353151"><ele>290.672</ele><time>2026-09-11T22:00:10Z</time></trkpt><trkpt lat="22.063941" lon="-159.353114"><ele>289.688</ele><time>2026-09-11T22:00:14Z</time></trkpt><trkpt lat="22.063934" lon="-159.353111"><ele>289.442</ele><time>2026-09-11T22:00:15Z</time></trkpt><trkpt lat="22.063907" lon="-159.353099"><ele>289.265</ele><time>2026-09-11T22:00:20Z</time></trkpt><trkpt lat="22.063869" lon="-159.353081"><ele>289.031</ele><time>2026-09-11T22:00:29Z</time></trkpt><trkpt lat="22.063824" lon="-159.353027"><ele>288.676</ele><time>2026-09-11T22:00:36Z</time></trkpt><trkpt lat="22.063819" lon="-159.353003"><ele>288.490</ele><time>2026-09-11T22:00:39Z</time></trkpt><trkpt lat="22.06381" lon="-159.35298"><ele>288.019</ele><time>2026-09-11T22:00:49Z</time></trkpt><trkpt lat="22.063806" lon="-159.352919"><ele>288.609</ele><time>2026-09-11T22:00:57Z</time></trkpt><trkpt lat="22.063812" lon="-159.352907"><ele>288.469</ele><time>2026-09-11T22:01:04Z</time></trkpt><trkpt lat="22.063809" lon="-159.352843"><ele>288.025</ele><time>2026-09-11T22:01:12Z</time></trkpt><trkpt lat="22.063803" lon="-159.352799"><ele>287.672</ele><time>2026-09-11T22:01:17Z</time></trkpt><trkpt lat="22.0638" lon="-159.352767"><ele>286.839</ele><time>2026-09-11T22:01:20Z</time></trkpt><trkpt lat="22.0638" lon="-159.352742"><ele>286.481</ele><time>2026-09-11T22:01:22Z</time></trkpt><trkpt lat="22.063805" lon="-159.352673"><ele>285.437</ele><time>2026-09-11T22:01:29Z</time></trkpt><trkpt lat="22.063802" lon="-159.352626"><ele>284.851</ele><time>2026-09-11T22:01:36Z</time></trkpt><trkpt lat="22.063817" lon="-159.352564"><ele>284.674</ele><time>2026-09-11T22:01:43Z</time></trkpt><trkpt lat="22.063825" lon="-159.352537"><ele>284.440</ele><time>2026-09-11T22:01:46Z</time></trkpt><trkpt lat="22.063841" lon="-159.352496"><ele>283.674</ele><time>2026-09-11T22:01:51Z</time></trkpt><trkpt lat="22.063849" lon="-159.352478"><ele>283.256</ele><time>2026-09-11T22:01:53Z</time></trkpt><trkpt lat="22.063869" lon="-159.352418"><ele>282.421</ele><time>2026-09-11T22:01:58Z</time></trkpt><trkpt lat="22.06387" lon="-159.352406"><ele>282.209</ele><time>2026-09-11T22:01:59Z</time></trkpt><trkpt lat="22.063854" lon="-159.352346"><ele>281.849</ele><time>2026-09-11T22:02:04Z</time></trkpt><trkpt lat="22.063827" lon="-159.352319"><ele>281.855</ele><time>2026-09-11T22:02:07Z</time></trkpt><trkpt lat="22.063804" lon="-159.352313"><ele>281.832</ele><time>2026-09-11T22:02:10Z</time></trkpt><trkpt lat="22.063776" lon="-159.352314"><ele>282.029</ele><time>2026-09-11T22:02:13Z</time></trkpt><trkpt lat="22.063745" lon="-159.352293"><ele>281.441</ele><time>2026-09-11T22:02:17Z</time></trkpt><trkpt lat="22.063743" lon="-159.352283"><ele>281.287</ele><time>2026-09-11T22:02:18Z</time></trkpt><trkpt lat="22.063746" lon="-159.352278"><ele>281.081</ele><time>2026-09-11T22:02:19Z</time></trkpt><trkpt lat="22.063755" lon="-159.352284"><ele>280.644</ele><time>2026-09-11T22:02:20Z</time></trkpt><trkpt lat="22.063795" lon="-159.352284"><ele>280.050</ele><time>2026-09-11T22:02:24Z</time></trkpt><trkpt lat="22.063806" lon="-159.352283"><ele>280.023</ele><time>2026-09-11T22:02:25Z</time></trkpt><trkpt lat="22.063856" lon="-159.352274"><ele>278.883</ele><time>2026-09-11T22:02:30Z</time></trkpt><trkpt lat="22.063896" lon="-159.352258"><ele>278.411</ele><time>2026-09-11T22:02:34Z</time></trkpt><trkpt lat="22.063915" lon="-159.35223"><ele>277.809</ele><time>2026-09-11T22:02:38Z</time></trkpt><trkpt lat="22.063911" lon="-159.352219"><ele>277.634</ele><time>2026-09-11T22:02:39Z</time></trkpt><trkpt lat="22.063902" lon="-159.35221"><ele>277.240</ele><time>2026-09-11T22:02:40Z</time></trkpt><trkpt lat="22.063899" lon="-159.352192"><ele>276.647</ele><time>2026-09-11T22:02:42Z</time></trkpt><trkpt lat="22.063914" lon="-159.352178"><ele>276.014</ele><time>2026-09-11T22:02:45Z</time></trkpt><trkpt lat="22.063921" lon="-159.352186"><ele>275.876</ele><time>2026-09-11T22:02:46Z</time></trkpt><trkpt lat="22.063942" lon="-159.352198"><ele>275.692</ele><time>2026-09-11T22:02:49Z</time></trkpt><trkpt lat="22.063984" lon="-159.352228"><ele>275.216</ele><time>2026-09-11T22:02:54Z</time></trkpt><trkpt lat="22.063992" lon="-159.352268"><ele>275.269</ele><time>2026-09-11T22:03:00Z</time></trkpt><trkpt lat="22.06401" lon="-159.352319"><ele>274.695</ele><time>2026-09-11T22:03:06Z</time></trkpt><trkpt lat="22.064013" lon="-159.352332"><ele>273.888</ele><time>2026-09-11T22:03:09Z</time></trkpt><trkpt lat="22.064022" lon="-159.352329"><ele>273.624</ele><time>2026-09-11T22:03:12Z</time></trkpt><trkpt lat="22.064027" lon="-159.352324"><ele>273.626</ele><time>2026-09-11T22:03:13Z</time></trkpt><trkpt lat="22.064052" lon="-159.352301"><ele>273.209</ele><time>2026-09-11T22:03:16Z</time></trkpt><trkpt lat="22.064076" lon="-159.352265"><ele>273.260</ele><time>2026-09-11T22:03:20Z</time></trkpt><trkpt lat="22.064121" lon="-159.352207"><ele>273.226</ele><time>2026-09-11T22:03:26Z</time></trkpt><trkpt lat="22.064163" lon="-159.352141"><ele>272.843</ele><time>2026-09-11T22:03:34Z</time></trkpt><trkpt lat="22.064173" lon="-159.352111"><ele>272.460</ele><time>2026-09-11T22:03:38Z</time></trkpt><trkpt lat="22.064195" lon="-159.352068"><ele>271.872</ele><time>2026-09-11T22:03:43Z</time></trkpt><trkpt lat="22.064224" lon="-159.352025"><ele>271.498</ele><time>2026-09-11T22:03:49Z</time></trkpt><trkpt lat="22.064235" lon="-159.352009"><ele>271.222</ele><time>2026-09-11T22:03:52Z</time></trkpt><trkpt lat="22.064245" lon="-159.352014"><ele>270.825</ele><time>2026-09-11T22:03:54Z</time></trkpt><trkpt lat="22.064262" lon="-159.352037"><ele>270.811</ele><time>2026-09-11T22:03:59Z</time></trkpt><trkpt lat="22.064265" lon="-159.352044"><ele>270.835</ele><time>2026-09-11T22:04:00Z</time></trkpt><trkpt lat="22.064281" lon="-159.352083"><ele>270.286</ele><time>2026-09-11T22:04:07Z</time></trkpt><trkpt lat="22.064287" lon="-159.35207"><ele>270.014</ele><time>2026-09-11T22:04:09Z</time></trkpt><trkpt lat="22.064298" lon="-159.352035"><ele>269.609</ele><time>2026-09-11T22:04:14Z</time></trkpt><trkpt lat="22.064304" lon="-159.352016"><ele>269.485</ele><time>2026-09-11T22:04:18Z</time></trkpt><trkpt lat="22.064306" lon="-159.352001"><ele>269.291</ele><time>2026-09-11T22:04:20Z</time></trkpt><trkpt lat="22.064316" lon="-159.351935"><ele>268.678</ele><time>2026-09-11T22:04:28Z</time></trkpt><trkpt lat="22.064318" lon="-159.35191"><ele>268.295</ele><time>2026-09-11T22:04:33Z</time></trkpt><trkpt lat="22.064316" lon="-159.351904"><ele>268.297</ele><time>2026-09-11T22:04:35Z</time></trkpt><trkpt lat="22.064271" lon="-159.351863"><ele>267.823</ele><time>2026-09-11T22:04:44Z</time></trkpt><trkpt lat="22.064215" lon="-159.351842"><ele>267.287</ele><time>2026-09-11T22:04:51Z</time></trkpt><trkpt lat="22.064187" lon="-159.351832"><ele>267.030</ele><time>2026-09-11T22:04:54Z</time></trkpt><trkpt lat="22.064146" lon="-159.351814"><ele>266.456</ele><time>2026-09-11T22:05:03Z</time></trkpt><trkpt lat="22.064138" lon="-159.351813"><ele>266.243</ele><time>2026-09-11T22:05:04Z</time></trkpt><trkpt lat="22.064076" lon="-159.351768"><ele>265.864</ele><time>2026-09-11T22:05:11Z</time></trkpt><trkpt lat="22.064009" lon="-159.351685"><ele>267.010</ele><time>2026-09-11T22:05:21Z</time></trkpt><trkpt lat="22.063939" lon="-159.351663"><ele>267.209</ele><time>2026-09-11T22:05:30Z</time></trkpt><trkpt lat="22.06387" lon="-159.351683"><ele>266.636</ele><time>2026-09-11T22:05:42Z</time></trkpt><trkpt lat="22.063735" lon="-159.351646"><ele>266.412</ele><time>2026-09-11T22:05:49Z</time></trkpt><trkpt lat="22.06369" lon="-159.351581"><ele>265.889</ele><time>2026-09-11T22:05:57Z</time></trkpt><trkpt lat="22.06364" lon="-159.35154"><ele>265.026</ele><time>2026-09-11T22:06:03Z</time></trkpt><trkpt lat="22.063628" lon="-159.351533"><ele>264.888</ele><time>2026-09-11T22:06:04Z</time></trkpt><trkpt lat="22.063597" lon="-159.351493"><ele>264.664</ele><time>2026-09-11T22:06:09Z</time></trkpt><trkpt lat="22.063576" lon="-159.351473"><ele>264.468</ele><time>2026-09-11T22:06:12Z</time></trkpt><trkpt lat="22.063541" lon="-159.351428"><ele>264.481</ele><time>2026-09-11T22:06:19Z</time></trkpt><trkpt lat="22.063549" lon="-159.351426"><ele>264.277</ele><time>2026-09-11T22:06:21Z</time></trkpt><trkpt lat="22.06356" lon="-159.351418"><ele>264.092</ele><time>2026-09-11T22:06:23Z</time></trkpt><trkpt lat="22.063572" lon="-159.351382"><ele>264.073</ele><time>2026-09-11T22:06:26Z</time></trkpt><trkpt lat="22.063592" lon="-159.351341"><ele>263.220</ele><time>2026-09-11T22:06:32Z</time></trkpt><trkpt lat="22.063593" lon="-159.351331"><ele>263.009</ele><time>2026-09-11T22:06:33Z</time></trkpt><trkpt lat="22.063604" lon="-159.351262"><ele>261.881</ele><time>2026-09-11T22:06:41Z</time></trkpt><trkpt lat="22.063617" lon="-159.351213"><ele>260.867</ele><time>2026-09-11T22:06:46Z</time></trkpt><trkpt lat="22.063624" lon="-159.351194"><ele>260.424</ele><time>2026-09-11T22:06:49Z</time></trkpt><trkpt lat="22.063628" lon="-159.351161"><ele>259.411</ele><time>2026-09-11T22:06:52Z</time></trkpt><trkpt lat="22.063637" lon="-159.35111"><ele>258.423</ele><time>2026-09-11T22:06:56Z</time></trkpt><trkpt lat="22.06364" lon="-159.351086"><ele>258.089</ele><time>2026-09-11T22:06:58Z</time></trkpt><trkpt lat="22.063632" lon="-159.351045"><ele>257.483</ele><time>2026-09-11T22:07:02Z</time></trkpt><trkpt lat="22.063635" lon="-159.351008"><ele>256.696</ele><time>2026-09-11T22:07:06Z</time></trkpt><trkpt lat="22.063634" lon="-159.350992"><ele>256.022</ele><time>2026-09-11T22:07:08Z</time></trkpt><trkpt lat="22.063631" lon="-159.350918"><ele>255.082</ele><time>2026-09-11T22:07:14Z</time></trkpt><trkpt lat="22.063634" lon="-159.350908"><ele>254.843</ele><time>2026-09-11T22:07:15Z</time></trkpt><trkpt lat="22.063642" lon="-159.350863"><ele>254.017</ele><time>2026-09-11T22:07:19Z</time></trkpt><trkpt lat="22.063636" lon="-159.350822"><ele>253.409</ele><time>2026-09-11T22:07:22Z</time></trkpt><trkpt lat="22.063639" lon="-159.350788"><ele>252.810</ele><time>2026-09-11T22:07:25Z</time></trkpt><trkpt lat="22.063638" lon="-159.350736"><ele>252.446</ele><time>2026-09-11T22:07:30Z</time></trkpt><trkpt lat="22.063633" lon="-159.350659"><ele>251.823</ele><time>2026-09-11T22:07:37Z</time></trkpt><trkpt lat="22.063637" lon="-159.350636"><ele>251.470</ele><time>2026-09-11T22:07:39Z</time></trkpt><trkpt lat="22.06363" lon="-159.350541"><ele>251.622</ele><time>2026-09-11T22:07:47Z</time></trkpt><trkpt lat="22.06363" lon="-159.350523"><ele>252.028</ele><time>2026-09-11T22:07:51Z</time></trkpt><trkpt lat="22.063627" lon="-159.350501"><ele>251.812</ele><time>2026-09-11T22:07:54Z</time></trkpt><trkpt lat="22.063623" lon="-159.35046"><ele>252.025</ele><time>2026-09-11T22:07:59Z</time></trkpt><trkpt lat="22.063618" lon="-159.350425"><ele>251.841</ele><time>2026-09-11T22:08:02Z</time></trkpt><trkpt lat="22.063618" lon="-159.35036"><ele>251.013</ele><time>2026-09-11T22:08:11Z</time></trkpt><trkpt lat="22.06362" lon="-159.350345"><ele>250.643</ele><time>2026-09-11T22:08:13Z</time></trkpt><trkpt lat="22.063607" lon="-159.350272"><ele>250.207</ele><time>2026-09-11T22:08:19Z</time></trkpt><trkpt lat="22.063585" lon="-159.350175"><ele>249.609</ele><time>2026-09-11T22:08:27Z</time></trkpt><trkpt lat="22.063583" lon="-159.350165"><ele>249.223</ele><time>2026-09-11T22:08:28Z</time></trkpt><trkpt lat="22.063578" lon="-159.350133"><ele>248.419</ele><time>2026-09-11T22:08:31Z</time></trkpt><trkpt lat="22.063573" lon="-159.350085"><ele>247.216</ele><time>2026-09-11T22:08:36Z</time></trkpt><trkpt lat="22.063572" lon="-159.350023"><ele>246.273</ele><time>2026-09-11T22:08:42Z</time></trkpt><trkpt lat="22.063571" lon="-159.349999"><ele>245.815</ele><time>2026-09-11T22:08:44Z</time></trkpt><trkpt lat="22.063563" lon="-159.349953"><ele>245.231</ele><time>2026-09-11T22:08:49Z</time></trkpt><trkpt lat="22.063557" lon="-159.349943"><ele>244.865</ele><time>2026-09-11T22:08:51Z</time></trkpt><trkpt lat="22.063558" lon="-159.349936"><ele>244.458</ele><time>2026-09-11T22:08:53Z</time></trkpt><trkpt lat="22.063558" lon="-159.349925"><ele>244.054</ele><time>2026-09-11T22:08:55Z</time></trkpt><trkpt lat="22.063556" lon="-159.34989"><ele>243.255</ele><time>2026-09-11T22:09:00Z</time></trkpt><trkpt lat="22.063557" lon="-159.349873"><ele>242.807</ele><time>2026-09-11T22:09:02Z</time></trkpt><trkpt lat="22.063568" lon="-159.34986"><ele>242.017</ele><time>2026-09-11T22:09:06Z</time></trkpt><trkpt lat="22.063575" lon="-159.349854"><ele>241.609</ele><time>2026-09-11T22:09:08Z</time></trkpt><trkpt lat="22.063604" lon="-159.349821"><ele>241.497</ele><time>2026-09-11T22:09:14Z</time></trkpt><trkpt lat="22.063606" lon="-159.349815"><ele>241.223</ele><time>2026-09-11T22:09:15Z</time></trkpt><trkpt lat="22.063611" lon="-159.349782"><ele>240.610</ele><time>2026-09-11T22:09:19Z</time></trkpt><trkpt lat="22.063611" lon="-159.349773"><ele>240.087</ele><time>2026-09-11T22:09:22Z</time></trkpt><trkpt lat="22.063611" lon="-159.349747"><ele>239.429</ele><time>2026-09-11T22:09:25Z</time></trkpt><trkpt lat="22.063579" lon="-159.349729"><ele>238.615</ele><time>2026-09-11T22:09:29Z</time></trkpt><trkpt lat="22.063565" lon="-159.349719"><ele>238.049</ele><time>2026-09-11T22:09:31Z</time></trkpt><trkpt lat="22.06354" lon="-159.349696"><ele>237.042</ele><time>2026-09-11T22:09:35Z</time></trkpt><trkpt lat="22.063518" lon="-159.349692"><ele>236.498</ele><time>2026-09-11T22:09:37Z</time></trkpt><trkpt lat="22.063498" lon="-159.349687"><ele>235.896</ele><time>2026-09-11T22:09:39Z</time></trkpt><trkpt lat="22.063485" lon="-159.349665"><ele>235.431</ele><time>2026-09-11T22:09:42Z</time></trkpt><trkpt lat="22.063483" lon="-159.349656"><ele>235.224</ele><time>2026-09-11T22:09:43Z</time></trkpt><trkpt lat="22.063492" lon="-159.349649"><ele>234.809</ele><time>2026-09-11T22:09:47Z</time></trkpt><trkpt lat="22.063491" lon="-159.349649"><ele>234.671</ele><time>2026-09-11T22:09:48Z</time></trkpt><trkpt lat="22.063493" lon="-159.349644"><ele>234.287</ele><time>2026-09-11T22:09:57Z</time></trkpt><trkpt lat="22.06349" lon="-159.349637"><ele>234.284</ele><time>2026-09-11T22:10:02Z</time></trkpt><trkpt lat="22.063488" lon="-159.349637"><ele>234.231</ele><time>2026-09-11T22:10:04Z</time></trkpt><trkpt lat="22.063493" lon="-159.349647"><ele>233.813</ele><time>2026-09-11T22:10:12Z</time></trkpt><trkpt lat="22.063497" lon="-159.349644"><ele>233.899</ele><time>2026-09-11T22:10:13Z</time></trkpt><trkpt lat="22.063539" lon="-159.3496"><ele>233.233</ele><time>2026-09-11T22:10:20Z</time></trkpt><trkpt lat="22.063542" lon="-159.349597"><ele>233.256</ele><time>2026-09-11T22:10:21Z</time></trkpt><trkpt lat="22.063545" lon="-159.349583"><ele>232.852</ele><time>2026-09-11T22:10:27Z</time></trkpt><trkpt lat="22.063547" lon="-159.349585"><ele>232.649</ele><time>2026-09-11T22:10:39Z</time></trkpt><trkpt lat="22.063564" lon="-159.349589"><ele>232.202</ele><time>2026-09-11T22:10:46Z</time></trkpt><trkpt lat="22.063609" lon="-159.349583"><ele>232.022</ele><time>2026-09-11T22:10:50Z</time></trkpt><trkpt lat="22.063636" lon="-159.349586"><ele>231.809</ele><time>2026-09-11T22:10:54Z</time></trkpt><trkpt lat="22.063641" lon="-159.349586"><ele>231.856</ele><time>2026-09-11T22:10:55Z</time></trkpt><trkpt lat="22.063678" lon="-159.349595"><ele>230.882</ele><time>2026-09-11T22:11:01Z</time></trkpt><trkpt lat="22.063688" lon="-159.349594"><ele>230.699</ele><time>2026-09-11T22:11:04Z</time></trkpt><trkpt lat="22.063695" lon="-159.349581"><ele>230.246</ele><time>2026-09-11T22:11:10Z</time></trkpt><trkpt lat="22.063702" lon="-159.349577"><ele>230.048</ele><time>2026-09-11T22:11:12Z</time></trkpt><trkpt lat="22.063712" lon="-159.349573"><ele>229.824</ele><time>2026-09-11T22:11:17Z</time></trkpt><trkpt lat="22.063718" lon="-159.349577"><ele>229.698</ele><time>2026-09-11T22:11:19Z</time></trkpt><trkpt lat="22.063722" lon="-159.349579"><ele>229.661</ele><time>2026-09-11T22:11:20Z</time></trkpt><trkpt lat="22.06373" lon="-159.349589"><ele>229.617</ele><time>2026-09-11T22:11:25Z</time></trkpt><trkpt lat="22.063733" lon="-159.349591"><ele>229.851</ele><time>2026-09-11T22:11:27Z</time></trkpt><trkpt lat="22.063738" lon="-159.34959"><ele>229.801</ele><time>2026-09-11T22:11:30Z</time></trkpt><trkpt lat="22.063741" lon="-159.349577"><ele>229.611</ele><time>2026-09-11T22:11:40Z</time></trkpt><trkpt lat="22.063749" lon="-159.349564"><ele>229.409</ele><time>2026-09-11T22:11:44Z</time></trkpt><trkpt lat="22.063751" lon="-159.349562"><ele>229.427</ele><time>2026-09-11T22:11:47Z</time></trkpt><trkpt lat="22.063749" lon="-159.349556"><ele>229.633</ele><time>2026-09-11T22:11:49Z</time></trkpt><trkpt lat="22.063763" lon="-159.349558"><ele>229.280</ele><time>2026-09-11T22:11:58Z</time></trkpt><trkpt lat="22.063777" lon="-159.349549"><ele>229.277</ele><time>2026-09-11T22:12:05Z</time></trkpt><trkpt lat="22.063776" lon="-159.349541"><ele>228.699</ele><time>2026-09-11T22:12:10Z</time></trkpt><trkpt lat="22.063783" lon="-159.349532"><ele>228.285</ele><time>2026-09-11T22:12:13Z</time></trkpt><trkpt lat="22.063793" lon="-159.349543"><ele>228.039</ele><time>2026-09-11T22:12:19Z</time></trkpt><trkpt lat="22.063806" lon="-159.349546"><ele>227.682</ele><time>2026-09-11T22:12:25Z</time></trkpt><trkpt lat="22.063812" lon="-159.34954"><ele>227.268</ele><time>2026-09-11T22:12:27Z</time></trkpt><trkpt lat="22.063817" lon="-159.349531"><ele>226.454</ele><time>2026-09-11T22:12:30Z</time></trkpt><trkpt lat="22.063815" lon="-159.349524"><ele>226.056</ele><time>2026-09-11T22:12:35Z</time></trkpt><trkpt lat="22.063816" lon="-159.349484"><ele>225.811</ele><time>2026-09-11T22:12:44Z</time></trkpt><trkpt lat="22.06378" lon="-159.349446"><ele>225.209</ele><time>2026-09-11T22:12:49Z</time></trkpt><trkpt lat="22.063758" lon="-159.349431"><ele>224.667</ele><time>2026-09-11T22:12:51Z</time></trkpt><trkpt lat="22.063701" lon="-159.349411"><ele>224.273</ele><time>2026-09-11T22:12:57Z</time></trkpt><trkpt lat="22.063699" lon="-159.349404"><ele>224.010</ele><time>2026-09-11T22:12:58Z</time></trkpt><trkpt lat="22.063705" lon="-159.34939"><ele>223.617</ele><time>2026-09-11T22:13:01Z</time></trkpt><trkpt lat="22.063732" lon="-159.349382"><ele>223.249</ele><time>2026-09-11T22:13:04Z</time></trkpt><trkpt lat="22.063742" lon="-159.349379"><ele>223.015</ele><time>2026-09-11T22:13:05Z</time></trkpt><trkpt lat="22.063794" lon="-159.349365"><ele>222.219</ele><time>2026-09-11T22:13:12Z</time></trkpt><trkpt lat="22.063825" lon="-159.349343"><ele>222.072</ele><time>2026-09-11T22:13:18Z</time></trkpt><trkpt lat="22.063825" lon="-159.349342"><ele>222.048</ele><time>2026-09-11T22:13:19Z</time></trkpt><trkpt lat="22.063827" lon="-159.34933"><ele>221.257</ele><time>2026-09-11T22:13:25Z</time></trkpt><trkpt lat="22.063855" lon="-159.349319"><ele>220.800</ele><time>2026-09-11T22:13:31Z</time></trkpt><trkpt lat="22.063873" lon="-159.349301"><ele>220.220</ele><time>2026-09-11T22:13:34Z</time></trkpt><trkpt lat="22.063889" lon="-159.349283"><ele>219.809</ele><time>2026-09-11T22:13:36Z</time></trkpt><trkpt lat="22.06389" lon="-159.349273"><ele>219.697</ele><time>2026-09-11T22:13:39Z</time></trkpt><trkpt lat="22.063854" lon="-159.349251"><ele>219.243</ele><time>2026-09-11T22:13:47Z</time></trkpt><trkpt lat="22.063845" lon="-159.349254"><ele>218.870</ele><time>2026-09-11T22:13:51Z</time></trkpt><trkpt lat="22.063834" lon="-159.349251"><ele>218.687</ele><time>2026-09-11T22:13:54Z</time></trkpt><trkpt lat="22.063792" lon="-159.349243"><ele>218.689</ele><time>2026-09-11T22:14:02Z</time></trkpt><trkpt lat="22.063736" lon="-159.349211"><ele>217.815</ele><time>2026-09-11T22:14:11Z</time></trkpt><trkpt lat="22.063713" lon="-159.349204"><ele>217.849</ele><time>2026-09-11T22:14:13Z</time></trkpt><trkpt lat="22.063704" lon="-159.349202"><ele>217.632</ele><time>2026-09-11T22:14:14Z</time></trkpt><trkpt lat="22.063694" lon="-159.349198"><ele>217.668</ele><time>2026-09-11T22:14:15Z</time></trkpt><trkpt lat="22.063673" lon="-159.349205"><ele>217.438</ele><time>2026-09-11T22:14:18Z</time></trkpt><trkpt lat="22.063665" lon="-159.349209"><ele>217.470</ele><time>2026-09-11T22:14:19Z</time></trkpt><trkpt lat="22.0636" lon="-159.349257"><ele>216.817</ele><time>2026-09-11T22:14:27Z</time></trkpt><trkpt lat="22.063587" lon="-159.349263"><ele>216.609</ele><time>2026-09-11T22:14:28Z</time></trkpt><trkpt lat="22.063526" lon="-159.349265"><ele>216.015</ele><time>2026-09-11T22:14:34Z</time></trkpt><trkpt lat="22.063499" lon="-159.349257"><ele>215.621</ele><time>2026-09-11T22:14:37Z</time></trkpt><trkpt lat="22.06348" lon="-159.349255"><ele>215.468</ele><time>2026-09-11T22:14:40Z</time></trkpt><trkpt lat="22.063472" lon="-159.349249"><ele>215.885</ele><time>2026-09-11T22:14:48Z</time></trkpt><trkpt lat="22.063413" lon="-159.34925"><ele>214.457</ele><time>2026-09-11T22:14:53Z</time></trkpt><trkpt lat="22.063401" lon="-159.349252"><ele>214.293</ele><time>2026-09-11T22:14:54Z</time></trkpt><trkpt lat="22.063375" lon="-159.349264"><ele>213.457</ele><time>2026-09-11T22:14:57Z</time></trkpt><trkpt lat="22.063363" lon="-159.34927"><ele>213.430</ele><time>2026-09-11T22:14:58Z</time></trkpt><trkpt lat="22.06334" lon="-159.349271"><ele>213.096</ele><time>2026-09-11T22:15:01Z</time></trkpt><trkpt lat="22.063339" lon="-159.349276"><ele>212.898</ele><time>2026-09-11T22:15:07Z</time></trkpt><trkpt lat="22.063338" lon="-159.349233"><ele>212.215</ele><time>2026-09-11T22:15:13Z</time></trkpt><trkpt lat="22.063339" lon="-159.349221"><ele>212.026</ele><time>2026-09-11T22:15:14Z</time></trkpt><trkpt lat="22.063387" lon="-159.349164"><ele>211.809</ele><time>2026-09-11T22:15:21Z</time></trkpt><trkpt lat="22.063439" lon="-159.34915"><ele>211.051</ele><time>2026-09-11T22:15:27Z</time></trkpt><trkpt lat="22.063448" lon="-159.349148"><ele>211.077</ele><time>2026-09-11T22:15:28Z</time></trkpt><trkpt lat="22.063511" lon="-159.349124"><ele>210.014</ele><time>2026-09-11T22:15:34Z</time></trkpt><trkpt lat="22.063529" lon="-159.349115"><ele>209.621</ele><time>2026-09-11T22:15:36Z</time></trkpt><trkpt lat="22.063543" lon="-159.349083"><ele>209.263</ele><time>2026-09-11T22:15:39Z</time></trkpt><trkpt lat="22.063545" lon="-159.349044"><ele>208.859</ele><time>2026-09-11T22:15:42Z</time></trkpt><trkpt lat="22.063555" lon="-159.349018"><ele>208.673</ele><time>2026-09-11T22:15:46Z</time></trkpt><trkpt lat="22.063558" lon="-159.349011"><ele>208.276</ele><time>2026-09-11T22:15:49Z</time></trkpt><trkpt lat="22.063575" lon="-159.348996"><ele>208.042</ele><time>2026-09-11T22:15:56Z</time></trkpt><trkpt lat="22.063575" lon="-159.348995"><ele>207.835</ele><time>2026-09-11T22:16:01Z</time></trkpt><trkpt lat="22.063577" lon="-159.348981"><ele>207.686</ele><time>2026-09-11T22:16:03Z</time></trkpt><trkpt lat="22.063577" lon="-159.348967"><ele>207.414</ele><time>2026-09-11T22:16:08Z</time></trkpt><trkpt lat="22.063572" lon="-159.348947"><ele>207.209</ele><time>2026-09-11T22:16:10Z</time></trkpt><trkpt lat="22.063581" lon="-159.348928"><ele>206.645</ele><time>2026-09-11T22:16:12Z</time></trkpt><trkpt lat="22.063596" lon="-159.348905"><ele>206.281</ele><time>2026-09-11T22:16:15Z</time></trkpt><trkpt lat="22.063605" lon="-159.348899"><ele>206.258</ele><time>2026-09-11T22:16:16Z</time></trkpt><trkpt lat="22.063657" lon="-159.348851"><ele>205.655</ele><time>2026-09-11T22:16:23Z</time></trkpt><trkpt lat="22.063723" lon="-159.348814"><ele>204.427</ele><time>2026-09-11T22:16:29Z</time></trkpt><trkpt lat="22.063755" lon="-159.348797"><ele>203.633</ele><time>2026-09-11T22:16:32Z</time></trkpt><trkpt lat="22.063771" lon="-159.348792"><ele>203.277</ele><time>2026-09-11T22:16:34Z</time></trkpt><trkpt lat="22.063818" lon="-159.348768"><ele>203.050</ele><time>2026-09-11T22:16:39Z</time></trkpt><trkpt lat="22.063854" lon="-159.348745"><ele>202.026</ele><time>2026-09-11T22:16:43Z</time></trkpt><trkpt lat="22.06389" lon="-159.348712"><ele>201.488</ele><time>2026-09-11T22:16:47Z</time></trkpt><trkpt lat="22.063923" lon="-159.348684"><ele>201.224</ele><time>2026-09-11T22:16:51Z</time></trkpt><trkpt lat="22.063954" lon="-159.348668"><ele>201.226</ele><time>2026-09-11T22:16:54Z</time></trkpt><trkpt lat="22.06398" lon="-159.34866"><ele>201.009</ele><time>2026-09-11T22:16:56Z</time></trkpt><trkpt lat="22.063992" lon="-159.348656"><ele>201.040</ele><time>2026-09-11T22:16:57Z</time></trkpt><trkpt lat="22.064006" lon="-159.348661"><ele>201.086</ele><time>2026-09-11T22:17:02Z</time></trkpt><trkpt lat="22.064008" lon="-159.348672"><ele>200.813</ele><time>2026-09-11T22:17:10Z</time></trkpt><trkpt lat="22.06401" lon="-159.348674"><ele>200.850</ele><time>2026-09-11T22:17:12Z</time></trkpt><trkpt lat="22.064015" lon="-159.348672"><ele>200.872</ele><time>2026-09-11T22:17:17Z</time></trkpt><trkpt lat="22.064024" lon="-159.34866"><ele>200.898</ele><time>2026-09-11T22:17:19Z</time></trkpt><trkpt lat="22.064026" lon="-159.348659"><ele>200.682</ele><time>2026-09-11T22:17:21Z</time></trkpt><trkpt lat="22.064049" lon="-159.348619"><ele>200.055</ele><time>2026-09-11T22:17:28Z</time></trkpt><trkpt lat="22.064052" lon="-159.348611"><ele>200.071</ele><time>2026-09-11T22:17:35Z</time></trkpt><trkpt lat="22.064125" lon="-159.348609"><ele>199.898</ele><time>2026-09-11T22:17:43Z</time></trkpt><trkpt lat="22.064164" lon="-159.348624"><ele>199.615</ele><time>2026-09-11T22:17:51Z</time></trkpt><trkpt lat="22.064194" lon="-159.348654"><ele>199.826</ele><time>2026-09-11T22:18:00Z</time></trkpt><trkpt lat="22.064223" lon="-159.348679"><ele>199.409</ele><time>2026-09-11T22:18:09Z</time></trkpt><trkpt lat="22.064234" lon="-159.348678"><ele>199.221</ele><time>2026-09-11T22:18:12Z</time></trkpt><trkpt lat="22.064256" lon="-159.3487"><ele>199.017</ele><time>2026-09-11T22:18:18Z</time></trkpt><trkpt lat="22.064293" lon="-159.348743"><ele>198.434</ele><time>2026-09-11T22:18:27Z</time></trkpt><trkpt lat="22.064326" lon="-159.348772"><ele>197.831</ele><time>2026-09-11T22:18:32Z</time></trkpt><trkpt lat="22.064328" lon="-159.348771"><ele>197.623</ele><time>2026-09-11T22:18:34Z</time></trkpt><trkpt lat="22.064325" lon="-159.348777"><ele>197.869</ele><time>2026-09-11T22:18:40Z</time></trkpt><trkpt lat="22.064342" lon="-159.348813"><ele>197.683</ele><time>2026-09-11T22:18:44Z</time></trkpt><trkpt lat="22.06437" lon="-159.34883"><ele>197.016</ele><time>2026-09-11T22:18:51Z</time></trkpt><trkpt lat="22.064413" lon="-159.34887"><ele>196.852</ele><time>2026-09-11T22:18:56Z</time></trkpt><trkpt lat="22.064441" lon="-159.348884"><ele>196.446</ele><time>2026-09-11T22:18:59Z</time></trkpt><trkpt lat="22.064481" lon="-159.348899"><ele>195.688</ele><time>2026-09-11T22:19:04Z</time></trkpt><trkpt lat="22.0645" lon="-159.348887"><ele>195.016</ele><time>2026-09-11T22:19:06Z</time></trkpt><trkpt lat="22.0645" lon="-159.348873"><ele>194.809</ele><time>2026-09-11T22:19:07Z</time></trkpt><trkpt lat="22.064499" lon="-159.34886"><ele>194.666</ele><time>2026-09-11T22:19:08Z</time></trkpt><trkpt lat="22.064487" lon="-159.348826"><ele>194.482</ele><time>2026-09-11T22:19:11Z</time></trkpt><trkpt lat="22.064438" lon="-159.348743"><ele>193.829</ele><time>2026-09-11T22:19:19Z</time></trkpt><trkpt lat="22.064409" lon="-159.348686"><ele>193.686</ele><time>2026-09-11T22:19:24Z</time></trkpt><trkpt lat="22.064394" lon="-159.348655"><ele>193.418</ele><time>2026-09-11T22:19:27Z</time></trkpt><trkpt lat="22.064389" lon="-159.348598"><ele>193.054</ele><time>2026-09-11T22:19:32Z</time></trkpt><trkpt lat="22.064367" lon="-159.348555"><ele>192.698</ele><time>2026-09-11T22:19:36Z</time></trkpt><trkpt lat="22.064365" lon="-159.348545"><ele>192.621</ele><time>2026-09-11T22:19:37Z</time></trkpt><trkpt lat="22.064363" lon="-159.348507"><ele>192.247</ele><time>2026-09-11T22:19:40Z</time></trkpt><trkpt lat="22.064367" lon="-159.348461"><ele>191.816</ele><time>2026-09-11T22:19:44Z</time></trkpt><trkpt lat="22.064375" lon="-159.348424"><ele>191.476</ele><time>2026-09-11T22:19:47Z</time></trkpt><trkpt lat="22.064396" lon="-159.348396"><ele>191.013</ele><time>2026-09-11T22:19:51Z</time></trkpt><trkpt lat="22.064409" lon="-159.348382"><ele>190.609</ele><time>2026-09-11T22:19:56Z</time></trkpt><trkpt lat="22.064411" lon="-159.348375"><ele>190.683</ele><time>2026-09-11T22:19:57Z</time></trkpt><trkpt lat="22.064418" lon="-159.348359"><ele>190.499</ele><time>2026-09-11T22:20:00Z</time></trkpt><trkpt lat="22.064434" lon="-159.348326"><ele>189.276</ele><time>2026-09-11T22:20:05Z</time></trkpt><trkpt lat="22.064457" lon="-159.348294"><ele>188.223</ele><time>2026-09-11T22:20:09Z</time></trkpt><trkpt lat="22.064468" lon="-159.348249"><ele>187.065</ele><time>2026-09-11T22:20:13Z</time></trkpt><trkpt lat="22.064471" lon="-159.34824"><ele>186.821</ele><time>2026-09-11T22:20:14Z</time></trkpt><trkpt lat="22.064506" lon="-159.348197"><ele>185.825</ele><time>2026-09-11T22:20:20Z</time></trkpt><trkpt lat="22.064513" lon="-159.348188"><ele>185.668</ele><time>2026-09-11T22:20:21Z</time></trkpt><trkpt lat="22.064573" lon="-159.348144"><ele>184.824</ele><time>2026-09-11T22:20:28Z</time></trkpt><trkpt lat="22.064585" lon="-159.348138"><ele>184.871</ele><time>2026-09-11T22:20:29Z</time></trkpt><trkpt lat="22.064625" lon="-159.348101"><ele>183.841</ele><time>2026-09-11T22:20:36Z</time></trkpt><trkpt lat="22.064641" lon="-159.348031"><ele>183.415</ele><time>2026-09-11T22:20:42Z</time></trkpt><trkpt lat="22.064639" lon="-159.34802"><ele>183.409</ele><time>2026-09-11T22:20:43Z</time></trkpt><trkpt lat="22.064636" lon="-159.347977"><ele>183.029</ele><time>2026-09-11T22:20:46Z</time></trkpt><trkpt lat="22.064641" lon="-159.347961"><ele>182.615</ele><time>2026-09-11T22:20:48Z</time></trkpt><trkpt lat="22.064622" lon="-159.34789"><ele>181.662</ele><time>2026-09-11T22:20:55Z</time></trkpt><trkpt lat="22.064629" lon="-159.347886"><ele>181.699</ele><time>2026-09-11T22:20:56Z</time></trkpt><trkpt lat="22.064634" lon="-159.347825"><ele>181.291</ele><time>2026-09-11T22:21:01Z</time></trkpt><trkpt lat="22.064626" lon="-159.347825"><ele>181.057</ele><time>2026-09-11T22:21:02Z</time></trkpt><trkpt lat="22.064622" lon="-159.347831"><ele>180.641</ele><time>2026-09-11T22:21:03Z</time></trkpt><trkpt lat="22.064605" lon="-159.347851"><ele>179.434</ele><time>2026-09-11T22:21:06Z</time></trkpt><trkpt lat="22.064593" lon="-159.347867"><ele>179.050</ele><time>2026-09-11T22:21:08Z</time></trkpt><trkpt lat="22.064582" lon="-159.347889"><ele>178.412</ele><time>2026-09-11T22:21:10Z</time></trkpt><trkpt lat="22.064548" lon="-159.347971"><ele>177.832</ele><time>2026-09-11T22:21:17Z</time></trkpt><trkpt lat="22.06453" lon="-159.348"><ele>178.005</ele><time>2026-09-11T22:21:21Z</time></trkpt><trkpt lat="22.064508" lon="-159.348007"><ele>177.809</ele><time>2026-09-11T22:21:23Z</time></trkpt><trkpt lat="22.0645" lon="-159.348027"><ele>177.423</ele><time>2026-09-11T22:21:25Z</time></trkpt><trkpt lat="22.064489" lon="-159.348032"><ele>177.019</ele><time>2026-09-11T22:21:27Z</time></trkpt><trkpt lat="22.064486" lon="-159.348037"><ele>177.016</ele><time>2026-09-11T22:21:28Z</time></trkpt><trkpt lat="22.06447" lon="-159.348045"><ele>176.273</ele><time>2026-09-11T22:21:32Z</time></trkpt><trkpt lat="22.064465" lon="-159.348037"><ele>175.695</ele><time>2026-09-11T22:21:34Z</time></trkpt><trkpt lat="22.064461" lon="-159.348033"><ele>175.491</ele><time>2026-09-11T22:21:35Z</time></trkpt><trkpt lat="22.064457" lon="-159.348025"><ele>175.065</ele><time>2026-09-11T22:21:37Z</time></trkpt><trkpt lat="22.064457" lon="-159.348031"><ele>174.228</ele><time>2026-09-11T22:21:42Z</time></trkpt><trkpt lat="22.064454" lon="-159.348031"><ele>174.674</ele><time>2026-09-11T22:21:48Z</time></trkpt><trkpt lat="22.064462" lon="-159.348009"><ele>173.831</ele><time>2026-09-11T22:21:53Z</time></trkpt><trkpt lat="22.064456" lon="-159.347999"><ele>173.661</ele><time>2026-09-11T22:21:54Z</time></trkpt><trkpt lat="22.064421" lon="-159.347999"><ele>172.607</ele><time>2026-09-11T22:21:58Z</time></trkpt><trkpt lat="22.064412" lon="-159.348011"><ele>172.009</ele><time>2026-09-11T22:22:00Z</time></trkpt><trkpt lat="22.064382" lon="-159.348013"><ele>171.465</ele><time>2026-09-11T22:22:03Z</time></trkpt><trkpt lat="22.064358" lon="-159.348008"><ele>170.291</ele><time>2026-09-11T22:22:06Z</time></trkpt><trkpt lat="22.064331" lon="-159.347985"><ele>169.058</ele><time>2026-09-11T22:22:12Z</time></trkpt><trkpt lat="22.064326" lon="-159.34798"><ele>168.825</ele><time>2026-09-11T22:22:13Z</time></trkpt><trkpt lat="22.064284" lon="-159.347941"><ele>167.887</ele><time>2026-09-11T22:22:19Z</time></trkpt><trkpt lat="22.064273" lon="-159.347931"><ele>167.073</ele><time>2026-09-11T22:22:21Z</time></trkpt><trkpt lat="22.064266" lon="-159.347924"><ele>166.687</ele><time>2026-09-11T22:22:22Z</time></trkpt><trkpt lat="22.064246" lon="-159.347908"><ele>166.040</ele><time>2026-09-11T22:22:26Z</time></trkpt><trkpt lat="22.064231" lon="-159.347889"><ele>165.666</ele><time>2026-09-11T22:22:29Z</time></trkpt><trkpt lat="22.064236" lon="-159.347883"><ele>165.428</ele><time>2026-09-11T22:22:30Z</time></trkpt><trkpt lat="22.064287" lon="-159.347866"><ele>164.689</ele><time>2026-09-11T22:22:36Z</time></trkpt><trkpt lat="22.064304" lon="-159.347867"><ele>164.617</ele><time>2026-09-11T22:22:38Z</time></trkpt><trkpt lat="22.064359" lon="-159.347844"><ele>163.809</ele><time>2026-09-11T22:22:44Z</time></trkpt><trkpt lat="22.06438" lon="-159.347818"><ele>163.644</ele><time>2026-09-11T22:22:47Z</time></trkpt><trkpt lat="22.06441" lon="-159.347778"><ele>163.040</ele><time>2026-09-11T22:22:52Z</time></trkpt><trkpt lat="22.06442" lon="-159.34777"><ele>162.477</ele><time>2026-09-11T22:22:57Z</time></trkpt><trkpt lat="22.064421" lon="-159.347756"><ele>162.234</ele><time>2026-09-11T22:23:01Z</time></trkpt><trkpt lat="22.06443" lon="-159.347735"><ele>161.226</ele><time>2026-09-11T22:23:04Z</time></trkpt><trkpt lat="22.064452" lon="-159.347714"><ele>160.232</ele><time>2026-09-11T22:23:09Z</time></trkpt><trkpt lat="22.064457" lon="-159.347706"><ele>160.096</ele><time>2026-09-11T22:23:10Z</time></trkpt><trkpt lat="22.064518" lon="-159.347655"><ele>159.459</ele><time>2026-09-11T22:23:19Z</time></trkpt><trkpt lat="22.064529" lon="-159.347648"><ele>159.265</ele><time>2026-09-11T22:23:21Z</time></trkpt><trkpt lat="22.064559" lon="-159.347622"><ele>158.666</ele><time>2026-09-11T22:23:29Z</time></trkpt><trkpt lat="22.064615" lon="-159.34755"><ele>158.829</ele><time>2026-09-11T22:23:39Z</time></trkpt><trkpt lat="22.064633" lon="-159.347506"><ele>158.021</ele><time>2026-09-11T22:23:46Z</time></trkpt><trkpt lat="22.064622" lon="-159.347504"><ele>157.409</ele><time>2026-09-11T22:23:48Z</time></trkpt><trkpt lat="22.064609" lon="-159.347514"><ele>157.038</ele><time>2026-09-11T22:23:50Z</time></trkpt><trkpt lat="22.064595" lon="-159.347528"><ele>156.834</ele><time>2026-09-11T22:23:52Z</time></trkpt><trkpt lat="22.064588" lon="-159.347538"><ele>156.871</ele><time>2026-09-11T22:23:53Z</time></trkpt><trkpt lat="22.064579" lon="-159.347552"><ele>156.878</ele><time>2026-09-11T22:23:54Z</time></trkpt><trkpt lat="22.064571" lon="-159.347564"><ele>157.030</ele><time>2026-09-11T22:23:55Z</time></trkpt><trkpt lat="22.064551" lon="-159.347589"><ele>157.026</ele><time>2026-09-11T22:23:58Z</time></trkpt><trkpt lat="22.064485" lon="-159.34761"><ele>156.060</ele><time>2026-09-11T22:24:06Z</time></trkpt><trkpt lat="22.064471" lon="-159.347611"><ele>155.833</ele><time>2026-09-11T22:24:07Z</time></trkpt><trkpt lat="22.064435" lon="-159.347618"><ele>155.689</ele><time>2026-09-11T22:24:10Z</time></trkpt><trkpt lat="22.064398" lon="-159.347655"><ele>155.245</ele><time>2026-09-11T22:24:15Z</time></trkpt><trkpt lat="22.064352" lon="-159.347693"><ele>154.847</ele><time>2026-09-11T22:24:21Z</time></trkpt><trkpt lat="22.064344" lon="-159.3477"><ele>154.811</ele><time>2026-09-11T22:24:22Z</time></trkpt><trkpt lat="22.064313" lon="-159.347726"><ele>154.209</ele><time>2026-09-11T22:24:27Z</time></trkpt><trkpt lat="22.06429" lon="-159.347745"><ele>153.896</ele><time>2026-09-11T22:24:30Z</time></trkpt><trkpt lat="22.064282" lon="-159.347747"><ele>153.862</ele><time>2026-09-11T22:24:31Z</time></trkpt><trkpt lat="22.064256" lon="-159.34773"><ele>153.029</ele><time>2026-09-11T22:24:37Z</time></trkpt><trkpt lat="22.064259" lon="-159.347725"><ele>152.816</ele><time>2026-09-11T22:24:38Z</time></trkpt><trkpt lat="22.06426" lon="-159.347719"><ele>152.418</ele><time>2026-09-11T22:24:39Z</time></trkpt><trkpt lat="22.064285" lon="-159.347667"><ele>151.694</ele><time>2026-09-11T22:24:46Z</time></trkpt><trkpt lat="22.064291" lon="-159.347644"><ele>151.488</ele><time>2026-09-11T22:24:48Z</time></trkpt><trkpt lat="22.064307" lon="-159.347602"><ele>150.621</ele><time>2026-09-11T22:24:53Z</time></trkpt><trkpt lat="22.064341" lon="-159.347555"><ele>150.047</ele><time>2026-09-11T22:24:59Z</time></trkpt><trkpt lat="22.064369" lon="-159.347507"><ele>149.849</ele><time>2026-09-11T22:25:08Z</time></trkpt><trkpt lat="22.064399" lon="-159.347458"><ele>149.602</ele><time>2026-09-11T22:25:19Z</time></trkpt><trkpt lat="22.064418" lon="-159.347455"><ele>149.422</ele><time>2026-09-11T22:25:21Z</time></trkpt><trkpt lat="22.064429" lon="-159.347435"><ele>148.809</ele><time>2026-09-11T22:25:26Z</time></trkpt><trkpt lat="22.064416" lon="-159.347437"><ele>148.656</ele><time>2026-09-11T22:25:29Z</time></trkpt><trkpt lat="22.064363" lon="-159.347445"><ele>148.062</ele><time>2026-09-11T22:25:38Z</time></trkpt><trkpt lat="22.064356" lon="-159.347453"><ele>147.819</ele><time>2026-09-11T22:25:41Z</time></trkpt><trkpt lat="22.064336" lon="-159.347469"><ele>147.466</ele><time>2026-09-11T22:25:44Z</time></trkpt><trkpt lat="22.064323" lon="-159.347483"><ele>147.018</ele><time>2026-09-11T22:25:46Z</time></trkpt><trkpt lat="22.064261" lon="-159.347524"><ele>146.494</ele><time>2026-09-11T22:25:54Z</time></trkpt><trkpt lat="22.06425" lon="-159.347529"><ele>146.468</ele><time>2026-09-11T22:25:55Z</time></trkpt><trkpt lat="22.064173" lon="-159.347562"><ele>145.861</ele><time>2026-09-11T22:26:03Z</time></trkpt><trkpt lat="22.064091" lon="-159.347605"><ele>145.637</ele><time>2026-09-11T22:26:13Z</time></trkpt><trkpt lat="22.06407" lon="-159.347615"><ele>145.469</ele><time>2026-09-11T22:26:16Z</time></trkpt><trkpt lat="22.064059" lon="-159.347621"><ele>145.804</ele><time>2026-09-11T22:26:20Z</time></trkpt><trkpt lat="22.064025" lon="-159.347645"><ele>145.224</ele><time>2026-09-11T22:26:28Z</time></trkpt><trkpt lat="22.064007" lon="-159.347653"><ele>145.209</ele><time>2026-09-11T22:26:30Z</time></trkpt><trkpt lat="22.063943" lon="-159.347657"><ele>144.458</ele><time>2026-09-11T22:26:38Z</time></trkpt><trkpt lat="22.063875" lon="-159.347683"><ele>145.034</ele><time>2026-09-11T22:26:45Z</time></trkpt><trkpt lat="22.063826" lon="-159.347703"><ele>145.081</ele><time>2026-09-11T22:26:50Z</time></trkpt><trkpt lat="22.063794" lon="-159.347695"><ele>145.058</ele><time>2026-09-11T22:26:52Z</time></trkpt><trkpt lat="22.06371" lon="-159.34763"><ele>145.620</ele><time>2026-09-11T22:27:00Z</time></trkpt><trkpt lat="22.063659" lon="-159.347588"><ele>146.476</ele><time>2026-09-11T22:27:08Z</time></trkpt><trkpt lat="22.063654" lon="-159.347585"><ele>146.670</ele><time>2026-09-11T22:27:09Z</time></trkpt><trkpt lat="22.063638" lon="-159.347581"><ele>147.483</ele><time>2026-09-11T22:27:12Z</time></trkpt><trkpt lat="22.063607" lon="-159.347578"><ele>148.029</ele><time>2026-09-11T22:27:16Z</time></trkpt><trkpt lat="22.063601" lon="-159.347578"><ele>148.271</ele><time>2026-09-11T22:27:17Z</time></trkpt><trkpt lat="22.063585" lon="-159.347588"><ele>148.441</ele><time>2026-09-11T22:27:19Z</time></trkpt><trkpt lat="22.063525" lon="-159.34763"><ele>149.215</ele><time>2026-09-11T22:27:25Z</time></trkpt><trkpt lat="22.063514" lon="-159.347649"><ele>149.409</ele><time>2026-09-11T22:27:27Z</time></trkpt><trkpt lat="22.06351" lon="-159.347658"><ele>149.649</ele><time>2026-09-11T22:27:28Z</time></trkpt><trkpt lat="22.063503" lon="-159.347691"><ele>150.475</ele><time>2026-09-11T22:27:33Z</time></trkpt><trkpt lat="22.063503" lon="-159.347697"><ele>150.632</ele><time>2026-09-11T22:27:34Z</time></trkpt><trkpt lat="22.063496" lon="-159.34772"><ele>151.259</ele><time>2026-09-11T22:27:38Z</time></trkpt><trkpt lat="22.063492" lon="-159.34773"><ele>151.831</ele><time>2026-09-11T22:27:40Z</time></trkpt><trkpt lat="22.063472" lon="-159.347762"><ele>152.677</ele><time>2026-09-11T22:27:47Z</time></trkpt><trkpt lat="22.063468" lon="-159.347769"><ele>152.671</ele><time>2026-09-11T22:27:48Z</time></trkpt><trkpt lat="22.063465" lon="-159.347772"><ele>152.894</ele><time>2026-09-11T22:27:49Z</time></trkpt><trkpt lat="22.063452" lon="-159.347803"><ele>153.430</ele><time>2026-09-11T22:27:54Z</time></trkpt><trkpt lat="22.063446" lon="-159.347816"><ele>153.828</ele><time>2026-09-11T22:27:58Z</time></trkpt><trkpt lat="22.063445" lon="-159.347821"><ele>153.889</ele><time>2026-09-11T22:27:59Z</time></trkpt><trkpt lat="22.063435" lon="-159.347846"><ele>155.017</ele><time>2026-09-11T22:28:05Z</time></trkpt><trkpt lat="22.063434" lon="-159.347857"><ele>155.209</ele><time>2026-09-11T22:28:07Z</time></trkpt><trkpt lat="22.063426" lon="-159.347898"><ele>156.024</ele><time>2026-09-11T22:28:14Z</time></trkpt><trkpt lat="22.063416" lon="-159.347906"><ele>156.030</ele><time>2026-09-11T22:28:17Z</time></trkpt><trkpt lat="22.063385" lon="-159.347975"><ele>156.847</ele><time>2026-09-11T22:28:27Z</time></trkpt><trkpt lat="22.063372" lon="-159.347996"><ele>157.234</ele><time>2026-09-11T22:28:30Z</time></trkpt><trkpt lat="22.063351" lon="-159.348044"><ele>158.256</ele><time>2026-09-11T22:28:36Z</time></trkpt><trkpt lat="22.06335" lon="-159.348046"><ele>158.462</ele><time>2026-09-11T22:28:37Z</time></trkpt><trkpt lat="22.063351" lon="-159.34806"><ele>159.236</ele><time>2026-09-11T22:28:42Z</time></trkpt><trkpt lat="22.06333" lon="-159.348086"><ele>159.299</ele><time>2026-09-11T22:28:47Z</time></trkpt><trkpt lat="22.063248" lon="-159.348166"><ele>159.445</ele><time>2026-09-11T22:28:59Z</time></trkpt><trkpt lat="22.063166" lon="-159.348212"><ele>159.856</ele><time>2026-09-11T22:29:07Z</time></trkpt><trkpt lat="22.063116" lon="-159.348258"><ele>159.459</ele><time>2026-09-11T22:29:15Z</time></trkpt><trkpt lat="22.063091" lon="-159.348288"><ele>159.814</ele><time>2026-09-11T22:29:22Z</time></trkpt><trkpt lat="22.063077" lon="-159.348293"><ele>160.009</ele><time>2026-09-11T22:29:25Z</time></trkpt><trkpt lat="22.063022" lon="-159.348316"><ele>159.047</ele><time>2026-09-11T22:29:32Z</time></trkpt><trkpt lat="22.062942" lon="-159.348352"><ele>158.283</ele><time>2026-09-11T22:29:40Z</time></trkpt><trkpt lat="22.06292" lon="-159.348365"><ele>157.850</ele><time>2026-09-11T22:29:43Z</time></trkpt><trkpt lat="22.062911" lon="-159.34837"><ele>157.817</ele><time>2026-09-11T22:29:44Z</time></trkpt><trkpt lat="22.062853" lon="-159.348411"><ele>157.429</ele><time>2026-09-11T22:29:51Z</time></trkpt><trkpt lat="22.062843" lon="-159.348419"><ele>157.485</ele><time>2026-09-11T22:29:52Z</time></trkpt><trkpt lat="22.0628" lon="-159.348472"><ele>157.269</ele><time>2026-09-11T22:29:59Z</time></trkpt><trkpt lat="22.062795" lon="-159.348475"><ele>157.062</ele><time>2026-09-11T22:30:00Z</time></trkpt><trkpt lat="22.062802" lon="-159.34846"><ele>156.068</ele><time>2026-09-11T22:30:04Z</time></trkpt><trkpt lat="22.062807" lon="-159.348453"><ele>155.856</ele><time>2026-09-11T22:30:05Z</time></trkpt><trkpt lat="22.06281" lon="-159.348442"><ele>155.659</ele><time>2026-09-11T22:30:09Z</time></trkpt><trkpt lat="22.0628" lon="-159.348442"><ele>155.014</ele><time>2026-09-11T22:30:12Z</time></trkpt><trkpt lat="22.062795" lon="-159.348441"><ele>154.809</ele><time>2026-09-11T22:30:13Z</time></trkpt><trkpt lat="22.062765" lon="-159.348445"><ele>153.617</ele><time>2026-09-11T22:30:18Z</time></trkpt><trkpt lat="22.062757" lon="-159.348441"><ele>153.443</ele><time>2026-09-11T22:30:20Z</time></trkpt><trkpt lat="22.062741" lon="-159.348428"><ele>152.450</ele><time>2026-09-11T22:30:24Z</time></trkpt><trkpt lat="22.062742" lon="-159.348408"><ele>151.867</ele><time>2026-09-11T22:30:28Z</time></trkpt><trkpt lat="22.062749" lon="-159.348385"><ele>151.219</ele><time>2026-09-11T22:30:31Z</time></trkpt><trkpt lat="22.062758" lon="-159.348365"><ele>150.435</ele><time>2026-09-11T22:30:34Z</time></trkpt><trkpt lat="22.062769" lon="-159.348354"><ele>150.099</ele><time>2026-09-11T22:30:36Z</time></trkpt><trkpt lat="22.062794" lon="-159.348319"><ele>149.252</ele><time>2026-09-11T22:30:41Z</time></trkpt><trkpt lat="22.062799" lon="-159.348311"><ele>148.828</ele><time>2026-09-11T22:30:42Z</time></trkpt><trkpt lat="22.062839" lon="-159.348297"><ele>148.053</ele><time>2026-09-11T22:30:47Z</time></trkpt><trkpt lat="22.062845" lon="-159.348292"><ele>147.804</ele><time>2026-09-11T22:30:48Z</time></trkpt><trkpt lat="22.062887" lon="-159.348258"><ele>146.814</ele><time>2026-09-11T22:30:53Z</time></trkpt><trkpt lat="22.062908" lon="-159.348244"><ele>146.609</ele><time>2026-09-11T22:30:56Z</time></trkpt><trkpt lat="22.062943" lon="-159.348216"><ele>145.677</ele><time>2026-09-11T22:31:03Z</time></trkpt><trkpt lat="22.062946" lon="-159.348213"><ele>145.463</ele><time>2026-09-11T22:31:04Z</time></trkpt><trkpt lat="22.062973" lon="-159.348187"><ele>144.480</ele><time>2026-09-11T22:31:08Z</time></trkpt><trkpt lat="22.063008" lon="-159.348159"><ele>143.897</ele><time>2026-09-11T22:31:13Z</time></trkpt><trkpt lat="22.063031" lon="-159.348142"><ele>143.689</ele><time>2026-09-11T22:31:17Z</time></trkpt><trkpt lat="22.063035" lon="-159.348137"><ele>143.495</ele><time>2026-09-11T22:31:18Z</time></trkpt><trkpt lat="22.06304" lon="-159.348131"><ele>143.649</ele><time>2026-09-11T22:31:22Z</time></trkpt><trkpt lat="22.062981" lon="-159.34815"><ele>143.092</ele><time>2026-09-11T22:31:30Z</time></trkpt><trkpt lat="22.062966" lon="-159.348157"><ele>142.498</ele><time>2026-09-11T22:31:34Z</time></trkpt><trkpt lat="22.062962" lon="-159.348155"><ele>142.459</ele><time>2026-09-11T22:31:37Z</time></trkpt><trkpt lat="22.062959" lon="-159.34815"><ele>142.203</ele><time>2026-09-11T22:31:40Z</time></trkpt><trkpt lat="22.062945" lon="-159.34815"><ele>142.023</ele><time>2026-09-11T22:31:43Z</time></trkpt><trkpt lat="22.062941" lon="-159.348152"><ele>141.809</ele><time>2026-09-11T22:31:45Z</time></trkpt><trkpt lat="22.062889" lon="-159.348163"><ele>141.897</ele><time>2026-09-11T22:31:54Z</time></trkpt><trkpt lat="22.062812" lon="-159.348181"><ele>141.813</ele><time>2026-09-11T22:32:02Z</time></trkpt><trkpt lat="22.062787" lon="-159.348173"><ele>141.260</ele><time>2026-09-11T22:32:06Z</time></trkpt><trkpt lat="22.062793" lon="-159.348163"><ele>140.847</ele><time>2026-09-11T22:32:08Z</time></trkpt><trkpt lat="22.062799" lon="-159.348161"><ele>140.669</ele><time>2026-09-11T22:32:09Z</time></trkpt><trkpt lat="22.062843" lon="-159.348129"><ele>140.245</ele><time>2026-09-11T22:32:14Z</time></trkpt><trkpt lat="22.06286" lon="-159.348116"><ele>139.689</ele><time>2026-09-11T22:32:16Z</time></trkpt><trkpt lat="22.062872" lon="-159.348108"><ele>139.242</ele><time>2026-09-11T22:32:18Z</time></trkpt><trkpt lat="22.06294" lon="-159.348074"><ele>138.888</ele><time>2026-09-11T22:32:25Z</time></trkpt><trkpt lat="22.062987" lon="-159.348032"><ele>138.258</ele><time>2026-09-11T22:32:33Z</time></trkpt><trkpt lat="22.062998" lon="-159.348023"><ele>138.052</ele><time>2026-09-11T22:32:35Z</time></trkpt><trkpt lat="22.063037" lon="-159.347956"><ele>137.417</ele><time>2026-09-11T22:32:42Z</time></trkpt><trkpt lat="22.063043" lon="-159.347921"><ele>137.009</ele><time>2026-09-11T22:32:45Z</time></trkpt><trkpt lat="22.063067" lon="-159.347859"><ele>136.447</ele><time>2026-09-11T22:32:52Z</time></trkpt><trkpt lat="22.063084" lon="-159.347803"><ele>136.453</ele><time>2026-09-11T22:33:00Z</time></trkpt><trkpt lat="22.063085" lon="-159.347783"><ele>136.030</ele><time>2026-09-11T22:33:03Z</time></trkpt><trkpt lat="22.063084" lon="-159.347769"><ele>135.627</ele><time>2026-09-11T22:33:07Z</time></trkpt><trkpt lat="22.063086" lon="-159.347763"><ele>135.819</ele><time>2026-09-11T22:33:08Z</time></trkpt><trkpt lat="22.063088" lon="-159.347755"><ele>136.085</ele><time>2026-09-11T22:33:16Z</time></trkpt><trkpt lat="22.063089" lon="-159.347744"><ele>135.829</ele><time>2026-09-11T22:33:18Z</time></trkpt><trkpt lat="22.063096" lon="-159.347711"><ele>134.862</ele><time>2026-09-11T22:33:24Z</time></trkpt><trkpt lat="22.063106" lon="-159.347687"><ele>133.858</ele><time>2026-09-11T22:33:28Z</time></trkpt><trkpt lat="22.063111" lon="-159.347679"><ele>133.877</ele><time>2026-09-11T22:33:29Z</time></trkpt><trkpt lat="22.063152" lon="-159.347611"><ele>132.861</ele><time>2026-09-11T22:33:37Z</time></trkpt><trkpt lat="22.06317" lon="-159.347579"><ele>131.627</ele><time>2026-09-11T22:33:43Z</time></trkpt><trkpt lat="22.063174" lon="-159.347574"><ele>131.209</ele><time>2026-09-11T22:33:45Z</time></trkpt><trkpt lat="22.063186" lon="-159.347545"><ele>130.499</ele><time>2026-09-11T22:33:49Z</time></trkpt><trkpt lat="22.063216" lon="-159.347502"><ele>129.625</ele><time>2026-09-11T22:33:55Z</time></trkpt><trkpt lat="22.06322" lon="-159.347496"><ele>129.482</ele><time>2026-09-11T22:33:56Z</time></trkpt><trkpt lat="22.063226" lon="-159.34749"><ele>129.499</ele><time>2026-09-11T22:33:57Z</time></trkpt><trkpt lat="22.063271" lon="-159.347435"><ele>128.411</ele><time>2026-09-11T22:34:05Z</time></trkpt><trkpt lat="22.063277" lon="-159.347425"><ele>128.027</ele><time>2026-09-11T22:34:08Z</time></trkpt><trkpt lat="22.063269" lon="-159.347418"><ele>127.281</ele><time>2026-09-11T22:34:11Z</time></trkpt><trkpt lat="22.063207" lon="-159.347445"><ele>126.214</ele><time>2026-09-11T22:34:18Z</time></trkpt><trkpt lat="22.0631" lon="-159.347516"><ele>125.430</ele><time>2026-09-11T22:34:28Z</time></trkpt><trkpt lat="22.06302" lon="-159.347542"><ele>125.451</ele><time>2026-09-11T22:34:36Z</time></trkpt><trkpt lat="22.06298" lon="-159.347548"><ele>125.001</ele><time>2026-09-11T22:34:40Z</time></trkpt><trkpt lat="22.06294" lon="-159.347572"><ele>124.011</ele><time>2026-09-11T22:34:44Z</time></trkpt><trkpt lat="22.062931" lon="-159.347578"><ele>124.009</ele><time>2026-09-11T22:34:45Z</time></trkpt><trkpt lat="22.062902" lon="-159.347613"><ele>124.427</ele><time>2026-09-11T22:34:51Z</time></trkpt><trkpt lat="22.062902" lon="-159.347616"><ele>124.483</ele><time>2026-09-11T22:34:53Z</time></trkpt><trkpt lat="22.062903" lon="-159.347612"><ele>124.480</ele><time>2026-09-11T22:35:03Z</time></trkpt><trkpt lat="22.062904" lon="-159.347608"><ele>124.637</ele><time>2026-09-11T22:35:12Z</time></trkpt><trkpt lat="22.062899" lon="-159.347608"><ele>124.669</ele><time>2026-09-11T22:35:19Z</time></trkpt><trkpt lat="22.062896" lon="-159.347613"><ele>125.065</ele><time>2026-09-11T22:35:22Z</time></trkpt><trkpt lat="22.062903" lon="-159.34761"><ele>125.099</ele><time>2026-09-11T22:35:28Z</time></trkpt><trkpt lat="22.062898" lon="-159.347611"><ele>124.642</ele><time>2026-09-11T22:35:38Z</time></trkpt><trkpt lat="22.062904" lon="-159.347604"><ele>124.888</ele><time>2026-09-11T22:35:47Z</time></trkpt><trkpt lat="22.062907" lon="-159.347602"><ele>124.691</ele><time>2026-09-11T22:35:53Z</time></trkpt><trkpt lat="22.062908" lon="-159.347604"><ele>124.881</ele><time>2026-09-11T22:35:57Z</time></trkpt><trkpt lat="22.062908" lon="-159.347604"><ele>124.819</ele><time>2026-09-11T22:35:58Z</time></trkpt><trkpt lat="22.062915" lon="-159.3476"><ele>125.009</ele><time>2026-09-11T22:36:13Z</time></trkpt><trkpt lat="22.062903" lon="-159.347589"><ele>125.051</ele><time>2026-09-11T22:36:24Z</time></trkpt><trkpt lat="22.062903" lon="-159.347588"><ele>125.087</ele><time>2026-09-11T22:36:25Z</time></trkpt><trkpt lat="22.062891" lon="-159.347594"><ele>125.274</ele><time>2026-09-11T22:36:42Z</time></trkpt><trkpt lat="22.062897" lon="-159.347607"><ele>125.281</ele><time>2026-09-11T22:36:56Z</time></trkpt><trkpt lat="22.062892" lon="-159.347604"><ele>125.023</ele><time>2026-09-11T22:37:14Z</time></trkpt><trkpt lat="22.062893" lon="-159.347598"><ele>125.219</ele><time>2026-09-11T22:37:24Z</time></trkpt><trkpt lat="22.062897" lon="-159.347596"><ele>125.033</ele><time>2026-09-11T22:37:26Z</time></trkpt><trkpt lat="22.062911" lon="-159.347592"><ele>125.096</ele><time>2026-09-11T22:37:39Z</time></trkpt><trkpt lat="22.062897" lon="-159.347588"><ele>125.052</ele><time>2026-09-11T22:37:56Z</time></trkpt><trkpt lat="22.062899" lon="-159.347588"><ele>125.084</ele><time>2026-09-11T22:37:57Z</time></trkpt><trkpt lat="22.062895" lon="-159.347589"><ele>125.207</ele><time>2026-09-11T22:38:04Z</time></trkpt><trkpt lat="22.062889" lon="-159.347588"><ele>125.417</ele><time>2026-09-11T22:38:11Z</time></trkpt><trkpt lat="22.062889" lon="-159.347589"><ele>125.409</ele><time>2026-09-11T22:38:13Z</time></trkpt><trkpt lat="22.062904" lon="-159.347591"><ele>125.240</ele><time>2026-09-11T22:38:25Z</time></trkpt><trkpt lat="22.062901" lon="-159.347574"><ele>125.216</ele><time>2026-09-11T22:38:35Z</time></trkpt><trkpt lat="22.062898" lon="-159.347578"><ele>125.273</ele><time>2026-09-11T22:38:38Z</time></trkpt><trkpt lat="22.062895" lon="-159.347595"><ele>125.460</ele><time>2026-09-11T22:38:49Z</time></trkpt><trkpt lat="22.062887" lon="-159.347591"><ele>125.092</ele><time>2026-09-11T22:38:56Z</time></trkpt><trkpt lat="22.062887" lon="-159.347591"><ele>124.838</ele><time>2026-09-11T22:39:02Z</time></trkpt><trkpt lat="22.062896" lon="-159.347586"><ele>125.062</ele><time>2026-09-11T22:39:05Z</time></trkpt><trkpt lat="22.062891" lon="-159.347593"><ele>124.815</ele><time>2026-09-11T22:39:17Z</time></trkpt><trkpt lat="22.062896" lon="-159.3476"><ele>124.811</ele><time>2026-09-11T22:39:30Z</time></trkpt><trkpt lat="22.062906" lon="-159.347616"><ele>125.012</ele><time>2026-09-11T22:39:42Z</time></trkpt><trkpt lat="22.06292" lon="-159.347607"><ele>125.032</ele><time>2026-09-11T22:39:46Z</time></trkpt><trkpt lat="22.06292" lon="-159.3476"><ele>124.805</ele><time>2026-09-11T22:39:51Z</time></trkpt><trkpt lat="22.062899" lon="-159.347596"><ele>124.809</ele><time>2026-09-11T22:40:03Z</time></trkpt><trkpt lat="22.062898" lon="-159.347595"><ele>125.263</ele><time>2026-09-11T22:40:06Z</time></trkpt><trkpt lat="22.0629" lon="-159.347607"><ele>125.229</ele><time>2026-09-11T22:40:15Z</time></trkpt><trkpt lat="22.062898" lon="-159.347594"><ele>125.456</ele><time>2026-09-11T22:40:26Z</time></trkpt><trkpt lat="22.062898" lon="-159.347593"><ele>125.453</ele><time>2026-09-11T22:40:27Z</time></trkpt><trkpt lat="22.062899" lon="-159.347592"><ele>125.435</ele><time>2026-09-11T22:40:29Z</time></trkpt><trkpt lat="22.062901" lon="-159.34759"><ele>125.671</ele><time>2026-09-11T22:40:31Z</time></trkpt><trkpt lat="22.062902" lon="-159.347605"><ele>125.275</ele><time>2026-09-11T22:40:46Z</time></trkpt><trkpt lat="22.062902" lon="-159.347611"><ele>125.258</ele><time>2026-09-11T22:40:52Z</time></trkpt><trkpt lat="22.062903" lon="-159.347611"><ele>125.234</ele><time>2026-09-11T22:40:53Z</time></trkpt><trkpt lat="22.062904" lon="-159.347612"><ele>125.219</ele><time>2026-09-11T22:40:54Z</time></trkpt><trkpt lat="22.062917" lon="-159.347621"><ele>125.009</ele><time>2026-09-11T22:40:59Z</time></trkpt><trkpt lat="22.062924" lon="-159.347619"><ele>125.019</ele><time>2026-09-11T22:41:01Z</time></trkpt><trkpt lat="22.062909" lon="-159.347617"><ele>125.009</ele><time>2026-09-11T22:41:05Z</time></trkpt><trkpt lat="22.062894" lon="-159.347604"><ele>125.073</ele><time>2026-09-11T22:41:10Z</time></trkpt><trkpt lat="22.062898" lon="-159.347598"><ele>125.079</ele><time>2026-09-11T22:41:15Z</time></trkpt><trkpt lat="22.062907" lon="-159.347599"><ele>125.266</ele><time>2026-09-11T22:41:21Z</time></trkpt><trkpt lat="22.06291" lon="-159.347602"><ele>125.273</ele><time>2026-09-11T22:41:23Z</time></trkpt><trkpt lat="22.06291" lon="-159.347605"><ele>125.025</ele><time>2026-09-11T22:41:26Z</time></trkpt><trkpt lat="22.062908" lon="-159.347607"><ele>125.061</ele><time>2026-09-11T22:41:27Z</time></trkpt><trkpt lat="22.062907" lon="-159.34761"><ele>125.015</ele><time>2026-09-11T22:41:31Z</time></trkpt><trkpt lat="22.062911" lon="-159.347606"><ele>125.058</ele><time>2026-09-11T22:41:33Z</time></trkpt><trkpt lat="22.062911" lon="-159.347601"><ele>125.014</ele><time>2026-09-11T22:41:36Z</time></trkpt><trkpt lat="22.062896" lon="-159.347592"><ele>125.283</ele><time>2026-09-11T22:41:42Z</time></trkpt><trkpt lat="22.062891" lon="-159.347594"><ele>125.425</ele><time>2026-09-11T22:41:45Z</time></trkpt><trkpt lat="22.062888" lon="-159.347602"><ele>125.617</ele><time>2026-09-11T22:41:48Z</time></trkpt><trkpt lat="22.062881" lon="-159.347621"><ele>126.009</ele><time>2026-09-11T22:41:56Z</time></trkpt><trkpt lat="22.062878" lon="-159.347623"><ele>126.080</ele><time>2026-09-11T22:41:57Z</time></trkpt><trkpt lat="22.06288" lon="-159.347622"><ele>126.076</ele><time>2026-09-11T22:42:01Z</time></trkpt><trkpt lat="22.062898" lon="-159.347612"><ele>125.833</ele><time>2026-09-11T22:42:13Z</time></trkpt><trkpt lat="22.062907" lon="-159.347623"><ele>125.820</ele><time>2026-09-11T22:42:23Z</time></trkpt><trkpt lat="22.062908" lon="-159.347623"><ele>125.832</ele><time>2026-09-11T22:42:24Z</time></trkpt><trkpt lat="22.062909" lon="-159.347621"><ele>126.078</ele><time>2026-09-11T22:42:29Z</time></trkpt><trkpt lat="22.062912" lon="-159.347612"><ele>125.822</ele><time>2026-09-11T22:42:39Z</time></trkpt><trkpt lat="22.062909" lon="-159.347617"><ele>125.825</ele><time>2026-09-11T22:42:47Z</time></trkpt><trkpt lat="22.062909" lon="-159.347615"><ele>125.821</ele><time>2026-09-11T22:42:49Z</time></trkpt><trkpt lat="22.062911" lon="-159.347602"><ele>126.027</ele><time>2026-09-11T22:42:57Z</time></trkpt><trkpt lat="22.062891" lon="-159.347603"><ele>126.268</ele><time>2026-09-11T22:43:08Z</time></trkpt><trkpt lat="22.062899" lon="-159.347622"><ele>126.214</ele><time>2026-09-11T22:43:19Z</time></trkpt><trkpt lat="22.062901" lon="-159.347616"><ele>126.209</ele><time>2026-09-11T22:43:28Z</time></trkpt><trkpt lat="22.0629" lon="-159.347609"><ele>126.484</ele><time>2026-09-11T22:43:42Z</time></trkpt><trkpt lat="22.062899" lon="-159.347602"><ele>126.410</ele><time>2026-09-11T22:43:52Z</time></trkpt><trkpt lat="22.0629" lon="-159.347591"><ele>126.267</ele><time>2026-09-11T22:44:06Z</time></trkpt><trkpt lat="22.062898" lon="-159.347591"><ele>126.264</ele><time>2026-09-11T22:44:22Z</time></trkpt><trkpt lat="22.0629" lon="-159.347592"><ele>126.436</ele><time>2026-09-11T22:44:24Z</time></trkpt><trkpt lat="22.062909" lon="-159.347609"><ele>126.642</ele><time>2026-09-11T22:44:35Z</time></trkpt><trkpt lat="22.062893" lon="-159.347603"><ele>126.616</ele><time>2026-09-11T22:44:48Z</time></trkpt><trkpt lat="22.062883" lon="-159.347605"><ele>126.869</ele><time>2026-09-11T22:44:56Z</time></trkpt><trkpt lat="22.062892" lon="-159.347591"><ele>126.665</ele><time>2026-09-11T22:45:00Z</time></trkpt><trkpt lat="22.062901" lon="-159.347595"><ele>127.021</ele><time>2026-09-11T22:45:07Z</time></trkpt><trkpt lat="22.0629" lon="-159.347597"><ele>127.041</ele><time>2026-09-11T22:45:09Z</time></trkpt><trkpt lat="22.062909" lon="-159.347606"><ele>126.805</ele><time>2026-09-11T22:45:17Z</time></trkpt><trkpt lat="22.062902" lon="-159.34761"><ele>127.009</ele><time>2026-09-11T22:45:19Z</time></trkpt><trkpt lat="22.062896" lon="-159.347618"><ele>127.074</ele><time>2026-09-11T22:45:31Z</time></trkpt><trkpt lat="22.062906" lon="-159.347618"><ele>126.650</ele><time>2026-09-11T22:45:44Z</time></trkpt><trkpt lat="22.062892" lon="-159.347603"><ele>126.827</ele><time>2026-09-11T22:45:53Z</time></trkpt><trkpt lat="22.062892" lon="-159.347601"><ele>126.614</ele><time>2026-09-11T22:45:55Z</time></trkpt><trkpt lat="22.062892" lon="-159.347597"><ele>126.896</ele><time>2026-09-11T22:45:58Z</time></trkpt><trkpt lat="22.0629" lon="-159.347593"><ele>126.872</ele><time>2026-09-11T22:46:06Z</time></trkpt><trkpt lat="22.062899" lon="-159.347593"><ele>126.826</ele><time>2026-09-11T22:46:07Z</time></trkpt><trkpt lat="22.062898" lon="-159.347592"><ele>126.879</ele><time>2026-09-11T22:46:09Z</time></trkpt><trkpt lat="22.062899" lon="-159.347591"><ele>126.835</ele><time>2026-09-11T22:46:12Z</time></trkpt><trkpt lat="22.062902" lon="-159.34761"><ele>127.472</ele><time>2026-09-11T22:46:24Z</time></trkpt><trkpt lat="22.062879" lon="-159.347606"><ele>127.013</ele><time>2026-09-11T22:46:37Z</time></trkpt><trkpt lat="22.062862" lon="-159.347617"><ele>127.014</ele><time>2026-09-11T22:46:54Z</time></trkpt><trkpt lat="22.062862" lon="-159.347617"><ele>126.809</ele><time>2026-09-11T22:46:57Z</time></trkpt><trkpt lat="22.062862" lon="-159.347617"><ele>126.849</ele><time>2026-09-11T22:47:01Z</time></trkpt><trkpt lat="22.062862" lon="-159.347617"><ele>126.815</ele><time>2026-09-11T22:47:06Z</time></trkpt><trkpt lat="22.062862" lon="-159.347617"><ele>126.832</ele><time>2026-09-11T22:47:12Z</time></trkpt><trkpt lat="22.062876" lon="-159.347618"><ele>126.839</ele><time>2026-09-11T22:47:17Z</time></trkpt><trkpt lat="22.062892" lon="-159.347607"><ele>126.431</ele><time>2026-09-11T22:47:24Z</time></trkpt><trkpt lat="22.062896" lon="-159.347605"><ele>126.447</ele><time>2026-09-11T22:47:26Z</time></trkpt><trkpt lat="22.062902" lon="-159.347604"><ele>126.261</ele><time>2026-09-11T22:47:30Z</time></trkpt><trkpt lat="22.062898" lon="-159.347602"><ele>126.274</ele><time>2026-09-11T22:47:45Z</time></trkpt><trkpt lat="22.062894" lon="-159.347604"><ele>126.440</ele><time>2026-09-11T22:47:53Z</time></trkpt><trkpt lat="22.062881" lon="-159.347609"><ele>126.443</ele><time>2026-09-11T22:47:59Z</time></trkpt><trkpt lat="22.062891" lon="-159.347606"><ele>126.864</ele><time>2026-09-11T22:48:16Z</time></trkpt><trkpt lat="22.062893" lon="-159.347607"><ele>126.810</ele><time>2026-09-11T22:48:22Z</time></trkpt><trkpt lat="22.06289" lon="-159.347608"><ele>127.009</ele><time>2026-09-11T22:48:26Z</time></trkpt><trkpt lat="22.062882" lon="-159.347594"><ele>126.626</ele><time>2026-09-11T22:48:35Z</time></trkpt><trkpt lat="22.062894" lon="-159.3476"><ele>126.822</ele><time>2026-09-11T22:48:47Z</time></trkpt><trkpt lat="22.062904" lon="-159.347616"><ele>126.819</ele><time>2026-09-11T22:48:54Z</time></trkpt><trkpt lat="22.062909" lon="-159.347624"><ele>126.886</ele><time>2026-09-11T22:48:59Z</time></trkpt><trkpt lat="22.062904" lon="-159.347613"><ele>127.278</ele><time>2026-09-11T22:49:12Z</time></trkpt><trkpt lat="22.062898" lon="-159.347604"><ele>127.244</ele><time>2026-09-11T22:49:16Z</time></trkpt><trkpt lat="22.062878" lon="-159.347584"><ele>127.298</ele><time>2026-09-11T22:49:27Z</time></trkpt><trkpt lat="22.062876" lon="-159.347591"><ele>127.241</ele><time>2026-09-11T22:49:31Z</time></trkpt><trkpt lat="22.062889" lon="-159.347614"><ele>127.427</ele><time>2026-09-11T22:49:38Z</time></trkpt><trkpt lat="22.062895" lon="-159.347609"><ele>127.228</ele><time>2026-09-11T22:49:49Z</time></trkpt><trkpt lat="22.062894" lon="-159.347604"><ele>127.289</ele><time>2026-09-11T22:49:51Z</time></trkpt><trkpt lat="22.062894" lon="-159.347599"><ele>127.217</ele><time>2026-09-11T22:49:55Z</time></trkpt><trkpt lat="22.062885" lon="-159.347597"><ele>127.409</ele><time>2026-09-11T22:50:00Z</time></trkpt><trkpt lat="22.062852" lon="-159.347652"><ele>127.294</ele><time>2026-09-11T22:50:06Z</time></trkpt><trkpt lat="22.062803" lon="-159.347693"><ele>126.090</ele><time>2026-09-11T22:50:15Z</time></trkpt><trkpt lat="22.062795" lon="-159.347691"><ele>125.847</ele><time>2026-09-11T22:50:16Z</time></trkpt><trkpt lat="22.062764" lon="-159.34769"><ele>125.034</ele><time>2026-09-11T22:50:24Z</time></trkpt><trkpt lat="22.062759" lon="-159.347693"><ele>124.896</ele><time>2026-09-11T22:50:25Z</time></trkpt><trkpt lat="22.06274" lon="-159.347685"><ele>123.862</ele><time>2026-09-11T22:50:31Z</time></trkpt><trkpt lat="22.062734" lon="-159.347678"><ele>123.436</ele><time>2026-09-11T22:50:33Z</time></trkpt><trkpt lat="22.062727" lon="-159.347654"><ele>122.619</ele><time>2026-09-11T22:50:37Z</time></trkpt><trkpt lat="22.062729" lon="-159.347652"><ele>122.665</ele><time>2026-09-11T22:50:40Z</time></trkpt><trkpt lat="22.062727" lon="-159.347612"><ele>122.031</ele><time>2026-09-11T22:50:48Z</time></trkpt><trkpt lat="22.06273" lon="-159.347584"><ele>121.661</ele><time>2026-09-11T22:50:51Z</time></trkpt><trkpt lat="22.062731" lon="-159.347577"><ele>121.607</ele><time>2026-09-11T22:50:52Z</time></trkpt><trkpt lat="22.062733" lon="-159.347566"><ele>121.609</ele><time>2026-09-11T22:50:55Z</time></trkpt><trkpt lat="22.062759" lon="-159.347524"><ele>121.465</ele><time>2026-09-11T22:51:02Z</time></trkpt><trkpt lat="22.062797" lon="-159.347471"><ele>120.611</ele><time>2026-09-11T22:51:09Z</time></trkpt><trkpt lat="22.062817" lon="-159.347449"><ele>120.478</ele><time>2026-09-11T22:51:12Z</time></trkpt><trkpt lat="22.062872" lon="-159.347361"><ele>119.855</ele><time>2026-09-11T22:51:22Z</time></trkpt><trkpt lat="22.062883" lon="-159.347344"><ele>119.417</ele><time>2026-09-11T22:51:24Z</time></trkpt><trkpt lat="22.062921" lon="-159.347308"><ele>119.083</ele><time>2026-09-11T22:51:28Z</time></trkpt><trkpt lat="22.062951" lon="-159.347307"><ele>119.057</ele><time>2026-09-11T22:51:30Z</time></trkpt><trkpt lat="22.062961" lon="-159.347305"><ele>119.090</ele><time>2026-09-11T22:51:31Z</time></trkpt><trkpt lat="22.062969" lon="-159.347303"><ele>119.066</ele><time>2026-09-11T22:51:32Z</time></trkpt><trkpt lat="22.063013" lon="-159.347287"><ele>118.476</ele><time>2026-09-11T22:51:39Z</time></trkpt><trkpt lat="22.063023" lon="-159.347268"><ele>117.890</ele><time>2026-09-11T22:51:42Z</time></trkpt><trkpt lat="22.063038" lon="-159.347225"><ele>117.419</ele><time>2026-09-11T22:51:46Z</time></trkpt><trkpt lat="22.063065" lon="-159.347191"><ele>117.009</ele><time>2026-09-11T22:51:50Z</time></trkpt><trkpt lat="22.063107" lon="-159.347167"><ele>116.299</ele><time>2026-09-11T22:51:56Z</time></trkpt><trkpt lat="22.063131" lon="-159.347145"><ele>115.865</ele><time>2026-09-11T22:51:59Z</time></trkpt><trkpt lat="22.0632" lon="-159.347103"><ele>115.432</ele><time>2026-09-11T22:52:07Z</time></trkpt><trkpt lat="22.063222" lon="-159.347088"><ele>115.239</ele><time>2026-09-11T22:52:09Z</time></trkpt><trkpt lat="22.06323" lon="-159.347068"><ele>114.651</ele><time>2026-09-11T22:52:13Z</time></trkpt><trkpt lat="22.063218" lon="-159.347058"><ele>114.447</ele><time>2026-09-11T22:52:15Z</time></trkpt><trkpt lat="22.063204" lon="-159.347054"><ele>114.231</ele><time>2026-09-11T22:52:17Z</time></trkpt><trkpt lat="22.06315" lon="-159.347046"><ele>113.054</ele><time>2026-09-11T22:52:23Z</time></trkpt><trkpt lat="22.063126" lon="-159.347044"><ele>113.090</ele><time>2026-09-11T22:52:25Z</time></trkpt><trkpt lat="22.06305" lon="-159.347033"><ele>112.448</ele><time>2026-09-11T22:52:32Z</time></trkpt><trkpt lat="22.063027" lon="-159.34703"><ele>112.061</ele><time>2026-09-11T22:52:34Z</time></trkpt><trkpt lat="22.062948" lon="-159.347026"><ele>111.417</ele><time>2026-09-11T22:52:41Z</time></trkpt><trkpt lat="22.062919" lon="-159.347032"><ele>111.009</ele><time>2026-09-11T22:52:44Z</time></trkpt><trkpt lat="22.062853" lon="-159.347058"><ele>110.646</ele><time>2026-09-11T22:52:50Z</time></trkpt><trkpt lat="22.062821" lon="-159.347088"><ele>110.092</ele><time>2026-09-11T22:52:55Z</time></trkpt><trkpt lat="22.062815" lon="-159.347092"><ele>110.079</ele><time>2026-09-11T22:52:56Z</time></trkpt><trkpt lat="22.062802" lon="-159.3471"><ele>109.886</ele><time>2026-09-11T22:52:58Z</time></trkpt><trkpt lat="22.062754" lon="-159.347127"><ele>108.838</ele><time>2026-09-11T22:53:03Z</time></trkpt><trkpt lat="22.062667" lon="-159.347155"><ele>107.884</ele><time>2026-09-11T22:53:11Z</time></trkpt><trkpt lat="22.062655" lon="-159.347161"><ele>107.648</ele><time>2026-09-11T22:53:12Z</time></trkpt><trkpt lat="22.062588" lon="-159.347189"><ele>107.471</ele><time>2026-09-11T22:53:18Z</time></trkpt><trkpt lat="22.062553" lon="-159.347202"><ele>106.857</ele><time>2026-09-11T22:53:21Z</time></trkpt><trkpt lat="22.062541" lon="-159.347201"><ele>106.691</ele><time>2026-09-11T22:53:22Z</time></trkpt><trkpt lat="22.062496" lon="-159.347198"><ele>105.881</ele><time>2026-09-11T22:53:27Z</time></trkpt><trkpt lat="22.062497" lon="-159.347191"><ele>105.619</ele><time>2026-09-11T22:53:28Z</time></trkpt><trkpt lat="22.062507" lon="-159.347127"><ele>104.409</ele><time>2026-09-11T22:53:34Z</time></trkpt><trkpt lat="22.062535" lon="-159.347054"><ele>103.451</ele><time>2026-09-11T22:53:40Z</time></trkpt><trkpt lat="22.062548" lon="-159.347001"><ele>103.067</ele><time>2026-09-11T22:53:44Z</time></trkpt><trkpt lat="22.06258" lon="-159.346929"><ele>102.224</ele><time>2026-09-11T22:53:50Z</time></trkpt><trkpt lat="22.062613" lon="-159.34686"><ele>101.211</ele><time>2026-09-11T22:53:57Z</time></trkpt><trkpt lat="22.062631" lon="-159.346843"><ele>100.833</ele><time>2026-09-11T22:53:59Z</time></trkpt><trkpt lat="22.062658" lon="-159.346805"><ele>100.029</ele><time>2026-09-11T22:54:03Z</time></trkpt><trkpt lat="22.062684" lon="-159.346785"><ele>99.073</ele><time>2026-09-11T22:54:07Z</time></trkpt><trkpt lat="22.062692" lon="-159.346774"><ele>98.676</ele><time>2026-09-11T22:54:09Z</time></trkpt><trkpt lat="22.06268" lon="-159.346736"><ele>97.882</ele><time>2026-09-11T22:54:13Z</time></trkpt><trkpt lat="22.062672" lon="-159.346731"><ele>97.673</ele><time>2026-09-11T22:54:14Z</time></trkpt><trkpt lat="22.062571" lon="-159.346716"><ele>96.885</ele><time>2026-09-11T22:54:23Z</time></trkpt><trkpt lat="22.062562" lon="-159.346716"><ele>96.613</ele><time>2026-09-11T22:54:24Z</time></trkpt><trkpt lat="22.062534" lon="-159.346706"><ele>95.609</ele><time>2026-09-11T22:54:28Z</time></trkpt><trkpt lat="22.062521" lon="-159.346705"><ele>94.849</ele><time>2026-09-11T22:54:31Z</time></trkpt><trkpt lat="22.062519" lon="-159.346703"><ele>94.635</ele><time>2026-09-11T22:54:32Z</time></trkpt><trkpt lat="22.062467" lon="-159.346688"><ele>94.022</ele><time>2026-09-11T22:54:39Z</time></trkpt><trkpt lat="22.062445" lon="-159.346678"><ele>93.659</ele><time>2026-09-11T22:54:41Z</time></trkpt><trkpt lat="22.062433" lon="-159.346658"><ele>93.051</ele><time>2026-09-11T22:54:46Z</time></trkpt><trkpt lat="22.062441" lon="-159.346626"><ele>92.657</ele><time>2026-09-11T22:54:55Z</time></trkpt><trkpt lat="22.062445" lon="-159.346621"><ele>92.431</ele><time>2026-09-11T22:54:56Z</time></trkpt><trkpt lat="22.062475" lon="-159.346533"><ele>91.434</ele><time>2026-09-11T22:55:04Z</time></trkpt><trkpt lat="22.062481" lon="-159.346502"><ele>90.260</ele><time>2026-09-11T22:55:07Z</time></trkpt><trkpt lat="22.062521" lon="-159.346455"><ele>89.835</ele><time>2026-09-11T22:55:11Z</time></trkpt><trkpt lat="22.062536" lon="-159.346411"><ele>89.286</ele><time>2026-09-11T22:55:17Z</time></trkpt><trkpt lat="22.062533" lon="-159.346406"><ele>89.014</ele><time>2026-09-11T22:55:18Z</time></trkpt><trkpt lat="22.062505" lon="-159.346372"><ele>87.809</ele><time>2026-09-11T22:55:23Z</time></trkpt><trkpt lat="22.062496" lon="-159.34637"><ele>87.625</ele><time>2026-09-11T22:55:24Z</time></trkpt><trkpt lat="22.062488" lon="-159.346369"><ele>87.271</ele><time>2026-09-11T22:55:25Z</time></trkpt><trkpt lat="22.062472" lon="-159.346373"><ele>86.848</ele><time>2026-09-11T22:55:27Z</time></trkpt><trkpt lat="22.062433" lon="-159.34638"><ele>85.885</ele><time>2026-09-11T22:55:31Z</time></trkpt><trkpt lat="22.062423" lon="-159.346382"><ele>85.697</ele><time>2026-09-11T22:55:32Z</time></trkpt><trkpt lat="22.062414" lon="-159.346385"><ele>85.443</ele><time>2026-09-11T22:55:33Z</time></trkpt><trkpt lat="22.062373" lon="-159.346419"><ele>84.637</ele><time>2026-09-11T22:55:38Z</time></trkpt><trkpt lat="22.062343" lon="-159.346457"><ele>84.440</ele><time>2026-09-11T22:55:42Z</time></trkpt><trkpt lat="22.062289" lon="-159.346512"><ele>83.436</ele><time>2026-09-11T22:55:49Z</time></trkpt><trkpt lat="22.06222" lon="-159.34658"><ele>82.294</ele><time>2026-09-11T22:55:57Z</time></trkpt><trkpt lat="22.062169" lon="-159.34663"><ele>81.057</ele><time>2026-09-11T22:56:03Z</time></trkpt><trkpt lat="22.062159" lon="-159.346641"><ele>80.822</ele><time>2026-09-11T22:56:04Z</time></trkpt><trkpt lat="22.062132" lon="-159.346664"><ele>80.009</ele><time>2026-09-11T22:56:07Z</time></trkpt><trkpt lat="22.062093" lon="-159.346701"><ele>79.091</ele><time>2026-09-11T22:56:12Z</time></trkpt><trkpt lat="22.062086" lon="-159.346706"><ele>78.897</ele><time>2026-09-11T22:56:13Z</time></trkpt><trkpt lat="22.062053" lon="-159.346732"><ele>77.824</ele><time>2026-09-11T22:56:18Z</time></trkpt><trkpt lat="22.062023" lon="-159.346753"><ele>77.021</ele><time>2026-09-11T22:56:22Z</time></trkpt><trkpt lat="22.062013" lon="-159.346757"><ele>76.863</ele><time>2026-09-11T22:56:23Z</time></trkpt><trkpt lat="22.061972" lon="-159.346793"><ele>75.689</ele><time>2026-09-11T22:56:27Z</time></trkpt><trkpt lat="22.061946" lon="-159.346813"><ele>75.063</ele><time>2026-09-11T22:56:30Z</time></trkpt><trkpt lat="22.061932" lon="-159.346814"><ele>74.276</ele><time>2026-09-11T22:56:32Z</time></trkpt><trkpt lat="22.061934" lon="-159.346796"><ele>73.432</ele><time>2026-09-11T22:56:34Z</time></trkpt><trkpt lat="22.061933" lon="-159.346786"><ele>73.248</ele><time>2026-09-11T22:56:35Z</time></trkpt><trkpt lat="22.061932" lon="-159.346774"><ele>73.061</ele><time>2026-09-11T22:56:36Z</time></trkpt><trkpt lat="22.06197" lon="-159.346691"><ele>72.817</ele><time>2026-09-11T22:56:44Z</time></trkpt><trkpt lat="22.062047" lon="-159.346617"><ele>73.809</ele><time>2026-09-11T22:56:52Z</time></trkpt><trkpt lat="22.062073" lon="-159.346531"><ele>73.226</ele><time>2026-09-11T22:56:59Z</time></trkpt><trkpt lat="22.062083" lon="-159.346448"><ele>72.072</ele><time>2026-09-11T22:57:05Z</time></trkpt><trkpt lat="22.062071" lon="-159.346406"><ele>71.229</ele><time>2026-09-11T22:57:08Z</time></trkpt><trkpt lat="22.062062" lon="-159.346395"><ele>70.886</ele><time>2026-09-11T22:57:09Z</time></trkpt><trkpt lat="22.062041" lon="-159.34638"><ele>69.618</ele><time>2026-09-11T22:57:12Z</time></trkpt><trkpt lat="22.062009" lon="-159.346389"><ele>68.864</ele><time>2026-09-11T22:57:16Z</time></trkpt><trkpt lat="22.061993" lon="-159.346405"><ele>68.468</ele><time>2026-09-11T22:57:18Z</time></trkpt><trkpt lat="22.061972" lon="-159.346436"><ele>67.271</ele><time>2026-09-11T22:57:21Z</time></trkpt><trkpt lat="22.061968" lon="-159.346442"><ele>67.067</ele><time>2026-09-11T22:57:22Z</time></trkpt><trkpt lat="22.061941" lon="-159.346475"><ele>66.078</ele><time>2026-09-11T22:57:27Z</time></trkpt><trkpt lat="22.061915" lon="-159.346508"><ele>65.233</ele><time>2026-09-11T22:57:31Z</time></trkpt><trkpt lat="22.061909" lon="-159.34651"><ele>65.026</ele><time>2026-09-11T22:57:33Z</time></trkpt><trkpt lat="22.061884" lon="-159.346545"><ele>64.809</ele><time>2026-09-11T22:57:38Z</time></trkpt><trkpt lat="22.061812" lon="-159.346613"><ele>64.649</ele><time>2026-09-11T22:57:48Z</time></trkpt><trkpt lat="22.061806" lon="-159.346602"><ele>64.695</ele><time>2026-09-11T22:57:50Z</time></trkpt><trkpt lat="22.061828" lon="-159.346563"><ele>64.052</ele><time>2026-09-11T22:57:54Z</time></trkpt><trkpt lat="22.061833" lon="-159.34655"><ele>63.819</ele><time>2026-09-11T22:57:55Z</time></trkpt><trkpt lat="22.061849" lon="-159.34645"><ele>62.871</ele><time>2026-09-11T22:58:02Z</time></trkpt><trkpt lat="22.061841" lon="-159.346413"><ele>61.867</ele><time>2026-09-11T22:58:06Z</time></trkpt><trkpt lat="22.061836" lon="-159.346373"><ele>61.251</ele><time>2026-09-11T22:58:09Z</time></trkpt><trkpt lat="22.061834" lon="-159.346329"><ele>60.884</ele><time>2026-09-11T22:58:12Z</time></trkpt><trkpt lat="22.061833" lon="-159.346312"><ele>60.650</ele><time>2026-09-11T22:58:13Z</time></trkpt><trkpt lat="22.06181" lon="-159.346265"><ele>59.665</ele><time>2026-09-11T22:58:17Z</time></trkpt><trkpt lat="22.061802" lon="-159.34626"><ele>59.468</ele><time>2026-09-11T22:58:18Z</time></trkpt><trkpt lat="22.061753" lon="-159.346254"><ele>58.214</ele><time>2026-09-11T22:58:22Z</time></trkpt><trkpt lat="22.061726" lon="-159.346258"><ele>57.809</ele><time>2026-09-11T22:58:24Z</time></trkpt><trkpt lat="22.06169" lon="-159.346274"><ele>57.218</ele><time>2026-09-11T22:58:28Z</time></trkpt><trkpt lat="22.061615" lon="-159.346299"><ele>56.484</ele><time>2026-09-11T22:58:34Z</time></trkpt><trkpt lat="22.061594" lon="-159.346311"><ele>56.061</ele><time>2026-09-11T22:58:36Z</time></trkpt><trkpt lat="22.061561" lon="-159.346346"><ele>55.648</ele><time>2026-09-11T22:58:43Z</time></trkpt><trkpt lat="22.061547" lon="-159.346377"><ele>55.890</ele><time>2026-09-11T22:58:53Z</time></trkpt><trkpt lat="22.061543" lon="-159.346384"><ele>56.046</ele><time>2026-09-11T22:59:00Z</time></trkpt><trkpt lat="22.061542" lon="-159.346385"><ele>55.810</ele><time>2026-09-11T22:59:02Z</time></trkpt><trkpt lat="22.06154" lon="-159.346389"><ele>55.653</ele><time>2026-09-11T22:59:04Z</time></trkpt><trkpt lat="22.061537" lon="-159.346393"><ele>55.659</ele><time>2026-09-11T22:59:06Z</time></trkpt><trkpt lat="22.061536" lon="-159.346393"><ele>55.667</ele><time>2026-09-11T22:59:07Z</time></trkpt><trkpt lat="22.061534" lon="-159.346392"><ele>55.681</ele><time>2026-09-11T22:59:08Z</time></trkpt><trkpt lat="22.061535" lon="-159.34639"><ele>55.619</ele><time>2026-09-11T22:59:09Z</time></trkpt><trkpt lat="22.06153" lon="-159.346387"><ele>55.609</ele><time>2026-09-11T22:59:15Z</time></trkpt><trkpt lat="22.061504" lon="-159.346409"><ele>54.858</ele><time>2026-09-11T22:59:19Z</time></trkpt><trkpt lat="22.061475" lon="-159.346431"><ele>53.624</ele><time>2026-09-11T22:59:23Z</time></trkpt><trkpt lat="22.061466" lon="-159.346435"><ele>53.461</ele><time>2026-09-11T22:59:24Z</time></trkpt><trkpt lat="22.061432" lon="-159.346461"><ele>52.628</ele><time>2026-09-11T22:59:27Z</time></trkpt><trkpt lat="22.061415" lon="-159.346511"><ele>51.440</ele><time>2026-09-11T22:59:30Z</time></trkpt><trkpt lat="22.061417" lon="-159.346527"><ele>51.086</ele><time>2026-09-11T22:59:31Z</time></trkpt><trkpt lat="22.061426" lon="-159.346552"><ele>50.880</ele><time>2026-09-11T22:59:36Z</time></trkpt><trkpt lat="22.061422" lon="-159.346565"><ele>51.213</ele><time>2026-09-11T22:59:41Z</time></trkpt><trkpt lat="22.061427" lon="-159.34657"><ele>51.419</ele><time>2026-09-11T22:59:43Z</time></trkpt></trkseg></trk></gpx>