<?xml version="1.0" encoding="UTF-8"?><gpx creator="Wikiloc - http://www.wikiloc.com" version="1.1" xmlns="http://www.topografix.com/GPX/1/1" xmlns:xsi="http://www.w3.org/2001/XMLSchema-instance" xsi:schemaLocation="http://www.topografix.com/GPX/1/1 http://www.topografix.com/GPX/1/1/gpx.xsd"><trk><name><![CDATA[Wrangel-St. Elias National Park: Kennicott - Root Glacier - Kennicott]]></name><cmt><![CDATA[Kennicott]]></cmt><desc><![CDATA[Kennicott]]></desc><trkseg><trkpt lat="61.481296" lon="-142.885299"><ele>608.816</ele><time>2026-07-26T18:05:16Z</time></trkpt><trkpt lat="61.481326" lon="-142.885374"><ele>608.476</ele><time>2026-07-26T18:05:22Z</time></trkpt><trkpt lat="61.48135" lon="-142.885369"><ele>608.213</ele><time>2026-07-26T18:05:28Z</time></trkpt><trkpt lat="61.481445" lon="-142.885342"><ele>607.809</ele><time>2026-07-26T18:05:39Z</time></trkpt><trkpt lat="61.481455" lon="-142.885343"><ele>607.873</ele><time>2026-07-26T18:05:40Z</time></trkpt><trkpt lat="61.481525" lon="-142.885412"><ele>608.248</ele><time>2026-07-26T18:05:47Z</time></trkpt><trkpt lat="61.481613" lon="-142.885491"><ele>608.057</ele><time>2026-07-26T18:05:56Z</time></trkpt><trkpt lat="61.481683" lon="-142.88559"><ele>608.043</ele><time>2026-07-26T18:06:04Z</time></trkpt><trkpt lat="61.481779" lon="-142.885703"><ele>608.232</ele><time>2026-07-26T18:06:13Z</time></trkpt><trkpt lat="61.481844" lon="-142.885782"><ele>608.289</ele><time>2026-07-26T18:06:20Z</time></trkpt><trkpt lat="61.481899" lon="-142.885831"><ele>608.021</ele><time>2026-07-26T18:06:26Z</time></trkpt><trkpt lat="61.48191" lon="-142.88584"><ele>608.057</ele><time>2026-07-26T18:06:27Z</time></trkpt><trkpt lat="61.482001" lon="-142.88591"><ele>608.055</ele><time>2026-07-26T18:06:37Z</time></trkpt><trkpt lat="61.482111" lon="-142.885999"><ele>608.268</ele><time>2026-07-26T18:06:48Z</time></trkpt><trkpt lat="61.482208" lon="-142.886132"><ele>608.442</ele><time>2026-07-26T18:06:57Z</time></trkpt><trkpt lat="61.482275" lon="-142.886196"><ele>608.426</ele><time>2026-07-26T18:07:04Z</time></trkpt><trkpt lat="61.482358" lon="-142.886291"><ele>608.209</ele><time>2026-07-26T18:07:13Z</time></trkpt><trkpt lat="61.482438" lon="-142.886373"><ele>608.098</ele><time>2026-07-26T18:07:21Z</time></trkpt><trkpt lat="61.482567" lon="-142.886534"><ele>608.063</ele><time>2026-07-26T18:07:33Z</time></trkpt><trkpt lat="61.482669" lon="-142.886649"><ele>607.662</ele><time>2026-07-26T18:07:43Z</time></trkpt><trkpt lat="61.482759" lon="-142.886732"><ele>607.418</ele><time>2026-07-26T18:07:51Z</time></trkpt><trkpt lat="61.482863" lon="-142.886831"><ele>607.457</ele><time>2026-07-26T18:08:00Z</time></trkpt><trkpt lat="61.482921" lon="-142.886938"><ele>607.474</ele><time>2026-07-26T18:08:07Z</time></trkpt><trkpt lat="61.482981" lon="-142.887027"><ele>607.466</ele><time>2026-07-26T18:08:14Z</time></trkpt><trkpt lat="61.483082" lon="-142.887142"><ele>607.422</ele><time>2026-07-26T18:08:24Z</time></trkpt><trkpt lat="61.483184" lon="-142.887238"><ele>607.640</ele><time>2026-07-26T18:08:33Z</time></trkpt><trkpt lat="61.483272" lon="-142.887314"><ele>607.665</ele><time>2026-07-26T18:08:41Z</time></trkpt><trkpt lat="61.483359" lon="-142.887372"><ele>607.668</ele><time>2026-07-26T18:08:49Z</time></trkpt><trkpt lat="61.483369" lon="-142.887379"><ele>607.814</ele><time>2026-07-26T18:08:50Z</time></trkpt><trkpt lat="61.483394" lon="-142.887395"><ele>607.809</ele><time>2026-07-26T18:08:52Z</time></trkpt><trkpt lat="61.483406" lon="-142.887402"><ele>607.898</ele><time>2026-07-26T18:08:53Z</time></trkpt><trkpt lat="61.483523" lon="-142.887475"><ele>607.463</ele><time>2026-07-26T18:09:03Z</time></trkpt><trkpt lat="61.483581" lon="-142.887525"><ele>607.492</ele><time>2026-07-26T18:09:08Z</time></trkpt><trkpt lat="61.483614" lon="-142.887544"><ele>607.288</ele><time>2026-07-26T18:09:11Z</time></trkpt><trkpt lat="61.483678" lon="-142.887582"><ele>607.257</ele><time>2026-07-26T18:09:17Z</time></trkpt><trkpt lat="61.483763" lon="-142.887622"><ele>607.654</ele><time>2026-07-26T18:09:25Z</time></trkpt><trkpt lat="61.483792" lon="-142.887623"><ele>607.616</ele><time>2026-07-26T18:09:27Z</time></trkpt><trkpt lat="61.483919" lon="-142.887657"><ele>607.642</ele><time>2026-07-26T18:09:38Z</time></trkpt><trkpt lat="61.484022" lon="-142.887692"><ele>608.010</ele><time>2026-07-26T18:09:48Z</time></trkpt><trkpt lat="61.48409" lon="-142.887698"><ele>608.297</ele><time>2026-07-26T18:09:57Z</time></trkpt><trkpt lat="61.48409" lon="-142.887704"><ele>608.223</ele><time>2026-07-26T18:10:00Z</time></trkpt><trkpt lat="61.484112" lon="-142.887739"><ele>608.025</ele><time>2026-07-26T18:10:04Z</time></trkpt><trkpt lat="61.484149" lon="-142.887757"><ele>608.209</ele><time>2026-07-26T18:10:08Z</time></trkpt><trkpt lat="61.484157" lon="-142.887744"><ele>608.221</ele><time>2026-07-26T18:10:09Z</time></trkpt><trkpt lat="61.484174" lon="-142.887724"><ele>608.236</ele><time>2026-07-26T18:10:12Z</time></trkpt><trkpt lat="61.484181" lon="-142.887726"><ele>608.295</ele><time>2026-07-26T18:10:13Z</time></trkpt><trkpt lat="61.484228" lon="-142.887782"><ele>608.221</ele><time>2026-07-26T18:10:20Z</time></trkpt><trkpt lat="61.48431" lon="-142.8879"><ele>608.470</ele><time>2026-07-26T18:10:29Z</time></trkpt><trkpt lat="61.484386" lon="-142.888001"><ele>608.617</ele><time>2026-07-26T18:10:37Z</time></trkpt><trkpt lat="61.484382" lon="-142.888"><ele>608.619</ele><time>2026-07-26T18:10:39Z</time></trkpt><trkpt lat="61.48438" lon="-142.887999"><ele>608.695</ele><time>2026-07-26T18:10:42Z</time></trkpt><trkpt lat="61.484407" lon="-142.888004"><ele>608.673</ele><time>2026-07-26T18:10:46Z</time></trkpt><trkpt lat="61.484422" lon="-142.888012"><ele>608.896</ele><time>2026-07-26T18:10:50Z</time></trkpt><trkpt lat="61.484427" lon="-142.888012"><ele>608.831</ele><time>2026-07-26T18:10:53Z</time></trkpt><trkpt lat="61.484452" lon="-142.888012"><ele>608.424</ele><time>2026-07-26T18:11:01Z</time></trkpt><trkpt lat="61.484476" lon="-142.888025"><ele>608.609</ele><time>2026-07-26T18:11:05Z</time></trkpt><trkpt lat="61.484482" lon="-142.888029"><ele>608.891</ele><time>2026-07-26T18:11:06Z</time></trkpt><trkpt lat="61.484493" lon="-142.888041"><ele>608.866</ele><time>2026-07-26T18:11:08Z</time></trkpt><trkpt lat="61.48452" lon="-142.888073"><ele>608.635</ele><time>2026-07-26T18:11:12Z</time></trkpt><trkpt lat="61.484549" lon="-142.888117"><ele>608.691</ele><time>2026-07-26T18:11:16Z</time></trkpt><trkpt lat="61.484635" lon="-142.888207"><ele>608.890</ele><time>2026-07-26T18:11:26Z</time></trkpt><trkpt lat="61.484667" lon="-142.888253"><ele>608.847</ele><time>2026-07-26T18:11:33Z</time></trkpt><trkpt lat="61.484752" lon="-142.888345"><ele>608.619</ele><time>2026-07-26T18:11:42Z</time></trkpt><trkpt lat="61.484814" lon="-142.888386"><ele>608.825</ele><time>2026-07-26T18:11:51Z</time></trkpt><trkpt lat="61.484822" lon="-142.888377"><ele>608.893</ele><time>2026-07-26T18:11:52Z</time></trkpt><trkpt lat="61.48489" lon="-142.888395"><ele>609.068</ele><time>2026-07-26T18:12:00Z</time></trkpt><trkpt lat="61.484986" lon="-142.888477"><ele>609.242</ele><time>2026-07-26T18:12:11Z</time></trkpt><trkpt lat="61.485009" lon="-142.88849"><ele>609.626</ele><time>2026-07-26T18:12:19Z</time></trkpt><trkpt lat="61.485001" lon="-142.888523"><ele>609.609</ele><time>2026-07-26T18:12:28Z</time></trkpt><trkpt lat="61.48504" lon="-142.888575"><ele>610.048</ele><time>2026-07-26T18:12:36Z</time></trkpt><trkpt lat="61.485115" lon="-142.888616"><ele>610.223</ele><time>2026-07-26T18:12:43Z</time></trkpt><trkpt lat="61.485121" lon="-142.888618"><ele>610.242</ele><time>2026-07-26T18:12:44Z</time></trkpt><trkpt lat="61.485143" lon="-142.888684"><ele>610.268</ele><time>2026-07-26T18:12:48Z</time></trkpt><trkpt lat="61.485168" lon="-142.888709"><ele>610.617</ele><time>2026-07-26T18:12:52Z</time></trkpt><trkpt lat="61.485177" lon="-142.888714"><ele>610.894</ele><time>2026-07-26T18:12:56Z</time></trkpt><trkpt lat="61.485186" lon="-142.888708"><ele>610.656</ele><time>2026-07-26T18:13:01Z</time></trkpt><trkpt lat="61.485192" lon="-142.888712"><ele>610.642</ele><time>2026-07-26T18:13:02Z</time></trkpt><trkpt lat="61.485224" lon="-142.888756"><ele>610.890</ele><time>2026-07-26T18:13:06Z</time></trkpt><trkpt lat="61.485262" lon="-142.888822"><ele>610.813</ele><time>2026-07-26T18:13:11Z</time></trkpt><trkpt lat="61.485342" lon="-142.888908"><ele>610.843</ele><time>2026-07-26T18:13:19Z</time></trkpt><trkpt lat="61.485412" lon="-142.889012"><ele>610.807</ele><time>2026-07-26T18:13:27Z</time></trkpt><trkpt lat="61.485498" lon="-142.889084"><ele>610.809</ele><time>2026-07-26T18:13:35Z</time></trkpt><trkpt lat="61.485581" lon="-142.889203"><ele>610.813</ele><time>2026-07-26T18:13:44Z</time></trkpt><trkpt lat="61.485665" lon="-142.889238"><ele>610.868</ele><time>2026-07-26T18:13:52Z</time></trkpt><trkpt lat="61.485674" lon="-142.889248"><ele>610.877</ele><time>2026-07-26T18:13:56Z</time></trkpt><trkpt lat="61.485685" lon="-142.889278"><ele>610.823</ele><time>2026-07-26T18:13:58Z</time></trkpt><trkpt lat="61.485746" lon="-142.889326"><ele>610.862</ele><time>2026-07-26T18:14:04Z</time></trkpt><trkpt lat="61.485844" lon="-142.889415"><ele>611.099</ele><time>2026-07-26T18:14:14Z</time></trkpt><trkpt lat="61.485922" lon="-142.889516"><ele>611.231</ele><time>2026-07-26T18:14:22Z</time></trkpt><trkpt lat="61.485945" lon="-142.889553"><ele>611.457</ele><time>2026-07-26T18:14:25Z</time></trkpt><trkpt lat="61.485986" lon="-142.889594"><ele>611.435</ele><time>2026-07-26T18:14:29Z</time></trkpt><trkpt lat="61.486076" lon="-142.889704"><ele>611.653</ele><time>2026-07-26T18:14:39Z</time></trkpt><trkpt lat="61.486158" lon="-142.889782"><ele>611.804</ele><time>2026-07-26T18:14:48Z</time></trkpt><trkpt lat="61.486244" lon="-142.889838"><ele>612.014</ele><time>2026-07-26T18:14:56Z</time></trkpt><trkpt lat="61.486346" lon="-142.889914"><ele>612.209</ele><time>2026-07-26T18:15:05Z</time></trkpt><trkpt lat="61.48643" lon="-142.890001"><ele>612.247</ele><time>2026-07-26T18:15:12Z</time></trkpt><trkpt lat="61.486451" lon="-142.890033"><ele>612.222</ele><time>2026-07-26T18:15:14Z</time></trkpt><trkpt lat="61.486472" lon="-142.89007"><ele>612.271</ele><time>2026-07-26T18:15:16Z</time></trkpt><trkpt lat="61.486534" lon="-142.890162"><ele>612.077</ele><time>2026-07-26T18:15:23Z</time></trkpt><trkpt lat="61.486562" lon="-142.890207"><ele>612.036</ele><time>2026-07-26T18:15:26Z</time></trkpt><trkpt lat="61.486674" lon="-142.890335"><ele>612.233</ele><time>2026-07-26T18:15:37Z</time></trkpt><trkpt lat="61.486749" lon="-142.890398"><ele>612.245</ele><time>2026-07-26T18:15:44Z</time></trkpt><trkpt lat="61.486765" lon="-142.890409"><ele>612.491</ele><time>2026-07-26T18:15:46Z</time></trkpt><trkpt lat="61.486775" lon="-142.890421"><ele>612.459</ele><time>2026-07-26T18:15:48Z</time></trkpt><trkpt lat="61.486776" lon="-142.890414"><ele>612.497</ele><time>2026-07-26T18:16:48Z</time></trkpt><trkpt lat="61.486806" lon="-142.890434"><ele>612.423</ele><time>2026-07-26T18:16:51Z</time></trkpt><trkpt lat="61.486892" lon="-142.890537"><ele>612.825</ele><time>2026-07-26T18:17:00Z</time></trkpt><trkpt lat="61.486989" lon="-142.890661"><ele>613.009</ele><time>2026-07-26T18:17:11Z</time></trkpt><trkpt lat="61.487046" lon="-142.89073"><ele>613.231</ele><time>2026-07-26T18:17:19Z</time></trkpt><trkpt lat="61.487129" lon="-142.890871"><ele>613.096</ele><time>2026-07-26T18:17:29Z</time></trkpt><trkpt lat="61.487167" lon="-142.89091"><ele>613.495</ele><time>2026-07-26T18:17:33Z</time></trkpt><trkpt lat="61.487211" lon="-142.890963"><ele>613.261</ele><time>2026-07-26T18:17:37Z</time></trkpt><trkpt lat="61.487269" lon="-142.891057"><ele>613.250</ele><time>2026-07-26T18:17:44Z</time></trkpt><trkpt lat="61.487346" lon="-142.891188"><ele>612.457</ele><time>2026-07-26T18:17:52Z</time></trkpt><trkpt lat="61.487353" lon="-142.891201"><ele>612.219</ele><time>2026-07-26T18:17:53Z</time></trkpt><trkpt lat="61.487413" lon="-142.891318"><ele>612.255</ele><time>2026-07-26T18:18:00Z</time></trkpt><trkpt lat="61.487471" lon="-142.891492"><ele>613.263</ele><time>2026-07-26T18:18:09Z</time></trkpt><trkpt lat="61.487486" lon="-142.891539"><ele>613.421</ele><time>2026-07-26T18:18:12Z</time></trkpt><trkpt lat="61.487529" lon="-142.891646"><ele>614.241</ele><time>2026-07-26T18:18:19Z</time></trkpt><trkpt lat="61.487552" lon="-142.891699"><ele>614.405</ele><time>2026-07-26T18:18:23Z</time></trkpt><trkpt lat="61.487583" lon="-142.891762"><ele>614.609</ele><time>2026-07-26T18:18:27Z</time></trkpt><trkpt lat="61.487592" lon="-142.891772"><ele>614.864</ele><time>2026-07-26T18:18:28Z</time></trkpt><trkpt lat="61.487624" lon="-142.891798"><ele>614.829</ele><time>2026-07-26T18:18:31Z</time></trkpt><trkpt lat="61.487646" lon="-142.891807"><ele>615.098</ele><time>2026-07-26T18:18:33Z</time></trkpt><trkpt lat="61.487655" lon="-142.891807"><ele>615.014</ele><time>2026-07-26T18:18:34Z</time></trkpt><trkpt lat="61.487675" lon="-142.891807"><ele>615.083</ele><time>2026-07-26T18:18:36Z</time></trkpt><trkpt lat="61.48769" lon="-142.891802"><ele>615.210</ele><time>2026-07-26T18:18:37Z</time></trkpt><trkpt lat="61.4878" lon="-142.891779"><ele>615.022</ele><time>2026-07-26T18:18:46Z</time></trkpt><trkpt lat="61.487923" lon="-142.891797"><ele>615.438</ele><time>2026-07-26T18:18:57Z</time></trkpt><trkpt lat="61.488025" lon="-142.891843"><ele>615.426</ele><time>2026-07-26T18:19:06Z</time></trkpt><trkpt lat="61.488037" lon="-142.891843"><ele>615.422</ele><time>2026-07-26T18:19:07Z</time></trkpt><trkpt lat="61.488123" lon="-142.891874"><ele>616.262</ele><time>2026-07-26T18:19:15Z</time></trkpt><trkpt lat="61.488179" lon="-142.891934"><ele>616.408</ele><time>2026-07-26T18:19:21Z</time></trkpt><trkpt lat="61.488228" lon="-142.892019"><ele>616.609</ele><time>2026-07-26T18:19:26Z</time></trkpt><trkpt lat="61.488338" lon="-142.892129"><ele>617.054</ele><time>2026-07-26T18:19:36Z</time></trkpt><trkpt lat="61.48842" lon="-142.892143"><ele>616.899</ele><time>2026-07-26T18:19:44Z</time></trkpt><trkpt lat="61.488521" lon="-142.89216"><ele>616.828</ele><time>2026-07-26T18:19:53Z</time></trkpt><trkpt lat="61.488629" lon="-142.892177"><ele>617.414</ele><time>2026-07-26T18:20:03Z</time></trkpt><trkpt lat="61.488682" lon="-142.892198"><ele>617.433</ele><time>2026-07-26T18:20:08Z</time></trkpt><trkpt lat="61.488757" lon="-142.89222"><ele>617.660</ele><time>2026-07-26T18:20:14Z</time></trkpt><trkpt lat="61.488854" lon="-142.892265"><ele>618.222</ele><time>2026-07-26T18:20:24Z</time></trkpt><trkpt lat="61.488926" lon="-142.892323"><ele>618.438</ele><time>2026-07-26T18:20:31Z</time></trkpt><trkpt lat="61.488965" lon="-142.892361"><ele>618.826</ele><time>2026-07-26T18:20:35Z</time></trkpt><trkpt lat="61.489051" lon="-142.892452"><ele>618.832</ele><time>2026-07-26T18:20:44Z</time></trkpt><trkpt lat="61.489133" lon="-142.892565"><ele>619.692</ele><time>2026-07-26T18:20:53Z</time></trkpt><trkpt lat="61.489199" lon="-142.89264"><ele>619.811</ele><time>2026-07-26T18:21:01Z</time></trkpt><trkpt lat="61.489225" lon="-142.892672"><ele>619.809</ele><time>2026-07-26T18:21:04Z</time></trkpt><trkpt lat="61.489234" lon="-142.89268"><ele>620.025</ele><time>2026-07-26T18:21:05Z</time></trkpt><trkpt lat="61.489279" lon="-142.892712"><ele>620.230</ele><time>2026-07-26T18:21:10Z</time></trkpt><trkpt lat="61.489351" lon="-142.892765"><ele>620.619</ele><time>2026-07-26T18:21:17Z</time></trkpt><trkpt lat="61.48937" lon="-142.892779"><ele>620.815</ele><time>2026-07-26T18:21:19Z</time></trkpt><trkpt lat="61.48944" lon="-142.892823"><ele>621.214</ele><time>2026-07-26T18:21:26Z</time></trkpt><trkpt lat="61.489476" lon="-142.892838"><ele>621.231</ele><time>2026-07-26T18:21:30Z</time></trkpt><trkpt lat="61.489542" lon="-142.892807"><ele>621.443</ele><time>2026-07-26T18:21:36Z</time></trkpt><trkpt lat="61.489623" lon="-142.892776"><ele>621.699</ele><time>2026-07-26T18:21:43Z</time></trkpt><trkpt lat="61.489649" lon="-142.892771"><ele>621.887</ele><time>2026-07-26T18:21:46Z</time></trkpt><trkpt lat="61.489683" lon="-142.892764"><ele>622.053</ele><time>2026-07-26T18:21:49Z</time></trkpt><trkpt lat="61.489736" lon="-142.892799"><ele>622.204</ele><time>2026-07-26T18:21:54Z</time></trkpt><trkpt lat="61.489838" lon="-142.892952"><ele>622.614</ele><time>2026-07-26T18:22:06Z</time></trkpt><trkpt lat="61.489848" lon="-142.892973"><ele>622.609</ele><time>2026-07-26T18:22:07Z</time></trkpt><trkpt lat="61.489924" lon="-142.893118"><ele>623.057</ele><time>2026-07-26T18:22:16Z</time></trkpt><trkpt lat="61.490021" lon="-142.89323"><ele>623.242</ele><time>2026-07-26T18:22:26Z</time></trkpt><trkpt lat="61.490132" lon="-142.89328"><ele>623.431</ele><time>2026-07-26T18:22:36Z</time></trkpt><trkpt lat="61.490186" lon="-142.893289"><ele>623.617</ele><time>2026-07-26T18:22:41Z</time></trkpt><trkpt lat="61.49025" lon="-142.893277"><ele>624.246</ele><time>2026-07-26T18:22:47Z</time></trkpt><trkpt lat="61.490348" lon="-142.893267"><ele>624.673</ele><time>2026-07-26T18:22:56Z</time></trkpt><trkpt lat="61.490444" lon="-142.893298"><ele>624.655</ele><time>2026-07-26T18:23:05Z</time></trkpt><trkpt lat="61.490453" lon="-142.893301"><ele>624.631</ele><time>2026-07-26T18:23:06Z</time></trkpt><trkpt lat="61.490562" lon="-142.893301"><ele>624.459</ele><time>2026-07-26T18:23:16Z</time></trkpt><trkpt lat="61.490609" lon="-142.893271"><ele>624.859</ele><time>2026-07-26T18:23:20Z</time></trkpt><trkpt lat="61.490655" lon="-142.89323"><ele>624.603</ele><time>2026-07-26T18:23:25Z</time></trkpt><trkpt lat="61.490748" lon="-142.893103"><ele>624.623</ele><time>2026-07-26T18:23:35Z</time></trkpt><trkpt lat="61.490782" lon="-142.893034"><ele>624.609</ele><time>2026-07-26T18:23:39Z</time></trkpt><trkpt lat="61.490826" lon="-142.892985"><ele>624.827</ele><time>2026-07-26T18:23:43Z</time></trkpt><trkpt lat="61.490923" lon="-142.892895"><ele>625.012</ele><time>2026-07-26T18:23:53Z</time></trkpt><trkpt lat="61.490969" lon="-142.892842"><ele>625.051</ele><time>2026-07-26T18:23:57Z</time></trkpt><trkpt lat="61.490995" lon="-142.892806"><ele>625.277</ele><time>2026-07-26T18:24:00Z</time></trkpt><trkpt lat="61.491004" lon="-142.892796"><ele>625.276</ele><time>2026-07-26T18:24:01Z</time></trkpt><trkpt lat="61.4911" lon="-142.892636"><ele>625.673</ele><time>2026-07-26T18:24:12Z</time></trkpt><trkpt lat="61.491106" lon="-142.892614"><ele>625.825</ele><time>2026-07-26T18:24:13Z</time></trkpt><trkpt lat="61.491162" lon="-142.892513"><ele>626.631</ele><time>2026-07-26T18:24:21Z</time></trkpt><trkpt lat="61.491185" lon="-142.89251"><ele>626.879</ele><time>2026-07-26T18:24:23Z</time></trkpt><trkpt lat="61.491224" lon="-142.892518"><ele>627.299</ele><time>2026-07-26T18:24:27Z</time></trkpt><trkpt lat="61.491245" lon="-142.89251"><ele>627.207</ele><time>2026-07-26T18:24:29Z</time></trkpt><trkpt lat="61.491298" lon="-142.892526"><ele>627.627</ele><time>2026-07-26T18:24:34Z</time></trkpt><trkpt lat="61.491316" lon="-142.892538"><ele>627.609</ele><time>2026-07-26T18:24:36Z</time></trkpt><trkpt lat="61.491365" lon="-142.892548"><ele>627.871</ele><time>2026-07-26T18:24:41Z</time></trkpt><trkpt lat="61.491407" lon="-142.892557"><ele>627.876</ele><time>2026-07-26T18:24:45Z</time></trkpt><trkpt lat="61.491482" lon="-142.892566"><ele>627.845</ele><time>2026-07-26T18:24:52Z</time></trkpt><trkpt lat="61.491531" lon="-142.892575"><ele>627.891</ele><time>2026-07-26T18:24:56Z</time></trkpt><trkpt lat="61.491626" lon="-142.892589"><ele>627.670</ele><time>2026-07-26T18:25:06Z</time></trkpt><trkpt lat="61.491736" lon="-142.892613"><ele>626.857</ele><time>2026-07-26T18:25:15Z</time></trkpt><trkpt lat="61.491745" lon="-142.892614"><ele>626.849</ele><time>2026-07-26T18:25:16Z</time></trkpt><trkpt lat="61.491814" lon="-142.892664"><ele>626.095</ele><time>2026-07-26T18:25:23Z</time></trkpt><trkpt lat="61.491821" lon="-142.892662"><ele>626.013</ele><time>2026-07-26T18:25:24Z</time></trkpt><trkpt lat="61.491894" lon="-142.892629"><ele>626.068</ele><time>2026-07-26T18:25:31Z</time></trkpt><trkpt lat="61.491922" lon="-142.892621"><ele>625.642</ele><time>2026-07-26T18:25:33Z</time></trkpt><trkpt lat="61.492014" lon="-142.892567"><ele>624.626</ele><time>2026-07-26T18:25:41Z</time></trkpt><trkpt lat="61.492075" lon="-142.892548"><ele>624.009</ele><time>2026-07-26T18:25:46Z</time></trkpt><trkpt lat="61.492117" lon="-142.892576"><ele>623.888</ele><time>2026-07-26T18:25:50Z</time></trkpt><trkpt lat="61.492203" lon="-142.892657"><ele>624.493</ele><time>2026-07-26T18:25:58Z</time></trkpt><trkpt lat="61.492266" lon="-142.892669"><ele>624.272</ele><time>2026-07-26T18:26:05Z</time></trkpt><trkpt lat="61.492309" lon="-142.892657"><ele>624.238</ele><time>2026-07-26T18:26:12Z</time></trkpt><trkpt lat="61.492391" lon="-142.892593"><ele>624.057</ele><time>2026-07-26T18:26:20Z</time></trkpt><trkpt lat="61.49249" lon="-142.892487"><ele>624.254</ele><time>2026-07-26T18:26:30Z</time></trkpt><trkpt lat="61.49258" lon="-142.892444"><ele>624.676</ele><time>2026-07-26T18:26:38Z</time></trkpt><trkpt lat="61.49268" lon="-142.892406"><ele>625.082</ele><time>2026-07-26T18:26:47Z</time></trkpt><trkpt lat="61.492784" lon="-142.892407"><ele>625.080</ele><time>2026-07-26T18:26:57Z</time></trkpt><trkpt lat="61.492879" lon="-142.892424"><ele>624.481</ele><time>2026-07-26T18:27:05Z</time></trkpt><trkpt lat="61.49295" lon="-142.892431"><ele>624.461</ele><time>2026-07-26T18:27:14Z</time></trkpt><trkpt lat="61.493058" lon="-142.892396"><ele>624.617</ele><time>2026-07-26T18:27:23Z</time></trkpt><trkpt lat="61.493105" lon="-142.892382"><ele>625.009</ele><time>2026-07-26T18:27:28Z</time></trkpt><trkpt lat="61.493148" lon="-142.892374"><ele>625.210</ele><time>2026-07-26T18:27:32Z</time></trkpt><trkpt lat="61.493193" lon="-142.892369"><ele>625.435</ele><time>2026-07-26T18:27:36Z</time></trkpt><trkpt lat="61.493223" lon="-142.892376"><ele>625.694</ele><time>2026-07-26T18:27:39Z</time></trkpt><trkpt lat="61.493255" lon="-142.892377"><ele>626.090</ele><time>2026-07-26T18:27:42Z</time></trkpt><trkpt lat="61.493361" lon="-142.892298"><ele>626.469</ele><time>2026-07-26T18:27:52Z</time></trkpt><trkpt lat="61.493468" lon="-142.892247"><ele>626.686</ele><time>2026-07-26T18:28:02Z</time></trkpt><trkpt lat="61.493548" lon="-142.892319"><ele>625.868</ele><time>2026-07-26T18:28:11Z</time></trkpt><trkpt lat="61.493649" lon="-142.892346"><ele>626.094</ele><time>2026-07-26T18:28:20Z</time></trkpt><trkpt lat="61.493693" lon="-142.892339"><ele>626.672</ele><time>2026-07-26T18:28:25Z</time></trkpt><trkpt lat="61.493748" lon="-142.892322"><ele>627.266</ele><time>2026-07-26T18:28:30Z</time></trkpt><trkpt lat="61.493808" lon="-142.892325"><ele>627.829</ele><time>2026-07-26T18:28:38Z</time></trkpt><trkpt lat="61.49383" lon="-142.892323"><ele>627.821</ele><time>2026-07-26T18:28:40Z</time></trkpt><trkpt lat="61.493894" lon="-142.892317"><ele>628.209</ele><time>2026-07-26T18:28:46Z</time></trkpt><trkpt lat="61.493914" lon="-142.892316"><ele>628.458</ele><time>2026-07-26T18:28:48Z</time></trkpt><trkpt lat="61.49396" lon="-142.892315"><ele>628.853</ele><time>2026-07-26T18:28:52Z</time></trkpt><trkpt lat="61.494015" lon="-142.892319"><ele>629.282</ele><time>2026-07-26T18:28:57Z</time></trkpt><trkpt lat="61.494102" lon="-142.89234"><ele>629.438</ele><time>2026-07-26T18:29:05Z</time></trkpt><trkpt lat="61.494112" lon="-142.892352"><ele>629.617</ele><time>2026-07-26T18:29:06Z</time></trkpt><trkpt lat="61.494159" lon="-142.892409"><ele>629.894</ele><time>2026-07-26T18:29:11Z</time></trkpt><trkpt lat="61.494216" lon="-142.892426"><ele>630.026</ele><time>2026-07-26T18:29:16Z</time></trkpt><trkpt lat="61.494338" lon="-142.892425"><ele>630.432</ele><time>2026-07-26T18:29:27Z</time></trkpt><trkpt lat="61.494427" lon="-142.892409"><ele>630.650</ele><time>2026-07-26T18:29:36Z</time></trkpt><trkpt lat="61.494506" lon="-142.892398"><ele>630.841</ele><time>2026-07-26T18:29:43Z</time></trkpt><trkpt lat="61.494526" lon="-142.89239"><ele>630.881</ele><time>2026-07-26T18:29:45Z</time></trkpt><trkpt lat="61.494535" lon="-142.892384"><ele>631.009</ele><time>2026-07-26T18:29:46Z</time></trkpt><trkpt lat="61.494648" lon="-142.892312"><ele>631.209</ele><time>2026-07-26T18:29:57Z</time></trkpt><trkpt lat="61.494739" lon="-142.892272"><ele>631.426</ele><time>2026-07-26T18:30:06Z</time></trkpt><trkpt lat="61.494816" lon="-142.892285"><ele>632.051</ele><time>2026-07-26T18:30:14Z</time></trkpt><trkpt lat="61.494843" lon="-142.892302"><ele>632.270</ele><time>2026-07-26T18:30:17Z</time></trkpt><trkpt lat="61.494894" lon="-142.892323"><ele>633.076</ele><time>2026-07-26T18:30:22Z</time></trkpt><trkpt lat="61.494942" lon="-142.89233"><ele>633.625</ele><time>2026-07-26T18:30:27Z</time></trkpt><trkpt lat="61.49496" lon="-142.892334"><ele>634.032</ele><time>2026-07-26T18:30:29Z</time></trkpt><trkpt lat="61.495006" lon="-142.892329"><ele>634.634</ele><time>2026-07-26T18:30:34Z</time></trkpt><trkpt lat="61.495028" lon="-142.892318"><ele>634.660</ele><time>2026-07-26T18:30:36Z</time></trkpt><trkpt lat="61.495088" lon="-142.892295"><ele>635.028</ele><time>2026-07-26T18:30:42Z</time></trkpt><trkpt lat="61.495105" lon="-142.892289"><ele>635.247</ele><time>2026-07-26T18:30:44Z</time></trkpt><trkpt lat="61.495208" lon="-142.892266"><ele>635.829</ele><time>2026-07-26T18:30:54Z</time></trkpt><trkpt lat="61.495239" lon="-142.892276"><ele>636.021</ele><time>2026-07-26T18:30:57Z</time></trkpt><trkpt lat="61.495316" lon="-142.892285"><ele>636.009</ele><time>2026-07-26T18:31:04Z</time></trkpt><trkpt lat="61.495417" lon="-142.892309"><ele>636.486</ele><time>2026-07-26T18:31:13Z</time></trkpt><trkpt lat="61.495498" lon="-142.892351"><ele>637.061</ele><time>2026-07-26T18:31:21Z</time></trkpt><trkpt lat="61.495518" lon="-142.892358"><ele>637.270</ele><time>2026-07-26T18:31:23Z</time></trkpt><trkpt lat="61.495603" lon="-142.892348"><ele>638.046</ele><time>2026-07-26T18:31:31Z</time></trkpt><trkpt lat="61.495623" lon="-142.892345"><ele>638.245</ele><time>2026-07-26T18:31:33Z</time></trkpt><trkpt lat="61.495699" lon="-142.89231"><ele>639.082</ele><time>2026-07-26T18:31:40Z</time></trkpt><trkpt lat="61.495718" lon="-142.892301"><ele>639.214</ele><time>2026-07-26T18:31:42Z</time></trkpt><trkpt lat="61.495785" lon="-142.892277"><ele>639.470</ele><time>2026-07-26T18:31:49Z</time></trkpt><trkpt lat="61.495876" lon="-142.892347"><ele>639.838</ele><time>2026-07-26T18:31:59Z</time></trkpt><trkpt lat="61.495908" lon="-142.892375"><ele>640.296</ele><time>2026-07-26T18:32:02Z</time></trkpt><trkpt lat="61.495959" lon="-142.892422"><ele>640.831</ele><time>2026-07-26T18:32:07Z</time></trkpt><trkpt lat="61.496015" lon="-142.89248"><ele>641.224</ele><time>2026-07-26T18:32:13Z</time></trkpt><trkpt lat="61.496036" lon="-142.892505"><ele>641.409</ele><time>2026-07-26T18:32:15Z</time></trkpt><trkpt lat="61.496163" lon="-142.892582"><ele>641.451</ele><time>2026-07-26T18:32:27Z</time></trkpt><trkpt lat="61.496241" lon="-142.89261"><ele>641.216</ele><time>2026-07-26T18:32:35Z</time></trkpt><trkpt lat="61.496333" lon="-142.892609"><ele>641.615</ele><time>2026-07-26T18:32:43Z</time></trkpt><trkpt lat="61.496382" lon="-142.892624"><ele>641.461</ele><time>2026-07-26T18:32:48Z</time></trkpt><trkpt lat="61.496412" lon="-142.892652"><ele>641.690</ele><time>2026-07-26T18:32:51Z</time></trkpt><trkpt lat="61.496499" lon="-142.892752"><ele>642.417</ele><time>2026-07-26T18:33:00Z</time></trkpt><trkpt lat="61.496585" lon="-142.892822"><ele>643.049</ele><time>2026-07-26T18:33:09Z</time></trkpt><trkpt lat="61.496637" lon="-142.892861"><ele>643.485</ele><time>2026-07-26T18:33:15Z</time></trkpt><trkpt lat="61.496649" lon="-142.892864"><ele>643.443</ele><time>2026-07-26T18:33:16Z</time></trkpt><trkpt lat="61.496694" lon="-142.892874"><ele>643.459</ele><time>2026-07-26T18:33:20Z</time></trkpt><trkpt lat="61.496739" lon="-142.892881"><ele>643.603</ele><time>2026-07-26T18:33:24Z</time></trkpt><trkpt lat="61.496848" lon="-142.892958"><ele>644.223</ele><time>2026-07-26T18:33:36Z</time></trkpt><trkpt lat="61.496903" lon="-142.893"><ele>644.409</ele><time>2026-07-26T18:33:41Z</time></trkpt><trkpt lat="61.496939" lon="-142.893022"><ele>644.697</ele><time>2026-07-26T18:33:45Z</time></trkpt><trkpt lat="61.497016" lon="-142.893057"><ele>645.492</ele><time>2026-07-26T18:33:53Z</time></trkpt><trkpt lat="61.497042" lon="-142.893059"><ele>645.421</ele><time>2026-07-26T18:33:56Z</time></trkpt><trkpt lat="61.497107" lon="-142.893054"><ele>646.257</ele><time>2026-07-26T18:34:03Z</time></trkpt><trkpt lat="61.497183" lon="-142.893051"><ele>646.446</ele><time>2026-07-26T18:34:10Z</time></trkpt><trkpt lat="61.497202" lon="-142.893046"><ele>646.463</ele><time>2026-07-26T18:34:12Z</time></trkpt><trkpt lat="61.497319" lon="-142.893077"><ele>646.215</ele><time>2026-07-26T18:34:23Z</time></trkpt><trkpt lat="61.497394" lon="-142.893143"><ele>646.011</ele><time>2026-07-26T18:34:31Z</time></trkpt><trkpt lat="61.497465" lon="-142.89319"><ele>646.049</ele><time>2026-07-26T18:34:38Z</time></trkpt><trkpt lat="61.497521" lon="-142.893269"><ele>646.469</ele><time>2026-07-26T18:34:46Z</time></trkpt><trkpt lat="61.497605" lon="-142.893355"><ele>646.404</ele><time>2026-07-26T18:34:55Z</time></trkpt><trkpt lat="61.497689" lon="-142.893386"><ele>646.824</ele><time>2026-07-26T18:35:02Z</time></trkpt><trkpt lat="61.497775" lon="-142.893366"><ele>646.809</ele><time>2026-07-26T18:35:11Z</time></trkpt><trkpt lat="61.497863" lon="-142.893336"><ele>647.478</ele><time>2026-07-26T18:35:19Z</time></trkpt><trkpt lat="61.497871" lon="-142.893336"><ele>647.463</ele><time>2026-07-26T18:35:20Z</time></trkpt><trkpt lat="61.497881" lon="-142.893349"><ele>647.632</ele><time>2026-07-26T18:35:21Z</time></trkpt><trkpt lat="61.497899" lon="-142.893364"><ele>647.858</ele><time>2026-07-26T18:35:23Z</time></trkpt><trkpt lat="61.497958" lon="-142.893432"><ele>648.297</ele><time>2026-07-26T18:35:30Z</time></trkpt><trkpt lat="61.49801" lon="-142.893508"><ele>648.674</ele><time>2026-07-26T18:35:37Z</time></trkpt><trkpt lat="61.498025" lon="-142.893534"><ele>648.656</ele><time>2026-07-26T18:35:39Z</time></trkpt><trkpt lat="61.498076" lon="-142.893599"><ele>648.812</ele><time>2026-07-26T18:35:45Z</time></trkpt><trkpt lat="61.49809" lon="-142.893627"><ele>648.810</ele><time>2026-07-26T18:35:47Z</time></trkpt><trkpt lat="61.49818" lon="-142.893701"><ele>649.062</ele><time>2026-07-26T18:35:56Z</time></trkpt><trkpt lat="61.498263" lon="-142.893732"><ele>649.083</ele><time>2026-07-26T18:36:04Z</time></trkpt><trkpt lat="61.498301" lon="-142.893744"><ele>649.211</ele><time>2026-07-26T18:36:08Z</time></trkpt><trkpt lat="61.498329" lon="-142.893749"><ele>649.209</ele><time>2026-07-26T18:36:11Z</time></trkpt><trkpt lat="61.498437" lon="-142.893796"><ele>649.268</ele><time>2026-07-26T18:36:22Z</time></trkpt><trkpt lat="61.498539" lon="-142.893876"><ele>648.623</ele><time>2026-07-26T18:36:32Z</time></trkpt><trkpt lat="61.498645" lon="-142.893965"><ele>649.012</ele><time>2026-07-26T18:36:43Z</time></trkpt><trkpt lat="61.49873" lon="-142.894003"><ele>649.458</ele><time>2026-07-26T18:36:52Z</time></trkpt><trkpt lat="61.498737" lon="-142.894009"><ele>649.697</ele><time>2026-07-26T18:36:53Z</time></trkpt><trkpt lat="61.498813" lon="-142.894036"><ele>650.094</ele><time>2026-07-26T18:37:01Z</time></trkpt><trkpt lat="61.498873" lon="-142.894064"><ele>650.486</ele><time>2026-07-26T18:37:08Z</time></trkpt><trkpt lat="61.498893" lon="-142.894069"><ele>650.682</ele><time>2026-07-26T18:37:10Z</time></trkpt><trkpt lat="61.498928" lon="-142.894092"><ele>651.090</ele><time>2026-07-26T18:37:14Z</time></trkpt><trkpt lat="61.498989" lon="-142.894132"><ele>651.829</ele><time>2026-07-26T18:37:22Z</time></trkpt><trkpt lat="61.499016" lon="-142.894155"><ele>652.200</ele><time>2026-07-26T18:37:25Z</time></trkpt><trkpt lat="61.499054" lon="-142.894175"><ele>652.820</ele><time>2026-07-26T18:37:29Z</time></trkpt><trkpt lat="61.49908" lon="-142.894195"><ele>653.209</ele><time>2026-07-26T18:37:32Z</time></trkpt><trkpt lat="61.499091" lon="-142.894213"><ele>653.444</ele><time>2026-07-26T18:37:34Z</time></trkpt><trkpt lat="61.499188" lon="-142.894267"><ele>653.489</ele><time>2026-07-26T18:37:43Z</time></trkpt><trkpt lat="61.499268" lon="-142.894296"><ele>653.868</ele><time>2026-07-26T18:37:51Z</time></trkpt><trkpt lat="61.499276" lon="-142.894296"><ele>654.034</ele><time>2026-07-26T18:37:52Z</time></trkpt><trkpt lat="61.499318" lon="-142.894317"><ele>655.083</ele><time>2026-07-26T18:37:57Z</time></trkpt><trkpt lat="61.499328" lon="-142.894322"><ele>655.260</ele><time>2026-07-26T18:37:58Z</time></trkpt><trkpt lat="61.499371" lon="-142.894328"><ele>655.672</ele><time>2026-07-26T18:38:04Z</time></trkpt><trkpt lat="61.499401" lon="-142.894332"><ele>656.038</ele><time>2026-07-26T18:38:07Z</time></trkpt><trkpt lat="61.499433" lon="-142.894336"><ele>656.486</ele><time>2026-07-26T18:38:10Z</time></trkpt><trkpt lat="61.499456" lon="-142.894343"><ele>656.849</ele><time>2026-07-26T18:38:14Z</time></trkpt><trkpt lat="61.499479" lon="-142.894335"><ele>657.002</ele><time>2026-07-26T18:38:17Z</time></trkpt><trkpt lat="61.499537" lon="-142.894339"><ele>657.822</ele><time>2026-07-26T18:38:23Z</time></trkpt><trkpt lat="61.499557" lon="-142.894331"><ele>658.209</ele><time>2026-07-26T18:38:25Z</time></trkpt><trkpt lat="61.499616" lon="-142.894312"><ele>658.666</ele><time>2026-07-26T18:38:32Z</time></trkpt><trkpt lat="61.499655" lon="-142.894314"><ele>659.231</ele><time>2026-07-26T18:38:37Z</time></trkpt><trkpt lat="61.499714" lon="-142.894315"><ele>660.010</ele><time>2026-07-26T18:38:44Z</time></trkpt><trkpt lat="61.499773" lon="-142.894323"><ele>660.486</ele><time>2026-07-26T18:38:51Z</time></trkpt><trkpt lat="61.499779" lon="-142.894326"><ele>660.495</ele><time>2026-07-26T18:38:52Z</time></trkpt><trkpt lat="61.499853" lon="-142.894358"><ele>661.032</ele><time>2026-07-26T18:39:01Z</time></trkpt><trkpt lat="61.499923" lon="-142.894384"><ele>661.284</ele><time>2026-07-26T18:39:08Z</time></trkpt><trkpt lat="61.499962" lon="-142.894399"><ele>661.490</ele><time>2026-07-26T18:39:12Z</time></trkpt><trkpt lat="61.500001" lon="-142.894421"><ele>662.078</ele><time>2026-07-26T18:39:17Z</time></trkpt><trkpt lat="61.500064" lon="-142.89446"><ele>661.836</ele><time>2026-07-26T18:39:25Z</time></trkpt><trkpt lat="61.500114" lon="-142.894496"><ele>661.617</ele><time>2026-07-26T18:39:30Z</time></trkpt><trkpt lat="61.500134" lon="-142.894518"><ele>661.418</ele><time>2026-07-26T18:39:32Z</time></trkpt><trkpt lat="61.50023" lon="-142.894662"><ele>661.409</ele><time>2026-07-26T18:39:43Z</time></trkpt><trkpt lat="61.50031" lon="-142.894741"><ele>661.015</ele><time>2026-07-26T18:39:52Z</time></trkpt><trkpt lat="61.500372" lon="-142.89481"><ele>660.830</ele><time>2026-07-26T18:39:59Z</time></trkpt><trkpt lat="61.500404" lon="-142.894847"><ele>661.039</ele><time>2026-07-26T18:40:03Z</time></trkpt><trkpt lat="61.500466" lon="-142.8949"><ele>661.255</ele><time>2026-07-26T18:40:09Z</time></trkpt><trkpt lat="61.500491" lon="-142.894925"><ele>661.274</ele><time>2026-07-26T18:40:12Z</time></trkpt><trkpt lat="61.500567" lon="-142.895024"><ele>661.291</ele><time>2026-07-26T18:40:21Z</time></trkpt><trkpt lat="61.50066" lon="-142.895133"><ele>661.033</ele><time>2026-07-26T18:40:31Z</time></trkpt><trkpt lat="61.500765" lon="-142.895241"><ele>661.029</ele><time>2026-07-26T18:40:42Z</time></trkpt><trkpt lat="61.500866" lon="-142.895306"><ele>661.037</ele><time>2026-07-26T18:40:52Z</time></trkpt><trkpt lat="61.500927" lon="-142.895398"><ele>660.841</ele><time>2026-07-26T18:41:00Z</time></trkpt><trkpt lat="61.500955" lon="-142.895418"><ele>661.081</ele><time>2026-07-26T18:41:07Z</time></trkpt><trkpt lat="61.501016" lon="-142.89545"><ele>661.009</ele><time>2026-07-26T18:41:13Z</time></trkpt><trkpt lat="61.501032" lon="-142.895456"><ele>661.209</ele><time>2026-07-26T18:41:15Z</time></trkpt><trkpt lat="61.501105" lon="-142.895516"><ele>661.696</ele><time>2026-07-26T18:41:24Z</time></trkpt><trkpt lat="61.50116" lon="-142.895591"><ele>662.051</ele><time>2026-07-26T18:41:31Z</time></trkpt><trkpt lat="61.501178" lon="-142.895615"><ele>662.010</ele><time>2026-07-26T18:41:33Z</time></trkpt><trkpt lat="61.501218" lon="-142.895661"><ele>662.246</ele><time>2026-07-26T18:41:38Z</time></trkpt><trkpt lat="61.501236" lon="-142.895679"><ele>662.065</ele><time>2026-07-26T18:41:40Z</time></trkpt><trkpt lat="61.501254" lon="-142.89569"><ele>662.042</ele><time>2026-07-26T18:41:42Z</time></trkpt><trkpt lat="61.501355" lon="-142.895791"><ele>661.454</ele><time>2026-07-26T18:41:52Z</time></trkpt><trkpt lat="61.501424" lon="-142.895885"><ele>660.430</ele><time>2026-07-26T18:42:01Z</time></trkpt><trkpt lat="61.501497" lon="-142.895931"><ele>659.488</ele><time>2026-07-26T18:42:09Z</time></trkpt><trkpt lat="61.5015" lon="-142.895942"><ele>659.281</ele><time>2026-07-26T18:42:10Z</time></trkpt><trkpt lat="61.501545" lon="-142.896079"><ele>658.661</ele><time>2026-07-26T18:42:16Z</time></trkpt><trkpt lat="61.501557" lon="-142.896101"><ele>658.417</ele><time>2026-07-26T18:42:17Z</time></trkpt><trkpt lat="61.501586" lon="-142.896146"><ele>658.209</ele><time>2026-07-26T18:42:20Z</time></trkpt><trkpt lat="61.501663" lon="-142.896238"><ele>657.270</ele><time>2026-07-26T18:42:28Z</time></trkpt><trkpt lat="61.501726" lon="-142.896355"><ele>656.495</ele><time>2026-07-26T18:42:36Z</time></trkpt><trkpt lat="61.501754" lon="-142.896392"><ele>656.244</ele><time>2026-07-26T18:42:39Z</time></trkpt><trkpt lat="61.501821" lon="-142.896459"><ele>655.870</ele><time>2026-07-26T18:42:46Z</time></trkpt><trkpt lat="61.501888" lon="-142.896495"><ele>655.219</ele><time>2026-07-26T18:42:53Z</time></trkpt><trkpt lat="61.50192" lon="-142.89652"><ele>655.036</ele><time>2026-07-26T18:42:56Z</time></trkpt><trkpt lat="61.501986" lon="-142.896585"><ele>654.018</ele><time>2026-07-26T18:43:03Z</time></trkpt><trkpt lat="61.502012" lon="-142.89662"><ele>653.634</ele><time>2026-07-26T18:43:06Z</time></trkpt><trkpt lat="61.502062" lon="-142.896682"><ele>653.052</ele><time>2026-07-26T18:43:12Z</time></trkpt><trkpt lat="61.50209" lon="-142.896747"><ele>652.656</ele><time>2026-07-26T18:43:16Z</time></trkpt><trkpt lat="61.502115" lon="-142.896782"><ele>651.859</ele><time>2026-07-26T18:43:20Z</time></trkpt><trkpt lat="61.502138" lon="-142.896857"><ele>651.214</ele><time>2026-07-26T18:43:25Z</time></trkpt><trkpt lat="61.502147" lon="-142.896881"><ele>650.809</ele><time>2026-07-26T18:43:27Z</time></trkpt><trkpt lat="61.502162" lon="-142.89693"><ele>650.297</ele><time>2026-07-26T18:43:33Z</time></trkpt><trkpt lat="61.502194" lon="-142.897004"><ele>649.832</ele><time>2026-07-26T18:43:38Z</time></trkpt><trkpt lat="61.502199" lon="-142.897012"><ele>649.621</ele><time>2026-07-26T18:43:39Z</time></trkpt><trkpt lat="61.502205" lon="-142.897092"><ele>648.677</ele><time>2026-07-26T18:43:44Z</time></trkpt><trkpt lat="61.502203" lon="-142.89711"><ele>648.666</ele><time>2026-07-26T18:43:45Z</time></trkpt><trkpt lat="61.502241" lon="-142.897193"><ele>648.023</ele><time>2026-07-26T18:43:52Z</time></trkpt><trkpt lat="61.502295" lon="-142.897298"><ele>647.835</ele><time>2026-07-26T18:43:59Z</time></trkpt><trkpt lat="61.502337" lon="-142.897351"><ele>647.641</ele><time>2026-07-26T18:44:04Z</time></trkpt><trkpt lat="61.502343" lon="-142.897355"><ele>647.679</ele><time>2026-07-26T18:44:05Z</time></trkpt><trkpt lat="61.502399" lon="-142.897399"><ele>647.818</ele><time>2026-07-26T18:44:12Z</time></trkpt><trkpt lat="61.502405" lon="-142.897399"><ele>648.098</ele><time>2026-07-26T18:44:13Z</time></trkpt><trkpt lat="61.502473" lon="-142.897479"><ele>648.417</ele><time>2026-07-26T18:44:21Z</time></trkpt><trkpt lat="61.502548" lon="-142.897552"><ele>648.409</ele><time>2026-07-26T18:44:29Z</time></trkpt><trkpt lat="61.502626" lon="-142.897638"><ele>647.873</ele><time>2026-07-26T18:44:37Z</time></trkpt><trkpt lat="61.502636" lon="-142.897647"><ele>647.668</ele><time>2026-07-26T18:44:38Z</time></trkpt><trkpt lat="61.502721" lon="-142.89767"><ele>647.627</ele><time>2026-07-26T18:44:47Z</time></trkpt><trkpt lat="61.502744" lon="-142.897652"><ele>647.893</ele><time>2026-07-26T18:44:50Z</time></trkpt><trkpt lat="61.502775" lon="-142.897633"><ele>648.432</ele><time>2026-07-26T18:44:54Z</time></trkpt><trkpt lat="61.502781" lon="-142.897614"><ele>648.859</ele><time>2026-07-26T18:44:56Z</time></trkpt><trkpt lat="61.502787" lon="-142.897545"><ele>649.461</ele><time>2026-07-26T18:45:02Z</time></trkpt><trkpt lat="61.502794" lon="-142.897508"><ele>649.887</ele><time>2026-07-26T18:45:05Z</time></trkpt><trkpt lat="61.502816" lon="-142.897448"><ele>650.415</ele><time>2026-07-26T18:45:10Z</time></trkpt><trkpt lat="61.502836" lon="-142.897425"><ele>651.066</ele><time>2026-07-26T18:45:13Z</time></trkpt><trkpt lat="61.50285" lon="-142.897403"><ele>651.629</ele><time>2026-07-26T18:45:16Z</time></trkpt><trkpt lat="61.502853" lon="-142.897399"><ele>651.621</ele><time>2026-07-26T18:45:17Z</time></trkpt><trkpt lat="61.502874" lon="-142.897375"><ele>652.009</ele><time>2026-07-26T18:45:20Z</time></trkpt><trkpt lat="61.502891" lon="-142.897365"><ele>652.458</ele><time>2026-07-26T18:45:23Z</time></trkpt><trkpt lat="61.502902" lon="-142.897358"><ele>652.843</ele><time>2026-07-26T18:45:25Z</time></trkpt><trkpt lat="61.50291" lon="-142.897327"><ele>653.032</ele><time>2026-07-26T18:45:27Z</time></trkpt><trkpt lat="61.502921" lon="-142.89729"><ele>653.648</ele><time>2026-07-26T18:45:31Z</time></trkpt><trkpt lat="61.502943" lon="-142.897266"><ele>654.047</ele><time>2026-07-26T18:45:34Z</time></trkpt><trkpt lat="61.502957" lon="-142.897205"><ele>655.084</ele><time>2026-07-26T18:45:39Z</time></trkpt><trkpt lat="61.502959" lon="-142.897198"><ele>655.256</ele><time>2026-07-26T18:45:40Z</time></trkpt><trkpt lat="61.502975" lon="-142.897158"><ele>655.852</ele><time>2026-07-26T18:45:44Z</time></trkpt><trkpt lat="61.503032" lon="-142.897128"><ele>655.830</ele><time>2026-07-26T18:45:51Z</time></trkpt><trkpt lat="61.503104" lon="-142.897087"><ele>654.418</ele><time>2026-07-26T18:46:00Z</time></trkpt><trkpt lat="61.503135" lon="-142.897084"><ele>654.698</ele><time>2026-07-26T18:46:07Z</time></trkpt><trkpt lat="61.503137" lon="-142.897081"><ele>654.617</ele><time>2026-07-26T18:46:12Z</time></trkpt><trkpt lat="61.503141" lon="-142.897069"><ele>654.409</ele><time>2026-07-26T18:46:15Z</time></trkpt><trkpt lat="61.503143" lon="-142.897061"><ele>654.233</ele><time>2026-07-26T18:46:17Z</time></trkpt><trkpt lat="61.503142" lon="-142.897054"><ele>654.078</ele><time>2026-07-26T18:46:18Z</time></trkpt><trkpt lat="61.503156" lon="-142.896996"><ele>654.217</ele><time>2026-07-26T18:46:23Z</time></trkpt><trkpt lat="61.503208" lon="-142.897001"><ele>654.253</ele><time>2026-07-26T18:46:29Z</time></trkpt><trkpt lat="61.503227" lon="-142.897009"><ele>655.292</ele><time>2026-07-26T18:46:33Z</time></trkpt><trkpt lat="61.503237" lon="-142.897021"><ele>655.839</ele><time>2026-07-26T18:46:36Z</time></trkpt><trkpt lat="61.503251" lon="-142.897037"><ele>656.271</ele><time>2026-07-26T18:46:38Z</time></trkpt><trkpt lat="61.503266" lon="-142.897112"><ele>656.637</ele><time>2026-07-26T18:46:43Z</time></trkpt><trkpt lat="61.503262" lon="-142.89724"><ele>655.095</ele><time>2026-07-26T18:46:51Z</time></trkpt><trkpt lat="61.503256" lon="-142.89725"><ele>654.873</ele><time>2026-07-26T18:46:52Z</time></trkpt><trkpt lat="61.503228" lon="-142.897282"><ele>653.885</ele><time>2026-07-26T18:46:56Z</time></trkpt><trkpt lat="61.503195" lon="-142.897322"><ele>653.013</ele><time>2026-07-26T18:47:00Z</time></trkpt><trkpt lat="61.503182" lon="-142.897333"><ele>652.809</ele><time>2026-07-26T18:47:02Z</time></trkpt><trkpt lat="61.503155" lon="-142.897382"><ele>651.649</ele><time>2026-07-26T18:47:07Z</time></trkpt><trkpt lat="61.503151" lon="-142.897399"><ele>651.284</ele><time>2026-07-26T18:47:08Z</time></trkpt><trkpt lat="61.503151" lon="-142.897448"><ele>650.643</ele><time>2026-07-26T18:47:10Z</time></trkpt><trkpt lat="61.503152" lon="-142.897466"><ele>650.499</ele><time>2026-07-26T18:47:11Z</time></trkpt><trkpt lat="61.50316" lon="-142.897521"><ele>649.618</ele><time>2026-07-26T18:47:14Z</time></trkpt><trkpt lat="61.503167" lon="-142.897535"><ele>649.235</ele><time>2026-07-26T18:47:15Z</time></trkpt><trkpt lat="61.503178" lon="-142.89761"><ele>648.467</ele><time>2026-07-26T18:47:19Z</time></trkpt><trkpt lat="61.503173" lon="-142.897623"><ele>648.423</ele><time>2026-07-26T18:47:20Z</time></trkpt><trkpt lat="61.503168" lon="-142.897633"><ele>648.241</ele><time>2026-07-26T18:47:21Z</time></trkpt><trkpt lat="61.503165" lon="-142.897715"><ele>647.063</ele><time>2026-07-26T18:47:26Z</time></trkpt><trkpt lat="61.503166" lon="-142.897734"><ele>646.844</ele><time>2026-07-26T18:47:27Z</time></trkpt><trkpt lat="61.503163" lon="-142.897802"><ele>645.818</ele><time>2026-07-26T18:47:31Z</time></trkpt><trkpt lat="61.503181" lon="-142.897875"><ele>644.809</ele><time>2026-07-26T18:47:36Z</time></trkpt><trkpt lat="61.503193" lon="-142.897883"><ele>644.878</ele><time>2026-07-26T18:47:37Z</time></trkpt><trkpt lat="61.503271" lon="-142.897903"><ele>644.493</ele><time>2026-07-26T18:47:44Z</time></trkpt><trkpt lat="61.503324" lon="-142.89793"><ele>644.032</ele><time>2026-07-26T18:47:49Z</time></trkpt><trkpt lat="61.503357" lon="-142.897946"><ele>644.238</ele><time>2026-07-26T18:47:53Z</time></trkpt><trkpt lat="61.50342" lon="-142.898018"><ele>644.427</ele><time>2026-07-26T18:47:59Z</time></trkpt><trkpt lat="61.503429" lon="-142.898027"><ele>644.434</ele><time>2026-07-26T18:48:00Z</time></trkpt><trkpt lat="61.503454" lon="-142.898054"><ele>644.696</ele><time>2026-07-26T18:48:03Z</time></trkpt><trkpt lat="61.503518" lon="-142.898147"><ele>645.092</ele><time>2026-07-26T18:48:10Z</time></trkpt><trkpt lat="61.503546" lon="-142.89817"><ele>645.440</ele><time>2026-07-26T18:48:13Z</time></trkpt><trkpt lat="61.503593" lon="-142.898216"><ele>645.496</ele><time>2026-07-26T18:48:18Z</time></trkpt><trkpt lat="61.503675" lon="-142.898321"><ele>645.831</ele><time>2026-07-26T18:48:27Z</time></trkpt><trkpt lat="61.503686" lon="-142.898331"><ele>645.824</ele><time>2026-07-26T18:48:28Z</time></trkpt><trkpt lat="61.50375" lon="-142.898403"><ele>645.409</ele><time>2026-07-26T18:48:35Z</time></trkpt><trkpt lat="61.503792" lon="-142.898478"><ele>644.871</ele><time>2026-07-26T18:48:40Z</time></trkpt><trkpt lat="61.503827" lon="-142.898511"><ele>644.476</ele><time>2026-07-26T18:48:43Z</time></trkpt><trkpt lat="61.503907" lon="-142.898606"><ele>644.445</ele><time>2026-07-26T18:48:52Z</time></trkpt><trkpt lat="61.503984" lon="-142.898669"><ele>644.631</ele><time>2026-07-26T18:49:00Z</time></trkpt><trkpt lat="61.504036" lon="-142.898725"><ele>645.030</ele><time>2026-07-26T18:49:05Z</time></trkpt><trkpt lat="61.504068" lon="-142.898754"><ele>645.027</ele><time>2026-07-26T18:49:08Z</time></trkpt><trkpt lat="61.504089" lon="-142.898768"><ele>645.019</ele><time>2026-07-26T18:49:10Z</time></trkpt><trkpt lat="61.50417" lon="-142.898812"><ele>645.455</ele><time>2026-07-26T18:49:18Z</time></trkpt><trkpt lat="61.504218" lon="-142.898851"><ele>645.873</ele><time>2026-07-26T18:49:23Z</time></trkpt><trkpt lat="61.504236" lon="-142.898874"><ele>645.843</ele><time>2026-07-26T18:49:25Z</time></trkpt><trkpt lat="61.504245" lon="-142.898879"><ele>645.864</ele><time>2026-07-26T18:49:26Z</time></trkpt><trkpt lat="61.5043" lon="-142.89893"><ele>646.210</ele><time>2026-07-26T18:49:32Z</time></trkpt><trkpt lat="61.504323" lon="-142.898934"><ele>646.209</ele><time>2026-07-26T18:49:34Z</time></trkpt><trkpt lat="61.504379" lon="-142.899018"><ele>645.816</ele><time>2026-07-26T18:49:42Z</time></trkpt><trkpt lat="61.504412" lon="-142.899039"><ele>645.041</ele><time>2026-07-26T18:49:46Z</time></trkpt><trkpt lat="61.504438" lon="-142.899061"><ele>644.680</ele><time>2026-07-26T18:49:48Z</time></trkpt><trkpt lat="61.504449" lon="-142.899073"><ele>644.666</ele><time>2026-07-26T18:49:49Z</time></trkpt><trkpt lat="61.504501" lon="-142.899118"><ele>643.695</ele><time>2026-07-26T18:49:54Z</time></trkpt><trkpt lat="61.50453" lon="-142.899152"><ele>643.432</ele><time>2026-07-26T18:49:57Z</time></trkpt><trkpt lat="61.504601" lon="-142.899203"><ele>643.034</ele><time>2026-07-26T18:50:04Z</time></trkpt><trkpt lat="61.504661" lon="-142.899229"><ele>643.460</ele><time>2026-07-26T18:50:10Z</time></trkpt><trkpt lat="61.504677" lon="-142.899226"><ele>643.668</ele><time>2026-07-26T18:50:12Z</time></trkpt><trkpt lat="61.504751" lon="-142.899236"><ele>644.618</ele><time>2026-07-26T18:50:20Z</time></trkpt><trkpt lat="61.504761" lon="-142.899236"><ele>644.898</ele><time>2026-07-26T18:50:21Z</time></trkpt><trkpt lat="61.504852" lon="-142.899272"><ele>645.417</ele><time>2026-07-26T18:50:30Z</time></trkpt><trkpt lat="61.504875" lon="-142.899278"><ele>645.609</ele><time>2026-07-26T18:50:32Z</time></trkpt><trkpt lat="61.504908" lon="-142.899288"><ele>646.013</ele><time>2026-07-26T18:50:35Z</time></trkpt><trkpt lat="61.504942" lon="-142.899286"><ele>646.288</ele><time>2026-07-26T18:50:38Z</time></trkpt><trkpt lat="61.504978" lon="-142.899282"><ele>646.677</ele><time>2026-07-26T18:50:42Z</time></trkpt><trkpt lat="61.504987" lon="-142.899284"><ele>646.853</ele><time>2026-07-26T18:50:43Z</time></trkpt><trkpt lat="61.505008" lon="-142.89928"><ele>647.022</ele><time>2026-07-26T18:50:45Z</time></trkpt><trkpt lat="61.505104" lon="-142.899263"><ele>647.869</ele><time>2026-07-26T18:50:54Z</time></trkpt><trkpt lat="61.505115" lon="-142.899263"><ele>647.891</ele><time>2026-07-26T18:50:55Z</time></trkpt><trkpt lat="61.505134" lon="-142.899272"><ele>648.057</ele><time>2026-07-26T18:50:57Z</time></trkpt><trkpt lat="61.505193" lon="-142.899264"><ele>648.215</ele><time>2026-07-26T18:51:03Z</time></trkpt><trkpt lat="61.505226" lon="-142.899265"><ele>648.446</ele><time>2026-07-26T18:51:06Z</time></trkpt><trkpt lat="61.505277" lon="-142.899289"><ele>648.488</ele><time>2026-07-26T18:51:11Z</time></trkpt><trkpt lat="61.505309" lon="-142.899317"><ele>648.416</ele><time>2026-07-26T18:51:14Z</time></trkpt><trkpt lat="61.505331" lon="-142.89934"><ele>648.209</ele><time>2026-07-26T18:51:16Z</time></trkpt><trkpt lat="61.505357" lon="-142.89937"><ele>648.056</ele><time>2026-07-26T18:51:19Z</time></trkpt><trkpt lat="61.505431" lon="-142.899413"><ele>647.821</ele><time>2026-07-26T18:51:27Z</time></trkpt><trkpt lat="61.505442" lon="-142.899415"><ele>647.850</ele><time>2026-07-26T18:51:28Z</time></trkpt><trkpt lat="61.505536" lon="-142.899466"><ele>647.066</ele><time>2026-07-26T18:51:37Z</time></trkpt><trkpt lat="61.505571" lon="-142.899499"><ele>646.865</ele><time>2026-07-26T18:51:41Z</time></trkpt><trkpt lat="61.505617" lon="-142.899538"><ele>646.282</ele><time>2026-07-26T18:51:46Z</time></trkpt><trkpt lat="61.50566" lon="-142.899591"><ele>645.864</ele><time>2026-07-26T18:51:50Z</time></trkpt><trkpt lat="61.505683" lon="-142.899623"><ele>645.270</ele><time>2026-07-26T18:51:53Z</time></trkpt><trkpt lat="61.505722" lon="-142.899656"><ele>644.848</ele><time>2026-07-26T18:51:59Z</time></trkpt><trkpt lat="61.505745" lon="-142.899675"><ele>644.697</ele><time>2026-07-26T18:52:01Z</time></trkpt><trkpt lat="61.505811" lon="-142.899708"><ele>643.823</ele><time>2026-07-26T18:52:07Z</time></trkpt><trkpt lat="61.50583" lon="-142.899718"><ele>643.625</ele><time>2026-07-26T18:52:09Z</time></trkpt><trkpt lat="61.505906" lon="-142.899755"><ele>643.209</ele><time>2026-07-26T18:52:16Z</time></trkpt><trkpt lat="61.505918" lon="-142.899759"><ele>643.031</ele><time>2026-07-26T18:52:17Z</time></trkpt><trkpt lat="61.505951" lon="-142.899769"><ele>642.886</ele><time>2026-07-26T18:52:20Z</time></trkpt><trkpt lat="61.506" lon="-142.899774"><ele>642.455</ele><time>2026-07-26T18:52:24Z</time></trkpt><trkpt lat="61.506019" lon="-142.899782"><ele>642.481</ele><time>2026-07-26T18:52:26Z</time></trkpt><trkpt lat="61.506119" lon="-142.899853"><ele>641.670</ele><time>2026-07-26T18:52:35Z</time></trkpt><trkpt lat="61.506165" lon="-142.899912"><ele>641.457</ele><time>2026-07-26T18:52:40Z</time></trkpt><trkpt lat="61.506189" lon="-142.89995"><ele>641.439</ele><time>2026-07-26T18:52:43Z</time></trkpt><trkpt lat="61.506279" lon="-142.900022"><ele>641.855</ele><time>2026-07-26T18:52:52Z</time></trkpt><trkpt lat="61.506289" lon="-142.900027"><ele>641.833</ele><time>2026-07-26T18:52:53Z</time></trkpt><trkpt lat="61.506332" lon="-142.900043"><ele>641.617</ele><time>2026-07-26T18:52:57Z</time></trkpt><trkpt lat="61.506393" lon="-142.900065"><ele>642.287</ele><time>2026-07-26T18:53:03Z</time></trkpt><trkpt lat="61.506414" lon="-142.900064"><ele>642.415</ele><time>2026-07-26T18:53:05Z</time></trkpt><trkpt lat="61.506436" lon="-142.900059"><ele>642.609</ele><time>2026-07-26T18:53:07Z</time></trkpt><trkpt lat="61.506497" lon="-142.900068"><ele>642.643</ele><time>2026-07-26T18:53:13Z</time></trkpt><trkpt lat="61.50659" lon="-142.90009"><ele>643.028</ele><time>2026-07-26T18:53:22Z</time></trkpt><trkpt lat="61.506683" lon="-142.900146"><ele>643.437</ele><time>2026-07-26T18:53:31Z</time></trkpt><trkpt lat="61.506706" lon="-142.900157"><ele>643.623</ele><time>2026-07-26T18:53:33Z</time></trkpt><trkpt lat="61.506751" lon="-142.900164"><ele>644.062</ele><time>2026-07-26T18:53:39Z</time></trkpt><trkpt lat="61.506845" lon="-142.900175"><ele>644.649</ele><time>2026-07-26T18:53:47Z</time></trkpt><trkpt lat="61.506853" lon="-142.900178"><ele>644.691</ele><time>2026-07-26T18:53:48Z</time></trkpt><trkpt lat="61.506952" lon="-142.900207"><ele>645.477</ele><time>2026-07-26T18:53:57Z</time></trkpt><trkpt lat="61.506956" lon="-142.900204"><ele>645.415</ele><time>2026-07-26T18:53:58Z</time></trkpt><trkpt lat="61.506969" lon="-142.900195"><ele>645.611</ele><time>2026-07-26T18:54:00Z</time></trkpt><trkpt lat="61.506983" lon="-142.900185"><ele>645.621</ele><time>2026-07-26T18:54:02Z</time></trkpt><trkpt lat="61.507005" lon="-142.900176"><ele>646.003</ele><time>2026-07-26T18:54:05Z</time></trkpt><trkpt lat="61.507027" lon="-142.90018"><ele>646.209</ele><time>2026-07-26T18:54:07Z</time></trkpt><trkpt lat="61.507037" lon="-142.90018"><ele>646.223</ele><time>2026-07-26T18:54:08Z</time></trkpt><trkpt lat="61.507093" lon="-142.900188"><ele>646.098</ele><time>2026-07-26T18:54:14Z</time></trkpt><trkpt lat="61.507153" lon="-142.900189"><ele>645.617</ele><time>2026-07-26T18:54:21Z</time></trkpt><trkpt lat="61.507193" lon="-142.900197"><ele>645.693</ele><time>2026-07-26T18:54:26Z</time></trkpt><trkpt lat="61.507258" lon="-142.900218"><ele>645.622</ele><time>2026-07-26T18:54:30Z</time></trkpt><trkpt lat="61.507369" lon="-142.900283"><ele>644.619</ele><time>2026-07-26T18:54:38Z</time></trkpt><trkpt lat="61.507381" lon="-142.900294"><ele>644.621</ele><time>2026-07-26T18:54:39Z</time></trkpt><trkpt lat="61.507456" lon="-142.900369"><ele>644.627</ele><time>2026-07-26T18:54:46Z</time></trkpt><trkpt lat="61.507527" lon="-142.900416"><ele>645.295</ele><time>2026-07-26T18:54:53Z</time></trkpt><trkpt lat="61.50756" lon="-142.900435"><ele>645.432</ele><time>2026-07-26T18:54:56Z</time></trkpt><trkpt lat="61.507585" lon="-142.900426"><ele>645.692</ele><time>2026-07-26T18:54:58Z</time></trkpt><trkpt lat="61.507661" lon="-142.900381"><ele>646.011</ele><time>2026-07-26T18:55:05Z</time></trkpt><trkpt lat="61.507706" lon="-142.900375"><ele>646.209</ele><time>2026-07-26T18:55:09Z</time></trkpt><trkpt lat="61.507738" lon="-142.900374"><ele>646.635</ele><time>2026-07-26T18:55:12Z</time></trkpt><trkpt lat="61.507821" lon="-142.900355"><ele>647.260</ele><time>2026-07-26T18:55:19Z</time></trkpt><trkpt lat="61.507838" lon="-142.900358"><ele>647.639</ele><time>2026-07-26T18:55:21Z</time></trkpt><trkpt lat="61.507939" lon="-142.900368"><ele>648.285</ele><time>2026-07-26T18:55:30Z</time></trkpt><trkpt lat="61.507968" lon="-142.900367"><ele>648.644</ele><time>2026-07-26T18:55:34Z</time></trkpt><trkpt lat="61.508026" lon="-142.900369"><ele>649.271</ele><time>2026-07-26T18:55:39Z</time></trkpt><trkpt lat="61.508068" lon="-142.900367"><ele>649.663</ele><time>2026-07-26T18:55:43Z</time></trkpt><trkpt lat="61.508126" lon="-142.900369"><ele>650.249</ele><time>2026-07-26T18:55:48Z</time></trkpt><trkpt lat="61.508193" lon="-142.900434"><ele>650.667</ele><time>2026-07-26T18:55:55Z</time></trkpt><trkpt lat="61.50822" lon="-142.900443"><ele>650.856</ele><time>2026-07-26T18:55:58Z</time></trkpt><trkpt lat="61.508248" lon="-142.900449"><ele>651.059</ele><time>2026-07-26T18:56:01Z</time></trkpt><trkpt lat="61.50827" lon="-142.900463"><ele>651.414</ele><time>2026-07-26T18:56:03Z</time></trkpt><trkpt lat="61.508312" lon="-142.900499"><ele>651.809</ele><time>2026-07-26T18:56:07Z</time></trkpt><trkpt lat="61.508365" lon="-142.900553"><ele>652.067</ele><time>2026-07-26T18:56:12Z</time></trkpt><trkpt lat="61.508457" lon="-142.900582"><ele>652.652</ele><time>2026-07-26T18:56:21Z</time></trkpt><trkpt lat="61.508474" lon="-142.900592"><ele>652.811</ele><time>2026-07-26T18:56:23Z</time></trkpt><trkpt lat="61.508551" lon="-142.900624"><ele>653.437</ele><time>2026-07-26T18:56:30Z</time></trkpt><trkpt lat="61.508595" lon="-142.90067"><ele>653.876</ele><time>2026-07-26T18:56:35Z</time></trkpt><trkpt lat="61.508632" lon="-142.900689"><ele>654.283</ele><time>2026-07-26T18:56:39Z</time></trkpt><trkpt lat="61.508708" lon="-142.900762"><ele>654.865</ele><time>2026-07-26T18:56:47Z</time></trkpt><trkpt lat="61.508752" lon="-142.900791"><ele>654.891</ele><time>2026-07-26T18:56:51Z</time></trkpt><trkpt lat="61.50881" lon="-142.900799"><ele>655.859</ele><time>2026-07-26T18:56:57Z</time></trkpt><trkpt lat="61.508825" lon="-142.900802"><ele>656.057</ele><time>2026-07-26T18:56:59Z</time></trkpt><trkpt lat="61.508883" lon="-142.900815"><ele>656.600</ele><time>2026-07-26T18:57:05Z</time></trkpt><trkpt lat="61.508913" lon="-142.90083"><ele>657.020</ele><time>2026-07-26T18:57:08Z</time></trkpt><trkpt lat="61.508987" lon="-142.900871"><ele>657.609</ele><time>2026-07-26T18:57:15Z</time></trkpt><trkpt lat="61.509024" lon="-142.900869"><ele>658.057</ele><time>2026-07-26T18:57:19Z</time></trkpt><trkpt lat="61.509076" lon="-142.900863"><ele>658.632</ele><time>2026-07-26T18:57:24Z</time></trkpt><trkpt lat="61.509113" lon="-142.900851"><ele>659.071</ele><time>2026-07-26T18:57:28Z</time></trkpt><trkpt lat="61.509165" lon="-142.900864"><ele>659.497</ele><time>2026-07-26T18:57:33Z</time></trkpt><trkpt lat="61.509246" lon="-142.900871"><ele>660.226</ele><time>2026-07-26T18:57:41Z</time></trkpt><trkpt lat="61.509251" lon="-142.90087"><ele>660.213</ele><time>2026-07-26T18:57:42Z</time></trkpt><trkpt lat="61.509305" lon="-142.900881"><ele>661.275</ele><time>2026-07-26T18:57:49Z</time></trkpt><trkpt lat="61.509348" lon="-142.900889"><ele>662.071</ele><time>2026-07-26T18:57:53Z</time></trkpt><trkpt lat="61.509386" lon="-142.900906"><ele>662.419</ele><time>2026-07-26T18:57:56Z</time></trkpt><trkpt lat="61.50944" lon="-142.90092"><ele>663.219</ele><time>2026-07-26T18:58:02Z</time></trkpt><trkpt lat="61.509448" lon="-142.900917"><ele>663.409</ele><time>2026-07-26T18:58:03Z</time></trkpt><trkpt lat="61.509533" lon="-142.900952"><ele>664.419</ele><time>2026-07-26T18:58:12Z</time></trkpt><trkpt lat="61.509598" lon="-142.900934"><ele>665.209</ele><time>2026-07-26T18:58:19Z</time></trkpt><trkpt lat="61.509621" lon="-142.900929"><ele>665.483</ele><time>2026-07-26T18:58:21Z</time></trkpt><trkpt lat="61.509634" lon="-142.900918"><ele>665.658</ele><time>2026-07-26T18:58:22Z</time></trkpt><trkpt lat="61.509713" lon="-142.900862"><ele>666.257</ele><time>2026-07-26T18:58:30Z</time></trkpt><trkpt lat="61.509737" lon="-142.900853"><ele>666.653</ele><time>2026-07-26T18:58:33Z</time></trkpt><trkpt lat="61.509789" lon="-142.900874"><ele>667.032</ele><time>2026-07-26T18:58:38Z</time></trkpt><trkpt lat="61.509864" lon="-142.900897"><ele>667.499</ele><time>2026-07-26T18:58:46Z</time></trkpt><trkpt lat="61.509875" lon="-142.900904"><ele>667.641</ele><time>2026-07-26T18:58:47Z</time></trkpt><trkpt lat="61.509957" lon="-142.900949"><ele>668.677</ele><time>2026-07-26T18:58:55Z</time></trkpt><trkpt lat="61.509967" lon="-142.900954"><ele>668.635</ele><time>2026-07-26T18:58:56Z</time></trkpt><trkpt lat="61.510036" lon="-142.901026"><ele>669.248</ele><time>2026-07-26T18:59:04Z</time></trkpt><trkpt lat="61.510102" lon="-142.901091"><ele>669.461</ele><time>2026-07-26T18:59:11Z</time></trkpt><trkpt lat="61.510123" lon="-142.901103"><ele>669.617</ele><time>2026-07-26T18:59:13Z</time></trkpt><trkpt lat="61.51021" lon="-142.901126"><ele>670.209</ele><time>2026-07-26T18:59:21Z</time></trkpt><trkpt lat="61.51023" lon="-142.901118"><ele>670.676</ele><time>2026-07-26T18:59:24Z</time></trkpt><trkpt lat="61.510241" lon="-142.901115"><ele>670.641</ele><time>2026-07-26T18:59:25Z</time></trkpt><trkpt lat="61.510274" lon="-142.901095"><ele>671.430</ele><time>2026-07-26T18:59:30Z</time></trkpt><trkpt lat="61.510288" lon="-142.901089"><ele>671.896</ele><time>2026-07-26T18:59:32Z</time></trkpt><trkpt lat="61.510342" lon="-142.901055"><ele>672.855</ele><time>2026-07-26T18:59:39Z</time></trkpt><trkpt lat="61.510398" lon="-142.901031"><ele>673.682</ele><time>2026-07-26T18:59:45Z</time></trkpt><trkpt lat="61.51043" lon="-142.901035"><ele>674.054</ele><time>2026-07-26T18:59:48Z</time></trkpt><trkpt lat="61.510522" lon="-142.901051"><ele>674.820</ele><time>2026-07-26T18:59:57Z</time></trkpt><trkpt lat="61.510552" lon="-142.901056"><ele>675.048</ele><time>2026-07-26T19:00:00Z</time></trkpt><trkpt lat="61.510603" lon="-142.901056"><ele>675.434</ele><time>2026-07-26T19:00:05Z</time></trkpt><trkpt lat="61.510662" lon="-142.901056"><ele>675.455</ele><time>2026-07-26T19:00:10Z</time></trkpt><trkpt lat="61.510718" lon="-142.901062"><ele>675.610</ele><time>2026-07-26T19:00:15Z</time></trkpt><trkpt lat="61.510784" lon="-142.901062"><ele>675.809</ele><time>2026-07-26T19:00:22Z</time></trkpt><trkpt lat="61.510826" lon="-142.901067"><ele>676.045</ele><time>2026-07-26T19:00:26Z</time></trkpt><trkpt lat="61.510877" lon="-142.901081"><ele>676.690</ele><time>2026-07-26T19:00:32Z</time></trkpt><trkpt lat="61.510916" lon="-142.901075"><ele>677.089</ele><time>2026-07-26T19:00:36Z</time></trkpt><trkpt lat="61.510953" lon="-142.901073"><ele>677.625</ele><time>2026-07-26T19:00:40Z</time></trkpt><trkpt lat="61.511015" lon="-142.901056"><ele>678.014</ele><time>2026-07-26T19:00:47Z</time></trkpt><trkpt lat="61.511027" lon="-142.90106"><ele>678.261</ele><time>2026-07-26T19:00:48Z</time></trkpt><trkpt lat="61.511072" lon="-142.901068"><ele>678.463</ele><time>2026-07-26T19:00:53Z</time></trkpt><trkpt lat="61.511089" lon="-142.901075"><ele>678.669</ele><time>2026-07-26T19:00:55Z</time></trkpt><trkpt lat="61.511103" lon="-142.901063"><ele>678.827</ele><time>2026-07-26T19:00:57Z</time></trkpt><trkpt lat="61.511137" lon="-142.901025"><ele>679.237</ele><time>2026-07-26T19:01:01Z</time></trkpt><trkpt lat="61.51117" lon="-142.900991"><ele>679.649</ele><time>2026-07-26T19:01:05Z</time></trkpt><trkpt lat="61.511178" lon="-142.900994"><ele>679.613</ele><time>2026-07-26T19:01:06Z</time></trkpt><trkpt lat="61.511194" lon="-142.900995"><ele>679.809</ele><time>2026-07-26T19:01:08Z</time></trkpt><trkpt lat="61.511214" lon="-142.901014"><ele>680.245</ele><time>2026-07-26T19:01:10Z</time></trkpt><trkpt lat="61.511231" lon="-142.901025"><ele>680.230</ele><time>2026-07-26T19:01:11Z</time></trkpt><trkpt lat="61.511247" lon="-142.901039"><ele>680.619</ele><time>2026-07-26T19:01:13Z</time></trkpt><trkpt lat="61.511268" lon="-142.901053"><ele>681.435</ele><time>2026-07-26T19:01:17Z</time></trkpt><trkpt lat="61.511299" lon="-142.901072"><ele>681.874</ele><time>2026-07-26T19:01:20Z</time></trkpt><trkpt lat="61.511343" lon="-142.901065"><ele>682.451</ele><time>2026-07-26T19:01:25Z</time></trkpt><trkpt lat="61.511368" lon="-142.90106"><ele>682.613</ele><time>2026-07-26T19:01:28Z</time></trkpt><trkpt lat="61.511401" lon="-142.901016"><ele>683.429</ele><time>2026-07-26T19:01:33Z</time></trkpt><trkpt lat="61.511427" lon="-142.900969"><ele>683.887</ele><time>2026-07-26T19:01:37Z</time></trkpt><trkpt lat="61.511443" lon="-142.900956"><ele>684.296</ele><time>2026-07-26T19:01:39Z</time></trkpt><trkpt lat="61.511473" lon="-142.900939"><ele>684.431</ele><time>2026-07-26T19:01:42Z</time></trkpt><trkpt lat="61.511516" lon="-142.900945"><ele>685.024</ele><time>2026-07-26T19:01:47Z</time></trkpt><trkpt lat="61.511546" lon="-142.900937"><ele>685.609</ele><time>2026-07-26T19:01:51Z</time></trkpt><trkpt lat="61.511593" lon="-142.900872"><ele>686.421</ele><time>2026-07-26T19:01:58Z</time></trkpt><trkpt lat="61.5116" lon="-142.900868"><ele>686.676</ele><time>2026-07-26T19:01:59Z</time></trkpt><trkpt lat="61.511626" lon="-142.900908"><ele>687.475</ele><time>2026-07-26T19:02:04Z</time></trkpt><trkpt lat="61.511631" lon="-142.900919"><ele>687.631</ele><time>2026-07-26T19:02:05Z</time></trkpt><trkpt lat="61.511648" lon="-142.900933"><ele>687.840</ele><time>2026-07-26T19:02:07Z</time></trkpt><trkpt lat="61.511708" lon="-142.900956"><ele>688.647</ele><time>2026-07-26T19:02:16Z</time></trkpt><trkpt lat="61.511779" lon="-142.900973"><ele>689.889</ele><time>2026-07-26T19:02:24Z</time></trkpt><trkpt lat="61.511795" lon="-142.900983"><ele>690.035</ele><time>2026-07-26T19:02:26Z</time></trkpt><trkpt lat="61.511862" lon="-142.901009"><ele>689.243</ele><time>2026-07-26T19:02:35Z</time></trkpt><trkpt lat="61.511874" lon="-142.901026"><ele>688.635</ele><time>2026-07-26T19:02:37Z</time></trkpt><trkpt lat="61.51191" lon="-142.901007"><ele>688.686</ele><time>2026-07-26T19:02:42Z</time></trkpt><trkpt lat="61.511941" lon="-142.900982"><ele>689.414</ele><time>2026-07-26T19:02:47Z</time></trkpt><trkpt lat="61.511953" lon="-142.900987"><ele>689.809</ele><time>2026-07-26T19:02:49Z</time></trkpt><trkpt lat="61.511968" lon="-142.901024"><ele>690.485</ele><time>2026-07-26T19:02:53Z</time></trkpt><trkpt lat="61.511974" lon="-142.90106"><ele>691.040</ele><time>2026-07-26T19:02:56Z</time></trkpt><trkpt lat="61.511979" lon="-142.901067"><ele>691.859</ele><time>2026-07-26T19:03:00Z</time></trkpt><trkpt lat="61.511958" lon="-142.901142"><ele>691.485</ele><time>2026-07-26T19:03:08Z</time></trkpt><trkpt lat="61.511971" lon="-142.901252"><ele>690.824</ele><time>2026-07-26T19:03:14Z</time></trkpt><trkpt lat="61.512011" lon="-142.90135"><ele>690.481</ele><time>2026-07-26T19:03:21Z</time></trkpt><trkpt lat="61.512035" lon="-142.901385"><ele>690.083</ele><time>2026-07-26T19:03:24Z</time></trkpt><trkpt lat="61.512063" lon="-142.901433"><ele>689.699</ele><time>2026-07-26T19:03:28Z</time></trkpt><trkpt lat="61.512099" lon="-142.901488"><ele>688.867</ele><time>2026-07-26T19:03:33Z</time></trkpt><trkpt lat="61.512109" lon="-142.901508"><ele>688.697</ele><time>2026-07-26T19:03:35Z</time></trkpt><trkpt lat="61.512174" lon="-142.901591"><ele>688.023</ele><time>2026-07-26T19:03:43Z</time></trkpt><trkpt lat="61.512202" lon="-142.901615"><ele>687.825</ele><time>2026-07-26T19:03:46Z</time></trkpt><trkpt lat="61.512233" lon="-142.901654"><ele>687.809</ele><time>2026-07-26T19:03:51Z</time></trkpt><trkpt lat="61.51224" lon="-142.901664"><ele>687.841</ele><time>2026-07-26T19:03:52Z</time></trkpt><trkpt lat="61.512321" lon="-142.901689"><ele>687.886</ele><time>2026-07-26T19:04:00Z</time></trkpt><trkpt lat="61.512374" lon="-142.901747"><ele>687.865</ele><time>2026-07-26T19:04:07Z</time></trkpt><trkpt lat="61.512411" lon="-142.901854"><ele>688.021</ele><time>2026-07-26T19:04:14Z</time></trkpt><trkpt lat="61.512431" lon="-142.901923"><ele>688.810</ele><time>2026-07-26T19:04:21Z</time></trkpt><trkpt lat="61.51248" lon="-142.902034"><ele>688.087</ele><time>2026-07-26T19:04:27Z</time></trkpt><trkpt lat="61.512551" lon="-142.902204"><ele>688.049</ele><time>2026-07-26T19:04:37Z</time></trkpt><trkpt lat="61.512562" lon="-142.902203"><ele>688.635</ele><time>2026-07-26T19:04:43Z</time></trkpt><trkpt lat="61.512563" lon="-142.902189"><ele>688.633</ele><time>2026-07-26T19:04:51Z</time></trkpt><trkpt lat="61.51256" lon="-142.902189"><ele>688.644</ele><time>2026-07-26T19:05:01Z</time></trkpt><trkpt lat="61.512561" lon="-142.902188"><ele>688.605</ele><time>2026-07-26T19:05:09Z</time></trkpt><trkpt lat="61.512562" lon="-142.902188"><ele>688.815</ele><time>2026-07-26T19:05:11Z</time></trkpt><trkpt lat="61.512563" lon="-142.902186"><ele>688.809</ele><time>2026-07-26T19:05:12Z</time></trkpt><trkpt lat="61.512558" lon="-142.902184"><ele>688.896</ele><time>2026-07-26T19:05:14Z</time></trkpt><trkpt lat="61.512554" lon="-142.902193"><ele>688.891</ele><time>2026-07-26T19:05:24Z</time></trkpt><trkpt lat="61.512554" lon="-142.902227"><ele>688.820</ele><time>2026-07-26T19:05:30Z</time></trkpt><trkpt lat="61.512556" lon="-142.902233"><ele>688.626</ele><time>2026-07-26T19:05:39Z</time></trkpt><trkpt lat="61.512556" lon="-142.902234"><ele>688.665</ele><time>2026-07-26T19:05:48Z</time></trkpt><trkpt lat="61.512566" lon="-142.902263"><ele>689.092</ele><time>2026-07-26T19:05:57Z</time></trkpt><trkpt lat="61.512623" lon="-142.902379"><ele>689.484</ele><time>2026-07-26T19:06:04Z</time></trkpt><trkpt lat="61.512699" lon="-142.902515"><ele>689.850</ele><time>2026-07-26T19:06:13Z</time></trkpt><trkpt lat="61.512713" lon="-142.902613"><ele>689.878</ele><time>2026-07-26T19:06:18Z</time></trkpt><trkpt lat="61.512733" lon="-142.902658"><ele>690.032</ele><time>2026-07-26T19:06:21Z</time></trkpt><trkpt lat="61.512773" lon="-142.9028"><ele>689.892</ele><time>2026-07-26T19:06:28Z</time></trkpt><trkpt lat="61.51279" lon="-142.902945"><ele>689.011</ele><time>2026-07-26T19:06:35Z</time></trkpt><trkpt lat="61.512845" lon="-142.903041"><ele>689.809</ele><time>2026-07-26T19:06:43Z</time></trkpt><trkpt lat="61.512885" lon="-142.90311"><ele>690.055</ele><time>2026-07-26T19:06:51Z</time></trkpt><trkpt lat="61.512889" lon="-142.903102"><ele>689.860</ele><time>2026-07-26T19:06:54Z</time></trkpt><trkpt lat="61.512925" lon="-142.903152"><ele>690.049</ele><time>2026-07-26T19:06:58Z</time></trkpt><trkpt lat="61.512989" lon="-142.903257"><ele>690.245</ele><time>2026-07-26T19:07:06Z</time></trkpt><trkpt lat="61.513014" lon="-142.903307"><ele>690.854</ele><time>2026-07-26T19:07:10Z</time></trkpt><trkpt lat="61.513048" lon="-142.903341"><ele>691.471</ele><time>2026-07-26T19:07:14Z</time></trkpt><trkpt lat="61.513064" lon="-142.903366"><ele>691.213</ele><time>2026-07-26T19:07:16Z</time></trkpt><trkpt lat="61.5131" lon="-142.903458"><ele>691.039</ele><time>2026-07-26T19:07:21Z</time></trkpt><trkpt lat="61.51311" lon="-142.903477"><ele>690.857</ele><time>2026-07-26T19:07:22Z</time></trkpt><trkpt lat="61.513154" lon="-142.903569"><ele>690.877</ele><time>2026-07-26T19:07:29Z</time></trkpt><trkpt lat="61.513197" lon="-142.903614"><ele>692.061</ele><time>2026-07-26T19:07:35Z</time></trkpt><trkpt lat="61.513204" lon="-142.903617"><ele>692.227</ele><time>2026-07-26T19:07:36Z</time></trkpt><trkpt lat="61.513242" lon="-142.903685"><ele>693.009</ele><time>2026-07-26T19:07:43Z</time></trkpt><trkpt lat="61.51325" lon="-142.9037"><ele>693.219</ele><time>2026-07-26T19:07:44Z</time></trkpt><trkpt lat="61.51327" lon="-142.903816"><ele>692.814</ele><time>2026-07-26T19:07:49Z</time></trkpt><trkpt lat="61.513286" lon="-142.903836"><ele>692.633</ele><time>2026-07-26T19:07:51Z</time></trkpt><trkpt lat="61.51336" lon="-142.903885"><ele>693.029</ele><time>2026-07-26T19:07:58Z</time></trkpt><trkpt lat="61.513422" lon="-142.903954"><ele>693.278</ele><time>2026-07-26T19:08:05Z</time></trkpt><trkpt lat="61.513447" lon="-142.904033"><ele>692.085</ele><time>2026-07-26T19:08:09Z</time></trkpt><trkpt lat="61.513465" lon="-142.904077"><ele>691.477</ele><time>2026-07-26T19:08:11Z</time></trkpt><trkpt lat="61.513495" lon="-142.90415"><ele>691.093</ele><time>2026-07-26T19:08:15Z</time></trkpt><trkpt lat="61.513516" lon="-142.90416"><ele>691.011</ele><time>2026-07-26T19:08:17Z</time></trkpt><trkpt lat="61.513564" lon="-142.904197"><ele>691.454</ele><time>2026-07-26T19:08:23Z</time></trkpt><trkpt lat="61.513594" lon="-142.904225"><ele>691.456</ele><time>2026-07-26T19:08:26Z</time></trkpt><trkpt lat="61.513643" lon="-142.904313"><ele>691.611</ele><time>2026-07-26T19:08:33Z</time></trkpt><trkpt lat="61.51365" lon="-142.904329"><ele>691.609</ele><time>2026-07-26T19:08:34Z</time></trkpt><trkpt lat="61.513669" lon="-142.904384"><ele>692.017</ele><time>2026-07-26T19:08:39Z</time></trkpt><trkpt lat="61.513677" lon="-142.904393"><ele>692.042</ele><time>2026-07-26T19:08:40Z</time></trkpt><trkpt lat="61.513721" lon="-142.904473"><ele>691.021</ele><time>2026-07-26T19:08:45Z</time></trkpt><trkpt lat="61.513742" lon="-142.904524"><ele>690.237</ele><time>2026-07-26T19:08:47Z</time></trkpt><trkpt lat="61.513751" lon="-142.904541"><ele>690.046</ele><time>2026-07-26T19:08:48Z</time></trkpt><trkpt lat="61.513817" lon="-142.904593"><ele>690.453</ele><time>2026-07-26T19:08:55Z</time></trkpt><trkpt lat="61.513887" lon="-142.904646"><ele>690.465</ele><time>2026-07-26T19:09:02Z</time></trkpt><trkpt lat="61.513891" lon="-142.904648"><ele>690.431</ele><time>2026-07-26T19:09:03Z</time></trkpt><trkpt lat="61.513882" lon="-142.904656"><ele>690.419</ele><time>2026-07-26T19:09:11Z</time></trkpt><trkpt lat="61.513919" lon="-142.904704"><ele>690.086</ele><time>2026-07-26T19:09:16Z</time></trkpt><trkpt lat="61.513929" lon="-142.904715"><ele>690.060</ele><time>2026-07-26T19:09:17Z</time></trkpt><trkpt lat="61.514004" lon="-142.904839"><ele>689.026</ele><time>2026-07-26T19:09:25Z</time></trkpt><trkpt lat="61.514012" lon="-142.904854"><ele>688.809</ele><time>2026-07-26T19:09:26Z</time></trkpt><trkpt lat="61.514045" lon="-142.904864"><ele>688.470</ele><time>2026-07-26T19:09:32Z</time></trkpt><trkpt lat="61.514059" lon="-142.904887"><ele>688.215</ele><time>2026-07-26T19:09:38Z</time></trkpt><trkpt lat="61.51409" lon="-142.90493"><ele>687.654</ele><time>2026-07-26T19:09:43Z</time></trkpt><trkpt lat="61.5141" lon="-142.904961"><ele>687.250</ele><time>2026-07-26T19:09:45Z</time></trkpt><trkpt lat="61.51408" lon="-142.904979"><ele>686.629</ele><time>2026-07-26T19:09:50Z</time></trkpt><trkpt lat="61.514081" lon="-142.904986"><ele>686.616</ele><time>2026-07-26T19:09:52Z</time></trkpt><trkpt lat="61.514076" lon="-142.904984"><ele>686.878</ele><time>2026-07-26T19:09:59Z</time></trkpt><trkpt lat="61.514087" lon="-142.90497"><ele>686.894</ele><time>2026-07-26T19:10:10Z</time></trkpt><trkpt lat="61.514085" lon="-142.904972"><ele>686.882</ele><time>2026-07-26T19:10:11Z</time></trkpt><trkpt lat="61.514082" lon="-142.904969"><ele>686.876</ele><time>2026-07-26T19:10:12Z</time></trkpt><trkpt lat="61.514075" lon="-142.904998"><ele>687.090</ele><time>2026-07-26T19:10:18Z</time></trkpt><trkpt lat="61.514073" lon="-142.904995"><ele>686.819</ele><time>2026-07-26T19:10:29Z</time></trkpt><trkpt lat="61.514073" lon="-142.904995"><ele>687.009</ele><time>2026-07-26T19:10:38Z</time></trkpt><trkpt lat="61.514077" lon="-142.905009"><ele>687.099</ele><time>2026-07-26T19:10:50Z</time></trkpt><trkpt lat="61.514081" lon="-142.905016"><ele>687.234</ele><time>2026-07-26T19:10:52Z</time></trkpt><trkpt lat="61.514078" lon="-142.904987"><ele>687.213</ele><time>2026-07-26T19:10:58Z</time></trkpt><trkpt lat="61.514066" lon="-142.904976"><ele>687.219</ele><time>2026-07-26T19:11:04Z</time></trkpt><trkpt lat="61.514047" lon="-142.904992"><ele>687.068</ele><time>2026-07-26T19:11:07Z</time></trkpt><trkpt lat="61.514026" lon="-142.905038"><ele>685.675</ele><time>2026-07-26T19:11:12Z</time></trkpt><trkpt lat="61.514008" lon="-142.905075"><ele>684.447</ele><time>2026-07-26T19:11:14Z</time></trkpt><trkpt lat="61.513986" lon="-142.905115"><ele>683.293</ele><time>2026-07-26T19:11:16Z</time></trkpt><trkpt lat="61.51396" lon="-142.905142"><ele>682.221</ele><time>2026-07-26T19:11:18Z</time></trkpt><trkpt lat="61.513919" lon="-142.905192"><ele>681.285</ele><time>2026-07-26T19:11:22Z</time></trkpt><trkpt lat="61.513908" lon="-142.905263"><ele>681.089</ele><time>2026-07-26T19:11:25Z</time></trkpt><trkpt lat="61.513919" lon="-142.905281"><ele>680.817</ele><time>2026-07-26T19:11:26Z</time></trkpt><trkpt lat="61.513927" lon="-142.905298"><ele>680.609</ele><time>2026-07-26T19:11:27Z</time></trkpt><trkpt lat="61.513976" lon="-142.905351"><ele>680.690</ele><time>2026-07-26T19:11:32Z</time></trkpt><trkpt lat="61.514044" lon="-142.905403"><ele>681.025</ele><time>2026-07-26T19:11:40Z</time></trkpt><trkpt lat="61.51409" lon="-142.905441"><ele>679.814</ele><time>2026-07-26T19:11:43Z</time></trkpt><trkpt lat="61.514118" lon="-142.905495"><ele>678.690</ele><time>2026-07-26T19:11:46Z</time></trkpt><trkpt lat="61.514147" lon="-142.905572"><ele>677.269</ele><time>2026-07-26T19:11:49Z</time></trkpt><trkpt lat="61.514154" lon="-142.905602"><ele>676.216</ele><time>2026-07-26T19:11:51Z</time></trkpt><trkpt lat="61.514158" lon="-142.90562"><ele>676.048</ele><time>2026-07-26T19:11:52Z</time></trkpt><trkpt lat="61.514167" lon="-142.905623"><ele>676.454</ele><time>2026-07-26T19:11:58Z</time></trkpt><trkpt lat="61.514164" lon="-142.905626"><ele>676.452</ele><time>2026-07-26T19:12:02Z</time></trkpt><trkpt lat="61.514164" lon="-142.905625"><ele>676.453</ele><time>2026-07-26T19:12:04Z</time></trkpt><trkpt lat="61.514164" lon="-142.905625"><ele>676.604</ele><time>2026-07-26T19:12:05Z</time></trkpt><trkpt lat="61.514164" lon="-142.905625"><ele>676.614</ele><time>2026-07-26T19:12:06Z</time></trkpt><trkpt lat="61.514164" lon="-142.905625"><ele>676.609</ele><time>2026-07-26T19:12:07Z</time></trkpt><trkpt lat="61.514164" lon="-142.905625"><ele>676.677</ele><time>2026-07-26T19:12:10Z</time></trkpt><trkpt lat="61.514164" lon="-142.905625"><ele>676.632</ele><time>2026-07-26T19:12:20Z</time></trkpt><trkpt lat="61.514215" lon="-142.905648"><ele>676.681</ele><time>2026-07-26T19:12:26Z</time></trkpt><trkpt lat="61.51423" lon="-142.90566"><ele>676.277</ele><time>2026-07-26T19:12:33Z</time></trkpt><trkpt lat="61.514267" lon="-142.905715"><ele>675.626</ele><time>2026-07-26T19:12:40Z</time></trkpt><trkpt lat="61.514285" lon="-142.905719"><ele>675.443</ele><time>2026-07-26T19:12:46Z</time></trkpt><trkpt lat="61.514283" lon="-142.905726"><ele>675.675</ele><time>2026-07-26T19:12:55Z</time></trkpt><trkpt lat="61.514285" lon="-142.905719"><ele>675.671</ele><time>2026-07-26T19:13:01Z</time></trkpt><trkpt lat="61.514289" lon="-142.905747"><ele>676.039</ele><time>2026-07-26T19:13:07Z</time></trkpt><trkpt lat="61.514288" lon="-142.905752"><ele>676.217</ele><time>2026-07-26T19:13:08Z</time></trkpt><trkpt lat="61.51431" lon="-142.905766"><ele>676.087</ele><time>2026-07-26T19:13:18Z</time></trkpt><trkpt lat="61.514371" lon="-142.905777"><ele>675.615</ele><time>2026-07-26T19:13:24Z</time></trkpt><trkpt lat="61.514375" lon="-142.905795"><ele>675.409</ele><time>2026-07-26T19:13:35Z</time></trkpt><trkpt lat="61.514395" lon="-142.905828"><ele>675.063</ele><time>2026-07-26T19:13:42Z</time></trkpt><trkpt lat="61.514419" lon="-142.905853"><ele>674.878</ele><time>2026-07-26T19:13:47Z</time></trkpt><trkpt lat="61.51441" lon="-142.905883"><ele>674.257</ele><time>2026-07-26T19:13:54Z</time></trkpt><trkpt lat="61.514406" lon="-142.905891"><ele>673.863</ele><time>2026-07-26T19:13:55Z</time></trkpt><trkpt lat="61.514378" lon="-142.905897"><ele>672.812</ele><time>2026-07-26T19:14:00Z</time></trkpt><trkpt lat="61.514347" lon="-142.905914"><ele>672.229</ele><time>2026-07-26T19:14:06Z</time></trkpt><trkpt lat="61.514335" lon="-142.90594"><ele>671.871</ele><time>2026-07-26T19:14:15Z</time></trkpt><trkpt lat="61.514335" lon="-142.905939"><ele>671.847</ele><time>2026-07-26T19:14:16Z</time></trkpt><trkpt lat="61.514299" lon="-142.905967"><ele>670.655</ele><time>2026-07-26T19:14:21Z</time></trkpt><trkpt lat="61.514276" lon="-142.905971"><ele>669.646</ele><time>2026-07-26T19:14:24Z</time></trkpt><trkpt lat="61.51426" lon="-142.905989"><ele>669.288</ele><time>2026-07-26T19:14:26Z</time></trkpt><trkpt lat="61.514275" lon="-142.906001"><ele>669.016</ele><time>2026-07-26T19:14:28Z</time></trkpt><trkpt lat="61.514314" lon="-142.906082"><ele>668.609</ele><time>2026-07-26T19:14:35Z</time></trkpt><trkpt lat="61.51436" lon="-142.906115"><ele>667.616</ele><time>2026-07-26T19:14:40Z</time></trkpt><trkpt lat="61.514369" lon="-142.906126"><ele>667.621</ele><time>2026-07-26T19:14:41Z</time></trkpt><trkpt lat="61.514425" lon="-142.906199"><ele>667.440</ele><time>2026-07-26T19:14:49Z</time></trkpt><trkpt lat="61.514467" lon="-142.906237"><ele>666.646</ele><time>2026-07-26T19:14:57Z</time></trkpt><trkpt lat="61.514474" lon="-142.90625"><ele>666.465</ele><time>2026-07-26T19:14:59Z</time></trkpt><trkpt lat="61.514496" lon="-142.906288"><ele>665.882</ele><time>2026-07-26T19:15:05Z</time></trkpt><trkpt lat="61.514505" lon="-142.906304"><ele>665.474</ele><time>2026-07-26T19:15:07Z</time></trkpt><trkpt lat="61.514503" lon="-142.906303"><ele>665.450</ele><time>2026-07-26T19:15:12Z</time></trkpt><trkpt lat="61.514514" lon="-142.906372"><ele>664.858</ele><time>2026-07-26T19:15:16Z</time></trkpt><trkpt lat="61.514512" lon="-142.906378"><ele>664.412</ele><time>2026-07-26T19:15:17Z</time></trkpt><trkpt lat="61.514511" lon="-142.906382"><ele>664.232</ele><time>2026-07-26T19:15:18Z</time></trkpt><trkpt lat="61.51449" lon="-142.906391"><ele>663.805</ele><time>2026-07-26T19:15:25Z</time></trkpt><trkpt lat="61.514505" lon="-142.906374"><ele>664.209</ele><time>2026-07-26T19:15:31Z</time></trkpt><trkpt lat="61.514478" lon="-142.906393"><ele>663.873</ele><time>2026-07-26T19:15:36Z</time></trkpt><trkpt lat="61.514445" lon="-142.906396"><ele>663.078</ele><time>2026-07-26T19:15:38Z</time></trkpt><trkpt lat="61.514413" lon="-142.906398"><ele>662.027</ele><time>2026-07-26T19:15:41Z</time></trkpt><trkpt lat="61.514404" lon="-142.906394"><ele>662.063</ele><time>2026-07-26T19:15:42Z</time></trkpt><trkpt lat="61.51435" lon="-142.906397"><ele>661.812</ele><time>2026-07-26T19:15:47Z</time></trkpt><trkpt lat="61.514329" lon="-142.906389"><ele>662.089</ele><time>2026-07-26T19:15:52Z</time></trkpt><trkpt lat="61.514261" lon="-142.906355"><ele>662.821</ele><time>2026-07-26T19:15:59Z</time></trkpt><trkpt lat="61.514251" lon="-142.906355"><ele>663.067</ele><time>2026-07-26T19:16:00Z</time></trkpt><trkpt lat="61.514164" lon="-142.90634"><ele>662.045</ele><time>2026-07-26T19:16:07Z</time></trkpt><trkpt lat="61.514119" lon="-142.906275"><ele>661.895</ele><time>2026-07-26T19:16:12Z</time></trkpt><trkpt lat="61.514069" lon="-142.906234"><ele>661.449</ele><time>2026-07-26T19:16:18Z</time></trkpt><trkpt lat="61.514053" lon="-142.906233"><ele>661.223</ele><time>2026-07-26T19:16:21Z</time></trkpt><trkpt lat="61.514034" lon="-142.906241"><ele>660.809</ele><time>2026-07-26T19:16:24Z</time></trkpt><trkpt lat="61.51402" lon="-142.906244"><ele>660.661</ele><time>2026-07-26T19:16:25Z</time></trkpt><trkpt lat="61.513998" lon="-142.906241"><ele>659.866</ele><time>2026-07-26T19:16:28Z</time></trkpt><trkpt lat="61.51397" lon="-142.906231"><ele>659.485</ele><time>2026-07-26T19:16:31Z</time></trkpt><trkpt lat="61.513948" lon="-142.906253"><ele>659.031</ele><time>2026-07-26T19:16:35Z</time></trkpt><trkpt lat="61.513955" lon="-142.906274"><ele>658.820</ele><time>2026-07-26T19:16:37Z</time></trkpt><trkpt lat="61.513957" lon="-142.90629"><ele>658.697</ele><time>2026-07-26T19:16:39Z</time></trkpt><trkpt lat="61.513967" lon="-142.906357"><ele>657.889</ele><time>2026-07-26T19:16:45Z</time></trkpt><trkpt lat="61.513973" lon="-142.906417"><ele>657.625</ele><time>2026-07-26T19:16:47Z</time></trkpt><trkpt lat="61.513973" lon="-142.906497"><ele>656.693</ele><time>2026-07-26T19:16:50Z</time></trkpt><trkpt lat="61.513978" lon="-142.906513"><ele>656.218</ele><time>2026-07-26T19:16:51Z</time></trkpt><trkpt lat="61.513989" lon="-142.906535"><ele>655.698</ele><time>2026-07-26T19:16:52Z</time></trkpt><trkpt lat="61.514" lon="-142.906552"><ele>655.217</ele><time>2026-07-26T19:16:53Z</time></trkpt><trkpt lat="61.51403" lon="-142.906618"><ele>654.009</ele><time>2026-07-26T19:16:56Z</time></trkpt><trkpt lat="61.514038" lon="-142.906634"><ele>653.613</ele><time>2026-07-26T19:16:57Z</time></trkpt><trkpt lat="61.514056" lon="-142.906672"><ele>653.078</ele><time>2026-07-26T19:16:59Z</time></trkpt><trkpt lat="61.514094" lon="-142.906722"><ele>652.017</ele><time>2026-07-26T19:17:04Z</time></trkpt><trkpt lat="61.514101" lon="-142.90673"><ele>651.823</ele><time>2026-07-26T19:17:05Z</time></trkpt><trkpt lat="61.514108" lon="-142.906752"><ele>651.032</ele><time>2026-07-26T19:17:07Z</time></trkpt><trkpt lat="61.514111" lon="-142.906772"><ele>650.699</ele><time>2026-07-26T19:17:09Z</time></trkpt><trkpt lat="61.514132" lon="-142.90683"><ele>649.831</ele><time>2026-07-26T19:17:14Z</time></trkpt><trkpt lat="61.514148" lon="-142.906863"><ele>649.437</ele><time>2026-07-26T19:17:16Z</time></trkpt><trkpt lat="61.51418" lon="-142.906895"><ele>648.625</ele><time>2026-07-26T19:17:20Z</time></trkpt><trkpt lat="61.514198" lon="-142.906894"><ele>648.461</ele><time>2026-07-26T19:17:22Z</time></trkpt><trkpt lat="61.51421" lon="-142.906924"><ele>647.821</ele><time>2026-07-26T19:17:26Z</time></trkpt><trkpt lat="61.514203" lon="-142.906945"><ele>647.213</ele><time>2026-07-26T19:17:28Z</time></trkpt><trkpt lat="61.514179" lon="-142.906981"><ele>646.409</ele><time>2026-07-26T19:17:32Z</time></trkpt><trkpt lat="61.514172" lon="-142.906979"><ele>646.248</ele><time>2026-07-26T19:17:33Z</time></trkpt><trkpt lat="61.514128" lon="-142.906966"><ele>645.053</ele><time>2026-07-26T19:17:39Z</time></trkpt><trkpt lat="61.5141" lon="-142.90699"><ele>644.042</ele><time>2026-07-26T19:17:45Z</time></trkpt><trkpt lat="61.514083" lon="-142.90702"><ele>643.018</ele><time>2026-07-26T19:17:51Z</time></trkpt><trkpt lat="61.514073" lon="-142.907024"><ele>642.817</ele><time>2026-07-26T19:17:52Z</time></trkpt><trkpt lat="61.514013" lon="-142.907018"><ele>641.854</ele><time>2026-07-26T19:18:00Z</time></trkpt><trkpt lat="61.513959" lon="-142.907029"><ele>641.026</ele><time>2026-07-26T19:18:07Z</time></trkpt><trkpt lat="61.513953" lon="-142.907038"><ele>640.832</ele><time>2026-07-26T19:18:08Z</time></trkpt><trkpt lat="61.513946" lon="-142.907048"><ele>640.620</ele><time>2026-07-26T19:18:09Z</time></trkpt><trkpt lat="61.513936" lon="-142.907087"><ele>640.291</ele><time>2026-07-26T19:18:12Z</time></trkpt><trkpt lat="61.513953" lon="-142.907093"><ele>640.081</ele><time>2026-07-26T19:18:13Z</time></trkpt><trkpt lat="61.513964" lon="-142.907097"><ele>639.619</ele><time>2026-07-26T19:18:14Z</time></trkpt><trkpt lat="61.51398" lon="-142.907134"><ele>638.809</ele><time>2026-07-26T19:18:16Z</time></trkpt><trkpt lat="61.513979" lon="-142.907165"><ele>638.281</ele><time>2026-07-26T19:18:17Z</time></trkpt><trkpt lat="61.51398" lon="-142.907188"><ele>637.616</ele><time>2026-07-26T19:18:18Z</time></trkpt><trkpt lat="61.513992" lon="-142.907232"><ele>636.855</ele><time>2026-07-26T19:18:20Z</time></trkpt><trkpt lat="61.514017" lon="-142.907288"><ele>635.641</ele><time>2026-07-26T19:18:24Z</time></trkpt><trkpt lat="61.514039" lon="-142.90737"><ele>634.670</ele><time>2026-07-26T19:18:28Z</time></trkpt><trkpt lat="61.514077" lon="-142.907398"><ele>634.257</ele><time>2026-07-26T19:18:32Z</time></trkpt><trkpt lat="61.514151" lon="-142.907457"><ele>633.419</ele><time>2026-07-26T19:18:38Z</time></trkpt><trkpt lat="61.514151" lon="-142.907463"><ele>633.445</ele><time>2026-07-26T19:18:39Z</time></trkpt><trkpt lat="61.514154" lon="-142.907496"><ele>632.673</ele><time>2026-07-26T19:18:43Z</time></trkpt><trkpt lat="61.514156" lon="-142.907505"><ele>632.434</ele><time>2026-07-26T19:18:44Z</time></trkpt><trkpt lat="61.514157" lon="-142.907512"><ele>632.055</ele><time>2026-07-26T19:18:46Z</time></trkpt><trkpt lat="61.514181" lon="-142.907558"><ele>631.410</ele><time>2026-07-26T19:18:50Z</time></trkpt><trkpt lat="61.5142" lon="-142.907598"><ele>630.809</ele><time>2026-07-26T19:18:52Z</time></trkpt><trkpt lat="61.514207" lon="-142.90765"><ele>630.265</ele><time>2026-07-26T19:18:54Z</time></trkpt><trkpt lat="61.514213" lon="-142.907727"><ele>629.440</ele><time>2026-07-26T19:18:58Z</time></trkpt><trkpt lat="61.514213" lon="-142.907741"><ele>629.269</ele><time>2026-07-26T19:18:59Z</time></trkpt><trkpt lat="61.514242" lon="-142.907809"><ele>627.815</ele><time>2026-07-26T19:19:03Z</time></trkpt><trkpt lat="61.514253" lon="-142.907836"><ele>627.244</ele><time>2026-07-26T19:19:04Z</time></trkpt><trkpt lat="61.514263" lon="-142.907861"><ele>626.651</ele><time>2026-07-26T19:19:05Z</time></trkpt><trkpt lat="61.514287" lon="-142.907941"><ele>625.423</ele><time>2026-07-26T19:19:08Z</time></trkpt><trkpt lat="61.514285" lon="-142.908005"><ele>624.639</ele><time>2026-07-26T19:19:11Z</time></trkpt><trkpt lat="61.514291" lon="-142.908022"><ele>624.497</ele><time>2026-07-26T19:19:12Z</time></trkpt><trkpt lat="61.514309" lon="-142.908123"><ele>623.614</ele><time>2026-07-26T19:19:16Z</time></trkpt><trkpt lat="61.514307" lon="-142.908151"><ele>623.654</ele><time>2026-07-26T19:19:17Z</time></trkpt><trkpt lat="61.514288" lon="-142.908186"><ele>623.009</ele><time>2026-07-26T19:19:19Z</time></trkpt><trkpt lat="61.514274" lon="-142.908223"><ele>622.409</ele><time>2026-07-26T19:19:21Z</time></trkpt><trkpt lat="61.514283" lon="-142.90827"><ele>621.873</ele><time>2026-07-26T19:19:23Z</time></trkpt><trkpt lat="61.514291" lon="-142.908357"><ele>621.668</ele><time>2026-07-26T19:19:27Z</time></trkpt><trkpt lat="61.514295" lon="-142.908455"><ele>622.017</ele><time>2026-07-26T19:19:32Z</time></trkpt><trkpt lat="61.514302" lon="-142.90848"><ele>621.873</ele><time>2026-07-26T19:19:33Z</time></trkpt><trkpt lat="61.51432" lon="-142.908574"><ele>620.812</ele><time>2026-07-26T19:19:37Z</time></trkpt><trkpt lat="61.514338" lon="-142.908588"><ele>620.479</ele><time>2026-07-26T19:19:39Z</time></trkpt><trkpt lat="61.514345" lon="-142.908626"><ele>620.041</ele><time>2026-07-26T19:19:41Z</time></trkpt><trkpt lat="61.51434" lon="-142.908642"><ele>620.067</ele><time>2026-07-26T19:19:42Z</time></trkpt><trkpt lat="61.5143" lon="-142.908606"><ele>619.815</ele><time>2026-07-26T19:19:46Z</time></trkpt><trkpt lat="61.514297" lon="-142.908622"><ele>619.619</ele><time>2026-07-26T19:19:47Z</time></trkpt><trkpt lat="61.5143" lon="-142.908663"><ele>618.609</ele><time>2026-07-26T19:19:51Z</time></trkpt><trkpt lat="61.514302" lon="-142.908659"><ele>618.419</ele><time>2026-07-26T19:19:52Z</time></trkpt><trkpt lat="61.514302" lon="-142.908659"><ele>618.209</ele><time>2026-07-26T19:19:57Z</time></trkpt><trkpt lat="61.514325" lon="-142.908743"><ele>618.013</ele><time>2026-07-26T19:20:03Z</time></trkpt><trkpt lat="61.514331" lon="-142.908835"><ele>618.438</ele><time>2026-07-26T19:20:08Z</time></trkpt><trkpt lat="61.514343" lon="-142.908859"><ele>618.827</ele><time>2026-07-26T19:20:10Z</time></trkpt><trkpt lat="61.514368" lon="-142.908888"><ele>619.463</ele><time>2026-07-26T19:20:14Z</time></trkpt><trkpt lat="61.514379" lon="-142.908936"><ele>620.042</ele><time>2026-07-26T19:20:17Z</time></trkpt><trkpt lat="61.51439" lon="-142.90903"><ele>619.879</ele><time>2026-07-26T19:20:22Z</time></trkpt><trkpt lat="61.514402" lon="-142.909073"><ele>619.661</ele><time>2026-07-26T19:20:25Z</time></trkpt><trkpt lat="61.514447" lon="-142.909134"><ele>618.827</ele><time>2026-07-26T19:20:31Z</time></trkpt><trkpt lat="61.514468" lon="-142.909165"><ele>618.475</ele><time>2026-07-26T19:20:35Z</time></trkpt><trkpt lat="61.514469" lon="-142.909172"><ele>618.265</ele><time>2026-07-26T19:20:37Z</time></trkpt><trkpt lat="61.514467" lon="-142.909171"><ele>618.068</ele><time>2026-07-26T19:20:48Z</time></trkpt><trkpt lat="61.514483" lon="-142.909242"><ele>617.214</ele><time>2026-07-26T19:20:52Z</time></trkpt><trkpt lat="61.514486" lon="-142.909266"><ele>616.609</ele><time>2026-07-26T19:20:54Z</time></trkpt><trkpt lat="61.514496" lon="-142.909288"><ele>616.238</ele><time>2026-07-26T19:20:56Z</time></trkpt><trkpt lat="61.51451" lon="-142.909338"><ele>615.813</ele><time>2026-07-26T19:21:00Z</time></trkpt><trkpt lat="61.514499" lon="-142.909388"><ele>615.092</ele><time>2026-07-26T19:21:03Z</time></trkpt><trkpt lat="61.514502" lon="-142.909427"><ele>614.618</ele><time>2026-07-26T19:21:05Z</time></trkpt><trkpt lat="61.514511" lon="-142.909447"><ele>614.447</ele><time>2026-07-26T19:21:06Z</time></trkpt><trkpt lat="61.514521" lon="-142.909494"><ele>614.084</ele><time>2026-07-26T19:21:10Z</time></trkpt><trkpt lat="61.514516" lon="-142.909515"><ele>613.646</ele><time>2026-07-26T19:21:12Z</time></trkpt><trkpt lat="61.514519" lon="-142.909539"><ele>613.482</ele><time>2026-07-26T19:21:20Z</time></trkpt><trkpt lat="61.514574" lon="-142.909564"><ele>613.630</ele><time>2026-07-26T19:21:27Z</time></trkpt><trkpt lat="61.514601" lon="-142.909595"><ele>614.875</ele><time>2026-07-26T19:21:33Z</time></trkpt><trkpt lat="61.514609" lon="-142.909625"><ele>615.228</ele><time>2026-07-26T19:21:35Z</time></trkpt><trkpt lat="61.514601" lon="-142.909639"><ele>615.820</ele><time>2026-07-26T19:21:39Z</time></trkpt><trkpt lat="61.514597" lon="-142.909676"><ele>616.409</ele><time>2026-07-26T19:21:42Z</time></trkpt><trkpt lat="61.514606" lon="-142.909702"><ele>616.839</ele><time>2026-07-26T19:21:44Z</time></trkpt><trkpt lat="61.514613" lon="-142.909732"><ele>617.484</ele><time>2026-07-26T19:21:48Z</time></trkpt><trkpt lat="61.514615" lon="-142.909741"><ele>617.653</ele><time>2026-07-26T19:21:49Z</time></trkpt><trkpt lat="61.514615" lon="-142.909824"><ele>618.499</ele><time>2026-07-26T19:21:55Z</time></trkpt><trkpt lat="61.514632" lon="-142.909869"><ele>618.238</ele><time>2026-07-26T19:22:01Z</time></trkpt><trkpt lat="61.514636" lon="-142.909873"><ele>618.275</ele><time>2026-07-26T19:22:02Z</time></trkpt><trkpt lat="61.514631" lon="-142.909864"><ele>618.287</ele><time>2026-07-26T19:22:09Z</time></trkpt><trkpt lat="61.514646" lon="-142.909943"><ele>618.463</ele><time>2026-07-26T19:22:14Z</time></trkpt><trkpt lat="61.514651" lon="-142.90996"><ele>618.661</ele><time>2026-07-26T19:22:15Z</time></trkpt><trkpt lat="61.514655" lon="-142.91006"><ele>619.649</ele><time>2026-07-26T19:22:21Z</time></trkpt><trkpt lat="61.514656" lon="-142.910077"><ele>619.802</ele><time>2026-07-26T19:22:22Z</time></trkpt><trkpt lat="61.514684" lon="-142.910182"><ele>620.622</ele><time>2026-07-26T19:22:29Z</time></trkpt><trkpt lat="61.514688" lon="-142.910184"><ele>620.809</ele><time>2026-07-26T19:22:30Z</time></trkpt><trkpt lat="61.514688" lon="-142.910185"><ele>621.026</ele><time>2026-07-26T19:22:32Z</time></trkpt><trkpt lat="61.514682" lon="-142.910173"><ele>621.241</ele><time>2026-07-26T19:22:35Z</time></trkpt><trkpt lat="61.514678" lon="-142.910145"><ele>621.070</ele><time>2026-07-26T19:22:39Z</time></trkpt><trkpt lat="61.514697" lon="-142.910186"><ele>621.286</ele><time>2026-07-26T19:22:45Z</time></trkpt><trkpt lat="61.514731" lon="-142.91024"><ele>621.815</ele><time>2026-07-26T19:22:50Z</time></trkpt><trkpt lat="61.514759" lon="-142.910302"><ele>622.432</ele><time>2026-07-26T19:22:54Z</time></trkpt><trkpt lat="61.514786" lon="-142.910347"><ele>622.814</ele><time>2026-07-26T19:22:59Z</time></trkpt><trkpt lat="61.514778" lon="-142.910356"><ele>622.870</ele><time>2026-07-26T19:23:01Z</time></trkpt><trkpt lat="61.514773" lon="-142.910342"><ele>623.058</ele><time>2026-07-26T19:23:10Z</time></trkpt><trkpt lat="61.514775" lon="-142.910294"><ele>623.019</ele><time>2026-07-26T19:23:18Z</time></trkpt><trkpt lat="61.514778" lon="-142.9103"><ele>622.809</ele><time>2026-07-26T19:23:25Z</time></trkpt><trkpt lat="61.514787" lon="-142.910323"><ele>622.819</ele><time>2026-07-26T19:23:33Z</time></trkpt><trkpt lat="61.514805" lon="-142.910366"><ele>623.209</ele><time>2026-07-26T19:23:38Z</time></trkpt><trkpt lat="61.51481" lon="-142.910374"><ele>623.473</ele><time>2026-07-26T19:23:39Z</time></trkpt><trkpt lat="61.514839" lon="-142.910416"><ele>623.678</ele><time>2026-07-26T19:23:43Z</time></trkpt><trkpt lat="61.514845" lon="-142.910422"><ele>623.877</ele><time>2026-07-26T19:23:44Z</time></trkpt><trkpt lat="61.51485" lon="-142.910448"><ele>624.063</ele><time>2026-07-26T19:23:46Z</time></trkpt><trkpt lat="61.514855" lon="-142.910435"><ele>624.242</ele><time>2026-07-26T19:23:49Z</time></trkpt><trkpt lat="61.514853" lon="-142.910432"><ele>624.249</ele><time>2026-07-26T19:23:52Z</time></trkpt><trkpt lat="61.514853" lon="-142.910432"><ele>624.231</ele><time>2026-07-26T19:24:01Z</time></trkpt><trkpt lat="61.514853" lon="-142.910508"><ele>624.227</ele><time>2026-07-26T19:24:10Z</time></trkpt><trkpt lat="61.514881" lon="-142.910685"><ele>624.425</ele><time>2026-07-26T19:24:18Z</time></trkpt><trkpt lat="61.514877" lon="-142.910705"><ele>624.455</ele><time>2026-07-26T19:24:19Z</time></trkpt><trkpt lat="61.514848" lon="-142.910763"><ele>624.807</ele><time>2026-07-26T19:24:23Z</time></trkpt><trkpt lat="61.514838" lon="-142.910768"><ele>625.017</ele><time>2026-07-26T19:24:24Z</time></trkpt><trkpt lat="61.514795" lon="-142.910802"><ele>625.609</ele><time>2026-07-26T19:24:29Z</time></trkpt><trkpt lat="61.514779" lon="-142.910815"><ele>625.897</ele><time>2026-07-26T19:24:31Z</time></trkpt><trkpt lat="61.514771" lon="-142.910824"><ele>626.042</ele><time>2026-07-26T19:24:32Z</time></trkpt><trkpt lat="61.514762" lon="-142.910835"><ele>626.291</ele><time>2026-07-26T19:24:33Z</time></trkpt><trkpt lat="61.514758" lon="-142.910851"><ele>626.417</ele><time>2026-07-26T19:24:34Z</time></trkpt><trkpt lat="61.514753" lon="-142.910861"><ele>626.416</ele><time>2026-07-26T19:24:35Z</time></trkpt><trkpt lat="61.514748" lon="-142.910878"><ele>626.693</ele><time>2026-07-26T19:24:36Z</time></trkpt><trkpt lat="61.514745" lon="-142.910897"><ele>626.815</ele><time>2026-07-26T19:24:37Z</time></trkpt><trkpt lat="61.514731" lon="-142.910952"><ele>627.491</ele><time>2026-07-26T19:24:41Z</time></trkpt><trkpt lat="61.514721" lon="-142.910956"><ele>627.689</ele><time>2026-07-26T19:24:43Z</time></trkpt><trkpt lat="61.514712" lon="-142.910988"><ele>627.869</ele><time>2026-07-26T19:24:45Z</time></trkpt><trkpt lat="61.514711" lon="-142.910995"><ele>628.004</ele><time>2026-07-26T19:24:46Z</time></trkpt><trkpt lat="61.514717" lon="-142.910994"><ele>628.224</ele><time>2026-07-26T19:24:48Z</time></trkpt><trkpt lat="61.514726" lon="-142.91101"><ele>628.409</ele><time>2026-07-26T19:24:53Z</time></trkpt><trkpt lat="61.514733" lon="-142.91105"><ele>629.078</ele><time>2026-07-26T19:24:56Z</time></trkpt><trkpt lat="61.514741" lon="-142.911086"><ele>630.073</ele><time>2026-07-26T19:25:00Z</time></trkpt><trkpt lat="61.51475" lon="-142.911111"><ele>630.482</ele><time>2026-07-26T19:25:03Z</time></trkpt><trkpt lat="61.514772" lon="-142.911155"><ele>631.288</ele><time>2026-07-26T19:25:07Z</time></trkpt><trkpt lat="61.514767" lon="-142.911195"><ele>632.457</ele><time>2026-07-26T19:25:13Z</time></trkpt><trkpt lat="61.514782" lon="-142.911254"><ele>633.424</ele><time>2026-07-26T19:25:18Z</time></trkpt><trkpt lat="61.514781" lon="-142.911319"><ele>634.066</ele><time>2026-07-26T19:25:22Z</time></trkpt><trkpt lat="61.514778" lon="-142.911355"><ele>634.062</ele><time>2026-07-26T19:25:24Z</time></trkpt><trkpt lat="61.514781" lon="-142.911376"><ele>634.060</ele><time>2026-07-26T19:25:25Z</time></trkpt><trkpt lat="61.514818" lon="-142.911441"><ele>634.462</ele><time>2026-07-26T19:25:31Z</time></trkpt><trkpt lat="61.514819" lon="-142.911459"><ele>634.883</ele><time>2026-07-26T19:25:35Z</time></trkpt><trkpt lat="61.514819" lon="-142.911461"><ele>635.011</ele><time>2026-07-26T19:25:42Z</time></trkpt><trkpt lat="61.514819" lon="-142.911461"><ele>634.809</ele><time>2026-07-26T19:25:46Z</time></trkpt><trkpt lat="61.514814" lon="-142.911459"><ele>634.848</ele><time>2026-07-26T19:25:50Z</time></trkpt><trkpt lat="61.514814" lon="-142.911495"><ele>634.853</ele><time>2026-07-26T19:25:55Z</time></trkpt><trkpt lat="61.514827" lon="-142.911518"><ele>635.022</ele><time>2026-07-26T19:26:02Z</time></trkpt><trkpt lat="61.514829" lon="-142.911528"><ele>635.038</ele><time>2026-07-26T19:26:04Z</time></trkpt><trkpt lat="61.514827" lon="-142.911525"><ele>635.277</ele><time>2026-07-26T19:26:06Z</time></trkpt><trkpt lat="61.514827" lon="-142.911525"><ele>635.254</ele><time>2026-07-26T19:26:09Z</time></trkpt><trkpt lat="61.514825" lon="-142.911504"><ele>635.236</ele><time>2026-07-26T19:26:12Z</time></trkpt><trkpt lat="61.514824" lon="-142.911512"><ele>635.012</ele><time>2026-07-26T19:26:14Z</time></trkpt><trkpt lat="61.514848" lon="-142.911601"><ele>635.660</ele><time>2026-07-26T19:26:22Z</time></trkpt><trkpt lat="61.514853" lon="-142.911665"><ele>636.032</ele><time>2026-07-26T19:26:26Z</time></trkpt><trkpt lat="61.514838" lon="-142.911694"><ele>636.292</ele><time>2026-07-26T19:26:28Z</time></trkpt><trkpt lat="61.514833" lon="-142.911708"><ele>636.611</ele><time>2026-07-26T19:26:30Z</time></trkpt><trkpt lat="61.514836" lon="-142.911769"><ele>637.409</ele><time>2026-07-26T19:26:35Z</time></trkpt><trkpt lat="61.51484" lon="-142.911828"><ele>637.845</ele><time>2026-07-26T19:26:39Z</time></trkpt><trkpt lat="61.514837" lon="-142.911885"><ele>638.430</ele><time>2026-07-26T19:26:43Z</time></trkpt><trkpt lat="61.514831" lon="-142.911936"><ele>638.839</ele><time>2026-07-26T19:26:46Z</time></trkpt><trkpt lat="61.514826" lon="-142.912011"><ele>639.255</ele><time>2026-07-26T19:26:51Z</time></trkpt><trkpt lat="61.514841" lon="-142.912099"><ele>639.494</ele><time>2026-07-26T19:26:56Z</time></trkpt><trkpt lat="61.514844" lon="-142.912124"><ele>639.451</ele><time>2026-07-26T19:26:58Z</time></trkpt><trkpt lat="61.514862" lon="-142.912162"><ele>639.683</ele><time>2026-07-26T19:27:04Z</time></trkpt><trkpt lat="61.514868" lon="-142.912158"><ele>639.659</ele><time>2026-07-26T19:27:05Z</time></trkpt><trkpt lat="61.51488" lon="-142.912179"><ele>639.837</ele><time>2026-07-26T19:27:08Z</time></trkpt><trkpt lat="61.514893" lon="-142.91216"><ele>640.283</ele><time>2026-07-26T19:27:11Z</time></trkpt><trkpt lat="61.51495" lon="-142.912132"><ele>640.625</ele><time>2026-07-26T19:27:17Z</time></trkpt><trkpt lat="61.514958" lon="-142.912136"><ele>640.817</ele><time>2026-07-26T19:27:18Z</time></trkpt><trkpt lat="61.514961" lon="-142.912133"><ele>641.009</ele><time>2026-07-26T19:27:19Z</time></trkpt><trkpt lat="61.515008" lon="-142.912144"><ele>641.030</ele><time>2026-07-26T19:27:26Z</time></trkpt><trkpt lat="61.515034" lon="-142.912139"><ele>640.815</ele><time>2026-07-26T19:27:29Z</time></trkpt><trkpt lat="61.515059" lon="-142.912128"><ele>641.034</ele><time>2026-07-26T19:27:33Z</time></trkpt><trkpt lat="61.515094" lon="-142.912143"><ele>642.050</ele><time>2026-07-26T19:27:40Z</time></trkpt><trkpt lat="61.515102" lon="-142.912149"><ele>642.279</ele><time>2026-07-26T19:27:41Z</time></trkpt><trkpt lat="61.515125" lon="-142.912156"><ele>643.016</ele><time>2026-07-26T19:27:45Z</time></trkpt><trkpt lat="61.515142" lon="-142.912188"><ele>643.658</ele><time>2026-07-26T19:27:48Z</time></trkpt><trkpt lat="61.515152" lon="-142.912213"><ele>644.284</ele><time>2026-07-26T19:27:51Z</time></trkpt><trkpt lat="61.515169" lon="-142.912251"><ele>645.252</ele><time>2026-07-26T19:27:56Z</time></trkpt><trkpt lat="61.515171" lon="-142.91226"><ele>645.249</ele><time>2026-07-26T19:27:57Z</time></trkpt><trkpt lat="61.515175" lon="-142.912266"><ele>645.402</ele><time>2026-07-26T19:27:58Z</time></trkpt><trkpt lat="61.515184" lon="-142.912283"><ele>645.622</ele><time>2026-07-26T19:28:00Z</time></trkpt><trkpt lat="61.515198" lon="-142.912311"><ele>646.409</ele><time>2026-07-26T19:28:04Z</time></trkpt><trkpt lat="61.515218" lon="-142.912345"><ele>646.846</ele><time>2026-07-26T19:28:08Z</time></trkpt><trkpt lat="61.515244" lon="-142.912372"><ele>647.441</ele><time>2026-07-26T19:28:12Z</time></trkpt><trkpt lat="61.51526" lon="-142.912383"><ele>647.660</ele><time>2026-07-26T19:28:14Z</time></trkpt><trkpt lat="61.515266" lon="-142.912385"><ele>647.816</ele><time>2026-07-26T19:28:15Z</time></trkpt><trkpt lat="61.515293" lon="-142.912403"><ele>648.045</ele><time>2026-07-26T19:28:19Z</time></trkpt><trkpt lat="61.515326" lon="-142.912459"><ele>648.262</ele><time>2026-07-26T19:28:24Z</time></trkpt><trkpt lat="61.515334" lon="-142.912477"><ele>648.484</ele><time>2026-07-26T19:28:26Z</time></trkpt><trkpt lat="61.515353" lon="-142.912528"><ele>648.680</ele><time>2026-07-26T19:28:30Z</time></trkpt><trkpt lat="61.515388" lon="-142.912608"><ele>649.228</ele><time>2026-07-26T19:28:38Z</time></trkpt><trkpt lat="61.515387" lon="-142.912614"><ele>649.273</ele><time>2026-07-26T19:28:42Z</time></trkpt><trkpt lat="61.51539" lon="-142.912618"><ele>649.485</ele><time>2026-07-26T19:28:44Z</time></trkpt><trkpt lat="61.51539" lon="-142.912614"><ele>649.613</ele><time>2026-07-26T19:28:45Z</time></trkpt><trkpt lat="61.515401" lon="-142.912627"><ele>649.009</ele><time>2026-07-26T19:28:50Z</time></trkpt><trkpt lat="61.515402" lon="-142.912616"><ele>649.239</ele><time>2026-07-26T19:28:54Z</time></trkpt><trkpt lat="61.5154" lon="-142.912614"><ele>649.274</ele><time>2026-07-26T19:28:57Z</time></trkpt><trkpt lat="61.515399" lon="-142.912616"><ele>649.043</ele><time>2026-07-26T19:29:01Z</time></trkpt><trkpt lat="61.515395" lon="-142.912625"><ele>649.079</ele><time>2026-07-26T19:29:07Z</time></trkpt><trkpt lat="61.515382" lon="-142.912623"><ele>649.048</ele><time>2026-07-26T19:29:16Z</time></trkpt><trkpt lat="61.515409" lon="-142.912631"><ele>648.625</ele><time>2026-07-26T19:29:24Z</time></trkpt><trkpt lat="61.515407" lon="-142.91263"><ele>648.657</ele><time>2026-07-26T19:29:26Z</time></trkpt><trkpt lat="61.515406" lon="-142.912628"><ele>648.653</ele><time>2026-07-26T19:29:27Z</time></trkpt><trkpt lat="61.515405" lon="-142.912626"><ele>648.651</ele><time>2026-07-26T19:29:30Z</time></trkpt><trkpt lat="61.515404" lon="-142.912625"><ele>648.622</ele><time>2026-07-26T19:29:32Z</time></trkpt><trkpt lat="61.515427" lon="-142.912614"><ele>648.662</ele><time>2026-07-26T19:29:40Z</time></trkpt><trkpt lat="61.515426" lon="-142.912615"><ele>648.408</ele><time>2026-07-26T19:29:43Z</time></trkpt><trkpt lat="61.515424" lon="-142.912619"><ele>648.409</ele><time>2026-07-26T19:29:44Z</time></trkpt><trkpt lat="61.515398" lon="-142.912639"><ele>648.434</ele><time>2026-07-26T19:29:52Z</time></trkpt><trkpt lat="61.515414" lon="-142.912624"><ele>648.439</ele><time>2026-07-26T19:30:00Z</time></trkpt><trkpt lat="61.515415" lon="-142.912615"><ele>648.428</ele><time>2026-07-26T19:30:03Z</time></trkpt><trkpt lat="61.515405" lon="-142.912626"><ele>648.254</ele><time>2026-07-26T19:30:12Z</time></trkpt><trkpt lat="61.515413" lon="-142.912617"><ele>648.243</ele><time>2026-07-26T19:30:20Z</time></trkpt><trkpt lat="61.515405" lon="-142.912626"><ele>648.030</ele><time>2026-07-26T19:30:28Z</time></trkpt><trkpt lat="61.515405" lon="-142.912626"><ele>648.012</ele><time>2026-07-26T19:30:29Z</time></trkpt><trkpt lat="61.515415" lon="-142.912618"><ele>648.028</ele><time>2026-07-26T19:30:35Z</time></trkpt><trkpt lat="61.515413" lon="-142.912638"><ele>647.886</ele><time>2026-07-26T19:30:44Z</time></trkpt><trkpt lat="61.515451" lon="-142.912631"><ele>647.824</ele><time>2026-07-26T19:30:50Z</time></trkpt><trkpt lat="61.515465" lon="-142.912676"><ele>647.604</ele><time>2026-07-26T19:30:58Z</time></trkpt><trkpt lat="61.515508" lon="-142.912743"><ele>648.014</ele><time>2026-07-26T19:31:04Z</time></trkpt><trkpt lat="61.515532" lon="-142.912792"><ele>648.409</ele><time>2026-07-26T19:31:09Z</time></trkpt><trkpt lat="61.515554" lon="-142.91284"><ele>648.664</ele><time>2026-07-26T19:31:15Z</time></trkpt><trkpt lat="61.515599" lon="-142.912863"><ele>648.679</ele><time>2026-07-26T19:31:21Z</time></trkpt><trkpt lat="61.515611" lon="-142.912887"><ele>648.638</ele><time>2026-07-26T19:31:23Z</time></trkpt><trkpt lat="61.51564" lon="-142.912928"><ele>649.014</ele><time>2026-07-26T19:31:28Z</time></trkpt><trkpt lat="61.515666" lon="-142.912945"><ele>649.493</ele><time>2026-07-26T19:31:31Z</time></trkpt><trkpt lat="61.515672" lon="-142.912954"><ele>649.620</ele><time>2026-07-26T19:31:32Z</time></trkpt><trkpt lat="61.515679" lon="-142.91297"><ele>650.072</ele><time>2026-07-26T19:31:34Z</time></trkpt><trkpt lat="61.515705" lon="-142.912998"><ele>650.468</ele><time>2026-07-26T19:31:38Z</time></trkpt><trkpt lat="61.515708" lon="-142.913016"><ele>650.616</ele><time>2026-07-26T19:31:40Z</time></trkpt><trkpt lat="61.51571" lon="-142.913031"><ele>650.875</ele><time>2026-07-26T19:31:41Z</time></trkpt><trkpt lat="61.51572" lon="-142.913051"><ele>651.028</ele><time>2026-07-26T19:31:43Z</time></trkpt><trkpt lat="61.515742" lon="-142.91309"><ele>651.620</ele><time>2026-07-26T19:31:47Z</time></trkpt><trkpt lat="61.515756" lon="-142.913102"><ele>651.809</ele><time>2026-07-26T19:31:49Z</time></trkpt><trkpt lat="61.515771" lon="-142.913156"><ele>652.499</ele><time>2026-07-26T19:31:54Z</time></trkpt><trkpt lat="61.515784" lon="-142.913193"><ele>653.094</ele><time>2026-07-26T19:31:58Z</time></trkpt><trkpt lat="61.515797" lon="-142.913202"><ele>653.213</ele><time>2026-07-26T19:32:00Z</time></trkpt><trkpt lat="61.515821" lon="-142.913225"><ele>654.029</ele><time>2026-07-26T19:32:05Z</time></trkpt><trkpt lat="61.515827" lon="-142.913231"><ele>654.278</ele><time>2026-07-26T19:32:06Z</time></trkpt><trkpt lat="61.515839" lon="-142.913243"><ele>654.435</ele><time>2026-07-26T19:32:08Z</time></trkpt><trkpt lat="61.515846" lon="-142.913264"><ele>654.487</ele><time>2026-07-26T19:32:10Z</time></trkpt><trkpt lat="61.515854" lon="-142.913314"><ele>655.053</ele><time>2026-07-26T19:32:14Z</time></trkpt><trkpt lat="61.515857" lon="-142.913326"><ele>655.231</ele><time>2026-07-26T19:32:15Z</time></trkpt><trkpt lat="61.515872" lon="-142.913407"><ele>656.236</ele><time>2026-07-26T19:32:22Z</time></trkpt><trkpt lat="61.515895" lon="-142.913485"><ele>656.817</ele><time>2026-07-26T19:32:28Z</time></trkpt><trkpt lat="61.515901" lon="-142.913501"><ele>657.018</ele><time>2026-07-26T19:32:29Z</time></trkpt><trkpt lat="61.515916" lon="-142.913538"><ele>657.209</ele><time>2026-07-26T19:32:32Z</time></trkpt><trkpt lat="61.515943" lon="-142.913583"><ele>657.435</ele><time>2026-07-26T19:32:36Z</time></trkpt><trkpt lat="61.515964" lon="-142.913603"><ele>657.450</ele><time>2026-07-26T19:32:43Z</time></trkpt><trkpt lat="61.51596" lon="-142.9136"><ele>657.649</ele><time>2026-07-26T19:32:54Z</time></trkpt><trkpt lat="61.51596" lon="-142.913596"><ele>657.475</ele><time>2026-07-26T19:32:59Z</time></trkpt><trkpt lat="61.51596" lon="-142.913595"><ele>657.454</ele><time>2026-07-26T19:33:00Z</time></trkpt><trkpt lat="61.51596" lon="-142.913595"><ele>657.461</ele><time>2026-07-26T19:33:01Z</time></trkpt><trkpt lat="61.51596" lon="-142.913595"><ele>657.433</ele><time>2026-07-26T19:33:02Z</time></trkpt><trkpt lat="61.515953" lon="-142.913611"><ele>657.289</ele><time>2026-07-26T19:33:10Z</time></trkpt><trkpt lat="61.515952" lon="-142.913624"><ele>657.497</ele><time>2026-07-26T19:33:11Z</time></trkpt><trkpt lat="61.515959" lon="-142.913737"><ele>657.836</ele><time>2026-07-26T19:33:17Z</time></trkpt><trkpt lat="61.515963" lon="-142.913769"><ele>657.817</ele><time>2026-07-26T19:33:19Z</time></trkpt><trkpt lat="61.515972" lon="-142.913803"><ele>657.818</ele><time>2026-07-26T19:33:21Z</time></trkpt><trkpt lat="61.515977" lon="-142.913857"><ele>658.009</ele><time>2026-07-26T19:33:24Z</time></trkpt><trkpt lat="61.51598" lon="-142.913914"><ele>658.295</ele><time>2026-07-26T19:33:27Z</time></trkpt><trkpt lat="61.515989" lon="-142.914"><ele>658.660</ele><time>2026-07-26T19:33:32Z</time></trkpt><trkpt lat="61.515988" lon="-142.914109"><ele>659.439</ele><time>2026-07-26T19:33:39Z</time></trkpt><trkpt lat="61.515989" lon="-142.91415"><ele>659.455</ele><time>2026-07-26T19:33:41Z</time></trkpt><trkpt lat="61.51597" lon="-142.914313"><ele>659.834</ele><time>2026-07-26T19:33:49Z</time></trkpt><trkpt lat="61.515951" lon="-142.914394"><ele>660.461</ele><time>2026-07-26T19:33:55Z</time></trkpt><trkpt lat="61.515945" lon="-142.914436"><ele>660.813</ele><time>2026-07-26T19:33:57Z</time></trkpt><trkpt lat="61.515927" lon="-142.914489"><ele>661.449</ele><time>2026-07-26T19:34:00Z</time></trkpt><trkpt lat="61.515916" lon="-142.914529"><ele>662.067</ele><time>2026-07-26T19:34:03Z</time></trkpt><trkpt lat="61.515911" lon="-142.914548"><ele>662.658</ele><time>2026-07-26T19:34:05Z</time></trkpt><trkpt lat="61.515901" lon="-142.914584"><ele>663.252</ele><time>2026-07-26T19:34:08Z</time></trkpt><trkpt lat="61.515888" lon="-142.914604"><ele>663.617</ele><time>2026-07-26T19:34:10Z</time></trkpt><trkpt lat="61.51588" lon="-142.914608"><ele>664.009</ele><time>2026-07-26T19:34:11Z</time></trkpt><trkpt lat="61.515858" lon="-142.914641"><ele>664.827</ele><time>2026-07-26T19:34:15Z</time></trkpt><trkpt lat="61.515843" lon="-142.914659"><ele>665.092</ele><time>2026-07-26T19:34:17Z</time></trkpt><trkpt lat="61.515829" lon="-142.914723"><ele>665.411</ele><time>2026-07-26T19:34:22Z</time></trkpt><trkpt lat="61.515818" lon="-142.914737"><ele>665.637</ele><time>2026-07-26T19:34:24Z</time></trkpt><trkpt lat="61.515795" lon="-142.914776"><ele>665.886</ele><time>2026-07-26T19:34:28Z</time></trkpt><trkpt lat="61.51579" lon="-142.914782"><ele>665.863</ele><time>2026-07-26T19:34:29Z</time></trkpt><trkpt lat="61.515786" lon="-142.914792"><ele>665.875</ele><time>2026-07-26T19:34:35Z</time></trkpt><trkpt lat="61.515779" lon="-142.914792"><ele>665.691</ele><time>2026-07-26T19:34:44Z</time></trkpt><trkpt lat="61.515782" lon="-142.914769"><ele>665.819</ele><time>2026-07-26T19:34:50Z</time></trkpt><trkpt lat="61.51578" lon="-142.914775"><ele>665.845</ele><time>2026-07-26T19:34:54Z</time></trkpt><trkpt lat="61.515802" lon="-142.914753"><ele>665.847</ele><time>2026-07-26T19:35:05Z</time></trkpt><trkpt lat="61.515805" lon="-142.914759"><ele>665.811</ele><time>2026-07-26T19:35:10Z</time></trkpt><trkpt lat="61.515818" lon="-142.914778"><ele>665.609</ele><time>2026-07-26T19:35:13Z</time></trkpt><trkpt lat="61.515825" lon="-142.914783"><ele>665.646</ele><time>2026-07-26T19:35:15Z</time></trkpt><trkpt lat="61.515826" lon="-142.914783"><ele>665.871</ele><time>2026-07-26T19:35:16Z</time></trkpt><trkpt lat="61.515822" lon="-142.914782"><ele>665.880</ele><time>2026-07-26T19:35:19Z</time></trkpt><trkpt lat="61.515819" lon="-142.914784"><ele>666.026</ele><time>2026-07-26T19:35:24Z</time></trkpt><trkpt lat="61.515821" lon="-142.914785"><ele>666.065</ele><time>2026-07-26T19:35:25Z</time></trkpt><trkpt lat="61.515821" lon="-142.914782"><ele>666.082</ele><time>2026-07-26T19:35:26Z</time></trkpt><trkpt lat="61.515823" lon="-142.914786"><ele>665.884</ele><time>2026-07-26T19:35:28Z</time></trkpt><trkpt lat="61.515826" lon="-142.914788"><ele>665.820</ele><time>2026-07-26T19:35:29Z</time></trkpt><trkpt lat="61.515821" lon="-142.914743"><ele>665.628</ele><time>2026-07-26T19:35:36Z</time></trkpt><trkpt lat="61.515808" lon="-142.914689"><ele>665.453</ele><time>2026-07-26T19:35:42Z</time></trkpt><trkpt lat="61.515811" lon="-142.914696"><ele>665.604</ele><time>2026-07-26T19:35:51Z</time></trkpt><trkpt lat="61.515797" lon="-142.9147"><ele>665.414</ele><time>2026-07-26T19:35:57Z</time></trkpt><trkpt lat="61.51579" lon="-142.914677"><ele>665.209</ele><time>2026-07-26T19:36:07Z</time></trkpt><trkpt lat="61.515795" lon="-142.914697"><ele>665.097</ele><time>2026-07-26T19:36:20Z</time></trkpt><trkpt lat="61.515795" lon="-142.914697"><ele>665.042</ele><time>2026-07-26T19:36:30Z</time></trkpt><trkpt lat="61.515795" lon="-142.914697"><ele>665.041</ele><time>2026-07-26T19:36:35Z</time></trkpt><trkpt lat="61.515784" lon="-142.914707"><ele>665.027</ele><time>2026-07-26T19:36:42Z</time></trkpt><trkpt lat="61.515815" lon="-142.914706"><ele>665.086</ele><time>2026-07-26T19:36:52Z</time></trkpt><trkpt lat="61.515808" lon="-142.914681"><ele>665.033</ele><time>2026-07-26T19:37:02Z</time></trkpt><trkpt lat="61.515808" lon="-142.914681"><ele>665.015</ele><time>2026-07-26T19:37:07Z</time></trkpt><trkpt lat="61.515808" lon="-142.914681"><ele>665.251</ele><time>2026-07-26T19:37:15Z</time></trkpt><trkpt lat="61.515808" lon="-142.914681"><ele>665.289</ele><time>2026-07-26T19:37:23Z</time></trkpt><trkpt lat="61.515808" lon="-142.914681"><ele>665.097</ele><time>2026-07-26T19:37:28Z</time></trkpt><trkpt lat="61.515808" lon="-142.914681"><ele>665.023</ele><time>2026-07-26T19:37:30Z</time></trkpt><trkpt lat="61.515821" lon="-142.914708"><ele>665.025</ele><time>2026-07-26T19:37:38Z</time></trkpt><trkpt lat="61.515838" lon="-142.914708"><ele>665.209</ele><time>2026-07-26T19:37:40Z</time></trkpt><trkpt lat="61.515854" lon="-142.914681"><ele>665.021</ele><time>2026-07-26T19:37:45Z</time></trkpt><trkpt lat="61.515853" lon="-142.914685"><ele>665.296</ele><time>2026-07-26T19:37:52Z</time></trkpt><trkpt lat="61.515854" lon="-142.914686"><ele>665.035</ele><time>2026-07-26T19:38:09Z</time></trkpt><trkpt lat="61.515855" lon="-142.914691"><ele>665.011</ele><time>2026-07-26T19:38:10Z</time></trkpt><trkpt lat="61.515855" lon="-142.914685"><ele>665.040</ele><time>2026-07-26T19:38:13Z</time></trkpt><trkpt lat="61.51584" lon="-142.914703"><ele>664.837</ele><time>2026-07-26T19:38:17Z</time></trkpt><trkpt lat="61.515825" lon="-142.914725"><ele>665.079</ele><time>2026-07-26T19:38:21Z</time></trkpt><trkpt lat="61.515826" lon="-142.914722"><ele>665.085</ele><time>2026-07-26T19:38:25Z</time></trkpt><trkpt lat="61.515837" lon="-142.914725"><ele>665.023</ele><time>2026-07-26T19:38:28Z</time></trkpt><trkpt lat="61.515835" lon="-142.914718"><ele>665.221</ele><time>2026-07-26T19:38:30Z</time></trkpt><trkpt lat="61.515839" lon="-142.914712"><ele>665.041</ele><time>2026-07-26T19:38:32Z</time></trkpt><trkpt lat="61.51583" lon="-142.914715"><ele>665.005</ele><time>2026-07-26T19:38:39Z</time></trkpt><trkpt lat="61.515826" lon="-142.914714"><ele>665.209</ele><time>2026-07-26T19:38:46Z</time></trkpt><trkpt lat="61.51583" lon="-142.914714"><ele>665.054</ele><time>2026-07-26T19:38:49Z</time></trkpt><trkpt lat="61.515832" lon="-142.914799"><ele>665.499</ele><time>2026-07-26T19:38:58Z</time></trkpt><trkpt lat="61.515831" lon="-142.914802"><ele>665.468</ele><time>2026-07-26T19:39:07Z</time></trkpt><trkpt lat="61.515831" lon="-142.914791"><ele>665.474</ele><time>2026-07-26T19:39:14Z</time></trkpt><trkpt lat="61.515831" lon="-142.914799"><ele>665.493</ele><time>2026-07-26T19:39:16Z</time></trkpt><trkpt lat="61.515832" lon="-142.914783"><ele>665.660</ele><time>2026-07-26T19:39:21Z</time></trkpt><trkpt lat="61.515843" lon="-142.914752"><ele>665.612</ele><time>2026-07-26T19:55:28Z</time></trkpt><trkpt lat="61.515851" lon="-142.914741"><ele>665.418</ele><time>2026-07-26T19:55:29Z</time></trkpt><trkpt lat="61.515855" lon="-142.914725"><ele>665.496</ele><time>2026-07-26T19:55:30Z</time></trkpt><trkpt lat="61.515872" lon="-142.914619"><ele>664.662</ele><time>2026-07-26T19:55:35Z</time></trkpt><trkpt lat="61.515883" lon="-142.914622"><ele>664.483</ele><time>2026-07-26T19:55:37Z</time></trkpt><trkpt lat="61.515889" lon="-142.91465"><ele>664.411</ele><time>2026-07-26T19:55:43Z</time></trkpt><trkpt lat="61.515884" lon="-142.914645"><ele>664.409</ele><time>2026-07-26T19:55:53Z</time></trkpt><trkpt lat="61.515884" lon="-142.914645"><ele>664.648</ele><time>2026-07-26T19:55:59Z</time></trkpt><trkpt lat="61.515884" lon="-142.914645"><ele>664.693</ele><time>2026-07-26T19:56:01Z</time></trkpt><trkpt lat="61.515886" lon="-142.914641"><ele>664.462</ele><time>2026-07-26T19:56:12Z</time></trkpt><trkpt lat="61.515924" lon="-142.914556"><ele>663.438</ele><time>2026-07-26T19:56:16Z</time></trkpt><trkpt lat="61.515937" lon="-142.914539"><ele>663.077</ele><time>2026-07-26T19:56:17Z</time></trkpt><trkpt lat="61.51596" lon="-142.914505"><ele>662.064</ele><time>2026-07-26T19:56:19Z</time></trkpt><trkpt lat="61.515959" lon="-142.914409"><ele>661.076</ele><time>2026-07-26T19:56:24Z</time></trkpt><trkpt lat="61.515959" lon="-142.914385"><ele>661.022</ele><time>2026-07-26T19:56:25Z</time></trkpt><trkpt lat="61.515958" lon="-142.914352"><ele>660.640</ele><time>2026-07-26T19:56:27Z</time></trkpt><trkpt lat="61.515956" lon="-142.914366"><ele>660.262</ele><time>2026-07-26T19:56:30Z</time></trkpt><trkpt lat="61.515955" lon="-142.914388"><ele>660.683</ele><time>2026-07-26T19:56:39Z</time></trkpt><trkpt lat="61.515959" lon="-142.914375"><ele>660.411</ele><time>2026-07-26T19:56:41Z</time></trkpt><trkpt lat="61.515954" lon="-142.914302"><ele>659.809</ele><time>2026-07-26T19:56:48Z</time></trkpt><trkpt lat="61.515953" lon="-142.914229"><ele>659.678</ele><time>2026-07-26T19:56:54Z</time></trkpt><trkpt lat="61.515949" lon="-142.914236"><ele>659.643</ele><time>2026-07-26T19:57:03Z</time></trkpt><trkpt lat="61.515949" lon="-142.914236"><ele>659.622</ele><time>2026-07-26T19:57:06Z</time></trkpt><trkpt lat="61.515949" lon="-142.914236"><ele>659.628</ele><time>2026-07-26T19:57:10Z</time></trkpt><trkpt lat="61.515949" lon="-142.914236"><ele>659.667</ele><time>2026-07-26T19:57:11Z</time></trkpt><trkpt lat="61.515959" lon="-142.914168"><ele>659.274</ele><time>2026-07-26T19:57:18Z</time></trkpt><trkpt lat="61.515982" lon="-142.9141"><ele>659.236</ele><time>2026-07-26T19:57:24Z</time></trkpt><trkpt lat="61.516009" lon="-142.914005"><ele>658.832</ele><time>2026-07-26T19:57:31Z</time></trkpt><trkpt lat="61.516013" lon="-142.913997"><ele>658.650</ele><time>2026-07-26T19:57:32Z</time></trkpt><trkpt lat="61.516012" lon="-142.913973"><ele>658.098</ele><time>2026-07-26T19:57:38Z</time></trkpt><trkpt lat="61.516004" lon="-142.913903"><ele>657.815</ele><time>2026-07-26T19:57:44Z</time></trkpt><trkpt lat="61.515999" lon="-142.91385"><ele>657.626</ele><time>2026-07-26T19:57:47Z</time></trkpt><trkpt lat="61.516005" lon="-142.913852"><ele>657.809</ele><time>2026-07-26T19:57:50Z</time></trkpt><trkpt lat="61.516004" lon="-142.913855"><ele>657.671</ele><time>2026-07-26T19:58:01Z</time></trkpt><trkpt lat="61.515978" lon="-142.9138"><ele>657.436</ele><time>2026-07-26T19:58:09Z</time></trkpt><trkpt lat="61.515965" lon="-142.913794"><ele>657.685</ele><time>2026-07-26T19:58:13Z</time></trkpt><trkpt lat="61.515943" lon="-142.913706"><ele>657.671</ele><time>2026-07-26T19:58:19Z</time></trkpt><trkpt lat="61.515906" lon="-142.9135"><ele>656.870</ele><time>2026-07-26T19:58:29Z</time></trkpt><trkpt lat="61.515892" lon="-142.913477"><ele>656.687</ele><time>2026-07-26T19:58:31Z</time></trkpt><trkpt lat="61.515885" lon="-142.91344"><ele>656.299</ele><time>2026-07-26T19:58:36Z</time></trkpt><trkpt lat="61.515849" lon="-142.91339"><ele>655.645</ele><time>2026-07-26T19:58:42Z</time></trkpt><trkpt lat="61.51583" lon="-142.913378"><ele>655.493</ele><time>2026-07-26T19:58:44Z</time></trkpt><trkpt lat="61.51582" lon="-142.913364"><ele>655.242</ele><time>2026-07-26T19:58:45Z</time></trkpt><trkpt lat="61.5158" lon="-142.913289"><ele>654.422</ele><time>2026-07-26T19:58:49Z</time></trkpt><trkpt lat="61.515799" lon="-142.913267"><ele>654.014</ele><time>2026-07-26T19:58:52Z</time></trkpt><trkpt lat="61.515787" lon="-142.913234"><ele>653.809</ele><time>2026-07-26T19:58:56Z</time></trkpt><trkpt lat="61.515786" lon="-142.913171"><ele>653.256</ele><time>2026-07-26T19:58:59Z</time></trkpt><trkpt lat="61.515761" lon="-142.913102"><ele>652.211</ele><time>2026-07-26T19:59:02Z</time></trkpt><trkpt lat="61.515749" lon="-142.913061"><ele>651.050</ele><time>2026-07-26T19:59:05Z</time></trkpt><trkpt lat="61.515731" lon="-142.913045"><ele>650.666</ele><time>2026-07-26T19:59:09Z</time></trkpt><trkpt lat="61.515695" lon="-142.913017"><ele>650.245</ele><time>2026-07-26T19:59:13Z</time></trkpt><trkpt lat="61.515677" lon="-142.913002"><ele>649.822</ele><time>2026-07-26T19:59:15Z</time></trkpt><trkpt lat="61.515643" lon="-142.912929"><ele>648.624</ele><time>2026-07-26T19:59:21Z</time></trkpt><trkpt lat="61.515638" lon="-142.912913"><ele>648.450</ele><time>2026-07-26T19:59:22Z</time></trkpt><trkpt lat="61.515609" lon="-142.912885"><ele>647.638</ele><time>2026-07-26T19:59:26Z</time></trkpt><trkpt lat="61.515582" lon="-142.912857"><ele>647.469</ele><time>2026-07-26T19:59:29Z</time></trkpt><trkpt lat="61.515527" lon="-142.912813"><ele>647.204</ele><time>2026-07-26T19:59:36Z</time></trkpt><trkpt lat="61.515463" lon="-142.912719"><ele>646.624</ele><time>2026-07-26T19:59:43Z</time></trkpt><trkpt lat="61.515447" lon="-142.912693"><ele>646.209</ele><time>2026-07-26T19:59:45Z</time></trkpt><trkpt lat="61.51541" lon="-142.912627"><ele>646.228</ele><time>2026-07-26T19:59:51Z</time></trkpt><trkpt lat="61.515387" lon="-142.9126"><ele>646.463</ele><time>2026-07-26T19:59:54Z</time></trkpt><trkpt lat="61.515321" lon="-142.912551"><ele>645.672</ele><time>2026-07-26T20:00:01Z</time></trkpt><trkpt lat="61.515304" lon="-142.912534"><ele>645.418</ele><time>2026-07-26T20:00:03Z</time></trkpt><trkpt lat="61.515275" lon="-142.912496"><ele>645.497</ele><time>2026-07-26T20:00:08Z</time></trkpt><trkpt lat="61.515278" lon="-142.912496"><ele>645.434</ele><time>2026-07-26T20:00:09Z</time></trkpt><trkpt lat="61.515276" lon="-142.912443"><ele>645.056</ele><time>2026-07-26T20:00:18Z</time></trkpt><trkpt lat="61.515238" lon="-142.912332"><ele>644.672</ele><time>2026-07-26T20:00:26Z</time></trkpt><trkpt lat="61.515232" lon="-142.912317"><ele>644.480</ele><time>2026-07-26T20:00:27Z</time></trkpt><trkpt lat="61.515199" lon="-142.912239"><ele>643.258</ele><time>2026-07-26T20:00:32Z</time></trkpt><trkpt lat="61.515197" lon="-142.912173"><ele>642.052</ele><time>2026-07-26T20:00:35Z</time></trkpt><trkpt lat="61.515191" lon="-142.91212"><ele>641.017</ele><time>2026-07-26T20:00:38Z</time></trkpt><trkpt lat="61.515184" lon="-142.912117"><ele>640.809</ele><time>2026-07-26T20:00:39Z</time></trkpt><trkpt lat="61.515176" lon="-142.912105"><ele>640.897</ele><time>2026-07-26T20:00:41Z</time></trkpt><trkpt lat="61.515174" lon="-142.912094"><ele>641.052</ele><time>2026-07-26T20:00:43Z</time></trkpt><trkpt lat="61.51516" lon="-142.912077"><ele>639.871</ele><time>2026-07-26T20:00:49Z</time></trkpt><trkpt lat="61.515127" lon="-142.911978"><ele>638.887</ele><time>2026-07-26T20:00:55Z</time></trkpt><trkpt lat="61.515122" lon="-142.911953"><ele>638.446</ele><time>2026-07-26T20:00:56Z</time></trkpt><trkpt lat="61.51511" lon="-142.911915"><ele>637.693</ele><time>2026-07-26T20:00:58Z</time></trkpt><trkpt lat="61.51509" lon="-142.911873"><ele>636.835</ele><time>2026-07-26T20:01:01Z</time></trkpt><trkpt lat="61.515072" lon="-142.911841"><ele>636.441</ele><time>2026-07-26T20:01:03Z</time></trkpt><trkpt lat="61.515059" lon="-142.911802"><ele>635.889</ele><time>2026-07-26T20:01:05Z</time></trkpt><trkpt lat="61.515041" lon="-142.911765"><ele>635.287</ele><time>2026-07-26T20:01:07Z</time></trkpt><trkpt lat="61.514998" lon="-142.911649"><ele>634.042</ele><time>2026-07-26T20:01:12Z</time></trkpt><trkpt lat="61.514987" lon="-142.911584"><ele>633.426</ele><time>2026-07-26T20:01:15Z</time></trkpt><trkpt lat="61.514982" lon="-142.911551"><ele>633.009</ele><time>2026-07-26T20:01:17Z</time></trkpt><trkpt lat="61.51494" lon="-142.911476"><ele>632.450</ele><time>2026-07-26T20:01:24Z</time></trkpt><trkpt lat="61.5149" lon="-142.911452"><ele>632.085</ele><time>2026-07-26T20:01:27Z</time></trkpt><trkpt lat="61.514873" lon="-142.911432"><ele>631.674</ele><time>2026-07-26T20:01:29Z</time></trkpt><trkpt lat="61.514853" lon="-142.911397"><ele>631.250</ele><time>2026-07-26T20:01:31Z</time></trkpt><trkpt lat="61.514825" lon="-142.911354"><ele>630.869</ele><time>2026-07-26T20:01:34Z</time></trkpt><trkpt lat="61.514784" lon="-142.911302"><ele>630.636</ele><time>2026-07-26T20:01:38Z</time></trkpt><trkpt lat="61.514777" lon="-142.911198"><ele>629.488</ele><time>2026-07-26T20:01:43Z</time></trkpt><trkpt lat="61.514783" lon="-142.91112"><ele>628.074</ele><time>2026-07-26T20:01:45Z</time></trkpt><trkpt lat="61.514791" lon="-142.911024"><ele>626.232</ele><time>2026-07-26T20:01:47Z</time></trkpt><trkpt lat="61.514779" lon="-142.910946"><ele>624.496</ele><time>2026-07-26T20:01:49Z</time></trkpt><trkpt lat="61.514762" lon="-142.910913"><ele>624.031</ele><time>2026-07-26T20:01:50Z</time></trkpt><trkpt lat="61.514749" lon="-142.910882"><ele>623.624</ele><time>2026-07-26T20:01:51Z</time></trkpt><trkpt lat="61.514738" lon="-142.910854"><ele>623.409</ele><time>2026-07-26T20:01:52Z</time></trkpt><trkpt lat="61.514698" lon="-142.910788"><ele>622.261</ele><time>2026-07-26T20:01:58Z</time></trkpt><trkpt lat="61.514686" lon="-142.910788"><ele>622.096</ele><time>2026-07-26T20:02:08Z</time></trkpt><trkpt lat="61.51468" lon="-142.910773"><ele>622.045</ele><time>2026-07-26T20:02:09Z</time></trkpt><trkpt lat="61.514646" lon="-142.910738"><ele>622.411</ele><time>2026-07-26T20:02:13Z</time></trkpt><trkpt lat="61.514631" lon="-142.910704"><ele>622.080</ele><time>2026-07-26T20:02:17Z</time></trkpt><trkpt lat="61.514634" lon="-142.910695"><ele>621.087</ele><time>2026-07-26T20:02:20Z</time></trkpt><trkpt lat="61.514637" lon="-142.910679"><ele>621.249</ele><time>2026-07-26T20:02:26Z</time></trkpt><trkpt lat="61.514633" lon="-142.910677"><ele>621.015</ele><time>2026-07-26T20:02:29Z</time></trkpt><trkpt lat="61.514614" lon="-142.910619"><ele>621.033</ele><time>2026-07-26T20:02:32Z</time></trkpt><trkpt lat="61.514584" lon="-142.910465"><ele>619.856</ele><time>2026-07-26T20:02:39Z</time></trkpt><trkpt lat="61.514593" lon="-142.910402"><ele>618.859</ele><time>2026-07-26T20:02:42Z</time></trkpt><trkpt lat="61.514601" lon="-142.910382"><ele>618.414</ele><time>2026-07-26T20:02:43Z</time></trkpt><trkpt lat="61.514616" lon="-142.910336"><ele>617.609</ele><time>2026-07-26T20:02:45Z</time></trkpt><trkpt lat="61.514648" lon="-142.910277"><ele>616.627</ele><time>2026-07-26T20:02:49Z</time></trkpt><trkpt lat="61.514672" lon="-142.910263"><ele>616.482</ele><time>2026-07-26T20:02:51Z</time></trkpt><trkpt lat="61.514686" lon="-142.910208"><ele>617.041</ele><time>2026-07-26T20:02:54Z</time></trkpt><trkpt lat="61.514686" lon="-142.910183"><ele>617.277</ele><time>2026-07-26T20:02:55Z</time></trkpt><trkpt lat="61.51466" lon="-142.910008"><ele>616.026</ele><time>2026-07-26T20:03:03Z</time></trkpt><trkpt lat="61.514662" lon="-142.909958"><ele>615.273</ele><time>2026-07-26T20:03:05Z</time></trkpt><trkpt lat="61.514659" lon="-142.909816"><ele>615.015</ele><time>2026-07-26T20:03:09Z</time></trkpt><trkpt lat="61.514641" lon="-142.909766"><ele>615.631</ele><time>2026-07-26T20:03:14Z</time></trkpt><trkpt lat="61.514621" lon="-142.909731"><ele>614.679</ele><time>2026-07-26T20:03:21Z</time></trkpt><trkpt lat="61.514622" lon="-142.90972"><ele>614.219</ele><time>2026-07-26T20:03:23Z</time></trkpt><trkpt lat="61.514621" lon="-142.909668"><ele>613.409</ele><time>2026-07-26T20:03:27Z</time></trkpt><trkpt lat="61.514629" lon="-142.909636"><ele>612.819</ele><time>2026-07-26T20:03:29Z</time></trkpt><trkpt lat="61.514612" lon="-142.909583"><ele>611.809</ele><time>2026-07-26T20:03:33Z</time></trkpt><trkpt lat="61.514602" lon="-142.90953"><ele>611.013</ele><time>2026-07-26T20:03:36Z</time></trkpt><trkpt lat="61.514601" lon="-142.909534"><ele>610.838</ele><time>2026-07-26T20:03:38Z</time></trkpt><trkpt lat="61.514594" lon="-142.909541"><ele>610.687</ele><time>2026-07-26T20:03:39Z</time></trkpt><trkpt lat="61.514543" lon="-142.909536"><ele>610.263</ele><time>2026-07-26T20:03:44Z</time></trkpt><trkpt lat="61.514521" lon="-142.909465"><ele>610.052</ele><time>2026-07-26T20:03:49Z</time></trkpt><trkpt lat="61.514518" lon="-142.90946"><ele>610.669</ele><time>2026-07-26T20:03:56Z</time></trkpt><trkpt lat="61.514516" lon="-142.909449"><ele>610.421</ele><time>2026-07-26T20:04:04Z</time></trkpt><trkpt lat="61.514513" lon="-142.909432"><ele>610.697</ele><time>2026-07-26T20:04:05Z</time></trkpt><trkpt lat="61.51451" lon="-142.909397"><ele>610.655</ele><time>2026-07-26T20:04:14Z</time></trkpt><trkpt lat="61.514514" lon="-142.909366"><ele>611.297</ele><time>2026-07-26T20:04:20Z</time></trkpt><trkpt lat="61.514514" lon="-142.909366"><ele>611.223</ele><time>2026-07-26T20:04:21Z</time></trkpt><trkpt lat="61.514503" lon="-142.909334"><ele>611.625</ele><time>2026-07-26T20:04:27Z</time></trkpt><trkpt lat="61.514504" lon="-142.909342"><ele>611.609</ele><time>2026-07-26T20:04:30Z</time></trkpt><trkpt lat="61.514501" lon="-142.909336"><ele>611.821</ele><time>2026-07-26T20:04:34Z</time></trkpt><trkpt lat="61.514504" lon="-142.909339"><ele>611.676</ele><time>2026-07-26T20:04:43Z</time></trkpt><trkpt lat="61.514504" lon="-142.909339"><ele>611.645</ele><time>2026-07-26T20:04:50Z</time></trkpt><trkpt lat="61.514504" lon="-142.909339"><ele>611.681</ele><time>2026-07-26T20:05:01Z</time></trkpt><trkpt lat="61.514504" lon="-142.909339"><ele>611.680</ele><time>2026-07-26T20:05:10Z</time></trkpt><trkpt lat="61.514504" lon="-142.909339"><ele>611.867</ele><time>2026-07-26T20:05:18Z</time></trkpt><trkpt lat="61.514502" lon="-142.909334"><ele>611.879</ele><time>2026-07-26T20:05:27Z</time></trkpt><trkpt lat="61.514485" lon="-142.909284"><ele>612.015</ele><time>2026-07-26T20:05:32Z</time></trkpt><trkpt lat="61.514484" lon="-142.909281"><ele>612.263</ele><time>2026-07-26T20:05:44Z</time></trkpt><trkpt lat="61.514486" lon="-142.909262"><ele>612.233</ele><time>2026-07-26T20:05:48Z</time></trkpt><trkpt lat="61.514473" lon="-142.909211"><ele>612.823</ele><time>2026-07-26T20:05:52Z</time></trkpt><trkpt lat="61.514473" lon="-142.909177"><ele>613.615</ele><time>2026-07-26T20:05:55Z</time></trkpt><trkpt lat="61.514471" lon="-142.909169"><ele>613.809</ele><time>2026-07-26T20:05:56Z</time></trkpt><trkpt lat="61.514436" lon="-142.909125"><ele>614.815</ele><time>2026-07-26T20:06:01Z</time></trkpt><trkpt lat="61.514415" lon="-142.909087"><ele>615.030</ele><time>2026-07-26T20:06:04Z</time></trkpt><trkpt lat="61.514394" lon="-142.909007"><ele>615.419</ele><time>2026-07-26T20:06:09Z</time></trkpt><trkpt lat="61.514396" lon="-142.908987"><ele>615.855</ele><time>2026-07-26T20:06:11Z</time></trkpt><trkpt lat="61.514386" lon="-142.908905"><ele>615.614</ele><time>2026-07-26T20:06:16Z</time></trkpt><trkpt lat="61.514375" lon="-142.908863"><ele>615.671</ele><time>2026-07-26T20:06:22Z</time></trkpt><trkpt lat="61.514367" lon="-142.908803"><ele>615.833</ele><time>2026-07-26T20:06:28Z</time></trkpt><trkpt lat="61.514346" lon="-142.908773"><ele>614.489</ele><time>2026-07-26T20:06:35Z</time></trkpt><trkpt lat="61.514333" lon="-142.908755"><ele>613.877</ele><time>2026-07-26T20:06:39Z</time></trkpt><trkpt lat="61.514325" lon="-142.908697"><ele>613.456</ele><time>2026-07-26T20:06:42Z</time></trkpt><trkpt lat="61.514297" lon="-142.908597"><ele>614.059</ele><time>2026-07-26T20:06:48Z</time></trkpt><trkpt lat="61.514314" lon="-142.908596"><ele>614.814</ele><time>2026-07-26T20:06:50Z</time></trkpt><trkpt lat="61.514318" lon="-142.908598"><ele>615.409</ele><time>2026-07-26T20:06:53Z</time></trkpt><trkpt lat="61.514319" lon="-142.9086"><ele>615.497</ele><time>2026-07-26T20:07:00Z</time></trkpt><trkpt lat="61.514318" lon="-142.908614"><ele>615.812</ele><time>2026-07-26T20:07:07Z</time></trkpt><trkpt lat="61.514324" lon="-142.908561"><ele>615.231</ele><time>2026-07-26T20:07:11Z</time></trkpt><trkpt lat="61.514323" lon="-142.908537"><ele>615.257</ele><time>2026-07-26T20:07:12Z</time></trkpt><trkpt lat="61.514301" lon="-142.908419"><ele>616.056</ele><time>2026-07-26T20:07:18Z</time></trkpt><trkpt lat="61.514299" lon="-142.90838"><ele>617.213</ele><time>2026-07-26T20:07:22Z</time></trkpt><trkpt lat="61.514294" lon="-142.908328"><ele>616.835</ele><time>2026-07-26T20:07:27Z</time></trkpt><trkpt lat="61.514292" lon="-142.908197"><ele>616.841</ele><time>2026-07-26T20:07:35Z</time></trkpt><trkpt lat="61.514308" lon="-142.908072"><ele>618.239</ele><time>2026-07-26T20:07:42Z</time></trkpt><trkpt lat="61.514296" lon="-142.908014"><ele>618.415</ele><time>2026-07-26T20:07:46Z</time></trkpt><trkpt lat="61.514296" lon="-142.907973"><ele>618.865</ele><time>2026-07-26T20:07:49Z</time></trkpt><trkpt lat="61.51429" lon="-142.907909"><ele>619.611</ele><time>2026-07-26T20:07:53Z</time></trkpt><trkpt lat="61.514275" lon="-142.907872"><ele>620.209</ele><time>2026-07-26T20:07:55Z</time></trkpt><trkpt lat="61.514259" lon="-142.90785"><ele>620.663</ele><time>2026-07-26T20:07:57Z</time></trkpt><trkpt lat="61.514238" lon="-142.907805"><ele>621.238</ele><time>2026-07-26T20:08:01Z</time></trkpt><trkpt lat="61.514232" lon="-142.907778"><ele>621.897</ele><time>2026-07-26T20:08:04Z</time></trkpt><trkpt lat="61.514224" lon="-142.907757"><ele>622.623</ele><time>2026-07-26T20:08:07Z</time></trkpt><trkpt lat="61.514223" lon="-142.907746"><ele>623.092</ele><time>2026-07-26T20:08:09Z</time></trkpt><trkpt lat="61.514221" lon="-142.90769"><ele>624.099</ele><time>2026-07-26T20:08:14Z</time></trkpt><trkpt lat="61.514221" lon="-142.907672"><ele>624.021</ele><time>2026-07-26T20:08:15Z</time></trkpt><trkpt lat="61.514198" lon="-142.907598"><ele>625.227</ele><time>2026-07-26T20:08:21Z</time></trkpt><trkpt lat="61.514171" lon="-142.907531"><ele>625.875</ele><time>2026-07-26T20:08:27Z</time></trkpt><trkpt lat="61.514167" lon="-142.907502"><ele>626.234</ele><time>2026-07-26T20:08:29Z</time></trkpt><trkpt lat="61.514161" lon="-142.907478"><ele>626.455</ele><time>2026-07-26T20:08:30Z</time></trkpt><trkpt lat="61.514138" lon="-142.907432"><ele>627.610</ele><time>2026-07-26T20:08:34Z</time></trkpt><trkpt lat="61.514069" lon="-142.907402"><ele>628.609</ele><time>2026-07-26T20:08:41Z</time></trkpt><trkpt lat="61.514063" lon="-142.907398"><ele>628.695</ele><time>2026-07-26T20:08:42Z</time></trkpt><trkpt lat="61.514038" lon="-142.907351"><ele>629.080</ele><time>2026-07-26T20:08:46Z</time></trkpt><trkpt lat="61.514032" lon="-142.907336"><ele>629.079</ele><time>2026-07-26T20:08:47Z</time></trkpt><trkpt lat="61.514024" lon="-142.907283"><ele>629.225</ele><time>2026-07-26T20:08:53Z</time></trkpt><trkpt lat="61.514012" lon="-142.907243"><ele>629.874</ele><time>2026-07-26T20:08:57Z</time></trkpt><trkpt lat="61.513994" lon="-142.907221"><ele>630.491</ele><time>2026-07-26T20:09:01Z</time></trkpt><trkpt lat="61.513988" lon="-142.907186"><ele>630.823</ele><time>2026-07-26T20:09:05Z</time></trkpt><trkpt lat="61.513991" lon="-142.907149"><ele>631.429</ele><time>2026-07-26T20:09:10Z</time></trkpt><trkpt lat="61.513987" lon="-142.907114"><ele>632.047</ele><time>2026-07-26T20:09:13Z</time></trkpt><trkpt lat="61.513974" lon="-142.907095"><ele>632.492</ele><time>2026-07-26T20:09:16Z</time></trkpt><trkpt lat="61.513955" lon="-142.907099"><ele>633.073</ele><time>2026-07-26T20:09:19Z</time></trkpt><trkpt lat="61.513937" lon="-142.907099"><ele>633.420</ele><time>2026-07-26T20:09:23Z</time></trkpt><trkpt lat="61.513944" lon="-142.907073"><ele>634.009</ele><time>2026-07-26T20:09:28Z</time></trkpt><trkpt lat="61.513949" lon="-142.90707"><ele>634.051</ele><time>2026-07-26T20:09:30Z</time></trkpt><trkpt lat="61.513983" lon="-142.906999"><ele>635.096</ele><time>2026-07-26T20:09:39Z</time></trkpt><trkpt lat="61.513985" lon="-142.907001"><ele>635.095</ele><time>2026-07-26T20:09:40Z</time></trkpt><trkpt lat="61.51399" lon="-142.906999"><ele>635.641</ele><time>2026-07-26T20:09:47Z</time></trkpt><trkpt lat="61.514038" lon="-142.907019"><ele>636.210</ele><time>2026-07-26T20:09:53Z</time></trkpt><trkpt lat="61.514087" lon="-142.907016"><ele>637.087</ele><time>2026-07-26T20:10:01Z</time></trkpt><trkpt lat="61.514105" lon="-142.907003"><ele>637.219</ele><time>2026-07-26T20:10:04Z</time></trkpt><trkpt lat="61.514107" lon="-142.90699"><ele>637.435</ele><time>2026-07-26T20:10:06Z</time></trkpt><trkpt lat="61.514108" lon="-142.906993"><ele>637.613</ele><time>2026-07-26T20:10:07Z</time></trkpt><trkpt lat="61.51411" lon="-142.906994"><ele>637.847</ele><time>2026-07-26T20:10:08Z</time></trkpt><trkpt lat="61.514119" lon="-142.906989"><ele>638.429</ele><time>2026-07-26T20:10:11Z</time></trkpt><trkpt lat="61.514152" lon="-142.906978"><ele>639.221</ele><time>2026-07-26T20:10:16Z</time></trkpt><trkpt lat="61.514162" lon="-142.906973"><ele>639.409</ele><time>2026-07-26T20:10:18Z</time></trkpt><trkpt lat="61.51419" lon="-142.90696"><ele>640.066</ele><time>2026-07-26T20:10:25Z</time></trkpt><trkpt lat="61.514205" lon="-142.906951"><ele>640.491</ele><time>2026-07-26T20:10:29Z</time></trkpt><trkpt lat="61.514215" lon="-142.90693"><ele>640.610</ele><time>2026-07-26T20:10:32Z</time></trkpt><trkpt lat="61.514203" lon="-142.906903"><ele>641.476</ele><time>2026-07-26T20:10:37Z</time></trkpt><trkpt lat="61.514191" lon="-142.906902"><ele>641.685</ele><time>2026-07-26T20:10:39Z</time></trkpt><trkpt lat="61.514142" lon="-142.906835"><ele>642.082</ele><time>2026-07-26T20:10:46Z</time></trkpt><trkpt lat="61.514133" lon="-142.906811"><ele>642.634</ele><time>2026-07-26T20:10:51Z</time></trkpt><trkpt lat="61.514122" lon="-142.90679"><ele>643.010</ele><time>2026-07-26T20:10:54Z</time></trkpt><trkpt lat="61.514112" lon="-142.906755"><ele>643.658</ele><time>2026-07-26T20:10:58Z</time></trkpt><trkpt lat="61.514087" lon="-142.90672"><ele>644.666</ele><time>2026-07-26T20:11:04Z</time></trkpt><trkpt lat="61.514083" lon="-142.906718"><ele>644.829</ele><time>2026-07-26T20:11:05Z</time></trkpt><trkpt lat="61.514054" lon="-142.90667"><ele>645.421</ele><time>2026-07-26T20:11:10Z</time></trkpt><trkpt lat="61.514038" lon="-142.906622"><ele>645.809</ele><time>2026-07-26T20:11:14Z</time></trkpt><trkpt lat="61.514028" lon="-142.906603"><ele>646.038</ele><time>2026-07-26T20:11:16Z</time></trkpt><trkpt lat="61.514011" lon="-142.906554"><ele>646.863</ele><time>2026-07-26T20:11:22Z</time></trkpt><trkpt lat="61.514006" lon="-142.906546"><ele>647.052</ele><time>2026-07-26T20:11:23Z</time></trkpt><trkpt lat="61.513978" lon="-142.906524"><ele>648.028</ele><time>2026-07-26T20:11:29Z</time></trkpt><trkpt lat="61.513976" lon="-142.906517"><ele>648.067</ele><time>2026-07-26T20:11:30Z</time></trkpt><trkpt lat="61.513967" lon="-142.906439"><ele>648.854</ele><time>2026-07-26T20:11:38Z</time></trkpt><trkpt lat="61.513965" lon="-142.906433"><ele>649.096</ele><time>2026-07-26T20:11:39Z</time></trkpt><trkpt lat="61.513963" lon="-142.906389"><ele>649.882</ele><time>2026-07-26T20:11:45Z</time></trkpt><trkpt lat="61.513966" lon="-142.906356"><ele>650.010</ele><time>2026-07-26T20:11:48Z</time></trkpt><trkpt lat="61.513965" lon="-142.9063"><ele>650.623</ele><time>2026-07-26T20:11:54Z</time></trkpt><trkpt lat="61.513962" lon="-142.906268"><ele>651.283</ele><time>2026-07-26T20:11:58Z</time></trkpt><trkpt lat="61.513954" lon="-142.906246"><ele>651.411</ele><time>2026-07-26T20:12:00Z</time></trkpt><trkpt lat="61.513996" lon="-142.906225"><ele>652.209</ele><time>2026-07-26T20:12:06Z</time></trkpt><trkpt lat="61.514005" lon="-142.906233"><ele>652.464</ele><time>2026-07-26T20:12:07Z</time></trkpt><trkpt lat="61.514041" lon="-142.906229"><ele>653.029</ele><time>2026-07-26T20:12:14Z</time></trkpt><trkpt lat="61.514044" lon="-142.906238"><ele>653.458</ele><time>2026-07-26T20:12:16Z</time></trkpt><trkpt lat="61.51406" lon="-142.906229"><ele>654.684</ele><time>2026-07-26T20:12:20Z</time></trkpt><trkpt lat="61.514062" lon="-142.90623"><ele>654.843</ele><time>2026-07-26T20:12:21Z</time></trkpt><trkpt lat="61.514095" lon="-142.906259"><ele>655.650</ele><time>2026-07-26T20:12:27Z</time></trkpt><trkpt lat="61.514106" lon="-142.906271"><ele>655.882</ele><time>2026-07-26T20:12:29Z</time></trkpt><trkpt lat="61.514123" lon="-142.906286"><ele>656.888</ele><time>2026-07-26T20:12:33Z</time></trkpt><trkpt lat="61.514146" lon="-142.906309"><ele>657.246</ele><time>2026-07-26T20:12:36Z</time></trkpt><trkpt lat="61.5142" lon="-142.906353"><ele>657.832</ele><time>2026-07-26T20:12:45Z</time></trkpt><trkpt lat="61.514232" lon="-142.906362"><ele>659.092</ele><time>2026-07-26T20:12:51Z</time></trkpt><trkpt lat="61.51424" lon="-142.906363"><ele>659.211</ele><time>2026-07-26T20:12:52Z</time></trkpt><trkpt lat="61.514272" lon="-142.906381"><ele>660.009</ele><time>2026-07-26T20:12:57Z</time></trkpt><trkpt lat="61.514284" lon="-142.906391"><ele>660.215</ele><time>2026-07-26T20:12:58Z</time></trkpt><trkpt lat="61.514375" lon="-142.906429"><ele>660.260</ele><time>2026-07-26T20:13:07Z</time></trkpt><trkpt lat="61.514427" lon="-142.906415"><ele>660.679</ele><time>2026-07-26T20:13:13Z</time></trkpt><trkpt lat="61.514453" lon="-142.906393"><ele>661.095</ele><time>2026-07-26T20:13:17Z</time></trkpt><trkpt lat="61.514457" lon="-142.906394"><ele>661.254</ele><time>2026-07-26T20:13:18Z</time></trkpt><trkpt lat="61.514462" lon="-142.906397"><ele>661.421</ele><time>2026-07-26T20:13:20Z</time></trkpt><trkpt lat="61.514477" lon="-142.906412"><ele>662.273</ele><time>2026-07-26T20:13:24Z</time></trkpt><trkpt lat="61.514482" lon="-142.906409"><ele>662.899</ele><time>2026-07-26T20:13:27Z</time></trkpt><trkpt lat="61.514494" lon="-142.9064"><ele>663.277</ele><time>2026-07-26T20:13:30Z</time></trkpt><trkpt lat="61.514502" lon="-142.906399"><ele>664.416</ele><time>2026-07-26T20:13:35Z</time></trkpt><trkpt lat="61.514507" lon="-142.906393"><ele>664.676</ele><time>2026-07-26T20:13:42Z</time></trkpt><trkpt lat="61.514509" lon="-142.90639"><ele>664.613</ele><time>2026-07-26T20:13:43Z</time></trkpt><trkpt lat="61.514511" lon="-142.906388"><ele>664.809</ele><time>2026-07-26T20:13:45Z</time></trkpt><trkpt lat="61.514511" lon="-142.906388"><ele>665.413</ele><time>2026-07-26T20:13:51Z</time></trkpt><trkpt lat="61.514511" lon="-142.906388"><ele>665.818</ele><time>2026-07-26T20:14:03Z</time></trkpt><trkpt lat="61.514525" lon="-142.906371"><ele>666.077</ele><time>2026-07-26T20:14:12Z</time></trkpt><trkpt lat="61.514538" lon="-142.906362"><ele>666.223</ele><time>2026-07-26T20:14:17Z</time></trkpt><trkpt lat="61.514523" lon="-142.906376"><ele>666.462</ele><time>2026-07-26T20:14:20Z</time></trkpt><trkpt lat="61.514516" lon="-142.90638"><ele>666.489</ele><time>2026-07-26T20:14:22Z</time></trkpt><trkpt lat="61.514508" lon="-142.906375"><ele>666.691</ele><time>2026-07-26T20:14:25Z</time></trkpt><trkpt lat="61.514502" lon="-142.906309"><ele>667.457</ele><time>2026-07-26T20:14:29Z</time></trkpt><trkpt lat="61.514495" lon="-142.906299"><ele>667.825</ele><time>2026-07-26T20:14:30Z</time></trkpt><trkpt lat="61.514476" lon="-142.906261"><ele>668.674</ele><time>2026-07-26T20:14:33Z</time></trkpt><trkpt lat="61.514462" lon="-142.906231"><ele>669.656</ele><time>2026-07-26T20:14:37Z</time></trkpt><trkpt lat="61.514462" lon="-142.906232"><ele>669.821</ele><time>2026-07-26T20:14:38Z</time></trkpt><trkpt lat="61.514434" lon="-142.906191"><ele>670.609</ele><time>2026-07-26T20:14:43Z</time></trkpt><trkpt lat="61.514426" lon="-142.906185"><ele>670.869</ele><time>2026-07-26T20:14:44Z</time></trkpt><trkpt lat="61.514395" lon="-142.90614"><ele>671.614</ele><time>2026-07-26T20:14:49Z</time></trkpt><trkpt lat="61.514384" lon="-142.906127"><ele>671.863</ele><time>2026-07-26T20:14:50Z</time></trkpt><trkpt lat="61.514373" lon="-142.906117"><ele>672.089</ele><time>2026-07-26T20:14:52Z</time></trkpt><trkpt lat="61.514312" lon="-142.906064"><ele>672.478</ele><time>2026-07-26T20:14:57Z</time></trkpt><trkpt lat="61.514304" lon="-142.906044"><ele>673.015</ele><time>2026-07-26T20:14:59Z</time></trkpt><trkpt lat="61.51427" lon="-142.905991"><ele>674.047</ele><time>2026-07-26T20:15:04Z</time></trkpt><trkpt lat="61.514278" lon="-142.905992"><ele>674.293</ele><time>2026-07-26T20:15:05Z</time></trkpt><trkpt lat="61.514307" lon="-142.905981"><ele>675.261</ele><time>2026-07-26T20:15:09Z</time></trkpt><trkpt lat="61.514323" lon="-142.90597"><ele>676.088</ele><time>2026-07-26T20:15:12Z</time></trkpt><trkpt lat="61.514327" lon="-142.905967"><ele>676.224</ele><time>2026-07-26T20:15:13Z</time></trkpt><trkpt lat="61.514346" lon="-142.905946"><ele>677.226</ele><time>2026-07-26T20:15:17Z</time></trkpt><trkpt lat="61.514361" lon="-142.905928"><ele>677.809</ele><time>2026-07-26T20:15:19Z</time></trkpt><trkpt lat="61.514397" lon="-142.905897"><ele>678.450</ele><time>2026-07-26T20:15:23Z</time></trkpt><trkpt lat="61.514416" lon="-142.905879"><ele>679.225</ele><time>2026-07-26T20:15:26Z</time></trkpt><trkpt lat="61.514423" lon="-142.905871"><ele>679.614</ele><time>2026-07-26T20:15:27Z</time></trkpt><trkpt lat="61.514424" lon="-142.905826"><ele>680.820</ele><time>2026-07-26T20:15:30Z</time></trkpt><trkpt lat="61.514408" lon="-142.905806"><ele>681.229</ele><time>2026-07-26T20:15:32Z</time></trkpt><trkpt lat="61.51438" lon="-142.905778"><ele>682.076</ele><time>2026-07-26T20:15:35Z</time></trkpt><trkpt lat="61.514347" lon="-142.905747"><ele>682.688</ele><time>2026-07-26T20:15:39Z</time></trkpt><trkpt lat="61.51434" lon="-142.905745"><ele>682.694</ele><time>2026-07-26T20:15:40Z</time></trkpt><trkpt lat="61.514332" lon="-142.905742"><ele>682.882</ele><time>2026-07-26T20:15:41Z</time></trkpt><trkpt lat="61.514323" lon="-142.905737"><ele>682.875</ele><time>2026-07-26T20:15:42Z</time></trkpt><trkpt lat="61.514311" lon="-142.905735"><ele>683.228</ele><time>2026-07-26T20:15:44Z</time></trkpt><trkpt lat="61.514302" lon="-142.905723"><ele>683.420</ele><time>2026-07-26T20:15:47Z</time></trkpt><trkpt lat="61.514277" lon="-142.905708"><ele>683.409</ele><time>2026-07-26T20:15:50Z</time></trkpt><trkpt lat="61.514255" lon="-142.90569"><ele>683.089</ele><time>2026-07-26T20:15:53Z</time></trkpt><trkpt lat="61.514221" lon="-142.905632"><ele>684.274</ele><time>2026-07-26T20:16:01Z</time></trkpt><trkpt lat="61.514166" lon="-142.905617"><ele>685.083</ele><time>2026-07-26T20:16:08Z</time></trkpt><trkpt lat="61.514151" lon="-142.905569"><ele>684.819</ele><time>2026-07-26T20:16:13Z</time></trkpt><trkpt lat="61.514141" lon="-142.905531"><ele>685.278</ele><time>2026-07-26T20:16:17Z</time></trkpt><trkpt lat="61.514121" lon="-142.905501"><ele>685.895</ele><time>2026-07-26T20:16:21Z</time></trkpt><trkpt lat="61.514115" lon="-142.905491"><ele>686.437</ele><time>2026-07-26T20:16:23Z</time></trkpt><trkpt lat="61.514082" lon="-142.90544"><ele>687.243</ele><time>2026-07-26T20:16:29Z</time></trkpt><trkpt lat="61.514077" lon="-142.905432"><ele>687.411</ele><time>2026-07-26T20:16:30Z</time></trkpt><trkpt lat="61.514049" lon="-142.905407"><ele>688.482</ele><time>2026-07-26T20:16:37Z</time></trkpt><trkpt lat="61.51403" lon="-142.905376"><ele>689.043</ele><time>2026-07-26T20:16:41Z</time></trkpt><trkpt lat="61.514023" lon="-142.905356"><ele>689.417</ele><time>2026-07-26T20:16:44Z</time></trkpt><trkpt lat="61.514018" lon="-142.90535"><ele>689.609</ele><time>2026-07-26T20:16:45Z</time></trkpt><trkpt lat="61.513978" lon="-142.905319"><ele>689.830</ele><time>2026-07-26T20:16:51Z</time></trkpt><trkpt lat="61.513917" lon="-142.905275"><ele>689.445</ele><time>2026-07-26T20:16:58Z</time></trkpt><trkpt lat="61.513918" lon="-142.905212"><ele>689.864</ele><time>2026-07-26T20:17:04Z</time></trkpt><trkpt lat="61.513952" lon="-142.905174"><ele>690.660</ele><time>2026-07-26T20:17:11Z</time></trkpt><trkpt lat="61.513962" lon="-142.905174"><ele>690.629</ele><time>2026-07-26T20:17:12Z</time></trkpt><trkpt lat="61.51397" lon="-142.905172"><ele>690.856</ele><time>2026-07-26T20:17:13Z</time></trkpt><trkpt lat="61.513976" lon="-142.905167"><ele>690.888</ele><time>2026-07-26T20:17:14Z</time></trkpt><trkpt lat="61.513985" lon="-142.905147"><ele>691.064</ele><time>2026-07-26T20:17:18Z</time></trkpt><trkpt lat="61.514" lon="-142.905125"><ele>691.692</ele><time>2026-07-26T20:17:22Z</time></trkpt><trkpt lat="61.514002" lon="-142.905126"><ele>691.854</ele><time>2026-07-26T20:17:23Z</time></trkpt><trkpt lat="61.514013" lon="-142.905125"><ele>692.056</ele><time>2026-07-26T20:17:25Z</time></trkpt><trkpt lat="61.514028" lon="-142.905088"><ele>692.811</ele><time>2026-07-26T20:17:31Z</time></trkpt><trkpt lat="61.514031" lon="-142.905072"><ele>693.009</ele><time>2026-07-26T20:17:33Z</time></trkpt><trkpt lat="61.514041" lon="-142.905069"><ele>693.627</ele><time>2026-07-26T20:17:38Z</time></trkpt><trkpt lat="61.514045" lon="-142.90507"><ele>693.822</ele><time>2026-07-26T20:17:39Z</time></trkpt><trkpt lat="61.514052" lon="-142.905045"><ele>694.421</ele><time>2026-07-26T20:17:41Z</time></trkpt><trkpt lat="61.514065" lon="-142.905018"><ele>695.087</ele><time>2026-07-26T20:17:44Z</time></trkpt><trkpt lat="61.514076" lon="-142.905006"><ele>695.856</ele><time>2026-07-26T20:17:48Z</time></trkpt><trkpt lat="61.514087" lon="-142.904967"><ele>696.213</ele><time>2026-07-26T20:17:52Z</time></trkpt><trkpt lat="61.514085" lon="-142.904933"><ele>696.655</ele><time>2026-07-26T20:17:55Z</time></trkpt><trkpt lat="61.51408" lon="-142.904907"><ele>697.261</ele><time>2026-07-26T20:17:58Z</time></trkpt><trkpt lat="61.514078" lon="-142.904902"><ele>697.219</ele><time>2026-07-26T20:17:59Z</time></trkpt><trkpt lat="61.514058" lon="-142.904868"><ele>697.823</ele><time>2026-07-26T20:18:04Z</time></trkpt><trkpt lat="61.514021" lon="-142.904862"><ele>697.683</ele><time>2026-07-26T20:18:09Z</time></trkpt><trkpt lat="61.513983" lon="-142.904775"><ele>698.211</ele><time>2026-07-26T20:18:16Z</time></trkpt><trkpt lat="61.513969" lon="-142.904756"><ele>698.409</ele><time>2026-07-26T20:18:18Z</time></trkpt><trkpt lat="61.513936" lon="-142.904713"><ele>699.284</ele><time>2026-07-26T20:18:24Z</time></trkpt><trkpt lat="61.513926" lon="-142.904703"><ele>699.479</ele><time>2026-07-26T20:18:26Z</time></trkpt><trkpt lat="61.513877" lon="-142.904661"><ele>699.868</ele><time>2026-07-26T20:18:33Z</time></trkpt><trkpt lat="61.513861" lon="-142.904637"><ele>699.814</ele><time>2026-07-26T20:18:36Z</time></trkpt><trkpt lat="61.513832" lon="-142.904577"><ele>699.673</ele><time>2026-07-26T20:18:42Z</time></trkpt><trkpt lat="61.513768" lon="-142.904501"><ele>699.280</ele><time>2026-07-26T20:18:52Z</time></trkpt><trkpt lat="61.513724" lon="-142.904418"><ele>699.042</ele><time>2026-07-26T20:19:01Z</time></trkpt><trkpt lat="61.513707" lon="-142.90439"><ele>699.838</ele><time>2026-07-26T20:19:07Z</time></trkpt><trkpt lat="61.513692" lon="-142.904367"><ele>700.486</ele><time>2026-07-26T20:19:10Z</time></trkpt><trkpt lat="61.513664" lon="-142.904323"><ele>700.895</ele><time>2026-07-26T20:19:14Z</time></trkpt><trkpt lat="61.513628" lon="-142.904245"><ele>700.449</ele><time>2026-07-26T20:19:20Z</time></trkpt><trkpt lat="61.513557" lon="-142.904148"><ele>699.823</ele><time>2026-07-26T20:19:29Z</time></trkpt><trkpt lat="61.513501" lon="-142.904112"><ele>699.609</ele><time>2026-07-26T20:19:37Z</time></trkpt><trkpt lat="61.51346" lon="-142.904046"><ele>699.651</ele><time>2026-07-26T20:19:43Z</time></trkpt><trkpt lat="61.513424" lon="-142.903943"><ele>700.666</ele><time>2026-07-26T20:19:51Z</time></trkpt><trkpt lat="61.513384" lon="-142.903896"><ele>701.265</ele><time>2026-07-26T20:19:56Z</time></trkpt><trkpt lat="61.513377" lon="-142.903882"><ele>701.241</ele><time>2026-07-26T20:19:57Z</time></trkpt><trkpt lat="61.513319" lon="-142.903837"><ele>701.210</ele><time>2026-07-26T20:20:04Z</time></trkpt><trkpt lat="61.513266" lon="-142.903729"><ele>700.657</ele><time>2026-07-26T20:20:11Z</time></trkpt><trkpt lat="61.51322" lon="-142.903616"><ele>701.089</ele><time>2026-07-26T20:20:18Z</time></trkpt><trkpt lat="61.51315" lon="-142.903514"><ele>699.275</ele><time>2026-07-26T20:20:25Z</time></trkpt><trkpt lat="61.513112" lon="-142.903423"><ele>698.453</ele><time>2026-07-26T20:20:30Z</time></trkpt><trkpt lat="61.513054" lon="-142.903289"><ele>699.038</ele><time>2026-07-26T20:20:38Z</time></trkpt><trkpt lat="61.513004" lon="-142.903207"><ele>698.270</ele><time>2026-07-26T20:20:46Z</time></trkpt><trkpt lat="61.512951" lon="-142.903102"><ele>697.617</ele><time>2026-07-26T20:20:53Z</time></trkpt><trkpt lat="61.512886" lon="-142.903013"><ele>697.609</ele><time>2026-07-26T20:21:00Z</time></trkpt><trkpt lat="61.512825" lon="-142.902985"><ele>697.275</ele><time>2026-07-26T20:21:06Z</time></trkpt><trkpt lat="61.512812" lon="-142.902966"><ele>697.280</ele><time>2026-07-26T20:21:08Z</time></trkpt><trkpt lat="61.512801" lon="-142.902906"><ele>696.679</ele><time>2026-07-26T20:21:12Z</time></trkpt><trkpt lat="61.512784" lon="-142.902793"><ele>696.815</ele><time>2026-07-26T20:21:21Z</time></trkpt><trkpt lat="61.512767" lon="-142.902723"><ele>697.264</ele><time>2026-07-26T20:21:25Z</time></trkpt><trkpt lat="61.512736" lon="-142.902647"><ele>697.471</ele><time>2026-07-26T20:21:30Z</time></trkpt><trkpt lat="61.512714" lon="-142.902518"><ele>697.483</ele><time>2026-07-26T20:21:38Z</time></trkpt><trkpt lat="61.512669" lon="-142.902411"><ele>697.449</ele><time>2026-07-26T20:21:45Z</time></trkpt><trkpt lat="61.51266" lon="-142.902399"><ele>697.277</ele><time>2026-07-26T20:21:46Z</time></trkpt><trkpt lat="61.512593" lon="-142.902257"><ele>697.074</ele><time>2026-07-26T20:21:55Z</time></trkpt><trkpt lat="61.512567" lon="-142.902175"><ele>696.656</ele><time>2026-07-26T20:22:01Z</time></trkpt><trkpt lat="61.512523" lon="-142.902061"><ele>696.221</ele><time>2026-07-26T20:22:07Z</time></trkpt><trkpt lat="61.512463" lon="-142.901964"><ele>696.609</ele><time>2026-07-26T20:22:14Z</time></trkpt><trkpt lat="61.512439" lon="-142.901861"><ele>697.029</ele><time>2026-07-26T20:22:21Z</time></trkpt><trkpt lat="61.512413" lon="-142.901758"><ele>696.274</ele><time>2026-07-26T20:22:29Z</time></trkpt><trkpt lat="61.5124" lon="-142.901728"><ele>696.263</ele><time>2026-07-26T20:22:31Z</time></trkpt><trkpt lat="61.512363" lon="-142.901669"><ele>696.699</ele><time>2026-07-26T20:22:37Z</time></trkpt><trkpt lat="61.512335" lon="-142.901665"><ele>697.058</ele><time>2026-07-26T20:22:40Z</time></trkpt><trkpt lat="61.512283" lon="-142.901642"><ele>696.415</ele><time>2026-07-26T20:22:45Z</time></trkpt><trkpt lat="61.512229" lon="-142.901602"><ele>696.697</ele><time>2026-07-26T20:22:52Z</time></trkpt><trkpt lat="61.512174" lon="-142.901569"><ele>696.673</ele><time>2026-07-26T20:22:59Z</time></trkpt><trkpt lat="61.512134" lon="-142.901492"><ele>696.861</ele><time>2026-07-26T20:23:05Z</time></trkpt><trkpt lat="61.512121" lon="-142.901469"><ele>697.066</ele><time>2026-07-26T20:23:07Z</time></trkpt><trkpt lat="61.512109" lon="-142.901456"><ele>697.229</ele><time>2026-07-26T20:23:09Z</time></trkpt><trkpt lat="61.51206" lon="-142.901386"><ele>698.021</ele><time>2026-07-26T20:23:15Z</time></trkpt><trkpt lat="61.512039" lon="-142.901352"><ele>698.209</ele><time>2026-07-26T20:23:18Z</time></trkpt><trkpt lat="61.512027" lon="-142.901332"><ele>698.448</ele><time>2026-07-26T20:23:21Z</time></trkpt><trkpt lat="61.512023" lon="-142.901321"><ele>698.473</ele><time>2026-07-26T20:23:22Z</time></trkpt><trkpt lat="61.511988" lon="-142.901279"><ele>699.082</ele><time>2026-07-26T20:23:27Z</time></trkpt><trkpt lat="61.511978" lon="-142.901226"><ele>699.298</ele><time>2026-07-26T20:23:31Z</time></trkpt><trkpt lat="61.511982" lon="-142.901116"><ele>699.257</ele><time>2026-07-26T20:23:37Z</time></trkpt><trkpt lat="61.511999" lon="-142.901058"><ele>699.654</ele><time>2026-07-26T20:23:43Z</time></trkpt><trkpt lat="61.512" lon="-142.901089"><ele>699.866</ele><time>2026-07-26T20:23:50Z</time></trkpt><trkpt lat="61.512003" lon="-142.901085"><ele>699.832</ele><time>2026-07-26T20:23:53Z</time></trkpt><trkpt lat="61.512008" lon="-142.901028"><ele>700.080</ele><time>2026-07-26T20:24:04Z</time></trkpt><trkpt lat="61.51198" lon="-142.900942"><ele>698.697</ele><time>2026-07-26T20:24:10Z</time></trkpt><trkpt lat="61.511959" lon="-142.900941"><ele>698.423</ele><time>2026-07-26T20:24:12Z</time></trkpt><trkpt lat="61.511941" lon="-142.900951"><ele>698.025</ele><time>2026-07-26T20:24:14Z</time></trkpt><trkpt lat="61.511907" lon="-142.900998"><ele>697.209</ele><time>2026-07-26T20:24:18Z</time></trkpt><trkpt lat="61.511901" lon="-142.901009"><ele>697.011</ele><time>2026-07-26T20:24:19Z</time></trkpt><trkpt lat="61.511879" lon="-142.901002"><ele>696.896</ele><time>2026-07-26T20:24:21Z</time></trkpt><trkpt lat="61.511868" lon="-142.900987"><ele>696.865</ele><time>2026-07-26T20:24:23Z</time></trkpt><trkpt lat="61.511829" lon="-142.90096"><ele>698.291</ele><time>2026-07-26T20:24:31Z</time></trkpt><trkpt lat="61.51175" lon="-142.900898"><ele>698.020</ele><time>2026-07-26T20:24:40Z</time></trkpt><trkpt lat="61.511693" lon="-142.900867"><ele>697.287</ele><time>2026-07-26T20:24:45Z</time></trkpt><trkpt lat="61.511685" lon="-142.900878"><ele>697.039</ele><time>2026-07-26T20:24:46Z</time></trkpt><trkpt lat="61.511656" lon="-142.900904"><ele>696.425</ele><time>2026-07-26T20:24:48Z</time></trkpt><trkpt lat="61.511634" lon="-142.900863"><ele>696.243</ele><time>2026-07-26T20:24:52Z</time></trkpt><trkpt lat="61.511627" lon="-142.900849"><ele>696.241</ele><time>2026-07-26T20:24:53Z</time></trkpt><trkpt lat="61.511614" lon="-142.900847"><ele>696.281</ele><time>2026-07-26T20:24:54Z</time></trkpt><trkpt lat="61.51159" lon="-142.900854"><ele>695.809</ele><time>2026-07-26T20:24:56Z</time></trkpt><trkpt lat="61.511582" lon="-142.900872"><ele>695.609</ele><time>2026-07-26T20:24:57Z</time></trkpt><trkpt lat="61.511575" lon="-142.900886"><ele>695.216</ele><time>2026-07-26T20:24:58Z</time></trkpt><trkpt lat="61.511557" lon="-142.900914"><ele>694.861</ele><time>2026-07-26T20:25:00Z</time></trkpt><trkpt lat="61.511487" lon="-142.900934"><ele>693.880</ele><time>2026-07-26T20:25:07Z</time></trkpt><trkpt lat="61.511432" lon="-142.900949"><ele>693.016</ele><time>2026-07-26T20:25:12Z</time></trkpt><trkpt lat="61.51141" lon="-142.900976"><ele>692.615</ele><time>2026-07-26T20:25:14Z</time></trkpt><trkpt lat="61.511383" lon="-142.901008"><ele>692.242</ele><time>2026-07-26T20:25:17Z</time></trkpt><trkpt lat="61.511336" lon="-142.901055"><ele>691.474</ele><time>2026-07-26T20:25:22Z</time></trkpt><trkpt lat="61.511319" lon="-142.901051"><ele>691.040</ele><time>2026-07-26T20:25:24Z</time></trkpt><trkpt lat="61.511262" lon="-142.901026"><ele>690.438</ele><time>2026-07-26T20:25:30Z</time></trkpt><trkpt lat="61.511245" lon="-142.901018"><ele>690.033</ele><time>2026-07-26T20:25:32Z</time></trkpt><trkpt lat="61.51123" lon="-142.901013"><ele>689.823</ele><time>2026-07-26T20:25:34Z</time></trkpt><trkpt lat="61.511179" lon="-142.900995"><ele>689.015</ele><time>2026-07-26T20:25:38Z</time></trkpt><trkpt lat="61.511165" lon="-142.901005"><ele>688.809</ele><time>2026-07-26T20:25:39Z</time></trkpt><trkpt lat="61.511102" lon="-142.901058"><ele>688.075</ele><time>2026-07-26T20:25:45Z</time></trkpt><trkpt lat="61.511094" lon="-142.901059"><ele>688.090</ele><time>2026-07-26T20:25:46Z</time></trkpt><trkpt lat="61.511008" lon="-142.901031"><ele>687.019</ele><time>2026-07-26T20:25:53Z</time></trkpt><trkpt lat="61.510998" lon="-142.901032"><ele>687.065</ele><time>2026-07-26T20:25:54Z</time></trkpt><trkpt lat="61.510912" lon="-142.901054"><ele>686.434</ele><time>2026-07-26T20:26:02Z</time></trkpt><trkpt lat="61.510875" lon="-142.901063"><ele>686.081</ele><time>2026-07-26T20:26:05Z</time></trkpt><trkpt lat="61.510831" lon="-142.90105"><ele>685.483</ele><time>2026-07-26T20:26:09Z</time></trkpt><trkpt lat="61.510776" lon="-142.901047"><ele>685.069</ele><time>2026-07-26T20:26:15Z</time></trkpt><trkpt lat="61.510768" lon="-142.901051"><ele>684.827</ele><time>2026-07-26T20:26:16Z</time></trkpt><trkpt lat="61.510763" lon="-142.901055"><ele>684.818</ele><time>2026-07-26T20:26:17Z</time></trkpt><trkpt lat="61.510762" lon="-142.901054"><ele>684.898</ele><time>2026-07-26T20:26:18Z</time></trkpt><trkpt lat="61.510718" lon="-142.901046"><ele>684.617</ele><time>2026-07-26T20:26:25Z</time></trkpt><trkpt lat="61.510646" lon="-142.901044"><ele>684.409</ele><time>2026-07-26T20:26:31Z</time></trkpt><trkpt lat="61.510609" lon="-142.901044"><ele>684.243</ele><time>2026-07-26T20:26:34Z</time></trkpt><trkpt lat="61.51058" lon="-142.901047"><ele>684.218</ele><time>2026-07-26T20:26:37Z</time></trkpt><trkpt lat="61.510558" lon="-142.90104"><ele>684.287</ele><time>2026-07-26T20:26:39Z</time></trkpt><trkpt lat="61.51053" lon="-142.901037"><ele>684.043</ele><time>2026-07-26T20:26:42Z</time></trkpt><trkpt lat="61.510512" lon="-142.901043"><ele>683.832</ele><time>2026-07-26T20:26:44Z</time></trkpt><trkpt lat="61.510439" lon="-142.901028"><ele>683.269</ele><time>2026-07-26T20:26:51Z</time></trkpt><trkpt lat="61.510399" lon="-142.901029"><ele>682.661</ele><time>2026-07-26T20:26:54Z</time></trkpt><trkpt lat="61.51036" lon="-142.901042"><ele>682.267</ele><time>2026-07-26T20:26:58Z</time></trkpt><trkpt lat="61.510313" lon="-142.901068"><ele>681.625</ele><time>2026-07-26T20:27:03Z</time></trkpt><trkpt lat="61.510283" lon="-142.901073"><ele>680.872</ele><time>2026-07-26T20:27:06Z</time></trkpt><trkpt lat="61.510267" lon="-142.901079"><ele>680.413</ele><time>2026-07-26T20:27:08Z</time></trkpt><trkpt lat="61.510208" lon="-142.901106"><ele>679.414</ele><time>2026-07-26T20:27:15Z</time></trkpt><trkpt lat="61.510203" lon="-142.901104"><ele>679.409</ele><time>2026-07-26T20:27:16Z</time></trkpt><trkpt lat="61.510197" lon="-142.901102"><ele>678.849</ele><time>2026-07-26T20:27:20Z</time></trkpt><trkpt lat="61.510198" lon="-142.901109"><ele>678.844</ele><time>2026-07-26T20:27:28Z</time></trkpt><trkpt lat="61.51019" lon="-142.901106"><ele>678.843</ele><time>2026-07-26T20:27:31Z</time></trkpt><trkpt lat="61.510188" lon="-142.901113"><ele>678.839</ele><time>2026-07-26T20:27:33Z</time></trkpt><trkpt lat="61.510204" lon="-142.901124"><ele>678.888</ele><time>2026-07-26T20:27:44Z</time></trkpt><trkpt lat="61.510203" lon="-142.90113"><ele>678.875</ele><time>2026-07-26T20:27:49Z</time></trkpt><trkpt lat="61.510198" lon="-142.901132"><ele>678.827</ele><time>2026-07-26T20:27:52Z</time></trkpt><trkpt lat="61.510187" lon="-142.901113"><ele>678.663</ele><time>2026-07-26T20:27:58Z</time></trkpt><trkpt lat="61.510189" lon="-142.901087"><ele>678.691</ele><time>2026-07-26T20:28:08Z</time></trkpt><trkpt lat="61.510193" lon="-142.90107"><ele>678.245</ele><time>2026-07-26T20:28:19Z</time></trkpt><trkpt lat="61.510197" lon="-142.90107"><ele>678.247</ele><time>2026-07-26T20:28:23Z</time></trkpt><trkpt lat="61.510173" lon="-142.901086"><ele>678.411</ele><time>2026-07-26T20:28:42Z</time></trkpt><trkpt lat="61.51018" lon="-142.901118"><ele>678.409</ele><time>2026-07-26T20:28:54Z</time></trkpt><trkpt lat="61.510178" lon="-142.901113"><ele>678.046</ele><time>2026-07-26T20:29:04Z</time></trkpt><trkpt lat="61.51018" lon="-142.901118"><ele>678.271</ele><time>2026-07-26T20:29:12Z</time></trkpt><trkpt lat="61.51018" lon="-142.901118"><ele>678.260</ele><time>2026-07-26T20:29:18Z</time></trkpt><trkpt lat="61.510186" lon="-142.901115"><ele>678.636</ele><time>2026-07-26T20:29:32Z</time></trkpt><trkpt lat="61.510139" lon="-142.901097"><ele>678.255</ele><time>2026-07-26T20:29:39Z</time></trkpt><trkpt lat="61.510069" lon="-142.901013"><ele>677.872</ele><time>2026-07-26T20:29:46Z</time></trkpt><trkpt lat="61.509964" lon="-142.900936"><ele>677.444</ele><time>2026-07-26T20:29:56Z</time></trkpt><trkpt lat="61.509933" lon="-142.900919"><ele>677.230</ele><time>2026-07-26T20:29:59Z</time></trkpt><trkpt lat="61.50986" lon="-142.90089"><ele>676.898</ele><time>2026-07-26T20:30:06Z</time></trkpt><trkpt lat="61.509798" lon="-142.900857"><ele>676.243</ele><time>2026-07-26T20:30:11Z</time></trkpt><trkpt lat="61.509783" lon="-142.900847"><ele>676.064</ele><time>2026-07-26T20:30:12Z</time></trkpt><trkpt lat="61.509717" lon="-142.900872"><ele>675.610</ele><time>2026-07-26T20:30:18Z</time></trkpt><trkpt lat="61.509658" lon="-142.900901"><ele>675.209</ele><time>2026-07-26T20:30:23Z</time></trkpt><trkpt lat="61.509613" lon="-142.900935"><ele>674.856</ele><time>2026-07-26T20:30:27Z</time></trkpt><trkpt lat="61.50956" lon="-142.900955"><ele>674.021</ele><time>2026-07-26T20:30:32Z</time></trkpt><trkpt lat="61.509522" lon="-142.900934"><ele>673.610</ele><time>2026-07-26T20:30:36Z</time></trkpt><trkpt lat="61.509471" lon="-142.900902"><ele>673.096</ele><time>2026-07-26T20:30:40Z</time></trkpt><trkpt lat="61.50943" lon="-142.900898"><ele>672.645</ele><time>2026-07-26T20:30:44Z</time></trkpt><trkpt lat="61.509388" lon="-142.900888"><ele>672.072</ele><time>2026-07-26T20:30:49Z</time></trkpt><trkpt lat="61.509378" lon="-142.900886"><ele>672.094</ele><time>2026-07-26T20:30:50Z</time></trkpt><trkpt lat="61.509295" lon="-142.900855"><ele>671.020</ele><time>2026-07-26T20:30:57Z</time></trkpt><trkpt lat="61.509285" lon="-142.900855"><ele>670.838</ele><time>2026-07-26T20:30:58Z</time></trkpt><trkpt lat="61.50921" lon="-142.900859"><ele>670.295</ele><time>2026-07-26T20:31:04Z</time></trkpt><trkpt lat="61.509145" lon="-142.900827"><ele>669.849</ele><time>2026-07-26T20:31:09Z</time></trkpt><trkpt lat="61.509122" lon="-142.900828"><ele>669.823</ele><time>2026-07-26T20:31:12Z</time></trkpt><trkpt lat="61.50905" lon="-142.900843"><ele>669.209</ele><time>2026-07-26T20:31:20Z</time></trkpt><trkpt lat="61.509003" lon="-142.90086"><ele>668.831</ele><time>2026-07-26T20:31:24Z</time></trkpt><trkpt lat="61.508957" lon="-142.900841"><ele>668.276</ele><time>2026-07-26T20:31:28Z</time></trkpt><trkpt lat="61.508917" lon="-142.900823"><ele>667.625</ele><time>2026-07-26T20:31:32Z</time></trkpt><trkpt lat="61.50888" lon="-142.90081"><ele>667.471</ele><time>2026-07-26T20:31:36Z</time></trkpt><trkpt lat="61.508862" lon="-142.900805"><ele>667.420</ele><time>2026-07-26T20:31:38Z</time></trkpt><trkpt lat="61.508797" lon="-142.900795"><ele>666.867</ele><time>2026-07-26T20:31:44Z</time></trkpt><trkpt lat="61.508777" lon="-142.900791"><ele>666.639</ele><time>2026-07-26T20:31:46Z</time></trkpt><trkpt lat="61.508751" lon="-142.900779"><ele>666.265</ele><time>2026-07-26T20:31:49Z</time></trkpt><trkpt lat="61.508721" lon="-142.900746"><ele>666.043</ele><time>2026-07-26T20:31:52Z</time></trkpt><trkpt lat="61.508656" lon="-142.900684"><ele>665.688</ele><time>2026-07-26T20:31:59Z</time></trkpt><trkpt lat="61.508645" lon="-142.900681"><ele>665.624</ele><time>2026-07-26T20:32:00Z</time></trkpt><trkpt lat="61.508602" lon="-142.90066"><ele>665.426</ele><time>2026-07-26T20:32:04Z</time></trkpt><trkpt lat="61.508577" lon="-142.900625"><ele>665.209</ele><time>2026-07-26T20:32:07Z</time></trkpt><trkpt lat="61.508494" lon="-142.900572"><ele>664.680</ele><time>2026-07-26T20:32:15Z</time></trkpt><trkpt lat="61.508484" lon="-142.900566"><ele>664.615</ele><time>2026-07-26T20:32:16Z</time></trkpt><trkpt lat="61.508446" lon="-142.900546"><ele>664.414</ele><time>2026-07-26T20:32:20Z</time></trkpt><trkpt lat="61.508406" lon="-142.900524"><ele>664.220</ele><time>2026-07-26T20:32:24Z</time></trkpt><trkpt lat="61.508319" lon="-142.90045"><ele>663.869</ele><time>2026-07-26T20:32:33Z</time></trkpt><trkpt lat="61.50827" lon="-142.900425"><ele>663.486</ele><time>2026-07-26T20:32:38Z</time></trkpt><trkpt lat="61.50826" lon="-142.900421"><ele>663.418</ele><time>2026-07-26T20:32:39Z</time></trkpt><trkpt lat="61.50817" lon="-142.900352"><ele>662.684</ele><time>2026-07-26T20:32:47Z</time></trkpt><trkpt lat="61.508124" lon="-142.900332"><ele>662.412</ele><time>2026-07-26T20:32:52Z</time></trkpt><trkpt lat="61.50809" lon="-142.900343"><ele>662.239</ele><time>2026-07-26T20:32:55Z</time></trkpt><trkpt lat="61.508016" lon="-142.90037"><ele>661.601</ele><time>2026-07-26T20:33:03Z</time></trkpt><trkpt lat="61.507997" lon="-142.900377"><ele>661.221</ele><time>2026-07-26T20:33:05Z</time></trkpt><trkpt lat="61.507938" lon="-142.900358"><ele>660.609</ele><time>2026-07-26T20:33:10Z</time></trkpt><trkpt lat="61.507891" lon="-142.900367"><ele>660.295</ele><time>2026-07-26T20:33:15Z</time></trkpt><trkpt lat="61.507858" lon="-142.900351"><ele>660.080</ele><time>2026-07-26T20:33:18Z</time></trkpt><trkpt lat="61.507777" lon="-142.900344"><ele>659.669</ele><time>2026-07-26T20:33:25Z</time></trkpt><trkpt lat="61.50774" lon="-142.900353"><ele>659.455</ele><time>2026-07-26T20:33:28Z</time></trkpt><trkpt lat="61.507708" lon="-142.900343"><ele>659.214</ele><time>2026-07-26T20:33:31Z</time></trkpt><trkpt lat="61.507699" lon="-142.900339"><ele>659.041</ele><time>2026-07-26T20:33:32Z</time></trkpt><trkpt lat="61.507677" lon="-142.900346"><ele>658.843</ele><time>2026-07-26T20:33:34Z</time></trkpt><trkpt lat="61.507654" lon="-142.90036"><ele>658.619</ele><time>2026-07-26T20:33:36Z</time></trkpt><trkpt lat="61.507643" lon="-142.900368"><ele>658.627</ele><time>2026-07-26T20:33:37Z</time></trkpt><trkpt lat="61.507601" lon="-142.900396"><ele>658.463</ele><time>2026-07-26T20:33:41Z</time></trkpt><trkpt lat="61.507533" lon="-142.900401"><ele>658.044</ele><time>2026-07-26T20:33:47Z</time></trkpt><trkpt lat="61.507514" lon="-142.900385"><ele>657.818</ele><time>2026-07-26T20:33:49Z</time></trkpt><trkpt lat="61.507448" lon="-142.900352"><ele>657.009</ele><time>2026-07-26T20:33:55Z</time></trkpt><trkpt lat="61.507428" lon="-142.90033"><ele>656.828</ele><time>2026-07-26T20:33:57Z</time></trkpt><trkpt lat="61.507335" lon="-142.90024"><ele>657.463</ele><time>2026-07-26T20:34:06Z</time></trkpt><trkpt lat="61.507288" lon="-142.900207"><ele>657.842</ele><time>2026-07-26T20:34:12Z</time></trkpt><trkpt lat="61.507257" lon="-142.900188"><ele>658.038</ele><time>2026-07-26T20:34:15Z</time></trkpt><trkpt lat="61.507251" lon="-142.900187"><ele>658.087</ele><time>2026-07-26T20:34:16Z</time></trkpt><trkpt lat="61.507199" lon="-142.900171"><ele>658.224</ele><time>2026-07-26T20:34:22Z</time></trkpt><trkpt lat="61.507145" lon="-142.90017"><ele>658.446</ele><time>2026-07-26T20:34:27Z</time></trkpt><trkpt lat="61.507084" lon="-142.900181"><ele>658.642</ele><time>2026-07-26T20:34:32Z</time></trkpt><trkpt lat="61.507063" lon="-142.900173"><ele>658.890</ele><time>2026-07-26T20:34:34Z</time></trkpt><trkpt lat="61.506979" lon="-142.900181"><ele>658.289</ele><time>2026-07-26T20:34:42Z</time></trkpt><trkpt lat="61.506974" lon="-142.900179"><ele>658.206</ele><time>2026-07-26T20:34:43Z</time></trkpt><trkpt lat="61.506911" lon="-142.900178"><ele>657.826</ele><time>2026-07-26T20:34:49Z</time></trkpt><trkpt lat="61.506885" lon="-142.900179"><ele>657.609</ele><time>2026-07-26T20:34:52Z</time></trkpt><trkpt lat="61.506825" lon="-142.900182"><ele>657.010</ele><time>2026-07-26T20:34:57Z</time></trkpt><trkpt lat="61.506811" lon="-142.900181"><ele>657.085</ele><time>2026-07-26T20:34:58Z</time></trkpt><trkpt lat="61.506795" lon="-142.900168"><ele>656.844</ele><time>2026-07-26T20:34:59Z</time></trkpt><trkpt lat="61.506746" lon="-142.900141"><ele>656.680</ele><time>2026-07-26T20:35:04Z</time></trkpt><trkpt lat="61.506707" lon="-142.900121"><ele>656.099</ele><time>2026-07-26T20:35:09Z</time></trkpt><trkpt lat="61.506653" lon="-142.9001"><ele>655.616</ele><time>2026-07-26T20:35:14Z</time></trkpt><trkpt lat="61.506575" lon="-142.900042"><ele>655.228</ele><time>2026-07-26T20:35:22Z</time></trkpt><trkpt lat="61.506538" lon="-142.900051"><ele>655.014</ele><time>2026-07-26T20:35:25Z</time></trkpt><trkpt lat="61.5065" lon="-142.900047"><ele>654.682</ele><time>2026-07-26T20:35:29Z</time></trkpt><trkpt lat="61.506407" lon="-142.900052"><ele>654.864</ele><time>2026-07-26T20:35:37Z</time></trkpt><trkpt lat="61.506341" lon="-142.900051"><ele>654.006</ele><time>2026-07-26T20:35:43Z</time></trkpt><trkpt lat="61.506251" lon="-142.899997"><ele>653.816</ele><time>2026-07-26T20:35:52Z</time></trkpt><trkpt lat="61.506188" lon="-142.89992"><ele>653.809</ele><time>2026-07-26T20:35:58Z</time></trkpt><trkpt lat="61.506118" lon="-142.899835"><ele>653.878</ele><time>2026-07-26T20:36:05Z</time></trkpt><trkpt lat="61.506032" lon="-142.899776"><ele>654.253</ele><time>2026-07-26T20:36:13Z</time></trkpt><trkpt lat="61.505924" lon="-142.899754"><ele>654.672</ele><time>2026-07-26T20:36:22Z</time></trkpt><trkpt lat="61.505874" lon="-142.899745"><ele>655.048</ele><time>2026-07-26T20:36:27Z</time></trkpt><trkpt lat="61.505855" lon="-142.899733"><ele>655.447</ele><time>2026-07-26T20:36:31Z</time></trkpt><trkpt lat="61.505849" lon="-142.899731"><ele>655.464</ele><time>2026-07-26T20:36:32Z</time></trkpt><trkpt lat="61.505814" lon="-142.89972"><ele>655.646</ele><time>2026-07-26T20:36:36Z</time></trkpt><trkpt lat="61.505782" lon="-142.8997"><ele>655.642</ele><time>2026-07-26T20:36:40Z</time></trkpt><trkpt lat="61.505739" lon="-142.899664"><ele>656.010</ele><time>2026-07-26T20:36:44Z</time></trkpt><trkpt lat="61.505701" lon="-142.899627"><ele>656.451</ele><time>2026-07-26T20:36:47Z</time></trkpt><trkpt lat="61.505654" lon="-142.899582"><ele>657.001</ele><time>2026-07-26T20:36:54Z</time></trkpt><trkpt lat="61.505647" lon="-142.899574"><ele>657.211</ele><time>2026-07-26T20:36:55Z</time></trkpt><trkpt lat="61.505576" lon="-142.899508"><ele>657.809</ele><time>2026-07-26T20:37:04Z</time></trkpt><trkpt lat="61.505531" lon="-142.899474"><ele>658.217</ele><time>2026-07-26T20:37:09Z</time></trkpt><trkpt lat="61.50549" lon="-142.899454"><ele>658.472</ele><time>2026-07-26T20:37:14Z</time></trkpt><trkpt lat="61.505459" lon="-142.89944"><ele>658.621</ele><time>2026-07-26T20:37:17Z</time></trkpt><trkpt lat="61.505421" lon="-142.89941"><ele>658.827</ele><time>2026-07-26T20:37:22Z</time></trkpt><trkpt lat="61.505337" lon="-142.899353"><ele>658.846</ele><time>2026-07-26T20:37:30Z</time></trkpt><trkpt lat="61.50527" lon="-142.899296"><ele>659.013</ele><time>2026-07-26T20:37:38Z</time></trkpt><trkpt lat="61.50525" lon="-142.899282"><ele>659.285</ele><time>2026-07-26T20:37:40Z</time></trkpt><trkpt lat="61.505166" lon="-142.899274"><ele>658.631</ele><time>2026-07-26T20:37:48Z</time></trkpt><trkpt lat="61.50513" lon="-142.899269"><ele>658.099</ele><time>2026-07-26T20:37:52Z</time></trkpt><trkpt lat="61.505032" lon="-142.899266"><ele>657.441</ele><time>2026-07-26T20:38:01Z</time></trkpt><trkpt lat="61.504985" lon="-142.89928"><ele>657.081</ele><time>2026-07-26T20:38:06Z</time></trkpt><trkpt lat="61.50494" lon="-142.899297"><ele>656.409</ele><time>2026-07-26T20:38:10Z</time></trkpt><trkpt lat="61.504912" lon="-142.899303"><ele>656.009</ele><time>2026-07-26T20:38:13Z</time></trkpt><trkpt lat="61.504876" lon="-142.89928"><ele>655.696</ele><time>2026-07-26T20:38:17Z</time></trkpt><trkpt lat="61.504805" lon="-142.89926"><ele>655.011</ele><time>2026-07-26T20:38:22Z</time></trkpt><trkpt lat="61.504792" lon="-142.899255"><ele>654.860</ele><time>2026-07-26T20:38:23Z</time></trkpt><trkpt lat="61.504703" lon="-142.899214"><ele>654.226</ele><time>2026-07-26T20:38:31Z</time></trkpt><trkpt lat="61.504682" lon="-142.899223"><ele>653.845</ele><time>2026-07-26T20:38:33Z</time></trkpt><trkpt lat="61.50466" lon="-142.899211"><ele>653.492</ele><time>2026-07-26T20:38:35Z</time></trkpt><trkpt lat="61.504623" lon="-142.899194"><ele>652.854</ele><time>2026-07-26T20:38:38Z</time></trkpt><trkpt lat="61.504598" lon="-142.899191"><ele>652.690</ele><time>2026-07-26T20:38:40Z</time></trkpt><trkpt lat="61.504552" lon="-142.899166"><ele>652.418</ele><time>2026-07-26T20:38:45Z</time></trkpt><trkpt lat="61.504482" lon="-142.899089"><ele>652.627</ele><time>2026-07-26T20:38:52Z</time></trkpt><trkpt lat="61.504405" lon="-142.899013"><ele>653.868</ele><time>2026-07-26T20:39:01Z</time></trkpt><trkpt lat="61.504366" lon="-142.898934"><ele>654.614</ele><time>2026-07-26T20:39:07Z</time></trkpt><trkpt lat="61.50434" lon="-142.898928"><ele>654.609</ele><time>2026-07-26T20:39:10Z</time></trkpt><trkpt lat="61.50429" lon="-142.898895"><ele>654.694</ele><time>2026-07-26T20:39:15Z</time></trkpt><trkpt lat="61.504271" lon="-142.898882"><ele>654.879</ele><time>2026-07-26T20:39:17Z</time></trkpt><trkpt lat="61.504197" lon="-142.898822"><ele>654.268</ele><time>2026-07-26T20:39:24Z</time></trkpt><trkpt lat="61.504153" lon="-142.898783"><ele>653.664</ele><time>2026-07-26T20:39:29Z</time></trkpt><trkpt lat="61.504144" lon="-142.89878"><ele>653.613</ele><time>2026-07-26T20:39:30Z</time></trkpt><trkpt lat="61.504058" lon="-142.898735"><ele>653.060</ele><time>2026-07-26T20:39:38Z</time></trkpt><trkpt lat="61.504004" lon="-142.898676"><ele>652.672</ele><time>2026-07-26T20:39:43Z</time></trkpt><trkpt lat="61.503978" lon="-142.898638"><ele>652.448</ele><time>2026-07-26T20:39:46Z</time></trkpt><trkpt lat="61.503905" lon="-142.898566"><ele>652.426</ele><time>2026-07-26T20:39:53Z</time></trkpt><trkpt lat="61.503816" lon="-142.898473"><ele>652.278</ele><time>2026-07-26T20:40:02Z</time></trkpt><trkpt lat="61.503739" lon="-142.898356"><ele>653.033</ele><time>2026-07-26T20:40:11Z</time></trkpt><trkpt lat="61.503731" lon="-142.898349"><ele>653.026</ele><time>2026-07-26T20:40:12Z</time></trkpt><trkpt lat="61.503722" lon="-142.898345"><ele>653.209</ele><time>2026-07-26T20:40:13Z</time></trkpt><trkpt lat="61.503663" lon="-142.898266"><ele>653.439</ele><time>2026-07-26T20:40:19Z</time></trkpt><trkpt lat="61.50358" lon="-142.898165"><ele>653.244</ele><time>2026-07-26T20:40:28Z</time></trkpt><trkpt lat="61.503475" lon="-142.89806"><ele>652.683</ele><time>2026-07-26T20:40:38Z</time></trkpt><trkpt lat="61.503398" lon="-142.897963"><ele>652.099</ele><time>2026-07-26T20:40:46Z</time></trkpt><trkpt lat="61.503321" lon="-142.897896"><ele>651.858</ele><time>2026-07-26T20:40:53Z</time></trkpt><trkpt lat="61.503229" lon="-142.897869"><ele>652.095</ele><time>2026-07-26T20:41:02Z</time></trkpt><trkpt lat="61.503187" lon="-142.897805"><ele>652.647</ele><time>2026-07-26T20:41:09Z</time></trkpt><trkpt lat="61.503188" lon="-142.897727"><ele>653.823</ele><time>2026-07-26T20:41:16Z</time></trkpt><trkpt lat="61.503199" lon="-142.897631"><ele>655.081</ele><time>2026-07-26T20:41:23Z</time></trkpt><trkpt lat="61.503206" lon="-142.8976"><ele>655.492</ele><time>2026-07-26T20:41:25Z</time></trkpt><trkpt lat="61.503192" lon="-142.89753"><ele>656.073</ele><time>2026-07-26T20:41:29Z</time></trkpt><trkpt lat="61.503185" lon="-142.897507"><ele>656.220</ele><time>2026-07-26T20:41:31Z</time></trkpt><trkpt lat="61.503176" lon="-142.897442"><ele>657.209</ele><time>2026-07-26T20:41:37Z</time></trkpt><trkpt lat="61.503177" lon="-142.897425"><ele>657.681</ele><time>2026-07-26T20:41:39Z</time></trkpt><trkpt lat="61.503187" lon="-142.897397"><ele>658.266</ele><time>2026-07-26T20:41:42Z</time></trkpt><trkpt lat="61.503202" lon="-142.897376"><ele>659.255</ele><time>2026-07-26T20:41:47Z</time></trkpt><trkpt lat="61.503204" lon="-142.897372"><ele>659.441</ele><time>2026-07-26T20:41:48Z</time></trkpt><trkpt lat="61.503236" lon="-142.897337"><ele>660.210</ele><time>2026-07-26T20:41:55Z</time></trkpt><trkpt lat="61.503256" lon="-142.897325"><ele>660.617</ele><time>2026-07-26T20:41:59Z</time></trkpt><trkpt lat="61.503277" lon="-142.897286"><ele>661.489</ele><time>2026-07-26T20:42:04Z</time></trkpt><trkpt lat="61.503285" lon="-142.897245"><ele>661.815</ele><time>2026-07-26T20:42:07Z</time></trkpt><trkpt lat="61.503295" lon="-142.897179"><ele>662.223</ele><time>2026-07-26T20:42:10Z</time></trkpt><trkpt lat="61.503298" lon="-142.897161"><ele>662.419</ele><time>2026-07-26T20:42:11Z</time></trkpt><trkpt lat="61.5033" lon="-142.897099"><ele>663.009</ele><time>2026-07-26T20:42:14Z</time></trkpt><trkpt lat="61.503299" lon="-142.897077"><ele>663.219</ele><time>2026-07-26T20:42:15Z</time></trkpt><trkpt lat="61.503293" lon="-142.89704"><ele>663.409</ele><time>2026-07-26T20:42:17Z</time></trkpt><trkpt lat="61.50323" lon="-142.896954"><ele>662.823</ele><time>2026-07-26T20:42:24Z</time></trkpt><trkpt lat="61.503184" lon="-142.896948"><ele>661.498</ele><time>2026-07-26T20:42:27Z</time></trkpt><trkpt lat="61.503145" lon="-142.896961"><ele>660.417</ele><time>2026-07-26T20:42:31Z</time></trkpt><trkpt lat="61.503133" lon="-142.896913"><ele>660.653</ele><time>2026-07-26T20:42:34Z</time></trkpt><trkpt lat="61.503133" lon="-142.896891"><ele>661.452</ele><time>2026-07-26T20:42:37Z</time></trkpt><trkpt lat="61.503127" lon="-142.896909"><ele>661.699</ele><time>2026-07-26T20:42:45Z</time></trkpt><trkpt lat="61.503129" lon="-142.896916"><ele>661.611</ele><time>2026-07-26T20:42:46Z</time></trkpt><trkpt lat="61.503132" lon="-142.897036"><ele>660.817</ele><time>2026-07-26T20:42:53Z</time></trkpt><trkpt lat="61.503078" lon="-142.897097"><ele>661.245</ele><time>2026-07-26T20:43:00Z</time></trkpt><trkpt lat="61.503074" lon="-142.897106"><ele>661.065</ele><time>2026-07-26T20:43:03Z</time></trkpt><trkpt lat="61.503076" lon="-142.897081"><ele>661.068</ele><time>2026-07-26T20:43:06Z</time></trkpt><trkpt lat="61.503048" lon="-142.897074"><ele>662.014</ele><time>2026-07-26T20:43:09Z</time></trkpt><trkpt lat="61.503016" lon="-142.897092"><ele>662.609</ele><time>2026-07-26T20:43:11Z</time></trkpt><trkpt lat="61.502959" lon="-142.897136"><ele>662.678</ele><time>2026-07-26T20:43:15Z</time></trkpt><trkpt lat="61.502927" lon="-142.897248"><ele>661.453</ele><time>2026-07-26T20:43:21Z</time></trkpt><trkpt lat="61.502922" lon="-142.897258"><ele>661.032</ele><time>2026-07-26T20:43:22Z</time></trkpt><trkpt lat="61.502918" lon="-142.897325"><ele>660.218</ele><time>2026-07-26T20:43:25Z</time></trkpt><trkpt lat="61.502907" lon="-142.897362"><ele>659.897</ele><time>2026-07-26T20:43:27Z</time></trkpt><trkpt lat="61.502877" lon="-142.897377"><ele>659.094</ele><time>2026-07-26T20:43:30Z</time></trkpt><trkpt lat="61.502858" lon="-142.897391"><ele>658.466</ele><time>2026-07-26T20:43:33Z</time></trkpt><trkpt lat="61.502824" lon="-142.897435"><ele>657.842</ele><time>2026-07-26T20:43:38Z</time></trkpt><trkpt lat="61.502797" lon="-142.897482"><ele>656.860</ele><time>2026-07-26T20:43:42Z</time></trkpt><trkpt lat="61.502791" lon="-142.897496"><ele>656.621</ele><time>2026-07-26T20:43:43Z</time></trkpt><trkpt lat="61.502786" lon="-142.897606"><ele>655.641</ele><time>2026-07-26T20:43:49Z</time></trkpt><trkpt lat="61.50276" lon="-142.897647"><ele>654.605</ele><time>2026-07-26T20:43:53Z</time></trkpt><trkpt lat="61.502734" lon="-142.897663"><ele>653.809</ele><time>2026-07-26T20:43:56Z</time></trkpt><trkpt lat="61.502704" lon="-142.897669"><ele>653.414</ele><time>2026-07-26T20:43:59Z</time></trkpt><trkpt lat="61.502638" lon="-142.897646"><ele>652.829</ele><time>2026-07-26T20:44:05Z</time></trkpt><trkpt lat="61.502563" lon="-142.897558"><ele>653.088</ele><time>2026-07-26T20:44:13Z</time></trkpt><trkpt lat="61.502502" lon="-142.89748"><ele>653.294</ele><time>2026-07-26T20:44:20Z</time></trkpt><trkpt lat="61.502429" lon="-142.897392"><ele>652.823</ele><time>2026-07-26T20:44:29Z</time></trkpt><trkpt lat="61.502378" lon="-142.897349"><ele>652.240</ele><time>2026-07-26T20:44:34Z</time></trkpt><trkpt lat="61.502337" lon="-142.897308"><ele>651.882</ele><time>2026-07-26T20:44:38Z</time></trkpt><trkpt lat="61.502273" lon="-142.897237"><ele>651.878</ele><time>2026-07-26T20:44:45Z</time></trkpt><trkpt lat="61.502221" lon="-142.897092"><ele>652.056</ele><time>2026-07-26T20:44:54Z</time></trkpt><trkpt lat="61.502208" lon="-142.896975"><ele>652.683</ele><time>2026-07-26T20:45:02Z</time></trkpt><trkpt lat="61.502184" lon="-142.896927"><ele>653.025</ele><time>2026-07-26T20:45:06Z</time></trkpt><trkpt lat="61.502171" lon="-142.896894"><ele>653.417</ele><time>2026-07-26T20:45:09Z</time></trkpt><trkpt lat="61.502159" lon="-142.896889"><ele>653.609</ele><time>2026-07-26T20:45:11Z</time></trkpt><trkpt lat="61.502125" lon="-142.896812"><ele>654.460</ele><time>2026-07-26T20:45:18Z</time></trkpt><trkpt lat="61.502096" lon="-142.89673"><ele>655.055</ele><time>2026-07-26T20:45:25Z</time></trkpt><trkpt lat="61.502087" lon="-142.896695"><ele>655.434</ele><time>2026-07-26T20:45:28Z</time></trkpt><trkpt lat="61.502078" lon="-142.896681"><ele>655.640</ele><time>2026-07-26T20:45:29Z</time></trkpt><trkpt lat="61.502052" lon="-142.896646"><ele>656.059</ele><time>2026-07-26T20:45:33Z</time></trkpt><trkpt lat="61.502" lon="-142.896573"><ele>656.456</ele><time>2026-07-26T20:45:40Z</time></trkpt><trkpt lat="61.501943" lon="-142.896517"><ele>657.248</ele><time>2026-07-26T20:45:47Z</time></trkpt><trkpt lat="61.501912" lon="-142.89649"><ele>657.684</ele><time>2026-07-26T20:45:51Z</time></trkpt><trkpt lat="61.501881" lon="-142.89647"><ele>657.832</ele><time>2026-07-26T20:45:55Z</time></trkpt><trkpt lat="61.501798" lon="-142.896419"><ele>658.472</ele><time>2026-07-26T20:46:04Z</time></trkpt><trkpt lat="61.501754" lon="-142.896351"><ele>658.613</ele><time>2026-07-26T20:46:09Z</time></trkpt><trkpt lat="61.501724" lon="-142.896312"><ele>658.814</ele><time>2026-07-26T20:46:13Z</time></trkpt><trkpt lat="61.501651" lon="-142.896184"><ele>659.609</ele><time>2026-07-26T20:46:23Z</time></trkpt><trkpt lat="61.501637" lon="-142.89616"><ele>659.869</ele><time>2026-07-26T20:46:25Z</time></trkpt><trkpt lat="61.501581" lon="-142.896084"><ele>660.474</ele><time>2026-07-26T20:46:34Z</time></trkpt><trkpt lat="61.501566" lon="-142.896058"><ele>660.613</ele><time>2026-07-26T20:46:36Z</time></trkpt><trkpt lat="61.501518" lon="-142.895995"><ele>661.269</ele><time>2026-07-26T20:46:43Z</time></trkpt><trkpt lat="61.501476" lon="-142.895921"><ele>661.648</ele><time>2026-07-26T20:46:48Z</time></trkpt><trkpt lat="61.501443" lon="-142.895865"><ele>662.095</ele><time>2026-07-26T20:46:52Z</time></trkpt><trkpt lat="61.501397" lon="-142.895801"><ele>662.827</ele><time>2026-07-26T20:46:57Z</time></trkpt><trkpt lat="61.501364" lon="-142.895768"><ele>663.233</ele><time>2026-07-26T20:47:01Z</time></trkpt><trkpt lat="61.501287" lon="-142.895697"><ele>663.871</ele><time>2026-07-26T20:47:10Z</time></trkpt><trkpt lat="61.501214" lon="-142.895601"><ele>664.298</ele><time>2026-07-26T20:47:18Z</time></trkpt><trkpt lat="61.501153" lon="-142.895548"><ele>664.015</ele><time>2026-07-26T20:47:25Z</time></trkpt><trkpt lat="61.501076" lon="-142.895477"><ele>663.626</ele><time>2026-07-26T20:47:34Z</time></trkpt><trkpt lat="61.501003" lon="-142.895432"><ele>663.209</ele><time>2026-07-26T20:47:41Z</time></trkpt><trkpt lat="61.500938" lon="-142.895363"><ele>663.011</ele><time>2026-07-26T20:47:49Z</time></trkpt><trkpt lat="61.500916" lon="-142.89534"><ele>662.816</ele><time>2026-07-26T20:47:52Z</time></trkpt><trkpt lat="61.500871" lon="-142.895311"><ele>662.845</ele><time>2026-07-26T20:47:57Z</time></trkpt><trkpt lat="61.500798" lon="-142.895248"><ele>663.231</ele><time>2026-07-26T20:48:04Z</time></trkpt><trkpt lat="61.500714" lon="-142.895171"><ele>663.010</ele><time>2026-07-26T20:48:12Z</time></trkpt><trkpt lat="61.500646" lon="-142.895074"><ele>662.827</ele><time>2026-07-26T20:48:20Z</time></trkpt><trkpt lat="61.500577" lon="-142.895018"><ele>663.219</ele><time>2026-07-26T20:48:26Z</time></trkpt><trkpt lat="61.500569" lon="-142.895011"><ele>663.245</ele><time>2026-07-26T20:48:27Z</time></trkpt><trkpt lat="61.500517" lon="-142.894921"><ele>663.093</ele><time>2026-07-26T20:48:33Z</time></trkpt><trkpt lat="61.500452" lon="-142.89484"><ele>663.035</ele><time>2026-07-26T20:48:40Z</time></trkpt><trkpt lat="61.500371" lon="-142.894759"><ele>662.886</ele><time>2026-07-26T20:48:46Z</time></trkpt><trkpt lat="61.500362" lon="-142.894747"><ele>662.814</ele><time>2026-07-26T20:48:47Z</time></trkpt><trkpt lat="61.500255" lon="-142.894645"><ele>663.009</ele><time>2026-07-26T20:48:57Z</time></trkpt><trkpt lat="61.500178" lon="-142.894552"><ele>663.495</ele><time>2026-07-26T20:49:05Z</time></trkpt><trkpt lat="61.500108" lon="-142.894454"><ele>663.690</ele><time>2026-07-26T20:49:13Z</time></trkpt><trkpt lat="61.50007" lon="-142.894423"><ele>664.089</ele><time>2026-07-26T20:49:18Z</time></trkpt><trkpt lat="61.500035" lon="-142.894398"><ele>664.255</ele><time>2026-07-26T20:49:21Z</time></trkpt><trkpt lat="61.49995" lon="-142.894382"><ele>663.464</ele><time>2026-07-26T20:49:30Z</time></trkpt><trkpt lat="61.499861" lon="-142.894341"><ele>663.011</ele><time>2026-07-26T20:49:38Z</time></trkpt><trkpt lat="61.499795" lon="-142.894333"><ele>663.093</ele><time>2026-07-26T20:49:44Z</time></trkpt><trkpt lat="61.499784" lon="-142.894327"><ele>662.859</ele><time>2026-07-26T20:49:45Z</time></trkpt><trkpt lat="61.499682" lon="-142.894275"><ele>662.017</ele><time>2026-07-26T20:49:54Z</time></trkpt><trkpt lat="61.499639" lon="-142.894279"><ele>661.665</ele><time>2026-07-26T20:49:57Z</time></trkpt><trkpt lat="61.499605" lon="-142.894286"><ele>661.068</ele><time>2026-07-26T20:50:00Z</time></trkpt><trkpt lat="61.499568" lon="-142.89431"><ele>660.614</ele><time>2026-07-26T20:50:03Z</time></trkpt><trkpt lat="61.499525" lon="-142.894337"><ele>660.409</ele><time>2026-07-26T20:50:07Z</time></trkpt><trkpt lat="61.499474" lon="-142.894333"><ele>659.688</ele><time>2026-07-26T20:50:12Z</time></trkpt><trkpt lat="61.499441" lon="-142.894331"><ele>659.053</ele><time>2026-07-26T20:50:15Z</time></trkpt><trkpt lat="61.499412" lon="-142.894332"><ele>658.632</ele><time>2026-07-26T20:50:18Z</time></trkpt><trkpt lat="61.499375" lon="-142.894324"><ele>658.058</ele><time>2026-07-26T20:50:22Z</time></trkpt><trkpt lat="61.499365" lon="-142.894321"><ele>657.817</ele><time>2026-07-26T20:50:23Z</time></trkpt><trkpt lat="61.499345" lon="-142.894316"><ele>657.644</ele><time>2026-07-26T20:50:25Z</time></trkpt><trkpt lat="61.499333" lon="-142.894312"><ele>657.426</ele><time>2026-07-26T20:50:26Z</time></trkpt><trkpt lat="61.499271" lon="-142.894293"><ele>656.242</ele><time>2026-07-26T20:50:31Z</time></trkpt><trkpt lat="61.499258" lon="-142.894291"><ele>656.070</ele><time>2026-07-26T20:50:32Z</time></trkpt><trkpt lat="61.499191" lon="-142.894247"><ele>655.251</ele><time>2026-07-26T20:50:38Z</time></trkpt><trkpt lat="61.499173" lon="-142.894232"><ele>655.201</ele><time>2026-07-26T20:50:40Z</time></trkpt><trkpt lat="61.499094" lon="-142.894196"><ele>655.211</ele><time>2026-07-26T20:50:48Z</time></trkpt><trkpt lat="61.499016" lon="-142.894137"><ele>654.209</ele><time>2026-07-26T20:50:55Z</time></trkpt><trkpt lat="61.498964" lon="-142.894087"><ele>653.027</ele><time>2026-07-26T20:51:01Z</time></trkpt><trkpt lat="61.498925" lon="-142.894046"><ele>652.622</ele><time>2026-07-26T20:51:05Z</time></trkpt><trkpt lat="61.498846" lon="-142.894009"><ele>652.081</ele><time>2026-07-26T20:51:12Z</time></trkpt><trkpt lat="61.498821" lon="-142.893993"><ele>651.837</ele><time>2026-07-26T20:51:14Z</time></trkpt><trkpt lat="61.498702" lon="-142.893961"><ele>651.256</ele><time>2026-07-26T20:51:24Z</time></trkpt><trkpt lat="61.498659" lon="-142.893953"><ele>650.823</ele><time>2026-07-26T20:51:28Z</time></trkpt><trkpt lat="61.498595" lon="-142.893901"><ele>650.465</ele><time>2026-07-26T20:51:34Z</time></trkpt><trkpt lat="61.498521" lon="-142.893827"><ele>650.251</ele><time>2026-07-26T20:51:42Z</time></trkpt><trkpt lat="61.498429" lon="-142.89378"><ele>650.629</ele><time>2026-07-26T20:51:52Z</time></trkpt><trkpt lat="61.498356" lon="-142.893756"><ele>650.464</ele><time>2026-07-26T20:51:59Z</time></trkpt><trkpt lat="61.498329" lon="-142.893744"><ele>650.206</ele><time>2026-07-26T20:52:07Z</time></trkpt><trkpt lat="61.498329" lon="-142.893722"><ele>650.216</ele><time>2026-07-26T20:52:15Z</time></trkpt><trkpt lat="61.4983" lon="-142.89374"><ele>650.409</ele><time>2026-07-26T20:52:28Z</time></trkpt><trkpt lat="61.498195" lon="-142.893669"><ele>650.258</ele><time>2026-07-26T20:52:38Z</time></trkpt><trkpt lat="61.498122" lon="-142.893569"><ele>649.853</ele><time>2026-07-26T20:52:46Z</time></trkpt><trkpt lat="61.498107" lon="-142.893554"><ele>649.872</ele><time>2026-07-26T20:52:47Z</time></trkpt><trkpt lat="61.498039" lon="-142.893484"><ele>649.818</ele><time>2026-07-26T20:52:52Z</time></trkpt><trkpt lat="61.497957" lon="-142.893382"><ele>649.247</ele><time>2026-07-26T20:53:00Z</time></trkpt><trkpt lat="61.497869" lon="-142.893292"><ele>648.874</ele><time>2026-07-26T20:53:07Z</time></trkpt><trkpt lat="61.497826" lon="-142.893308"><ele>648.626</ele><time>2026-07-26T20:53:10Z</time></trkpt><trkpt lat="61.497811" lon="-142.893317"><ele>648.682</ele><time>2026-07-26T20:53:11Z</time></trkpt><trkpt lat="61.49768" lon="-142.893356"><ele>647.830</ele><time>2026-07-26T20:53:21Z</time></trkpt><trkpt lat="61.49765" lon="-142.893341"><ele>647.842</ele><time>2026-07-26T20:53:24Z</time></trkpt><trkpt lat="61.497607" lon="-142.893311"><ele>647.622</ele><time>2026-07-26T20:53:28Z</time></trkpt><trkpt lat="61.497521" lon="-142.893202"><ele>647.414</ele><time>2026-07-26T20:53:37Z</time></trkpt><trkpt lat="61.497388" lon="-142.893103"><ele>647.009</ele><time>2026-07-26T20:53:50Z</time></trkpt><trkpt lat="61.497264" lon="-142.893014"><ele>647.046</ele><time>2026-07-26T20:54:00Z</time></trkpt><trkpt lat="61.497198" lon="-142.893042"><ele>647.271</ele><time>2026-07-26T20:54:06Z</time></trkpt><trkpt lat="61.497163" lon="-142.893058"><ele>647.080</ele><time>2026-07-26T20:54:09Z</time></trkpt><trkpt lat="61.497096" lon="-142.893051"><ele>646.876</ele><time>2026-07-26T20:54:15Z</time></trkpt><trkpt lat="61.497071" lon="-142.893045"><ele>646.485</ele><time>2026-07-26T20:54:17Z</time></trkpt><trkpt lat="61.496995" lon="-142.893028"><ele>645.862</ele><time>2026-07-26T20:54:23Z</time></trkpt><trkpt lat="61.496969" lon="-142.893018"><ele>645.674</ele><time>2026-07-26T20:54:25Z</time></trkpt><trkpt lat="61.496955" lon="-142.893013"><ele>645.620</ele><time>2026-07-26T20:54:26Z</time></trkpt><trkpt lat="61.49684" lon="-142.892923"><ele>644.688</ele><time>2026-07-26T20:54:37Z</time></trkpt><trkpt lat="61.49674" lon="-142.892861"><ele>644.441</ele><time>2026-07-26T20:54:45Z</time></trkpt><trkpt lat="61.496666" lon="-142.892855"><ele>644.081</ele><time>2026-07-26T20:54:53Z</time></trkpt><trkpt lat="61.496635" lon="-142.892831"><ele>643.809</ele><time>2026-07-26T20:54:56Z</time></trkpt><trkpt lat="61.496596" lon="-142.892804"><ele>643.609</ele><time>2026-07-26T20:55:00Z</time></trkpt><trkpt lat="61.496567" lon="-142.892776"><ele>643.046</ele><time>2026-07-26T20:55:04Z</time></trkpt><trkpt lat="61.496464" lon="-142.892662"><ele>642.621</ele><time>2026-07-26T20:55:13Z</time></trkpt><trkpt lat="61.496455" lon="-142.89265"><ele>642.490</ele><time>2026-07-26T20:55:14Z</time></trkpt><trkpt lat="61.496406" lon="-142.892602"><ele>642.046</ele><time>2026-07-26T20:55:19Z</time></trkpt><trkpt lat="61.496347" lon="-142.892584"><ele>641.865</ele><time>2026-07-26T20:55:24Z</time></trkpt><trkpt lat="61.496287" lon="-142.892602"><ele>642.052</ele><time>2026-07-26T20:55:28Z</time></trkpt><trkpt lat="61.496263" lon="-142.892602"><ele>641.884</ele><time>2026-07-26T20:55:30Z</time></trkpt><trkpt lat="61.496217" lon="-142.892581"><ele>641.880</ele><time>2026-07-26T20:55:34Z</time></trkpt><trkpt lat="61.496123" lon="-142.892498"><ele>641.898</ele><time>2026-07-26T20:55:43Z</time></trkpt><trkpt lat="61.496033" lon="-142.892421"><ele>641.829</ele><time>2026-07-26T20:55:53Z</time></trkpt><trkpt lat="61.496016" lon="-142.892411"><ele>641.800</ele><time>2026-07-26T20:55:54Z</time></trkpt><trkpt lat="61.49597" lon="-142.892369"><ele>641.620</ele><time>2026-07-26T20:55:57Z</time></trkpt><trkpt lat="61.495956" lon="-142.892359"><ele>641.409</ele><time>2026-07-26T20:55:58Z</time></trkpt><trkpt lat="61.495933" lon="-142.892339"><ele>641.274</ele><time>2026-07-26T20:56:00Z</time></trkpt><trkpt lat="61.495892" lon="-142.892294"><ele>640.869</ele><time>2026-07-26T20:56:04Z</time></trkpt><trkpt lat="61.495872" lon="-142.892271"><ele>640.438</ele><time>2026-07-26T20:56:07Z</time></trkpt><trkpt lat="61.495782" lon="-142.892272"><ele>640.284</ele><time>2026-07-26T20:56:14Z</time></trkpt><trkpt lat="61.495676" lon="-142.892317"><ele>639.833</ele><time>2026-07-26T20:56:22Z</time></trkpt><trkpt lat="61.495667" lon="-142.892321"><ele>639.810</ele><time>2026-07-26T20:56:23Z</time></trkpt><trkpt lat="61.495633" lon="-142.892343"><ele>639.422</ele><time>2026-07-26T20:56:26Z</time></trkpt><trkpt lat="61.495539" lon="-142.892356"><ele>638.228</ele><time>2026-07-26T20:56:34Z</time></trkpt><trkpt lat="61.495445" lon="-142.892312"><ele>637.886</ele><time>2026-07-26T20:56:42Z</time></trkpt><trkpt lat="61.49537" lon="-142.89229"><ele>637.281</ele><time>2026-07-26T20:56:48Z</time></trkpt><trkpt lat="61.495321" lon="-142.89229"><ele>637.261</ele><time>2026-07-26T20:56:52Z</time></trkpt><trkpt lat="61.495227" lon="-142.892284"><ele>637.217</ele><time>2026-07-26T20:56:59Z</time></trkpt><trkpt lat="61.495152" lon="-142.892269"><ele>637.209</ele><time>2026-07-26T20:57:05Z</time></trkpt><trkpt lat="61.49508" lon="-142.892291"><ele>636.280</ele><time>2026-07-26T20:57:11Z</time></trkpt><trkpt lat="61.495057" lon="-142.892289"><ele>636.025</ele><time>2026-07-26T20:57:13Z</time></trkpt><trkpt lat="61.495019" lon="-142.892306"><ele>636.014</ele><time>2026-07-26T20:57:16Z</time></trkpt><trkpt lat="61.494966" lon="-142.892312"><ele>635.690</ele><time>2026-07-26T20:57:21Z</time></trkpt><trkpt lat="61.494928" lon="-142.892303"><ele>635.089</ele><time>2026-07-26T20:57:24Z</time></trkpt><trkpt lat="61.494875" lon="-142.892294"><ele>634.056</ele><time>2026-07-26T20:57:29Z</time></trkpt><trkpt lat="61.494856" lon="-142.892298"><ele>633.848</ele><time>2026-07-26T20:57:30Z</time></trkpt><trkpt lat="61.494829" lon="-142.892282"><ele>633.414</ele><time>2026-07-26T20:57:32Z</time></trkpt><trkpt lat="61.494803" lon="-142.892268"><ele>633.242</ele><time>2026-07-26T20:57:35Z</time></trkpt><trkpt lat="61.494792" lon="-142.892266"><ele>633.228</ele><time>2026-07-26T20:57:36Z</time></trkpt><trkpt lat="61.494779" lon="-142.892263"><ele>633.089</ele><time>2026-07-26T20:57:37Z</time></trkpt><trkpt lat="61.49469" lon="-142.892282"><ele>632.617</ele><time>2026-07-26T20:57:44Z</time></trkpt><trkpt lat="61.494597" lon="-142.892353"><ele>632.409</ele><time>2026-07-26T20:57:53Z</time></trkpt><trkpt lat="61.494496" lon="-142.892393"><ele>632.084</ele><time>2026-07-26T20:58:01Z</time></trkpt><trkpt lat="61.494483" lon="-142.892395"><ele>631.879</ele><time>2026-07-26T20:58:02Z</time></trkpt><trkpt lat="61.494394" lon="-142.892418"><ele>631.488</ele><time>2026-07-26T20:58:09Z</time></trkpt><trkpt lat="61.494269" lon="-142.89243"><ele>631.244</ele><time>2026-07-26T20:58:19Z</time></trkpt><trkpt lat="61.49421" lon="-142.892429"><ele>630.883</ele><time>2026-07-26T20:58:24Z</time></trkpt><trkpt lat="61.494151" lon="-142.892376"><ele>630.650</ele><time>2026-07-26T20:58:29Z</time></trkpt><trkpt lat="61.494041" lon="-142.892321"><ele>630.262</ele><time>2026-07-26T20:58:37Z</time></trkpt><trkpt lat="61.493933" lon="-142.892325"><ele>629.838</ele><time>2026-07-26T20:58:45Z</time></trkpt><trkpt lat="61.493921" lon="-142.892327"><ele>629.696</ele><time>2026-07-26T20:58:46Z</time></trkpt><trkpt lat="61.493819" lon="-142.892344"><ele>629.049</ele><time>2026-07-26T20:58:54Z</time></trkpt><trkpt lat="61.493791" lon="-142.892347"><ele>629.002</ele><time>2026-07-26T20:58:56Z</time></trkpt><trkpt lat="61.493765" lon="-142.892344"><ele>628.622</ele><time>2026-07-26T20:58:58Z</time></trkpt><trkpt lat="61.493679" lon="-142.892367"><ele>628.209</ele><time>2026-07-26T20:59:05Z</time></trkpt><trkpt lat="61.493639" lon="-142.892358"><ele>627.666</ele><time>2026-07-26T20:59:09Z</time></trkpt><trkpt lat="61.493592" lon="-142.892305"><ele>627.281</ele><time>2026-07-26T20:59:13Z</time></trkpt><trkpt lat="61.493504" lon="-142.892259"><ele>627.420</ele><time>2026-07-26T20:59:21Z</time></trkpt><trkpt lat="61.493383" lon="-142.892288"><ele>628.096</ele><time>2026-07-26T20:59:31Z</time></trkpt><trkpt lat="61.493304" lon="-142.892356"><ele>627.855</ele><time>2026-07-26T20:59:38Z</time></trkpt><trkpt lat="61.493209" lon="-142.892391"><ele>627.432</ele><time>2026-07-26T20:59:46Z</time></trkpt><trkpt lat="61.493126" lon="-142.892406"><ele>626.864</ele><time>2026-07-26T20:59:53Z</time></trkpt><trkpt lat="61.493059" lon="-142.892397"><ele>626.610</ele><time>2026-07-26T20:59:58Z</time></trkpt><trkpt lat="61.493021" lon="-142.892391"><ele>626.258</ele><time>2026-07-26T21:00:01Z</time></trkpt><trkpt lat="61.492956" lon="-142.892413"><ele>626.092</ele><time>2026-07-26T21:00:08Z</time></trkpt><trkpt lat="61.492886" lon="-142.892413"><ele>626.073</ele><time>2026-07-26T21:00:15Z</time></trkpt><trkpt lat="61.492818" lon="-142.89243"><ele>626.220</ele><time>2026-07-26T21:00:21Z</time></trkpt><trkpt lat="61.492738" lon="-142.892434"><ele>626.609</ele><time>2026-07-26T21:00:28Z</time></trkpt><trkpt lat="61.492636" lon="-142.892457"><ele>626.411</ele><time>2026-07-26T21:00:36Z</time></trkpt><trkpt lat="61.49254" lon="-142.892511"><ele>626.216</ele><time>2026-07-26T21:00:44Z</time></trkpt><trkpt lat="61.492449" lon="-142.892575"><ele>625.845</ele><time>2026-07-26T21:00:51Z</time></trkpt><trkpt lat="61.49236" lon="-142.89263"><ele>625.621</ele><time>2026-07-26T21:01:00Z</time></trkpt><trkpt lat="61.492304" lon="-142.892658"><ele>625.650</ele><time>2026-07-26T21:01:07Z</time></trkpt><trkpt lat="61.492265" lon="-142.89267"><ele>625.667</ele><time>2026-07-26T21:01:13Z</time></trkpt><trkpt lat="61.492233" lon="-142.892668"><ele>625.479</ele><time>2026-07-26T21:01:16Z</time></trkpt><trkpt lat="61.492157" lon="-142.892588"><ele>625.475</ele><time>2026-07-26T21:01:23Z</time></trkpt><trkpt lat="61.492143" lon="-142.892586"><ele>625.493</ele><time>2026-07-26T21:01:24Z</time></trkpt><trkpt lat="61.492061" lon="-142.892578"><ele>625.084</ele><time>2026-07-26T21:01:31Z</time></trkpt><trkpt lat="61.492022" lon="-142.892579"><ele>625.207</ele><time>2026-07-26T21:01:35Z</time></trkpt><trkpt lat="61.491972" lon="-142.892597"><ele>625.817</ele><time>2026-07-26T21:01:40Z</time></trkpt><trkpt lat="61.491888" lon="-142.892632"><ele>626.209</ele><time>2026-07-26T21:01:48Z</time></trkpt><trkpt lat="61.491849" lon="-142.892649"><ele>626.440</ele><time>2026-07-26T21:01:52Z</time></trkpt><trkpt lat="61.491836" lon="-142.892668"><ele>626.455</ele><time>2026-07-26T21:01:54Z</time></trkpt><trkpt lat="61.491814" lon="-142.892657"><ele>626.214</ele><time>2026-07-26T21:01:57Z</time></trkpt><trkpt lat="61.491766" lon="-142.892627"><ele>626.680</ele><time>2026-07-26T21:02:01Z</time></trkpt><trkpt lat="61.49164" lon="-142.892599"><ele>627.499</ele><time>2026-07-26T21:02:11Z</time></trkpt><trkpt lat="61.491545" lon="-142.892584"><ele>627.496</ele><time>2026-07-26T21:02:18Z</time></trkpt><trkpt lat="61.491445" lon="-142.892552"><ele>627.268</ele><time>2026-07-26T21:02:26Z</time></trkpt><trkpt lat="61.49141" lon="-142.892567"><ele>627.014</ele><time>2026-07-26T21:02:29Z</time></trkpt><trkpt lat="61.491347" lon="-142.892569"><ele>627.012</ele><time>2026-07-26T21:02:35Z</time></trkpt><trkpt lat="61.491231" lon="-142.892555"><ele>625.877</ele><time>2026-07-26T21:02:44Z</time></trkpt><trkpt lat="61.491168" lon="-142.892565"><ele>625.461</ele><time>2026-07-26T21:02:49Z</time></trkpt><trkpt lat="61.491119" lon="-142.892617"><ele>624.827</ele><time>2026-07-26T21:02:53Z</time></trkpt><trkpt lat="61.49109" lon="-142.892678"><ele>624.409</ele><time>2026-07-26T21:02:56Z</time></trkpt><trkpt lat="61.491023" lon="-142.892787"><ele>623.699</ele><time>2026-07-26T21:03:02Z</time></trkpt><trkpt lat="61.490949" lon="-142.89288"><ele>623.634</ele><time>2026-07-26T21:03:09Z</time></trkpt><trkpt lat="61.4909" lon="-142.892919"><ele>623.213</ele><time>2026-07-26T21:03:13Z</time></trkpt><trkpt lat="61.490875" lon="-142.892939"><ele>623.279</ele><time>2026-07-26T21:03:15Z</time></trkpt><trkpt lat="61.490796" lon="-142.893039"><ele>622.848</ele><time>2026-07-26T21:03:22Z</time></trkpt><trkpt lat="61.490704" lon="-142.893186"><ele>622.225</ele><time>2026-07-26T21:03:31Z</time></trkpt><trkpt lat="61.490691" lon="-142.893198"><ele>622.247</ele><time>2026-07-26T21:03:32Z</time></trkpt><trkpt lat="61.490611" lon="-142.893261"><ele>622.293</ele><time>2026-07-26T21:03:39Z</time></trkpt><trkpt lat="61.490514" lon="-142.89329"><ele>622.061</ele><time>2026-07-26T21:03:47Z</time></trkpt><trkpt lat="61.490446" lon="-142.893282"><ele>622.255</ele><time>2026-07-26T21:03:53Z</time></trkpt><trkpt lat="61.490345" lon="-142.893267"><ele>622.007</ele><time>2026-07-26T21:04:01Z</time></trkpt><trkpt lat="61.490235" lon="-142.893271"><ele>621.617</ele><time>2026-07-26T21:04:10Z</time></trkpt><trkpt lat="61.49018" lon="-142.893278"><ele>621.009</ele><time>2026-07-26T21:04:14Z</time></trkpt><trkpt lat="61.490152" lon="-142.893285"><ele>620.867</ele><time>2026-07-26T21:04:16Z</time></trkpt><trkpt lat="61.490075" lon="-142.893266"><ele>620.612</ele><time>2026-07-26T21:04:23Z</time></trkpt><trkpt lat="61.490006" lon="-142.89318"><ele>620.461</ele><time>2026-07-26T21:04:29Z</time></trkpt><trkpt lat="61.489888" lon="-142.892996"><ele>620.227</ele><time>2026-07-26T21:04:39Z</time></trkpt><trkpt lat="61.489843" lon="-142.892905"><ele>620.036</ele><time>2026-07-26T21:04:44Z</time></trkpt><trkpt lat="61.489784" lon="-142.892825"><ele>619.813</ele><time>2026-07-26T21:04:49Z</time></trkpt><trkpt lat="61.489693" lon="-142.892762"><ele>619.655</ele><time>2026-07-26T21:04:56Z</time></trkpt><trkpt lat="61.489591" lon="-142.892801"><ele>619.261</ele><time>2026-07-26T21:05:04Z</time></trkpt><trkpt lat="61.489504" lon="-142.892841"><ele>619.059</ele><time>2026-07-26T21:05:11Z</time></trkpt><trkpt lat="61.489492" lon="-142.892849"><ele>619.045</ele><time>2026-07-26T21:05:12Z</time></trkpt><trkpt lat="61.489415" lon="-142.892807"><ele>619.047</ele><time>2026-07-26T21:05:19Z</time></trkpt><trkpt lat="61.48932" lon="-142.892743"><ele>618.211</ele><time>2026-07-26T21:05:26Z</time></trkpt><trkpt lat="61.489298" lon="-142.892724"><ele>618.009</ele><time>2026-07-26T21:05:28Z</time></trkpt><trkpt lat="61.489223" lon="-142.892643"><ele>617.686</ele><time>2026-07-26T21:05:34Z</time></trkpt><trkpt lat="61.489131" lon="-142.892525"><ele>617.221</ele><time>2026-07-26T21:05:42Z</time></trkpt><trkpt lat="61.489114" lon="-142.892504"><ele>617.050</ele><time>2026-07-26T21:05:44Z</time></trkpt><trkpt lat="61.489048" lon="-142.892427"><ele>616.826</ele><time>2026-07-26T21:05:50Z</time></trkpt><trkpt lat="61.488968" lon="-142.892346"><ele>616.695</ele><time>2026-07-26T21:05:57Z</time></trkpt><trkpt lat="61.488836" lon="-142.892239"><ele>616.252</ele><time>2026-07-26T21:06:08Z</time></trkpt><trkpt lat="61.488785" lon="-142.89223"><ele>615.894</ele><time>2026-07-26T21:06:12Z</time></trkpt><trkpt lat="61.488758" lon="-142.892222"><ele>615.680</ele><time>2026-07-26T21:06:15Z</time></trkpt><trkpt lat="61.488672" lon="-142.892172"><ele>615.048</ele><time>2026-07-26T21:06:22Z</time></trkpt><trkpt lat="61.488587" lon="-142.892159"><ele>614.828</ele><time>2026-07-26T21:06:28Z</time></trkpt><trkpt lat="61.488568" lon="-142.892155"><ele>614.689</ele><time>2026-07-26T21:06:30Z</time></trkpt><trkpt lat="61.488503" lon="-142.892147"><ele>614.617</ele><time>2026-07-26T21:06:35Z</time></trkpt><trkpt lat="61.488401" lon="-142.892151"><ele>614.409</ele><time>2026-07-26T21:06:43Z</time></trkpt><trkpt lat="61.488302" lon="-142.892056"><ele>614.464</ele><time>2026-07-26T21:06:51Z</time></trkpt><trkpt lat="61.488216" lon="-142.891951"><ele>614.039</ele><time>2026-07-26T21:06:58Z</time></trkpt><trkpt lat="61.488107" lon="-142.89186"><ele>613.638</ele><time>2026-07-26T21:07:06Z</time></trkpt><trkpt lat="61.488006" lon="-142.891829"><ele>612.674</ele><time>2026-07-26T21:07:14Z</time></trkpt><trkpt lat="61.487991" lon="-142.891824"><ele>612.633</ele><time>2026-07-26T21:07:15Z</time></trkpt><trkpt lat="61.487929" lon="-142.891798"><ele>612.690</ele><time>2026-07-26T21:07:20Z</time></trkpt><trkpt lat="61.487846" lon="-142.891776"><ele>612.222</ele><time>2026-07-26T21:07:27Z</time></trkpt><trkpt lat="61.487747" lon="-142.891751"><ele>611.888</ele><time>2026-07-26T21:07:34Z</time></trkpt><trkpt lat="61.487627" lon="-142.891729"><ele>611.816</ele><time>2026-07-26T21:07:43Z</time></trkpt><trkpt lat="61.487574" lon="-142.89167"><ele>611.424</ele><time>2026-07-26T21:07:48Z</time></trkpt><trkpt lat="61.487541" lon="-142.891608"><ele>611.204</ele><time>2026-07-26T21:07:51Z</time></trkpt><trkpt lat="61.487495" lon="-142.891496"><ele>610.414</ele><time>2026-07-26T21:07:57Z</time></trkpt><trkpt lat="61.487454" lon="-142.89135"><ele>609.409</ele><time>2026-07-26T21:08:03Z</time></trkpt><trkpt lat="61.48743" lon="-142.891289"><ele>609.044</ele><time>2026-07-26T21:08:06Z</time></trkpt><trkpt lat="61.487376" lon="-142.891178"><ele>608.439</ele><time>2026-07-26T21:08:14Z</time></trkpt><trkpt lat="61.487338" lon="-142.891103"><ele>609.058</ele><time>2026-07-26T21:08:22Z</time></trkpt><trkpt lat="61.487281" lon="-142.891004"><ele>609.474</ele><time>2026-07-26T21:08:27Z</time></trkpt><trkpt lat="61.487223" lon="-142.890929"><ele>609.083</ele><time>2026-07-26T21:08:32Z</time></trkpt><trkpt lat="61.4872" lon="-142.890901"><ele>609.220</ele><time>2026-07-26T21:08:34Z</time></trkpt><trkpt lat="61.487094" lon="-142.890767"><ele>609.282</ele><time>2026-07-26T21:08:43Z</time></trkpt><trkpt lat="61.487009" lon="-142.890636"><ele>609.488</ele><time>2026-07-26T21:08:51Z</time></trkpt><trkpt lat="61.486923" lon="-142.890544"><ele>609.286</ele><time>2026-07-26T21:08:58Z</time></trkpt><trkpt lat="61.486844" lon="-142.890454"><ele>609.221</ele><time>2026-07-26T21:09:06Z</time></trkpt><trkpt lat="61.486752" lon="-142.890363"><ele>609.041</ele><time>2026-07-26T21:09:14Z</time></trkpt><trkpt lat="61.486673" lon="-142.890293"><ele>609.005</ele><time>2026-07-26T21:09:21Z</time></trkpt><trkpt lat="61.486603" lon="-142.8902"><ele>609.009</ele><time>2026-07-26T21:09:28Z</time></trkpt><trkpt lat="61.486506" lon="-142.890074"><ele>609.094</ele><time>2026-07-26T21:09:38Z</time></trkpt><trkpt lat="61.486434" lon="-142.88997"><ele>609.219</ele><time>2026-07-26T21:09:46Z</time></trkpt><trkpt lat="61.486322" lon="-142.889878"><ele>609.498</ele><time>2026-07-26T21:09:57Z</time></trkpt><trkpt lat="61.486237" lon="-142.88979"><ele>609.624</ele><time>2026-07-26T21:10:04Z</time></trkpt><trkpt lat="61.486132" lon="-142.889784"><ele>609.043</ele><time>2026-07-26T21:10:12Z</time></trkpt><trkpt lat="61.486121" lon="-142.889823"><ele>609.450</ele><time>2026-07-26T21:10:18Z</time></trkpt><trkpt lat="61.486124" lon="-142.889829"><ele>609.232</ele><time>2026-07-26T21:10:22Z</time></trkpt><trkpt lat="61.48582" lon="-142.889396"><ele>611.638</ele><time>2026-07-26T21:15:42Z</time></trkpt><trkpt lat="61.485809" lon="-142.889391"><ele>611.646</ele><time>2026-07-26T21:15:43Z</time></trkpt><trkpt lat="61.485792" lon="-142.889377"><ele>611.649</ele><time>2026-07-26T21:15:45Z</time></trkpt><trkpt lat="61.485699" lon="-142.889278"><ele>611.202</ele><time>2026-07-26T21:15:56Z</time></trkpt><trkpt lat="61.485678" lon="-142.889255"><ele>611.422</ele><time>2026-07-26T21:16:02Z</time></trkpt><trkpt lat="61.485677" lon="-142.889264"><ele>611.609</ele><time>2026-07-26T21:16:07Z</time></trkpt><trkpt lat="61.48568" lon="-142.889265"><ele>611.676</ele><time>2026-07-26T21:16:09Z</time></trkpt><trkpt lat="61.485656" lon="-142.889266"><ele>611.411</ele><time>2026-07-26T21:16:18Z</time></trkpt><trkpt lat="61.48558" lon="-142.88921"><ele>611.290</ele><time>2026-07-26T21:16:25Z</time></trkpt><trkpt lat="61.485542" lon="-142.889193"><ele>611.296</ele><time>2026-07-26T21:16:31Z</time></trkpt><trkpt lat="61.485546" lon="-142.88919"><ele>611.275</ele><time>2026-07-26T21:16:33Z</time></trkpt><trkpt lat="61.485547" lon="-142.889191"><ele>611.492</ele><time>2026-07-26T21:16:40Z</time></trkpt><trkpt lat="61.485527" lon="-142.889188"><ele>611.254</ele><time>2026-07-26T21:16:43Z</time></trkpt><trkpt lat="61.485502" lon="-142.889195"><ele>611.220</ele><time>2026-07-26T21:16:50Z</time></trkpt><trkpt lat="61.485487" lon="-142.889199"><ele>611.468</ele><time>2026-07-26T21:16:59Z</time></trkpt><trkpt lat="61.485491" lon="-142.88921"><ele>611.442</ele><time>2026-07-26T21:17:02Z</time></trkpt><trkpt lat="61.485492" lon="-142.88921"><ele>611.822</ele><time>2026-07-26T21:17:08Z</time></trkpt><trkpt lat="61.485475" lon="-142.889235"><ele>612.214</ele><time>2026-07-26T21:17:11Z</time></trkpt><trkpt lat="61.485489" lon="-142.889232"><ele>612.009</ele><time>2026-07-26T21:26:59Z</time></trkpt><trkpt lat="61.485493" lon="-142.889228"><ele>612.066</ele><time>2026-07-26T21:27:00Z</time></trkpt><trkpt lat="61.485491" lon="-142.889229"><ele>611.891</ele><time>2026-07-26T21:27:01Z</time></trkpt><trkpt lat="61.485503" lon="-142.889204"><ele>611.270</ele><time>2026-07-26T21:27:11Z</time></trkpt><trkpt lat="61.485518" lon="-142.88915"><ele>610.846</ele><time>2026-07-26T21:27:20Z</time></trkpt><trkpt lat="61.485491" lon="-142.889081"><ele>611.225</ele><time>2026-07-26T21:27:28Z</time></trkpt><trkpt lat="61.485431" lon="-142.889089"><ele>611.052</ele><time>2026-07-26T21:27:34Z</time></trkpt><trkpt lat="61.485411" lon="-142.889061"><ele>611.024</ele><time>2026-07-26T21:27:37Z</time></trkpt><trkpt lat="61.48538" lon="-142.889017"><ele>611.090</ele><time>2026-07-26T21:27:41Z</time></trkpt><trkpt lat="61.485373" lon="-142.889006"><ele>610.828</ele><time>2026-07-26T21:27:42Z</time></trkpt><trkpt lat="61.485341" lon="-142.888961"><ele>611.062</ele><time>2026-07-26T21:27:47Z</time></trkpt><trkpt lat="61.485306" lon="-142.888909"><ele>611.083</ele><time>2026-07-26T21:27:55Z</time></trkpt><trkpt lat="61.485279" lon="-142.888919"><ele>611.011</ele><time>2026-07-26T21:28:03Z</time></trkpt><trkpt lat="61.485252" lon="-142.8889"><ele>611.009</ele><time>2026-07-26T21:28:10Z</time></trkpt><trkpt lat="61.485219" lon="-142.888831"><ele>611.058</ele><time>2026-07-26T21:28:17Z</time></trkpt><trkpt lat="61.485215" lon="-142.888781"><ele>611.033</ele><time>2026-07-26T21:28:27Z</time></trkpt><trkpt lat="61.485158" lon="-142.888745"><ele>611.052</ele><time>2026-07-26T21:28:35Z</time></trkpt><trkpt lat="61.485135" lon="-142.888783"><ele>611.078</ele><time>2026-07-26T21:28:42Z</time></trkpt><trkpt lat="61.48512" lon="-142.88877"><ele>611.077</ele><time>2026-07-26T21:28:55Z</time></trkpt><trkpt lat="61.485117" lon="-142.888756"><ele>611.214</ele><time>2026-07-26T21:29:00Z</time></trkpt><trkpt lat="61.485114" lon="-142.888746"><ele>611.296</ele><time>2026-07-26T21:29:01Z</time></trkpt><trkpt lat="61.485109" lon="-142.888736"><ele>611.252</ele><time>2026-07-26T21:29:02Z</time></trkpt><trkpt lat="61.485105" lon="-142.888726"><ele>611.240</ele><time>2026-07-26T21:29:03Z</time></trkpt><trkpt lat="61.485085" lon="-142.888666"><ele>611.253</ele><time>2026-07-26T21:29:09Z</time></trkpt><trkpt lat="61.485034" lon="-142.888645"><ele>611.004</ele><time>2026-07-26T21:29:17Z</time></trkpt><trkpt lat="61.484988" lon="-142.888593"><ele>611.014</ele><time>2026-07-26T21:29:23Z</time></trkpt><trkpt lat="61.484995" lon="-142.88862"><ele>610.609</ele><time>2026-07-26T21:29:30Z</time></trkpt><trkpt lat="61.484983" lon="-142.888595"><ele>611.027</ele><time>2026-07-26T21:29:37Z</time></trkpt><trkpt lat="61.484925" lon="-142.888488"><ele>610.812</ele><time>2026-07-26T21:29:45Z</time></trkpt><trkpt lat="61.484902" lon="-142.888491"><ele>610.861</ele><time>2026-07-26T21:29:52Z</time></trkpt><trkpt lat="61.484903" lon="-142.888491"><ele>610.847</ele><time>2026-07-26T21:29:55Z</time></trkpt><trkpt lat="61.484904" lon="-142.888494"><ele>610.866</ele><time>2026-07-26T21:29:56Z</time></trkpt><trkpt lat="61.484899" lon="-142.888493"><ele>610.893</ele><time>2026-07-26T21:30:01Z</time></trkpt><trkpt lat="61.484873" lon="-142.888456"><ele>610.435</ele><time>2026-07-26T21:30:04Z</time></trkpt><trkpt lat="61.484825" lon="-142.888401"><ele>610.491</ele><time>2026-07-26T21:30:09Z</time></trkpt><trkpt lat="61.484767" lon="-142.888311"><ele>610.679</ele><time>2026-07-26T21:30:17Z</time></trkpt><trkpt lat="61.48476" lon="-142.888306"><ele>610.417</ele><time>2026-07-26T21:30:18Z</time></trkpt><trkpt lat="61.484708" lon="-142.888239"><ele>610.487</ele><time>2026-07-26T21:30:26Z</time></trkpt><trkpt lat="61.484704" lon="-142.888231"><ele>610.415</ele><time>2026-07-26T21:30:27Z</time></trkpt><trkpt lat="61.484656" lon="-142.888186"><ele>610.409</ele><time>2026-07-26T21:30:33Z</time></trkpt><trkpt lat="61.484621" lon="-142.888158"><ele>610.293</ele><time>2026-07-26T21:30:42Z</time></trkpt><trkpt lat="61.484578" lon="-142.888138"><ele>610.488</ele><time>2026-07-26T21:30:50Z</time></trkpt><trkpt lat="61.484566" lon="-142.888103"><ele>610.227</ele><time>2026-07-26T21:30:59Z</time></trkpt><trkpt lat="61.484552" lon="-142.888092"><ele>610.253</ele><time>2026-07-26T21:31:04Z</time></trkpt><trkpt lat="61.484552" lon="-142.888086"><ele>610.042</ele><time>2026-07-26T21:31:12Z</time></trkpt><trkpt lat="61.484552" lon="-142.888086"><ele>610.029</ele><time>2026-07-26T21:31:13Z</time></trkpt><trkpt lat="61.484541" lon="-142.888078"><ele>610.261</ele><time>2026-07-26T21:31:19Z</time></trkpt><trkpt lat="61.484537" lon="-142.888065"><ele>610.057</ele><time>2026-07-26T21:31:31Z</time></trkpt><trkpt lat="61.484493" lon="-142.888036"><ele>610.415</ele><time>2026-07-26T21:31:38Z</time></trkpt><trkpt lat="61.484438" lon="-142.887923"><ele>609.828</ele><time>2026-07-26T21:31:46Z</time></trkpt><trkpt lat="61.484381" lon="-142.887948"><ele>609.489</ele><time>2026-07-26T21:31:53Z</time></trkpt><trkpt lat="61.484374" lon="-142.887973"><ele>610.017</ele><time>2026-07-26T21:31:59Z</time></trkpt><trkpt lat="61.484306" lon="-142.887927"><ele>609.409</ele><time>2026-07-26T21:32:05Z</time></trkpt><trkpt lat="61.484287" lon="-142.887909"><ele>609.254</ele><time>2026-07-26T21:32:07Z</time></trkpt><trkpt lat="61.4842" lon="-142.887789"><ele>608.849</ele><time>2026-07-26T21:32:17Z</time></trkpt><trkpt lat="61.48418" lon="-142.88769"><ele>609.098</ele><time>2026-07-26T21:32:24Z</time></trkpt><trkpt lat="61.484181" lon="-142.887638"><ele>609.054</ele><time>2026-07-26T21:32:33Z</time></trkpt><trkpt lat="61.484192" lon="-142.887641"><ele>609.093</ele><time>2026-07-26T21:32:36Z</time></trkpt><trkpt lat="61.484168" lon="-142.887661"><ele>609.250</ele><time>2026-07-26T21:34:23Z</time></trkpt><trkpt lat="61.484133" lon="-142.887689"><ele>609.272</ele><time>2026-07-26T21:34:26Z</time></trkpt><trkpt lat="61.48404" lon="-142.887667"><ele>609.068</ele><time>2026-07-26T21:34:33Z</time></trkpt><trkpt lat="61.483996" lon="-142.887651"><ele>609.056</ele><time>2026-07-26T21:34:39Z</time></trkpt><trkpt lat="61.48392" lon="-142.887638"><ele>608.669</ele><time>2026-07-26T21:34:46Z</time></trkpt><trkpt lat="61.48387" lon="-142.887626"><ele>608.404</ele><time>2026-07-26T21:34:50Z</time></trkpt><trkpt lat="61.483801" lon="-142.887663"><ele>608.224</ele><time>2026-07-26T21:34:56Z</time></trkpt><trkpt lat="61.483759" lon="-142.887668"><ele>608.009</ele><time>2026-07-26T21:35:03Z</time></trkpt><trkpt lat="61.483699" lon="-142.887649"><ele>608.088</ele><time>2026-07-26T21:35:10Z</time></trkpt><trkpt lat="61.483623" lon="-142.88761"><ele>607.813</ele><time>2026-07-26T21:35:17Z</time></trkpt><trkpt lat="61.483611" lon="-142.887608"><ele>607.812</ele><time>2026-07-26T21:35:18Z</time></trkpt><trkpt lat="61.483548" lon="-142.887652"><ele>608.028</ele><time>2026-07-26T21:35:26Z</time></trkpt><trkpt lat="61.483537" lon="-142.887651"><ele>608.037</ele><time>2026-07-26T21:35:28Z</time></trkpt><trkpt lat="61.48351" lon="-142.887614"><ele>608.034</ele><time>2026-07-26T21:35:33Z</time></trkpt><trkpt lat="61.483436" lon="-142.887537"><ele>608.266</ele><time>2026-07-26T21:35:42Z</time></trkpt><trkpt lat="61.483369" lon="-142.887463"><ele>608.212</ele><time>2026-07-26T21:35:52Z</time></trkpt><trkpt lat="61.483354" lon="-142.887485"><ele>608.060</ele><time>2026-07-26T21:35:59Z</time></trkpt><trkpt lat="61.483327" lon="-142.887517"><ele>608.072</ele><time>2026-07-26T21:36:06Z</time></trkpt><trkpt lat="61.483319" lon="-142.887547"><ele>608.013</ele><time>2026-07-26T21:36:09Z</time></trkpt><trkpt lat="61.483318" lon="-142.887539"><ele>607.814</ele><time>2026-07-26T21:36:21Z</time></trkpt><trkpt lat="61.483322" lon="-142.887544"><ele>608.009</ele><time>2026-07-26T21:36:23Z</time></trkpt><trkpt lat="61.483262" lon="-142.887662"><ele>605.449</ele><time>2026-07-26T21:45:23Z</time></trkpt><trkpt lat="61.483253" lon="-142.887684"><ele>605.474</ele><time>2026-07-26T21:45:26Z</time></trkpt><trkpt lat="61.483257" lon="-142.887655"><ele>605.463</ele><time>2026-07-26T21:45:34Z</time></trkpt><trkpt lat="61.483281" lon="-142.887589"><ele>605.499</ele><time>2026-07-26T21:45:40Z</time></trkpt><trkpt lat="61.483285" lon="-142.88758"><ele>605.448</ele><time>2026-07-26T21:45:41Z</time></trkpt><trkpt lat="61.483292" lon="-142.887563"><ele>605.435</ele><time>2026-07-26T21:45:42Z</time></trkpt><trkpt lat="61.483329" lon="-142.887509"><ele>605.657</ele><time>2026-07-26T21:45:47Z</time></trkpt><trkpt lat="61.483344" lon="-142.887487"><ele>604.683</ele><time>2026-07-26T21:45:57Z</time></trkpt><trkpt lat="61.483335" lon="-142.887413"><ele>604.411</ele><time>2026-07-26T21:46:03Z</time></trkpt><trkpt lat="61.483335" lon="-142.887418"><ele>604.421</ele><time>2026-07-26T21:46:04Z</time></trkpt><trkpt lat="61.483284" lon="-142.887358"><ele>604.241</ele><time>2026-07-26T21:46:11Z</time></trkpt><trkpt lat="61.483196" lon="-142.887295"><ele>604.405</ele><time>2026-07-26T21:46:20Z</time></trkpt><trkpt lat="61.483135" lon="-142.887264"><ele>604.409</ele><time>2026-07-26T21:46:28Z</time></trkpt><trkpt lat="61.48314" lon="-142.887258"><ele>604.244</ele><time>2026-07-26T21:46:29Z</time></trkpt><trkpt lat="61.483113" lon="-142.887219"><ele>604.269</ele><time>2026-07-26T21:46:33Z</time></trkpt><trkpt lat="61.483104" lon="-142.887216"><ele>604.248</ele><time>2026-07-26T21:46:34Z</time></trkpt><trkpt lat="61.483042" lon="-142.887138"><ele>604.494</ele><time>2026-07-26T21:46:41Z</time></trkpt><trkpt lat="61.483" lon="-142.887074"><ele>604.483</ele><time>2026-07-26T21:46:46Z</time></trkpt><trkpt lat="61.482997" lon="-142.887078"><ele>604.470</ele><time>2026-07-26T21:46:49Z</time></trkpt><trkpt lat="61.482997" lon="-142.887069"><ele>604.412</ele><time>2026-07-26T21:46:50Z</time></trkpt><trkpt lat="61.482952" lon="-142.886997"><ele>604.438</ele><time>2026-07-26T21:46:57Z</time></trkpt><trkpt lat="61.482894" lon="-142.886934"><ele>604.486</ele><time>2026-07-26T21:47:05Z</time></trkpt><trkpt lat="61.482861" lon="-142.886861"><ele>604.498</ele><time>2026-07-26T21:47:13Z</time></trkpt><trkpt lat="61.482847" lon="-142.886861"><ele>604.415</ele><time>2026-07-26T21:47:18Z</time></trkpt><trkpt lat="61.482829" lon="-142.886836"><ele>604.426</ele><time>2026-07-26T21:47:20Z</time></trkpt><trkpt lat="61.482807" lon="-142.886821"><ele>604.409</ele><time>2026-07-26T21:47:23Z</time></trkpt><trkpt lat="61.482798" lon="-142.886813"><ele>604.481</ele><time>2026-07-26T21:47:27Z</time></trkpt><trkpt lat="61.482788" lon="-142.886777"><ele>604.686</ele><time>2026-07-26T21:47:36Z</time></trkpt><trkpt lat="61.482779" lon="-142.88676"><ele>604.655</ele><time>2026-07-26T21:47:39Z</time></trkpt><trkpt lat="61.482782" lon="-142.886757"><ele>604.621</ele><time>2026-07-26T21:47:40Z</time></trkpt><trkpt lat="61.482781" lon="-142.886748"><ele>604.830</ele><time>2026-07-26T21:47:44Z</time></trkpt><trkpt lat="61.482779" lon="-142.88676"><ele>604.697</ele><time>2026-07-26T21:47:48Z</time></trkpt><trkpt lat="61.482796" lon="-142.886833"><ele>604.619</ele><time>2026-07-26T21:47:54Z</time></trkpt><trkpt lat="61.482773" lon="-142.886774"><ele>604.665</ele><time>2026-07-26T21:48:04Z</time></trkpt><trkpt lat="61.482676" lon="-142.886685"><ele>604.843</ele><time>2026-07-26T21:48:12Z</time></trkpt><trkpt lat="61.482582" lon="-142.886589"><ele>605.067</ele><time>2026-07-26T21:48:21Z</time></trkpt><trkpt lat="61.482503" lon="-142.886512"><ele>605.081</ele><time>2026-07-26T21:48:29Z</time></trkpt><trkpt lat="61.48244" lon="-142.886431"><ele>605.019</ele><time>2026-07-26T21:48:37Z</time></trkpt><trkpt lat="61.482407" lon="-142.886345"><ele>605.409</ele><time>2026-07-26T21:48:43Z</time></trkpt><trkpt lat="61.482382" lon="-142.886326"><ele>605.678</ele><time>2026-07-26T21:48:45Z</time></trkpt><trkpt lat="61.482343" lon="-142.886303"><ele>605.663</ele><time>2026-07-26T21:48:50Z</time></trkpt><trkpt lat="61.482311" lon="-142.886281"><ele>605.612</ele><time>2026-07-26T21:48:53Z</time></trkpt><trkpt lat="61.482258" lon="-142.886242"><ele>605.848</ele><time>2026-07-26T21:48:59Z</time></trkpt><trkpt lat="61.482246" lon="-142.886234"><ele>605.867</ele><time>2026-07-26T21:49:00Z</time></trkpt><trkpt lat="61.482189" lon="-142.886172"><ele>605.834</ele><time>2026-07-26T21:49:06Z</time></trkpt><trkpt lat="61.482095" lon="-142.88609"><ele>605.646</ele><time>2026-07-26T21:49:15Z</time></trkpt><trkpt lat="61.482013" lon="-142.886014"><ele>605.892</ele><time>2026-07-26T21:49:24Z</time></trkpt><trkpt lat="61.481993" lon="-142.885979"><ele>605.860</ele><time>2026-07-26T21:49:27Z</time></trkpt><trkpt lat="61.481975" lon="-142.885948"><ele>605.839</ele><time>2026-07-26T21:49:29Z</time></trkpt><trkpt lat="61.481947" lon="-142.885913"><ele>605.801</ele><time>2026-07-26T21:49:32Z</time></trkpt><trkpt lat="61.481901" lon="-142.885836"><ele>606.021</ele><time>2026-07-26T21:49:38Z</time></trkpt><trkpt lat="61.481877" lon="-142.885832"><ele>606.009</ele><time>2026-07-26T21:49:41Z</time></trkpt><trkpt lat="61.481834" lon="-142.885776"><ele>606.085</ele><time>2026-07-26T21:49:47Z</time></trkpt><trkpt lat="61.481826" lon="-142.88577"><ele>606.050</ele><time>2026-07-26T21:49:48Z</time></trkpt><trkpt lat="61.481795" lon="-142.885738"><ele>606.249</ele><time>2026-07-26T21:49:51Z</time></trkpt><trkpt lat="61.481763" lon="-142.88572"><ele>606.215</ele><time>2026-07-26T21:49:54Z</time></trkpt><trkpt lat="61.481686" lon="-142.88564"><ele>606.494</ele><time>2026-07-26T21:50:03Z</time></trkpt><trkpt lat="61.481618" lon="-142.885557"><ele>606.441</ele><time>2026-07-26T21:50:10Z</time></trkpt><trkpt lat="61.481612" lon="-142.885548"><ele>606.423</ele><time>2026-07-26T21:50:11Z</time></trkpt><trkpt lat="61.481553" lon="-142.885464"><ele>606.849</ele><time>2026-07-26T21:50:19Z</time></trkpt><trkpt lat="61.481462" lon="-142.885421"><ele>606.877</ele><time>2026-07-26T21:50:28Z</time></trkpt><trkpt lat="61.481416" lon="-142.885353"><ele>606.811</ele><time>2026-07-26T21:50:35Z</time></trkpt><trkpt lat="61.48136" lon="-142.885314"><ele>607.021</ele><time>2026-07-26T21:50:42Z</time></trkpt><trkpt lat="61.481344" lon="-142.885329"><ele>607.003</ele><time>2026-07-26T21:50:44Z</time></trkpt><trkpt lat="61.481357" lon="-142.885472"><ele>607.209</ele><time>2026-07-26T21:50:50Z</time></trkpt><trkpt lat="61.481353" lon="-142.885526"><ele>606.673</ele><time>2026-07-26T21:50:56Z</time></trkpt><trkpt lat="61.481353" lon="-142.885496"><ele>606.648</ele><time>2026-07-26T21:51:08Z</time></trkpt><trkpt lat="61.481372" lon="-142.885459"><ele>606.847</ele><time>2026-07-26T21:51:16Z</time></trkpt><trkpt lat="61.481361" lon="-142.88543"><ele>607.013</ele><time>2026-07-26T21:51:20Z</time></trkpt><trkpt lat="61.481351" lon="-142.885408"><ele>607.212</ele><time>2026-07-26T21:51:22Z</time></trkpt></trkseg></trk></gpx>