<?xml version="1.0" encoding="UTF-8"?><gpx creator="Wikiloc - http://www.wikiloc.com" version="1.1" xmlns="http://www.topografix.com/GPX/1/1" xmlns:xsi="http://www.w3.org/2001/XMLSchema-instance" xsi:schemaLocation="http://www.topografix.com/GPX/1/1 http://www.topografix.com/GPX/1/1/gpx.xsd"><trk><name><![CDATA[Yellowstone National Park: Mount Washburn]]></name><cmt><![CDATA[Ruta circular des de Canyon Junction passant per:
- Mount Washburn (6.0 km)]]></cmt><desc><![CDATA[Ruta circular des de Canyon Junction passant per:
- Mount Washburn (6.0 km)]]></desc><trkseg><trkpt lat="44.784225" lon="-110.453375"><ele>2728.868</ele><time>2026-05-23T16:21:30Z</time></trkpt><trkpt lat="44.784616" lon="-110.453582"><ele>2729.042</ele><time>2026-05-23T16:21:31Z</time></trkpt><trkpt lat="44.784707" lon="-110.453535"><ele>2729.426</ele><time>2026-05-23T16:21:35Z</time></trkpt><trkpt lat="44.784749" lon="-110.453499"><ele>2729.609</ele><time>2026-05-23T16:21:41Z</time></trkpt><trkpt lat="44.78478" lon="-110.453486"><ele>2729.868</ele><time>2026-05-23T16:21:43Z</time></trkpt><trkpt lat="44.784861" lon="-110.453499"><ele>2729.872</ele><time>2026-05-23T16:21:51Z</time></trkpt><trkpt lat="44.784939" lon="-110.453509"><ele>2729.881</ele><time>2026-05-23T16:21:57Z</time></trkpt><trkpt lat="44.784944" lon="-110.453499"><ele>2730.023</ele><time>2026-05-23T16:21:58Z</time></trkpt><trkpt lat="44.784932" lon="-110.453484"><ele>2730.025</ele><time>2026-05-23T16:22:00Z</time></trkpt><trkpt lat="44.78485" lon="-110.453443"><ele>2730.229</ele><time>2026-05-23T16:22:08Z</time></trkpt><trkpt lat="44.784847" lon="-110.453405"><ele>2730.657</ele><time>2026-05-23T16:22:12Z</time></trkpt><trkpt lat="44.784871" lon="-110.453391"><ele>2731.214</ele><time>2026-05-23T16:22:14Z</time></trkpt><trkpt lat="44.784903" lon="-110.453368"><ele>2732.278</ele><time>2026-05-23T16:22:18Z</time></trkpt><trkpt lat="44.784907" lon="-110.453346"><ele>2732.678</ele><time>2026-05-23T16:22:20Z</time></trkpt><trkpt lat="44.784867" lon="-110.453291"><ele>2732.833</ele><time>2026-05-23T16:22:27Z</time></trkpt><trkpt lat="44.784817" lon="-110.453269"><ele>2733.226</ele><time>2026-05-23T16:22:33Z</time></trkpt><trkpt lat="44.784807" lon="-110.453268"><ele>2733.209</ele><time>2026-05-23T16:22:34Z</time></trkpt><trkpt lat="44.784786" lon="-110.453255"><ele>2733.859</ele><time>2026-05-23T16:22:38Z</time></trkpt><trkpt lat="44.784744" lon="-110.453234"><ele>2734.243</ele><time>2026-05-23T16:22:43Z</time></trkpt><trkpt lat="44.78472" lon="-110.453234"><ele>2734.852</ele><time>2026-05-23T16:22:46Z</time></trkpt><trkpt lat="44.784704" lon="-110.453227"><ele>2735.094</ele><time>2026-05-23T16:22:48Z</time></trkpt><trkpt lat="44.784696" lon="-110.453225"><ele>2734.866</ele><time>2026-05-23T16:22:50Z</time></trkpt><trkpt lat="44.784697" lon="-110.453222"><ele>2735.060</ele><time>2026-05-23T16:22:51Z</time></trkpt><trkpt lat="44.784697" lon="-110.453222"><ele>2735.268</ele><time>2026-05-23T16:22:52Z</time></trkpt><trkpt lat="44.784698" lon="-110.453221"><ele>2735.435</ele><time>2026-05-23T16:22:53Z</time></trkpt><trkpt lat="44.784694" lon="-110.453216"><ele>2736.069</ele><time>2026-05-23T16:22:56Z</time></trkpt><trkpt lat="44.784643" lon="-110.453193"><ele>2735.232</ele><time>2026-05-23T16:23:05Z</time></trkpt><trkpt lat="44.784607" lon="-110.453183"><ele>2735.892</ele><time>2026-05-23T16:23:09Z</time></trkpt><trkpt lat="44.784567" lon="-110.453167"><ele>2736.011</ele><time>2026-05-23T16:23:13Z</time></trkpt><trkpt lat="44.784502" lon="-110.453103"><ele>2736.609</ele><time>2026-05-23T16:23:20Z</time></trkpt><trkpt lat="44.784479" lon="-110.453089"><ele>2737.055</ele><time>2026-05-23T16:23:23Z</time></trkpt><trkpt lat="44.784446" lon="-110.453052"><ele>2737.899</ele><time>2026-05-23T16:23:29Z</time></trkpt><trkpt lat="44.784452" lon="-110.453064"><ele>2738.218</ele><time>2026-05-23T16:23:31Z</time></trkpt><trkpt lat="44.784461" lon="-110.453092"><ele>2738.680</ele><time>2026-05-23T16:23:43Z</time></trkpt><trkpt lat="44.784423" lon="-110.453062"><ele>2738.872</ele><time>2026-05-23T16:23:49Z</time></trkpt><trkpt lat="44.784349" lon="-110.452987"><ele>2739.066</ele><time>2026-05-23T16:23:58Z</time></trkpt><trkpt lat="44.784272" lon="-110.45292"><ele>2739.894</ele><time>2026-05-23T16:24:08Z</time></trkpt><trkpt lat="44.784192" lon="-110.452859"><ele>2740.241</ele><time>2026-05-23T16:24:17Z</time></trkpt><trkpt lat="44.78418" lon="-110.452839"><ele>2740.425</ele><time>2026-05-23T16:24:19Z</time></trkpt><trkpt lat="44.784156" lon="-110.45281"><ele>2741.051</ele><time>2026-05-23T16:24:22Z</time></trkpt><trkpt lat="44.784148" lon="-110.452803"><ele>2741.001</ele><time>2026-05-23T16:24:23Z</time></trkpt><trkpt lat="44.784102" lon="-110.452743"><ele>2741.811</ele><time>2026-05-23T16:24:30Z</time></trkpt><trkpt lat="44.784085" lon="-110.452715"><ele>2742.009</ele><time>2026-05-23T16:24:33Z</time></trkpt><trkpt lat="44.784078" lon="-110.452705"><ele>2742.097</ele><time>2026-05-23T16:24:34Z</time></trkpt><trkpt lat="44.784053" lon="-110.452668"><ele>2742.881</ele><time>2026-05-23T16:24:38Z</time></trkpt><trkpt lat="44.784042" lon="-110.452647"><ele>2743.080</ele><time>2026-05-23T16:24:40Z</time></trkpt><trkpt lat="44.78403" lon="-110.452629"><ele>2743.232</ele><time>2026-05-23T16:24:42Z</time></trkpt><trkpt lat="44.783999" lon="-110.452578"><ele>2744.254</ele><time>2026-05-23T16:24:47Z</time></trkpt><trkpt lat="44.783964" lon="-110.45253"><ele>2744.668</ele><time>2026-05-23T16:24:53Z</time></trkpt><trkpt lat="44.783944" lon="-110.452492"><ele>2745.286</ele><time>2026-05-23T16:24:57Z</time></trkpt><trkpt lat="44.783916" lon="-110.452416"><ele>2745.863</ele><time>2026-05-23T16:25:03Z</time></trkpt><trkpt lat="44.783889" lon="-110.452362"><ele>2746.217</ele><time>2026-05-23T16:25:08Z</time></trkpt><trkpt lat="44.783862" lon="-110.45232"><ele>2746.823</ele><time>2026-05-23T16:25:13Z</time></trkpt><trkpt lat="44.783841" lon="-110.452271"><ele>2747.483</ele><time>2026-05-23T16:25:18Z</time></trkpt><trkpt lat="44.783815" lon="-110.452227"><ele>2748.011</ele><time>2026-05-23T16:25:23Z</time></trkpt><trkpt lat="44.783802" lon="-110.452194"><ele>2748.409</ele><time>2026-05-23T16:25:26Z</time></trkpt><trkpt lat="44.783788" lon="-110.452168"><ele>2748.834</ele><time>2026-05-23T16:25:29Z</time></trkpt><trkpt lat="44.78377" lon="-110.45213"><ele>2749.438</ele><time>2026-05-23T16:25:33Z</time></trkpt><trkpt lat="44.783725" lon="-110.452025"><ele>2750.687</ele><time>2026-05-23T16:25:43Z</time></trkpt><trkpt lat="44.783663" lon="-110.451942"><ele>2751.649</ele><time>2026-05-23T16:25:52Z</time></trkpt><trkpt lat="44.783658" lon="-110.451936"><ele>2751.621</ele><time>2026-05-23T16:25:53Z</time></trkpt><trkpt lat="44.783631" lon="-110.451874"><ele>2752.435</ele><time>2026-05-23T16:26:00Z</time></trkpt><trkpt lat="44.783623" lon="-110.451857"><ele>2752.833</ele><time>2026-05-23T16:26:02Z</time></trkpt><trkpt lat="44.783598" lon="-110.451831"><ele>2753.210</ele><time>2026-05-23T16:26:08Z</time></trkpt><trkpt lat="44.783598" lon="-110.451825"><ele>2753.694</ele><time>2026-05-23T16:26:10Z</time></trkpt><trkpt lat="44.783579" lon="-110.451772"><ele>2753.815</ele><time>2026-05-23T16:26:15Z</time></trkpt><trkpt lat="44.783553" lon="-110.451642"><ele>2754.865</ele><time>2026-05-23T16:26:25Z</time></trkpt><trkpt lat="44.783549" lon="-110.451626"><ele>2754.811</ele><time>2026-05-23T16:26:26Z</time></trkpt><trkpt lat="44.783505" lon="-110.451557"><ele>2755.209</ele><time>2026-05-23T16:26:33Z</time></trkpt><trkpt lat="44.783471" lon="-110.451505"><ele>2755.813</ele><time>2026-05-23T16:26:39Z</time></trkpt><trkpt lat="44.783465" lon="-110.451498"><ele>2756.067</ele><time>2026-05-23T16:26:40Z</time></trkpt><trkpt lat="44.783457" lon="-110.451477"><ele>2756.286</ele><time>2026-05-23T16:26:42Z</time></trkpt><trkpt lat="44.783429" lon="-110.451442"><ele>2756.898</ele><time>2026-05-23T16:26:47Z</time></trkpt><trkpt lat="44.783422" lon="-110.451431"><ele>2756.830</ele><time>2026-05-23T16:26:48Z</time></trkpt><trkpt lat="44.783386" lon="-110.451359"><ele>2757.874</ele><time>2026-05-23T16:26:55Z</time></trkpt><trkpt lat="44.783382" lon="-110.451345"><ele>2758.072</ele><time>2026-05-23T16:26:56Z</time></trkpt><trkpt lat="44.783351" lon="-110.451271"><ele>2758.869</ele><time>2026-05-23T16:27:03Z</time></trkpt><trkpt lat="44.783322" lon="-110.451215"><ele>2759.043</ele><time>2026-05-23T16:27:07Z</time></trkpt><trkpt lat="44.7833" lon="-110.451197"><ele>2759.417</ele><time>2026-05-23T16:27:11Z</time></trkpt><trkpt lat="44.783309" lon="-110.451187"><ele>2759.487</ele><time>2026-05-23T16:27:13Z</time></trkpt><trkpt lat="44.783292" lon="-110.451145"><ele>2759.815</ele><time>2026-05-23T16:27:17Z</time></trkpt><trkpt lat="44.783279" lon="-110.451117"><ele>2759.809</ele><time>2026-05-23T16:27:19Z</time></trkpt><trkpt lat="44.783267" lon="-110.451084"><ele>2760.043</ele><time>2026-05-23T16:27:22Z</time></trkpt><trkpt lat="44.78326" lon="-110.451074"><ele>2760.067</ele><time>2026-05-23T16:27:23Z</time></trkpt><trkpt lat="44.783245" lon="-110.451036"><ele>2760.696</ele><time>2026-05-23T16:27:29Z</time></trkpt><trkpt lat="44.783208" lon="-110.450951"><ele>2761.058</ele><time>2026-05-23T16:27:38Z</time></trkpt><trkpt lat="44.783187" lon="-110.450878"><ele>2761.250</ele><time>2026-05-23T16:27:44Z</time></trkpt><trkpt lat="44.78317" lon="-110.450808"><ele>2762.034</ele><time>2026-05-23T16:27:50Z</time></trkpt><trkpt lat="44.783168" lon="-110.45079"><ele>2762.252</ele><time>2026-05-23T16:27:52Z</time></trkpt><trkpt lat="44.783165" lon="-110.450776"><ele>2762.269</ele><time>2026-05-23T16:27:53Z</time></trkpt><trkpt lat="44.783159" lon="-110.450701"><ele>2763.083</ele><time>2026-05-23T16:28:00Z</time></trkpt><trkpt lat="44.783156" lon="-110.450679"><ele>2763.272</ele><time>2026-05-23T16:28:02Z</time></trkpt><trkpt lat="44.783155" lon="-110.450588"><ele>2763.613</ele><time>2026-05-23T16:28:09Z</time></trkpt><trkpt lat="44.783169" lon="-110.450502"><ele>2764.014</ele><time>2026-05-23T16:28:18Z</time></trkpt><trkpt lat="44.783179" lon="-110.450448"><ele>2764.209</ele><time>2026-05-23T16:28:23Z</time></trkpt><trkpt lat="44.783183" lon="-110.450421"><ele>2764.659</ele><time>2026-05-23T16:28:26Z</time></trkpt><trkpt lat="44.783227" lon="-110.45032"><ele>2765.483</ele><time>2026-05-23T16:28:35Z</time></trkpt><trkpt lat="44.783271" lon="-110.450236"><ele>2765.672</ele><time>2026-05-23T16:28:44Z</time></trkpt><trkpt lat="44.783292" lon="-110.450177"><ele>2765.824</ele><time>2026-05-23T16:28:51Z</time></trkpt><trkpt lat="44.783299" lon="-110.450161"><ele>2766.216</ele><time>2026-05-23T16:28:53Z</time></trkpt><trkpt lat="44.78332" lon="-110.450107"><ele>2766.450</ele><time>2026-05-23T16:28:58Z</time></trkpt><trkpt lat="44.783337" lon="-110.450062"><ele>2767.048</ele><time>2026-05-23T16:29:02Z</time></trkpt><trkpt lat="44.783346" lon="-110.450033"><ele>2767.465</ele><time>2026-05-23T16:29:04Z</time></trkpt><trkpt lat="44.783351" lon="-110.45002"><ele>2767.449</ele><time>2026-05-23T16:29:05Z</time></trkpt><trkpt lat="44.783361" lon="-110.449972"><ele>2768.276</ele><time>2026-05-23T16:29:09Z</time></trkpt><trkpt lat="44.783346" lon="-110.449935"><ele>2768.690</ele><time>2026-05-23T16:29:14Z</time></trkpt><trkpt lat="44.783334" lon="-110.449911"><ele>2769.219</ele><time>2026-05-23T16:29:17Z</time></trkpt><trkpt lat="44.783328" lon="-110.449903"><ele>2769.409</ele><time>2026-05-23T16:29:18Z</time></trkpt><trkpt lat="44.783309" lon="-110.449879"><ele>2769.619</ele><time>2026-05-23T16:29:21Z</time></trkpt><trkpt lat="44.783296" lon="-110.449829"><ele>2770.453</ele><time>2026-05-23T16:29:27Z</time></trkpt><trkpt lat="44.783293" lon="-110.449799"><ele>2770.862</ele><time>2026-05-23T16:29:30Z</time></trkpt><trkpt lat="44.783279" lon="-110.44976"><ele>2771.064</ele><time>2026-05-23T16:29:34Z</time></trkpt><trkpt lat="44.78324" lon="-110.449688"><ele>2771.856</ele><time>2026-05-23T16:29:41Z</time></trkpt><trkpt lat="44.783202" lon="-110.449591"><ele>2772.660</ele><time>2026-05-23T16:29:49Z</time></trkpt><trkpt lat="44.783179" lon="-110.449526"><ele>2772.488</ele><time>2026-05-23T16:29:55Z</time></trkpt><trkpt lat="44.783178" lon="-110.449514"><ele>2772.635</ele><time>2026-05-23T16:29:57Z</time></trkpt><trkpt lat="44.783177" lon="-110.449505"><ele>2773.099</ele><time>2026-05-23T16:29:58Z</time></trkpt><trkpt lat="44.783162" lon="-110.449431"><ele>2773.648</ele><time>2026-05-23T16:30:04Z</time></trkpt><trkpt lat="44.783154" lon="-110.449391"><ele>2774.261</ele><time>2026-05-23T16:30:08Z</time></trkpt><trkpt lat="44.783153" lon="-110.449335"><ele>2775.417</ele><time>2026-05-23T16:30:13Z</time></trkpt><trkpt lat="44.783153" lon="-110.449235"><ele>2776.009</ele><time>2026-05-23T16:30:22Z</time></trkpt><trkpt lat="44.783152" lon="-110.449147"><ele>2776.246</ele><time>2026-05-23T16:30:32Z</time></trkpt><trkpt lat="44.783157" lon="-110.449116"><ele>2776.430</ele><time>2026-05-23T16:30:34Z</time></trkpt><trkpt lat="44.783172" lon="-110.449056"><ele>2777.069</ele><time>2026-05-23T16:30:39Z</time></trkpt><trkpt lat="44.783187" lon="-110.448994"><ele>2777.431</ele><time>2026-05-23T16:30:48Z</time></trkpt><trkpt lat="44.783219" lon="-110.448905"><ele>2777.893</ele><time>2026-05-23T16:30:57Z</time></trkpt><trkpt lat="44.783239" lon="-110.448817"><ele>2778.487</ele><time>2026-05-23T16:31:05Z</time></trkpt><trkpt lat="44.783237" lon="-110.448807"><ele>2778.645</ele><time>2026-05-23T16:31:06Z</time></trkpt><trkpt lat="44.783215" lon="-110.448749"><ele>2779.022</ele><time>2026-05-23T16:31:11Z</time></trkpt><trkpt lat="44.783191" lon="-110.448711"><ele>2779.276</ele><time>2026-05-23T16:31:17Z</time></trkpt><trkpt lat="44.783178" lon="-110.448691"><ele>2779.652</ele><time>2026-05-23T16:31:20Z</time></trkpt><trkpt lat="44.783166" lon="-110.448668"><ele>2780.253</ele><time>2026-05-23T16:31:23Z</time></trkpt><trkpt lat="44.783144" lon="-110.448604"><ele>2780.808</ele><time>2026-05-23T16:31:29Z</time></trkpt><trkpt lat="44.783142" lon="-110.448599"><ele>2780.809</ele><time>2026-05-23T16:31:32Z</time></trkpt><trkpt lat="44.783131" lon="-110.448535"><ele>2781.237</ele><time>2026-05-23T16:31:39Z</time></trkpt><trkpt lat="44.783123" lon="-110.448507"><ele>2781.271</ele><time>2026-05-23T16:31:42Z</time></trkpt><trkpt lat="44.78312" lon="-110.448497"><ele>2781.440</ele><time>2026-05-23T16:31:44Z</time></trkpt><trkpt lat="44.783116" lon="-110.448475"><ele>2781.672</ele><time>2026-05-23T16:31:46Z</time></trkpt><trkpt lat="44.783109" lon="-110.448434"><ele>2781.884</ele><time>2026-05-23T16:31:49Z</time></trkpt><trkpt lat="44.783086" lon="-110.448351"><ele>2782.288</ele><time>2026-05-23T16:31:55Z</time></trkpt><trkpt lat="44.783083" lon="-110.448338"><ele>2782.456</ele><time>2026-05-23T16:31:57Z</time></trkpt><trkpt lat="44.783068" lon="-110.448309"><ele>2782.873</ele><time>2026-05-23T16:32:02Z</time></trkpt><trkpt lat="44.783064" lon="-110.448296"><ele>2783.077</ele><time>2026-05-23T16:32:03Z</time></trkpt><trkpt lat="44.78304" lon="-110.448236"><ele>2783.861</ele><time>2026-05-23T16:32:10Z</time></trkpt><trkpt lat="44.783025" lon="-110.448175"><ele>2784.621</ele><time>2026-05-23T16:32:17Z</time></trkpt><trkpt lat="44.783017" lon="-110.44814"><ele>2785.013</ele><time>2026-05-23T16:32:20Z</time></trkpt><trkpt lat="44.783013" lon="-110.448073"><ele>2785.609</ele><time>2026-05-23T16:32:27Z</time></trkpt><trkpt lat="44.783006" lon="-110.448043"><ele>2785.888</ele><time>2026-05-23T16:32:36Z</time></trkpt><trkpt lat="44.783008" lon="-110.44802"><ele>2786.042</ele><time>2026-05-23T16:32:38Z</time></trkpt><trkpt lat="44.783015" lon="-110.447972"><ele>2786.421</ele><time>2026-05-23T16:32:42Z</time></trkpt><trkpt lat="44.78302" lon="-110.447925"><ele>2786.673</ele><time>2026-05-23T16:32:48Z</time></trkpt><trkpt lat="44.78302" lon="-110.447925"><ele>2786.625</ele><time>2026-05-23T16:32:49Z</time></trkpt><trkpt lat="44.783016" lon="-110.447897"><ele>2787.079</ele><time>2026-05-23T16:32:57Z</time></trkpt><trkpt lat="44.783019" lon="-110.447897"><ele>2787.017</ele><time>2026-05-23T16:32:59Z</time></trkpt><trkpt lat="44.783019" lon="-110.447896"><ele>2787.034</ele><time>2026-05-23T16:33:05Z</time></trkpt><trkpt lat="44.783019" lon="-110.447896"><ele>2787.068</ele><time>2026-05-23T16:33:07Z</time></trkpt><trkpt lat="44.783019" lon="-110.447896"><ele>2786.856</ele><time>2026-05-23T16:33:16Z</time></trkpt><trkpt lat="44.783019" lon="-110.447896"><ele>2787.059</ele><time>2026-05-23T16:33:18Z</time></trkpt><trkpt lat="44.783019" lon="-110.447896"><ele>2786.814</ele><time>2026-05-23T16:33:19Z</time></trkpt><trkpt lat="44.783019" lon="-110.447896"><ele>2786.809</ele><time>2026-05-23T16:33:20Z</time></trkpt><trkpt lat="44.783019" lon="-110.447896"><ele>2786.867</ele><time>2026-05-23T16:33:23Z</time></trkpt><trkpt lat="44.783019" lon="-110.447896"><ele>2787.091</ele><time>2026-05-23T16:33:31Z</time></trkpt><trkpt lat="44.783019" lon="-110.447896"><ele>2787.070</ele><time>2026-05-23T16:33:34Z</time></trkpt><trkpt lat="44.783011" lon="-110.447898"><ele>2787.232</ele><time>2026-05-23T16:33:47Z</time></trkpt><trkpt lat="44.782999" lon="-110.44792"><ele>2787.054</ele><time>2026-05-23T16:33:56Z</time></trkpt><trkpt lat="44.783006" lon="-110.447926"><ele>2787.298</ele><time>2026-05-23T16:34:05Z</time></trkpt><trkpt lat="44.783008" lon="-110.447922"><ele>2787.296</ele><time>2026-05-23T16:34:10Z</time></trkpt><trkpt lat="44.783008" lon="-110.447906"><ele>2787.873</ele><time>2026-05-23T16:34:17Z</time></trkpt><trkpt lat="44.783011" lon="-110.447911"><ele>2788.047</ele><time>2026-05-23T16:34:27Z</time></trkpt><trkpt lat="44.783007" lon="-110.447917"><ele>2788.018</ele><time>2026-05-23T16:34:31Z</time></trkpt><trkpt lat="44.783013" lon="-110.44791"><ele>2787.498</ele><time>2026-05-23T16:34:37Z</time></trkpt><trkpt lat="44.782998" lon="-110.4479"><ele>2787.617</ele><time>2026-05-23T16:34:45Z</time></trkpt><trkpt lat="44.783004" lon="-110.44791"><ele>2787.609</ele><time>2026-05-23T16:34:53Z</time></trkpt><trkpt lat="44.783012" lon="-110.447905"><ele>2787.293</ele><time>2026-05-23T16:35:02Z</time></trkpt><trkpt lat="44.783002" lon="-110.447898"><ele>2787.417</ele><time>2026-05-23T16:35:09Z</time></trkpt><trkpt lat="44.782995" lon="-110.447918"><ele>2787.666</ele><time>2026-05-23T16:35:17Z</time></trkpt><trkpt lat="44.782997" lon="-110.447917"><ele>2788.048</ele><time>2026-05-23T16:35:23Z</time></trkpt><trkpt lat="44.783002" lon="-110.447906"><ele>2787.850</ele><time>2026-05-23T16:35:31Z</time></trkpt><trkpt lat="44.783003" lon="-110.447901"><ele>2788.054</ele><time>2026-05-23T16:35:38Z</time></trkpt><trkpt lat="44.783003" lon="-110.4479"><ele>2787.882</ele><time>2026-05-23T16:35:40Z</time></trkpt><trkpt lat="44.783004" lon="-110.447901"><ele>2787.659</ele><time>2026-05-23T16:35:42Z</time></trkpt><trkpt lat="44.783007" lon="-110.447903"><ele>2787.693</ele><time>2026-05-23T16:35:43Z</time></trkpt><trkpt lat="44.783006" lon="-110.447898"><ele>2787.885</ele><time>2026-05-23T16:35:48Z</time></trkpt><trkpt lat="44.783008" lon="-110.447896"><ele>2788.289</ele><time>2026-05-23T16:35:59Z</time></trkpt><trkpt lat="44.78301" lon="-110.447906"><ele>2788.417</ele><time>2026-05-23T16:36:05Z</time></trkpt><trkpt lat="44.783007" lon="-110.447905"><ele>2788.409</ele><time>2026-05-23T16:36:06Z</time></trkpt><trkpt lat="44.783008" lon="-110.4479"><ele>2788.290</ele><time>2026-05-23T16:36:14Z</time></trkpt><trkpt lat="44.783007" lon="-110.447904"><ele>2788.484</ele><time>2026-05-23T16:36:17Z</time></trkpt><trkpt lat="44.783006" lon="-110.447898"><ele>2788.493</ele><time>2026-05-23T16:36:25Z</time></trkpt><trkpt lat="44.783008" lon="-110.447895"><ele>2788.645</ele><time>2026-05-23T16:36:30Z</time></trkpt><trkpt lat="44.783005" lon="-110.447883"><ele>2788.417</ele><time>2026-05-23T16:36:33Z</time></trkpt><trkpt lat="44.783" lon="-110.447882"><ele>2788.881</ele><time>2026-05-23T16:36:42Z</time></trkpt><trkpt lat="44.782999" lon="-110.447886"><ele>2788.879</ele><time>2026-05-23T16:36:48Z</time></trkpt><trkpt lat="44.782996" lon="-110.447883"><ele>2788.846</ele><time>2026-05-23T16:36:50Z</time></trkpt><trkpt lat="44.782999" lon="-110.447896"><ele>2788.670</ele><time>2026-05-23T16:36:58Z</time></trkpt><trkpt lat="44.783002" lon="-110.447875"><ele>2788.659</ele><time>2026-05-23T16:37:07Z</time></trkpt><trkpt lat="44.782999" lon="-110.44788"><ele>2788.803</ele><time>2026-05-23T16:37:11Z</time></trkpt><trkpt lat="44.782988" lon="-110.447837"><ele>2789.223</ele><time>2026-05-23T16:37:17Z</time></trkpt><trkpt lat="44.782985" lon="-110.447833"><ele>2789.409</ele><time>2026-05-23T16:37:18Z</time></trkpt><trkpt lat="44.782968" lon="-110.447797"><ele>2789.677</ele><time>2026-05-23T16:37:24Z</time></trkpt><trkpt lat="44.78293" lon="-110.447743"><ele>2790.041</ele><time>2026-05-23T16:37:30Z</time></trkpt><trkpt lat="44.782927" lon="-110.447734"><ele>2790.220</ele><time>2026-05-23T16:37:31Z</time></trkpt><trkpt lat="44.782885" lon="-110.447676"><ele>2791.022</ele><time>2026-05-23T16:37:38Z</time></trkpt><trkpt lat="44.782873" lon="-110.447665"><ele>2791.264</ele><time>2026-05-23T16:37:39Z</time></trkpt><trkpt lat="44.782836" lon="-110.447625"><ele>2791.848</ele><time>2026-05-23T16:37:44Z</time></trkpt><trkpt lat="44.782795" lon="-110.447595"><ele>2791.836</ele><time>2026-05-23T16:37:51Z</time></trkpt><trkpt lat="44.782781" lon="-110.447578"><ele>2791.813</ele><time>2026-05-23T16:37:54Z</time></trkpt><trkpt lat="44.782759" lon="-110.447556"><ele>2792.237</ele><time>2026-05-23T16:37:57Z</time></trkpt><trkpt lat="44.782753" lon="-110.447553"><ele>2792.496</ele><time>2026-05-23T16:37:58Z</time></trkpt><trkpt lat="44.782744" lon="-110.44755"><ele>2792.431</ele><time>2026-05-23T16:37:59Z</time></trkpt><trkpt lat="44.782728" lon="-110.447526"><ele>2793.024</ele><time>2026-05-23T16:38:03Z</time></trkpt><trkpt lat="44.782706" lon="-110.447502"><ele>2793.409</ele><time>2026-05-23T16:38:06Z</time></trkpt><trkpt lat="44.782684" lon="-110.447475"><ele>2793.651</ele><time>2026-05-23T16:38:09Z</time></trkpt><trkpt lat="44.782639" lon="-110.447429"><ele>2794.235</ele><time>2026-05-23T16:38:16Z</time></trkpt><trkpt lat="44.782628" lon="-110.447423"><ele>2794.454</ele><time>2026-05-23T16:38:18Z</time></trkpt><trkpt lat="44.782617" lon="-110.44742"><ele>2794.656</ele><time>2026-05-23T16:38:19Z</time></trkpt><trkpt lat="44.782599" lon="-110.447412"><ele>2794.828</ele><time>2026-05-23T16:38:21Z</time></trkpt><trkpt lat="44.782564" lon="-110.447383"><ele>2795.232</ele><time>2026-05-23T16:38:26Z</time></trkpt><trkpt lat="44.78256" lon="-110.447378"><ele>2795.220</ele><time>2026-05-23T16:38:27Z</time></trkpt><trkpt lat="44.782553" lon="-110.447362"><ele>2795.657</ele><time>2026-05-23T16:38:29Z</time></trkpt><trkpt lat="44.782527" lon="-110.447331"><ele>2795.871</ele><time>2026-05-23T16:38:34Z</time></trkpt><trkpt lat="44.782483" lon="-110.447279"><ele>2796.678</ele><time>2026-05-23T16:38:41Z</time></trkpt><trkpt lat="44.782474" lon="-110.447269"><ele>2796.633</ele><time>2026-05-23T16:38:42Z</time></trkpt><trkpt lat="44.782411" lon="-110.447208"><ele>2797.426</ele><time>2026-05-23T16:38:50Z</time></trkpt><trkpt lat="44.782368" lon="-110.447183"><ele>2797.609</ele><time>2026-05-23T16:38:57Z</time></trkpt><trkpt lat="44.782359" lon="-110.447181"><ele>2797.899</ele><time>2026-05-23T16:38:58Z</time></trkpt><trkpt lat="44.782296" lon="-110.447132"><ele>2798.883</ele><time>2026-05-23T16:39:07Z</time></trkpt><trkpt lat="44.782287" lon="-110.447128"><ele>2799.032</ele><time>2026-05-23T16:39:08Z</time></trkpt><trkpt lat="44.782241" lon="-110.447105"><ele>2799.864</ele><time>2026-05-23T16:39:14Z</time></trkpt><trkpt lat="44.782219" lon="-110.4471"><ele>2800.226</ele><time>2026-05-23T16:39:17Z</time></trkpt><trkpt lat="44.782189" lon="-110.447086"><ele>2800.690</ele><time>2026-05-23T16:39:21Z</time></trkpt><trkpt lat="44.782182" lon="-110.447081"><ele>2800.828</ele><time>2026-05-23T16:39:22Z</time></trkpt><trkpt lat="44.782175" lon="-110.447076"><ele>2800.815</ele><time>2026-05-23T16:39:23Z</time></trkpt><trkpt lat="44.782167" lon="-110.447074"><ele>2801.069</ele><time>2026-05-23T16:39:24Z</time></trkpt><trkpt lat="44.782153" lon="-110.447062"><ele>2801.281</ele><time>2026-05-23T16:39:26Z</time></trkpt><trkpt lat="44.782122" lon="-110.44703"><ele>2802.261</ele><time>2026-05-23T16:39:32Z</time></trkpt><trkpt lat="44.782116" lon="-110.447026"><ele>2802.417</ele><time>2026-05-23T16:39:33Z</time></trkpt><trkpt lat="44.782075" lon="-110.446999"><ele>2802.009</ele><time>2026-05-23T16:39:38Z</time></trkpt><trkpt lat="44.782056" lon="-110.44699"><ele>2802.410</ele><time>2026-05-23T16:39:42Z</time></trkpt><trkpt lat="44.782014" lon="-110.446967"><ele>2803.444</ele><time>2026-05-23T16:39:50Z</time></trkpt><trkpt lat="44.781962" lon="-110.446929"><ele>2804.083</ele><time>2026-05-23T16:39:58Z</time></trkpt><trkpt lat="44.781929" lon="-110.446904"><ele>2804.465</ele><time>2026-05-23T16:40:03Z</time></trkpt><trkpt lat="44.781906" lon="-110.446889"><ele>2804.457</ele><time>2026-05-23T16:40:06Z</time></trkpt><trkpt lat="44.781851" lon="-110.446877"><ele>2803.871</ele><time>2026-05-23T16:40:12Z</time></trkpt><trkpt lat="44.781808" lon="-110.446846"><ele>2804.419</ele><time>2026-05-23T16:40:19Z</time></trkpt><trkpt lat="44.781787" lon="-110.446842"><ele>2804.826</ele><time>2026-05-23T16:40:22Z</time></trkpt><trkpt lat="44.781777" lon="-110.446841"><ele>2804.810</ele><time>2026-05-23T16:40:23Z</time></trkpt><trkpt lat="44.781769" lon="-110.446837"><ele>2805.084</ele><time>2026-05-23T16:40:24Z</time></trkpt><trkpt lat="44.781747" lon="-110.446834"><ele>2805.007</ele><time>2026-05-23T16:40:27Z</time></trkpt><trkpt lat="44.781692" lon="-110.446805"><ele>2805.417</ele><time>2026-05-23T16:40:34Z</time></trkpt><trkpt lat="44.781685" lon="-110.446799"><ele>2805.409</ele><time>2026-05-23T16:40:35Z</time></trkpt><trkpt lat="44.781649" lon="-110.446764"><ele>2806.060</ele><time>2026-05-23T16:40:42Z</time></trkpt><trkpt lat="44.781581" lon="-110.446716"><ele>2806.054</ele><time>2026-05-23T16:40:51Z</time></trkpt><trkpt lat="44.781518" lon="-110.44669"><ele>2806.453</ele><time>2026-05-23T16:40:59Z</time></trkpt><trkpt lat="44.781463" lon="-110.44666"><ele>2807.085</ele><time>2026-05-23T16:41:07Z</time></trkpt><trkpt lat="44.781446" lon="-110.446649"><ele>2807.487</ele><time>2026-05-23T16:41:11Z</time></trkpt><trkpt lat="44.781437" lon="-110.446655"><ele>2807.641</ele><time>2026-05-23T16:41:13Z</time></trkpt><trkpt lat="44.781385" lon="-110.446661"><ele>2806.899</ele><time>2026-05-23T16:41:20Z</time></trkpt><trkpt lat="44.781341" lon="-110.446646"><ele>2806.666</ele><time>2026-05-23T16:41:27Z</time></trkpt><trkpt lat="44.781279" lon="-110.446616"><ele>2807.020</ele><time>2026-05-23T16:41:34Z</time></trkpt><trkpt lat="44.781256" lon="-110.446602"><ele>2807.268</ele><time>2026-05-23T16:41:37Z</time></trkpt><trkpt lat="44.781165" lon="-110.446553"><ele>2807.842</ele><time>2026-05-23T16:41:48Z</time></trkpt><trkpt lat="44.781111" lon="-110.446527"><ele>2807.826</ele><time>2026-05-23T16:41:54Z</time></trkpt><trkpt lat="44.78107" lon="-110.44651"><ele>2808.209</ele><time>2026-05-23T16:41:59Z</time></trkpt><trkpt lat="44.781007" lon="-110.446473"><ele>2808.628</ele><time>2026-05-23T16:42:05Z</time></trkpt><trkpt lat="44.781003" lon="-110.446463"><ele>2808.832</ele><time>2026-05-23T16:42:07Z</time></trkpt><trkpt lat="44.78096" lon="-110.446438"><ele>2809.211</ele><time>2026-05-23T16:42:14Z</time></trkpt><trkpt lat="44.7809" lon="-110.446409"><ele>2808.823</ele><time>2026-05-23T16:42:20Z</time></trkpt><trkpt lat="44.780849" lon="-110.446363"><ele>2809.025</ele><time>2026-05-23T16:42:27Z</time></trkpt><trkpt lat="44.78084" lon="-110.446357"><ele>2809.069</ele><time>2026-05-23T16:42:28Z</time></trkpt><trkpt lat="44.780826" lon="-110.446331"><ele>2809.277</ele><time>2026-05-23T16:42:36Z</time></trkpt><trkpt lat="44.780814" lon="-110.446312"><ele>2809.274</ele><time>2026-05-23T16:42:45Z</time></trkpt><trkpt lat="44.780768" lon="-110.446241"><ele>2809.418</ele><time>2026-05-23T16:42:53Z</time></trkpt><trkpt lat="44.780719" lon="-110.446224"><ele>2809.648</ele><time>2026-05-23T16:43:00Z</time></trkpt><trkpt lat="44.780709" lon="-110.446217"><ele>2809.861</ele><time>2026-05-23T16:43:01Z</time></trkpt><trkpt lat="44.780651" lon="-110.446165"><ele>2810.617</ele><time>2026-05-23T16:43:07Z</time></trkpt><trkpt lat="44.780634" lon="-110.446143"><ele>2810.809</ele><time>2026-05-23T16:43:09Z</time></trkpt><trkpt lat="44.780624" lon="-110.446124"><ele>2811.036</ele><time>2026-05-23T16:43:11Z</time></trkpt><trkpt lat="44.780598" lon="-110.446077"><ele>2811.220</ele><time>2026-05-23T16:43:16Z</time></trkpt><trkpt lat="44.780551" lon="-110.446004"><ele>2811.639</ele><time>2026-05-23T16:43:23Z</time></trkpt><trkpt lat="44.780535" lon="-110.445974"><ele>2811.661</ele><time>2026-05-23T16:43:25Z</time></trkpt><trkpt lat="44.78049" lon="-110.445925"><ele>2812.283</ele><time>2026-05-23T16:43:30Z</time></trkpt><trkpt lat="44.780393" lon="-110.44589"><ele>2812.827</ele><time>2026-05-23T16:43:39Z</time></trkpt><trkpt lat="44.780376" lon="-110.445869"><ele>2812.855</ele><time>2026-05-23T16:43:42Z</time></trkpt><trkpt lat="44.780359" lon="-110.445814"><ele>2812.672</ele><time>2026-05-23T16:43:47Z</time></trkpt><trkpt lat="44.780365" lon="-110.445769"><ele>2812.836</ele><time>2026-05-23T16:43:50Z</time></trkpt><trkpt lat="44.780378" lon="-110.44571"><ele>2812.891</ele><time>2026-05-23T16:43:54Z</time></trkpt><trkpt lat="44.780419" lon="-110.445667"><ele>2812.281</ele><time>2026-05-23T16:44:00Z</time></trkpt><trkpt lat="44.78046" lon="-110.44564"><ele>2812.219</ele><time>2026-05-23T16:44:06Z</time></trkpt><trkpt lat="44.780528" lon="-110.445627"><ele>2812.209</ele><time>2026-05-23T16:44:13Z</time></trkpt><trkpt lat="44.780606" lon="-110.445617"><ele>2812.011</ele><time>2026-05-23T16:44:19Z</time></trkpt><trkpt lat="44.780653" lon="-110.445601"><ele>2811.645</ele><time>2026-05-23T16:44:25Z</time></trkpt><trkpt lat="44.780709" lon="-110.445603"><ele>2811.494</ele><time>2026-05-23T16:44:29Z</time></trkpt><trkpt lat="44.78079" lon="-110.445607"><ele>2811.816</ele><time>2026-05-23T16:44:37Z</time></trkpt><trkpt lat="44.780828" lon="-110.445598"><ele>2811.448</ele><time>2026-05-23T16:44:44Z</time></trkpt><trkpt lat="44.780926" lon="-110.445602"><ele>2811.442</ele><time>2026-05-23T16:44:52Z</time></trkpt><trkpt lat="44.781034" lon="-110.445618"><ele>2811.690</ele><time>2026-05-23T16:45:00Z</time></trkpt><trkpt lat="44.78113" lon="-110.445678"><ele>2811.617</ele><time>2026-05-23T16:45:09Z</time></trkpt><trkpt lat="44.781158" lon="-110.445675"><ele>2811.841</ele><time>2026-05-23T16:45:13Z</time></trkpt><trkpt lat="44.781192" lon="-110.445677"><ele>2812.081</ele><time>2026-05-23T16:45:17Z</time></trkpt><trkpt lat="44.781273" lon="-110.445691"><ele>2812.061</ele><time>2026-05-23T16:45:24Z</time></trkpt><trkpt lat="44.78136" lon="-110.445707"><ele>2812.017</ele><time>2026-05-23T16:45:32Z</time></trkpt><trkpt lat="44.781437" lon="-110.445723"><ele>2812.409</ele><time>2026-05-23T16:45:41Z</time></trkpt><trkpt lat="44.781471" lon="-110.445743"><ele>2812.810</ele><time>2026-05-23T16:45:45Z</time></trkpt><trkpt lat="44.781525" lon="-110.445774"><ele>2812.654</ele><time>2026-05-23T16:45:50Z</time></trkpt><trkpt lat="44.781614" lon="-110.445828"><ele>2812.613</ele><time>2026-05-23T16:45:58Z</time></trkpt><trkpt lat="44.781735" lon="-110.445884"><ele>2813.475</ele><time>2026-05-23T16:46:09Z</time></trkpt><trkpt lat="44.781818" lon="-110.445902"><ele>2812.887</ele><time>2026-05-23T16:46:18Z</time></trkpt><trkpt lat="44.781824" lon="-110.445887"><ele>2812.821</ele><time>2026-05-23T16:46:29Z</time></trkpt><trkpt lat="44.781831" lon="-110.445897"><ele>2812.859</ele><time>2026-05-23T16:46:38Z</time></trkpt><trkpt lat="44.78187" lon="-110.445917"><ele>2812.856</ele><time>2026-05-23T16:46:43Z</time></trkpt><trkpt lat="44.781904" lon="-110.445944"><ele>2812.830</ele><time>2026-05-23T16:46:50Z</time></trkpt><trkpt lat="44.781932" lon="-110.445931"><ele>2813.499</ele><time>2026-05-23T16:46:56Z</time></trkpt><trkpt lat="44.78201" lon="-110.445938"><ele>2813.607</ele><time>2026-05-23T16:47:03Z</time></trkpt><trkpt lat="44.782118" lon="-110.445943"><ele>2813.627</ele><time>2026-05-23T16:47:11Z</time></trkpt><trkpt lat="44.782186" lon="-110.445946"><ele>2813.609</ele><time>2026-05-23T16:47:18Z</time></trkpt><trkpt lat="44.782224" lon="-110.445945"><ele>2813.861</ele><time>2026-05-23T16:47:21Z</time></trkpt><trkpt lat="44.78228" lon="-110.445928"><ele>2814.295</ele><time>2026-05-23T16:47:26Z</time></trkpt><trkpt lat="44.782331" lon="-110.445919"><ele>2814.424</ele><time>2026-05-23T16:47:33Z</time></trkpt><trkpt lat="44.78234" lon="-110.44592"><ele>2814.416</ele><time>2026-05-23T16:47:34Z</time></trkpt><trkpt lat="44.782419" lon="-110.445928"><ele>2814.858</ele><time>2026-05-23T16:47:41Z</time></trkpt><trkpt lat="44.782429" lon="-110.445932"><ele>2814.872</ele><time>2026-05-23T16:47:42Z</time></trkpt><trkpt lat="44.782521" lon="-110.445922"><ele>2815.450</ele><time>2026-05-23T16:47:50Z</time></trkpt><trkpt lat="44.782595" lon="-110.44593"><ele>2815.657</ele><time>2026-05-23T16:47:58Z</time></trkpt><trkpt lat="44.782633" lon="-110.445925"><ele>2815.891</ele><time>2026-05-23T16:48:01Z</time></trkpt><trkpt lat="44.782705" lon="-110.445911"><ele>2816.061</ele><time>2026-05-23T16:48:07Z</time></trkpt><trkpt lat="44.782771" lon="-110.445886"><ele>2816.221</ele><time>2026-05-23T16:48:13Z</time></trkpt><trkpt lat="44.782819" lon="-110.445835"><ele>2816.213</ele><time>2026-05-23T16:48:19Z</time></trkpt><trkpt lat="44.782894" lon="-110.44579"><ele>2816.209</ele><time>2026-05-23T16:48:28Z</time></trkpt><trkpt lat="44.782941" lon="-110.445755"><ele>2816.228</ele><time>2026-05-23T16:48:34Z</time></trkpt><trkpt lat="44.783008" lon="-110.445692"><ele>2816.632</ele><time>2026-05-23T16:48:42Z</time></trkpt><trkpt lat="44.783021" lon="-110.445664"><ele>2816.821</ele><time>2026-05-23T16:48:46Z</time></trkpt><trkpt lat="44.783028" lon="-110.445648"><ele>2816.833</ele><time>2026-05-23T16:48:48Z</time></trkpt><trkpt lat="44.783064" lon="-110.44558"><ele>2816.445</ele><time>2026-05-23T16:48:54Z</time></trkpt><trkpt lat="44.783072" lon="-110.445554"><ele>2816.649</ele><time>2026-05-23T16:48:56Z</time></trkpt><trkpt lat="44.783113" lon="-110.445459"><ele>2817.427</ele><time>2026-05-23T16:49:04Z</time></trkpt><trkpt lat="44.78317" lon="-110.445352"><ele>2818.294</ele><time>2026-05-23T16:49:13Z</time></trkpt><trkpt lat="44.783222" lon="-110.445261"><ele>2819.038</ele><time>2026-05-23T16:49:21Z</time></trkpt><trkpt lat="44.783237" lon="-110.445235"><ele>2819.469</ele><time>2026-05-23T16:49:23Z</time></trkpt><trkpt lat="44.783268" lon="-110.445183"><ele>2820.204</ele><time>2026-05-23T16:49:27Z</time></trkpt><trkpt lat="44.783273" lon="-110.445172"><ele>2820.424</ele><time>2026-05-23T16:49:28Z</time></trkpt><trkpt lat="44.783299" lon="-110.445127"><ele>2820.809</ele><time>2026-05-23T16:49:32Z</time></trkpt><trkpt lat="44.783345" lon="-110.445047"><ele>2820.238</ele><time>2026-05-23T16:49:39Z</time></trkpt><trkpt lat="44.783377" lon="-110.444956"><ele>2820.072</ele><time>2026-05-23T16:49:47Z</time></trkpt><trkpt lat="44.783383" lon="-110.444942"><ele>2820.091</ele><time>2026-05-23T16:49:48Z</time></trkpt><trkpt lat="44.783437" lon="-110.444841"><ele>2820.223</ele><time>2026-05-23T16:49:57Z</time></trkpt><trkpt lat="44.783477" lon="-110.444807"><ele>2820.495</ele><time>2026-05-23T16:50:03Z</time></trkpt><trkpt lat="44.78349" lon="-110.444795"><ele>2820.649</ele><time>2026-05-23T16:50:05Z</time></trkpt><trkpt lat="44.783518" lon="-110.444772"><ele>2821.257</ele><time>2026-05-23T16:50:11Z</time></trkpt><trkpt lat="44.783553" lon="-110.444741"><ele>2821.474</ele><time>2026-05-23T16:50:15Z</time></trkpt><trkpt lat="44.783597" lon="-110.444716"><ele>2821.828</ele><time>2026-05-23T16:50:19Z</time></trkpt><trkpt lat="44.783673" lon="-110.444718"><ele>2822.022</ele><time>2026-05-23T16:50:26Z</time></trkpt><trkpt lat="44.783733" lon="-110.444698"><ele>2822.262</ele><time>2026-05-23T16:50:32Z</time></trkpt><trkpt lat="44.783741" lon="-110.444696"><ele>2822.208</ele><time>2026-05-23T16:50:33Z</time></trkpt><trkpt lat="44.783808" lon="-110.444696"><ele>2822.209</ele><time>2026-05-23T16:50:40Z</time></trkpt><trkpt lat="44.783832" lon="-110.444702"><ele>2822.494</ele><time>2026-05-23T16:50:42Z</time></trkpt><trkpt lat="44.783879" lon="-110.444723"><ele>2822.688</ele><time>2026-05-23T16:50:47Z</time></trkpt><trkpt lat="44.783955" lon="-110.444704"><ele>2822.847</ele><time>2026-05-23T16:50:56Z</time></trkpt><trkpt lat="44.784025" lon="-110.444644"><ele>2822.859</ele><time>2026-05-23T16:51:05Z</time></trkpt><trkpt lat="44.784088" lon="-110.444609"><ele>2823.071</ele><time>2026-05-23T16:51:14Z</time></trkpt><trkpt lat="44.784098" lon="-110.444609"><ele>2823.065</ele><time>2026-05-23T16:51:16Z</time></trkpt><trkpt lat="44.784153" lon="-110.444589"><ele>2823.483</ele><time>2026-05-23T16:51:23Z</time></trkpt><trkpt lat="44.784211" lon="-110.44456"><ele>2823.670</ele><time>2026-05-23T16:51:30Z</time></trkpt><trkpt lat="44.78422" lon="-110.444558"><ele>2823.614</ele><time>2026-05-23T16:51:31Z</time></trkpt><trkpt lat="44.784296" lon="-110.444557"><ele>2824.417</ele><time>2026-05-23T16:51:39Z</time></trkpt><trkpt lat="44.784303" lon="-110.444556"><ele>2824.687</ele><time>2026-05-23T16:51:40Z</time></trkpt><trkpt lat="44.784372" lon="-110.444565"><ele>2825.015</ele><time>2026-05-23T16:51:48Z</time></trkpt><trkpt lat="44.784429" lon="-110.444578"><ele>2825.009</ele><time>2026-05-23T16:51:55Z</time></trkpt><trkpt lat="44.784454" lon="-110.444564"><ele>2824.893</ele><time>2026-05-23T16:51:57Z</time></trkpt><trkpt lat="44.784542" lon="-110.444535"><ele>2824.617</ele><time>2026-05-23T16:52:05Z</time></trkpt><trkpt lat="44.784604" lon="-110.444499"><ele>2825.666</ele><time>2026-05-23T16:52:13Z</time></trkpt><trkpt lat="44.784681" lon="-110.444463"><ele>2825.898</ele><time>2026-05-23T16:52:20Z</time></trkpt><trkpt lat="44.784723" lon="-110.444432"><ele>2826.460</ele><time>2026-05-23T16:52:24Z</time></trkpt><trkpt lat="44.784758" lon="-110.444372"><ele>2826.214</ele><time>2026-05-23T16:52:29Z</time></trkpt><trkpt lat="44.784788" lon="-110.4443"><ele>2826.242</ele><time>2026-05-23T16:52:35Z</time></trkpt><trkpt lat="44.784825" lon="-110.44423"><ele>2825.679</ele><time>2026-05-23T16:52:42Z</time></trkpt><trkpt lat="44.784835" lon="-110.444229"><ele>2825.613</ele><time>2026-05-23T16:52:43Z</time></trkpt><trkpt lat="44.784878" lon="-110.44421"><ele>2825.859</ele><time>2026-05-23T16:52:49Z</time></trkpt><trkpt lat="44.784946" lon="-110.444161"><ele>2825.403</ele><time>2026-05-23T16:52:55Z</time></trkpt><trkpt lat="44.785037" lon="-110.444112"><ele>2825.823</ele><time>2026-05-23T16:53:03Z</time></trkpt><trkpt lat="44.785071" lon="-110.444077"><ele>2825.409</ele><time>2026-05-23T16:53:08Z</time></trkpt><trkpt lat="44.785086" lon="-110.444056"><ele>2825.427</ele><time>2026-05-23T16:53:10Z</time></trkpt><trkpt lat="44.785098" lon="-110.444033"><ele>2825.851</ele><time>2026-05-23T16:53:12Z</time></trkpt><trkpt lat="44.785106" lon="-110.444019"><ele>2826.040</ele><time>2026-05-23T16:53:13Z</time></trkpt><trkpt lat="44.785145" lon="-110.443952"><ele>2825.642</ele><time>2026-05-23T16:53:18Z</time></trkpt><trkpt lat="44.785154" lon="-110.443916"><ele>2824.434</ele><time>2026-05-23T16:53:21Z</time></trkpt><trkpt lat="44.785196" lon="-110.443819"><ele>2824.488</ele><time>2026-05-23T16:53:29Z</time></trkpt><trkpt lat="44.785249" lon="-110.443739"><ele>2824.646</ele><time>2026-05-23T16:53:36Z</time></trkpt><trkpt lat="44.785325" lon="-110.44367"><ele>2824.083</ele><time>2026-05-23T16:53:44Z</time></trkpt><trkpt lat="44.785383" lon="-110.443646"><ele>2823.877</ele><time>2026-05-23T16:53:51Z</time></trkpt><trkpt lat="44.785442" lon="-110.443602"><ele>2824.279</ele><time>2026-05-23T16:53:58Z</time></trkpt><trkpt lat="44.785501" lon="-110.443533"><ele>2823.205</ele><time>2026-05-23T16:54:06Z</time></trkpt><trkpt lat="44.785596" lon="-110.443478"><ele>2822.225</ele><time>2026-05-23T16:54:16Z</time></trkpt><trkpt lat="44.785602" lon="-110.443472"><ele>2822.209</ele><time>2026-05-23T16:54:17Z</time></trkpt><trkpt lat="44.785637" lon="-110.443432"><ele>2822.019</ele><time>2026-05-23T16:54:23Z</time></trkpt><trkpt lat="44.785681" lon="-110.443418"><ele>2821.823</ele><time>2026-05-23T16:54:28Z</time></trkpt><trkpt lat="44.785711" lon="-110.443416"><ele>2822.242</ele><time>2026-05-23T16:54:32Z</time></trkpt><trkpt lat="44.785785" lon="-110.443393"><ele>2822.674</ele><time>2026-05-23T16:54:39Z</time></trkpt><trkpt lat="44.785852" lon="-110.443352"><ele>2821.896</ele><time>2026-05-23T16:54:47Z</time></trkpt><trkpt lat="44.785913" lon="-110.443327"><ele>2823.040</ele><time>2026-05-23T16:54:55Z</time></trkpt><trkpt lat="44.786006" lon="-110.443307"><ele>2822.848</ele><time>2026-05-23T16:55:05Z</time></trkpt><trkpt lat="44.786031" lon="-110.443294"><ele>2823.215</ele><time>2026-05-23T16:55:08Z</time></trkpt><trkpt lat="44.786053" lon="-110.443272"><ele>2823.489</ele><time>2026-05-23T16:55:12Z</time></trkpt><trkpt lat="44.786106" lon="-110.443249"><ele>2823.656</ele><time>2026-05-23T16:55:18Z</time></trkpt><trkpt lat="44.786132" lon="-110.443228"><ele>2823.859</ele><time>2026-05-23T16:55:21Z</time></trkpt><trkpt lat="44.786173" lon="-110.443207"><ele>2824.414</ele><time>2026-05-23T16:55:25Z</time></trkpt><trkpt lat="44.786197" lon="-110.443193"><ele>2824.609</ele><time>2026-05-23T16:55:28Z</time></trkpt><trkpt lat="44.786253" lon="-110.443158"><ele>2824.697</ele><time>2026-05-23T16:55:34Z</time></trkpt><trkpt lat="44.786299" lon="-110.443131"><ele>2825.441</ele><time>2026-05-23T16:55:40Z</time></trkpt><trkpt lat="44.786314" lon="-110.443125"><ele>2825.850</ele><time>2026-05-23T16:55:42Z</time></trkpt><trkpt lat="44.786325" lon="-110.443121"><ele>2826.052</ele><time>2026-05-23T16:55:44Z</time></trkpt><trkpt lat="44.786344" lon="-110.443113"><ele>2826.484</ele><time>2026-05-23T16:55:47Z</time></trkpt><trkpt lat="44.786371" lon="-110.443106"><ele>2826.658</ele><time>2026-05-23T16:55:50Z</time></trkpt><trkpt lat="44.786446" lon="-110.443075"><ele>2827.056</ele><time>2026-05-23T16:55:59Z</time></trkpt><trkpt lat="44.786471" lon="-110.443064"><ele>2827.443</ele><time>2026-05-23T16:56:04Z</time></trkpt><trkpt lat="44.786488" lon="-110.443056"><ele>2827.827</ele><time>2026-05-23T16:56:07Z</time></trkpt><trkpt lat="44.786546" lon="-110.443025"><ele>2828.038</ele><time>2026-05-23T16:56:15Z</time></trkpt><trkpt lat="44.786595" lon="-110.443006"><ele>2828.270</ele><time>2026-05-23T16:56:20Z</time></trkpt><trkpt lat="44.786605" lon="-110.443"><ele>2828.417</ele><time>2026-05-23T16:56:21Z</time></trkpt><trkpt lat="44.786622" lon="-110.442988"><ele>2828.609</ele><time>2026-05-23T16:56:23Z</time></trkpt><trkpt lat="44.786675" lon="-110.442969"><ele>2829.015</ele><time>2026-05-23T16:56:29Z</time></trkpt><trkpt lat="44.786704" lon="-110.442961"><ele>2829.629</ele><time>2026-05-23T16:56:32Z</time></trkpt><trkpt lat="44.786733" lon="-110.442947"><ele>2830.068</ele><time>2026-05-23T16:56:37Z</time></trkpt><trkpt lat="44.786762" lon="-110.442921"><ele>2830.280</ele><time>2026-05-23T16:56:43Z</time></trkpt><trkpt lat="44.786827" lon="-110.442909"><ele>2830.272</ele><time>2026-05-23T16:56:51Z</time></trkpt><trkpt lat="44.786847" lon="-110.442908"><ele>2830.616</ele><time>2026-05-23T16:56:54Z</time></trkpt><trkpt lat="44.786868" lon="-110.442901"><ele>2831.044</ele><time>2026-05-23T16:56:58Z</time></trkpt><trkpt lat="44.786913" lon="-110.442867"><ele>2831.681</ele><time>2026-05-23T16:57:05Z</time></trkpt><trkpt lat="44.786931" lon="-110.442856"><ele>2832.085</ele><time>2026-05-23T16:57:08Z</time></trkpt><trkpt lat="44.786952" lon="-110.442831"><ele>2832.816</ele><time>2026-05-23T16:57:11Z</time></trkpt><trkpt lat="44.786987" lon="-110.442776"><ele>2833.276</ele><time>2026-05-23T16:57:16Z</time></trkpt><trkpt lat="44.787019" lon="-110.44272"><ele>2833.413</ele><time>2026-05-23T16:57:23Z</time></trkpt><trkpt lat="44.78703" lon="-110.442707"><ele>2833.809</ele><time>2026-05-23T16:57:25Z</time></trkpt><trkpt lat="44.787054" lon="-110.442638"><ele>2834.273</ele><time>2026-05-23T16:57:31Z</time></trkpt><trkpt lat="44.787086" lon="-110.442567"><ele>2834.017</ele><time>2026-05-23T16:57:38Z</time></trkpt><trkpt lat="44.787103" lon="-110.442533"><ele>2834.666</ele><time>2026-05-23T16:57:43Z</time></trkpt><trkpt lat="44.787116" lon="-110.442507"><ele>2834.828</ele><time>2026-05-23T16:57:46Z</time></trkpt><trkpt lat="44.787126" lon="-110.442459"><ele>2835.260</ele><time>2026-05-23T16:57:51Z</time></trkpt><trkpt lat="44.787144" lon="-110.442428"><ele>2836.024</ele><time>2026-05-23T16:57:55Z</time></trkpt><trkpt lat="44.787167" lon="-110.442371"><ele>2836.082</ele><time>2026-05-23T16:58:00Z</time></trkpt><trkpt lat="44.787193" lon="-110.442282"><ele>2836.629</ele><time>2026-05-23T16:58:09Z</time></trkpt><trkpt lat="44.787221" lon="-110.442251"><ele>2837.023</ele><time>2026-05-23T16:58:15Z</time></trkpt><trkpt lat="44.787227" lon="-110.442243"><ele>2837.054</ele><time>2026-05-23T16:58:16Z</time></trkpt><trkpt lat="44.787265" lon="-110.442184"><ele>2837.856</ele><time>2026-05-23T16:58:24Z</time></trkpt><trkpt lat="44.787291" lon="-110.442142"><ele>2838.011</ele><time>2026-05-23T16:58:29Z</time></trkpt><trkpt lat="44.787311" lon="-110.442114"><ele>2838.409</ele><time>2026-05-23T16:58:32Z</time></trkpt><trkpt lat="44.787316" lon="-110.442107"><ele>2838.667</ele><time>2026-05-23T16:58:33Z</time></trkpt><trkpt lat="44.787362" lon="-110.44206"><ele>2839.241</ele><time>2026-05-23T16:58:42Z</time></trkpt><trkpt lat="44.787368" lon="-110.442056"><ele>2839.250</ele><time>2026-05-23T16:58:43Z</time></trkpt><trkpt lat="44.787403" lon="-110.442014"><ele>2839.672</ele><time>2026-05-23T16:58:49Z</time></trkpt><trkpt lat="44.787446" lon="-110.441951"><ele>2840.244</ele><time>2026-05-23T16:58:57Z</time></trkpt><trkpt lat="44.787459" lon="-110.441944"><ele>2840.298</ele><time>2026-05-23T16:58:59Z</time></trkpt><trkpt lat="44.787507" lon="-110.441923"><ele>2840.876</ele><time>2026-05-23T16:59:06Z</time></trkpt><trkpt lat="44.787545" lon="-110.441894"><ele>2841.293</ele><time>2026-05-23T16:59:11Z</time></trkpt><trkpt lat="44.787562" lon="-110.441872"><ele>2841.227</ele><time>2026-05-23T16:59:14Z</time></trkpt><trkpt lat="44.787607" lon="-110.441821"><ele>2842.463</ele><time>2026-05-23T16:59:22Z</time></trkpt><trkpt lat="44.787617" lon="-110.441813"><ele>2842.644</ele><time>2026-05-23T16:59:24Z</time></trkpt><trkpt lat="44.787675" lon="-110.44174"><ele>2843.018</ele><time>2026-05-23T16:59:33Z</time></trkpt><trkpt lat="44.787695" lon="-110.441721"><ele>2843.409</ele><time>2026-05-23T16:59:37Z</time></trkpt><trkpt lat="44.787733" lon="-110.441679"><ele>2844.448</ele><time>2026-05-23T16:59:43Z</time></trkpt><trkpt lat="44.787742" lon="-110.441674"><ele>2844.432</ele><time>2026-05-23T16:59:44Z</time></trkpt><trkpt lat="44.787784" lon="-110.441642"><ele>2845.451</ele><time>2026-05-23T16:59:50Z</time></trkpt><trkpt lat="44.787808" lon="-110.441616"><ele>2845.623</ele><time>2026-05-23T16:59:55Z</time></trkpt><trkpt lat="44.787823" lon="-110.441597"><ele>2846.065</ele><time>2026-05-23T16:59:58Z</time></trkpt><trkpt lat="44.787842" lon="-110.441567"><ele>2846.879</ele><time>2026-05-23T17:00:02Z</time></trkpt><trkpt lat="44.787882" lon="-110.441515"><ele>2847.857</ele><time>2026-05-23T17:00:07Z</time></trkpt><trkpt lat="44.787896" lon="-110.441498"><ele>2848.024</ele><time>2026-05-23T17:00:09Z</time></trkpt><trkpt lat="44.787955" lon="-110.441469"><ele>2847.868</ele><time>2026-05-23T17:00:16Z</time></trkpt><trkpt lat="44.78802" lon="-110.441429"><ele>2848.453</ele><time>2026-05-23T17:00:26Z</time></trkpt><trkpt lat="44.788031" lon="-110.441428"><ele>2848.804</ele><time>2026-05-23T17:00:28Z</time></trkpt><trkpt lat="44.788068" lon="-110.44142"><ele>2850.014</ele><time>2026-05-23T17:00:34Z</time></trkpt><trkpt lat="44.788079" lon="-110.441412"><ele>2850.209</ele><time>2026-05-23T17:00:36Z</time></trkpt><trkpt lat="44.788118" lon="-110.441392"><ele>2851.017</ele><time>2026-05-23T17:00:42Z</time></trkpt><trkpt lat="44.788135" lon="-110.441392"><ele>2851.291</ele><time>2026-05-23T17:00:44Z</time></trkpt><trkpt lat="44.788188" lon="-110.441367"><ele>2850.620</ele><time>2026-05-23T17:00:51Z</time></trkpt><trkpt lat="44.788236" lon="-110.44133"><ele>2850.852</ele><time>2026-05-23T17:00:59Z</time></trkpt><trkpt lat="44.78829" lon="-110.44129"><ele>2851.044</ele><time>2026-05-23T17:01:08Z</time></trkpt><trkpt lat="44.788322" lon="-110.441273"><ele>2851.228</ele><time>2026-05-23T17:01:13Z</time></trkpt><trkpt lat="44.788343" lon="-110.441273"><ele>2851.626</ele><time>2026-05-23T17:01:16Z</time></trkpt><trkpt lat="44.788392" lon="-110.441232"><ele>2852.283</ele><time>2026-05-23T17:01:23Z</time></trkpt><trkpt lat="44.788405" lon="-110.441219"><ele>2852.447</ele><time>2026-05-23T17:01:25Z</time></trkpt><trkpt lat="44.788456" lon="-110.441186"><ele>2853.441</ele><time>2026-05-23T17:01:31Z</time></trkpt><trkpt lat="44.788469" lon="-110.44118"><ele>2853.881</ele><time>2026-05-23T17:01:33Z</time></trkpt><trkpt lat="44.788487" lon="-110.441169"><ele>2854.409</ele><time>2026-05-23T17:01:36Z</time></trkpt><trkpt lat="44.788533" lon="-110.441123"><ele>2854.809</ele><time>2026-05-23T17:01:45Z</time></trkpt><trkpt lat="44.788549" lon="-110.441114"><ele>2855.426</ele><time>2026-05-23T17:01:52Z</time></trkpt><trkpt lat="44.788559" lon="-110.441106"><ele>2855.690</ele><time>2026-05-23T17:01:54Z</time></trkpt><trkpt lat="44.78862" lon="-110.441082"><ele>2855.699</ele><time>2026-05-23T17:02:01Z</time></trkpt><trkpt lat="44.788654" lon="-110.441067"><ele>2856.071</ele><time>2026-05-23T17:02:10Z</time></trkpt><trkpt lat="44.788668" lon="-110.441062"><ele>2856.433</ele><time>2026-05-23T17:02:14Z</time></trkpt><trkpt lat="44.78867" lon="-110.441067"><ele>2856.877</ele><time>2026-05-23T17:02:18Z</time></trkpt><trkpt lat="44.788678" lon="-110.441058"><ele>2856.885</ele><time>2026-05-23T17:02:25Z</time></trkpt><trkpt lat="44.788684" lon="-110.441049"><ele>2856.662</ele><time>2026-05-23T17:02:26Z</time></trkpt><trkpt lat="44.78872" lon="-110.441039"><ele>2857.246</ele><time>2026-05-23T17:02:34Z</time></trkpt><trkpt lat="44.788756" lon="-110.441014"><ele>2856.876</ele><time>2026-05-23T17:02:40Z</time></trkpt><trkpt lat="44.788786" lon="-110.440984"><ele>2857.490</ele><time>2026-05-23T17:02:44Z</time></trkpt><trkpt lat="44.788795" lon="-110.440976"><ele>2857.619</ele><time>2026-05-23T17:02:45Z</time></trkpt><trkpt lat="44.788853" lon="-110.440947"><ele>2858.009</ele><time>2026-05-23T17:02:53Z</time></trkpt><trkpt lat="44.788874" lon="-110.44093"><ele>2858.699</ele><time>2026-05-23T17:02:56Z</time></trkpt><trkpt lat="44.788926" lon="-110.440903"><ele>2859.013</ele><time>2026-05-23T17:03:03Z</time></trkpt><trkpt lat="44.788954" lon="-110.440902"><ele>2859.492</ele><time>2026-05-23T17:03:08Z</time></trkpt><trkpt lat="44.78898" lon="-110.440889"><ele>2859.664</ele><time>2026-05-23T17:03:11Z</time></trkpt><trkpt lat="44.788999" lon="-110.440882"><ele>2859.856</ele><time>2026-05-23T17:03:13Z</time></trkpt><trkpt lat="44.789033" lon="-110.440858"><ele>2860.620</ele><time>2026-05-23T17:03:17Z</time></trkpt><trkpt lat="44.789066" lon="-110.440827"><ele>2860.898</ele><time>2026-05-23T17:03:24Z</time></trkpt><trkpt lat="44.7891" lon="-110.440826"><ele>2860.865</ele><time>2026-05-23T17:03:28Z</time></trkpt><trkpt lat="44.789098" lon="-110.44083"><ele>2861.029</ele><time>2026-05-23T17:03:31Z</time></trkpt><trkpt lat="44.789112" lon="-110.440817"><ele>2861.693</ele><time>2026-05-23T17:03:37Z</time></trkpt><trkpt lat="44.789132" lon="-110.44081"><ele>2861.865</ele><time>2026-05-23T17:03:41Z</time></trkpt><trkpt lat="44.789152" lon="-110.440808"><ele>2862.221</ele><time>2026-05-23T17:03:44Z</time></trkpt><trkpt lat="44.789168" lon="-110.440804"><ele>2862.409</ele><time>2026-05-23T17:03:46Z</time></trkpt><trkpt lat="44.789185" lon="-110.440807"><ele>2862.611</ele><time>2026-05-23T17:03:48Z</time></trkpt><trkpt lat="44.789218" lon="-110.440794"><ele>2862.835</ele><time>2026-05-23T17:03:52Z</time></trkpt><trkpt lat="44.789247" lon="-110.440778"><ele>2863.494</ele><time>2026-05-23T17:03:56Z</time></trkpt><trkpt lat="44.789269" lon="-110.440762"><ele>2863.866</ele><time>2026-05-23T17:04:00Z</time></trkpt><trkpt lat="44.789298" lon="-110.440746"><ele>2864.298</ele><time>2026-05-23T17:04:04Z</time></trkpt><trkpt lat="44.789325" lon="-110.440728"><ele>2864.882</ele><time>2026-05-23T17:04:08Z</time></trkpt><trkpt lat="44.789357" lon="-110.4407"><ele>2865.620</ele><time>2026-05-23T17:04:14Z</time></trkpt><trkpt lat="44.789365" lon="-110.440696"><ele>2866.037</ele><time>2026-05-23T17:04:16Z</time></trkpt><trkpt lat="44.789384" lon="-110.440676"><ele>2866.431</ele><time>2026-05-23T17:04:20Z</time></trkpt><trkpt lat="44.789395" lon="-110.440665"><ele>2866.876</ele><time>2026-05-23T17:04:25Z</time></trkpt><trkpt lat="44.789409" lon="-110.440654"><ele>2867.090</ele><time>2026-05-23T17:04:27Z</time></trkpt><trkpt lat="44.789439" lon="-110.44065"><ele>2867.619</ele><time>2026-05-23T17:04:32Z</time></trkpt><trkpt lat="44.789473" lon="-110.440644"><ele>2868.009</ele><time>2026-05-23T17:04:37Z</time></trkpt><trkpt lat="44.7895" lon="-110.440633"><ele>2868.679</ele><time>2026-05-23T17:04:41Z</time></trkpt><trkpt lat="44.789508" lon="-110.440631"><ele>2869.043</ele><time>2026-05-23T17:04:44Z</time></trkpt><trkpt lat="44.789528" lon="-110.440628"><ele>2869.212</ele><time>2026-05-23T17:04:49Z</time></trkpt><trkpt lat="44.789563" lon="-110.440605"><ele>2869.654</ele><time>2026-05-23T17:04:55Z</time></trkpt><trkpt lat="44.789585" lon="-110.4406"><ele>2870.226</ele><time>2026-05-23T17:04:58Z</time></trkpt><trkpt lat="44.789612" lon="-110.440593"><ele>2870.680</ele><time>2026-05-23T17:05:02Z</time></trkpt><trkpt lat="44.789688" lon="-110.440564"><ele>2871.248</ele><time>2026-05-23T17:05:11Z</time></trkpt><trkpt lat="44.789728" lon="-110.440549"><ele>2872.255</ele><time>2026-05-23T17:05:19Z</time></trkpt><trkpt lat="44.789756" lon="-110.44055"><ele>2872.249</ele><time>2026-05-23T17:05:22Z</time></trkpt><trkpt lat="44.789797" lon="-110.440534"><ele>2872.264</ele><time>2026-05-23T17:05:26Z</time></trkpt><trkpt lat="44.789869" lon="-110.440502"><ele>2873.006</ele><time>2026-05-23T17:05:35Z</time></trkpt><trkpt lat="44.789883" lon="-110.440495"><ele>2873.216</ele><time>2026-05-23T17:05:37Z</time></trkpt><trkpt lat="44.789901" lon="-110.440498"><ele>2873.409</ele><time>2026-05-23T17:05:39Z</time></trkpt><trkpt lat="44.789939" lon="-110.440483"><ele>2874.078</ele><time>2026-05-23T17:05:44Z</time></trkpt><trkpt lat="44.78995" lon="-110.440451"><ele>2874.442</ele><time>2026-05-23T17:05:50Z</time></trkpt><trkpt lat="44.789974" lon="-110.440453"><ele>2875.631</ele><time>2026-05-23T17:05:54Z</time></trkpt><trkpt lat="44.790006" lon="-110.440452"><ele>2875.833</ele><time>2026-05-23T17:05:57Z</time></trkpt><trkpt lat="44.790069" lon="-110.440437"><ele>2875.865</ele><time>2026-05-23T17:06:05Z</time></trkpt><trkpt lat="44.790096" lon="-110.440429"><ele>2876.849</ele><time>2026-05-23T17:06:09Z</time></trkpt><trkpt lat="44.790128" lon="-110.440414"><ele>2877.447</ele><time>2026-05-23T17:06:13Z</time></trkpt><trkpt lat="44.790153" lon="-110.440386"><ele>2877.884</ele><time>2026-05-23T17:06:17Z</time></trkpt><trkpt lat="44.790185" lon="-110.440369"><ele>2878.258</ele><time>2026-05-23T17:06:21Z</time></trkpt><trkpt lat="44.790253" lon="-110.440349"><ele>2878.813</ele><time>2026-05-23T17:06:30Z</time></trkpt><trkpt lat="44.790261" lon="-110.440342"><ele>2879.043</ele><time>2026-05-23T17:06:31Z</time></trkpt><trkpt lat="44.790328" lon="-110.440296"><ele>2879.807</ele><time>2026-05-23T17:06:40Z</time></trkpt><trkpt lat="44.790332" lon="-110.440289"><ele>2880.009</ele><time>2026-05-23T17:06:41Z</time></trkpt><trkpt lat="44.790362" lon="-110.440271"><ele>2880.433</ele><time>2026-05-23T17:06:48Z</time></trkpt><trkpt lat="44.790408" lon="-110.440234"><ele>2881.097</ele><time>2026-05-23T17:06:56Z</time></trkpt><trkpt lat="44.790455" lon="-110.440212"><ele>2881.616</ele><time>2026-05-23T17:07:03Z</time></trkpt><trkpt lat="44.790482" lon="-110.440202"><ele>2882.298</ele><time>2026-05-23T17:07:06Z</time></trkpt><trkpt lat="44.790513" lon="-110.440187"><ele>2882.650</ele><time>2026-05-23T17:07:11Z</time></trkpt><trkpt lat="44.790561" lon="-110.440142"><ele>2883.224</ele><time>2026-05-23T17:07:18Z</time></trkpt><trkpt lat="44.790567" lon="-110.440139"><ele>2883.242</ele><time>2026-05-23T17:07:19Z</time></trkpt><trkpt lat="44.790619" lon="-110.440113"><ele>2883.869</ele><time>2026-05-23T17:07:27Z</time></trkpt><trkpt lat="44.790655" lon="-110.440099"><ele>2884.493</ele><time>2026-05-23T17:07:32Z</time></trkpt><trkpt lat="44.790678" lon="-110.440095"><ele>2885.041</ele><time>2026-05-23T17:07:36Z</time></trkpt><trkpt lat="44.790692" lon="-110.440098"><ele>2885.481</ele><time>2026-05-23T17:07:38Z</time></trkpt><trkpt lat="44.790724" lon="-110.440104"><ele>2886.209</ele><time>2026-05-23T17:07:44Z</time></trkpt><trkpt lat="44.790706" lon="-110.440107"><ele>2886.409</ele><time>2026-05-23T17:07:47Z</time></trkpt><trkpt lat="44.790702" lon="-110.440098"><ele>2886.656</ele><time>2026-05-23T17:07:52Z</time></trkpt><trkpt lat="44.790701" lon="-110.44009"><ele>2886.810</ele><time>2026-05-23T17:08:05Z</time></trkpt><trkpt lat="44.790708" lon="-110.440089"><ele>2887.019</ele><time>2026-05-23T17:08:09Z</time></trkpt><trkpt lat="44.790777" lon="-110.440133"><ele>2887.411</ele><time>2026-05-23T17:08:17Z</time></trkpt><trkpt lat="44.790785" lon="-110.440139"><ele>2887.483</ele><time>2026-05-23T17:08:18Z</time></trkpt><trkpt lat="44.790823" lon="-110.440167"><ele>2887.877</ele><time>2026-05-23T17:08:24Z</time></trkpt><trkpt lat="44.790851" lon="-110.440157"><ele>2887.645</ele><time>2026-05-23T17:08:33Z</time></trkpt><trkpt lat="44.790852" lon="-110.440157"><ele>2887.422</ele><time>2026-05-23T17:08:35Z</time></trkpt><trkpt lat="44.790852" lon="-110.440157"><ele>2887.456</ele><time>2026-05-23T17:08:36Z</time></trkpt><trkpt lat="44.790851" lon="-110.440157"><ele>2887.211</ele><time>2026-05-23T17:08:37Z</time></trkpt><trkpt lat="44.790849" lon="-110.440172"><ele>2887.221</ele><time>2026-05-23T17:08:43Z</time></trkpt><trkpt lat="44.790862" lon="-110.440187"><ele>2888.203</ele><time>2026-05-23T17:08:50Z</time></trkpt><trkpt lat="44.790867" lon="-110.440188"><ele>2888.409</ele><time>2026-05-23T17:08:53Z</time></trkpt><trkpt lat="44.790894" lon="-110.440199"><ele>2888.013</ele><time>2026-05-23T17:09:00Z</time></trkpt><trkpt lat="44.790954" lon="-110.440265"><ele>2887.687</ele><time>2026-05-23T17:09:07Z</time></trkpt><trkpt lat="44.791021" lon="-110.440349"><ele>2888.296</ele><time>2026-05-23T17:09:15Z</time></trkpt><trkpt lat="44.791031" lon="-110.440357"><ele>2888.478</ele><time>2026-05-23T17:09:16Z</time></trkpt><trkpt lat="44.791047" lon="-110.440378"><ele>2888.210</ele><time>2026-05-23T17:09:18Z</time></trkpt><trkpt lat="44.791104" lon="-110.440459"><ele>2888.444</ele><time>2026-05-23T17:09:25Z</time></trkpt><trkpt lat="44.79114" lon="-110.440475"><ele>2888.442</ele><time>2026-05-23T17:09:29Z</time></trkpt><trkpt lat="44.791164" lon="-110.440476"><ele>2888.419</ele><time>2026-05-23T17:09:31Z</time></trkpt><trkpt lat="44.791175" lon="-110.440476"><ele>2888.473</ele><time>2026-05-23T17:09:32Z</time></trkpt><trkpt lat="44.791242" lon="-110.440467"><ele>2888.864</ele><time>2026-05-23T17:09:40Z</time></trkpt><trkpt lat="44.79126" lon="-110.440435"><ele>2889.206</ele><time>2026-05-23T17:09:45Z</time></trkpt><trkpt lat="44.791266" lon="-110.440421"><ele>2889.416</ele><time>2026-05-23T17:09:46Z</time></trkpt><trkpt lat="44.791269" lon="-110.440378"><ele>2889.609</ele><time>2026-05-23T17:09:49Z</time></trkpt><trkpt lat="44.791268" lon="-110.440353"><ele>2889.868</ele><time>2026-05-23T17:09:51Z</time></trkpt><trkpt lat="44.791263" lon="-110.44034"><ele>2890.012</ele><time>2026-05-23T17:09:53Z</time></trkpt><trkpt lat="44.791254" lon="-110.440327"><ele>2890.231</ele><time>2026-05-23T17:09:55Z</time></trkpt><trkpt lat="44.791234" lon="-110.440304"><ele>2890.493</ele><time>2026-05-23T17:09:58Z</time></trkpt><trkpt lat="44.791183" lon="-110.440269"><ele>2890.695</ele><time>2026-05-23T17:10:04Z</time></trkpt><trkpt lat="44.791145" lon="-110.440242"><ele>2891.269</ele><time>2026-05-23T17:10:09Z</time></trkpt><trkpt lat="44.791117" lon="-110.440233"><ele>2891.637</ele><time>2026-05-23T17:10:12Z</time></trkpt><trkpt lat="44.791113" lon="-110.440228"><ele>2891.834</ele><time>2026-05-23T17:10:13Z</time></trkpt><trkpt lat="44.791087" lon="-110.44021"><ele>2891.698</ele><time>2026-05-23T17:10:16Z</time></trkpt><trkpt lat="44.791059" lon="-110.440195"><ele>2891.697</ele><time>2026-05-23T17:10:19Z</time></trkpt><trkpt lat="44.791016" lon="-110.440177"><ele>2891.423</ele><time>2026-05-23T17:10:23Z</time></trkpt><trkpt lat="44.791005" lon="-110.44016"><ele>2891.225</ele><time>2026-05-23T17:10:25Z</time></trkpt><trkpt lat="44.790981" lon="-110.440131"><ele>2891.409</ele><time>2026-05-23T17:10:29Z</time></trkpt><trkpt lat="44.790966" lon="-110.440119"><ele>2891.861</ele><time>2026-05-23T17:10:32Z</time></trkpt><trkpt lat="44.790895" lon="-110.440048"><ele>2892.225</ele><time>2026-05-23T17:10:40Z</time></trkpt><trkpt lat="44.790878" lon="-110.440027"><ele>2892.434</ele><time>2026-05-23T17:10:43Z</time></trkpt><trkpt lat="44.790867" lon="-110.440007"><ele>2893.046</ele><time>2026-05-23T17:10:46Z</time></trkpt><trkpt lat="44.79085" lon="-110.439982"><ele>2893.688</ele><time>2026-05-23T17:10:50Z</time></trkpt><trkpt lat="44.790838" lon="-110.439968"><ele>2894.052</ele><time>2026-05-23T17:10:52Z</time></trkpt><trkpt lat="44.790782" lon="-110.439906"><ele>2894.290</ele><time>2026-05-23T17:11:00Z</time></trkpt><trkpt lat="44.790761" lon="-110.439891"><ele>2894.847</ele><time>2026-05-23T17:11:04Z</time></trkpt><trkpt lat="44.790744" lon="-110.439877"><ele>2895.031</ele><time>2026-05-23T17:11:06Z</time></trkpt><trkpt lat="44.790708" lon="-110.439852"><ele>2895.231</ele><time>2026-05-23T17:11:12Z</time></trkpt><trkpt lat="44.790686" lon="-110.439836"><ele>2895.861</ele><time>2026-05-23T17:11:15Z</time></trkpt><trkpt lat="44.790663" lon="-110.439827"><ele>2896.207</ele><time>2026-05-23T17:11:20Z</time></trkpt><trkpt lat="44.790639" lon="-110.439839"><ele>2896.809</ele><time>2026-05-23T17:11:26Z</time></trkpt><trkpt lat="44.790642" lon="-110.439846"><ele>2897.065</ele><time>2026-05-23T17:11:27Z</time></trkpt><trkpt lat="44.790638" lon="-110.439854"><ele>2897.059</ele><time>2026-05-23T17:11:34Z</time></trkpt><trkpt lat="44.790638" lon="-110.439854"><ele>2897.248</ele><time>2026-05-23T17:11:37Z</time></trkpt><trkpt lat="44.79062" lon="-110.439849"><ele>2897.870</ele><time>2026-05-23T17:11:43Z</time></trkpt><trkpt lat="44.790623" lon="-110.439835"><ele>2898.062</ele><time>2026-05-23T17:11:45Z</time></trkpt><trkpt lat="44.790614" lon="-110.43982"><ele>2898.876</ele><time>2026-05-23T17:11:51Z</time></trkpt><trkpt lat="44.790611" lon="-110.43982"><ele>2898.874</ele><time>2026-05-23T17:11:52Z</time></trkpt><trkpt lat="44.79061" lon="-110.439814"><ele>2899.021</ele><time>2026-05-23T17:11:53Z</time></trkpt><trkpt lat="44.790591" lon="-110.439793"><ele>2899.835</ele><time>2026-05-23T17:11:56Z</time></trkpt><trkpt lat="44.790564" lon="-110.439789"><ele>2900.423</ele><time>2026-05-23T17:11:59Z</time></trkpt><trkpt lat="44.790541" lon="-110.439785"><ele>2900.883</ele><time>2026-05-23T17:12:02Z</time></trkpt><trkpt lat="44.790535" lon="-110.439785"><ele>2901.011</ele><time>2026-05-23T17:12:03Z</time></trkpt><trkpt lat="44.790523" lon="-110.439786"><ele>2901.409</ele><time>2026-05-23T17:12:05Z</time></trkpt><trkpt lat="44.790523" lon="-110.439799"><ele>2901.674</ele><time>2026-05-23T17:12:09Z</time></trkpt><trkpt lat="44.790508" lon="-110.439808"><ele>2901.628</ele><time>2026-05-23T17:12:17Z</time></trkpt><trkpt lat="44.790452" lon="-110.439808"><ele>2902.047</ele><time>2026-05-23T17:12:25Z</time></trkpt><trkpt lat="44.790398" lon="-110.439785"><ele>2902.429</ele><time>2026-05-23T17:12:34Z</time></trkpt><trkpt lat="44.790355" lon="-110.439775"><ele>2903.061</ele><time>2026-05-23T17:12:43Z</time></trkpt><trkpt lat="44.79035" lon="-110.439772"><ele>2903.215</ele><time>2026-05-23T17:12:44Z</time></trkpt><trkpt lat="44.790295" lon="-110.439758"><ele>2903.673</ele><time>2026-05-23T17:12:53Z</time></trkpt><trkpt lat="44.790262" lon="-110.439767"><ele>2904.040</ele><time>2026-05-23T17:13:00Z</time></trkpt><trkpt lat="44.790237" lon="-110.439768"><ele>2904.294</ele><time>2026-05-23T17:13:04Z</time></trkpt><trkpt lat="44.790221" lon="-110.439767"><ele>2905.266</ele><time>2026-05-23T17:13:08Z</time></trkpt><trkpt lat="44.790202" lon="-110.439768"><ele>2906.429</ele><time>2026-05-23T17:13:11Z</time></trkpt><trkpt lat="44.790186" lon="-110.439769"><ele>2906.621</ele><time>2026-05-23T17:13:15Z</time></trkpt><trkpt lat="44.790122" lon="-110.439762"><ele>2906.209</ele><time>2026-05-23T17:13:23Z</time></trkpt><trkpt lat="44.790033" lon="-110.439773"><ele>2906.038</ele><time>2026-05-23T17:13:32Z</time></trkpt><trkpt lat="44.789978" lon="-110.43977"><ele>2906.612</ele><time>2026-05-23T17:13:38Z</time></trkpt><trkpt lat="44.789906" lon="-110.439782"><ele>2907.051</ele><time>2026-05-23T17:13:46Z</time></trkpt><trkpt lat="44.789873" lon="-110.439782"><ele>2907.463</ele><time>2026-05-23T17:13:50Z</time></trkpt><trkpt lat="44.789837" lon="-110.439774"><ele>2908.025</ele><time>2026-05-23T17:13:54Z</time></trkpt><trkpt lat="44.789782" lon="-110.439774"><ele>2908.059</ele><time>2026-05-23T17:14:03Z</time></trkpt><trkpt lat="44.789739" lon="-110.439771"><ele>2908.067</ele><time>2026-05-23T17:14:10Z</time></trkpt><trkpt lat="44.789714" lon="-110.439764"><ele>2908.444</ele><time>2026-05-23T17:14:14Z</time></trkpt><trkpt lat="44.789662" lon="-110.439759"><ele>2908.628</ele><time>2026-05-23T17:14:19Z</time></trkpt><trkpt lat="44.78962" lon="-110.439765"><ele>2909.656</ele><time>2026-05-23T17:14:26Z</time></trkpt><trkpt lat="44.789612" lon="-110.439765"><ele>2909.859</ele><time>2026-05-23T17:14:27Z</time></trkpt><trkpt lat="44.789564" lon="-110.439761"><ele>2910.614</ele><time>2026-05-23T17:14:34Z</time></trkpt><trkpt lat="44.789555" lon="-110.439759"><ele>2910.809</ele><time>2026-05-23T17:14:35Z</time></trkpt><trkpt lat="44.789507" lon="-110.439765"><ele>2911.657</ele><time>2026-05-23T17:14:41Z</time></trkpt><trkpt lat="44.789501" lon="-110.439767"><ele>2911.831</ele><time>2026-05-23T17:14:42Z</time></trkpt><trkpt lat="44.789444" lon="-110.439765"><ele>2912.860</ele><time>2026-05-23T17:14:50Z</time></trkpt><trkpt lat="44.78943" lon="-110.439766"><ele>2912.872</ele><time>2026-05-23T17:14:52Z</time></trkpt><trkpt lat="44.789371" lon="-110.439766"><ele>2913.234</ele><time>2026-05-23T17:14:59Z</time></trkpt><trkpt lat="44.78934" lon="-110.439768"><ele>2913.648</ele><time>2026-05-23T17:15:04Z</time></trkpt><trkpt lat="44.789337" lon="-110.439769"><ele>2913.656</ele><time>2026-05-23T17:15:06Z</time></trkpt><trkpt lat="44.789323" lon="-110.439769"><ele>2913.893</ele><time>2026-05-23T17:15:08Z</time></trkpt><trkpt lat="44.789263" lon="-110.439775"><ele>2914.297</ele><time>2026-05-23T17:15:14Z</time></trkpt><trkpt lat="44.789239" lon="-110.439785"><ele>2914.826</ele><time>2026-05-23T17:15:19Z</time></trkpt><trkpt lat="44.789211" lon="-110.439791"><ele>2915.247</ele><time>2026-05-23T17:15:24Z</time></trkpt><trkpt lat="44.789178" lon="-110.439789"><ele>2915.811</ele><time>2026-05-23T17:15:29Z</time></trkpt><trkpt lat="44.789158" lon="-110.439787"><ele>2916.009</ele><time>2026-05-23T17:15:32Z</time></trkpt><trkpt lat="44.789093" lon="-110.439802"><ele>2916.814</ele><time>2026-05-23T17:15:41Z</time></trkpt><trkpt lat="44.78908" lon="-110.439806"><ele>2916.828</ele><time>2026-05-23T17:15:43Z</time></trkpt><trkpt lat="44.78904" lon="-110.439813"><ele>2917.037</ele><time>2026-05-23T17:15:48Z</time></trkpt><trkpt lat="44.788986" lon="-110.439829"><ele>2917.669</ele><time>2026-05-23T17:15:57Z</time></trkpt><trkpt lat="44.788964" lon="-110.439829"><ele>2917.871</ele><time>2026-05-23T17:16:01Z</time></trkpt><trkpt lat="44.788943" lon="-110.439829"><ele>2918.015</ele><time>2026-05-23T17:16:04Z</time></trkpt><trkpt lat="44.788903" lon="-110.439821"><ele>2918.253</ele><time>2026-05-23T17:16:11Z</time></trkpt><trkpt lat="44.788848" lon="-110.439812"><ele>2918.690</ele><time>2026-05-23T17:16:19Z</time></trkpt><trkpt lat="44.788806" lon="-110.43981"><ele>2919.084</ele><time>2026-05-23T17:16:24Z</time></trkpt><trkpt lat="44.788782" lon="-110.43981"><ele>2919.428</ele><time>2026-05-23T17:16:27Z</time></trkpt><trkpt lat="44.788742" lon="-110.43981"><ele>2920.089</ele><time>2026-05-23T17:16:32Z</time></trkpt><trkpt lat="44.788705" lon="-110.439806"><ele>2920.617</ele><time>2026-05-23T17:16:37Z</time></trkpt><trkpt lat="44.788657" lon="-110.439806"><ele>2921.209</ele><time>2026-05-23T17:16:44Z</time></trkpt><trkpt lat="44.788612" lon="-110.439809"><ele>2921.694</ele><time>2026-05-23T17:16:51Z</time></trkpt><trkpt lat="44.788554" lon="-110.439806"><ele>2922.258</ele><time>2026-05-23T17:17:00Z</time></trkpt><trkpt lat="44.788546" lon="-110.439807"><ele>2922.257</ele><time>2026-05-23T17:17:01Z</time></trkpt><trkpt lat="44.788487" lon="-110.439807"><ele>2922.689</ele><time>2026-05-23T17:17:09Z</time></trkpt><trkpt lat="44.78843" lon="-110.439821"><ele>2923.041</ele><time>2026-05-23T17:17:17Z</time></trkpt><trkpt lat="44.788413" lon="-110.439822"><ele>2923.215</ele><time>2026-05-23T17:17:20Z</time></trkpt><trkpt lat="44.788392" lon="-110.439825"><ele>2923.853</ele><time>2026-05-23T17:17:24Z</time></trkpt><trkpt lat="44.788345" lon="-110.439825"><ele>2924.250</ele><time>2026-05-23T17:17:32Z</time></trkpt><trkpt lat="44.788333" lon="-110.439824"><ele>2924.424</ele><time>2026-05-23T17:17:33Z</time></trkpt><trkpt lat="44.788269" lon="-110.439821"><ele>2925.013</ele><time>2026-05-23T17:17:42Z</time></trkpt><trkpt lat="44.788224" lon="-110.439826"><ele>2925.443</ele><time>2026-05-23T17:17:49Z</time></trkpt><trkpt lat="44.788199" lon="-110.439821"><ele>2925.807</ele><time>2026-05-23T17:17:54Z</time></trkpt><trkpt lat="44.788155" lon="-110.439824"><ele>2926.409</ele><time>2026-05-23T17:18:02Z</time></trkpt><trkpt lat="44.788152" lon="-110.439824"><ele>2926.423</ele><time>2026-05-23T17:18:03Z</time></trkpt><trkpt lat="44.788132" lon="-110.439818"><ele>2926.887</ele><time>2026-05-23T17:18:10Z</time></trkpt><trkpt lat="44.788114" lon="-110.439805"><ele>2927.456</ele><time>2026-05-23T17:18:17Z</time></trkpt><trkpt lat="44.78811" lon="-110.439806"><ele>2927.658</ele><time>2026-05-23T17:18:18Z</time></trkpt><trkpt lat="44.788082" lon="-110.439798"><ele>2928.010</ele><time>2026-05-23T17:18:24Z</time></trkpt><trkpt lat="44.788037" lon="-110.439806"><ele>2928.024</ele><time>2026-05-23T17:18:31Z</time></trkpt><trkpt lat="44.788002" lon="-110.439813"><ele>2928.472</ele><time>2026-05-23T17:18:38Z</time></trkpt><trkpt lat="44.78798" lon="-110.439817"><ele>2928.689</ele><time>2026-05-23T17:18:41Z</time></trkpt><trkpt lat="44.787943" lon="-110.439816"><ele>2929.873</ele><time>2026-05-23T17:18:46Z</time></trkpt><trkpt lat="44.787929" lon="-110.439817"><ele>2930.687</ele><time>2026-05-23T17:18:48Z</time></trkpt><trkpt lat="44.787869" lon="-110.439822"><ele>2929.642</ele><time>2026-05-23T17:18:58Z</time></trkpt><trkpt lat="44.787806" lon="-110.439843"><ele>2929.226</ele><time>2026-05-23T17:19:07Z</time></trkpt><trkpt lat="44.787756" lon="-110.439855"><ele>2929.209</ele><time>2026-05-23T17:19:14Z</time></trkpt><trkpt lat="44.787742" lon="-110.439853"><ele>2929.470</ele><time>2026-05-23T17:19:16Z</time></trkpt><trkpt lat="44.787664" lon="-110.439854"><ele>2930.054</ele><time>2026-05-23T17:19:24Z</time></trkpt><trkpt lat="44.787617" lon="-110.439834"><ele>2930.473</ele><time>2026-05-23T17:19:33Z</time></trkpt><trkpt lat="44.787565" lon="-110.439771"><ele>2930.275</ele><time>2026-05-23T17:19:42Z</time></trkpt><trkpt lat="44.787575" lon="-110.439744"><ele>2930.667</ele><time>2026-05-23T17:19:47Z</time></trkpt><trkpt lat="44.78759" lon="-110.439744"><ele>2930.411</ele><time>2026-05-23T17:19:49Z</time></trkpt><trkpt lat="44.787641" lon="-110.439723"><ele>2930.429</ele><time>2026-05-23T17:19:57Z</time></trkpt><trkpt lat="44.787697" lon="-110.439712"><ele>2930.676</ele><time>2026-05-23T17:20:05Z</time></trkpt><trkpt lat="44.787739" lon="-110.43971"><ele>2930.810</ele><time>2026-05-23T17:20:10Z</time></trkpt><trkpt lat="44.787769" lon="-110.439722"><ele>2931.248</ele><time>2026-05-23T17:20:14Z</time></trkpt><trkpt lat="44.787833" lon="-110.439748"><ele>2932.061</ele><time>2026-05-23T17:20:23Z</time></trkpt><trkpt lat="44.787879" lon="-110.439725"><ele>2933.017</ele><time>2026-05-23T17:20:30Z</time></trkpt><trkpt lat="44.787885" lon="-110.43972"><ele>2933.009</ele><time>2026-05-23T17:20:31Z</time></trkpt><trkpt lat="44.787925" lon="-110.439705"><ele>2933.016</ele><time>2026-05-23T17:20:37Z</time></trkpt><trkpt lat="44.78793" lon="-110.4397"><ele>2933.230</ele><time>2026-05-23T17:20:38Z</time></trkpt><trkpt lat="44.787978" lon="-110.439679"><ele>2933.699</ele><time>2026-05-23T17:20:46Z</time></trkpt><trkpt lat="44.788001" lon="-110.43967"><ele>2934.031</ele><time>2026-05-23T17:20:50Z</time></trkpt><trkpt lat="44.788044" lon="-110.439647"><ele>2934.083</ele><time>2026-05-23T17:20:56Z</time></trkpt><trkpt lat="44.78809" lon="-110.439627"><ele>2934.047</ele><time>2026-05-23T17:21:04Z</time></trkpt><trkpt lat="44.788184" lon="-110.439599"><ele>2933.835</ele><time>2026-05-23T17:21:14Z</time></trkpt><trkpt lat="44.788225" lon="-110.439581"><ele>2934.032</ele><time>2026-05-23T17:21:21Z</time></trkpt><trkpt lat="44.788283" lon="-110.439561"><ele>2934.866</ele><time>2026-05-23T17:21:29Z</time></trkpt><trkpt lat="44.788329" lon="-110.439534"><ele>2934.851</ele><time>2026-05-23T17:21:36Z</time></trkpt><trkpt lat="44.788335" lon="-110.439529"><ele>2934.801</ele><time>2026-05-23T17:21:37Z</time></trkpt><trkpt lat="44.788345" lon="-110.439525"><ele>2935.011</ele><time>2026-05-23T17:21:39Z</time></trkpt><trkpt lat="44.78838" lon="-110.439509"><ele>2936.009</ele><time>2026-05-23T17:21:44Z</time></trkpt><trkpt lat="44.788412" lon="-110.439497"><ele>2936.297</ele><time>2026-05-23T17:21:50Z</time></trkpt><trkpt lat="44.788417" lon="-110.439495"><ele>2936.231</ele><time>2026-05-23T17:21:51Z</time></trkpt><trkpt lat="44.788458" lon="-110.439493"><ele>2936.260</ele><time>2026-05-23T17:21:57Z</time></trkpt><trkpt lat="44.78851" lon="-110.439478"><ele>2937.262</ele><time>2026-05-23T17:22:03Z</time></trkpt><trkpt lat="44.788511" lon="-110.439474"><ele>2937.464</ele><time>2026-05-23T17:22:04Z</time></trkpt><trkpt lat="44.788548" lon="-110.439462"><ele>2938.048</ele><time>2026-05-23T17:22:09Z</time></trkpt><trkpt lat="44.78856" lon="-110.439456"><ele>2937.856</ele><time>2026-05-23T17:22:11Z</time></trkpt><trkpt lat="44.788622" lon="-110.439428"><ele>2937.813</ele><time>2026-05-23T17:22:19Z</time></trkpt><trkpt lat="44.788673" lon="-110.439409"><ele>2937.067</ele><time>2026-05-23T17:22:26Z</time></trkpt><trkpt lat="44.788714" lon="-110.439404"><ele>2938.075</ele><time>2026-05-23T17:22:32Z</time></trkpt><trkpt lat="44.788759" lon="-110.439395"><ele>2938.228</ele><time>2026-05-23T17:22:39Z</time></trkpt><trkpt lat="44.788762" lon="-110.43939"><ele>2938.220</ele><time>2026-05-23T17:22:40Z</time></trkpt><trkpt lat="44.788797" lon="-110.439379"><ele>2937.809</ele><time>2026-05-23T17:22:46Z</time></trkpt><trkpt lat="44.788824" lon="-110.439377"><ele>2938.269</ele><time>2026-05-23T17:22:51Z</time></trkpt><trkpt lat="44.788827" lon="-110.439377"><ele>2938.293</ele><time>2026-05-23T17:22:58Z</time></trkpt><trkpt lat="44.788847" lon="-110.439365"><ele>2938.842</ele><time>2026-05-23T17:23:05Z</time></trkpt><trkpt lat="44.788863" lon="-110.43936"><ele>2939.464</ele><time>2026-05-23T17:23:08Z</time></trkpt><trkpt lat="44.788883" lon="-110.439347"><ele>2939.866</ele><time>2026-05-23T17:23:12Z</time></trkpt><trkpt lat="44.788906" lon="-110.439326"><ele>2940.490</ele><time>2026-05-23T17:23:18Z</time></trkpt><trkpt lat="44.788911" lon="-110.439327"><ele>2940.648</ele><time>2026-05-23T17:23:19Z</time></trkpt><trkpt lat="44.788952" lon="-110.439303"><ele>2941.025</ele><time>2026-05-23T17:23:26Z</time></trkpt><trkpt lat="44.789005" lon="-110.439281"><ele>2940.629</ele><time>2026-05-23T17:23:33Z</time></trkpt><trkpt lat="44.789051" lon="-110.439259"><ele>2940.687</ele><time>2026-05-23T17:23:39Z</time></trkpt><trkpt lat="44.789115" lon="-110.43924"><ele>2940.442</ele><time>2026-05-23T17:23:48Z</time></trkpt><trkpt lat="44.789166" lon="-110.439224"><ele>2941.626</ele><time>2026-05-23T17:23:55Z</time></trkpt><trkpt lat="44.789221" lon="-110.4392"><ele>2942.609</ele><time>2026-05-23T17:24:03Z</time></trkpt><trkpt lat="44.789229" lon="-110.439196"><ele>2942.860</ele><time>2026-05-23T17:24:04Z</time></trkpt><trkpt lat="44.789291" lon="-110.439162"><ele>2943.694</ele><time>2026-05-23T17:24:14Z</time></trkpt><trkpt lat="44.789296" lon="-110.439157"><ele>2943.623</ele><time>2026-05-23T17:24:15Z</time></trkpt><trkpt lat="44.789339" lon="-110.439138"><ele>2944.085</ele><time>2026-05-23T17:24:21Z</time></trkpt><trkpt lat="44.789386" lon="-110.439104"><ele>2944.847</ele><time>2026-05-23T17:24:27Z</time></trkpt><trkpt lat="44.789392" lon="-110.439102"><ele>2945.011</ele><time>2026-05-23T17:24:28Z</time></trkpt><trkpt lat="44.789438" lon="-110.439081"><ele>2945.239</ele><time>2026-05-23T17:24:37Z</time></trkpt><trkpt lat="44.789464" lon="-110.439066"><ele>2945.466</ele><time>2026-05-23T17:24:43Z</time></trkpt><trkpt lat="44.789509" lon="-110.439044"><ele>2945.610</ele><time>2026-05-23T17:24:50Z</time></trkpt><trkpt lat="44.789533" lon="-110.439034"><ele>2945.841</ele><time>2026-05-23T17:24:53Z</time></trkpt><trkpt lat="44.789584" lon="-110.439013"><ele>2946.681</ele><time>2026-05-23T17:25:00Z</time></trkpt><trkpt lat="44.78963" lon="-110.438996"><ele>2946.809</ele><time>2026-05-23T17:25:08Z</time></trkpt><trkpt lat="44.78964" lon="-110.438992"><ele>2946.809</ele><time>2026-05-23T17:25:09Z</time></trkpt><trkpt lat="44.789675" lon="-110.438975"><ele>2947.076</ele><time>2026-05-23T17:25:16Z</time></trkpt><trkpt lat="44.789738" lon="-110.43895"><ele>2946.810</ele><time>2026-05-23T17:25:25Z</time></trkpt><trkpt lat="44.789816" lon="-110.438919"><ele>2946.229</ele><time>2026-05-23T17:25:35Z</time></trkpt><trkpt lat="44.789869" lon="-110.438896"><ele>2947.811</ele><time>2026-05-23T17:25:43Z</time></trkpt><trkpt lat="44.789874" lon="-110.438896"><ele>2948.013</ele><time>2026-05-23T17:25:44Z</time></trkpt><trkpt lat="44.78991" lon="-110.438886"><ele>2948.897</ele><time>2026-05-23T17:25:50Z</time></trkpt><trkpt lat="44.789941" lon="-110.438878"><ele>2949.265</ele><time>2026-05-23T17:25:54Z</time></trkpt><trkpt lat="44.789964" lon="-110.438869"><ele>2949.492</ele><time>2026-05-23T17:25:57Z</time></trkpt><trkpt lat="44.790014" lon="-110.438849"><ele>2949.876</ele><time>2026-05-23T17:26:05Z</time></trkpt><trkpt lat="44.790039" lon="-110.438841"><ele>2950.467</ele><time>2026-05-23T17:26:08Z</time></trkpt><trkpt lat="44.790074" lon="-110.438829"><ele>2951.481</ele><time>2026-05-23T17:26:13Z</time></trkpt><trkpt lat="44.790149" lon="-110.438794"><ele>2951.419</ele><time>2026-05-23T17:26:22Z</time></trkpt><trkpt lat="44.790215" lon="-110.438771"><ele>2951.409</ele><time>2026-05-23T17:26:31Z</time></trkpt><trkpt lat="44.7903" lon="-110.438751"><ele>2952.028</ele><time>2026-05-23T17:26:41Z</time></trkpt><trkpt lat="44.790311" lon="-110.438745"><ele>2952.622</ele><time>2026-05-23T17:26:43Z</time></trkpt><trkpt lat="44.790344" lon="-110.438731"><ele>2953.211</ele><time>2026-05-23T17:26:48Z</time></trkpt><trkpt lat="44.790357" lon="-110.438726"><ele>2953.263</ele><time>2026-05-23T17:26:50Z</time></trkpt><trkpt lat="44.790388" lon="-110.438721"><ele>2953.635</ele><time>2026-05-23T17:26:54Z</time></trkpt><trkpt lat="44.790399" lon="-110.43872"><ele>2953.819</ele><time>2026-05-23T17:26:55Z</time></trkpt><trkpt lat="44.790448" lon="-110.438718"><ele>2954.697</ele><time>2026-05-23T17:27:01Z</time></trkpt><trkpt lat="44.790456" lon="-110.438717"><ele>2954.834</ele><time>2026-05-23T17:27:02Z</time></trkpt><trkpt lat="44.790534" lon="-110.438717"><ele>2955.668</ele><time>2026-05-23T17:27:12Z</time></trkpt><trkpt lat="44.790605" lon="-110.438711"><ele>2955.817</ele><time>2026-05-23T17:27:20Z</time></trkpt><trkpt lat="44.790613" lon="-110.438705"><ele>2955.887</ele><time>2026-05-23T17:27:21Z</time></trkpt><trkpt lat="44.790701" lon="-110.438689"><ele>2956.415</ele><time>2026-05-23T17:27:31Z</time></trkpt><trkpt lat="44.790721" lon="-110.438683"><ele>2956.609</ele><time>2026-05-23T17:27:33Z</time></trkpt><trkpt lat="44.790777" lon="-110.438674"><ele>2957.263</ele><time>2026-05-23T17:27:40Z</time></trkpt><trkpt lat="44.790836" lon="-110.43867"><ele>2956.677</ele><time>2026-05-23T17:27:47Z</time></trkpt><trkpt lat="44.790889" lon="-110.43867"><ele>2957.296</ele><time>2026-05-23T17:27:55Z</time></trkpt><trkpt lat="44.790944" lon="-110.438688"><ele>2957.418</ele><time>2026-05-23T17:28:03Z</time></trkpt><trkpt lat="44.79099" lon="-110.438689"><ele>2957.810</ele><time>2026-05-23T17:28:10Z</time></trkpt><trkpt lat="44.79106" lon="-110.438694"><ele>2958.684</ele><time>2026-05-23T17:28:19Z</time></trkpt><trkpt lat="44.791116" lon="-110.4387"><ele>2958.672</ele><time>2026-05-23T17:28:27Z</time></trkpt><trkpt lat="44.791147" lon="-110.438704"><ele>2959.039</ele><time>2026-05-23T17:28:30Z</time></trkpt><trkpt lat="44.791187" lon="-110.438716"><ele>2959.633</ele><time>2026-05-23T17:28:36Z</time></trkpt><trkpt lat="44.791206" lon="-110.438724"><ele>2960.047</ele><time>2026-05-23T17:28:38Z</time></trkpt><trkpt lat="44.791244" lon="-110.438728"><ele>2960.629</ele><time>2026-05-23T17:28:43Z</time></trkpt><trkpt lat="44.791281" lon="-110.43873"><ele>2961.021</ele><time>2026-05-23T17:28:50Z</time></trkpt><trkpt lat="44.791288" lon="-110.438731"><ele>2961.009</ele><time>2026-05-23T17:28:51Z</time></trkpt><trkpt lat="44.791356" lon="-110.438769"><ele>2960.856</ele><time>2026-05-23T17:29:01Z</time></trkpt><trkpt lat="44.791413" lon="-110.43881"><ele>2961.680</ele><time>2026-05-23T17:29:10Z</time></trkpt><trkpt lat="44.791435" lon="-110.438827"><ele>2962.049</ele><time>2026-05-23T17:29:13Z</time></trkpt><trkpt lat="44.791488" lon="-110.438832"><ele>2962.871</ele><time>2026-05-23T17:29:19Z</time></trkpt><trkpt lat="44.791548" lon="-110.438828"><ele>2963.093</ele><time>2026-05-23T17:29:26Z</time></trkpt><trkpt lat="44.791615" lon="-110.438856"><ele>2962.417</ele><time>2026-05-23T17:29:34Z</time></trkpt><trkpt lat="44.791678" lon="-110.438863"><ele>2962.425</ele><time>2026-05-23T17:29:41Z</time></trkpt><trkpt lat="44.791747" lon="-110.438893"><ele>2962.822</ele><time>2026-05-23T17:29:50Z</time></trkpt><trkpt lat="44.791802" lon="-110.438922"><ele>2963.266</ele><time>2026-05-23T17:29:56Z</time></trkpt><trkpt lat="44.79181" lon="-110.438929"><ele>2963.288</ele><time>2026-05-23T17:29:57Z</time></trkpt><trkpt lat="44.791853" lon="-110.438949"><ele>2964.624</ele><time>2026-05-23T17:30:02Z</time></trkpt><trkpt lat="44.791877" lon="-110.438955"><ele>2965.626</ele><time>2026-05-23T17:30:05Z</time></trkpt><trkpt lat="44.791884" lon="-110.438958"><ele>2965.809</ele><time>2026-05-23T17:30:06Z</time></trkpt><trkpt lat="44.791949" lon="-110.438969"><ele>2965.080</ele><time>2026-05-23T17:30:14Z</time></trkpt><trkpt lat="44.792035" lon="-110.438972"><ele>2965.014</ele><time>2026-05-23T17:30:23Z</time></trkpt><trkpt lat="44.79209" lon="-110.438941"><ele>2965.463</ele><time>2026-05-23T17:30:31Z</time></trkpt><trkpt lat="44.792145" lon="-110.43893"><ele>2966.835</ele><time>2026-05-23T17:30:39Z</time></trkpt><trkpt lat="44.792154" lon="-110.438929"><ele>2966.827</ele><time>2026-05-23T17:30:40Z</time></trkpt><trkpt lat="44.792214" lon="-110.438919"><ele>2966.651</ele><time>2026-05-23T17:30:47Z</time></trkpt><trkpt lat="44.792285" lon="-110.438912"><ele>2967.089</ele><time>2026-05-23T17:30:55Z</time></trkpt><trkpt lat="44.792331" lon="-110.43891"><ele>2968.046</ele><time>2026-05-23T17:31:00Z</time></trkpt><trkpt lat="44.792345" lon="-110.438897"><ele>2968.660</ele><time>2026-05-23T17:31:02Z</time></trkpt><trkpt lat="44.792355" lon="-110.438881"><ele>2969.043</ele><time>2026-05-23T17:31:04Z</time></trkpt><trkpt lat="44.792371" lon="-110.438855"><ele>2969.464</ele><time>2026-05-23T17:31:07Z</time></trkpt><trkpt lat="44.792404" lon="-110.438786"><ele>2969.810</ele><time>2026-05-23T17:31:16Z</time></trkpt><trkpt lat="44.79241" lon="-110.438761"><ele>2970.209</ele><time>2026-05-23T17:31:19Z</time></trkpt><trkpt lat="44.792407" lon="-110.43873"><ele>2971.046</ele><time>2026-05-23T17:31:23Z</time></trkpt><trkpt lat="44.792396" lon="-110.438712"><ele>2971.290</ele><time>2026-05-23T17:31:25Z</time></trkpt><trkpt lat="44.792377" lon="-110.438694"><ele>2971.459</ele><time>2026-05-23T17:31:29Z</time></trkpt><trkpt lat="44.792366" lon="-110.438693"><ele>2970.881</ele><time>2026-05-23T17:31:38Z</time></trkpt><trkpt lat="44.792366" lon="-110.438693"><ele>2970.883</ele><time>2026-05-23T17:31:39Z</time></trkpt><trkpt lat="44.792366" lon="-110.438693"><ele>2971.027</ele><time>2026-05-23T17:31:55Z</time></trkpt><trkpt lat="44.792366" lon="-110.438693"><ele>2971.055</ele><time>2026-05-23T17:32:00Z</time></trkpt><trkpt lat="44.792366" lon="-110.438693"><ele>2971.462</ele><time>2026-05-23T17:32:06Z</time></trkpt><trkpt lat="44.792362" lon="-110.438643"><ele>2971.626</ele><time>2026-05-23T17:32:12Z</time></trkpt><trkpt lat="44.792326" lon="-110.438643"><ele>2972.219</ele><time>2026-05-23T17:32:18Z</time></trkpt><trkpt lat="44.792303" lon="-110.438642"><ele>2972.609</ele><time>2026-05-23T17:32:21Z</time></trkpt><trkpt lat="44.792295" lon="-110.43864"><ele>2972.819</ele><time>2026-05-23T17:32:22Z</time></trkpt><trkpt lat="44.792287" lon="-110.43864"><ele>2973.009</ele><time>2026-05-23T17:32:23Z</time></trkpt><trkpt lat="44.792269" lon="-110.438638"><ele>2972.863</ele><time>2026-05-23T17:32:26Z</time></trkpt><trkpt lat="44.792267" lon="-110.438648"><ele>2972.427</ele><time>2026-05-23T17:32:34Z</time></trkpt><trkpt lat="44.792267" lon="-110.438648"><ele>2972.276</ele><time>2026-05-23T17:32:48Z</time></trkpt><trkpt lat="44.792267" lon="-110.438648"><ele>2972.828</ele><time>2026-05-23T17:33:04Z</time></trkpt><trkpt lat="44.792259" lon="-110.438651"><ele>2972.670</ele><time>2026-05-23T17:33:14Z</time></trkpt><trkpt lat="44.792227" lon="-110.438653"><ele>2972.824</ele><time>2026-05-23T17:33:21Z</time></trkpt><trkpt lat="44.792203" lon="-110.438655"><ele>2973.412</ele><time>2026-05-23T17:33:24Z</time></trkpt><trkpt lat="44.79218" lon="-110.438655"><ele>2974.219</ele><time>2026-05-23T17:33:27Z</time></trkpt><trkpt lat="44.792174" lon="-110.438655"><ele>2974.423</ele><time>2026-05-23T17:33:28Z</time></trkpt><trkpt lat="44.792167" lon="-110.438658"><ele>2974.669</ele><time>2026-05-23T17:33:29Z</time></trkpt><trkpt lat="44.792119" lon="-110.438673"><ele>2975.204</ele><time>2026-05-23T17:33:37Z</time></trkpt><trkpt lat="44.792076" lon="-110.438667"><ele>2975.624</ele><time>2026-05-23T17:33:42Z</time></trkpt><trkpt lat="44.792063" lon="-110.438666"><ele>2975.609</ele><time>2026-05-23T17:33:45Z</time></trkpt><trkpt lat="44.792017" lon="-110.438659"><ele>2975.468</ele><time>2026-05-23T17:33:50Z</time></trkpt><trkpt lat="44.792009" lon="-110.438657"><ele>2975.232</ele><time>2026-05-23T17:33:51Z</time></trkpt><trkpt lat="44.791967" lon="-110.438658"><ele>2974.451</ele><time>2026-05-23T17:33:55Z</time></trkpt><trkpt lat="44.791934" lon="-110.438654"><ele>2974.463</ele><time>2026-05-23T17:33:59Z</time></trkpt><trkpt lat="44.791927" lon="-110.438609"><ele>2974.215</ele><time>2026-05-23T17:34:03Z</time></trkpt><trkpt lat="44.791917" lon="-110.438586"><ele>2974.419</ele><time>2026-05-23T17:34:05Z</time></trkpt><trkpt lat="44.79189" lon="-110.438559"><ele>2975.697</ele><time>2026-05-23T17:34:10Z</time></trkpt><trkpt lat="44.791868" lon="-110.438553"><ele>2976.054</ele><time>2026-05-23T17:34:13Z</time></trkpt><trkpt lat="44.791835" lon="-110.438522"><ele>2976.088</ele><time>2026-05-23T17:34:18Z</time></trkpt><trkpt lat="44.791771" lon="-110.438478"><ele>2976.654</ele><time>2026-05-23T17:34:26Z</time></trkpt><trkpt lat="44.791761" lon="-110.43847"><ele>2976.656</ele><time>2026-05-23T17:34:27Z</time></trkpt><trkpt lat="44.791752" lon="-110.438465"><ele>2976.611</ele><time>2026-05-23T17:34:28Z</time></trkpt><trkpt lat="44.791738" lon="-110.438452"><ele>2976.609</ele><time>2026-05-23T17:34:30Z</time></trkpt><trkpt lat="44.791703" lon="-110.438417"><ele>2977.047</ele><time>2026-05-23T17:34:36Z</time></trkpt><trkpt lat="44.791677" lon="-110.438394"><ele>2977.861</ele><time>2026-05-23T17:34:40Z</time></trkpt><trkpt lat="44.79165" lon="-110.438383"><ele>2978.060</ele><time>2026-05-23T17:34:43Z</time></trkpt><trkpt lat="44.791591" lon="-110.438361"><ele>2978.292</ele><time>2026-05-23T17:34:50Z</time></trkpt><trkpt lat="44.791575" lon="-110.438346"><ele>2978.614</ele><time>2026-05-23T17:34:53Z</time></trkpt><trkpt lat="44.791569" lon="-110.438337"><ele>2978.898</ele><time>2026-05-23T17:34:54Z</time></trkpt><trkpt lat="44.791518" lon="-110.438283"><ele>2979.886</ele><time>2026-05-23T17:35:01Z</time></trkpt><trkpt lat="44.791513" lon="-110.43828"><ele>2980.063</ele><time>2026-05-23T17:35:02Z</time></trkpt><trkpt lat="44.791473" lon="-110.438257"><ele>2980.867</ele><time>2026-05-23T17:35:08Z</time></trkpt><trkpt lat="44.791463" lon="-110.438254"><ele>2980.858</ele><time>2026-05-23T17:35:09Z</time></trkpt><trkpt lat="44.791416" lon="-110.438231"><ele>2980.852</ele><time>2026-05-23T17:35:14Z</time></trkpt><trkpt lat="44.791345" lon="-110.438175"><ele>2981.217</ele><time>2026-05-23T17:35:23Z</time></trkpt><trkpt lat="44.791321" lon="-110.438137"><ele>2981.809</ele><time>2026-05-23T17:35:29Z</time></trkpt><trkpt lat="44.79132" lon="-110.438139"><ele>2982.037</ele><time>2026-05-23T17:35:31Z</time></trkpt><trkpt lat="44.791281" lon="-110.438099"><ele>2982.431</ele><time>2026-05-23T17:35:39Z</time></trkpt><trkpt lat="44.79126" lon="-110.438078"><ele>2982.890</ele><time>2026-05-23T17:35:42Z</time></trkpt><trkpt lat="44.791231" lon="-110.438059"><ele>2983.222</ele><time>2026-05-23T17:35:46Z</time></trkpt><trkpt lat="44.791195" lon="-110.438039"><ele>2983.434</ele><time>2026-05-23T17:35:52Z</time></trkpt><trkpt lat="44.791147" lon="-110.438015"><ele>2984.068</ele><time>2026-05-23T17:35:57Z</time></trkpt><trkpt lat="44.791131" lon="-110.438007"><ele>2984.056</ele><time>2026-05-23T17:35:59Z</time></trkpt><trkpt lat="44.79109" lon="-110.437989"><ele>2984.873</ele><time>2026-05-23T17:36:07Z</time></trkpt><trkpt lat="44.791086" lon="-110.437987"><ele>2985.017</ele><time>2026-05-23T17:36:08Z</time></trkpt><trkpt lat="44.791053" lon="-110.437969"><ele>2985.889</ele><time>2026-05-23T17:36:15Z</time></trkpt><trkpt lat="44.791046" lon="-110.437966"><ele>2986.006</ele><time>2026-05-23T17:36:16Z</time></trkpt><trkpt lat="44.791008" lon="-110.437942"><ele>2986.626</ele><time>2026-05-23T17:36:21Z</time></trkpt><trkpt lat="44.790941" lon="-110.437909"><ele>2987.009</ele><time>2026-05-23T17:36:28Z</time></trkpt><trkpt lat="44.7909" lon="-110.4379"><ele>2987.650</ele><time>2026-05-23T17:36:33Z</time></trkpt><trkpt lat="44.790852" lon="-110.437879"><ele>2988.214</ele><time>2026-05-23T17:36:40Z</time></trkpt><trkpt lat="44.790847" lon="-110.437876"><ele>2988.293</ele><time>2026-05-23T17:36:41Z</time></trkpt><trkpt lat="44.790787" lon="-110.437829"><ele>2989.045</ele><time>2026-05-23T17:36:52Z</time></trkpt><trkpt lat="44.790771" lon="-110.437821"><ele>2989.247</ele><time>2026-05-23T17:36:54Z</time></trkpt><trkpt lat="44.7907" lon="-110.4378"><ele>2989.671</ele><time>2026-05-23T17:37:03Z</time></trkpt><trkpt lat="44.79062" lon="-110.437782"><ele>2989.859</ele><time>2026-05-23T17:37:11Z</time></trkpt><trkpt lat="44.79059" lon="-110.437778"><ele>2990.266</ele><time>2026-05-23T17:37:15Z</time></trkpt><trkpt lat="44.790555" lon="-110.437779"><ele>2990.630</ele><time>2026-05-23T17:37:20Z</time></trkpt><trkpt lat="44.790513" lon="-110.437764"><ele>2991.433</ele><time>2026-05-23T17:37:27Z</time></trkpt><trkpt lat="44.790506" lon="-110.437759"><ele>2991.623</ele><time>2026-05-23T17:37:28Z</time></trkpt><trkpt lat="44.790459" lon="-110.437746"><ele>2992.215</ele><time>2026-05-23T17:37:36Z</time></trkpt><trkpt lat="44.790446" lon="-110.437744"><ele>2992.409</ele><time>2026-05-23T17:37:38Z</time></trkpt><trkpt lat="44.790404" lon="-110.437731"><ele>2992.815</ele><time>2026-05-23T17:37:43Z</time></trkpt><trkpt lat="44.79036" lon="-110.437711"><ele>2993.419</ele><time>2026-05-23T17:37:50Z</time></trkpt><trkpt lat="44.790352" lon="-110.437705"><ele>2993.418</ele><time>2026-05-23T17:37:51Z</time></trkpt><trkpt lat="44.7903" lon="-110.437675"><ele>2994.080</ele><time>2026-05-23T17:37:59Z</time></trkpt><trkpt lat="44.790262" lon="-110.437668"><ele>2994.222</ele><time>2026-05-23T17:38:05Z</time></trkpt><trkpt lat="44.790214" lon="-110.437665"><ele>2994.446</ele><time>2026-05-23T17:38:10Z</time></trkpt><trkpt lat="44.790204" lon="-110.437662"><ele>2994.464</ele><time>2026-05-23T17:38:11Z</time></trkpt><trkpt lat="44.790153" lon="-110.437665"><ele>2995.061</ele><time>2026-05-23T17:38:18Z</time></trkpt><trkpt lat="44.790082" lon="-110.437673"><ele>2995.245</ele><time>2026-05-23T17:38:27Z</time></trkpt><trkpt lat="44.790038" lon="-110.437673"><ele>2995.627</ele><time>2026-05-23T17:38:34Z</time></trkpt><trkpt lat="44.789981" lon="-110.43768"><ele>2996.668</ele><time>2026-05-23T17:38:41Z</time></trkpt><trkpt lat="44.789977" lon="-110.437679"><ele>2996.614</ele><time>2026-05-23T17:38:42Z</time></trkpt><trkpt lat="44.789935" lon="-110.437675"><ele>2997.409</ele><time>2026-05-23T17:38:48Z</time></trkpt><trkpt lat="44.789904" lon="-110.437676"><ele>2997.864</ele><time>2026-05-23T17:38:52Z</time></trkpt><trkpt lat="44.789872" lon="-110.437693"><ele>2998.078</ele><time>2026-05-23T17:38:56Z</time></trkpt><trkpt lat="44.789832" lon="-110.437714"><ele>2998.227</ele><time>2026-05-23T17:39:03Z</time></trkpt><trkpt lat="44.789813" lon="-110.437722"><ele>2998.859</ele><time>2026-05-23T17:39:07Z</time></trkpt><trkpt lat="44.789803" lon="-110.43773"><ele>2999.061</ele><time>2026-05-23T17:39:09Z</time></trkpt><trkpt lat="44.789754" lon="-110.437742"><ele>2999.875</ele><time>2026-05-23T17:39:17Z</time></trkpt><trkpt lat="44.789713" lon="-110.437754"><ele>3000.423</ele><time>2026-05-23T17:39:24Z</time></trkpt><trkpt lat="44.78968" lon="-110.437757"><ele>3001.090</ele><time>2026-05-23T17:39:30Z</time></trkpt><trkpt lat="44.789622" lon="-110.437767"><ele>3001.234</ele><time>2026-05-23T17:39:39Z</time></trkpt><trkpt lat="44.789598" lon="-110.437775"><ele>3001.626</ele><time>2026-05-23T17:39:45Z</time></trkpt><trkpt lat="44.789576" lon="-110.437774"><ele>3002.047</ele><time>2026-05-23T17:39:48Z</time></trkpt><trkpt lat="44.789547" lon="-110.437778"><ele>3002.211</ele><time>2026-05-23T17:39:53Z</time></trkpt><trkpt lat="44.789485" lon="-110.437776"><ele>3002.809</ele><time>2026-05-23T17:40:02Z</time></trkpt><trkpt lat="44.789477" lon="-110.437779"><ele>3003.294</ele><time>2026-05-23T17:40:04Z</time></trkpt><trkpt lat="44.789439" lon="-110.437791"><ele>3004.058</ele><time>2026-05-23T17:40:09Z</time></trkpt><trkpt lat="44.789403" lon="-110.437793"><ele>3004.047</ele><time>2026-05-23T17:40:16Z</time></trkpt><trkpt lat="44.789396" lon="-110.437792"><ele>3004.029</ele><time>2026-05-23T17:40:17Z</time></trkpt><trkpt lat="44.78939" lon="-110.437789"><ele>3004.251</ele><time>2026-05-23T17:40:18Z</time></trkpt><trkpt lat="44.789359" lon="-110.437796"><ele>3004.635</ele><time>2026-05-23T17:40:22Z</time></trkpt><trkpt lat="44.789339" lon="-110.437793"><ele>3004.863</ele><time>2026-05-23T17:40:27Z</time></trkpt><trkpt lat="44.789278" lon="-110.437803"><ele>3005.040</ele><time>2026-05-23T17:40:35Z</time></trkpt><trkpt lat="44.789262" lon="-110.437802"><ele>3005.224</ele><time>2026-05-23T17:40:37Z</time></trkpt><trkpt lat="44.789236" lon="-110.437814"><ele>3005.822</ele><time>2026-05-23T17:40:41Z</time></trkpt><trkpt lat="44.78919" lon="-110.437817"><ele>3006.062</ele><time>2026-05-23T17:40:50Z</time></trkpt><trkpt lat="44.789181" lon="-110.437812"><ele>3006.208</ele><time>2026-05-23T17:40:52Z</time></trkpt><trkpt lat="44.789158" lon="-110.437817"><ele>3006.809</ele><time>2026-05-23T17:40:57Z</time></trkpt><trkpt lat="44.789112" lon="-110.437827"><ele>3007.474</ele><time>2026-05-23T17:41:04Z</time></trkpt><trkpt lat="44.789109" lon="-110.437828"><ele>3007.448</ele><time>2026-05-23T17:41:05Z</time></trkpt><trkpt lat="44.789076" lon="-110.437843"><ele>3008.477</ele><time>2026-05-23T17:41:13Z</time></trkpt><trkpt lat="44.789051" lon="-110.437852"><ele>3008.699</ele><time>2026-05-23T17:41:20Z</time></trkpt><trkpt lat="44.788999" lon="-110.437879"><ele>3008.051</ele><time>2026-05-23T17:41:27Z</time></trkpt><trkpt lat="44.788948" lon="-110.437888"><ele>3008.215</ele><time>2026-05-23T17:41:36Z</time></trkpt><trkpt lat="44.788902" lon="-110.437894"><ele>3008.673</ele><time>2026-05-23T17:41:43Z</time></trkpt><trkpt lat="44.788864" lon="-110.43789"><ele>3009.270</ele><time>2026-05-23T17:41:51Z</time></trkpt><trkpt lat="44.788884" lon="-110.437893"><ele>3009.254</ele><time>2026-05-23T17:41:58Z</time></trkpt><trkpt lat="44.788853" lon="-110.437891"><ele>3009.238</ele><time>2026-05-23T17:42:08Z</time></trkpt><trkpt lat="44.788862" lon="-110.437914"><ele>3009.270</ele><time>2026-05-23T17:42:18Z</time></trkpt><trkpt lat="44.788863" lon="-110.437906"><ele>3009.217</ele><time>2026-05-23T17:42:20Z</time></trkpt><trkpt lat="44.788817" lon="-110.4379"><ele>3009.409</ele><time>2026-05-23T17:42:27Z</time></trkpt><trkpt lat="44.788761" lon="-110.4379"><ele>3010.085</ele><time>2026-05-23T17:42:35Z</time></trkpt><trkpt lat="44.788742" lon="-110.437898"><ele>3010.229</ele><time>2026-05-23T17:42:39Z</time></trkpt><trkpt lat="44.788719" lon="-110.437891"><ele>3010.448</ele><time>2026-05-23T17:42:43Z</time></trkpt><trkpt lat="44.788708" lon="-110.437892"><ele>3010.830</ele><time>2026-05-23T17:42:45Z</time></trkpt><trkpt lat="44.788674" lon="-110.43789"><ele>3011.412</ele><time>2026-05-23T17:42:54Z</time></trkpt><trkpt lat="44.788673" lon="-110.437893"><ele>3011.666</ele><time>2026-05-23T17:42:56Z</time></trkpt><trkpt lat="44.788658" lon="-110.437901"><ele>3011.674</ele><time>2026-05-23T17:43:07Z</time></trkpt><trkpt lat="44.788656" lon="-110.437903"><ele>3010.451</ele><time>2026-05-23T17:43:15Z</time></trkpt><trkpt lat="44.788653" lon="-110.437905"><ele>3009.875</ele><time>2026-05-23T17:43:24Z</time></trkpt><trkpt lat="44.788655" lon="-110.437899"><ele>3010.279</ele><time>2026-05-23T17:43:34Z</time></trkpt><trkpt lat="44.788608" lon="-110.437897"><ele>3010.805</ele><time>2026-05-23T17:43:40Z</time></trkpt><trkpt lat="44.788602" lon="-110.437899"><ele>3011.025</ele><time>2026-05-23T17:43:41Z</time></trkpt><trkpt lat="44.788566" lon="-110.4379"><ele>3011.609</ele><time>2026-05-23T17:43:46Z</time></trkpt><trkpt lat="44.788543" lon="-110.4379"><ele>3011.869</ele><time>2026-05-23T17:43:49Z</time></trkpt><trkpt lat="44.788512" lon="-110.437911"><ele>3012.643</ele><time>2026-05-23T17:43:53Z</time></trkpt><trkpt lat="44.788497" lon="-110.437911"><ele>3013.032</ele><time>2026-05-23T17:43:56Z</time></trkpt><trkpt lat="44.788487" lon="-110.437911"><ele>3013.014</ele><time>2026-05-23T17:43:57Z</time></trkpt><trkpt lat="44.788446" lon="-110.437923"><ele>3012.446</ele><time>2026-05-23T17:44:04Z</time></trkpt><trkpt lat="44.788411" lon="-110.437924"><ele>3012.610</ele><time>2026-05-23T17:44:11Z</time></trkpt><trkpt lat="44.788373" lon="-110.437931"><ele>3012.888</ele><time>2026-05-23T17:44:18Z</time></trkpt><trkpt lat="44.788339" lon="-110.437932"><ele>3013.295</ele><time>2026-05-23T17:44:24Z</time></trkpt><trkpt lat="44.788309" lon="-110.437929"><ele>3012.849</ele><time>2026-05-23T17:44:31Z</time></trkpt><trkpt lat="44.788259" lon="-110.437928"><ele>3013.475</ele><time>2026-05-23T17:44:38Z</time></trkpt><trkpt lat="44.788253" lon="-110.437929"><ele>3013.628</ele><time>2026-05-23T17:44:39Z</time></trkpt><trkpt lat="44.788231" lon="-110.437924"><ele>3014.220</ele><time>2026-05-23T17:44:42Z</time></trkpt><trkpt lat="44.788222" lon="-110.437926"><ele>3014.409</ele><time>2026-05-23T17:44:43Z</time></trkpt><trkpt lat="44.788219" lon="-110.437924"><ele>3014.659</ele><time>2026-05-23T17:44:44Z</time></trkpt><trkpt lat="44.78821" lon="-110.437923"><ele>3014.833</ele><time>2026-05-23T17:44:45Z</time></trkpt><trkpt lat="44.788201" lon="-110.437924"><ele>3015.072</ele><time>2026-05-23T17:44:46Z</time></trkpt><trkpt lat="44.788189" lon="-110.437928"><ele>3014.874</ele><time>2026-05-23T17:44:48Z</time></trkpt><trkpt lat="44.788179" lon="-110.437927"><ele>3014.246</ele><time>2026-05-23T17:44:53Z</time></trkpt><trkpt lat="44.788179" lon="-110.437927"><ele>3014.240</ele><time>2026-05-23T17:44:59Z</time></trkpt><trkpt lat="44.788179" lon="-110.437927"><ele>3014.268</ele><time>2026-05-23T17:45:02Z</time></trkpt><trkpt lat="44.78816" lon="-110.437914"><ele>3015.085</ele><time>2026-05-23T17:45:11Z</time></trkpt><trkpt lat="44.788139" lon="-110.437935"><ele>3015.049</ele><time>2026-05-23T17:45:16Z</time></trkpt><trkpt lat="44.788128" lon="-110.437934"><ele>3014.814</ele><time>2026-05-23T17:45:18Z</time></trkpt><trkpt lat="44.788118" lon="-110.437925"><ele>3014.654</ele><time>2026-05-23T17:45:24Z</time></trkpt><trkpt lat="44.788115" lon="-110.437924"><ele>3015.009</ele><time>2026-05-23T17:45:26Z</time></trkpt><trkpt lat="44.788083" lon="-110.43793"><ele>3014.809</ele><time>2026-05-23T17:45:32Z</time></trkpt><trkpt lat="44.788038" lon="-110.437944"><ele>3014.423</ele><time>2026-05-23T17:45:39Z</time></trkpt><trkpt lat="44.788022" lon="-110.437951"><ele>3014.447</ele><time>2026-05-23T17:45:41Z</time></trkpt><trkpt lat="44.78799" lon="-110.437959"><ele>3014.616</ele><time>2026-05-23T17:45:46Z</time></trkpt><trkpt lat="44.787952" lon="-110.437961"><ele>3015.248</ele><time>2026-05-23T17:45:53Z</time></trkpt><trkpt lat="44.787904" lon="-110.437995"><ele>3015.430</ele><time>2026-05-23T17:46:02Z</time></trkpt><trkpt lat="44.787879" lon="-110.438005"><ele>3015.684</ele><time>2026-05-23T17:46:05Z</time></trkpt><trkpt lat="44.787868" lon="-110.438007"><ele>3015.872</ele><time>2026-05-23T17:46:06Z</time></trkpt><trkpt lat="44.787834" lon="-110.438013"><ele>3016.629</ele><time>2026-05-23T17:46:10Z</time></trkpt><trkpt lat="44.787787" lon="-110.438019"><ele>3015.873</ele><time>2026-05-23T17:46:17Z</time></trkpt><trkpt lat="44.787744" lon="-110.438029"><ele>3015.823</ele><time>2026-05-23T17:46:23Z</time></trkpt><trkpt lat="44.787726" lon="-110.438036"><ele>3016.683</ele><time>2026-05-23T17:46:26Z</time></trkpt><trkpt lat="44.787716" lon="-110.438037"><ele>3017.011</ele><time>2026-05-23T17:46:28Z</time></trkpt><trkpt lat="44.787686" lon="-110.438062"><ele>3017.409</ele><time>2026-05-23T17:46:33Z</time></trkpt><trkpt lat="44.787644" lon="-110.438065"><ele>3018.084</ele><time>2026-05-23T17:46:38Z</time></trkpt><trkpt lat="44.787637" lon="-110.438063"><ele>3018.038</ele><time>2026-05-23T17:46:39Z</time></trkpt><trkpt lat="44.787594" lon="-110.438064"><ele>3019.067</ele><time>2026-05-23T17:46:45Z</time></trkpt><trkpt lat="44.787586" lon="-110.438071"><ele>3019.259</ele><time>2026-05-23T17:46:46Z</time></trkpt><trkpt lat="44.787561" lon="-110.438081"><ele>3019.471</ele><time>2026-05-23T17:46:51Z</time></trkpt><trkpt lat="44.787561" lon="-110.438089"><ele>3020.245</ele><time>2026-05-23T17:46:54Z</time></trkpt><trkpt lat="44.787562" lon="-110.438087"><ele>3021.483</ele><time>2026-05-23T17:46:57Z</time></trkpt><trkpt lat="44.787505" lon="-110.438082"><ele>3021.680</ele><time>2026-05-23T17:47:04Z</time></trkpt><trkpt lat="44.78747" lon="-110.438069"><ele>3022.634</ele><time>2026-05-23T17:47:09Z</time></trkpt><trkpt lat="44.787451" lon="-110.438062"><ele>3023.239</ele><time>2026-05-23T17:47:11Z</time></trkpt><trkpt lat="44.787441" lon="-110.438056"><ele>3024.001</ele><time>2026-05-23T17:47:12Z</time></trkpt><trkpt lat="44.787377" lon="-110.438018"><ele>3024.221</ele><time>2026-05-23T17:47:19Z</time></trkpt><trkpt lat="44.787319" lon="-110.437957"><ele>3024.409</ele><time>2026-05-23T17:47:27Z</time></trkpt><trkpt lat="44.787279" lon="-110.437906"><ele>3025.035</ele><time>2026-05-23T17:47:33Z</time></trkpt><trkpt lat="44.787275" lon="-110.437893"><ele>3025.269</ele><time>2026-05-23T17:47:34Z</time></trkpt><trkpt lat="44.787257" lon="-110.43785"><ele>3024.498</ele><time>2026-05-23T17:47:39Z</time></trkpt><trkpt lat="44.787254" lon="-110.437836"><ele>3024.480</ele><time>2026-05-23T17:47:41Z</time></trkpt><trkpt lat="44.787256" lon="-110.437794"><ele>3024.282</ele><time>2026-05-23T17:47:47Z</time></trkpt><trkpt lat="44.787259" lon="-110.437794"><ele>3024.016</ele><time>2026-05-23T17:47:48Z</time></trkpt><trkpt lat="44.787265" lon="-110.437794"><ele>3023.654</ele><time>2026-05-23T17:47:58Z</time></trkpt><trkpt lat="44.787299" lon="-110.437775"><ele>3022.861</ele><time>2026-05-23T17:48:03Z</time></trkpt><trkpt lat="44.787311" lon="-110.43776"><ele>3022.865</ele><time>2026-05-23T17:48:05Z</time></trkpt><trkpt lat="44.787344" lon="-110.437715"><ele>3023.247</ele><time>2026-05-23T17:48:10Z</time></trkpt><trkpt lat="44.787366" lon="-110.437688"><ele>3023.429</ele><time>2026-05-23T17:48:13Z</time></trkpt><trkpt lat="44.787396" lon="-110.437646"><ele>3024.021</ele><time>2026-05-23T17:48:17Z</time></trkpt><trkpt lat="44.787429" lon="-110.437614"><ele>3024.409</ele><time>2026-05-23T17:48:21Z</time></trkpt><trkpt lat="44.787492" lon="-110.437548"><ele>3024.466</ele><time>2026-05-23T17:48:29Z</time></trkpt><trkpt lat="44.787497" lon="-110.43755"><ele>3024.610</ele><time>2026-05-23T17:48:33Z</time></trkpt><trkpt lat="44.787488" lon="-110.43755"><ele>3024.459</ele><time>2026-05-23T17:48:34Z</time></trkpt><trkpt lat="44.78746" lon="-110.437596"><ele>3025.241</ele><time>2026-05-23T17:48:40Z</time></trkpt><trkpt lat="44.787466" lon="-110.437595"><ele>3025.893</ele><time>2026-05-23T17:48:41Z</time></trkpt><trkpt lat="44.787481" lon="-110.43759"><ele>3024.887</ele><time>2026-05-23T17:48:47Z</time></trkpt><trkpt lat="44.78749" lon="-110.437579"><ele>3025.055</ele><time>2026-05-23T17:48:51Z</time></trkpt><trkpt lat="44.78752" lon="-110.437569"><ele>3026.072</ele><time>2026-05-23T17:48:56Z</time></trkpt><trkpt lat="44.787534" lon="-110.437564"><ele>3025.096</ele><time>2026-05-23T17:49:01Z</time></trkpt><trkpt lat="44.787553" lon="-110.437556"><ele>3025.259</ele><time>2026-05-23T17:49:08Z</time></trkpt><trkpt lat="44.787565" lon="-110.437558"><ele>3025.803</ele><time>2026-05-23T17:49:15Z</time></trkpt><trkpt lat="44.787565" lon="-110.437558"><ele>3025.823</ele><time>2026-05-23T17:49:21Z</time></trkpt><trkpt lat="44.787595" lon="-110.437549"><ele>3026.209</ele><time>2026-05-23T17:49:27Z</time></trkpt><trkpt lat="44.787605" lon="-110.437548"><ele>3026.277</ele><time>2026-05-23T17:49:30Z</time></trkpt><trkpt lat="44.787611" lon="-110.43756"><ele>3026.661</ele><time>2026-05-23T17:49:36Z</time></trkpt><trkpt lat="44.787657" lon="-110.437569"><ele>3027.050</ele><time>2026-05-23T17:49:43Z</time></trkpt><trkpt lat="44.787653" lon="-110.43756"><ele>3027.282</ele><time>2026-05-23T17:49:47Z</time></trkpt><trkpt lat="44.787659" lon="-110.437551"><ele>3027.084</ele><time>2026-05-23T17:49:51Z</time></trkpt><trkpt lat="44.787669" lon="-110.437546"><ele>3027.098</ele><time>2026-05-23T17:49:55Z</time></trkpt><trkpt lat="44.787669" lon="-110.437546"><ele>3027.046</ele><time>2026-05-23T17:50:00Z</time></trkpt><trkpt lat="44.787669" lon="-110.437546"><ele>3026.813</ele><time>2026-05-23T17:50:03Z</time></trkpt><trkpt lat="44.787669" lon="-110.437546"><ele>3026.647</ele><time>2026-05-23T17:50:09Z</time></trkpt><trkpt lat="44.787669" lon="-110.437546"><ele>3026.844</ele><time>2026-05-23T17:50:15Z</time></trkpt><trkpt lat="44.787669" lon="-110.437546"><ele>3026.805</ele><time>2026-05-23T17:50:18Z</time></trkpt><trkpt lat="44.787669" lon="-110.437546"><ele>3026.815</ele><time>2026-05-23T17:50:24Z</time></trkpt><trkpt lat="44.787669" lon="-110.437546"><ele>3026.209</ele><time>2026-05-23T17:50:32Z</time></trkpt><trkpt lat="44.787669" lon="-110.437546"><ele>3026.246</ele><time>2026-05-23T17:50:34Z</time></trkpt><trkpt lat="44.787669" lon="-110.437546"><ele>3026.420</ele><time>2026-05-23T17:50:36Z</time></trkpt><trkpt lat="44.787669" lon="-110.437546"><ele>3026.469</ele><time>2026-05-23T17:50:37Z</time></trkpt><trkpt lat="44.787669" lon="-110.437546"><ele>3026.471</ele><time>2026-05-23T17:50:39Z</time></trkpt><trkpt lat="44.787669" lon="-110.437546"><ele>3026.423</ele><time>2026-05-23T17:50:48Z</time></trkpt><trkpt lat="44.787669" lon="-110.437546"><ele>3026.477</ele><time>2026-05-23T17:50:52Z</time></trkpt><trkpt lat="44.787669" lon="-110.437546"><ele>3027.025</ele><time>2026-05-23T17:50:56Z</time></trkpt><trkpt lat="44.787669" lon="-110.437546"><ele>3027.232</ele><time>2026-05-23T17:50:57Z</time></trkpt><trkpt lat="44.787669" lon="-110.437546"><ele>3027.296</ele><time>2026-05-23T17:50:58Z</time></trkpt><trkpt lat="44.787669" lon="-110.437546"><ele>3027.272</ele><time>2026-05-23T17:51:06Z</time></trkpt><trkpt lat="44.787669" lon="-110.437546"><ele>3026.813</ele><time>2026-05-23T17:51:10Z</time></trkpt><trkpt lat="44.787669" lon="-110.437546"><ele>3026.214</ele><time>2026-05-23T17:51:13Z</time></trkpt><trkpt lat="44.787669" lon="-110.437546"><ele>3026.809</ele><time>2026-05-23T17:51:20Z</time></trkpt><trkpt lat="44.787669" lon="-110.437546"><ele>3026.629</ele><time>2026-05-23T17:51:29Z</time></trkpt><trkpt lat="44.787669" lon="-110.437546"><ele>3026.243</ele><time>2026-05-23T17:51:42Z</time></trkpt><trkpt lat="44.787651" lon="-110.437548"><ele>3026.432</ele><time>2026-05-23T17:51:50Z</time></trkpt><trkpt lat="44.787648" lon="-110.437553"><ele>3026.464</ele><time>2026-05-23T17:51:58Z</time></trkpt><trkpt lat="44.787656" lon="-110.437558"><ele>3025.626</ele><time>2026-05-23T17:52:09Z</time></trkpt><trkpt lat="44.787675" lon="-110.437586"><ele>3025.860</ele><time>2026-05-23T17:52:20Z</time></trkpt><trkpt lat="44.787677" lon="-110.437565"><ele>3025.288</ele><time>2026-05-23T17:52:30Z</time></trkpt><trkpt lat="44.787684" lon="-110.437567"><ele>3025.065</ele><time>2026-05-23T17:52:31Z</time></trkpt><trkpt lat="44.78772" lon="-110.43759"><ele>3024.449</ele><time>2026-05-23T17:52:39Z</time></trkpt><trkpt lat="44.787736" lon="-110.4376"><ele>3024.039</ele><time>2026-05-23T17:52:42Z</time></trkpt><trkpt lat="44.78777" lon="-110.437605"><ele>3023.201</ele><time>2026-05-23T17:52:48Z</time></trkpt><trkpt lat="44.787766" lon="-110.437595"><ele>3023.421</ele><time>2026-05-23T17:52:55Z</time></trkpt><trkpt lat="44.787769" lon="-110.437597"><ele>3023.009</ele><time>2026-05-23T17:52:57Z</time></trkpt><trkpt lat="44.787784" lon="-110.437609"><ele>3022.835</ele><time>2026-05-23T17:53:01Z</time></trkpt><trkpt lat="44.787792" lon="-110.437607"><ele>3022.869</ele><time>2026-05-23T17:53:02Z</time></trkpt><trkpt lat="44.787828" lon="-110.43762"><ele>3022.658</ele><time>2026-05-23T17:53:08Z</time></trkpt><trkpt lat="44.787868" lon="-110.43762"><ele>3023.280</ele><time>2026-05-23T17:53:14Z</time></trkpt><trkpt lat="44.787875" lon="-110.437616"><ele>3023.262</ele><time>2026-05-23T17:53:15Z</time></trkpt><trkpt lat="44.787909" lon="-110.437617"><ele>3023.246</ele><time>2026-05-23T17:53:21Z</time></trkpt><trkpt lat="44.787917" lon="-110.437616"><ele>3023.224</ele><time>2026-05-23T17:53:23Z</time></trkpt><trkpt lat="44.787917" lon="-110.437615"><ele>3022.891</ele><time>2026-05-23T17:53:28Z</time></trkpt><trkpt lat="44.787948" lon="-110.437582"><ele>3023.485</ele><time>2026-05-23T17:53:36Z</time></trkpt><trkpt lat="44.787948" lon="-110.437585"><ele>3022.664</ele><time>2026-05-23T17:53:40Z</time></trkpt><trkpt lat="44.787954" lon="-110.437586"><ele>3022.206</ele><time>2026-05-23T17:53:43Z</time></trkpt><trkpt lat="44.787972" lon="-110.437582"><ele>3022.016</ele><time>2026-05-23T17:53:46Z</time></trkpt><trkpt lat="44.788" lon="-110.437585"><ele>3021.409</ele><time>2026-05-23T17:53:50Z</time></trkpt><trkpt lat="44.788042" lon="-110.437587"><ele>3021.628</ele><time>2026-05-23T17:53:57Z</time></trkpt><trkpt lat="44.788053" lon="-110.437579"><ele>3023.012</ele><time>2026-05-23T17:54:03Z</time></trkpt><trkpt lat="44.788053" lon="-110.437578"><ele>3023.091</ele><time>2026-05-23T17:54:04Z</time></trkpt><trkpt lat="44.788108" lon="-110.437555"><ele>3022.833</ele><time>2026-05-23T17:54:11Z</time></trkpt><trkpt lat="44.788141" lon="-110.437534"><ele>3022.245</ele><time>2026-05-23T17:54:17Z</time></trkpt><trkpt lat="44.788179" lon="-110.437511"><ele>3023.279</ele><time>2026-05-23T17:54:23Z</time></trkpt><trkpt lat="44.788218" lon="-110.437476"><ele>3023.857</ele><time>2026-05-23T17:54:31Z</time></trkpt><trkpt lat="44.788225" lon="-110.437472"><ele>3024.054</ele><time>2026-05-23T17:54:34Z</time></trkpt><trkpt lat="44.788231" lon="-110.437471"><ele>3024.298</ele><time>2026-05-23T17:54:37Z</time></trkpt><trkpt lat="44.788256" lon="-110.437451"><ele>3024.896</ele><time>2026-05-23T17:54:43Z</time></trkpt><trkpt lat="44.788279" lon="-110.437423"><ele>3024.831</ele><time>2026-05-23T17:54:46Z</time></trkpt><trkpt lat="44.788285" lon="-110.437412"><ele>3024.624</ele><time>2026-05-23T17:54:48Z</time></trkpt><trkpt lat="44.788295" lon="-110.437383"><ele>3024.209</ele><time>2026-05-23T17:54:54Z</time></trkpt><trkpt lat="44.788306" lon="-110.437367"><ele>3024.291</ele><time>2026-05-23T17:55:01Z</time></trkpt><trkpt lat="44.788323" lon="-110.437345"><ele>3024.615</ele><time>2026-05-23T17:55:05Z</time></trkpt><trkpt lat="44.788348" lon="-110.437314"><ele>3024.264</ele><time>2026-05-23T17:55:12Z</time></trkpt><trkpt lat="44.788359" lon="-110.437294"><ele>3024.676</ele><time>2026-05-23T17:55:18Z</time></trkpt><trkpt lat="44.78838" lon="-110.437269"><ele>3024.088</ele><time>2026-05-23T17:55:24Z</time></trkpt><trkpt lat="44.788411" lon="-110.437247"><ele>3024.882</ele><time>2026-05-23T17:55:33Z</time></trkpt><trkpt lat="44.788433" lon="-110.437233"><ele>3025.050</ele><time>2026-05-23T17:55:38Z</time></trkpt><trkpt lat="44.788437" lon="-110.437232"><ele>3025.487</ele><time>2026-05-23T17:55:40Z</time></trkpt><trkpt lat="44.788451" lon="-110.437228"><ele>3026.071</ele><time>2026-05-23T17:55:43Z</time></trkpt><trkpt lat="44.788477" lon="-110.437214"><ele>3026.084</ele><time>2026-05-23T17:55:48Z</time></trkpt><trkpt lat="44.78849" lon="-110.437219"><ele>3025.807</ele><time>2026-05-23T17:55:54Z</time></trkpt><trkpt lat="44.78852" lon="-110.437208"><ele>3027.217</ele><time>2026-05-23T17:55:58Z</time></trkpt><trkpt lat="44.788543" lon="-110.437194"><ele>3027.809</ele><time>2026-05-23T17:56:01Z</time></trkpt><trkpt lat="44.788602" lon="-110.437156"><ele>3028.040</ele><time>2026-05-23T17:56:10Z</time></trkpt><trkpt lat="44.788637" lon="-110.437139"><ele>3026.894</ele><time>2026-05-23T17:56:17Z</time></trkpt><trkpt lat="44.788641" lon="-110.437141"><ele>3027.263</ele><time>2026-05-23T17:56:18Z</time></trkpt><trkpt lat="44.788657" lon="-110.437149"><ele>3028.235</ele><time>2026-05-23T17:56:21Z</time></trkpt><trkpt lat="44.788685" lon="-110.437157"><ele>3028.487</ele><time>2026-05-23T17:56:26Z</time></trkpt><trkpt lat="44.788739" lon="-110.437136"><ele>3026.811</ele><time>2026-05-23T17:56:32Z</time></trkpt><trkpt lat="44.788787" lon="-110.437103"><ele>3027.049</ele><time>2026-05-23T17:56:38Z</time></trkpt><trkpt lat="44.7888" lon="-110.437096"><ele>3026.856</ele><time>2026-05-23T17:56:45Z</time></trkpt><trkpt lat="44.78885" lon="-110.437088"><ele>3026.610</ele><time>2026-05-23T17:56:53Z</time></trkpt><trkpt lat="44.788885" lon="-110.437071"><ele>3027.293</ele><time>2026-05-23T17:56:59Z</time></trkpt><trkpt lat="44.788915" lon="-110.437071"><ele>3027.665</ele><time>2026-05-23T17:57:02Z</time></trkpt><trkpt lat="44.788931" lon="-110.437069"><ele>3027.821</ele><time>2026-05-23T17:57:04Z</time></trkpt><trkpt lat="44.788982" lon="-110.437058"><ele>3027.809</ele><time>2026-05-23T17:57:10Z</time></trkpt><trkpt lat="44.789008" lon="-110.437042"><ele>3027.851</ele><time>2026-05-23T17:57:17Z</time></trkpt><trkpt lat="44.789009" lon="-110.437043"><ele>3028.225</ele><time>2026-05-23T17:57:23Z</time></trkpt><trkpt lat="44.789023" lon="-110.437033"><ele>3028.224</ele><time>2026-05-23T17:57:28Z</time></trkpt><trkpt lat="44.789042" lon="-110.437016"><ele>3028.876</ele><time>2026-05-23T17:57:34Z</time></trkpt><trkpt lat="44.789044" lon="-110.437012"><ele>3029.058</ele><time>2026-05-23T17:57:35Z</time></trkpt><trkpt lat="44.78907" lon="-110.437004"><ele>3030.082</ele><time>2026-05-23T17:57:40Z</time></trkpt><trkpt lat="44.789081" lon="-110.436994"><ele>3030.230</ele><time>2026-05-23T17:57:42Z</time></trkpt><trkpt lat="44.789112" lon="-110.436954"><ele>3030.427</ele><time>2026-05-23T17:57:51Z</time></trkpt><trkpt lat="44.789125" lon="-110.436938"><ele>3030.481</ele><time>2026-05-23T17:57:55Z</time></trkpt><trkpt lat="44.789159" lon="-110.43692"><ele>3030.499</ele><time>2026-05-23T17:58:02Z</time></trkpt><trkpt lat="44.789192" lon="-110.436905"><ele>3031.007</ele><time>2026-05-23T17:58:10Z</time></trkpt><trkpt lat="44.789204" lon="-110.436899"><ele>3031.427</ele><time>2026-05-23T17:58:13Z</time></trkpt><trkpt lat="44.78921" lon="-110.436898"><ele>3031.409</ele><time>2026-05-23T17:58:14Z</time></trkpt><trkpt lat="44.789242" lon="-110.436882"><ele>3032.231</ele><time>2026-05-23T17:58:20Z</time></trkpt><trkpt lat="44.789303" lon="-110.436841"><ele>3032.675</ele><time>2026-05-23T17:58:30Z</time></trkpt><trkpt lat="44.789322" lon="-110.436821"><ele>3032.854</ele><time>2026-05-23T17:58:34Z</time></trkpt><trkpt lat="44.789357" lon="-110.436792"><ele>3033.246</ele><time>2026-05-23T17:58:39Z</time></trkpt><trkpt lat="44.789415" lon="-110.436743"><ele>3034.258</ele><time>2026-05-23T17:58:50Z</time></trkpt><trkpt lat="44.789421" lon="-110.436736"><ele>3034.212</ele><time>2026-05-23T17:58:51Z</time></trkpt><trkpt lat="44.789455" lon="-110.436709"><ele>3035.220</ele><time>2026-05-23T17:58:57Z</time></trkpt><trkpt lat="44.78947" lon="-110.436692"><ele>3035.457</ele><time>2026-05-23T17:59:00Z</time></trkpt><trkpt lat="44.789505" lon="-110.436654"><ele>3035.431</ele><time>2026-05-23T17:59:08Z</time></trkpt><trkpt lat="44.789533" lon="-110.43663"><ele>3036.477</ele><time>2026-05-23T17:59:14Z</time></trkpt><trkpt lat="44.789542" lon="-110.436621"><ele>3036.461</ele><time>2026-05-23T17:59:16Z</time></trkpt><trkpt lat="44.789599" lon="-110.436564"><ele>3036.627</ele><time>2026-05-23T17:59:25Z</time></trkpt><trkpt lat="44.789645" lon="-110.436519"><ele>3037.409</ele><time>2026-05-23T17:59:34Z</time></trkpt><trkpt lat="44.789652" lon="-110.436513"><ele>3037.479</ele><time>2026-05-23T17:59:35Z</time></trkpt><trkpt lat="44.789704" lon="-110.436468"><ele>3037.283</ele><time>2026-05-23T17:59:42Z</time></trkpt><trkpt lat="44.789759" lon="-110.436403"><ele>3038.072</ele><time>2026-05-23T17:59:50Z</time></trkpt><trkpt lat="44.789811" lon="-110.436367"><ele>3037.634</ele><time>2026-05-23T17:59:57Z</time></trkpt><trkpt lat="44.789863" lon="-110.436326"><ele>3038.216</ele><time>2026-05-23T18:00:04Z</time></trkpt><trkpt lat="44.789913" lon="-110.436291"><ele>3038.420</ele><time>2026-05-23T18:00:11Z</time></trkpt><trkpt lat="44.789928" lon="-110.436277"><ele>3038.418</ele><time>2026-05-23T18:00:13Z</time></trkpt><trkpt lat="44.789982" lon="-110.436253"><ele>3039.055</ele><time>2026-05-23T18:00:20Z</time></trkpt><trkpt lat="44.789998" lon="-110.436248"><ele>3039.469</ele><time>2026-05-23T18:00:22Z</time></trkpt><trkpt lat="44.790035" lon="-110.436233"><ele>3040.645</ele><time>2026-05-23T18:00:26Z</time></trkpt><trkpt lat="44.790073" lon="-110.436227"><ele>3040.647</ele><time>2026-05-23T18:00:30Z</time></trkpt><trkpt lat="44.790138" lon="-110.436203"><ele>3041.211</ele><time>2026-05-23T18:00:38Z</time></trkpt><trkpt lat="44.790197" lon="-110.436165"><ele>3039.609</ele><time>2026-05-23T18:00:47Z</time></trkpt><trkpt lat="44.790227" lon="-110.436157"><ele>3043.046</ele><time>2026-05-23T18:00:52Z</time></trkpt><trkpt lat="44.79023" lon="-110.436159"><ele>3043.480</ele><time>2026-05-23T18:00:53Z</time></trkpt><trkpt lat="44.790288" lon="-110.436155"><ele>3042.889</ele><time>2026-05-23T18:01:00Z</time></trkpt><trkpt lat="44.790339" lon="-110.436144"><ele>3042.481</ele><time>2026-05-23T18:01:08Z</time></trkpt><trkpt lat="44.790393" lon="-110.436122"><ele>3043.053</ele><time>2026-05-23T18:01:16Z</time></trkpt><trkpt lat="44.790438" lon="-110.436109"><ele>3043.827</ele><time>2026-05-23T18:01:25Z</time></trkpt><trkpt lat="44.790484" lon="-110.436103"><ele>3044.275</ele><time>2026-05-23T18:01:34Z</time></trkpt><trkpt lat="44.790525" lon="-110.436104"><ele>3045.032</ele><time>2026-05-23T18:01:41Z</time></trkpt><trkpt lat="44.790558" lon="-110.436101"><ele>3044.826</ele><time>2026-05-23T18:01:48Z</time></trkpt><trkpt lat="44.790567" lon="-110.436101"><ele>3045.259</ele><time>2026-05-23T18:01:50Z</time></trkpt><trkpt lat="44.790594" lon="-110.436095"><ele>3045.603</ele><time>2026-05-23T18:01:55Z</time></trkpt><trkpt lat="44.790645" lon="-110.43609"><ele>3045.823</ele><time>2026-05-23T18:02:03Z</time></trkpt><trkpt lat="44.790698" lon="-110.436089"><ele>3045.609</ele><time>2026-05-23T18:02:11Z</time></trkpt><trkpt lat="44.790756" lon="-110.436083"><ele>3046.287</ele><time>2026-05-23T18:02:19Z</time></trkpt><trkpt lat="44.790764" lon="-110.43608"><ele>3046.661</ele><time>2026-05-23T18:02:20Z</time></trkpt><trkpt lat="44.790819" lon="-110.436082"><ele>3046.850</ele><time>2026-05-23T18:02:29Z</time></trkpt><trkpt lat="44.790887" lon="-110.436085"><ele>3047.272</ele><time>2026-05-23T18:02:38Z</time></trkpt><trkpt lat="44.790925" lon="-110.436095"><ele>3047.634</ele><time>2026-05-23T18:02:43Z</time></trkpt><trkpt lat="44.790948" lon="-110.436098"><ele>3048.848</ele><time>2026-05-23T18:02:46Z</time></trkpt><trkpt lat="44.791" lon="-110.436115"><ele>3049.046</ele><time>2026-05-23T18:02:53Z</time></trkpt><trkpt lat="44.791017" lon="-110.436119"><ele>3049.273</ele><time>2026-05-23T18:02:55Z</time></trkpt><trkpt lat="44.79104" lon="-110.436121"><ele>3050.057</ele><time>2026-05-23T18:02:58Z</time></trkpt><trkpt lat="44.791072" lon="-110.436129"><ele>3050.844</ele><time>2026-05-23T18:03:03Z</time></trkpt><trkpt lat="44.791122" lon="-110.436149"><ele>3051.005</ele><time>2026-05-23T18:03:10Z</time></trkpt><trkpt lat="44.791144" lon="-110.436151"><ele>3051.815</ele><time>2026-05-23T18:03:13Z</time></trkpt><trkpt lat="44.791164" lon="-110.436156"><ele>3052.209</ele><time>2026-05-23T18:03:15Z</time></trkpt><trkpt lat="44.791191" lon="-110.436169"><ele>3052.266</ele><time>2026-05-23T18:03:19Z</time></trkpt><trkpt lat="44.791227" lon="-110.436189"><ele>3053.210</ele><time>2026-05-23T18:03:25Z</time></trkpt><trkpt lat="44.791253" lon="-110.436202"><ele>3053.829</ele><time>2026-05-23T18:03:29Z</time></trkpt><trkpt lat="44.791285" lon="-110.43621"><ele>3054.271</ele><time>2026-05-23T18:03:34Z</time></trkpt><trkpt lat="44.7913" lon="-110.436214"><ele>3054.273</ele><time>2026-05-23T18:03:37Z</time></trkpt><trkpt lat="44.791355" lon="-110.436221"><ele>3054.667</ele><time>2026-05-23T18:03:45Z</time></trkpt><trkpt lat="44.791406" lon="-110.436231"><ele>3054.855</ele><time>2026-05-23T18:03:53Z</time></trkpt><trkpt lat="44.791428" lon="-110.436227"><ele>3055.262</ele><time>2026-05-23T18:03:56Z</time></trkpt><trkpt lat="44.791464" lon="-110.436226"><ele>3055.826</ele><time>2026-05-23T18:04:01Z</time></trkpt><trkpt lat="44.791514" lon="-110.43623"><ele>3056.269</ele><time>2026-05-23T18:04:08Z</time></trkpt><trkpt lat="44.791527" lon="-110.436235"><ele>3056.404</ele><time>2026-05-23T18:04:11Z</time></trkpt><trkpt lat="44.791574" lon="-110.436241"><ele>3056.824</ele><time>2026-05-23T18:04:18Z</time></trkpt><trkpt lat="44.791596" lon="-110.436235"><ele>3057.409</ele><time>2026-05-23T18:04:22Z</time></trkpt><trkpt lat="44.791617" lon="-110.436231"><ele>3057.648</ele><time>2026-05-23T18:04:25Z</time></trkpt><trkpt lat="44.791697" lon="-110.43621"><ele>3058.442</ele><time>2026-05-23T18:04:35Z</time></trkpt><trkpt lat="44.791711" lon="-110.436204"><ele>3058.431</ele><time>2026-05-23T18:04:37Z</time></trkpt><trkpt lat="44.791749" lon="-110.436191"><ele>3059.263</ele><time>2026-05-23T18:04:43Z</time></trkpt><trkpt lat="44.791807" lon="-110.436168"><ele>3059.235</ele><time>2026-05-23T18:04:51Z</time></trkpt><trkpt lat="44.791819" lon="-110.43616"><ele>3059.689</ele><time>2026-05-23T18:04:53Z</time></trkpt><trkpt lat="44.791857" lon="-110.436133"><ele>3060.247</ele><time>2026-05-23T18:04:58Z</time></trkpt><trkpt lat="44.791872" lon="-110.43612"><ele>3060.614</ele><time>2026-05-23T18:05:01Z</time></trkpt><trkpt lat="44.791891" lon="-110.436107"><ele>3061.018</ele><time>2026-05-23T18:05:06Z</time></trkpt><trkpt lat="44.791915" lon="-110.436091"><ele>3061.655</ele><time>2026-05-23T18:05:11Z</time></trkpt><trkpt lat="44.79194" lon="-110.436077"><ele>3062.407</ele><time>2026-05-23T18:05:16Z</time></trkpt><trkpt lat="44.791984" lon="-110.436046"><ele>3062.417</ele><time>2026-05-23T18:05:25Z</time></trkpt><trkpt lat="44.79199" lon="-110.436043"><ele>3062.609</ele><time>2026-05-23T18:05:26Z</time></trkpt><trkpt lat="44.791999" lon="-110.436037"><ele>3062.637</ele><time>2026-05-23T18:05:28Z</time></trkpt><trkpt lat="44.792028" lon="-110.436013"><ele>3063.261</ele><time>2026-05-23T18:05:34Z</time></trkpt><trkpt lat="44.792036" lon="-110.436001"><ele>3063.690</ele><time>2026-05-23T18:05:38Z</time></trkpt><trkpt lat="44.792051" lon="-110.435986"><ele>3064.832</ele><time>2026-05-23T18:05:43Z</time></trkpt><trkpt lat="44.792056" lon="-110.435984"><ele>3064.884</ele><time>2026-05-23T18:05:44Z</time></trkpt><trkpt lat="44.792105" lon="-110.435949"><ele>3064.828</ele><time>2026-05-23T18:05:53Z</time></trkpt><trkpt lat="44.792115" lon="-110.435931"><ele>3065.426</ele><time>2026-05-23T18:06:00Z</time></trkpt><trkpt lat="44.792118" lon="-110.43593"><ele>3065.833</ele><time>2026-05-23T18:06:04Z</time></trkpt><trkpt lat="44.792131" lon="-110.435924"><ele>3066.487</ele><time>2026-05-23T18:06:07Z</time></trkpt><trkpt lat="44.792171" lon="-110.435911"><ele>3066.854</ele><time>2026-05-23T18:06:14Z</time></trkpt><trkpt lat="44.792177" lon="-110.435909"><ele>3067.056</ele><time>2026-05-23T18:06:15Z</time></trkpt><trkpt lat="44.792223" lon="-110.435879"><ele>3068.011</ele><time>2026-05-23T18:06:23Z</time></trkpt><trkpt lat="44.792229" lon="-110.435877"><ele>3068.009</ele><time>2026-05-23T18:06:24Z</time></trkpt><trkpt lat="44.792262" lon="-110.435844"><ele>3069.017</ele><time>2026-05-23T18:06:30Z</time></trkpt><trkpt lat="44.792274" lon="-110.435832"><ele>3069.041</ele><time>2026-05-23T18:06:32Z</time></trkpt><trkpt lat="44.792334" lon="-110.43579"><ele>3069.070</ele><time>2026-05-23T18:06:41Z</time></trkpt><trkpt lat="44.792377" lon="-110.435766"><ele>3068.612</ele><time>2026-05-23T18:06:48Z</time></trkpt><trkpt lat="44.792437" lon="-110.435734"><ele>3068.494</ele><time>2026-05-23T18:06:55Z</time></trkpt><trkpt lat="44.792452" lon="-110.43572"><ele>3068.628</ele><time>2026-05-23T18:07:02Z</time></trkpt><trkpt lat="44.792479" lon="-110.43571"><ele>3068.086</ele><time>2026-05-23T18:07:08Z</time></trkpt><trkpt lat="44.792485" lon="-110.435711"><ele>3067.863</ele><time>2026-05-23T18:07:09Z</time></trkpt><trkpt lat="44.792557" lon="-110.435699"><ele>3068.087</ele><time>2026-05-23T18:07:18Z</time></trkpt><trkpt lat="44.792574" lon="-110.43569"><ele>3068.486</ele><time>2026-05-23T18:07:20Z</time></trkpt><trkpt lat="44.792583" lon="-110.435686"><ele>3068.660</ele><time>2026-05-23T18:07:21Z</time></trkpt><trkpt lat="44.792599" lon="-110.435679"><ele>3068.826</ele><time>2026-05-23T18:07:23Z</time></trkpt><trkpt lat="44.792612" lon="-110.435669"><ele>3069.409</ele><time>2026-05-23T18:07:27Z</time></trkpt><trkpt lat="44.792645" lon="-110.435647"><ele>3069.090</ele><time>2026-05-23T18:07:33Z</time></trkpt><trkpt lat="44.792701" lon="-110.435608"><ele>3069.824</ele><time>2026-05-23T18:07:41Z</time></trkpt><trkpt lat="44.792714" lon="-110.4356"><ele>3070.093</ele><time>2026-05-23T18:07:43Z</time></trkpt><trkpt lat="44.792752" lon="-110.435566"><ele>3070.675</ele><time>2026-05-23T18:07:50Z</time></trkpt><trkpt lat="44.792764" lon="-110.43556"><ele>3071.047</ele><time>2026-05-23T18:07:52Z</time></trkpt><trkpt lat="44.792785" lon="-110.435539"><ele>3071.851</ele><time>2026-05-23T18:07:56Z</time></trkpt><trkpt lat="44.792795" lon="-110.435529"><ele>3072.029</ele><time>2026-05-23T18:07:58Z</time></trkpt><trkpt lat="44.792808" lon="-110.435516"><ele>3072.256</ele><time>2026-05-23T18:08:01Z</time></trkpt><trkpt lat="44.792839" lon="-110.435487"><ele>3072.640</ele><time>2026-05-23T18:08:06Z</time></trkpt><trkpt lat="44.792852" lon="-110.435474"><ele>3072.671</ele><time>2026-05-23T18:08:08Z</time></trkpt><trkpt lat="44.792862" lon="-110.435466"><ele>3073.041</ele><time>2026-05-23T18:08:10Z</time></trkpt><trkpt lat="44.792875" lon="-110.435449"><ele>3073.215</ele><time>2026-05-23T18:08:13Z</time></trkpt><trkpt lat="44.792887" lon="-110.435436"><ele>3073.409</ele><time>2026-05-23T18:08:16Z</time></trkpt><trkpt lat="44.792915" lon="-110.435413"><ele>3073.819</ele><time>2026-05-23T18:08:21Z</time></trkpt><trkpt lat="44.792923" lon="-110.435413"><ele>3074.023</ele><time>2026-05-23T18:08:22Z</time></trkpt><trkpt lat="44.792966" lon="-110.435406"><ele>3074.092</ele><time>2026-05-23T18:08:28Z</time></trkpt><trkpt lat="44.793024" lon="-110.435376"><ele>3074.884</ele><time>2026-05-23T18:08:37Z</time></trkpt><trkpt lat="44.793042" lon="-110.435371"><ele>3075.016</ele><time>2026-05-23T18:08:41Z</time></trkpt><trkpt lat="44.793058" lon="-110.435359"><ele>3075.490</ele><time>2026-05-23T18:08:45Z</time></trkpt><trkpt lat="44.793094" lon="-110.435341"><ele>3076.068</ele><time>2026-05-23T18:08:51Z</time></trkpt><trkpt lat="44.793105" lon="-110.435338"><ele>3076.445</ele><time>2026-05-23T18:08:53Z</time></trkpt><trkpt lat="44.793145" lon="-110.435327"><ele>3076.819</ele><time>2026-05-23T18:09:01Z</time></trkpt><trkpt lat="44.793146" lon="-110.435326"><ele>3077.059</ele><time>2026-05-23T18:09:02Z</time></trkpt><trkpt lat="44.793147" lon="-110.435323"><ele>3076.403</ele><time>2026-05-23T18:09:10Z</time></trkpt><trkpt lat="44.793163" lon="-110.435334"><ele>3076.023</ele><time>2026-05-23T18:09:16Z</time></trkpt><trkpt lat="44.793182" lon="-110.435336"><ele>3075.609</ele><time>2026-05-23T18:09:18Z</time></trkpt><trkpt lat="44.793204" lon="-110.435351"><ele>3075.297</ele><time>2026-05-23T18:09:23Z</time></trkpt><trkpt lat="44.793212" lon="-110.435357"><ele>3075.031</ele><time>2026-05-23T18:09:25Z</time></trkpt><trkpt lat="44.793241" lon="-110.435368"><ele>3075.460</ele><time>2026-05-23T18:09:31Z</time></trkpt><trkpt lat="44.793251" lon="-110.435378"><ele>3075.292</ele><time>2026-05-23T18:09:38Z</time></trkpt><trkpt lat="44.793257" lon="-110.435378"><ele>3075.844</ele><time>2026-05-23T18:09:43Z</time></trkpt><trkpt lat="44.793269" lon="-110.435376"><ele>3076.028</ele><time>2026-05-23T18:09:46Z</time></trkpt><trkpt lat="44.79328" lon="-110.435378"><ele>3076.896</ele><time>2026-05-23T18:09:52Z</time></trkpt><trkpt lat="44.79329" lon="-110.435385"><ele>3077.043</ele><time>2026-05-23T18:09:55Z</time></trkpt><trkpt lat="44.793301" lon="-110.435402"><ele>3078.037</ele><time>2026-05-23T18:09:59Z</time></trkpt><trkpt lat="44.793303" lon="-110.435402"><ele>3078.035</ele><time>2026-05-23T18:10:01Z</time></trkpt><trkpt lat="44.793301" lon="-110.435398"><ele>3078.286</ele><time>2026-05-23T18:10:07Z</time></trkpt><trkpt lat="44.7933" lon="-110.435391"><ele>3078.614</ele><time>2026-05-23T18:10:18Z</time></trkpt><trkpt lat="44.79331" lon="-110.435422"><ele>3076.809</ele><time>2026-05-23T18:10:25Z</time></trkpt><trkpt lat="44.793317" lon="-110.435422"><ele>3076.865</ele><time>2026-05-23T18:10:26Z</time></trkpt><trkpt lat="44.793353" lon="-110.435429"><ele>3076.419</ele><time>2026-05-23T18:10:32Z</time></trkpt><trkpt lat="44.793391" lon="-110.435438"><ele>3077.268</ele><time>2026-05-23T18:10:37Z</time></trkpt><trkpt lat="44.793446" lon="-110.435428"><ele>3077.250</ele><time>2026-05-23T18:10:44Z</time></trkpt><trkpt lat="44.793455" lon="-110.435429"><ele>3077.422</ele><time>2026-05-23T18:10:45Z</time></trkpt><trkpt lat="44.793475" lon="-110.435426"><ele>3078.026</ele><time>2026-05-23T18:10:47Z</time></trkpt><trkpt lat="44.793513" lon="-110.435434"><ele>3078.054</ele><time>2026-05-23T18:10:52Z</time></trkpt><trkpt lat="44.793516" lon="-110.435435"><ele>3077.811</ele><time>2026-05-23T18:10:53Z</time></trkpt><trkpt lat="44.793529" lon="-110.435445"><ele>3077.845</ele><time>2026-05-23T18:10:57Z</time></trkpt><trkpt lat="44.793554" lon="-110.43544"><ele>3077.667</ele><time>2026-05-23T18:11:00Z</time></trkpt><trkpt lat="44.793631" lon="-110.435444"><ele>3078.281</ele><time>2026-05-23T18:11:09Z</time></trkpt><trkpt lat="44.793682" lon="-110.435418"><ele>3078.819</ele><time>2026-05-23T18:11:17Z</time></trkpt><trkpt lat="44.793693" lon="-110.435418"><ele>3079.009</ele><time>2026-05-23T18:11:19Z</time></trkpt><trkpt lat="44.79374" lon="-110.43541"><ele>3079.228</ele><time>2026-05-23T18:11:25Z</time></trkpt><trkpt lat="44.793758" lon="-110.435406"><ele>3079.092</ele><time>2026-05-23T18:11:27Z</time></trkpt><trkpt lat="44.793797" lon="-110.435401"><ele>3079.691</ele><time>2026-05-23T18:11:33Z</time></trkpt><trkpt lat="44.793854" lon="-110.435403"><ele>3080.063</ele><time>2026-05-23T18:11:42Z</time></trkpt><trkpt lat="44.793907" lon="-110.4354"><ele>3080.645</ele><time>2026-05-23T18:11:49Z</time></trkpt><trkpt lat="44.79393" lon="-110.435386"><ele>3081.259</ele><time>2026-05-23T18:11:52Z</time></trkpt><trkpt lat="44.793942" lon="-110.435383"><ele>3082.077</ele><time>2026-05-23T18:11:56Z</time></trkpt><trkpt lat="44.79395" lon="-110.43538"><ele>3082.274</ele><time>2026-05-23T18:11:57Z</time></trkpt><trkpt lat="44.793972" lon="-110.435386"><ele>3082.678</ele><time>2026-05-23T18:12:02Z</time></trkpt><trkpt lat="44.793995" lon="-110.435368"><ele>3083.471</ele><time>2026-05-23T18:12:08Z</time></trkpt><trkpt lat="44.794015" lon="-110.43535"><ele>3084.441</ele><time>2026-05-23T18:12:12Z</time></trkpt><trkpt lat="44.79402" lon="-110.435333"><ele>3084.615</ele><time>2026-05-23T18:12:15Z</time></trkpt><trkpt lat="44.79404" lon="-110.435304"><ele>3085.009</ele><time>2026-05-23T18:12:21Z</time></trkpt><trkpt lat="44.794047" lon="-110.4353"><ele>3084.829</ele><time>2026-05-23T18:12:22Z</time></trkpt><trkpt lat="44.79409" lon="-110.435278"><ele>3085.423</ele><time>2026-05-23T18:12:27Z</time></trkpt><trkpt lat="44.794099" lon="-110.435277"><ele>3085.892</ele><time>2026-05-23T18:12:29Z</time></trkpt><trkpt lat="44.794154" lon="-110.435259"><ele>3084.664</ele><time>2026-05-23T18:12:37Z</time></trkpt><trkpt lat="44.794205" lon="-110.435206"><ele>3084.826</ele><time>2026-05-23T18:12:45Z</time></trkpt><trkpt lat="44.79427" lon="-110.43517"><ele>3085.070</ele><time>2026-05-23T18:12:54Z</time></trkpt><trkpt lat="44.794292" lon="-110.435156"><ele>3086.618</ele><time>2026-05-23T18:12:57Z</time></trkpt><trkpt lat="44.794317" lon="-110.43515"><ele>3087.615</ele><time>2026-05-23T18:13:00Z</time></trkpt><trkpt lat="44.794345" lon="-110.435131"><ele>3087.829</ele><time>2026-05-23T18:13:04Z</time></trkpt><trkpt lat="44.79441" lon="-110.435107"><ele>3087.438</ele><time>2026-05-23T18:13:12Z</time></trkpt><trkpt lat="44.794456" lon="-110.4351"><ele>3087.670</ele><time>2026-05-23T18:13:17Z</time></trkpt><trkpt lat="44.794494" lon="-110.435066"><ele>3088.217</ele><time>2026-05-23T18:13:23Z</time></trkpt><trkpt lat="44.794512" lon="-110.435058"><ele>3089.009</ele><time>2026-05-23T18:13:25Z</time></trkpt><trkpt lat="44.794576" lon="-110.435014"><ele>3088.635</ele><time>2026-05-23T18:13:33Z</time></trkpt><trkpt lat="44.794623" lon="-110.434993"><ele>3089.079</ele><time>2026-05-23T18:13:39Z</time></trkpt><trkpt lat="44.794654" lon="-110.434974"><ele>3089.058</ele><time>2026-05-23T18:13:42Z</time></trkpt><trkpt lat="44.794722" lon="-110.434928"><ele>3089.830</ele><time>2026-05-23T18:13:51Z</time></trkpt><trkpt lat="44.794733" lon="-110.434916"><ele>3089.672</ele><time>2026-05-23T18:13:53Z</time></trkpt><trkpt lat="44.794781" lon="-110.434891"><ele>3089.426</ele><time>2026-05-23T18:14:02Z</time></trkpt><trkpt lat="44.794862" lon="-110.434884"><ele>3090.024</ele><time>2026-05-23T18:14:12Z</time></trkpt><trkpt lat="44.794869" lon="-110.434882"><ele>3090.051</ele><time>2026-05-23T18:14:13Z</time></trkpt><trkpt lat="44.794881" lon="-110.434875"><ele>3090.665</ele><time>2026-05-23T18:14:19Z</time></trkpt><trkpt lat="44.794913" lon="-110.434861"><ele>3090.434</ele><time>2026-05-23T18:14:26Z</time></trkpt><trkpt lat="44.794983" lon="-110.434856"><ele>3090.655</ele><time>2026-05-23T18:14:34Z</time></trkpt><trkpt lat="44.795019" lon="-110.434855"><ele>3090.410</ele><time>2026-05-23T18:14:38Z</time></trkpt><trkpt lat="44.795055" lon="-110.434856"><ele>3091.009</ele><time>2026-05-23T18:14:42Z</time></trkpt><trkpt lat="44.795069" lon="-110.434856"><ele>3091.085</ele><time>2026-05-23T18:14:45Z</time></trkpt><trkpt lat="44.795076" lon="-110.43486"><ele>3091.099</ele><time>2026-05-23T18:14:53Z</time></trkpt><trkpt lat="44.795094" lon="-110.434857"><ele>3090.868</ele><time>2026-05-23T18:15:03Z</time></trkpt><trkpt lat="44.795107" lon="-110.434846"><ele>3091.680</ele><time>2026-05-23T18:15:10Z</time></trkpt><trkpt lat="44.795115" lon="-110.434851"><ele>3091.842</ele><time>2026-05-23T18:15:17Z</time></trkpt><trkpt lat="44.795121" lon="-110.434857"><ele>3091.866</ele><time>2026-05-23T18:15:20Z</time></trkpt><trkpt lat="44.795122" lon="-110.434857"><ele>3091.674</ele><time>2026-05-23T18:15:21Z</time></trkpt><trkpt lat="44.795125" lon="-110.434853"><ele>3090.831</ele><time>2026-05-23T18:15:27Z</time></trkpt><trkpt lat="44.795161" lon="-110.434826"><ele>3090.635</ele><time>2026-05-23T18:15:34Z</time></trkpt><trkpt lat="44.795201" lon="-110.434806"><ele>3090.066</ele><time>2026-05-23T18:15:38Z</time></trkpt><trkpt lat="44.79522" lon="-110.434791"><ele>3089.829</ele><time>2026-05-23T18:15:40Z</time></trkpt><trkpt lat="44.795251" lon="-110.434749"><ele>3090.021</ele><time>2026-05-23T18:15:46Z</time></trkpt><trkpt lat="44.795256" lon="-110.434743"><ele>3090.009</ele><time>2026-05-23T18:15:47Z</time></trkpt><trkpt lat="44.795282" lon="-110.43472"><ele>3091.078</ele><time>2026-05-23T18:15:51Z</time></trkpt><trkpt lat="44.795297" lon="-110.434725"><ele>3091.832</ele><time>2026-05-23T18:15:54Z</time></trkpt><trkpt lat="44.795352" lon="-110.434742"><ele>3091.471</ele><time>2026-05-23T18:16:00Z</time></trkpt><trkpt lat="44.795421" lon="-110.434728"><ele>3090.423</ele><time>2026-05-23T18:16:09Z</time></trkpt><trkpt lat="44.79542" lon="-110.434725"><ele>3091.285</ele><time>2026-05-23T18:16:16Z</time></trkpt><trkpt lat="44.795464" lon="-110.434713"><ele>3090.879</ele><time>2026-05-23T18:16:22Z</time></trkpt><trkpt lat="44.795492" lon="-110.434692"><ele>3090.477</ele><time>2026-05-23T18:16:29Z</time></trkpt><trkpt lat="44.795493" lon="-110.434693"><ele>3090.264</ele><time>2026-05-23T18:16:39Z</time></trkpt><trkpt lat="44.795497" lon="-110.434695"><ele>3090.288</ele><time>2026-05-23T18:16:46Z</time></trkpt><trkpt lat="44.795493" lon="-110.434693"><ele>3090.437</ele><time>2026-05-23T18:16:50Z</time></trkpt><trkpt lat="44.795493" lon="-110.434693"><ele>3090.649</ele><time>2026-05-23T18:16:52Z</time></trkpt><trkpt lat="44.795512" lon="-110.434681"><ele>3090.613</ele><time>2026-05-23T18:16:58Z</time></trkpt><trkpt lat="44.795574" lon="-110.434644"><ele>3091.209</ele><time>2026-05-23T18:17:06Z</time></trkpt><trkpt lat="44.795574" lon="-110.434636"><ele>3091.835</ele><time>2026-05-23T18:17:12Z</time></trkpt><trkpt lat="44.795574" lon="-110.434636"><ele>3092.039</ele><time>2026-05-23T18:17:16Z</time></trkpt><trkpt lat="44.795574" lon="-110.434636"><ele>3092.238</ele><time>2026-05-23T18:17:20Z</time></trkpt><trkpt lat="44.795574" lon="-110.434636"><ele>3092.420</ele><time>2026-05-23T18:17:29Z</time></trkpt><trkpt lat="44.795574" lon="-110.434636"><ele>3091.822</ele><time>2026-05-23T18:17:36Z</time></trkpt><trkpt lat="44.795571" lon="-110.434638"><ele>3092.276</ele><time>2026-05-23T18:17:46Z</time></trkpt><trkpt lat="44.795577" lon="-110.434651"><ele>3092.074</ele><time>2026-05-23T18:17:51Z</time></trkpt><trkpt lat="44.79557" lon="-110.434655"><ele>3091.661</ele><time>2026-05-23T18:17:59Z</time></trkpt><trkpt lat="44.79557" lon="-110.434655"><ele>3091.835</ele><time>2026-05-23T18:18:01Z</time></trkpt><trkpt lat="44.795564" lon="-110.434652"><ele>3092.282</ele><time>2026-05-23T18:18:04Z</time></trkpt><trkpt lat="44.79557" lon="-110.434655"><ele>3092.243</ele><time>2026-05-23T18:18:11Z</time></trkpt><trkpt lat="44.79557" lon="-110.434655"><ele>3092.217</ele><time>2026-05-23T18:18:13Z</time></trkpt><trkpt lat="44.79557" lon="-110.434655"><ele>3092.009</ele><time>2026-05-23T18:18:14Z</time></trkpt><trkpt lat="44.79557" lon="-110.434655"><ele>3091.680</ele><time>2026-05-23T18:18:30Z</time></trkpt><trkpt lat="44.79557" lon="-110.434655"><ele>3091.634</ele><time>2026-05-23T18:18:36Z</time></trkpt><trkpt lat="44.79557" lon="-110.434655"><ele>3091.633</ele><time>2026-05-23T18:18:47Z</time></trkpt><trkpt lat="44.79557" lon="-110.434655"><ele>3091.675</ele><time>2026-05-23T18:18:58Z</time></trkpt><trkpt lat="44.795561" lon="-110.434652"><ele>3091.417</ele><time>2026-05-23T18:19:04Z</time></trkpt><trkpt lat="44.79556" lon="-110.434637"><ele>3091.441</ele><time>2026-05-23T18:19:15Z</time></trkpt><trkpt lat="44.795548" lon="-110.434647"><ele>3091.079</ele><time>2026-05-23T18:19:18Z</time></trkpt><trkpt lat="44.795553" lon="-110.43464"><ele>3090.426</ele><time>2026-05-23T18:19:21Z</time></trkpt><trkpt lat="44.795574" lon="-110.434621"><ele>3091.030</ele><time>2026-05-23T18:19:25Z</time></trkpt><trkpt lat="44.795589" lon="-110.434599"><ele>3091.895</ele><time>2026-05-23T18:19:30Z</time></trkpt><trkpt lat="44.795609" lon="-110.434584"><ele>3091.049</ele><time>2026-05-23T18:19:36Z</time></trkpt><trkpt lat="44.795612" lon="-110.434585"><ele>3090.623</ele><time>2026-05-23T18:19:45Z</time></trkpt><trkpt lat="44.79561" lon="-110.434585"><ele>3090.809</ele><time>2026-05-23T18:19:53Z</time></trkpt><trkpt lat="44.79564" lon="-110.43457"><ele>3090.811</ele><time>2026-05-23T18:20:00Z</time></trkpt><trkpt lat="44.795638" lon="-110.434569"><ele>3090.685</ele><time>2026-05-23T18:20:05Z</time></trkpt><trkpt lat="44.795642" lon="-110.434566"><ele>3090.654</ele><time>2026-05-23T18:20:13Z</time></trkpt><trkpt lat="44.795667" lon="-110.434546"><ele>3089.626</ele><time>2026-05-23T18:20:16Z</time></trkpt><trkpt lat="44.795691" lon="-110.434514"><ele>3088.818</ele><time>2026-05-23T18:20:19Z</time></trkpt><trkpt lat="44.795667" lon="-110.434526"><ele>3088.852</ele><time>2026-05-23T18:20:24Z</time></trkpt><trkpt lat="44.795641" lon="-110.434544"><ele>3089.470</ele><time>2026-05-23T18:20:27Z</time></trkpt><trkpt lat="44.79562" lon="-110.434556"><ele>3089.637</ele><time>2026-05-23T18:20:30Z</time></trkpt><trkpt lat="44.795611" lon="-110.434564"><ele>3089.861</ele><time>2026-05-23T18:20:35Z</time></trkpt><trkpt lat="44.795599" lon="-110.434576"><ele>3090.498</ele><time>2026-05-23T18:20:42Z</time></trkpt><trkpt lat="44.795599" lon="-110.434576"><ele>3090.615</ele><time>2026-05-23T18:20:43Z</time></trkpt><trkpt lat="44.795592" lon="-110.434582"><ele>3091.026</ele><time>2026-05-23T18:20:48Z</time></trkpt><trkpt lat="44.795584" lon="-110.434593"><ele>3090.609</ele><time>2026-05-23T18:20:53Z</time></trkpt><trkpt lat="44.79558" lon="-110.434594"><ele>3090.831</ele><time>2026-05-23T18:20:59Z</time></trkpt><trkpt lat="44.795557" lon="-110.434643"><ele>3090.895</ele><time>2026-05-23T18:21:06Z</time></trkpt><trkpt lat="44.795552" lon="-110.434644"><ele>3089.634</ele><time>2026-05-23T18:21:11Z</time></trkpt><trkpt lat="44.795556" lon="-110.43465"><ele>3090.246</ele><time>2026-05-23T18:21:18Z</time></trkpt><trkpt lat="44.79556" lon="-110.434651"><ele>3089.698</ele><time>2026-05-23T18:21:31Z</time></trkpt><trkpt lat="44.79556" lon="-110.434651"><ele>3089.822</ele><time>2026-05-23T18:21:42Z</time></trkpt><trkpt lat="44.79556" lon="-110.434651"><ele>3089.620</ele><time>2026-05-23T18:21:54Z</time></trkpt><trkpt lat="44.79556" lon="-110.434651"><ele>3089.457</ele><time>2026-05-23T18:22:02Z</time></trkpt><trkpt lat="44.79556" lon="-110.434651"><ele>3089.821</ele><time>2026-05-23T18:22:08Z</time></trkpt><trkpt lat="44.795561" lon="-110.434653"><ele>3089.233</ele><time>2026-05-23T18:22:16Z</time></trkpt><trkpt lat="44.79556" lon="-110.434651"><ele>3089.423</ele><time>2026-05-23T18:22:23Z</time></trkpt><trkpt lat="44.795541" lon="-110.43465"><ele>3089.015</ele><time>2026-05-23T18:22:34Z</time></trkpt><trkpt lat="44.795578" lon="-110.434627"><ele>3090.009</ele><time>2026-05-23T18:22:42Z</time></trkpt><trkpt lat="44.795609" lon="-110.434592"><ele>3089.665</ele><time>2026-05-23T18:22:51Z</time></trkpt><trkpt lat="44.795632" lon="-110.434575"><ele>3088.869</ele><time>2026-05-23T18:22:55Z</time></trkpt><trkpt lat="44.795637" lon="-110.434567"><ele>3088.458</ele><time>2026-05-23T18:22:56Z</time></trkpt><trkpt lat="44.795643" lon="-110.434561"><ele>3088.210</ele><time>2026-05-23T18:22:57Z</time></trkpt><trkpt lat="44.795671" lon="-110.434538"><ele>3087.222</ele><time>2026-05-23T18:23:01Z</time></trkpt><trkpt lat="44.795707" lon="-110.434506"><ele>3086.226</ele><time>2026-05-23T18:23:05Z</time></trkpt><trkpt lat="44.795697" lon="-110.434509"><ele>3087.224</ele><time>2026-05-23T18:23:10Z</time></trkpt><trkpt lat="44.795693" lon="-110.434515"><ele>3087.491</ele><time>2026-05-23T18:23:11Z</time></trkpt><trkpt lat="44.79569" lon="-110.434541"><ele>3087.065</ele><time>2026-05-23T18:23:16Z</time></trkpt><trkpt lat="44.795689" lon="-110.434535"><ele>3086.252</ele><time>2026-05-23T18:23:19Z</time></trkpt><trkpt lat="44.795686" lon="-110.434541"><ele>3085.853</ele><time>2026-05-23T18:23:30Z</time></trkpt><trkpt lat="44.795686" lon="-110.434541"><ele>3086.608</ele><time>2026-05-23T18:23:43Z</time></trkpt><trkpt lat="44.795686" lon="-110.434541"><ele>3086.209</ele><time>2026-05-23T18:23:49Z</time></trkpt><trkpt lat="44.795686" lon="-110.434541"><ele>3086.247</ele><time>2026-05-23T18:23:59Z</time></trkpt><trkpt lat="44.795686" lon="-110.434541"><ele>3086.821</ele><time>2026-05-23T18:24:28Z</time></trkpt><trkpt lat="44.795686" lon="-110.434541"><ele>3086.890</ele><time>2026-05-23T18:24:37Z</time></trkpt><trkpt lat="44.795693" lon="-110.434508"><ele>3087.082</ele><time>2026-05-23T18:24:42Z</time></trkpt><trkpt lat="44.795697" lon="-110.4345"><ele>3087.424</ele><time>2026-05-23T18:24:44Z</time></trkpt><trkpt lat="44.795719" lon="-110.434482"><ele>3087.438</ele><time>2026-05-23T18:24:48Z</time></trkpt><trkpt lat="44.795752" lon="-110.434466"><ele>3087.076</ele><time>2026-05-23T18:24:53Z</time></trkpt><trkpt lat="44.795769" lon="-110.434449"><ele>3087.043</ele><time>2026-05-23T18:24:56Z</time></trkpt><trkpt lat="44.795816" lon="-110.434409"><ele>3086.877</ele><time>2026-05-23T18:25:03Z</time></trkpt><trkpt lat="44.79586" lon="-110.434387"><ele>3086.441</ele><time>2026-05-23T18:25:07Z</time></trkpt><trkpt lat="44.795922" lon="-110.434403"><ele>3086.681</ele><time>2026-05-23T18:25:14Z</time></trkpt><trkpt lat="44.796013" lon="-110.434384"><ele>3087.409</ele><time>2026-05-23T18:25:23Z</time></trkpt><trkpt lat="44.796074" lon="-110.434351"><ele>3087.809</ele><time>2026-05-23T18:25:30Z</time></trkpt><trkpt lat="44.79608" lon="-110.434349"><ele>3088.036</ele><time>2026-05-23T18:25:31Z</time></trkpt><trkpt lat="44.796091" lon="-110.434352"><ele>3088.890</ele><time>2026-05-23T18:25:33Z</time></trkpt><trkpt lat="44.796111" lon="-110.434349"><ele>3089.839</ele><time>2026-05-23T18:25:36Z</time></trkpt><trkpt lat="44.796127" lon="-110.434347"><ele>3089.891</ele><time>2026-05-23T18:25:38Z</time></trkpt><trkpt lat="44.796137" lon="-110.43434"><ele>3089.873</ele><time>2026-05-23T18:25:39Z</time></trkpt><trkpt lat="44.796158" lon="-110.434305"><ele>3090.257</ele><time>2026-05-23T18:25:42Z</time></trkpt><trkpt lat="44.796167" lon="-110.434291"><ele>3090.445</ele><time>2026-05-23T18:25:43Z</time></trkpt><trkpt lat="44.796174" lon="-110.434281"><ele>3090.842</ele><time>2026-05-23T18:25:44Z</time></trkpt><trkpt lat="44.79618" lon="-110.434269"><ele>3091.056</ele><time>2026-05-23T18:25:45Z</time></trkpt><trkpt lat="44.796185" lon="-110.434257"><ele>3091.052</ele><time>2026-05-23T18:25:46Z</time></trkpt><trkpt lat="44.796253" lon="-110.434118"><ele>3091.653</ele><time>2026-05-23T18:25:56Z</time></trkpt><trkpt lat="44.796314" lon="-110.434059"><ele>3092.208</ele><time>2026-05-23T18:26:04Z</time></trkpt><trkpt lat="44.79633" lon="-110.434043"><ele>3093.409</ele><time>2026-05-23T18:26:06Z</time></trkpt><trkpt lat="44.796364" lon="-110.433995"><ele>3092.867</ele><time>2026-05-23T18:26:11Z</time></trkpt><trkpt lat="44.796381" lon="-110.43397"><ele>3092.031</ele><time>2026-05-23T18:26:13Z</time></trkpt><trkpt lat="44.796423" lon="-110.433929"><ele>3092.420</ele><time>2026-05-23T18:26:19Z</time></trkpt><trkpt lat="44.796453" lon="-110.43389"><ele>3093.072</ele><time>2026-05-23T18:26:24Z</time></trkpt><trkpt lat="44.796462" lon="-110.43388"><ele>3093.274</ele><time>2026-05-23T18:26:25Z</time></trkpt><trkpt lat="44.796499" lon="-110.433824"><ele>3094.098</ele><time>2026-05-23T18:26:30Z</time></trkpt><trkpt lat="44.796535" lon="-110.433772"><ele>3093.246</ele><time>2026-05-23T18:26:37Z</time></trkpt><trkpt lat="44.796539" lon="-110.433746"><ele>3093.213</ele><time>2026-05-23T18:26:39Z</time></trkpt><trkpt lat="44.796546" lon="-110.433666"><ele>3094.017</ele><time>2026-05-23T18:26:43Z</time></trkpt><trkpt lat="44.796557" lon="-110.433645"><ele>3094.438</ele><time>2026-05-23T18:26:45Z</time></trkpt><trkpt lat="44.796587" lon="-110.433578"><ele>3094.470</ele><time>2026-05-23T18:26:50Z</time></trkpt><trkpt lat="44.796624" lon="-110.433497"><ele>3095.217</ele><time>2026-05-23T18:26:56Z</time></trkpt><trkpt lat="44.796665" lon="-110.43342"><ele>3095.409</ele><time>2026-05-23T18:27:02Z</time></trkpt><trkpt lat="44.796682" lon="-110.433391"><ele>3095.655</ele><time>2026-05-23T18:27:04Z</time></trkpt><trkpt lat="44.796725" lon="-110.43332"><ele>3096.489</ele><time>2026-05-23T18:27:10Z</time></trkpt><trkpt lat="44.79673" lon="-110.433314"><ele>3096.688</ele><time>2026-05-23T18:27:11Z</time></trkpt><trkpt lat="44.796817" lon="-110.433225"><ele>3097.480</ele><time>2026-05-23T18:27:21Z</time></trkpt><trkpt lat="44.796875" lon="-110.433152"><ele>3098.222</ele><time>2026-05-23T18:27:28Z</time></trkpt><trkpt lat="44.796884" lon="-110.433128"><ele>3098.616</ele><time>2026-05-23T18:27:30Z</time></trkpt><trkpt lat="44.796918" lon="-110.433082"><ele>3099.644</ele><time>2026-05-23T18:27:34Z</time></trkpt><trkpt lat="44.79695" lon="-110.433046"><ele>3100.841</ele><time>2026-05-23T18:27:38Z</time></trkpt><trkpt lat="44.796956" lon="-110.433038"><ele>3101.065</ele><time>2026-05-23T18:27:39Z</time></trkpt><trkpt lat="44.79701" lon="-110.432997"><ele>3101.479</ele><time>2026-05-23T18:27:45Z</time></trkpt><trkpt lat="44.79704" lon="-110.432976"><ele>3101.805</ele><time>2026-05-23T18:27:48Z</time></trkpt><trkpt lat="44.797114" lon="-110.432946"><ele>3102.025</ele><time>2026-05-23T18:27:56Z</time></trkpt><trkpt lat="44.797107" lon="-110.432945"><ele>3102.209</ele><time>2026-05-23T18:28:03Z</time></trkpt><trkpt lat="44.797097" lon="-110.43297"><ele>3101.439</ele><time>2026-05-23T18:28:14Z</time></trkpt><trkpt lat="44.797097" lon="-110.432972"><ele>3101.423</ele><time>2026-05-23T18:28:15Z</time></trkpt><trkpt lat="44.797103" lon="-110.432972"><ele>3101.672</ele><time>2026-05-23T18:28:21Z</time></trkpt><trkpt lat="44.797129" lon="-110.432975"><ele>3101.244</ele><time>2026-05-23T18:28:25Z</time></trkpt><trkpt lat="44.797189" lon="-110.43299"><ele>3102.066</ele><time>2026-05-23T18:28:33Z</time></trkpt><trkpt lat="44.797268" lon="-110.432979"><ele>3102.240</ele><time>2026-05-23T18:28:40Z</time></trkpt><trkpt lat="44.797309" lon="-110.432972"><ele>3103.068</ele><time>2026-05-23T18:28:46Z</time></trkpt><trkpt lat="44.797331" lon="-110.432966"><ele>3103.215</ele><time>2026-05-23T18:28:48Z</time></trkpt><trkpt lat="44.797348" lon="-110.432954"><ele>3103.669</ele><time>2026-05-23T18:28:52Z</time></trkpt><trkpt lat="44.797365" lon="-110.432946"><ele>3103.894</ele><time>2026-05-23T18:28:56Z</time></trkpt><trkpt lat="44.797381" lon="-110.432943"><ele>3104.057</ele><time>2026-05-23T18:29:02Z</time></trkpt><trkpt lat="44.797363" lon="-110.432943"><ele>3104.022</ele><time>2026-05-23T18:29:07Z</time></trkpt><trkpt lat="44.797379" lon="-110.43294"><ele>3104.409</ele><time>2026-05-23T18:29:15Z</time></trkpt><trkpt lat="44.797374" lon="-110.43294"><ele>3104.441</ele><time>2026-05-23T18:29:20Z</time></trkpt><trkpt lat="44.797368" lon="-110.432938"><ele>3104.245</ele><time>2026-05-23T18:29:23Z</time></trkpt><trkpt lat="44.797368" lon="-110.432934"><ele>3104.214</ele><time>2026-05-23T18:29:25Z</time></trkpt><trkpt lat="44.797368" lon="-110.432934"><ele>3104.236</ele><time>2026-05-23T18:29:35Z</time></trkpt><trkpt lat="44.797355" lon="-110.432924"><ele>3104.228</ele><time>2026-05-23T18:29:43Z</time></trkpt><trkpt lat="44.797368" lon="-110.432934"><ele>3103.862</ele><time>2026-05-23T18:29:48Z</time></trkpt><trkpt lat="44.797368" lon="-110.432934"><ele>3103.650</ele><time>2026-05-23T18:29:55Z</time></trkpt><trkpt lat="44.797364" lon="-110.432921"><ele>3103.677</ele><time>2026-05-23T18:30:09Z</time></trkpt><trkpt lat="44.797366" lon="-110.432922"><ele>3103.661</ele><time>2026-05-23T18:30:18Z</time></trkpt><trkpt lat="44.79737" lon="-110.43292"><ele>3103.024</ele><time>2026-05-23T18:30:22Z</time></trkpt><trkpt lat="44.79738" lon="-110.432925"><ele>3102.404</ele><time>2026-05-23T18:30:26Z</time></trkpt><trkpt lat="44.797385" lon="-110.432919"><ele>3101.814</ele><time>2026-05-23T18:30:31Z</time></trkpt><trkpt lat="44.797384" lon="-110.432908"><ele>3101.609</ele><time>2026-05-23T18:30:34Z</time></trkpt><trkpt lat="44.797372" lon="-110.432889"><ele>3101.444</ele><time>2026-05-23T18:30:39Z</time></trkpt><trkpt lat="44.797366" lon="-110.432891"><ele>3101.428</ele><time>2026-05-23T18:30:40Z</time></trkpt><trkpt lat="44.797363" lon="-110.43289"><ele>3101.637</ele><time>2026-05-23T18:30:45Z</time></trkpt><trkpt lat="44.797363" lon="-110.43289"><ele>3101.439</ele><time>2026-05-23T18:30:47Z</time></trkpt><trkpt lat="44.797363" lon="-110.432891"><ele>3100.891</ele><time>2026-05-23T18:30:49Z</time></trkpt><trkpt lat="44.797368" lon="-110.432883"><ele>3100.625</ele><time>2026-05-23T18:30:53Z</time></trkpt><trkpt lat="44.797368" lon="-110.432891"><ele>3100.613</ele><time>2026-05-23T18:31:01Z</time></trkpt><trkpt lat="44.797375" lon="-110.432883"><ele>3100.830</ele><time>2026-05-23T18:31:08Z</time></trkpt><trkpt lat="44.797384" lon="-110.432887"><ele>3100.894</ele><time>2026-05-23T18:31:17Z</time></trkpt><trkpt lat="44.797387" lon="-110.432884"><ele>3101.087</ele><time>2026-05-23T18:31:26Z</time></trkpt><trkpt lat="44.797443" lon="-110.432857"><ele>3100.242</ele><time>2026-05-23T18:31:31Z</time></trkpt><trkpt lat="44.79745" lon="-110.432854"><ele>3100.226</ele><time>2026-05-23T18:31:32Z</time></trkpt><trkpt lat="44.797448" lon="-110.432853"><ele>3100.609</ele><time>2026-05-23T18:31:40Z</time></trkpt><trkpt lat="44.797444" lon="-110.432853"><ele>3099.860</ele><time>2026-05-23T18:31:45Z</time></trkpt><trkpt lat="44.797449" lon="-110.432855"><ele>3101.054</ele><time>2026-05-23T18:31:53Z</time></trkpt><trkpt lat="44.797449" lon="-110.432855"><ele>3101.283</ele><time>2026-05-23T18:31:55Z</time></trkpt><trkpt lat="44.797482" lon="-110.432835"><ele>3100.445</ele><time>2026-05-23T18:32:03Z</time></trkpt><trkpt lat="44.797528" lon="-110.432755"><ele>3101.277</ele><time>2026-05-23T18:32:09Z</time></trkpt><trkpt lat="44.797564" lon="-110.432724"><ele>3102.011</ele><time>2026-05-23T18:32:13Z</time></trkpt><trkpt lat="44.797589" lon="-110.432705"><ele>3102.029</ele><time>2026-05-23T18:32:15Z</time></trkpt><trkpt lat="44.797654" lon="-110.432635"><ele>3102.816</ele><time>2026-05-23T18:32:23Z</time></trkpt><trkpt lat="44.797653" lon="-110.43263"><ele>3103.490</ele><time>2026-05-23T18:32:25Z</time></trkpt><trkpt lat="44.797662" lon="-110.432626"><ele>3104.217</ele><time>2026-05-23T18:32:27Z</time></trkpt><trkpt lat="44.797675" lon="-110.432624"><ele>3104.687</ele><time>2026-05-23T18:32:28Z</time></trkpt><trkpt lat="44.797685" lon="-110.432625"><ele>3104.815</ele><time>2026-05-23T18:32:29Z</time></trkpt><trkpt lat="44.797761" lon="-110.432606"><ele>3103.609</ele><time>2026-05-23T18:32:35Z</time></trkpt><trkpt lat="44.797774" lon="-110.432608"><ele>3103.093</ele><time>2026-05-23T18:32:36Z</time></trkpt><trkpt lat="44.797788" lon="-110.432609"><ele>3102.497</ele><time>2026-05-23T18:32:37Z</time></trkpt><trkpt lat="44.797799" lon="-110.432608"><ele>3101.816</ele><time>2026-05-23T18:32:38Z</time></trkpt><trkpt lat="44.797888" lon="-110.432663"><ele>3101.438</ele><time>2026-05-23T18:32:46Z</time></trkpt><trkpt lat="44.797922" lon="-110.43269"><ele>3101.680</ele><time>2026-05-23T18:32:52Z</time></trkpt><trkpt lat="44.797923" lon="-110.432702"><ele>3101.834</ele><time>2026-05-23T18:32:55Z</time></trkpt><trkpt lat="44.797952" lon="-110.432731"><ele>3101.862</ele><time>2026-05-23T18:32:58Z</time></trkpt><trkpt lat="44.798023" lon="-110.432796"><ele>3102.229</ele><time>2026-05-23T18:33:07Z</time></trkpt><trkpt lat="44.798074" lon="-110.432863"><ele>3102.663</ele><time>2026-05-23T18:33:15Z</time></trkpt><trkpt lat="44.798075" lon="-110.432857"><ele>3102.849</ele><time>2026-05-23T18:33:19Z</time></trkpt><trkpt lat="44.798072" lon="-110.432855"><ele>3102.802</ele><time>2026-05-23T18:33:20Z</time></trkpt><trkpt lat="44.798072" lon="-110.432856"><ele>3102.422</ele><time>2026-05-23T18:33:22Z</time></trkpt><trkpt lat="44.798071" lon="-110.432857"><ele>3102.609</ele><time>2026-05-23T18:33:27Z</time></trkpt><trkpt lat="44.798071" lon="-110.432857"><ele>3103.076</ele><time>2026-05-23T18:33:29Z</time></trkpt><trkpt lat="44.798075" lon="-110.432861"><ele>3103.090</ele><time>2026-05-23T18:33:35Z</time></trkpt><trkpt lat="44.798079" lon="-110.432861"><ele>3102.619</ele><time>2026-05-23T18:33:44Z</time></trkpt><trkpt lat="44.798079" lon="-110.432861"><ele>3102.881</ele><time>2026-05-23T18:33:52Z</time></trkpt><trkpt lat="44.798085" lon="-110.432869"><ele>3102.663</ele><time>2026-05-23T18:34:05Z</time></trkpt><trkpt lat="44.798084" lon="-110.432846"><ele>3102.677</ele><time>2026-05-23T18:34:15Z</time></trkpt><trkpt lat="44.798083" lon="-110.432855"><ele>3102.875</ele><time>2026-05-23T18:34:27Z</time></trkpt><trkpt lat="44.798099" lon="-110.432885"><ele>3102.822</ele><time>2026-05-23T18:34:37Z</time></trkpt><trkpt lat="44.798152" lon="-110.432928"><ele>3102.886</ele><time>2026-05-23T18:34:42Z</time></trkpt><trkpt lat="44.798163" lon="-110.432943"><ele>3103.042</ele><time>2026-05-23T18:34:44Z</time></trkpt><trkpt lat="44.798207" lon="-110.433003"><ele>3103.222</ele><time>2026-05-23T18:34:50Z</time></trkpt><trkpt lat="44.798235" lon="-110.433075"><ele>3103.214</ele><time>2026-05-23T18:34:55Z</time></trkpt><trkpt lat="44.79825" lon="-110.433114"><ele>3103.609</ele><time>2026-05-23T18:34:58Z</time></trkpt><trkpt lat="44.798269" lon="-110.43318"><ele>3104.066</ele><time>2026-05-23T18:35:03Z</time></trkpt><trkpt lat="44.798286" lon="-110.433231"><ele>3104.650</ele><time>2026-05-23T18:35:07Z</time></trkpt><trkpt lat="44.798293" lon="-110.433274"><ele>3105.049</ele><time>2026-05-23T18:35:10Z</time></trkpt><trkpt lat="44.798323" lon="-110.433345"><ele>3106.251</ele><time>2026-05-23T18:35:15Z</time></trkpt><trkpt lat="44.798324" lon="-110.43336"><ele>3106.443</ele><time>2026-05-23T18:35:16Z</time></trkpt><trkpt lat="44.798326" lon="-110.433393"><ele>3106.617</ele><time>2026-05-23T18:35:19Z</time></trkpt><trkpt lat="44.798335" lon="-110.433436"><ele>3106.625</ele><time>2026-05-23T18:35:22Z</time></trkpt><trkpt lat="44.798344" lon="-110.433495"><ele>3107.212</ele><time>2026-05-23T18:35:27Z</time></trkpt><trkpt lat="44.798348" lon="-110.433532"><ele>3107.656</ele><time>2026-05-23T18:35:30Z</time></trkpt><trkpt lat="44.798358" lon="-110.433634"><ele>3108.251</ele><time>2026-05-23T18:35:37Z</time></trkpt><trkpt lat="44.798359" lon="-110.43368"><ele>3108.801</ele><time>2026-05-23T18:35:40Z</time></trkpt><trkpt lat="44.798356" lon="-110.433724"><ele>3109.611</ele><time>2026-05-23T18:35:43Z</time></trkpt><trkpt lat="44.798352" lon="-110.433781"><ele>3110.009</ele><time>2026-05-23T18:35:47Z</time></trkpt><trkpt lat="44.798344" lon="-110.433851"><ele>3110.837</ele><time>2026-05-23T18:35:52Z</time></trkpt><trkpt lat="44.798335" lon="-110.433888"><ele>3111.481</ele><time>2026-05-23T18:35:55Z</time></trkpt><trkpt lat="44.798317" lon="-110.433967"><ele>3111.810</ele><time>2026-05-23T18:36:01Z</time></trkpt><trkpt lat="44.798311" lon="-110.434009"><ele>3112.632</ele><time>2026-05-23T18:36:04Z</time></trkpt><trkpt lat="44.798304" lon="-110.434034"><ele>3113.044</ele><time>2026-05-23T18:36:06Z</time></trkpt><trkpt lat="44.798283" lon="-110.4341"><ele>3113.658</ele><time>2026-05-23T18:36:11Z</time></trkpt><trkpt lat="44.798273" lon="-110.434135"><ele>3114.016</ele><time>2026-05-23T18:36:15Z</time></trkpt><trkpt lat="44.798256" lon="-110.43418"><ele>3114.413</ele><time>2026-05-23T18:36:20Z</time></trkpt><trkpt lat="44.798248" lon="-110.434213"><ele>3115.047</ele><time>2026-05-23T18:36:23Z</time></trkpt><trkpt lat="44.798226" lon="-110.434267"><ele>3116.094</ele><time>2026-05-23T18:36:29Z</time></trkpt><trkpt lat="44.798222" lon="-110.434277"><ele>3116.257</ele><time>2026-05-23T18:36:30Z</time></trkpt><trkpt lat="44.79822" lon="-110.434308"><ele>3117.022</ele><time>2026-05-23T18:36:35Z</time></trkpt><trkpt lat="44.798214" lon="-110.434325"><ele>3117.209</ele><time>2026-05-23T18:36:37Z</time></trkpt><trkpt lat="44.798204" lon="-110.43436"><ele>3118.241</ele><time>2026-05-23T18:36:41Z</time></trkpt><trkpt lat="44.79819" lon="-110.434383"><ele>3118.275</ele><time>2026-05-23T18:36:44Z</time></trkpt><trkpt lat="44.798182" lon="-110.434406"><ele>3118.464</ele><time>2026-05-23T18:36:47Z</time></trkpt><trkpt lat="44.798156" lon="-110.434488"><ele>3120.056</ele><time>2026-05-23T18:36:55Z</time></trkpt><trkpt lat="44.798152" lon="-110.434495"><ele>3120.258</ele><time>2026-05-23T18:36:56Z</time></trkpt><trkpt lat="44.79814" lon="-110.434522"><ele>3121.412</ele><time>2026-05-23T18:36:59Z</time></trkpt><trkpt lat="44.79813" lon="-110.434549"><ele>3121.090</ele><time>2026-05-23T18:37:02Z</time></trkpt><trkpt lat="44.798125" lon="-110.434558"><ele>3121.087</ele><time>2026-05-23T18:37:03Z</time></trkpt><trkpt lat="44.798099" lon="-110.434619"><ele>3121.881</ele><time>2026-05-23T18:37:09Z</time></trkpt><trkpt lat="44.798095" lon="-110.43463"><ele>3121.832</ele><time>2026-05-23T18:37:10Z</time></trkpt><trkpt lat="44.798092" lon="-110.434638"><ele>3122.092</ele><time>2026-05-23T18:37:11Z</time></trkpt><trkpt lat="44.798082" lon="-110.434664"><ele>3122.411</ele><time>2026-05-23T18:37:13Z</time></trkpt><trkpt lat="44.798068" lon="-110.434723"><ele>3122.609</ele><time>2026-05-23T18:37:19Z</time></trkpt><trkpt lat="44.798049" lon="-110.434789"><ele>3123.245</ele><time>2026-05-23T18:37:26Z</time></trkpt><trkpt lat="44.798036" lon="-110.43487"><ele>3122.819</ele><time>2026-05-23T18:37:34Z</time></trkpt><trkpt lat="44.79803" lon="-110.434888"><ele>3123.058</ele><time>2026-05-23T18:37:36Z</time></trkpt><trkpt lat="44.798025" lon="-110.434906"><ele>3123.670</ele><time>2026-05-23T18:37:38Z</time></trkpt><trkpt lat="44.798013" lon="-110.434951"><ele>3124.272</ele><time>2026-05-23T18:37:42Z</time></trkpt><trkpt lat="44.797985" lon="-110.435008"><ele>3125.036</ele><time>2026-05-23T18:37:48Z</time></trkpt><trkpt lat="44.797966" lon="-110.435032"><ele>3126.484</ele><time>2026-05-23T18:37:51Z</time></trkpt><trkpt lat="44.797949" lon="-110.435042"><ele>3128.091</ele><time>2026-05-23T18:37:53Z</time></trkpt><trkpt lat="44.797917" lon="-110.43506"><ele>3129.035</ele><time>2026-05-23T18:37:57Z</time></trkpt><trkpt lat="44.797909" lon="-110.43506"><ele>3129.272</ele><time>2026-05-23T18:37:58Z</time></trkpt><trkpt lat="44.797822" lon="-110.435027"><ele>3128.413</ele><time>2026-05-23T18:38:07Z</time></trkpt><trkpt lat="44.797802" lon="-110.434989"><ele>3128.014</ele><time>2026-05-23T18:38:11Z</time></trkpt><trkpt lat="44.797792" lon="-110.434944"><ele>3128.209</ele><time>2026-05-23T18:38:15Z</time></trkpt><trkpt lat="44.797758" lon="-110.434851"><ele>3127.879</ele><time>2026-05-23T18:38:23Z</time></trkpt><trkpt lat="44.797739" lon="-110.434805"><ele>3129.293</ele><time>2026-05-23T18:38:27Z</time></trkpt><trkpt lat="44.797729" lon="-110.434771"><ele>3129.472</ele><time>2026-05-23T18:38:30Z</time></trkpt><trkpt lat="44.797691" lon="-110.434675"><ele>3130.454</ele><time>2026-05-23T18:38:38Z</time></trkpt><trkpt lat="44.797689" lon="-110.434664"><ele>3130.626</ele><time>2026-05-23T18:38:39Z</time></trkpt><trkpt lat="44.797681" lon="-110.43464"><ele>3131.640</ele><time>2026-05-23T18:38:41Z</time></trkpt><trkpt lat="44.797664" lon="-110.434579"><ele>3131.618</ele><time>2026-05-23T18:38:47Z</time></trkpt><trkpt lat="44.79762" lon="-110.43447"><ele>3132.435</ele><time>2026-05-23T18:38:56Z</time></trkpt><trkpt lat="44.797614" lon="-110.434447"><ele>3132.689</ele><time>2026-05-23T18:38:58Z</time></trkpt><trkpt lat="44.797596" lon="-110.434408"><ele>3133.689</ele><time>2026-05-23T18:39:03Z</time></trkpt><trkpt lat="44.797579" lon="-110.434379"><ele>3134.806</ele><time>2026-05-23T18:39:06Z</time></trkpt><trkpt lat="44.797538" lon="-110.434325"><ele>3134.226</ele><time>2026-05-23T18:39:12Z</time></trkpt><trkpt lat="44.797493" lon="-110.434256"><ele>3134.609</ele><time>2026-05-23T18:39:21Z</time></trkpt><trkpt lat="44.797442" lon="-110.434211"><ele>3134.010</ele><time>2026-05-23T18:39:29Z</time></trkpt><trkpt lat="44.797398" lon="-110.434144"><ele>3135.884</ele><time>2026-05-23T18:39:37Z</time></trkpt><trkpt lat="44.797385" lon="-110.434125"><ele>3137.073</ele><time>2026-05-23T18:39:39Z</time></trkpt><trkpt lat="44.797376" lon="-110.434117"><ele>3138.285</ele><time>2026-05-23T18:39:42Z</time></trkpt><trkpt lat="44.797378" lon="-110.434116"><ele>3137.027</ele><time>2026-05-23T18:39:45Z</time></trkpt><trkpt lat="44.797378" lon="-110.434116"><ele>3134.451</ele><time>2026-05-23T18:39:51Z</time></trkpt><trkpt lat="44.797378" lon="-110.434116"><ele>3133.059</ele><time>2026-05-23T18:39:52Z</time></trkpt><trkpt lat="44.79737" lon="-110.434105"><ele>3134.216</ele><time>2026-05-23T18:40:03Z</time></trkpt><trkpt lat="44.797365" lon="-110.434096"><ele>3135.040</ele><time>2026-05-23T18:40:04Z</time></trkpt><trkpt lat="44.79736" lon="-110.434091"><ele>3136.026</ele><time>2026-05-23T18:40:05Z</time></trkpt><trkpt lat="44.797331" lon="-110.434037"><ele>3136.847</ele><time>2026-05-23T18:40:11Z</time></trkpt><trkpt lat="44.797297" lon="-110.433984"><ele>3137.011</ele><time>2026-05-23T18:40:17Z</time></trkpt><trkpt lat="44.797281" lon="-110.433962"><ele>3137.609</ele><time>2026-05-23T18:40:20Z</time></trkpt><trkpt lat="44.797272" lon="-110.433947"><ele>3138.284</ele><time>2026-05-23T18:40:22Z</time></trkpt><trkpt lat="44.797253" lon="-110.433889"><ele>3138.638</ele><time>2026-05-23T18:40:28Z</time></trkpt><trkpt lat="44.797231" lon="-110.433812"><ele>3138.467</ele><time>2026-05-23T18:40:35Z</time></trkpt><trkpt lat="44.797239" lon="-110.433766"><ele>3138.619</ele><time>2026-05-23T18:40:39Z</time></trkpt><trkpt lat="44.797251" lon="-110.433714"><ele>3139.031</ele><time>2026-05-23T18:40:43Z</time></trkpt><trkpt lat="44.797299" lon="-110.433669"><ele>3138.845</ele><time>2026-05-23T18:40:49Z</time></trkpt><trkpt lat="44.797346" lon="-110.433634"><ele>3139.013</ele><time>2026-05-23T18:40:55Z</time></trkpt><trkpt lat="44.797337" lon="-110.43363"><ele>3139.220</ele><time>2026-05-23T18:40:56Z</time></trkpt><trkpt lat="44.797329" lon="-110.433633"><ele>3139.414</ele><time>2026-05-23T18:40:57Z</time></trkpt><trkpt lat="44.797321" lon="-110.433637"><ele>3139.098</ele><time>2026-05-23T18:40:59Z</time></trkpt><trkpt lat="44.79734" lon="-110.433625"><ele>3138.615</ele><time>2026-05-23T18:41:01Z</time></trkpt><trkpt lat="44.797434" lon="-110.433585"><ele>3139.826</ele><time>2026-05-23T18:41:09Z</time></trkpt><trkpt lat="44.797478" lon="-110.433587"><ele>3140.409</ele><time>2026-05-23T18:41:12Z</time></trkpt><trkpt lat="44.797527" lon="-110.433601"><ele>3140.821</ele><time>2026-05-23T18:41:16Z</time></trkpt><trkpt lat="44.79759" lon="-110.43362"><ele>3139.445</ele><time>2026-05-23T18:41:21Z</time></trkpt><trkpt lat="44.797647" lon="-110.433653"><ele>3139.274</ele><time>2026-05-23T18:41:26Z</time></trkpt><trkpt lat="44.797711" lon="-110.433746"><ele>3140.246</ele><time>2026-05-23T18:41:34Z</time></trkpt><trkpt lat="44.797716" lon="-110.433762"><ele>3140.068</ele><time>2026-05-23T18:41:35Z</time></trkpt><trkpt lat="44.79773" lon="-110.433804"><ele>3139.612</ele><time>2026-05-23T18:41:38Z</time></trkpt><trkpt lat="44.797727" lon="-110.433847"><ele>3140.260</ele><time>2026-05-23T18:41:41Z</time></trkpt><trkpt lat="44.797726" lon="-110.433864"><ele>3140.617</ele><time>2026-05-23T18:41:42Z</time></trkpt><trkpt lat="44.797679" lon="-110.433958"><ele>3141.051</ele><time>2026-05-23T18:41:51Z</time></trkpt><trkpt lat="44.797651" lon="-110.433959"><ele>3141.819</ele><time>2026-05-23T18:41:54Z</time></trkpt><trkpt lat="44.79764" lon="-110.433941"><ele>3143.009</ele><time>2026-05-23T18:41:57Z</time></trkpt><trkpt lat="44.797639" lon="-110.433934"><ele>3143.219</ele><time>2026-05-23T18:41:58Z</time></trkpt><trkpt lat="44.79765" lon="-110.433834"><ele>3143.609</ele><time>2026-05-23T18:42:06Z</time></trkpt><trkpt lat="44.797643" lon="-110.433793"><ele>3141.853</ele><time>2026-05-23T18:42:13Z</time></trkpt><trkpt lat="44.797646" lon="-110.433776"><ele>3141.217</ele><time>2026-05-23T18:42:22Z</time></trkpt><trkpt lat="44.79763" lon="-110.433774"><ele>3141.246</ele><time>2026-05-23T18:42:29Z</time></trkpt><trkpt lat="44.797626" lon="-110.433766"><ele>3142.448</ele><time>2026-05-23T18:42:37Z</time></trkpt><trkpt lat="44.797633" lon="-110.433788"><ele>3141.870</ele><time>2026-05-23T18:42:44Z</time></trkpt><trkpt lat="44.797634" lon="-110.433802"><ele>3142.234</ele><time>2026-05-23T18:42:52Z</time></trkpt><trkpt lat="44.797633" lon="-110.433798"><ele>3142.682</ele><time>2026-05-23T18:42:57Z</time></trkpt><trkpt lat="44.797635" lon="-110.433795"><ele>3142.449</ele><time>2026-05-23T18:43:06Z</time></trkpt><trkpt lat="44.797636" lon="-110.433796"><ele>3142.673</ele><time>2026-05-23T18:43:14Z</time></trkpt><trkpt lat="44.797636" lon="-110.433794"><ele>3141.679</ele><time>2026-05-23T18:43:23Z</time></trkpt><trkpt lat="44.797638" lon="-110.433796"><ele>3141.205</ele><time>2026-05-23T18:43:31Z</time></trkpt><trkpt lat="44.797638" lon="-110.433796"><ele>3141.425</ele><time>2026-05-23T18:43:39Z</time></trkpt><trkpt lat="44.797638" lon="-110.433796"><ele>3141.409</ele><time>2026-05-23T18:43:48Z</time></trkpt><trkpt lat="44.797642" lon="-110.433757"><ele>3141.059</ele><time>2026-05-23T18:43:56Z</time></trkpt><trkpt lat="44.797645" lon="-110.433755"><ele>3140.813</ele><time>2026-05-23T18:43:57Z</time></trkpt><trkpt lat="44.797641" lon="-110.433755"><ele>3140.652</ele><time>2026-05-23T18:44:08Z</time></trkpt><trkpt lat="44.797641" lon="-110.433755"><ele>3140.264</ele><time>2026-05-23T18:44:13Z</time></trkpt><trkpt lat="44.797639" lon="-110.433761"><ele>3139.896</ele><time>2026-05-23T18:44:16Z</time></trkpt><trkpt lat="44.797638" lon="-110.433765"><ele>3139.630</ele><time>2026-05-23T18:44:18Z</time></trkpt><trkpt lat="44.79765" lon="-110.433746"><ele>3140.238</ele><time>2026-05-23T18:44:25Z</time></trkpt><trkpt lat="44.797639" lon="-110.433741"><ele>3140.635</ele><time>2026-05-23T18:44:31Z</time></trkpt><trkpt lat="44.797642" lon="-110.433748"><ele>3140.899</ele><time>2026-05-23T18:44:42Z</time></trkpt><trkpt lat="44.797641" lon="-110.433755"><ele>3141.012</ele><time>2026-05-23T18:44:43Z</time></trkpt><trkpt lat="44.797641" lon="-110.433755"><ele>3139.832</ele><time>2026-05-23T18:45:00Z</time></trkpt><trkpt lat="44.797641" lon="-110.433755"><ele>3138.605</ele><time>2026-05-23T18:45:03Z</time></trkpt><trkpt lat="44.797641" lon="-110.433755"><ele>3138.409</ele><time>2026-05-23T18:45:04Z</time></trkpt><trkpt lat="44.797641" lon="-110.433755"><ele>3140.083</ele><time>2026-05-23T18:45:10Z</time></trkpt><trkpt lat="44.797643" lon="-110.433748"><ele>3141.037</ele><time>2026-05-23T18:45:11Z</time></trkpt><trkpt lat="44.797649" lon="-110.433747"><ele>3140.886</ele><time>2026-05-23T18:45:13Z</time></trkpt><trkpt lat="44.797641" lon="-110.433755"><ele>3141.638</ele><time>2026-05-23T18:45:26Z</time></trkpt><trkpt lat="44.797641" lon="-110.433755"><ele>3141.670</ele><time>2026-05-23T18:45:40Z</time></trkpt><trkpt lat="44.797648" lon="-110.433743"><ele>3141.644</ele><time>2026-05-23T18:45:42Z</time></trkpt><trkpt lat="44.797638" lon="-110.433744"><ele>3141.842</ele><time>2026-05-23T18:45:49Z</time></trkpt><trkpt lat="44.797628" lon="-110.433749"><ele>3142.079</ele><time>2026-05-23T18:45:57Z</time></trkpt><trkpt lat="44.797629" lon="-110.433748"><ele>3142.283</ele><time>2026-05-23T18:45:58Z</time></trkpt><trkpt lat="44.797628" lon="-110.433758"><ele>3141.019</ele><time>2026-05-23T18:46:04Z</time></trkpt><trkpt lat="44.797631" lon="-110.433776"><ele>3141.209</ele><time>2026-05-23T18:46:06Z</time></trkpt><trkpt lat="44.797625" lon="-110.433786"><ele>3140.819</ele><time>2026-05-23T18:46:13Z</time></trkpt><trkpt lat="44.797625" lon="-110.433781"><ele>3140.409</ele><time>2026-05-23T18:46:20Z</time></trkpt><trkpt lat="44.797613" lon="-110.433791"><ele>3140.093</ele><time>2026-05-23T18:46:25Z</time></trkpt><trkpt lat="44.797589" lon="-110.433807"><ele>3139.837</ele><time>2026-05-23T18:46:29Z</time></trkpt><trkpt lat="44.797588" lon="-110.433807"><ele>3140.036</ele><time>2026-05-23T18:46:30Z</time></trkpt><trkpt lat="44.797591" lon="-110.433809"><ele>3140.878</ele><time>2026-05-23T18:46:34Z</time></trkpt><trkpt lat="44.797593" lon="-110.433809"><ele>3140.850</ele><time>2026-05-23T18:46:35Z</time></trkpt><trkpt lat="44.797593" lon="-110.433808"><ele>3140.644</ele><time>2026-05-23T18:46:37Z</time></trkpt><trkpt lat="44.797593" lon="-110.433808"><ele>3141.032</ele><time>2026-05-23T18:46:42Z</time></trkpt><trkpt lat="44.79762" lon="-110.433807"><ele>3141.649</ele><time>2026-05-23T18:46:48Z</time></trkpt><trkpt lat="44.797613" lon="-110.433801"><ele>3141.663</ele><time>2026-05-23T18:46:52Z</time></trkpt><trkpt lat="44.797599" lon="-110.433812"><ele>3142.043</ele><time>2026-05-23T18:46:53Z</time></trkpt><trkpt lat="44.79757" lon="-110.433826"><ele>3141.864</ele><time>2026-05-23T18:46:58Z</time></trkpt><trkpt lat="44.797534" lon="-110.433842"><ele>3143.610</ele><time>2026-05-23T18:47:05Z</time></trkpt><trkpt lat="44.797497" lon="-110.433881"><ele>3144.209</ele><time>2026-05-23T18:47:11Z</time></trkpt><trkpt lat="44.79749" lon="-110.433889"><ele>3144.676</ele><time>2026-05-23T18:47:12Z</time></trkpt><trkpt lat="44.797483" lon="-110.433894"><ele>3145.060</ele><time>2026-05-23T18:47:15Z</time></trkpt><trkpt lat="44.797479" lon="-110.433905"><ele>3144.629</ele><time>2026-05-23T18:47:17Z</time></trkpt><trkpt lat="44.797417" lon="-110.433934"><ele>3145.611</ele><time>2026-05-23T18:47:25Z</time></trkpt><trkpt lat="44.79741" lon="-110.433935"><ele>3145.833</ele><time>2026-05-23T18:47:26Z</time></trkpt><trkpt lat="44.797405" lon="-110.433928"><ele>3143.447</ele><time>2026-05-23T18:47:34Z</time></trkpt><trkpt lat="44.7974" lon="-110.433919"><ele>3142.035</ele><time>2026-05-23T18:47:36Z</time></trkpt><trkpt lat="44.797395" lon="-110.433886"><ele>3141.082</ele><time>2026-05-23T18:47:43Z</time></trkpt><trkpt lat="44.797395" lon="-110.433893"><ele>3141.056</ele><time>2026-05-23T18:47:44Z</time></trkpt><trkpt lat="44.79738" lon="-110.433886"><ele>3140.884</ele><time>2026-05-23T18:47:54Z</time></trkpt><trkpt lat="44.797368" lon="-110.433886"><ele>3140.007</ele><time>2026-05-23T18:48:00Z</time></trkpt><trkpt lat="44.797566" lon="-110.433803"><ele>3128.817</ele><time>2026-05-23T19:45:24Z</time></trkpt><trkpt lat="44.797622" lon="-110.433792"><ele>3128.409</ele><time>2026-05-23T19:45:31Z</time></trkpt><trkpt lat="44.797614" lon="-110.433814"><ele>3128.020</ele><time>2026-05-23T19:45:39Z</time></trkpt><trkpt lat="44.797633" lon="-110.433814"><ele>3126.864</ele><time>2026-05-23T19:45:46Z</time></trkpt><trkpt lat="44.797626" lon="-110.433815"><ele>3125.673</ele><time>2026-05-23T19:45:49Z</time></trkpt><trkpt lat="44.797617" lon="-110.433797"><ele>3126.015</ele><time>2026-05-23T19:45:53Z</time></trkpt><trkpt lat="44.797627" lon="-110.433812"><ele>3127.017</ele><time>2026-05-23T19:45:55Z</time></trkpt><trkpt lat="44.797629" lon="-110.433811"><ele>3128.011</ele><time>2026-05-23T19:45:59Z</time></trkpt><trkpt lat="44.79765" lon="-110.433855"><ele>3127.669</ele><time>2026-05-23T19:46:09Z</time></trkpt><trkpt lat="44.797644" lon="-110.433874"><ele>3126.626</ele><time>2026-05-23T19:46:10Z</time></trkpt><trkpt lat="44.797652" lon="-110.433917"><ele>3127.260</ele><time>2026-05-23T19:46:13Z</time></trkpt><trkpt lat="44.797653" lon="-110.43393"><ele>3127.449</ele><time>2026-05-23T19:46:14Z</time></trkpt><trkpt lat="44.797669" lon="-110.433969"><ele>3128.002</ele><time>2026-05-23T19:46:17Z</time></trkpt><trkpt lat="44.797686" lon="-110.43398"><ele>3127.622</ele><time>2026-05-23T19:46:20Z</time></trkpt><trkpt lat="44.797711" lon="-110.433943"><ele>3126.809</ele><time>2026-05-23T19:46:25Z</time></trkpt><trkpt lat="44.797715" lon="-110.433933"><ele>3126.636</ele><time>2026-05-23T19:46:26Z</time></trkpt><trkpt lat="44.797725" lon="-110.433889"><ele>3125.670</ele><time>2026-05-23T19:46:29Z</time></trkpt><trkpt lat="44.797728" lon="-110.43384"><ele>3124.619</ele><time>2026-05-23T19:46:32Z</time></trkpt><trkpt lat="44.79773" lon="-110.433816"><ele>3123.811</ele><time>2026-05-23T19:46:34Z</time></trkpt><trkpt lat="44.79773" lon="-110.433795"><ele>3123.683</ele><time>2026-05-23T19:46:36Z</time></trkpt><trkpt lat="44.797693" lon="-110.433727"><ele>3122.697</ele><time>2026-05-23T19:46:42Z</time></trkpt><trkpt lat="44.79764" lon="-110.433674"><ele>3123.485</ele><time>2026-05-23T19:46:47Z</time></trkpt><trkpt lat="44.797604" lon="-110.433656"><ele>3123.262</ele><time>2026-05-23T19:46:51Z</time></trkpt><trkpt lat="44.797534" lon="-110.43364"><ele>3122.496</ele><time>2026-05-23T19:46:58Z</time></trkpt><trkpt lat="44.797519" lon="-110.433637"><ele>3122.665</ele><time>2026-05-23T19:46:59Z</time></trkpt><trkpt lat="44.797503" lon="-110.433635"><ele>3122.668</ele><time>2026-05-23T19:47:00Z</time></trkpt><trkpt lat="44.79749" lon="-110.433631"><ele>3122.214</ele><time>2026-05-23T19:47:01Z</time></trkpt><trkpt lat="44.797479" lon="-110.433628"><ele>3121.609</ele><time>2026-05-23T19:47:02Z</time></trkpt><trkpt lat="44.79737" lon="-110.433658"><ele>3121.838</ele><time>2026-05-23T19:47:11Z</time></trkpt><trkpt lat="44.797294" lon="-110.433698"><ele>3121.662</ele><time>2026-05-23T19:47:20Z</time></trkpt><trkpt lat="44.797237" lon="-110.433766"><ele>3122.461</ele><time>2026-05-23T19:47:28Z</time></trkpt><trkpt lat="44.797265" lon="-110.433875"><ele>3121.623</ele><time>2026-05-23T19:47:35Z</time></trkpt><trkpt lat="44.797326" lon="-110.43394"><ele>3120.655</ele><time>2026-05-23T19:47:42Z</time></trkpt><trkpt lat="44.797349" lon="-110.433995"><ele>3119.629</ele><time>2026-05-23T19:47:46Z</time></trkpt><trkpt lat="44.797358" lon="-110.43401"><ele>3119.457</ele><time>2026-05-23T19:47:47Z</time></trkpt><trkpt lat="44.797426" lon="-110.434162"><ele>3119.224</ele><time>2026-05-23T19:47:57Z</time></trkpt><trkpt lat="44.797472" lon="-110.434235"><ele>3118.458</ele><time>2026-05-23T19:48:02Z</time></trkpt><trkpt lat="44.797522" lon="-110.43429"><ele>3117.478</ele><time>2026-05-23T19:48:07Z</time></trkpt><trkpt lat="44.797534" lon="-110.434301"><ele>3117.233</ele><time>2026-05-23T19:48:10Z</time></trkpt><trkpt lat="44.797545" lon="-110.434312"><ele>3116.626</ele><time>2026-05-23T19:48:13Z</time></trkpt><trkpt lat="44.797555" lon="-110.43432"><ele>3116.209</ele><time>2026-05-23T19:48:15Z</time></trkpt><trkpt lat="44.797613" lon="-110.434406"><ele>3115.699</ele><time>2026-05-23T19:48:24Z</time></trkpt><trkpt lat="44.797637" lon="-110.43447"><ele>3114.833</ele><time>2026-05-23T19:48:30Z</time></trkpt><trkpt lat="44.797656" lon="-110.434523"><ele>3114.022</ele><time>2026-05-23T19:48:35Z</time></trkpt><trkpt lat="44.797665" lon="-110.434547"><ele>3113.824</ele><time>2026-05-23T19:48:37Z</time></trkpt><trkpt lat="44.797699" lon="-110.434654"><ele>3113.486</ele><time>2026-05-23T19:48:45Z</time></trkpt><trkpt lat="44.797732" lon="-110.434742"><ele>3112.660</ele><time>2026-05-23T19:48:51Z</time></trkpt><trkpt lat="44.797771" lon="-110.434837"><ele>3112.838</ele><time>2026-05-23T19:48:58Z</time></trkpt><trkpt lat="44.797808" lon="-110.434944"><ele>3111.415</ele><time>2026-05-23T19:49:06Z</time></trkpt><trkpt lat="44.797828" lon="-110.434979"><ele>3109.889</ele><time>2026-05-23T19:49:09Z</time></trkpt><trkpt lat="44.797839" lon="-110.435"><ele>3108.211</ele><time>2026-05-23T19:49:11Z</time></trkpt><trkpt lat="44.797922" lon="-110.435073"><ele>3109.421</ele><time>2026-05-23T19:49:20Z</time></trkpt><trkpt lat="44.797989" lon="-110.435007"><ele>3108.403</ele><time>2026-05-23T19:49:28Z</time></trkpt><trkpt lat="44.797996" lon="-110.434993"><ele>3108.209</ele><time>2026-05-23T19:49:29Z</time></trkpt><trkpt lat="44.798011" lon="-110.434954"><ele>3107.253</ele><time>2026-05-23T19:49:32Z</time></trkpt><trkpt lat="44.798022" lon="-110.434916"><ele>3106.097</ele><time>2026-05-23T19:49:35Z</time></trkpt><trkpt lat="44.798036" lon="-110.434883"><ele>3105.676</ele><time>2026-05-23T19:49:38Z</time></trkpt><trkpt lat="44.798075" lon="-110.434725"><ele>3105.058</ele><time>2026-05-23T19:49:49Z</time></trkpt><trkpt lat="44.798103" lon="-110.43462"><ele>3104.010</ele><time>2026-05-23T19:49:56Z</time></trkpt><trkpt lat="44.798123" lon="-110.434568"><ele>3103.034</ele><time>2026-05-23T19:50:00Z</time></trkpt><trkpt lat="44.798129" lon="-110.434555"><ele>3103.022</ele><time>2026-05-23T19:50:01Z</time></trkpt><trkpt lat="44.798153" lon="-110.434488"><ele>3101.889</ele><time>2026-05-23T19:50:08Z</time></trkpt><trkpt lat="44.798157" lon="-110.434478"><ele>3101.883</ele><time>2026-05-23T19:50:09Z</time></trkpt><trkpt lat="44.798198" lon="-110.434387"><ele>3100.873</ele><time>2026-05-23T19:50:17Z</time></trkpt><trkpt lat="44.798219" lon="-110.43433"><ele>3100.485</ele><time>2026-05-23T19:50:22Z</time></trkpt><trkpt lat="44.798222" lon="-110.43432"><ele>3100.413</ele><time>2026-05-23T19:50:23Z</time></trkpt><trkpt lat="44.798235" lon="-110.434233"><ele>3099.809</ele><time>2026-05-23T19:50:30Z</time></trkpt><trkpt lat="44.798242" lon="-110.434211"><ele>3099.669</ele><time>2026-05-23T19:50:32Z</time></trkpt><trkpt lat="44.798281" lon="-110.434123"><ele>3099.073</ele><time>2026-05-23T19:50:40Z</time></trkpt><trkpt lat="44.798291" lon="-110.434094"><ele>3098.632</ele><time>2026-05-23T19:50:42Z</time></trkpt><trkpt lat="44.798296" lon="-110.434086"><ele>3098.094</ele><time>2026-05-23T19:50:46Z</time></trkpt><trkpt lat="44.798296" lon="-110.434087"><ele>3097.696</ele><time>2026-05-23T19:50:56Z</time></trkpt><trkpt lat="44.798296" lon="-110.434087"><ele>3097.850</ele><time>2026-05-23T19:51:01Z</time></trkpt><trkpt lat="44.798296" lon="-110.434084"><ele>3097.648</ele><time>2026-05-23T19:51:13Z</time></trkpt><trkpt lat="44.798303" lon="-110.434054"><ele>3097.275</ele><time>2026-05-23T19:51:19Z</time></trkpt><trkpt lat="44.798326" lon="-110.433942"><ele>3096.459</ele><time>2026-05-23T19:51:26Z</time></trkpt><trkpt lat="44.798345" lon="-110.433878"><ele>3095.858</ele><time>2026-05-23T19:51:30Z</time></trkpt><trkpt lat="44.798356" lon="-110.433827"><ele>3095.452</ele><time>2026-05-23T19:51:33Z</time></trkpt><trkpt lat="44.798364" lon="-110.433733"><ele>3094.217</ele><time>2026-05-23T19:51:39Z</time></trkpt><trkpt lat="44.798363" lon="-110.433688"><ele>3094.009</ele><time>2026-05-23T19:51:42Z</time></trkpt><trkpt lat="44.79836" lon="-110.433629"><ele>3093.087</ele><time>2026-05-23T19:51:46Z</time></trkpt><trkpt lat="44.798357" lon="-110.433555"><ele>3092.471</ele><time>2026-05-23T19:51:51Z</time></trkpt><trkpt lat="44.798339" lon="-110.433431"><ele>3092.840</ele><time>2026-05-23T19:52:01Z</time></trkpt><trkpt lat="44.79833" lon="-110.43336"><ele>3092.022</ele><time>2026-05-23T19:52:07Z</time></trkpt><trkpt lat="44.798324" lon="-110.433338"><ele>3092.094</ele><time>2026-05-23T19:52:09Z</time></trkpt><trkpt lat="44.79829" lon="-110.433239"><ele>3091.818</ele><time>2026-05-23T19:52:17Z</time></trkpt><trkpt lat="44.798278" lon="-110.433205"><ele>3091.086</ele><time>2026-05-23T19:52:20Z</time></trkpt><trkpt lat="44.798264" lon="-110.433164"><ele>3090.013</ele><time>2026-05-23T19:52:23Z</time></trkpt><trkpt lat="44.79825" lon="-110.433129"><ele>3089.627</ele><time>2026-05-23T19:52:26Z</time></trkpt><trkpt lat="44.798213" lon="-110.433037"><ele>3088.857</ele><time>2026-05-23T19:52:33Z</time></trkpt><trkpt lat="44.798202" lon="-110.433008"><ele>3088.600</ele><time>2026-05-23T19:52:35Z</time></trkpt><trkpt lat="44.798134" lon="-110.432918"><ele>3088.220</ele><time>2026-05-23T19:52:44Z</time></trkpt><trkpt lat="44.798072" lon="-110.432863"><ele>3087.809</ele><time>2026-05-23T19:52:51Z</time></trkpt><trkpt lat="44.798069" lon="-110.432845"><ele>3087.857</ele><time>2026-05-23T19:52:53Z</time></trkpt><trkpt lat="44.798065" lon="-110.43283"><ele>3087.871</ele><time>2026-05-23T19:52:54Z</time></trkpt><trkpt lat="44.798012" lon="-110.4328"><ele>3087.690</ele><time>2026-05-23T19:53:00Z</time></trkpt><trkpt lat="44.797952" lon="-110.432743"><ele>3086.832</ele><time>2026-05-23T19:53:07Z</time></trkpt><trkpt lat="44.797941" lon="-110.432738"><ele>3086.814</ele><time>2026-05-23T19:53:08Z</time></trkpt><trkpt lat="44.797877" lon="-110.432675"><ele>3086.028</ele><time>2026-05-23T19:53:14Z</time></trkpt><trkpt lat="44.797869" lon="-110.432664"><ele>3086.056</ele><time>2026-05-23T19:53:15Z</time></trkpt><trkpt lat="44.797841" lon="-110.432642"><ele>3086.283</ele><time>2026-05-23T19:53:18Z</time></trkpt><trkpt lat="44.797794" lon="-110.432633"><ele>3086.457</ele><time>2026-05-23T19:53:22Z</time></trkpt><trkpt lat="44.797751" lon="-110.432615"><ele>3086.817</ele><time>2026-05-23T19:53:26Z</time></trkpt><trkpt lat="44.797696" lon="-110.43264"><ele>3082.887</ele><time>2026-05-23T19:53:31Z</time></trkpt><trkpt lat="44.797678" lon="-110.43265"><ele>3083.015</ele><time>2026-05-23T19:53:33Z</time></trkpt><trkpt lat="44.797656" lon="-110.432682"><ele>3084.209</ele><time>2026-05-23T19:53:36Z</time></trkpt><trkpt lat="44.797607" lon="-110.432748"><ele>3084.073</ele><time>2026-05-23T19:53:42Z</time></trkpt><trkpt lat="44.797537" lon="-110.432814"><ele>3084.877</ele><time>2026-05-23T19:53:51Z</time></trkpt><trkpt lat="44.797508" lon="-110.432856"><ele>3085.246</ele><time>2026-05-23T19:53:55Z</time></trkpt><trkpt lat="44.797429" lon="-110.43291"><ele>3085.278</ele><time>2026-05-23T19:54:03Z</time></trkpt><trkpt lat="44.797401" lon="-110.43293"><ele>3085.630</ele><time>2026-05-23T19:54:11Z</time></trkpt><trkpt lat="44.797388" lon="-110.432931"><ele>3085.654</ele><time>2026-05-23T19:54:20Z</time></trkpt><trkpt lat="44.797385" lon="-110.432938"><ele>3086.212</ele><time>2026-05-23T19:54:24Z</time></trkpt><trkpt lat="44.797386" lon="-110.43294"><ele>3086.679</ele><time>2026-05-23T19:54:26Z</time></trkpt><trkpt lat="44.797386" lon="-110.43294"><ele>3086.633</ele><time>2026-05-23T19:54:33Z</time></trkpt><trkpt lat="44.797387" lon="-110.432941"><ele>3086.469</ele><time>2026-05-23T19:54:38Z</time></trkpt><trkpt lat="44.797386" lon="-110.43294"><ele>3086.404</ele><time>2026-05-23T19:54:47Z</time></trkpt><trkpt lat="44.797386" lon="-110.43294"><ele>3088.424</ele><time>2026-05-23T19:54:49Z</time></trkpt><trkpt lat="44.797384" lon="-110.432967"><ele>3087.409</ele><time>2026-05-23T19:54:54Z</time></trkpt><trkpt lat="44.797384" lon="-110.432971"><ele>3086.448</ele><time>2026-05-23T19:54:55Z</time></trkpt><trkpt lat="44.797393" lon="-110.432996"><ele>3087.622</ele><time>2026-05-23T19:54:58Z</time></trkpt><trkpt lat="44.797404" lon="-110.433003"><ele>3088.841</ele><time>2026-05-23T19:55:00Z</time></trkpt><trkpt lat="44.797414" lon="-110.433015"><ele>3088.813</ele><time>2026-05-23T19:55:01Z</time></trkpt><trkpt lat="44.79745" lon="-110.433041"><ele>3088.295</ele><time>2026-05-23T19:55:08Z</time></trkpt><trkpt lat="44.797389" lon="-110.432992"><ele>3087.659</ele><time>2026-05-23T19:55:19Z</time></trkpt><trkpt lat="44.797389" lon="-110.432992"><ele>3087.697</ele><time>2026-05-23T19:55:20Z</time></trkpt><trkpt lat="44.797378" lon="-110.432986"><ele>3088.034</ele><time>2026-05-23T19:55:32Z</time></trkpt><trkpt lat="44.797356" lon="-110.432981"><ele>3087.488</ele><time>2026-05-23T19:55:39Z</time></trkpt><trkpt lat="44.797346" lon="-110.432982"><ele>3087.656</ele><time>2026-05-23T19:55:41Z</time></trkpt><trkpt lat="44.797346" lon="-110.433"><ele>3088.459</ele><time>2026-05-23T19:55:46Z</time></trkpt><trkpt lat="44.79738" lon="-110.433031"><ele>3087.214</ele><time>2026-05-23T19:55:58Z</time></trkpt><trkpt lat="44.797389" lon="-110.433018"><ele>3087.809</ele><time>2026-05-23T19:56:09Z</time></trkpt><trkpt lat="44.797389" lon="-110.433016"><ele>3087.827</ele><time>2026-05-23T19:56:10Z</time></trkpt><trkpt lat="44.79739" lon="-110.433015"><ele>3087.871</ele><time>2026-05-23T19:56:11Z</time></trkpt><trkpt lat="44.797375" lon="-110.433005"><ele>3088.460</ele><time>2026-05-23T19:56:20Z</time></trkpt><trkpt lat="44.79736" lon="-110.433012"><ele>3087.812</ele><time>2026-05-23T19:56:37Z</time></trkpt><trkpt lat="44.79732" lon="-110.433015"><ele>3086.484</ele><time>2026-05-23T19:56:40Z</time></trkpt><trkpt lat="44.79728" lon="-110.433024"><ele>3085.248</ele><time>2026-05-23T19:56:43Z</time></trkpt><trkpt lat="44.797243" lon="-110.43302"><ele>3084.826</ele><time>2026-05-23T19:56:45Z</time></trkpt><trkpt lat="44.797148" lon="-110.432998"><ele>3084.223</ele><time>2026-05-23T19:56:55Z</time></trkpt><trkpt lat="44.797139" lon="-110.432996"><ele>3084.027</ele><time>2026-05-23T19:56:57Z</time></trkpt><trkpt lat="44.797102" lon="-110.432985"><ele>3083.037</ele><time>2026-05-23T19:57:00Z</time></trkpt><trkpt lat="44.797037" lon="-110.432997"><ele>3083.449</ele><time>2026-05-23T19:57:04Z</time></trkpt><trkpt lat="44.797025" lon="-110.432999"><ele>3084.013</ele><time>2026-05-23T19:57:06Z</time></trkpt><trkpt lat="44.796992" lon="-110.433022"><ele>3083.009</ele><time>2026-05-23T19:57:09Z</time></trkpt><trkpt lat="44.796968" lon="-110.433047"><ele>3082.455</ele><time>2026-05-23T19:57:12Z</time></trkpt><trkpt lat="44.796927" lon="-110.433083"><ele>3081.679</ele><time>2026-05-23T19:57:16Z</time></trkpt><trkpt lat="44.796885" lon="-110.433138"><ele>3080.688</ele><time>2026-05-23T19:57:22Z</time></trkpt><trkpt lat="44.796872" lon="-110.433162"><ele>3080.240</ele><time>2026-05-23T19:57:24Z</time></trkpt><trkpt lat="44.796815" lon="-110.433237"><ele>3079.262</ele><time>2026-05-23T19:57:31Z</time></trkpt><trkpt lat="44.796809" lon="-110.433244"><ele>3079.276</ele><time>2026-05-23T19:57:32Z</time></trkpt><trkpt lat="44.796717" lon="-110.433346"><ele>3078.624</ele><time>2026-05-23T19:57:42Z</time></trkpt><trkpt lat="44.796666" lon="-110.433421"><ele>3078.051</ele><time>2026-05-23T19:57:48Z</time></trkpt><trkpt lat="44.796643" lon="-110.433457"><ele>3077.465</ele><time>2026-05-23T19:57:51Z</time></trkpt><trkpt lat="44.79658" lon="-110.4336"><ele>3077.037</ele><time>2026-05-23T19:58:01Z</time></trkpt><trkpt lat="44.796574" lon="-110.433614"><ele>3076.849</ele><time>2026-05-23T19:58:02Z</time></trkpt><trkpt lat="44.796538" lon="-110.433768"><ele>3076.213</ele><time>2026-05-23T19:58:12Z</time></trkpt><trkpt lat="44.796509" lon="-110.433841"><ele>3076.009</ele><time>2026-05-23T19:58:19Z</time></trkpt><trkpt lat="44.796485" lon="-110.433879"><ele>3076.255</ele><time>2026-05-23T19:58:28Z</time></trkpt><trkpt lat="44.796442" lon="-110.433934"><ele>3075.869</ele><time>2026-05-23T19:58:33Z</time></trkpt><trkpt lat="44.796391" lon="-110.434015"><ele>3075.048</ele><time>2026-05-23T19:58:40Z</time></trkpt><trkpt lat="44.796298" lon="-110.434113"><ele>3074.420</ele><time>2026-05-23T19:58:50Z</time></trkpt><trkpt lat="44.796224" lon="-110.434214"><ele>3073.452</ele><time>2026-05-23T19:59:00Z</time></trkpt><trkpt lat="44.796218" lon="-110.434226"><ele>3073.216</ele><time>2026-05-23T19:59:01Z</time></trkpt><trkpt lat="44.79614" lon="-110.434341"><ele>3072.294</ele><time>2026-05-23T19:59:11Z</time></trkpt><trkpt lat="44.796129" lon="-110.434346"><ele>3072.091</ele><time>2026-05-23T19:59:12Z</time></trkpt><trkpt lat="44.79605" lon="-110.434362"><ele>3071.085</ele><time>2026-05-23T19:59:18Z</time></trkpt><trkpt lat="44.79601" lon="-110.43437"><ele>3069.868</ele><time>2026-05-23T19:59:21Z</time></trkpt><trkpt lat="44.795998" lon="-110.434374"><ele>3069.642</ele><time>2026-05-23T19:59:22Z</time></trkpt><trkpt lat="44.795911" lon="-110.434386"><ele>3070.226</ele><time>2026-05-23T19:59:30Z</time></trkpt><trkpt lat="44.795828" lon="-110.434409"><ele>3069.809</ele><time>2026-05-23T19:59:37Z</time></trkpt><trkpt lat="44.795812" lon="-110.434409"><ele>3070.088</ele><time>2026-05-23T19:59:44Z</time></trkpt><trkpt lat="44.79581" lon="-110.434409"><ele>3069.212</ele><time>2026-05-23T19:59:53Z</time></trkpt><trkpt lat="44.79581" lon="-110.434409"><ele>3069.481</ele><time>2026-05-23T20:00:01Z</time></trkpt><trkpt lat="44.79581" lon="-110.434409"><ele>3070.083</ele><time>2026-05-23T20:00:08Z</time></trkpt><trkpt lat="44.795827" lon="-110.434403"><ele>3069.415</ele><time>2026-05-23T20:00:14Z</time></trkpt><trkpt lat="44.79584" lon="-110.434402"><ele>3068.859</ele><time>2026-05-23T20:00:24Z</time></trkpt><trkpt lat="44.795827" lon="-110.434392"><ele>3069.227</ele><time>2026-05-23T20:00:34Z</time></trkpt><trkpt lat="44.795833" lon="-110.434402"><ele>3069.494</ele><time>2026-05-23T20:00:42Z</time></trkpt><trkpt lat="44.795829" lon="-110.434403"><ele>3069.688</ele><time>2026-05-23T20:00:43Z</time></trkpt><trkpt lat="44.795843" lon="-110.434387"><ele>3069.821</ele><time>2026-05-23T20:00:51Z</time></trkpt><trkpt lat="44.795839" lon="-110.434386"><ele>3069.841</ele><time>2026-05-23T20:00:53Z</time></trkpt><trkpt lat="44.795836" lon="-110.434386"><ele>3069.805</ele><time>2026-05-23T20:00:54Z</time></trkpt><trkpt lat="44.795837" lon="-110.434389"><ele>3070.409</ele><time>2026-05-23T20:01:02Z</time></trkpt><trkpt lat="44.795833" lon="-110.434394"><ele>3070.814</ele><time>2026-05-23T20:01:12Z</time></trkpt><trkpt lat="44.795835" lon="-110.434397"><ele>3069.858</ele><time>2026-05-23T20:01:17Z</time></trkpt><trkpt lat="44.795836" lon="-110.434401"><ele>3069.657</ele><time>2026-05-23T20:01:24Z</time></trkpt><trkpt lat="44.795823" lon="-110.434407"><ele>3069.049</ele><time>2026-05-23T20:01:31Z</time></trkpt><trkpt lat="44.7958" lon="-110.43442"><ele>3069.831</ele><time>2026-05-23T20:01:37Z</time></trkpt><trkpt lat="44.795787" lon="-110.434436"><ele>3070.685</ele><time>2026-05-23T20:01:41Z</time></trkpt><trkpt lat="44.795768" lon="-110.434458"><ele>3070.823</ele><time>2026-05-23T20:01:44Z</time></trkpt><trkpt lat="44.795728" lon="-110.43448"><ele>3070.630</ele><time>2026-05-23T20:01:50Z</time></trkpt><trkpt lat="44.795725" lon="-110.434481"><ele>3070.844</ele><time>2026-05-23T20:01:52Z</time></trkpt><trkpt lat="44.795726" lon="-110.43448"><ele>3070.286</ele><time>2026-05-23T20:02:00Z</time></trkpt><trkpt lat="44.795684" lon="-110.434533"><ele>3070.260</ele><time>2026-05-23T20:02:08Z</time></trkpt><trkpt lat="44.795651" lon="-110.434569"><ele>3070.626</ele><time>2026-05-23T20:02:15Z</time></trkpt><trkpt lat="44.79564" lon="-110.434578"><ele>3071.009</ele><time>2026-05-23T20:02:17Z</time></trkpt><trkpt lat="44.795625" lon="-110.434589"><ele>3072.090</ele><time>2026-05-23T20:02:21Z</time></trkpt><trkpt lat="44.795614" lon="-110.434595"><ele>3072.474</ele><time>2026-05-23T20:02:23Z</time></trkpt><trkpt lat="44.795608" lon="-110.434598"><ele>3072.863</ele><time>2026-05-23T20:02:31Z</time></trkpt><trkpt lat="44.79559" lon="-110.434609"><ele>3072.855</ele><time>2026-05-23T20:02:40Z</time></trkpt><trkpt lat="44.795588" lon="-110.434617"><ele>3073.047</ele><time>2026-05-23T20:02:41Z</time></trkpt><trkpt lat="44.795561" lon="-110.43468"><ele>3072.611</ele><time>2026-05-23T20:02:47Z</time></trkpt><trkpt lat="44.795542" lon="-110.434697"><ele>3072.029</ele><time>2026-05-23T20:02:49Z</time></trkpt><trkpt lat="44.795534" lon="-110.434694"><ele>3071.696</ele><time>2026-05-23T20:02:52Z</time></trkpt><trkpt lat="44.795528" lon="-110.43467"><ele>3071.680</ele><time>2026-05-23T20:03:01Z</time></trkpt><trkpt lat="44.795528" lon="-110.43467"><ele>3072.271</ele><time>2026-05-23T20:03:15Z</time></trkpt><trkpt lat="44.795529" lon="-110.434671"><ele>3072.241</ele><time>2026-05-23T20:03:16Z</time></trkpt><trkpt lat="44.795526" lon="-110.434679"><ele>3072.015</ele><time>2026-05-23T20:03:18Z</time></trkpt><trkpt lat="44.795526" lon="-110.434684"><ele>3071.609</ele><time>2026-05-23T20:03:22Z</time></trkpt><trkpt lat="44.795494" lon="-110.434709"><ele>3071.499</ele><time>2026-05-23T20:03:28Z</time></trkpt><trkpt lat="44.795494" lon="-110.434713"><ele>3071.643</ele><time>2026-05-23T20:03:31Z</time></trkpt><trkpt lat="44.79549" lon="-110.434714"><ele>3071.642</ele><time>2026-05-23T20:03:32Z</time></trkpt><trkpt lat="44.795492" lon="-110.434712"><ele>3071.634</ele><time>2026-05-23T20:03:33Z</time></trkpt><trkpt lat="44.795492" lon="-110.434711"><ele>3071.646</ele><time>2026-05-23T20:03:35Z</time></trkpt><trkpt lat="44.795453" lon="-110.434729"><ele>3071.410</ele><time>2026-05-23T20:03:46Z</time></trkpt><trkpt lat="44.795388" lon="-110.434741"><ele>3071.418</ele><time>2026-05-23T20:03:54Z</time></trkpt><trkpt lat="44.795303" lon="-110.434729"><ele>3071.875</ele><time>2026-05-23T20:04:03Z</time></trkpt><trkpt lat="44.795268" lon="-110.434731"><ele>3071.889</ele><time>2026-05-23T20:04:08Z</time></trkpt><trkpt lat="44.795254" lon="-110.434746"><ele>3071.226</ele><time>2026-05-23T20:04:11Z</time></trkpt><trkpt lat="44.795243" lon="-110.43476"><ele>3070.647</ele><time>2026-05-23T20:04:13Z</time></trkpt><trkpt lat="44.795198" lon="-110.434803"><ele>3070.011</ele><time>2026-05-23T20:04:19Z</time></trkpt><trkpt lat="44.795138" lon="-110.434857"><ele>3071.409</ele><time>2026-05-23T20:04:27Z</time></trkpt><trkpt lat="44.795127" lon="-110.434874"><ele>3071.844</ele><time>2026-05-23T20:04:33Z</time></trkpt><trkpt lat="44.795127" lon="-110.434874"><ele>3071.838</ele><time>2026-05-23T20:04:35Z</time></trkpt><trkpt lat="44.795129" lon="-110.434875"><ele>3072.247</ele><time>2026-05-23T20:04:42Z</time></trkpt><trkpt lat="44.795118" lon="-110.434867"><ele>3072.439</ele><time>2026-05-23T20:04:48Z</time></trkpt><trkpt lat="44.795112" lon="-110.434859"><ele>3072.871</ele><time>2026-05-23T20:04:51Z</time></trkpt><trkpt lat="44.795115" lon="-110.434854"><ele>3073.215</ele><time>2026-05-23T20:04:54Z</time></trkpt><trkpt lat="44.795078" lon="-110.434856"><ele>3072.633</ele><time>2026-05-23T20:05:02Z</time></trkpt><trkpt lat="44.795053" lon="-110.434843"><ele>3071.830</ele><time>2026-05-23T20:05:05Z</time></trkpt><trkpt lat="44.795006" lon="-110.434834"><ele>3071.064</ele><time>2026-05-23T20:05:10Z</time></trkpt><trkpt lat="44.794987" lon="-110.434831"><ele>3070.847</ele><time>2026-05-23T20:05:12Z</time></trkpt><trkpt lat="44.794972" lon="-110.434843"><ele>3070.229</ele><time>2026-05-23T20:05:17Z</time></trkpt><trkpt lat="44.794971" lon="-110.434841"><ele>3069.421</ele><time>2026-05-23T20:05:19Z</time></trkpt><trkpt lat="44.794972" lon="-110.434841"><ele>3069.609</ele><time>2026-05-23T20:05:27Z</time></trkpt><trkpt lat="44.794972" lon="-110.434841"><ele>3069.846</ele><time>2026-05-23T20:05:33Z</time></trkpt><trkpt lat="44.794972" lon="-110.434841"><ele>3069.060</ele><time>2026-05-23T20:05:41Z</time></trkpt><trkpt lat="44.794957" lon="-110.434845"><ele>3069.679</ele><time>2026-05-23T20:05:49Z</time></trkpt><trkpt lat="44.794927" lon="-110.434852"><ele>3069.691</ele><time>2026-05-23T20:05:52Z</time></trkpt><trkpt lat="44.794875" lon="-110.434872"><ele>3069.263</ele><time>2026-05-23T20:05:57Z</time></trkpt><trkpt lat="44.794821" lon="-110.434891"><ele>3068.487</ele><time>2026-05-23T20:06:02Z</time></trkpt><trkpt lat="44.794793" lon="-110.434895"><ele>3068.225</ele><time>2026-05-23T20:06:05Z</time></trkpt><trkpt lat="44.794736" lon="-110.434929"><ele>3067.462</ele><time>2026-05-23T20:06:12Z</time></trkpt><trkpt lat="44.794719" lon="-110.43494"><ele>3067.276</ele><time>2026-05-23T20:06:14Z</time></trkpt><trkpt lat="44.794663" lon="-110.434979"><ele>3066.436</ele><time>2026-05-23T20:06:20Z</time></trkpt><trkpt lat="44.794652" lon="-110.434985"><ele>3066.217</ele><time>2026-05-23T20:06:21Z</time></trkpt><trkpt lat="44.79462" lon="-110.435004"><ele>3066.018</ele><time>2026-05-23T20:06:24Z</time></trkpt><trkpt lat="44.794537" lon="-110.435054"><ele>3065.209</ele><time>2026-05-23T20:06:32Z</time></trkpt><trkpt lat="44.79447" lon="-110.435099"><ele>3064.485</ele><time>2026-05-23T20:06:39Z</time></trkpt><trkpt lat="44.794411" lon="-110.435128"><ele>3064.219</ele><time>2026-05-23T20:06:45Z</time></trkpt><trkpt lat="44.794366" lon="-110.435148"><ele>3063.878</ele><time>2026-05-23T20:06:49Z</time></trkpt><trkpt lat="44.794322" lon="-110.435162"><ele>3063.040</ele><time>2026-05-23T20:06:53Z</time></trkpt><trkpt lat="44.794265" lon="-110.435177"><ele>3062.412</ele><time>2026-05-23T20:06:59Z</time></trkpt><trkpt lat="44.794213" lon="-110.435208"><ele>3062.046</ele><time>2026-05-23T20:07:04Z</time></trkpt><trkpt lat="44.794175" lon="-110.435241"><ele>3061.814</ele><time>2026-05-23T20:07:08Z</time></trkpt><trkpt lat="44.794109" lon="-110.435275"><ele>3062.081</ele><time>2026-05-23T20:07:17Z</time></trkpt><trkpt lat="44.794089" lon="-110.435289"><ele>3062.665</ele><time>2026-05-23T20:07:24Z</time></trkpt><trkpt lat="44.794033" lon="-110.435305"><ele>3062.046</ele><time>2026-05-23T20:07:34Z</time></trkpt><trkpt lat="44.793989" lon="-110.435361"><ele>3061.688</ele><time>2026-05-23T20:07:44Z</time></trkpt><trkpt lat="44.79397" lon="-110.435367"><ele>3060.816</ele><time>2026-05-23T20:07:49Z</time></trkpt><trkpt lat="44.793966" lon="-110.435364"><ele>3060.609</ele><time>2026-05-23T20:07:51Z</time></trkpt><trkpt lat="44.793947" lon="-110.43536"><ele>3059.636</ele><time>2026-05-23T20:08:01Z</time></trkpt><trkpt lat="44.79392" lon="-110.43536"><ele>3058.610</ele><time>2026-05-23T20:08:05Z</time></trkpt><trkpt lat="44.793903" lon="-110.43536"><ele>3058.259</ele><time>2026-05-23T20:08:09Z</time></trkpt><trkpt lat="44.7939" lon="-110.435361"><ele>3057.821</ele><time>2026-05-23T20:08:18Z</time></trkpt><trkpt lat="44.793884" lon="-110.435356"><ele>3058.093</ele><time>2026-05-23T20:08:20Z</time></trkpt><trkpt lat="44.793859" lon="-110.435343"><ele>3059.477</ele><time>2026-05-23T20:08:27Z</time></trkpt><trkpt lat="44.793865" lon="-110.435342"><ele>3059.655</ele><time>2026-05-23T20:08:31Z</time></trkpt><trkpt lat="44.793868" lon="-110.435344"><ele>3059.222</ele><time>2026-05-23T20:08:34Z</time></trkpt><trkpt lat="44.793864" lon="-110.435336"><ele>3058.636</ele><time>2026-05-23T20:08:36Z</time></trkpt><trkpt lat="44.793836" lon="-110.435327"><ele>3057.466</ele><time>2026-05-23T20:08:40Z</time></trkpt><trkpt lat="44.793761" lon="-110.435338"><ele>3057.229</ele><time>2026-05-23T20:08:49Z</time></trkpt><trkpt lat="44.793665" lon="-110.435368"><ele>3056.621</ele><time>2026-05-23T20:09:00Z</time></trkpt><trkpt lat="44.793651" lon="-110.435376"><ele>3056.409</ele><time>2026-05-23T20:09:01Z</time></trkpt><trkpt lat="44.793646" lon="-110.435385"><ele>3056.028</ele><time>2026-05-23T20:09:07Z</time></trkpt><trkpt lat="44.793596" lon="-110.435396"><ele>3055.472</ele><time>2026-05-23T20:09:15Z</time></trkpt><trkpt lat="44.793573" lon="-110.435411"><ele>3055.021</ele><time>2026-05-23T20:09:16Z</time></trkpt><trkpt lat="44.793556" lon="-110.435427"><ele>3053.833</ele><time>2026-05-23T20:09:19Z</time></trkpt><trkpt lat="44.793539" lon="-110.435431"><ele>3054.475</ele><time>2026-05-23T20:09:23Z</time></trkpt><trkpt lat="44.793539" lon="-110.435431"><ele>3055.029</ele><time>2026-05-23T20:09:24Z</time></trkpt><trkpt lat="44.793539" lon="-110.435433"><ele>3055.857</ele><time>2026-05-23T20:09:28Z</time></trkpt><trkpt lat="44.793528" lon="-110.435436"><ele>3056.044</ele><time>2026-05-23T20:09:30Z</time></trkpt><trkpt lat="44.793509" lon="-110.43544"><ele>3054.698</ele><time>2026-05-23T20:09:32Z</time></trkpt><trkpt lat="44.793498" lon="-110.435442"><ele>3053.865</ele><time>2026-05-23T20:09:33Z</time></trkpt><trkpt lat="44.793488" lon="-110.435442"><ele>3053.468</ele><time>2026-05-23T20:09:34Z</time></trkpt><trkpt lat="44.793461" lon="-110.435447"><ele>3052.014</ele><time>2026-05-23T20:09:37Z</time></trkpt><trkpt lat="44.793402" lon="-110.435446"><ele>3052.209</ele><time>2026-05-23T20:09:43Z</time></trkpt><trkpt lat="44.793319" lon="-110.435426"><ele>3053.058</ele><time>2026-05-23T20:09:52Z</time></trkpt><trkpt lat="44.793299" lon="-110.435399"><ele>3053.292</ele><time>2026-05-23T20:09:59Z</time></trkpt><trkpt lat="44.793267" lon="-110.43537"><ele>3052.691</ele><time>2026-05-23T20:10:04Z</time></trkpt><trkpt lat="44.793243" lon="-110.435362"><ele>3051.693</ele><time>2026-05-23T20:10:06Z</time></trkpt><trkpt lat="44.793201" lon="-110.435331"><ele>3050.875</ele><time>2026-05-23T20:10:10Z</time></trkpt><trkpt lat="44.793165" lon="-110.435332"><ele>3051.069</ele><time>2026-05-23T20:10:17Z</time></trkpt><trkpt lat="44.793107" lon="-110.435337"><ele>3051.037</ele><time>2026-05-23T20:10:24Z</time></trkpt><trkpt lat="44.793085" lon="-110.435346"><ele>3050.664</ele><time>2026-05-23T20:10:26Z</time></trkpt><trkpt lat="44.792998" lon="-110.435388"><ele>3049.458</ele><time>2026-05-23T20:10:32Z</time></trkpt><trkpt lat="44.79299" lon="-110.435395"><ele>3049.071</ele><time>2026-05-23T20:10:39Z</time></trkpt><trkpt lat="44.79299" lon="-110.435395"><ele>3048.241</ele><time>2026-05-23T20:10:42Z</time></trkpt><trkpt lat="44.792999" lon="-110.435384"><ele>3048.615</ele><time>2026-05-23T20:10:48Z</time></trkpt><trkpt lat="44.792982" lon="-110.435392"><ele>3047.809</ele><time>2026-05-23T20:10:56Z</time></trkpt><trkpt lat="44.792942" lon="-110.435408"><ele>3048.649</ele><time>2026-05-23T20:11:00Z</time></trkpt><trkpt lat="44.792892" lon="-110.43543"><ele>3048.063</ele><time>2026-05-23T20:11:05Z</time></trkpt><trkpt lat="44.792864" lon="-110.435455"><ele>3047.022</ele><time>2026-05-23T20:11:08Z</time></trkpt><trkpt lat="44.792825" lon="-110.435496"><ele>3045.874</ele><time>2026-05-23T20:11:12Z</time></trkpt><trkpt lat="44.792807" lon="-110.435512"><ele>3045.686</ele><time>2026-05-23T20:11:14Z</time></trkpt><trkpt lat="44.792746" lon="-110.435554"><ele>3044.690</ele><time>2026-05-23T20:11:20Z</time></trkpt><trkpt lat="44.792708" lon="-110.435602"><ele>3043.648</ele><time>2026-05-23T20:11:24Z</time></trkpt><trkpt lat="44.792699" lon="-110.435611"><ele>3043.435</ele><time>2026-05-23T20:11:25Z</time></trkpt><trkpt lat="44.792627" lon="-110.435654"><ele>3042.479</ele><time>2026-05-23T20:11:32Z</time></trkpt><trkpt lat="44.792607" lon="-110.435667"><ele>3042.278</ele><time>2026-05-23T20:11:34Z</time></trkpt><trkpt lat="44.792566" lon="-110.435694"><ele>3041.233</ele><time>2026-05-23T20:11:38Z</time></trkpt><trkpt lat="44.792518" lon="-110.43573"><ele>3040.826</ele><time>2026-05-23T20:11:42Z</time></trkpt><trkpt lat="44.792465" lon="-110.435718"><ele>3042.209</ele><time>2026-05-23T20:11:48Z</time></trkpt><trkpt lat="44.79246" lon="-110.435718"><ele>3042.289</ele><time>2026-05-23T20:11:49Z</time></trkpt><trkpt lat="44.792408" lon="-110.435747"><ele>3041.653</ele><time>2026-05-23T20:11:57Z</time></trkpt><trkpt lat="44.792374" lon="-110.435764"><ele>3043.282</ele><time>2026-05-23T20:12:05Z</time></trkpt><trkpt lat="44.792374" lon="-110.435763"><ele>3043.674</ele><time>2026-05-23T20:12:06Z</time></trkpt><trkpt lat="44.792371" lon="-110.435762"><ele>3043.096</ele><time>2026-05-23T20:12:15Z</time></trkpt><trkpt lat="44.79238" lon="-110.435761"><ele>3043.410</ele><time>2026-05-23T20:12:22Z</time></trkpt><trkpt lat="44.792375" lon="-110.435756"><ele>3043.828</ele><time>2026-05-23T20:12:26Z</time></trkpt><trkpt lat="44.792369" lon="-110.435755"><ele>3043.045</ele><time>2026-05-23T20:12:30Z</time></trkpt><trkpt lat="44.792367" lon="-110.435761"><ele>3042.669</ele><time>2026-05-23T20:12:32Z</time></trkpt><trkpt lat="44.792375" lon="-110.435765"><ele>3043.214</ele><time>2026-05-23T20:12:40Z</time></trkpt><trkpt lat="44.792377" lon="-110.435763"><ele>3043.854</ele><time>2026-05-23T20:12:42Z</time></trkpt><trkpt lat="44.792371" lon="-110.435757"><ele>3042.809</ele><time>2026-05-23T20:12:48Z</time></trkpt><trkpt lat="44.792367" lon="-110.435762"><ele>3043.009</ele><time>2026-05-23T20:12:53Z</time></trkpt><trkpt lat="44.792354" lon="-110.435778"><ele>3043.453</ele><time>2026-05-23T20:12:59Z</time></trkpt><trkpt lat="44.792315" lon="-110.435805"><ele>3042.697</ele><time>2026-05-23T20:13:05Z</time></trkpt><trkpt lat="44.792271" lon="-110.435836"><ele>3043.666</ele><time>2026-05-23T20:13:11Z</time></trkpt><trkpt lat="44.792264" lon="-110.435843"><ele>3043.298</ele><time>2026-05-23T20:13:13Z</time></trkpt><trkpt lat="44.792191" lon="-110.435905"><ele>3042.080</ele><time>2026-05-23T20:13:22Z</time></trkpt><trkpt lat="44.792149" lon="-110.43592"><ele>3041.684</ele><time>2026-05-23T20:13:26Z</time></trkpt><trkpt lat="44.792132" lon="-110.435931"><ele>3041.482</ele><time>2026-05-23T20:13:29Z</time></trkpt><trkpt lat="44.792102" lon="-110.435929"><ele>3040.429</ele><time>2026-05-23T20:13:35Z</time></trkpt><trkpt lat="44.792098" lon="-110.435939"><ele>3038.823</ele><time>2026-05-23T20:13:38Z</time></trkpt><trkpt lat="44.7921" lon="-110.435939"><ele>3038.478</ele><time>2026-05-23T20:13:42Z</time></trkpt><trkpt lat="44.792082" lon="-110.435961"><ele>3040.033</ele><time>2026-05-23T20:13:45Z</time></trkpt><trkpt lat="44.792066" lon="-110.435978"><ele>3040.426</ele><time>2026-05-23T20:13:47Z</time></trkpt><trkpt lat="44.792028" lon="-110.436008"><ele>3038.809</ele><time>2026-05-23T20:13:53Z</time></trkpt><trkpt lat="44.792009" lon="-110.436027"><ele>3038.299</ele><time>2026-05-23T20:13:55Z</time></trkpt><trkpt lat="44.791997" lon="-110.436033"><ele>3037.853</ele><time>2026-05-23T20:13:57Z</time></trkpt><trkpt lat="44.791967" lon="-110.436068"><ele>3036.242</ele><time>2026-05-23T20:14:01Z</time></trkpt><trkpt lat="44.791953" lon="-110.436085"><ele>3035.214</ele><time>2026-05-23T20:14:03Z</time></trkpt><trkpt lat="44.791913" lon="-110.436119"><ele>3035.466</ele><time>2026-05-23T20:14:07Z</time></trkpt><trkpt lat="44.791883" lon="-110.436135"><ele>3036.230</ele><time>2026-05-23T20:14:10Z</time></trkpt><trkpt lat="44.791836" lon="-110.436159"><ele>3036.268</ele><time>2026-05-23T20:14:14Z</time></trkpt><trkpt lat="44.791814" lon="-110.436171"><ele>3036.055</ele><time>2026-05-23T20:14:16Z</time></trkpt><trkpt lat="44.791772" lon="-110.436192"><ele>3035.059</ele><time>2026-05-23T20:14:20Z</time></trkpt><trkpt lat="44.791742" lon="-110.436208"><ele>3034.233</ele><time>2026-05-23T20:14:23Z</time></trkpt><trkpt lat="44.791733" lon="-110.436211"><ele>3034.023</ele><time>2026-05-23T20:14:24Z</time></trkpt><trkpt lat="44.791638" lon="-110.436228"><ele>3032.815</ele><time>2026-05-23T20:14:32Z</time></trkpt><trkpt lat="44.791628" lon="-110.436227"><ele>3032.609</ele><time>2026-05-23T20:14:33Z</time></trkpt><trkpt lat="44.791564" lon="-110.436221"><ele>3031.445</ele><time>2026-05-23T20:14:41Z</time></trkpt><trkpt lat="44.791536" lon="-110.436223"><ele>3030.449</ele><time>2026-05-23T20:14:44Z</time></trkpt><trkpt lat="44.791489" lon="-110.436209"><ele>3029.428</ele><time>2026-05-23T20:14:48Z</time></trkpt><trkpt lat="44.791463" lon="-110.436203"><ele>3029.030</ele><time>2026-05-23T20:14:50Z</time></trkpt><trkpt lat="44.791432" lon="-110.436196"><ele>3028.222</ele><time>2026-05-23T20:14:53Z</time></trkpt><trkpt lat="44.79138" lon="-110.436191"><ele>3028.036</ele><time>2026-05-23T20:14:58Z</time></trkpt><trkpt lat="44.791284" lon="-110.436184"><ele>3027.074</ele><time>2026-05-23T20:15:05Z</time></trkpt><trkpt lat="44.791264" lon="-110.436175"><ele>3026.261</ele><time>2026-05-23T20:15:07Z</time></trkpt><trkpt lat="44.791254" lon="-110.436169"><ele>3026.015</ele><time>2026-05-23T20:15:08Z</time></trkpt><trkpt lat="44.791216" lon="-110.436149"><ele>3026.068</ele><time>2026-05-23T20:15:11Z</time></trkpt><trkpt lat="44.791127" lon="-110.436116"><ele>3025.042</ele><time>2026-05-23T20:15:18Z</time></trkpt><trkpt lat="44.791021" lon="-110.436102"><ele>3025.226</ele><time>2026-05-23T20:15:26Z</time></trkpt><trkpt lat="44.790999" lon="-110.436097"><ele>3024.809</ele><time>2026-05-23T20:15:28Z</time></trkpt><trkpt lat="44.790945" lon="-110.436091"><ele>3024.088</ele><time>2026-05-23T20:15:33Z</time></trkpt><trkpt lat="44.790898" lon="-110.43609"><ele>3023.832</ele><time>2026-05-23T20:15:37Z</time></trkpt><trkpt lat="44.790832" lon="-110.43608"><ele>3023.681</ele><time>2026-05-23T20:15:42Z</time></trkpt><trkpt lat="44.790718" lon="-110.436085"><ele>3022.853</ele><time>2026-05-23T20:15:51Z</time></trkpt><trkpt lat="44.790697" lon="-110.436092"><ele>3022.495</ele><time>2026-05-23T20:15:53Z</time></trkpt><trkpt lat="44.79067" lon="-110.436091"><ele>3021.619</ele><time>2026-05-23T20:15:56Z</time></trkpt><trkpt lat="44.790623" lon="-110.436101"><ele>3021.297</ele><time>2026-05-23T20:16:01Z</time></trkpt><trkpt lat="44.790579" lon="-110.436106"><ele>3020.434</ele><time>2026-05-23T20:16:06Z</time></trkpt><trkpt lat="44.79054" lon="-110.436114"><ele>3020.098</ele><time>2026-05-23T20:16:10Z</time></trkpt><trkpt lat="44.790496" lon="-110.436115"><ele>3019.426</ele><time>2026-05-23T20:16:14Z</time></trkpt><trkpt lat="44.790461" lon="-110.436115"><ele>3019.047</ele><time>2026-05-23T20:16:17Z</time></trkpt><trkpt lat="44.790437" lon="-110.436113"><ele>3019.211</ele><time>2026-05-23T20:16:19Z</time></trkpt><trkpt lat="44.790385" lon="-110.436126"><ele>3018.209</ele><time>2026-05-23T20:16:24Z</time></trkpt><trkpt lat="44.790343" lon="-110.436137"><ele>3017.644</ele><time>2026-05-23T20:16:28Z</time></trkpt><trkpt lat="44.790256" lon="-110.436164"><ele>3018.668</ele><time>2026-05-23T20:16:37Z</time></trkpt><trkpt lat="44.790225" lon="-110.436179"><ele>3019.027</ele><time>2026-05-23T20:16:40Z</time></trkpt><trkpt lat="44.790151" lon="-110.436199"><ele>3017.449</ele><time>2026-05-23T20:16:47Z</time></trkpt><trkpt lat="44.790138" lon="-110.436201"><ele>3017.241</ele><time>2026-05-23T20:16:48Z</time></trkpt><trkpt lat="44.79008" lon="-110.436217"><ele>3016.625</ele><time>2026-05-23T20:16:53Z</time></trkpt><trkpt lat="44.790039" lon="-110.436233"><ele>3016.683</ele><time>2026-05-23T20:16:57Z</time></trkpt><trkpt lat="44.79001" lon="-110.436246"><ele>3016.250</ele><time>2026-05-23T20:17:00Z</time></trkpt><trkpt lat="44.789954" lon="-110.436273"><ele>3016.084</ele><time>2026-05-23T20:17:06Z</time></trkpt><trkpt lat="44.789921" lon="-110.436278"><ele>3015.081</ele><time>2026-05-23T20:17:09Z</time></trkpt><trkpt lat="44.789888" lon="-110.436295"><ele>3013.861</ele><time>2026-05-23T20:17:13Z</time></trkpt><trkpt lat="44.789866" lon="-110.436328"><ele>3013.817</ele><time>2026-05-23T20:17:17Z</time></trkpt><trkpt lat="44.789807" lon="-110.436381"><ele>3013.009</ele><time>2026-05-23T20:17:24Z</time></trkpt><trkpt lat="44.789798" lon="-110.436392"><ele>3012.810</ele><time>2026-05-23T20:17:25Z</time></trkpt><trkpt lat="44.789743" lon="-110.43642"><ele>3012.294</ele><time>2026-05-23T20:17:33Z</time></trkpt><trkpt lat="44.789691" lon="-110.436463"><ele>3012.493</ele><time>2026-05-23T20:17:40Z</time></trkpt><trkpt lat="44.789659" lon="-110.436495"><ele>3011.695</ele><time>2026-05-23T20:17:45Z</time></trkpt><trkpt lat="44.789634" lon="-110.436515"><ele>3011.237</ele><time>2026-05-23T20:17:49Z</time></trkpt><trkpt lat="44.789559" lon="-110.436585"><ele>3010.641</ele><time>2026-05-23T20:18:00Z</time></trkpt><trkpt lat="44.789553" lon="-110.436593"><ele>3010.619</ele><time>2026-05-23T20:18:01Z</time></trkpt><trkpt lat="44.789503" lon="-110.436636"><ele>3009.886</ele><time>2026-05-23T20:18:10Z</time></trkpt><trkpt lat="44.789479" lon="-110.436662"><ele>3009.650</ele><time>2026-05-23T20:18:14Z</time></trkpt><trkpt lat="44.789466" lon="-110.436677"><ele>3009.461</ele><time>2026-05-23T20:18:18Z</time></trkpt><trkpt lat="44.789417" lon="-110.436712"><ele>3009.021</ele><time>2026-05-23T20:18:25Z</time></trkpt><trkpt lat="44.789375" lon="-110.436752"><ele>3008.213</ele><time>2026-05-23T20:18:30Z</time></trkpt><trkpt lat="44.789365" lon="-110.436758"><ele>3007.809</ele><time>2026-05-23T20:18:32Z</time></trkpt><trkpt lat="44.789322" lon="-110.436797"><ele>3007.218</ele><time>2026-05-23T20:18:38Z</time></trkpt><trkpt lat="44.789307" lon="-110.436812"><ele>3007.062</ele><time>2026-05-23T20:18:40Z</time></trkpt><trkpt lat="44.789247" lon="-110.436863"><ele>3006.241</ele><time>2026-05-23T20:18:49Z</time></trkpt><trkpt lat="44.789214" lon="-110.436879"><ele>3006.033</ele><time>2026-05-23T20:18:55Z</time></trkpt><trkpt lat="44.789215" lon="-110.436877"><ele>3006.015</ele><time>2026-05-23T20:18:56Z</time></trkpt><trkpt lat="44.789215" lon="-110.43688"><ele>3006.049</ele><time>2026-05-23T20:18:58Z</time></trkpt><trkpt lat="44.789213" lon="-110.436882"><ele>3006.017</ele><time>2026-05-23T20:19:07Z</time></trkpt><trkpt lat="44.78918" lon="-110.436896"><ele>3005.484</ele><time>2026-05-23T20:19:12Z</time></trkpt><trkpt lat="44.789168" lon="-110.436895"><ele>3005.018</ele><time>2026-05-23T20:19:13Z</time></trkpt><trkpt lat="44.789157" lon="-110.436899"><ele>3004.866</ele><time>2026-05-23T20:19:14Z</time></trkpt><trkpt lat="44.789132" lon="-110.436907"><ele>3004.629</ele><time>2026-05-23T20:19:18Z</time></trkpt><trkpt lat="44.789087" lon="-110.436953"><ele>3004.421</ele><time>2026-05-23T20:19:25Z</time></trkpt><trkpt lat="44.789038" lon="-110.437002"><ele>3004.009</ele><time>2026-05-23T20:19:33Z</time></trkpt><trkpt lat="44.789018" lon="-110.43702"><ele>3002.638</ele><time>2026-05-23T20:19:36Z</time></trkpt><trkpt lat="44.789002" lon="-110.437029"><ele>3001.882</ele><time>2026-05-23T20:19:39Z</time></trkpt><trkpt lat="44.78893" lon="-110.437068"><ele>3002.431</ele><time>2026-05-23T20:19:47Z</time></trkpt><trkpt lat="44.78887" lon="-110.437073"><ele>3001.643</ele><time>2026-05-23T20:19:54Z</time></trkpt><trkpt lat="44.788856" lon="-110.437076"><ele>3001.675</ele><time>2026-05-23T20:19:55Z</time></trkpt><trkpt lat="44.788779" lon="-110.4371"><ele>3001.439</ele><time>2026-05-23T20:20:02Z</time></trkpt><trkpt lat="44.788712" lon="-110.43714"><ele>3001.077</ele><time>2026-05-23T20:20:11Z</time></trkpt><trkpt lat="44.788664" lon="-110.437117"><ele>3001.224</ele><time>2026-05-23T20:20:19Z</time></trkpt><trkpt lat="44.788617" lon="-110.437149"><ele>3001.048</ele><time>2026-05-23T20:20:24Z</time></trkpt><trkpt lat="44.788597" lon="-110.437172"><ele>3000.651</ele><time>2026-05-23T20:20:26Z</time></trkpt><trkpt lat="44.78854" lon="-110.437212"><ele>3000.601</ele><time>2026-05-23T20:20:33Z</time></trkpt><trkpt lat="44.788484" lon="-110.437222"><ele>2999.611</ele><time>2026-05-23T20:20:40Z</time></trkpt><trkpt lat="44.788474" lon="-110.437226"><ele>2999.609</ele><time>2026-05-23T20:20:41Z</time></trkpt><trkpt lat="44.788433" lon="-110.437244"><ele>2998.477</ele><time>2026-05-23T20:20:47Z</time></trkpt><trkpt lat="44.788427" lon="-110.437248"><ele>2998.251</ele><time>2026-05-23T20:20:48Z</time></trkpt><trkpt lat="44.78841" lon="-110.437266"><ele>2997.280</ele><time>2026-05-23T20:20:53Z</time></trkpt><trkpt lat="44.788391" lon="-110.437286"><ele>2996.862</ele><time>2026-05-23T20:20:56Z</time></trkpt><trkpt lat="44.788358" lon="-110.437317"><ele>2996.454</ele><time>2026-05-23T20:21:04Z</time></trkpt><trkpt lat="44.788329" lon="-110.437345"><ele>2996.428</ele><time>2026-05-23T20:21:11Z</time></trkpt><trkpt lat="44.788331" lon="-110.437349"><ele>2996.226</ele><time>2026-05-23T20:21:13Z</time></trkpt><trkpt lat="44.788327" lon="-110.437357"><ele>2996.273</ele><time>2026-05-23T20:21:17Z</time></trkpt><trkpt lat="44.788279" lon="-110.437408"><ele>2996.217</ele><time>2026-05-23T20:21:26Z</time></trkpt><trkpt lat="44.788277" lon="-110.437431"><ele>2996.497</ele><time>2026-05-23T20:21:31Z</time></trkpt><trkpt lat="44.788282" lon="-110.437432"><ele>2996.223</ele><time>2026-05-23T20:21:40Z</time></trkpt><trkpt lat="44.788191" lon="-110.437507"><ele>2996.025</ele><time>2026-05-23T20:21:49Z</time></trkpt><trkpt lat="44.788167" lon="-110.437526"><ele>2995.009</ele><time>2026-05-23T20:21:52Z</time></trkpt><trkpt lat="44.788125" lon="-110.437554"><ele>2993.821</ele><time>2026-05-23T20:21:57Z</time></trkpt><trkpt lat="44.788072" lon="-110.437579"><ele>2994.215</ele><time>2026-05-23T20:22:06Z</time></trkpt><trkpt lat="44.788052" lon="-110.437591"><ele>2994.224</ele><time>2026-05-23T20:22:11Z</time></trkpt><trkpt lat="44.787986" lon="-110.437595"><ele>2993.046</ele><time>2026-05-23T20:22:18Z</time></trkpt><trkpt lat="44.787944" lon="-110.437612"><ele>2993.248</ele><time>2026-05-23T20:22:24Z</time></trkpt><trkpt lat="44.787925" lon="-110.437613"><ele>2994.232</ele><time>2026-05-23T20:22:29Z</time></trkpt><trkpt lat="44.787891" lon="-110.437621"><ele>2993.840</ele><time>2026-05-23T20:22:35Z</time></trkpt><trkpt lat="44.787849" lon="-110.437627"><ele>2993.617</ele><time>2026-05-23T20:22:42Z</time></trkpt><trkpt lat="44.787802" lon="-110.437609"><ele>2992.821</ele><time>2026-05-23T20:22:47Z</time></trkpt><trkpt lat="44.787767" lon="-110.437602"><ele>2993.084</ele><time>2026-05-23T20:22:55Z</time></trkpt><trkpt lat="44.787747" lon="-110.437595"><ele>2993.407</ele><time>2026-05-23T20:22:59Z</time></trkpt><trkpt lat="44.787703" lon="-110.437573"><ele>2993.617</ele><time>2026-05-23T20:23:04Z</time></trkpt><trkpt lat="44.787693" lon="-110.437571"><ele>2994.009</ele><time>2026-05-23T20:23:06Z</time></trkpt><trkpt lat="44.787645" lon="-110.437573"><ele>2994.690</ele><time>2026-05-23T20:23:12Z</time></trkpt><trkpt lat="44.787621" lon="-110.437571"><ele>2994.094</ele><time>2026-05-23T20:23:18Z</time></trkpt><trkpt lat="44.787581" lon="-110.437582"><ele>2993.683</ele><time>2026-05-23T20:23:24Z</time></trkpt><trkpt lat="44.787568" lon="-110.437597"><ele>2993.085</ele><time>2026-05-23T20:23:31Z</time></trkpt><trkpt lat="44.78752" lon="-110.437615"><ele>2992.417</ele><time>2026-05-23T20:23:39Z</time></trkpt><trkpt lat="44.787465" lon="-110.437602"><ele>2991.871</ele><time>2026-05-23T20:23:44Z</time></trkpt><trkpt lat="44.787453" lon="-110.437599"><ele>2991.019</ele><time>2026-05-23T20:23:50Z</time></trkpt><trkpt lat="44.787452" lon="-110.4376"><ele>2990.816</ele><time>2026-05-23T20:23:55Z</time></trkpt><trkpt lat="44.787442" lon="-110.437611"><ele>2990.870</ele><time>2026-05-23T20:23:58Z</time></trkpt><trkpt lat="44.787443" lon="-110.43758"><ele>2991.497</ele><time>2026-05-23T20:24:09Z</time></trkpt><trkpt lat="44.787444" lon="-110.437579"><ele>2991.423</ele><time>2026-05-23T20:24:10Z</time></trkpt><trkpt lat="44.787489" lon="-110.437588"><ele>2991.225</ele><time>2026-05-23T20:24:19Z</time></trkpt><trkpt lat="44.787495" lon="-110.437587"><ele>2991.809</ele><time>2026-05-23T20:24:26Z</time></trkpt><trkpt lat="44.787495" lon="-110.437587"><ele>2992.011</ele><time>2026-05-23T20:24:27Z</time></trkpt><trkpt lat="44.787497" lon="-110.437586"><ele>2992.095</ele><time>2026-05-23T20:24:29Z</time></trkpt><trkpt lat="44.787501" lon="-110.437588"><ele>2992.084</ele><time>2026-05-23T20:24:30Z</time></trkpt><trkpt lat="44.787505" lon="-110.43759"><ele>2991.836</ele><time>2026-05-23T20:24:33Z</time></trkpt><trkpt lat="44.787501" lon="-110.437575"><ele>2992.288</ele><time>2026-05-23T20:24:49Z</time></trkpt><trkpt lat="44.787505" lon="-110.437574"><ele>2992.452</ele><time>2026-05-23T20:24:58Z</time></trkpt><trkpt lat="44.787495" lon="-110.437577"><ele>2992.040</ele><time>2026-05-23T20:25:06Z</time></trkpt><trkpt lat="44.787494" lon="-110.437578"><ele>2992.027</ele><time>2026-05-23T20:25:07Z</time></trkpt><trkpt lat="44.787501" lon="-110.437579"><ele>2993.411</ele><time>2026-05-23T20:25:13Z</time></trkpt><trkpt lat="44.787504" lon="-110.437582"><ele>2993.446</ele><time>2026-05-23T20:25:17Z</time></trkpt><trkpt lat="44.787508" lon="-110.437581"><ele>2992.888</ele><time>2026-05-23T20:25:20Z</time></trkpt><trkpt lat="44.787496" lon="-110.437591"><ele>2992.216</ele><time>2026-05-23T20:25:26Z</time></trkpt><trkpt lat="44.787473" lon="-110.437613"><ele>2991.409</ele><time>2026-05-23T20:25:29Z</time></trkpt><trkpt lat="44.787464" lon="-110.43762"><ele>2991.076</ele><time>2026-05-23T20:25:30Z</time></trkpt><trkpt lat="44.78736" lon="-110.437721"><ele>2991.470</ele><time>2026-05-23T20:25:41Z</time></trkpt><trkpt lat="44.787339" lon="-110.437748"><ele>2992.069</ele><time>2026-05-23T20:25:46Z</time></trkpt><trkpt lat="44.787336" lon="-110.437751"><ele>2992.231</ele><time>2026-05-23T20:25:47Z</time></trkpt><trkpt lat="44.787336" lon="-110.437751"><ele>2991.883</ele><time>2026-05-23T20:26:01Z</time></trkpt><trkpt lat="44.787336" lon="-110.437751"><ele>2991.097</ele><time>2026-05-23T20:26:12Z</time></trkpt><trkpt lat="44.787336" lon="-110.437751"><ele>2991.885</ele><time>2026-05-23T20:26:16Z</time></trkpt><trkpt lat="44.787336" lon="-110.437751"><ele>2991.612</ele><time>2026-05-23T20:26:20Z</time></trkpt><trkpt lat="44.787337" lon="-110.437759"><ele>2991.016</ele><time>2026-05-23T20:26:27Z</time></trkpt><trkpt lat="44.787327" lon="-110.437777"><ele>2991.026</ele><time>2026-05-23T20:26:31Z</time></trkpt><trkpt lat="44.787309" lon="-110.437825"><ele>2990.647</ele><time>2026-05-23T20:26:34Z</time></trkpt><trkpt lat="44.787312" lon="-110.437882"><ele>2989.611</ele><time>2026-05-23T20:26:38Z</time></trkpt><trkpt lat="44.787329" lon="-110.437918"><ele>2988.609</ele><time>2026-05-23T20:26:41Z</time></trkpt><trkpt lat="44.787337" lon="-110.437926"><ele>2988.494</ele><time>2026-05-23T20:26:42Z</time></trkpt><trkpt lat="44.7874" lon="-110.437979"><ele>2987.858</ele><time>2026-05-23T20:26:50Z</time></trkpt><trkpt lat="44.787469" lon="-110.438069"><ele>2988.637</ele><time>2026-05-23T20:26:59Z</time></trkpt><trkpt lat="44.787546" lon="-110.438098"><ele>2987.679</ele><time>2026-05-23T20:27:07Z</time></trkpt><trkpt lat="44.787559" lon="-110.438101"><ele>2987.211</ele><time>2026-05-23T20:27:08Z</time></trkpt><trkpt lat="44.787584" lon="-110.438098"><ele>2986.655</ele><time>2026-05-23T20:27:10Z</time></trkpt><trkpt lat="44.78764" lon="-110.438094"><ele>2985.413</ele><time>2026-05-23T20:27:15Z</time></trkpt><trkpt lat="44.78765" lon="-110.438095"><ele>2985.280</ele><time>2026-05-23T20:27:16Z</time></trkpt><trkpt lat="44.787743" lon="-110.438057"><ele>2984.224</ele><time>2026-05-23T20:27:25Z</time></trkpt><trkpt lat="44.787769" lon="-110.438051"><ele>2983.427</ele><time>2026-05-23T20:27:27Z</time></trkpt><trkpt lat="44.787781" lon="-110.438049"><ele>2983.068</ele><time>2026-05-23T20:27:28Z</time></trkpt><trkpt lat="44.787862" lon="-110.438014"><ele>2982.614</ele><time>2026-05-23T20:27:35Z</time></trkpt><trkpt lat="44.78789" lon="-110.438005"><ele>2981.809</ele><time>2026-05-23T20:27:38Z</time></trkpt><trkpt lat="44.78796" lon="-110.437999"><ele>2981.054</ele><time>2026-05-23T20:27:45Z</time></trkpt><trkpt lat="44.787995" lon="-110.437991"><ele>2980.858</ele><time>2026-05-23T20:27:48Z</time></trkpt><trkpt lat="44.788034" lon="-110.438001"><ele>2979.897</ele><time>2026-05-23T20:27:53Z</time></trkpt><trkpt lat="44.788041" lon="-110.437998"><ele>2979.849</ele><time>2026-05-23T20:27:54Z</time></trkpt><trkpt lat="44.78811" lon="-110.437981"><ele>2979.451</ele><time>2026-05-23T20:28:01Z</time></trkpt><trkpt lat="44.788155" lon="-110.437965"><ele>2979.275</ele><time>2026-05-23T20:28:06Z</time></trkpt><trkpt lat="44.788157" lon="-110.437955"><ele>2979.413</ele><time>2026-05-23T20:28:08Z</time></trkpt><trkpt lat="44.788168" lon="-110.43794"><ele>2980.050</ele><time>2026-05-23T20:28:13Z</time></trkpt><trkpt lat="44.78818" lon="-110.437935"><ele>2980.284</ele><time>2026-05-23T20:28:15Z</time></trkpt><trkpt lat="44.788247" lon="-110.437924"><ele>2980.092</ele><time>2026-05-23T20:28:26Z</time></trkpt><trkpt lat="44.78827" lon="-110.437901"><ele>2980.473</ele><time>2026-05-23T20:28:34Z</time></trkpt><trkpt lat="44.788322" lon="-110.4379"><ele>2980.020</ele><time>2026-05-23T20:28:43Z</time></trkpt><trkpt lat="44.788355" lon="-110.437898"><ele>2979.809</ele><time>2026-05-23T20:28:51Z</time></trkpt><trkpt lat="44.788401" lon="-110.437889"><ele>2979.691</ele><time>2026-05-23T20:28:59Z</time></trkpt><trkpt lat="44.78846" lon="-110.437877"><ele>2979.495</ele><time>2026-05-23T20:29:09Z</time></trkpt><trkpt lat="44.78848" lon="-110.437884"><ele>2978.844</ele><time>2026-05-23T20:29:14Z</time></trkpt><trkpt lat="44.788494" lon="-110.437885"><ele>2978.486</ele><time>2026-05-23T20:29:16Z</time></trkpt><trkpt lat="44.788516" lon="-110.437883"><ele>2978.628</ele><time>2026-05-23T20:29:22Z</time></trkpt><trkpt lat="44.788535" lon="-110.437883"><ele>2978.232</ele><time>2026-05-23T20:29:33Z</time></trkpt><trkpt lat="44.788547" lon="-110.437889"><ele>2977.690</ele><time>2026-05-23T20:29:36Z</time></trkpt><trkpt lat="44.78858" lon="-110.43789"><ele>2977.437</ele><time>2026-05-23T20:29:42Z</time></trkpt><trkpt lat="44.788635" lon="-110.437884"><ele>2977.021</ele><time>2026-05-23T20:29:51Z</time></trkpt><trkpt lat="44.788683" lon="-110.437876"><ele>2976.646</ele><time>2026-05-23T20:29:58Z</time></trkpt><trkpt lat="44.788685" lon="-110.437877"><ele>2976.688</ele><time>2026-05-23T20:29:59Z</time></trkpt><trkpt lat="44.788725" lon="-110.437886"><ele>2976.216</ele><time>2026-05-23T20:30:06Z</time></trkpt><trkpt lat="44.788794" lon="-110.437879"><ele>2975.409</ele><time>2026-05-23T20:30:15Z</time></trkpt><trkpt lat="44.788804" lon="-110.437876"><ele>2975.466</ele><time>2026-05-23T20:30:16Z</time></trkpt><trkpt lat="44.788839" lon="-110.437867"><ele>2975.060</ele><time>2026-05-23T20:30:20Z</time></trkpt><trkpt lat="44.788871" lon="-110.437871"><ele>2974.449</ele><time>2026-05-23T20:30:24Z</time></trkpt><trkpt lat="44.788885" lon="-110.437875"><ele>2974.261</ele><time>2026-05-23T20:30:26Z</time></trkpt><trkpt lat="44.788908" lon="-110.437878"><ele>2973.613</ele><time>2026-05-23T20:30:29Z</time></trkpt><trkpt lat="44.788926" lon="-110.437874"><ele>2973.447</ele><time>2026-05-23T20:30:31Z</time></trkpt><trkpt lat="44.788946" lon="-110.43787"><ele>2973.295</ele><time>2026-05-23T20:30:33Z</time></trkpt><trkpt lat="44.789003" lon="-110.437866"><ele>2972.212</ele><time>2026-05-23T20:30:38Z</time></trkpt><trkpt lat="44.789049" lon="-110.437859"><ele>2971.836</ele><time>2026-05-23T20:30:43Z</time></trkpt><trkpt lat="44.789075" lon="-110.437859"><ele>2972.024</ele><time>2026-05-23T20:30:49Z</time></trkpt><trkpt lat="44.789132" lon="-110.437831"><ele>2971.604</ele><time>2026-05-23T20:30:57Z</time></trkpt><trkpt lat="44.78916" lon="-110.437824"><ele>2971.014</ele><time>2026-05-23T20:30:59Z</time></trkpt><trkpt lat="44.789209" lon="-110.437816"><ele>2970.009</ele><time>2026-05-23T20:31:04Z</time></trkpt><trkpt lat="44.78922" lon="-110.437816"><ele>2970.044</ele><time>2026-05-23T20:31:05Z</time></trkpt><trkpt lat="44.789271" lon="-110.437796"><ele>2969.088</ele><time>2026-05-23T20:31:13Z</time></trkpt><trkpt lat="44.789269" lon="-110.437795"><ele>2968.867</ele><time>2026-05-23T20:31:15Z</time></trkpt><trkpt lat="44.789315" lon="-110.437802"><ele>2968.019</ele><time>2026-05-23T20:31:22Z</time></trkpt><trkpt lat="44.789331" lon="-110.437803"><ele>2967.891</ele><time>2026-05-23T20:31:24Z</time></trkpt><trkpt lat="44.789363" lon="-110.437797"><ele>2968.235</ele><time>2026-05-23T20:31:32Z</time></trkpt><trkpt lat="44.789394" lon="-110.437789"><ele>2967.843</ele><time>2026-05-23T20:31:39Z</time></trkpt><trkpt lat="44.789453" lon="-110.437766"><ele>2967.440</ele><time>2026-05-23T20:31:48Z</time></trkpt><trkpt lat="44.789499" lon="-110.437763"><ele>2966.864</ele><time>2026-05-23T20:31:53Z</time></trkpt><trkpt lat="44.789521" lon="-110.437756"><ele>2966.846</ele><time>2026-05-23T20:31:56Z</time></trkpt><trkpt lat="44.789544" lon="-110.43774"><ele>2966.288</ele><time>2026-05-23T20:32:05Z</time></trkpt><trkpt lat="44.789558" lon="-110.437745"><ele>2965.616</ele><time>2026-05-23T20:32:07Z</time></trkpt><trkpt lat="44.789591" lon="-110.437753"><ele>2965.209</ele><time>2026-05-23T20:32:12Z</time></trkpt><trkpt lat="44.789639" lon="-110.437757"><ele>2964.676</ele><time>2026-05-23T20:32:17Z</time></trkpt><trkpt lat="44.789644" lon="-110.437758"><ele>2964.610</ele><time>2026-05-23T20:32:18Z</time></trkpt><trkpt lat="44.789692" lon="-110.437749"><ele>2964.239</ele><time>2026-05-23T20:32:27Z</time></trkpt><trkpt lat="44.789716" lon="-110.437733"><ele>2964.241</ele><time>2026-05-23T20:32:30Z</time></trkpt><trkpt lat="44.789756" lon="-110.437717"><ele>2963.823</ele><time>2026-05-23T20:32:34Z</time></trkpt><trkpt lat="44.789769" lon="-110.437715"><ele>2963.477</ele><time>2026-05-23T20:32:36Z</time></trkpt><trkpt lat="44.789809" lon="-110.437694"><ele>2962.895</ele><time>2026-05-23T20:32:42Z</time></trkpt><trkpt lat="44.789818" lon="-110.437699"><ele>2962.852</ele><time>2026-05-23T20:32:43Z</time></trkpt><trkpt lat="44.789826" lon="-110.4377"><ele>2962.886</ele><time>2026-05-23T20:32:44Z</time></trkpt><trkpt lat="44.789849" lon="-110.437701"><ele>2962.435</ele><time>2026-05-23T20:32:48Z</time></trkpt><trkpt lat="44.789868" lon="-110.437692"><ele>2961.686</ele><time>2026-05-23T20:32:52Z</time></trkpt><trkpt lat="44.789889" lon="-110.437689"><ele>2961.214</ele><time>2026-05-23T20:32:54Z</time></trkpt><trkpt lat="44.789944" lon="-110.437683"><ele>2961.809</ele><time>2026-05-23T20:33:00Z</time></trkpt><trkpt lat="44.78999" lon="-110.437661"><ele>2961.035</ele><time>2026-05-23T20:33:10Z</time></trkpt><trkpt lat="44.790052" lon="-110.437646"><ele>2961.499</ele><time>2026-05-23T20:33:18Z</time></trkpt><trkpt lat="44.790115" lon="-110.437633"><ele>2960.628</ele><time>2026-05-23T20:33:24Z</time></trkpt><trkpt lat="44.790135" lon="-110.437631"><ele>2960.410</ele><time>2026-05-23T20:33:26Z</time></trkpt><trkpt lat="44.790151" lon="-110.437637"><ele>2960.462</ele><time>2026-05-23T20:33:28Z</time></trkpt><trkpt lat="44.790158" lon="-110.437636"><ele>2960.256</ele><time>2026-05-23T20:33:29Z</time></trkpt><trkpt lat="44.790167" lon="-110.437636"><ele>2960.234</ele><time>2026-05-23T20:33:30Z</time></trkpt><trkpt lat="44.79025" lon="-110.437645"><ele>2959.671</ele><time>2026-05-23T20:33:39Z</time></trkpt><trkpt lat="44.790282" lon="-110.437651"><ele>2959.255</ele><time>2026-05-23T20:33:42Z</time></trkpt><trkpt lat="44.790331" lon="-110.43768"><ele>2958.888</ele><time>2026-05-23T20:33:48Z</time></trkpt><trkpt lat="44.790405" lon="-110.437705"><ele>2958.024</ele><time>2026-05-23T20:33:56Z</time></trkpt><trkpt lat="44.790412" lon="-110.437711"><ele>2957.826</ele><time>2026-05-23T20:33:57Z</time></trkpt><trkpt lat="44.790487" lon="-110.437733"><ele>2958.009</ele><time>2026-05-23T20:34:07Z</time></trkpt><trkpt lat="44.790531" lon="-110.437747"><ele>2956.840</ele><time>2026-05-23T20:34:13Z</time></trkpt><trkpt lat="44.790551" lon="-110.437748"><ele>2956.674</ele><time>2026-05-23T20:34:15Z</time></trkpt><trkpt lat="44.790599" lon="-110.437762"><ele>2955.833</ele><time>2026-05-23T20:34:20Z</time></trkpt><trkpt lat="44.790625" lon="-110.437765"><ele>2955.635</ele><time>2026-05-23T20:34:23Z</time></trkpt><trkpt lat="44.790648" lon="-110.437772"><ele>2955.887</ele><time>2026-05-23T20:34:33Z</time></trkpt><trkpt lat="44.790687" lon="-110.437776"><ele>2955.231</ele><time>2026-05-23T20:34:40Z</time></trkpt><trkpt lat="44.790702" lon="-110.437775"><ele>2955.059</ele><time>2026-05-23T20:34:43Z</time></trkpt><trkpt lat="44.790737" lon="-110.437782"><ele>2955.436</ele><time>2026-05-23T20:34:49Z</time></trkpt><trkpt lat="44.790786" lon="-110.437803"><ele>2954.890</ele><time>2026-05-23T20:34:54Z</time></trkpt><trkpt lat="44.790813" lon="-110.437824"><ele>2954.833</ele><time>2026-05-23T20:34:58Z</time></trkpt><trkpt lat="44.79087" lon="-110.437865"><ele>2953.823</ele><time>2026-05-23T20:35:05Z</time></trkpt><trkpt lat="44.790878" lon="-110.437867"><ele>2953.615</ele><time>2026-05-23T20:35:06Z</time></trkpt><trkpt lat="44.790897" lon="-110.437873"><ele>2953.209</ele><time>2026-05-23T20:35:08Z</time></trkpt><trkpt lat="44.79095" lon="-110.437882"><ele>2952.655</ele><time>2026-05-23T20:35:13Z</time></trkpt><trkpt lat="44.791" lon="-110.437906"><ele>2952.229</ele><time>2026-05-23T20:35:18Z</time></trkpt><trkpt lat="44.791078" lon="-110.437962"><ele>2951.688</ele><time>2026-05-23T20:35:27Z</time></trkpt><trkpt lat="44.791092" lon="-110.437971"><ele>2951.490</ele><time>2026-05-23T20:35:28Z</time></trkpt><trkpt lat="44.791129" lon="-110.437988"><ele>2950.432</ele><time>2026-05-23T20:35:33Z</time></trkpt><trkpt lat="44.791187" lon="-110.438014"><ele>2949.456</ele><time>2026-05-23T20:35:40Z</time></trkpt><trkpt lat="44.791291" lon="-110.438098"><ele>2949.834</ele><time>2026-05-23T20:35:50Z</time></trkpt><trkpt lat="44.791291" lon="-110.438098"><ele>2950.631</ele><time>2026-05-23T20:35:51Z</time></trkpt><trkpt lat="44.791319" lon="-110.438114"><ele>2949.415</ele><time>2026-05-23T20:35:55Z</time></trkpt><trkpt lat="44.791344" lon="-110.438123"><ele>2949.082</ele><time>2026-05-23T20:35:59Z</time></trkpt><trkpt lat="44.791382" lon="-110.438156"><ele>2948.243</ele><time>2026-05-23T20:36:04Z</time></trkpt><trkpt lat="44.791404" lon="-110.438181"><ele>2947.017</ele><time>2026-05-23T20:36:07Z</time></trkpt><trkpt lat="44.791411" lon="-110.438189"><ele>2946.809</ele><time>2026-05-23T20:36:08Z</time></trkpt><trkpt lat="44.791488" lon="-110.438249"><ele>2948.040</ele><time>2026-05-23T20:36:19Z</time></trkpt><trkpt lat="44.791538" lon="-110.438276"><ele>2947.044</ele><time>2026-05-23T20:36:24Z</time></trkpt><trkpt lat="44.791562" lon="-110.438302"><ele>2946.643</ele><time>2026-05-23T20:36:26Z</time></trkpt><trkpt lat="44.791581" lon="-110.438323"><ele>2945.835</ele><time>2026-05-23T20:36:29Z</time></trkpt><trkpt lat="44.791595" lon="-110.438318"><ele>2944.877</ele><time>2026-05-23T20:36:35Z</time></trkpt><trkpt lat="44.791664" lon="-110.438351"><ele>2944.661</ele><time>2026-05-23T20:36:44Z</time></trkpt><trkpt lat="44.791751" lon="-110.438431"><ele>2943.819</ele><time>2026-05-23T20:36:53Z</time></trkpt><trkpt lat="44.791781" lon="-110.438463"><ele>2943.456</ele><time>2026-05-23T20:36:57Z</time></trkpt><trkpt lat="44.791875" lon="-110.438531"><ele>2942.870</ele><time>2026-05-23T20:37:07Z</time></trkpt><trkpt lat="44.791938" lon="-110.438602"><ele>2941.699</ele><time>2026-05-23T20:37:16Z</time></trkpt><trkpt lat="44.791941" lon="-110.438616"><ele>2940.807</ele><time>2026-05-23T20:37:18Z</time></trkpt><trkpt lat="44.791947" lon="-110.438635"><ele>2940.427</ele><time>2026-05-23T20:37:20Z</time></trkpt><trkpt lat="44.791972" lon="-110.438657"><ele>2940.209</ele><time>2026-05-23T20:37:25Z</time></trkpt><trkpt lat="44.791985" lon="-110.43866"><ele>2940.461</ele><time>2026-05-23T20:37:27Z</time></trkpt><trkpt lat="44.792027" lon="-110.438653"><ele>2940.815</ele><time>2026-05-23T20:37:36Z</time></trkpt><trkpt lat="44.792072" lon="-110.438664"><ele>2941.424</ele><time>2026-05-23T20:37:44Z</time></trkpt><trkpt lat="44.79209" lon="-110.438668"><ele>2941.616</ele><time>2026-05-23T20:37:47Z</time></trkpt><trkpt lat="44.792155" lon="-110.438658"><ele>2941.868</ele><time>2026-05-23T20:37:54Z</time></trkpt><trkpt lat="44.792184" lon="-110.43865"><ele>2941.472</ele><time>2026-05-23T20:37:58Z</time></trkpt><trkpt lat="44.792246" lon="-110.438646"><ele>2940.480</ele><time>2026-05-23T20:38:04Z</time></trkpt><trkpt lat="44.792282" lon="-110.438633"><ele>2939.037</ele><time>2026-05-23T20:38:11Z</time></trkpt><trkpt lat="44.792299" lon="-110.438629"><ele>2937.631</ele><time>2026-05-23T20:38:14Z</time></trkpt><trkpt lat="44.792314" lon="-110.438625"><ele>2936.413</ele><time>2026-05-23T20:38:16Z</time></trkpt><trkpt lat="44.792356" lon="-110.438619"><ele>2935.243</ele><time>2026-05-23T20:38:20Z</time></trkpt><trkpt lat="44.792404" lon="-110.43872"><ele>2935.207</ele><time>2026-05-23T20:38:29Z</time></trkpt><trkpt lat="44.792378" lon="-110.438788"><ele>2936.209</ele><time>2026-05-23T20:38:35Z</time></trkpt><trkpt lat="44.792354" lon="-110.438832"><ele>2936.413</ele><time>2026-05-23T20:38:38Z</time></trkpt><trkpt lat="44.792313" lon="-110.438859"><ele>2935.457</ele><time>2026-05-23T20:38:46Z</time></trkpt><trkpt lat="44.792307" lon="-110.438864"><ele>2935.256</ele><time>2026-05-23T20:38:47Z</time></trkpt><trkpt lat="44.792231" lon="-110.43888"><ele>2934.238</ele><time>2026-05-23T20:38:55Z</time></trkpt><trkpt lat="44.792212" lon="-110.438882"><ele>2934.280</ele><time>2026-05-23T20:38:59Z</time></trkpt><trkpt lat="44.792178" lon="-110.438884"><ele>2933.084</ele><time>2026-05-23T20:39:03Z</time></trkpt><trkpt lat="44.792152" lon="-110.438891"><ele>2932.652</ele><time>2026-05-23T20:39:06Z</time></trkpt><trkpt lat="44.792103" lon="-110.438895"><ele>2932.089</ele><time>2026-05-23T20:39:12Z</time></trkpt><trkpt lat="44.792051" lon="-110.438905"><ele>2931.093</ele><time>2026-05-23T20:39:16Z</time></trkpt><trkpt lat="44.79204" lon="-110.438913"><ele>2931.033</ele><time>2026-05-23T20:39:17Z</time></trkpt><trkpt lat="44.792021" lon="-110.438924"><ele>2931.223</ele><time>2026-05-23T20:39:21Z</time></trkpt><trkpt lat="44.791985" lon="-110.43892"><ele>2930.615</ele><time>2026-05-23T20:39:25Z</time></trkpt><trkpt lat="44.791911" lon="-110.438898"><ele>2930.009</ele><time>2026-05-23T20:39:34Z</time></trkpt><trkpt lat="44.791901" lon="-110.438897"><ele>2929.885</ele><time>2026-05-23T20:39:35Z</time></trkpt><trkpt lat="44.791796" lon="-110.438864"><ele>2929.229</ele><time>2026-05-23T20:39:45Z</time></trkpt><trkpt lat="44.791742" lon="-110.438823"><ele>2929.298</ele><time>2026-05-23T20:39:55Z</time></trkpt><trkpt lat="44.791647" lon="-110.438811"><ele>2928.870</ele><time>2026-05-23T20:40:04Z</time></trkpt><trkpt lat="44.791636" lon="-110.438812"><ele>2928.872</ele><time>2026-05-23T20:40:05Z</time></trkpt><trkpt lat="44.791565" lon="-110.438778"><ele>2928.266</ele><time>2026-05-23T20:40:13Z</time></trkpt><trkpt lat="44.791478" lon="-110.438773"><ele>2927.894</ele><time>2026-05-23T20:40:23Z</time></trkpt><trkpt lat="44.791403" lon="-110.438727"><ele>2927.091</ele><time>2026-05-23T20:40:31Z</time></trkpt><trkpt lat="44.791349" lon="-110.438704"><ele>2926.885</ele><time>2026-05-23T20:40:37Z</time></trkpt><trkpt lat="44.791326" lon="-110.438694"><ele>2926.699</ele><time>2026-05-23T20:40:40Z</time></trkpt><trkpt lat="44.791241" lon="-110.438667"><ele>2926.207</ele><time>2026-05-23T20:40:48Z</time></trkpt><trkpt lat="44.791201" lon="-110.438665"><ele>2925.827</ele><time>2026-05-23T20:40:52Z</time></trkpt><trkpt lat="44.79114" lon="-110.43865"><ele>2924.609</ele><time>2026-05-23T20:40:58Z</time></trkpt><trkpt lat="44.791127" lon="-110.43865"><ele>2924.451</ele><time>2026-05-23T20:40:59Z</time></trkpt><trkpt lat="44.791021" lon="-110.438643"><ele>2923.635</ele><time>2026-05-23T20:41:09Z</time></trkpt><trkpt lat="44.790944" lon="-110.438631"><ele>2922.494</ele><time>2026-05-23T20:41:17Z</time></trkpt><trkpt lat="44.790913" lon="-110.43862"><ele>2922.246</ele><time>2026-05-23T20:41:20Z</time></trkpt><trkpt lat="44.790843" lon="-110.438606"><ele>2921.428</ele><time>2026-05-23T20:41:27Z</time></trkpt><trkpt lat="44.790822" lon="-110.438611"><ele>2921.222</ele><time>2026-05-23T20:41:29Z</time></trkpt><trkpt lat="44.790776" lon="-110.438613"><ele>2921.420</ele><time>2026-05-23T20:41:35Z</time></trkpt><trkpt lat="44.790782" lon="-110.438613"><ele>2921.877</ele><time>2026-05-23T20:41:39Z</time></trkpt><trkpt lat="44.790755" lon="-110.438616"><ele>2921.851</ele><time>2026-05-23T20:41:48Z</time></trkpt><trkpt lat="44.790753" lon="-110.438601"><ele>2922.441</ele><time>2026-05-23T20:41:57Z</time></trkpt><trkpt lat="44.790751" lon="-110.4386"><ele>2922.481</ele><time>2026-05-23T20:41:58Z</time></trkpt><trkpt lat="44.790739" lon="-110.438593"><ele>2922.209</ele><time>2026-05-23T20:42:03Z</time></trkpt><trkpt lat="44.79074" lon="-110.438588"><ele>2922.009</ele><time>2026-05-23T20:42:05Z</time></trkpt><trkpt lat="44.79074" lon="-110.438586"><ele>2922.076</ele><time>2026-05-23T20:42:06Z</time></trkpt><trkpt lat="44.790741" lon="-110.438585"><ele>2921.870</ele><time>2026-05-23T20:42:08Z</time></trkpt><trkpt lat="44.790744" lon="-110.438586"><ele>2921.899</ele><time>2026-05-23T20:42:09Z</time></trkpt><trkpt lat="44.790747" lon="-110.438587"><ele>2921.611</ele><time>2026-05-23T20:42:10Z</time></trkpt><trkpt lat="44.790751" lon="-110.438601"><ele>2922.053</ele><time>2026-05-23T20:42:17Z</time></trkpt><trkpt lat="44.790753" lon="-110.438615"><ele>2921.827</ele><time>2026-05-23T20:42:23Z</time></trkpt><trkpt lat="44.790753" lon="-110.438615"><ele>2922.095</ele><time>2026-05-23T20:42:26Z</time></trkpt><trkpt lat="44.790741" lon="-110.438623"><ele>2921.872</ele><time>2026-05-23T20:42:33Z</time></trkpt><trkpt lat="44.790689" lon="-110.438633"><ele>2921.436</ele><time>2026-05-23T20:42:39Z</time></trkpt><trkpt lat="44.790663" lon="-110.438641"><ele>2921.021</ele><time>2026-05-23T20:42:42Z</time></trkpt><trkpt lat="44.790565" lon="-110.438655"><ele>2920.641</ele><time>2026-05-23T20:42:51Z</time></trkpt><trkpt lat="44.790547" lon="-110.438657"><ele>2920.405</ele><time>2026-05-23T20:42:53Z</time></trkpt><trkpt lat="44.790508" lon="-110.438661"><ele>2920.209</ele><time>2026-05-23T20:42:57Z</time></trkpt><trkpt lat="44.790482" lon="-110.438664"><ele>2920.084</ele><time>2026-05-23T20:42:59Z</time></trkpt><trkpt lat="44.790464" lon="-110.438665"><ele>2920.088</ele><time>2026-05-23T20:43:01Z</time></trkpt><trkpt lat="44.790406" lon="-110.438674"><ele>2919.697</ele><time>2026-05-23T20:43:07Z</time></trkpt><trkpt lat="44.790383" lon="-110.438678"><ele>2919.619</ele><time>2026-05-23T20:43:09Z</time></trkpt><trkpt lat="44.790313" lon="-110.438688"><ele>2919.261</ele><time>2026-05-23T20:43:17Z</time></trkpt><trkpt lat="44.790303" lon="-110.438689"><ele>2919.275</ele><time>2026-05-23T20:43:18Z</time></trkpt><trkpt lat="44.79027" lon="-110.438695"><ele>2918.223</ele><time>2026-05-23T20:43:22Z</time></trkpt><trkpt lat="44.790209" lon="-110.438713"><ele>2917.650</ele><time>2026-05-23T20:43:27Z</time></trkpt><trkpt lat="44.790192" lon="-110.438716"><ele>2917.244</ele><time>2026-05-23T20:43:29Z</time></trkpt><trkpt lat="44.790134" lon="-110.438739"><ele>2916.223</ele><time>2026-05-23T20:43:35Z</time></trkpt><trkpt lat="44.790065" lon="-110.438793"><ele>2916.083</ele><time>2026-05-23T20:43:43Z</time></trkpt><trkpt lat="44.789999" lon="-110.438802"><ele>2915.811</ele><time>2026-05-23T20:43:52Z</time></trkpt><trkpt lat="44.789989" lon="-110.438804"><ele>2915.809</ele><time>2026-05-23T20:43:53Z</time></trkpt><trkpt lat="44.789976" lon="-110.438807"><ele>2915.844</ele><time>2026-05-23T20:43:54Z</time></trkpt><trkpt lat="44.789955" lon="-110.438812"><ele>2915.858</ele><time>2026-05-23T20:43:56Z</time></trkpt><trkpt lat="44.789879" lon="-110.438836"><ele>2915.487</ele><time>2026-05-23T20:44:04Z</time></trkpt><trkpt lat="44.789845" lon="-110.438856"><ele>2915.089</ele><time>2026-05-23T20:44:08Z</time></trkpt><trkpt lat="44.789777" lon="-110.438891"><ele>2914.051</ele><time>2026-05-23T20:44:14Z</time></trkpt><trkpt lat="44.789767" lon="-110.438894"><ele>2913.825</ele><time>2026-05-23T20:44:15Z</time></trkpt><trkpt lat="44.789701" lon="-110.438921"><ele>2914.043</ele><time>2026-05-23T20:44:23Z</time></trkpt><trkpt lat="44.789632" lon="-110.43894"><ele>2912.840</ele><time>2026-05-23T20:44:32Z</time></trkpt><trkpt lat="44.78961" lon="-110.438944"><ele>2911.694</ele><time>2026-05-23T20:44:35Z</time></trkpt><trkpt lat="44.78959" lon="-110.438949"><ele>2910.662</ele><time>2026-05-23T20:44:37Z</time></trkpt><trkpt lat="44.789572" lon="-110.438958"><ele>2909.683</ele><time>2026-05-23T20:44:39Z</time></trkpt><trkpt lat="44.789558" lon="-110.438968"><ele>2909.011</ele><time>2026-05-23T20:44:41Z</time></trkpt><trkpt lat="44.789539" lon="-110.438973"><ele>2908.809</ele><time>2026-05-23T20:44:48Z</time></trkpt><trkpt lat="44.789533" lon="-110.438978"><ele>2908.218</ele><time>2026-05-23T20:44:49Z</time></trkpt><trkpt lat="44.789469" lon="-110.439022"><ele>2908.222</ele><time>2026-05-23T20:44:58Z</time></trkpt><trkpt lat="44.789443" lon="-110.439045"><ele>2909.471</ele><time>2026-05-23T20:45:03Z</time></trkpt><trkpt lat="44.789422" lon="-110.439057"><ele>2910.673</ele><time>2026-05-23T20:45:06Z</time></trkpt><trkpt lat="44.789372" lon="-110.43909"><ele>2909.695</ele><time>2026-05-23T20:45:13Z</time></trkpt><trkpt lat="44.789361" lon="-110.439093"><ele>2909.819</ele><time>2026-05-23T20:45:16Z</time></trkpt><trkpt lat="44.789292" lon="-110.439135"><ele>2909.237</ele><time>2026-05-23T20:45:25Z</time></trkpt><trkpt lat="44.789227" lon="-110.439154"><ele>2908.444</ele><time>2026-05-23T20:45:32Z</time></trkpt><trkpt lat="44.789217" lon="-110.439156"><ele>2908.228</ele><time>2026-05-23T20:45:34Z</time></trkpt><trkpt lat="44.789162" lon="-110.439183"><ele>2907.638</ele><time>2026-05-23T20:45:41Z</time></trkpt><trkpt lat="44.789136" lon="-110.439194"><ele>2907.470</ele><time>2026-05-23T20:45:45Z</time></trkpt><trkpt lat="44.789074" lon="-110.439226"><ele>2907.217</ele><time>2026-05-23T20:45:52Z</time></trkpt><trkpt lat="44.789019" lon="-110.439255"><ele>2907.009</ele><time>2026-05-23T20:46:02Z</time></trkpt><trkpt lat="44.788999" lon="-110.439272"><ele>2906.685</ele><time>2026-05-23T20:46:07Z</time></trkpt><trkpt lat="44.788999" lon="-110.439277"><ele>2906.419</ele><time>2026-05-23T20:46:08Z</time></trkpt><trkpt lat="44.789" lon="-110.439275"><ele>2906.218</ele><time>2026-05-23T20:46:11Z</time></trkpt><trkpt lat="44.788987" lon="-110.439273"><ele>2907.430</ele><time>2026-05-23T20:46:16Z</time></trkpt><trkpt lat="44.788969" lon="-110.439283"><ele>2908.072</ele><time>2026-05-23T20:46:20Z</time></trkpt><trkpt lat="44.788895" lon="-110.439317"><ele>2907.446</ele><time>2026-05-23T20:46:28Z</time></trkpt><trkpt lat="44.788835" lon="-110.43935"><ele>2906.694</ele><time>2026-05-23T20:46:37Z</time></trkpt><trkpt lat="44.7888" lon="-110.439358"><ele>2906.481</ele><time>2026-05-23T20:46:42Z</time></trkpt><trkpt lat="44.788791" lon="-110.439362"><ele>2906.285</ele><time>2026-05-23T20:46:44Z</time></trkpt><trkpt lat="44.788753" lon="-110.439364"><ele>2906.249</ele><time>2026-05-23T20:46:50Z</time></trkpt><trkpt lat="44.788685" lon="-110.439387"><ele>2905.202</ele><time>2026-05-23T20:47:00Z</time></trkpt><trkpt lat="44.788637" lon="-110.439397"><ele>2904.222</ele><time>2026-05-23T20:47:07Z</time></trkpt><trkpt lat="44.788615" lon="-110.439408"><ele>2904.009</ele><time>2026-05-23T20:47:10Z</time></trkpt><trkpt lat="44.78853" lon="-110.439439"><ele>2904.066</ele><time>2026-05-23T20:47:20Z</time></trkpt><trkpt lat="44.788451" lon="-110.439456"><ele>2903.280</ele><time>2026-05-23T20:47:31Z</time></trkpt><trkpt lat="44.788422" lon="-110.439463"><ele>2903.239</ele><time>2026-05-23T20:47:34Z</time></trkpt><trkpt lat="44.788388" lon="-110.439481"><ele>2902.871</ele><time>2026-05-23T20:47:39Z</time></trkpt><trkpt lat="44.788345" lon="-110.439494"><ele>2902.043</ele><time>2026-05-23T20:47:44Z</time></trkpt><trkpt lat="44.788298" lon="-110.439521"><ele>2903.457</ele><time>2026-05-23T20:47:50Z</time></trkpt><trkpt lat="44.78825" lon="-110.439546"><ele>2902.285</ele><time>2026-05-23T20:47:56Z</time></trkpt><trkpt lat="44.788214" lon="-110.43956"><ele>2901.882</ele><time>2026-05-23T20:47:59Z</time></trkpt><trkpt lat="44.78816" lon="-110.43959"><ele>2901.016</ele><time>2026-05-23T20:48:07Z</time></trkpt><trkpt lat="44.788141" lon="-110.439595"><ele>2901.054</ele><time>2026-05-23T20:48:08Z</time></trkpt><trkpt lat="44.788075" lon="-110.4396"><ele>2900.656</ele><time>2026-05-23T20:48:16Z</time></trkpt><trkpt lat="44.788055" lon="-110.439605"><ele>2900.411</ele><time>2026-05-23T20:48:19Z</time></trkpt><trkpt lat="44.788022" lon="-110.439629"><ele>2900.409</ele><time>2026-05-23T20:48:24Z</time></trkpt><trkpt lat="44.787996" lon="-110.439638"><ele>2900.087</ele><time>2026-05-23T20:48:27Z</time></trkpt><trkpt lat="44.787953" lon="-110.439649"><ele>2899.631</ele><time>2026-05-23T20:48:32Z</time></trkpt><trkpt lat="44.787922" lon="-110.439665"><ele>2899.030</ele><time>2026-05-23T20:48:37Z</time></trkpt><trkpt lat="44.78788" lon="-110.439696"><ele>2898.622</ele><time>2026-05-23T20:48:41Z</time></trkpt><trkpt lat="44.787861" lon="-110.439712"><ele>2898.014</ele><time>2026-05-23T20:48:45Z</time></trkpt><trkpt lat="44.787792" lon="-110.4397"><ele>2896.898</ele><time>2026-05-23T20:48:52Z</time></trkpt><trkpt lat="44.787742" lon="-110.43967"><ele>2895.866</ele><time>2026-05-23T20:48:57Z</time></trkpt><trkpt lat="44.787699" lon="-110.439635"><ele>2894.823</ele><time>2026-05-23T20:49:01Z</time></trkpt><trkpt lat="44.787693" lon="-110.439637"><ele>2894.887</ele><time>2026-05-23T20:49:03Z</time></trkpt><trkpt lat="44.787684" lon="-110.439656"><ele>2895.245</ele><time>2026-05-23T20:49:06Z</time></trkpt><trkpt lat="44.787636" lon="-110.439656"><ele>2894.447</ele><time>2026-05-23T20:49:11Z</time></trkpt><trkpt lat="44.787614" lon="-110.439661"><ele>2894.011</ele><time>2026-05-23T20:49:14Z</time></trkpt><trkpt lat="44.787595" lon="-110.439668"><ele>2893.609</ele><time>2026-05-23T20:49:16Z</time></trkpt><trkpt lat="44.787559" lon="-110.439696"><ele>2893.496</ele><time>2026-05-23T20:49:20Z</time></trkpt><trkpt lat="44.787555" lon="-110.439708"><ele>2893.610</ele><time>2026-05-23T20:49:21Z</time></trkpt><trkpt lat="44.78756" lon="-110.439729"><ele>2894.099</ele><time>2026-05-23T20:49:23Z</time></trkpt><trkpt lat="44.787571" lon="-110.439752"><ele>2894.621</ele><time>2026-05-23T20:49:27Z</time></trkpt><trkpt lat="44.787605" lon="-110.439772"><ele>2894.013</ele><time>2026-05-23T20:49:34Z</time></trkpt><trkpt lat="44.787656" lon="-110.439853"><ele>2894.217</ele><time>2026-05-23T20:49:43Z</time></trkpt><trkpt lat="44.787709" lon="-110.439847"><ele>2894.085</ele><time>2026-05-23T20:49:51Z</time></trkpt><trkpt lat="44.787773" lon="-110.439849"><ele>2893.672</ele><time>2026-05-23T20:50:01Z</time></trkpt><trkpt lat="44.787843" lon="-110.439843"><ele>2893.446</ele><time>2026-05-23T20:50:10Z</time></trkpt><trkpt lat="44.787927" lon="-110.439855"><ele>2893.654</ele><time>2026-05-23T20:50:20Z</time></trkpt><trkpt lat="44.78797" lon="-110.439812"><ele>2893.656</ele><time>2026-05-23T20:50:29Z</time></trkpt><trkpt lat="44.788049" lon="-110.439797"><ele>2893.611</ele><time>2026-05-23T20:50:42Z</time></trkpt><trkpt lat="44.788117" lon="-110.439791"><ele>2892.809</ele><time>2026-05-23T20:50:53Z</time></trkpt><trkpt lat="44.788122" lon="-110.43979"><ele>2892.497</ele><time>2026-05-23T20:50:54Z</time></trkpt><trkpt lat="44.788175" lon="-110.439805"><ele>2891.681</ele><time>2026-05-23T20:51:02Z</time></trkpt><trkpt lat="44.788175" lon="-110.439805"><ele>2891.620</ele><time>2026-05-23T20:51:03Z</time></trkpt><trkpt lat="44.788244" lon="-110.439804"><ele>2890.432</ele><time>2026-05-23T20:51:10Z</time></trkpt><trkpt lat="44.788258" lon="-110.439804"><ele>2890.254</ele><time>2026-05-23T20:51:12Z</time></trkpt><trkpt lat="44.78832" lon="-110.439803"><ele>2889.498</ele><time>2026-05-23T20:51:20Z</time></trkpt><trkpt lat="44.78832" lon="-110.439803"><ele>2889.446</ele><time>2026-05-23T20:51:21Z</time></trkpt><trkpt lat="44.788328" lon="-110.439803"><ele>2889.263</ele><time>2026-05-23T20:51:22Z</time></trkpt><trkpt lat="44.788437" lon="-110.43981"><ele>2888.497</ele><time>2026-05-23T20:51:33Z</time></trkpt><trkpt lat="44.78852" lon="-110.439814"><ele>2887.488</ele><time>2026-05-23T20:51:42Z</time></trkpt><trkpt lat="44.788544" lon="-110.439813"><ele>2887.224</ele><time>2026-05-23T20:51:43Z</time></trkpt><trkpt lat="44.788636" lon="-110.43981"><ele>2886.426</ele><time>2026-05-23T20:51:52Z</time></trkpt><trkpt lat="44.788657" lon="-110.439809"><ele>2886.209</ele><time>2026-05-23T20:51:53Z</time></trkpt><trkpt lat="44.788667" lon="-110.439806"><ele>2886.010</ele><time>2026-05-23T20:51:55Z</time></trkpt><trkpt lat="44.788749" lon="-110.439799"><ele>2885.234</ele><time>2026-05-23T20:52:02Z</time></trkpt><trkpt lat="44.78877" lon="-110.439796"><ele>2885.233</ele><time>2026-05-23T20:52:04Z</time></trkpt><trkpt lat="44.788834" lon="-110.439822"><ele>2884.255</ele><time>2026-05-23T20:52:13Z</time></trkpt><trkpt lat="44.788957" lon="-110.43981"><ele>2883.427</ele><time>2026-05-23T20:52:23Z</time></trkpt><trkpt lat="44.788985" lon="-110.439805"><ele>2883.031</ele><time>2026-05-23T20:52:26Z</time></trkpt><trkpt lat="44.789051" lon="-110.439787"><ele>2882.429</ele><time>2026-05-23T20:52:33Z</time></trkpt><trkpt lat="44.789105" lon="-110.439785"><ele>2882.096</ele><time>2026-05-23T20:52:38Z</time></trkpt><trkpt lat="44.789127" lon="-110.439797"><ele>2881.890</ele><time>2026-05-23T20:52:40Z</time></trkpt><trkpt lat="44.789133" lon="-110.439795"><ele>2881.641</ele><time>2026-05-23T20:52:41Z</time></trkpt><trkpt lat="44.789143" lon="-110.439778"><ele>2881.481</ele><time>2026-05-23T20:52:43Z</time></trkpt><trkpt lat="44.789191" lon="-110.439759"><ele>2881.409</ele><time>2026-05-23T20:52:49Z</time></trkpt><trkpt lat="44.789226" lon="-110.439756"><ele>2881.009</ele><time>2026-05-23T20:52:53Z</time></trkpt><trkpt lat="44.789283" lon="-110.439735"><ele>2880.276</ele><time>2026-05-23T20:52:59Z</time></trkpt><trkpt lat="44.789298" lon="-110.439733"><ele>2880.060</ele><time>2026-05-23T20:53:01Z</time></trkpt><trkpt lat="44.789345" lon="-110.439743"><ele>2879.239</ele><time>2026-05-23T20:53:08Z</time></trkpt><trkpt lat="44.789384" lon="-110.439746"><ele>2878.861</ele><time>2026-05-23T20:53:12Z</time></trkpt><trkpt lat="44.789427" lon="-110.439734"><ele>2878.273</ele><time>2026-05-23T20:53:19Z</time></trkpt><trkpt lat="44.789489" lon="-110.439741"><ele>2877.827</ele><time>2026-05-23T20:53:27Z</time></trkpt><trkpt lat="44.789501" lon="-110.43974"><ele>2877.885</ele><time>2026-05-23T20:53:28Z</time></trkpt><trkpt lat="44.789602" lon="-110.439755"><ele>2876.612</ele><time>2026-05-23T20:53:38Z</time></trkpt><trkpt lat="44.789682" lon="-110.43976"><ele>2875.616</ele><time>2026-05-23T20:53:46Z</time></trkpt><trkpt lat="44.789694" lon="-110.439759"><ele>2875.425</ele><time>2026-05-23T20:53:47Z</time></trkpt><trkpt lat="44.789763" lon="-110.43976"><ele>2874.426</ele><time>2026-05-23T20:53:56Z</time></trkpt><trkpt lat="44.789763" lon="-110.43976"><ele>2874.408</ele><time>2026-05-23T20:53:57Z</time></trkpt><trkpt lat="44.789855" lon="-110.439756"><ele>2873.809</ele><time>2026-05-23T20:54:05Z</time></trkpt><trkpt lat="44.789865" lon="-110.439756"><ele>2873.614</ele><time>2026-05-23T20:54:06Z</time></trkpt><trkpt lat="44.789886" lon="-110.439749"><ele>2873.478</ele><time>2026-05-23T20:54:08Z</time></trkpt><trkpt lat="44.78995" lon="-110.43975"><ele>2872.897</ele><time>2026-05-23T20:54:15Z</time></trkpt><trkpt lat="44.790036" lon="-110.439748"><ele>2872.459</ele><time>2026-05-23T20:54:24Z</time></trkpt><trkpt lat="44.790108" lon="-110.439758"><ele>2872.471</ele><time>2026-05-23T20:54:32Z</time></trkpt><trkpt lat="44.790221" lon="-110.439746"><ele>2871.425</ele><time>2026-05-23T20:54:42Z</time></trkpt><trkpt lat="44.790232" lon="-110.439745"><ele>2871.093</ele><time>2026-05-23T20:54:43Z</time></trkpt><trkpt lat="44.790302" lon="-110.439743"><ele>2870.430</ele><time>2026-05-23T20:54:52Z</time></trkpt><trkpt lat="44.790301" lon="-110.439739"><ele>2870.474</ele><time>2026-05-23T20:54:53Z</time></trkpt><trkpt lat="44.790301" lon="-110.439737"><ele>2870.257</ele><time>2026-05-23T20:54:54Z</time></trkpt><trkpt lat="44.7903" lon="-110.43974"><ele>2870.200</ele><time>2026-05-23T20:54:55Z</time></trkpt><trkpt lat="44.790305" lon="-110.439742"><ele>2870.020</ele><time>2026-05-23T20:55:00Z</time></trkpt><trkpt lat="44.790316" lon="-110.439727"><ele>2869.209</ele><time>2026-05-23T20:55:08Z</time></trkpt><trkpt lat="44.790316" lon="-110.439727"><ele>2869.077</ele><time>2026-05-23T20:55:09Z</time></trkpt><trkpt lat="44.790359" lon="-110.43974"><ele>2869.021</ele><time>2026-05-23T20:55:15Z</time></trkpt><trkpt lat="44.790403" lon="-110.439738"><ele>2868.650</ele><time>2026-05-23T20:55:22Z</time></trkpt><trkpt lat="44.790418" lon="-110.439752"><ele>2868.222</ele><time>2026-05-23T20:55:26Z</time></trkpt><trkpt lat="44.790416" lon="-110.439751"><ele>2867.864</ele><time>2026-05-23T20:55:28Z</time></trkpt><trkpt lat="44.790423" lon="-110.439741"><ele>2867.868</ele><time>2026-05-23T20:55:42Z</time></trkpt><trkpt lat="44.790425" lon="-110.439743"><ele>2867.636</ele><time>2026-05-23T20:55:44Z</time></trkpt><trkpt lat="44.790412" lon="-110.439741"><ele>2867.013</ele><time>2026-05-23T20:55:47Z</time></trkpt><trkpt lat="44.790446" lon="-110.43974"><ele>2866.617</ele><time>2026-05-23T20:55:52Z</time></trkpt><trkpt lat="44.790507" lon="-110.439727"><ele>2866.099</ele><time>2026-05-23T20:55:58Z</time></trkpt><trkpt lat="44.790551" lon="-110.43973"><ele>2865.807</ele><time>2026-05-23T20:56:01Z</time></trkpt><trkpt lat="44.790564" lon="-110.439727"><ele>2865.827</ele><time>2026-05-23T20:56:08Z</time></trkpt><trkpt lat="44.790581" lon="-110.439728"><ele>2865.409</ele><time>2026-05-23T20:56:16Z</time></trkpt><trkpt lat="44.790602" lon="-110.439725"><ele>2865.211</ele><time>2026-05-23T20:56:24Z</time></trkpt><trkpt lat="44.790607" lon="-110.439748"><ele>2865.075</ele><time>2026-05-23T20:56:30Z</time></trkpt><trkpt lat="44.790609" lon="-110.439762"><ele>2865.084</ele><time>2026-05-23T20:56:32Z</time></trkpt><trkpt lat="44.790609" lon="-110.439788"><ele>2865.226</ele><time>2026-05-23T20:56:44Z</time></trkpt><trkpt lat="44.790619" lon="-110.439809"><ele>2863.818</ele><time>2026-05-23T20:56:47Z</time></trkpt><trkpt lat="44.790621" lon="-110.43982"><ele>2862.422</ele><time>2026-05-23T20:56:50Z</time></trkpt><trkpt lat="44.790621" lon="-110.43982"><ele>2862.410</ele><time>2026-05-23T20:56:51Z</time></trkpt><trkpt lat="44.790647" lon="-110.439823"><ele>2862.857</ele><time>2026-05-23T20:56:57Z</time></trkpt><trkpt lat="44.790642" lon="-110.439841"><ele>2863.021</ele><time>2026-05-23T20:57:05Z</time></trkpt><trkpt lat="44.790643" lon="-110.439856"><ele>2862.697</ele><time>2026-05-23T20:57:15Z</time></trkpt><trkpt lat="44.790646" lon="-110.439851"><ele>2862.423</ele><time>2026-05-23T20:57:23Z</time></trkpt><trkpt lat="44.790642" lon="-110.439855"><ele>2862.225</ele><time>2026-05-23T20:57:32Z</time></trkpt><trkpt lat="44.790629" lon="-110.439844"><ele>2862.009</ele><time>2026-05-23T20:57:37Z</time></trkpt><trkpt lat="44.790623" lon="-110.439832"><ele>2861.861</ele><time>2026-05-23T20:57:40Z</time></trkpt><trkpt lat="44.790636" lon="-110.43983"><ele>2861.875</ele><time>2026-05-23T20:57:46Z</time></trkpt><trkpt lat="44.790665" lon="-110.439845"><ele>2861.674</ele><time>2026-05-23T20:57:55Z</time></trkpt><trkpt lat="44.790665" lon="-110.439853"><ele>2861.466</ele><time>2026-05-23T20:57:57Z</time></trkpt><trkpt lat="44.790669" lon="-110.439879"><ele>2860.498</ele><time>2026-05-23T20:58:01Z</time></trkpt><trkpt lat="44.790669" lon="-110.439901"><ele>2859.852</ele><time>2026-05-23T20:58:02Z</time></trkpt><trkpt lat="44.790665" lon="-110.439925"><ele>2859.030</ele><time>2026-05-23T20:58:03Z</time></trkpt><trkpt lat="44.790665" lon="-110.439955"><ele>2857.897</ele><time>2026-05-23T20:58:04Z</time></trkpt><trkpt lat="44.790664" lon="-110.440021"><ele>2856.451</ele><time>2026-05-23T20:58:05Z</time></trkpt><trkpt lat="44.790664" lon="-110.440021"><ele>2854.834</ele><time>2026-05-23T20:58:06Z</time></trkpt><trkpt lat="44.790665" lon="-110.440056"><ele>2853.455</ele><time>2026-05-23T20:58:07Z</time></trkpt><trkpt lat="44.790666" lon="-110.440076"><ele>2852.210</ele><time>2026-05-23T20:58:08Z</time></trkpt><trkpt lat="44.790671" lon="-110.44008"><ele>2850.809</ele><time>2026-05-23T20:58:10Z</time></trkpt><trkpt lat="44.790683" lon="-110.440083"><ele>2850.615</ele><time>2026-05-23T20:58:12Z</time></trkpt><trkpt lat="44.790682" lon="-110.440079"><ele>2852.029</ele><time>2026-05-23T20:58:19Z</time></trkpt><trkpt lat="44.790682" lon="-110.440079"><ele>2852.228</ele><time>2026-05-23T20:58:20Z</time></trkpt><trkpt lat="44.790648" lon="-110.440083"><ele>2851.450</ele><time>2026-05-23T20:58:27Z</time></trkpt><trkpt lat="44.790667" lon="-110.440049"><ele>2852.062</ele><time>2026-05-23T20:58:34Z</time></trkpt><trkpt lat="44.790676" lon="-110.440037"><ele>2851.846</ele><time>2026-05-23T20:58:48Z</time></trkpt><trkpt lat="44.790661" lon="-110.440067"><ele>2851.684</ele><time>2026-05-23T20:58:55Z</time></trkpt><trkpt lat="44.790654" lon="-110.440073"><ele>2851.641</ele><time>2026-05-23T20:58:58Z</time></trkpt><trkpt lat="44.790651" lon="-110.440074"><ele>2851.425</ele><time>2026-05-23T20:59:04Z</time></trkpt><trkpt lat="44.790651" lon="-110.440074"><ele>2851.449</ele><time>2026-05-23T20:59:05Z</time></trkpt><trkpt lat="44.790658" lon="-110.440064"><ele>2851.802</ele><time>2026-05-23T20:59:16Z</time></trkpt><trkpt lat="44.790658" lon="-110.440054"><ele>2852.022</ele><time>2026-05-23T20:59:21Z</time></trkpt><trkpt lat="44.79066" lon="-110.440062"><ele>2852.209</ele><time>2026-05-23T20:59:23Z</time></trkpt><trkpt lat="44.790655" lon="-110.440072"><ele>2852.066</ele><time>2026-05-23T20:59:26Z</time></trkpt><trkpt lat="44.790643" lon="-110.440075"><ele>2851.650</ele><time>2026-05-23T20:59:31Z</time></trkpt><trkpt lat="44.790606" lon="-110.44008"><ele>2851.669</ele><time>2026-05-23T20:59:40Z</time></trkpt><trkpt lat="44.790623" lon="-110.44009"><ele>2851.451</ele><time>2026-05-23T20:59:51Z</time></trkpt><trkpt lat="44.79062" lon="-110.440071"><ele>2851.283</ele><time>2026-05-23T21:00:00Z</time></trkpt><trkpt lat="44.790562" lon="-110.440103"><ele>2851.227</ele><time>2026-05-23T21:00:11Z</time></trkpt><trkpt lat="44.790541" lon="-110.440119"><ele>2851.035</ele><time>2026-05-23T21:00:13Z</time></trkpt><trkpt lat="44.79049" lon="-110.440168"><ele>2850.492</ele><time>2026-05-23T21:00:19Z</time></trkpt><trkpt lat="44.79044" lon="-110.440182"><ele>2849.886</ele><time>2026-05-23T21:00:23Z</time></trkpt><trkpt lat="44.790396" lon="-110.440196"><ele>2848.614</ele><time>2026-05-23T21:00:27Z</time></trkpt><trkpt lat="44.790326" lon="-110.440258"><ele>2847.654</ele><time>2026-05-23T21:00:32Z</time></trkpt><trkpt lat="44.790293" lon="-110.440283"><ele>2847.009</ele><time>2026-05-23T21:00:35Z</time></trkpt><trkpt lat="44.790262" lon="-110.440306"><ele>2846.609</ele><time>2026-05-23T21:00:39Z</time></trkpt><trkpt lat="44.790206" lon="-110.440339"><ele>2845.833</ele><time>2026-05-23T21:00:44Z</time></trkpt><trkpt lat="44.790168" lon="-110.44035"><ele>2845.497</ele><time>2026-05-23T21:00:48Z</time></trkpt><trkpt lat="44.790106" lon="-110.440374"><ele>2844.436</ele><time>2026-05-23T21:00:54Z</time></trkpt><trkpt lat="44.79008" lon="-110.440389"><ele>2844.058</ele><time>2026-05-23T21:00:56Z</time></trkpt><trkpt lat="44.79002" lon="-110.44041"><ele>2844.030</ele><time>2026-05-23T21:01:03Z</time></trkpt><trkpt lat="44.789993" lon="-110.440417"><ele>2843.834</ele><time>2026-05-23T21:01:05Z</time></trkpt><trkpt lat="44.789958" lon="-110.440422"><ele>2843.822</ele><time>2026-05-23T21:01:11Z</time></trkpt><trkpt lat="44.78995" lon="-110.440424"><ele>2844.089</ele><time>2026-05-23T21:01:13Z</time></trkpt><trkpt lat="44.789934" lon="-110.440431"><ele>2844.083</ele><time>2026-05-23T21:01:14Z</time></trkpt><trkpt lat="44.789887" lon="-110.440454"><ele>2843.469</ele><time>2026-05-23T21:01:19Z</time></trkpt><trkpt lat="44.789855" lon="-110.440462"><ele>2842.804</ele><time>2026-05-23T21:01:22Z</time></trkpt><trkpt lat="44.789827" lon="-110.440469"><ele>2842.424</ele><time>2026-05-23T21:01:25Z</time></trkpt><trkpt lat="44.78976" lon="-110.440504"><ele>2841.409</ele><time>2026-05-23T21:01:30Z</time></trkpt><trkpt lat="44.78976" lon="-110.440504"><ele>2841.228</ele><time>2026-05-23T21:01:31Z</time></trkpt><trkpt lat="44.789724" lon="-110.440513"><ele>2840.632</ele><time>2026-05-23T21:01:34Z</time></trkpt><trkpt lat="44.789701" lon="-110.440521"><ele>2840.681</ele><time>2026-05-23T21:01:38Z</time></trkpt><trkpt lat="44.789649" lon="-110.440546"><ele>2840.093</ele><time>2026-05-23T21:01:44Z</time></trkpt><trkpt lat="44.789633" lon="-110.440553"><ele>2839.615</ele><time>2026-05-23T21:01:46Z</time></trkpt><trkpt lat="44.789535" lon="-110.440583"><ele>2839.239</ele><time>2026-05-23T21:01:55Z</time></trkpt><trkpt lat="44.789511" lon="-110.440602"><ele>2839.097</ele><time>2026-05-23T21:01:58Z</time></trkpt><trkpt lat="44.789476" lon="-110.440614"><ele>2837.864</ele><time>2026-05-23T21:02:03Z</time></trkpt><trkpt lat="44.789437" lon="-110.44063"><ele>2837.248</ele><time>2026-05-23T21:02:07Z</time></trkpt><trkpt lat="44.789419" lon="-110.44064"><ele>2836.823</ele><time>2026-05-23T21:02:09Z</time></trkpt><trkpt lat="44.789343" lon="-110.440682"><ele>2836.483</ele><time>2026-05-23T21:02:17Z</time></trkpt><trkpt lat="44.789301" lon="-110.440715"><ele>2835.611</ele><time>2026-05-23T21:02:22Z</time></trkpt><trkpt lat="44.789264" lon="-110.440737"><ele>2834.809</ele><time>2026-05-23T21:02:27Z</time></trkpt><trkpt lat="44.789214" lon="-110.440775"><ele>2834.674</ele><time>2026-05-23T21:02:33Z</time></trkpt><trkpt lat="44.789195" lon="-110.440781"><ele>2834.438</ele><time>2026-05-23T21:02:35Z</time></trkpt><trkpt lat="44.789186" lon="-110.440783"><ele>2834.247</ele><time>2026-05-23T21:02:37Z</time></trkpt><trkpt lat="44.789145" lon="-110.44079"><ele>2833.419</ele><time>2026-05-23T21:02:41Z</time></trkpt><trkpt lat="44.789085" lon="-110.440804"><ele>2833.291</ele><time>2026-05-23T21:02:47Z</time></trkpt><trkpt lat="44.789005" lon="-110.440838"><ele>2832.495</ele><time>2026-05-23T21:02:57Z</time></trkpt><trkpt lat="44.788945" lon="-110.440879"><ele>2832.293</ele><time>2026-05-23T21:03:05Z</time></trkpt><trkpt lat="44.78891" lon="-110.440911"><ele>2831.240</ele><time>2026-05-23T21:03:10Z</time></trkpt><trkpt lat="44.7889" lon="-110.440909"><ele>2830.814</ele><time>2026-05-23T21:03:12Z</time></trkpt><trkpt lat="44.788859" lon="-110.440925"><ele>2830.255</ele><time>2026-05-23T21:03:16Z</time></trkpt><trkpt lat="44.788828" lon="-110.440951"><ele>2830.207</ele><time>2026-05-23T21:03:20Z</time></trkpt><trkpt lat="44.788759" lon="-110.440983"><ele>2829.217</ele><time>2026-05-23T21:03:26Z</time></trkpt><trkpt lat="44.78875" lon="-110.440984"><ele>2829.009</ele><time>2026-05-23T21:03:28Z</time></trkpt><trkpt lat="44.788674" lon="-110.441023"><ele>2828.247</ele><time>2026-05-23T21:03:36Z</time></trkpt><trkpt lat="44.788666" lon="-110.44103"><ele>2828.051</ele><time>2026-05-23T21:03:37Z</time></trkpt><trkpt lat="44.78857" lon="-110.441089"><ele>2827.220</ele><time>2026-05-23T21:03:46Z</time></trkpt><trkpt lat="44.788534" lon="-110.441113"><ele>2827.042</ele><time>2026-05-23T21:03:51Z</time></trkpt><trkpt lat="44.788503" lon="-110.441123"><ele>2826.244</ele><time>2026-05-23T21:03:55Z</time></trkpt><trkpt lat="44.788503" lon="-110.441123"><ele>2826.038</ele><time>2026-05-23T21:03:56Z</time></trkpt><trkpt lat="44.78843" lon="-110.441153"><ele>2825.086</ele><time>2026-05-23T21:04:04Z</time></trkpt><trkpt lat="44.788421" lon="-110.441161"><ele>2825.023</ele><time>2026-05-23T21:04:05Z</time></trkpt><trkpt lat="44.78838" lon="-110.441194"><ele>2823.827</ele><time>2026-05-23T21:04:10Z</time></trkpt><trkpt lat="44.788319" lon="-110.441244"><ele>2823.648</ele><time>2026-05-23T21:04:15Z</time></trkpt><trkpt lat="44.788245" lon="-110.441294"><ele>2823.661</ele><time>2026-05-23T21:04:24Z</time></trkpt><trkpt lat="44.788191" lon="-110.441317"><ele>2823.417</ele><time>2026-05-23T21:04:32Z</time></trkpt><trkpt lat="44.788152" lon="-110.441345"><ele>2822.809</ele><time>2026-05-23T21:04:36Z</time></trkpt><trkpt lat="44.78811" lon="-110.441367"><ele>2822.046</ele><time>2026-05-23T21:04:42Z</time></trkpt><trkpt lat="44.788046" lon="-110.441397"><ele>2821.630</ele><time>2026-05-23T21:04:47Z</time></trkpt><trkpt lat="44.788018" lon="-110.441411"><ele>2820.669</ele><time>2026-05-23T21:04:51Z</time></trkpt><trkpt lat="44.787976" lon="-110.441423"><ele>2820.031</ele><time>2026-05-23T21:04:55Z</time></trkpt><trkpt lat="44.787934" lon="-110.441451"><ele>2819.643</ele><time>2026-05-23T21:04:59Z</time></trkpt><trkpt lat="44.787874" lon="-110.441489"><ele>2819.017</ele><time>2026-05-23T21:05:05Z</time></trkpt><trkpt lat="44.787802" lon="-110.441551"><ele>2818.845</ele><time>2026-05-23T21:05:14Z</time></trkpt><trkpt lat="44.787767" lon="-110.441583"><ele>2818.462</ele><time>2026-05-23T21:05:18Z</time></trkpt><trkpt lat="44.787733" lon="-110.441616"><ele>2817.426</ele><time>2026-05-23T21:05:23Z</time></trkpt><trkpt lat="44.787722" lon="-110.441628"><ele>2817.214</ele><time>2026-05-23T21:05:24Z</time></trkpt><trkpt lat="44.787647" lon="-110.44172"><ele>2816.454</ele><time>2026-05-23T21:05:36Z</time></trkpt><trkpt lat="44.787589" lon="-110.44178"><ele>2815.609</ele><time>2026-05-23T21:05:43Z</time></trkpt><trkpt lat="44.787574" lon="-110.441807"><ele>2815.409</ele><time>2026-05-23T21:05:46Z</time></trkpt><trkpt lat="44.787567" lon="-110.441815"><ele>2815.243</ele><time>2026-05-23T21:05:47Z</time></trkpt><trkpt lat="44.787533" lon="-110.441842"><ele>2814.227</ele><time>2026-05-23T21:05:51Z</time></trkpt><trkpt lat="44.78748" lon="-110.441902"><ele>2813.236</ele><time>2026-05-23T21:05:56Z</time></trkpt><trkpt lat="44.787473" lon="-110.441908"><ele>2813.018</ele><time>2026-05-23T21:05:57Z</time></trkpt><trkpt lat="44.787417" lon="-110.441955"><ele>2811.810</ele><time>2026-05-23T21:06:04Z</time></trkpt><trkpt lat="44.787376" lon="-110.442012"><ele>2812.234</ele><time>2026-05-23T21:06:11Z</time></trkpt><trkpt lat="44.787304" lon="-110.442085"><ele>2810.872</ele><time>2026-05-23T21:06:19Z</time></trkpt><trkpt lat="44.787281" lon="-110.442106"><ele>2810.699</ele><time>2026-05-23T21:06:20Z</time></trkpt><trkpt lat="44.787232" lon="-110.442235"><ele>2810.213</ele><time>2026-05-23T21:06:29Z</time></trkpt><trkpt lat="44.78718" lon="-110.442303"><ele>2809.815</ele><time>2026-05-23T21:06:35Z</time></trkpt><trkpt lat="44.787155" lon="-110.442336"><ele>2809.065</ele><time>2026-05-23T21:06:38Z</time></trkpt><trkpt lat="44.787155" lon="-110.442336"><ele>2808.611</ele><time>2026-05-23T21:06:39Z</time></trkpt><trkpt lat="44.787128" lon="-110.442406"><ele>2807.409</ele><time>2026-05-23T21:06:43Z</time></trkpt><trkpt lat="44.787119" lon="-110.442433"><ele>2806.643</ele><time>2026-05-23T21:06:46Z</time></trkpt><trkpt lat="44.787108" lon="-110.442459"><ele>2806.227</ele><time>2026-05-23T21:06:48Z</time></trkpt><trkpt lat="44.787056" lon="-110.442584"><ele>2806.246</ele><time>2026-05-23T21:06:56Z</time></trkpt><trkpt lat="44.787034" lon="-110.442665"><ele>2805.248</ele><time>2026-05-23T21:07:03Z</time></trkpt><trkpt lat="44.787017" lon="-110.442686"><ele>2805.050</ele><time>2026-05-23T21:07:04Z</time></trkpt><trkpt lat="44.786962" lon="-110.442771"><ele>2804.834</ele><time>2026-05-23T21:07:14Z</time></trkpt><trkpt lat="44.7869" lon="-110.442854"><ele>2804.212</ele><time>2026-05-23T21:07:24Z</time></trkpt><trkpt lat="44.786892" lon="-110.442856"><ele>2804.089</ele><time>2026-05-23T21:07:25Z</time></trkpt><trkpt lat="44.786839" lon="-110.442877"><ele>2803.283</ele><time>2026-05-23T21:07:30Z</time></trkpt><trkpt lat="44.786813" lon="-110.442889"><ele>2803.037</ele><time>2026-05-23T21:07:31Z</time></trkpt><trkpt lat="44.786754" lon="-110.442907"><ele>2802.049</ele><time>2026-05-23T21:07:37Z</time></trkpt><trkpt lat="44.786746" lon="-110.442911"><ele>2802.013</ele><time>2026-05-23T21:07:38Z</time></trkpt><trkpt lat="44.786665" lon="-110.442947"><ele>2800.809</ele><time>2026-05-23T21:07:46Z</time></trkpt><trkpt lat="44.786644" lon="-110.442964"><ele>2800.495</ele><time>2026-05-23T21:07:48Z</time></trkpt><trkpt lat="44.786616" lon="-110.442982"><ele>2799.849</ele><time>2026-05-23T21:07:51Z</time></trkpt><trkpt lat="44.786546" lon="-110.443013"><ele>2799.668</ele><time>2026-05-23T21:07:58Z</time></trkpt><trkpt lat="44.786472" lon="-110.443043"><ele>2798.870</ele><time>2026-05-23T21:08:05Z</time></trkpt><trkpt lat="44.786451" lon="-110.443043"><ele>2798.872</ele><time>2026-05-23T21:08:07Z</time></trkpt><trkpt lat="44.78637" lon="-110.443076"><ele>2797.836</ele><time>2026-05-23T21:08:15Z</time></trkpt><trkpt lat="44.786362" lon="-110.443082"><ele>2797.844</ele><time>2026-05-23T21:08:16Z</time></trkpt><trkpt lat="44.786284" lon="-110.443128"><ele>2797.451</ele><time>2026-05-23T21:08:25Z</time></trkpt><trkpt lat="44.786246" lon="-110.443146"><ele>2796.635</ele><time>2026-05-23T21:08:29Z</time></trkpt><trkpt lat="44.786209" lon="-110.443161"><ele>2796.056</ele><time>2026-05-23T21:08:33Z</time></trkpt><trkpt lat="44.786141" lon="-110.443194"><ele>2795.859</ele><time>2026-05-23T21:08:42Z</time></trkpt><trkpt lat="44.786061" lon="-110.443229"><ele>2795.614</ele><time>2026-05-23T21:08:49Z</time></trkpt><trkpt lat="44.786044" lon="-110.44324"><ele>2795.209</ele><time>2026-05-23T21:08:51Z</time></trkpt><trkpt lat="44.785937" lon="-110.443321"><ele>2795.017</ele><time>2026-05-23T21:09:01Z</time></trkpt><trkpt lat="44.785852" lon="-110.443345"><ele>2794.671</ele><time>2026-05-23T21:09:10Z</time></trkpt><trkpt lat="44.785832" lon="-110.443346"><ele>2794.490</ele><time>2026-05-23T21:09:12Z</time></trkpt><trkpt lat="44.785779" lon="-110.44336"><ele>2793.412</ele><time>2026-05-23T21:09:17Z</time></trkpt><trkpt lat="44.785774" lon="-110.443358"><ele>2793.474</ele><time>2026-05-23T21:09:18Z</time></trkpt><trkpt lat="44.785733" lon="-110.443387"><ele>2794.088</ele><time>2026-05-23T21:09:24Z</time></trkpt><trkpt lat="44.785661" lon="-110.443402"><ele>2793.446</ele><time>2026-05-23T21:09:32Z</time></trkpt><trkpt lat="44.785584" lon="-110.443434"><ele>2793.223</ele><time>2026-05-23T21:09:39Z</time></trkpt><trkpt lat="44.785527" lon="-110.443467"><ele>2792.857</ele><time>2026-05-23T21:09:46Z</time></trkpt><trkpt lat="44.785509" lon="-110.443486"><ele>2792.643</ele><time>2026-05-23T21:09:49Z</time></trkpt><trkpt lat="44.785497" lon="-110.443501"><ele>2792.264</ele><time>2026-05-23T21:09:51Z</time></trkpt><trkpt lat="44.785461" lon="-110.443554"><ele>2792.610</ele><time>2026-05-23T21:09:56Z</time></trkpt><trkpt lat="44.785418" lon="-110.44357"><ele>2793.209</ele><time>2026-05-23T21:10:02Z</time></trkpt><trkpt lat="44.785404" lon="-110.443579"><ele>2793.656</ele><time>2026-05-23T21:10:04Z</time></trkpt><trkpt lat="44.785376" lon="-110.443611"><ele>2794.290</ele><time>2026-05-23T21:10:09Z</time></trkpt><trkpt lat="44.785371" lon="-110.443614"><ele>2794.439</ele><time>2026-05-23T21:10:10Z</time></trkpt><trkpt lat="44.785353" lon="-110.443632"><ele>2794.661</ele><time>2026-05-23T21:10:12Z</time></trkpt><trkpt lat="44.785314" lon="-110.443667"><ele>2794.273</ele><time>2026-05-23T21:10:17Z</time></trkpt><trkpt lat="44.785273" lon="-110.443709"><ele>2794.047</ele><time>2026-05-23T21:10:23Z</time></trkpt><trkpt lat="44.785225" lon="-110.443773"><ele>2794.265</ele><time>2026-05-23T21:10:31Z</time></trkpt><trkpt lat="44.785221" lon="-110.44378"><ele>2794.212</ele><time>2026-05-23T21:10:32Z</time></trkpt><trkpt lat="44.785173" lon="-110.443872"><ele>2794.076</ele><time>2026-05-23T21:10:41Z</time></trkpt><trkpt lat="44.785113" lon="-110.443939"><ele>2793.858</ele><time>2026-05-23T21:10:48Z</time></trkpt><trkpt lat="44.785032" lon="-110.443993"><ele>2795.652</ele><time>2026-05-23T21:10:57Z</time></trkpt><trkpt lat="44.785026" lon="-110.444007"><ele>2795.817</ele><time>2026-05-23T21:10:58Z</time></trkpt><trkpt lat="44.78499" lon="-110.44406"><ele>2795.809</ele><time>2026-05-23T21:11:03Z</time></trkpt><trkpt lat="44.784984" lon="-110.444072"><ele>2795.847</ele><time>2026-05-23T21:11:04Z</time></trkpt><trkpt lat="44.78498" lon="-110.444095"><ele>2795.611</ele><time>2026-05-23T21:11:07Z</time></trkpt><trkpt lat="44.784955" lon="-110.444117"><ele>2796.080</ele><time>2026-05-23T21:11:10Z</time></trkpt><trkpt lat="44.784928" lon="-110.444135"><ele>2796.612</ele><time>2026-05-23T21:11:13Z</time></trkpt><trkpt lat="44.784891" lon="-110.444163"><ele>2796.224</ele><time>2026-05-23T21:11:18Z</time></trkpt><trkpt lat="44.78486" lon="-110.444195"><ele>2796.218</ele><time>2026-05-23T21:11:23Z</time></trkpt><trkpt lat="44.784786" lon="-110.444265"><ele>2795.826</ele><time>2026-05-23T21:11:31Z</time></trkpt><trkpt lat="44.784735" lon="-110.444364"><ele>2795.493</ele><time>2026-05-23T21:11:39Z</time></trkpt><trkpt lat="44.784673" lon="-110.444435"><ele>2796.047</ele><time>2026-05-23T21:11:48Z</time></trkpt><trkpt lat="44.784606" lon="-110.444466"><ele>2796.421</ele><time>2026-05-23T21:11:56Z</time></trkpt><trkpt lat="44.784535" lon="-110.444521"><ele>2795.841</ele><time>2026-05-23T21:12:03Z</time></trkpt><trkpt lat="44.784466" lon="-110.444577"><ele>2795.205</ele><time>2026-05-23T21:12:12Z</time></trkpt><trkpt lat="44.784397" lon="-110.444564"><ele>2795.009</ele><time>2026-05-23T21:12:19Z</time></trkpt><trkpt lat="44.784326" lon="-110.444548"><ele>2795.064</ele><time>2026-05-23T21:12:27Z</time></trkpt><trkpt lat="44.784291" lon="-110.444541"><ele>2794.458</ele><time>2026-05-23T21:12:31Z</time></trkpt><trkpt lat="44.784246" lon="-110.444551"><ele>2794.827</ele><time>2026-05-23T21:12:36Z</time></trkpt><trkpt lat="44.784189" lon="-110.444572"><ele>2794.889</ele><time>2026-05-23T21:12:42Z</time></trkpt><trkpt lat="44.784161" lon="-110.444581"><ele>2795.011</ele><time>2026-05-23T21:12:45Z</time></trkpt><trkpt lat="44.784092" lon="-110.444613"><ele>2794.835</ele><time>2026-05-23T21:12:53Z</time></trkpt><trkpt lat="44.783997" lon="-110.444636"><ele>2794.063</ele><time>2026-05-23T21:13:01Z</time></trkpt><trkpt lat="44.783925" lon="-110.444667"><ele>2793.660</ele><time>2026-05-23T21:13:08Z</time></trkpt><trkpt lat="44.783908" lon="-110.444679"><ele>2793.414</ele><time>2026-05-23T21:13:09Z</time></trkpt><trkpt lat="44.783837" lon="-110.444676"><ele>2792.618</ele><time>2026-05-23T21:13:16Z</time></trkpt><trkpt lat="44.783743" lon="-110.444692"><ele>2792.498</ele><time>2026-05-23T21:13:26Z</time></trkpt><trkpt lat="44.783647" lon="-110.444718"><ele>2793.017</ele><time>2026-05-23T21:13:36Z</time></trkpt><trkpt lat="44.783549" lon="-110.444733"><ele>2792.409</ele><time>2026-05-23T21:13:45Z</time></trkpt><trkpt lat="44.783492" lon="-110.444774"><ele>2791.813</ele><time>2026-05-23T21:13:52Z</time></trkpt><trkpt lat="44.783418" lon="-110.444849"><ele>2791.497</ele><time>2026-05-23T21:13:59Z</time></trkpt><trkpt lat="44.783398" lon="-110.444892"><ele>2790.856</ele><time>2026-05-23T21:14:03Z</time></trkpt><trkpt lat="44.783329" lon="-110.445018"><ele>2790.488</ele><time>2026-05-23T21:14:11Z</time></trkpt><trkpt lat="44.783322" lon="-110.445032"><ele>2790.250</ele><time>2026-05-23T21:14:12Z</time></trkpt><trkpt lat="44.783249" lon="-110.445188"><ele>2790.464</ele><time>2026-05-23T21:14:25Z</time></trkpt><trkpt lat="44.783194" lon="-110.445297"><ele>2789.272</ele><time>2026-05-23T21:14:32Z</time></trkpt><trkpt lat="44.783151" lon="-110.445379"><ele>2788.439</ele><time>2026-05-23T21:14:39Z</time></trkpt><trkpt lat="44.783128" lon="-110.445416"><ele>2788.243</ele><time>2026-05-23T21:14:41Z</time></trkpt><trkpt lat="44.783081" lon="-110.44552"><ele>2788.036</ele><time>2026-05-23T21:14:49Z</time></trkpt><trkpt lat="44.783023" lon="-110.445631"><ele>2787.017</ele><time>2026-05-23T21:14:57Z</time></trkpt><trkpt lat="44.783023" lon="-110.445631"><ele>2787.018</ele><time>2026-05-23T21:14:58Z</time></trkpt><trkpt lat="44.782946" lon="-110.4457"><ele>2787.009</ele><time>2026-05-23T21:15:05Z</time></trkpt><trkpt lat="44.78286" lon="-110.445746"><ele>2786.865</ele><time>2026-05-23T21:15:13Z</time></trkpt><trkpt lat="44.782783" lon="-110.445828"><ele>2786.429</ele><time>2026-05-23T21:15:23Z</time></trkpt><trkpt lat="44.78273" lon="-110.445859"><ele>2786.458</ele><time>2026-05-23T21:15:30Z</time></trkpt><trkpt lat="44.782677" lon="-110.445883"><ele>2786.240</ele><time>2026-05-23T21:15:36Z</time></trkpt><trkpt lat="44.782627" lon="-110.445907"><ele>2786.072</ele><time>2026-05-23T21:15:41Z</time></trkpt><trkpt lat="44.782592" lon="-110.445915"><ele>2785.886</ele><time>2026-05-23T21:15:45Z</time></trkpt><trkpt lat="44.782512" lon="-110.445916"><ele>2786.254</ele><time>2026-05-23T21:15:52Z</time></trkpt><trkpt lat="44.78241" lon="-110.445923"><ele>2785.051</ele><time>2026-05-23T21:16:02Z</time></trkpt><trkpt lat="44.78241" lon="-110.445923"><ele>2785.075</ele><time>2026-05-23T21:16:03Z</time></trkpt><trkpt lat="44.782251" lon="-110.445917"><ele>2784.463</ele><time>2026-05-23T21:16:17Z</time></trkpt><trkpt lat="44.782163" lon="-110.445923"><ele>2784.044</ele><time>2026-05-23T21:16:26Z</time></trkpt><trkpt lat="44.782144" lon="-110.445925"><ele>2783.818</ele><time>2026-05-23T21:16:28Z</time></trkpt><trkpt lat="44.782052" lon="-110.445928"><ele>2784.009</ele><time>2026-05-23T21:16:36Z</time></trkpt><trkpt lat="44.782052" lon="-110.445928"><ele>2784.098</ele><time>2026-05-23T21:16:37Z</time></trkpt><trkpt lat="44.781972" lon="-110.445921"><ele>2784.092</ele><time>2026-05-23T21:16:45Z</time></trkpt><trkpt lat="44.781946" lon="-110.44592"><ele>2784.061</ele><time>2026-05-23T21:16:47Z</time></trkpt><trkpt lat="44.781858" lon="-110.445906"><ele>2784.023</ele><time>2026-05-23T21:16:56Z</time></trkpt><trkpt lat="44.781753" lon="-110.445865"><ele>2783.855</ele><time>2026-05-23T21:17:07Z</time></trkpt><trkpt lat="44.781671" lon="-110.445847"><ele>2784.249</ele><time>2026-05-23T21:17:17Z</time></trkpt><trkpt lat="44.781589" lon="-110.445808"><ele>2784.067</ele><time>2026-05-23T21:17:26Z</time></trkpt><trkpt lat="44.781501" lon="-110.445776"><ele>2783.644</ele><time>2026-05-23T21:17:36Z</time></trkpt><trkpt lat="44.781454" lon="-110.445745"><ele>2783.818</ele><time>2026-05-23T21:17:44Z</time></trkpt><trkpt lat="44.781446" lon="-110.445728"><ele>2784.042</ele><time>2026-05-23T21:17:47Z</time></trkpt><trkpt lat="44.781395" lon="-110.445695"><ele>2783.822</ele><time>2026-05-23T21:17:52Z</time></trkpt><trkpt lat="44.78133" lon="-110.445665"><ele>2783.214</ele><time>2026-05-23T21:17:59Z</time></trkpt><trkpt lat="44.781322" lon="-110.445675"><ele>2783.609</ele><time>2026-05-23T21:18:06Z</time></trkpt><trkpt lat="44.781323" lon="-110.445687"><ele>2782.836</ele><time>2026-05-23T21:18:13Z</time></trkpt><trkpt lat="44.781312" lon="-110.445683"><ele>2782.870</ele><time>2026-05-23T21:18:15Z</time></trkpt><trkpt lat="44.781243" lon="-110.445666"><ele>2783.239</ele><time>2026-05-23T21:18:23Z</time></trkpt><trkpt lat="44.781145" lon="-110.445646"><ele>2782.891</ele><time>2026-05-23T21:18:34Z</time></trkpt><trkpt lat="44.781045" lon="-110.44561"><ele>2782.213</ele><time>2026-05-23T21:18:44Z</time></trkpt><trkpt lat="44.78094" lon="-110.445596"><ele>2782.857</ele><time>2026-05-23T21:18:53Z</time></trkpt><trkpt lat="44.780811" lon="-110.445588"><ele>2782.645</ele><time>2026-05-23T21:19:04Z</time></trkpt><trkpt lat="44.780738" lon="-110.445604"><ele>2782.862</ele><time>2026-05-23T21:19:11Z</time></trkpt><trkpt lat="44.780649" lon="-110.445608"><ele>2782.456</ele><time>2026-05-23T21:19:21Z</time></trkpt><trkpt lat="44.780573" lon="-110.445604"><ele>2782.433</ele><time>2026-05-23T21:19:30Z</time></trkpt><trkpt lat="44.780481" lon="-110.445626"><ele>2781.823</ele><time>2026-05-23T21:19:40Z</time></trkpt><trkpt lat="44.780471" lon="-110.445632"><ele>2781.615</ele><time>2026-05-23T21:19:41Z</time></trkpt><trkpt lat="44.780409" lon="-110.44567"><ele>2781.409</ele><time>2026-05-23T21:19:49Z</time></trkpt><trkpt lat="44.780346" lon="-110.445713"><ele>2781.435</ele><time>2026-05-23T21:19:57Z</time></trkpt><trkpt lat="44.780333" lon="-110.445732"><ele>2781.699</ele><time>2026-05-23T21:20:00Z</time></trkpt><trkpt lat="44.780333" lon="-110.445779"><ele>2781.668</ele><time>2026-05-23T21:20:03Z</time></trkpt><trkpt lat="44.780339" lon="-110.445807"><ele>2781.420</ele><time>2026-05-23T21:20:05Z</time></trkpt><trkpt lat="44.780402" lon="-110.445909"><ele>2781.432</ele><time>2026-05-23T21:20:13Z</time></trkpt><trkpt lat="44.78048" lon="-110.445951"><ele>2780.886</ele><time>2026-05-23T21:20:21Z</time></trkpt><trkpt lat="44.780571" lon="-110.446056"><ele>2780.094</ele><time>2026-05-23T21:20:31Z</time></trkpt><trkpt lat="44.780627" lon="-110.446131"><ele>2779.611</ele><time>2026-05-23T21:20:39Z</time></trkpt><trkpt lat="44.780659" lon="-110.446171"><ele>2779.235</ele><time>2026-05-23T21:20:42Z</time></trkpt><trkpt lat="44.780705" lon="-110.446236"><ele>2778.665</ele><time>2026-05-23T21:20:49Z</time></trkpt><trkpt lat="44.780738" lon="-110.446273"><ele>2778.468</ele><time>2026-05-23T21:20:52Z</time></trkpt><trkpt lat="44.780828" lon="-110.446377"><ele>2778.214</ele><time>2026-05-23T21:21:02Z</time></trkpt><trkpt lat="44.780939" lon="-110.446449"><ele>2777.809</ele><time>2026-05-23T21:21:11Z</time></trkpt><trkpt lat="44.780958" lon="-110.446462"><ele>2777.448</ele><time>2026-05-23T21:21:13Z</time></trkpt><trkpt lat="44.781025" lon="-110.446497"><ele>2777.432</ele><time>2026-05-23T21:21:20Z</time></trkpt><trkpt lat="44.781061" lon="-110.446514"><ele>2776.411</ele><time>2026-05-23T21:21:25Z</time></trkpt><trkpt lat="44.78112" lon="-110.446545"><ele>2775.683</ele><time>2026-05-23T21:21:30Z</time></trkpt><trkpt lat="44.781151" lon="-110.446568"><ele>2775.225</ele><time>2026-05-23T21:21:33Z</time></trkpt><trkpt lat="44.781223" lon="-110.4466"><ele>2775.219</ele><time>2026-05-23T21:21:38Z</time></trkpt><trkpt lat="44.781323" lon="-110.446649"><ele>2775.097</ele><time>2026-05-23T21:21:47Z</time></trkpt><trkpt lat="44.781396" lon="-110.446691"><ele>2774.214</ele><time>2026-05-23T21:21:53Z</time></trkpt><trkpt lat="44.781439" lon="-110.446719"><ele>2773.898</ele><time>2026-05-23T21:21:57Z</time></trkpt><trkpt lat="44.781525" lon="-110.446747"><ele>2773.635</ele><time>2026-05-23T21:22:05Z</time></trkpt><trkpt lat="44.781564" lon="-110.446752"><ele>2773.486</ele><time>2026-05-23T21:22:09Z</time></trkpt><trkpt lat="44.781629" lon="-110.44678"><ele>2773.614</ele><time>2026-05-23T21:22:15Z</time></trkpt><trkpt lat="44.781714" lon="-110.446846"><ele>2773.009</ele><time>2026-05-23T21:22:23Z</time></trkpt><trkpt lat="44.781735" lon="-110.446862"><ele>2772.695</ele><time>2026-05-23T21:22:25Z</time></trkpt><trkpt lat="44.781782" lon="-110.446883"><ele>2772.039</ele><time>2026-05-23T21:22:30Z</time></trkpt><trkpt lat="44.781845" lon="-110.446903"><ele>2771.228</ele><time>2026-05-23T21:22:36Z</time></trkpt><trkpt lat="44.781894" lon="-110.446922"><ele>2770.830</ele><time>2026-05-23T21:22:40Z</time></trkpt><trkpt lat="44.781934" lon="-110.446937"><ele>2770.812</ele><time>2026-05-23T21:22:45Z</time></trkpt><trkpt lat="44.781998" lon="-110.446983"><ele>2771.026</ele><time>2026-05-23T21:22:54Z</time></trkpt><trkpt lat="44.782053" lon="-110.447026"><ele>2770.074</ele><time>2026-05-23T21:23:01Z</time></trkpt><trkpt lat="44.782063" lon="-110.447033"><ele>2769.881</ele><time>2026-05-23T21:23:02Z</time></trkpt><trkpt lat="44.78215" lon="-110.447074"><ele>2769.685</ele><time>2026-05-23T21:23:12Z</time></trkpt><trkpt lat="44.782215" lon="-110.447104"><ele>2768.671</ele><time>2026-05-23T21:23:19Z</time></trkpt><trkpt lat="44.782229" lon="-110.447108"><ele>2768.241</ele><time>2026-05-23T21:23:20Z</time></trkpt><trkpt lat="44.782283" lon="-110.447131"><ele>2767.415</ele><time>2026-05-23T21:23:26Z</time></trkpt><trkpt lat="44.782293" lon="-110.447137"><ele>2767.409</ele><time>2026-05-23T21:23:27Z</time></trkpt><trkpt lat="44.782349" lon="-110.447176"><ele>2766.429</ele><time>2026-05-23T21:23:32Z</time></trkpt><trkpt lat="44.782385" lon="-110.447197"><ele>2765.853</ele><time>2026-05-23T21:23:35Z</time></trkpt><trkpt lat="44.782418" lon="-110.447217"><ele>2765.412</ele><time>2026-05-23T21:23:38Z</time></trkpt><trkpt lat="44.78247" lon="-110.44726"><ele>2765.244</ele><time>2026-05-23T21:23:43Z</time></trkpt><trkpt lat="44.782508" lon="-110.447301"><ele>2764.236</ele><time>2026-05-23T21:23:47Z</time></trkpt><trkpt lat="44.78255" lon="-110.44735"><ele>2763.260</ele><time>2026-05-23T21:23:52Z</time></trkpt><trkpt lat="44.782559" lon="-110.447355"><ele>2762.848</ele><time>2026-05-23T21:23:53Z</time></trkpt><trkpt lat="44.782639" lon="-110.447442"><ele>2762.675</ele><time>2026-05-23T21:24:01Z</time></trkpt><trkpt lat="44.782675" lon="-110.447479"><ele>2761.679</ele><time>2026-05-23T21:24:05Z</time></trkpt><trkpt lat="44.782707" lon="-110.4475"><ele>2761.023</ele><time>2026-05-23T21:24:08Z</time></trkpt><trkpt lat="44.782726" lon="-110.44752"><ele>2760.683</ele><time>2026-05-23T21:24:10Z</time></trkpt><trkpt lat="44.782768" lon="-110.447576"><ele>2759.811</ele><time>2026-05-23T21:24:15Z</time></trkpt><trkpt lat="44.782788" lon="-110.447596"><ele>2759.409</ele><time>2026-05-23T21:24:17Z</time></trkpt><trkpt lat="44.782848" lon="-110.447649"><ele>2758.434</ele><time>2026-05-23T21:24:23Z</time></trkpt><trkpt lat="44.78286" lon="-110.447655"><ele>2758.238</ele><time>2026-05-23T21:24:24Z</time></trkpt><trkpt lat="44.782924" lon="-110.447751"><ele>2757.897</ele><time>2026-05-23T21:24:32Z</time></trkpt><trkpt lat="44.782965" lon="-110.447815"><ele>2757.279</ele><time>2026-05-23T21:24:37Z</time></trkpt><trkpt lat="44.782987" lon="-110.447832"><ele>2757.021</ele><time>2026-05-23T21:24:39Z</time></trkpt><trkpt lat="44.783015" lon="-110.447934"><ele>2756.275</ele><time>2026-05-23T21:24:45Z</time></trkpt><trkpt lat="44.783014" lon="-110.447947"><ele>2756.223</ele><time>2026-05-23T21:24:46Z</time></trkpt><trkpt lat="44.783014" lon="-110.448091"><ele>2755.680</ele><time>2026-05-23T21:24:54Z</time></trkpt><trkpt lat="44.783017" lon="-110.448142"><ele>2755.054</ele><time>2026-05-23T21:24:57Z</time></trkpt><trkpt lat="44.783027" lon="-110.448213"><ele>2754.225</ele><time>2026-05-23T21:25:01Z</time></trkpt><trkpt lat="44.783038" lon="-110.448269"><ele>2754.026</ele><time>2026-05-23T21:25:04Z</time></trkpt><trkpt lat="44.783068" lon="-110.448336"><ele>2753.008</ele><time>2026-05-23T21:25:09Z</time></trkpt><trkpt lat="44.783089" lon="-110.448372"><ele>2752.609</ele><time>2026-05-23T21:25:12Z</time></trkpt><trkpt lat="44.783109" lon="-110.448452"><ele>2752.024</ele><time>2026-05-23T21:25:17Z</time></trkpt><trkpt lat="44.783112" lon="-110.448496"><ele>2751.828</ele><time>2026-05-23T21:25:20Z</time></trkpt><trkpt lat="44.783166" lon="-110.448611"><ele>2751.067</ele><time>2026-05-23T21:25:28Z</time></trkpt><trkpt lat="44.783192" lon="-110.448724"><ele>2750.059</ele><time>2026-05-23T21:25:35Z</time></trkpt><trkpt lat="44.783206" lon="-110.448793"><ele>2748.641</ele><time>2026-05-23T21:25:39Z</time></trkpt><trkpt lat="44.783211" lon="-110.448842"><ele>2747.695</ele><time>2026-05-23T21:25:42Z</time></trkpt><trkpt lat="44.78321" lon="-110.448871"><ele>2747.223</ele><time>2026-05-23T21:25:44Z</time></trkpt><trkpt lat="44.783169" lon="-110.449025"><ele>2746.820</ele><time>2026-05-23T21:25:53Z</time></trkpt><trkpt lat="44.783164" lon="-110.449054"><ele>2746.694</ele><time>2026-05-23T21:25:55Z</time></trkpt><trkpt lat="44.783153" lon="-110.449135"><ele>2746.421</ele><time>2026-05-23T21:26:00Z</time></trkpt><trkpt lat="44.783155" lon="-110.449234"><ele>2745.441</ele><time>2026-05-23T21:26:06Z</time></trkpt><trkpt lat="44.783148" lon="-110.449287"><ele>2745.205</ele><time>2026-05-23T21:26:09Z</time></trkpt><trkpt lat="44.783157" lon="-110.449353"><ele>2744.409</ele><time>2026-05-23T21:26:13Z</time></trkpt><trkpt lat="44.783168" lon="-110.449425"><ele>2743.244</ele><time>2026-05-23T21:26:17Z</time></trkpt><trkpt lat="44.783184" lon="-110.449535"><ele>2742.248</ele><time>2026-05-23T21:26:24Z</time></trkpt><trkpt lat="44.783189" lon="-110.449551"><ele>2742.067</ele><time>2026-05-23T21:26:25Z</time></trkpt><trkpt lat="44.783208" lon="-110.44962"><ele>2741.069</ele><time>2026-05-23T21:26:29Z</time></trkpt><trkpt lat="44.783223" lon="-110.449662"><ele>2740.651</ele><time>2026-05-23T21:26:32Z</time></trkpt><trkpt lat="44.783271" lon="-110.449787"><ele>2739.875</ele><time>2026-05-23T21:26:40Z</time></trkpt><trkpt lat="44.783296" lon="-110.449858"><ele>2738.883</ele><time>2026-05-23T21:26:45Z</time></trkpt><trkpt lat="44.783317" lon="-110.4499"><ele>2738.490</ele><time>2026-05-23T21:26:48Z</time></trkpt><trkpt lat="44.783331" lon="-110.449943"><ele>2737.444</ele><time>2026-05-23T21:26:51Z</time></trkpt><trkpt lat="44.783354" lon="-110.449987"><ele>2736.248</ele><time>2026-05-23T21:26:54Z</time></trkpt><trkpt lat="44.78336" lon="-110.450005"><ele>2735.861</ele><time>2026-05-23T21:26:55Z</time></trkpt><trkpt lat="44.78334" lon="-110.450095"><ele>2736.417</ele><time>2026-05-23T21:27:01Z</time></trkpt><trkpt lat="44.783319" lon="-110.450153"><ele>2735.209</ele><time>2026-05-23T21:27:07Z</time></trkpt><trkpt lat="44.783319" lon="-110.450137"><ele>2735.476</ele><time>2026-05-23T21:27:11Z</time></trkpt><trkpt lat="44.783307" lon="-110.450163"><ele>2735.230</ele><time>2026-05-23T21:27:13Z</time></trkpt><trkpt lat="44.783298" lon="-110.45018"><ele>2735.019</ele><time>2026-05-23T21:27:14Z</time></trkpt><trkpt lat="44.783278" lon="-110.450231"><ele>2734.011</ele><time>2026-05-23T21:27:17Z</time></trkpt><trkpt lat="44.783234" lon="-110.450292"><ele>2734.083</ele><time>2026-05-23T21:27:22Z</time></trkpt><trkpt lat="44.783184" lon="-110.450396"><ele>2733.447</ele><time>2026-05-23T21:27:29Z</time></trkpt><trkpt lat="44.783171" lon="-110.450445"><ele>2733.035</ele><time>2026-05-23T21:27:32Z</time></trkpt><trkpt lat="44.783164" lon="-110.450532"><ele>2732.292</ele><time>2026-05-23T21:27:37Z</time></trkpt><trkpt lat="44.783158" lon="-110.450598"><ele>2732.046</ele><time>2026-05-23T21:27:41Z</time></trkpt><trkpt lat="44.783164" lon="-110.450676"><ele>2731.241</ele><time>2026-05-23T21:27:46Z</time></trkpt><trkpt lat="44.783169" lon="-110.450724"><ele>2730.881</ele><time>2026-05-23T21:27:49Z</time></trkpt><trkpt lat="44.783171" lon="-110.450813"><ele>2730.209</ele><time>2026-05-23T21:27:54Z</time></trkpt><trkpt lat="44.783181" lon="-110.450849"><ele>2729.809</ele><time>2026-05-23T21:27:56Z</time></trkpt><trkpt lat="44.783204" lon="-110.450926"><ele>2729.266</ele><time>2026-05-23T21:28:01Z</time></trkpt><trkpt lat="44.783222" lon="-110.450962"><ele>2728.670</ele><time>2026-05-23T21:28:04Z</time></trkpt><trkpt lat="44.783241" lon="-110.451033"><ele>2728.219</ele><time>2026-05-23T21:28:08Z</time></trkpt><trkpt lat="44.783261" lon="-110.451104"><ele>2727.651</ele><time>2026-05-23T21:28:12Z</time></trkpt><trkpt lat="44.783284" lon="-110.451182"><ele>2726.813</ele><time>2026-05-23T21:28:17Z</time></trkpt><trkpt lat="44.783302" lon="-110.451215"><ele>2726.657</ele><time>2026-05-23T21:28:19Z</time></trkpt><trkpt lat="44.783362" lon="-110.451308"><ele>2726.225</ele><time>2026-05-23T21:28:26Z</time></trkpt><trkpt lat="44.783398" lon="-110.451372"><ele>2725.642</ele><time>2026-05-23T21:28:31Z</time></trkpt><trkpt lat="44.783406" lon="-110.451395"><ele>2725.656</ele><time>2026-05-23T21:28:33Z</time></trkpt><trkpt lat="44.783456" lon="-110.451464"><ele>2724.627</ele><time>2026-05-23T21:28:38Z</time></trkpt><trkpt lat="44.783475" lon="-110.45149"><ele>2724.268</ele><time>2026-05-23T21:28:40Z</time></trkpt><trkpt lat="44.783505" lon="-110.45154"><ele>2723.414</ele><time>2026-05-23T21:28:44Z</time></trkpt><trkpt lat="44.783543" lon="-110.451582"><ele>2722.209</ele><time>2026-05-23T21:28:48Z</time></trkpt><trkpt lat="44.783566" lon="-110.451686"><ele>2721.244</ele><time>2026-05-23T21:28:54Z</time></trkpt><trkpt lat="44.783572" lon="-110.4517"><ele>2721.268</ele><time>2026-05-23T21:28:55Z</time></trkpt><trkpt lat="44.783595" lon="-110.451791"><ele>2720.887</ele><time>2026-05-23T21:29:02Z</time></trkpt><trkpt lat="44.783609" lon="-110.451838"><ele>2720.219</ele><time>2026-05-23T21:29:05Z</time></trkpt><trkpt lat="44.783646" lon="-110.451917"><ele>2719.211</ele><time>2026-05-23T21:29:10Z</time></trkpt><trkpt lat="44.783662" lon="-110.451937"><ele>2719.065</ele><time>2026-05-23T21:29:12Z</time></trkpt><trkpt lat="44.783716" lon="-110.452021"><ele>2718.413</ele><time>2026-05-23T21:29:18Z</time></trkpt><trkpt lat="44.783763" lon="-110.452103"><ele>2718.010</ele><time>2026-05-23T21:29:24Z</time></trkpt><trkpt lat="44.783809" lon="-110.452206"><ele>2717.044</ele><time>2026-05-23T21:29:31Z</time></trkpt><trkpt lat="44.783825" lon="-110.452242"><ele>2716.674</ele><time>2026-05-23T21:29:33Z</time></trkpt><trkpt lat="44.78388" lon="-110.452352"><ele>2716.056</ele><time>2026-05-23T21:29:40Z</time></trkpt><trkpt lat="44.783912" lon="-110.452414"><ele>2715.021</ele><time>2026-05-23T21:29:44Z</time></trkpt><trkpt lat="44.783916" lon="-110.452432"><ele>2714.809</ele><time>2026-05-23T21:29:45Z</time></trkpt><trkpt lat="44.783957" lon="-110.452523"><ele>2713.659</ele><time>2026-05-23T21:29:51Z</time></trkpt><trkpt lat="44.783967" lon="-110.452533"><ele>2713.483</ele><time>2026-05-23T21:29:52Z</time></trkpt><trkpt lat="44.78403" lon="-110.452621"><ele>2712.842</ele><time>2026-05-23T21:29:59Z</time></trkpt><trkpt lat="44.78404" lon="-110.452641"><ele>2712.854</ele><time>2026-05-23T21:30:01Z</time></trkpt><trkpt lat="44.784048" lon="-110.452642"><ele>2712.646</ele><time>2026-05-23T21:30:03Z</time></trkpt><trkpt lat="44.784048" lon="-110.452635"><ele>2711.850</ele><time>2026-05-23T21:30:08Z</time></trkpt><trkpt lat="44.784049" lon="-110.452637"><ele>2711.658</ele><time>2026-05-23T21:30:10Z</time></trkpt><trkpt lat="44.784051" lon="-110.452635"><ele>2711.465</ele><time>2026-05-23T21:30:15Z</time></trkpt><trkpt lat="44.784052" lon="-110.452683"><ele>2712.259</ele><time>2026-05-23T21:30:22Z</time></trkpt><trkpt lat="44.784081" lon="-110.452719"><ele>2712.094</ele><time>2026-05-23T21:30:25Z</time></trkpt><trkpt lat="44.784118" lon="-110.452757"><ele>2710.857</ele><time>2026-05-23T21:30:29Z</time></trkpt><trkpt lat="44.784128" lon="-110.452767"><ele>2710.422</ele><time>2026-05-23T21:30:30Z</time></trkpt><trkpt lat="44.784169" lon="-110.45281"><ele>2709.209</ele><time>2026-05-23T21:30:34Z</time></trkpt><trkpt lat="44.784197" lon="-110.452845"><ele>2708.611</ele><time>2026-05-23T21:30:37Z</time></trkpt><trkpt lat="44.784296" lon="-110.452946"><ele>2708.895</ele><time>2026-05-23T21:30:46Z</time></trkpt><trkpt lat="44.784328" lon="-110.452979"><ele>2708.254</ele><time>2026-05-23T21:30:49Z</time></trkpt><trkpt lat="44.784396" lon="-110.453054"><ele>2707.896</ele><time>2026-05-23T21:30:56Z</time></trkpt><trkpt lat="44.784436" lon="-110.453082"><ele>2707.868</ele><time>2026-05-23T21:31:01Z</time></trkpt><trkpt lat="44.784468" lon="-110.453109"><ele>2707.012</ele><time>2026-05-23T21:31:04Z</time></trkpt><trkpt lat="44.784509" lon="-110.453149"><ele>2705.870</ele><time>2026-05-23T21:31:08Z</time></trkpt><trkpt lat="44.784519" lon="-110.453155"><ele>2705.667</ele><time>2026-05-23T21:31:09Z</time></trkpt><trkpt lat="44.784563" lon="-110.453183"><ele>2704.841</ele><time>2026-05-23T21:31:13Z</time></trkpt><trkpt lat="44.784609" lon="-110.453202"><ele>2704.688</ele><time>2026-05-23T21:31:17Z</time></trkpt><trkpt lat="44.784719" lon="-110.453228"><ele>2705.024</ele><time>2026-05-23T21:31:25Z</time></trkpt><trkpt lat="44.784808" lon="-110.453296"><ele>2704.026</ele><time>2026-05-23T21:31:33Z</time></trkpt><trkpt lat="44.78482" lon="-110.453306"><ele>2703.809</ele><time>2026-05-23T21:31:34Z</time></trkpt><trkpt lat="44.784889" lon="-110.453351"><ele>2702.630</ele><time>2026-05-23T21:31:40Z</time></trkpt><trkpt lat="44.784892" lon="-110.453376"><ele>2702.064</ele><time>2026-05-23T21:31:44Z</time></trkpt><trkpt lat="44.784884" lon="-110.453376"><ele>2701.693</ele><time>2026-05-23T21:31:46Z</time></trkpt><trkpt lat="44.784878" lon="-110.453385"><ele>2701.655</ele><time>2026-05-23T21:31:47Z</time></trkpt><trkpt lat="44.784877" lon="-110.453383"><ele>2701.637</ele><time>2026-05-23T21:31:51Z</time></trkpt><trkpt lat="44.784838" lon="-110.453412"><ele>2700.641</ele><time>2026-05-23T21:31:57Z</time></trkpt><trkpt lat="44.784794" lon="-110.453488"><ele>2699.659</ele><time>2026-05-23T21:32:02Z</time></trkpt><trkpt lat="44.784783" lon="-110.453491"><ele>2699.426</ele><time>2026-05-23T21:32:03Z</time></trkpt><trkpt lat="44.784713" lon="-110.453519"><ele>2698.880</ele><time>2026-05-23T21:32:09Z</time></trkpt><trkpt lat="44.784666" lon="-110.45359"><ele>2698.635</ele><time>2026-05-23T21:32:17Z</time></trkpt><trkpt lat="44.784639" lon="-110.453675"><ele>2698.686</ele><time>2026-05-23T21:32:25Z</time></trkpt><trkpt lat="44.784632" lon="-110.453737"><ele>2698.814</ele><time>2026-05-23T21:32:28Z</time></trkpt><trkpt lat="44.784638" lon="-110.453776"><ele>2698.809</ele><time>2026-05-23T21:32:30Z</time></trkpt><trkpt lat="44.784654" lon="-110.453809"><ele>2698.835</ele><time>2026-05-23T21:32:32Z</time></trkpt><trkpt lat="44.784672" lon="-110.453887"><ele>2698.869</ele><time>2026-05-23T21:32:38Z</time></trkpt><trkpt lat="44.78467" lon="-110.453897"><ele>2698.898</ele><time>2026-05-23T21:32:39Z</time></trkpt><trkpt lat="44.784667" lon="-110.45389"><ele>2699.080</ele><time>2026-05-23T21:32:47Z</time></trkpt><trkpt lat="44.784667" lon="-110.45389"><ele>2699.072</ele><time>2026-05-23T21:32:50Z</time></trkpt></trkseg></trk></gpx>