<?xml version="1.0" encoding="UTF-8"?><gpx creator="Wikiloc - http://www.wikiloc.com" version="1.1" xmlns="http://www.topografix.com/GPX/1/1" xmlns:xsi="http://www.w3.org/2001/XMLSchema-instance" xsi:schemaLocation="http://www.topografix.com/GPX/1/1 http://www.topografix.com/GPX/1/1/gpx.xsd"><trk><name><![CDATA[Yellowstone National Park: Upper Falls - Lower Falls - Artist Point - Clear Lake - Upper Falls]]></name><cmt><![CDATA[Ruta circular des de Canyon Village passant per:
- Clear Lake (5.3 km)]]></cmt><desc><![CDATA[Ruta circular des de Canyon Village passant per:
- Clear Lake (5.3 km)]]></desc><trkseg><trkpt lat="44.715361" lon="-110.495791"><ele>2359.062</ele><time>2026-05-19T20:22:18Z</time></trkpt><trkpt lat="44.715358" lon="-110.495785"><ele>2359.083</ele><time>2026-05-19T20:22:19Z</time></trkpt><trkpt lat="44.715356" lon="-110.495788"><ele>2358.811</ele><time>2026-05-19T20:22:26Z</time></trkpt><trkpt lat="44.715361" lon="-110.495789"><ele>2359.009</ele><time>2026-05-19T20:22:36Z</time></trkpt><trkpt lat="44.715327" lon="-110.495867"><ele>2359.418</ele><time>2026-05-19T20:22:41Z</time></trkpt><trkpt lat="44.715288" lon="-110.495949"><ele>2359.262</ele><time>2026-05-19T20:22:48Z</time></trkpt><trkpt lat="44.715253" lon="-110.496054"><ele>2359.041</ele><time>2026-05-19T20:22:56Z</time></trkpt><trkpt lat="44.715234" lon="-110.49619"><ele>2359.047</ele><time>2026-05-19T20:23:05Z</time></trkpt><trkpt lat="44.715211" lon="-110.496216"><ele>2358.818</ele><time>2026-05-19T20:23:09Z</time></trkpt><trkpt lat="44.715203" lon="-110.496218"><ele>2359.032</ele><time>2026-05-19T20:23:10Z</time></trkpt><trkpt lat="44.715172" lon="-110.496251"><ele>2359.257</ele><time>2026-05-19T20:23:14Z</time></trkpt><trkpt lat="44.715142" lon="-110.496275"><ele>2359.212</ele><time>2026-05-19T20:23:17Z</time></trkpt><trkpt lat="44.715076" lon="-110.496399"><ele>2358.611</ele><time>2026-05-19T20:23:27Z</time></trkpt><trkpt lat="44.715068" lon="-110.496471"><ele>2358.479</ele><time>2026-05-19T20:23:34Z</time></trkpt><trkpt lat="44.715034" lon="-110.496584"><ele>2358.005</ele><time>2026-05-19T20:23:43Z</time></trkpt><trkpt lat="44.715027" lon="-110.496597"><ele>2357.825</ele><time>2026-05-19T20:23:44Z</time></trkpt><trkpt lat="44.714985" lon="-110.49666"><ele>2357.609</ele><time>2026-05-19T20:23:50Z</time></trkpt><trkpt lat="44.714886" lon="-110.496804"><ele>2357.859</ele><time>2026-05-19T20:24:04Z</time></trkpt><trkpt lat="44.71485" lon="-110.496951"><ele>2357.653</ele><time>2026-05-19T20:24:15Z</time></trkpt><trkpt lat="44.714793" lon="-110.497077"><ele>2357.282</ele><time>2026-05-19T20:24:26Z</time></trkpt><trkpt lat="44.714728" lon="-110.497126"><ele>2357.268</ele><time>2026-05-19T20:24:34Z</time></trkpt><trkpt lat="44.714704" lon="-110.497151"><ele>2356.859</ele><time>2026-05-19T20:24:37Z</time></trkpt><trkpt lat="44.714652" lon="-110.497178"><ele>2356.473</ele><time>2026-05-19T20:24:44Z</time></trkpt><trkpt lat="44.714656" lon="-110.497203"><ele>2356.228</ele><time>2026-05-19T20:24:50Z</time></trkpt><trkpt lat="44.714656" lon="-110.497207"><ele>2356.243</ele><time>2026-05-19T20:25:02Z</time></trkpt><trkpt lat="44.714648" lon="-110.497207"><ele>2356.442</ele><time>2026-05-19T20:25:15Z</time></trkpt><trkpt lat="44.71465" lon="-110.497205"><ele>2356.416</ele><time>2026-05-19T20:25:27Z</time></trkpt><trkpt lat="44.714653" lon="-110.497205"><ele>2356.676</ele><time>2026-05-19T20:25:32Z</time></trkpt><trkpt lat="44.714656" lon="-110.497208"><ele>2356.413</ele><time>2026-05-19T20:25:36Z</time></trkpt><trkpt lat="44.714666" lon="-110.497212"><ele>2356.209</ele><time>2026-05-19T20:25:44Z</time></trkpt><trkpt lat="44.71466" lon="-110.497204"><ele>2356.043</ele><time>2026-05-19T20:25:56Z</time></trkpt><trkpt lat="44.714656" lon="-110.497207"><ele>2356.297</ele><time>2026-05-19T20:25:59Z</time></trkpt><trkpt lat="44.714656" lon="-110.497207"><ele>2355.846</ele><time>2026-05-19T20:26:03Z</time></trkpt><trkpt lat="44.714656" lon="-110.497207"><ele>2356.282</ele><time>2026-05-19T20:26:05Z</time></trkpt><trkpt lat="44.714656" lon="-110.497207"><ele>2356.423</ele><time>2026-05-19T20:26:07Z</time></trkpt><trkpt lat="44.714692" lon="-110.497192"><ele>2356.247</ele><time>2026-05-19T20:26:15Z</time></trkpt><trkpt lat="44.71476" lon="-110.497231"><ele>2356.862</ele><time>2026-05-19T20:26:23Z</time></trkpt><trkpt lat="44.714782" lon="-110.497265"><ele>2356.687</ele><time>2026-05-19T20:26:30Z</time></trkpt><trkpt lat="44.714783" lon="-110.497268"><ele>2356.616</ele><time>2026-05-19T20:26:44Z</time></trkpt><trkpt lat="44.714783" lon="-110.497268"><ele>2356.698</ele><time>2026-05-19T20:26:45Z</time></trkpt><trkpt lat="44.714783" lon="-110.497268"><ele>2356.215</ele><time>2026-05-19T20:26:55Z</time></trkpt><trkpt lat="44.714783" lon="-110.497268"><ele>2356.226</ele><time>2026-05-19T20:27:10Z</time></trkpt><trkpt lat="44.714783" lon="-110.497268"><ele>2356.809</ele><time>2026-05-19T20:27:18Z</time></trkpt><trkpt lat="44.714783" lon="-110.497268"><ele>2356.871</ele><time>2026-05-19T20:27:22Z</time></trkpt><trkpt lat="44.714783" lon="-110.497268"><ele>2356.835</ele><time>2026-05-19T20:27:44Z</time></trkpt><trkpt lat="44.714783" lon="-110.497268"><ele>2357.034</ele><time>2026-05-19T20:27:52Z</time></trkpt><trkpt lat="44.714777" lon="-110.497265"><ele>2357.270</ele><time>2026-05-19T20:28:03Z</time></trkpt><trkpt lat="44.714761" lon="-110.497269"><ele>2357.091</ele><time>2026-05-19T20:28:09Z</time></trkpt><trkpt lat="44.714756" lon="-110.497267"><ele>2357.045</ele><time>2026-05-19T20:28:14Z</time></trkpt><trkpt lat="44.714753" lon="-110.497266"><ele>2357.060</ele><time>2026-05-19T20:28:17Z</time></trkpt><trkpt lat="44.714767" lon="-110.497248"><ele>2356.865</ele><time>2026-05-19T20:28:32Z</time></trkpt><trkpt lat="44.714811" lon="-110.497255"><ele>2357.074</ele><time>2026-05-19T20:28:40Z</time></trkpt><trkpt lat="44.714853" lon="-110.497228"><ele>2357.239</ele><time>2026-05-19T20:28:48Z</time></trkpt><trkpt lat="44.714876" lon="-110.497206"><ele>2357.401</ele><time>2026-05-19T20:28:52Z</time></trkpt><trkpt lat="44.714913" lon="-110.497195"><ele>2357.421</ele><time>2026-05-19T20:28:56Z</time></trkpt><trkpt lat="44.714982" lon="-110.497216"><ele>2357.009</ele><time>2026-05-19T20:29:03Z</time></trkpt><trkpt lat="44.715022" lon="-110.497192"><ele>2357.255</ele><time>2026-05-19T20:29:08Z</time></trkpt><trkpt lat="44.715042" lon="-110.497186"><ele>2357.269</ele><time>2026-05-19T20:29:10Z</time></trkpt><trkpt lat="44.715091" lon="-110.497185"><ele>2357.028</ele><time>2026-05-19T20:29:16Z</time></trkpt><trkpt lat="44.715109" lon="-110.497196"><ele>2357.084</ele><time>2026-05-19T20:29:18Z</time></trkpt><trkpt lat="44.71519" lon="-110.49724"><ele>2356.625</ele><time>2026-05-19T20:29:27Z</time></trkpt><trkpt lat="44.715211" lon="-110.497225"><ele>2356.899</ele><time>2026-05-19T20:29:35Z</time></trkpt><trkpt lat="44.715214" lon="-110.497221"><ele>2357.064</ele><time>2026-05-19T20:29:37Z</time></trkpt><trkpt lat="44.715224" lon="-110.497223"><ele>2357.049</ele><time>2026-05-19T20:29:40Z</time></trkpt><trkpt lat="44.715239" lon="-110.497228"><ele>2357.448</ele><time>2026-05-19T20:29:50Z</time></trkpt><trkpt lat="44.71524" lon="-110.497232"><ele>2357.238</ele><time>2026-05-19T20:29:57Z</time></trkpt><trkpt lat="44.715242" lon="-110.497234"><ele>2357.270</ele><time>2026-05-19T20:30:01Z</time></trkpt><trkpt lat="44.715242" lon="-110.497234"><ele>2357.217</ele><time>2026-05-19T20:30:02Z</time></trkpt><trkpt lat="44.715215" lon="-110.497206"><ele>2357.209</ele><time>2026-05-19T20:30:09Z</time></trkpt><trkpt lat="44.715179" lon="-110.497212"><ele>2357.215</ele><time>2026-05-19T20:30:17Z</time></trkpt><trkpt lat="44.715158" lon="-110.497195"><ele>2357.499</ele><time>2026-05-19T20:30:22Z</time></trkpt><trkpt lat="44.715182" lon="-110.497238"><ele>2357.058</ele><time>2026-05-19T20:30:36Z</time></trkpt><trkpt lat="44.715265" lon="-110.497273"><ele>2357.274</ele><time>2026-05-19T20:30:44Z</time></trkpt><trkpt lat="44.715277" lon="-110.49727"><ele>2357.665</ele><time>2026-05-19T20:30:45Z</time></trkpt><trkpt lat="44.71537" lon="-110.497228"><ele>2358.089</ele><time>2026-05-19T20:30:54Z</time></trkpt><trkpt lat="44.715401" lon="-110.497238"><ele>2358.264</ele><time>2026-05-19T20:30:57Z</time></trkpt><trkpt lat="44.715437" lon="-110.497273"><ele>2358.439</ele><time>2026-05-19T20:31:02Z</time></trkpt><trkpt lat="44.71551" lon="-110.497268"><ele>2358.238</ele><time>2026-05-19T20:31:09Z</time></trkpt><trkpt lat="44.715586" lon="-110.497306"><ele>2357.843</ele><time>2026-05-19T20:31:16Z</time></trkpt><trkpt lat="44.715622" lon="-110.497332"><ele>2357.064</ele><time>2026-05-19T20:31:19Z</time></trkpt><trkpt lat="44.715729" lon="-110.497371"><ele>2356.410</ele><time>2026-05-19T20:31:27Z</time></trkpt><trkpt lat="44.715854" lon="-110.497393"><ele>2356.409</ele><time>2026-05-19T20:31:37Z</time></trkpt><trkpt lat="44.715905" lon="-110.497387"><ele>2356.086</ele><time>2026-05-19T20:31:41Z</time></trkpt><trkpt lat="44.715995" lon="-110.497393"><ele>2356.040</ele><time>2026-05-19T20:31:48Z</time></trkpt><trkpt lat="44.71605" lon="-110.497445"><ele>2355.699</ele><time>2026-05-19T20:31:54Z</time></trkpt><trkpt lat="44.716077" lon="-110.497487"><ele>2355.695</ele><time>2026-05-19T20:31:57Z</time></trkpt><trkpt lat="44.716147" lon="-110.497542"><ele>2355.286</ele><time>2026-05-19T20:32:05Z</time></trkpt><trkpt lat="44.716227" lon="-110.497517"><ele>2357.040</ele><time>2026-05-19T20:32:12Z</time></trkpt><trkpt lat="44.716264" lon="-110.497501"><ele>2357.415</ele><time>2026-05-19T20:32:15Z</time></trkpt><trkpt lat="44.716309" lon="-110.497472"><ele>2358.070</ele><time>2026-05-19T20:32:20Z</time></trkpt><trkpt lat="44.716319" lon="-110.497469"><ele>2358.229</ele><time>2026-05-19T20:32:21Z</time></trkpt><trkpt lat="44.716363" lon="-110.497454"><ele>2359.093</ele><time>2026-05-19T20:32:25Z</time></trkpt><trkpt lat="44.716373" lon="-110.49745"><ele>2359.065</ele><time>2026-05-19T20:32:26Z</time></trkpt><trkpt lat="44.7164" lon="-110.497448"><ele>2359.221</ele><time>2026-05-19T20:32:29Z</time></trkpt><trkpt lat="44.716441" lon="-110.497457"><ele>2359.409</ele><time>2026-05-19T20:32:34Z</time></trkpt><trkpt lat="44.716535" lon="-110.497446"><ele>2359.471</ele><time>2026-05-19T20:32:44Z</time></trkpt><trkpt lat="44.716627" lon="-110.497457"><ele>2359.425</ele><time>2026-05-19T20:32:53Z</time></trkpt><trkpt lat="44.71664" lon="-110.49746"><ele>2359.454</ele><time>2026-05-19T20:32:54Z</time></trkpt><trkpt lat="44.716683" lon="-110.497476"><ele>2359.650</ele><time>2026-05-19T20:33:00Z</time></trkpt><trkpt lat="44.716701" lon="-110.497485"><ele>2359.461</ele><time>2026-05-19T20:33:02Z</time></trkpt><trkpt lat="44.716717" lon="-110.49748"><ele>2359.435</ele><time>2026-05-19T20:33:03Z</time></trkpt><trkpt lat="44.716769" lon="-110.497422"><ele>2359.660</ele><time>2026-05-19T20:33:09Z</time></trkpt><trkpt lat="44.716829" lon="-110.497359"><ele>2359.445</ele><time>2026-05-19T20:33:18Z</time></trkpt><trkpt lat="44.716839" lon="-110.497354"><ele>2359.014</ele><time>2026-05-19T20:33:25Z</time></trkpt><trkpt lat="44.716843" lon="-110.497352"><ele>2359.065</ele><time>2026-05-19T20:33:27Z</time></trkpt><trkpt lat="44.716849" lon="-110.497347"><ele>2359.068</ele><time>2026-05-19T20:33:31Z</time></trkpt><trkpt lat="44.716842" lon="-110.49735"><ele>2359.014</ele><time>2026-05-19T20:33:35Z</time></trkpt><trkpt lat="44.71685" lon="-110.497346"><ele>2359.009</ele><time>2026-05-19T20:33:41Z</time></trkpt><trkpt lat="44.716834" lon="-110.497354"><ele>2359.058</ele><time>2026-05-19T20:33:48Z</time></trkpt><trkpt lat="44.716814" lon="-110.497345"><ele>2358.882</ele><time>2026-05-19T20:33:57Z</time></trkpt><trkpt lat="44.716791" lon="-110.497294"><ele>2359.261</ele><time>2026-05-19T20:34:06Z</time></trkpt><trkpt lat="44.716778" lon="-110.497181"><ele>2359.457</ele><time>2026-05-19T20:34:14Z</time></trkpt><trkpt lat="44.716794" lon="-110.497065"><ele>2359.898</ele><time>2026-05-19T20:34:22Z</time></trkpt><trkpt lat="44.716826" lon="-110.496956"><ele>2359.812</ele><time>2026-05-19T20:34:31Z</time></trkpt><trkpt lat="44.716902" lon="-110.49686"><ele>2359.077</ele><time>2026-05-19T20:34:42Z</time></trkpt><trkpt lat="44.716964" lon="-110.496811"><ele>2358.462</ele><time>2026-05-19T20:34:48Z</time></trkpt><trkpt lat="44.71697" lon="-110.496783"><ele>2358.031</ele><time>2026-05-19T20:34:50Z</time></trkpt><trkpt lat="44.716967" lon="-110.496768"><ele>2357.859</ele><time>2026-05-19T20:34:51Z</time></trkpt><trkpt lat="44.716953" lon="-110.496736"><ele>2357.203</ele><time>2026-05-19T20:34:54Z</time></trkpt><trkpt lat="44.716928" lon="-110.496708"><ele>2357.023</ele><time>2026-05-19T20:34:57Z</time></trkpt><trkpt lat="44.716877" lon="-110.496668"><ele>2356.609</ele><time>2026-05-19T20:35:02Z</time></trkpt><trkpt lat="44.71684" lon="-110.496639"><ele>2356.097</ele><time>2026-05-19T20:35:06Z</time></trkpt><trkpt lat="44.716824" lon="-110.49662"><ele>2355.441</ele><time>2026-05-19T20:35:09Z</time></trkpt><trkpt lat="44.716845" lon="-110.496616"><ele>2354.870</ele><time>2026-05-19T20:35:12Z</time></trkpt><trkpt lat="44.716881" lon="-110.496601"><ele>2354.076</ele><time>2026-05-19T20:35:16Z</time></trkpt><trkpt lat="44.716891" lon="-110.496596"><ele>2353.867</ele><time>2026-05-19T20:35:17Z</time></trkpt><trkpt lat="44.716902" lon="-110.496542"><ele>2352.821</ele><time>2026-05-19T20:35:21Z</time></trkpt><trkpt lat="44.716896" lon="-110.49651"><ele>2352.246</ele><time>2026-05-19T20:35:23Z</time></trkpt><trkpt lat="44.716894" lon="-110.496487"><ele>2351.641</ele><time>2026-05-19T20:35:25Z</time></trkpt><trkpt lat="44.716895" lon="-110.49643"><ele>2350.410</ele><time>2026-05-19T20:35:30Z</time></trkpt><trkpt lat="44.716897" lon="-110.49642"><ele>2350.268</ele><time>2026-05-19T20:35:31Z</time></trkpt><trkpt lat="44.71691" lon="-110.496383"><ele>2349.842</ele><time>2026-05-19T20:35:34Z</time></trkpt><trkpt lat="44.716926" lon="-110.496348"><ele>2349.426</ele><time>2026-05-19T20:35:37Z</time></trkpt><trkpt lat="44.716943" lon="-110.496292"><ele>2348.609</ele><time>2026-05-19T20:35:41Z</time></trkpt><trkpt lat="44.716949" lon="-110.49628"><ele>2348.448</ele><time>2026-05-19T20:35:42Z</time></trkpt><trkpt lat="44.716972" lon="-110.496221"><ele>2347.852</ele><time>2026-05-19T20:35:48Z</time></trkpt><trkpt lat="44.71699" lon="-110.496189"><ele>2347.231</ele><time>2026-05-19T20:35:52Z</time></trkpt><trkpt lat="44.717013" lon="-110.496124"><ele>2347.227</ele><time>2026-05-19T20:35:57Z</time></trkpt><trkpt lat="44.717043" lon="-110.496029"><ele>2346.488</ele><time>2026-05-19T20:36:04Z</time></trkpt><trkpt lat="44.71704" lon="-110.495987"><ele>2346.012</ele><time>2026-05-19T20:36:06Z</time></trkpt><trkpt lat="44.717019" lon="-110.495928"><ele>2345.827</ele><time>2026-05-19T20:36:10Z</time></trkpt><trkpt lat="44.717007" lon="-110.495922"><ele>2345.612</ele><time>2026-05-19T20:36:11Z</time></trkpt><trkpt lat="44.716925" lon="-110.495885"><ele>2345.011</ele><time>2026-05-19T20:36:18Z</time></trkpt><trkpt lat="44.716913" lon="-110.495881"><ele>2344.864</ele><time>2026-05-19T20:36:19Z</time></trkpt><trkpt lat="44.716855" lon="-110.495885"><ele>2344.406</ele><time>2026-05-19T20:36:24Z</time></trkpt><trkpt lat="44.716843" lon="-110.495887"><ele>2344.816</ele><time>2026-05-19T20:36:26Z</time></trkpt><trkpt lat="44.716784" lon="-110.495886"><ele>2344.609</ele><time>2026-05-19T20:36:32Z</time></trkpt><trkpt lat="44.716761" lon="-110.495888"><ele>2344.458</ele><time>2026-05-19T20:36:34Z</time></trkpt><trkpt lat="44.716724" lon="-110.495899"><ele>2344.492</ele><time>2026-05-19T20:36:37Z</time></trkpt><trkpt lat="44.716668" lon="-110.495891"><ele>2345.411</ele><time>2026-05-19T20:36:43Z</time></trkpt><trkpt lat="44.71658" lon="-110.495845"><ele>2345.677</ele><time>2026-05-19T20:36:51Z</time></trkpt><trkpt lat="44.716528" lon="-110.495766"><ele>2345.428</ele><time>2026-05-19T20:36:58Z</time></trkpt><trkpt lat="44.716514" lon="-110.49574"><ele>2345.252</ele><time>2026-05-19T20:37:00Z</time></trkpt><trkpt lat="44.716486" lon="-110.495678"><ele>2344.487</ele><time>2026-05-19T20:37:05Z</time></trkpt><trkpt lat="44.716463" lon="-110.49563"><ele>2344.442</ele><time>2026-05-19T20:37:09Z</time></trkpt><trkpt lat="44.716425" lon="-110.495547"><ele>2343.881</ele><time>2026-05-19T20:37:16Z</time></trkpt><trkpt lat="44.716403" lon="-110.495505"><ele>2343.481</ele><time>2026-05-19T20:37:19Z</time></trkpt><trkpt lat="44.716388" lon="-110.495473"><ele>2342.661</ele><time>2026-05-19T20:37:22Z</time></trkpt><trkpt lat="44.71636" lon="-110.495421"><ele>2342.417</ele><time>2026-05-19T20:37:27Z</time></trkpt><trkpt lat="44.716316" lon="-110.495353"><ele>2341.609</ele><time>2026-05-19T20:37:33Z</time></trkpt><trkpt lat="44.716302" lon="-110.495311"><ele>2341.260</ele><time>2026-05-19T20:37:36Z</time></trkpt><trkpt lat="44.716285" lon="-110.495235"><ele>2340.674</ele><time>2026-05-19T20:37:41Z</time></trkpt><trkpt lat="44.716299" lon="-110.495197"><ele>2340.493</ele><time>2026-05-19T20:37:44Z</time></trkpt><trkpt lat="44.71635" lon="-110.495099"><ele>2339.419</ele><time>2026-05-19T20:37:51Z</time></trkpt><trkpt lat="44.716371" lon="-110.495006"><ele>2338.820</ele><time>2026-05-19T20:37:58Z</time></trkpt><trkpt lat="44.71635" lon="-110.494912"><ele>2338.474</ele><time>2026-05-19T20:38:05Z</time></trkpt><trkpt lat="44.716349" lon="-110.494899"><ele>2338.229</ele><time>2026-05-19T20:38:06Z</time></trkpt><trkpt lat="44.716352" lon="-110.494807"><ele>2337.494</ele><time>2026-05-19T20:38:12Z</time></trkpt><trkpt lat="44.716368" lon="-110.494741"><ele>2337.283</ele><time>2026-05-19T20:38:16Z</time></trkpt><trkpt lat="44.716424" lon="-110.494604"><ele>2336.814</ele><time>2026-05-19T20:38:27Z</time></trkpt><trkpt lat="44.716482" lon="-110.494516"><ele>2337.854</ele><time>2026-05-19T20:38:35Z</time></trkpt><trkpt lat="44.71651" lon="-110.49445"><ele>2338.609</ele><time>2026-05-19T20:38:40Z</time></trkpt><trkpt lat="44.716542" lon="-110.494413"><ele>2339.409</ele><time>2026-05-19T20:38:45Z</time></trkpt><trkpt lat="44.716573" lon="-110.494384"><ele>2339.663</ele><time>2026-05-19T20:38:49Z</time></trkpt><trkpt lat="44.716586" lon="-110.494365"><ele>2339.817</ele><time>2026-05-19T20:38:51Z</time></trkpt><trkpt lat="44.716597" lon="-110.49435"><ele>2340.086</ele><time>2026-05-19T20:38:53Z</time></trkpt><trkpt lat="44.716617" lon="-110.494317"><ele>2340.442</ele><time>2026-05-19T20:38:57Z</time></trkpt><trkpt lat="44.716629" lon="-110.494283"><ele>2340.813</ele><time>2026-05-19T20:39:00Z</time></trkpt><trkpt lat="44.71663" lon="-110.494274"><ele>2340.847</ele><time>2026-05-19T20:39:01Z</time></trkpt><trkpt lat="44.716626" lon="-110.49426"><ele>2341.072</ele><time>2026-05-19T20:39:02Z</time></trkpt><trkpt lat="44.716627" lon="-110.49417"><ele>2340.647</ele><time>2026-05-19T20:39:08Z</time></trkpt><trkpt lat="44.716622" lon="-110.494107"><ele>2339.686</ele><time>2026-05-19T20:39:13Z</time></trkpt><trkpt lat="44.716597" lon="-110.494018"><ele>2338.429</ele><time>2026-05-19T20:39:18Z</time></trkpt><trkpt lat="44.716627" lon="-110.493931"><ele>2337.800</ele><time>2026-05-19T20:39:25Z</time></trkpt><trkpt lat="44.716699" lon="-110.493909"><ele>2338.220</ele><time>2026-05-19T20:39:33Z</time></trkpt><trkpt lat="44.716773" lon="-110.493903"><ele>2339.409</ele><time>2026-05-19T20:39:40Z</time></trkpt><trkpt lat="44.716793" lon="-110.493909"><ele>2339.884</ele><time>2026-05-19T20:39:42Z</time></trkpt><trkpt lat="44.716848" lon="-110.493901"><ele>2340.498</ele><time>2026-05-19T20:39:48Z</time></trkpt><trkpt lat="44.716885" lon="-110.493899"><ele>2340.817</ele><time>2026-05-19T20:39:52Z</time></trkpt><trkpt lat="44.71695" lon="-110.493877"><ele>2341.233</ele><time>2026-05-19T20:39:59Z</time></trkpt><trkpt lat="44.716971" lon="-110.493871"><ele>2341.064</ele><time>2026-05-19T20:40:06Z</time></trkpt><trkpt lat="44.716971" lon="-110.493871"><ele>2341.018</ele><time>2026-05-19T20:40:14Z</time></trkpt><trkpt lat="44.716971" lon="-110.493871"><ele>2340.813</ele><time>2026-05-19T20:40:15Z</time></trkpt><trkpt lat="44.716971" lon="-110.493871"><ele>2340.848</ele><time>2026-05-19T20:40:16Z</time></trkpt><trkpt lat="44.716971" lon="-110.493871"><ele>2340.867</ele><time>2026-05-19T20:40:27Z</time></trkpt><trkpt lat="44.716969" lon="-110.49387"><ele>2340.412</ele><time>2026-05-19T20:40:36Z</time></trkpt><trkpt lat="44.716966" lon="-110.49386"><ele>2340.432</ele><time>2026-05-19T20:40:42Z</time></trkpt><trkpt lat="44.716963" lon="-110.493852"><ele>2340.205</ele><time>2026-05-19T20:40:44Z</time></trkpt><trkpt lat="44.716955" lon="-110.493855"><ele>2340.209</ele><time>2026-05-19T20:40:46Z</time></trkpt><trkpt lat="44.716952" lon="-110.493852"><ele>2340.283</ele><time>2026-05-19T20:40:47Z</time></trkpt><trkpt lat="44.716962" lon="-110.49385"><ele>2340.487</ele><time>2026-05-19T20:40:54Z</time></trkpt><trkpt lat="44.716982" lon="-110.493855"><ele>2340.226</ele><time>2026-05-19T20:41:03Z</time></trkpt><trkpt lat="44.716985" lon="-110.493842"><ele>2340.492</ele><time>2026-05-19T20:41:11Z</time></trkpt><trkpt lat="44.716986" lon="-110.493844"><ele>2340.613</ele><time>2026-05-19T20:41:12Z</time></trkpt><trkpt lat="44.716983" lon="-110.493837"><ele>2340.647</ele><time>2026-05-19T20:41:14Z</time></trkpt><trkpt lat="44.716981" lon="-110.493839"><ele>2340.432</ele><time>2026-05-19T20:41:16Z</time></trkpt><trkpt lat="44.716974" lon="-110.493862"><ele>2340.447</ele><time>2026-05-19T20:41:26Z</time></trkpt><trkpt lat="44.716971" lon="-110.493871"><ele>2340.696</ele><time>2026-05-19T20:41:33Z</time></trkpt><trkpt lat="44.716971" lon="-110.493871"><ele>2340.641</ele><time>2026-05-19T20:41:39Z</time></trkpt><trkpt lat="44.716971" lon="-110.493871"><ele>2340.481</ele><time>2026-05-19T20:41:44Z</time></trkpt><trkpt lat="44.716971" lon="-110.493871"><ele>2340.409</ele><time>2026-05-19T20:41:46Z</time></trkpt><trkpt lat="44.716971" lon="-110.493871"><ele>2340.409</ele><time>2026-05-19T20:41:47Z</time></trkpt><trkpt lat="44.716971" lon="-110.493871"><ele>2340.486</ele><time>2026-05-19T20:41:48Z</time></trkpt><trkpt lat="44.716971" lon="-110.493871"><ele>2340.490</ele><time>2026-05-19T20:41:52Z</time></trkpt><trkpt lat="44.716971" lon="-110.493871"><ele>2340.499</ele><time>2026-05-19T20:41:54Z</time></trkpt><trkpt lat="44.716974" lon="-110.493865"><ele>2340.435</ele><time>2026-05-19T20:41:59Z</time></trkpt><trkpt lat="44.716964" lon="-110.493872"><ele>2340.456</ele><time>2026-05-19T20:42:03Z</time></trkpt><trkpt lat="44.716971" lon="-110.493871"><ele>2340.480</ele><time>2026-05-19T20:42:08Z</time></trkpt><trkpt lat="44.716971" lon="-110.493871"><ele>2340.475</ele><time>2026-05-19T20:42:10Z</time></trkpt><trkpt lat="44.716964" lon="-110.493871"><ele>2340.460</ele><time>2026-05-19T20:42:12Z</time></trkpt><trkpt lat="44.716939" lon="-110.493823"><ele>2340.459</ele><time>2026-05-19T20:42:16Z</time></trkpt><trkpt lat="44.71687" lon="-110.493741"><ele>2340.863</ele><time>2026-05-19T20:42:26Z</time></trkpt><trkpt lat="44.716821" lon="-110.493667"><ele>2341.044</ele><time>2026-05-19T20:42:34Z</time></trkpt><trkpt lat="44.716768" lon="-110.493566"><ele>2341.018</ele><time>2026-05-19T20:42:42Z</time></trkpt><trkpt lat="44.716779" lon="-110.493454"><ele>2340.809</ele><time>2026-05-19T20:42:50Z</time></trkpt><trkpt lat="44.716806" lon="-110.493361"><ele>2341.018</ele><time>2026-05-19T20:42:58Z</time></trkpt><trkpt lat="44.716817" lon="-110.49333"><ele>2341.622</ele><time>2026-05-19T20:43:01Z</time></trkpt><trkpt lat="44.716824" lon="-110.493311"><ele>2342.251</ele><time>2026-05-19T20:43:06Z</time></trkpt><trkpt lat="44.716824" lon="-110.493308"><ele>2342.437</ele><time>2026-05-19T20:43:11Z</time></trkpt><trkpt lat="44.71682" lon="-110.493305"><ele>2342.498</ele><time>2026-05-19T20:43:13Z</time></trkpt><trkpt lat="44.716828" lon="-110.493265"><ele>2342.452</ele><time>2026-05-19T20:43:24Z</time></trkpt><trkpt lat="44.716816" lon="-110.493155"><ele>2341.657</ele><time>2026-05-19T20:43:32Z</time></trkpt><trkpt lat="44.71681" lon="-110.493034"><ele>2341.262</ele><time>2026-05-19T20:43:41Z</time></trkpt><trkpt lat="44.716811" lon="-110.492891"><ele>2342.641</ele><time>2026-05-19T20:43:51Z</time></trkpt><trkpt lat="44.716806" lon="-110.492878"><ele>2342.836</ele><time>2026-05-19T20:43:52Z</time></trkpt><trkpt lat="44.716784" lon="-110.492781"><ele>2342.817</ele><time>2026-05-19T20:43:58Z</time></trkpt><trkpt lat="44.716764" lon="-110.49269"><ele>2341.618</ele><time>2026-05-19T20:44:05Z</time></trkpt><trkpt lat="44.716773" lon="-110.492571"><ele>2340.809</ele><time>2026-05-19T20:44:13Z</time></trkpt><trkpt lat="44.716778" lon="-110.492558"><ele>2340.665</ele><time>2026-05-19T20:44:14Z</time></trkpt><trkpt lat="44.716822" lon="-110.492453"><ele>2340.669</ele><time>2026-05-19T20:44:21Z</time></trkpt><trkpt lat="44.716845" lon="-110.492358"><ele>2340.448</ele><time>2026-05-19T20:44:29Z</time></trkpt><trkpt lat="44.716872" lon="-110.49231"><ele>2340.444</ele><time>2026-05-19T20:44:33Z</time></trkpt><trkpt lat="44.716905" lon="-110.492282"><ele>2340.665</ele><time>2026-05-19T20:44:36Z</time></trkpt><trkpt lat="44.716957" lon="-110.492211"><ele>2341.439</ele><time>2026-05-19T20:44:43Z</time></trkpt><trkpt lat="44.716962" lon="-110.492202"><ele>2341.814</ele><time>2026-05-19T20:44:44Z</time></trkpt><trkpt lat="44.716978" lon="-110.492178"><ele>2342.839</ele><time>2026-05-19T20:44:47Z</time></trkpt><trkpt lat="44.716997" lon="-110.49214"><ele>2343.448</ele><time>2026-05-19T20:44:51Z</time></trkpt><trkpt lat="44.717031" lon="-110.4921"><ele>2343.256</ele><time>2026-05-19T20:44:56Z</time></trkpt><trkpt lat="44.717051" lon="-110.492077"><ele>2343.459</ele><time>2026-05-19T20:44:59Z</time></trkpt><trkpt lat="44.717075" lon="-110.492084"><ele>2343.614</ele><time>2026-05-19T20:45:05Z</time></trkpt><trkpt lat="44.717079" lon="-110.492094"><ele>2343.609</ele><time>2026-05-19T20:45:06Z</time></trkpt><trkpt lat="44.71708" lon="-110.492112"><ele>2343.237</ele><time>2026-05-19T20:45:13Z</time></trkpt><trkpt lat="44.717078" lon="-110.49211"><ele>2343.471</ele><time>2026-05-19T20:45:18Z</time></trkpt><trkpt lat="44.717077" lon="-110.492105"><ele>2343.650</ele><time>2026-05-19T20:45:19Z</time></trkpt><trkpt lat="44.717078" lon="-110.492107"><ele>2343.856</ele><time>2026-05-19T20:45:20Z</time></trkpt><trkpt lat="44.71708" lon="-110.492104"><ele>2343.877</ele><time>2026-05-19T20:45:21Z</time></trkpt><trkpt lat="44.717085" lon="-110.492103"><ele>2343.851</ele><time>2026-05-19T20:45:24Z</time></trkpt><trkpt lat="44.717087" lon="-110.492096"><ele>2343.876</ele><time>2026-05-19T20:45:30Z</time></trkpt><trkpt lat="44.717086" lon="-110.492091"><ele>2343.871</ele><time>2026-05-19T20:45:34Z</time></trkpt><trkpt lat="44.717074" lon="-110.492091"><ele>2343.220</ele><time>2026-05-19T20:45:42Z</time></trkpt><trkpt lat="44.717075" lon="-110.492094"><ele>2343.093</ele><time>2026-05-19T20:45:51Z</time></trkpt><trkpt lat="44.717076" lon="-110.492092"><ele>2343.265</ele><time>2026-05-19T20:45:58Z</time></trkpt><trkpt lat="44.717076" lon="-110.492092"><ele>2343.621</ele><time>2026-05-19T20:46:04Z</time></trkpt><trkpt lat="44.717076" lon="-110.492092"><ele>2344.009</ele><time>2026-05-19T20:46:10Z</time></trkpt><trkpt lat="44.717076" lon="-110.492092"><ele>2344.031</ele><time>2026-05-19T20:46:11Z</time></trkpt><trkpt lat="44.717069" lon="-110.492104"><ele>2343.825</ele><time>2026-05-19T20:46:14Z</time></trkpt><trkpt lat="44.717071" lon="-110.492112"><ele>2343.844</ele><time>2026-05-19T20:46:17Z</time></trkpt><trkpt lat="44.717069" lon="-110.492113"><ele>2343.610</ele><time>2026-05-19T20:46:19Z</time></trkpt><trkpt lat="44.717065" lon="-110.492093"><ele>2343.671</ele><time>2026-05-19T20:46:24Z</time></trkpt><trkpt lat="44.717083" lon="-110.492067"><ele>2343.455</ele><time>2026-05-19T20:46:36Z</time></trkpt><trkpt lat="44.717083" lon="-110.492067"><ele>2343.410</ele><time>2026-05-19T20:46:37Z</time></trkpt><trkpt lat="44.717083" lon="-110.492067"><ele>2343.485</ele><time>2026-05-19T20:46:41Z</time></trkpt><trkpt lat="44.717093" lon="-110.49205"><ele>2343.484</ele><time>2026-05-19T20:46:44Z</time></trkpt><trkpt lat="44.71713" lon="-110.491953"><ele>2343.478</ele><time>2026-05-19T20:46:53Z</time></trkpt><trkpt lat="44.717165" lon="-110.491901"><ele>2344.033</ele><time>2026-05-19T20:46:59Z</time></trkpt><trkpt lat="44.717171" lon="-110.49188"><ele>2344.026</ele><time>2026-05-19T20:47:01Z</time></trkpt><trkpt lat="44.717173" lon="-110.491834"><ele>2344.609</ele><time>2026-05-19T20:47:05Z</time></trkpt><trkpt lat="44.717177" lon="-110.491809"><ele>2345.049</ele><time>2026-05-19T20:47:08Z</time></trkpt><trkpt lat="44.717178" lon="-110.491789"><ele>2345.223</ele><time>2026-05-19T20:47:10Z</time></trkpt><trkpt lat="44.717178" lon="-110.491701"><ele>2345.862</ele><time>2026-05-19T20:47:18Z</time></trkpt><trkpt lat="44.717177" lon="-110.49169"><ele>2346.018</ele><time>2026-05-19T20:47:19Z</time></trkpt><trkpt lat="44.717166" lon="-110.491646"><ele>2346.889</ele><time>2026-05-19T20:47:25Z</time></trkpt><trkpt lat="44.717164" lon="-110.491638"><ele>2346.823</ele><time>2026-05-19T20:47:26Z</time></trkpt><trkpt lat="44.717161" lon="-110.491599"><ele>2346.818</ele><time>2026-05-19T20:47:30Z</time></trkpt><trkpt lat="44.71717" lon="-110.491561"><ele>2346.613</ele><time>2026-05-19T20:47:35Z</time></trkpt><trkpt lat="44.717173" lon="-110.491552"><ele>2346.612</ele><time>2026-05-19T20:47:36Z</time></trkpt><trkpt lat="44.717178" lon="-110.491545"><ele>2346.478</ele><time>2026-05-19T20:47:37Z</time></trkpt><trkpt lat="44.717188" lon="-110.491548"><ele>2346.433</ele><time>2026-05-19T20:47:41Z</time></trkpt><trkpt lat="44.717191" lon="-110.49153"><ele>2346.626</ele><time>2026-05-19T20:47:54Z</time></trkpt><trkpt lat="44.717198" lon="-110.491527"><ele>2346.209</ele><time>2026-05-19T20:48:01Z</time></trkpt><trkpt lat="44.717196" lon="-110.491528"><ele>2346.219</ele><time>2026-05-19T20:48:05Z</time></trkpt><trkpt lat="44.717196" lon="-110.491528"><ele>2346.213</ele><time>2026-05-19T20:48:06Z</time></trkpt><trkpt lat="44.717196" lon="-110.491528"><ele>2346.222</ele><time>2026-05-19T20:48:07Z</time></trkpt><trkpt lat="44.717196" lon="-110.491528"><ele>2346.288</ele><time>2026-05-19T20:48:08Z</time></trkpt><trkpt lat="44.717187" lon="-110.491536"><ele>2346.429</ele><time>2026-05-19T20:48:17Z</time></trkpt><trkpt lat="44.717178" lon="-110.491545"><ele>2346.873</ele><time>2026-05-19T20:48:23Z</time></trkpt><trkpt lat="44.717178" lon="-110.491543"><ele>2346.858</ele><time>2026-05-19T20:48:24Z</time></trkpt><trkpt lat="44.717178" lon="-110.491532"><ele>2347.053</ele><time>2026-05-19T20:48:26Z</time></trkpt><trkpt lat="44.717177" lon="-110.491502"><ele>2346.832</ele><time>2026-05-19T20:48:33Z</time></trkpt><trkpt lat="44.717184" lon="-110.491503"><ele>2346.641</ele><time>2026-05-19T20:48:41Z</time></trkpt><trkpt lat="44.717184" lon="-110.491503"><ele>2346.681</ele><time>2026-05-19T20:48:42Z</time></trkpt><trkpt lat="44.717184" lon="-110.491503"><ele>2346.809</ele><time>2026-05-19T20:48:44Z</time></trkpt><trkpt lat="44.717184" lon="-110.491503"><ele>2346.809</ele><time>2026-05-19T20:48:45Z</time></trkpt><trkpt lat="44.717184" lon="-110.491503"><ele>2346.616</ele><time>2026-05-19T20:49:00Z</time></trkpt><trkpt lat="44.717162" lon="-110.491403"><ele>2346.470</ele><time>2026-05-19T20:49:09Z</time></trkpt><trkpt lat="44.717135" lon="-110.491319"><ele>2346.069</ele><time>2026-05-19T20:49:16Z</time></trkpt><trkpt lat="44.717132" lon="-110.491305"><ele>2346.055</ele><time>2026-05-19T20:49:17Z</time></trkpt><trkpt lat="44.71713" lon="-110.491178"><ele>2344.856</ele><time>2026-05-19T20:49:27Z</time></trkpt><trkpt lat="44.717131" lon="-110.491164"><ele>2344.630</ele><time>2026-05-19T20:49:28Z</time></trkpt><trkpt lat="44.71715" lon="-110.491095"><ele>2343.815</ele><time>2026-05-19T20:49:35Z</time></trkpt><trkpt lat="44.717154" lon="-110.491079"><ele>2343.870</ele><time>2026-05-19T20:49:36Z</time></trkpt><trkpt lat="44.71717" lon="-110.490952"><ele>2343.699</ele><time>2026-05-19T20:49:43Z</time></trkpt><trkpt lat="44.717179" lon="-110.490895"><ele>2342.888</ele><time>2026-05-19T20:49:51Z</time></trkpt><trkpt lat="44.717177" lon="-110.490892"><ele>2342.824</ele><time>2026-05-19T20:49:52Z</time></trkpt><trkpt lat="44.717157" lon="-110.490848"><ele>2342.626</ele><time>2026-05-19T20:50:01Z</time></trkpt><trkpt lat="44.717126" lon="-110.490785"><ele>2341.809</ele><time>2026-05-19T20:50:07Z</time></trkpt><trkpt lat="44.717119" lon="-110.490779"><ele>2341.610</ele><time>2026-05-19T20:50:08Z</time></trkpt><trkpt lat="44.71709" lon="-110.490723"><ele>2340.644</ele><time>2026-05-19T20:50:13Z</time></trkpt><trkpt lat="44.717075" lon="-110.490664"><ele>2340.643</ele><time>2026-05-19T20:50:17Z</time></trkpt><trkpt lat="44.717076" lon="-110.490443"><ele>2340.699</ele><time>2026-05-19T20:50:31Z</time></trkpt><trkpt lat="44.717084" lon="-110.490321"><ele>2340.860</ele><time>2026-05-19T20:50:39Z</time></trkpt><trkpt lat="44.717068" lon="-110.490243"><ele>2341.254</ele><time>2026-05-19T20:50:44Z</time></trkpt><trkpt lat="44.717052" lon="-110.490181"><ele>2341.479</ele><time>2026-05-19T20:50:48Z</time></trkpt><trkpt lat="44.717055" lon="-110.490114"><ele>2341.624</ele><time>2026-05-19T20:50:54Z</time></trkpt><trkpt lat="44.717074" lon="-110.490048"><ele>2342.093</ele><time>2026-05-19T20:50:59Z</time></trkpt><trkpt lat="44.717101" lon="-110.489973"><ele>2342.831</ele><time>2026-05-19T20:51:05Z</time></trkpt><trkpt lat="44.717104" lon="-110.489952"><ele>2343.261</ele><time>2026-05-19T20:51:07Z</time></trkpt><trkpt lat="44.717096" lon="-110.489934"><ele>2343.807</ele><time>2026-05-19T20:51:09Z</time></trkpt><trkpt lat="44.717061" lon="-110.489944"><ele>2344.609</ele><time>2026-05-19T20:51:13Z</time></trkpt><trkpt lat="44.717053" lon="-110.48995"><ele>2344.885</ele><time>2026-05-19T20:51:14Z</time></trkpt><trkpt lat="44.717013" lon="-110.489969"><ele>2345.289</ele><time>2026-05-19T20:51:19Z</time></trkpt><trkpt lat="44.716983" lon="-110.489988"><ele>2345.898</ele><time>2026-05-19T20:51:23Z</time></trkpt><trkpt lat="44.716936" lon="-110.490027"><ele>2347.064</ele><time>2026-05-19T20:51:31Z</time></trkpt><trkpt lat="44.716931" lon="-110.490033"><ele>2347.065</ele><time>2026-05-19T20:51:32Z</time></trkpt><trkpt lat="44.716899" lon="-110.490057"><ele>2348.049</ele><time>2026-05-19T20:51:40Z</time></trkpt><trkpt lat="44.716896" lon="-110.490061"><ele>2348.084</ele><time>2026-05-19T20:51:41Z</time></trkpt><trkpt lat="44.71687" lon="-110.490104"><ele>2349.059</ele><time>2026-05-19T20:51:47Z</time></trkpt><trkpt lat="44.716854" lon="-110.490118"><ele>2349.668</ele><time>2026-05-19T20:51:51Z</time></trkpt><trkpt lat="44.716844" lon="-110.490129"><ele>2350.027</ele><time>2026-05-19T20:51:53Z</time></trkpt><trkpt lat="44.716838" lon="-110.490136"><ele>2350.468</ele><time>2026-05-19T20:51:55Z</time></trkpt><trkpt lat="44.716833" lon="-110.49014"><ele>2350.614</ele><time>2026-05-19T20:51:57Z</time></trkpt><trkpt lat="44.716815" lon="-110.490148"><ele>2351.009</ele><time>2026-05-19T20:52:01Z</time></trkpt><trkpt lat="44.71681" lon="-110.490152"><ele>2351.214</ele><time>2026-05-19T20:52:02Z</time></trkpt><trkpt lat="44.716781" lon="-110.490148"><ele>2351.628</ele><time>2026-05-19T20:52:08Z</time></trkpt><trkpt lat="44.716791" lon="-110.490136"><ele>2351.827</ele><time>2026-05-19T20:52:10Z</time></trkpt><trkpt lat="44.716818" lon="-110.49011"><ele>2352.233</ele><time>2026-05-19T20:52:14Z</time></trkpt><trkpt lat="44.716838" lon="-110.490071"><ele>2353.424</ele><time>2026-05-19T20:52:21Z</time></trkpt><trkpt lat="44.716856" lon="-110.490018"><ele>2354.478</ele><time>2026-05-19T20:52:30Z</time></trkpt><trkpt lat="44.716858" lon="-110.490007"><ele>2354.463</ele><time>2026-05-19T20:52:31Z</time></trkpt><trkpt lat="44.716883" lon="-110.489927"><ele>2355.448</ele><time>2026-05-19T20:52:42Z</time></trkpt><trkpt lat="44.716892" lon="-110.489907"><ele>2355.897</ele><time>2026-05-19T20:52:44Z</time></trkpt><trkpt lat="44.716911" lon="-110.489859"><ele>2356.684</ele><time>2026-05-19T20:52:51Z</time></trkpt><trkpt lat="44.716904" lon="-110.489827"><ele>2357.607</ele><time>2026-05-19T20:52:55Z</time></trkpt><trkpt lat="44.716898" lon="-110.489822"><ele>2357.817</ele><time>2026-05-19T20:52:56Z</time></trkpt><trkpt lat="44.716863" lon="-110.489846"><ele>2358.809</ele><time>2026-05-19T20:53:03Z</time></trkpt><trkpt lat="44.716859" lon="-110.489853"><ele>2358.840</ele><time>2026-05-19T20:53:04Z</time></trkpt><trkpt lat="44.716818" lon="-110.48989"><ele>2359.874</ele><time>2026-05-19T20:53:11Z</time></trkpt><trkpt lat="44.716809" lon="-110.489896"><ele>2360.263</ele><time>2026-05-19T20:53:13Z</time></trkpt><trkpt lat="44.716778" lon="-110.489919"><ele>2360.859</ele><time>2026-05-19T20:53:19Z</time></trkpt><trkpt lat="44.716765" lon="-110.489929"><ele>2361.270</ele><time>2026-05-19T20:53:22Z</time></trkpt><trkpt lat="44.716737" lon="-110.489939"><ele>2362.064</ele><time>2026-05-19T20:53:28Z</time></trkpt><trkpt lat="44.71672" lon="-110.489944"><ele>2362.659</ele><time>2026-05-19T20:53:32Z</time></trkpt><trkpt lat="44.716711" lon="-110.489947"><ele>2363.034</ele><time>2026-05-19T20:53:34Z</time></trkpt><trkpt lat="44.716672" lon="-110.489963"><ele>2364.263</ele><time>2026-05-19T20:53:42Z</time></trkpt><trkpt lat="44.716666" lon="-110.489968"><ele>2364.279</ele><time>2026-05-19T20:53:43Z</time></trkpt><trkpt lat="44.716615" lon="-110.490003"><ele>2365.205</ele><time>2026-05-19T20:53:51Z</time></trkpt><trkpt lat="44.716572" lon="-110.490027"><ele>2365.825</ele><time>2026-05-19T20:53:57Z</time></trkpt><trkpt lat="44.716545" lon="-110.490043"><ele>2366.209</ele><time>2026-05-19T20:54:01Z</time></trkpt><trkpt lat="44.716559" lon="-110.490023"><ele>2366.629</ele><time>2026-05-19T20:54:05Z</time></trkpt><trkpt lat="44.716591" lon="-110.489994"><ele>2367.293</ele><time>2026-05-19T20:54:12Z</time></trkpt><trkpt lat="44.716598" lon="-110.489985"><ele>2367.462</ele><time>2026-05-19T20:54:14Z</time></trkpt><trkpt lat="44.716614" lon="-110.489937"><ele>2368.058</ele><time>2026-05-19T20:54:20Z</time></trkpt><trkpt lat="44.716627" lon="-110.489917"><ele>2368.439</ele><time>2026-05-19T20:54:22Z</time></trkpt><trkpt lat="44.716645" lon="-110.489849"><ele>2369.413</ele><time>2026-05-19T20:54:30Z</time></trkpt><trkpt lat="44.716653" lon="-110.489823"><ele>2369.418</ele><time>2026-05-19T20:54:33Z</time></trkpt><trkpt lat="44.716694" lon="-110.489787"><ele>2369.483</ele><time>2026-05-19T20:54:40Z</time></trkpt><trkpt lat="44.716707" lon="-110.489768"><ele>2369.612</ele><time>2026-05-19T20:54:42Z</time></trkpt><trkpt lat="44.716741" lon="-110.489716"><ele>2369.846</ele><time>2026-05-19T20:54:48Z</time></trkpt><trkpt lat="44.71675" lon="-110.489614"><ele>2370.088</ele><time>2026-05-19T20:54:56Z</time></trkpt><trkpt lat="44.716744" lon="-110.489578"><ele>2369.816</ele><time>2026-05-19T20:54:59Z</time></trkpt><trkpt lat="44.716743" lon="-110.489562"><ele>2370.009</ele><time>2026-05-19T20:55:00Z</time></trkpt><trkpt lat="44.716725" lon="-110.48946"><ele>2369.456</ele><time>2026-05-19T20:55:07Z</time></trkpt><trkpt lat="44.71673" lon="-110.489366"><ele>2369.870</ele><time>2026-05-19T20:55:15Z</time></trkpt><trkpt lat="44.716746" lon="-110.489311"><ele>2369.689</ele><time>2026-05-19T20:55:20Z</time></trkpt><trkpt lat="44.716763" lon="-110.489265"><ele>2369.095</ele><time>2026-05-19T20:55:23Z</time></trkpt><trkpt lat="44.716772" lon="-110.489217"><ele>2368.426</ele><time>2026-05-19T20:55:26Z</time></trkpt><trkpt lat="44.71677" lon="-110.489174"><ele>2367.290</ele><time>2026-05-19T20:55:30Z</time></trkpt><trkpt lat="44.716769" lon="-110.489164"><ele>2367.055</ele><time>2026-05-19T20:55:31Z</time></trkpt><trkpt lat="44.716769" lon="-110.489092"><ele>2366.240</ele><time>2026-05-19T20:55:37Z</time></trkpt><trkpt lat="44.71678" lon="-110.489059"><ele>2365.039</ele><time>2026-05-19T20:55:41Z</time></trkpt><trkpt lat="44.716788" lon="-110.489041"><ele>2364.455</ele><time>2026-05-19T20:55:43Z</time></trkpt><trkpt lat="44.716796" lon="-110.489018"><ele>2363.607</ele><time>2026-05-19T20:55:45Z</time></trkpt><trkpt lat="44.71682" lon="-110.488954"><ele>2362.617</ele><time>2026-05-19T20:55:49Z</time></trkpt><trkpt lat="44.716843" lon="-110.488924"><ele>2362.409</ele><time>2026-05-19T20:55:52Z</time></trkpt><trkpt lat="44.716875" lon="-110.488831"><ele>2361.617</ele><time>2026-05-19T20:55:59Z</time></trkpt><trkpt lat="44.716877" lon="-110.488816"><ele>2361.291</ele><time>2026-05-19T20:56:00Z</time></trkpt><trkpt lat="44.716885" lon="-110.488725"><ele>2360.490</ele><time>2026-05-19T20:56:06Z</time></trkpt><trkpt lat="44.716894" lon="-110.488646"><ele>2360.286</ele><time>2026-05-19T20:56:10Z</time></trkpt><trkpt lat="44.716915" lon="-110.488542"><ele>2360.247</ele><time>2026-05-19T20:56:18Z</time></trkpt><trkpt lat="44.716945" lon="-110.48844"><ele>2360.451</ele><time>2026-05-19T20:56:26Z</time></trkpt><trkpt lat="44.716952" lon="-110.488412"><ele>2360.436</ele><time>2026-05-19T20:56:27Z</time></trkpt><trkpt lat="44.717002" lon="-110.488293"><ele>2360.621</ele><time>2026-05-19T20:56:35Z</time></trkpt><trkpt lat="44.71706" lon="-110.488188"><ele>2361.270</ele><time>2026-05-19T20:56:45Z</time></trkpt><trkpt lat="44.717077" lon="-110.488159"><ele>2361.614</ele><time>2026-05-19T20:56:48Z</time></trkpt><trkpt lat="44.717117" lon="-110.488102"><ele>2361.854</ele><time>2026-05-19T20:56:54Z</time></trkpt><trkpt lat="44.717164" lon="-110.488027"><ele>2362.409</ele><time>2026-05-19T20:57:01Z</time></trkpt><trkpt lat="44.717177" lon="-110.488006"><ele>2362.609</ele><time>2026-05-19T20:57:03Z</time></trkpt><trkpt lat="44.717218" lon="-110.487927"><ele>2363.073</ele><time>2026-05-19T20:57:10Z</time></trkpt><trkpt lat="44.717232" lon="-110.487889"><ele>2363.217</ele><time>2026-05-19T20:57:13Z</time></trkpt><trkpt lat="44.717268" lon="-110.487776"><ele>2362.896</ele><time>2026-05-19T20:57:21Z</time></trkpt><trkpt lat="44.717306" lon="-110.487703"><ele>2362.482</ele><time>2026-05-19T20:57:29Z</time></trkpt><trkpt lat="44.717379" lon="-110.487612"><ele>2362.063</ele><time>2026-05-19T20:57:39Z</time></trkpt><trkpt lat="44.717436" lon="-110.487543"><ele>2362.027</ele><time>2026-05-19T20:57:45Z</time></trkpt><trkpt lat="44.717449" lon="-110.487524"><ele>2361.832</ele><time>2026-05-19T20:57:47Z</time></trkpt><trkpt lat="44.717511" lon="-110.487417"><ele>2362.057</ele><time>2026-05-19T20:57:55Z</time></trkpt><trkpt lat="44.71755" lon="-110.487304"><ele>2361.836</ele><time>2026-05-19T20:58:04Z</time></trkpt><trkpt lat="44.717569" lon="-110.487169"><ele>2361.636</ele><time>2026-05-19T20:58:13Z</time></trkpt><trkpt lat="44.717571" lon="-110.487153"><ele>2361.617</ele><time>2026-05-19T20:58:14Z</time></trkpt><trkpt lat="44.717607" lon="-110.487012"><ele>2361.618</ele><time>2026-05-19T20:58:24Z</time></trkpt><trkpt lat="44.717646" lon="-110.486919"><ele>2361.009</ele><time>2026-05-19T20:58:32Z</time></trkpt><trkpt lat="44.717713" lon="-110.486851"><ele>2361.475</ele><time>2026-05-19T20:58:41Z</time></trkpt><trkpt lat="44.717773" lon="-110.486787"><ele>2362.259</ele><time>2026-05-19T20:58:50Z</time></trkpt><trkpt lat="44.717825" lon="-110.486782"><ele>2362.648</ele><time>2026-05-19T20:58:58Z</time></trkpt><trkpt lat="44.71783" lon="-110.486789"><ele>2362.674</ele><time>2026-05-19T20:58:59Z</time></trkpt><trkpt lat="44.717837" lon="-110.486802"><ele>2362.865</ele><time>2026-05-19T20:59:06Z</time></trkpt><trkpt lat="44.717841" lon="-110.486796"><ele>2363.439</ele><time>2026-05-19T20:59:19Z</time></trkpt><trkpt lat="44.717825" lon="-110.486756"><ele>2362.834</ele><time>2026-05-19T20:59:28Z</time></trkpt><trkpt lat="44.717819" lon="-110.486697"><ele>2362.419</ele><time>2026-05-19T20:59:35Z</time></trkpt><trkpt lat="44.717848" lon="-110.486592"><ele>2362.028</ele><time>2026-05-19T20:59:43Z</time></trkpt><trkpt lat="44.717844" lon="-110.486555"><ele>2361.675</ele><time>2026-05-19T20:59:46Z</time></trkpt><trkpt lat="44.717838" lon="-110.486538"><ele>2361.628</ele><time>2026-05-19T20:59:47Z</time></trkpt><trkpt lat="44.717829" lon="-110.48651"><ele>2361.220</ele><time>2026-05-19T20:59:54Z</time></trkpt><trkpt lat="44.717855" lon="-110.486505"><ele>2361.209</ele><time>2026-05-19T21:00:02Z</time></trkpt><trkpt lat="44.717806" lon="-110.486469"><ele>2361.079</ele><time>2026-05-19T21:00:09Z</time></trkpt><trkpt lat="44.717747" lon="-110.486356"><ele>2361.023</ele><time>2026-05-19T21:00:18Z</time></trkpt><trkpt lat="44.717727" lon="-110.486237"><ele>2361.412</ele><time>2026-05-19T21:00:26Z</time></trkpt><trkpt lat="44.717706" lon="-110.486107"><ele>2361.668</ele><time>2026-05-19T21:00:35Z</time></trkpt><trkpt lat="44.71774" lon="-110.485971"><ele>2361.879</ele><time>2026-05-19T21:00:44Z</time></trkpt><trkpt lat="44.717749" lon="-110.485901"><ele>2361.643</ele><time>2026-05-19T21:00:48Z</time></trkpt><trkpt lat="44.717752" lon="-110.485866"><ele>2361.688</ele><time>2026-05-19T21:00:50Z</time></trkpt><trkpt lat="44.717761" lon="-110.485821"><ele>2361.833</ele><time>2026-05-19T21:00:54Z</time></trkpt><trkpt lat="44.717809" lon="-110.485707"><ele>2362.292</ele><time>2026-05-19T21:01:03Z</time></trkpt><trkpt lat="44.717826" lon="-110.485662"><ele>2362.885</ele><time>2026-05-19T21:01:07Z</time></trkpt><trkpt lat="44.717856" lon="-110.485615"><ele>2363.289</ele><time>2026-05-19T21:01:12Z</time></trkpt><trkpt lat="44.717871" lon="-110.485573"><ele>2363.617</ele><time>2026-05-19T21:01:16Z</time></trkpt><trkpt lat="44.717867" lon="-110.485563"><ele>2363.809</ele><time>2026-05-19T21:01:17Z</time></trkpt><trkpt lat="44.717862" lon="-110.485558"><ele>2363.870</ele><time>2026-05-19T21:01:18Z</time></trkpt><trkpt lat="44.717861" lon="-110.485553"><ele>2363.844</ele><time>2026-05-19T21:01:19Z</time></trkpt><trkpt lat="44.717853" lon="-110.485554"><ele>2363.853</ele><time>2026-05-19T21:01:20Z</time></trkpt><trkpt lat="44.717818" lon="-110.485599"><ele>2363.649</ele><time>2026-05-19T21:01:25Z</time></trkpt><trkpt lat="44.717798" lon="-110.4856"><ele>2362.860</ele><time>2026-05-19T21:01:28Z</time></trkpt><trkpt lat="44.717775" lon="-110.485589"><ele>2361.864</ele><time>2026-05-19T21:01:31Z</time></trkpt><trkpt lat="44.717769" lon="-110.485551"><ele>2360.899</ele><time>2026-05-19T21:01:34Z</time></trkpt><trkpt lat="44.717767" lon="-110.485532"><ele>2360.684</ele><time>2026-05-19T21:01:35Z</time></trkpt><trkpt lat="44.71777" lon="-110.48547"><ele>2360.233</ele><time>2026-05-19T21:01:39Z</time></trkpt><trkpt lat="44.717781" lon="-110.485426"><ele>2359.645</ele><time>2026-05-19T21:01:42Z</time></trkpt><trkpt lat="44.717811" lon="-110.485348"><ele>2358.647</ele><time>2026-05-19T21:01:48Z</time></trkpt><trkpt lat="44.717816" lon="-110.485336"><ele>2358.411</ele><time>2026-05-19T21:01:49Z</time></trkpt><trkpt lat="44.717855" lon="-110.485289"><ele>2357.209</ele><time>2026-05-19T21:01:54Z</time></trkpt><trkpt lat="44.717902" lon="-110.485248"><ele>2356.486</ele><time>2026-05-19T21:01:59Z</time></trkpt><trkpt lat="44.717922" lon="-110.485218"><ele>2356.040</ele><time>2026-05-19T21:02:01Z</time></trkpt><trkpt lat="44.717947" lon="-110.485169"><ele>2355.099</ele><time>2026-05-19T21:02:05Z</time></trkpt><trkpt lat="44.717964" lon="-110.485114"><ele>2354.465</ele><time>2026-05-19T21:02:08Z</time></trkpt><trkpt lat="44.717978" lon="-110.485068"><ele>2354.026</ele><time>2026-05-19T21:02:11Z</time></trkpt><trkpt lat="44.717995" lon="-110.48497"><ele>2353.640</ele><time>2026-05-19T21:02:17Z</time></trkpt><trkpt lat="44.718019" lon="-110.48483"><ele>2353.695</ele><time>2026-05-19T21:02:26Z</time></trkpt><trkpt lat="44.71805" lon="-110.484728"><ele>2353.470</ele><time>2026-05-19T21:02:34Z</time></trkpt><trkpt lat="44.71811" lon="-110.484585"><ele>2353.669</ele><time>2026-05-19T21:02:45Z</time></trkpt><trkpt lat="44.718133" lon="-110.48455"><ele>2353.643</ele><time>2026-05-19T21:02:49Z</time></trkpt><trkpt lat="44.718159" lon="-110.484473"><ele>2353.264</ele><time>2026-05-19T21:02:55Z</time></trkpt><trkpt lat="44.718165" lon="-110.484459"><ele>2353.010</ele><time>2026-05-19T21:02:56Z</time></trkpt><trkpt lat="44.718188" lon="-110.484373"><ele>2352.009</ele><time>2026-05-19T21:03:03Z</time></trkpt><trkpt lat="44.718191" lon="-110.484338"><ele>2351.496</ele><time>2026-05-19T21:03:06Z</time></trkpt><trkpt lat="44.718189" lon="-110.484303"><ele>2350.810</ele><time>2026-05-19T21:03:09Z</time></trkpt><trkpt lat="44.718202" lon="-110.484238"><ele>2349.859</ele><time>2026-05-19T21:03:14Z</time></trkpt><trkpt lat="44.718226" lon="-110.484194"><ele>2349.055</ele><time>2026-05-19T21:03:18Z</time></trkpt><trkpt lat="44.718237" lon="-110.48417"><ele>2348.696</ele><time>2026-05-19T21:03:20Z</time></trkpt><trkpt lat="44.718265" lon="-110.48411"><ele>2347.490</ele><time>2026-05-19T21:03:25Z</time></trkpt><trkpt lat="44.718285" lon="-110.48409"><ele>2347.035</ele><time>2026-05-19T21:03:28Z</time></trkpt><trkpt lat="44.718321" lon="-110.484041"><ele>2346.460</ele><time>2026-05-19T21:03:34Z</time></trkpt><trkpt lat="44.71834" lon="-110.484011"><ele>2346.069</ele><time>2026-05-19T21:03:37Z</time></trkpt><trkpt lat="44.718371" lon="-110.483967"><ele>2345.257</ele><time>2026-05-19T21:03:41Z</time></trkpt><trkpt lat="44.718407" lon="-110.483929"><ele>2344.600</ele><time>2026-05-19T21:03:45Z</time></trkpt><trkpt lat="44.718437" lon="-110.483904"><ele>2344.020</ele><time>2026-05-19T21:03:48Z</time></trkpt><trkpt lat="44.718474" lon="-110.483874"><ele>2343.009</ele><time>2026-05-19T21:03:54Z</time></trkpt><trkpt lat="44.718478" lon="-110.483873"><ele>2343.077</ele><time>2026-05-19T21:03:55Z</time></trkpt><trkpt lat="44.718517" lon="-110.483807"><ele>2342.241</ele><time>2026-05-19T21:04:02Z</time></trkpt><trkpt lat="44.718521" lon="-110.483788"><ele>2342.050</ele><time>2026-05-19T21:04:03Z</time></trkpt><trkpt lat="44.718515" lon="-110.483679"><ele>2341.016</ele><time>2026-05-19T21:04:10Z</time></trkpt><trkpt lat="44.718515" lon="-110.483666"><ele>2341.027</ele><time>2026-05-19T21:04:11Z</time></trkpt><trkpt lat="44.718506" lon="-110.483578"><ele>2340.041</ele><time>2026-05-19T21:04:19Z</time></trkpt><trkpt lat="44.718512" lon="-110.483549"><ele>2339.886</ele><time>2026-05-19T21:04:21Z</time></trkpt><trkpt lat="44.718548" lon="-110.48346"><ele>2338.821</ele><time>2026-05-19T21:04:28Z</time></trkpt><trkpt lat="44.718587" lon="-110.483347"><ele>2337.620</ele><time>2026-05-19T21:04:36Z</time></trkpt><trkpt lat="44.718594" lon="-110.48332"><ele>2337.412</ele><time>2026-05-19T21:04:38Z</time></trkpt><trkpt lat="44.718641" lon="-110.483179"><ele>2336.632</ele><time>2026-05-19T21:04:48Z</time></trkpt><trkpt lat="44.718643" lon="-110.483165"><ele>2336.605</ele><time>2026-05-19T21:04:49Z</time></trkpt><trkpt lat="44.718669" lon="-110.48304"><ele>2335.809</ele><time>2026-05-19T21:04:58Z</time></trkpt><trkpt lat="44.718675" lon="-110.482987"><ele>2335.623</ele><time>2026-05-19T21:05:01Z</time></trkpt><trkpt lat="44.718684" lon="-110.482918"><ele>2334.667</ele><time>2026-05-19T21:05:07Z</time></trkpt><trkpt lat="44.718692" lon="-110.482889"><ele>2334.676</ele><time>2026-05-19T21:05:09Z</time></trkpt><trkpt lat="44.718726" lon="-110.482761"><ele>2334.022</ele><time>2026-05-19T21:05:18Z</time></trkpt><trkpt lat="44.718744" lon="-110.482628"><ele>2333.813</ele><time>2026-05-19T21:05:29Z</time></trkpt><trkpt lat="44.718769" lon="-110.482511"><ele>2334.497</ele><time>2026-05-19T21:05:40Z</time></trkpt><trkpt lat="44.71878" lon="-110.482451"><ele>2335.612</ele><time>2026-05-19T21:05:45Z</time></trkpt><trkpt lat="44.718794" lon="-110.482414"><ele>2336.087</ele><time>2026-05-19T21:05:48Z</time></trkpt><trkpt lat="44.718812" lon="-110.482377"><ele>2336.086</ele><time>2026-05-19T21:05:51Z</time></trkpt><trkpt lat="44.71883" lon="-110.482334"><ele>2336.069</ele><time>2026-05-19T21:05:55Z</time></trkpt><trkpt lat="44.718854" lon="-110.482297"><ele>2336.004</ele><time>2026-05-19T21:05:58Z</time></trkpt><trkpt lat="44.718871" lon="-110.482275"><ele>2336.024</ele><time>2026-05-19T21:06:00Z</time></trkpt><trkpt lat="44.718948" lon="-110.482177"><ele>2335.409</ele><time>2026-05-19T21:06:09Z</time></trkpt><trkpt lat="44.719018" lon="-110.482101"><ele>2335.638</ele><time>2026-05-19T21:06:17Z</time></trkpt><trkpt lat="44.71905" lon="-110.482053"><ele>2335.652</ele><time>2026-05-19T21:06:21Z</time></trkpt><trkpt lat="44.719079" lon="-110.48199"><ele>2335.641</ele><time>2026-05-19T21:06:26Z</time></trkpt><trkpt lat="44.719118" lon="-110.481841"><ele>2335.817</ele><time>2026-05-19T21:06:36Z</time></trkpt><trkpt lat="44.71915" lon="-110.481754"><ele>2336.058</ele><time>2026-05-19T21:06:42Z</time></trkpt><trkpt lat="44.719206" lon="-110.481611"><ele>2336.012</ele><time>2026-05-19T21:06:53Z</time></trkpt><trkpt lat="44.719242" lon="-110.481483"><ele>2335.287</ele><time>2026-05-19T21:07:04Z</time></trkpt><trkpt lat="44.7193" lon="-110.481367"><ele>2335.842</ele><time>2026-05-19T21:07:12Z</time></trkpt><trkpt lat="44.719341" lon="-110.481273"><ele>2335.451</ele><time>2026-05-19T21:07:20Z</time></trkpt><trkpt lat="44.719378" lon="-110.481178"><ele>2336.611</ele><time>2026-05-19T21:07:28Z</time></trkpt><trkpt lat="44.719391" lon="-110.481142"><ele>2336.421</ele><time>2026-05-19T21:07:30Z</time></trkpt><trkpt lat="44.719434" lon="-110.481016"><ele>2335.803</ele><time>2026-05-19T21:07:39Z</time></trkpt><trkpt lat="44.71947" lon="-110.480916"><ele>2336.409</ele><time>2026-05-19T21:07:46Z</time></trkpt><trkpt lat="44.719481" lon="-110.480882"><ele>2336.613</ele><time>2026-05-19T21:07:49Z</time></trkpt><trkpt lat="44.719529" lon="-110.480777"><ele>2336.667</ele><time>2026-05-19T21:07:58Z</time></trkpt><trkpt lat="44.719534" lon="-110.480765"><ele>2336.416</ele><time>2026-05-19T21:07:59Z</time></trkpt><trkpt lat="44.719587" lon="-110.480655"><ele>2337.092</ele><time>2026-05-19T21:08:09Z</time></trkpt><trkpt lat="44.719653" lon="-110.480546"><ele>2337.243</ele><time>2026-05-19T21:08:19Z</time></trkpt><trkpt lat="44.719736" lon="-110.480459"><ele>2336.887</ele><time>2026-05-19T21:08:28Z</time></trkpt><trkpt lat="44.719789" lon="-110.480423"><ele>2336.882</ele><time>2026-05-19T21:08:34Z</time></trkpt><trkpt lat="44.719832" lon="-110.480377"><ele>2337.077</ele><time>2026-05-19T21:08:39Z</time></trkpt><trkpt lat="44.719851" lon="-110.48036"><ele>2337.016</ele><time>2026-05-19T21:08:41Z</time></trkpt><trkpt lat="44.719871" lon="-110.480345"><ele>2336.841</ele><time>2026-05-19T21:08:43Z</time></trkpt><trkpt lat="44.71988" lon="-110.480334"><ele>2336.881</ele><time>2026-05-19T21:08:44Z</time></trkpt><trkpt lat="44.719943" lon="-110.480265"><ele>2337.009</ele><time>2026-05-19T21:08:51Z</time></trkpt><trkpt lat="44.719991" lon="-110.480225"><ele>2336.609</ele><time>2026-05-19T21:08:57Z</time></trkpt><trkpt lat="44.720073" lon="-110.480173"><ele>2336.076</ele><time>2026-05-19T21:09:06Z</time></trkpt><trkpt lat="44.720148" lon="-110.480119"><ele>2336.020</ele><time>2026-05-19T21:09:13Z</time></trkpt><trkpt lat="44.720193" lon="-110.480058"><ele>2336.039</ele><time>2026-05-19T21:09:19Z</time></trkpt><trkpt lat="44.720216" lon="-110.479944"><ele>2336.045</ele><time>2026-05-19T21:09:26Z</time></trkpt><trkpt lat="44.720216" lon="-110.479911"><ele>2335.886</ele><time>2026-05-19T21:09:28Z</time></trkpt><trkpt lat="44.720216" lon="-110.479765"><ele>2335.660</ele><time>2026-05-19T21:09:38Z</time></trkpt><trkpt lat="44.720275" lon="-110.479688"><ele>2335.455</ele><time>2026-05-19T21:09:46Z</time></trkpt><trkpt lat="44.720365" lon="-110.479624"><ele>2335.670</ele><time>2026-05-19T21:09:55Z</time></trkpt><trkpt lat="44.720456" lon="-110.479569"><ele>2334.629</ele><time>2026-05-19T21:10:05Z</time></trkpt><trkpt lat="44.720528" lon="-110.479462"><ele>2335.071</ele><time>2026-05-19T21:10:15Z</time></trkpt><trkpt lat="44.720623" lon="-110.479339"><ele>2335.841</ele><time>2026-05-19T21:10:28Z</time></trkpt><trkpt lat="44.720686" lon="-110.479266"><ele>2336.015</ele><time>2026-05-19T21:10:37Z</time></trkpt><trkpt lat="44.720696" lon="-110.479256"><ele>2336.009</ele><time>2026-05-19T21:10:38Z</time></trkpt><trkpt lat="44.720713" lon="-110.479241"><ele>2336.239</ele><time>2026-05-19T21:10:40Z</time></trkpt><trkpt lat="44.720771" lon="-110.479263"><ele>2336.283</ele><time>2026-05-19T21:10:47Z</time></trkpt><trkpt lat="44.720824" lon="-110.479279"><ele>2334.622</ele><time>2026-05-19T21:10:56Z</time></trkpt><trkpt lat="44.720828" lon="-110.479283"><ele>2334.478</ele><time>2026-05-19T21:10:57Z</time></trkpt><trkpt lat="44.720844" lon="-110.47929"><ele>2334.269</ele><time>2026-05-19T21:11:00Z</time></trkpt><trkpt lat="44.720864" lon="-110.479298"><ele>2333.213</ele><time>2026-05-19T21:11:04Z</time></trkpt><trkpt lat="44.720892" lon="-110.479296"><ele>2332.218</ele><time>2026-05-19T21:11:09Z</time></trkpt><trkpt lat="44.720928" lon="-110.47932"><ele>2332.463</ele><time>2026-05-19T21:11:13Z</time></trkpt><trkpt lat="44.721008" lon="-110.479395"><ele>2332.432</ele><time>2026-05-19T21:11:24Z</time></trkpt><trkpt lat="44.721033" lon="-110.479432"><ele>2333.268</ele><time>2026-05-19T21:11:28Z</time></trkpt><trkpt lat="44.721029" lon="-110.479433"><ele>2332.642</ele><time>2026-05-19T21:11:32Z</time></trkpt><trkpt lat="44.721028" lon="-110.479427"><ele>2332.426</ele><time>2026-05-19T21:11:33Z</time></trkpt><trkpt lat="44.721038" lon="-110.479443"><ele>2332.609</ele><time>2026-05-19T21:11:40Z</time></trkpt><trkpt lat="44.721036" lon="-110.479438"><ele>2333.278</ele><time>2026-05-19T21:11:43Z</time></trkpt><trkpt lat="44.721045" lon="-110.479425"><ele>2332.292</ele><time>2026-05-19T21:11:50Z</time></trkpt><trkpt lat="44.721046" lon="-110.47943"><ele>2332.851</ele><time>2026-05-19T21:11:59Z</time></trkpt><trkpt lat="44.72105" lon="-110.479431"><ele>2332.887</ele><time>2026-05-19T21:12:08Z</time></trkpt><trkpt lat="44.721053" lon="-110.479429"><ele>2332.858</ele><time>2026-05-19T21:12:14Z</time></trkpt><trkpt lat="44.72106" lon="-110.479426"><ele>2332.882</ele><time>2026-05-19T21:12:16Z</time></trkpt><trkpt lat="44.721114" lon="-110.479388"><ele>2333.027</ele><time>2026-05-19T21:12:25Z</time></trkpt><trkpt lat="44.721158" lon="-110.479362"><ele>2332.482</ele><time>2026-05-19T21:12:31Z</time></trkpt><trkpt lat="44.721164" lon="-110.479369"><ele>2332.851</ele><time>2026-05-19T21:12:33Z</time></trkpt><trkpt lat="44.72117" lon="-110.479376"><ele>2333.484</ele><time>2026-05-19T21:12:35Z</time></trkpt><trkpt lat="44.721186" lon="-110.479389"><ele>2334.407</ele><time>2026-05-19T21:12:39Z</time></trkpt><trkpt lat="44.721204" lon="-110.479395"><ele>2335.217</ele><time>2026-05-19T21:12:43Z</time></trkpt><trkpt lat="44.721206" lon="-110.479397"><ele>2335.409</ele><time>2026-05-19T21:12:44Z</time></trkpt><trkpt lat="44.721214" lon="-110.479401"><ele>2336.090</ele><time>2026-05-19T21:12:47Z</time></trkpt><trkpt lat="44.721216" lon="-110.479401"><ele>2336.644</ele><time>2026-05-19T21:12:49Z</time></trkpt><trkpt lat="44.721228" lon="-110.479395"><ele>2337.033</ele><time>2026-05-19T21:12:51Z</time></trkpt><trkpt lat="44.721256" lon="-110.479406"><ele>2337.039</ele><time>2026-05-19T21:12:56Z</time></trkpt><trkpt lat="44.721264" lon="-110.479412"><ele>2337.060</ele><time>2026-05-19T21:12:58Z</time></trkpt><trkpt lat="44.72127" lon="-110.47947"><ele>2336.814</ele><time>2026-05-19T21:13:05Z</time></trkpt><trkpt lat="44.721269" lon="-110.479475"><ele>2336.819</ele><time>2026-05-19T21:13:06Z</time></trkpt><trkpt lat="44.72127" lon="-110.479475"><ele>2336.854</ele><time>2026-05-19T21:13:07Z</time></trkpt><trkpt lat="44.721274" lon="-110.479482"><ele>2337.093</ele><time>2026-05-19T21:13:13Z</time></trkpt><trkpt lat="44.72129" lon="-110.479476"><ele>2336.685</ele><time>2026-05-19T21:13:20Z</time></trkpt><trkpt lat="44.721298" lon="-110.479462"><ele>2336.489</ele><time>2026-05-19T21:13:23Z</time></trkpt><trkpt lat="44.721301" lon="-110.479459"><ele>2336.417</ele><time>2026-05-19T21:13:29Z</time></trkpt><trkpt lat="44.721295" lon="-110.479454"><ele>2336.009</ele><time>2026-05-19T21:13:37Z</time></trkpt><trkpt lat="44.721296" lon="-110.479458"><ele>2336.090</ele><time>2026-05-19T21:13:38Z</time></trkpt><trkpt lat="44.721294" lon="-110.479458"><ele>2336.074</ele><time>2026-05-19T21:13:39Z</time></trkpt><trkpt lat="44.721295" lon="-110.47946"><ele>2336.033</ele><time>2026-05-19T21:13:40Z</time></trkpt><trkpt lat="44.721295" lon="-110.47946"><ele>2335.819</ele><time>2026-05-19T21:13:46Z</time></trkpt><trkpt lat="44.72129" lon="-110.47946"><ele>2335.830</ele><time>2026-05-19T21:13:50Z</time></trkpt><trkpt lat="44.721277" lon="-110.479452"><ele>2336.064</ele><time>2026-05-19T21:13:55Z</time></trkpt><trkpt lat="44.721249" lon="-110.479447"><ele>2335.659</ele><time>2026-05-19T21:14:03Z</time></trkpt><trkpt lat="44.721251" lon="-110.47945"><ele>2335.814</ele><time>2026-05-19T21:14:05Z</time></trkpt><trkpt lat="44.721257" lon="-110.479453"><ele>2336.023</ele><time>2026-05-19T21:14:07Z</time></trkpt><trkpt lat="44.721267" lon="-110.479464"><ele>2336.017</ele><time>2026-05-19T21:14:09Z</time></trkpt><trkpt lat="44.721279" lon="-110.479477"><ele>2336.287</ele><time>2026-05-19T21:14:17Z</time></trkpt><trkpt lat="44.721284" lon="-110.479475"><ele>2336.215</ele><time>2026-05-19T21:14:28Z</time></trkpt><trkpt lat="44.721283" lon="-110.479477"><ele>2336.209</ele><time>2026-05-19T21:14:31Z</time></trkpt><trkpt lat="44.721283" lon="-110.479477"><ele>2336.283</ele><time>2026-05-19T21:14:32Z</time></trkpt><trkpt lat="44.721283" lon="-110.479477"><ele>2336.037</ele><time>2026-05-19T21:14:35Z</time></trkpt><trkpt lat="44.721284" lon="-110.47947"><ele>2335.676</ele><time>2026-05-19T21:14:40Z</time></trkpt><trkpt lat="44.721279" lon="-110.479439"><ele>2335.422</ele><time>2026-05-19T21:14:46Z</time></trkpt><trkpt lat="44.721276" lon="-110.479431"><ele>2335.473</ele><time>2026-05-19T21:14:47Z</time></trkpt><trkpt lat="44.721258" lon="-110.479417"><ele>2335.047</ele><time>2026-05-19T21:14:56Z</time></trkpt><trkpt lat="44.721254" lon="-110.479424"><ele>2334.892</ele><time>2026-05-19T21:15:07Z</time></trkpt><trkpt lat="44.721249" lon="-110.479424"><ele>2334.647</ele><time>2026-05-19T21:15:10Z</time></trkpt><trkpt lat="44.721262" lon="-110.479422"><ele>2334.856</ele><time>2026-05-19T21:15:22Z</time></trkpt><trkpt lat="44.721255" lon="-110.479421"><ele>2334.481</ele><time>2026-05-19T21:15:35Z</time></trkpt><trkpt lat="44.721261" lon="-110.479422"><ele>2334.461</ele><time>2026-05-19T21:15:39Z</time></trkpt><trkpt lat="44.721254" lon="-110.479413"><ele>2334.217</ele><time>2026-05-19T21:15:53Z</time></trkpt><trkpt lat="44.721247" lon="-110.479406"><ele>2334.009</ele><time>2026-05-19T21:16:04Z</time></trkpt><trkpt lat="44.72125" lon="-110.479402"><ele>2333.850</ele><time>2026-05-19T21:16:10Z</time></trkpt><trkpt lat="44.721252" lon="-110.479419"><ele>2333.664</ele><time>2026-05-19T21:16:22Z</time></trkpt><trkpt lat="44.721253" lon="-110.47943"><ele>2333.423</ele><time>2026-05-19T21:16:39Z</time></trkpt><trkpt lat="44.721252" lon="-110.479434"><ele>2333.629</ele><time>2026-05-19T21:16:43Z</time></trkpt><trkpt lat="44.721247" lon="-110.479444"><ele>2334.070</ele><time>2026-05-19T21:16:52Z</time></trkpt><trkpt lat="44.721251" lon="-110.479459"><ele>2333.614</ele><time>2026-05-19T21:17:00Z</time></trkpt><trkpt lat="44.721261" lon="-110.479474"><ele>2333.699</ele><time>2026-05-19T21:17:06Z</time></trkpt><trkpt lat="44.721261" lon="-110.479474"><ele>2333.884</ele><time>2026-05-19T21:17:07Z</time></trkpt><trkpt lat="44.721261" lon="-110.479474"><ele>2333.883</ele><time>2026-05-19T21:17:19Z</time></trkpt><trkpt lat="44.721261" lon="-110.479474"><ele>2333.496</ele><time>2026-05-19T21:17:22Z</time></trkpt><trkpt lat="44.72127" lon="-110.479471"><ele>2333.031</ele><time>2026-05-19T21:17:34Z</time></trkpt><trkpt lat="44.72128" lon="-110.479415"><ele>2333.024</ele><time>2026-05-19T21:17:42Z</time></trkpt><trkpt lat="44.721268" lon="-110.479407"><ele>2332.809</ele><time>2026-05-19T21:17:49Z</time></trkpt><trkpt lat="44.721268" lon="-110.479407"><ele>2332.841</ele><time>2026-05-19T21:17:50Z</time></trkpt><trkpt lat="44.721268" lon="-110.479405"><ele>2332.695</ele><time>2026-05-19T21:17:56Z</time></trkpt><trkpt lat="44.721264" lon="-110.479411"><ele>2332.834</ele><time>2026-05-19T21:17:59Z</time></trkpt><trkpt lat="44.721265" lon="-110.479409"><ele>2332.640</ele><time>2026-05-19T21:18:04Z</time></trkpt><trkpt lat="44.721261" lon="-110.479433"><ele>2332.651</ele><time>2026-05-19T21:18:18Z</time></trkpt><trkpt lat="44.721241" lon="-110.479383"><ele>2332.685</ele><time>2026-05-19T21:18:27Z</time></trkpt><trkpt lat="44.721246" lon="-110.479412"><ele>2332.440</ele><time>2026-05-19T21:18:33Z</time></trkpt><trkpt lat="44.721252" lon="-110.479422"><ele>2332.425</ele><time>2026-05-19T21:18:41Z</time></trkpt><trkpt lat="44.721257" lon="-110.479422"><ele>2332.264</ele><time>2026-05-19T21:18:47Z</time></trkpt><trkpt lat="44.721253" lon="-110.479416"><ele>2332.257</ele><time>2026-05-19T21:18:51Z</time></trkpt><trkpt lat="44.721228" lon="-110.479395"><ele>2331.800</ele><time>2026-05-19T21:18:59Z</time></trkpt><trkpt lat="44.721227" lon="-110.479399"><ele>2332.020</ele><time>2026-05-19T21:19:06Z</time></trkpt><trkpt lat="44.721229" lon="-110.479398"><ele>2331.809</ele><time>2026-05-19T21:19:09Z</time></trkpt><trkpt lat="44.721213" lon="-110.4794"><ele>2332.087</ele><time>2026-05-19T21:19:18Z</time></trkpt><trkpt lat="44.721194" lon="-110.479393"><ele>2331.471</ele><time>2026-05-19T21:19:26Z</time></trkpt><trkpt lat="44.721189" lon="-110.479393"><ele>2331.080</ele><time>2026-05-19T21:19:27Z</time></trkpt><trkpt lat="44.721175" lon="-110.479386"><ele>2329.826</ele><time>2026-05-19T21:19:31Z</time></trkpt><trkpt lat="44.721152" lon="-110.479365"><ele>2328.857</ele><time>2026-05-19T21:19:36Z</time></trkpt><trkpt lat="44.721146" lon="-110.47936"><ele>2328.641</ele><time>2026-05-19T21:19:37Z</time></trkpt><trkpt lat="44.721053" lon="-110.479336"><ele>2328.086</ele><time>2026-05-19T21:19:48Z</time></trkpt><trkpt lat="44.720966" lon="-110.479281"><ele>2328.211</ele><time>2026-05-19T21:20:00Z</time></trkpt><trkpt lat="44.72096" lon="-110.479267"><ele>2328.440</ele><time>2026-05-19T21:20:02Z</time></trkpt><trkpt lat="44.720965" lon="-110.479216"><ele>2328.246</ele><time>2026-05-19T21:20:11Z</time></trkpt><trkpt lat="44.720965" lon="-110.479194"><ele>2328.488</ele><time>2026-05-19T21:20:15Z</time></trkpt><trkpt lat="44.720965" lon="-110.479192"><ele>2328.416</ele><time>2026-05-19T21:20:16Z</time></trkpt><trkpt lat="44.720966" lon="-110.479188"><ele>2328.409</ele><time>2026-05-19T21:20:17Z</time></trkpt><trkpt lat="44.720967" lon="-110.479185"><ele>2328.656</ele><time>2026-05-19T21:20:18Z</time></trkpt><trkpt lat="44.720969" lon="-110.479179"><ele>2328.650</ele><time>2026-05-19T21:20:19Z</time></trkpt><trkpt lat="44.720973" lon="-110.479157"><ele>2328.859</ele><time>2026-05-19T21:20:22Z</time></trkpt><trkpt lat="44.720972" lon="-110.47912"><ele>2329.235</ele><time>2026-05-19T21:20:27Z</time></trkpt><trkpt lat="44.720967" lon="-110.479112"><ele>2329.216</ele><time>2026-05-19T21:20:29Z</time></trkpt><trkpt lat="44.720966" lon="-110.479109"><ele>2329.230</ele><time>2026-05-19T21:20:30Z</time></trkpt><trkpt lat="44.72096" lon="-110.479103"><ele>2329.415</ele><time>2026-05-19T21:20:32Z</time></trkpt><trkpt lat="44.720955" lon="-110.479085"><ele>2329.620</ele><time>2026-05-19T21:20:35Z</time></trkpt><trkpt lat="44.720954" lon="-110.479074"><ele>2329.649</ele><time>2026-05-19T21:20:36Z</time></trkpt><trkpt lat="44.720956" lon="-110.479025"><ele>2329.811</ele><time>2026-05-19T21:20:41Z</time></trkpt><trkpt lat="44.72095" lon="-110.478975"><ele>2330.021</ele><time>2026-05-19T21:20:46Z</time></trkpt><trkpt lat="44.720933" lon="-110.478892"><ele>2330.603</ele><time>2026-05-19T21:20:55Z</time></trkpt><trkpt lat="44.720934" lon="-110.47885"><ele>2330.609</ele><time>2026-05-19T21:21:04Z</time></trkpt><trkpt lat="44.720947" lon="-110.478803"><ele>2331.083</ele><time>2026-05-19T21:21:12Z</time></trkpt><trkpt lat="44.720948" lon="-110.478799"><ele>2331.027</ele><time>2026-05-19T21:21:13Z</time></trkpt><trkpt lat="44.720943" lon="-110.478716"><ele>2331.266</ele><time>2026-05-19T21:21:21Z</time></trkpt><trkpt lat="44.720909" lon="-110.478673"><ele>2332.032</ele><time>2026-05-19T21:21:29Z</time></trkpt><trkpt lat="44.720889" lon="-110.478656"><ele>2332.483</ele><time>2026-05-19T21:21:33Z</time></trkpt><trkpt lat="44.720874" lon="-110.478642"><ele>2332.667</ele><time>2026-05-19T21:21:35Z</time></trkpt><trkpt lat="44.720865" lon="-110.478608"><ele>2333.062</ele><time>2026-05-19T21:21:38Z</time></trkpt><trkpt lat="44.720861" lon="-110.478572"><ele>2333.837</ele><time>2026-05-19T21:21:42Z</time></trkpt><trkpt lat="44.720865" lon="-110.478526"><ele>2334.046</ele><time>2026-05-19T21:21:46Z</time></trkpt><trkpt lat="44.720866" lon="-110.478513"><ele>2334.051</ele><time>2026-05-19T21:21:47Z</time></trkpt><trkpt lat="44.720869" lon="-110.478502"><ele>2334.201</ele><time>2026-05-19T21:21:48Z</time></trkpt><trkpt lat="44.720882" lon="-110.4784"><ele>2334.011</ele><time>2026-05-19T21:21:55Z</time></trkpt><trkpt lat="44.720875" lon="-110.478271"><ele>2334.009</ele><time>2026-05-19T21:22:04Z</time></trkpt><trkpt lat="44.720837" lon="-110.478154"><ele>2334.487</ele><time>2026-05-19T21:22:14Z</time></trkpt><trkpt lat="44.720798" lon="-110.478068"><ele>2335.251</ele><time>2026-05-19T21:22:21Z</time></trkpt><trkpt lat="44.72079" lon="-110.478049"><ele>2335.430</ele><time>2026-05-19T21:22:23Z</time></trkpt><trkpt lat="44.720745" lon="-110.477991"><ele>2335.636</ele><time>2026-05-19T21:22:29Z</time></trkpt><trkpt lat="44.720686" lon="-110.477917"><ele>2335.827</ele><time>2026-05-19T21:22:37Z</time></trkpt><trkpt lat="44.720646" lon="-110.477899"><ele>2336.271</ele><time>2026-05-19T21:22:41Z</time></trkpt><trkpt lat="44.720619" lon="-110.477863"><ele>2336.656</ele><time>2026-05-19T21:22:46Z</time></trkpt><trkpt lat="44.720586" lon="-110.47774"><ele>2336.491</ele><time>2026-05-19T21:22:54Z</time></trkpt><trkpt lat="44.720551" lon="-110.477605"><ele>2336.850</ele><time>2026-05-19T21:23:05Z</time></trkpt><trkpt lat="44.72052" lon="-110.477502"><ele>2337.247</ele><time>2026-05-19T21:23:14Z</time></trkpt><trkpt lat="44.720505" lon="-110.477441"><ele>2337.229</ele><time>2026-05-19T21:23:19Z</time></trkpt><trkpt lat="44.720493" lon="-110.477375"><ele>2337.821</ele><time>2026-05-19T21:23:24Z</time></trkpt><trkpt lat="44.720471" lon="-110.477273"><ele>2338.209</ele><time>2026-05-19T21:23:33Z</time></trkpt><trkpt lat="44.720463" lon="-110.477228"><ele>2338.616</ele><time>2026-05-19T21:23:38Z</time></trkpt><trkpt lat="44.720458" lon="-110.477205"><ele>2338.890</ele><time>2026-05-19T21:23:40Z</time></trkpt><trkpt lat="44.720435" lon="-110.477156"><ele>2339.429</ele><time>2026-05-19T21:23:45Z</time></trkpt><trkpt lat="44.720419" lon="-110.477139"><ele>2339.685</ele><time>2026-05-19T21:23:48Z</time></trkpt><trkpt lat="44.720364" lon="-110.477109"><ele>2339.856</ele><time>2026-05-19T21:23:54Z</time></trkpt><trkpt lat="44.720292" lon="-110.47707"><ele>2339.810</ele><time>2026-05-19T21:24:04Z</time></trkpt><trkpt lat="44.720282" lon="-110.477063"><ele>2340.285</ele><time>2026-05-19T21:24:06Z</time></trkpt><trkpt lat="44.720269" lon="-110.477052"><ele>2340.480</ele><time>2026-05-19T21:24:08Z</time></trkpt><trkpt lat="44.720225" lon="-110.477027"><ele>2340.819</ele><time>2026-05-19T21:24:15Z</time></trkpt><trkpt lat="44.72019" lon="-110.477023"><ele>2341.452</ele><time>2026-05-19T21:24:21Z</time></trkpt><trkpt lat="44.720174" lon="-110.477016"><ele>2341.653</ele><time>2026-05-19T21:24:24Z</time></trkpt><trkpt lat="44.720118" lon="-110.477013"><ele>2342.408</ele><time>2026-05-19T21:24:33Z</time></trkpt><trkpt lat="44.720114" lon="-110.477013"><ele>2342.609</ele><time>2026-05-19T21:24:34Z</time></trkpt><trkpt lat="44.720046" lon="-110.47701"><ele>2343.267</ele><time>2026-05-19T21:24:42Z</time></trkpt><trkpt lat="44.719938" lon="-110.477005"><ele>2342.041</ele><time>2026-05-19T21:24:53Z</time></trkpt><trkpt lat="44.719899" lon="-110.477009"><ele>2341.210</ele><time>2026-05-19T21:24:57Z</time></trkpt><trkpt lat="44.719844" lon="-110.47704"><ele>2340.256</ele><time>2026-05-19T21:25:02Z</time></trkpt><trkpt lat="44.719837" lon="-110.477043"><ele>2340.037</ele><time>2026-05-19T21:25:03Z</time></trkpt><trkpt lat="44.719776" lon="-110.477118"><ele>2339.691</ele><time>2026-05-19T21:25:12Z</time></trkpt><trkpt lat="44.719726" lon="-110.477213"><ele>2339.016</ele><time>2026-05-19T21:25:20Z</time></trkpt><trkpt lat="44.719716" lon="-110.477223"><ele>2338.861</ele><time>2026-05-19T21:25:22Z</time></trkpt><trkpt lat="44.719684" lon="-110.477224"><ele>2337.890</ele><time>2026-05-19T21:25:27Z</time></trkpt><trkpt lat="44.719671" lon="-110.477208"><ele>2337.257</ele><time>2026-05-19T21:25:29Z</time></trkpt><trkpt lat="44.719664" lon="-110.477192"><ele>2336.800</ele><time>2026-05-19T21:25:30Z</time></trkpt><trkpt lat="44.719655" lon="-110.477177"><ele>2336.820</ele><time>2026-05-19T21:25:31Z</time></trkpt><trkpt lat="44.719648" lon="-110.477118"><ele>2337.009</ele><time>2026-05-19T21:25:37Z</time></trkpt><trkpt lat="44.71967" lon="-110.477021"><ele>2336.887</ele><time>2026-05-19T21:25:45Z</time></trkpt><trkpt lat="44.719684" lon="-110.476919"><ele>2336.251</ele><time>2026-05-19T21:25:53Z</time></trkpt><trkpt lat="44.719709" lon="-110.476784"><ele>2337.090</ele><time>2026-05-19T21:26:03Z</time></trkpt><trkpt lat="44.719718" lon="-110.476729"><ele>2338.096</ele><time>2026-05-19T21:26:08Z</time></trkpt><trkpt lat="44.719748" lon="-110.476661"><ele>2338.647</ele><time>2026-05-19T21:26:14Z</time></trkpt><trkpt lat="44.71978" lon="-110.476614"><ele>2339.071</ele><time>2026-05-19T21:26:21Z</time></trkpt><trkpt lat="44.719821" lon="-110.47656"><ele>2339.436</ele><time>2026-05-19T21:26:26Z</time></trkpt><trkpt lat="44.719867" lon="-110.476484"><ele>2340.051</ele><time>2026-05-19T21:26:33Z</time></trkpt><trkpt lat="44.719874" lon="-110.47647"><ele>2340.260</ele><time>2026-05-19T21:26:34Z</time></trkpt><trkpt lat="44.719903" lon="-110.476395"><ele>2341.265</ele><time>2026-05-19T21:26:41Z</time></trkpt><trkpt lat="44.71991" lon="-110.476382"><ele>2341.468</ele><time>2026-05-19T21:26:43Z</time></trkpt><trkpt lat="44.719928" lon="-110.476365"><ele>2341.614</ele><time>2026-05-19T21:26:47Z</time></trkpt><trkpt lat="44.719954" lon="-110.476345"><ele>2342.209</ele><time>2026-05-19T21:26:52Z</time></trkpt><trkpt lat="44.719962" lon="-110.476339"><ele>2342.488</ele><time>2026-05-19T21:26:53Z</time></trkpt><trkpt lat="44.720027" lon="-110.476297"><ele>2343.232</ele><time>2026-05-19T21:27:01Z</time></trkpt><trkpt lat="44.720039" lon="-110.47629"><ele>2343.411</ele><time>2026-05-19T21:27:02Z</time></trkpt><trkpt lat="44.72009" lon="-110.47627"><ele>2344.037</ele><time>2026-05-19T21:27:08Z</time></trkpt><trkpt lat="44.720105" lon="-110.476263"><ele>2344.228</ele><time>2026-05-19T21:27:10Z</time></trkpt><trkpt lat="44.720114" lon="-110.476256"><ele>2344.292</ele><time>2026-05-19T21:27:11Z</time></trkpt><trkpt lat="44.720171" lon="-110.476195"><ele>2345.257</ele><time>2026-05-19T21:27:20Z</time></trkpt><trkpt lat="44.720178" lon="-110.476181"><ele>2345.442</ele><time>2026-05-19T21:27:21Z</time></trkpt><trkpt lat="44.720185" lon="-110.476141"><ele>2346.051</ele><time>2026-05-19T21:27:24Z</time></trkpt><trkpt lat="44.720196" lon="-110.476121"><ele>2346.631</ele><time>2026-05-19T21:27:27Z</time></trkpt><trkpt lat="44.720206" lon="-110.476102"><ele>2347.061</ele><time>2026-05-19T21:27:29Z</time></trkpt><trkpt lat="44.720216" lon="-110.476077"><ele>2347.607</ele><time>2026-05-19T21:27:32Z</time></trkpt><trkpt lat="44.720258" lon="-110.47606"><ele>2348.209</ele><time>2026-05-19T21:27:38Z</time></trkpt><trkpt lat="44.720266" lon="-110.47606"><ele>2348.275</ele><time>2026-05-19T21:27:39Z</time></trkpt><trkpt lat="44.720284" lon="-110.476067"><ele>2348.649</ele><time>2026-05-19T21:27:43Z</time></trkpt><trkpt lat="44.7203" lon="-110.476073"><ele>2349.098</ele><time>2026-05-19T21:27:47Z</time></trkpt><trkpt lat="44.720338" lon="-110.476063"><ele>2349.854</ele><time>2026-05-19T21:27:52Z</time></trkpt><trkpt lat="44.720377" lon="-110.476052"><ele>2350.685</ele><time>2026-05-19T21:27:58Z</time></trkpt><trkpt lat="44.720398" lon="-110.476055"><ele>2350.829</ele><time>2026-05-19T21:28:01Z</time></trkpt><trkpt lat="44.720439" lon="-110.47605"><ele>2352.074</ele><time>2026-05-19T21:28:08Z</time></trkpt><trkpt lat="44.720462" lon="-110.476044"><ele>2353.259</ele><time>2026-05-19T21:28:13Z</time></trkpt><trkpt lat="44.720501" lon="-110.476061"><ele>2354.258</ele><time>2026-05-19T21:28:17Z</time></trkpt><trkpt lat="44.720512" lon="-110.476064"><ele>2354.439</ele><time>2026-05-19T21:28:18Z</time></trkpt><trkpt lat="44.720585" lon="-110.476067"><ele>2354.601</ele><time>2026-05-19T21:28:26Z</time></trkpt><trkpt lat="44.720592" lon="-110.476066"><ele>2354.421</ele><time>2026-05-19T21:28:27Z</time></trkpt><trkpt lat="44.720595" lon="-110.476069"><ele>2354.409</ele><time>2026-05-19T21:28:33Z</time></trkpt><trkpt lat="44.720603" lon="-110.476051"><ele>2354.655</ele><time>2026-05-19T21:28:40Z</time></trkpt><trkpt lat="44.720594" lon="-110.476073"><ele>2354.649</ele><time>2026-05-19T21:28:46Z</time></trkpt><trkpt lat="44.720624" lon="-110.476061"><ele>2354.818</ele><time>2026-05-19T21:28:54Z</time></trkpt><trkpt lat="44.720624" lon="-110.476035"><ele>2355.294</ele><time>2026-05-19T21:28:57Z</time></trkpt><trkpt lat="44.720627" lon="-110.476032"><ele>2355.225</ele><time>2026-05-19T21:28:58Z</time></trkpt><trkpt lat="44.720624" lon="-110.476035"><ele>2355.249</ele><time>2026-05-19T21:29:00Z</time></trkpt><trkpt lat="44.720628" lon="-110.476028"><ele>2354.834</ele><time>2026-05-19T21:29:09Z</time></trkpt><trkpt lat="44.720628" lon="-110.476028"><ele>2354.839</ele><time>2026-05-19T21:29:16Z</time></trkpt><trkpt lat="44.720628" lon="-110.476028"><ele>2354.858</ele><time>2026-05-19T21:29:20Z</time></trkpt><trkpt lat="44.720628" lon="-110.476028"><ele>2354.896</ele><time>2026-05-19T21:29:24Z</time></trkpt><trkpt lat="44.720622" lon="-110.476023"><ele>2354.831</ele><time>2026-05-19T21:29:26Z</time></trkpt><trkpt lat="44.720619" lon="-110.476013"><ele>2355.024</ele><time>2026-05-19T21:29:28Z</time></trkpt><trkpt lat="44.720616" lon="-110.476022"><ele>2355.009</ele><time>2026-05-19T21:29:32Z</time></trkpt><trkpt lat="44.720628" lon="-110.476028"><ele>2355.071</ele><time>2026-05-19T21:29:43Z</time></trkpt><trkpt lat="44.720628" lon="-110.476028"><ele>2354.895</ele><time>2026-05-19T21:29:44Z</time></trkpt><trkpt lat="44.720615" lon="-110.476032"><ele>2354.694</ele><time>2026-05-19T21:29:48Z</time></trkpt><trkpt lat="44.720615" lon="-110.476032"><ele>2354.860</ele><time>2026-05-19T21:29:51Z</time></trkpt><trkpt lat="44.720617" lon="-110.476041"><ele>2355.081</ele><time>2026-05-19T21:30:01Z</time></trkpt><trkpt lat="44.720611" lon="-110.476061"><ele>2354.455</ele><time>2026-05-19T21:30:09Z</time></trkpt><trkpt lat="44.720618" lon="-110.476059"><ele>2354.280</ele><time>2026-05-19T21:30:17Z</time></trkpt><trkpt lat="44.72061" lon="-110.47606"><ele>2354.045</ele><time>2026-05-19T21:30:24Z</time></trkpt><trkpt lat="44.720611" lon="-110.47604"><ele>2354.644</ele><time>2026-05-19T21:30:29Z</time></trkpt><trkpt lat="44.720622" lon="-110.476063"><ele>2354.047</ele><time>2026-05-19T21:30:37Z</time></trkpt><trkpt lat="44.720629" lon="-110.476073"><ele>2354.229</ele><time>2026-05-19T21:30:40Z</time></trkpt><trkpt lat="44.720628" lon="-110.476073"><ele>2354.421</ele><time>2026-05-19T21:30:54Z</time></trkpt><trkpt lat="44.720622" lon="-110.476056"><ele>2354.809</ele><time>2026-05-19T21:31:06Z</time></trkpt><trkpt lat="44.720613" lon="-110.476032"><ele>2354.496</ele><time>2026-05-19T21:31:17Z</time></trkpt><trkpt lat="44.720598" lon="-110.476016"><ele>2354.610</ele><time>2026-05-19T21:31:22Z</time></trkpt><trkpt lat="44.720605" lon="-110.476029"><ele>2354.649</ele><time>2026-05-19T21:31:25Z</time></trkpt><trkpt lat="44.7206" lon="-110.476038"><ele>2354.885</ele><time>2026-05-19T21:31:37Z</time></trkpt><trkpt lat="44.720606" lon="-110.476044"><ele>2354.886</ele><time>2026-05-19T21:31:47Z</time></trkpt><trkpt lat="44.720606" lon="-110.476044"><ele>2354.850</ele><time>2026-05-19T21:31:49Z</time></trkpt><trkpt lat="44.720606" lon="-110.476044"><ele>2355.045</ele><time>2026-05-19T21:31:51Z</time></trkpt><trkpt lat="44.720606" lon="-110.476044"><ele>2355.020</ele><time>2026-05-19T21:31:54Z</time></trkpt><trkpt lat="44.720608" lon="-110.476045"><ele>2355.089</ele><time>2026-05-19T21:32:07Z</time></trkpt><trkpt lat="44.720607" lon="-110.476057"><ele>2355.083</ele><time>2026-05-19T21:32:17Z</time></trkpt><trkpt lat="44.720599" lon="-110.476039"><ele>2354.825</ele><time>2026-05-19T21:32:28Z</time></trkpt><trkpt lat="44.720602" lon="-110.47604"><ele>2354.817</ele><time>2026-05-19T21:32:30Z</time></trkpt><trkpt lat="44.720604" lon="-110.476035"><ele>2355.209</ele><time>2026-05-19T21:32:39Z</time></trkpt><trkpt lat="44.720607" lon="-110.476031"><ele>2355.050</ele><time>2026-05-19T21:32:43Z</time></trkpt><trkpt lat="44.720598" lon="-110.476032"><ele>2354.614</ele><time>2026-05-19T21:32:52Z</time></trkpt><trkpt lat="44.720598" lon="-110.476038"><ele>2354.633</ele><time>2026-05-19T21:32:56Z</time></trkpt><trkpt lat="44.720601" lon="-110.476039"><ele>2354.659</ele><time>2026-05-19T21:33:01Z</time></trkpt><trkpt lat="44.7206" lon="-110.476037"><ele>2355.090</ele><time>2026-05-19T21:33:08Z</time></trkpt><trkpt lat="44.720604" lon="-110.476036"><ele>2355.234</ele><time>2026-05-19T21:33:11Z</time></trkpt><trkpt lat="44.720602" lon="-110.476036"><ele>2355.289</ele><time>2026-05-19T21:33:19Z</time></trkpt><trkpt lat="44.720616" lon="-110.475994"><ele>2355.414</ele><time>2026-05-19T21:33:24Z</time></trkpt><trkpt lat="44.720598" lon="-110.475982"><ele>2355.893</ele><time>2026-05-19T21:33:27Z</time></trkpt><trkpt lat="44.720577" lon="-110.475944"><ele>2356.073</ele><time>2026-05-19T21:33:34Z</time></trkpt><trkpt lat="44.720565" lon="-110.475898"><ele>2356.485</ele><time>2026-05-19T21:33:40Z</time></trkpt><trkpt lat="44.72055" lon="-110.475863"><ele>2357.013</ele><time>2026-05-19T21:33:45Z</time></trkpt><trkpt lat="44.720531" lon="-110.475822"><ele>2357.209</ele><time>2026-05-19T21:33:49Z</time></trkpt><trkpt lat="44.720529" lon="-110.475808"><ele>2357.629</ele><time>2026-05-19T21:33:51Z</time></trkpt><trkpt lat="44.720529" lon="-110.475795"><ele>2358.013</ele><time>2026-05-19T21:33:53Z</time></trkpt><trkpt lat="44.720531" lon="-110.47579"><ele>2358.252</ele><time>2026-05-19T21:33:54Z</time></trkpt><trkpt lat="44.720531" lon="-110.475779"><ele>2358.438</ele><time>2026-05-19T21:33:56Z</time></trkpt><trkpt lat="44.720533" lon="-110.475764"><ele>2358.679</ele><time>2026-05-19T21:33:58Z</time></trkpt><trkpt lat="44.720542" lon="-110.475746"><ele>2359.033</ele><time>2026-05-19T21:34:01Z</time></trkpt><trkpt lat="44.720553" lon="-110.475734"><ele>2359.488</ele><time>2026-05-19T21:34:04Z</time></trkpt><trkpt lat="44.720555" lon="-110.475714"><ele>2359.813</ele><time>2026-05-19T21:34:07Z</time></trkpt><trkpt lat="44.720542" lon="-110.475688"><ele>2360.012</ele><time>2026-05-19T21:34:11Z</time></trkpt><trkpt lat="44.7205" lon="-110.475647"><ele>2360.247</ele><time>2026-05-19T21:34:17Z</time></trkpt><trkpt lat="44.720472" lon="-110.475617"><ele>2360.829</ele><time>2026-05-19T21:34:25Z</time></trkpt><trkpt lat="44.720462" lon="-110.47561"><ele>2361.021</ele><time>2026-05-19T21:34:28Z</time></trkpt><trkpt lat="44.72043" lon="-110.475604"><ele>2361.809</ele><time>2026-05-19T21:34:37Z</time></trkpt><trkpt lat="44.720424" lon="-110.475586"><ele>2362.096</ele><time>2026-05-19T21:34:40Z</time></trkpt><trkpt lat="44.720421" lon="-110.475562"><ele>2362.280</ele><time>2026-05-19T21:34:44Z</time></trkpt><trkpt lat="44.720412" lon="-110.47552"><ele>2362.849</ele><time>2026-05-19T21:34:51Z</time></trkpt><trkpt lat="44.720411" lon="-110.475516"><ele>2363.015</ele><time>2026-05-19T21:34:52Z</time></trkpt><trkpt lat="44.720418" lon="-110.475511"><ele>2363.266</ele><time>2026-05-19T21:34:54Z</time></trkpt><trkpt lat="44.720428" lon="-110.475483"><ele>2363.850</ele><time>2026-05-19T21:34:59Z</time></trkpt><trkpt lat="44.72043" lon="-110.475477"><ele>2364.065</ele><time>2026-05-19T21:35:00Z</time></trkpt><trkpt lat="44.720433" lon="-110.475458"><ele>2364.670</ele><time>2026-05-19T21:35:04Z</time></trkpt><trkpt lat="44.720437" lon="-110.475432"><ele>2365.059</ele><time>2026-05-19T21:35:08Z</time></trkpt><trkpt lat="44.720469" lon="-110.475342"><ele>2365.696</ele><time>2026-05-19T21:35:18Z</time></trkpt><trkpt lat="44.720505" lon="-110.475299"><ele>2366.031</ele><time>2026-05-19T21:35:26Z</time></trkpt><trkpt lat="44.720518" lon="-110.47529"><ele>2366.424</ele><time>2026-05-19T21:35:28Z</time></trkpt><trkpt lat="44.720524" lon="-110.475285"><ele>2366.409</ele><time>2026-05-19T21:35:29Z</time></trkpt><trkpt lat="44.720528" lon="-110.475278"><ele>2366.631</ele><time>2026-05-19T21:35:30Z</time></trkpt><trkpt lat="44.720533" lon="-110.47527"><ele>2366.865</ele><time>2026-05-19T21:35:31Z</time></trkpt><trkpt lat="44.720544" lon="-110.475242"><ele>2367.244</ele><time>2026-05-19T21:35:34Z</time></trkpt><trkpt lat="44.720554" lon="-110.475195"><ele>2367.870</ele><time>2026-05-19T21:35:39Z</time></trkpt><trkpt lat="44.720562" lon="-110.475171"><ele>2368.271</ele><time>2026-05-19T21:35:42Z</time></trkpt><trkpt lat="44.720573" lon="-110.475137"><ele>2368.865</ele><time>2026-05-19T21:35:46Z</time></trkpt><trkpt lat="44.720583" lon="-110.475128"><ele>2369.210</ele><time>2026-05-19T21:35:48Z</time></trkpt><trkpt lat="44.720587" lon="-110.475127"><ele>2369.445</ele><time>2026-05-19T21:35:49Z</time></trkpt><trkpt lat="44.720606" lon="-110.475113"><ele>2369.874</ele><time>2026-05-19T21:35:53Z</time></trkpt><trkpt lat="44.720624" lon="-110.475088"><ele>2370.019</ele><time>2026-05-19T21:35:56Z</time></trkpt><trkpt lat="44.720642" lon="-110.47504"><ele>2370.409</ele><time>2026-05-19T21:36:01Z</time></trkpt><trkpt lat="44.720655" lon="-110.475004"><ele>2371.019</ele><time>2026-05-19T21:36:06Z</time></trkpt><trkpt lat="44.720669" lon="-110.474966"><ele>2371.409</ele><time>2026-05-19T21:36:11Z</time></trkpt><trkpt lat="44.720674" lon="-110.474959"><ele>2371.493</ele><time>2026-05-19T21:36:12Z</time></trkpt><trkpt lat="44.720692" lon="-110.474945"><ele>2371.847</ele><time>2026-05-19T21:36:15Z</time></trkpt><trkpt lat="44.720712" lon="-110.474937"><ele>2372.026</ele><time>2026-05-19T21:36:18Z</time></trkpt><trkpt lat="44.720754" lon="-110.474898"><ele>2372.292</ele><time>2026-05-19T21:36:24Z</time></trkpt><trkpt lat="44.720804" lon="-110.474858"><ele>2372.433</ele><time>2026-05-19T21:36:30Z</time></trkpt><trkpt lat="44.720845" lon="-110.474832"><ele>2372.857</ele><time>2026-05-19T21:36:35Z</time></trkpt><trkpt lat="44.720862" lon="-110.474812"><ele>2373.282</ele><time>2026-05-19T21:36:39Z</time></trkpt><trkpt lat="44.720852" lon="-110.474815"><ele>2373.217</ele><time>2026-05-19T21:36:42Z</time></trkpt><trkpt lat="44.720843" lon="-110.474822"><ele>2373.086</ele><time>2026-05-19T21:36:51Z</time></trkpt><trkpt lat="44.720842" lon="-110.474814"><ele>2372.835</ele><time>2026-05-19T21:36:54Z</time></trkpt><trkpt lat="44.720846" lon="-110.474818"><ele>2372.886</ele><time>2026-05-19T21:36:59Z</time></trkpt><trkpt lat="44.720843" lon="-110.474826"><ele>2373.014</ele><time>2026-05-19T21:37:04Z</time></trkpt><trkpt lat="44.720845" lon="-110.474827"><ele>2373.209</ele><time>2026-05-19T21:37:06Z</time></trkpt><trkpt lat="44.720845" lon="-110.474832"><ele>2373.235</ele><time>2026-05-19T21:37:07Z</time></trkpt><trkpt lat="44.720849" lon="-110.474828"><ele>2373.059</ele><time>2026-05-19T21:37:14Z</time></trkpt><trkpt lat="44.720847" lon="-110.474825"><ele>2372.878</ele><time>2026-05-19T21:37:24Z</time></trkpt><trkpt lat="44.720818" lon="-110.474783"><ele>2372.854</ele><time>2026-05-19T21:37:33Z</time></trkpt><trkpt lat="44.720813" lon="-110.474776"><ele>2372.895</ele><time>2026-05-19T21:37:34Z</time></trkpt><trkpt lat="44.720791" lon="-110.474714"><ele>2373.019</ele><time>2026-05-19T21:37:43Z</time></trkpt><trkpt lat="44.720806" lon="-110.474632"><ele>2373.454</ele><time>2026-05-19T21:37:50Z</time></trkpt><trkpt lat="44.720809" lon="-110.474622"><ele>2373.439</ele><time>2026-05-19T21:37:51Z</time></trkpt><trkpt lat="44.720822" lon="-110.474566"><ele>2374.078</ele><time>2026-05-19T21:37:57Z</time></trkpt><trkpt lat="44.720822" lon="-110.474523"><ele>2374.431</ele><time>2026-05-19T21:38:03Z</time></trkpt><trkpt lat="44.720815" lon="-110.474482"><ele>2374.661</ele><time>2026-05-19T21:38:08Z</time></trkpt><trkpt lat="44.720832" lon="-110.474383"><ele>2374.807</ele><time>2026-05-19T21:38:16Z</time></trkpt><trkpt lat="44.720803" lon="-110.474302"><ele>2373.809</ele><time>2026-05-19T21:38:23Z</time></trkpt><trkpt lat="44.72081" lon="-110.474282"><ele>2373.435</ele><time>2026-05-19T21:38:25Z</time></trkpt><trkpt lat="44.720826" lon="-110.47422"><ele>2372.699</ele><time>2026-05-19T21:38:29Z</time></trkpt><trkpt lat="44.720828" lon="-110.474189"><ele>2372.278</ele><time>2026-05-19T21:38:31Z</time></trkpt><trkpt lat="44.720815" lon="-110.474162"><ele>2371.454</ele><time>2026-05-19T21:38:34Z</time></trkpt><trkpt lat="44.720806" lon="-110.474154"><ele>2371.025</ele><time>2026-05-19T21:38:35Z</time></trkpt><trkpt lat="44.720801" lon="-110.474147"><ele>2370.819</ele><time>2026-05-19T21:38:36Z</time></trkpt><trkpt lat="44.720773" lon="-110.474109"><ele>2370.014</ele><time>2026-05-19T21:38:40Z</time></trkpt><trkpt lat="44.720731" lon="-110.474079"><ele>2369.629</ele><time>2026-05-19T21:38:44Z</time></trkpt><trkpt lat="44.720668" lon="-110.474001"><ele>2369.218</ele><time>2026-05-19T21:38:53Z</time></trkpt><trkpt lat="44.720628" lon="-110.473918"><ele>2370.087</ele><time>2026-05-19T21:39:00Z</time></trkpt><trkpt lat="44.720606" lon="-110.473885"><ele>2370.642</ele><time>2026-05-19T21:39:07Z</time></trkpt><trkpt lat="44.72061" lon="-110.473877"><ele>2370.626</ele><time>2026-05-19T21:39:08Z</time></trkpt><trkpt lat="44.720632" lon="-110.473822"><ele>2370.809</ele><time>2026-05-19T21:39:14Z</time></trkpt><trkpt lat="44.720617" lon="-110.473846"><ele>2370.440</ele><time>2026-05-19T21:39:22Z</time></trkpt><trkpt lat="44.720608" lon="-110.473867"><ele>2370.644</ele><time>2026-05-19T21:39:29Z</time></trkpt><trkpt lat="44.720605" lon="-110.473883"><ele>2370.413</ele><time>2026-05-19T21:39:32Z</time></trkpt><trkpt lat="44.720604" lon="-110.473886"><ele>2370.489</ele><time>2026-05-19T21:39:42Z</time></trkpt><trkpt lat="44.720607" lon="-110.47388"><ele>2370.430</ele><time>2026-05-19T21:39:46Z</time></trkpt><trkpt lat="44.720596" lon="-110.473885"><ele>2370.464</ele><time>2026-05-19T21:39:53Z</time></trkpt><trkpt lat="44.720605" lon="-110.473874"><ele>2370.479</ele><time>2026-05-19T21:40:02Z</time></trkpt><trkpt lat="44.720582" lon="-110.473892"><ele>2370.424</ele><time>2026-05-19T21:40:11Z</time></trkpt><trkpt lat="44.72058" lon="-110.47389"><ele>2370.483</ele><time>2026-05-19T21:40:13Z</time></trkpt><trkpt lat="44.72058" lon="-110.47389"><ele>2370.456</ele><time>2026-05-19T21:40:14Z</time></trkpt><trkpt lat="44.720581" lon="-110.47386"><ele>2370.659</ele><time>2026-05-19T21:40:25Z</time></trkpt><trkpt lat="44.720578" lon="-110.473854"><ele>2370.814</ele><time>2026-05-19T21:40:26Z</time></trkpt><trkpt lat="44.720552" lon="-110.473789"><ele>2370.809</ele><time>2026-05-19T21:40:34Z</time></trkpt><trkpt lat="44.720551" lon="-110.473768"><ele>2370.677</ele><time>2026-05-19T21:40:38Z</time></trkpt><trkpt lat="44.720548" lon="-110.473737"><ele>2370.691</ele><time>2026-05-19T21:40:42Z</time></trkpt><trkpt lat="44.720577" lon="-110.473675"><ele>2369.430</ele><time>2026-05-19T21:40:50Z</time></trkpt><trkpt lat="44.720585" lon="-110.473659"><ele>2369.046</ele><time>2026-05-19T21:40:52Z</time></trkpt><trkpt lat="44.720622" lon="-110.473607"><ele>2368.217</ele><time>2026-05-19T21:40:58Z</time></trkpt><trkpt lat="44.720616" lon="-110.473524"><ele>2368.481</ele><time>2026-05-19T21:41:05Z</time></trkpt><trkpt lat="44.720574" lon="-110.473474"><ele>2368.026</ele><time>2026-05-19T21:41:11Z</time></trkpt><trkpt lat="44.720562" lon="-110.473466"><ele>2367.821</ele><time>2026-05-19T21:41:14Z</time></trkpt><trkpt lat="44.720522" lon="-110.473423"><ele>2367.670</ele><time>2026-05-19T21:41:21Z</time></trkpt><trkpt lat="44.720478" lon="-110.473396"><ele>2367.672</ele><time>2026-05-19T21:41:29Z</time></trkpt><trkpt lat="44.720434" lon="-110.473333"><ele>2367.213</ele><time>2026-05-19T21:41:36Z</time></trkpt><trkpt lat="44.720418" lon="-110.473308"><ele>2366.814</ele><time>2026-05-19T21:41:39Z</time></trkpt><trkpt lat="44.720394" lon="-110.473243"><ele>2366.609</ele><time>2026-05-19T21:41:46Z</time></trkpt><trkpt lat="44.720344" lon="-110.473155"><ele>2367.429</ele><time>2026-05-19T21:41:54Z</time></trkpt><trkpt lat="44.720336" lon="-110.473149"><ele>2367.423</ele><time>2026-05-19T21:41:55Z</time></trkpt><trkpt lat="44.720311" lon="-110.47314"><ele>2367.832</ele><time>2026-05-19T21:41:58Z</time></trkpt><trkpt lat="44.720288" lon="-110.473134"><ele>2368.288</ele><time>2026-05-19T21:42:01Z</time></trkpt><trkpt lat="44.720261" lon="-110.473131"><ele>2368.629</ele><time>2026-05-19T21:42:05Z</time></trkpt><trkpt lat="44.72024" lon="-110.473125"><ele>2369.033</ele><time>2026-05-19T21:42:08Z</time></trkpt><trkpt lat="44.720204" lon="-110.473115"><ele>2369.428</ele><time>2026-05-19T21:42:13Z</time></trkpt><trkpt lat="44.72019" lon="-110.473117"><ele>2369.613</ele><time>2026-05-19T21:42:15Z</time></trkpt><trkpt lat="44.720179" lon="-110.473119"><ele>2369.822</ele><time>2026-05-19T21:42:17Z</time></trkpt><trkpt lat="44.720173" lon="-110.473119"><ele>2370.024</ele><time>2026-05-19T21:42:18Z</time></trkpt><trkpt lat="44.72012" lon="-110.473118"><ele>2370.804</ele><time>2026-05-19T21:42:26Z</time></trkpt><trkpt lat="44.720103" lon="-110.473121"><ele>2371.214</ele><time>2026-05-19T21:42:28Z</time></trkpt><trkpt lat="44.720085" lon="-110.473109"><ele>2372.209</ele><time>2026-05-19T21:42:33Z</time></trkpt><trkpt lat="44.720081" lon="-110.473101"><ele>2372.434</ele><time>2026-05-19T21:42:34Z</time></trkpt><trkpt lat="44.720076" lon="-110.473086"><ele>2372.828</ele><time>2026-05-19T21:42:36Z</time></trkpt><trkpt lat="44.720076" lon="-110.47307"><ele>2373.277</ele><time>2026-05-19T21:42:38Z</time></trkpt><trkpt lat="44.720095" lon="-110.473004"><ele>2374.073</ele><time>2026-05-19T21:42:45Z</time></trkpt><trkpt lat="44.7201" lon="-110.472973"><ele>2374.434</ele><time>2026-05-19T21:42:48Z</time></trkpt><trkpt lat="44.720103" lon="-110.472916"><ele>2375.498</ele><time>2026-05-19T21:42:54Z</time></trkpt><trkpt lat="44.720111" lon="-110.472861"><ele>2376.683</ele><time>2026-05-19T21:43:00Z</time></trkpt><trkpt lat="44.720111" lon="-110.472848"><ele>2376.898</ele><time>2026-05-19T21:43:01Z</time></trkpt><trkpt lat="44.72012" lon="-110.472786"><ele>2377.837</ele><time>2026-05-19T21:43:07Z</time></trkpt><trkpt lat="44.720132" lon="-110.472726"><ele>2378.629</ele><time>2026-05-19T21:43:12Z</time></trkpt><trkpt lat="44.72013" lon="-110.472705"><ele>2378.800</ele><time>2026-05-19T21:43:14Z</time></trkpt><trkpt lat="44.720129" lon="-110.472636"><ele>2379.020</ele><time>2026-05-19T21:43:19Z</time></trkpt><trkpt lat="44.72014" lon="-110.472512"><ele>2378.209</ele><time>2026-05-19T21:43:28Z</time></trkpt><trkpt lat="44.720146" lon="-110.472474"><ele>2377.824</ele><time>2026-05-19T21:43:31Z</time></trkpt><trkpt lat="44.720151" lon="-110.472402"><ele>2377.298</ele><time>2026-05-19T21:43:36Z</time></trkpt><trkpt lat="44.720132" lon="-110.472256"><ele>2377.237</ele><time>2026-05-19T21:43:45Z</time></trkpt><trkpt lat="44.720085" lon="-110.472204"><ele>2378.443</ele><time>2026-05-19T21:43:52Z</time></trkpt><trkpt lat="44.720063" lon="-110.472175"><ele>2378.854</ele><time>2026-05-19T21:43:55Z</time></trkpt><trkpt lat="44.72005" lon="-110.472122"><ele>2379.058</ele><time>2026-05-19T21:44:00Z</time></trkpt><trkpt lat="44.720067" lon="-110.472023"><ele>2378.683</ele><time>2026-05-19T21:44:08Z</time></trkpt><trkpt lat="44.720033" lon="-110.471915"><ele>2377.878</ele><time>2026-05-19T21:44:16Z</time></trkpt><trkpt lat="44.720015" lon="-110.471822"><ele>2377.647</ele><time>2026-05-19T21:44:24Z</time></trkpt><trkpt lat="44.72001" lon="-110.471754"><ele>2378.674</ele><time>2026-05-19T21:44:31Z</time></trkpt><trkpt lat="44.720006" lon="-110.471734"><ele>2379.056</ele><time>2026-05-19T21:44:33Z</time></trkpt><trkpt lat="44.719999" lon="-110.471658"><ele>2379.821</ele><time>2026-05-19T21:44:40Z</time></trkpt><trkpt lat="44.720005" lon="-110.471643"><ele>2380.009</ele><time>2026-05-19T21:44:41Z</time></trkpt><trkpt lat="44.720035" lon="-110.471541"><ele>2379.839</ele><time>2026-05-19T21:44:49Z</time></trkpt><trkpt lat="44.720055" lon="-110.471482"><ele>2379.053</ele><time>2026-05-19T21:44:55Z</time></trkpt><trkpt lat="44.720069" lon="-110.47148"><ele>2378.622</ele><time>2026-05-19T21:44:57Z</time></trkpt><trkpt lat="44.720103" lon="-110.471475"><ele>2378.098</ele><time>2026-05-19T21:45:01Z</time></trkpt><trkpt lat="44.720141" lon="-110.471466"><ele>2377.249</ele><time>2026-05-19T21:45:05Z</time></trkpt><trkpt lat="44.720162" lon="-110.471465"><ele>2376.893</ele><time>2026-05-19T21:45:07Z</time></trkpt><trkpt lat="44.720253" lon="-110.471485"><ele>2376.068</ele><time>2026-05-19T21:45:15Z</time></trkpt><trkpt lat="44.720265" lon="-110.471493"><ele>2375.893</ele><time>2026-05-19T21:45:17Z</time></trkpt><trkpt lat="44.720306" lon="-110.471492"><ele>2375.612</ele><time>2026-05-19T21:45:21Z</time></trkpt><trkpt lat="44.720315" lon="-110.471475"><ele>2375.818</ele><time>2026-05-19T21:45:22Z</time></trkpt><trkpt lat="44.720321" lon="-110.47138"><ele>2376.898</ele><time>2026-05-19T21:45:28Z</time></trkpt><trkpt lat="44.72032" lon="-110.471356"><ele>2376.817</ele><time>2026-05-19T21:45:30Z</time></trkpt><trkpt lat="44.720319" lon="-110.471249"><ele>2377.009</ele><time>2026-05-19T21:45:37Z</time></trkpt><trkpt lat="44.72029" lon="-110.471158"><ele>2377.453</ele><time>2026-05-19T21:45:44Z</time></trkpt><trkpt lat="44.720293" lon="-110.471122"><ele>2377.457</ele><time>2026-05-19T21:45:47Z</time></trkpt><trkpt lat="44.720302" lon="-110.471041"><ele>2377.896</ele><time>2026-05-19T21:45:52Z</time></trkpt><trkpt lat="44.720302" lon="-110.471016"><ele>2378.262</ele><time>2026-05-19T21:45:54Z</time></trkpt><trkpt lat="44.720306" lon="-110.470953"><ele>2379.013</ele><time>2026-05-19T21:46:00Z</time></trkpt><trkpt lat="44.720301" lon="-110.470922"><ele>2379.477</ele><time>2026-05-19T21:46:03Z</time></trkpt><trkpt lat="44.72029" lon="-110.470868"><ele>2380.292</ele><time>2026-05-19T21:46:07Z</time></trkpt><trkpt lat="44.720281" lon="-110.47082"><ele>2380.437</ele><time>2026-05-19T21:46:11Z</time></trkpt><trkpt lat="44.720256" lon="-110.470747"><ele>2380.286</ele><time>2026-05-19T21:46:17Z</time></trkpt><trkpt lat="44.720249" lon="-110.470703"><ele>2380.254</ele><time>2026-05-19T21:46:20Z</time></trkpt><trkpt lat="44.720226" lon="-110.470553"><ele>2381.256</ele><time>2026-05-19T21:46:30Z</time></trkpt><trkpt lat="44.72022" lon="-110.470452"><ele>2382.411</ele><time>2026-05-19T21:46:38Z</time></trkpt><trkpt lat="44.720233" lon="-110.470377"><ele>2383.409</ele><time>2026-05-19T21:46:45Z</time></trkpt><trkpt lat="44.720246" lon="-110.470359"><ele>2383.877</ele><time>2026-05-19T21:46:47Z</time></trkpt><trkpt lat="44.720274" lon="-110.470314"><ele>2384.211</ele><time>2026-05-19T21:46:51Z</time></trkpt><trkpt lat="44.72029" lon="-110.470212"><ele>2383.420</ele><time>2026-05-19T21:46:59Z</time></trkpt><trkpt lat="44.72029" lon="-110.4702"><ele>2383.216</ele><time>2026-05-19T21:47:00Z</time></trkpt><trkpt lat="44.720318" lon="-110.470112"><ele>2382.437</ele><time>2026-05-19T21:47:06Z</time></trkpt><trkpt lat="44.720319" lon="-110.470076"><ele>2382.251</ele><time>2026-05-19T21:47:08Z</time></trkpt><trkpt lat="44.720303" lon="-110.469971"><ele>2381.866</ele><time>2026-05-19T21:47:15Z</time></trkpt><trkpt lat="44.720285" lon="-110.469871"><ele>2382.481</ele><time>2026-05-19T21:47:22Z</time></trkpt><trkpt lat="44.720262" lon="-110.469852"><ele>2382.650</ele><time>2026-05-19T21:47:24Z</time></trkpt><trkpt lat="44.72017" lon="-110.46987"><ele>2382.285</ele><time>2026-05-19T21:47:32Z</time></trkpt><trkpt lat="44.720114" lon="-110.469943"><ele>2382.089</ele><time>2026-05-19T21:47:39Z</time></trkpt><trkpt lat="44.720085" lon="-110.469972"><ele>2381.217</ele><time>2026-05-19T21:47:43Z</time></trkpt><trkpt lat="44.720063" lon="-110.470007"><ele>2380.809</ele><time>2026-05-19T21:47:46Z</time></trkpt><trkpt lat="44.720044" lon="-110.470081"><ele>2380.230</ele><time>2026-05-19T21:47:53Z</time></trkpt><trkpt lat="44.72004" lon="-110.470106"><ele>2379.864</ele><time>2026-05-19T21:47:55Z</time></trkpt><trkpt lat="44.720021" lon="-110.470185"><ele>2379.023</ele><time>2026-05-19T21:48:01Z</time></trkpt><trkpt lat="44.720014" lon="-110.470199"><ele>2378.279</ele><time>2026-05-19T21:48:04Z</time></trkpt><trkpt lat="44.720011" lon="-110.470192"><ele>2378.050</ele><time>2026-05-19T21:48:05Z</time></trkpt><trkpt lat="44.720008" lon="-110.470187"><ele>2377.664</ele><time>2026-05-19T21:48:06Z</time></trkpt><trkpt lat="44.719989" lon="-110.470153"><ele>2376.889</ele><time>2026-05-19T21:48:10Z</time></trkpt><trkpt lat="44.719982" lon="-110.470144"><ele>2376.674</ele><time>2026-05-19T21:48:11Z</time></trkpt><trkpt lat="44.719966" lon="-110.470109"><ele>2375.823</ele><time>2026-05-19T21:48:14Z</time></trkpt><trkpt lat="44.719935" lon="-110.470052"><ele>2375.012</ele><time>2026-05-19T21:48:18Z</time></trkpt><trkpt lat="44.719898" lon="-110.470015"><ele>2374.632</ele><time>2026-05-19T21:48:22Z</time></trkpt><trkpt lat="44.719847" lon="-110.470015"><ele>2374.205</ele><time>2026-05-19T21:48:27Z</time></trkpt><trkpt lat="44.719793" lon="-110.470037"><ele>2373.609</ele><time>2026-05-19T21:48:31Z</time></trkpt><trkpt lat="44.719724" lon="-110.470059"><ele>2373.813</ele><time>2026-05-19T21:48:36Z</time></trkpt><trkpt lat="44.719632" lon="-110.47003"><ele>2373.417</ele><time>2026-05-19T21:48:44Z</time></trkpt><trkpt lat="44.719538" lon="-110.469897"><ele>2373.476</ele><time>2026-05-19T21:48:53Z</time></trkpt><trkpt lat="44.719463" lon="-110.469764"><ele>2373.072</ele><time>2026-05-19T21:49:03Z</time></trkpt><trkpt lat="44.719442" lon="-110.46971"><ele>2372.623</ele><time>2026-05-19T21:49:07Z</time></trkpt><trkpt lat="44.719418" lon="-110.469627"><ele>2372.257</ele><time>2026-05-19T21:49:13Z</time></trkpt><trkpt lat="44.719433" lon="-110.469535"><ele>2371.432</ele><time>2026-05-19T21:49:19Z</time></trkpt><trkpt lat="44.719438" lon="-110.469523"><ele>2371.287</ele><time>2026-05-19T21:49:20Z</time></trkpt><trkpt lat="44.71948" lon="-110.469412"><ele>2370.466</ele><time>2026-05-19T21:49:27Z</time></trkpt><trkpt lat="44.719487" lon="-110.469296"><ele>2369.821</ele><time>2026-05-19T21:49:35Z</time></trkpt><trkpt lat="44.719468" lon="-110.469111"><ele>2369.241</ele><time>2026-05-19T21:49:45Z</time></trkpt><trkpt lat="44.719437" lon="-110.468976"><ele>2368.405</ele><time>2026-05-19T21:49:53Z</time></trkpt><trkpt lat="44.7194" lon="-110.468965"><ele>2368.609</ele><time>2026-05-19T21:49:57Z</time></trkpt><trkpt lat="44.719372" lon="-110.468986"><ele>2368.674</ele><time>2026-05-19T21:50:00Z</time></trkpt><trkpt lat="44.719288" lon="-110.469051"><ele>2368.628</ele><time>2026-05-19T21:50:08Z</time></trkpt><trkpt lat="44.7192" lon="-110.469135"><ele>2370.037</ele><time>2026-05-19T21:50:18Z</time></trkpt><trkpt lat="44.719189" lon="-110.469173"><ele>2370.243</ele><time>2026-05-19T21:50:21Z</time></trkpt><trkpt lat="44.719164" lon="-110.469231"><ele>2370.044</ele><time>2026-05-19T21:50:25Z</time></trkpt><trkpt lat="44.719159" lon="-110.469242"><ele>2370.248</ele><time>2026-05-19T21:50:26Z</time></trkpt><trkpt lat="44.719131" lon="-110.469285"><ele>2370.453</ele><time>2026-05-19T21:50:29Z</time></trkpt><trkpt lat="44.71909" lon="-110.469353"><ele>2370.488</ele><time>2026-05-19T21:50:35Z</time></trkpt><trkpt lat="44.719031" lon="-110.469468"><ele>2370.487</ele><time>2026-05-19T21:50:44Z</time></trkpt><trkpt lat="44.718982" lon="-110.469554"><ele>2370.478</ele><time>2026-05-19T21:50:52Z</time></trkpt><trkpt lat="44.718941" lon="-110.469598"><ele>2370.833</ele><time>2026-05-19T21:50:59Z</time></trkpt><trkpt lat="44.718925" lon="-110.469616"><ele>2371.026</ele><time>2026-05-19T21:51:01Z</time></trkpt><trkpt lat="44.71891" lon="-110.469628"><ele>2371.409</ele><time>2026-05-19T21:51:03Z</time></trkpt><trkpt lat="44.718872" lon="-110.469648"><ele>2372.419</ele><time>2026-05-19T21:51:09Z</time></trkpt><trkpt lat="44.718864" lon="-110.46965"><ele>2372.693</ele><time>2026-05-19T21:51:10Z</time></trkpt><trkpt lat="44.718838" lon="-110.469654"><ele>2373.282</ele><time>2026-05-19T21:51:13Z</time></trkpt><trkpt lat="44.718817" lon="-110.469651"><ele>2373.888</ele><time>2026-05-19T21:51:16Z</time></trkpt><trkpt lat="44.718809" lon="-110.469652"><ele>2373.879</ele><time>2026-05-19T21:51:17Z</time></trkpt><trkpt lat="44.718756" lon="-110.469657"><ele>2374.473</ele><time>2026-05-19T21:51:23Z</time></trkpt><trkpt lat="44.718734" lon="-110.469669"><ele>2374.858</ele><time>2026-05-19T21:51:25Z</time></trkpt><trkpt lat="44.718713" lon="-110.469685"><ele>2375.093</ele><time>2026-05-19T21:51:27Z</time></trkpt><trkpt lat="44.718674" lon="-110.469782"><ele>2375.622</ele><time>2026-05-19T21:51:35Z</time></trkpt><trkpt lat="44.718632" lon="-110.469928"><ele>2375.221</ele><time>2026-05-19T21:51:45Z</time></trkpt><trkpt lat="44.718612" lon="-110.470041"><ele>2375.441</ele><time>2026-05-19T21:51:54Z</time></trkpt><trkpt lat="44.718593" lon="-110.470077"><ele>2375.805</ele><time>2026-05-19T21:51:58Z</time></trkpt><trkpt lat="44.718587" lon="-110.470134"><ele>2376.409</ele><time>2026-05-19T21:52:04Z</time></trkpt><trkpt lat="44.718597" lon="-110.470225"><ele>2375.614</ele><time>2026-05-19T21:52:11Z</time></trkpt><trkpt lat="44.718573" lon="-110.470314"><ele>2374.818</ele><time>2026-05-19T21:52:17Z</time></trkpt><trkpt lat="44.718566" lon="-110.470337"><ele>2374.417</ele><time>2026-05-19T21:52:19Z</time></trkpt><trkpt lat="44.718549" lon="-110.470373"><ele>2373.613</ele><time>2026-05-19T21:52:22Z</time></trkpt><trkpt lat="44.718508" lon="-110.470409"><ele>2372.634</ele><time>2026-05-19T21:52:28Z</time></trkpt><trkpt lat="44.718479" lon="-110.470429"><ele>2372.288</ele><time>2026-05-19T21:52:36Z</time></trkpt><trkpt lat="44.718477" lon="-110.47045"><ele>2372.263</ele><time>2026-05-19T21:52:46Z</time></trkpt><trkpt lat="44.718475" lon="-110.470461"><ele>2372.088</ele><time>2026-05-19T21:52:48Z</time></trkpt><trkpt lat="44.718461" lon="-110.470485"><ele>2371.497</ele><time>2026-05-19T21:52:52Z</time></trkpt><trkpt lat="44.718455" lon="-110.470508"><ele>2370.884</ele><time>2026-05-19T21:52:57Z</time></trkpt><trkpt lat="44.718456" lon="-110.470539"><ele>2370.207</ele><time>2026-05-19T21:53:00Z</time></trkpt><trkpt lat="44.718449" lon="-110.470564"><ele>2369.417</ele><time>2026-05-19T21:53:04Z</time></trkpt><trkpt lat="44.718445" lon="-110.47057"><ele>2369.209</ele><time>2026-05-19T21:53:05Z</time></trkpt><trkpt lat="44.718436" lon="-110.470596"><ele>2368.430</ele><time>2026-05-19T21:53:10Z</time></trkpt><trkpt lat="44.718452" lon="-110.470574"><ele>2369.234</ele><time>2026-05-19T21:53:22Z</time></trkpt><trkpt lat="44.718447" lon="-110.470568"><ele>2369.493</ele><time>2026-05-19T21:53:32Z</time></trkpt><trkpt lat="44.718441" lon="-110.470575"><ele>2369.829</ele><time>2026-05-19T21:53:38Z</time></trkpt><trkpt lat="44.718444" lon="-110.470584"><ele>2369.490</ele><time>2026-05-19T21:53:45Z</time></trkpt><trkpt lat="44.718438" lon="-110.470591"><ele>2369.424</ele><time>2026-05-19T21:53:47Z</time></trkpt><trkpt lat="44.718425" lon="-110.470606"><ele>2369.429</ele><time>2026-05-19T21:53:51Z</time></trkpt><trkpt lat="44.718431" lon="-110.470606"><ele>2369.454</ele><time>2026-05-19T21:53:54Z</time></trkpt><trkpt lat="44.718432" lon="-110.470606"><ele>2370.063</ele><time>2026-05-19T21:54:07Z</time></trkpt><trkpt lat="44.718442" lon="-110.470597"><ele>2369.855</ele><time>2026-05-19T21:54:16Z</time></trkpt><trkpt lat="44.718445" lon="-110.470592"><ele>2369.807</ele><time>2026-05-19T21:54:17Z</time></trkpt><trkpt lat="44.718463" lon="-110.470568"><ele>2370.217</ele><time>2026-05-19T21:54:20Z</time></trkpt><trkpt lat="44.718479" lon="-110.470534"><ele>2371.209</ele><time>2026-05-19T21:54:25Z</time></trkpt><trkpt lat="44.718482" lon="-110.470525"><ele>2371.687</ele><time>2026-05-19T21:54:26Z</time></trkpt><trkpt lat="44.718492" lon="-110.470493"><ele>2372.441</ele><time>2026-05-19T21:54:29Z</time></trkpt><trkpt lat="44.718499" lon="-110.470456"><ele>2373.430</ele><time>2026-05-19T21:54:34Z</time></trkpt><trkpt lat="44.718495" lon="-110.470446"><ele>2373.626</ele><time>2026-05-19T21:54:35Z</time></trkpt><trkpt lat="44.718453" lon="-110.470411"><ele>2374.677</ele><time>2026-05-19T21:54:41Z</time></trkpt><trkpt lat="44.718433" lon="-110.470403"><ele>2374.641</ele><time>2026-05-19T21:54:43Z</time></trkpt><trkpt lat="44.718426" lon="-110.4704"><ele>2374.666</ele><time>2026-05-19T21:54:44Z</time></trkpt><trkpt lat="44.718407" lon="-110.470392"><ele>2374.491</ele><time>2026-05-19T21:54:46Z</time></trkpt><trkpt lat="44.718326" lon="-110.470351"><ele>2373.870</ele><time>2026-05-19T21:54:53Z</time></trkpt><trkpt lat="44.718231" lon="-110.470323"><ele>2373.476</ele><time>2026-05-19T21:55:01Z</time></trkpt><trkpt lat="44.718131" lon="-110.470346"><ele>2372.690</ele><time>2026-05-19T21:55:09Z</time></trkpt><trkpt lat="44.718126" lon="-110.470353"><ele>2372.419</ele><time>2026-05-19T21:55:10Z</time></trkpt><trkpt lat="44.718118" lon="-110.470367"><ele>2371.809</ele><time>2026-05-19T21:55:14Z</time></trkpt><trkpt lat="44.718109" lon="-110.470377"><ele>2371.849</ele><time>2026-05-19T21:55:16Z</time></trkpt><trkpt lat="44.718121" lon="-110.470406"><ele>2371.413</ele><time>2026-05-19T21:55:19Z</time></trkpt><trkpt lat="44.718131" lon="-110.470414"><ele>2371.412</ele><time>2026-05-19T21:55:20Z</time></trkpt><trkpt lat="44.718147" lon="-110.470422"><ele>2371.498</ele><time>2026-05-19T21:55:22Z</time></trkpt><trkpt lat="44.718146" lon="-110.470443"><ele>2371.869</ele><time>2026-05-19T21:55:29Z</time></trkpt><trkpt lat="44.718153" lon="-110.470457"><ele>2371.623</ele><time>2026-05-19T21:55:35Z</time></trkpt><trkpt lat="44.71816" lon="-110.470466"><ele>2371.448</ele><time>2026-05-19T21:55:43Z</time></trkpt><trkpt lat="44.718175" lon="-110.470459"><ele>2371.473</ele><time>2026-05-19T21:55:50Z</time></trkpt><trkpt lat="44.718187" lon="-110.47046"><ele>2371.242</ele><time>2026-05-19T21:56:00Z</time></trkpt><trkpt lat="44.71819" lon="-110.470447"><ele>2371.283</ele><time>2026-05-19T21:56:09Z</time></trkpt><trkpt lat="44.71819" lon="-110.470447"><ele>2371.425</ele><time>2026-05-19T21:56:13Z</time></trkpt><trkpt lat="44.718191" lon="-110.470448"><ele>2371.617</ele><time>2026-05-19T21:56:21Z</time></trkpt><trkpt lat="44.718169" lon="-110.470437"><ele>2371.809</ele><time>2026-05-19T21:56:31Z</time></trkpt><trkpt lat="44.718185" lon="-110.470443"><ele>2372.070</ele><time>2026-05-19T21:56:42Z</time></trkpt><trkpt lat="44.718186" lon="-110.470439"><ele>2371.874</ele><time>2026-05-19T21:56:52Z</time></trkpt><trkpt lat="44.718188" lon="-110.470434"><ele>2371.813</ele><time>2026-05-19T21:57:01Z</time></trkpt><trkpt lat="44.718173" lon="-110.470431"><ele>2371.859</ele><time>2026-05-19T21:57:07Z</time></trkpt><trkpt lat="44.718175" lon="-110.470438"><ele>2371.650</ele><time>2026-05-19T21:57:10Z</time></trkpt><trkpt lat="44.718174" lon="-110.470443"><ele>2371.684</ele><time>2026-05-19T21:57:12Z</time></trkpt><trkpt lat="44.718155" lon="-110.470375"><ele>2377.429</ele><time>2026-05-19T22:14:22Z</time></trkpt><trkpt lat="44.718154" lon="-110.470376"><ele>2377.474</ele><time>2026-05-19T22:14:23Z</time></trkpt><trkpt lat="44.718149" lon="-110.47036"><ele>2377.893</ele><time>2026-05-19T22:14:27Z</time></trkpt><trkpt lat="44.718084" lon="-110.470336"><ele>2377.434</ele><time>2026-05-19T22:14:35Z</time></trkpt><trkpt lat="44.718064" lon="-110.470335"><ele>2377.055</ele><time>2026-05-19T22:14:37Z</time></trkpt><trkpt lat="44.717994" lon="-110.470318"><ele>2376.210</ele><time>2026-05-19T22:14:43Z</time></trkpt><trkpt lat="44.717982" lon="-110.470319"><ele>2376.209</ele><time>2026-05-19T22:14:44Z</time></trkpt><trkpt lat="44.717901" lon="-110.470333"><ele>2376.465</ele><time>2026-05-19T22:14:52Z</time></trkpt><trkpt lat="44.717809" lon="-110.470359"><ele>2377.449</ele><time>2026-05-19T22:15:03Z</time></trkpt><trkpt lat="44.717731" lon="-110.470384"><ele>2378.088</ele><time>2026-05-19T22:15:12Z</time></trkpt><trkpt lat="44.717701" lon="-110.470408"><ele>2378.294</ele><time>2026-05-19T22:15:16Z</time></trkpt><trkpt lat="44.717703" lon="-110.470422"><ele>2378.085</ele><time>2026-05-19T22:15:18Z</time></trkpt><trkpt lat="44.717704" lon="-110.470435"><ele>2377.859</ele><time>2026-05-19T22:15:20Z</time></trkpt><trkpt lat="44.717704" lon="-110.470509"><ele>2376.464</ele><time>2026-05-19T22:15:27Z</time></trkpt><trkpt lat="44.717703" lon="-110.470514"><ele>2376.499</ele><time>2026-05-19T22:15:28Z</time></trkpt><trkpt lat="44.717712" lon="-110.470514"><ele>2376.298</ele><time>2026-05-19T22:15:36Z</time></trkpt><trkpt lat="44.717714" lon="-110.47051"><ele>2376.261</ele><time>2026-05-19T22:15:37Z</time></trkpt><trkpt lat="44.717731" lon="-110.470503"><ele>2376.021</ele><time>2026-05-19T22:15:48Z</time></trkpt><trkpt lat="44.717726" lon="-110.470493"><ele>2376.013</ele><time>2026-05-19T22:16:00Z</time></trkpt><trkpt lat="44.717729" lon="-110.47048"><ele>2375.809</ele><time>2026-05-19T22:16:11Z</time></trkpt><trkpt lat="44.717723" lon="-110.470426"><ele>2376.818</ele><time>2026-05-19T22:16:17Z</time></trkpt><trkpt lat="44.717718" lon="-110.470413"><ele>2377.212</ele><time>2026-05-19T22:16:19Z</time></trkpt><trkpt lat="44.717708" lon="-110.470408"><ele>2377.441</ele><time>2026-05-19T22:16:21Z</time></trkpt><trkpt lat="44.717658" lon="-110.470419"><ele>2377.677</ele><time>2026-05-19T22:16:27Z</time></trkpt><trkpt lat="44.717586" lon="-110.470407"><ele>2378.078</ele><time>2026-05-19T22:16:36Z</time></trkpt><trkpt lat="44.717572" lon="-110.4704"><ele>2378.422</ele><time>2026-05-19T22:16:38Z</time></trkpt><trkpt lat="44.717538" lon="-110.470393"><ele>2378.697</ele><time>2026-05-19T22:16:42Z</time></trkpt><trkpt lat="44.717511" lon="-110.470411"><ele>2377.632</ele><time>2026-05-19T22:16:48Z</time></trkpt><trkpt lat="44.717511" lon="-110.470415"><ele>2377.411</ele><time>2026-05-19T22:16:49Z</time></trkpt><trkpt lat="44.717459" lon="-110.470427"><ele>2377.488</ele><time>2026-05-19T22:16:55Z</time></trkpt><trkpt lat="44.717383" lon="-110.470398"><ele>2376.624</ele><time>2026-05-19T22:17:03Z</time></trkpt><trkpt lat="44.717341" lon="-110.470359"><ele>2376.626</ele><time>2026-05-19T22:17:07Z</time></trkpt><trkpt lat="44.717299" lon="-110.470334"><ele>2376.609</ele><time>2026-05-19T22:17:12Z</time></trkpt><trkpt lat="44.717225" lon="-110.470329"><ele>2376.290</ele><time>2026-05-19T22:17:19Z</time></trkpt><trkpt lat="44.717215" lon="-110.470325"><ele>2376.044</ele><time>2026-05-19T22:17:20Z</time></trkpt><trkpt lat="44.717123" lon="-110.470274"><ele>2375.623</ele><time>2026-05-19T22:17:29Z</time></trkpt><trkpt lat="44.717084" lon="-110.470255"><ele>2375.269</ele><time>2026-05-19T22:17:33Z</time></trkpt><trkpt lat="44.717065" lon="-110.470246"><ele>2375.090</ele><time>2026-05-19T22:17:35Z</time></trkpt><trkpt lat="44.716995" lon="-110.470232"><ele>2375.274</ele><time>2026-05-19T22:17:42Z</time></trkpt><trkpt lat="44.716919" lon="-110.470252"><ele>2374.659</ele><time>2026-05-19T22:17:49Z</time></trkpt><trkpt lat="44.716838" lon="-110.470266"><ele>2374.494</ele><time>2026-05-19T22:17:56Z</time></trkpt><trkpt lat="44.716772" lon="-110.470325"><ele>2375.283</ele><time>2026-05-19T22:18:04Z</time></trkpt><trkpt lat="44.716705" lon="-110.470397"><ele>2375.485</ele><time>2026-05-19T22:18:12Z</time></trkpt><trkpt lat="44.716609" lon="-110.470445"><ele>2375.489</ele><time>2026-05-19T22:18:21Z</time></trkpt><trkpt lat="44.716493" lon="-110.470538"><ele>2375.617</ele><time>2026-05-19T22:18:32Z</time></trkpt><trkpt lat="44.716415" lon="-110.470609"><ele>2375.809</ele><time>2026-05-19T22:18:41Z</time></trkpt><trkpt lat="44.716293" lon="-110.470652"><ele>2375.860</ele><time>2026-05-19T22:18:52Z</time></trkpt><trkpt lat="44.716175" lon="-110.470687"><ele>2376.014</ele><time>2026-05-19T22:19:03Z</time></trkpt><trkpt lat="44.716164" lon="-110.470694"><ele>2376.263</ele><time>2026-05-19T22:19:10Z</time></trkpt><trkpt lat="44.716118" lon="-110.470704"><ele>2376.079</ele><time>2026-05-19T22:19:17Z</time></trkpt><trkpt lat="44.716092" lon="-110.470709"><ele>2376.230</ele><time>2026-05-19T22:19:20Z</time></trkpt><trkpt lat="44.716049" lon="-110.470762"><ele>2376.084</ele><time>2026-05-19T22:19:25Z</time></trkpt><trkpt lat="44.716016" lon="-110.470866"><ele>2376.289</ele><time>2026-05-19T22:19:33Z</time></trkpt><trkpt lat="44.716001" lon="-110.470955"><ele>2376.634</ele><time>2026-05-19T22:19:40Z</time></trkpt><trkpt lat="44.715994" lon="-110.471011"><ele>2376.653</ele><time>2026-05-19T22:19:44Z</time></trkpt><trkpt lat="44.715981" lon="-110.471092"><ele>2376.856</ele><time>2026-05-19T22:19:49Z</time></trkpt><trkpt lat="44.71598" lon="-110.471189"><ele>2376.859</ele><time>2026-05-19T22:19:56Z</time></trkpt><trkpt lat="44.715966" lon="-110.471276"><ele>2377.014</ele><time>2026-05-19T22:20:02Z</time></trkpt><trkpt lat="44.715962" lon="-110.471354"><ele>2377.409</ele><time>2026-05-19T22:20:08Z</time></trkpt><trkpt lat="44.715959" lon="-110.471374"><ele>2377.457</ele><time>2026-05-19T22:20:10Z</time></trkpt><trkpt lat="44.715921" lon="-110.471466"><ele>2377.631</ele><time>2026-05-19T22:20:18Z</time></trkpt><trkpt lat="44.715884" lon="-110.471565"><ele>2378.080</ele><time>2026-05-19T22:20:25Z</time></trkpt><trkpt lat="44.715861" lon="-110.471606"><ele>2378.446</ele><time>2026-05-19T22:20:29Z</time></trkpt><trkpt lat="44.715823" lon="-110.471649"><ele>2378.457</ele><time>2026-05-19T22:20:34Z</time></trkpt><trkpt lat="44.71576" lon="-110.471723"><ele>2378.891</ele><time>2026-05-19T22:20:42Z</time></trkpt><trkpt lat="44.715746" lon="-110.471765"><ele>2378.826</ele><time>2026-05-19T22:20:48Z</time></trkpt><trkpt lat="44.715748" lon="-110.471884"><ele>2379.051</ele><time>2026-05-19T22:20:56Z</time></trkpt><trkpt lat="44.715775" lon="-110.471995"><ele>2379.470</ele><time>2026-05-19T22:21:04Z</time></trkpt><trkpt lat="44.715779" lon="-110.472005"><ele>2379.423</ele><time>2026-05-19T22:21:05Z</time></trkpt><trkpt lat="44.715802" lon="-110.47209"><ele>2379.483</ele><time>2026-05-19T22:21:14Z</time></trkpt><trkpt lat="44.715838" lon="-110.472206"><ele>2379.811</ele><time>2026-05-19T22:21:23Z</time></trkpt><trkpt lat="44.715846" lon="-110.472281"><ele>2380.409</ele><time>2026-05-19T22:21:29Z</time></trkpt><trkpt lat="44.715844" lon="-110.472316"><ele>2380.854</ele><time>2026-05-19T22:21:32Z</time></trkpt><trkpt lat="44.715806" lon="-110.472398"><ele>2381.438</ele><time>2026-05-19T22:21:40Z</time></trkpt><trkpt lat="44.715747" lon="-110.47242"><ele>2381.097</ele><time>2026-05-19T22:21:46Z</time></trkpt><trkpt lat="44.715699" lon="-110.472456"><ele>2380.493</ele><time>2026-05-19T22:21:52Z</time></trkpt><trkpt lat="44.715644" lon="-110.4725"><ele>2381.254</ele><time>2026-05-19T22:21:59Z</time></trkpt><trkpt lat="44.715613" lon="-110.472564"><ele>2381.618</ele><time>2026-05-19T22:22:04Z</time></trkpt><trkpt lat="44.715594" lon="-110.472605"><ele>2381.673</ele><time>2026-05-19T22:22:07Z</time></trkpt><trkpt lat="44.715536" lon="-110.472695"><ele>2381.218</ele><time>2026-05-19T22:22:15Z</time></trkpt><trkpt lat="44.715529" lon="-110.472703"><ele>2381.097</ele><time>2026-05-19T22:22:16Z</time></trkpt><trkpt lat="44.715517" lon="-110.472709"><ele>2381.044</ele><time>2026-05-19T22:22:17Z</time></trkpt><trkpt lat="44.715478" lon="-110.472745"><ele>2380.805</ele><time>2026-05-19T22:22:22Z</time></trkpt><trkpt lat="44.715455" lon="-110.47278"><ele>2380.215</ele><time>2026-05-19T22:22:25Z</time></trkpt><trkpt lat="44.715421" lon="-110.47282"><ele>2379.809</ele><time>2026-05-19T22:22:29Z</time></trkpt><trkpt lat="44.715354" lon="-110.472926"><ele>2379.876</ele><time>2026-05-19T22:22:38Z</time></trkpt><trkpt lat="44.715276" lon="-110.473006"><ele>2379.620</ele><time>2026-05-19T22:22:46Z</time></trkpt><trkpt lat="44.715233" lon="-110.473041"><ele>2379.299</ele><time>2026-05-19T22:22:51Z</time></trkpt><trkpt lat="44.715194" lon="-110.47307"><ele>2379.065</ele><time>2026-05-19T22:22:55Z</time></trkpt><trkpt lat="44.715098" lon="-110.47314"><ele>2378.896</ele><time>2026-05-19T22:23:05Z</time></trkpt><trkpt lat="44.715037" lon="-110.473235"><ele>2378.630</ele><time>2026-05-19T22:23:13Z</time></trkpt><trkpt lat="44.715014" lon="-110.473286"><ele>2378.265</ele><time>2026-05-19T22:23:17Z</time></trkpt><trkpt lat="44.715001" lon="-110.473328"><ele>2377.870</ele><time>2026-05-19T22:23:20Z</time></trkpt><trkpt lat="44.714993" lon="-110.473377"><ele>2377.659</ele><time>2026-05-19T22:23:23Z</time></trkpt><trkpt lat="44.71496" lon="-110.47352"><ele>2377.472</ele><time>2026-05-19T22:23:32Z</time></trkpt><trkpt lat="44.714965" lon="-110.473539"><ele>2377.413</ele><time>2026-05-19T22:23:33Z</time></trkpt><trkpt lat="44.714959" lon="-110.473585"><ele>2377.214</ele><time>2026-05-19T22:23:36Z</time></trkpt><trkpt lat="44.714954" lon="-110.473613"><ele>2377.209</ele><time>2026-05-19T22:23:38Z</time></trkpt><trkpt lat="44.714942" lon="-110.473747"><ele>2377.049</ele><time>2026-05-19T22:23:46Z</time></trkpt><trkpt lat="44.714938" lon="-110.473842"><ele>2377.413</ele><time>2026-05-19T22:23:53Z</time></trkpt><trkpt lat="44.714923" lon="-110.473952"><ele>2377.292</ele><time>2026-05-19T22:24:03Z</time></trkpt><trkpt lat="44.714867" lon="-110.474016"><ele>2377.828</ele><time>2026-05-19T22:24:10Z</time></trkpt><trkpt lat="44.714832" lon="-110.474126"><ele>2377.249</ele><time>2026-05-19T22:24:19Z</time></trkpt><trkpt lat="44.714811" lon="-110.474245"><ele>2377.643</ele><time>2026-05-19T22:24:28Z</time></trkpt><trkpt lat="44.71483" lon="-110.474361"><ele>2377.488</ele><time>2026-05-19T22:24:36Z</time></trkpt><trkpt lat="44.714839" lon="-110.474412"><ele>2377.433</ele><time>2026-05-19T22:24:40Z</time></trkpt><trkpt lat="44.71483" lon="-110.47445"><ele>2377.452</ele><time>2026-05-19T22:24:43Z</time></trkpt><trkpt lat="44.714808" lon="-110.474507"><ele>2377.634</ele><time>2026-05-19T22:24:49Z</time></trkpt><trkpt lat="44.714807" lon="-110.474521"><ele>2377.655</ele><time>2026-05-19T22:24:51Z</time></trkpt><trkpt lat="44.714808" lon="-110.474537"><ele>2377.610</ele><time>2026-05-19T22:24:53Z</time></trkpt><trkpt lat="44.714786" lon="-110.474607"><ele>2377.209</ele><time>2026-05-19T22:25:00Z</time></trkpt><trkpt lat="44.714754" lon="-110.47473"><ele>2377.015</ele><time>2026-05-19T22:25:10Z</time></trkpt><trkpt lat="44.714717" lon="-110.474828"><ele>2376.429</ele><time>2026-05-19T22:25:19Z</time></trkpt><trkpt lat="44.714682" lon="-110.474938"><ele>2376.498</ele><time>2026-05-19T22:25:30Z</time></trkpt><trkpt lat="44.714678" lon="-110.474947"><ele>2376.684</ele><time>2026-05-19T22:25:31Z</time></trkpt><trkpt lat="44.71467" lon="-110.475026"><ele>2377.015</ele><time>2026-05-19T22:25:39Z</time></trkpt><trkpt lat="44.714655" lon="-110.475083"><ele>2377.459</ele><time>2026-05-19T22:25:45Z</time></trkpt><trkpt lat="44.714646" lon="-110.475115"><ele>2377.674</ele><time>2026-05-19T22:25:48Z</time></trkpt><trkpt lat="44.714647" lon="-110.475127"><ele>2378.259</ele><time>2026-05-19T22:25:49Z</time></trkpt><trkpt lat="44.714654" lon="-110.47516"><ele>2379.648</ele><time>2026-05-19T22:25:51Z</time></trkpt><trkpt lat="44.714683" lon="-110.475181"><ele>2380.026</ele><time>2026-05-19T22:25:54Z</time></trkpt><trkpt lat="44.714694" lon="-110.475187"><ele>2379.847</ele><time>2026-05-19T22:25:55Z</time></trkpt><trkpt lat="44.714737" lon="-110.475197"><ele>2379.611</ele><time>2026-05-19T22:25:59Z</time></trkpt><trkpt lat="44.714792" lon="-110.475193"><ele>2379.809</ele><time>2026-05-19T22:26:04Z</time></trkpt><trkpt lat="44.714868" lon="-110.47517"><ele>2379.494</ele><time>2026-05-19T22:26:12Z</time></trkpt><trkpt lat="44.714924" lon="-110.47522"><ele>2380.048</ele><time>2026-05-19T22:26:20Z</time></trkpt><trkpt lat="44.714935" lon="-110.475264"><ele>2380.497</ele><time>2026-05-19T22:26:24Z</time></trkpt><trkpt lat="44.714951" lon="-110.475299"><ele>2380.653</ele><time>2026-05-19T22:26:28Z</time></trkpt><trkpt lat="44.714975" lon="-110.475321"><ele>2380.664</ele><time>2026-05-19T22:26:32Z</time></trkpt><trkpt lat="44.714984" lon="-110.475347"><ele>2381.448</ele><time>2026-05-19T22:26:36Z</time></trkpt><trkpt lat="44.714995" lon="-110.475364"><ele>2381.653</ele><time>2026-05-19T22:26:38Z</time></trkpt><trkpt lat="44.715032" lon="-110.47539"><ele>2382.658</ele><time>2026-05-19T22:26:43Z</time></trkpt><trkpt lat="44.715042" lon="-110.475398"><ele>2382.857</ele><time>2026-05-19T22:26:44Z</time></trkpt><trkpt lat="44.715069" lon="-110.475432"><ele>2383.811</ele><time>2026-05-19T22:26:49Z</time></trkpt><trkpt lat="44.71507" lon="-110.475444"><ele>2384.021</ele><time>2026-05-19T22:26:50Z</time></trkpt><trkpt lat="44.715062" lon="-110.475519"><ele>2384.203</ele><time>2026-05-19T22:26:56Z</time></trkpt><trkpt lat="44.715104" lon="-110.47562"><ele>2383.609</ele><time>2026-05-19T22:27:04Z</time></trkpt><trkpt lat="44.715103" lon="-110.475649"><ele>2383.033</ele><time>2026-05-19T22:27:07Z</time></trkpt><trkpt lat="44.715101" lon="-110.475663"><ele>2382.897</ele><time>2026-05-19T22:27:08Z</time></trkpt><trkpt lat="44.7151" lon="-110.475694"><ele>2382.686</ele><time>2026-05-19T22:27:10Z</time></trkpt><trkpt lat="44.715098" lon="-110.475725"><ele>2382.232</ele><time>2026-05-19T22:27:12Z</time></trkpt><trkpt lat="44.715079" lon="-110.475772"><ele>2382.283</ele><time>2026-05-19T22:27:16Z</time></trkpt><trkpt lat="44.715047" lon="-110.475797"><ele>2381.877</ele><time>2026-05-19T22:27:19Z</time></trkpt><trkpt lat="44.715004" lon="-110.475854"><ele>2381.032</ele><time>2026-05-19T22:27:24Z</time></trkpt><trkpt lat="44.714997" lon="-110.475865"><ele>2381.077</ele><time>2026-05-19T22:27:25Z</time></trkpt><trkpt lat="44.714975" lon="-110.475896"><ele>2380.876</ele><time>2026-05-19T22:27:28Z</time></trkpt><trkpt lat="44.714949" lon="-110.475958"><ele>2380.284</ele><time>2026-05-19T22:27:33Z</time></trkpt><trkpt lat="44.714935" lon="-110.476015"><ele>2379.607</ele><time>2026-05-19T22:27:37Z</time></trkpt><trkpt lat="44.714927" lon="-110.476074"><ele>2379.417</ele><time>2026-05-19T22:27:41Z</time></trkpt><trkpt lat="44.714911" lon="-110.476165"><ele>2378.609</ele><time>2026-05-19T22:27:48Z</time></trkpt><trkpt lat="44.714908" lon="-110.47619"><ele>2378.260</ele><time>2026-05-19T22:27:50Z</time></trkpt><trkpt lat="44.714901" lon="-110.476244"><ele>2377.694</ele><time>2026-05-19T22:27:53Z</time></trkpt><trkpt lat="44.714884" lon="-110.47631"><ele>2377.433</ele><time>2026-05-19T22:27:57Z</time></trkpt><trkpt lat="44.714846" lon="-110.476383"><ele>2377.269</ele><time>2026-05-19T22:28:03Z</time></trkpt><trkpt lat="44.714812" lon="-110.476469"><ele>2377.610</ele><time>2026-05-19T22:28:10Z</time></trkpt><trkpt lat="44.714799" lon="-110.476492"><ele>2377.894</ele><time>2026-05-19T22:28:12Z</time></trkpt><trkpt lat="44.714765" lon="-110.476575"><ele>2377.819</ele><time>2026-05-19T22:28:18Z</time></trkpt><trkpt lat="44.714754" lon="-110.4766"><ele>2377.884</ele><time>2026-05-19T22:28:20Z</time></trkpt><trkpt lat="44.714739" lon="-110.476663"><ele>2377.453</ele><time>2026-05-19T22:28:24Z</time></trkpt><trkpt lat="44.714723" lon="-110.476696"><ele>2377.276</ele><time>2026-05-19T22:28:27Z</time></trkpt><trkpt lat="44.714675" lon="-110.476765"><ele>2377.090</ele><time>2026-05-19T22:28:34Z</time></trkpt><trkpt lat="44.714611" lon="-110.476784"><ele>2377.419</ele><time>2026-05-19T22:28:42Z</time></trkpt><trkpt lat="44.714535" lon="-110.476785"><ele>2377.209</ele><time>2026-05-19T22:28:50Z</time></trkpt><trkpt lat="44.714477" lon="-110.476776"><ele>2377.289</ele><time>2026-05-19T22:28:57Z</time></trkpt><trkpt lat="44.71436" lon="-110.476741"><ele>2377.823</ele><time>2026-05-19T22:29:08Z</time></trkpt><trkpt lat="44.714295" lon="-110.476752"><ele>2377.812</ele><time>2026-05-19T22:29:15Z</time></trkpt><trkpt lat="44.714227" lon="-110.476792"><ele>2378.428</ele><time>2026-05-19T22:29:23Z</time></trkpt><trkpt lat="44.714219" lon="-110.476801"><ele>2378.429</ele><time>2026-05-19T22:29:24Z</time></trkpt><trkpt lat="44.714204" lon="-110.476818"><ele>2378.653</ele><time>2026-05-19T22:29:26Z</time></trkpt><trkpt lat="44.714161" lon="-110.476847"><ele>2378.898</ele><time>2026-05-19T22:29:31Z</time></trkpt><trkpt lat="44.714137" lon="-110.476904"><ele>2379.083</ele><time>2026-05-19T22:29:37Z</time></trkpt><trkpt lat="44.714148" lon="-110.476899"><ele>2379.092</ele><time>2026-05-19T22:29:38Z</time></trkpt><trkpt lat="44.714171" lon="-110.476892"><ele>2378.437</ele><time>2026-05-19T22:29:47Z</time></trkpt><trkpt lat="44.714123" lon="-110.476919"><ele>2379.449</ele><time>2026-05-19T22:29:55Z</time></trkpt><trkpt lat="44.714116" lon="-110.476937"><ele>2379.813</ele><time>2026-05-19T22:29:57Z</time></trkpt><trkpt lat="44.714086" lon="-110.476962"><ele>2380.209</ele><time>2026-05-19T22:30:01Z</time></trkpt><trkpt lat="44.714043" lon="-110.477027"><ele>2380.855</ele><time>2026-05-19T22:30:08Z</time></trkpt><trkpt lat="44.714034" lon="-110.477046"><ele>2381.099</ele><time>2026-05-19T22:30:10Z</time></trkpt><trkpt lat="44.714026" lon="-110.477088"><ele>2381.688</ele><time>2026-05-19T22:30:14Z</time></trkpt><trkpt lat="44.714021" lon="-110.477116"><ele>2381.874</ele><time>2026-05-19T22:30:16Z</time></trkpt><trkpt lat="44.714005" lon="-110.477165"><ele>2382.445</ele><time>2026-05-19T22:30:23Z</time></trkpt><trkpt lat="44.714004" lon="-110.477176"><ele>2382.639</ele><time>2026-05-19T22:30:24Z</time></trkpt><trkpt lat="44.714009" lon="-110.477209"><ele>2382.864</ele><time>2026-05-19T22:30:27Z</time></trkpt><trkpt lat="44.714014" lon="-110.477284"><ele>2383.229</ele><time>2026-05-19T22:30:32Z</time></trkpt><trkpt lat="44.714018" lon="-110.477364"><ele>2383.868</ele><time>2026-05-19T22:30:38Z</time></trkpt><trkpt lat="44.714018" lon="-110.477389"><ele>2383.842</ele><time>2026-05-19T22:30:41Z</time></trkpt><trkpt lat="44.714006" lon="-110.477436"><ele>2384.022</ele><time>2026-05-19T22:30:45Z</time></trkpt><trkpt lat="44.714" lon="-110.477454"><ele>2384.414</ele><time>2026-05-19T22:30:47Z</time></trkpt><trkpt lat="44.714007" lon="-110.477473"><ele>2384.809</ele><time>2026-05-19T22:30:49Z</time></trkpt><trkpt lat="44.714004" lon="-110.477509"><ele>2385.296</ele><time>2026-05-19T22:30:52Z</time></trkpt><trkpt lat="44.714" lon="-110.477528"><ele>2385.430</ele><time>2026-05-19T22:30:54Z</time></trkpt><trkpt lat="44.714" lon="-110.477589"><ele>2385.459</ele><time>2026-05-19T22:31:00Z</time></trkpt><trkpt lat="44.713975" lon="-110.477639"><ele>2386.225</ele><time>2026-05-19T22:31:06Z</time></trkpt><trkpt lat="44.71397" lon="-110.477648"><ele>2386.266</ele><time>2026-05-19T22:31:07Z</time></trkpt><trkpt lat="44.713961" lon="-110.477732"><ele>2387.060</ele><time>2026-05-19T22:31:14Z</time></trkpt><trkpt lat="44.71396" lon="-110.477745"><ele>2387.295</ele><time>2026-05-19T22:31:15Z</time></trkpt><trkpt lat="44.713967" lon="-110.477832"><ele>2387.450</ele><time>2026-05-19T22:31:22Z</time></trkpt><trkpt lat="44.713976" lon="-110.477956"><ele>2387.219</ele><time>2026-05-19T22:31:30Z</time></trkpt><trkpt lat="44.713964" lon="-110.478077"><ele>2386.434</ele><time>2026-05-19T22:31:39Z</time></trkpt><trkpt lat="44.713953" lon="-110.478146"><ele>2386.455</ele><time>2026-05-19T22:31:44Z</time></trkpt><trkpt lat="44.713943" lon="-110.478173"><ele>2386.610</ele><time>2026-05-19T22:31:47Z</time></trkpt><trkpt lat="44.713911" lon="-110.478278"><ele>2387.009</ele><time>2026-05-19T22:31:55Z</time></trkpt><trkpt lat="44.713898" lon="-110.478303"><ele>2387.215</ele><time>2026-05-19T22:31:57Z</time></trkpt><trkpt lat="44.713882" lon="-110.478363"><ele>2387.069</ele><time>2026-05-19T22:32:03Z</time></trkpt><trkpt lat="44.713868" lon="-110.478484"><ele>2386.638</ele><time>2026-05-19T22:32:12Z</time></trkpt><trkpt lat="44.713821" lon="-110.478567"><ele>2386.474</ele><time>2026-05-19T22:32:20Z</time></trkpt><trkpt lat="44.713791" lon="-110.478635"><ele>2386.635</ele><time>2026-05-19T22:32:26Z</time></trkpt><trkpt lat="44.713794" lon="-110.478686"><ele>2386.219</ele><time>2026-05-19T22:32:29Z</time></trkpt><trkpt lat="44.713847" lon="-110.478787"><ele>2385.054</ele><time>2026-05-19T22:32:37Z</time></trkpt><trkpt lat="44.713871" lon="-110.478867"><ele>2383.839</ele><time>2026-05-19T22:32:43Z</time></trkpt><trkpt lat="44.713869" lon="-110.478884"><ele>2383.828</ele><time>2026-05-19T22:32:44Z</time></trkpt><trkpt lat="44.71383" lon="-110.478978"><ele>2383.664</ele><time>2026-05-19T22:32:51Z</time></trkpt><trkpt lat="44.713812" lon="-110.47897"><ele>2383.406</ele><time>2026-05-19T22:32:58Z</time></trkpt><trkpt lat="44.713802" lon="-110.478972"><ele>2383.216</ele><time>2026-05-19T22:33:07Z</time></trkpt><trkpt lat="44.713785" lon="-110.478889"><ele>2383.609</ele><time>2026-05-19T22:33:13Z</time></trkpt><trkpt lat="44.713775" lon="-110.478856"><ele>2384.258</ele><time>2026-05-19T22:33:19Z</time></trkpt><trkpt lat="44.713794" lon="-110.47889"><ele>2384.082</ele><time>2026-05-19T22:33:36Z</time></trkpt><trkpt lat="44.713804" lon="-110.478929"><ele>2383.821</ele><time>2026-05-19T22:33:38Z</time></trkpt><trkpt lat="44.713802" lon="-110.47895"><ele>2383.837</ele><time>2026-05-19T22:33:39Z</time></trkpt><trkpt lat="44.713749" lon="-110.479005"><ele>2383.628</ele><time>2026-05-19T22:33:43Z</time></trkpt><trkpt lat="44.713675" lon="-110.479043"><ele>2383.482</ele><time>2026-05-19T22:33:49Z</time></trkpt><trkpt lat="44.7136" lon="-110.479085"><ele>2383.287</ele><time>2026-05-19T22:33:56Z</time></trkpt><trkpt lat="44.713528" lon="-110.479124"><ele>2383.442</ele><time>2026-05-19T22:34:03Z</time></trkpt><trkpt lat="44.71352" lon="-110.479128"><ele>2383.691</ele><time>2026-05-19T22:34:04Z</time></trkpt><trkpt lat="44.71346" lon="-110.479142"><ele>2383.467</ele><time>2026-05-19T22:34:13Z</time></trkpt><trkpt lat="44.713382" lon="-110.479168"><ele>2383.481</ele><time>2026-05-19T22:34:20Z</time></trkpt><trkpt lat="44.713326" lon="-110.47918"><ele>2383.419</ele><time>2026-05-19T22:34:25Z</time></trkpt><trkpt lat="44.713294" lon="-110.479158"><ele>2383.609</ele><time>2026-05-19T22:34:31Z</time></trkpt><trkpt lat="44.713272" lon="-110.479113"><ele>2384.248</ele><time>2026-05-19T22:34:40Z</time></trkpt><trkpt lat="44.713206" lon="-110.479115"><ele>2384.662</ele><time>2026-05-19T22:34:47Z</time></trkpt><trkpt lat="44.713096" lon="-110.479145"><ele>2384.611</ele><time>2026-05-19T22:34:58Z</time></trkpt><trkpt lat="44.713014" lon="-110.479211"><ele>2384.457</ele><time>2026-05-19T22:35:07Z</time></trkpt><trkpt lat="44.712967" lon="-110.479277"><ele>2384.488</ele><time>2026-05-19T22:35:14Z</time></trkpt><trkpt lat="44.712961" lon="-110.479287"><ele>2384.632</ele><time>2026-05-19T22:35:15Z</time></trkpt><trkpt lat="44.712937" lon="-110.479424"><ele>2384.647</ele><time>2026-05-19T22:35:24Z</time></trkpt><trkpt lat="44.712908" lon="-110.479526"><ele>2384.842</ele><time>2026-05-19T22:35:32Z</time></trkpt><trkpt lat="44.712905" lon="-110.479541"><ele>2384.861</ele><time>2026-05-19T22:35:33Z</time></trkpt><trkpt lat="44.712902" lon="-110.479554"><ele>2385.048</ele><time>2026-05-19T22:35:34Z</time></trkpt><trkpt lat="44.712863" lon="-110.479661"><ele>2385.261</ele><time>2026-05-19T22:35:43Z</time></trkpt><trkpt lat="44.712831" lon="-110.479698"><ele>2385.217</ele><time>2026-05-19T22:35:47Z</time></trkpt><trkpt lat="44.712833" lon="-110.479696"><ele>2385.209</ele><time>2026-05-19T22:35:52Z</time></trkpt><trkpt lat="44.712819" lon="-110.479699"><ele>2385.236</ele><time>2026-05-19T22:36:02Z</time></trkpt><trkpt lat="44.712807" lon="-110.479702"><ele>2385.430</ele><time>2026-05-19T22:36:08Z</time></trkpt><trkpt lat="44.712772" lon="-110.47981"><ele>2385.649</ele><time>2026-05-19T22:36:16Z</time></trkpt><trkpt lat="44.712754" lon="-110.479866"><ele>2386.045</ele><time>2026-05-19T22:36:21Z</time></trkpt><trkpt lat="44.712732" lon="-110.479903"><ele>2386.296</ele><time>2026-05-19T22:36:24Z</time></trkpt><trkpt lat="44.712728" lon="-110.479923"><ele>2386.060</ele><time>2026-05-19T22:36:31Z</time></trkpt><trkpt lat="44.712726" lon="-110.479919"><ele>2386.035</ele><time>2026-05-19T22:36:35Z</time></trkpt><trkpt lat="44.712699" lon="-110.479949"><ele>2387.010</ele><time>2026-05-19T22:36:39Z</time></trkpt><trkpt lat="44.712695" lon="-110.479962"><ele>2387.259</ele><time>2026-05-19T22:36:40Z</time></trkpt><trkpt lat="44.712677" lon="-110.47999"><ele>2387.095</ele><time>2026-05-19T22:36:45Z</time></trkpt><trkpt lat="44.712636" lon="-110.480075"><ele>2387.049</ele><time>2026-05-19T22:36:53Z</time></trkpt><trkpt lat="44.71261" lon="-110.480177"><ele>2387.423</ele><time>2026-05-19T22:37:01Z</time></trkpt><trkpt lat="44.712588" lon="-110.480231"><ele>2387.809</ele><time>2026-05-19T22:37:06Z</time></trkpt><trkpt lat="44.712584" lon="-110.480237"><ele>2387.871</ele><time>2026-05-19T22:37:07Z</time></trkpt><trkpt lat="44.712571" lon="-110.480255"><ele>2388.295</ele><time>2026-05-19T22:37:09Z</time></trkpt><trkpt lat="44.712559" lon="-110.480311"><ele>2388.834</ele><time>2026-05-19T22:37:14Z</time></trkpt><trkpt lat="44.712551" lon="-110.480333"><ele>2389.240</ele><time>2026-05-19T22:37:16Z</time></trkpt><trkpt lat="44.712553" lon="-110.480398"><ele>2389.641</ele><time>2026-05-19T22:37:21Z</time></trkpt><trkpt lat="44.712547" lon="-110.480416"><ele>2390.095</ele><time>2026-05-19T22:37:23Z</time></trkpt><trkpt lat="44.712547" lon="-110.480437"><ele>2390.470</ele><time>2026-05-19T22:37:25Z</time></trkpt><trkpt lat="44.712553" lon="-110.480453"><ele>2390.615</ele><time>2026-05-19T22:37:27Z</time></trkpt><trkpt lat="44.71256" lon="-110.480457"><ele>2390.624</ele><time>2026-05-19T22:37:28Z</time></trkpt><trkpt lat="44.712554" lon="-110.480469"><ele>2390.868</ele><time>2026-05-19T22:37:33Z</time></trkpt><trkpt lat="44.712547" lon="-110.480493"><ele>2390.842</ele><time>2026-05-19T22:37:35Z</time></trkpt><trkpt lat="44.712538" lon="-110.480552"><ele>2391.226</ele><time>2026-05-19T22:37:39Z</time></trkpt><trkpt lat="44.712535" lon="-110.480576"><ele>2391.409</ele><time>2026-05-19T22:37:41Z</time></trkpt><trkpt lat="44.712526" lon="-110.480643"><ele>2392.068</ele><time>2026-05-19T22:37:46Z</time></trkpt><trkpt lat="44.712514" lon="-110.480666"><ele>2392.292</ele><time>2026-05-19T22:37:49Z</time></trkpt><trkpt lat="44.712511" lon="-110.480687"><ele>2392.451</ele><time>2026-05-19T22:37:51Z</time></trkpt><trkpt lat="44.712508" lon="-110.48072"><ele>2393.087</ele><time>2026-05-19T22:37:54Z</time></trkpt><trkpt lat="44.712499" lon="-110.480777"><ele>2393.228</ele><time>2026-05-19T22:38:00Z</time></trkpt><trkpt lat="44.7125" lon="-110.480801"><ele>2393.482</ele><time>2026-05-19T22:38:02Z</time></trkpt><trkpt lat="44.712496" lon="-110.480873"><ele>2394.447</ele><time>2026-05-19T22:38:09Z</time></trkpt><trkpt lat="44.712496" lon="-110.480878"><ele>2394.662</ele><time>2026-05-19T22:38:10Z</time></trkpt><trkpt lat="44.712494" lon="-110.480959"><ele>2395.271</ele><time>2026-05-19T22:38:18Z</time></trkpt><trkpt lat="44.712489" lon="-110.480963"><ele>2395.656</ele><time>2026-05-19T22:38:21Z</time></trkpt><trkpt lat="44.712487" lon="-110.480973"><ele>2395.859</ele><time>2026-05-19T22:38:25Z</time></trkpt><trkpt lat="44.712479" lon="-110.481015"><ele>2396.014</ele><time>2026-05-19T22:38:31Z</time></trkpt><trkpt lat="44.712471" lon="-110.481053"><ele>2396.409</ele><time>2026-05-19T22:38:35Z</time></trkpt><trkpt lat="44.712479" lon="-110.481068"><ele>2396.647</ele><time>2026-05-19T22:38:37Z</time></trkpt><trkpt lat="44.712479" lon="-110.481079"><ele>2396.811</ele><time>2026-05-19T22:38:38Z</time></trkpt><trkpt lat="44.712486" lon="-110.481143"><ele>2397.620</ele><time>2026-05-19T22:38:44Z</time></trkpt><trkpt lat="44.7125" lon="-110.481186"><ele>2398.896</ele><time>2026-05-19T22:38:49Z</time></trkpt><trkpt lat="44.712508" lon="-110.48121"><ele>2399.277</ele><time>2026-05-19T22:38:51Z</time></trkpt><trkpt lat="44.712524" lon="-110.481267"><ele>2399.821</ele><time>2026-05-19T22:38:57Z</time></trkpt><trkpt lat="44.712535" lon="-110.481286"><ele>2400.056</ele><time>2026-05-19T22:39:00Z</time></trkpt><trkpt lat="44.712571" lon="-110.481353"><ele>2400.841</ele><time>2026-05-19T22:39:09Z</time></trkpt><trkpt lat="44.712573" lon="-110.481361"><ele>2401.060</ele><time>2026-05-19T22:39:10Z</time></trkpt><trkpt lat="44.712589" lon="-110.481391"><ele>2402.028</ele><time>2026-05-19T22:39:16Z</time></trkpt><trkpt lat="44.7126" lon="-110.481412"><ele>2402.489</ele><time>2026-05-19T22:39:20Z</time></trkpt><trkpt lat="44.712593" lon="-110.481463"><ele>2403.217</ele><time>2026-05-19T22:39:25Z</time></trkpt><trkpt lat="44.712587" lon="-110.481505"><ele>2403.609</ele><time>2026-05-19T22:39:28Z</time></trkpt><trkpt lat="44.712564" lon="-110.481533"><ele>2403.864</ele><time>2026-05-19T22:39:34Z</time></trkpt><trkpt lat="44.712554" lon="-110.481554"><ele>2404.298</ele><time>2026-05-19T22:39:38Z</time></trkpt><trkpt lat="44.712551" lon="-110.481615"><ele>2404.467</ele><time>2026-05-19T22:39:43Z</time></trkpt><trkpt lat="44.712553" lon="-110.481727"><ele>2405.023</ele><time>2026-05-19T22:39:54Z</time></trkpt><trkpt lat="44.712545" lon="-110.48183"><ele>2404.654</ele><time>2026-05-19T22:40:02Z</time></trkpt><trkpt lat="44.712543" lon="-110.481863"><ele>2404.668</ele><time>2026-05-19T22:40:04Z</time></trkpt><trkpt lat="44.712541" lon="-110.481892"><ele>2404.473</ele><time>2026-05-19T22:40:06Z</time></trkpt><trkpt lat="44.712535" lon="-110.48192"><ele>2404.268</ele><time>2026-05-19T22:40:08Z</time></trkpt><trkpt lat="44.712522" lon="-110.481994"><ele>2404.837</ele><time>2026-05-19T22:40:13Z</time></trkpt><trkpt lat="44.712507" lon="-110.482066"><ele>2404.851</ele><time>2026-05-19T22:40:19Z</time></trkpt><trkpt lat="44.712506" lon="-110.482094"><ele>2404.401</ele><time>2026-05-19T22:40:25Z</time></trkpt><trkpt lat="44.712491" lon="-110.482185"><ele>2403.611</ele><time>2026-05-19T22:40:32Z</time></trkpt><trkpt lat="44.712475" lon="-110.482253"><ele>2404.009</ele><time>2026-05-19T22:40:41Z</time></trkpt><trkpt lat="44.712468" lon="-110.482325"><ele>2403.277</ele><time>2026-05-19T22:40:46Z</time></trkpt><trkpt lat="44.712466" lon="-110.482354"><ele>2403.011</ele><time>2026-05-19T22:40:48Z</time></trkpt><trkpt lat="44.712442" lon="-110.482469"><ele>2402.260</ele><time>2026-05-19T22:40:55Z</time></trkpt><trkpt lat="44.712429" lon="-110.482523"><ele>2401.836</ele><time>2026-05-19T22:40:58Z</time></trkpt><trkpt lat="44.712441" lon="-110.482635"><ele>2401.447</ele><time>2026-05-19T22:41:05Z</time></trkpt><trkpt lat="44.712487" lon="-110.482746"><ele>2401.651</ele><time>2026-05-19T22:41:13Z</time></trkpt><trkpt lat="44.712513" lon="-110.48283"><ele>2401.676</ele><time>2026-05-19T22:41:20Z</time></trkpt><trkpt lat="44.712553" lon="-110.48293"><ele>2401.811</ele><time>2026-05-19T22:41:28Z</time></trkpt><trkpt lat="44.712562" lon="-110.483"><ele>2401.680</ele><time>2026-05-19T22:41:33Z</time></trkpt><trkpt lat="44.712572" lon="-110.483021"><ele>2401.614</ele><time>2026-05-19T22:41:35Z</time></trkpt><trkpt lat="44.712611" lon="-110.483117"><ele>2401.454</ele><time>2026-05-19T22:41:43Z</time></trkpt><trkpt lat="44.712661" lon="-110.483202"><ele>2401.209</ele><time>2026-05-19T22:41:51Z</time></trkpt><trkpt lat="44.712738" lon="-110.483302"><ele>2402.209</ele><time>2026-05-19T22:42:01Z</time></trkpt><trkpt lat="44.712761" lon="-110.48333"><ele>2402.413</ele><time>2026-05-19T22:42:04Z</time></trkpt><trkpt lat="44.712771" lon="-110.483349"><ele>2402.457</ele><time>2026-05-19T22:42:06Z</time></trkpt><trkpt lat="44.712794" lon="-110.483378"><ele>2402.686</ele><time>2026-05-19T22:42:09Z</time></trkpt><trkpt lat="44.712849" lon="-110.483452"><ele>2403.032</ele><time>2026-05-19T22:42:17Z</time></trkpt><trkpt lat="44.712857" lon="-110.483463"><ele>2403.083</ele><time>2026-05-19T22:42:18Z</time></trkpt><trkpt lat="44.712864" lon="-110.483473"><ele>2403.237</ele><time>2026-05-19T22:42:19Z</time></trkpt><trkpt lat="44.712939" lon="-110.483574"><ele>2403.872</ele><time>2026-05-19T22:42:29Z</time></trkpt><trkpt lat="44.713002" lon="-110.483677"><ele>2404.047</ele><time>2026-05-19T22:42:39Z</time></trkpt><trkpt lat="44.713046" lon="-110.483809"><ele>2403.666</ele><time>2026-05-19T22:42:50Z</time></trkpt><trkpt lat="44.713047" lon="-110.483822"><ele>2403.819</ele><time>2026-05-19T22:42:51Z</time></trkpt><trkpt lat="44.713095" lon="-110.483908"><ele>2403.809</ele><time>2026-05-19T22:42:58Z</time></trkpt><trkpt lat="44.713126" lon="-110.483959"><ele>2404.219</ele><time>2026-05-19T22:43:04Z</time></trkpt><trkpt lat="44.713131" lon="-110.483977"><ele>2404.409</ele><time>2026-05-19T22:43:06Z</time></trkpt><trkpt lat="44.713175" lon="-110.484051"><ele>2404.883</ele><time>2026-05-19T22:43:14Z</time></trkpt><trkpt lat="44.713242" lon="-110.484112"><ele>2404.857</ele><time>2026-05-19T22:43:22Z</time></trkpt><trkpt lat="44.713323" lon="-110.484206"><ele>2404.886</ele><time>2026-05-19T22:43:32Z</time></trkpt><trkpt lat="44.713382" lon="-110.484247"><ele>2404.852</ele><time>2026-05-19T22:43:39Z</time></trkpt><trkpt lat="44.713458" lon="-110.484313"><ele>2405.053</ele><time>2026-05-19T22:43:48Z</time></trkpt><trkpt lat="44.713534" lon="-110.484404"><ele>2405.047</ele><time>2026-05-19T22:43:58Z</time></trkpt><trkpt lat="44.713565" lon="-110.484495"><ele>2405.272</ele><time>2026-05-19T22:44:06Z</time></trkpt><trkpt lat="44.713579" lon="-110.484578"><ele>2405.677</ele><time>2026-05-19T22:44:12Z</time></trkpt><trkpt lat="44.713592" lon="-110.484599"><ele>2405.616</ele><time>2026-05-19T22:44:14Z</time></trkpt><trkpt lat="44.713623" lon="-110.484698"><ele>2405.674</ele><time>2026-05-19T22:44:22Z</time></trkpt><trkpt lat="44.713677" lon="-110.484769"><ele>2405.056</ele><time>2026-05-19T22:44:29Z</time></trkpt><trkpt lat="44.713692" lon="-110.484791"><ele>2404.621</ele><time>2026-05-19T22:44:32Z</time></trkpt><trkpt lat="44.713708" lon="-110.484824"><ele>2404.009</ele><time>2026-05-19T22:44:35Z</time></trkpt><trkpt lat="44.713715" lon="-110.484837"><ele>2404.029</ele><time>2026-05-19T22:44:36Z</time></trkpt><trkpt lat="44.713753" lon="-110.484886"><ele>2403.043</ele><time>2026-05-19T22:44:41Z</time></trkpt><trkpt lat="44.713779" lon="-110.48494"><ele>2402.412</ele><time>2026-05-19T22:44:45Z</time></trkpt><trkpt lat="44.713798" lon="-110.484988"><ele>2402.058</ele><time>2026-05-19T22:44:49Z</time></trkpt><trkpt lat="44.713819" lon="-110.485072"><ele>2401.669</ele><time>2026-05-19T22:44:55Z</time></trkpt><trkpt lat="44.713849" lon="-110.485195"><ele>2401.483</ele><time>2026-05-19T22:45:03Z</time></trkpt><trkpt lat="44.713872" lon="-110.485303"><ele>2401.078</ele><time>2026-05-19T22:45:10Z</time></trkpt><trkpt lat="44.713886" lon="-110.485329"><ele>2400.833</ele><time>2026-05-19T22:45:12Z</time></trkpt><trkpt lat="44.713935" lon="-110.485396"><ele>2400.082</ele><time>2026-05-19T22:45:18Z</time></trkpt><trkpt lat="44.713938" lon="-110.485413"><ele>2399.888</ele><time>2026-05-19T22:45:19Z</time></trkpt><trkpt lat="44.713952" lon="-110.485523"><ele>2399.424</ele><time>2026-05-19T22:45:26Z</time></trkpt><trkpt lat="44.713995" lon="-110.485583"><ele>2399.026</ele><time>2026-05-19T22:45:32Z</time></trkpt><trkpt lat="44.714007" lon="-110.485603"><ele>2398.609</ele><time>2026-05-19T22:45:34Z</time></trkpt><trkpt lat="44.714029" lon="-110.485734"><ele>2398.010</ele><time>2026-05-19T22:45:43Z</time></trkpt><trkpt lat="44.71403" lon="-110.485747"><ele>2397.884</ele><time>2026-05-19T22:45:44Z</time></trkpt><trkpt lat="44.714051" lon="-110.485866"><ele>2397.883</ele><time>2026-05-19T22:45:53Z</time></trkpt><trkpt lat="44.714061" lon="-110.486017"><ele>2398.099</ele><time>2026-05-19T22:46:03Z</time></trkpt><trkpt lat="44.714055" lon="-110.486153"><ele>2397.840</ele><time>2026-05-19T22:46:12Z</time></trkpt><trkpt lat="44.714039" lon="-110.486245"><ele>2397.094</ele><time>2026-05-19T22:46:20Z</time></trkpt><trkpt lat="44.714046" lon="-110.486329"><ele>2397.219</ele><time>2026-05-19T22:46:26Z</time></trkpt><trkpt lat="44.71402" lon="-110.48643"><ele>2397.684</ele><time>2026-05-19T22:46:33Z</time></trkpt><trkpt lat="44.713977" lon="-110.486584"><ele>2398.263</ele><time>2026-05-19T22:46:44Z</time></trkpt><trkpt lat="44.713953" lon="-110.486683"><ele>2398.427</ele><time>2026-05-19T22:46:51Z</time></trkpt><trkpt lat="44.713924" lon="-110.48679"><ele>2398.868</ele><time>2026-05-19T22:46:58Z</time></trkpt><trkpt lat="44.713917" lon="-110.486822"><ele>2399.214</ele><time>2026-05-19T22:47:00Z</time></trkpt><trkpt lat="44.713912" lon="-110.486859"><ele>2400.409</ele><time>2026-05-19T22:47:03Z</time></trkpt><trkpt lat="44.71391" lon="-110.486901"><ele>2399.844</ele><time>2026-05-19T22:47:06Z</time></trkpt><trkpt lat="44.713916" lon="-110.486935"><ele>2398.888</ele><time>2026-05-19T22:47:08Z</time></trkpt><trkpt lat="44.713923" lon="-110.486969"><ele>2397.467</ele><time>2026-05-19T22:47:10Z</time></trkpt><trkpt lat="44.713928" lon="-110.487018"><ele>2396.423</ele><time>2026-05-19T22:47:13Z</time></trkpt><trkpt lat="44.713943" lon="-110.487158"><ele>2395.654</ele><time>2026-05-19T22:47:22Z</time></trkpt><trkpt lat="44.713956" lon="-110.4872"><ele>2395.468</ele><time>2026-05-19T22:47:25Z</time></trkpt><trkpt lat="44.713962" lon="-110.487256"><ele>2395.283</ele><time>2026-05-19T22:47:29Z</time></trkpt><trkpt lat="44.713966" lon="-110.487329"><ele>2394.658</ele><time>2026-05-19T22:47:35Z</time></trkpt><trkpt lat="44.713975" lon="-110.487377"><ele>2394.297</ele><time>2026-05-19T22:47:38Z</time></trkpt><trkpt lat="44.713978" lon="-110.487443"><ele>2394.487</ele><time>2026-05-19T22:47:42Z</time></trkpt><trkpt lat="44.713997" lon="-110.487552"><ele>2393.842</ele><time>2026-05-19T22:47:50Z</time></trkpt><trkpt lat="44.714008" lon="-110.487691"><ele>2393.826</ele><time>2026-05-19T22:47:59Z</time></trkpt><trkpt lat="44.714015" lon="-110.487786"><ele>2393.009</ele><time>2026-05-19T22:48:06Z</time></trkpt><trkpt lat="44.714008" lon="-110.487816"><ele>2392.660</ele><time>2026-05-19T22:48:08Z</time></trkpt><trkpt lat="44.714001" lon="-110.487847"><ele>2392.674</ele><time>2026-05-19T22:48:10Z</time></trkpt><trkpt lat="44.713989" lon="-110.487939"><ele>2392.413</ele><time>2026-05-19T22:48:16Z</time></trkpt><trkpt lat="44.713989" lon="-110.487988"><ele>2392.089</ele><time>2026-05-19T22:48:19Z</time></trkpt><trkpt lat="44.713979" lon="-110.488104"><ele>2392.050</ele><time>2026-05-19T22:48:26Z</time></trkpt><trkpt lat="44.713969" lon="-110.48821"><ele>2391.284</ele><time>2026-05-19T22:48:34Z</time></trkpt><trkpt lat="44.713966" lon="-110.488254"><ele>2390.839</ele><time>2026-05-19T22:48:37Z</time></trkpt><trkpt lat="44.713975" lon="-110.488335"><ele>2390.224</ele><time>2026-05-19T22:48:42Z</time></trkpt><trkpt lat="44.713976" lon="-110.48835"><ele>2389.823</ele><time>2026-05-19T22:48:43Z</time></trkpt><trkpt lat="44.713976" lon="-110.488441"><ele>2389.482</ele><time>2026-05-19T22:48:49Z</time></trkpt><trkpt lat="44.713964" lon="-110.488553"><ele>2389.243</ele><time>2026-05-19T22:48:56Z</time></trkpt><trkpt lat="44.713963" lon="-110.488666"><ele>2388.817</ele><time>2026-05-19T22:49:04Z</time></trkpt><trkpt lat="44.713968" lon="-110.488806"><ele>2387.809</ele><time>2026-05-19T22:49:13Z</time></trkpt><trkpt lat="44.713972" lon="-110.488823"><ele>2387.650</ele><time>2026-05-19T22:49:14Z</time></trkpt><trkpt lat="44.713971" lon="-110.488913"><ele>2387.614</ele><time>2026-05-19T22:49:20Z</time></trkpt><trkpt lat="44.713972" lon="-110.489019"><ele>2387.693</ele><time>2026-05-19T22:49:27Z</time></trkpt><trkpt lat="44.713975" lon="-110.489162"><ele>2386.639</ele><time>2026-05-19T22:49:36Z</time></trkpt><trkpt lat="44.713986" lon="-110.489229"><ele>2386.660</ele><time>2026-05-19T22:49:42Z</time></trkpt><trkpt lat="44.713979" lon="-110.489346"><ele>2385.824</ele><time>2026-05-19T22:49:49Z</time></trkpt><trkpt lat="44.71399" lon="-110.489484"><ele>2386.049</ele><time>2026-05-19T22:49:57Z</time></trkpt><trkpt lat="44.713995" lon="-110.48953"><ele>2385.674</ele><time>2026-05-19T22:50:00Z</time></trkpt><trkpt lat="44.713996" lon="-110.489598"><ele>2385.013</ele><time>2026-05-19T22:50:04Z</time></trkpt><trkpt lat="44.714002" lon="-110.489716"><ele>2384.498</ele><time>2026-05-19T22:50:12Z</time></trkpt><trkpt lat="44.714022" lon="-110.489828"><ele>2383.615</ele><time>2026-05-19T22:50:19Z</time></trkpt><trkpt lat="44.714026" lon="-110.489841"><ele>2383.426</ele><time>2026-05-19T22:50:20Z</time></trkpt><trkpt lat="44.714049" lon="-110.489982"><ele>2382.609</ele><time>2026-05-19T22:50:29Z</time></trkpt><trkpt lat="44.714062" lon="-110.49003"><ele>2382.471</ele><time>2026-05-19T22:50:32Z</time></trkpt><trkpt lat="44.714062" lon="-110.490128"><ele>2382.095</ele><time>2026-05-19T22:50:38Z</time></trkpt><trkpt lat="44.714064" lon="-110.490224"><ele>2381.244</ele><time>2026-05-19T22:50:46Z</time></trkpt><trkpt lat="44.714056" lon="-110.49033"><ele>2380.850</ele><time>2026-05-19T22:50:53Z</time></trkpt><trkpt lat="44.714059" lon="-110.490391"><ele>2380.641</ele><time>2026-05-19T22:50:57Z</time></trkpt><trkpt lat="44.714048" lon="-110.490436"><ele>2380.425</ele><time>2026-05-19T22:51:00Z</time></trkpt><trkpt lat="44.71404" lon="-110.490482"><ele>2380.250</ele><time>2026-05-19T22:51:03Z</time></trkpt><trkpt lat="44.714039" lon="-110.490509"><ele>2380.285</ele><time>2026-05-19T22:51:06Z</time></trkpt><trkpt lat="44.714038" lon="-110.490593"><ele>2380.034</ele><time>2026-05-19T22:51:12Z</time></trkpt><trkpt lat="44.714048" lon="-110.490698"><ele>2379.253</ele><time>2026-05-19T22:51:19Z</time></trkpt><trkpt lat="44.714044" lon="-110.490711"><ele>2379.204</ele><time>2026-05-19T22:51:20Z</time></trkpt><trkpt lat="44.714032" lon="-110.490802"><ele>2378.614</ele><time>2026-05-19T22:51:27Z</time></trkpt><trkpt lat="44.714015" lon="-110.490914"><ele>2379.009</ele><time>2026-05-19T22:51:35Z</time></trkpt><trkpt lat="44.714012" lon="-110.491031"><ele>2379.287</ele><time>2026-05-19T22:51:43Z</time></trkpt><trkpt lat="44.714032" lon="-110.491175"><ele>2378.661</ele><time>2026-05-19T22:51:52Z</time></trkpt><trkpt lat="44.714024" lon="-110.491282"><ele>2378.480</ele><time>2026-05-19T22:51:59Z</time></trkpt><trkpt lat="44.71403" lon="-110.491399"><ele>2378.216</ele><time>2026-05-19T22:52:06Z</time></trkpt><trkpt lat="44.714031" lon="-110.491427"><ele>2378.097</ele><time>2026-05-19T22:52:08Z</time></trkpt><trkpt lat="44.714036" lon="-110.491536"><ele>2377.821</ele><time>2026-05-19T22:52:15Z</time></trkpt><trkpt lat="44.71404" lon="-110.491643"><ele>2377.636</ele><time>2026-05-19T22:52:23Z</time></trkpt><trkpt lat="44.714055" lon="-110.491766"><ele>2378.091</ele><time>2026-05-19T22:52:31Z</time></trkpt><trkpt lat="44.714061" lon="-110.491874"><ele>2377.460</ele><time>2026-05-19T22:52:39Z</time></trkpt><trkpt lat="44.714054" lon="-110.491946"><ele>2377.088</ele><time>2026-05-19T22:52:44Z</time></trkpt><trkpt lat="44.714043" lon="-110.492009"><ele>2377.024</ele><time>2026-05-19T22:52:48Z</time></trkpt><trkpt lat="44.714037" lon="-110.492094"><ele>2376.426</ele><time>2026-05-19T22:52:53Z</time></trkpt><trkpt lat="44.714038" lon="-110.492126"><ele>2376.209</ele><time>2026-05-19T22:52:55Z</time></trkpt><trkpt lat="44.714037" lon="-110.492139"><ele>2376.090</ele><time>2026-05-19T22:52:56Z</time></trkpt><trkpt lat="44.714039" lon="-110.492236"><ele>2375.654</ele><time>2026-05-19T22:53:02Z</time></trkpt><trkpt lat="44.71404" lon="-110.492317"><ele>2375.063</ele><time>2026-05-19T22:53:06Z</time></trkpt><trkpt lat="44.714041" lon="-110.492446"><ele>2374.079</ele><time>2026-05-19T22:53:14Z</time></trkpt><trkpt lat="44.714017" lon="-110.492603"><ele>2373.460</ele><time>2026-05-19T22:53:25Z</time></trkpt><trkpt lat="44.714018" lon="-110.492686"><ele>2373.474</ele><time>2026-05-19T22:53:31Z</time></trkpt><trkpt lat="44.714013" lon="-110.492722"><ele>2373.499</ele><time>2026-05-19T22:53:35Z</time></trkpt><trkpt lat="44.714" lon="-110.49278"><ele>2373.074</ele><time>2026-05-19T22:53:38Z</time></trkpt><trkpt lat="44.713976" lon="-110.492889"><ele>2372.853</ele><time>2026-05-19T22:53:43Z</time></trkpt><trkpt lat="44.713961" lon="-110.493033"><ele>2372.092</ele><time>2026-05-19T22:53:52Z</time></trkpt><trkpt lat="44.713959" lon="-110.493045"><ele>2371.873</ele><time>2026-05-19T22:53:53Z</time></trkpt><trkpt lat="44.713956" lon="-110.493084"><ele>2371.420</ele><time>2026-05-19T22:53:56Z</time></trkpt><trkpt lat="44.71395" lon="-110.493171"><ele>2371.209</ele><time>2026-05-19T22:54:01Z</time></trkpt><trkpt lat="44.713953" lon="-110.493219"><ele>2370.851</ele><time>2026-05-19T22:54:04Z</time></trkpt><trkpt lat="44.713972" lon="-110.493338"><ele>2369.665</ele><time>2026-05-19T22:54:11Z</time></trkpt><trkpt lat="44.714036" lon="-110.493444"><ele>2369.074</ele><time>2026-05-19T22:54:20Z</time></trkpt><trkpt lat="44.714093" lon="-110.49349"><ele>2368.620</ele><time>2026-05-19T22:54:26Z</time></trkpt><trkpt lat="44.714099" lon="-110.493499"><ele>2368.631</ele><time>2026-05-19T22:54:27Z</time></trkpt><trkpt lat="44.714126" lon="-110.493526"><ele>2368.895</ele><time>2026-05-19T22:54:34Z</time></trkpt><trkpt lat="44.71415" lon="-110.493557"><ele>2369.040</ele><time>2026-05-19T22:54:40Z</time></trkpt><trkpt lat="44.714172" lon="-110.493716"><ele>2369.015</ele><time>2026-05-19T22:54:50Z</time></trkpt><trkpt lat="44.714148" lon="-110.493841"><ele>2368.254</ele><time>2026-05-19T22:54:58Z</time></trkpt><trkpt lat="44.714137" lon="-110.493887"><ele>2367.462</ele><time>2026-05-19T22:55:01Z</time></trkpt><trkpt lat="44.71412" lon="-110.493963"><ele>2366.483</ele><time>2026-05-19T22:55:06Z</time></trkpt><trkpt lat="44.714114" lon="-110.493997"><ele>2366.011</ele><time>2026-05-19T22:55:08Z</time></trkpt><trkpt lat="44.714101" lon="-110.494081"><ele>2365.409</ele><time>2026-05-19T22:55:13Z</time></trkpt><trkpt lat="44.714083" lon="-110.49418"><ele>2365.078</ele><time>2026-05-19T22:55:19Z</time></trkpt><trkpt lat="44.714079" lon="-110.494271"><ele>2365.412</ele><time>2026-05-19T22:55:28Z</time></trkpt><trkpt lat="44.714084" lon="-110.494274"><ele>2365.681</ele><time>2026-05-19T22:55:29Z</time></trkpt><trkpt lat="44.714066" lon="-110.494273"><ele>2365.657</ele><time>2026-05-19T22:55:32Z</time></trkpt><trkpt lat="44.714058" lon="-110.494272"><ele>2365.428</ele><time>2026-05-19T22:55:33Z</time></trkpt><trkpt lat="44.713998" lon="-110.494262"><ele>2365.432</ele><time>2026-05-19T22:55:41Z</time></trkpt><trkpt lat="44.713949" lon="-110.494323"><ele>2366.257</ele><time>2026-05-19T22:55:51Z</time></trkpt><trkpt lat="44.71396" lon="-110.494333"><ele>2366.032</ele><time>2026-05-19T22:55:52Z</time></trkpt><trkpt lat="44.714044" lon="-110.494381"><ele>2365.251</ele><time>2026-05-19T22:55:59Z</time></trkpt><trkpt lat="44.714119" lon="-110.494483"><ele>2365.236</ele><time>2026-05-19T22:56:08Z</time></trkpt><trkpt lat="44.714125" lon="-110.494613"><ele>2365.817</ele><time>2026-05-19T22:56:17Z</time></trkpt><trkpt lat="44.714138" lon="-110.494664"><ele>2366.418</ele><time>2026-05-19T22:56:21Z</time></trkpt><trkpt lat="44.714163" lon="-110.49469"><ele>2366.609</ele><time>2026-05-19T22:56:24Z</time></trkpt><trkpt lat="44.714218" lon="-110.494747"><ele>2367.275</ele><time>2026-05-19T22:56:32Z</time></trkpt><trkpt lat="44.71427" lon="-110.494821"><ele>2367.449</ele><time>2026-05-19T22:56:39Z</time></trkpt><trkpt lat="44.714302" lon="-110.49489"><ele>2367.078</ele><time>2026-05-19T22:56:46Z</time></trkpt><trkpt lat="44.714316" lon="-110.494916"><ele>2367.094</ele><time>2026-05-19T22:56:48Z</time></trkpt><trkpt lat="44.714384" lon="-110.495021"><ele>2367.835</ele><time>2026-05-19T22:56:58Z</time></trkpt><trkpt lat="44.714407" lon="-110.495056"><ele>2368.039</ele><time>2026-05-19T22:57:02Z</time></trkpt><trkpt lat="44.714419" lon="-110.49507"><ele>2368.054</ele><time>2026-05-19T22:57:04Z</time></trkpt><trkpt lat="44.714448" lon="-110.495115"><ele>2368.039</ele><time>2026-05-19T22:57:08Z</time></trkpt><trkpt lat="44.714519" lon="-110.495218"><ele>2368.298</ele><time>2026-05-19T22:57:19Z</time></trkpt><trkpt lat="44.714562" lon="-110.495293"><ele>2368.492</ele><time>2026-05-19T22:57:26Z</time></trkpt><trkpt lat="44.714579" lon="-110.495333"><ele>2368.473</ele><time>2026-05-19T22:57:30Z</time></trkpt><trkpt lat="44.71461" lon="-110.495381"><ele>2369.220</ele><time>2026-05-19T22:57:36Z</time></trkpt><trkpt lat="44.71463" lon="-110.495389"><ele>2369.609</ele><time>2026-05-19T22:57:38Z</time></trkpt><trkpt lat="44.714668" lon="-110.495383"><ele>2369.871</ele><time>2026-05-19T22:57:42Z</time></trkpt><trkpt lat="44.714768" lon="-110.495381"><ele>2369.475</ele><time>2026-05-19T22:57:52Z</time></trkpt><trkpt lat="44.714804" lon="-110.495438"><ele>2369.414</ele><time>2026-05-19T22:58:00Z</time></trkpt><trkpt lat="44.714871" lon="-110.495513"><ele>2369.810</ele><time>2026-05-19T22:58:08Z</time></trkpt><trkpt lat="44.714919" lon="-110.495553"><ele>2370.241</ele><time>2026-05-19T22:58:14Z</time></trkpt><trkpt lat="44.715" lon="-110.495597"><ele>2369.695</ele><time>2026-05-19T22:58:24Z</time></trkpt><trkpt lat="44.715008" lon="-110.495602"><ele>2369.830</ele><time>2026-05-19T22:58:25Z</time></trkpt><trkpt lat="44.715086" lon="-110.495632"><ele>2370.635</ele><time>2026-05-19T22:58:32Z</time></trkpt><trkpt lat="44.71517" lon="-110.495665"><ele>2371.894</ele><time>2026-05-19T22:58:40Z</time></trkpt><trkpt lat="44.715185" lon="-110.495672"><ele>2372.033</ele><time>2026-05-19T22:58:41Z</time></trkpt><trkpt lat="44.715264" lon="-110.495734"><ele>2371.023</ele><time>2026-05-19T22:58:48Z</time></trkpt><trkpt lat="44.715282" lon="-110.495752"><ele>2371.615</ele><time>2026-05-19T22:58:51Z</time></trkpt></trkseg></trk></gpx>