<?xml version="1.0" encoding="UTF-8"?><gpx creator="Wikiloc - http://www.wikiloc.com" version="1.1" xmlns="http://www.topografix.com/GPX/1/1" xmlns:xsi="http://www.w3.org/2001/XMLSchema-instance" xsi:schemaLocation="http://www.topografix.com/GPX/1/1 http://www.topografix.com/GPX/1/1/gpx.xsd"><trk><name><![CDATA[Yosemite National Park: Mariposa Grove - Grizzly Giant - Faithful Couple - Wawona Point - Mariposa Grove]]></name><cmt><![CDATA[Ruta circular des de Fish Camp passant per:
- The Fallen Monarch (0.3 km)
- Bachelor and three graces (0.8 km)
- Grizzly Giant (1.2 km)
- Faithful Couple (2.4 km)
- Clothespin tree (2.8 km)
- Wawona Pointe (5.8 km)
- Telescope tree (7.4 km)
- Columbia Tree (7.9 km)]]></cmt><desc><![CDATA[Ruta circular des de Fish Camp passant per:
- The Fallen Monarch (0.3 km)
- Bachelor and three graces (0.8 km)
- Grizzly Giant (1.2 km)
- Faithful Couple (2.4 km)
- Clothespin tree (2.8 km)
- Wawona Pointe (5.8 km)
- Telescope tree (7.4 km)
- Columbia Tree (7.9 km)]]></desc><trkseg><trkpt lat="37.501882" lon="-119.611099"><ele>1713.698</ele><time>2026-09-05T16:30:11Z</time></trkpt><trkpt lat="37.501579" lon="-119.611481"><ele>1713.615</ele><time>2026-09-05T16:30:12Z</time></trkpt><trkpt lat="37.501306" lon="-119.611036"><ele>1713.226</ele><time>2026-09-05T16:30:16Z</time></trkpt><trkpt lat="37.501349" lon="-119.610907"><ele>1712.809</ele><time>2026-09-05T16:30:19Z</time></trkpt><trkpt lat="37.501395" lon="-119.61081"><ele>1712.891</ele><time>2026-09-05T16:30:22Z</time></trkpt><trkpt lat="37.501463" lon="-119.610647"><ele>1713.267</ele><time>2026-09-05T16:30:30Z</time></trkpt><trkpt lat="37.501487" lon="-119.610593"><ele>1713.043</ele><time>2026-09-05T16:30:34Z</time></trkpt><trkpt lat="37.501499" lon="-119.610535"><ele>1713.040</ele><time>2026-09-05T16:30:38Z</time></trkpt><trkpt lat="37.501513" lon="-119.610503"><ele>1712.685</ele><time>2026-09-05T16:30:42Z</time></trkpt><trkpt lat="37.501527" lon="-119.610479"><ele>1712.225</ele><time>2026-09-05T16:30:45Z</time></trkpt><trkpt lat="37.501569" lon="-119.61036"><ele>1711.823</ele><time>2026-09-05T16:30:57Z</time></trkpt><trkpt lat="37.501592" lon="-119.610286"><ele>1711.459</ele><time>2026-09-05T16:31:02Z</time></trkpt><trkpt lat="37.501599" lon="-119.610253"><ele>1711.489</ele><time>2026-09-05T16:31:05Z</time></trkpt><trkpt lat="37.501599" lon="-119.610157"><ele>1711.033</ele><time>2026-09-05T16:31:14Z</time></trkpt><trkpt lat="37.501636" lon="-119.610067"><ele>1710.823</ele><time>2026-09-05T16:31:23Z</time></trkpt><trkpt lat="37.501701" lon="-119.609946"><ele>1711.015</ele><time>2026-09-05T16:31:33Z</time></trkpt><trkpt lat="37.501781" lon="-119.609857"><ele>1711.409</ele><time>2026-09-05T16:31:42Z</time></trkpt><trkpt lat="37.50186" lon="-119.609744"><ele>1711.475</ele><time>2026-09-05T16:31:53Z</time></trkpt><trkpt lat="37.501905" lon="-119.609627"><ele>1712.251</ele><time>2026-09-05T16:32:03Z</time></trkpt><trkpt lat="37.501964" lon="-119.609448"><ele>1712.447</ele><time>2026-09-05T16:32:14Z</time></trkpt><trkpt lat="37.501977" lon="-119.609421"><ele>1712.624</ele><time>2026-09-05T16:32:16Z</time></trkpt><trkpt lat="37.502012" lon="-119.609352"><ele>1713.069</ele><time>2026-09-05T16:32:22Z</time></trkpt><trkpt lat="37.502082" lon="-119.60927"><ele>1713.439</ele><time>2026-09-05T16:32:30Z</time></trkpt><trkpt lat="37.502108" lon="-119.609245"><ele>1713.647</ele><time>2026-09-05T16:32:33Z</time></trkpt><trkpt lat="37.50216" lon="-119.609209"><ele>1714.043</ele><time>2026-09-05T16:32:38Z</time></trkpt><trkpt lat="37.502246" lon="-119.609134"><ele>1714.653</ele><time>2026-09-05T16:32:47Z</time></trkpt><trkpt lat="37.502256" lon="-119.609126"><ele>1714.835</ele><time>2026-09-05T16:32:48Z</time></trkpt><trkpt lat="37.502327" lon="-119.609064"><ele>1715.286</ele><time>2026-09-05T16:32:55Z</time></trkpt><trkpt lat="37.502388" lon="-119.609004"><ele>1715.814</ele><time>2026-09-05T16:33:02Z</time></trkpt><trkpt lat="37.502394" lon="-119.608994"><ele>1715.809</ele><time>2026-09-05T16:33:03Z</time></trkpt><trkpt lat="37.502475" lon="-119.608942"><ele>1716.635</ele><time>2026-09-05T16:33:11Z</time></trkpt><trkpt lat="37.502509" lon="-119.608915"><ele>1716.871</ele><time>2026-09-05T16:33:15Z</time></trkpt><trkpt lat="37.502542" lon="-119.60887"><ele>1717.077</ele><time>2026-09-05T16:33:20Z</time></trkpt><trkpt lat="37.502543" lon="-119.608744"><ele>1717.424</ele><time>2026-09-05T16:33:28Z</time></trkpt><trkpt lat="37.502537" lon="-119.60866"><ele>1717.879</ele><time>2026-09-05T16:33:34Z</time></trkpt><trkpt lat="37.502553" lon="-119.608582"><ele>1718.489</ele><time>2026-09-05T16:33:39Z</time></trkpt><trkpt lat="37.502595" lon="-119.60847"><ele>1719.067</ele><time>2026-09-05T16:33:46Z</time></trkpt><trkpt lat="37.502605" lon="-119.608458"><ele>1719.023</ele><time>2026-09-05T16:33:47Z</time></trkpt><trkpt lat="37.502683" lon="-119.608384"><ele>1719.493</ele><time>2026-09-05T16:33:55Z</time></trkpt><trkpt lat="37.502765" lon="-119.608343"><ele>1720.087</ele><time>2026-09-05T16:34:03Z</time></trkpt><trkpt lat="37.502774" lon="-119.608337"><ele>1720.042</ele><time>2026-09-05T16:34:04Z</time></trkpt><trkpt lat="37.502854" lon="-119.608264"><ele>1720.426</ele><time>2026-09-05T16:34:12Z</time></trkpt><trkpt lat="37.502927" lon="-119.608158"><ele>1720.809</ele><time>2026-09-05T16:34:22Z</time></trkpt><trkpt lat="37.502936" lon="-119.608147"><ele>1721.070</ele><time>2026-09-05T16:34:23Z</time></trkpt><trkpt lat="37.503011" lon="-119.608056"><ele>1721.646</ele><time>2026-09-05T16:34:32Z</time></trkpt><trkpt lat="37.50306" lon="-119.60801"><ele>1722.032</ele><time>2026-09-05T16:34:37Z</time></trkpt><trkpt lat="37.503105" lon="-119.607976"><ele>1722.479</ele><time>2026-09-05T16:34:41Z</time></trkpt><trkpt lat="37.503145" lon="-119.607909"><ele>1722.884</ele><time>2026-09-05T16:34:48Z</time></trkpt><trkpt lat="37.503153" lon="-119.607887"><ele>1723.084</ele><time>2026-09-05T16:34:50Z</time></trkpt><trkpt lat="37.503185" lon="-119.607819"><ele>1724.032</ele><time>2026-09-05T16:34:56Z</time></trkpt><trkpt lat="37.50319" lon="-119.607809"><ele>1724.268</ele><time>2026-09-05T16:34:57Z</time></trkpt><trkpt lat="37.503215" lon="-119.60774"><ele>1725.058</ele><time>2026-09-05T16:35:03Z</time></trkpt><trkpt lat="37.503217" lon="-119.607728"><ele>1725.236</ele><time>2026-09-05T16:35:04Z</time></trkpt><trkpt lat="37.50322" lon="-119.607719"><ele>1725.417</ele><time>2026-09-05T16:35:05Z</time></trkpt><trkpt lat="37.503246" lon="-119.60764"><ele>1726.218</ele><time>2026-09-05T16:35:11Z</time></trkpt><trkpt lat="37.503266" lon="-119.607582"><ele>1727.009</ele><time>2026-09-05T16:35:16Z</time></trkpt><trkpt lat="37.503311" lon="-119.607486"><ele>1727.075</ele><time>2026-09-05T16:35:25Z</time></trkpt><trkpt lat="37.503335" lon="-119.607382"><ele>1727.011</ele><time>2026-09-05T16:35:32Z</time></trkpt><trkpt lat="37.503351" lon="-119.60735"><ele>1727.457</ele><time>2026-09-05T16:35:35Z</time></trkpt><trkpt lat="37.503377" lon="-119.607285"><ele>1728.014</ele><time>2026-09-05T16:35:40Z</time></trkpt><trkpt lat="37.503391" lon="-119.607239"><ele>1728.439</ele><time>2026-09-05T16:35:44Z</time></trkpt><trkpt lat="37.503411" lon="-119.607193"><ele>1729.249</ele><time>2026-09-05T16:35:49Z</time></trkpt><trkpt lat="37.503418" lon="-119.607177"><ele>1729.627</ele><time>2026-09-05T16:35:51Z</time></trkpt><trkpt lat="37.503438" lon="-119.607109"><ele>1730.423</ele><time>2026-09-05T16:35:57Z</time></trkpt><trkpt lat="37.50345" lon="-119.607092"><ele>1730.833</ele><time>2026-09-05T16:36:00Z</time></trkpt><trkpt lat="37.503474" lon="-119.607062"><ele>1731.673</ele><time>2026-09-05T16:36:04Z</time></trkpt><trkpt lat="37.503479" lon="-119.607054"><ele>1731.885</ele><time>2026-09-05T16:36:05Z</time></trkpt><trkpt lat="37.503512" lon="-119.607001"><ele>1732.813</ele><time>2026-09-05T16:36:11Z</time></trkpt><trkpt lat="37.503515" lon="-119.606993"><ele>1733.009</ele><time>2026-09-05T16:36:12Z</time></trkpt><trkpt lat="37.503539" lon="-119.60691"><ele>1734.069</ele><time>2026-09-05T16:36:19Z</time></trkpt><trkpt lat="37.503539" lon="-119.606903"><ele>1734.035</ele><time>2026-09-05T16:36:20Z</time></trkpt><trkpt lat="37.503554" lon="-119.606856"><ele>1735.091</ele><time>2026-09-05T16:36:26Z</time></trkpt><trkpt lat="37.503562" lon="-119.606833"><ele>1735.218</ele><time>2026-09-05T16:36:28Z</time></trkpt><trkpt lat="37.503585" lon="-119.606741"><ele>1736.063</ele><time>2026-09-05T16:36:35Z</time></trkpt><trkpt lat="37.503611" lon="-119.606625"><ele>1736.893</ele><time>2026-09-05T16:36:44Z</time></trkpt><trkpt lat="37.503629" lon="-119.60658"><ele>1737.091</ele><time>2026-09-05T16:36:47Z</time></trkpt><trkpt lat="37.503652" lon="-119.606524"><ele>1737.697</ele><time>2026-09-05T16:36:51Z</time></trkpt><trkpt lat="37.50367" lon="-119.606456"><ele>1738.027</ele><time>2026-09-05T16:36:58Z</time></trkpt><trkpt lat="37.503699" lon="-119.606425"><ele>1738.483</ele><time>2026-09-05T16:37:01Z</time></trkpt><trkpt lat="37.503725" lon="-119.606352"><ele>1738.625</ele><time>2026-09-05T16:37:08Z</time></trkpt><trkpt lat="37.503733" lon="-119.606286"><ele>1739.017</ele><time>2026-09-05T16:37:13Z</time></trkpt><trkpt lat="37.503751" lon="-119.60624"><ele>1739.609</ele><time>2026-09-05T16:37:17Z</time></trkpt><trkpt lat="37.503787" lon="-119.606182"><ele>1740.020</ele><time>2026-09-05T16:37:23Z</time></trkpt><trkpt lat="37.503803" lon="-119.606143"><ele>1740.496</ele><time>2026-09-05T16:37:26Z</time></trkpt><trkpt lat="37.503837" lon="-119.606072"><ele>1741.242</ele><time>2026-09-05T16:37:32Z</time></trkpt><trkpt lat="37.503839" lon="-119.606058"><ele>1741.229</ele><time>2026-09-05T16:37:33Z</time></trkpt><trkpt lat="37.503847" lon="-119.605979"><ele>1742.264</ele><time>2026-09-05T16:37:39Z</time></trkpt><trkpt lat="37.503843" lon="-119.605942"><ele>1742.634</ele><time>2026-09-05T16:37:42Z</time></trkpt><trkpt lat="37.503838" lon="-119.605855"><ele>1743.292</ele><time>2026-09-05T16:37:50Z</time></trkpt><trkpt lat="37.503837" lon="-119.605843"><ele>1743.488</ele><time>2026-09-05T16:37:51Z</time></trkpt><trkpt lat="37.503839" lon="-119.605774"><ele>1744.098</ele><time>2026-09-05T16:37:58Z</time></trkpt><trkpt lat="37.503842" lon="-119.605765"><ele>1744.012</ele><time>2026-09-05T16:37:59Z</time></trkpt><trkpt lat="37.503842" lon="-119.605753"><ele>1744.232</ele><time>2026-09-05T16:38:00Z</time></trkpt><trkpt lat="37.503848" lon="-119.605729"><ele>1744.205</ele><time>2026-09-05T16:38:02Z</time></trkpt><trkpt lat="37.503839" lon="-119.605618"><ele>1745.209</ele><time>2026-09-05T16:38:11Z</time></trkpt><trkpt lat="37.503836" lon="-119.605608"><ele>1745.473</ele><time>2026-09-05T16:38:12Z</time></trkpt><trkpt lat="37.503826" lon="-119.605506"><ele>1746.479</ele><time>2026-09-05T16:38:21Z</time></trkpt><trkpt lat="37.503826" lon="-119.605499"><ele>1746.465</ele><time>2026-09-05T16:38:22Z</time></trkpt><trkpt lat="37.503821" lon="-119.605428"><ele>1747.242</ele><time>2026-09-05T16:38:29Z</time></trkpt><trkpt lat="37.503824" lon="-119.605408"><ele>1747.447</ele><time>2026-09-05T16:38:31Z</time></trkpt><trkpt lat="37.503831" lon="-119.605329"><ele>1748.447</ele><time>2026-09-05T16:38:39Z</time></trkpt><trkpt lat="37.503832" lon="-119.60531"><ele>1748.635</ele><time>2026-09-05T16:38:41Z</time></trkpt><trkpt lat="37.503822" lon="-119.605243"><ele>1749.271</ele><time>2026-09-05T16:38:47Z</time></trkpt><trkpt lat="37.503808" lon="-119.605192"><ele>1749.671</ele><time>2026-09-05T16:38:52Z</time></trkpt><trkpt lat="37.503804" lon="-119.60518"><ele>1749.821</ele><time>2026-09-05T16:38:53Z</time></trkpt><trkpt lat="37.503799" lon="-119.605111"><ele>1750.241</ele><time>2026-09-05T16:38:59Z</time></trkpt><trkpt lat="37.503816" lon="-119.605066"><ele>1750.805</ele><time>2026-09-05T16:39:05Z</time></trkpt><trkpt lat="37.503828" lon="-119.605029"><ele>1751.409</ele><time>2026-09-05T16:39:09Z</time></trkpt><trkpt lat="37.503827" lon="-119.604971"><ele>1751.834</ele><time>2026-09-05T16:39:14Z</time></trkpt><trkpt lat="37.503826" lon="-119.604958"><ele>1752.070</ele><time>2026-09-05T16:39:15Z</time></trkpt><trkpt lat="37.503816" lon="-119.60485"><ele>1752.876</ele><time>2026-09-05T16:39:24Z</time></trkpt><trkpt lat="37.503823" lon="-119.604788"><ele>1753.863</ele><time>2026-09-05T16:39:31Z</time></trkpt><trkpt lat="37.503825" lon="-119.604776"><ele>1753.888</ele><time>2026-09-05T16:39:32Z</time></trkpt><trkpt lat="37.50383" lon="-119.604698"><ele>1755.068</ele><time>2026-09-05T16:39:40Z</time></trkpt><trkpt lat="37.503835" lon="-119.604687"><ele>1755.016</ele><time>2026-09-05T16:39:41Z</time></trkpt><trkpt lat="37.503851" lon="-119.604632"><ele>1756.082</ele><time>2026-09-05T16:39:47Z</time></trkpt><trkpt lat="37.50386" lon="-119.604609"><ele>1756.222</ele><time>2026-09-05T16:39:49Z</time></trkpt><trkpt lat="37.503911" lon="-119.604519"><ele>1756.432</ele><time>2026-09-05T16:39:58Z</time></trkpt><trkpt lat="37.503954" lon="-119.604431"><ele>1756.692</ele><time>2026-09-05T16:40:07Z</time></trkpt><trkpt lat="37.50401" lon="-119.604418"><ele>1757.011</ele><time>2026-09-05T16:40:14Z</time></trkpt><trkpt lat="37.504022" lon="-119.60442"><ele>1757.209</ele><time>2026-09-05T16:40:15Z</time></trkpt><trkpt lat="37.50409" lon="-119.60446"><ele>1758.095</ele><time>2026-09-05T16:40:24Z</time></trkpt><trkpt lat="37.504098" lon="-119.604471"><ele>1758.221</ele><time>2026-09-05T16:40:26Z</time></trkpt><trkpt lat="37.50414" lon="-119.604471"><ele>1758.617</ele><time>2026-09-05T16:40:30Z</time></trkpt><trkpt lat="37.504138" lon="-119.604456"><ele>1758.844</ele><time>2026-09-05T16:40:33Z</time></trkpt><trkpt lat="37.504131" lon="-119.604445"><ele>1759.259</ele><time>2026-09-05T16:40:35Z</time></trkpt><trkpt lat="37.504105" lon="-119.604376"><ele>1760.049</ele><time>2026-09-05T16:40:42Z</time></trkpt><trkpt lat="37.504102" lon="-119.604363"><ele>1760.237</ele><time>2026-09-05T16:40:43Z</time></trkpt><trkpt lat="37.5041" lon="-119.604354"><ele>1760.273</ele><time>2026-09-05T16:40:44Z</time></trkpt><trkpt lat="37.50407" lon="-119.604272"><ele>1761.083</ele><time>2026-09-05T16:40:52Z</time></trkpt><trkpt lat="37.504063" lon="-119.604245"><ele>1761.431</ele><time>2026-09-05T16:40:55Z</time></trkpt><trkpt lat="37.50404" lon="-119.604172"><ele>1761.861</ele><time>2026-09-05T16:41:01Z</time></trkpt><trkpt lat="37.504026" lon="-119.604124"><ele>1762.407</ele><time>2026-09-05T16:41:06Z</time></trkpt><trkpt lat="37.504014" lon="-119.604056"><ele>1762.809</ele><time>2026-09-05T16:41:12Z</time></trkpt><trkpt lat="37.504011" lon="-119.603988"><ele>1763.485</ele><time>2026-09-05T16:41:18Z</time></trkpt><trkpt lat="37.504003" lon="-119.603941"><ele>1763.891</ele><time>2026-09-05T16:41:22Z</time></trkpt><trkpt lat="37.504003" lon="-119.603841"><ele>1764.427</ele><time>2026-09-05T16:41:30Z</time></trkpt><trkpt lat="37.504009" lon="-119.603806"><ele>1764.674</ele><time>2026-09-05T16:41:32Z</time></trkpt><trkpt lat="37.504008" lon="-119.603739"><ele>1765.279</ele><time>2026-09-05T16:41:39Z</time></trkpt><trkpt lat="37.504009" lon="-119.603716"><ele>1765.659</ele><time>2026-09-05T16:41:42Z</time></trkpt><trkpt lat="37.504015" lon="-119.603622"><ele>1766.217</ele><time>2026-09-05T16:41:48Z</time></trkpt><trkpt lat="37.504026" lon="-119.603576"><ele>1766.613</ele><time>2026-09-05T16:41:52Z</time></trkpt><trkpt lat="37.504039" lon="-119.603528"><ele>1767.233</ele><time>2026-09-05T16:41:57Z</time></trkpt><trkpt lat="37.504061" lon="-119.603465"><ele>1767.616</ele><time>2026-09-05T16:42:02Z</time></trkpt><trkpt lat="37.504084" lon="-119.603398"><ele>1768.076</ele><time>2026-09-05T16:42:07Z</time></trkpt><trkpt lat="37.504126" lon="-119.603289"><ele>1768.613</ele><time>2026-09-05T16:42:17Z</time></trkpt><trkpt lat="37.504147" lon="-119.603249"><ele>1768.809</ele><time>2026-09-05T16:42:20Z</time></trkpt><trkpt lat="37.504167" lon="-119.60315"><ele>1769.493</ele><time>2026-09-05T16:42:27Z</time></trkpt><trkpt lat="37.504161" lon="-119.603124"><ele>1769.859</ele><time>2026-09-05T16:42:29Z</time></trkpt><trkpt lat="37.504102" lon="-119.603057"><ele>1770.075</ele><time>2026-09-05T16:42:36Z</time></trkpt><trkpt lat="37.504022" lon="-119.602967"><ele>1770.272</ele><time>2026-09-05T16:42:45Z</time></trkpt><trkpt lat="37.503969" lon="-119.602862"><ele>1771.087</ele><time>2026-09-05T16:42:53Z</time></trkpt><trkpt lat="37.503934" lon="-119.602755"><ele>1771.867</ele><time>2026-09-05T16:43:02Z</time></trkpt><trkpt lat="37.503936" lon="-119.60273"><ele>1772.055</ele><time>2026-09-05T16:43:04Z</time></trkpt><trkpt lat="37.503897" lon="-119.602633"><ele>1773.081</ele><time>2026-09-05T16:43:11Z</time></trkpt><trkpt lat="37.503889" lon="-119.602625"><ele>1773.221</ele><time>2026-09-05T16:43:12Z</time></trkpt><trkpt lat="37.503835" lon="-119.602564"><ele>1774.281</ele><time>2026-09-05T16:43:19Z</time></trkpt><trkpt lat="37.503827" lon="-119.602557"><ele>1774.461</ele><time>2026-09-05T16:43:20Z</time></trkpt><trkpt lat="37.503731" lon="-119.602477"><ele>1774.817</ele><time>2026-09-05T16:43:30Z</time></trkpt><trkpt lat="37.503693" lon="-119.60245"><ele>1775.409</ele><time>2026-09-05T16:43:34Z</time></trkpt><trkpt lat="37.503644" lon="-119.602467"><ele>1776.060</ele><time>2026-09-05T16:43:39Z</time></trkpt><trkpt lat="37.503588" lon="-119.602505"><ele>1776.446</ele><time>2026-09-05T16:43:45Z</time></trkpt><trkpt lat="37.503579" lon="-119.602512"><ele>1776.692</ele><time>2026-09-05T16:43:46Z</time></trkpt><trkpt lat="37.50353" lon="-119.602567"><ele>1777.469</ele><time>2026-09-05T16:43:53Z</time></trkpt><trkpt lat="37.503526" lon="-119.602572"><ele>1777.684</ele><time>2026-09-05T16:43:54Z</time></trkpt><trkpt lat="37.503454" lon="-119.602629"><ele>1778.494</ele><time>2026-09-05T16:44:02Z</time></trkpt><trkpt lat="37.503393" lon="-119.602609"><ele>1779.472</ele><time>2026-09-05T16:44:10Z</time></trkpt><trkpt lat="37.503369" lon="-119.602523"><ele>1780.678</ele><time>2026-09-05T16:44:17Z</time></trkpt><trkpt lat="37.503368" lon="-119.602516"><ele>1780.848</ele><time>2026-09-05T16:44:18Z</time></trkpt><trkpt lat="37.503363" lon="-119.602421"><ele>1781.688</ele><time>2026-09-05T16:44:26Z</time></trkpt><trkpt lat="37.503365" lon="-119.60241"><ele>1781.824</ele><time>2026-09-05T16:44:27Z</time></trkpt><trkpt lat="37.503374" lon="-119.602331"><ele>1782.226</ele><time>2026-09-05T16:44:35Z</time></trkpt><trkpt lat="37.503359" lon="-119.602287"><ele>1782.609</ele><time>2026-09-05T16:44:38Z</time></trkpt><trkpt lat="37.503328" lon="-119.602253"><ele>1783.250</ele><time>2026-09-05T16:44:42Z</time></trkpt><trkpt lat="37.503307" lon="-119.60222"><ele>1783.826</ele><time>2026-09-05T16:44:46Z</time></trkpt><trkpt lat="37.503293" lon="-119.602178"><ele>1784.422</ele><time>2026-09-05T16:44:51Z</time></trkpt><trkpt lat="37.503268" lon="-119.602123"><ele>1784.869</ele><time>2026-09-05T16:44:56Z</time></trkpt><trkpt lat="37.503231" lon="-119.602078"><ele>1785.614</ele><time>2026-09-05T16:45:02Z</time></trkpt><trkpt lat="37.503215" lon="-119.602067"><ele>1786.074</ele><time>2026-09-05T16:45:05Z</time></trkpt><trkpt lat="37.503171" lon="-119.602035"><ele>1786.872</ele><time>2026-09-05T16:45:11Z</time></trkpt><trkpt lat="37.503164" lon="-119.602027"><ele>1787.038</ele><time>2026-09-05T16:45:13Z</time></trkpt><trkpt lat="37.503137" lon="-119.601954"><ele>1788.018</ele><time>2026-09-05T16:45:19Z</time></trkpt><trkpt lat="37.503131" lon="-119.60194"><ele>1788.237</ele><time>2026-09-05T16:45:20Z</time></trkpt><trkpt lat="37.503091" lon="-119.601878"><ele>1788.849</ele><time>2026-09-05T16:45:28Z</time></trkpt><trkpt lat="37.503079" lon="-119.601859"><ele>1789.213</ele><time>2026-09-05T16:45:31Z</time></trkpt><trkpt lat="37.50305" lon="-119.601802"><ele>1789.809</ele><time>2026-09-05T16:45:37Z</time></trkpt><trkpt lat="37.503049" lon="-119.601751"><ele>1790.275</ele><time>2026-09-05T16:45:40Z</time></trkpt><trkpt lat="37.503045" lon="-119.601692"><ele>1791.061</ele><time>2026-09-05T16:45:46Z</time></trkpt><trkpt lat="37.503041" lon="-119.60168"><ele>1791.437</ele><time>2026-09-05T16:45:48Z</time></trkpt><trkpt lat="37.503021" lon="-119.601603"><ele>1792.274</ele><time>2026-09-05T16:45:55Z</time></trkpt><trkpt lat="37.503016" lon="-119.601589"><ele>1792.429</ele><time>2026-09-05T16:45:56Z</time></trkpt><trkpt lat="37.503008" lon="-119.601481"><ele>1793.469</ele><time>2026-09-05T16:46:04Z</time></trkpt><trkpt lat="37.503012" lon="-119.601463"><ele>1793.467</ele><time>2026-09-05T16:46:06Z</time></trkpt><trkpt lat="37.503062" lon="-119.601401"><ele>1793.823</ele><time>2026-09-05T16:46:14Z</time></trkpt><trkpt lat="37.503115" lon="-119.601345"><ele>1794.423</ele><time>2026-09-05T16:46:21Z</time></trkpt><trkpt lat="37.503133" lon="-119.601324"><ele>1794.834</ele><time>2026-09-05T16:46:24Z</time></trkpt><trkpt lat="37.503188" lon="-119.601266"><ele>1795.255</ele><time>2026-09-05T16:46:32Z</time></trkpt><trkpt lat="37.503203" lon="-119.601251"><ele>1795.610</ele><time>2026-09-05T16:46:34Z</time></trkpt><trkpt lat="37.503247" lon="-119.60121"><ele>1796.009</ele><time>2026-09-05T16:46:40Z</time></trkpt><trkpt lat="37.503269" lon="-119.601187"><ele>1796.285</ele><time>2026-09-05T16:46:43Z</time></trkpt><trkpt lat="37.503288" lon="-119.601154"><ele>1796.611</ele><time>2026-09-05T16:46:47Z</time></trkpt><trkpt lat="37.50329" lon="-119.601143"><ele>1796.657</ele><time>2026-09-05T16:46:48Z</time></trkpt><trkpt lat="37.503306" lon="-119.601071"><ele>1796.824</ele><time>2026-09-05T16:46:54Z</time></trkpt><trkpt lat="37.50331" lon="-119.601044"><ele>1796.869</ele><time>2026-09-05T16:46:56Z</time></trkpt><trkpt lat="37.503324" lon="-119.601031"><ele>1796.829</ele><time>2026-09-05T16:47:00Z</time></trkpt><trkpt lat="37.50333" lon="-119.601038"><ele>1796.877</ele><time>2026-09-05T16:47:02Z</time></trkpt><trkpt lat="37.503352" lon="-119.60105"><ele>1796.843</ele><time>2026-09-05T16:47:05Z</time></trkpt><trkpt lat="37.503356" lon="-119.601052"><ele>1796.823</ele><time>2026-09-05T16:47:06Z</time></trkpt><trkpt lat="37.503362" lon="-119.601055"><ele>1796.861</ele><time>2026-09-05T16:47:07Z</time></trkpt><trkpt lat="37.50338" lon="-119.601046"><ele>1797.021</ele><time>2026-09-05T16:47:10Z</time></trkpt><trkpt lat="37.503378" lon="-119.601038"><ele>1797.013</ele><time>2026-09-05T16:47:11Z</time></trkpt><trkpt lat="37.50335" lon="-119.600993"><ele>1797.409</ele><time>2026-09-05T16:47:19Z</time></trkpt><trkpt lat="37.50335" lon="-119.600995"><ele>1797.488</ele><time>2026-09-05T16:47:22Z</time></trkpt><trkpt lat="37.503373" lon="-119.600981"><ele>1797.634</ele><time>2026-09-05T16:47:26Z</time></trkpt><trkpt lat="37.503408" lon="-119.600942"><ele>1798.020</ele><time>2026-09-05T16:47:30Z</time></trkpt><trkpt lat="37.503446" lon="-119.600908"><ele>1798.287</ele><time>2026-09-05T16:47:34Z</time></trkpt><trkpt lat="37.503485" lon="-119.600902"><ele>1798.442</ele><time>2026-09-05T16:47:42Z</time></trkpt><trkpt lat="37.50349" lon="-119.600913"><ele>1798.612</ele><time>2026-09-05T16:47:45Z</time></trkpt><trkpt lat="37.503511" lon="-119.60094"><ele>1798.430</ele><time>2026-09-05T16:47:49Z</time></trkpt><trkpt lat="37.503533" lon="-119.60096"><ele>1798.696</ele><time>2026-09-05T16:47:55Z</time></trkpt><trkpt lat="37.503531" lon="-119.600945"><ele>1798.826</ele><time>2026-09-05T16:48:05Z</time></trkpt><trkpt lat="37.503557" lon="-119.600933"><ele>1798.697</ele><time>2026-09-05T16:48:14Z</time></trkpt><trkpt lat="37.50367" lon="-119.600927"><ele>1798.623</ele><time>2026-09-05T16:48:23Z</time></trkpt><trkpt lat="37.503728" lon="-119.600897"><ele>1798.825</ele><time>2026-09-05T16:48:30Z</time></trkpt><trkpt lat="37.503748" lon="-119.600878"><ele>1798.809</ele><time>2026-09-05T16:48:32Z</time></trkpt><trkpt lat="37.503773" lon="-119.600833"><ele>1798.861</ele><time>2026-09-05T16:48:36Z</time></trkpt><trkpt lat="37.503782" lon="-119.600811"><ele>1798.897</ele><time>2026-09-05T16:48:38Z</time></trkpt><trkpt lat="37.503798" lon="-119.600771"><ele>1798.683</ele><time>2026-09-05T16:48:41Z</time></trkpt><trkpt lat="37.503865" lon="-119.600693"><ele>1798.260</ele><time>2026-09-05T16:48:49Z</time></trkpt><trkpt lat="37.503925" lon="-119.600598"><ele>1798.265</ele><time>2026-09-05T16:48:58Z</time></trkpt><trkpt lat="37.50399" lon="-119.600503"><ele>1798.275</ele><time>2026-09-05T16:49:07Z</time></trkpt><trkpt lat="37.504031" lon="-119.600396"><ele>1798.843</ele><time>2026-09-05T16:49:16Z</time></trkpt><trkpt lat="37.504033" lon="-119.600382"><ele>1798.899</ele><time>2026-09-05T16:49:17Z</time></trkpt><trkpt lat="37.504084" lon="-119.600287"><ele>1799.459</ele><time>2026-09-05T16:49:26Z</time></trkpt><trkpt lat="37.504153" lon="-119.600284"><ele>1799.644</ele><time>2026-09-05T16:49:33Z</time></trkpt><trkpt lat="37.504163" lon="-119.600282"><ele>1799.605</ele><time>2026-09-05T16:49:34Z</time></trkpt><trkpt lat="37.504229" lon="-119.60029"><ele>1799.815</ele><time>2026-09-05T16:49:40Z</time></trkpt><trkpt lat="37.504285" lon="-119.600345"><ele>1799.609</ele><time>2026-09-05T16:49:47Z</time></trkpt><trkpt lat="37.504305" lon="-119.600347"><ele>1799.816</ele><time>2026-09-05T16:49:51Z</time></trkpt><trkpt lat="37.504311" lon="-119.600347"><ele>1800.042</ele><time>2026-09-05T16:49:53Z</time></trkpt><trkpt lat="37.50437" lon="-119.600322"><ele>1800.498</ele><time>2026-09-05T16:49:58Z</time></trkpt><trkpt lat="37.504382" lon="-119.600316"><ele>1800.615</ele><time>2026-09-05T16:50:00Z</time></trkpt><trkpt lat="37.504434" lon="-119.600297"><ele>1801.070</ele><time>2026-09-05T16:50:05Z</time></trkpt><trkpt lat="37.504476" lon="-119.600298"><ele>1801.890</ele><time>2026-09-05T16:50:10Z</time></trkpt><trkpt lat="37.504483" lon="-119.600299"><ele>1801.838</ele><time>2026-09-05T16:50:11Z</time></trkpt><trkpt lat="37.504527" lon="-119.600296"><ele>1802.884</ele><time>2026-09-05T16:50:19Z</time></trkpt><trkpt lat="37.504527" lon="-119.600292"><ele>1802.644</ele><time>2026-09-05T16:50:28Z</time></trkpt><trkpt lat="37.504526" lon="-119.600297"><ele>1802.678</ele><time>2026-09-05T16:50:37Z</time></trkpt><trkpt lat="37.50454" lon="-119.600298"><ele>1802.633</ele><time>2026-09-05T16:50:39Z</time></trkpt><trkpt lat="37.504614" lon="-119.60031"><ele>1803.226</ele><time>2026-09-05T16:50:45Z</time></trkpt><trkpt lat="37.504594" lon="-119.600303"><ele>1803.809</ele><time>2026-09-05T16:50:49Z</time></trkpt><trkpt lat="37.504593" lon="-119.600302"><ele>1803.849</ele><time>2026-09-05T16:50:50Z</time></trkpt><trkpt lat="37.50459" lon="-119.600302"><ele>1803.645</ele><time>2026-09-05T16:50:58Z</time></trkpt><trkpt lat="37.504597" lon="-119.600299"><ele>1803.631</ele><time>2026-09-05T16:51:05Z</time></trkpt><trkpt lat="37.504597" lon="-119.600299"><ele>1803.678</ele><time>2026-09-05T16:51:07Z</time></trkpt><trkpt lat="37.504597" lon="-119.600299"><ele>1803.613</ele><time>2026-09-05T16:51:21Z</time></trkpt><trkpt lat="37.504597" lon="-119.600299"><ele>1803.653</ele><time>2026-09-05T16:51:24Z</time></trkpt><trkpt lat="37.504615" lon="-119.600289"><ele>1803.871</ele><time>2026-09-05T16:51:35Z</time></trkpt><trkpt lat="37.504586" lon="-119.600298"><ele>1803.887</ele><time>2026-09-05T16:51:45Z</time></trkpt><trkpt lat="37.504598" lon="-119.600265"><ele>1803.837</ele><time>2026-09-05T16:51:55Z</time></trkpt><trkpt lat="37.504629" lon="-119.600297"><ele>1804.245</ele><time>2026-09-05T16:52:03Z</time></trkpt><trkpt lat="37.50468" lon="-119.600269"><ele>1804.847</ele><time>2026-09-05T16:52:07Z</time></trkpt><trkpt lat="37.504723" lon="-119.600246"><ele>1805.411</ele><time>2026-09-05T16:52:11Z</time></trkpt><trkpt lat="37.504747" lon="-119.600232"><ele>1805.809</ele><time>2026-09-05T16:52:13Z</time></trkpt><trkpt lat="37.504776" lon="-119.600224"><ele>1806.266</ele><time>2026-09-05T16:52:16Z</time></trkpt><trkpt lat="37.504815" lon="-119.60023"><ele>1806.842</ele><time>2026-09-05T16:52:20Z</time></trkpt><trkpt lat="37.504826" lon="-119.600225"><ele>1807.058</ele><time>2026-09-05T16:52:21Z</time></trkpt><trkpt lat="37.504845" lon="-119.600213"><ele>1807.255</ele><time>2026-09-05T16:52:23Z</time></trkpt><trkpt lat="37.504862" lon="-119.600205"><ele>1807.440</ele><time>2026-09-05T16:52:25Z</time></trkpt><trkpt lat="37.504886" lon="-119.600195"><ele>1807.810</ele><time>2026-09-05T16:52:28Z</time></trkpt><trkpt lat="37.504894" lon="-119.600189"><ele>1808.098</ele><time>2026-09-05T16:52:29Z</time></trkpt><trkpt lat="37.504965" lon="-119.600178"><ele>1808.864</ele><time>2026-09-05T16:52:37Z</time></trkpt><trkpt lat="37.504982" lon="-119.600183"><ele>1809.244</ele><time>2026-09-05T16:52:39Z</time></trkpt><trkpt lat="37.50499" lon="-119.600187"><ele>1809.247</ele><time>2026-09-05T16:52:40Z</time></trkpt><trkpt lat="37.505" lon="-119.60019"><ele>1809.429</ele><time>2026-09-05T16:52:41Z</time></trkpt><trkpt lat="37.505023" lon="-119.600199"><ele>1809.621</ele><time>2026-09-05T16:52:43Z</time></trkpt><trkpt lat="37.505044" lon="-119.600205"><ele>1809.609</ele><time>2026-09-05T16:52:45Z</time></trkpt><trkpt lat="37.505058" lon="-119.600208"><ele>1809.856</ele><time>2026-09-05T16:52:46Z</time></trkpt><trkpt lat="37.505116" lon="-119.600208"><ele>1810.212</ele><time>2026-09-05T16:52:53Z</time></trkpt><trkpt lat="37.505141" lon="-119.600205"><ele>1810.478</ele><time>2026-09-05T16:52:55Z</time></trkpt><trkpt lat="37.505241" lon="-119.600161"><ele>1811.215</ele><time>2026-09-05T16:53:04Z</time></trkpt><trkpt lat="37.505252" lon="-119.600152"><ele>1811.490</ele><time>2026-09-05T16:53:05Z</time></trkpt><trkpt lat="37.505281" lon="-119.600131"><ele>1812.030</ele><time>2026-09-05T16:53:09Z</time></trkpt><trkpt lat="37.505286" lon="-119.600126"><ele>1812.458</ele><time>2026-09-05T16:53:10Z</time></trkpt><trkpt lat="37.505319" lon="-119.600097"><ele>1812.824</ele><time>2026-09-05T16:53:14Z</time></trkpt><trkpt lat="37.505367" lon="-119.600054"><ele>1813.414</ele><time>2026-09-05T16:53:20Z</time></trkpt><trkpt lat="37.505382" lon="-119.600035"><ele>1813.641</ele><time>2026-09-05T16:53:22Z</time></trkpt><trkpt lat="37.50543" lon="-119.600006"><ele>1814.481</ele><time>2026-09-05T16:53:29Z</time></trkpt><trkpt lat="37.505437" lon="-119.599999"><ele>1814.609</ele><time>2026-09-05T16:53:30Z</time></trkpt><trkpt lat="37.505506" lon="-119.59995"><ele>1815.609</ele><time>2026-09-05T16:53:38Z</time></trkpt><trkpt lat="37.505537" lon="-119.599929"><ele>1816.416</ele><time>2026-09-05T16:53:42Z</time></trkpt><trkpt lat="37.505557" lon="-119.599919"><ele>1816.892</ele><time>2026-09-05T16:53:45Z</time></trkpt><trkpt lat="37.505578" lon="-119.599918"><ele>1817.278</ele><time>2026-09-05T16:53:49Z</time></trkpt><trkpt lat="37.505604" lon="-119.599929"><ele>1817.265</ele><time>2026-09-05T16:53:53Z</time></trkpt><trkpt lat="37.505657" lon="-119.599985"><ele>1817.610</ele><time>2026-09-05T16:54:02Z</time></trkpt><trkpt lat="37.505669" lon="-119.599986"><ele>1817.890</ele><time>2026-09-05T16:54:03Z</time></trkpt><trkpt lat="37.505755" lon="-119.599957"><ele>1819.048</ele><time>2026-09-05T16:54:12Z</time></trkpt><trkpt lat="37.505809" lon="-119.599927"><ele>1820.074</ele><time>2026-09-05T16:54:19Z</time></trkpt><trkpt lat="37.505832" lon="-119.599912"><ele>1820.464</ele><time>2026-09-05T16:54:22Z</time></trkpt><trkpt lat="37.50589" lon="-119.599882"><ele>1821.048</ele><time>2026-09-05T16:54:27Z</time></trkpt><trkpt lat="37.505904" lon="-119.599876"><ele>1821.461</ele><time>2026-09-05T16:54:29Z</time></trkpt><trkpt lat="37.505942" lon="-119.599864"><ele>1822.017</ele><time>2026-09-05T16:54:32Z</time></trkpt><trkpt lat="37.505969" lon="-119.599859"><ele>1822.009</ele><time>2026-09-05T16:54:34Z</time></trkpt><trkpt lat="37.506027" lon="-119.599824"><ele>1822.866</ele><time>2026-09-05T16:54:42Z</time></trkpt><trkpt lat="37.506034" lon="-119.599806"><ele>1823.232</ele><time>2026-09-05T16:54:44Z</time></trkpt><trkpt lat="37.506042" lon="-119.59973"><ele>1823.858</ele><time>2026-09-05T16:54:50Z</time></trkpt><trkpt lat="37.506019" lon="-119.599632"><ele>1824.085</ele><time>2026-09-05T16:54:57Z</time></trkpt><trkpt lat="37.506004" lon="-119.599586"><ele>1824.270</ele><time>2026-09-05T16:55:00Z</time></trkpt><trkpt lat="37.506036" lon="-119.599537"><ele>1825.070</ele><time>2026-09-05T16:55:06Z</time></trkpt><trkpt lat="37.506062" lon="-119.599533"><ele>1825.448</ele><time>2026-09-05T16:55:08Z</time></trkpt><trkpt lat="37.506102" lon="-119.599549"><ele>1825.864</ele><time>2026-09-05T16:55:13Z</time></trkpt><trkpt lat="37.506168" lon="-119.599591"><ele>1826.264</ele><time>2026-09-05T16:55:20Z</time></trkpt><trkpt lat="37.506182" lon="-119.599605"><ele>1826.469</ele><time>2026-09-05T16:55:22Z</time></trkpt><trkpt lat="37.506217" lon="-119.599632"><ele>1826.804</ele><time>2026-09-05T16:55:28Z</time></trkpt><trkpt lat="37.506272" lon="-119.599663"><ele>1827.424</ele><time>2026-09-05T16:55:35Z</time></trkpt><trkpt lat="37.506298" lon="-119.599678"><ele>1827.809</ele><time>2026-09-05T16:55:38Z</time></trkpt><trkpt lat="37.506339" lon="-119.599726"><ele>1828.428</ele><time>2026-09-05T16:55:44Z</time></trkpt><trkpt lat="37.506346" lon="-119.599737"><ele>1828.474</ele><time>2026-09-05T16:55:45Z</time></trkpt><trkpt lat="37.506377" lon="-119.599775"><ele>1829.050</ele><time>2026-09-05T16:55:49Z</time></trkpt><trkpt lat="37.506425" lon="-119.599826"><ele>1829.647</ele><time>2026-09-05T16:55:54Z</time></trkpt><trkpt lat="37.506453" lon="-119.599865"><ele>1830.082</ele><time>2026-09-05T16:55:58Z</time></trkpt><trkpt lat="37.506497" lon="-119.599931"><ele>1830.692</ele><time>2026-09-05T16:56:05Z</time></trkpt><trkpt lat="37.506499" lon="-119.599942"><ele>1830.610</ele><time>2026-09-05T16:56:06Z</time></trkpt><trkpt lat="37.50655" lon="-119.600034"><ele>1831.616</ele><time>2026-09-05T16:56:14Z</time></trkpt><trkpt lat="37.506557" lon="-119.600046"><ele>1831.656</ele><time>2026-09-05T16:56:15Z</time></trkpt><trkpt lat="37.506597" lon="-119.600133"><ele>1832.445</ele><time>2026-09-05T16:56:23Z</time></trkpt><trkpt lat="37.50661" lon="-119.600169"><ele>1832.847</ele><time>2026-09-05T16:56:26Z</time></trkpt><trkpt lat="37.506629" lon="-119.600253"><ele>1833.411</ele><time>2026-09-05T16:56:32Z</time></trkpt><trkpt lat="37.50664" lon="-119.60032"><ele>1833.809</ele><time>2026-09-05T16:56:37Z</time></trkpt><trkpt lat="37.506645" lon="-119.600336"><ele>1833.866</ele><time>2026-09-05T16:56:38Z</time></trkpt><trkpt lat="37.506644" lon="-119.600362"><ele>1834.012</ele><time>2026-09-05T16:56:40Z</time></trkpt><trkpt lat="37.506649" lon="-119.60048"><ele>1834.828</ele><time>2026-09-05T16:56:49Z</time></trkpt><trkpt lat="37.506648" lon="-119.600491"><ele>1834.895</ele><time>2026-09-05T16:56:50Z</time></trkpt><trkpt lat="37.506646" lon="-119.600504"><ele>1835.080</ele><time>2026-09-05T16:56:51Z</time></trkpt><trkpt lat="37.506627" lon="-119.600603"><ele>1835.820</ele><time>2026-09-05T16:56:59Z</time></trkpt><trkpt lat="37.506623" lon="-119.600621"><ele>1836.098</ele><time>2026-09-05T16:57:00Z</time></trkpt><trkpt lat="37.506594" lon="-119.600759"><ele>1837.074</ele><time>2026-09-05T16:57:10Z</time></trkpt><trkpt lat="37.506564" lon="-119.600882"><ele>1837.294</ele><time>2026-09-05T16:57:21Z</time></trkpt><trkpt lat="37.506563" lon="-119.600891"><ele>1837.491</ele><time>2026-09-05T16:57:22Z</time></trkpt><trkpt lat="37.50655" lon="-119.600983"><ele>1837.681</ele><time>2026-09-05T16:57:29Z</time></trkpt><trkpt lat="37.50654" lon="-119.601011"><ele>1837.819</ele><time>2026-09-05T16:57:32Z</time></trkpt><trkpt lat="37.506535" lon="-119.601047"><ele>1838.009</ele><time>2026-09-05T16:57:35Z</time></trkpt><trkpt lat="37.506524" lon="-119.601128"><ele>1838.871</ele><time>2026-09-05T16:57:42Z</time></trkpt><trkpt lat="37.506511" lon="-119.601246"><ele>1839.077</ele><time>2026-09-05T16:57:51Z</time></trkpt><trkpt lat="37.50651" lon="-119.601256"><ele>1839.043</ele><time>2026-09-05T16:57:52Z</time></trkpt><trkpt lat="37.506501" lon="-119.601313"><ele>1839.440</ele><time>2026-09-05T16:57:57Z</time></trkpt><trkpt lat="37.506495" lon="-119.601394"><ele>1839.865</ele><time>2026-09-05T16:58:03Z</time></trkpt><trkpt lat="37.506495" lon="-119.601407"><ele>1840.055</ele><time>2026-09-05T16:58:04Z</time></trkpt><trkpt lat="37.506504" lon="-119.601537"><ele>1840.663</ele><time>2026-09-05T16:58:13Z</time></trkpt><trkpt lat="37.506522" lon="-119.601631"><ele>1841.039</ele><time>2026-09-05T16:58:19Z</time></trkpt><trkpt lat="37.506544" lon="-119.601715"><ele>1841.219</ele><time>2026-09-05T16:58:25Z</time></trkpt><trkpt lat="37.506569" lon="-119.60179"><ele>1841.241</ele><time>2026-09-05T16:58:30Z</time></trkpt><trkpt lat="37.506592" lon="-119.601862"><ele>1841.881</ele><time>2026-09-05T16:58:36Z</time></trkpt><trkpt lat="37.506597" lon="-119.601885"><ele>1842.009</ele><time>2026-09-05T16:58:38Z</time></trkpt><trkpt lat="37.506602" lon="-119.601899"><ele>1842.009</ele><time>2026-09-05T16:58:39Z</time></trkpt><trkpt lat="37.506635" lon="-119.601989"><ele>1842.276</ele><time>2026-09-05T16:58:45Z</time></trkpt><trkpt lat="37.506683" lon="-119.602072"><ele>1842.622</ele><time>2026-09-05T16:58:53Z</time></trkpt><trkpt lat="37.506729" lon="-119.602149"><ele>1843.068</ele><time>2026-09-05T16:59:00Z</time></trkpt><trkpt lat="37.506747" lon="-119.60218"><ele>1843.465</ele><time>2026-09-05T16:59:03Z</time></trkpt><trkpt lat="37.506804" lon="-119.602283"><ele>1844.210</ele><time>2026-09-05T16:59:10Z</time></trkpt><trkpt lat="37.506811" lon="-119.602293"><ele>1844.270</ele><time>2026-09-05T16:59:11Z</time></trkpt><trkpt lat="37.506891" lon="-119.602419"><ele>1845.018</ele><time>2026-09-05T16:59:21Z</time></trkpt><trkpt lat="37.506919" lon="-119.602469"><ele>1845.254</ele><time>2026-09-05T16:59:25Z</time></trkpt><trkpt lat="37.506933" lon="-119.602513"><ele>1845.464</ele><time>2026-09-05T16:59:29Z</time></trkpt><trkpt lat="37.506946" lon="-119.602538"><ele>1845.493</ele><time>2026-09-05T16:59:31Z</time></trkpt><trkpt lat="37.506978" lon="-119.602629"><ele>1846.065</ele><time>2026-09-05T16:59:39Z</time></trkpt><trkpt lat="37.507011" lon="-119.602704"><ele>1846.221</ele><time>2026-09-05T16:59:45Z</time></trkpt><trkpt lat="37.50702" lon="-119.602732"><ele>1846.409</ele><time>2026-09-05T16:59:47Z</time></trkpt><trkpt lat="37.507054" lon="-119.602851"><ele>1847.261</ele><time>2026-09-05T16:59:56Z</time></trkpt><trkpt lat="37.507061" lon="-119.602883"><ele>1847.497</ele><time>2026-09-05T16:59:58Z</time></trkpt><trkpt lat="37.507079" lon="-119.602949"><ele>1847.633</ele><time>2026-09-05T17:00:03Z</time></trkpt><trkpt lat="37.507119" lon="-119.603047"><ele>1848.080</ele><time>2026-09-05T17:00:11Z</time></trkpt><trkpt lat="37.507137" lon="-119.603171"><ele>1848.255</ele><time>2026-09-05T17:00:19Z</time></trkpt><trkpt lat="37.507151" lon="-119.603222"><ele>1848.485</ele><time>2026-09-05T17:00:22Z</time></trkpt><trkpt lat="37.507164" lon="-119.603285"><ele>1848.683</ele><time>2026-09-05T17:00:26Z</time></trkpt><trkpt lat="37.507176" lon="-119.603428"><ele>1849.239</ele><time>2026-09-05T17:00:35Z</time></trkpt><trkpt lat="37.507183" lon="-119.603462"><ele>1849.489</ele><time>2026-09-05T17:00:37Z</time></trkpt><trkpt lat="37.507195" lon="-119.603544"><ele>1849.647</ele><time>2026-09-05T17:00:43Z</time></trkpt><trkpt lat="37.507206" lon="-119.603596"><ele>1849.629</ele><time>2026-09-05T17:00:47Z</time></trkpt><trkpt lat="37.507251" lon="-119.603702"><ele>1849.821</ele><time>2026-09-05T17:00:54Z</time></trkpt><trkpt lat="37.50732" lon="-119.603837"><ele>1849.809</ele><time>2026-09-05T17:01:03Z</time></trkpt><trkpt lat="37.507328" lon="-119.603847"><ele>1849.876</ele><time>2026-09-05T17:01:04Z</time></trkpt><trkpt lat="37.507388" lon="-119.603902"><ele>1849.622</ele><time>2026-09-05T17:01:10Z</time></trkpt><trkpt lat="37.507411" lon="-119.603923"><ele>1849.678</ele><time>2026-09-05T17:01:12Z</time></trkpt><trkpt lat="37.507478" lon="-119.603998"><ele>1849.485</ele><time>2026-09-05T17:01:19Z</time></trkpt><trkpt lat="37.507532" lon="-119.604077"><ele>1849.270</ele><time>2026-09-05T17:01:25Z</time></trkpt><trkpt lat="37.50755" lon="-119.604108"><ele>1849.240</ele><time>2026-09-05T17:01:27Z</time></trkpt><trkpt lat="37.507592" lon="-119.604217"><ele>1849.088</ele><time>2026-09-05T17:01:35Z</time></trkpt><trkpt lat="37.507619" lon="-119.604334"><ele>1849.034</ele><time>2026-09-05T17:01:43Z</time></trkpt><trkpt lat="37.507622" lon="-119.60435"><ele>1849.094</ele><time>2026-09-05T17:01:44Z</time></trkpt><trkpt lat="37.507663" lon="-119.604515"><ele>1849.427</ele><time>2026-09-05T17:01:53Z</time></trkpt><trkpt lat="37.507697" lon="-119.6046"><ele>1849.668</ele><time>2026-09-05T17:01:59Z</time></trkpt><trkpt lat="37.507769" lon="-119.604702"><ele>1850.414</ele><time>2026-09-05T17:02:08Z</time></trkpt><trkpt lat="37.507778" lon="-119.604715"><ele>1850.409</ele><time>2026-09-05T17:02:09Z</time></trkpt><trkpt lat="37.50784" lon="-119.604756"><ele>1851.064</ele><time>2026-09-05T17:02:15Z</time></trkpt><trkpt lat="37.507874" lon="-119.604769"><ele>1851.410</ele><time>2026-09-05T17:02:18Z</time></trkpt><trkpt lat="37.507885" lon="-119.604773"><ele>1851.446</ele><time>2026-09-05T17:02:19Z</time></trkpt><trkpt lat="37.507915" lon="-119.604782"><ele>1851.613</ele><time>2026-09-05T17:02:22Z</time></trkpt><trkpt lat="37.507979" lon="-119.604798"><ele>1852.448</ele><time>2026-09-05T17:02:28Z</time></trkpt><trkpt lat="37.507989" lon="-119.604799"><ele>1852.658</ele><time>2026-09-05T17:02:29Z</time></trkpt><trkpt lat="37.508046" lon="-119.604815"><ele>1853.266</ele><time>2026-09-05T17:02:34Z</time></trkpt><trkpt lat="37.508085" lon="-119.604827"><ele>1853.642</ele><time>2026-09-05T17:02:37Z</time></trkpt><trkpt lat="37.508097" lon="-119.604831"><ele>1853.842</ele><time>2026-09-05T17:02:38Z</time></trkpt><trkpt lat="37.508193" lon="-119.604852"><ele>1854.476</ele><time>2026-09-05T17:02:46Z</time></trkpt><trkpt lat="37.508232" lon="-119.604857"><ele>1854.690</ele><time>2026-09-05T17:02:49Z</time></trkpt><trkpt lat="37.508293" lon="-119.604862"><ele>1855.219</ele><time>2026-09-05T17:02:54Z</time></trkpt><trkpt lat="37.508364" lon="-119.604867"><ele>1855.609</ele><time>2026-09-05T17:03:01Z</time></trkpt><trkpt lat="37.508403" lon="-119.604868"><ele>1856.069</ele><time>2026-09-05T17:03:04Z</time></trkpt><trkpt lat="37.50849" lon="-119.604879"><ele>1856.475</ele><time>2026-09-05T17:03:12Z</time></trkpt><trkpt lat="37.50854" lon="-119.604879"><ele>1856.871</ele><time>2026-09-05T17:03:16Z</time></trkpt><trkpt lat="37.508583" lon="-119.604886"><ele>1857.068</ele><time>2026-09-05T17:03:21Z</time></trkpt><trkpt lat="37.508685" lon="-119.604907"><ele>1857.623</ele><time>2026-09-05T17:03:31Z</time></trkpt><trkpt lat="37.508712" lon="-119.604916"><ele>1857.883</ele><time>2026-09-05T17:03:35Z</time></trkpt><trkpt lat="37.508724" lon="-119.604917"><ele>1857.861</ele><time>2026-09-05T17:03:36Z</time></trkpt><trkpt lat="37.508796" lon="-119.60492"><ele>1858.477</ele><time>2026-09-05T17:03:43Z</time></trkpt><trkpt lat="37.508825" lon="-119.604921"><ele>1858.687</ele><time>2026-09-05T17:03:46Z</time></trkpt><trkpt lat="37.508882" lon="-119.604917"><ele>1858.879</ele><time>2026-09-05T17:03:52Z</time></trkpt><trkpt lat="37.508916" lon="-119.60492"><ele>1859.205</ele><time>2026-09-05T17:03:55Z</time></trkpt><trkpt lat="37.508973" lon="-119.60493"><ele>1859.625</ele><time>2026-09-05T17:04:02Z</time></trkpt><trkpt lat="37.509033" lon="-119.604909"><ele>1859.809</ele><time>2026-09-05T17:04:07Z</time></trkpt><trkpt lat="37.509067" lon="-119.604873"><ele>1860.029</ele><time>2026-09-05T17:04:11Z</time></trkpt><trkpt lat="37.509126" lon="-119.604817"><ele>1860.285</ele><time>2026-09-05T17:04:19Z</time></trkpt><trkpt lat="37.509161" lon="-119.604796"><ele>1860.271</ele><time>2026-09-05T17:04:22Z</time></trkpt><trkpt lat="37.509197" lon="-119.604764"><ele>1860.498</ele><time>2026-09-05T17:04:25Z</time></trkpt><trkpt lat="37.509238" lon="-119.604732"><ele>1860.453</ele><time>2026-09-05T17:04:29Z</time></trkpt><trkpt lat="37.509306" lon="-119.604668"><ele>1860.823</ele><time>2026-09-05T17:04:36Z</time></trkpt><trkpt lat="37.509316" lon="-119.60466"><ele>1860.851</ele><time>2026-09-05T17:04:37Z</time></trkpt><trkpt lat="37.509337" lon="-119.604641"><ele>1861.097</ele><time>2026-09-05T17:04:39Z</time></trkpt><trkpt lat="37.509432" lon="-119.604589"><ele>1861.247</ele><time>2026-09-05T17:04:48Z</time></trkpt><trkpt lat="37.509501" lon="-119.60457"><ele>1861.223</ele><time>2026-09-05T17:04:55Z</time></trkpt><trkpt lat="37.50958" lon="-119.604595"><ele>1861.683</ele><time>2026-09-05T17:05:03Z</time></trkpt><trkpt lat="37.509622" lon="-119.604628"><ele>1862.011</ele><time>2026-09-05T17:05:07Z</time></trkpt><trkpt lat="37.509668" lon="-119.604649"><ele>1862.009</ele><time>2026-09-05T17:05:11Z</time></trkpt><trkpt lat="37.509702" lon="-119.604714"><ele>1862.654</ele><time>2026-09-05T17:05:18Z</time></trkpt><trkpt lat="37.509722" lon="-119.604758"><ele>1863.030</ele><time>2026-09-05T17:05:25Z</time></trkpt><trkpt lat="37.509726" lon="-119.604773"><ele>1863.036</ele><time>2026-09-05T17:05:27Z</time></trkpt><trkpt lat="37.509751" lon="-119.604862"><ele>1863.493</ele><time>2026-09-05T17:05:36Z</time></trkpt><trkpt lat="37.509746" lon="-119.604973"><ele>1863.628</ele><time>2026-09-05T17:05:43Z</time></trkpt><trkpt lat="37.509773" lon="-119.605048"><ele>1864.048</ele><time>2026-09-05T17:05:50Z</time></trkpt><trkpt lat="37.509776" lon="-119.605058"><ele>1864.016</ele><time>2026-09-05T17:05:51Z</time></trkpt><trkpt lat="37.509778" lon="-119.605123"><ele>1864.472</ele><time>2026-09-05T17:05:57Z</time></trkpt><trkpt lat="37.509782" lon="-119.60522"><ele>1864.222</ele><time>2026-09-05T17:06:05Z</time></trkpt><trkpt lat="37.509785" lon="-119.605353"><ele>1864.454</ele><time>2026-09-05T17:06:14Z</time></trkpt><trkpt lat="37.509758" lon="-119.605474"><ele>1864.256</ele><time>2026-09-05T17:06:22Z</time></trkpt><trkpt lat="37.509733" lon="-119.605606"><ele>1864.211</ele><time>2026-09-05T17:06:31Z</time></trkpt><trkpt lat="37.5097" lon="-119.605733"><ele>1864.209</ele><time>2026-09-05T17:06:39Z</time></trkpt><trkpt lat="37.509705" lon="-119.605745"><ele>1864.457</ele><time>2026-09-05T17:06:40Z</time></trkpt><trkpt lat="37.509693" lon="-119.605867"><ele>1864.643</ele><time>2026-09-05T17:06:48Z</time></trkpt><trkpt lat="37.509713" lon="-119.605931"><ele>1864.699</ele><time>2026-09-05T17:06:52Z</time></trkpt><trkpt lat="37.509764" lon="-119.605987"><ele>1865.066</ele><time>2026-09-05T17:06:57Z</time></trkpt><trkpt lat="37.509779" lon="-119.605992"><ele>1865.011</ele><time>2026-09-05T17:06:58Z</time></trkpt><trkpt lat="37.509879" lon="-119.605991"><ele>1865.441</ele><time>2026-09-05T17:07:05Z</time></trkpt><trkpt lat="37.509926" lon="-119.605972"><ele>1865.699</ele><time>2026-09-05T17:07:09Z</time></trkpt><trkpt lat="37.509969" lon="-119.605937"><ele>1865.885</ele><time>2026-09-05T17:07:13Z</time></trkpt><trkpt lat="37.509992" lon="-119.605917"><ele>1866.095</ele><time>2026-09-05T17:07:15Z</time></trkpt><trkpt lat="37.51003" lon="-119.605855"><ele>1866.843</ele><time>2026-09-05T17:07:20Z</time></trkpt><trkpt lat="37.510036" lon="-119.605842"><ele>1867.064</ele><time>2026-09-05T17:07:21Z</time></trkpt><trkpt lat="37.510042" lon="-119.605828"><ele>1867.010</ele><time>2026-09-05T17:07:22Z</time></trkpt><trkpt lat="37.510052" lon="-119.605807"><ele>1867.409</ele><time>2026-09-05T17:07:24Z</time></trkpt><trkpt lat="37.510068" lon="-119.605747"><ele>1867.866</ele><time>2026-09-05T17:07:29Z</time></trkpt><trkpt lat="37.510075" lon="-119.605718"><ele>1868.262</ele><time>2026-09-05T17:07:32Z</time></trkpt><trkpt lat="37.510088" lon="-119.605652"><ele>1868.878</ele><time>2026-09-05T17:07:37Z</time></trkpt><trkpt lat="37.5101" lon="-119.605565"><ele>1869.275</ele><time>2026-09-05T17:07:43Z</time></trkpt><trkpt lat="37.510103" lon="-119.605522"><ele>1869.660</ele><time>2026-09-05T17:07:46Z</time></trkpt><trkpt lat="37.510126" lon="-119.605487"><ele>1870.080</ele><time>2026-09-05T17:07:52Z</time></trkpt><trkpt lat="37.510125" lon="-119.60548"><ele>1870.068</ele><time>2026-09-05T17:07:53Z</time></trkpt><trkpt lat="37.510115" lon="-119.605455"><ele>1870.224</ele><time>2026-09-05T17:07:56Z</time></trkpt><trkpt lat="37.510105" lon="-119.605392"><ele>1870.234</ele><time>2026-09-05T17:08:02Z</time></trkpt><trkpt lat="37.510128" lon="-119.605296"><ele>1870.854</ele><time>2026-09-05T17:08:11Z</time></trkpt><trkpt lat="37.510129" lon="-119.605261"><ele>1871.056</ele><time>2026-09-05T17:08:14Z</time></trkpt><trkpt lat="37.510128" lon="-119.605175"><ele>1871.211</ele><time>2026-09-05T17:08:21Z</time></trkpt><trkpt lat="37.510132" lon="-119.60515"><ele>1871.409</ele><time>2026-09-05T17:08:23Z</time></trkpt><trkpt lat="37.51017" lon="-119.605061"><ele>1871.847</ele><time>2026-09-05T17:08:30Z</time></trkpt><trkpt lat="37.51017" lon="-119.605012"><ele>1872.263</ele><time>2026-09-05T17:08:37Z</time></trkpt><trkpt lat="37.510168" lon="-119.60501"><ele>1872.439</ele><time>2026-09-05T17:08:38Z</time></trkpt><trkpt lat="37.510166" lon="-119.604964"><ele>1872.686</ele><time>2026-09-05T17:08:44Z</time></trkpt><trkpt lat="37.510182" lon="-119.604932"><ele>1872.871</ele><time>2026-09-05T17:08:51Z</time></trkpt><trkpt lat="37.510185" lon="-119.604931"><ele>1872.831</ele><time>2026-09-05T17:08:52Z</time></trkpt><trkpt lat="37.510237" lon="-119.604858"><ele>1873.029</ele><time>2026-09-05T17:08:58Z</time></trkpt><trkpt lat="37.510308" lon="-119.604796"><ele>1873.495</ele><time>2026-09-05T17:09:06Z</time></trkpt><trkpt lat="37.510347" lon="-119.604776"><ele>1873.495</ele><time>2026-09-05T17:09:09Z</time></trkpt><trkpt lat="37.510396" lon="-119.604723"><ele>1873.892</ele><time>2026-09-05T17:09:16Z</time></trkpt><trkpt lat="37.510439" lon="-119.604638"><ele>1874.473</ele><time>2026-09-05T17:09:26Z</time></trkpt><trkpt lat="37.510445" lon="-119.604627"><ele>1874.420</ele><time>2026-09-05T17:09:27Z</time></trkpt><trkpt lat="37.510482" lon="-119.604549"><ele>1875.409</ele><time>2026-09-05T17:09:34Z</time></trkpt><trkpt lat="37.510489" lon="-119.604536"><ele>1875.421</ele><time>2026-09-05T17:09:35Z</time></trkpt><trkpt lat="37.510528" lon="-119.604453"><ele>1876.427</ele><time>2026-09-05T17:09:42Z</time></trkpt><trkpt lat="37.510551" lon="-119.604409"><ele>1876.833</ele><time>2026-09-05T17:09:47Z</time></trkpt><trkpt lat="37.510584" lon="-119.604339"><ele>1877.650</ele><time>2026-09-05T17:09:54Z</time></trkpt><trkpt lat="37.510597" lon="-119.604315"><ele>1877.885</ele><time>2026-09-05T17:09:56Z</time></trkpt><trkpt lat="37.510636" lon="-119.604239"><ele>1878.495</ele><time>2026-09-05T17:10:03Z</time></trkpt><trkpt lat="37.510656" lon="-119.604216"><ele>1878.693</ele><time>2026-09-05T17:10:05Z</time></trkpt><trkpt lat="37.510658" lon="-119.604208"><ele>1879.289</ele><time>2026-09-05T17:10:08Z</time></trkpt><trkpt lat="37.510679" lon="-119.604164"><ele>1879.669</ele><time>2026-09-05T17:10:13Z</time></trkpt><trkpt lat="37.510691" lon="-119.60414"><ele>1880.076</ele><time>2026-09-05T17:10:15Z</time></trkpt><trkpt lat="37.510719" lon="-119.604082"><ele>1880.890</ele><time>2026-09-05T17:10:21Z</time></trkpt><trkpt lat="37.510743" lon="-119.604002"><ele>1881.819</ele><time>2026-09-05T17:10:28Z</time></trkpt><trkpt lat="37.51075" lon="-119.603974"><ele>1882.209</ele><time>2026-09-05T17:10:31Z</time></trkpt><trkpt lat="37.51077" lon="-119.603912"><ele>1882.869</ele><time>2026-09-05T17:10:37Z</time></trkpt><trkpt lat="37.510781" lon="-119.603845"><ele>1883.675</ele><time>2026-09-05T17:10:42Z</time></trkpt><trkpt lat="37.510792" lon="-119.60381"><ele>1884.081</ele><time>2026-09-05T17:10:45Z</time></trkpt><trkpt lat="37.510804" lon="-119.603735"><ele>1885.098</ele><time>2026-09-05T17:10:53Z</time></trkpt><trkpt lat="37.510804" lon="-119.603625"><ele>1886.293</ele><time>2026-09-05T17:11:01Z</time></trkpt><trkpt lat="37.510803" lon="-119.603611"><ele>1886.293</ele><time>2026-09-05T17:11:02Z</time></trkpt><trkpt lat="37.510796" lon="-119.603561"><ele>1886.831</ele><time>2026-09-05T17:11:06Z</time></trkpt><trkpt lat="37.510797" lon="-119.60352"><ele>1887.257</ele><time>2026-09-05T17:11:10Z</time></trkpt><trkpt lat="37.510801" lon="-119.603506"><ele>1887.447</ele><time>2026-09-05T17:11:11Z</time></trkpt><trkpt lat="37.510821" lon="-119.603418"><ele>1888.298</ele><time>2026-09-05T17:11:20Z</time></trkpt><trkpt lat="37.51082" lon="-119.603397"><ele>1888.615</ele><time>2026-09-05T17:11:22Z</time></trkpt><trkpt lat="37.510823" lon="-119.60335"><ele>1889.226</ele><time>2026-09-05T17:11:27Z</time></trkpt><trkpt lat="37.510846" lon="-119.603285"><ele>1890.009</ele><time>2026-09-05T17:11:33Z</time></trkpt><trkpt lat="37.510849" lon="-119.603263"><ele>1890.491</ele><time>2026-09-05T17:11:36Z</time></trkpt><trkpt lat="37.510866" lon="-119.603192"><ele>1891.237</ele><time>2026-09-05T17:11:43Z</time></trkpt><trkpt lat="37.510877" lon="-119.60315"><ele>1891.453</ele><time>2026-09-05T17:11:47Z</time></trkpt><trkpt lat="37.51089" lon="-119.6031"><ele>1891.630</ele><time>2026-09-05T17:11:52Z</time></trkpt><trkpt lat="37.510875" lon="-119.603011"><ele>1891.895</ele><time>2026-09-05T17:12:02Z</time></trkpt><trkpt lat="37.510868" lon="-119.602931"><ele>1892.035</ele><time>2026-09-05T17:12:07Z</time></trkpt><trkpt lat="37.510864" lon="-119.602909"><ele>1892.293</ele><time>2026-09-05T17:12:09Z</time></trkpt><trkpt lat="37.510855" lon="-119.602896"><ele>1892.469</ele><time>2026-09-05T17:12:12Z</time></trkpt><trkpt lat="37.510847" lon="-119.60287"><ele>1892.619</ele><time>2026-09-05T17:12:15Z</time></trkpt><trkpt lat="37.510829" lon="-119.602853"><ele>1892.877</ele><time>2026-09-05T17:12:21Z</time></trkpt><trkpt lat="37.510823" lon="-119.602835"><ele>1892.661</ele><time>2026-09-05T17:12:26Z</time></trkpt><trkpt lat="37.510822" lon="-119.602849"><ele>1892.827</ele><time>2026-09-05T17:12:30Z</time></trkpt><trkpt lat="37.510822" lon="-119.602855"><ele>1892.609</ele><time>2026-09-05T17:12:32Z</time></trkpt><trkpt lat="37.510829" lon="-119.602938"><ele>1892.679</ele><time>2026-09-05T17:12:38Z</time></trkpt><trkpt lat="37.510882" lon="-119.603101"><ele>1892.665</ele><time>2026-09-05T17:12:48Z</time></trkpt><trkpt lat="37.510912" lon="-119.603172"><ele>1892.881</ele><time>2026-09-05T17:12:55Z</time></trkpt><trkpt lat="37.510943" lon="-119.603284"><ele>1893.678</ele><time>2026-09-05T17:13:02Z</time></trkpt><trkpt lat="37.51095" lon="-119.603316"><ele>1893.633</ele><time>2026-09-05T17:13:04Z</time></trkpt><trkpt lat="37.511005" lon="-119.603462"><ele>1893.853</ele><time>2026-09-05T17:13:15Z</time></trkpt><trkpt lat="37.511063" lon="-119.603613"><ele>1894.081</ele><time>2026-09-05T17:13:25Z</time></trkpt><trkpt lat="37.511076" lon="-119.603766"><ele>1893.817</ele><time>2026-09-05T17:13:35Z</time></trkpt><trkpt lat="37.511059" lon="-119.603902"><ele>1894.057</ele><time>2026-09-05T17:13:44Z</time></trkpt><trkpt lat="37.511035" lon="-119.603967"><ele>1894.639</ele><time>2026-09-05T17:13:48Z</time></trkpt><trkpt lat="37.511018" lon="-119.604017"><ele>1894.801</ele><time>2026-09-05T17:13:51Z</time></trkpt><trkpt lat="37.51098" lon="-119.604184"><ele>1895.221</ele><time>2026-09-05T17:14:02Z</time></trkpt><trkpt lat="37.510959" lon="-119.604383"><ele>1895.409</ele><time>2026-09-05T17:14:14Z</time></trkpt><trkpt lat="37.510958" lon="-119.604434"><ele>1895.695</ele><time>2026-09-05T17:14:17Z</time></trkpt><trkpt lat="37.510962" lon="-119.604494"><ele>1896.011</ele><time>2026-09-05T17:14:22Z</time></trkpt><trkpt lat="37.510965" lon="-119.604524"><ele>1896.087</ele><time>2026-09-05T17:14:25Z</time></trkpt><trkpt lat="37.510982" lon="-119.604648"><ele>1896.644</ele><time>2026-09-05T17:14:34Z</time></trkpt><trkpt lat="37.51101" lon="-119.604765"><ele>1897.069</ele><time>2026-09-05T17:14:41Z</time></trkpt><trkpt lat="37.51103" lon="-119.604878"><ele>1897.639</ele><time>2026-09-05T17:14:49Z</time></trkpt><trkpt lat="37.511036" lon="-119.60489"><ele>1897.657</ele><time>2026-09-05T17:14:50Z</time></trkpt><trkpt lat="37.511064" lon="-119.604969"><ele>1898.093</ele><time>2026-09-05T17:14:55Z</time></trkpt><trkpt lat="37.511077" lon="-119.605036"><ele>1898.493</ele><time>2026-09-05T17:14:59Z</time></trkpt><trkpt lat="37.511087" lon="-119.605075"><ele>1898.661</ele><time>2026-09-05T17:15:02Z</time></trkpt><trkpt lat="37.511112" lon="-119.60515"><ele>1899.421</ele><time>2026-09-05T17:15:10Z</time></trkpt><trkpt lat="37.511123" lon="-119.605175"><ele>1899.813</ele><time>2026-09-05T17:15:13Z</time></trkpt><trkpt lat="37.511154" lon="-119.605257"><ele>1900.609</ele><time>2026-09-05T17:15:20Z</time></trkpt><trkpt lat="37.511172" lon="-119.605304"><ele>1901.018</ele><time>2026-09-05T17:15:23Z</time></trkpt><trkpt lat="37.51121" lon="-119.60539"><ele>1902.054</ele><time>2026-09-05T17:15:30Z</time></trkpt><trkpt lat="37.511215" lon="-119.605402"><ele>1902.030</ele><time>2026-09-05T17:15:31Z</time></trkpt><trkpt lat="37.511259" lon="-119.605497"><ele>1903.097</ele><time>2026-09-05T17:15:39Z</time></trkpt><trkpt lat="37.511273" lon="-119.605535"><ele>1903.412</ele><time>2026-09-05T17:15:42Z</time></trkpt><trkpt lat="37.51131" lon="-119.605601"><ele>1904.062</ele><time>2026-09-05T17:15:48Z</time></trkpt><trkpt lat="37.511332" lon="-119.605621"><ele>1904.680</ele><time>2026-09-05T17:15:52Z</time></trkpt><trkpt lat="37.511358" lon="-119.605651"><ele>1905.046</ele><time>2026-09-05T17:15:56Z</time></trkpt><trkpt lat="37.511394" lon="-119.605698"><ele>1905.636</ele><time>2026-09-05T17:16:00Z</time></trkpt><trkpt lat="37.511413" lon="-119.605744"><ele>1906.224</ele><time>2026-09-05T17:16:05Z</time></trkpt><trkpt lat="37.511428" lon="-119.605777"><ele>1906.604</ele><time>2026-09-05T17:16:08Z</time></trkpt><trkpt lat="37.511457" lon="-119.60583"><ele>1907.214</ele><time>2026-09-05T17:16:12Z</time></trkpt><trkpt lat="37.511462" lon="-119.605838"><ele>1907.209</ele><time>2026-09-05T17:16:13Z</time></trkpt><trkpt lat="37.511475" lon="-119.605858"><ele>1907.414</ele><time>2026-09-05T17:16:15Z</time></trkpt><trkpt lat="37.51151" lon="-119.605925"><ele>1908.010</ele><time>2026-09-05T17:16:21Z</time></trkpt><trkpt lat="37.511532" lon="-119.605966"><ele>1908.256</ele><time>2026-09-05T17:16:25Z</time></trkpt><trkpt lat="37.511554" lon="-119.606007"><ele>1908.683</ele><time>2026-09-05T17:16:29Z</time></trkpt><trkpt lat="37.511589" lon="-119.606072"><ele>1909.488</ele><time>2026-09-05T17:16:35Z</time></trkpt><trkpt lat="37.511614" lon="-119.606109"><ele>1909.828</ele><time>2026-09-05T17:16:39Z</time></trkpt><trkpt lat="37.51164" lon="-119.606155"><ele>1910.466</ele><time>2026-09-05T17:16:43Z</time></trkpt><trkpt lat="37.511669" lon="-119.6062"><ele>1911.412</ele><time>2026-09-05T17:16:48Z</time></trkpt><trkpt lat="37.511676" lon="-119.606209"><ele>1911.692</ele><time>2026-09-05T17:16:49Z</time></trkpt><trkpt lat="37.511729" lon="-119.606282"><ele>1912.242</ele><time>2026-09-05T17:16:57Z</time></trkpt><trkpt lat="37.511751" lon="-119.606305"><ele>1912.422</ele><time>2026-09-05T17:17:00Z</time></trkpt><trkpt lat="37.511766" lon="-119.606319"><ele>1912.614</ele><time>2026-09-05T17:17:02Z</time></trkpt><trkpt lat="37.5118" lon="-119.606361"><ele>1913.209</ele><time>2026-09-05T17:17:06Z</time></trkpt><trkpt lat="37.511847" lon="-119.606432"><ele>1913.686</ele><time>2026-09-05T17:17:12Z</time></trkpt><trkpt lat="37.51187" lon="-119.606451"><ele>1914.232</ele><time>2026-09-05T17:17:15Z</time></trkpt><trkpt lat="37.511918" lon="-119.606492"><ele>1914.838</ele><time>2026-09-05T17:17:21Z</time></trkpt><trkpt lat="37.511964" lon="-119.606533"><ele>1915.255</ele><time>2026-09-05T17:17:25Z</time></trkpt><trkpt lat="37.512032" lon="-119.606588"><ele>1915.850</ele><time>2026-09-05T17:17:32Z</time></trkpt><trkpt lat="37.512053" lon="-119.606591"><ele>1916.260</ele><time>2026-09-05T17:17:35Z</time></trkpt><trkpt lat="37.512102" lon="-119.606605"><ele>1916.818</ele><time>2026-09-05T17:17:41Z</time></trkpt><trkpt lat="37.512126" lon="-119.606613"><ele>1917.224</ele><time>2026-09-05T17:17:44Z</time></trkpt><trkpt lat="37.512179" lon="-119.606632"><ele>1917.884</ele><time>2026-09-05T17:17:49Z</time></trkpt><trkpt lat="37.512197" lon="-119.606638"><ele>1918.034</ele><time>2026-09-05T17:17:51Z</time></trkpt><trkpt lat="37.512221" lon="-119.606647"><ele>1918.455</ele><time>2026-09-05T17:17:54Z</time></trkpt><trkpt lat="37.51223" lon="-119.60665"><ele>1918.610</ele><time>2026-09-05T17:17:55Z</time></trkpt><trkpt lat="37.512262" lon="-119.60667"><ele>1919.009</ele><time>2026-09-05T17:17:58Z</time></trkpt><trkpt lat="37.512307" lon="-119.606692"><ele>1919.495</ele><time>2026-09-05T17:18:02Z</time></trkpt><trkpt lat="37.51235" lon="-119.606694"><ele>1919.891</ele><time>2026-09-05T17:18:06Z</time></trkpt><trkpt lat="37.512372" lon="-119.606694"><ele>1920.017</ele><time>2026-09-05T17:18:08Z</time></trkpt><trkpt lat="37.512484" lon="-119.606693"><ele>1921.254</ele><time>2026-09-05T17:18:18Z</time></trkpt><trkpt lat="37.512579" lon="-119.606717"><ele>1922.239</ele><time>2026-09-05T17:18:27Z</time></trkpt><trkpt lat="37.512591" lon="-119.606719"><ele>1922.469</ele><time>2026-09-05T17:18:28Z</time></trkpt><trkpt lat="37.512637" lon="-119.606731"><ele>1923.297</ele><time>2026-09-05T17:18:34Z</time></trkpt><trkpt lat="37.512676" lon="-119.606737"><ele>1923.863</ele><time>2026-09-05T17:18:38Z</time></trkpt><trkpt lat="37.512732" lon="-119.606744"><ele>1924.463</ele><time>2026-09-05T17:18:45Z</time></trkpt><trkpt lat="37.512747" lon="-119.606745"><ele>1924.648</ele><time>2026-09-05T17:18:47Z</time></trkpt><trkpt lat="37.512806" lon="-119.606785"><ele>1925.461</ele><time>2026-09-05T17:18:55Z</time></trkpt><trkpt lat="37.512816" lon="-119.606791"><ele>1925.417</ele><time>2026-09-05T17:18:56Z</time></trkpt><trkpt lat="37.51292" lon="-119.606877"><ele>1926.009</ele><time>2026-09-05T17:19:06Z</time></trkpt><trkpt lat="37.512982" lon="-119.606939"><ele>1926.236</ele><time>2026-09-05T17:19:14Z</time></trkpt><trkpt lat="37.513022" lon="-119.606984"><ele>1926.452</ele><time>2026-09-05T17:19:18Z</time></trkpt><trkpt lat="37.513104" lon="-119.607017"><ele>1926.878</ele><time>2026-09-05T17:19:24Z</time></trkpt><trkpt lat="37.513223" lon="-119.607013"><ele>1927.085</ele><time>2026-09-05T17:19:32Z</time></trkpt><trkpt lat="37.513303" lon="-119.606983"><ele>1927.450</ele><time>2026-09-05T17:19:40Z</time></trkpt><trkpt lat="37.513404" lon="-119.606921"><ele>1928.030</ele><time>2026-09-05T17:19:50Z</time></trkpt><trkpt lat="37.513484" lon="-119.60686"><ele>1928.428</ele><time>2026-09-05T17:19:58Z</time></trkpt><trkpt lat="37.513594" lon="-119.606789"><ele>1929.424</ele><time>2026-09-05T17:20:08Z</time></trkpt><trkpt lat="37.51362" lon="-119.606771"><ele>1929.884</ele><time>2026-09-05T17:20:11Z</time></trkpt><trkpt lat="37.513629" lon="-119.606762"><ele>1929.873</ele><time>2026-09-05T17:20:12Z</time></trkpt><trkpt lat="37.513663" lon="-119.606727"><ele>1930.285</ele><time>2026-09-05T17:20:16Z</time></trkpt><trkpt lat="37.513703" lon="-119.606692"><ele>1930.613</ele><time>2026-09-05T17:20:19Z</time></trkpt><trkpt lat="37.513764" lon="-119.606589"><ele>1931.409</ele><time>2026-09-05T17:20:28Z</time></trkpt><trkpt lat="37.513767" lon="-119.606575"><ele>1931.639</ele><time>2026-09-05T17:20:29Z</time></trkpt><trkpt lat="37.513788" lon="-119.606466"><ele>1932.225</ele><time>2026-09-05T17:20:36Z</time></trkpt><trkpt lat="37.513789" lon="-119.606454"><ele>1932.451</ele><time>2026-09-05T17:20:37Z</time></trkpt><trkpt lat="37.513789" lon="-119.606422"><ele>1932.688</ele><time>2026-09-05T17:20:40Z</time></trkpt><trkpt lat="37.513794" lon="-119.606345"><ele>1933.253</ele><time>2026-09-05T17:20:45Z</time></trkpt><trkpt lat="37.513811" lon="-119.606214"><ele>1933.843</ele><time>2026-09-05T17:20:53Z</time></trkpt><trkpt lat="37.513821" lon="-119.606181"><ele>1933.811</ele><time>2026-09-05T17:20:55Z</time></trkpt><trkpt lat="37.513855" lon="-119.60602"><ele>1934.667</ele><time>2026-09-05T17:21:06Z</time></trkpt><trkpt lat="37.513856" lon="-119.606006"><ele>1934.817</ele><time>2026-09-05T17:21:07Z</time></trkpt><trkpt lat="37.513873" lon="-119.605921"><ele>1935.478</ele><time>2026-09-05T17:21:14Z</time></trkpt><trkpt lat="37.513877" lon="-119.605907"><ele>1935.433</ele><time>2026-09-05T17:21:15Z</time></trkpt><trkpt lat="37.513886" lon="-119.605859"><ele>1935.826</ele><time>2026-09-05T17:21:18Z</time></trkpt><trkpt lat="37.513902" lon="-119.605755"><ele>1937.009</ele><time>2026-09-05T17:21:26Z</time></trkpt><trkpt lat="37.513906" lon="-119.605724"><ele>1937.299</ele><time>2026-09-05T17:21:28Z</time></trkpt><trkpt lat="37.513912" lon="-119.605601"><ele>1938.035</ele><time>2026-09-05T17:21:36Z</time></trkpt><trkpt lat="37.513922" lon="-119.605575"><ele>1938.251</ele><time>2026-09-05T17:21:38Z</time></trkpt><trkpt lat="37.513953" lon="-119.605465"><ele>1939.298</ele><time>2026-09-05T17:21:46Z</time></trkpt><trkpt lat="37.513972" lon="-119.605352"><ele>1940.213</ele><time>2026-09-05T17:21:54Z</time></trkpt><trkpt lat="37.513972" lon="-119.605343"><ele>1940.263</ele><time>2026-09-05T17:21:55Z</time></trkpt><trkpt lat="37.513987" lon="-119.605236"><ele>1940.841</ele><time>2026-09-05T17:22:02Z</time></trkpt><trkpt lat="37.513995" lon="-119.605174"><ele>1941.297</ele><time>2026-09-05T17:22:07Z</time></trkpt><trkpt lat="37.514005" lon="-119.605101"><ele>1941.627</ele><time>2026-09-05T17:22:12Z</time></trkpt><trkpt lat="37.514036" lon="-119.605007"><ele>1942.016</ele><time>2026-09-05T17:22:21Z</time></trkpt><trkpt lat="37.514041" lon="-119.604967"><ele>1942.276</ele><time>2026-09-05T17:22:24Z</time></trkpt><trkpt lat="37.514068" lon="-119.604911"><ele>1942.613</ele><time>2026-09-05T17:22:29Z</time></trkpt><trkpt lat="37.514082" lon="-119.60486"><ele>1942.609</ele><time>2026-09-05T17:22:34Z</time></trkpt><trkpt lat="37.514075" lon="-119.604873"><ele>1942.663</ele><time>2026-09-05T17:22:36Z</time></trkpt><trkpt lat="37.514074" lon="-119.604881"><ele>1942.639</ele><time>2026-09-05T17:22:37Z</time></trkpt><trkpt lat="37.514083" lon="-119.604882"><ele>1942.695</ele><time>2026-09-05T17:22:43Z</time></trkpt><trkpt lat="37.514083" lon="-119.604881"><ele>1942.652</ele><time>2026-09-05T17:22:44Z</time></trkpt><trkpt lat="37.514104" lon="-119.604811"><ele>1942.877</ele><time>2026-09-05T17:22:49Z</time></trkpt><trkpt lat="37.51413" lon="-119.604765"><ele>1942.897</ele><time>2026-09-05T17:22:53Z</time></trkpt><trkpt lat="37.51414" lon="-119.604745"><ele>1942.845</ele><time>2026-09-05T17:22:55Z</time></trkpt><trkpt lat="37.514186" lon="-119.604693"><ele>1942.891</ele><time>2026-09-05T17:22:59Z</time></trkpt><trkpt lat="37.514238" lon="-119.604604"><ele>1943.061</ele><time>2026-09-05T17:23:06Z</time></trkpt><trkpt lat="37.514283" lon="-119.604549"><ele>1943.423</ele><time>2026-09-05T17:23:11Z</time></trkpt><trkpt lat="37.514301" lon="-119.604521"><ele>1943.683</ele><time>2026-09-05T17:23:14Z</time></trkpt><trkpt lat="37.514381" lon="-119.604414"><ele>1944.411</ele><time>2026-09-05T17:23:24Z</time></trkpt><trkpt lat="37.514444" lon="-119.604336"><ele>1945.009</ele><time>2026-09-05T17:23:32Z</time></trkpt><trkpt lat="37.514491" lon="-119.6043"><ele>1945.444</ele><time>2026-09-05T17:23:36Z</time></trkpt><trkpt lat="37.514522" lon="-119.60427"><ele>1945.840</ele><time>2026-09-05T17:23:39Z</time></trkpt><trkpt lat="37.514546" lon="-119.604239"><ele>1946.046</ele><time>2026-09-05T17:23:42Z</time></trkpt><trkpt lat="37.514552" lon="-119.60423"><ele>1946.053</ele><time>2026-09-05T17:23:43Z</time></trkpt><trkpt lat="37.514571" lon="-119.604199"><ele>1946.488</ele><time>2026-09-05T17:23:47Z</time></trkpt><trkpt lat="37.514579" lon="-119.604187"><ele>1946.618</ele><time>2026-09-05T17:23:48Z</time></trkpt><trkpt lat="37.514632" lon="-119.604102"><ele>1947.436</ele><time>2026-09-05T17:23:55Z</time></trkpt><trkpt lat="37.514653" lon="-119.60407"><ele>1947.862</ele><time>2026-09-05T17:23:58Z</time></trkpt><trkpt lat="37.514685" lon="-119.604025"><ele>1948.232</ele><time>2026-09-05T17:24:03Z</time></trkpt><trkpt lat="37.514729" lon="-119.603977"><ele>1948.813</ele><time>2026-09-05T17:24:08Z</time></trkpt><trkpt lat="37.514768" lon="-119.603937"><ele>1949.243</ele><time>2026-09-05T17:24:13Z</time></trkpt><trkpt lat="37.514795" lon="-119.603916"><ele>1949.807</ele><time>2026-09-05T17:24:16Z</time></trkpt><trkpt lat="37.514819" lon="-119.603905"><ele>1950.009</ele><time>2026-09-05T17:24:19Z</time></trkpt><trkpt lat="37.514843" lon="-119.603888"><ele>1950.033</ele><time>2026-09-05T17:24:25Z</time></trkpt><trkpt lat="37.51484" lon="-119.603886"><ele>1950.099</ele><time>2026-09-05T17:24:26Z</time></trkpt><trkpt lat="37.514833" lon="-119.603885"><ele>1950.025</ele><time>2026-09-05T17:24:30Z</time></trkpt><trkpt lat="37.514854" lon="-119.603877"><ele>1950.032</ele><time>2026-09-05T17:24:33Z</time></trkpt><trkpt lat="37.514865" lon="-119.60387"><ele>1950.077</ele><time>2026-09-05T17:24:34Z</time></trkpt><trkpt lat="37.514916" lon="-119.603815"><ele>1950.827</ele><time>2026-09-05T17:24:41Z</time></trkpt><trkpt lat="37.514949" lon="-119.603767"><ele>1951.265</ele><time>2026-09-05T17:24:44Z</time></trkpt><trkpt lat="37.514976" lon="-119.603722"><ele>1951.851</ele><time>2026-09-05T17:24:48Z</time></trkpt><trkpt lat="37.515023" lon="-119.603662"><ele>1952.481</ele><time>2026-09-05T17:24:54Z</time></trkpt><trkpt lat="37.515057" lon="-119.603613"><ele>1952.863</ele><time>2026-09-05T17:24:58Z</time></trkpt><trkpt lat="37.51508" lon="-119.603574"><ele>1953.444</ele><time>2026-09-05T17:25:02Z</time></trkpt><trkpt lat="37.515124" lon="-119.60346"><ele>1953.818</ele><time>2026-09-05T17:25:11Z</time></trkpt><trkpt lat="37.515134" lon="-119.603411"><ele>1953.809</ele><time>2026-09-05T17:25:14Z</time></trkpt><trkpt lat="37.515149" lon="-119.603321"><ele>1954.238</ele><time>2026-09-05T17:25:20Z</time></trkpt><trkpt lat="37.51517" lon="-119.603197"><ele>1954.694</ele><time>2026-09-05T17:25:28Z</time></trkpt><trkpt lat="37.515193" lon="-119.60306"><ele>1954.850</ele><time>2026-09-05T17:25:37Z</time></trkpt><trkpt lat="37.515195" lon="-119.603018"><ele>1955.077</ele><time>2026-09-05T17:25:40Z</time></trkpt><trkpt lat="37.515185" lon="-119.602912"><ele>1955.462</ele><time>2026-09-05T17:25:47Z</time></trkpt><trkpt lat="37.515175" lon="-119.602875"><ele>1955.662</ele><time>2026-09-05T17:25:49Z</time></trkpt><trkpt lat="37.515156" lon="-119.602725"><ele>1956.070</ele><time>2026-09-05T17:25:59Z</time></trkpt><trkpt lat="37.515156" lon="-119.602711"><ele>1956.026</ele><time>2026-09-05T17:26:00Z</time></trkpt><trkpt lat="37.515137" lon="-119.602564"><ele>1956.476</ele><time>2026-09-05T17:26:10Z</time></trkpt><trkpt lat="37.515135" lon="-119.602549"><ele>1956.478</ele><time>2026-09-05T17:26:11Z</time></trkpt><trkpt lat="37.515118" lon="-119.602443"><ele>1957.033</ele><time>2026-09-05T17:26:17Z</time></trkpt><trkpt lat="37.515105" lon="-119.602396"><ele>1957.226</ele><time>2026-09-05T17:26:21Z</time></trkpt><trkpt lat="37.515072" lon="-119.602274"><ele>1957.809</ele><time>2026-09-05T17:26:29Z</time></trkpt><trkpt lat="37.515062" lon="-119.602221"><ele>1958.259</ele><time>2026-09-05T17:26:32Z</time></trkpt><trkpt lat="37.515034" lon="-119.602119"><ele>1958.695</ele><time>2026-09-05T17:26:39Z</time></trkpt><trkpt lat="37.515012" lon="-119.602051"><ele>1959.281</ele><time>2026-09-05T17:26:45Z</time></trkpt><trkpt lat="37.515012" lon="-119.602031"><ele>1959.478</ele><time>2026-09-05T17:26:47Z</time></trkpt><trkpt lat="37.514998" lon="-119.601924"><ele>1959.873</ele><time>2026-09-05T17:26:55Z</time></trkpt><trkpt lat="37.514997" lon="-119.601916"><ele>1959.873</ele><time>2026-09-05T17:26:56Z</time></trkpt><trkpt lat="37.515008" lon="-119.601889"><ele>1960.011</ele><time>2026-09-05T17:27:03Z</time></trkpt><trkpt lat="37.515009" lon="-119.601888"><ele>1960.047</ele><time>2026-09-05T17:27:04Z</time></trkpt><trkpt lat="37.51499" lon="-119.601851"><ele>1960.267</ele><time>2026-09-05T17:27:13Z</time></trkpt><trkpt lat="37.514984" lon="-119.601827"><ele>1960.247</ele><time>2026-09-05T17:27:15Z</time></trkpt><trkpt lat="37.514977" lon="-119.60177"><ele>1960.629</ele><time>2026-09-05T17:27:21Z</time></trkpt><trkpt lat="37.514957" lon="-119.601687"><ele>1960.821</ele><time>2026-09-05T17:27:29Z</time></trkpt><trkpt lat="37.514949" lon="-119.601633"><ele>1961.209</ele><time>2026-09-05T17:27:33Z</time></trkpt><trkpt lat="37.514932" lon="-119.601557"><ele>1961.886</ele><time>2026-09-05T17:27:38Z</time></trkpt><trkpt lat="37.514893" lon="-119.601485"><ele>1962.282</ele><time>2026-09-05T17:27:43Z</time></trkpt><trkpt lat="37.514868" lon="-119.601419"><ele>1962.468</ele><time>2026-09-05T17:27:48Z</time></trkpt><trkpt lat="37.514812" lon="-119.601291"><ele>1962.685</ele><time>2026-09-05T17:27:57Z</time></trkpt><trkpt lat="37.514829" lon="-119.601284"><ele>1962.820</ele><time>2026-09-05T17:28:01Z</time></trkpt><trkpt lat="37.514833" lon="-119.601284"><ele>1962.630</ele><time>2026-09-05T17:28:02Z</time></trkpt><trkpt lat="37.514807" lon="-119.601274"><ele>1963.098</ele><time>2026-09-05T17:28:10Z</time></trkpt><trkpt lat="37.51477" lon="-119.601226"><ele>1962.254</ele><time>2026-09-05T17:28:16Z</time></trkpt><trkpt lat="37.514744" lon="-119.601102"><ele>1962.654</ele><time>2026-09-05T17:28:23Z</time></trkpt><trkpt lat="37.514736" lon="-119.601083"><ele>1962.678</ele><time>2026-09-05T17:28:24Z</time></trkpt><trkpt lat="37.514713" lon="-119.60103"><ele>1962.833</ele><time>2026-09-05T17:28:28Z</time></trkpt><trkpt lat="37.514678" lon="-119.600955"><ele>1963.226</ele><time>2026-09-05T17:28:34Z</time></trkpt><trkpt lat="37.514672" lon="-119.600941"><ele>1963.409</ele><time>2026-09-05T17:28:35Z</time></trkpt><trkpt lat="37.51464" lon="-119.60087"><ele>1963.679</ele><time>2026-09-05T17:28:41Z</time></trkpt><trkpt lat="37.514626" lon="-119.600843"><ele>1963.695</ele><time>2026-09-05T17:28:43Z</time></trkpt><trkpt lat="37.514599" lon="-119.60073"><ele>1964.461</ele><time>2026-09-05T17:28:52Z</time></trkpt><trkpt lat="37.514596" lon="-119.600718"><ele>1964.448</ele><time>2026-09-05T17:28:53Z</time></trkpt><trkpt lat="37.514574" lon="-119.600604"><ele>1964.823</ele><time>2026-09-05T17:29:02Z</time></trkpt><trkpt lat="37.514557" lon="-119.6005"><ele>1965.493</ele><time>2026-09-05T17:29:10Z</time></trkpt><trkpt lat="37.514555" lon="-119.600484"><ele>1965.461</ele><time>2026-09-05T17:29:11Z</time></trkpt><trkpt lat="37.514551" lon="-119.600348"><ele>1966.457</ele><time>2026-09-05T17:29:20Z</time></trkpt><trkpt lat="37.514548" lon="-119.600283"><ele>1966.637</ele><time>2026-09-05T17:29:24Z</time></trkpt><trkpt lat="37.51454" lon="-119.600215"><ele>1967.091</ele><time>2026-09-05T17:29:29Z</time></trkpt><trkpt lat="37.514531" lon="-119.600145"><ele>1967.681</ele><time>2026-09-05T17:29:36Z</time></trkpt><trkpt lat="37.514525" lon="-119.600109"><ele>1967.619</ele><time>2026-09-05T17:29:38Z</time></trkpt><trkpt lat="37.514526" lon="-119.599975"><ele>1968.209</ele><time>2026-09-05T17:29:47Z</time></trkpt><trkpt lat="37.514531" lon="-119.59985"><ele>1968.611</ele><time>2026-09-05T17:29:56Z</time></trkpt><trkpt lat="37.51453" lon="-119.599837"><ele>1968.667</ele><time>2026-09-05T17:29:57Z</time></trkpt><trkpt lat="37.514529" lon="-119.599687"><ele>1968.863</ele><time>2026-09-05T17:30:06Z</time></trkpt><trkpt lat="37.514521" lon="-119.599549"><ele>1968.840</ele><time>2026-09-05T17:30:15Z</time></trkpt><trkpt lat="37.514529" lon="-119.599411"><ele>1968.895</ele><time>2026-09-05T17:30:24Z</time></trkpt><trkpt lat="37.514543" lon="-119.599313"><ele>1969.235</ele><time>2026-09-05T17:30:33Z</time></trkpt><trkpt lat="37.51454" lon="-119.599238"><ele>1969.663</ele><time>2026-09-05T17:30:38Z</time></trkpt><trkpt lat="37.514537" lon="-119.599182"><ele>1970.069</ele><time>2026-09-05T17:30:42Z</time></trkpt><trkpt lat="37.514541" lon="-119.599029"><ele>1970.899</ele><time>2026-09-05T17:30:50Z</time></trkpt><trkpt lat="37.514545" lon="-119.599013"><ele>1970.878</ele><time>2026-09-05T17:30:51Z</time></trkpt><trkpt lat="37.514544" lon="-119.598882"><ele>1971.433</ele><time>2026-09-05T17:30:59Z</time></trkpt><trkpt lat="37.514529" lon="-119.59882"><ele>1971.826</ele><time>2026-09-05T17:31:03Z</time></trkpt><trkpt lat="37.514511" lon="-119.598737"><ele>1972.409</ele><time>2026-09-05T17:31:10Z</time></trkpt><trkpt lat="37.514519" lon="-119.598706"><ele>1972.849</ele><time>2026-09-05T17:31:14Z</time></trkpt><trkpt lat="37.514514" lon="-119.598629"><ele>1973.485</ele><time>2026-09-05T17:31:20Z</time></trkpt><trkpt lat="37.514515" lon="-119.598557"><ele>1973.851</ele><time>2026-09-05T17:31:26Z</time></trkpt><trkpt lat="37.514523" lon="-119.598486"><ele>1974.418</ele><time>2026-09-05T17:31:31Z</time></trkpt><trkpt lat="37.51455" lon="-119.598413"><ele>1975.063</ele><time>2026-09-05T17:31:37Z</time></trkpt><trkpt lat="37.514558" lon="-119.598358"><ele>1975.613</ele><time>2026-09-05T17:31:41Z</time></trkpt><trkpt lat="37.51457" lon="-119.598295"><ele>1976.031</ele><time>2026-09-05T17:31:46Z</time></trkpt><trkpt lat="37.514595" lon="-119.598244"><ele>1976.877</ele><time>2026-09-05T17:31:51Z</time></trkpt><trkpt lat="37.514614" lon="-119.59821"><ele>1977.077</ele><time>2026-09-05T17:31:54Z</time></trkpt><trkpt lat="37.514638" lon="-119.598163"><ele>1977.455</ele><time>2026-09-05T17:31:58Z</time></trkpt><trkpt lat="37.514646" lon="-119.598151"><ele>1977.607</ele><time>2026-09-05T17:31:59Z</time></trkpt><trkpt lat="37.514658" lon="-119.598119"><ele>1978.217</ele><time>2026-09-05T17:32:03Z</time></trkpt><trkpt lat="37.514675" lon="-119.59808"><ele>1978.809</ele><time>2026-09-05T17:32:07Z</time></trkpt><trkpt lat="37.514706" lon="-119.598042"><ele>1979.437</ele><time>2026-09-05T17:32:12Z</time></trkpt><trkpt lat="37.514736" lon="-119.598013"><ele>1980.283</ele><time>2026-09-05T17:32:18Z</time></trkpt><trkpt lat="37.514751" lon="-119.597999"><ele>1980.449</ele><time>2026-09-05T17:32:20Z</time></trkpt><trkpt lat="37.514813" lon="-119.597886"><ele>1981.696</ele><time>2026-09-05T17:32:30Z</time></trkpt><trkpt lat="37.514837" lon="-119.597765"><ele>1982.491</ele><time>2026-09-05T17:32:39Z</time></trkpt><trkpt lat="37.514843" lon="-119.597745"><ele>1982.671</ele><time>2026-09-05T17:32:41Z</time></trkpt><trkpt lat="37.514866" lon="-119.597651"><ele>1983.289</ele><time>2026-09-05T17:32:48Z</time></trkpt><trkpt lat="37.514877" lon="-119.597599"><ele>1983.685</ele><time>2026-09-05T17:32:52Z</time></trkpt><trkpt lat="37.514904" lon="-119.597497"><ele>1984.465</ele><time>2026-09-05T17:32:59Z</time></trkpt><trkpt lat="37.514909" lon="-119.597486"><ele>1984.691</ele><time>2026-09-05T17:33:00Z</time></trkpt><trkpt lat="37.514944" lon="-119.597358"><ele>1985.681</ele><time>2026-09-05T17:33:10Z</time></trkpt><trkpt lat="37.514943" lon="-119.597351"><ele>1985.819</ele><time>2026-09-05T17:33:11Z</time></trkpt><trkpt lat="37.514939" lon="-119.597258"><ele>1986.809</ele><time>2026-09-05T17:33:19Z</time></trkpt><trkpt lat="37.514944" lon="-119.597231"><ele>1987.221</ele><time>2026-09-05T17:33:22Z</time></trkpt><trkpt lat="37.514976" lon="-119.59719"><ele>1988.097</ele><time>2026-09-05T17:33:28Z</time></trkpt><trkpt lat="37.514986" lon="-119.597178"><ele>1988.243</ele><time>2026-09-05T17:33:29Z</time></trkpt><trkpt lat="37.515094" lon="-119.597102"><ele>1989.040</ele><time>2026-09-05T17:33:39Z</time></trkpt><trkpt lat="37.515114" lon="-119.597081"><ele>1989.035</ele><time>2026-09-05T17:33:41Z</time></trkpt><trkpt lat="37.515151" lon="-119.597001"><ele>1989.695</ele><time>2026-09-05T17:33:49Z</time></trkpt><trkpt lat="37.515164" lon="-119.596956"><ele>1990.073</ele><time>2026-09-05T17:33:52Z</time></trkpt><trkpt lat="37.515213" lon="-119.596885"><ele>1990.879</ele><time>2026-09-05T17:34:00Z</time></trkpt><trkpt lat="37.515294" lon="-119.59681"><ele>1991.039</ele><time>2026-09-05T17:34:07Z</time></trkpt><trkpt lat="37.515327" lon="-119.596772"><ele>1991.275</ele><time>2026-09-05T17:34:10Z</time></trkpt><trkpt lat="37.515399" lon="-119.596706"><ele>1991.428</ele><time>2026-09-05T17:34:18Z</time></trkpt><trkpt lat="37.515502" lon="-119.596641"><ele>1991.620</ele><time>2026-09-05T17:34:27Z</time></trkpt><trkpt lat="37.515543" lon="-119.596642"><ele>1991.409</ele><time>2026-09-05T17:34:31Z</time></trkpt><trkpt lat="37.515579" lon="-119.596654"><ele>1991.479</ele><time>2026-09-05T17:34:34Z</time></trkpt><trkpt lat="37.515632" lon="-119.596696"><ele>1991.695</ele><time>2026-09-05T17:34:39Z</time></trkpt><trkpt lat="37.515652" lon="-119.596712"><ele>1991.831</ele><time>2026-09-05T17:34:41Z</time></trkpt><trkpt lat="37.515706" lon="-119.596778"><ele>1992.088</ele><time>2026-09-05T17:34:48Z</time></trkpt><trkpt lat="37.515746" lon="-119.596819"><ele>1992.293</ele><time>2026-09-05T17:34:52Z</time></trkpt><trkpt lat="37.515792" lon="-119.59686"><ele>1992.493</ele><time>2026-09-05T17:34:57Z</time></trkpt><trkpt lat="37.515829" lon="-119.596887"><ele>1992.661</ele><time>2026-09-05T17:35:01Z</time></trkpt><trkpt lat="37.515871" lon="-119.596912"><ele>1992.887</ele><time>2026-09-05T17:35:05Z</time></trkpt><trkpt lat="37.515885" lon="-119.59692"><ele>1993.217</ele><time>2026-09-05T17:35:07Z</time></trkpt><trkpt lat="37.51592" lon="-119.596954"><ele>1993.241</ele><time>2026-09-05T17:35:10Z</time></trkpt><trkpt lat="37.515993" lon="-119.597021"><ele>1993.481</ele><time>2026-09-05T17:35:18Z</time></trkpt><trkpt lat="37.516018" lon="-119.597052"><ele>1993.409</ele><time>2026-09-05T17:35:21Z</time></trkpt><trkpt lat="37.516089" lon="-119.59719"><ele>1993.409</ele><time>2026-09-05T17:35:32Z</time></trkpt><trkpt lat="37.516115" lon="-119.597316"><ele>1993.666</ele><time>2026-09-05T17:35:41Z</time></trkpt><trkpt lat="37.516134" lon="-119.59743"><ele>1994.052</ele><time>2026-09-05T17:35:48Z</time></trkpt><trkpt lat="37.516138" lon="-119.597495"><ele>1994.298</ele><time>2026-09-05T17:35:52Z</time></trkpt><trkpt lat="37.516155" lon="-119.597664"><ele>1994.825</ele><time>2026-09-05T17:36:04Z</time></trkpt><trkpt lat="37.516173" lon="-119.597706"><ele>1995.460</ele><time>2026-09-05T17:36:07Z</time></trkpt><trkpt lat="37.516208" lon="-119.597758"><ele>1996.020</ele><time>2026-09-05T17:36:12Z</time></trkpt><trkpt lat="37.516222" lon="-119.597779"><ele>1996.438</ele><time>2026-09-05T17:36:14Z</time></trkpt><trkpt lat="37.516275" lon="-119.597812"><ele>1997.294</ele><time>2026-09-05T17:36:19Z</time></trkpt><trkpt lat="37.516284" lon="-119.597813"><ele>1997.484</ele><time>2026-09-05T17:36:20Z</time></trkpt><trkpt lat="37.516294" lon="-119.597813"><ele>1997.427</ele><time>2026-09-05T17:36:21Z</time></trkpt><trkpt lat="37.516336" lon="-119.597783"><ele>1998.268</ele><time>2026-09-05T17:36:26Z</time></trkpt><trkpt lat="37.516355" lon="-119.597762"><ele>1998.414</ele><time>2026-09-05T17:36:28Z</time></trkpt><trkpt lat="37.516367" lon="-119.597751"><ele>1998.609</ele><time>2026-09-05T17:36:29Z</time></trkpt><trkpt lat="37.516427" lon="-119.597688"><ele>1999.294</ele><time>2026-09-05T17:36:36Z</time></trkpt><trkpt lat="37.516445" lon="-119.597675"><ele>1999.470</ele><time>2026-09-05T17:36:38Z</time></trkpt><trkpt lat="37.516453" lon="-119.597664"><ele>1999.686</ele><time>2026-09-05T17:36:39Z</time></trkpt><trkpt lat="37.516477" lon="-119.597624"><ele>2000.263</ele><time>2026-09-05T17:36:43Z</time></trkpt><trkpt lat="37.516492" lon="-119.597584"><ele>2000.428</ele><time>2026-09-05T17:36:46Z</time></trkpt><trkpt lat="37.516499" lon="-119.59756"><ele>2000.668</ele><time>2026-09-05T17:36:48Z</time></trkpt><trkpt lat="37.516508" lon="-119.597509"><ele>2001.236</ele><time>2026-09-05T17:36:52Z</time></trkpt><trkpt lat="37.516521" lon="-119.597438"><ele>2001.882</ele><time>2026-09-05T17:36:57Z</time></trkpt><trkpt lat="37.516528" lon="-119.597341"><ele>2002.232</ele><time>2026-09-05T17:37:04Z</time></trkpt><trkpt lat="37.516528" lon="-119.597221"><ele>2002.849</ele><time>2026-09-05T17:37:12Z</time></trkpt><trkpt lat="37.516529" lon="-119.597176"><ele>2003.002</ele><time>2026-09-05T17:37:15Z</time></trkpt><trkpt lat="37.516517" lon="-119.597072"><ele>2003.622</ele><time>2026-09-05T17:37:22Z</time></trkpt><trkpt lat="37.516518" lon="-119.597004"><ele>2003.809</ele><time>2026-09-05T17:37:26Z</time></trkpt><trkpt lat="37.516506" lon="-119.59696"><ele>2004.066</ele><time>2026-09-05T17:37:29Z</time></trkpt><trkpt lat="37.516504" lon="-119.596934"><ele>2004.072</ele><time>2026-09-05T17:37:31Z</time></trkpt><trkpt lat="37.516474" lon="-119.596842"><ele>2005.018</ele><time>2026-09-05T17:37:38Z</time></trkpt><trkpt lat="37.516453" lon="-119.596803"><ele>2005.285</ele><time>2026-09-05T17:37:41Z</time></trkpt><trkpt lat="37.516425" lon="-119.596758"><ele>2005.480</ele><time>2026-09-05T17:37:45Z</time></trkpt><trkpt lat="37.516395" lon="-119.596687"><ele>2006.070</ele><time>2026-09-05T17:37:51Z</time></trkpt><trkpt lat="37.516365" lon="-119.596611"><ele>2006.628</ele><time>2026-09-05T17:37:57Z</time></trkpt><trkpt lat="37.516353" lon="-119.596576"><ele>2007.034</ele><time>2026-09-05T17:38:00Z</time></trkpt><trkpt lat="37.516308" lon="-119.596465"><ele>2007.414</ele><time>2026-09-05T17:38:08Z</time></trkpt><trkpt lat="37.516279" lon="-119.596395"><ele>2008.066</ele><time>2026-09-05T17:38:14Z</time></trkpt><trkpt lat="37.516263" lon="-119.596335"><ele>2008.629</ele><time>2026-09-05T17:38:20Z</time></trkpt><trkpt lat="37.516239" lon="-119.596214"><ele>2009.021</ele><time>2026-09-05T17:38:29Z</time></trkpt><trkpt lat="37.516235" lon="-119.596189"><ele>2009.209</ele><time>2026-09-05T17:38:31Z</time></trkpt><trkpt lat="37.516209" lon="-119.596088"><ele>2009.618</ele><time>2026-09-05T17:38:39Z</time></trkpt><trkpt lat="37.516205" lon="-119.59601"><ele>2010.054</ele><time>2026-09-05T17:38:45Z</time></trkpt><trkpt lat="37.516208" lon="-119.595931"><ele>2010.280</ele><time>2026-09-05T17:38:51Z</time></trkpt><trkpt lat="37.516205" lon="-119.595899"><ele>2010.627</ele><time>2026-09-05T17:38:54Z</time></trkpt><trkpt lat="37.516198" lon="-119.595786"><ele>2010.872</ele><time>2026-09-05T17:39:02Z</time></trkpt><trkpt lat="37.516187" lon="-119.595685"><ele>2011.262</ele><time>2026-09-05T17:39:09Z</time></trkpt><trkpt lat="37.51618" lon="-119.595659"><ele>2011.440</ele><time>2026-09-05T17:39:11Z</time></trkpt><trkpt lat="37.516153" lon="-119.595563"><ele>2012.076</ele><time>2026-09-05T17:39:19Z</time></trkpt><trkpt lat="37.516147" lon="-119.595534"><ele>2012.246</ele><time>2026-09-05T17:39:21Z</time></trkpt><trkpt lat="37.516129" lon="-119.595453"><ele>2012.829</ele><time>2026-09-05T17:39:26Z</time></trkpt><trkpt lat="37.516121" lon="-119.595393"><ele>2013.400</ele><time>2026-09-05T17:39:30Z</time></trkpt><trkpt lat="37.51612" lon="-119.595342"><ele>2013.820</ele><time>2026-09-05T17:39:34Z</time></trkpt><trkpt lat="37.516138" lon="-119.595288"><ele>2014.409</ele><time>2026-09-05T17:39:39Z</time></trkpt><trkpt lat="37.516146" lon="-119.595267"><ele>2014.674</ele><time>2026-09-05T17:39:41Z</time></trkpt><trkpt lat="37.516165" lon="-119.595205"><ele>2015.440</ele><time>2026-09-05T17:39:46Z</time></trkpt><trkpt lat="37.516189" lon="-119.595187"><ele>2015.626</ele><time>2026-09-05T17:39:49Z</time></trkpt><trkpt lat="37.516271" lon="-119.595135"><ele>2015.663</ele><time>2026-09-05T17:39:57Z</time></trkpt><trkpt lat="37.516286" lon="-119.595139"><ele>2015.698</ele><time>2026-09-05T17:39:58Z</time></trkpt><trkpt lat="37.516345" lon="-119.595154"><ele>2015.428</ele><time>2026-09-05T17:40:03Z</time></trkpt><trkpt lat="37.516408" lon="-119.595186"><ele>2015.656</ele><time>2026-09-05T17:40:09Z</time></trkpt><trkpt lat="37.516434" lon="-119.59522"><ele>2015.842</ele><time>2026-09-05T17:40:12Z</time></trkpt><trkpt lat="37.516495" lon="-119.595311"><ele>2015.892</ele><time>2026-09-05T17:40:20Z</time></trkpt><trkpt lat="37.516579" lon="-119.59544"><ele>2016.425</ele><time>2026-09-05T17:40:31Z</time></trkpt><trkpt lat="37.516588" lon="-119.595452"><ele>2016.626</ele><time>2026-09-05T17:40:32Z</time></trkpt><trkpt lat="37.51665" lon="-119.595568"><ele>2017.008</ele><time>2026-09-05T17:40:41Z</time></trkpt><trkpt lat="37.516683" lon="-119.595667"><ele>2017.409</ele><time>2026-09-05T17:40:48Z</time></trkpt><trkpt lat="37.516688" lon="-119.595682"><ele>2017.674</ele><time>2026-09-05T17:40:49Z</time></trkpt><trkpt lat="37.516719" lon="-119.595823"><ele>2017.230</ele><time>2026-09-05T17:40:59Z</time></trkpt><trkpt lat="37.516765" lon="-119.595975"><ele>2018.076</ele><time>2026-09-05T17:41:10Z</time></trkpt><trkpt lat="37.51677" lon="-119.595988"><ele>2017.843</ele><time>2026-09-05T17:41:11Z</time></trkpt><trkpt lat="37.516849" lon="-119.59615"><ele>2017.828</ele><time>2026-09-05T17:41:22Z</time></trkpt><trkpt lat="37.516902" lon="-119.596265"><ele>2017.818</ele><time>2026-09-05T17:41:31Z</time></trkpt><trkpt lat="37.516975" lon="-119.596392"><ele>2018.216</ele><time>2026-09-05T17:41:41Z</time></trkpt><trkpt lat="37.516993" lon="-119.596419"><ele>2018.682</ele><time>2026-09-05T17:41:43Z</time></trkpt><trkpt lat="37.517038" lon="-119.596491"><ele>2019.412</ele><time>2026-09-05T17:41:49Z</time></trkpt><trkpt lat="37.517053" lon="-119.596543"><ele>2019.672</ele><time>2026-09-05T17:41:53Z</time></trkpt><trkpt lat="37.517085" lon="-119.596625"><ele>2020.213</ele><time>2026-09-05T17:41:58Z</time></trkpt><trkpt lat="37.517139" lon="-119.596753"><ele>2019.614</ele><time>2026-09-05T17:42:08Z</time></trkpt><trkpt lat="37.517201" lon="-119.596883"><ele>2019.409</ele><time>2026-09-05T17:42:17Z</time></trkpt><trkpt lat="37.517242" lon="-119.596969"><ele>2019.839</ele><time>2026-09-05T17:42:23Z</time></trkpt><trkpt lat="37.517284" lon="-119.597062"><ele>2020.055</ele><time>2026-09-05T17:42:30Z</time></trkpt><trkpt lat="37.517297" lon="-119.597118"><ele>2020.221</ele><time>2026-09-05T17:42:34Z</time></trkpt><trkpt lat="37.517307" lon="-119.597175"><ele>2020.638</ele><time>2026-09-05T17:42:38Z</time></trkpt><trkpt lat="37.517311" lon="-119.5972"><ele>2020.633</ele><time>2026-09-05T17:42:40Z</time></trkpt><trkpt lat="37.517314" lon="-119.597317"><ele>2021.263</ele><time>2026-09-05T17:42:48Z</time></trkpt><trkpt lat="37.517321" lon="-119.597391"><ele>2021.651</ele><time>2026-09-05T17:42:54Z</time></trkpt><trkpt lat="37.517324" lon="-119.597419"><ele>2021.627</ele><time>2026-09-05T17:42:56Z</time></trkpt><trkpt lat="37.517345" lon="-119.597527"><ele>2022.067</ele><time>2026-09-05T17:43:04Z</time></trkpt><trkpt lat="37.517343" lon="-119.597551"><ele>2022.268</ele><time>2026-09-05T17:43:06Z</time></trkpt><trkpt lat="37.517342" lon="-119.597611"><ele>2022.842</ele><time>2026-09-05T17:43:11Z</time></trkpt><trkpt lat="37.517353" lon="-119.597672"><ele>2023.426</ele><time>2026-09-05T17:43:16Z</time></trkpt><trkpt lat="37.517355" lon="-119.597702"><ele>2023.609</ele><time>2026-09-05T17:43:18Z</time></trkpt><trkpt lat="37.517356" lon="-119.597719"><ele>2023.818</ele><time>2026-09-05T17:43:19Z</time></trkpt><trkpt lat="37.517355" lon="-119.597795"><ele>2024.834</ele><time>2026-09-05T17:43:25Z</time></trkpt><trkpt lat="37.517352" lon="-119.597807"><ele>2024.890</ele><time>2026-09-05T17:43:26Z</time></trkpt><trkpt lat="37.517344" lon="-119.597892"><ele>2026.087</ele><time>2026-09-05T17:43:33Z</time></trkpt><trkpt lat="37.517329" lon="-119.598029"><ele>2026.852</ele><time>2026-09-05T17:43:42Z</time></trkpt><trkpt lat="37.517326" lon="-119.59807"><ele>2027.042</ele><time>2026-09-05T17:43:45Z</time></trkpt><trkpt lat="37.517311" lon="-119.598167"><ele>2027.410</ele><time>2026-09-05T17:43:53Z</time></trkpt><trkpt lat="37.517271" lon="-119.598306"><ele>2028.226</ele><time>2026-09-05T17:44:03Z</time></trkpt><trkpt lat="37.517259" lon="-119.598339"><ele>2028.886</ele><time>2026-09-05T17:44:05Z</time></trkpt><trkpt lat="37.517253" lon="-119.598351"><ele>2029.242</ele><time>2026-09-05T17:44:06Z</time></trkpt><trkpt lat="37.517232" lon="-119.598409"><ele>2029.622</ele><time>2026-09-05T17:44:10Z</time></trkpt><trkpt lat="37.517216" lon="-119.598446"><ele>2030.214</ele><time>2026-09-05T17:44:14Z</time></trkpt><trkpt lat="37.517213" lon="-119.598456"><ele>2030.409</ele><time>2026-09-05T17:44:15Z</time></trkpt><trkpt lat="37.517176" lon="-119.598573"><ele>2030.886</ele><time>2026-09-05T17:44:27Z</time></trkpt><trkpt lat="37.517159" lon="-119.598639"><ele>2031.282</ele><time>2026-09-05T17:44:33Z</time></trkpt><trkpt lat="37.517145" lon="-119.598675"><ele>2031.478</ele><time>2026-09-05T17:44:36Z</time></trkpt><trkpt lat="37.517137" lon="-119.598717"><ele>2031.465</ele><time>2026-09-05T17:44:39Z</time></trkpt><trkpt lat="37.517134" lon="-119.598783"><ele>2032.620</ele><time>2026-09-05T17:44:44Z</time></trkpt><trkpt lat="37.517139" lon="-119.598837"><ele>2033.090</ele><time>2026-09-05T17:44:49Z</time></trkpt><trkpt lat="37.517153" lon="-119.598983"><ele>2033.828</ele><time>2026-09-05T17:44:59Z</time></trkpt><trkpt lat="37.51716" lon="-119.599098"><ele>2034.834</ele><time>2026-09-05T17:45:08Z</time></trkpt><trkpt lat="37.517162" lon="-119.599123"><ele>2035.094</ele><time>2026-09-05T17:45:10Z</time></trkpt><trkpt lat="37.517179" lon="-119.599182"><ele>2035.669</ele><time>2026-09-05T17:45:15Z</time></trkpt><trkpt lat="37.517193" lon="-119.599241"><ele>2036.004</ele><time>2026-09-05T17:45:19Z</time></trkpt><trkpt lat="37.517211" lon="-119.599302"><ele>2036.024</ele><time>2026-09-05T17:45:24Z</time></trkpt><trkpt lat="37.517239" lon="-119.59937"><ele>2037.209</ele><time>2026-09-05T17:45:30Z</time></trkpt><trkpt lat="37.517256" lon="-119.599422"><ele>2037.448</ele><time>2026-09-05T17:45:34Z</time></trkpt><trkpt lat="37.517278" lon="-119.59948"><ele>2038.264</ele><time>2026-09-05T17:45:39Z</time></trkpt><trkpt lat="37.517293" lon="-119.599501"><ele>2038.640</ele><time>2026-09-05T17:45:42Z</time></trkpt><trkpt lat="37.517298" lon="-119.599514"><ele>2038.827</ele><time>2026-09-05T17:45:43Z</time></trkpt><trkpt lat="37.517317" lon="-119.599587"><ele>2039.262</ele><time>2026-09-05T17:45:49Z</time></trkpt><trkpt lat="37.517349" lon="-119.599667"><ele>2040.232</ele><time>2026-09-05T17:45:56Z</time></trkpt><trkpt lat="37.517357" lon="-119.59968"><ele>2040.420</ele><time>2026-09-05T17:45:57Z</time></trkpt><trkpt lat="37.517394" lon="-119.599748"><ele>2041.466</ele><time>2026-09-05T17:46:05Z</time></trkpt><trkpt lat="37.517447" lon="-119.599861"><ele>2042.456</ele><time>2026-09-05T17:46:15Z</time></trkpt><trkpt lat="37.51748" lon="-119.599943"><ele>2042.297</ele><time>2026-09-05T17:46:22Z</time></trkpt><trkpt lat="37.517503" lon="-119.599996"><ele>2042.623</ele><time>2026-09-05T17:46:28Z</time></trkpt><trkpt lat="37.517512" lon="-119.600018"><ele>2042.625</ele><time>2026-09-05T17:46:30Z</time></trkpt><trkpt lat="37.517548" lon="-119.600106"><ele>2043.609</ele><time>2026-09-05T17:46:38Z</time></trkpt><trkpt lat="37.517552" lon="-119.600128"><ele>2044.031</ele><time>2026-09-05T17:46:40Z</time></trkpt><trkpt lat="37.517565" lon="-119.600167"><ele>2044.847</ele><time>2026-09-05T17:46:43Z</time></trkpt><trkpt lat="37.517577" lon="-119.600249"><ele>2046.093</ele><time>2026-09-05T17:46:49Z</time></trkpt><trkpt lat="37.517581" lon="-119.600316"><ele>2047.090</ele><time>2026-09-05T17:46:55Z</time></trkpt><trkpt lat="37.517586" lon="-119.600352"><ele>2047.075</ele><time>2026-09-05T17:46:58Z</time></trkpt><trkpt lat="37.517619" lon="-119.60045"><ele>2047.495</ele><time>2026-09-05T17:47:06Z</time></trkpt><trkpt lat="37.517669" lon="-119.600428"><ele>2047.643</ele><time>2026-09-05T17:47:11Z</time></trkpt><trkpt lat="37.517675" lon="-119.600414"><ele>2047.849</ele><time>2026-09-05T17:47:12Z</time></trkpt><trkpt lat="37.517679" lon="-119.600403"><ele>2048.089</ele><time>2026-09-05T17:47:13Z</time></trkpt><trkpt lat="37.517696" lon="-119.600321"><ele>2049.213</ele><time>2026-09-05T17:47:19Z</time></trkpt><trkpt lat="37.517698" lon="-119.60029"><ele>2049.243</ele><time>2026-09-05T17:47:21Z</time></trkpt><trkpt lat="37.517705" lon="-119.600215"><ele>2049.607</ele><time>2026-09-05T17:47:27Z</time></trkpt><trkpt lat="37.51771" lon="-119.60018"><ele>2050.009</ele><time>2026-09-05T17:47:30Z</time></trkpt><trkpt lat="37.51772" lon="-119.60013"><ele>2050.273</ele><time>2026-09-05T17:47:34Z</time></trkpt><trkpt lat="37.517738" lon="-119.600068"><ele>2051.089</ele><time>2026-09-05T17:47:39Z</time></trkpt><trkpt lat="37.517754" lon="-119.600032"><ele>2051.255</ele><time>2026-09-05T17:47:42Z</time></trkpt><trkpt lat="37.517776" lon="-119.59998"><ele>2051.662</ele><time>2026-09-05T17:47:47Z</time></trkpt><trkpt lat="37.51778" lon="-119.599969"><ele>2051.817</ele><time>2026-09-05T17:47:48Z</time></trkpt><trkpt lat="37.51779" lon="-119.599927"><ele>2052.447</ele><time>2026-09-05T17:47:52Z</time></trkpt><trkpt lat="37.517812" lon="-119.599865"><ele>2053.265</ele><time>2026-09-05T17:47:57Z</time></trkpt><trkpt lat="37.517824" lon="-119.59984"><ele>2053.491</ele><time>2026-09-05T17:47:59Z</time></trkpt><trkpt lat="37.51786" lon="-119.599766"><ele>2054.031</ele><time>2026-09-05T17:48:06Z</time></trkpt><trkpt lat="37.51789" lon="-119.599721"><ele>2054.632</ele><time>2026-09-05T17:48:10Z</time></trkpt><trkpt lat="37.517912" lon="-119.599694"><ele>2055.092</ele><time>2026-09-05T17:48:14Z</time></trkpt><trkpt lat="37.517955" lon="-119.599646"><ele>2055.611</ele><time>2026-09-05T17:48:20Z</time></trkpt><trkpt lat="37.517963" lon="-119.599636"><ele>2055.809</ele><time>2026-09-05T17:48:21Z</time></trkpt><trkpt lat="37.518006" lon="-119.599574"><ele>2056.025</ele><time>2026-09-05T17:48:27Z</time></trkpt><trkpt lat="37.518034" lon="-119.599529"><ele>2056.621</ele><time>2026-09-05T17:48:32Z</time></trkpt><trkpt lat="37.518052" lon="-119.599514"><ele>2056.857</ele><time>2026-09-05T17:48:34Z</time></trkpt><trkpt lat="37.518117" lon="-119.599442"><ele>2057.864</ele><time>2026-09-05T17:48:42Z</time></trkpt><trkpt lat="37.518177" lon="-119.599411"><ele>2058.669</ele><time>2026-09-05T17:48:50Z</time></trkpt><trkpt lat="37.518187" lon="-119.59941"><ele>2058.879</ele><time>2026-09-05T17:48:51Z</time></trkpt><trkpt lat="37.518248" lon="-119.599416"><ele>2059.287</ele><time>2026-09-05T17:48:57Z</time></trkpt><trkpt lat="37.518295" lon="-119.59945"><ele>2059.843</ele><time>2026-09-05T17:49:04Z</time></trkpt><trkpt lat="37.518334" lon="-119.599527"><ele>2060.283</ele><time>2026-09-05T17:49:13Z</time></trkpt><trkpt lat="37.518361" lon="-119.599603"><ele>2060.646</ele><time>2026-09-05T17:49:20Z</time></trkpt><trkpt lat="37.518367" lon="-119.599633"><ele>2061.088</ele><time>2026-09-05T17:49:24Z</time></trkpt><trkpt lat="37.51837" lon="-119.599692"><ele>2061.416</ele><time>2026-09-05T17:49:28Z</time></trkpt><trkpt lat="37.518371" lon="-119.59981"><ele>2061.609</ele><time>2026-09-05T17:49:37Z</time></trkpt><trkpt lat="37.518369" lon="-119.599827"><ele>2062.226</ele><time>2026-09-05T17:49:39Z</time></trkpt><trkpt lat="37.518366" lon="-119.59989"><ele>2063.242</ele><time>2026-09-05T17:49:45Z</time></trkpt><trkpt lat="37.518362" lon="-119.599905"><ele>2063.438</ele><time>2026-09-05T17:49:46Z</time></trkpt><trkpt lat="37.518363" lon="-119.599999"><ele>2063.635</ele><time>2026-09-05T17:49:54Z</time></trkpt><trkpt lat="37.518369" lon="-119.600027"><ele>2064.650</ele><time>2026-09-05T17:49:57Z</time></trkpt><trkpt lat="37.518381" lon="-119.600088"><ele>2065.250</ele><time>2026-09-05T17:50:02Z</time></trkpt><trkpt lat="37.518409" lon="-119.600136"><ele>2065.688</ele><time>2026-09-05T17:50:08Z</time></trkpt><trkpt lat="37.518411" lon="-119.600143"><ele>2065.844</ele><time>2026-09-05T17:50:09Z</time></trkpt><trkpt lat="37.518436" lon="-119.600186"><ele>2066.624</ele><time>2026-09-05T17:50:15Z</time></trkpt><trkpt lat="37.518454" lon="-119.600213"><ele>2067.242</ele><time>2026-09-05T17:50:18Z</time></trkpt><trkpt lat="37.518472" lon="-119.600264"><ele>2067.822</ele><time>2026-09-05T17:50:23Z</time></trkpt><trkpt lat="37.518486" lon="-119.600304"><ele>2068.414</ele><time>2026-09-05T17:50:27Z</time></trkpt><trkpt lat="37.518499" lon="-119.600344"><ele>2069.009</ele><time>2026-09-05T17:50:31Z</time></trkpt><trkpt lat="37.518512" lon="-119.600374"><ele>2069.466</ele><time>2026-09-05T17:50:34Z</time></trkpt><trkpt lat="37.518532" lon="-119.600417"><ele>2070.032</ele><time>2026-09-05T17:50:38Z</time></trkpt><trkpt lat="37.518537" lon="-119.600453"><ele>2070.438</ele><time>2026-09-05T17:50:41Z</time></trkpt><trkpt lat="37.518559" lon="-119.600504"><ele>2071.245</ele><time>2026-09-05T17:50:46Z</time></trkpt><trkpt lat="37.51857" lon="-119.600528"><ele>2071.650</ele><time>2026-09-05T17:50:48Z</time></trkpt><trkpt lat="37.518591" lon="-119.600568"><ele>2072.260</ele><time>2026-09-05T17:50:52Z</time></trkpt><trkpt lat="37.518615" lon="-119.600618"><ele>2072.848</ele><time>2026-09-05T17:50:57Z</time></trkpt><trkpt lat="37.518631" lon="-119.600667"><ele>2073.084</ele><time>2026-09-05T17:51:01Z</time></trkpt><trkpt lat="37.518632" lon="-119.600683"><ele>2073.244</ele><time>2026-09-05T17:51:02Z</time></trkpt><trkpt lat="37.518634" lon="-119.600696"><ele>2073.242</ele><time>2026-09-05T17:51:03Z</time></trkpt><trkpt lat="37.518643" lon="-119.600742"><ele>2073.222</ele><time>2026-09-05T17:51:06Z</time></trkpt><trkpt lat="37.518701" lon="-119.600846"><ele>2072.814</ele><time>2026-09-05T17:51:17Z</time></trkpt><trkpt lat="37.518765" lon="-119.600839"><ele>2073.009</ele><time>2026-09-05T17:51:23Z</time></trkpt><trkpt lat="37.518807" lon="-119.600844"><ele>2072.856</ele><time>2026-09-05T17:51:27Z</time></trkpt><trkpt lat="37.518838" lon="-119.600858"><ele>2072.492</ele><time>2026-09-05T17:51:33Z</time></trkpt><trkpt lat="37.518875" lon="-119.600885"><ele>2072.288</ele><time>2026-09-05T17:51:38Z</time></trkpt><trkpt lat="37.518876" lon="-119.600882"><ele>2072.045</ele><time>2026-09-05T17:51:40Z</time></trkpt><trkpt lat="37.518855" lon="-119.600888"><ele>2071.820</ele><time>2026-09-05T17:51:48Z</time></trkpt><trkpt lat="37.51885" lon="-119.600889"><ele>2071.840</ele><time>2026-09-05T17:51:49Z</time></trkpt><trkpt lat="37.518847" lon="-119.60089"><ele>2071.868</ele><time>2026-09-05T17:51:50Z</time></trkpt><trkpt lat="37.518845" lon="-119.600888"><ele>2071.624</ele><time>2026-09-05T17:51:51Z</time></trkpt><trkpt lat="37.518846" lon="-119.60089"><ele>2071.474</ele><time>2026-09-05T17:51:55Z</time></trkpt><trkpt lat="37.51887" lon="-119.600927"><ele>2071.444</ele><time>2026-09-05T17:52:00Z</time></trkpt><trkpt lat="37.518875" lon="-119.600936"><ele>2071.005</ele><time>2026-09-05T17:52:01Z</time></trkpt><trkpt lat="37.518883" lon="-119.600951"><ele>2070.015</ele><time>2026-09-05T17:52:04Z</time></trkpt><trkpt lat="37.518886" lon="-119.600981"><ele>2068.809</ele><time>2026-09-05T17:52:08Z</time></trkpt><trkpt lat="37.518891" lon="-119.600992"><ele>2068.446</ele><time>2026-09-05T17:52:09Z</time></trkpt><trkpt lat="37.5189" lon="-119.601031"><ele>2067.432</ele><time>2026-09-05T17:52:12Z</time></trkpt><trkpt lat="37.518902" lon="-119.601073"><ele>2066.448</ele><time>2026-09-05T17:52:15Z</time></trkpt><trkpt lat="37.518907" lon="-119.601086"><ele>2066.095</ele><time>2026-09-05T17:52:16Z</time></trkpt><trkpt lat="37.518948" lon="-119.601124"><ele>2065.230</ele><time>2026-09-05T17:52:23Z</time></trkpt><trkpt lat="37.518949" lon="-119.601118"><ele>2065.220</ele><time>2026-09-05T17:52:24Z</time></trkpt><trkpt lat="37.518934" lon="-119.601089"><ele>2065.028</ele><time>2026-09-05T17:52:35Z</time></trkpt><trkpt lat="37.518926" lon="-119.601077"><ele>2065.024</ele><time>2026-09-05T17:52:38Z</time></trkpt><trkpt lat="37.518927" lon="-119.601073"><ele>2065.014</ele><time>2026-09-05T17:52:41Z</time></trkpt><trkpt lat="37.518922" lon="-119.601058"><ele>2065.071</ele><time>2026-09-05T17:52:43Z</time></trkpt><trkpt lat="37.518898" lon="-119.601029"><ele>2065.241</ele><time>2026-09-05T17:52:50Z</time></trkpt><trkpt lat="37.518895" lon="-119.601046"><ele>2065.215</ele><time>2026-09-05T17:52:57Z</time></trkpt><trkpt lat="37.518904" lon="-119.601042"><ele>2064.609</ele><time>2026-09-05T17:53:04Z</time></trkpt><trkpt lat="37.518907" lon="-119.601035"><ele>2064.439</ele><time>2026-09-05T17:53:10Z</time></trkpt><trkpt lat="37.518907" lon="-119.601034"><ele>2064.475</ele><time>2026-09-05T17:53:13Z</time></trkpt><trkpt lat="37.518877" lon="-119.601024"><ele>2050.471</ele><time>2026-09-05T18:17:09Z</time></trkpt><trkpt lat="37.51884" lon="-119.60099"><ele>2050.888</ele><time>2026-09-05T18:17:15Z</time></trkpt><trkpt lat="37.518759" lon="-119.600937"><ele>2051.483</ele><time>2026-09-05T18:17:23Z</time></trkpt><trkpt lat="37.518728" lon="-119.600932"><ele>2052.023</ele><time>2026-09-05T18:17:27Z</time></trkpt><trkpt lat="37.518711" lon="-119.600931"><ele>2052.251</ele><time>2026-09-05T18:17:30Z</time></trkpt><trkpt lat="37.518684" lon="-119.600928"><ele>2052.457</ele><time>2026-09-05T18:17:34Z</time></trkpt><trkpt lat="37.518647" lon="-119.600936"><ele>2052.827</ele><time>2026-09-05T18:17:39Z</time></trkpt><trkpt lat="37.518594" lon="-119.600969"><ele>2053.235</ele><time>2026-09-05T18:17:46Z</time></trkpt><trkpt lat="37.51856" lon="-119.600994"><ele>2053.286</ele><time>2026-09-05T18:17:55Z</time></trkpt><trkpt lat="37.51856" lon="-119.600994"><ele>2053.414</ele><time>2026-09-05T18:17:58Z</time></trkpt><trkpt lat="37.51856" lon="-119.600994"><ele>2053.609</ele><time>2026-09-05T18:18:02Z</time></trkpt><trkpt lat="37.51856" lon="-119.600994"><ele>2054.025</ele><time>2026-09-05T18:18:07Z</time></trkpt><trkpt lat="37.51856" lon="-119.600994"><ele>2054.081</ele><time>2026-09-05T18:18:08Z</time></trkpt><trkpt lat="37.51856" lon="-119.600994"><ele>2054.027</ele><time>2026-09-05T18:18:09Z</time></trkpt><trkpt lat="37.51856" lon="-119.600994"><ele>2054.214</ele><time>2026-09-05T18:18:11Z</time></trkpt><trkpt lat="37.51856" lon="-119.600994"><ele>2054.659</ele><time>2026-09-05T18:18:14Z</time></trkpt><trkpt lat="37.518548" lon="-119.600974"><ele>2054.869</ele><time>2026-09-05T18:18:21Z</time></trkpt><trkpt lat="37.51854" lon="-119.600964"><ele>2055.297</ele><time>2026-09-05T18:18:28Z</time></trkpt><trkpt lat="37.518511" lon="-119.600936"><ele>2055.293</ele><time>2026-09-05T18:18:33Z</time></trkpt><trkpt lat="37.518477" lon="-119.600909"><ele>2055.253</ele><time>2026-09-05T18:18:38Z</time></trkpt><trkpt lat="37.518462" lon="-119.6009"><ele>2055.215</ele><time>2026-09-05T18:18:40Z</time></trkpt><trkpt lat="37.518424" lon="-119.600855"><ele>2055.065</ele><time>2026-09-05T18:18:48Z</time></trkpt><trkpt lat="37.518421" lon="-119.600852"><ele>2055.011</ele><time>2026-09-05T18:18:49Z</time></trkpt><trkpt lat="37.518394" lon="-119.600772"><ele>2053.609</ele><time>2026-09-05T18:18:56Z</time></trkpt><trkpt lat="37.518369" lon="-119.600704"><ele>2052.443</ele><time>2026-09-05T18:19:04Z</time></trkpt><trkpt lat="37.518363" lon="-119.600695"><ele>2052.029</ele><time>2026-09-05T18:19:05Z</time></trkpt><trkpt lat="37.518349" lon="-119.600675"><ele>2052.475</ele><time>2026-09-05T18:19:12Z</time></trkpt><trkpt lat="37.518335" lon="-119.600628"><ele>2052.052</ele><time>2026-09-05T18:19:19Z</time></trkpt><trkpt lat="37.518321" lon="-119.600556"><ele>2051.637</ele><time>2026-09-05T18:19:28Z</time></trkpt><trkpt lat="37.518316" lon="-119.600515"><ele>2051.457</ele><time>2026-09-05T18:19:33Z</time></trkpt><trkpt lat="37.518312" lon="-119.600494"><ele>2051.245</ele><time>2026-09-05T18:19:35Z</time></trkpt><trkpt lat="37.518309" lon="-119.60045"><ele>2050.481</ele><time>2026-09-05T18:19:40Z</time></trkpt><trkpt lat="37.518309" lon="-119.600381"><ele>2050.011</ele><time>2026-09-05T18:19:46Z</time></trkpt><trkpt lat="37.518309" lon="-119.60037"><ele>2050.029</ele><time>2026-09-05T18:19:47Z</time></trkpt><trkpt lat="37.51831" lon="-119.600268"><ele>2049.600</ele><time>2026-09-05T18:19:57Z</time></trkpt><trkpt lat="37.518315" lon="-119.600241"><ele>2049.420</ele><time>2026-09-05T18:20:00Z</time></trkpt><trkpt lat="37.518322" lon="-119.600193"><ele>2049.209</ele><time>2026-09-05T18:20:06Z</time></trkpt><trkpt lat="37.518338" lon="-119.60011"><ele>2048.814</ele><time>2026-09-05T18:20:13Z</time></trkpt><trkpt lat="37.518351" lon="-119.600058"><ele>2048.420</ele><time>2026-09-05T18:20:18Z</time></trkpt><trkpt lat="37.51836" lon="-119.600028"><ele>2048.096</ele><time>2026-09-05T18:20:21Z</time></trkpt><trkpt lat="37.518371" lon="-119.599962"><ele>2047.293</ele><time>2026-09-05T18:20:27Z</time></trkpt><trkpt lat="37.518376" lon="-119.599926"><ele>2046.848</ele><time>2026-09-05T18:20:30Z</time></trkpt><trkpt lat="37.518379" lon="-119.599859"><ele>2046.258</ele><time>2026-09-05T18:20:36Z</time></trkpt><trkpt lat="37.518378" lon="-119.599813"><ele>2046.066</ele><time>2026-09-05T18:20:40Z</time></trkpt><trkpt lat="37.518367" lon="-119.599786"><ele>2045.822</ele><time>2026-09-05T18:20:45Z</time></trkpt><trkpt lat="37.518366" lon="-119.59978"><ele>2045.882</ele><time>2026-09-05T18:20:46Z</time></trkpt><trkpt lat="37.518364" lon="-119.5997"><ele>2045.458</ele><time>2026-09-05T18:20:54Z</time></trkpt><trkpt lat="37.518365" lon="-119.599678"><ele>2045.252</ele><time>2026-09-05T18:20:56Z</time></trkpt><trkpt lat="37.518364" lon="-119.599623"><ele>2045.017</ele><time>2026-09-05T18:21:01Z</time></trkpt><trkpt lat="37.518331" lon="-119.599538"><ele>2044.409</ele><time>2026-09-05T18:21:10Z</time></trkpt><trkpt lat="37.518309" lon="-119.599507"><ele>2044.247</ele><time>2026-09-05T18:21:14Z</time></trkpt><trkpt lat="37.518291" lon="-119.599482"><ele>2043.883</ele><time>2026-09-05T18:21:17Z</time></trkpt><trkpt lat="37.518245" lon="-119.599438"><ele>2043.619</ele><time>2026-09-05T18:21:24Z</time></trkpt><trkpt lat="37.518235" lon="-119.599428"><ele>2043.446</ele><time>2026-09-05T18:21:31Z</time></trkpt><trkpt lat="37.518175" lon="-119.599415"><ele>2043.281</ele><time>2026-09-05T18:21:38Z</time></trkpt><trkpt lat="37.518163" lon="-119.599417"><ele>2043.231</ele><time>2026-09-05T18:21:39Z</time></trkpt><trkpt lat="37.518093" lon="-119.599459"><ele>2042.439</ele><time>2026-09-05T18:21:47Z</time></trkpt><trkpt lat="37.51807" lon="-119.599481"><ele>2042.015</ele><time>2026-09-05T18:21:50Z</time></trkpt><trkpt lat="37.518017" lon="-119.599538"><ele>2041.665</ele><time>2026-09-05T18:21:57Z</time></trkpt><trkpt lat="37.517972" lon="-119.599588"><ele>2040.831</ele><time>2026-09-05T18:22:03Z</time></trkpt><trkpt lat="37.517953" lon="-119.599606"><ele>2040.661</ele><time>2026-09-05T18:22:06Z</time></trkpt><trkpt lat="37.517896" lon="-119.599674"><ele>2040.207</ele><time>2026-09-05T18:22:15Z</time></trkpt><trkpt lat="37.517853" lon="-119.599737"><ele>2039.809</ele><time>2026-09-05T18:22:23Z</time></trkpt><trkpt lat="37.517848" lon="-119.599745"><ele>2039.885</ele><time>2026-09-05T18:22:24Z</time></trkpt><trkpt lat="37.517832" lon="-119.599762"><ele>2039.211</ele><time>2026-09-05T18:22:30Z</time></trkpt><trkpt lat="37.517833" lon="-119.599753"><ele>2040.297</ele><time>2026-09-05T18:22:41Z</time></trkpt><trkpt lat="37.517834" lon="-119.599758"><ele>2041.074</ele><time>2026-09-05T18:22:49Z</time></trkpt><trkpt lat="37.517836" lon="-119.599759"><ele>2041.079</ele><time>2026-09-05T18:22:51Z</time></trkpt><trkpt lat="37.517841" lon="-119.599754"><ele>2041.099</ele><time>2026-09-05T18:22:53Z</time></trkpt><trkpt lat="37.517848" lon="-119.599745"><ele>2040.857</ele><time>2026-09-05T18:22:56Z</time></trkpt><trkpt lat="37.517847" lon="-119.599741"><ele>2041.013</ele><time>2026-09-05T18:23:04Z</time></trkpt><trkpt lat="37.517847" lon="-119.599741"><ele>2041.063</ele><time>2026-09-05T18:23:06Z</time></trkpt><trkpt lat="37.517839" lon="-119.599764"><ele>2041.275</ele><time>2026-09-05T18:23:16Z</time></trkpt><trkpt lat="37.517847" lon="-119.599759"><ele>2041.028</ele><time>2026-09-05T18:23:24Z</time></trkpt><trkpt lat="37.517847" lon="-119.599759"><ele>2040.620</ele><time>2026-09-05T18:23:34Z</time></trkpt><trkpt lat="37.517844" lon="-119.599756"><ele>2040.809</ele><time>2026-09-05T18:23:37Z</time></trkpt><trkpt lat="37.517847" lon="-119.599759"><ele>2041.469</ele><time>2026-09-05T18:23:48Z</time></trkpt><trkpt lat="37.517847" lon="-119.599759"><ele>2041.445</ele><time>2026-09-05T18:23:50Z</time></trkpt><trkpt lat="37.517841" lon="-119.599776"><ele>2041.871</ele><time>2026-09-05T18:23:54Z</time></trkpt><trkpt lat="37.517843" lon="-119.59978"><ele>2042.018</ele><time>2026-09-05T18:23:58Z</time></trkpt><trkpt lat="37.517843" lon="-119.59978"><ele>2042.063</ele><time>2026-09-05T18:23:59Z</time></trkpt><trkpt lat="37.517843" lon="-119.599779"><ele>2042.693</ele><time>2026-09-05T18:24:15Z</time></trkpt><trkpt lat="37.517845" lon="-119.599758"><ele>2042.821</ele><time>2026-09-05T18:24:23Z</time></trkpt><trkpt lat="37.517857" lon="-119.59979"><ele>2042.657</ele><time>2026-09-05T18:24:32Z</time></trkpt><trkpt lat="37.517865" lon="-119.599778"><ele>2043.087</ele><time>2026-09-05T18:24:36Z</time></trkpt><trkpt lat="37.517849" lon="-119.599767"><ele>2043.013</ele><time>2026-09-05T18:24:43Z</time></trkpt><trkpt lat="37.517847" lon="-119.599763"><ele>2043.643</ele><time>2026-09-05T18:24:53Z</time></trkpt><trkpt lat="37.517848" lon="-119.599776"><ele>2044.007</ele><time>2026-09-05T18:25:01Z</time></trkpt><trkpt lat="37.517844" lon="-119.599782"><ele>2044.009</ele><time>2026-09-05T18:25:03Z</time></trkpt><trkpt lat="37.517838" lon="-119.599815"><ele>2043.483</ele><time>2026-09-05T18:25:10Z</time></trkpt><trkpt lat="37.517824" lon="-119.599849"><ele>2042.879</ele><time>2026-09-05T18:25:16Z</time></trkpt><trkpt lat="37.517822" lon="-119.599855"><ele>2042.825</ele><time>2026-09-05T18:25:17Z</time></trkpt><trkpt lat="37.517793" lon="-119.59991"><ele>2043.032</ele><time>2026-09-05T18:25:26Z</time></trkpt><trkpt lat="37.517749" lon="-119.60001"><ele>2042.087</ele><time>2026-09-05T18:25:35Z</time></trkpt><trkpt lat="37.517744" lon="-119.600034"><ele>2041.827</ele><time>2026-09-05T18:25:37Z</time></trkpt><trkpt lat="37.517729" lon="-119.600117"><ele>2041.485</ele><time>2026-09-05T18:25:44Z</time></trkpt><trkpt lat="37.517715" lon="-119.600166"><ele>2040.821</ele><time>2026-09-05T18:25:49Z</time></trkpt><trkpt lat="37.517711" lon="-119.600204"><ele>2040.691</ele><time>2026-09-05T18:25:52Z</time></trkpt><trkpt lat="37.517715" lon="-119.600279"><ele>2040.036</ele><time>2026-09-05T18:25:57Z</time></trkpt><trkpt lat="37.517718" lon="-119.600306"><ele>2040.017</ele><time>2026-09-05T18:26:01Z</time></trkpt><trkpt lat="37.51772" lon="-119.600309"><ele>2040.018</ele><time>2026-09-05T18:26:03Z</time></trkpt><trkpt lat="37.517723" lon="-119.600311"><ele>2040.209</ele><time>2026-09-05T18:26:09Z</time></trkpt><trkpt lat="37.517727" lon="-119.600299"><ele>2040.475</ele><time>2026-09-05T18:26:16Z</time></trkpt><trkpt lat="37.517731" lon="-119.600359"><ele>2040.271</ele><time>2026-09-05T18:26:22Z</time></trkpt><trkpt lat="37.517656" lon="-119.600461"><ele>2040.237</ele><time>2026-09-05T18:26:31Z</time></trkpt><trkpt lat="37.517622" lon="-119.600445"><ele>2039.654</ele><time>2026-09-05T18:26:34Z</time></trkpt><trkpt lat="37.517598" lon="-119.600408"><ele>2038.889</ele><time>2026-09-05T18:26:37Z</time></trkpt><trkpt lat="37.517593" lon="-119.600395"><ele>2038.469</ele><time>2026-09-05T18:26:38Z</time></trkpt><trkpt lat="37.517601" lon="-119.600361"><ele>2038.027</ele><time>2026-09-05T18:26:43Z</time></trkpt><trkpt lat="37.517596" lon="-119.600338"><ele>2037.813</ele><time>2026-09-05T18:26:53Z</time></trkpt><trkpt lat="37.517591" lon="-119.600323"><ele>2037.443</ele><time>2026-09-05T18:26:57Z</time></trkpt><trkpt lat="37.51759" lon="-119.600322"><ele>2037.418</ele><time>2026-09-05T18:26:59Z</time></trkpt><trkpt lat="37.517585" lon="-119.600269"><ele>2037.498</ele><time>2026-09-05T18:27:05Z</time></trkpt><trkpt lat="37.517578" lon="-119.600168"><ele>2037.217</ele><time>2026-09-05T18:27:13Z</time></trkpt><trkpt lat="37.51756" lon="-119.600092"><ele>2036.209</ele><time>2026-09-05T18:27:19Z</time></trkpt><trkpt lat="37.517552" lon="-119.60006"><ele>2035.833</ele><time>2026-09-05T18:27:22Z</time></trkpt><trkpt lat="37.517494" lon="-119.599918"><ele>2035.479</ele><time>2026-09-05T18:27:33Z</time></trkpt><trkpt lat="37.517489" lon="-119.599907"><ele>2035.265</ele><time>2026-09-05T18:27:34Z</time></trkpt><trkpt lat="37.517458" lon="-119.599834"><ele>2034.612</ele><time>2026-09-05T18:27:41Z</time></trkpt><trkpt lat="37.517464" lon="-119.599814"><ele>2034.427</ele><time>2026-09-05T18:27:47Z</time></trkpt><trkpt lat="37.517447" lon="-119.599775"><ele>2034.447</ele><time>2026-09-05T18:27:53Z</time></trkpt><trkpt lat="37.51741" lon="-119.599688"><ele>2034.065</ele><time>2026-09-05T18:28:01Z</time></trkpt><trkpt lat="37.517368" lon="-119.599606"><ele>2033.811</ele><time>2026-09-05T18:28:08Z</time></trkpt><trkpt lat="37.517328" lon="-119.599541"><ele>2033.031</ele><time>2026-09-05T18:28:14Z</time></trkpt><trkpt lat="37.517316" lon="-119.599497"><ele>2032.234</ele><time>2026-09-05T18:28:18Z</time></trkpt><trkpt lat="37.517308" lon="-119.599485"><ele>2031.855</ele><time>2026-09-05T18:28:19Z</time></trkpt><trkpt lat="37.517266" lon="-119.599421"><ele>2030.810</ele><time>2026-09-05T18:28:25Z</time></trkpt><trkpt lat="37.517256" lon="-119.599393"><ele>2030.609</ele><time>2026-09-05T18:28:27Z</time></trkpt><trkpt lat="37.517208" lon="-119.59926"><ele>2030.275</ele><time>2026-09-05T18:28:39Z</time></trkpt><trkpt lat="37.517206" lon="-119.599247"><ele>2030.261</ele><time>2026-09-05T18:28:46Z</time></trkpt><trkpt lat="37.517179" lon="-119.599153"><ele>2029.817</ele><time>2026-09-05T18:28:53Z</time></trkpt><trkpt lat="37.517178" lon="-119.599149"><ele>2029.684</ele><time>2026-09-05T18:28:54Z</time></trkpt><trkpt lat="37.517166" lon="-119.599066"><ele>2029.269</ele><time>2026-09-05T18:29:01Z</time></trkpt><trkpt lat="37.517162" lon="-119.599037"><ele>2028.659</ele><time>2026-09-05T18:29:03Z</time></trkpt><trkpt lat="37.517162" lon="-119.598966"><ele>2028.097</ele><time>2026-09-05T18:29:09Z</time></trkpt><trkpt lat="37.517151" lon="-119.598915"><ele>2027.653</ele><time>2026-09-05T18:29:12Z</time></trkpt><trkpt lat="37.517149" lon="-119.59885"><ele>2027.243</ele><time>2026-09-05T18:29:17Z</time></trkpt><trkpt lat="37.517156" lon="-119.598778"><ele>2027.085</ele><time>2026-09-05T18:29:24Z</time></trkpt><trkpt lat="37.517165" lon="-119.598719"><ele>2027.489</ele><time>2026-09-05T18:29:30Z</time></trkpt><trkpt lat="37.51717" lon="-119.598717"><ele>2027.017</ele><time>2026-09-05T18:29:33Z</time></trkpt><trkpt lat="37.517175" lon="-119.59869"><ele>2026.809</ele><time>2026-09-05T18:29:41Z</time></trkpt><trkpt lat="37.517176" lon="-119.598691"><ele>2026.680</ele><time>2026-09-05T18:29:43Z</time></trkpt><trkpt lat="37.517177" lon="-119.598679"><ele>2026.646</ele><time>2026-09-05T18:29:48Z</time></trkpt><trkpt lat="37.517175" lon="-119.598659"><ele>2026.692</ele><time>2026-09-05T18:29:53Z</time></trkpt><trkpt lat="37.517197" lon="-119.598573"><ele>2026.219</ele><time>2026-09-05T18:30:02Z</time></trkpt><trkpt lat="37.517227" lon="-119.598473"><ele>2025.894</ele><time>2026-09-05T18:30:14Z</time></trkpt><trkpt lat="37.517236" lon="-119.598441"><ele>2025.464</ele><time>2026-09-05T18:30:18Z</time></trkpt><trkpt lat="37.517253" lon="-119.598377"><ele>2024.682</ele><time>2026-09-05T18:30:25Z</time></trkpt><trkpt lat="37.517257" lon="-119.598371"><ele>2024.418</ele><time>2026-09-05T18:30:26Z</time></trkpt><trkpt lat="37.517285" lon="-119.59828"><ele>2024.098</ele><time>2026-09-05T18:30:36Z</time></trkpt><trkpt lat="37.517307" lon="-119.598201"><ele>2023.466</ele><time>2026-09-05T18:30:45Z</time></trkpt><trkpt lat="37.517328" lon="-119.598127"><ele>2023.029</ele><time>2026-09-05T18:30:53Z</time></trkpt><trkpt lat="37.517353" lon="-119.598052"><ele>2022.421</ele><time>2026-09-05T18:31:02Z</time></trkpt><trkpt lat="37.517354" lon="-119.598033"><ele>2022.409</ele><time>2026-09-05T18:31:04Z</time></trkpt><trkpt lat="37.517362" lon="-119.597973"><ele>2022.278</ele><time>2026-09-05T18:31:10Z</time></trkpt><trkpt lat="37.517369" lon="-119.597897"><ele>2021.494</ele><time>2026-09-05T18:31:19Z</time></trkpt><trkpt lat="37.51737" lon="-119.597884"><ele>2021.450</ele><time>2026-09-05T18:31:20Z</time></trkpt><trkpt lat="37.517376" lon="-119.597795"><ele>2020.847</ele><time>2026-09-05T18:31:30Z</time></trkpt><trkpt lat="37.517372" lon="-119.597707"><ele>2020.262</ele><time>2026-09-05T18:31:39Z</time></trkpt><trkpt lat="37.517369" lon="-119.597686"><ele>2020.012</ele><time>2026-09-05T18:31:41Z</time></trkpt><trkpt lat="37.51737" lon="-119.597587"><ele>2019.290</ele><time>2026-09-05T18:31:51Z</time></trkpt><trkpt lat="37.517372" lon="-119.597578"><ele>2019.296</ele><time>2026-09-05T18:31:52Z</time></trkpt><trkpt lat="37.517371" lon="-119.597529"><ele>2018.696</ele><time>2026-09-05T18:32:00Z</time></trkpt><trkpt lat="37.517356" lon="-119.597501"><ele>2018.217</ele><time>2026-09-05T18:32:08Z</time></trkpt><trkpt lat="37.517339" lon="-119.597386"><ele>2018.887</ele><time>2026-09-05T18:32:18Z</time></trkpt><trkpt lat="37.51733" lon="-119.5973"><ele>2018.215</ele><time>2026-09-05T18:32:26Z</time></trkpt><trkpt lat="37.517323" lon="-119.597282"><ele>2017.809</ele><time>2026-09-05T18:32:28Z</time></trkpt><trkpt lat="37.517311" lon="-119.597202"><ele>2017.293</ele><time>2026-09-05T18:32:37Z</time></trkpt><trkpt lat="37.517293" lon="-119.597099"><ele>2016.259</ele><time>2026-09-05T18:32:47Z</time></trkpt><trkpt lat="37.517292" lon="-119.597081"><ele>2016.095</ele><time>2026-09-05T18:32:49Z</time></trkpt><trkpt lat="37.517274" lon="-119.597003"><ele>2015.852</ele><time>2026-09-05T18:32:57Z</time></trkpt><trkpt lat="37.517231" lon="-119.59693"><ele>2016.097</ele><time>2026-09-05T18:33:06Z</time></trkpt><trkpt lat="37.517176" lon="-119.596864"><ele>2016.017</ele><time>2026-09-05T18:33:15Z</time></trkpt><trkpt lat="37.517161" lon="-119.596836"><ele>2016.635</ele><time>2026-09-05T18:33:21Z</time></trkpt><trkpt lat="37.517151" lon="-119.596802"><ele>2016.281</ele><time>2026-09-05T18:33:29Z</time></trkpt><trkpt lat="37.517135" lon="-119.59676"><ele>2016.431</ele><time>2026-09-05T18:33:35Z</time></trkpt><trkpt lat="37.517129" lon="-119.596733"><ele>2016.492</ele><time>2026-09-05T18:33:39Z</time></trkpt><trkpt lat="37.517111" lon="-119.596676"><ele>2016.273</ele><time>2026-09-05T18:33:46Z</time></trkpt><trkpt lat="37.517094" lon="-119.596629"><ele>2016.220</ele><time>2026-09-05T18:33:52Z</time></trkpt><trkpt lat="37.517087" lon="-119.5966"><ele>2016.209</ele><time>2026-09-05T18:33:55Z</time></trkpt><trkpt lat="37.51708" lon="-119.596582"><ele>2016.261</ele><time>2026-09-05T18:33:57Z</time></trkpt><trkpt lat="37.517071" lon="-119.59654"><ele>2015.897</ele><time>2026-09-05T18:34:04Z</time></trkpt><trkpt lat="37.517042" lon="-119.596477"><ele>2016.243</ele><time>2026-09-05T18:34:12Z</time></trkpt><trkpt lat="37.517025" lon="-119.596453"><ele>2016.080</ele><time>2026-09-05T18:34:21Z</time></trkpt><trkpt lat="37.517006" lon="-119.596424"><ele>2015.865</ele><time>2026-09-05T18:34:27Z</time></trkpt><trkpt lat="37.51697" lon="-119.596371"><ele>2015.295</ele><time>2026-09-05T18:34:33Z</time></trkpt><trkpt lat="37.51696" lon="-119.596362"><ele>2015.013</ele><time>2026-09-05T18:34:36Z</time></trkpt><trkpt lat="37.516953" lon="-119.59635"><ele>2015.099</ele><time>2026-09-05T18:34:39Z</time></trkpt><trkpt lat="37.516915" lon="-119.596306"><ele>2014.869</ele><time>2026-09-05T18:34:47Z</time></trkpt><trkpt lat="37.5169" lon="-119.59628"><ele>2014.685</ele><time>2026-09-05T18:34:51Z</time></trkpt><trkpt lat="37.516881" lon="-119.596247"><ele>2014.489</ele><time>2026-09-05T18:34:56Z</time></trkpt><trkpt lat="37.516858" lon="-119.596206"><ele>2014.217</ele><time>2026-09-05T18:35:02Z</time></trkpt><trkpt lat="37.516841" lon="-119.596174"><ele>2014.409</ele><time>2026-09-05T18:35:06Z</time></trkpt><trkpt lat="37.516812" lon="-119.596103"><ele>2014.250</ele><time>2026-09-05T18:35:15Z</time></trkpt><trkpt lat="37.516803" lon="-119.596084"><ele>2014.026</ele><time>2026-09-05T18:35:17Z</time></trkpt><trkpt lat="37.516805" lon="-119.596071"><ele>2013.852</ele><time>2026-09-05T18:35:22Z</time></trkpt><trkpt lat="37.516788" lon="-119.596054"><ele>2014.059</ele><time>2026-09-05T18:35:31Z</time></trkpt><trkpt lat="37.516787" lon="-119.596044"><ele>2013.644</ele><time>2026-09-05T18:35:38Z</time></trkpt><trkpt lat="37.51677" lon="-119.596031"><ele>2014.014</ele><time>2026-09-05T18:35:49Z</time></trkpt><trkpt lat="37.516757" lon="-119.59598"><ele>2013.852</ele><time>2026-09-05T18:35:55Z</time></trkpt><trkpt lat="37.516742" lon="-119.595917"><ele>2013.058</ele><time>2026-09-05T18:36:02Z</time></trkpt><trkpt lat="37.516741" lon="-119.595906"><ele>2013.048</ele><time>2026-09-05T18:36:03Z</time></trkpt><trkpt lat="37.516725" lon="-119.595817"><ele>2012.245</ele><time>2026-09-05T18:36:12Z</time></trkpt><trkpt lat="37.516715" lon="-119.595774"><ele>2012.047</ele><time>2026-09-05T18:36:18Z</time></trkpt><trkpt lat="37.516713" lon="-119.595768"><ele>2011.811</ele><time>2026-09-05T18:36:20Z</time></trkpt><trkpt lat="37.516685" lon="-119.595695"><ele>2012.009</ele><time>2026-09-05T18:36:32Z</time></trkpt><trkpt lat="37.516676" lon="-119.59567"><ele>2011.476</ele><time>2026-09-05T18:36:38Z</time></trkpt><trkpt lat="37.516675" lon="-119.59567"><ele>2011.482</ele><time>2026-09-05T18:36:39Z</time></trkpt><trkpt lat="37.516678" lon="-119.595672"><ele>2011.458</ele><time>2026-09-05T18:36:47Z</time></trkpt><trkpt lat="37.516687" lon="-119.595674"><ele>2011.245</ele><time>2026-09-05T18:36:49Z</time></trkpt><trkpt lat="37.516692" lon="-119.595673"><ele>2011.470</ele><time>2026-09-05T18:36:58Z</time></trkpt><trkpt lat="37.516686" lon="-119.59567"><ele>2011.840</ele><time>2026-09-05T18:37:00Z</time></trkpt><trkpt lat="37.516639" lon="-119.595597"><ele>2011.858</ele><time>2026-09-05T18:37:07Z</time></trkpt><trkpt lat="37.516597" lon="-119.595511"><ele>2011.474</ele><time>2026-09-05T18:37:14Z</time></trkpt><trkpt lat="37.516572" lon="-119.595461"><ele>2011.024</ele><time>2026-09-05T18:37:18Z</time></trkpt><trkpt lat="37.516547" lon="-119.595419"><ele>2011.039</ele><time>2026-09-05T18:37:21Z</time></trkpt><trkpt lat="37.51654" lon="-119.595412"><ele>2010.801</ele><time>2026-09-05T18:37:22Z</time></trkpt><trkpt lat="37.516475" lon="-119.595318"><ele>2010.021</ele><time>2026-09-05T18:37:30Z</time></trkpt><trkpt lat="37.516468" lon="-119.595306"><ele>2009.809</ele><time>2026-09-05T18:37:31Z</time></trkpt><trkpt lat="37.516415" lon="-119.595219"><ele>2009.295</ele><time>2026-09-05T18:37:38Z</time></trkpt><trkpt lat="37.516365" lon="-119.595172"><ele>2008.881</ele><time>2026-09-05T18:37:43Z</time></trkpt><trkpt lat="37.516323" lon="-119.595142"><ele>2008.617</ele><time>2026-09-05T18:37:47Z</time></trkpt><trkpt lat="37.516225" lon="-119.59505"><ele>2009.044</ele><time>2026-09-05T18:37:56Z</time></trkpt><trkpt lat="37.516169" lon="-119.59499"><ele>2009.059</ele><time>2026-09-05T18:38:03Z</time></trkpt><trkpt lat="37.516161" lon="-119.594992"><ele>2009.049</ele><time>2026-09-05T18:38:08Z</time></trkpt><trkpt lat="37.516154" lon="-119.594958"><ele>2008.887</ele><time>2026-09-05T18:38:16Z</time></trkpt><trkpt lat="37.516155" lon="-119.594936"><ele>2008.823</ele><time>2026-09-05T18:38:22Z</time></trkpt><trkpt lat="37.51611" lon="-119.594876"><ele>2009.233</ele><time>2026-09-05T18:38:29Z</time></trkpt><trkpt lat="37.51608" lon="-119.594842"><ele>2009.864</ele><time>2026-09-05T18:38:33Z</time></trkpt><trkpt lat="37.516055" lon="-119.594818"><ele>2010.406</ele><time>2026-09-05T18:38:37Z</time></trkpt><trkpt lat="37.516055" lon="-119.594822"><ele>2010.616</ele><time>2026-09-05T18:38:43Z</time></trkpt><trkpt lat="37.516061" lon="-119.594824"><ele>2010.409</ele><time>2026-09-05T18:38:46Z</time></trkpt><trkpt lat="37.51607" lon="-119.594816"><ele>2010.038</ele><time>2026-09-05T18:38:50Z</time></trkpt><trkpt lat="37.516071" lon="-119.594813"><ele>2010.014</ele><time>2026-09-05T18:38:51Z</time></trkpt><trkpt lat="37.516074" lon="-119.594811"><ele>2010.050</ele><time>2026-09-05T18:38:52Z</time></trkpt><trkpt lat="37.516077" lon="-119.594803"><ele>2010.037</ele><time>2026-09-05T18:38:55Z</time></trkpt><trkpt lat="37.516082" lon="-119.594801"><ele>2010.412</ele><time>2026-09-05T18:38:58Z</time></trkpt><trkpt lat="37.516003" lon="-119.594795"><ele>2010.862</ele><time>2026-09-05T18:39:08Z</time></trkpt><trkpt lat="37.515994" lon="-119.594791"><ele>2011.070</ele><time>2026-09-05T18:39:09Z</time></trkpt><trkpt lat="37.515906" lon="-119.594772"><ele>2012.076</ele><time>2026-09-05T18:39:16Z</time></trkpt><trkpt lat="37.515868" lon="-119.594775"><ele>2012.876</ele><time>2026-09-05T18:39:18Z</time></trkpt><trkpt lat="37.515853" lon="-119.594774"><ele>2013.437</ele><time>2026-09-05T18:39:19Z</time></trkpt><trkpt lat="37.515803" lon="-119.594773"><ele>2013.649</ele><time>2026-09-05T18:39:23Z</time></trkpt><trkpt lat="37.515781" lon="-119.594777"><ele>2013.413</ele><time>2026-09-05T18:39:25Z</time></trkpt><trkpt lat="37.51577" lon="-119.594795"><ele>2013.009</ele><time>2026-09-05T18:39:30Z</time></trkpt><trkpt lat="37.515786" lon="-119.594779"><ele>2013.045</ele><time>2026-09-05T18:39:32Z</time></trkpt><trkpt lat="37.515786" lon="-119.594782"><ele>2013.231</ele><time>2026-09-05T18:39:33Z</time></trkpt><trkpt lat="37.515787" lon="-119.594787"><ele>2013.427</ele><time>2026-09-05T18:39:34Z</time></trkpt><trkpt lat="37.515793" lon="-119.594789"><ele>2013.684</ele><time>2026-09-05T18:39:36Z</time></trkpt><trkpt lat="37.515788" lon="-119.594783"><ele>2013.469</ele><time>2026-09-05T18:39:41Z</time></trkpt><trkpt lat="37.515785" lon="-119.594761"><ele>2013.659</ele><time>2026-09-05T18:39:49Z</time></trkpt><trkpt lat="37.51579" lon="-119.594743"><ele>2013.677</ele><time>2026-09-05T18:39:54Z</time></trkpt><trkpt lat="37.515818" lon="-119.594777"><ele>2013.433</ele><time>2026-09-05T18:39:58Z</time></trkpt><trkpt lat="37.515817" lon="-119.594761"><ele>2013.623</ele><time>2026-09-05T18:40:01Z</time></trkpt><trkpt lat="37.515804" lon="-119.594767"><ele>2013.816</ele><time>2026-09-05T18:40:04Z</time></trkpt><trkpt lat="37.515777" lon="-119.594774"><ele>2013.876</ele><time>2026-09-05T18:40:07Z</time></trkpt><trkpt lat="37.515734" lon="-119.594782"><ele>2014.413</ele><time>2026-09-05T18:40:11Z</time></trkpt><trkpt lat="37.515711" lon="-119.594793"><ele>2014.209</ele><time>2026-09-05T18:40:18Z</time></trkpt><trkpt lat="37.515716" lon="-119.594796"><ele>2014.253</ele><time>2026-09-05T18:40:25Z</time></trkpt><trkpt lat="37.515718" lon="-119.594797"><ele>2014.259</ele><time>2026-09-05T18:40:27Z</time></trkpt><trkpt lat="37.515714" lon="-119.594798"><ele>2014.225</ele><time>2026-09-05T18:40:33Z</time></trkpt><trkpt lat="37.515703" lon="-119.594788"><ele>2014.432</ele><time>2026-09-05T18:40:38Z</time></trkpt><trkpt lat="37.515635" lon="-119.594781"><ele>2014.297</ele><time>2026-09-05T18:40:46Z</time></trkpt><trkpt lat="37.515566" lon="-119.594766"><ele>2014.297</ele><time>2026-09-05T18:40:53Z</time></trkpt><trkpt lat="37.515545" lon="-119.594763"><ele>2014.445</ele><time>2026-09-05T18:40:55Z</time></trkpt><trkpt lat="37.51544" lon="-119.594769"><ele>2014.451</ele><time>2026-09-05T18:41:03Z</time></trkpt><trkpt lat="37.515303" lon="-119.594784"><ele>2014.481</ele><time>2026-09-05T18:41:13Z</time></trkpt><trkpt lat="37.515212" lon="-119.594787"><ele>2014.617</ele><time>2026-09-05T18:41:20Z</time></trkpt><trkpt lat="37.51507" lon="-119.594819"><ele>2014.887</ele><time>2026-09-05T18:41:29Z</time></trkpt><trkpt lat="37.515013" lon="-119.59483"><ele>2014.815</ele><time>2026-09-05T18:41:34Z</time></trkpt><trkpt lat="37.514982" lon="-119.594835"><ele>2015.009</ele><time>2026-09-05T18:41:37Z</time></trkpt><trkpt lat="37.514941" lon="-119.5948"><ele>2015.263</ele><time>2026-09-05T18:41:45Z</time></trkpt><trkpt lat="37.514893" lon="-119.594781"><ele>2015.229</ele><time>2026-09-05T18:41:53Z</time></trkpt><trkpt lat="37.514875" lon="-119.594787"><ele>2015.255</ele><time>2026-09-05T18:41:56Z</time></trkpt><trkpt lat="37.514829" lon="-119.594825"><ele>2015.062</ele><time>2026-09-05T18:42:02Z</time></trkpt><trkpt lat="37.514813" lon="-119.594846"><ele>2015.087</ele><time>2026-09-05T18:42:04Z</time></trkpt><trkpt lat="37.514783" lon="-119.594881"><ele>2015.457</ele><time>2026-09-05T18:42:07Z</time></trkpt><trkpt lat="37.514724" lon="-119.594912"><ele>2015.885</ele><time>2026-09-05T18:42:13Z</time></trkpt><trkpt lat="37.514686" lon="-119.594928"><ele>2015.871</ele><time>2026-09-05T18:42:21Z</time></trkpt><trkpt lat="37.5147" lon="-119.594966"><ele>2016.291</ele><time>2026-09-05T18:42:30Z</time></trkpt><trkpt lat="37.514699" lon="-119.594984"><ele>2016.211</ele><time>2026-09-05T18:42:38Z</time></trkpt><trkpt lat="37.514679" lon="-119.594977"><ele>2016.421</ele><time>2026-09-05T18:42:47Z</time></trkpt><trkpt lat="37.514654" lon="-119.594965"><ele>2016.403</ele><time>2026-09-05T18:42:51Z</time></trkpt><trkpt lat="37.514604" lon="-119.594958"><ele>2016.609</ele><time>2026-09-05T18:42:55Z</time></trkpt><trkpt lat="37.514563" lon="-119.594955"><ele>2016.663</ele><time>2026-09-05T18:42:58Z</time></trkpt><trkpt lat="37.514495" lon="-119.594954"><ele>2017.219</ele><time>2026-09-05T18:43:04Z</time></trkpt><trkpt lat="37.514475" lon="-119.594946"><ele>2017.435</ele><time>2026-09-05T18:43:07Z</time></trkpt><trkpt lat="37.514437" lon="-119.59494"><ele>2017.652</ele><time>2026-09-05T18:43:11Z</time></trkpt><trkpt lat="37.514357" lon="-119.594937"><ele>2017.837</ele><time>2026-09-05T18:43:18Z</time></trkpt><trkpt lat="37.514322" lon="-119.594931"><ele>2018.467</ele><time>2026-09-05T18:43:21Z</time></trkpt><trkpt lat="37.51431" lon="-119.594927"><ele>2018.615</ele><time>2026-09-05T18:43:22Z</time></trkpt><trkpt lat="37.514258" lon="-119.594895"><ele>2019.071</ele><time>2026-09-05T18:43:27Z</time></trkpt><trkpt lat="37.514214" lon="-119.594852"><ele>2019.651</ele><time>2026-09-05T18:43:32Z</time></trkpt><trkpt lat="37.514186" lon="-119.594839"><ele>2020.058</ele><time>2026-09-05T18:43:35Z</time></trkpt><trkpt lat="37.514101" lon="-119.59483"><ele>2020.452</ele><time>2026-09-05T18:43:43Z</time></trkpt><trkpt lat="37.514097" lon="-119.594811"><ele>2020.817</ele><time>2026-09-05T18:43:46Z</time></trkpt><trkpt lat="37.514116" lon="-119.59478"><ele>2020.609</ele><time>2026-09-05T18:43:50Z</time></trkpt><trkpt lat="37.514119" lon="-119.594766"><ele>2020.817</ele><time>2026-09-05T18:43:52Z</time></trkpt><trkpt lat="37.514112" lon="-119.594735"><ele>2020.853</ele><time>2026-09-05T18:43:58Z</time></trkpt><trkpt lat="37.514102" lon="-119.594717"><ele>2020.819</ele><time>2026-09-05T18:44:02Z</time></trkpt><trkpt lat="37.514048" lon="-119.594785"><ele>2020.636</ele><time>2026-09-05T18:44:11Z</time></trkpt><trkpt lat="37.514026" lon="-119.594803"><ele>2020.881</ele><time>2026-09-05T18:44:12Z</time></trkpt><trkpt lat="37.513916" lon="-119.594883"><ele>2020.671</ele><time>2026-09-05T18:44:20Z</time></trkpt><trkpt lat="37.513799" lon="-119.594921"><ele>2020.679</ele><time>2026-09-05T18:44:30Z</time></trkpt><trkpt lat="37.513688" lon="-119.594947"><ele>2020.645</ele><time>2026-09-05T18:44:38Z</time></trkpt><trkpt lat="37.513597" lon="-119.594916"><ele>2020.645</ele><time>2026-09-05T18:44:46Z</time></trkpt><trkpt lat="37.513481" lon="-119.594855"><ele>2020.014</ele><time>2026-09-05T18:44:55Z</time></trkpt><trkpt lat="37.513462" lon="-119.594845"><ele>2019.654</ele><time>2026-09-05T18:44:57Z</time></trkpt><trkpt lat="37.513377" lon="-119.594808"><ele>2018.609</ele><time>2026-09-05T18:45:05Z</time></trkpt><trkpt lat="37.513364" lon="-119.594804"><ele>2018.609</ele><time>2026-09-05T18:45:06Z</time></trkpt><trkpt lat="37.513237" lon="-119.594773"><ele>2018.873</ele><time>2026-09-05T18:45:15Z</time></trkpt><trkpt lat="37.513095" lon="-119.594725"><ele>2018.489</ele><time>2026-09-05T18:45:26Z</time></trkpt><trkpt lat="37.512989" lon="-119.594675"><ele>2018.045</ele><time>2026-09-05T18:45:36Z</time></trkpt><trkpt lat="37.512907" lon="-119.594631"><ele>2017.662</ele><time>2026-09-05T18:45:44Z</time></trkpt><trkpt lat="37.512897" lon="-119.594625"><ele>2017.667</ele><time>2026-09-05T18:45:45Z</time></trkpt><trkpt lat="37.512816" lon="-119.594563"><ele>2016.417</ele><time>2026-09-05T18:45:53Z</time></trkpt><trkpt lat="37.512794" lon="-119.594541"><ele>2016.285</ele><time>2026-09-05T18:45:55Z</time></trkpt><trkpt lat="37.512758" lon="-119.594495"><ele>2016.841</ele><time>2026-09-05T18:45:58Z</time></trkpt><trkpt lat="37.512716" lon="-119.594422"><ele>2016.661</ele><time>2026-09-05T18:46:04Z</time></trkpt><trkpt lat="37.512624" lon="-119.59431"><ele>2015.826</ele><time>2026-09-05T18:46:13Z</time></trkpt><trkpt lat="37.512561" lon="-119.594228"><ele>2015.447</ele><time>2026-09-05T18:46:20Z</time></trkpt><trkpt lat="37.512555" lon="-119.594218"><ele>2015.211</ele><time>2026-09-05T18:46:21Z</time></trkpt><trkpt lat="37.512522" lon="-119.594162"><ele>2015.409</ele><time>2026-09-05T18:46:26Z</time></trkpt><trkpt lat="37.51252" lon="-119.594151"><ele>2015.434</ele><time>2026-09-05T18:46:27Z</time></trkpt><trkpt lat="37.512518" lon="-119.594125"><ele>2015.650</ele><time>2026-09-05T18:46:29Z</time></trkpt><trkpt lat="37.512511" lon="-119.594088"><ele>2015.896</ele><time>2026-09-05T18:46:31Z</time></trkpt><trkpt lat="37.51251" lon="-119.594045"><ele>2016.493</ele><time>2026-09-05T18:46:34Z</time></trkpt><trkpt lat="37.51248" lon="-119.594007"><ele>2016.828</ele><time>2026-09-05T18:46:41Z</time></trkpt><trkpt lat="37.512469" lon="-119.594009"><ele>2016.858</ele><time>2026-09-05T18:46:42Z</time></trkpt><trkpt lat="37.512414" lon="-119.593961"><ele>2015.416</ele><time>2026-09-05T18:46:48Z</time></trkpt><trkpt lat="37.512395" lon="-119.593927"><ele>2015.472</ele><time>2026-09-05T18:46:50Z</time></trkpt><trkpt lat="37.512332" lon="-119.59385"><ele>2014.442</ele><time>2026-09-05T18:46:57Z</time></trkpt><trkpt lat="37.512322" lon="-119.593843"><ele>2014.464</ele><time>2026-09-05T18:46:58Z</time></trkpt><trkpt lat="37.512282" lon="-119.593836"><ele>2013.806</ele><time>2026-09-05T18:47:04Z</time></trkpt><trkpt lat="37.512298" lon="-119.593796"><ele>2014.416</ele><time>2026-09-05T18:47:11Z</time></trkpt><trkpt lat="37.512304" lon="-119.593769"><ele>2014.609</ele><time>2026-09-05T18:47:13Z</time></trkpt><trkpt lat="37.512305" lon="-119.593764"><ele>2014.868</ele><time>2026-09-05T18:47:14Z</time></trkpt><trkpt lat="37.512307" lon="-119.593759"><ele>2015.214</ele><time>2026-09-05T18:47:16Z</time></trkpt><trkpt lat="37.512308" lon="-119.593756"><ele>2015.420</ele><time>2026-09-05T18:47:17Z</time></trkpt><trkpt lat="37.512312" lon="-119.593752"><ele>2015.847</ele><time>2026-09-05T18:47:19Z</time></trkpt><trkpt lat="37.512311" lon="-119.593734"><ele>2015.682</ele><time>2026-09-05T18:47:31Z</time></trkpt><trkpt lat="37.51232" lon="-119.59372"><ele>2015.632</ele><time>2026-09-05T18:47:40Z</time></trkpt><trkpt lat="37.512318" lon="-119.593717"><ele>2015.810</ele><time>2026-09-05T18:47:41Z</time></trkpt><trkpt lat="37.51231" lon="-119.593793"><ele>2014.886</ele><time>2026-09-05T18:47:51Z</time></trkpt><trkpt lat="37.512302" lon="-119.593806"><ele>2014.496</ele><time>2026-09-05T18:47:53Z</time></trkpt><trkpt lat="37.512293" lon="-119.593798"><ele>2014.498</ele><time>2026-09-05T18:47:59Z</time></trkpt><trkpt lat="37.512256" lon="-119.593789"><ele>2014.615</ele><time>2026-09-05T18:48:05Z</time></trkpt><trkpt lat="37.512245" lon="-119.593797"><ele>2014.626</ele><time>2026-09-05T18:48:06Z</time></trkpt><trkpt lat="37.512156" lon="-119.593854"><ele>2013.409</ele><time>2026-09-05T18:48:15Z</time></trkpt><trkpt lat="37.512146" lon="-119.593862"><ele>2013.411</ele><time>2026-09-05T18:48:17Z</time></trkpt><trkpt lat="37.512074" lon="-119.593902"><ele>2012.857</ele><time>2026-09-05T18:48:23Z</time></trkpt><trkpt lat="37.512032" lon="-119.593931"><ele>2012.243</ele><time>2026-09-05T18:48:27Z</time></trkpt><trkpt lat="37.511987" lon="-119.593969"><ele>2011.090</ele><time>2026-09-05T18:48:31Z</time></trkpt><trkpt lat="37.511969" lon="-119.593991"><ele>2011.075</ele><time>2026-09-05T18:48:33Z</time></trkpt><trkpt lat="37.511885" lon="-119.594072"><ele>2010.215</ele><time>2026-09-05T18:48:41Z</time></trkpt><trkpt lat="37.511854" lon="-119.594095"><ele>2010.023</ele><time>2026-09-05T18:48:43Z</time></trkpt><trkpt lat="37.51175" lon="-119.594174"><ele>2009.839</ele><time>2026-09-05T18:48:51Z</time></trkpt><trkpt lat="37.511686" lon="-119.594278"><ele>2009.029</ele><time>2026-09-05T18:48:59Z</time></trkpt><trkpt lat="37.511671" lon="-119.594315"><ele>2008.846</ele><time>2026-09-05T18:49:01Z</time></trkpt><trkpt lat="37.51165" lon="-119.594385"><ele>2008.688</ele><time>2026-09-05T18:49:06Z</time></trkpt><trkpt lat="37.511632" lon="-119.594441"><ele>2008.016</ele><time>2026-09-05T18:49:10Z</time></trkpt><trkpt lat="37.51158" lon="-119.594577"><ele>2007.009</ele><time>2026-09-05T18:49:19Z</time></trkpt><trkpt lat="37.511576" lon="-119.594591"><ele>2007.046</ele><time>2026-09-05T18:49:20Z</time></trkpt><trkpt lat="37.511551" lon="-119.594686"><ele>2005.812</ele><time>2026-09-05T18:49:28Z</time></trkpt><trkpt lat="37.511511" lon="-119.594756"><ele>2005.698</ele><time>2026-09-05T18:49:35Z</time></trkpt><trkpt lat="37.511501" lon="-119.594848"><ele>2005.475</ele><time>2026-09-05T18:49:44Z</time></trkpt><trkpt lat="37.511487" lon="-119.594901"><ele>2005.260</ele><time>2026-09-05T18:49:51Z</time></trkpt><trkpt lat="37.511462" lon="-119.594962"><ele>2004.850</ele><time>2026-09-05T18:49:56Z</time></trkpt><trkpt lat="37.511452" lon="-119.595021"><ele>2004.868</ele><time>2026-09-05T18:50:00Z</time></trkpt><trkpt lat="37.511432" lon="-119.595125"><ele>2004.874</ele><time>2026-09-05T18:50:08Z</time></trkpt><trkpt lat="37.511391" lon="-119.595269"><ele>2004.274</ele><time>2026-09-05T18:50:19Z</time></trkpt><trkpt lat="37.51138" lon="-119.595299"><ele>2003.822</ele><time>2026-09-05T18:50:21Z</time></trkpt><trkpt lat="37.511346" lon="-119.595418"><ele>2003.662</ele><time>2026-09-05T18:50:31Z</time></trkpt><trkpt lat="37.511313" lon="-119.595466"><ele>2004.408</ele><time>2026-09-05T18:50:39Z</time></trkpt><trkpt lat="37.511312" lon="-119.595474"><ele>2005.009</ele><time>2026-09-05T18:50:42Z</time></trkpt><trkpt lat="37.511346" lon="-119.595461"><ele>2004.264</ele><time>2026-09-05T18:50:48Z</time></trkpt><trkpt lat="37.51135" lon="-119.595463"><ele>2004.060</ele><time>2026-09-05T18:50:49Z</time></trkpt><trkpt lat="37.51136" lon="-119.595445"><ele>2003.816</ele><time>2026-09-05T18:50:57Z</time></trkpt><trkpt lat="37.51138" lon="-119.595445"><ele>2003.823</ele><time>2026-09-05T18:51:00Z</time></trkpt><trkpt lat="37.511384" lon="-119.595485"><ele>2003.828</ele><time>2026-09-05T18:51:04Z</time></trkpt><trkpt lat="37.511355" lon="-119.595594"><ele>2003.438</ele><time>2026-09-05T18:51:14Z</time></trkpt><trkpt lat="37.511332" lon="-119.595658"><ele>2002.876</ele><time>2026-09-05T18:51:19Z</time></trkpt><trkpt lat="37.511319" lon="-119.595674"><ele>2003.212</ele><time>2026-09-05T18:51:24Z</time></trkpt><trkpt lat="37.511314" lon="-119.595695"><ele>2003.022</ele><time>2026-09-05T18:51:28Z</time></trkpt><trkpt lat="37.511333" lon="-119.595722"><ele>2002.881</ele><time>2026-09-05T18:51:33Z</time></trkpt><trkpt lat="37.511383" lon="-119.595748"><ele>2001.861</ele><time>2026-09-05T18:51:39Z</time></trkpt><trkpt lat="37.511414" lon="-119.595762"><ele>2001.017</ele><time>2026-09-05T18:51:42Z</time></trkpt><trkpt lat="37.511426" lon="-119.595766"><ele>2000.609</ele><time>2026-09-05T18:51:43Z</time></trkpt><trkpt lat="37.511477" lon="-119.595769"><ele>1999.480</ele><time>2026-09-05T18:51:47Z</time></trkpt><trkpt lat="37.511545" lon="-119.595766"><ele>1998.626</ele><time>2026-09-05T18:51:53Z</time></trkpt><trkpt lat="37.511568" lon="-119.595781"><ele>1998.222</ele><time>2026-09-05T18:51:55Z</time></trkpt><trkpt lat="37.511596" lon="-119.595833"><ele>1997.669</ele><time>2026-09-05T18:52:00Z</time></trkpt><trkpt lat="37.511605" lon="-119.595859"><ele>1997.244</ele><time>2026-09-05T18:52:02Z</time></trkpt><trkpt lat="37.511636" lon="-119.595914"><ele>1996.064</ele><time>2026-09-05T18:52:08Z</time></trkpt><trkpt lat="37.511642" lon="-119.595926"><ele>1995.882</ele><time>2026-09-05T18:52:09Z</time></trkpt><trkpt lat="37.511669" lon="-119.596011"><ele>1994.838</ele><time>2026-09-05T18:52:15Z</time></trkpt><trkpt lat="37.511683" lon="-119.596048"><ele>1994.278</ele><time>2026-09-05T18:52:18Z</time></trkpt><trkpt lat="37.511706" lon="-119.596071"><ele>1993.868</ele><time>2026-09-05T18:52:21Z</time></trkpt><trkpt lat="37.511768" lon="-119.596082"><ele>1993.442</ele><time>2026-09-05T18:52:27Z</time></trkpt><trkpt lat="37.511803" lon="-119.596092"><ele>1992.826</ele><time>2026-09-05T18:52:30Z</time></trkpt><trkpt lat="37.511846" lon="-119.596104"><ele>1991.809</ele><time>2026-09-05T18:52:35Z</time></trkpt><trkpt lat="37.511869" lon="-119.596087"><ele>1991.228</ele><time>2026-09-05T18:52:37Z</time></trkpt><trkpt lat="37.511889" lon="-119.596092"><ele>1990.624</ele><time>2026-09-05T18:52:40Z</time></trkpt><trkpt lat="37.511895" lon="-119.596096"><ele>1990.210</ele><time>2026-09-05T18:52:43Z</time></trkpt><trkpt lat="37.511907" lon="-119.596135"><ele>1990.227</ele><time>2026-09-05T18:52:51Z</time></trkpt><trkpt lat="37.511956" lon="-119.596182"><ele>1989.872</ele><time>2026-09-05T18:52:57Z</time></trkpt><trkpt lat="37.511972" lon="-119.596185"><ele>1989.422</ele><time>2026-09-05T18:52:59Z</time></trkpt><trkpt lat="37.512005" lon="-119.596208"><ele>1988.470</ele><time>2026-09-05T18:53:06Z</time></trkpt><trkpt lat="37.512012" lon="-119.596221"><ele>1988.256</ele><time>2026-09-05T18:53:08Z</time></trkpt><trkpt lat="37.512017" lon="-119.596316"><ele>1987.836</ele><time>2026-09-05T18:53:18Z</time></trkpt><trkpt lat="37.512015" lon="-119.596326"><ele>1988.016</ele><time>2026-09-05T18:53:19Z</time></trkpt><trkpt lat="37.512016" lon="-119.596433"><ele>1988.476</ele><time>2026-09-05T18:53:28Z</time></trkpt><trkpt lat="37.512026" lon="-119.596477"><ele>1988.613</ele><time>2026-09-05T18:53:31Z</time></trkpt><trkpt lat="37.512031" lon="-119.596527"><ele>1988.609</ele><time>2026-09-05T18:53:37Z</time></trkpt><trkpt lat="37.512071" lon="-119.596607"><ele>1987.853</ele><time>2026-09-05T18:53:44Z</time></trkpt><trkpt lat="37.512096" lon="-119.596652"><ele>1987.459</ele><time>2026-09-05T18:53:46Z</time></trkpt><trkpt lat="37.512107" lon="-119.596663"><ele>1987.255</ele><time>2026-09-05T18:53:47Z</time></trkpt><trkpt lat="37.512149" lon="-119.596716"><ele>1986.082</ele><time>2026-09-05T18:53:51Z</time></trkpt><trkpt lat="37.512155" lon="-119.596749"><ele>1985.257</ele><time>2026-09-05T18:53:53Z</time></trkpt><trkpt lat="37.512156" lon="-119.596764"><ele>1984.857</ele><time>2026-09-05T18:53:54Z</time></trkpt><trkpt lat="37.512182" lon="-119.596864"><ele>1984.845</ele><time>2026-09-05T18:54:00Z</time></trkpt><trkpt lat="37.512252" lon="-119.596972"><ele>1983.641</ele><time>2026-09-05T18:54:08Z</time></trkpt><trkpt lat="37.512294" lon="-119.597059"><ele>1982.671</ele><time>2026-09-05T18:54:15Z</time></trkpt><trkpt lat="37.512309" lon="-119.597083"><ele>1982.223</ele><time>2026-09-05T18:54:18Z</time></trkpt><trkpt lat="37.512332" lon="-119.597119"><ele>1981.283</ele><time>2026-09-05T18:54:21Z</time></trkpt><trkpt lat="37.512339" lon="-119.597145"><ele>1980.211</ele><time>2026-09-05T18:54:24Z</time></trkpt><trkpt lat="37.512343" lon="-119.597153"><ele>1980.209</ele><time>2026-09-05T18:54:25Z</time></trkpt><trkpt lat="37.512375" lon="-119.597205"><ele>1979.294</ele><time>2026-09-05T18:54:30Z</time></trkpt><trkpt lat="37.51239" lon="-119.597232"><ele>1979.070</ele><time>2026-09-05T18:54:32Z</time></trkpt><trkpt lat="37.512431" lon="-119.597289"><ele>1978.036</ele><time>2026-09-05T18:54:37Z</time></trkpt><trkpt lat="37.512467" lon="-119.59732"><ele>1977.673</ele><time>2026-09-05T18:54:42Z</time></trkpt><trkpt lat="37.512497" lon="-119.597314"><ele>1977.648</ele><time>2026-09-05T18:54:46Z</time></trkpt><trkpt lat="37.512541" lon="-119.597307"><ele>1977.618</ele><time>2026-09-05T18:54:50Z</time></trkpt><trkpt lat="37.512656" lon="-119.597328"><ele>1978.036</ele><time>2026-09-05T18:54:59Z</time></trkpt><trkpt lat="37.512774" lon="-119.597377"><ele>1978.822</ele><time>2026-09-05T18:55:09Z</time></trkpt><trkpt lat="37.512861" lon="-119.597437"><ele>1978.682</ele><time>2026-09-05T18:55:17Z</time></trkpt><trkpt lat="37.512869" lon="-119.597447"><ele>1978.668</ele><time>2026-09-05T18:55:18Z</time></trkpt><trkpt lat="37.512903" lon="-119.597546"><ele>1977.842</ele><time>2026-09-05T18:55:27Z</time></trkpt><trkpt lat="37.51294" lon="-119.597611"><ele>1976.826</ele><time>2026-09-05T18:55:32Z</time></trkpt><trkpt lat="37.512958" lon="-119.597628"><ele>1976.609</ele><time>2026-09-05T18:55:34Z</time></trkpt><trkpt lat="37.513048" lon="-119.597748"><ele>1976.628</ele><time>2026-09-05T18:55:44Z</time></trkpt><trkpt lat="37.513078" lon="-119.597825"><ele>1975.854</ele><time>2026-09-05T18:55:51Z</time></trkpt><trkpt lat="37.513116" lon="-119.597881"><ele>1975.820</ele><time>2026-09-05T18:55:56Z</time></trkpt><trkpt lat="37.513133" lon="-119.597882"><ele>1976.017</ele><time>2026-09-05T18:55:58Z</time></trkpt><trkpt lat="37.513159" lon="-119.597899"><ele>1976.462</ele><time>2026-09-05T18:56:03Z</time></trkpt><trkpt lat="37.513165" lon="-119.597907"><ele>1976.442</ele><time>2026-09-05T18:56:04Z</time></trkpt><trkpt lat="37.513171" lon="-119.597916"><ele>1976.650</ele><time>2026-09-05T18:56:05Z</time></trkpt><trkpt lat="37.513181" lon="-119.597926"><ele>1976.616</ele><time>2026-09-05T18:56:06Z</time></trkpt><trkpt lat="37.51324" lon="-119.598047"><ele>1976.056</ele><time>2026-09-05T18:56:14Z</time></trkpt><trkpt lat="37.513283" lon="-119.598152"><ele>1974.889</ele><time>2026-09-05T18:56:21Z</time></trkpt><trkpt lat="37.513286" lon="-119.59816"><ele>1974.606</ele><time>2026-09-05T18:56:22Z</time></trkpt><trkpt lat="37.513299" lon="-119.598215"><ele>1974.226</ele><time>2026-09-05T18:56:30Z</time></trkpt><trkpt lat="37.513319" lon="-119.598268"><ele>1974.009</ele><time>2026-09-05T18:56:38Z</time></trkpt><trkpt lat="37.513326" lon="-119.598288"><ele>1973.490</ele><time>2026-09-05T18:56:40Z</time></trkpt><trkpt lat="37.513331" lon="-119.598318"><ele>1972.456</ele><time>2026-09-05T18:56:44Z</time></trkpt><trkpt lat="37.513318" lon="-119.598387"><ele>1971.492</ele><time>2026-09-05T18:56:50Z</time></trkpt><trkpt lat="37.51331" lon="-119.598399"><ele>1971.499</ele><time>2026-09-05T18:56:51Z</time></trkpt><trkpt lat="37.513255" lon="-119.598431"><ele>1971.094</ele><time>2026-09-05T18:56:57Z</time></trkpt><trkpt lat="37.513237" lon="-119.598434"><ele>1970.664</ele><time>2026-09-05T18:57:00Z</time></trkpt><trkpt lat="37.513219" lon="-119.598438"><ele>1970.452</ele><time>2026-09-05T18:57:03Z</time></trkpt><trkpt lat="37.513217" lon="-119.598438"><ele>1970.478</ele><time>2026-09-05T18:57:04Z</time></trkpt><trkpt lat="37.51317" lon="-119.598453"><ele>1970.238</ele><time>2026-09-05T18:57:11Z</time></trkpt><trkpt lat="37.513118" lon="-119.598538"><ele>1969.425</ele><time>2026-09-05T18:57:19Z</time></trkpt><trkpt lat="37.513113" lon="-119.59855"><ele>1969.426</ele><time>2026-09-05T18:57:20Z</time></trkpt><trkpt lat="37.51308" lon="-119.598667"><ele>1968.208</ele><time>2026-09-05T18:57:28Z</time></trkpt><trkpt lat="37.513077" lon="-119.598686"><ele>1968.009</ele><time>2026-09-05T18:57:29Z</time></trkpt><trkpt lat="37.513069" lon="-119.5988"><ele>1967.214</ele><time>2026-09-05T18:57:36Z</time></trkpt><trkpt lat="37.513069" lon="-119.598855"><ele>1966.840</ele><time>2026-09-05T18:57:39Z</time></trkpt><trkpt lat="37.513061" lon="-119.598948"><ele>1966.016</ele><time>2026-09-05T18:57:45Z</time></trkpt><trkpt lat="37.513069" lon="-119.599017"><ele>1965.833</ele><time>2026-09-05T18:57:49Z</time></trkpt><trkpt lat="37.513078" lon="-119.599147"><ele>1965.088</ele><time>2026-09-05T18:57:57Z</time></trkpt><trkpt lat="37.513076" lon="-119.599162"><ele>1964.818</ele><time>2026-09-05T18:57:58Z</time></trkpt><trkpt lat="37.513045" lon="-119.59932"><ele>1964.276</ele><time>2026-09-05T18:58:07Z</time></trkpt><trkpt lat="37.513038" lon="-119.599357"><ele>1964.062</ele><time>2026-09-05T18:58:09Z</time></trkpt><trkpt lat="37.513026" lon="-119.599481"><ele>1963.652</ele><time>2026-09-05T18:58:17Z</time></trkpt><trkpt lat="37.513027" lon="-119.599642"><ele>1963.861</ele><time>2026-09-05T18:58:26Z</time></trkpt><trkpt lat="37.513062" lon="-119.599817"><ele>1963.821</ele><time>2026-09-05T18:58:36Z</time></trkpt><trkpt lat="37.513095" lon="-119.59994"><ele>1963.413</ele><time>2026-09-05T18:58:45Z</time></trkpt><trkpt lat="37.513096" lon="-119.60008"><ele>1963.009</ele><time>2026-09-05T18:58:54Z</time></trkpt><trkpt lat="37.513099" lon="-119.600111"><ele>1962.828</ele><time>2026-09-05T18:58:56Z</time></trkpt><trkpt lat="37.513084" lon="-119.600224"><ele>1962.494</ele><time>2026-09-05T18:59:04Z</time></trkpt><trkpt lat="37.513056" lon="-119.600387"><ele>1962.230</ele><time>2026-09-05T18:59:14Z</time></trkpt><trkpt lat="37.513051" lon="-119.600545"><ele>1961.837</ele><time>2026-09-05T18:59:24Z</time></trkpt><trkpt lat="37.513025" lon="-119.600668"><ele>1962.482</ele><time>2026-09-05T18:59:32Z</time></trkpt><trkpt lat="37.512965" lon="-119.600764"><ele>1962.872</ele><time>2026-09-05T18:59:40Z</time></trkpt><trkpt lat="37.51289" lon="-119.600844"><ele>1963.260</ele><time>2026-09-05T18:59:49Z</time></trkpt><trkpt lat="37.512865" lon="-119.600877"><ele>1963.446</ele><time>2026-09-05T18:59:52Z</time></trkpt><trkpt lat="37.512834" lon="-119.600946"><ele>1962.686</ele><time>2026-09-05T18:59:57Z</time></trkpt><trkpt lat="37.512823" lon="-119.600975"><ele>1962.493</ele><time>2026-09-05T18:59:59Z</time></trkpt><trkpt lat="37.512807" lon="-119.601021"><ele>1961.865</ele><time>2026-09-05T19:00:02Z</time></trkpt><trkpt lat="37.512764" lon="-119.601098"><ele>1960.821</ele><time>2026-09-05T19:00:08Z</time></trkpt><trkpt lat="37.512755" lon="-119.601112"><ele>1960.609</ele><time>2026-09-05T19:00:09Z</time></trkpt><trkpt lat="37.512719" lon="-119.601179"><ele>1959.611</ele><time>2026-09-05T19:00:15Z</time></trkpt><trkpt lat="37.512715" lon="-119.601192"><ele>1959.427</ele><time>2026-09-05T19:00:16Z</time></trkpt><trkpt lat="37.512682" lon="-119.601331"><ele>1958.643</ele><time>2026-09-05T19:00:24Z</time></trkpt><trkpt lat="37.512678" lon="-119.601349"><ele>1958.440</ele><time>2026-09-05T19:00:25Z</time></trkpt><trkpt lat="37.512678" lon="-119.601446"><ele>1957.645</ele><time>2026-09-05T19:00:32Z</time></trkpt><trkpt lat="37.512685" lon="-119.601472"><ele>1957.455</ele><time>2026-09-05T19:00:34Z</time></trkpt><trkpt lat="37.512673" lon="-119.601555"><ele>1956.633</ele><time>2026-09-05T19:00:40Z</time></trkpt><trkpt lat="37.512671" lon="-119.601568"><ele>1956.439</ele><time>2026-09-05T19:00:41Z</time></trkpt><trkpt lat="37.512675" lon="-119.601653"><ele>1955.449</ele><time>2026-09-05T19:00:47Z</time></trkpt><trkpt lat="37.512685" lon="-119.601708"><ele>1955.084</ele><time>2026-09-05T19:00:50Z</time></trkpt><trkpt lat="37.512692" lon="-119.601798"><ele>1954.407</ele><time>2026-09-05T19:00:57Z</time></trkpt><trkpt lat="37.512723" lon="-119.601902"><ele>1953.617</ele><time>2026-09-05T19:01:04Z</time></trkpt><trkpt lat="37.512723" lon="-119.60192"><ele>1953.409</ele><time>2026-09-05T19:01:05Z</time></trkpt><trkpt lat="37.512735" lon="-119.602008"><ele>1952.290</ele><time>2026-09-05T19:01:11Z</time></trkpt><trkpt lat="37.512733" lon="-119.602034"><ele>1952.066</ele><time>2026-09-05T19:01:13Z</time></trkpt><trkpt lat="37.512703" lon="-119.60215"><ele>1951.262</ele><time>2026-09-05T19:01:21Z</time></trkpt><trkpt lat="37.512689" lon="-119.602181"><ele>1950.879</ele><time>2026-09-05T19:01:23Z</time></trkpt><trkpt lat="37.512654" lon="-119.602242"><ele>1950.254</ele><time>2026-09-05T19:01:28Z</time></trkpt><trkpt lat="37.512634" lon="-119.6023"><ele>1949.824</ele><time>2026-09-05T19:01:32Z</time></trkpt><trkpt lat="37.512613" lon="-119.602354"><ele>1949.072</ele><time>2026-09-05T19:01:36Z</time></trkpt><trkpt lat="37.512583" lon="-119.602403"><ele>1948.448</ele><time>2026-09-05T19:01:40Z</time></trkpt><trkpt lat="37.512573" lon="-119.602421"><ele>1948.238</ele><time>2026-09-05T19:01:42Z</time></trkpt><trkpt lat="37.512556" lon="-119.602452"><ele>1947.866</ele><time>2026-09-05T19:01:44Z</time></trkpt><trkpt lat="37.512516" lon="-119.602547"><ele>1947.229</ele><time>2026-09-05T19:01:51Z</time></trkpt><trkpt lat="37.512504" lon="-119.602595"><ele>1946.821</ele><time>2026-09-05T19:01:54Z</time></trkpt><trkpt lat="37.512482" lon="-119.60266"><ele>1945.809</ele><time>2026-09-05T19:01:59Z</time></trkpt><trkpt lat="37.512479" lon="-119.602668"><ele>1945.678</ele><time>2026-09-05T19:02:00Z</time></trkpt><trkpt lat="37.512461" lon="-119.602715"><ele>1944.874</ele><time>2026-09-05T19:02:04Z</time></trkpt><trkpt lat="37.512456" lon="-119.60273"><ele>1944.610</ele><time>2026-09-05T19:02:05Z</time></trkpt><trkpt lat="37.512434" lon="-119.602801"><ele>1943.827</ele><time>2026-09-05T19:02:10Z</time></trkpt><trkpt lat="37.512422" lon="-119.602829"><ele>1943.662</ele><time>2026-09-05T19:02:12Z</time></trkpt><trkpt lat="37.512412" lon="-119.602907"><ele>1942.822</ele><time>2026-09-05T19:02:17Z</time></trkpt><trkpt lat="37.512406" lon="-119.602958"><ele>1942.640</ele><time>2026-09-05T19:02:20Z</time></trkpt><trkpt lat="37.512403" lon="-119.602982"><ele>1942.036</ele><time>2026-09-05T19:02:24Z</time></trkpt><trkpt lat="37.512407" lon="-119.602991"><ele>1942.476</ele><time>2026-09-05T19:02:30Z</time></trkpt><trkpt lat="37.512411" lon="-119.60298"><ele>1942.262</ele><time>2026-09-05T19:02:36Z</time></trkpt><trkpt lat="37.5124" lon="-119.602985"><ele>1942.083</ele><time>2026-09-05T19:02:43Z</time></trkpt><trkpt lat="37.512404" lon="-119.603043"><ele>1941.411</ele><time>2026-09-05T19:02:48Z</time></trkpt><trkpt lat="37.512397" lon="-119.603083"><ele>1941.009</ele><time>2026-09-05T19:02:51Z</time></trkpt><trkpt lat="37.512383" lon="-119.603147"><ele>1940.478</ele><time>2026-09-05T19:02:56Z</time></trkpt><trkpt lat="37.51236" lon="-119.603201"><ele>1940.084</ele><time>2026-09-05T19:03:01Z</time></trkpt><trkpt lat="37.512313" lon="-119.603313"><ele>1939.630</ele><time>2026-09-05T19:03:08Z</time></trkpt><trkpt lat="37.512307" lon="-119.603346"><ele>1939.417</ele><time>2026-09-05T19:03:10Z</time></trkpt><trkpt lat="37.512299" lon="-119.603426"><ele>1938.862</ele><time>2026-09-05T19:03:15Z</time></trkpt><trkpt lat="37.512297" lon="-119.603481"><ele>1938.672</ele><time>2026-09-05T19:03:19Z</time></trkpt><trkpt lat="37.512292" lon="-119.603547"><ele>1938.230</ele><time>2026-09-05T19:03:23Z</time></trkpt><trkpt lat="37.512299" lon="-119.603596"><ele>1938.066</ele><time>2026-09-05T19:03:27Z</time></trkpt><trkpt lat="37.512315" lon="-119.603708"><ele>1937.616</ele><time>2026-09-05T19:03:35Z</time></trkpt><trkpt lat="37.512293" lon="-119.603748"><ele>1937.466</ele><time>2026-09-05T19:03:38Z</time></trkpt><trkpt lat="37.51228" lon="-119.603759"><ele>1937.229</ele><time>2026-09-05T19:03:39Z</time></trkpt><trkpt lat="37.512251" lon="-119.60377"><ele>1937.221</ele><time>2026-09-05T19:03:42Z</time></trkpt><trkpt lat="37.512219" lon="-119.603725"><ele>1936.209</ele><time>2026-09-05T19:03:47Z</time></trkpt><trkpt lat="37.512216" lon="-119.603689"><ele>1936.078</ele><time>2026-09-05T19:03:49Z</time></trkpt><trkpt lat="37.512205" lon="-119.603539"><ele>1935.634</ele><time>2026-09-05T19:03:58Z</time></trkpt><trkpt lat="37.512195" lon="-119.603477"><ele>1935.280</ele><time>2026-09-05T19:04:02Z</time></trkpt><trkpt lat="37.512183" lon="-119.603394"><ele>1934.627</ele><time>2026-09-05T19:04:08Z</time></trkpt><trkpt lat="37.512174" lon="-119.603329"><ele>1934.242</ele><time>2026-09-05T19:04:12Z</time></trkpt><trkpt lat="37.512164" lon="-119.603248"><ele>1933.812</ele><time>2026-09-05T19:04:17Z</time></trkpt><trkpt lat="37.51216" lon="-119.603178"><ele>1933.280</ele><time>2026-09-05T19:04:22Z</time></trkpt><trkpt lat="37.512158" lon="-119.603167"><ele>1933.266</ele><time>2026-09-05T19:04:23Z</time></trkpt><trkpt lat="37.512118" lon="-119.603052"><ele>1932.016</ele><time>2026-09-05T19:04:31Z</time></trkpt><trkpt lat="37.512114" lon="-119.603036"><ele>1931.879</ele><time>2026-09-05T19:04:32Z</time></trkpt><trkpt lat="37.512076" lon="-119.602911"><ele>1931.005</ele><time>2026-09-05T19:04:40Z</time></trkpt><trkpt lat="37.512069" lon="-119.602878"><ele>1930.825</ele><time>2026-09-05T19:04:42Z</time></trkpt><trkpt lat="37.512039" lon="-119.602787"><ele>1929.809</ele><time>2026-09-05T19:04:49Z</time></trkpt><trkpt lat="37.512032" lon="-119.602777"><ele>1929.879</ele><time>2026-09-05T19:04:50Z</time></trkpt><trkpt lat="37.51199" lon="-119.602678"><ele>1929.035</ele><time>2026-09-05T19:04:57Z</time></trkpt><trkpt lat="37.511978" lon="-119.602646"><ele>1928.651</ele><time>2026-09-05T19:04:59Z</time></trkpt><trkpt lat="37.511943" lon="-119.602564"><ele>1927.468</ele><time>2026-09-05T19:05:05Z</time></trkpt><trkpt lat="37.511933" lon="-119.602537"><ele>1927.243</ele><time>2026-09-05T19:05:07Z</time></trkpt><trkpt lat="37.51189" lon="-119.602455"><ele>1926.693</ele><time>2026-09-05T19:05:15Z</time></trkpt><trkpt lat="37.511884" lon="-119.602447"><ele>1926.431</ele><time>2026-09-05T19:05:16Z</time></trkpt><trkpt lat="37.51185" lon="-119.602392"><ele>1925.897</ele><time>2026-09-05T19:05:23Z</time></trkpt><trkpt lat="37.511848" lon="-119.602362"><ele>1925.817</ele><time>2026-09-05T19:05:29Z</time></trkpt><trkpt lat="37.511837" lon="-119.602326"><ele>1925.854</ele><time>2026-09-05T19:05:33Z</time></trkpt><trkpt lat="37.511829" lon="-119.6023"><ele>1925.256</ele><time>2026-09-05T19:05:36Z</time></trkpt><trkpt lat="37.511834" lon="-119.602303"><ele>1924.811</ele><time>2026-09-05T19:05:41Z</time></trkpt><trkpt lat="37.511787" lon="-119.602239"><ele>1924.609</ele><time>2026-09-05T19:05:48Z</time></trkpt><trkpt lat="37.511765" lon="-119.602185"><ele>1924.017</ele><time>2026-09-05T19:05:51Z</time></trkpt><trkpt lat="37.51174" lon="-119.602125"><ele>1923.443</ele><time>2026-09-05T19:05:55Z</time></trkpt><trkpt lat="37.511727" lon="-119.602092"><ele>1923.029</ele><time>2026-09-05T19:05:57Z</time></trkpt><trkpt lat="37.511685" lon="-119.602003"><ele>1921.866</ele><time>2026-09-05T19:06:04Z</time></trkpt><trkpt lat="37.51165" lon="-119.601911"><ele>1921.071</ele><time>2026-09-05T19:06:10Z</time></trkpt><trkpt lat="37.511638" lon="-119.601876"><ele>1920.691</ele><time>2026-09-05T19:06:12Z</time></trkpt><trkpt lat="37.51159" lon="-119.601797"><ele>1919.639</ele><time>2026-09-05T19:06:18Z</time></trkpt><trkpt lat="37.511579" lon="-119.601784"><ele>1919.655</ele><time>2026-09-05T19:06:19Z</time></trkpt><trkpt lat="37.511486" lon="-119.601766"><ele>1918.615</ele><time>2026-09-05T19:06:26Z</time></trkpt><trkpt lat="37.511471" lon="-119.601767"><ele>1918.482</ele><time>2026-09-05T19:06:27Z</time></trkpt><trkpt lat="37.511416" lon="-119.601779"><ele>1917.443</ele><time>2026-09-05T19:06:32Z</time></trkpt><trkpt lat="37.511342" lon="-119.601794"><ele>1917.017</ele><time>2026-09-05T19:06:38Z</time></trkpt><trkpt lat="37.511266" lon="-119.601805"><ele>1916.409</ele><time>2026-09-05T19:06:44Z</time></trkpt><trkpt lat="37.511241" lon="-119.601803"><ele>1916.050</ele><time>2026-09-05T19:06:46Z</time></trkpt><trkpt lat="37.511186" lon="-119.601794"><ele>1915.246</ele><time>2026-09-05T19:06:50Z</time></trkpt><trkpt lat="37.511103" lon="-119.601781"><ele>1914.482</ele><time>2026-09-05T19:06:56Z</time></trkpt><trkpt lat="37.511071" lon="-119.601781"><ele>1914.279</ele><time>2026-09-05T19:06:58Z</time></trkpt><trkpt lat="37.51099" lon="-119.601794"><ele>1913.274</ele><time>2026-09-05T19:07:04Z</time></trkpt><trkpt lat="37.510978" lon="-119.601797"><ele>1913.024</ele><time>2026-09-05T19:07:05Z</time></trkpt><trkpt lat="37.510872" lon="-119.601814"><ele>1912.032</ele><time>2026-09-05T19:07:12Z</time></trkpt><trkpt lat="37.510836" lon="-119.601833"><ele>1912.078</ele><time>2026-09-05T19:07:15Z</time></trkpt><trkpt lat="37.510804" lon="-119.601839"><ele>1910.858</ele><time>2026-09-05T19:07:19Z</time></trkpt><trkpt lat="37.510749" lon="-119.601855"><ele>1910.664</ele><time>2026-09-05T19:07:23Z</time></trkpt><trkpt lat="37.510686" lon="-119.601872"><ele>1909.806</ele><time>2026-09-05T19:07:29Z</time></trkpt><trkpt lat="37.510653" lon="-119.601884"><ele>1909.016</ele><time>2026-09-05T19:07:32Z</time></trkpt><trkpt lat="37.510617" lon="-119.601882"><ele>1908.609</ele><time>2026-09-05T19:07:36Z</time></trkpt><trkpt lat="37.510544" lon="-119.601859"><ele>1908.248</ele><time>2026-09-05T19:07:41Z</time></trkpt><trkpt lat="37.510512" lon="-119.601858"><ele>1907.694</ele><time>2026-09-05T19:07:43Z</time></trkpt><trkpt lat="37.510467" lon="-119.601842"><ele>1906.660</ele><time>2026-09-05T19:07:48Z</time></trkpt><trkpt lat="37.510458" lon="-119.601837"><ele>1906.457</ele><time>2026-09-05T19:07:49Z</time></trkpt><trkpt lat="37.51039" lon="-119.601791"><ele>1905.412</ele><time>2026-09-05T19:07:56Z</time></trkpt><trkpt lat="37.510367" lon="-119.601772"><ele>1905.212</ele><time>2026-09-05T19:07:58Z</time></trkpt><trkpt lat="37.51026" lon="-119.601705"><ele>1904.690</ele><time>2026-09-05T19:08:05Z</time></trkpt><trkpt lat="37.510241" lon="-119.601696"><ele>1904.486</ele><time>2026-09-05T19:08:07Z</time></trkpt><trkpt lat="37.51014" lon="-119.601677"><ele>1904.046</ele><time>2026-09-05T19:08:14Z</time></trkpt><trkpt lat="37.510078" lon="-119.601675"><ele>1903.276</ele><time>2026-09-05T19:08:18Z</time></trkpt><trkpt lat="37.510031" lon="-119.601671"><ele>1902.690</ele><time>2026-09-05T19:08:21Z</time></trkpt><trkpt lat="37.509978" lon="-119.60168"><ele>1902.019</ele><time>2026-09-05T19:08:25Z</time></trkpt><trkpt lat="37.50993" lon="-119.601713"><ele>1901.609</ele><time>2026-09-05T19:08:29Z</time></trkpt><trkpt lat="37.509901" lon="-119.601768"><ele>1901.089</ele><time>2026-09-05T19:08:33Z</time></trkpt><trkpt lat="37.50987" lon="-119.601819"><ele>1900.675</ele><time>2026-09-05T19:08:37Z</time></trkpt><trkpt lat="37.509829" lon="-119.601891"><ele>1900.091</ele><time>2026-09-05T19:08:42Z</time></trkpt><trkpt lat="37.509809" lon="-119.601951"><ele>1899.048</ele><time>2026-09-05T19:08:46Z</time></trkpt><trkpt lat="37.5098" lon="-119.601986"><ele>1898.883</ele><time>2026-09-05T19:08:48Z</time></trkpt><trkpt lat="37.509785" lon="-119.602059"><ele>1898.283</ele><time>2026-09-05T19:08:53Z</time></trkpt><trkpt lat="37.509798" lon="-119.602114"><ele>1897.821</ele><time>2026-09-05T19:08:56Z</time></trkpt><trkpt lat="37.509834" lon="-119.60217"><ele>1897.217</ele><time>2026-09-05T19:09:00Z</time></trkpt><trkpt lat="37.509881" lon="-119.602206"><ele>1896.877</ele><time>2026-09-05T19:09:04Z</time></trkpt><trkpt lat="37.509917" lon="-119.602235"><ele>1896.247</ele><time>2026-09-05T19:09:07Z</time></trkpt><trkpt lat="37.509952" lon="-119.602252"><ele>1895.629</ele><time>2026-09-05T19:09:10Z</time></trkpt><trkpt lat="37.510005" lon="-119.602287"><ele>1895.221</ele><time>2026-09-05T19:09:15Z</time></trkpt><trkpt lat="37.510044" lon="-119.602308"><ele>1894.609</ele><time>2026-09-05T19:09:19Z</time></trkpt><trkpt lat="37.510082" lon="-119.602327"><ele>1894.286</ele><time>2026-09-05T19:09:22Z</time></trkpt><trkpt lat="37.510148" lon="-119.602374"><ele>1893.612</ele><time>2026-09-05T19:09:27Z</time></trkpt><trkpt lat="37.510207" lon="-119.602409"><ele>1893.298</ele><time>2026-09-05T19:09:33Z</time></trkpt><trkpt lat="37.510293" lon="-119.602459"><ele>1892.425</ele><time>2026-09-05T19:09:40Z</time></trkpt><trkpt lat="37.510313" lon="-119.602473"><ele>1892.440</ele><time>2026-09-05T19:09:42Z</time></trkpt><trkpt lat="37.510422" lon="-119.602524"><ele>1892.050</ele><time>2026-09-05T19:09:51Z</time></trkpt><trkpt lat="37.510476" lon="-119.602554"><ele>1891.478</ele><time>2026-09-05T19:09:56Z</time></trkpt><trkpt lat="37.510505" lon="-119.602565"><ele>1891.294</ele><time>2026-09-05T19:09:58Z</time></trkpt><trkpt lat="37.510639" lon="-119.60262"><ele>1891.064</ele><time>2026-09-05T19:10:08Z</time></trkpt><trkpt lat="37.510731" lon="-119.602672"><ele>1890.696</ele><time>2026-09-05T19:10:15Z</time></trkpt><trkpt lat="37.510753" lon="-119.602694"><ele>1890.231</ele><time>2026-09-05T19:10:18Z</time></trkpt><trkpt lat="37.510789" lon="-119.602757"><ele>1890.024</ele><time>2026-09-05T19:10:24Z</time></trkpt><trkpt lat="37.510803" lon="-119.602829"><ele>1889.209</ele><time>2026-09-05T19:10:28Z</time></trkpt><trkpt lat="37.510817" lon="-119.602902"><ele>1889.051</ele><time>2026-09-05T19:10:32Z</time></trkpt><trkpt lat="37.510846" lon="-119.603029"><ele>1889.077</ele><time>2026-09-05T19:10:43Z</time></trkpt><trkpt lat="37.510832" lon="-119.603181"><ele>1889.223</ele><time>2026-09-05T19:10:50Z</time></trkpt><trkpt lat="37.510831" lon="-119.60321"><ele>1889.270</ele><time>2026-09-05T19:10:52Z</time></trkpt><trkpt lat="37.51083" lon="-119.603296"><ele>1888.075</ele><time>2026-09-05T19:10:58Z</time></trkpt><trkpt lat="37.510826" lon="-119.603324"><ele>1887.835</ele><time>2026-09-05T19:11:00Z</time></trkpt><trkpt lat="37.510821" lon="-119.603389"><ele>1887.053</ele><time>2026-09-05T19:11:05Z</time></trkpt><trkpt lat="37.510816" lon="-119.603443"><ele>1887.049</ele><time>2026-09-05T19:11:08Z</time></trkpt><trkpt lat="37.510808" lon="-119.603554"><ele>1885.839</ele><time>2026-09-05T19:11:16Z</time></trkpt><trkpt lat="37.510791" lon="-119.603639"><ele>1884.657</ele><time>2026-09-05T19:11:21Z</time></trkpt><trkpt lat="37.510772" lon="-119.603703"><ele>1883.800</ele><time>2026-09-05T19:11:25Z</time></trkpt><trkpt lat="37.510769" lon="-119.60374"><ele>1883.620</ele><time>2026-09-05T19:11:27Z</time></trkpt><trkpt lat="37.510756" lon="-119.603838"><ele>1882.409</ele><time>2026-09-05T19:11:33Z</time></trkpt><trkpt lat="37.510754" lon="-119.603853"><ele>1882.297</ele><time>2026-09-05T19:11:34Z</time></trkpt><trkpt lat="37.510752" lon="-119.603923"><ele>1881.423</ele><time>2026-09-05T19:11:39Z</time></trkpt><trkpt lat="37.510732" lon="-119.603988"><ele>1880.629</ele><time>2026-09-05T19:11:43Z</time></trkpt><trkpt lat="37.510704" lon="-119.604047"><ele>1880.416</ele><time>2026-09-05T19:11:46Z</time></trkpt><trkpt lat="37.510676" lon="-119.60412"><ele>1879.491</ele><time>2026-09-05T19:11:51Z</time></trkpt><trkpt lat="37.51067" lon="-119.604132"><ele>1879.281</ele><time>2026-09-05T19:11:52Z</time></trkpt><trkpt lat="37.510631" lon="-119.60421"><ele>1878.299</ele><time>2026-09-05T19:11:58Z</time></trkpt><trkpt lat="37.510616" lon="-119.604256"><ele>1878.045</ele><time>2026-09-05T19:12:01Z</time></trkpt><trkpt lat="37.510572" lon="-119.604356"><ele>1877.215</ele><time>2026-09-05T19:12:07Z</time></trkpt><trkpt lat="37.510559" lon="-119.604386"><ele>1876.899</ele><time>2026-09-05T19:12:09Z</time></trkpt><trkpt lat="37.510508" lon="-119.604477"><ele>1876.007</ele><time>2026-09-05T19:12:16Z</time></trkpt><trkpt lat="37.510482" lon="-119.604513"><ele>1875.427</ele><time>2026-09-05T19:12:19Z</time></trkpt><trkpt lat="37.510456" lon="-119.604551"><ele>1874.809</ele><time>2026-09-05T19:12:22Z</time></trkpt><trkpt lat="37.510388" lon="-119.604666"><ele>1874.241</ele><time>2026-09-05T19:12:30Z</time></trkpt><trkpt lat="37.510363" lon="-119.604716"><ele>1873.827</ele><time>2026-09-05T19:12:33Z</time></trkpt><trkpt lat="37.510299" lon="-119.6048"><ele>1873.283</ele><time>2026-09-05T19:12:40Z</time></trkpt><trkpt lat="37.510243" lon="-119.604856"><ele>1872.840</ele><time>2026-09-05T19:12:45Z</time></trkpt><trkpt lat="37.510234" lon="-119.604868"><ele>1872.865</ele><time>2026-09-05T19:12:46Z</time></trkpt><trkpt lat="37.510222" lon="-119.604883"><ele>1872.845</ele><time>2026-09-05T19:12:47Z</time></trkpt><trkpt lat="37.51018" lon="-119.604966"><ele>1872.293</ele><time>2026-09-05T19:12:53Z</time></trkpt><trkpt lat="37.51016" lon="-119.605036"><ele>1871.899</ele><time>2026-09-05T19:12:57Z</time></trkpt><trkpt lat="37.510156" lon="-119.605052"><ele>1871.829</ele><time>2026-09-05T19:12:58Z</time></trkpt><trkpt lat="37.510129" lon="-119.605194"><ele>1871.038</ele><time>2026-09-05T19:13:07Z</time></trkpt><trkpt lat="37.51013" lon="-119.605244"><ele>1870.870</ele><time>2026-09-05T19:13:10Z</time></trkpt><trkpt lat="37.510135" lon="-119.605375"><ele>1870.217</ele><time>2026-09-05T19:13:17Z</time></trkpt><trkpt lat="37.510141" lon="-119.605455"><ele>1869.609</ele><time>2026-09-05T19:13:22Z</time></trkpt><trkpt lat="37.510136" lon="-119.605482"><ele>1869.295</ele><time>2026-09-05T19:13:24Z</time></trkpt><trkpt lat="37.510107" lon="-119.605586"><ele>1868.671</ele><time>2026-09-05T19:13:31Z</time></trkpt><trkpt lat="37.510102" lon="-119.605606"><ele>1868.697</ele><time>2026-09-05T19:13:32Z</time></trkpt><trkpt lat="37.510074" lon="-119.60573"><ele>1867.464</ele><time>2026-09-05T19:13:40Z</time></trkpt><trkpt lat="37.510066" lon="-119.605759"><ele>1867.059</ele><time>2026-09-05T19:13:42Z</time></trkpt><trkpt lat="37.510042" lon="-119.605846"><ele>1866.439</ele><time>2026-09-05T19:13:48Z</time></trkpt><trkpt lat="37.510037" lon="-119.605859"><ele>1866.297</ele><time>2026-09-05T19:13:49Z</time></trkpt><trkpt lat="37.509952" lon="-119.605964"><ele>1865.483</ele><time>2026-09-05T19:13:57Z</time></trkpt><trkpt lat="37.509941" lon="-119.605973"><ele>1865.283</ele><time>2026-09-05T19:13:58Z</time></trkpt><trkpt lat="37.509844" lon="-119.605994"><ele>1864.621</ele><time>2026-09-05T19:14:06Z</time></trkpt><trkpt lat="37.509807" lon="-119.605985"><ele>1864.241</ele><time>2026-09-05T19:14:09Z</time></trkpt><trkpt lat="37.509729" lon="-119.60593"><ele>1863.605</ele><time>2026-09-05T19:14:15Z</time></trkpt><trkpt lat="37.509682" lon="-119.605902"><ele>1863.409</ele><time>2026-09-05T19:14:20Z</time></trkpt><trkpt lat="37.509673" lon="-119.605909"><ele>1863.254</ele><time>2026-09-05T19:14:21Z</time></trkpt><trkpt lat="37.509661" lon="-119.605921"><ele>1863.280</ele><time>2026-09-05T19:14:22Z</time></trkpt><trkpt lat="37.509651" lon="-119.606"><ele>1862.086</ele><time>2026-09-05T19:14:27Z</time></trkpt><trkpt lat="37.509659" lon="-119.606015"><ele>1862.063</ele><time>2026-09-05T19:14:28Z</time></trkpt><trkpt lat="37.50969" lon="-119.606104"><ele>1861.898</ele><time>2026-09-05T19:14:34Z</time></trkpt><trkpt lat="37.509713" lon="-119.606184"><ele>1861.078</ele><time>2026-09-05T19:14:39Z</time></trkpt><trkpt lat="37.509736" lon="-119.606314"><ele>1860.046</ele><time>2026-09-05T19:14:46Z</time></trkpt><trkpt lat="37.509723" lon="-119.606366"><ele>1859.682</ele><time>2026-09-05T19:14:49Z</time></trkpt><trkpt lat="37.509692" lon="-119.606431"><ele>1859.052</ele><time>2026-09-05T19:14:53Z</time></trkpt><trkpt lat="37.50965" lon="-119.606491"><ele>1858.284</ele><time>2026-09-05T19:14:58Z</time></trkpt><trkpt lat="37.509627" lon="-119.606534"><ele>1858.007</ele><time>2026-09-05T19:15:01Z</time></trkpt><trkpt lat="37.509585" lon="-119.606606"><ele>1857.017</ele><time>2026-09-05T19:15:07Z</time></trkpt><trkpt lat="37.509574" lon="-119.606616"><ele>1856.809</ele><time>2026-09-05T19:15:08Z</time></trkpt><trkpt lat="37.509489" lon="-119.60668"><ele>1855.680</ele><time>2026-09-05T19:15:16Z</time></trkpt><trkpt lat="37.50948" lon="-119.606686"><ele>1855.496</ele><time>2026-09-05T19:15:17Z</time></trkpt><trkpt lat="37.509439" lon="-119.606735"><ele>1854.612</ele><time>2026-09-05T19:15:22Z</time></trkpt><trkpt lat="37.509406" lon="-119.606766"><ele>1854.029</ele><time>2026-09-05T19:15:25Z</time></trkpt><trkpt lat="37.509374" lon="-119.606787"><ele>1853.494</ele><time>2026-09-05T19:15:28Z</time></trkpt><trkpt lat="37.509292" lon="-119.60682"><ele>1853.084</ele><time>2026-09-05T19:15:35Z</time></trkpt><trkpt lat="37.509251" lon="-119.606834"><ele>1852.432</ele><time>2026-09-05T19:15:38Z</time></trkpt><trkpt lat="37.509185" lon="-119.606867"><ele>1851.288</ele><time>2026-09-05T19:15:44Z</time></trkpt><trkpt lat="37.509163" lon="-119.606877"><ele>1850.818</ele><time>2026-09-05T19:15:46Z</time></trkpt><trkpt lat="37.509098" lon="-119.606878"><ele>1850.293</ele><time>2026-09-05T19:15:51Z</time></trkpt><trkpt lat="37.509048" lon="-119.606881"><ele>1849.665</ele><time>2026-09-05T19:15:55Z</time></trkpt><trkpt lat="37.50895" lon="-119.606894"><ele>1849.221</ele><time>2026-09-05T19:16:02Z</time></trkpt><trkpt lat="37.508939" lon="-119.606896"><ele>1849.209</ele><time>2026-09-05T19:16:03Z</time></trkpt><trkpt lat="37.50891" lon="-119.606898"><ele>1849.081</ele><time>2026-09-05T19:16:05Z</time></trkpt><trkpt lat="37.508828" lon="-119.606895"><ele>1848.077</ele><time>2026-09-05T19:16:12Z</time></trkpt><trkpt lat="37.508816" lon="-119.606892"><ele>1847.813</ele><time>2026-09-05T19:16:13Z</time></trkpt><trkpt lat="37.508714" lon="-119.606876"><ele>1846.650</ele><time>2026-09-05T19:16:21Z</time></trkpt><trkpt lat="37.508673" lon="-119.606888"><ele>1845.655</ele><time>2026-09-05T19:16:25Z</time></trkpt><trkpt lat="37.508611" lon="-119.606908"><ele>1845.285</ele><time>2026-09-05T19:16:30Z</time></trkpt><trkpt lat="37.508553" lon="-119.606907"><ele>1844.663</ele><time>2026-09-05T19:16:34Z</time></trkpt><trkpt lat="37.508517" lon="-119.606908"><ele>1844.059</ele><time>2026-09-05T19:16:37Z</time></trkpt><trkpt lat="37.508472" lon="-119.60692"><ele>1843.499</ele><time>2026-09-05T19:16:40Z</time></trkpt><trkpt lat="37.508417" lon="-119.606954"><ele>1842.453</ele><time>2026-09-05T19:16:44Z</time></trkpt><trkpt lat="37.508393" lon="-119.606965"><ele>1842.204</ele><time>2026-09-05T19:16:46Z</time></trkpt><trkpt lat="37.508334" lon="-119.606995"><ele>1841.214</ele><time>2026-09-05T19:16:51Z</time></trkpt><trkpt lat="37.508278" lon="-119.607039"><ele>1840.209</ele><time>2026-09-05T19:16:56Z</time></trkpt><trkpt lat="37.508198" lon="-119.607127"><ele>1839.467</ele><time>2026-09-05T19:17:05Z</time></trkpt><trkpt lat="37.50814" lon="-119.607187"><ele>1839.283</ele><time>2026-09-05T19:17:11Z</time></trkpt><trkpt lat="37.508106" lon="-119.607222"><ele>1838.669</ele><time>2026-09-05T19:17:14Z</time></trkpt><trkpt lat="37.508068" lon="-119.607274"><ele>1838.476</ele><time>2026-09-05T19:17:18Z</time></trkpt><trkpt lat="37.508042" lon="-119.607305"><ele>1838.021</ele><time>2026-09-05T19:17:21Z</time></trkpt><trkpt lat="37.508027" lon="-119.60733"><ele>1837.831</ele><time>2026-09-05T19:17:23Z</time></trkpt><trkpt lat="37.507997" lon="-119.607388"><ele>1837.039</ele><time>2026-09-05T19:17:27Z</time></trkpt><trkpt lat="37.507975" lon="-119.607424"><ele>1836.815</ele><time>2026-09-05T19:17:30Z</time></trkpt><trkpt lat="37.507933" lon="-119.607472"><ele>1835.845</ele><time>2026-09-05T19:17:35Z</time></trkpt><trkpt lat="37.507908" lon="-119.607501"><ele>1835.443</ele><time>2026-09-05T19:17:38Z</time></trkpt><trkpt lat="37.507868" lon="-119.607572"><ele>1834.664</ele><time>2026-09-05T19:17:44Z</time></trkpt><trkpt lat="37.50785" lon="-119.607607"><ele>1833.810</ele><time>2026-09-05T19:17:47Z</time></trkpt><trkpt lat="37.507844" lon="-119.607619"><ele>1833.409</ele><time>2026-09-05T19:17:48Z</time></trkpt><trkpt lat="37.507801" lon="-119.607699"><ele>1832.476</ele><time>2026-09-05T19:17:54Z</time></trkpt><trkpt lat="37.507771" lon="-119.607731"><ele>1832.012</ele><time>2026-09-05T19:17:57Z</time></trkpt><trkpt lat="37.507725" lon="-119.607793"><ele>1831.278</ele><time>2026-09-05T19:18:03Z</time></trkpt><trkpt lat="37.507692" lon="-119.607849"><ele>1830.645</ele><time>2026-09-05T19:18:08Z</time></trkpt><trkpt lat="37.507641" lon="-119.607928"><ele>1830.280</ele><time>2026-09-05T19:18:13Z</time></trkpt><trkpt lat="37.507595" lon="-119.608001"><ele>1830.650</ele><time>2026-09-05T19:18:18Z</time></trkpt><trkpt lat="37.507563" lon="-119.608138"><ele>1829.298</ele><time>2026-09-05T19:18:27Z</time></trkpt><trkpt lat="37.507561" lon="-119.608151"><ele>1829.084</ele><time>2026-09-05T19:18:28Z</time></trkpt><trkpt lat="37.507516" lon="-119.608256"><ele>1828.054</ele><time>2026-09-05T19:18:36Z</time></trkpt><trkpt lat="37.507508" lon="-119.60827"><ele>1827.819</ele><time>2026-09-05T19:18:37Z</time></trkpt><trkpt lat="37.507436" lon="-119.608386"><ele>1827.209</ele><time>2026-09-05T19:18:45Z</time></trkpt><trkpt lat="37.507399" lon="-119.60848"><ele>1827.019</ele><time>2026-09-05T19:18:51Z</time></trkpt><trkpt lat="37.50739" lon="-119.608526"><ele>1826.809</ele><time>2026-09-05T19:18:54Z</time></trkpt><trkpt lat="37.507404" lon="-119.608649"><ele>1826.033</ele><time>2026-09-05T19:19:02Z</time></trkpt><trkpt lat="37.507457" lon="-119.608809"><ele>1825.649</ele><time>2026-09-05T19:19:13Z</time></trkpt><trkpt lat="37.507512" lon="-119.60889"><ele>1824.885</ele><time>2026-09-05T19:19:19Z</time></trkpt><trkpt lat="37.507537" lon="-119.608927"><ele>1824.252</ele><time>2026-09-05T19:19:22Z</time></trkpt><trkpt lat="37.50756" lon="-119.609006"><ele>1823.617</ele><time>2026-09-05T19:19:26Z</time></trkpt><trkpt lat="37.507558" lon="-119.609043"><ele>1822.887</ele><time>2026-09-05T19:19:29Z</time></trkpt><trkpt lat="37.507551" lon="-119.609088"><ele>1822.445</ele><time>2026-09-05T19:19:32Z</time></trkpt><trkpt lat="37.507544" lon="-119.609145"><ele>1821.481</ele><time>2026-09-05T19:19:36Z</time></trkpt><trkpt lat="37.507543" lon="-119.609157"><ele>1821.231</ele><time>2026-09-05T19:19:37Z</time></trkpt><trkpt lat="37.507493" lon="-119.609295"><ele>1820.071</ele><time>2026-09-05T19:19:46Z</time></trkpt><trkpt lat="37.507475" lon="-119.609385"><ele>1819.041</ele><time>2026-09-05T19:19:53Z</time></trkpt><trkpt lat="37.507476" lon="-119.609418"><ele>1818.615</ele><time>2026-09-05T19:19:55Z</time></trkpt><trkpt lat="37.507486" lon="-119.609497"><ele>1817.809</ele><time>2026-09-05T19:19:59Z</time></trkpt><trkpt lat="37.507516" lon="-119.609552"><ele>1817.239</ele><time>2026-09-05T19:20:03Z</time></trkpt><trkpt lat="37.507551" lon="-119.609588"><ele>1816.685</ele><time>2026-09-05T19:20:07Z</time></trkpt><trkpt lat="37.507573" lon="-119.609648"><ele>1815.891</ele><time>2026-09-05T19:20:12Z</time></trkpt><trkpt lat="37.507568" lon="-119.609661"><ele>1815.658</ele><time>2026-09-05T19:20:13Z</time></trkpt><trkpt lat="37.507545" lon="-119.609673"><ele>1815.273</ele><time>2026-09-05T19:20:15Z</time></trkpt><trkpt lat="37.507508" lon="-119.609685"><ele>1815.023</ele><time>2026-09-05T19:20:18Z</time></trkpt><trkpt lat="37.50742" lon="-119.609656"><ele>1815.021</ele><time>2026-09-05T19:20:26Z</time></trkpt><trkpt lat="37.507395" lon="-119.60965"><ele>1814.467</ele><time>2026-09-05T19:20:28Z</time></trkpt><trkpt lat="37.507334" lon="-119.609593"><ele>1813.487</ele><time>2026-09-05T19:20:33Z</time></trkpt><trkpt lat="37.507321" lon="-119.609568"><ele>1813.414</ele><time>2026-09-05T19:20:35Z</time></trkpt><trkpt lat="37.507299" lon="-119.609467"><ele>1812.254</ele><time>2026-09-05T19:20:42Z</time></trkpt><trkpt lat="37.507293" lon="-119.609453"><ele>1812.009</ele><time>2026-09-05T19:20:43Z</time></trkpt><trkpt lat="37.507268" lon="-119.60941"><ele>1811.209</ele><time>2026-09-05T19:20:47Z</time></trkpt><trkpt lat="37.507242" lon="-119.609355"><ele>1810.643</ele><time>2026-09-05T19:20:51Z</time></trkpt><trkpt lat="37.507233" lon="-119.609328"><ele>1810.269</ele><time>2026-09-05T19:20:53Z</time></trkpt><trkpt lat="37.507219" lon="-119.609299"><ele>1810.035</ele><time>2026-09-05T19:20:55Z</time></trkpt><trkpt lat="37.507178" lon="-119.609175"><ele>1809.232</ele><time>2026-09-05T19:21:02Z</time></trkpt><trkpt lat="37.507172" lon="-119.609158"><ele>1809.077</ele><time>2026-09-05T19:21:03Z</time></trkpt><trkpt lat="37.507134" lon="-119.609076"><ele>1808.297</ele><time>2026-09-05T19:21:09Z</time></trkpt><trkpt lat="37.507127" lon="-119.609063"><ele>1808.295</ele><time>2026-09-05T19:21:10Z</time></trkpt><trkpt lat="37.507083" lon="-119.608957"><ele>1808.061</ele><time>2026-09-05T19:21:17Z</time></trkpt><trkpt lat="37.507078" lon="-119.608944"><ele>1807.811</ele><time>2026-09-05T19:21:18Z</time></trkpt><trkpt lat="37.507012" lon="-119.608843"><ele>1807.055</ele><time>2026-09-05T19:21:26Z</time></trkpt><trkpt lat="37.506995" lon="-119.608815"><ele>1806.807</ele><time>2026-09-05T19:21:28Z</time></trkpt><trkpt lat="37.506955" lon="-119.608752"><ele>1806.017</ele><time>2026-09-05T19:21:34Z</time></trkpt><trkpt lat="37.506914" lon="-119.608664"><ele>1805.409</ele><time>2026-09-05T19:21:39Z</time></trkpt><trkpt lat="37.506904" lon="-119.608636"><ele>1805.037</ele><time>2026-09-05T19:21:41Z</time></trkpt><trkpt lat="37.506863" lon="-119.608513"><ele>1804.073</ele><time>2026-09-05T19:21:49Z</time></trkpt><trkpt lat="37.506859" lon="-119.608502"><ele>1803.859</ele><time>2026-09-05T19:21:50Z</time></trkpt><trkpt lat="37.506802" lon="-119.608392"><ele>1803.016</ele><time>2026-09-05T19:21:57Z</time></trkpt><trkpt lat="37.506792" lon="-119.608378"><ele>1802.841</ele><time>2026-09-05T19:21:58Z</time></trkpt><trkpt lat="37.506721" lon="-119.608325"><ele>1801.861</ele><time>2026-09-05T19:22:04Z</time></trkpt><trkpt lat="37.506704" lon="-119.608323"><ele>1801.689</ele><time>2026-09-05T19:22:05Z</time></trkpt><trkpt lat="37.506663" lon="-119.608331"><ele>1800.815</ele><time>2026-09-05T19:22:08Z</time></trkpt><trkpt lat="37.506607" lon="-119.608375"><ele>1799.625</ele><time>2026-09-05T19:22:12Z</time></trkpt><trkpt lat="37.506555" lon="-119.60847"><ele>1798.671</ele><time>2026-09-05T19:22:19Z</time></trkpt><trkpt lat="37.506522" lon="-119.608575"><ele>1797.441</ele><time>2026-09-05T19:22:25Z</time></trkpt><trkpt lat="37.506492" lon="-119.608649"><ele>1796.815</ele><time>2026-09-05T19:22:29Z</time></trkpt><trkpt lat="37.506449" lon="-119.60872"><ele>1796.209</ele><time>2026-09-05T19:22:34Z</time></trkpt><trkpt lat="37.506425" lon="-119.608756"><ele>1796.089</ele><time>2026-09-05T19:22:37Z</time></trkpt><trkpt lat="37.506358" lon="-119.6088"><ele>1795.295</ele><time>2026-09-05T19:22:43Z</time></trkpt><trkpt lat="37.506333" lon="-119.608796"><ele>1794.811</ele><time>2026-09-05T19:22:45Z</time></trkpt><trkpt lat="37.506249" lon="-119.6087"><ele>1794.888</ele><time>2026-09-05T19:22:53Z</time></trkpt><trkpt lat="37.506219" lon="-119.60864"><ele>1794.013</ele><time>2026-09-05T19:22:57Z</time></trkpt><trkpt lat="37.506189" lon="-119.608576"><ele>1793.433</ele><time>2026-09-05T19:23:01Z</time></trkpt><trkpt lat="37.506109" lon="-119.608438"><ele>1793.061</ele><time>2026-09-05T19:23:12Z</time></trkpt><trkpt lat="37.506099" lon="-119.608412"><ele>1792.817</ele><time>2026-09-05T19:23:14Z</time></trkpt><trkpt lat="37.506056" lon="-119.608309"><ele>1791.827</ele><time>2026-09-05T19:23:21Z</time></trkpt><trkpt lat="37.506053" lon="-119.608294"><ele>1791.644</ele><time>2026-09-05T19:23:22Z</time></trkpt><trkpt lat="37.505967" lon="-119.608156"><ele>1791.405</ele><time>2026-09-05T19:23:32Z</time></trkpt><trkpt lat="37.505914" lon="-119.608122"><ele>1790.615</ele><time>2026-09-05T19:23:36Z</time></trkpt><trkpt lat="37.505899" lon="-119.608074"><ele>1790.609</ele><time>2026-09-05T19:23:39Z</time></trkpt><trkpt lat="37.50589" lon="-119.607951"><ele>1790.436</ele><time>2026-09-05T19:23:47Z</time></trkpt><trkpt lat="37.505835" lon="-119.607872"><ele>1789.652</ele><time>2026-09-05T19:23:54Z</time></trkpt><trkpt lat="37.505809" lon="-119.60787"><ele>1789.248</ele><time>2026-09-05T19:23:56Z</time></trkpt><trkpt lat="37.50578" lon="-119.60787"><ele>1788.485</ele><time>2026-09-05T19:23:58Z</time></trkpt><trkpt lat="37.505739" lon="-119.607885"><ele>1787.020</ele><time>2026-09-05T19:24:01Z</time></trkpt><trkpt lat="37.505689" lon="-119.607918"><ele>1786.240</ele><time>2026-09-05T19:24:05Z</time></trkpt><trkpt lat="37.505659" lon="-119.607938"><ele>1786.088</ele><time>2026-09-05T19:24:07Z</time></trkpt><trkpt lat="37.505609" lon="-119.607977"><ele>1785.064</ele><time>2026-09-05T19:24:11Z</time></trkpt><trkpt lat="37.505586" lon="-119.608002"><ele>1784.664</ele><time>2026-09-05T19:24:13Z</time></trkpt><trkpt lat="37.505522" lon="-119.60809"><ele>1784.042</ele><time>2026-09-05T19:24:20Z</time></trkpt><trkpt lat="37.505515" lon="-119.608105"><ele>1783.822</ele><time>2026-09-05T19:24:21Z</time></trkpt><trkpt lat="37.505503" lon="-119.608197"><ele>1783.014</ele><time>2026-09-05T19:24:26Z</time></trkpt><trkpt lat="37.505509" lon="-119.608229"><ele>1782.609</ele><time>2026-09-05T19:24:28Z</time></trkpt><trkpt lat="37.505557" lon="-119.60833"><ele>1782.056</ele><time>2026-09-05T19:24:35Z</time></trkpt><trkpt lat="37.505566" lon="-119.608342"><ele>1781.872</ele><time>2026-09-05T19:24:36Z</time></trkpt><trkpt lat="37.505614" lon="-119.608407"><ele>1780.668</ele><time>2026-09-05T19:24:42Z</time></trkpt><trkpt lat="37.505619" lon="-119.608422"><ele>1780.445</ele><time>2026-09-05T19:24:43Z</time></trkpt><trkpt lat="37.505631" lon="-119.608487"><ele>1779.680</ele><time>2026-09-05T19:24:47Z</time></trkpt><trkpt lat="37.505602" lon="-119.608581"><ele>1778.640</ele><time>2026-09-05T19:24:52Z</time></trkpt><trkpt lat="37.505591" lon="-119.6086"><ele>1778.498</ele><time>2026-09-05T19:24:53Z</time></trkpt><trkpt lat="37.505541" lon="-119.608631"><ele>1778.464</ele><time>2026-09-05T19:24:57Z</time></trkpt><trkpt lat="37.505516" lon="-119.608629"><ele>1778.274</ele><time>2026-09-05T19:24:59Z</time></trkpt><trkpt lat="37.505463" lon="-119.608638"><ele>1777.429</ele><time>2026-09-05T19:25:03Z</time></trkpt><trkpt lat="37.505403" lon="-119.608661"><ele>1776.200</ele><time>2026-09-05T19:25:08Z</time></trkpt><trkpt lat="37.50534" lon="-119.6087"><ele>1775.220</ele><time>2026-09-05T19:25:13Z</time></trkpt><trkpt lat="37.505288" lon="-119.608753"><ele>1774.609</ele><time>2026-09-05T19:25:18Z</time></trkpt><trkpt lat="37.50526" lon="-119.60878"><ele>1774.284</ele><time>2026-09-05T19:25:21Z</time></trkpt><trkpt lat="37.5052" lon="-119.608829"><ele>1773.430</ele><time>2026-09-05T19:25:26Z</time></trkpt><trkpt lat="37.505163" lon="-119.608856"><ele>1773.216</ele><time>2026-09-05T19:25:29Z</time></trkpt><trkpt lat="37.505126" lon="-119.608882"><ele>1772.613</ele><time>2026-09-05T19:25:32Z</time></trkpt><trkpt lat="37.505037" lon="-119.608943"><ele>1772.088</ele><time>2026-09-05T19:25:40Z</time></trkpt><trkpt lat="37.50497" lon="-119.609007"><ele>1770.888</ele><time>2026-09-05T19:25:47Z</time></trkpt><trkpt lat="37.50495" lon="-119.609039"><ele>1770.636</ele><time>2026-09-05T19:25:49Z</time></trkpt><trkpt lat="37.504881" lon="-119.609176"><ele>1769.822</ele><time>2026-09-05T19:25:59Z</time></trkpt><trkpt lat="37.504819" lon="-119.609266"><ele>1768.682</ele><time>2026-09-05T19:26:06Z</time></trkpt><trkpt lat="37.504812" lon="-119.609281"><ele>1768.653</ele><time>2026-09-05T19:26:07Z</time></trkpt><trkpt lat="37.504757" lon="-119.609403"><ele>1767.804</ele><time>2026-09-05T19:26:15Z</time></trkpt><trkpt lat="37.504741" lon="-119.609436"><ele>1767.614</ele><time>2026-09-05T19:26:17Z</time></trkpt><trkpt lat="37.504698" lon="-119.609529"><ele>1767.209</ele><time>2026-09-05T19:26:23Z</time></trkpt><trkpt lat="37.504676" lon="-119.609713"><ele>1766.647</ele><time>2026-09-05T19:26:34Z</time></trkpt><trkpt lat="37.504674" lon="-119.60986"><ele>1765.873</ele><time>2026-09-05T19:26:42Z</time></trkpt><trkpt lat="37.504655" lon="-119.609881"><ele>1765.479</ele><time>2026-09-05T19:26:44Z</time></trkpt><trkpt lat="37.504622" lon="-119.60989"><ele>1764.816</ele><time>2026-09-05T19:26:46Z</time></trkpt><trkpt lat="37.504607" lon="-119.609889"><ele>1764.491</ele><time>2026-09-05T19:26:47Z</time></trkpt><trkpt lat="37.504596" lon="-119.609882"><ele>1763.831</ele><time>2026-09-05T19:26:48Z</time></trkpt><trkpt lat="37.504579" lon="-119.609864"><ele>1763.019</ele><time>2026-09-05T19:26:50Z</time></trkpt><trkpt lat="37.504559" lon="-119.609819"><ele>1763.615</ele><time>2026-09-05T19:26:55Z</time></trkpt><trkpt lat="37.504572" lon="-119.609812"><ele>1763.875</ele><time>2026-09-05T19:26:57Z</time></trkpt><trkpt lat="37.504572" lon="-119.609818"><ele>1763.633</ele><time>2026-09-05T19:27:02Z</time></trkpt><trkpt lat="37.504576" lon="-119.609802"><ele>1763.623</ele><time>2026-09-05T19:27:11Z</time></trkpt><trkpt lat="37.504589" lon="-119.609744"><ele>1763.215</ele><time>2026-09-05T19:27:18Z</time></trkpt><trkpt lat="37.504587" lon="-119.609646"><ele>1763.209</ele><time>2026-09-05T19:27:27Z</time></trkpt><trkpt lat="37.50458" lon="-119.609543"><ele>1762.895</ele><time>2026-09-05T19:27:37Z</time></trkpt><trkpt lat="37.50459" lon="-119.609452"><ele>1762.291</ele><time>2026-09-05T19:27:46Z</time></trkpt><trkpt lat="37.504596" lon="-119.609414"><ele>1762.057</ele><time>2026-09-05T19:27:50Z</time></trkpt><trkpt lat="37.504602" lon="-119.609401"><ele>1761.884</ele><time>2026-09-05T19:27:52Z</time></trkpt><trkpt lat="37.504603" lon="-119.609399"><ele>1761.839</ele><time>2026-09-05T19:27:53Z</time></trkpt><trkpt lat="37.504619" lon="-119.609343"><ele>1761.649</ele><time>2026-09-05T19:28:01Z</time></trkpt><trkpt lat="37.504629" lon="-119.609313"><ele>1761.467</ele><time>2026-09-05T19:28:09Z</time></trkpt><trkpt lat="37.504626" lon="-119.609307"><ele>1762.033</ele><time>2026-09-05T19:28:18Z</time></trkpt><trkpt lat="37.504623" lon="-119.609279"><ele>1761.843</ele><time>2026-09-05T19:28:27Z</time></trkpt><trkpt lat="37.504626" lon="-119.609226"><ele>1761.873</ele><time>2026-09-05T19:28:32Z</time></trkpt><trkpt lat="37.50463" lon="-119.609186"><ele>1761.685</ele><time>2026-09-05T19:28:36Z</time></trkpt><trkpt lat="37.504632" lon="-119.609171"><ele>1761.013</ele><time>2026-09-05T19:28:39Z</time></trkpt><trkpt lat="37.504634" lon="-119.609135"><ele>1760.609</ele><time>2026-09-05T19:28:43Z</time></trkpt><trkpt lat="37.504639" lon="-119.609058"><ele>1760.679</ele><time>2026-09-05T19:28:53Z</time></trkpt><trkpt lat="37.504646" lon="-119.608967"><ele>1759.835</ele><time>2026-09-05T19:29:01Z</time></trkpt><trkpt lat="37.504653" lon="-119.60894"><ele>1759.671</ele><time>2026-09-05T19:29:04Z</time></trkpt><trkpt lat="37.504661" lon="-119.608903"><ele>1759.048</ele><time>2026-09-05T19:29:12Z</time></trkpt><trkpt lat="37.504665" lon="-119.608835"><ele>1758.813</ele><time>2026-09-05T19:29:18Z</time></trkpt><trkpt lat="37.504672" lon="-119.608812"><ele>1758.653</ele><time>2026-09-05T19:29:20Z</time></trkpt><trkpt lat="37.504678" lon="-119.608718"><ele>1758.031</ele><time>2026-09-05T19:29:30Z</time></trkpt><trkpt lat="37.504674" lon="-119.60871"><ele>1758.277</ele><time>2026-09-05T19:29:35Z</time></trkpt><trkpt lat="37.504682" lon="-119.608701"><ele>1758.267</ele><time>2026-09-05T19:29:39Z</time></trkpt><trkpt lat="37.504725" lon="-119.608597"><ele>1758.098</ele><time>2026-09-05T19:29:48Z</time></trkpt><trkpt lat="37.504743" lon="-119.608548"><ele>1757.815</ele><time>2026-09-05T19:29:53Z</time></trkpt><trkpt lat="37.504747" lon="-119.60854"><ele>1757.826</ele><time>2026-09-05T19:29:54Z</time></trkpt><trkpt lat="37.504775" lon="-119.60851"><ele>1757.609</ele><time>2026-09-05T19:29:58Z</time></trkpt><trkpt lat="37.50479" lon="-119.608491"><ele>1757.261</ele><time>2026-09-05T19:30:06Z</time></trkpt><trkpt lat="37.504815" lon="-119.608459"><ele>1757.277</ele><time>2026-09-05T19:30:11Z</time></trkpt><trkpt lat="37.504821" lon="-119.608457"><ele>1757.063</ele><time>2026-09-05T19:30:13Z</time></trkpt><trkpt lat="37.504832" lon="-119.608449"><ele>1757.020</ele><time>2026-09-05T19:30:16Z</time></trkpt><trkpt lat="37.504859" lon="-119.608411"><ele>1756.635</ele><time>2026-09-05T19:30:21Z</time></trkpt><trkpt lat="37.504893" lon="-119.608339"><ele>1755.875</ele><time>2026-09-05T19:30:30Z</time></trkpt><trkpt lat="37.504903" lon="-119.608319"><ele>1755.613</ele><time>2026-09-05T19:30:32Z</time></trkpt><trkpt lat="37.504905" lon="-119.608268"><ele>1755.289</ele><time>2026-09-05T19:30:37Z</time></trkpt><trkpt lat="37.504906" lon="-119.608261"><ele>1755.249</ele><time>2026-09-05T19:30:38Z</time></trkpt><trkpt lat="37.504908" lon="-119.608206"><ele>1755.283</ele><time>2026-09-05T19:30:44Z</time></trkpt><trkpt lat="37.504903" lon="-119.608189"><ele>1755.025</ele><time>2026-09-05T19:30:52Z</time></trkpt><trkpt lat="37.504898" lon="-119.608166"><ele>1755.017</ele><time>2026-09-05T19:30:58Z</time></trkpt><trkpt lat="37.504855" lon="-119.608098"><ele>1755.009</ele><time>2026-09-05T19:31:04Z</time></trkpt><trkpt lat="37.504838" lon="-119.608064"><ele>1754.430</ele><time>2026-09-05T19:31:08Z</time></trkpt><trkpt lat="37.504814" lon="-119.607997"><ele>1753.816</ele><time>2026-09-05T19:31:15Z</time></trkpt><trkpt lat="37.504801" lon="-119.607957"><ele>1753.442</ele><time>2026-09-05T19:31:18Z</time></trkpt><trkpt lat="37.504784" lon="-119.60785"><ele>1752.219</ele><time>2026-09-05T19:31:27Z</time></trkpt><trkpt lat="37.504769" lon="-119.607828"><ele>1751.824</ele><time>2026-09-05T19:31:35Z</time></trkpt><trkpt lat="37.504772" lon="-119.607844"><ele>1751.294</ele><time>2026-09-05T19:31:43Z</time></trkpt><trkpt lat="37.504772" lon="-119.607848"><ele>1751.062</ele><time>2026-09-05T19:31:44Z</time></trkpt><trkpt lat="37.504762" lon="-119.607828"><ele>1751.268</ele><time>2026-09-05T19:31:55Z</time></trkpt><trkpt lat="37.504774" lon="-119.607827"><ele>1751.058</ele><time>2026-09-05T19:32:08Z</time></trkpt><trkpt lat="37.504777" lon="-119.607823"><ele>1751.287</ele><time>2026-09-05T19:32:12Z</time></trkpt><trkpt lat="37.504775" lon="-119.607807"><ele>1751.442</ele><time>2026-09-05T19:32:14Z</time></trkpt><trkpt lat="37.504759" lon="-119.607751"><ele>1751.626</ele><time>2026-09-05T19:32:18Z</time></trkpt><trkpt lat="37.504761" lon="-119.6076"><ele>1750.409</ele><time>2026-09-05T19:32:28Z</time></trkpt><trkpt lat="37.504727" lon="-119.607565"><ele>1750.240</ele><time>2026-09-05T19:32:33Z</time></trkpt><trkpt lat="37.504717" lon="-119.607569"><ele>1750.096</ele><time>2026-09-05T19:32:34Z</time></trkpt><trkpt lat="37.504693" lon="-119.607599"><ele>1749.862</ele><time>2026-09-05T19:32:37Z</time></trkpt><trkpt lat="37.504672" lon="-119.607662"><ele>1749.489</ele><time>2026-09-05T19:32:41Z</time></trkpt><trkpt lat="37.504666" lon="-119.607699"><ele>1749.024</ele><time>2026-09-05T19:32:43Z</time></trkpt><trkpt lat="37.504661" lon="-119.60773"><ele>1748.674</ele><time>2026-09-05T19:32:45Z</time></trkpt><trkpt lat="37.504659" lon="-119.607765"><ele>1748.462</ele><time>2026-09-05T19:32:47Z</time></trkpt><trkpt lat="37.504661" lon="-119.607803"><ele>1748.258</ele><time>2026-09-05T19:32:49Z</time></trkpt><trkpt lat="37.504662" lon="-119.607836"><ele>1748.248</ele><time>2026-09-05T19:32:51Z</time></trkpt><trkpt lat="37.504663" lon="-119.607886"><ele>1748.035</ele><time>2026-09-05T19:32:54Z</time></trkpt><trkpt lat="37.50466" lon="-119.607898"><ele>1747.886</ele><time>2026-09-05T19:32:55Z</time></trkpt><trkpt lat="37.504671" lon="-119.608011"><ele>1746.814</ele><time>2026-09-05T19:33:02Z</time></trkpt><trkpt lat="37.504674" lon="-119.608023"><ele>1745.609</ele><time>2026-09-05T19:33:03Z</time></trkpt><trkpt lat="37.504679" lon="-119.60806"><ele>1745.445</ele><time>2026-09-05T19:33:05Z</time></trkpt><trkpt lat="37.50463" lon="-119.608202"><ele>1744.861</ele><time>2026-09-05T19:33:13Z</time></trkpt><trkpt lat="37.504622" lon="-119.608211"><ele>1744.477</ele><time>2026-09-05T19:33:14Z</time></trkpt><trkpt lat="37.504539" lon="-119.608294"><ele>1743.874</ele><time>2026-09-05T19:33:21Z</time></trkpt><trkpt lat="37.504505" lon="-119.608316"><ele>1743.489</ele><time>2026-09-05T19:33:24Z</time></trkpt><trkpt lat="37.504422" lon="-119.608358"><ele>1742.419</ele><time>2026-09-05T19:33:30Z</time></trkpt><trkpt lat="37.504359" lon="-119.608416"><ele>1741.637</ele><time>2026-09-05T19:33:36Z</time></trkpt><trkpt lat="37.504346" lon="-119.608435"><ele>1741.213</ele><time>2026-09-05T19:33:38Z</time></trkpt><trkpt lat="37.504254" lon="-119.608544"><ele>1740.293</ele><time>2026-09-05T19:33:48Z</time></trkpt><trkpt lat="37.504173" lon="-119.608666"><ele>1739.453</ele><time>2026-09-05T19:33:57Z</time></trkpt><trkpt lat="37.504147" lon="-119.608738"><ele>1739.004</ele><time>2026-09-05T19:34:02Z</time></trkpt><trkpt lat="37.504132" lon="-119.608792"><ele>1739.014</ele><time>2026-09-05T19:34:06Z</time></trkpt><trkpt lat="37.504106" lon="-119.608934"><ele>1738.009</ele><time>2026-09-05T19:34:14Z</time></trkpt><trkpt lat="37.504094" lon="-119.608963"><ele>1737.837</ele><time>2026-09-05T19:34:16Z</time></trkpt><trkpt lat="37.504053" lon="-119.609076"><ele>1737.093</ele><time>2026-09-05T19:34:23Z</time></trkpt><trkpt lat="37.504037" lon="-119.609101"><ele>1736.639</ele><time>2026-09-05T19:34:25Z</time></trkpt><trkpt lat="37.503992" lon="-119.609157"><ele>1735.836</ele><time>2026-09-05T19:34:30Z</time></trkpt><trkpt lat="37.503947" lon="-119.609213"><ele>1735.461</ele><time>2026-09-05T19:34:34Z</time></trkpt><trkpt lat="37.503908" lon="-119.609262"><ele>1734.881</ele><time>2026-09-05T19:34:39Z</time></trkpt><trkpt lat="37.503844" lon="-119.609312"><ele>1734.059</ele><time>2026-09-05T19:34:44Z</time></trkpt><trkpt lat="37.503821" lon="-119.609323"><ele>1733.625</ele><time>2026-09-05T19:34:46Z</time></trkpt><trkpt lat="37.503753" lon="-119.609353"><ele>1732.685</ele><time>2026-09-05T19:34:51Z</time></trkpt><trkpt lat="37.503702" lon="-119.609384"><ele>1731.817</ele><time>2026-09-05T19:34:55Z</time></trkpt><trkpt lat="37.503678" lon="-119.609403"><ele>1731.687</ele><time>2026-09-05T19:34:57Z</time></trkpt><trkpt lat="37.503592" lon="-119.609495"><ele>1730.415</ele><time>2026-09-05T19:35:04Z</time></trkpt><trkpt lat="37.503511" lon="-119.609588"><ele>1729.609</ele><time>2026-09-05T19:35:12Z</time></trkpt><trkpt lat="37.503491" lon="-119.609611"><ele>1729.293</ele><time>2026-09-05T19:35:14Z</time></trkpt><trkpt lat="37.50344" lon="-119.609663"><ele>1728.259</ele><time>2026-09-05T19:35:19Z</time></trkpt><trkpt lat="37.503407" lon="-119.609698"><ele>1727.865</ele><time>2026-09-05T19:35:22Z</time></trkpt><trkpt lat="37.503339" lon="-119.609776"><ele>1727.242</ele><time>2026-09-05T19:35:28Z</time></trkpt><trkpt lat="37.503301" lon="-119.609806"><ele>1726.837</ele><time>2026-09-05T19:35:31Z</time></trkpt><trkpt lat="37.503205" lon="-119.60988"><ele>1726.247</ele><time>2026-09-05T19:35:40Z</time></trkpt><trkpt lat="37.503117" lon="-119.609934"><ele>1725.645</ele><time>2026-09-05T19:35:47Z</time></trkpt><trkpt lat="37.50305" lon="-119.609969"><ele>1725.031</ele><time>2026-09-05T19:35:52Z</time></trkpt><trkpt lat="37.502995" lon="-119.609992"><ele>1724.481</ele><time>2026-09-05T19:35:56Z</time></trkpt><trkpt lat="37.502955" lon="-119.610004"><ele>1724.096</ele><time>2026-09-05T19:35:59Z</time></trkpt><trkpt lat="37.502892" lon="-119.61003"><ele>1723.431</ele><time>2026-09-05T19:36:04Z</time></trkpt><trkpt lat="37.502858" lon="-119.610031"><ele>1723.024</ele><time>2026-09-05T19:36:07Z</time></trkpt><trkpt lat="37.502854" lon="-119.610022"><ele>1722.409</ele><time>2026-09-05T19:36:11Z</time></trkpt><trkpt lat="37.502856" lon="-119.610014"><ele>1722.271</ele><time>2026-09-05T19:36:14Z</time></trkpt><trkpt lat="37.502837" lon="-119.609993"><ele>1722.047</ele><time>2026-09-05T19:36:16Z</time></trkpt><trkpt lat="37.502822" lon="-119.609986"><ele>1722.043</ele><time>2026-09-05T19:36:17Z</time></trkpt><trkpt lat="37.502806" lon="-119.609982"><ele>1721.840</ele><time>2026-09-05T19:36:18Z</time></trkpt><trkpt lat="37.502745" lon="-119.609967"><ele>1721.085</ele><time>2026-09-05T19:36:23Z</time></trkpt><trkpt lat="37.502734" lon="-119.609962"><ele>1720.815</ele><time>2026-09-05T19:36:24Z</time></trkpt><trkpt lat="37.502679" lon="-119.609951"><ele>1719.893</ele><time>2026-09-05T19:36:28Z</time></trkpt><trkpt lat="37.502669" lon="-119.609945"><ele>1719.659</ele><time>2026-09-05T19:36:29Z</time></trkpt><trkpt lat="37.50259" lon="-119.60989"><ele>1718.699</ele><time>2026-09-05T19:36:35Z</time></trkpt><trkpt lat="37.502579" lon="-119.609884"><ele>1718.684</ele><time>2026-09-05T19:36:36Z</time></trkpt><trkpt lat="37.50249" lon="-119.609873"><ele>1717.407</ele><time>2026-09-05T19:36:42Z</time></trkpt><trkpt lat="37.502463" lon="-119.609879"><ele>1717.217</ele><time>2026-09-05T19:36:44Z</time></trkpt><trkpt lat="37.502365" lon="-119.609935"><ele>1717.009</ele><time>2026-09-05T19:36:53Z</time></trkpt><trkpt lat="37.502248" lon="-119.609992"><ele>1716.480</ele><time>2026-09-05T19:37:01Z</time></trkpt><trkpt lat="37.502223" lon="-119.610017"><ele>1716.456</ele><time>2026-09-05T19:37:03Z</time></trkpt><trkpt lat="37.502123" lon="-119.610141"><ele>1715.622</ele><time>2026-09-05T19:37:13Z</time></trkpt><trkpt lat="37.502093" lon="-119.610205"><ele>1715.419</ele><time>2026-09-05T19:37:17Z</time></trkpt><trkpt lat="37.502063" lon="-119.610291"><ele>1715.254</ele><time>2026-09-05T19:37:22Z</time></trkpt><trkpt lat="37.502001" lon="-119.610431"><ele>1715.064</ele><time>2026-09-05T19:37:31Z</time></trkpt><trkpt lat="37.501956" lon="-119.610526"><ele>1714.612</ele><time>2026-09-05T19:37:38Z</time></trkpt><trkpt lat="37.501903" lon="-119.610624"><ele>1714.498</ele><time>2026-09-05T19:37:45Z</time></trkpt><trkpt lat="37.501879" lon="-119.610657"><ele>1714.288</ele><time>2026-09-05T19:37:48Z</time></trkpt><trkpt lat="37.501778" lon="-119.610751"><ele>1713.675</ele><time>2026-09-05T19:37:57Z</time></trkpt><trkpt lat="37.501729" lon="-119.610798"><ele>1713.428</ele><time>2026-09-05T19:38:02Z</time></trkpt><trkpt lat="37.501702" lon="-119.610827"><ele>1713.020</ele><time>2026-09-05T19:38:05Z</time></trkpt><trkpt lat="37.501632" lon="-119.610918"><ele>1712.809</ele><time>2026-09-05T19:38:13Z</time></trkpt><trkpt lat="37.501612" lon="-119.610916"><ele>1712.859</ele><time>2026-09-05T19:38:15Z</time></trkpt><trkpt lat="37.501603" lon="-119.610911"><ele>1712.815</ele><time>2026-09-05T19:38:16Z</time></trkpt><trkpt lat="37.501588" lon="-119.610902"><ele>1712.811</ele><time>2026-09-05T19:38:18Z</time></trkpt><trkpt lat="37.501571" lon="-119.610882"><ele>1712.868</ele><time>2026-09-05T19:38:21Z</time></trkpt><trkpt lat="37.501555" lon="-119.610838"><ele>1713.043</ele><time>2026-09-05T19:38:27Z</time></trkpt></trkseg></trk></gpx>